msg_id,file,dt_utc,reply_to,tags,raw_text
16,messages.html,2022-08-12T16:36:12+00:00,,,"Bonjour à tous, bienvenue sur le canal VIP Trading Family !  ⏎  ⏎ 🔥Tout d'abord, bravo à toi d'avoir franchi un pas de plus vers la liberté financière, en décidant de faire travailler ton argent à ta place.  ⏎  ⏎ ⚠️Il est indispensable d'avoir des notions et une certaine expérience en trading afin de tirer profit un maximum de l'ensemble de nos plans ainsi que de nos signaux de trading.  ⏎  ⏎ ❌Le trading se c"
23,messages.html,2022-08-19T07:01:20+00:00,20,tp1,TP1 ✅
24,messages.html,2022-08-19T08:00:34+00:00,23,tp2|breakeven,TP2 ✅ J’encaisse déjà 50% et je déplace le SL au point d’entrée ✔️
25,messages.html,2022-08-19T12:52:59+00:00,20,tp3,TP3 ✅🔥
26,messages.html,2022-08-19T13:00:53+00:00,25,,C’est beau quand ça fonctionne 🔥
38,messages.html,2022-08-23T12:05:49+00:00,,breakeven,⌛️Surveillance activée sur CHZ/USDT - M5 📈 ⏎  ⏎ 👉🏼Une explosion des volumes a eu lieu ces derniers jours. Un point d’entrée intéressant apparaît en cas de cassure de cette trendline combinée à une potentielle cassure de trendline sur le RSI pour profiter de la forte tendance haussière.
40,messages.html,2022-08-23T13:08:27+00:00,39,tp1,TP1 🔥✅
41,messages.html,2022-08-23T13:11:54+00:00,40,,"✔️Sécurisation du trade pour ne pas perdre, et je prend 25% du montant ✅"
43,messages.html,2022-08-23T13:18:12+00:00,,closed,"Ça s’envole, je sors 75% de ma position ✅"
44,messages.html,2022-08-23T13:51:04+00:00,35,,✅TP1
45,messages.html,2022-08-23T21:12:53+00:00,39,tp3,TP3 pour les plus patients ✅
47,messages.html,2022-08-23T21:32:49+00:00,46,,"👉🏼Cassure de range  ⏎ 👉🏼Augmentation des volumes sur cassure  ⏎ 👉🏼Rebond sur le niveau 0,786 Fibo de la dernière vague de hausse  ⏎ 👉🏼Je vise un simple rebond au sein de cette tendance baissière court terme"
50,messages.html,2022-08-24T09:27:57+00:00,36,tp1,TP1 ✅
52,messages.html,2022-08-24T12:34:44+00:00,29,,🎯Surveillance activée sur le GBP/AUD en cas de cassure de ce triangle descendant également  ⏎  ⏎ 👉🏼Possibilité de renforcer la position pour ceux déjà dedans ✔️
55,messages.html,2022-08-25T09:38:09+00:00,53,closed,"✅TP2, je clôture 80% de ma position court terme"
62,messages.html,2022-08-26T12:21:30+00:00,60,,"Les signaux sont les suivants :  ⏎ - Ligne de résistance oblique en journalier avec deux bougies dont les mèches sont très importantes  ⏎ - Moyenne mobile exponentielle 200 en résistance en journalier  ⏎ - Zone de résistance en M30/M15  ⏎  ⏎ 👉🏼Il s’agit souvent de « coup d’épée dans l’eau » sur des actifs peu capitalisés lorsque le prix pump en 2 jours sans aucune raison, la descente est souvent brutale"
65,messages.html,2022-08-28T21:55:19+00:00,64,,🎯Plan AUD/USD - H4
70,messages.html,2022-08-29T14:22:21+00:00,29,,🎯Trade bien orienté sur le GBP/AUD ✅
73,messages.html,2022-08-30T08:41:42+00:00,72,breakeven|closed,✅TP2 je sors 50% de ma position et je passe mon SL au point d’entrée
75,messages.html,2022-08-30T13:35:08+00:00,,tp_generic,✔️Vente ETH/USDT 1571 ⏎  ⏎ TP à venir ✅
76,messages.html,2022-08-30T13:39:14+00:00,75,,❌SL 1665 ⏎ ✅TP1 1505 ⏎ ✅TP2 1389 ⏎ ✅TP3 (bonus) 1212
77,messages.html,2022-08-30T13:48:25+00:00,,breakeven,"Les signaux baissiers sont les suivants :  ⏎  ⏎ En unité H4 :  ⏎ - Épaule-tête-épaule validée  ⏎ - Death cross des moyennes mobiles 50 et 200  ⏎ - Niveau de résistance sur le RSI  ⏎ - Trendline oblique descendante avec bougie de refus à l’approche de celle-ci  ⏎ - Niveau Fibonacci 0,618 de la dernière vague de baisse  ⏎  ⏎ En unité M30  ⏎ - Double top en cours de validation sur le RSI  ⏎  ⏎ En unité M5  ⏎ - Superbe point d"
80,messages.html,2022-08-30T18:46:17+00:00,76,tp1|breakeven,TP1 🔥✅ Je prend 20% de ma position et je place mon SL au point d’entrée ✔️
81,messages.html,2022-08-30T21:13:32+00:00,27,,✔️Le Gold se dirige à la baisse comme prévu
84,messages.html,2022-08-31T14:03:31+00:00,82,,✔️Ce signal devra être en corrélation avec un baisse de l’indice du dollar et une cassure de son support actuel en H4
86,messages.html,2022-08-31T14:51:31+00:00,85,,✔️Épaule-tête-épaule validée en H4  ⏎ ✔️Death cross entre les moyennes mobiles 50 et 200 en H4  ⏎ ✔️Anticipation d’une cassure de trendline RSI en journalier qui pourrait accélérer la chute  ⏎ ✔️Tendance de fond baissière en hebdomadaire et en journalier  ⏎  ⏎ ⚠️Volatilité attendu à 16h00
88,messages.html,2022-08-31T17:11:07+00:00,87,,✔️Toujours sur notre épaule-tête-épaule en journalier/H4 avec un superbe signal d’entrée :  ⏎ - Double top en M30  ⏎ - Épaule-tête-épaule validée sur le RSI en M30
90,messages.html,2022-09-01T13:10:21+00:00,89,,Les signaux baissiers sont les suivants :  ⏎  ⏎ Unité H4  ⏎ - Tendance de fond baissière  ⏎ - Cassure de trendline avec pullback et bougie rouge agressive ⏎ - Cassure de trendline sur le RSI  ⏎ - Moyenne mobile 50 et 200 au-dessus du prix validant cette tendance baissière  ⏎ - L’ensemble des paires XXX/JPY montre des signaux de faiblesse
92,messages.html,2022-09-01T16:10:08+00:00,85,tp1|closed,TP1 ✅ Je sors 20% et je garde mon SL en place
93,messages.html,2022-09-02T09:35:03+00:00,89,,❌SL
96,messages.html,2022-09-02T17:54:47+00:00,76,,"⏳L’Ethereum donne du fil à retordre, il reste cependant dans une zone importante de polarité. Patience…"
97,messages.html,2022-09-04T10:36:09+00:00,29,breakeven,"✅Trade bien orienté sur le GBP/AUD  ⏎  ⏎ 🎯Étant rentré sur le haut du range, j’ai déjà encaissé 30% et passé le SL au point d’entrée"
98,messages.html,2022-09-04T10:37:40+00:00,91,,✅Bravo à ceux ayant suivi le plan  sur le GBP/CAD✔️ ⏎  ⏎ 🎯Je n’étais malheureusement pas devant l’écran pour rentrer dans ce trade
102,messages.html,2022-09-06T14:21:06+00:00,99,,✅L’EUR/CAD est bien orienté 📉
103,messages.html,2022-09-06T14:24:00+00:00,85,,✅Possibilité de prendre un autre trade à la vente en plus de la position actuelle sur l’AUD/USD  ⏎  ⏎ - Cassure de support  ⏎ - Cassure de trendline RSI ⏎ - Tendance court terme baissière (moyennes mobiles confirment cette tendance)
104,messages.html,2022-09-06T14:31:02+00:00,97,closed,"✅Possibilité de renforcer sa position à la vente également sur le GBP/AUD (H4) ⏎  ⏎ - Trendline en résistance  ⏎ - Trendline RSI en résistance ⏎ - Bougie pendu clôturée ⏎ - Tendance baissière  ⏎ - Niveau 0,382 de Fibonacci de la dernière vague de baisse"
106,messages.html,2022-09-06T21:49:06+00:00,85,,✅TP2
108,messages.html,2022-09-07T13:36:29+00:00,103,,🎯J’encaisse 20% de ma position court terme ✅
109,messages.html,2022-09-07T13:37:05+00:00,104,,🎯Trade bien orienté sur le GBP/AUD ✅
114,messages.html,2022-09-08T15:48:19+00:00,112,,Les signaux sont les suivants :  ⏎ - Zone de résistance importante  ⏎ - Épaule-tête-épaule en formation  ⏎ - RSI en surachat  ⏎ - Les paires XXX/JPY présentent des signaux de faiblesse
116,messages.html,2022-09-09T07:02:18+00:00,112,,❌SL
119,messages.html,2022-09-09T12:40:40+00:00,,closed,🎯Surveillance activée sur CHZ/USDT - H4  ⏎  ⏎ - Potentielle bougie pendu en H4 (attente de la clôture)  ⏎ - Moyenne mobile 50 en résistance  ⏎ - Trendline en résistance  ⏎ - Zone de résistance horizontale
120,messages.html,2022-09-09T12:43:44+00:00,,closed,🎯Setup vendeur sur l’EUR/CAD en H1  ⏎  ⏎ ⏳Attente de la clôture de la bougie H1 en-dessous de la trendline pour prendre position 📉
122,messages.html,2022-09-09T13:03:38+00:00,121,,⚠️Volatilité importante attendue à 14H30 avec des chiffres économiques au Canada
123,messages.html,2022-09-10T00:02:38+00:00,,closed,"😴Pour les nocturnes  ⏎  ⏎ 🎯Un potentiel superbe setup baissier se présente sur ETH/USDT  ⏎  ⏎ Graphique H4 :  ⏎ - Zone de résistance  ⏎  ⏎ Graphique H1 :  ⏎ - Trendline en résistance passant par l’ensemble des précédents plus haut (30 août, 2 septembre, 9 septembre)  ⏎  ⏎ Graphique M30 :  ⏎ - Épaule-tête-épaule en cours de validation  ⏎ - Combinaison potentielle à une cassure de trendline  ⏎ - Trendline RSI en résistance  ⏎ "
129,messages.html,2022-09-11T20:39:21+00:00,104,,GBP/AUD ✅🔥
144,messages.html,2022-09-13T16:11:01+00:00,143,,"- Tendance de fond baissière  ⏎ - Potentielle 5ième vague d’impulsion selon la théorie des vagues d’Elliott  ⏎ - Niveau 0,5 du retracement de Fibonacci de la dernière vague de baisse  ⏎ - Double top validé  ⏎ - Cassure de trendline  ⏎ - Cassure de support sur le RSI"
145,messages.html,2022-09-13T16:12:48+00:00,144,,Vague d’Elliott en image ✔️
146,messages.html,2022-09-13T16:13:32+00:00,144,,"Niveau 0,5 du retracement de Fibonacci en image ✔️"
148,messages.html,2022-09-13T20:03:44+00:00,137,breakeven|closed,✅TP1 je sors 50% de ma position et place le SL au point d’entrée ✔️
149,messages.html,2022-09-14T06:48:31+00:00,147,breakeven|closed,✅TP1 je sors 50% de ma position et place mon SL au point d’entrée ✔️
152,messages.html,2022-09-15T15:54:20+00:00,151,,"-10% en quelques minutes 🤯  ⏎  ⏎ Bravo à ceux dedans, je n’y suis pas personnellement"
153,messages.html,2022-09-15T17:58:07+00:00,27,,🎯Le Gold continu ça baisse comme prévu lors de l’analyse précédente 📉
154,messages.html,2022-09-16T09:45:10+00:00,147,,✅TP2 explosé 🔥
157,messages.html,2022-09-16T14:15:17+00:00,156,,- Forte tendance baissière  ⏎ - Cassure de trendline validée sur le prix  ⏎ - Cassure de trendline RSI ⏎ - Bougie hebdomadaire englobante baissière (pas encore validée)
158,messages.html,2022-09-18T20:04:25+00:00,156,,⏳Trade bien orienté sur OP/USDT
159,messages.html,2022-09-18T20:33:27+00:00,151,,⏳La baisse continue sur l’Ethereum 📉
160,messages.html,2022-09-18T22:48:14+00:00,156,breakeven|closed,✅TP1 je sors 50% et place mon SL au point d’entrée
161,messages.html,2022-09-19T13:43:13+00:00,28,,⏳L’analyse sur l’EUR/SGD s’était validée au point près 🙌🏼
162,messages.html,2022-09-19T13:44:33+00:00,85,breakeven|closed,✅TP2 je sors 50% de ma position et place mon Stop loss au point d’entrée 🔥
166,messages.html,2022-09-20T13:40:26+00:00,155,,🎯Au point près concernant l’analyse de MATIC/USDT 📉🔥
168,messages.html,2022-09-20T15:30:51+00:00,167,breakeven,✔️Tendance baissière court terme  ⏎ ✔️Moyennes mobiles 50 et 200 orientées à la baisse  ⏎ ✔️Trendline inférieure en résistance  ⏎ ✔️Trendline oblique en résistance  ⏎ ✔️Point d’entrée intéressant en M30
179,messages.html,2022-09-23T11:42:13+00:00,178,closed,"🎯C’est parti très fort, je sors 70% de ma position et je laisse couler (News importante pour le CAD à 14h30 attention)"
180,messages.html,2022-09-23T14:38:22+00:00,150,,🎯L’analyse se confirme sur l’EUR/USD 📉
183,messages.html,2022-09-23T20:15:13+00:00,179,closed,🎯Je sors 100% de ma position avant le week-end 🔥
185,messages.html,2022-09-24T22:30:26+00:00,184,closed,✅TP1 je sors 20% de ma postion
186,messages.html,2022-09-25T20:12:43+00:00,169,,🎯Je ne suis pas dedans personnellement mais l’analyse se confirme sur LUNC/USDT 📉
187,messages.html,2022-09-26T13:35:11+00:00,85,,✅TP3 🔥
190,messages.html,2022-09-26T14:24:50+00:00,188,,- Tendance fortement baissière  ⏎ - Cassure d’une phase de latéralisation  ⏎ - Death cross entre les moyennes mobiles 50 et 200 en H4
192,messages.html,2022-09-26T14:53:28+00:00,191,,- Zone support importante sur les 3 indices américains  ⏎ - Cassure de trendline  ⏎ - Reprise d’une tendance haussière sur le RSI ⏎ - Cassure d’une zone de résistance
194,messages.html,2022-09-26T17:32:48+00:00,184,breakeven,✅TP2 je déplace mon SL au point d’entrée
195,messages.html,2022-09-26T17:33:18+00:00,191,,❌SL
201,messages.html,2022-09-27T17:43:16+00:00,200,,🎯Trade bien orienté ✅
202,messages.html,2022-09-27T20:28:52+00:00,200,breakeven|closed,✅TP1 je sors 20% et place mon SL au point d’entrée
203,messages.html,2022-09-28T07:02:38+00:00,193,breakeven,🎯Je sécurise le trade SL au point d’entrée ✅
204,messages.html,2022-09-28T08:01:45+00:00,200,,✅TP2 possibilité de sortir 20%
207,messages.html,2022-09-28T17:32:23+00:00,206,,👉🏼Sans oublier un détail très important : une hausse importante des volumes
209,messages.html,2022-09-29T14:04:39+00:00,208,,- Première impulsion baissière suivi d’une phase de latéralisation  ⏎ - Cassure de trendline  ⏎ - Cassure de trendline RSI  ⏎ - Death cross en approche entre les moyennes mobile 50 et 200  ⏎ - Surachat sur le RSI en journalier  ⏎ - Cassure de trendline RSI en journalier en cours
210,messages.html,2022-09-29T16:15:27+00:00,208,,🎯Trade bien orienté 🔥
211,messages.html,2022-09-29T22:09:43+00:00,208,breakeven|closed,✅Je sors 20% de ma position et place mon SL au point d’entrée 🔥
212,messages.html,2022-09-30T12:46:50+00:00,206,,🎯L’analyse se confirme sur l’EUR/CAD 📈
216,messages.html,2022-09-30T18:51:33+00:00,215,breakeven,✅TP1 je prend 20% et place mon SL au point d’entrée 🔥
217,messages.html,2022-09-30T20:56:12+00:00,208,closed,✅Je sors 100% de ma position sur l’EUR/GBP avant le week-end 🔥
220,messages.html,2022-10-03T14:52:01+00:00,214,,🎯L’analyse sur ADA/USDT se valide 🔥
221,messages.html,2022-10-03T14:55:14+00:00,156,,🎯Toujours dans le trade OP/USDT 📉
223,messages.html,2022-10-03T16:19:58+00:00,219,,🎯Trade bien orienté sur le CHF/JPY 📉
229,messages.html,2022-10-04T15:49:22+00:00,228,,"- Tendance de fond baissière  ⏎ - Double top validé avec pull back  ⏎ - Moyenne mobile exponentielle 50 en résistance  ⏎ - Niveau 0,618 du retracement de Fibonacci de la dernière vague de baisse"
232,messages.html,2022-10-05T14:20:07+00:00,228,breakeven,✅TP1 je prend 20% de ma position et place mon SL au point d’entrée 🔥
238,messages.html,2022-10-06T17:09:28+00:00,236,breakeven|closed,✅TP1 je sors 20% et place mon SL au point d’entrée
242,messages.html,2022-10-10T07:02:36+00:00,236,tp2,🔥TP2 ✅
245,messages.html,2022-10-10T13:59:52+00:00,241,,✅Le setup se confirme sur l’AUD/CAD 📉
248,messages.html,2022-10-10T15:43:04+00:00,247,,- Formation d’un triangle descendant  ⏎ - Tendance de fond baissière  ⏎ - CryptoMarketCap avec Setup baissier  ⏎ - Cassure de trendline sur le RSI
249,messages.html,2022-10-11T04:34:58+00:00,247,tp2|breakeven,"✅TP2 touché, j’encaisse 50% et place mon SL au point d’entrée 🔥"
250,messages.html,2022-10-11T11:26:16+00:00,225,breakeven,✅Je prend 20% et place mon SL au point d’entrée 🔥
251,messages.html,2022-10-11T14:05:48+00:00,156,closed,✅TP2 sur OP/USDT je sors 100% de ma position 🔥🔥
253,messages.html,2022-10-11T15:23:47+00:00,239,,✅L’analyse a été validée sur OP/USDT 📉
258,messages.html,2022-10-12T16:58:40+00:00,257,breakeven|closed,"✅TP1 sur le Pétrole, je sors 20% et place mon SL au point d’entrée 🔥"
260,messages.html,2022-10-13T11:36:59+00:00,252,tp1,TP1 ✅🔥🔥 je prend 20% et je sécurise la position
261,messages.html,2022-10-13T12:45:14+00:00,255,,✅L’analyse se valide sur le GBP/AUD 🔥
262,messages.html,2022-10-13T13:18:28+00:00,105,,🔥Le setup sur l’AUD/CHF s’est validé ✅
263,messages.html,2022-10-13T13:34:22+00:00,244,,🔥C’est beau 📉
265,messages.html,2022-10-13T16:41:31+00:00,258,breakeven,✔️Repris au point d’entrée sur le Pétrole
268,messages.html,2022-10-14T16:01:48+00:00,267,,Ça part très vite malheureusement  ⏎  ⏎ Les signaux étaient les suivants :  ⏎ - Cassure de trendline M15  ⏎ - Tendance court terme haussière  ⏎ - Forte hausse des volumes  ⏎ - Cassure de trendline sur le RSI en M5
270,messages.html,2022-10-14T16:10:50+00:00,269,,- Formation d’un pattern en tasse avec anse  ⏎ - Forte tendance haussière préalable  ⏎ - Hausse des volumes  ⏎ - Golden cross en H4 entre les moyennes mobiles 50 et 200
272,messages.html,2022-10-16T22:01:41+00:00,245,,🎯Surveillance d’un éventuel pullback sur l’AUD/CAD pour ouvrir une nouvelle position à la vente suite à cette cassure de range en H1 📉
276,messages.html,2022-10-17T16:34:45+00:00,267,breakeven|closed,✅TP2 je sors 50% de la position et place mon SL au point d’entrée 🔥
277,messages.html,2022-10-17T16:36:57+00:00,255,,✅Prise de bénéfices possible avec sécurisation de la position pour ceux ayant pris le trade sur le GBP/AUD
278,messages.html,2022-10-17T17:24:48+00:00,269,,✅L’EUR/CHF se réveille enfin 🔥
279,messages.html,2022-10-18T14:03:21+00:00,274,,❌SL sur l’AUD/CAD
281,messages.html,2022-10-18T14:05:22+00:00,280,,- Cassure de range avec pullback ⏎ - Tendance baissière  ⏎ - Moyenne mobile exponentielle 50 en résistance  ⏎ - Prix située sous une trendline baissière
283,messages.html,2022-10-18T14:16:48+00:00,282,,Unité H4 :  ⏎ - Cassure de trendline en cours  ⏎ - Épaule-tête-épaule validée avec bougie en marteau inversée  ⏎ - Double top validée sur le RSI
284,messages.html,2022-10-18T14:35:38+00:00,282,,*USD/ZAR
285,messages.html,2022-10-18T14:48:46+00:00,280,breakeven|closed,✅TP1 je sors 50% et place mon SL au point d’entrée 🔥
286,messages.html,2022-10-18T15:44:20+00:00,280,,✅TP2 sur le Pétrole 🔥
290,messages.html,2022-10-19T14:58:07+00:00,289,,- Zone de résistance  ⏎ - Cassure de trendline  ⏎ - Baisse des volumes  ⏎ - Cassure de support sur RSI
292,messages.html,2022-10-20T10:51:40+00:00,269,tp1,✅TP1 touché 🔥
295,messages.html,2022-10-20T13:34:51+00:00,294,,- Biseau descendant validée (M30) ⏎ - Tendance haussière importante (H1) ⏎ - Moyennes mobiles bien orientées (Journalier et H1) ⏎ - Cassure d’une zone résistance majeure (Journalier)
296,messages.html,2022-10-20T13:47:23+00:00,287,,🎯Solana est partie directement à la baisse sans pullback malheureusement 📉
298,messages.html,2022-10-20T14:12:06+00:00,297,,- Tendance baissière bien dessinée (H4)  ⏎ - Moyennes mobiles parfaitement orientées (H4) ⏎ - Anticipation d’une cassure d’un triangle symétrique de creux (cassure qui pourrait être brutale) (H4) ⏎ - Double top validé sur le RSI (H1)  ⏎ - CryptoMarketCap Total qui semble orienté à la baisse également
299,messages.html,2022-10-20T19:47:35+00:00,297,breakeven|closed,✅TP1 je sors 20% et place mon SL au point d’entrée 🔥
303,messages.html,2022-10-21T13:10:50+00:00,302,,"- Cassure de support majeur ⏎ - Cassure de trendline sur le RSI  ⏎ - Tendance court terme baissière  ⏎ - CryptoMarketCap Total toujours orienté à la baisse  ⏎ (+ semaine plutôt calme, possibilité de volatilité importante en fin de semaine)"
304,messages.html,2022-10-21T13:15:00+00:00,302,,🔥Ça part très fort 📉
305,messages.html,2022-10-21T13:17:12+00:00,297,,✅TP2 🔥
306,messages.html,2022-10-21T15:35:27+00:00,294,closed,✔️Je sors légèrement en bénéfice du GBP/JPY
307,messages.html,2022-10-21T17:30:20+00:00,305,breakeven,✔️Repris Break even sur LTC/USDT et ETH/USDT
310,messages.html,2022-10-24T13:27:03+00:00,309,,- Cassure de trendline sur le RSI (H4)  ⏎ - Biseau ascendant validé (journalier) ⏎ - Vague de Wolfe baissière en cours (journalier) ⏎ - Pullback avec bougies intéressantes (journalier) ⏎ - Divergence RSI validée (hebdomadaire)
314,messages.html,2022-10-24T14:43:13+00:00,313,,✅TP1 sécurisation de la position
317,messages.html,2022-10-24T16:40:39+00:00,289,,❌SL sur l’EUR/CAD
318,messages.html,2022-10-24T16:41:06+00:00,269,closed,✅Je sors de l’EUR/CHF 🔥
321,messages.html,2022-10-24T17:30:18+00:00,320,,- Cassure de biseau descendant suite à un rebond impulsif  ⏎ - Hausse des volumes sur cassure avec pullback et nouveau plus haut  ⏎ - Cassure de trendline sur le RSI
324,messages.html,2022-10-25T14:19:02+00:00,322,,❌SL  ⏎  ⏎ Début de semaine mitigé. On reste focus 💪🏼
325,messages.html,2022-10-25T15:29:10+00:00,315,,🎯USD/SGD qui se réveille 🔥
327,messages.html,2022-10-25T15:37:42+00:00,326,,- Cassure de canal baissier  ⏎ - Hausse des volumes sur cassure du canal  ⏎ - Cassure de la moyenne mobile exponentielle 50 en cours  ⏎ - Cassure d’une zone de résistance sur le RSI en cours
329,messages.html,2022-10-26T08:38:55+00:00,315,breakeven|closed,"✅TP1, je sors 20% et place mon SL au point d’entrée"
330,messages.html,2022-10-26T11:20:18+00:00,326,,🎯Point sur les positions en cours :  ⏎  ⏎ 🟢MATIC/USDT en positif  ⏎ 🟢EUR/USD en positif  ⏎ 🟢USD/SGD en positif  ⏎ 🔴AUD/JPY en négatif
332,messages.html,2022-10-26T13:35:33+00:00,331,,"Analyse en H1  ⏎ - Rebond sur le niveau 0,618 du retracement de Fibonacci de la dernière vague de hausse  ⏎ - Cassure de range avec pullback ⏎ - Cassure de trendline sur le RSI  ⏎ - Potentiel Golden Cross entre le moyennes mobiles 50 et 200"
333,messages.html,2022-10-26T15:22:20+00:00,312,,📉🔥
334,messages.html,2022-10-26T15:39:00+00:00,331,,✅TP1 sur le Pétrole je sécurise la position 🔥
337,messages.html,2022-10-27T13:39:29+00:00,336,,- Zone de support majeure ⏎ - Explosion des volumes sur cette zone  ⏎ - Cassure de trendline sur le prix ⏎ - Cassure de trendline sur le RSI en journalier et en hebdomadaire
338,messages.html,2022-10-27T15:09:34+00:00,,breakeven,🔴Possibilité de rentrer à la baisse sur le pullback de la zone de support cassé sur l’USD/CHF 📉 ⏎  ⏎ 👉🏼Je ne me prend pas personnellement car je suis déjà suffisamment exposé sur des cours en corrélation avec l’USD  ⏎  ⏎ - Cassure d’un biseau ascendant  ⏎ - Cassure d’une zone support  ⏎ - Cassure d’une trendline sur le RSI  ⏎ - Zone de résistance en M15 offrant un point d’entrée
339,messages.html,2022-10-27T15:12:14+00:00,331,tp2,✅TP2 touché sur le Pétrole
341,messages.html,2022-10-28T12:47:05+00:00,206,,✅L’EUR/CAD s’est validé 🎯
344,messages.html,2022-10-31T14:25:07+00:00,343,,Analyse H4 :  ⏎ - Drapeau baissier validé  ⏎ - Cassure de trendline RSI  ⏎ - Tendance baissière court terme  ⏎ - Death cross en approche entre les moyennes mobiles 50 et 200
348,messages.html,2022-11-01T10:20:30+00:00,347,,Analyse journalière :  ⏎ - Rounding bottom validé  ⏎ - Cassure de trendline partant des plus hauts  ⏎ - Hausse des volumes sur cassure  ⏎ - Rounding bottom sur le RSI
353,messages.html,2022-11-02T21:17:16+00:00,,breakeven,🎯Point sur les positions en cours :  ⏎  ⏎ 🟢AUD/JPY en positif  ⏎ 🟢USD/SGD en positif  ⏎ 🟢INJ/USDT en positif  ⏎ 🟢XRP/USDT en positif  ⏎ 🟢GBP/USD en positif  ⏎ 🟠MATIC au point d’entré ⏎ 🔴BTC/USDT en négatif  ⏎ 🔴EUR/USD en négatif
355,messages.html,2022-11-03T09:10:39+00:00,347,,+14% en cours aujourd’hui 🔥
356,messages.html,2022-11-03T12:01:53+00:00,346,tp2,TP2 🔥✅
360,messages.html,2022-11-04T09:56:51+00:00,331,closed,"✅Le pétrole se valide, je suis personnellement sortie BE après avoir touché le TP2"
362,messages.html,2022-11-04T10:22:09+00:00,361,,- Potentielle vague de Wolfe ⏎ - Biseau descendant en cours de validation ⏎ - Cassure de trendline RSI en cours  ⏎ - Rebond sur zone support (H4)
366,messages.html,2022-11-07T13:07:21+00:00,364,,Analyse Journalière :  ⏎ - Vague de Wolfe haussière en cours  ⏎ - Potentiel biseau descendant  ⏎ - Cassure de trendline sur le RSI ⏎ - Pic de volume vendredi avec bougie d’avalement sur une zone de support intéressante
371,messages.html,2022-11-08T14:08:41+00:00,369,,- Validation d’un biseau descendant  ⏎ - Hausse des volumes durant la construction de ce biseau ⏎ - Théorie de Dow haussière avec présence de plus haut de plus en plus et plus bas de plus en plus haut  ⏎ - Moyennes mobiles bien orientées
373,messages.html,2022-11-08T16:45:39+00:00,372,closed,🔥Rebond impulsif en cours sur la zone repérée 📈 ⏎  ⏎ 👉🏼Je sors de mes positions
375,messages.html,2022-11-09T13:13:57+00:00,315,tp2,🎯TP2 sur l’USD/SGD ✅
377,messages.html,2022-11-09T13:41:11+00:00,376,,Analyse journalière :  ⏎ - Tendance court terme baissière  ⏎ - Death cross entre les moyennes mobiles 50 et 200  ⏎ - Zone de résistance  ⏎  ⏎ Analyse H4 :  ⏎ - Réintégration de trendline baissière ⏎ - Zone de résistance  ⏎ - Cassure de trendline haussière  ⏎ - Cassure de trendline haussière sur le RSI
380,messages.html,2022-11-09T17:32:49+00:00,376,,✔️Trade sur le Pétrole bien orienté 📉
382,messages.html,2022-11-09T19:43:35+00:00,376,,✅TP1 je prend 20% et je sécurise la position
384,messages.html,2022-11-10T13:31:45+00:00,379,,✔️Je vend l’USD/CAD 📉
386,messages.html,2022-11-10T15:43:14+00:00,363,,🎯L’USD/CHF est directement parti à la baisse sans pullback 📉
388,messages.html,2022-11-11T14:24:56+00:00,384,closed,✅TP1 je sécurise la position et je sors 20% 🔥
389,messages.html,2022-11-11T17:41:08+00:00,326,tp1|breakeven|closed,"🎯TP1 sur l’EUR/USD, je sors 50% et je place mon SL au point d’entrée ✅"
391,messages.html,2022-11-12T23:42:08+00:00,390,,- Cassure triangle symétrique  ⏎ - Cassure zone de support  ⏎ - Tendance baissière court terme bien définie  ⏎ - Moyennes mobiles bien orientées
392,messages.html,2022-11-13T10:36:35+00:00,390,closed,✅TP1 je sécurise la position et je sors 20% 🔥
395,messages.html,2022-11-14T14:04:24+00:00,394,,Analyse H1 :  ⏎ - Figure de retournement de tendance (épaule-tête-épaule) ⏎ - Tendance baissière confirmée avec plus haut et plus bas de plus en plus bas  ⏎ - Moyennes mobiles parfaitement orientées  ⏎ - Cassure d’un biseau ascendant de continuation baissière
397,messages.html,2022-11-14T16:20:43+00:00,396,,Analyse journalière : ⏎ - Tendance de fond baissière  ⏎ - Rejet sur une zone de résistance ⏎  ⏎ Analyse H4  ⏎ - Cassure de trendline haussière  ⏎ - Formation d’un nouveau plus bas avec pullback sur la trendline (bougies très intéressantes) ⏎ -  Cassure d’une trendline sur le RSI  ⏎  ⏎ Analyse H1 :  ⏎ - Validation d’un triplé top avec pullback
398,messages.html,2022-11-14T21:58:02+00:00,396,,✅Le pétrole bien orienté pour le moment 📉
408,messages.html,2022-11-15T18:38:22+00:00,407,breakeven,TP1 🔥🔥 ⏎  ⏎ Je prend 50% et place SL au point d’entrée
409,messages.html,2022-11-15T23:34:28+00:00,369,breakeven|closed,Je sors de l’EUR/GBP au point d’entrée
413,messages.html,2022-11-16T16:42:31+00:00,364,,✅TP2 sur l’AUD/CAD
414,messages.html,2022-11-16T16:42:45+00:00,412,,❌SL sur l’USD/CAD
415,messages.html,2022-11-16T16:44:19+00:00,411,,🎯XRP/USDT bien orienté 📉
420,messages.html,2022-11-17T16:47:53+00:00,396,breakeven|closed,"✅TP2, je sors 50% de ma position et place mon SL au point d’entrée 🔥"
421,messages.html,2022-11-18T10:17:05+00:00,,breakeven,🎯Point sur les positions en cours :  ⏎  ⏎ 🟢EUR/USD en positif  ⏎ 🟢USD/CAD en positif  ⏎ 🟢AUD/CAD en positif  ⏎ 🟢Pétrole en positif  ⏎ 🟢DOGE/USDT en positif  ⏎ 🟠AUD/JPY au point d’entrée  ⏎ 🔴XRP/USDT en négatif
424,messages.html,2022-11-18T13:44:54+00:00,423,,- Cassure de trendline baissière  ⏎ - Double bottom validée avec pullback sur la ligne de cou  ⏎ - Golden cross entre les moyennes mobiles 50 et 200 ⏎ - RAS sur le RSI
426,messages.html,2022-11-18T19:52:39+00:00,396,closed,✅Je sors du Pétrole à l’approche du TP3 avant le week-end 🔥
427,messages.html,2022-11-20T18:02:32+00:00,422,,💪🏼Bravo à ceux qui ont vendu la cassure repérer sur l’ETH 🔥
428,messages.html,2022-11-20T22:14:49+00:00,394,,✅TP1 j’encaisse 20% de ma position 🔥
430,messages.html,2022-11-21T13:25:59+00:00,429,,⚠️En cas de cassure de la trendline haussière
431,messages.html,2022-11-21T14:04:03+00:00,389,closed,Je sors de l’EUR/USD ✅
432,messages.html,2022-11-21T14:10:16+00:00,431,,👉🏼Voici la raison : une épaule-tête-épaule validée en H1 de qualité 📉
434,messages.html,2022-11-21T14:29:00+00:00,433,,👉🏼Nouvelle tendance baissière enclenchée par un Triple top (plus ou moins épaulé-tête-épaule)  ⏎ 👉🏼Cassure avec pullback sur la ligne de cou  ⏎ 👉🏼Death cross entre les moyennes mobiles 50 et 200  ⏎ 👉🏼 Cassure de trendline au sein de cette nouvelle tendance baissière
444,messages.html,2022-11-23T13:26:26+00:00,443,,👉🏼Tendance baissière en court  ⏎ 👉🏼Cassure d’une zone de support importante avec pullback et forte réaction baissière  ⏎ 👉🏼Moyenne mobiles parfaitement orientées  ⏎ 👉🏼Création d’un nouveau plus bas en H4
448,messages.html,2022-11-24T12:48:19+00:00,447,,- Épaule-tête-épaule (M5)  ⏎ - Cassure de trendline (M5)  ⏎ - Death cross en cours entre les moyennes mobiles 50 et 200 (M5)  ⏎ - Cassure de support en cours sur le RSI (H1) ⏎ - Zone de résistance (H4)
449,messages.html,2022-11-24T16:44:35+00:00,447,,❌SL
451,messages.html,2022-11-24T16:48:44+00:00,450,closed,- Zone de support importante (M30)  ⏎ - Zone de support sur le RSI (M30)  ⏎ - Cassure de trendline avec pullback (M5) ⏎ - Tendance haussière court terme sur le RSI (M5) ⏎ - Range avec fausse sortie par le haut (M5)
460,messages.html,2022-11-25T08:52:20+00:00,450,,✔️Sorti BE après avoir touché le TP1
462,messages.html,2022-11-25T09:07:59+00:00,461,,Analyse H1 :  ⏎ - Épaule-tête-épaule de continuation baissière  ⏎ - Tendance de fond baissière  ⏎ - Moyennes mobiles parfaitement orientées  ⏎ - Double top avec pullback sur ligne de cou sur le RSI
463,messages.html,2022-11-25T12:59:04+00:00,461,,🎯Possibilité de rentrer en position sur SAND/USDT suite à cette bougie pendue au niveau de l’épaule droite 📉
466,messages.html,2022-11-26T14:24:13+00:00,465,,Graphique NZD/USD - M30
467,messages.html,2022-11-26T14:24:36+00:00,465,,Graphique EUR/GBP - M30
472,messages.html,2022-11-26T20:12:56+00:00,470,,Analyse Journalière  ⏎ - Forte réaction sur une zone support avec longue mèche + pic de volume  ⏎ - Divergence RSI (mauvaise qualité)  ⏎  ⏎ Analyse H1  ⏎ - Cassure de trendline  ⏎ - Cassure d’une zone de résistance  ⏎ - Golden cross entre les moyennes mobiles 50 et 200
473,messages.html,2022-11-27T22:21:29+00:00,470,,"🎯Trade bien orienté sur AAVE/USDT, je passe BE ✅"
478,messages.html,2022-11-27T22:43:30+00:00,477,,- Tendance haussière préalable  ⏎ - Moyennes mobiles bien orientées  ⏎ - Cassure d’un triangle symétrique de sommet
479,messages.html,2022-11-28T07:08:27+00:00,477,,✅TP2 sur le GBP/AUD
480,messages.html,2022-11-28T09:01:43+00:00,474,,❌SL sur l’EUR/USD
482,messages.html,2022-11-28T13:13:41+00:00,481,,- Épaule-tête-épaule de continuation baissière  ⏎ - Moyennes mobiles parfaitement orientées à la baisse  ⏎ - Cassure d’une trendline avec forte impulsion baissière  ⏎ - Zone de résistance sur le RSI
485,messages.html,2022-11-28T16:24:50+00:00,464,,📉Le Gold se reprend bien après avoir frôler le SL 🔥 ⏎  ⏎ 👉🏼C’est notamment pour cette raison qu’il peut être judicieux de rentrer en 2 fois sur une position (sur la cassure et sur l’éventuelle pullback)
490,messages.html,2022-11-29T11:28:36+00:00,489,sl_hit,"❌SL touché sur le LTC, semaine mitigé sur les cryptos"
493,messages.html,2022-11-29T13:38:53+00:00,365,,✅TP3 sur l’AUD/CAD
494,messages.html,2022-11-29T13:40:05+00:00,384,,✅Repris BE sur l’USD/CAD après avoir sorti 50% de la position au TP2
502,messages.html,2022-11-30T14:38:57+00:00,443,tp1,✅TP1 touché sur le CAD/CHF
503,messages.html,2022-11-30T16:02:27+00:00,501,,🎯Le Forex qui régale encore 🔥
504,messages.html,2022-11-30T17:27:56+00:00,500,,✅TP1 sur FTM/USDT
505,messages.html,2022-11-30T19:43:03+00:00,504,,✔️Sorti BE
509,messages.html,2022-12-01T12:20:54+00:00,486,,
510,messages.html,2022-12-01T12:20:55+00:00,486,closed,✔️Je sors en perte sur l’AUD/USD suite à la cassure d’une figure en tasse avec un anse combinée à une cassure de trendline journalière
518,messages.html,2022-12-01T12:42:32+00:00,499,,🎯Le Setup haussier sur le Pétrole se confirme également 🔥
521,messages.html,2022-12-02T09:47:19+00:00,507,closed,"✅TP1 sur le CHF/JPY, comme d’habitude je sors 20% et je sécurise la position"
524,messages.html,2022-12-02T10:00:17+00:00,523,,🎯Analyse H4 :  ⏎ - Zone support support importante  ⏎ - Divergence RSI validée  ⏎  ⏎ 🎯Analyse H1 :  ⏎ - Cassure de trendline  ⏎ - Réaction intéressante sur une zone support plus court terme  ⏎ - Bougie impulsive sur cassure  ⏎  ⏎ 🎯Analyse M30 :  ⏎ - Cassure de trendline RSI
525,messages.html,2022-12-02T19:49:12+00:00,523,tp1,✅TP1 touché sur CHZ/USDT
527,messages.html,2022-12-04T11:34:07+00:00,526,,🎯La prise de position se base sur le Crypto Market Cap Total  ⏎  ⏎ - Épaule-tête-épaule validée  ⏎ - Pullback effectué sur la ligne de cou (+Moyenne mobile 50 en résistance) ⏎ - Potentielle cassure de zone support  ⏎ - Potentielle cassure de trendline ascendante  ⏎  ⏎ + Trendline en résistance sur le Bitcoin avec mèche intéressante
528,messages.html,2022-12-04T18:31:17+00:00,526,,❌SL sur le BTC
532,messages.html,2022-12-05T13:07:39+00:00,433,,🎯Trade bien orienté sur l’EUR/NZD 📉🔥
534,messages.html,2022-12-05T13:27:26+00:00,533,,- Tendance haussière court terme  ⏎ - Figure en tasse avec anse validée  ⏎ - Moyenne mobiles parfaitement orientée  ⏎ - Hausse des volumes sur cassure
535,messages.html,2022-12-05T13:33:24+00:00,533,,✅TP1 je prend 50% de la position
538,messages.html,2022-12-05T14:12:41+00:00,537,,Analyse unité H4 :  ⏎ - Zone de support importante  ⏎ - Divergence RSI en cours  ⏎ - Cassure d’une trendline  ⏎ - Cassure d’une trendline avec pullback sur le RSI  ⏎ - Validation d’un double bottom
539,messages.html,2022-12-05T16:13:21+00:00,206,,🎯L’EUR/CAD qui s’est envolé suite à la dernière analyse 📈
541,messages.html,2022-12-05T17:16:43+00:00,540,,"- Zone support court terme  ⏎ - RSI Survente ++ (M5/M15/H1)  ⏎ - Divergence RSI en cours (M5/M15)  ⏎ - Niveau 0,5 du retracement de Fibonacci de la dernière vague de hausse  ⏎ - Moyenne mobile 200 en support(H1)"
543,messages.html,2022-12-05T23:36:21+00:00,540,breakeven|closed,✔️Je sors au point d’entrée sur le Gold
544,messages.html,2022-12-06T12:39:07+00:00,540,,"✔️Le Gold a fini par se réveiller, je ne suis plus dedans personnellement 👍🏼"
546,messages.html,2022-12-06T13:03:57+00:00,545,,Analyse H1 :  ⏎ - Cassure d’une zone de support majeure  ⏎ - Cassure d’une trendline intéressante ⏎ - Cassure d’une trendline avec pullback sur le RSI  ⏎ - Moyennes mobiles orientées à la baisse avec Death cross ⏎ - Potentielle nouvelle tendance baissière selon la théorie de Dow
549,messages.html,2022-12-06T20:16:28+00:00,548,breakeven|closed,✔️Je sors au point d’entrée sur le GBP/AUD
550,messages.html,2022-12-06T22:13:28+00:00,,breakeven,🎯Point sur l’ensemble des trades en cours :  ⏎ 🟢EUR/NZD en positif  ⏎ 🟢CHF/JPY en positif  ⏎ 🟢GBP/NZD en positif  ⏎ 🟢EUR/GBP en positif  ⏎ 🟢CAD/CHF en positif  ⏎ 🟢AUD/JPY en positif  ⏎ 🟠BNB/USDT en point d’entrée  ⏎ 🔴Nasdaq100 en négatif
551,messages.html,2022-12-07T07:12:47+00:00,545,,✅TP1 🔥
553,messages.html,2022-12-07T13:57:05+00:00,552,,- Zone de résistance (journalier) ⏎ - Double top de qualité validé (H4) ⏎ - Pullback intéressant sur la ligne de cou (H4) ⏎ - Death cross entre les moyennes mobiles 50 et 200 (H1)
555,messages.html,2022-12-08T12:32:13+00:00,552,,🎯Trade bien orienté sur le GER30 📉
558,messages.html,2022-12-09T10:06:40+00:00,443,,✅TP3 sur le CAD/CHF 🔥
560,messages.html,2022-12-09T15:23:18+00:00,559,,❌SL sur le GBP/JPY
561,messages.html,2022-12-09T15:24:17+00:00,556,,✔️Je renforce ma position sur FTM/USDT 📉
565,messages.html,2022-12-10T16:05:53+00:00,564,,✔️Je conserve la position
566,messages.html,2022-12-10T18:00:37+00:00,564,,✅TP3 pour ceux encore en position
568,messages.html,2022-12-10T22:03:19+00:00,567,,Analyse M15 ⏎ - Potentiel changement de tendance avec une figure de retournement  ⏎ - Cassure d’une trendline  ⏎ - Cassure d’une trendline RSI  ⏎ - Moyennes mobiles parfaitement orientées
570,messages.html,2022-12-11T20:32:50+00:00,567,,📉XRP/USDT 🔥
571,messages.html,2022-12-12T07:06:22+00:00,569,,✅TP2 🔥
572,messages.html,2022-12-12T12:38:04+00:00,570,,🎯Le plan sur XRP/USDT s’est parfaitement déroulé 📉
573,messages.html,2022-12-12T13:58:32+00:00,545,,✅TP2 sur BNB/USDT 📉🔥
574,messages.html,2022-12-12T14:03:12+00:00,423,closed,✔️Je sors du Nasdaq en légère perte
575,messages.html,2022-12-12T14:29:11+00:00,537,breakeven|closed,✔️Je sors de l’EUR/GBP au point d’entrée
577,messages.html,2022-12-12T14:44:56+00:00,576,,"Analyse H1 :  ⏎ - Triple top en cours de validation ⏎ - Cassure de trendline RSI avec pullback  ⏎ - Niveau 0,618 de Fibonacci  ⏎ - Cassure de la moyenne mobile 50"
578,messages.html,2022-12-12T16:22:21+00:00,576,,✅TP1 sur l’AUD/USD
582,messages.html,2022-12-13T12:17:35+00:00,569,,✔️Sorti BE après avoir pris des bénéfices au TP2
583,messages.html,2022-12-13T12:19:56+00:00,545,,✅TP3 sur BNB/USDT 🔥
584,messages.html,2022-12-13T14:04:27+00:00,556,,✔️Sorti BE sur FTM/USDT après avoir touché le TP1
585,messages.html,2022-12-13T14:21:54+00:00,578,,"✔️Sorti BE sur l’AUD/USD  ⏎  ⏎ 👉🏼Pour rappel, je sécurise systématiquement mes trades sur le TP1 (bien souvent j’encaisse 20% et je déplace le SL)"
586,messages.html,2022-12-13T14:22:56+00:00,579,breakeven,✅TP1 sur l’USD/CAD  ⏎  ⏎ 👉🏼J’encaisse 20% et je déplace mon SL au point d’entrée
589,messages.html,2022-12-14T09:53:03+00:00,588,,✅TP1 🔥
590,messages.html,2022-12-14T10:02:05+00:00,589,tp2,🔥TP2 sur l’USD/JPY ✅
592,messages.html,2022-12-14T13:32:00+00:00,591,,Analyse H4 :  ⏎ - Zone de résistance  ⏎ - Cassure de trendline en cours  ⏎ - Création de nouveau plus bas  ⏎ - Bougie avec mèche importante  ⏎  ⏎ Analyse H1 :  ⏎ - Cassure d’une trendline RSI  ⏎ - Cassure d’un nouveau plus bas
597,messages.html,2022-12-15T14:33:52+00:00,596,,"Analyse H4 :  ⏎ - Vague de Wolfe baissière en cours  ⏎ - Biseau ascendant en formation  ⏎ - Potentielle cassure de trendline RSI  ⏎  ⏎ Analyse journalière :  ⏎ - Réintégration des 0,618 de Fibonacci  ⏎ - Niveau de résistance important"
598,messages.html,2022-12-15T16:20:22+00:00,596,,✅Trade bien orienté sur l’AUD/USD 📉
599,messages.html,2022-12-16T10:57:24+00:00,586,breakeven,✔️Sorti Break even après avoir touché le TP1 sur USD/CAD
600,messages.html,2022-12-16T13:57:26+00:00,537,,✔️Bravo à ceux qui ont gardé l’EUR/GBP ⏎  ⏎ 👉🏼Je n’étais plus dedans personnellement
602,messages.html,2022-12-16T14:09:28+00:00,601,,Analyse M5 :  ⏎ - Tendance baissière bien dessinée  ⏎ - Cassure de range par le bas  ⏎ - Double top de continuation baissière sur un niveau de résistance  ⏎ - Cassure d’une trendline RSI
603,messages.html,2022-12-16T14:54:25+00:00,601,,✔️Je reprend une position vendeuse 📉
605,messages.html,2022-12-16T15:10:32+00:00,604,,Analyse H4 :  ⏎ - Cassure de biseau descendant en cours  ⏎ - Potentielle cassure de trendline RSI  ⏎ - Zone de liquidités suite à un double bottom cassé ⏎  ⏎ Analyse journalière :  ⏎ - Zone de support intéressante  ⏎ - Divergence RSI en cours
608,messages.html,2022-12-19T13:01:49+00:00,604,closed,"🎯Pullback de qualité en cours sur l’USD/CHF, possibilité de renforcer la position après la clôture de cette bougie H4 📈"
610,messages.html,2022-12-19T13:34:14+00:00,609,,Analyse H4 :  ⏎ - Cassure d’un biseau ascendant avec pullback  ⏎ - Cassure d’une trendline RSI  ⏎ - Cassure de dernier plus bas  ⏎ - Zone de résistance
613,messages.html,2022-12-19T14:26:34+00:00,611,,"Analyse H4 :  ⏎ - Triple top validé  ⏎ - Niveau 0,786 du retracement de Fibonacci  ⏎ - Trendline avec présence de liquidités en dessous qui pourrait permettre d’accentuer le mouvement en cas de cassure  ⏎  ⏎ Analyse M30 :  ⏎ - Cassure de précédent plus bas ⏎ - Niveau résistance"
616,messages.html,2022-12-19T17:13:15+00:00,,breakeven,🎯Points sur les trades en cours :  ⏎ 🟢Gold en positif  ⏎ 🟢LINK/USDT en positif  ⏎ 🟢USD/CAD en positif  ⏎ 🟢EUR/NZD en positif  ⏎ 🟢AUD/USD en positif  ⏎ 🟢AUD/JPY en positif  ⏎ 🟢GBP/NZD en positif  ⏎ 🟡USD/CHF au point d’entrée
617,messages.html,2022-12-19T17:13:54+00:00,601,tp2,✅Le TP2 avait été touché vendredi sur le CAD/JPY 📉
618,messages.html,2022-12-19T22:43:23+00:00,614,,✅TP2 largement dépassé 🔥
624,messages.html,2022-12-20T14:48:49+00:00,623,,- Tendance de fond baissière (H1) ⏎ - Triple top validé (M5) ⏎ - Pullback de qualité (M5/M15) ⏎ - Zone de polarité (=retour au niveau du biseau ascendant en M30)
625,messages.html,2022-12-20T15:02:52+00:00,594,,✔️Je renforce ma position sur l’EUR/CHF suite à la cassure de ce biseau ascendant 📉
626,messages.html,2022-12-20T15:32:37+00:00,623,,❌SL sur Solana/USDT
627,messages.html,2022-12-20T15:33:19+00:00,612,closed,"✅TP1 sur USD/CAD, je sors 20% de ma position et déplace mon SL"
629,messages.html,2022-12-20T21:09:04+00:00,628,,#XRP 📈🔥
631,messages.html,2022-12-21T12:29:37+00:00,623,,✅L’analyse s’était finalement validée sur Solana
632,messages.html,2022-12-21T12:31:33+00:00,309,,✅TP3 avec un peu de patience sur AUD/JPY 🔥🎯
635,messages.html,2022-12-21T12:56:23+00:00,633,,Analyse H4 :  ⏎ - Divergence RSI de qualité  ⏎ - RSI en surachat  ⏎  ⏎ Analyse H1 :  ⏎ - Formation d’une épaule-tête-épaule en cours de validation  ⏎  ⏎ Analyse M30 :  ⏎ - Cassure de trendline RSI  ⏎ - Cassure d’un précédent plus bas
636,messages.html,2022-12-21T14:16:34+00:00,633,,🎯Trade bien orienté sur l’EUR/AUD 📉
638,messages.html,2022-12-22T08:39:53+00:00,633,closed,✅Je sors l’intégralité de ma position entre le TP2 et le TP3 🔥
641,messages.html,2022-12-22T13:07:55+00:00,640,,Analyse H1 : ⏎ - Cassure de biseau descendant  ⏎ - Tendance fortement haussière  ⏎ - Moyennes mobiles parfaitement orientées  ⏎ - Bougie pleine sur cassure
642,messages.html,2022-12-22T14:35:50+00:00,637,,✅TP1 sur le Bitcoin 🔥
643,messages.html,2022-12-22T16:59:51+00:00,640,closed,✔️Je sors de ma position en légère perte sur l’EUR/CAD
645,messages.html,2022-12-22T18:13:15+00:00,642,closed,"✅TP2 sur le Bitcoin, je sors 50% et passe BE 🚀🔥"
646,messages.html,2022-12-22T22:35:50+00:00,637,tp2|breakeven,✔️Sorti Break Even après avoir encaissé 50% de la position au TP2 ✅
649,messages.html,2022-12-23T15:06:44+00:00,648,,Analyse H4 :  ⏎ - Cassure d’une figure de retournement  ⏎ - Cassure d’un précédent plus bas au sein de la tendance haussière préalable  ⏎ - Cassure d’une trendline avec pull back intéressant  ⏎ - Cassure d’une zone support sur le RSI
655,messages.html,2022-12-23T18:43:02+00:00,650,,✅TP1 sur MASK/USDT 🎯
657,messages.html,2022-12-24T11:46:49+00:00,650,tp2,✅TP2 touché pour ceux encore sur MASK/USDT 📉
660,messages.html,2022-12-25T17:40:54+00:00,650,,🎯Le trade s’est validé sur MASK/USDT ✅🔥
663,messages.html,2022-12-27T13:15:52+00:00,662,,Analyse H4 :  ⏎ - Épaule-tête-épaule validée  ⏎ - Zone de résistance sur le RSI  ⏎ - Cassure de trendline haussière partant des plus bas ⏎ - Moyenne mobile 50 (ayant joué à de multiples reprise le rôle de support et résistance) parfaitement orientée
664,messages.html,2022-12-27T15:13:03+00:00,648,,✔️Je sécurise la position sur le GBP/AUD et prend 20% de la position 🔥📉
666,messages.html,2022-12-27T15:48:08+00:00,665,,Analyse H1 :  ⏎ - Zone de résistance avec mèche  ⏎ - Cassure de trendline haussière  ⏎ - Cassure d’un précédent plus bas au sein de la tendance haussière  ⏎ - Moyennes mobiles parfaitement orientées  ⏎  ⏎ Analyse M30 :  ⏎ - Cassure de trendline RSI
668,messages.html,2022-12-27T17:45:03+00:00,665,,✅TP2 sur le Bitcoin 📉🔥
673,messages.html,2022-12-28T15:06:07+00:00,672,,Analyse journalière :  ⏎ - Divergence RSI en cours  ⏎ - Niveau de résistance  ⏎  ⏎ Analyse H4 :  ⏎ - Prise de liquidité avec mèche importante sur le haut du biseau  ⏎  ⏎ Analyse M30 :  ⏎ - Cassure de trendline  ⏎  ⏎ Analyse M15 :  ⏎ - Death cross en cours entre les moyennes mobiles 50 et 200  ⏎  ⏎ Analyse M5 :  ⏎ - Cassure d’un nouveau plus bas en cours
675,messages.html,2022-12-28T18:22:02+00:00,672,tp1,✔️Sorti au niveau de l’entrée en position après avoir touché le TP1 et encaissé 20% de la position sur le Gold ✅
676,messages.html,2022-12-28T22:19:12+00:00,665,closed,"✅TP3 sur le Bitcoin, je sors 100% de la position 📉🔥"
677,messages.html,2022-12-29T07:49:17+00:00,674,,✅TP3 sur XRP/USDT 🔥
680,messages.html,2022-12-29T11:20:32+00:00,679,,Analyse M15 :  ⏎ - Tendance baissière bien dessinée ⏎ - Cassure de plus bas avec réintégration  ⏎ - Bougie englobante baissière  ⏎ - Moyenne mobile exponentielle 50 en résistance
681,messages.html,2022-12-29T13:19:36+00:00,537,,🎯L’analyse s’était finalement validée sur l’EUR/GBP
683,messages.html,2022-12-29T14:14:57+00:00,682,,Analyse H4  ⏎ - Épaule-tête-épaule validée  ⏎ - Cassure de biseau ascendant  ⏎ - Cassure d’un précédent plus bas  ⏎  ⏎ Analyse M30 :  ⏎ - Double top validé ⏎ - Cassure de trendline RSI
684,messages.html,2022-12-30T10:10:27+00:00,679,,❌SL sur l’EUR/CHF
687,messages.html,2022-12-30T10:35:57+00:00,686,,Analyse H1 :  ⏎ - Tendance de fond baissière (bougie pleine importante) ⏎ - Rebond en cours avec formation d’une épaule-tête-épaule validée offrant une entrée pour une potentielle continuation baissière  ⏎ - Cassure de trendline associée ⏎ - Death cross entre les moyennes mobiles 50 et 200
688,messages.html,2022-12-30T18:21:50+00:00,686,closed,✅TP1 je sors 20% de la position 🔥
691,messages.html,2023-01-02T14:11:26+00:00,690,breakeven,Analyse H1 :  ⏎ - Tendance baissière bien dessinée  ⏎  ⏎ Analyse M30 :  ⏎ - Épaule-tête-épaule de continuation baissière validée  ⏎ - Prise de liquidités au niveau de l’épaule droite  ⏎ - Présence d’un nouveau plus bas court terme  ⏎  ⏎ Analyse M5 :  ⏎ - Point d’entrée intéressant avec la validation d’un double top
692,messages.html,2023-01-02T15:25:04+00:00,686,closed,✅Je sors 100% de la position sur AUD/JPY 🔥
693,messages.html,2023-01-02T15:46:09+00:00,690,closed,"✅TP1 sur l’EUR/AUD, je sors 20% de la position 🔥"
695,messages.html,2023-01-02T22:06:29+00:00,694,,🎯Graphique BNB/USDT - M5 ⏎  ⏎ - Forte tendance haussière  ⏎ - Cassure de biseau descendant  ⏎ - Cassure de trendline sur le RSI  ⏎ - Moyennes mobiles 50 et 200 bien orientées
697,messages.html,2023-01-03T08:38:15+00:00,696,tp1|breakeven,✅TP1 touché je prend 50% et place le SL au point d’entrée
699,messages.html,2023-01-03T12:55:52+00:00,,sl_hit,✔️Dans la majorité des cas :  ⏎  ⏎ 🎯Lorsque le trade a 3 TP différents :  ⏎ TP1 j’encaisse 20% de la position initiale ⏎ TP2 j’encaisse 50% de la position initiale ⏎ TP3 j’encaisse 100% de la position  ⏎  ⏎ 🎯Lorsque le trade a 2 TP différents :  ⏎ TP1 j’encaisse 50% ⏎ TP2 j’encaisse 100% de la position ⏎  ⏎ 👉Je sécurise la position lorsque le montant du SL a été atteint
703,messages.html,2023-01-03T17:05:08+00:00,701,,✅Trade bien orienté sur LINK/USDT 📉🔥
705,messages.html,2023-01-03T19:13:54+00:00,701,breakeven,"✅TP2 sur LINK/USDT, j’encaisse 50% du trade et je déplace le SL au point d’entrée 🔥"
706,messages.html,2023-01-04T05:35:15+00:00,700,,✅TP2 sur EUR/AUD 🔥
709,messages.html,2023-01-04T13:29:09+00:00,708,,Analyse H1 :  ⏎ - Zone de support avec prise de liquidités sous le support  ⏎  ⏎ Analyse M15 :  ⏎ - RSI en survente (++) ⏎ - Divergence RSI validée  ⏎  ⏎ Analyse M5 :  ⏎ - Création d’un nouveau plus haut à l’origine d’un potentiel rebond court terme
710,messages.html,2023-01-04T15:12:06+00:00,708,,🎯Trade bien orienté sur l’EUR/AUD 📈
712,messages.html,2023-01-04T16:15:00+00:00,711,,⏳SL sur le Bitcoin
715,messages.html,2023-01-04T16:34:13+00:00,708,breakeven,✅TP1 je prend 50% de la position et je déplace mon SL au point d’entrée 🔥
717,messages.html,2023-01-04T22:49:43+00:00,648,tp2,✅TP2 touché sur le GBP/AUD 📉🔥
718,messages.html,2023-01-05T09:19:23+00:00,713,,✅TP3 sur AUD/CHF 🔥
720,messages.html,2023-01-05T13:11:18+00:00,708,,🔥Le TP2 a été validé sur l’EUR/AUD 📈
722,messages.html,2023-01-05T13:28:25+00:00,721,,Analyse H4 :  ⏎ - Le prix est venu buter sur une résistance  ⏎ - Le prix avait cassé le précédent plus bas le 3 janvier (probabilité importante d’enclencher une vague baissière par la suite)  ⏎  ⏎ Analyse M15 :  ⏎ - Double top validée pour inversé la tendance  ⏎ - Théorie de Dow baissière  ⏎ - Liquidité présente sous ce « faux » double bottom  ⏎ - Cassure de moyennes mobiles 50 et 200 en cours
723,messages.html,2023-01-05T14:20:53+00:00,721,,✅TP1 sur AUD/USD 🔥
731,messages.html,2023-01-16T12:58:11+00:00,730,,Analyse journalière  ⏎ - Zone de résistance  ⏎ - RSI en surachat  ⏎ - Moyenne mobile exponentielle 200 en résistance  ⏎ - Bougie avec mèche intéressante  ⏎  ⏎ Analyse H1 :  ⏎ - Prise de liquidité au-dessus du double top  ⏎ - Bougie rouge agressive montrant la probable prise en main par les vendeurs  ⏎ - Cassure de trendline RSI  ⏎ - Zone de liquidité à aller chercher
733,messages.html,2023-01-16T15:48:09+00:00,732,,🎯EUR/AUD - Graphique M15 📉
735,messages.html,2023-01-16T17:34:57+00:00,734,,❌SL sur la position court terme BTC/USDT
742,messages.html,2023-01-17T15:33:07+00:00,738,,✅TP1 sur EUR/AUD 🔥
743,messages.html,2023-01-17T16:03:16+00:00,738,,🎯TP2 sur l’EUR/AUD 🔥
746,messages.html,2023-01-18T13:01:53+00:00,744,,🎯La zone repérée sur AUD/CHF a parfaitement réagi 🔥
747,messages.html,2023-01-18T13:11:43+00:00,738,,🎯TP3 validé sur l’EUR/AUD 🔥
749,messages.html,2023-01-18T13:36:54+00:00,748,,Analyse Journalière :  ⏎ - RSI en surachat  ⏎  ⏎ Analyse M30 :  ⏎ - Cassure de trendline  ⏎ - Moyenne mobile exponentielle 50 en résistance  ⏎ - Trendline en résistance sur le RSI  ⏎ - Impulsion d’une nouvelle tendance baissière court terme avec présence de plus haut et de plus bas de plus en plus bas
751,messages.html,2023-01-18T14:14:31+00:00,750,,Analyse H4 :  ⏎ - Tendance baissière en cours  ⏎ - Moyennes mobiles exponentielles 50 et 200 parfaitement orientées à la baisse  ⏎ - Cassure de trendline RSI  ⏎  ⏎ Analyse M30 :  ⏎ - Biseau ascendant validé avec pullback intéressant  ⏎ - Impulsion d’une nouvelle tendance baissière court terme  ⏎ - Bougie avec mèche importante offrant une porte d’entrée
753,messages.html,2023-01-18T16:16:16+00:00,752,,✅TP2 sur SOL/USDT 📉🔥
754,messages.html,2023-01-18T16:31:08+00:00,752,closed,✅Je sors l’intégralité de la position sur SOL/USDT
757,messages.html,2023-01-19T13:39:03+00:00,756,,Analyse H4 :  ⏎ - Double bottom validée  ⏎ - Retour sous les bottoms avec prise de liquidités  ⏎ - RSI en survente  ⏎  ⏎ Analyse M15 :  ⏎ - Création d’un nouvelle tendance haussière court terme en cours
759,messages.html,2023-01-19T17:34:50+00:00,758,closed,✔️Je sors en légère perte sur NZD/USD
764,messages.html,2023-01-20T13:24:15+00:00,763,,Analyse M5 :  ⏎ - Biseau ascendant validé  ⏎ - Création d’une tendance baissière selon la théorie de Dow ⏎ - Moyenne mobile exponentielle 50 orientée à la baisse  ⏎ - Zone de support cassée avec pullback
765,messages.html,2023-01-20T13:37:38+00:00,756,closed,"✅TP1 sur CAD/CHF 🔥 ⏎  ⏎ 👉🏼Je sors 50% de ma position et place mon SL à 0,67797"
768,messages.html,2023-01-20T14:24:20+00:00,763,,SL sur AUD/NZD  ⏎  ⏎ 👉🏼Je retenterais une vente sur le niveau précédemment indiqué
771,messages.html,2023-01-20T15:11:38+00:00,770,,Analyse H4 :  ⏎ - Zone de résistance importante ⏎ - RSI en surachat  ⏎  ⏎ Analyse M30 :  ⏎ - Moyenne mobile exponentielle 50 en résistance  ⏎ - Création d’un nouveau plus bas
772,messages.html,2023-01-20T15:12:09+00:00,768,,✔️Je reprends une position vendeuse sur AUD/NZD
773,messages.html,2023-01-20T15:16:28+00:00,,,"✅TP1 sur USD/CAD, j’encaisse 50% et place mon SL à 1,34883 🔥"
775,messages.html,2023-01-23T12:27:59+00:00,682,closed,✅TP1 sur USD/CAD concernant le trade moyen terme 🔥 ⏎  ⏎ 👉🏼Je sors 20% de ma position
776,messages.html,2023-01-23T12:28:33+00:00,773,closed,🔥Je sors 100% de ma position concernant le trade court terme sur USD/CAD ✅
777,messages.html,2023-01-23T12:31:14+00:00,770,breakeven|closed,✅TP2 sur le GBP/CAD 🔥 ⏎  ⏎ 👉🏼Je sors 50% de ma position et place mon SL au point d’entrée
778,messages.html,2023-01-23T12:33:36+00:00,756,tp2,🎯TP2 sur le CAD/CHF 🔥✅
780,messages.html,2023-01-23T15:10:59+00:00,779,,Analyse journalière :  ⏎ - Zone de support importante  ⏎ - Divergence RSI en cours  ⏎  ⏎ Analyse H4 :  ⏎ - Vague de Wolfe en cours  ⏎ - Cassure de trendline avec pullback  ⏎ - Cassure de trendline RSI
782,messages.html,2023-01-23T16:57:18+00:00,781,,Analyse M15 :  ⏎ - Rounding bottom validé  ⏎ - Création d’une nouvelle tendance haussière avec des plus haut de plus en plus haut et plus bas de plus en plus haut également  ⏎ - Trendline RSI en support  ⏎ - Zone du dernier point bas de la tendance haussière en cours
783,messages.html,2023-01-24T13:07:42+00:00,781,,🎯Trade parfaitement orienté sur EUR/GBP 🔥
785,messages.html,2023-01-24T14:58:17+00:00,783,closed,✅Je sors 100% de la position à l’approche du TP3 🔥
789,messages.html,2023-01-25T12:30:54+00:00,786,,❌SL sur le GBP/AUD
790,messages.html,2023-01-25T12:31:27+00:00,784,tp1|closed,✔️TP1 touché sur le Pétrole ⏎  ⏎ 👉🏼Je sors 20% de ma position
791,messages.html,2023-01-25T13:34:13+00:00,777,tp3,🎯TP3 touché sur le GBP/CAD ✅🔥
793,messages.html,2023-01-25T14:24:26+00:00,792,,Analyse H1 :  ⏎ - Double top validé  ⏎ - Cassure de trendline majeure ⏎ - Moyenne mobile exponentielle 50 en résistance  ⏎ - Tendance baissière sur le RSI  ⏎ - Impulsion d’une nouvelle tendance baissière avec présence de nouveaux plus bas  ⏎ - Mèches importantes démontrants une potentielle prise en main par les vendeurs
798,messages.html,2023-01-26T15:55:20+00:00,797,,Analyse H4 :  ⏎ - Zone de résistance  ⏎  ⏎ Analyse M30 :  ⏎ - Impulsion d’une tendance baissière avec cassure du précédent plus bas ⏎ - Retour sur le précédent plus haut de la nouvelle tendance baissière en cours  ⏎ - Zone de liquidité à aller chercher sous le double bottom
799,messages.html,2023-01-27T10:29:49+00:00,792,,❌SL sur le GBP/CHF
800,messages.html,2023-01-27T10:30:20+00:00,797,,✔️Je renforce ma position sur NZD/JPY avec les mêmes TP et SL
803,messages.html,2023-01-27T15:38:46+00:00,802,,"Analyse H4 :  ⏎ - Zone de résistance avec retour du prix au niveau du dernier plus haut de la tendance baissière  ⏎  ⏎ Analyse M30 :  ⏎ - Cassure de trendline  ⏎ - Validation d’une épaule-tête-épaule avec retour au niveau de la ligne de cou  ⏎ - Moyenne mobile exponentielle 50 en résistance  ⏎ - Création d’un nouveau plus bas (25 janvier : 159,48) ⏎  ⏎ ⚠️Je déplace le SL au-dessus du dernier plus haut 161,860 ⏎  ⏎ 🎯Rat"
805,messages.html,2023-01-28T12:35:08+00:00,804,closed,"✅TP1 je sors 50% et place mon SL à 17,70"
807,messages.html,2023-01-29T21:44:39+00:00,806,,Analyse journalière :  ⏎ - Double bottom validé  ⏎ - Cassure du dernier plus haut de la tendance baissière  ⏎ - Moyenne mobile exponentielle 50 orientée à la hausse  ⏎ - Hausse importante des volumes  ⏎ - Potentielle cassure de trendline partant des plus hauts à venir pouvant amener une forte volatilité
810,messages.html,2023-01-30T11:50:13+00:00,784,,🎯Le Pétrole est bien orienté à la baisse pour le moment 📉
813,messages.html,2023-01-30T20:20:40+00:00,812,tp1,✔️TP1 touché et direction le SL ❌
814,messages.html,2023-01-30T21:36:12+00:00,784,breakeven,✅TP2 je prend 50% de la position et place mon SL au point d’entrée 🔥
815,messages.html,2023-01-31T13:29:26+00:00,797,closed,🎯TP1 sur NZD/JPY 🔥 ⏎  ⏎ 👉🏼Je sors 20% de la position
816,messages.html,2023-01-31T14:13:23+00:00,802,,✅TP1 sur le GBP/JPY également 🔥
818,messages.html,2023-01-31T15:32:27+00:00,817,,Analyse Journalière :  ⏎ - Double bottom de qualité validé  ⏎ - Cassure de trendline partant des plus hauts  ⏎ - Hausse des volumes sur cassure  ⏎ - Pullback en cours  ⏎ - RSI et moyenne mobile exponentielle 50 bien orientés
820,messages.html,2023-02-01T13:09:48+00:00,808,tp1|closed,✅TP1 touché sur NZD/CAD 🔥 ⏎  ⏎ 👉🏼Je sors 20% de ma position
821,messages.html,2023-02-01T15:58:28+00:00,802,breakeven|closed,✅TP2 je sors 50% de la position initiale et je place mon SL au point d’entrée
824,messages.html,2023-02-02T12:10:18+00:00,823,,Analyse journalière :  ⏎ - Divergence RSI en cours  ⏎ - Zone de support  ⏎  ⏎ Analyse H4 :  ⏎ - Cassure du précédent plus bas de la tendance baissière = zone de liquidités  ⏎  ⏎ Analyse M5 :  ⏎ - Cassure du précédant plus haut de la tendance baissière  ⏎ - Zone importante à combler avec des bougies baissières très impulsives  ⏎ - Création d’une nouvelle tendance haussière en cours selon la théorie de Dow
826,messages.html,2023-02-02T16:04:39+00:00,817,,✅TP1 sur le Nasdaq 🔥
827,messages.html,2023-02-02T17:44:12+00:00,823,,✅TP1 sur USD/CHF 🔥
828,messages.html,2023-02-03T09:01:11+00:00,827,,✅TP2 sur USD/CHF 🔥
831,messages.html,2023-02-03T14:25:52+00:00,830,,Analyse H4 :  ⏎ - Formation d’un biseau ascendant  ⏎ - Le prix se situe sur le haut du biseau  ⏎  ⏎ Analyse M30 :  ⏎ - Cassure du dernier plus bas de la tendance haussière  ⏎ - Cassure d’un biseau ascendant court terme
833,messages.html,2023-02-03T14:50:47+00:00,832,,📊Type de trade : Intraday  ⏎  ⏎ 🎯Ratio 3/1
834,messages.html,2023-02-03T17:12:46+00:00,802,tp3,🎯Le TP3 a été touché sur le GBP/JPY ✅
836,messages.html,2023-02-04T11:23:46+00:00,835,,Analyse Journalière :  ⏎ - Cassure de trendline partant des plus hauts avec pullback  ⏎ - Hausse des volumes sur cassure  ⏎ - Phase de latéralisation de mai à novembre permettant la création de liquidités  ⏎ - RAS sur le RSI  ⏎ - Moyenne mobile exponentielle 50 parfaitement orientée
837,messages.html,2023-02-05T19:56:02+00:00,830,breakeven,✅Je prends 20% de ma position sur ADA/USDT et place le SL au point d’entrée 🔥
838,messages.html,2023-02-06T13:32:10+00:00,808,breakeven|closed,✅TP2 sur NZD/CAD 🔥 ⏎  ⏎ Je sors 50% de ma position et place mon SL au point d’entrée
842,messages.html,2023-02-07T12:30:10+00:00,840,tp2|breakeven|closed,✅TP2 touché sur USD/CAD  ⏎  ⏎ Je sors 50% de ma position et place mon SL au point d’entrée
845,messages.html,2023-02-07T13:33:33+00:00,844,,Analyse journalière :  ⏎ - Tendance de fond baissière  ⏎ - Zone de liquidités à aller chercher  ⏎  ⏎ Analyse H1 :  ⏎ - Création d’une nouvelle tendance baissière avec présence de plus bas et de plus haut de plus en plus bas  ⏎ - Bougie avec mèche sur le dernier plus haut de cette nouvelle tendance baissière  ⏎  ⏎ Analyse M30 :  ⏎ - Cassure de trendline RSI  ⏎  ⏎ Analyse M15 :  ⏎ - Cassure de trendline
846,messages.html,2023-02-07T16:39:47+00:00,835,,🟢+10% pour LINA/USDT aujourd’hui 📈
850,messages.html,2023-02-09T12:35:07+00:00,848,,🎯La paire CHF/JPY bien orientée à la baisse 📉
852,messages.html,2023-02-09T16:26:34+00:00,851,,Analyse M30 :  ⏎ - Zone de support sur le RSI  ⏎ - Phase de latéralisation avec création de nouveau plus haut et de nouveau plus bas de plus en plus haut  ⏎ - Bougie avec mèche importante pour prendre de la liquidité  ⏎ - Tentative de rebond au sein d’une nouvelle tendance baissière  ⏎  ⏎ Analyse M5 :  ⏎ - Survente sur le RSI  ⏎ - Hausse importante des volumes
853,messages.html,2023-02-09T17:43:44+00:00,851,,❌SL sur le Gold
854,messages.html,2023-02-10T11:13:17+00:00,844,,✅TP1 sur AUD/JPY 🔥📉
856,messages.html,2023-02-10T11:36:55+00:00,855,closed,Analyse journalière :  ⏎ - Zone de résistance  ⏎ - Bougie avec mèche intéressante  ⏎  ⏎ Analyse H1 :  ⏎ - Cassure de trendline en cours partant des plus bas  ⏎ - Moyenne mobile exponentielle 50 en résistance  ⏎  ⏎ Analyse M15 :  ⏎ - Formation d’un double top sur les plus hauts pour inverser la tendance ⏎ - Phase de latéralisation avec forte probabilité de sortie dans le sens de la tendance  ⏎ - Moyenne mobile exponenti
857,messages.html,2023-02-10T14:01:47+00:00,830,breakeven,✅L’analyse s’est validée sur ADA/USDT 📉 ⏎  ⏎ Je suis personnellement sorti Break Even
859,messages.html,2023-02-13T12:48:35+00:00,858,,Analyse H1 :  ⏎ - Tendance de fond baissière selon la théorie de Dow  ⏎ - RSI en surachat ++ ⏎ - Zone de résistance importante au niveau du dernier plus haut de la tendance baissière en cours  ⏎ - Prise de liquidités sur ces niveaux  ⏎  ⏎ Analyse M15 :  ⏎ - Divergence RSI en cours  ⏎ - Bougie avec mèche intéressante  ⏎  ⏎ Analyse M1 :  ⏎ - Cassure du dernier plus bas pouvant amorcer cette nouvelle vague baissière
861,messages.html,2023-02-13T14:27:47+00:00,860,,Analyse M30 :  ⏎ - Prise de liquidités sous le biseau ascendant  ⏎ - Formation d’une figure de retournement à la hausse  ⏎ - Moyenne mobile 50 en support  ⏎  ⏎ Analyse M5 :  ⏎ - Création d’une nouvelle tendance haussière en court
864,messages.html,2023-02-14T12:00:31+00:00,860,tp3,✅TP3 touché sur l’EUR/USD 📈🔥
867,messages.html,2023-02-14T13:48:46+00:00,866,,Analyse H4 :  ⏎ - Cassure de trendline RSI  ⏎ - Divergence RSI en cours  ⏎  ⏎ Analyse M30 :  ⏎ - Moyenne mobile 50 en support  ⏎ - Zone de résistance (21500) avec prise de liquidités en-dessous  ⏎ - Création d’un nouveau plus haut pouvant engager une nouvelle tendance haussière court terme  ⏎ - Bougie de rejet importante suite aux annonces de 14h30
869,messages.html,2023-02-14T14:31:13+00:00,868,,Analyse journalière :  ⏎ - Zone support importante  ⏎ - Prise de liquidités sous la zone support  ⏎ - Double divergence RSI validée ⏎ - Zone de liquidité à aller chercher (plusieurs bougies journalières baissières pleines sans retracement)  ⏎  ⏎ Analyse H4 :  ⏎ - Création d’un nouveau point haut pouvant enclencher une tendance haussière  ⏎ - Potentielle cassure de trendline à venir pouvant accélérer la hausse
870,messages.html,2023-02-14T14:53:12+00:00,866,tp2,✅TP2 touché sur le BTC 🔥
871,messages.html,2023-02-14T15:56:30+00:00,699,,⌛️Petit rappel sur la gestion de mes trades☝🏼
873,messages.html,2023-02-15T12:53:47+00:00,866,tp3,✅TP3 touché sur le trade BTC/USDT 📈🔥
875,messages.html,2023-02-15T14:37:53+00:00,874,,Analyse H4 :  ⏎ - Double bottom validé  ⏎ - Cassure de trendline  ⏎ - Hausse des volumes sur cassure  ⏎ - Cassure de trendline RSI  ⏎ - Moyenne mobile 50 en support  ⏎  ⏎ Analyse M30 :  ⏎ - Création d’une nouvelle tendance haussière
878,messages.html,2023-02-17T08:53:56+00:00,868,,🟢La paire USD/CHF bien orientée à la hausse 📈
880,messages.html,2023-02-17T13:47:16+00:00,879,,Analyse H4 :  ⏎ - Prise de liquidités sous un niveau support  ⏎ - Bougies avec mèche intéressante  ⏎  ⏎ Analyse H1 :  ⏎ - Divergence RSI  ⏎ - Formation d’un biseau descendant en cours  ⏎  ⏎ Analyse M15 :  ⏎ - Création de nouveau plus haut pouvant impulser le début d’une tendance haussière
885,messages.html,2023-02-20T13:47:48+00:00,884,,Analyse journalière :  ⏎ - Tendance de fond haussière selon la théorie de Dow  ⏎  ⏎ Analyse H4 : ⏎ - Prise de liquidités sous un plus bas intéressant  ⏎ - Création d’un nouveau point haut H4 pouvant enclencher une nouvelle tendance haussière  ⏎ - Cassure de trendline RSI  ⏎ - Divergence RSI validée  ⏎ - Bougie H4 intéressante  pour rentrer en position  ⏎ - Zone de liquidités importante à aller chercher à la hausse 
888,messages.html,2023-02-21T12:43:23+00:00,868,,🎯Nouvelle porte d’entrée possible à l’achat sur l’USD/CHF suite à ce retour du prix sur le haut de la trendline H4 📈
893,messages.html,2023-02-22T13:05:31+00:00,892,,🎯Ratio gain/perte : 4/1  ⏎  ⏎ 📊Type de trade : Scalping
894,messages.html,2023-02-22T13:13:55+00:00,892,,✅TP1 🔥
896,messages.html,2023-02-22T13:26:43+00:00,883,,🎯Le Setup sur l’AUD/USD se valide ✅ ⏎  ⏎ 👉🏼Je ne suis pas dedans personnellement
898,messages.html,2023-02-22T13:39:09+00:00,897,,Analyse H1 :  ⏎ - Divergence RSI validée  ⏎ - RSI en surachat  ⏎  ⏎ Analyse M15 :  ⏎ - Cassure de trendline  ⏎ - Double top validé  ⏎  ⏎ Analyse M5 :  ⏎ - Retour sur le dernier plus haut de la possible nouvelle tendance baissière  ⏎  ⏎ Analyse M1 :  ⏎ - Cassure de trendline RSI
899,messages.html,2023-02-22T15:15:38+00:00,892,closed,✅Je sors du BTC/USDT à l’approche du TP3 🔥
900,messages.html,2023-02-22T21:18:41+00:00,888,,🎯Le haut de la trendline réagit parfaitement pour le moment sur USD/CHF 📈🔥
903,messages.html,2023-02-23T10:53:38+00:00,897,tp3,✅TP3 touché sur GBP/AUD 🔥
906,messages.html,2023-02-24T13:54:43+00:00,904,,🔴SL sur le Gold
907,messages.html,2023-02-24T13:55:10+00:00,868,,✅TP1 sur USD/CHF
911,messages.html,2023-02-27T13:48:12+00:00,910,,Analyse M30 :  ⏎ - Cassure du dernier plus haut de la tendance baissière précédente ⏎ - Création d’une nouvelle tendance haussière avec plus haut et plus bas de plus en plus haut  ⏎ - Retour sur le plus bas de la possible nouvelle tendance haussière   ⏎  ⏎ Analyse M5 :  ⏎ - Divergence RSI en cours
914,messages.html,2023-02-27T14:41:25+00:00,913,,Analyse journalière :  ⏎ - Moyenne mobile exponentielle 50 en support ⏎  ⏎ Analyse H4 :  ⏎ - Prise de liquidités sous une zone support  ⏎ - Rebond sur le dernier point bas de la tendance haussière en cours  ⏎  ⏎ Analyse H1 :  ⏎ - Hausse des volumes  ⏎ - Potentiel cassure de trendline partant des plus hauts pouvant accélérer la hausse
915,messages.html,2023-02-28T12:49:55+00:00,910,,❌SL sur EUR/GBP
916,messages.html,2023-02-28T12:50:48+00:00,884,breakeven,✅TP2 sur EUR/CHF 🔥 ⏎  ⏎ Je prend 50% de la position et place mon SL au point d’entrée
918,messages.html,2023-02-28T14:16:16+00:00,917,,Analyse H4 :  ⏎ - Zone de support importante  ⏎  ⏎ Analyse H1 : ⏎ - Trendline haussière en support sur le RSI  ⏎ - Création d’une structure de retournement avec création de nouveau plus haut et de nouveau plus bas (+/- épaule-tête-épaule inversée) ⏎ - Divergence RSI validée sur les plus bas + prise de liquidités sous les plus bas avec une bougie journalière dont la mèche importante  ⏎ - Potentielle cassure de t
919,messages.html,2023-02-28T15:06:51+00:00,912,,🎯Bravo à ceux qui sont rentrés à l’achat sur le Gold 📈
920,messages.html,2023-03-01T13:11:23+00:00,884,,✅TP3 validé sur EUR/CHF 🔥
923,messages.html,2023-03-01T13:36:43+00:00,922,,Analyse journalière :  ⏎ - Configuration haussière selon la théorie de Dow  ⏎  ⏎ Analyse H4 :  ⏎ - Retour sur le dernier point bas de la potentielle tendance haussière à venir  ⏎  ⏎ Analyse H1 :  ⏎ - Prise de liquidités sous le précédent plus bas  ⏎ - RSI en survente ++  ⏎  ⏎ Analyse M5 :  ⏎ - Cassure du dernier plus haut de la tendance baissière en cours
927,messages.html,2023-03-02T14:52:42+00:00,926,,🎯Ratio : 3/1  ⏎  ⏎ 📊Type de trade : Intraday
928,messages.html,2023-03-02T14:54:52+00:00,926,,Analyse H4 :  ⏎ - Divergence RSI  ⏎ - Zone de résistance  ⏎  ⏎ Analyse H1  ⏎ - Cassure du prétendant plus bas de la tendance haussière  ⏎ - Retour sur les plus hauts avec forte probabilité de retracement  ⏎  ⏎ Analyse M15 :  ⏎ - Cassure d’une zone support  ⏎ - Création potentielle d’une nouvelle tendance baissière
932,messages.html,2023-03-03T15:15:08+00:00,931,,Analyse journalière :  ⏎ - Zone de résistance importante  ⏎  ⏎ Analyse H4 :  ⏎ - Configuration de retournement intéressante avec création de nouveaux plus bas ⏎ - Retour au niveau du dernier plus haut de la potentielle nouvelle tendance baissière  ⏎  ⏎ Analyse M30 :  ⏎ - RSI en surachat ++ ⏎ - Divergence RSI en cours  ⏎  ⏎ Analyse M1 :  ⏎ - Cassure d’un précédent plus bas offrant une porte d’entrée à la vente
934,messages.html,2023-03-05T23:35:27+00:00,933,,Analyse journalière  ⏎ - Rejet du dernier plus haut de la tendance baissière long terme  ⏎ - Formation d’un double top validé  ⏎ - Moyenne mobile 50 orientée à la baisse  ⏎  ⏎ Analyse H4 :  ⏎ - Retour sur le dernier plus haut de la tendance baissière court terme  ⏎  ⏎ Analyse H1 :  ⏎ - Retour sur le niveau d’un triangle symétrique de creux cassé précédemment (= présence de liquidités pour un possible futur mouvemen
936,messages.html,2023-03-06T12:54:30+00:00,935,,Analyse M15 :  ⏎ - Cassure du dernier plus bas de la tendance haussière précédente  ⏎ - Moyenne mobile 50 parfaitement orientée  ⏎  ⏎ Analyse M5 :  ⏎ - Cassure d’un drapeau baissier  ⏎ - Zone de liquidités à aller chercher  ⏎ - Moyenne mobile 50 parfaitement orientée  ⏎ - Cassure d’une zone support sur le RSI
939,messages.html,2023-03-06T16:04:19+00:00,935,,❌SL sur OCEAN/USDT
942,messages.html,2023-03-07T13:33:57+00:00,941,,Analyse H4 :  ⏎ - Cassure d’un drapeau haussier  ⏎ - Tendance de fond haussière (nouveau plus haut le 3 février)  ⏎ - Moyenne mobile 50 parfaitement orientée  ⏎  ⏎ Analyse H1 :  ⏎ - Validation d’une figure en tasse avec anse (la anse représente aussi le pullback du drapeau haussier)  ⏎ - Moyenne mobile 50 parfaitement orientée  ⏎  ⏎ 👉🏼Possibilité de rentrer en plusieurs fois si ça ne décolle pas immédiatement
943,messages.html,2023-03-07T15:20:42+00:00,941,tp1,"Rectification sur EUR/GBP ⏎ *TP1 0,8966 et non 0,88966 ✅"
946,messages.html,2023-03-08T14:00:37+00:00,945,,Analyse H4 : ⏎ - Cassure de trendline RSI en cours  ⏎ - Rejet du dernier plus haut avec bougie baissière impulsive  ⏎  ⏎ Analyse M30 :  ⏎ - Cassure de trendline  ⏎ - Création de nouveau plus bas  ⏎ -  Moyenne mobile 50 orientée à la baisse  ⏎  ⏎ Analyse M5 :  ⏎ - Création d’un nouveau plus bas  ⏎ - Moyenne mobile 50 parfaitement orientée  ⏎ - Zone de liquidités à aller chercher à la baisse
948,messages.html,2023-03-08T16:11:45+00:00,699,,👆🏼Petit rappel sur la gestion de mes trades
950,messages.html,2023-03-08T16:47:41+00:00,949,,"Analyse H1 :  ⏎ - Tendance haussière, je vise donc un repli au sein de cette tendance  ⏎  ⏎ Analyse M5 :  ⏎ - Initiation d’une tendance baissière selon la théorie de Dow  ⏎ - Cassure du dernier plus bas confirmant cette tendance baissière court terme  ⏎ - Retour sur le plus haut de cette tendance baissière en cours  ⏎ - Zone de liquidités à aller chercher à la baisse"
951,messages.html,2023-03-09T08:58:02+00:00,,recap,"🎯Résumé des trades d’hier :  ⏎ ✅CHF/JPY : TP1 touché, 50% de la position sortie. Sorti Break even  ⏎ ✅ETH/USDT : TP1 touché, 50% de la position sortie. Passé Break even, trade en cours  ⏎ ❌EUR/AUD : SL"
953,messages.html,2023-03-09T14:10:59+00:00,952,,Analyse H4 :  ⏎ - Retour dans une zone de liquidité intéressante (bougie impulsive baissière du 20 décembre)  ⏎ - Cassure de trendline RSI validée  ⏎  ⏎ Analyse H1 :  ⏎ - Formation d’un biseau ascendant en cours de validation  ⏎ - Impulsion d’une tendance baissière avec création de plus bas et de plus haut de plus en plus bas  ⏎  ⏎ Analyse M30 :  ⏎ - Le biseau ascendant est validée dans cette unité de temps ⏎  ⏎ Analys
955,messages.html,2023-03-09T15:24:34+00:00,954,,🎯Ratio : 4/1  ⏎  ⏎ 📊Type de trade : Scalping
956,messages.html,2023-03-09T15:26:46+00:00,954,,Analyse M15 :  ⏎ - Moyenne mobile 50 en résistance  ⏎  ⏎ Analyse M5 : ⏎ - Épaule-tête-épaule validée  ⏎ - Moyenne mobile 50 parfaitement orientée  ⏎  ⏎ Analyse M1 :  ⏎ - Formation d’une structure baissière de qualité  ⏎ - Retour sur le dernier plus haut de la tendance baissière en cours
957,messages.html,2023-03-09T18:48:58+00:00,954,tp1|breakeven|closed,✅TP1 avait été touché avec 50% de la position sortie  ⏎  ⏎ 👉🏼Repris Break even
958,messages.html,2023-03-09T21:26:17+00:00,947,,✅TP2 validé sur ETH/USDT 🔥
962,messages.html,2023-03-10T15:06:55+00:00,961,,"🎯Ratio : 3,5/1  ⏎  ⏎ 📊Type de trade : Scalping/Intraday"
965,messages.html,2023-03-13T12:49:51+00:00,964,,Analyse H4 :  ⏎ - Tendance baissière selon la théorie de Dow  ⏎ - Trendline supérieure du canal baissier en résistance  ⏎ - Moyenne mobile 50 orientée à la baisse  ⏎  ⏎ Analyse M30 :  ⏎ - Retour sur le haut de la bougie baissière impulsive du 7 mars (= zone de résistance)  ⏎  ⏎ Analyse M1 :  ⏎ - Épaule-tête-épaule validée permettant une entrée en position  ⏎ - Moyenne mobile 50 parfaitement orientée
967,messages.html,2023-03-13T13:21:19+00:00,966,,"Analyse H1 :  ⏎ - Cassure des précédents plus bas  ⏎ - Retour sur le dernier plus haut de la tendance baissière en cours  ⏎ - Niveau 0,618 du retracement de Fibonacci de la dernière vague de baisse  ⏎  ⏎ Analyse M5 :  ⏎ - Épaule-tête-épaule validée  ⏎ - Cassure de trendline RSI"
968,messages.html,2023-03-13T17:10:45+00:00,964,sl_hit,❌Le SL a été touché sur AUD/CAD
969,messages.html,2023-03-13T17:11:02+00:00,966,tp2,✅TP2 touché sur USD/CAD 🔥
973,messages.html,2023-03-14T13:17:53+00:00,972,,Analyse H4 :  ⏎ - Divergence RSI validée  ⏎ - Création d’une trendline importante sur le RSI qui pourrait provoquer une chute importante en cas de cassure  ⏎  ⏎ Analyse M30 :  ⏎ - Épaule-tête-épaule validée  ⏎ - Retour sur le dernier plus haut de la potentielle tendance baissière à venir  ⏎ - Cassure de trendline
976,messages.html,2023-03-15T11:22:57+00:00,972,breakeven|closed,"✅TP1 sur EUR/AUD, je sors 50% de la position et place mon SL au point d’entrée"
978,messages.html,2023-03-15T11:53:06+00:00,977,,Analyse M30 :  ⏎ - Cassure de la ligne de cou d’une épaule-tête-épaule  ⏎  ⏎ Analyse M5 :  ⏎ - Cassure d’une trendline haussière ⏎ - Création d’une tendance baissière selon la théorie de Do  ⏎ - Retour sur le dernier plus haut de la tendance en cours  ⏎ - Zone de liquidités à aller chercher à la baisse
979,messages.html,2023-03-15T11:59:17+00:00,977,,✔️Je conserve le trade
980,messages.html,2023-03-15T12:30:56+00:00,977,,❌SL
982,messages.html,2023-03-15T12:57:33+00:00,981,,Analyse H4 :  ⏎ - Zone de résistance   ⏎  ⏎ Analyse H2 :  ⏎ - Divergence RSI validée  ⏎  ⏎ Analyse M30 :  ⏎ - Épaule-tête-épaule validée  ⏎ - Trendline baissière en résistance sur le RSI  ⏎ - Création de nouveau plus bas pouvant impulser la tendance baissière  ⏎ - Baisse des volumes
984,messages.html,2023-03-15T16:25:36+00:00,981,tp1,✅TP1 touché sur GBP/CAD 🔥
985,messages.html,2023-03-15T16:25:57+00:00,983,tp1,✅TP1 touché sur BTC/USDT 🔥
987,messages.html,2023-03-15T17:09:41+00:00,986,,Analyse journalière :  ⏎ - Double top validé  ⏎ - Retour au niveau de la bougie rouge pleine du 3 février (=présence de liquidités)  ⏎  ⏎ Analyse H4 :  ⏎ - Retour sur un plus haut pouvant déclencher une nouvelle vague baissière  ⏎  ⏎ Analyse H1 :  ⏎ - Cassure de trendline  ⏎ - Baisse décroissante des volumes  ⏎ - Cassure de trendline RSI  ⏎ - Formation d’une structure baissière avec présence de plus bas de plus en plus
988,messages.html,2023-03-16T13:29:43+00:00,986,tp1,"🎯La paire NZD/CAD bien orientée pour le moment. Le TP1 a été touché, j’ai donc sorti 20% de la position. ✅"
989,messages.html,2023-03-16T17:07:39+00:00,983,breakeven,✅Sorti Break Even sur le BTC après avoir encaissé 50% de la position au TP2
991,messages.html,2023-03-17T14:51:34+00:00,990,,Analyse H4 :  ⏎ - Tendance baissière en cours  ⏎ - Retour sur le dernier plus haut de la tendance baissière  ⏎  ⏎ Analyse M30 :  ⏎ - Création de liquidités avec phase de latéralisation pouvant permettre un futur mouvement important  ⏎ - Baisse des volumes  ⏎  ⏎ Analyse M5 :  ⏎ - Cassure de dernier plus bas de la tendance haussière court terme pouvant impulser la nouvelle vague baissière
993,messages.html,2023-03-20T12:44:01+00:00,992,,Analyse H4 :  ⏎ - Zone de support  ⏎ - Divergence RSI intéressante ⏎ - Trendline RSI en support   ⏎  ⏎ Analyse H1 :  ⏎ - Validation d’un biseau descendant  ⏎ - Cassure du dernier plus haut de la tendance baissière pouvant impulser un rebond haussier  ⏎ - Validation en cours d’un double bottom
994,messages.html,2023-03-20T15:21:51+00:00,975,tp3,✅TP3 touché sur GBP/CHF 🔥
996,messages.html,2023-03-21T12:34:32+00:00,992,breakeven|closed,✅TP1 sur AUD/NZD 🔥 ⏎  ⏎ Je sors 50% de ma position et place mon SL au point d’entrée
998,messages.html,2023-03-21T13:12:54+00:00,997,,Analyse journalière  ⏎ - Cassure en cours d’une zone de résistance  ⏎ - Hausse des volumes  ⏎  ⏎ Analyse H4 :  ⏎ - Moyenne mobile 50 orientée à la hausse  ⏎ - Tendance haussière selon la théorie de Dow  ⏎  ⏎ Analyse M30 :  ⏎ - Retour sur le précédent plus bas de la tendance haussière en cours avec réaction importante à la hausse  ⏎ - Prise de liquidité sous une trendline  ⏎ - Cassure de la trendline partant des plus ha
1000,messages.html,2023-03-22T10:52:51+00:00,997,,❌SL sur BNB/USDT
1002,messages.html,2023-03-22T13:21:01+00:00,1001,,"Analyse journalière :  ⏎ - Zone de support importante  ⏎ - Trendline RSI en support  ⏎ - Hausse des volumes  ⏎ - Cassure du dernier plus haut de la tendance baissière  ⏎  ⏎ Analyse H1  ⏎ - Réaction importante sur la zone de support journalière  ⏎ - Repli suite à ce rebond haussier sur la zone 0,5 du retracement de Fibonacci de la vague de hausse (correspond également à une zone support)  ⏎  ⏎ Analyse M30 :  ⏎ - Diverge"
1005,messages.html,2023-03-23T09:42:06+00:00,1004,,"🎯Ratio gain/perte : 6,5/1  ⏎  ⏎ 📊Type de trade : Intraday  ⏎  ⏎  ⏎ Analyse H4 :  ⏎ - Zone de résistance  ⏎ - Bougie avec mèche de rejet importante  ⏎  ⏎ Analyse H1 :  ⏎ - Cassure de trendline partant des plus bas  ⏎ - Cassure du dernier plus bas de la tendance haussière en cours  ⏎  ⏎ Analyse M15 :  ⏎ - Retour dans une zone de liquidité importante (bougie rouge pleine agressive)  ⏎  ⏎ Analyse M1 :  ⏎ - Épaule-tête-épaule validée  ⏎ "
1008,messages.html,2023-03-23T13:43:58+00:00,1007,,Analyse H4 :  ⏎ - Zone de résistance  ⏎  ⏎ Analyse M30 :  ⏎ - Cassure de trendline RSI  ⏎  ⏎ Analyse M5 :  ⏎ - Cassure de trendline partant des plus bas  ⏎ - Création de nouveau plus bas
1009,messages.html,2023-03-23T15:34:49+00:00,1006,,SL sur le Gold
1010,messages.html,2023-03-23T15:35:00+00:00,1007,tp1,✅TP1 touché  ⏎  ⏎ 50% du trade encaissé puis sorti BE
1012,messages.html,2023-03-23T15:45:11+00:00,1011,,"🎯Ratio gain/perte : 4,5/1  ⏎  ⏎ 📊Type de trade : Intraday"
1013,messages.html,2023-03-23T18:29:33+00:00,1011,,✅TP3 🔥🔥
1015,messages.html,2023-03-24T14:15:54+00:00,1014,,Analyse M5 :  ⏎ - Tendance baissière  ⏎ - Retour sur le dernier plus haut de la tendance baissière  ⏎ - Plusieurs bougies avec mèches intéressantes  ⏎ - Cassure de trendline  ⏎  ⏎ + ensemble de l’analyse d’hier sur les unités de temps supérieures (contexte baissier)
1017,messages.html,2023-03-24T15:01:02+00:00,1016,,Analyse H4 :  ⏎ - Tendance haussière (=trade contre tendance) ⏎  ⏎ Analyse M15 :  ⏎ - Création d’une structure baissière avec présence de plus bas et de plus haut de plus en plus bas  ⏎ - Retour sur le dernier plus haut de la tendance baissière en cours  ⏎ - Cassure d’une trendline sur le RSI  ⏎  ⏎ Analyse M5 :  ⏎ - Cassure du précédent plus bas de la tendance haussière court terme pouvant impulser une nouvelle vag
1018,messages.html,2023-03-24T15:19:33+00:00,1014,breakeven,✅TP1 validée 🔥 ⏎  ⏎ J’encaisse 50% du trade et place mon SL au point d’entrée
1020,messages.html,2023-03-27T12:45:23+00:00,1019,,Analyse H4 :  ⏎ - Tendance baissière en cours  ⏎ - Validation précédemment d’un triangle descendant pour confirmer cette tendance  ⏎ - Moyenne mobile exponentielle orientée parfaitement à la baisse  ⏎ - Retour sur le dernier plus haut de la tendance baissière en cours  ⏎ - Cassure de trendline  ⏎ - Cassure de support sur le RSI  ⏎  ⏎ 👉🏼Je reprendrais une position vendeuse en cas de pullback sur la trendline
1022,messages.html,2023-03-27T16:03:18+00:00,1021,tp2,🔥TP2 validé sur le Nasdaq ✅🥳
1025,messages.html,2023-03-28T14:46:47+00:00,1024,,Analyse H4 :  ⏎ - Double top sur les plus hauts pour retourner la tendance  ⏎ - Cassure de trendline  ⏎ - Création de nouveau plus bas  ⏎ - Retour sur le dernier plus haut de la tendance baissière en cours  ⏎ - Moyenne mobile exponentielle 200 bien orientée  ⏎ - Bougie avec mèche + bougie de confirmation sur le dernier plus haut
1027,messages.html,2023-03-29T07:37:44+00:00,1024,,✔️Je reprend une position vendeuse sur le FRA40 afin de niveler le niveau d’entrée 7128 ⏎  ⏎ 👉🏼Je garde les mêmes TP et SL
1029,messages.html,2023-03-29T07:48:30+00:00,1028,,Analyse H4 :  ⏎ - Tendance baissière parfaitement dessinée  ⏎ - Validation d’un biseau ascendant  ⏎ - Moyenne mobile exponentielle 200 en résistance  ⏎ - Retour sur le dernier plus haut de la tendance baissière avec présence de liquidités pour impulser un nouveau mouvement  ⏎ - Cassure du dernier plus bas de la tendance haussière court terme  ⏎ - Baisse décroissante des volumes  ⏎ - Zone de liquidités à aller c
1030,messages.html,2023-03-29T10:39:04+00:00,1024,,❌SL sur FRA40
1032,messages.html,2023-03-30T10:12:52+00:00,1031,,Analyse H4 :  ⏎ - Tendance baissière parfaitement dessinée  ⏎ - Validation d’un biseau ascendant  ⏎ - Moyenne mobile exponentielle 200 en résistance  ⏎ - Retour sur le dernier plus haut de la tendance baissière avec présence de liquidités pour impulser un nouveau mouvement  ⏎ - Cassure du dernier plus bas de la tendance haussière court terme  ⏎ - Baisse décroissante des volumes  ⏎ - Zone de liquidités à aller c
1033,messages.html,2023-03-30T10:20:27+00:00,1019,tp1,✅Le TP1 avait été touché sur AUD/CAD  ⏎  ⏎ 👉🏼J’encaisse 20% de la position au niveau du TP1
1034,messages.html,2023-03-30T15:35:54+00:00,1031,tp1|breakeven,"✅TP1 a été touché sur AUD/USD, j’encaisse 50% et place mon SL au point d’entrée"
1036,messages.html,2023-03-30T15:43:04+00:00,1035,,Analyse M30 :  ⏎ - Tendance haussière avec création de plus haut de plus en plus haut et plus bas de plus en plus haut  ⏎ - Cassure de trendline  ⏎ - Moyenne mobile exponentielle 200 en support  ⏎ - Hausse des volumes  ⏎  ⏎ Analyse M15 :  ⏎ - Retour sur une zone de demande (dernier plus bas de la tendance haussière court terme) avec bougie présentant une mèche intéressante  ⏎ - Moyenne mobile exponentielle 200 en
1037,messages.html,2023-03-30T16:09:13+00:00,1035,,✅TP1 sur le Gold  ⏎  ⏎ 👉🏼J’encaisse 20% de la position 🔥
1038,messages2.html,2023-03-30T17:05:14+00:00,,breakeven|closed,✅TP2 sur le Gold 🔥 ⏎  ⏎ 👉🏼Je sors 50% de la position et place mon SL au point d’entrée
1039,messages2.html,2023-03-30T17:42:55+00:00,1038,closed,✅TP3 sur le Gold 🔥 ⏎  ⏎ Je sors 100% de ma position
1042,messages2.html,2023-03-31T14:45:00+00:00,1041,,Analyse H1 :  ⏎ - Prise de liquidité au-dessus de la zone de résistance avec fausse cassure  ⏎ - Divergence RSI validée  ⏎  ⏎ Analyse M15 :  ⏎ - Création d’une structure baissière avec présence de plus bas et plus haut de plus en plus bas  ⏎ - Retour sur le dernier plus haut de la potentielle nouvelle tendance baissière court terme
1045,messages2.html,2023-04-03T10:54:07+00:00,1044,tp1|breakeven,✅TP1 a été touché  ⏎  ⏎ Comme d’habitude j’ai encaissé 50% de la position et placé le SL au point d’entrée 👉🏼Sorti BE
1046,messages2.html,2023-04-03T10:54:51+00:00,1041,tp2|breakeven,✅TP2 a été touché  ⏎  ⏎ Idem 50% de position a été encaissée et le SL placé au point d’entrée
1050,messages2.html,2023-04-03T14:53:33+00:00,1048,,👉🏼Je garde ma position position avec un SL à 13160
1051,messages2.html,2023-04-03T17:48:17+00:00,1048,tp2|breakeven,✅TP2 a été touché  ⏎  ⏎ 👉🏼J’encaisse 50% et place le SL au point d’entrée 🔥
1052,messages2.html,2023-04-03T22:30:51+00:00,1051,breakeven,👉🏼Sorti au point d’entrée sur le Nasdaq100 suite au TP2
1053,messages2.html,2023-04-03T22:31:23+00:00,1046,tp3,✅TP3 touché sur la première position BTC/USDT 🔥
1055,messages2.html,2023-04-04T13:19:24+00:00,1054,,Analyse H4 :  ⏎ - Zone de résistance avec présence de liquidités  ⏎ - Baisse décroissante des volumes  ⏎  ⏎ Analyse H1 :  ⏎ - Cassure d’une trendline haussière partant des plus bas  ⏎ - Cassure du dernier plus bas de la tendance haussière  ⏎  ⏎ Analyse M30 :  ⏎ - Retour sur le dernier plus haut de la potentielle tendance baissière à venir ⏎  ⏎ Analyse M5 :  ⏎ - Cassure de dernier plus bas de la tendance haussière court t
1057,messages2.html,2023-04-04T15:11:06+00:00,1054,tp1|closed,✅TP1 touché sur EUR/JPY  ⏎  ⏎ 👉🏼Je sors 20% de ma position
1058,messages2.html,2023-04-04T15:11:42+00:00,1056,,✔️Je renforce ma position sur USD/CHF en gardant les mêmes TP et SL
1059,messages2.html,2023-04-04T15:52:38+00:00,1058,,❌SL sur USD/CHF
1061,messages2.html,2023-04-05T12:33:12+00:00,1054,breakeven,✅TP2 sur EUR/JPY 🔥 ⏎  ⏎ J’encaisse 50% de la position et place le SL au point d’entrée
1063,messages2.html,2023-04-05T16:33:04+00:00,1054,tp3,✅TP3 touché sur EUR/JPY 🔥
1066,messages2.html,2023-04-06T13:50:06+00:00,1065,,"Analyse journalière :  ⏎ - Cassure de la trendline partant des plus hauts  ⏎ - Cassure d’une zone de résistance sur le RSI  ⏎ - Hausse volumes  ⏎  ⏎ Analyse H4 :  ⏎ RAS, prochaine zone de résistance (=dernier plus haut de la tendance baissière précédente) au niveau 82,650 ⏎  ⏎ Analyse H1 :  ⏎ - Cassure d’une trendline sur le RSI  ⏎ - Création d’un nouveau plus haut  ⏎  ⏎ Analyse M15 :  ⏎ - Cassure d’un biseau descendant  ⏎ -"
1070,messages2.html,2023-04-06T15:06:34+00:00,1069,,Analyse H1 :  ⏎ - Mouvement impulsif à la baisse à l’approche de la résistance des 28650 ⏎ - Cassure de trendline  ⏎ - Création d’une tendance baissière avec plus haut et plus bas de plus en plus bas  ⏎  ⏎ Analyse M30 :  ⏎ - Validation en cours d’un triangle descendant  ⏎ - Trendline supérieur du triangle en résistance avec bougie de retournement à la baisse  ⏎  ⏎ Analyse M5 :  ⏎ - Retour au niveau du plus haut de la
1071,messages2.html,2023-04-06T16:02:42+00:00,1065,,✔️Je reprend la même position sur le pétrole après un excès sur une mèche
1072,messages2.html,2023-04-06T16:44:53+00:00,1069,,❌SL sur BTC/USDT
1074,messages2.html,2023-04-06T17:35:37+00:00,1073,tp1,✅TP1 touché sur le Nasdaq
1075,messages2.html,2023-04-06T19:20:36+00:00,1073,,✅TP2 sur le Nasdaq 🔥
1078,messages2.html,2023-04-07T13:46:19+00:00,1077,,Analyse journalière :  ⏎ - Zone de résistance  ⏎  ⏎ Analyse H4 :  ⏎ - Cassure du dernier plus bas de la tendance haussière précédente  ⏎  ⏎ Analyse H1 :  ⏎ - Retour sur le dernier plus haut de la potentielle tendance à venir  ⏎ - Création d’un nouveau plus bas  ⏎ - Cassure de la trendline partant des plus bas  ⏎ - Bougie pleine agressive en cours ⏎  ⏎ Analyse M30 :  ⏎ - Potentielle cassure la moyenne mobile exponentielle 2
1080,messages2.html,2023-04-10T15:34:59+00:00,1077,tp1|closed,✅Le TP1 avait été touché sur GBP/CAD 🔥 ⏎  ⏎ 👉🏼Je sors 20% de la position comme d’habitude
1082,messages2.html,2023-04-11T12:49:30+00:00,1081,closed,Analyse M30 :  ⏎ - Création d’une tendance haussière avec présence de plus haut et de plus bas de plus en plus haut  ⏎ - Retour sur une zone support (précèdent plus bas) avec une réaction intéressante  ⏎ - Moyenne mobile exponentielle 200 en support dynamique  ⏎ - Hausse des volumes sur le support avec bougie pleine clôturée pour rentrer en position
1085,messages2.html,2023-04-11T14:59:34+00:00,1084,,Analyse H4 :  ⏎ - Tendance de fond haussière  ⏎ - Cassure d’une trendline baissière sur le RSI  ⏎  ⏎ Analyse M30 :  ⏎ - Cassure du dernier plus haut de la tendance baissière court terme  ⏎ - Moyenne mobile exponentielle 200 en support dynamique  ⏎  ⏎ Analyse M15 :  ⏎ - Retour sur le dernier plus bas de la tendance haussière très court terme nouvellement formée  ⏎ - Réaction intéressante avec bougie présentant une mèc
1088,messages2.html,2023-04-11T15:18:17+00:00,1083,breakeven|closed,✅TP1 sur le Nasdaq  ⏎  ⏎ 👉🏼Je clôture 50% de la position et place mon SL au point d’entrée
1089,messages2.html,2023-04-11T16:26:45+00:00,1084,tp1|breakeven|closed,✅TP1 touché sur le Gold ⏎  ⏎ Je sors 50% de la position et place le SL au point d’entrée
1090,messages2.html,2023-04-12T08:32:05+00:00,1089,,✅TP2 sur le Gold 🔥
1094,messages2.html,2023-04-12T15:27:58+00:00,1077,breakeven|closed,✅Je sors du GBP/CAD proche du point d’entrée après avoir encaissé 20% au TP1
1095,messages2.html,2023-04-12T15:39:23+00:00,1092,tp1|breakeven,✅TP1 a été touché au point près donc SL placé au point d’entrée  ⏎  ⏎ 👉🏼50% de la position à été encaissé  ⏎  ⏎ 👉🏼Repris break even
1097,messages2.html,2023-04-12T15:55:38+00:00,1096,,❌SL sur le Nasdaq
1099,messages2.html,2023-04-12T16:23:22+00:00,1098,closed,Analyse H1 :  ⏎ - Bougie englobante baissière clôturée  ⏎ - Retour sur le dernier plus haut de la potentielle tendance baissière à venir  ⏎  ⏎ Analyse M15 :  ⏎ - Cassure du dernier plus bas au sein de la tendance haussière  ⏎ - Retour sur le dernier plus haut avec mèche importante  ⏎ - Cassure d’une trendline avec pullback en cours  ⏎  ⏎ Analyse M5 :  ⏎ - Création d’un nouveau plus bas pouvant enclencher une potentie
1101,messages2.html,2023-04-13T11:43:19+00:00,1100,,Analyse M30 :  ⏎ - Structure baissière parfaitement dessinée avec présence de plus bas et de plus haut de plus en plus bas  ⏎ - Cassure de la moyenne mobile exponentielle 200 ⏎ - Prise de liquidités au-dessus d’une trendline baissière (fausse cassure) ⏎  ⏎ Analyse M15 :  ⏎ - Création d’un nouveau plus bas suite à un rebond haussier au sein de la tendance baissière  ⏎  ⏎ + Ensemble de l’analyse précédente sur GBP/
1102,messages2.html,2023-04-13T15:38:43+00:00,1100,closed,✅TP1 🔥 ⏎  ⏎ Je sors 20% de ma position
1104,messages2.html,2023-04-13T15:52:22+00:00,1103,closed,Je sors du BTC
1106,messages2.html,2023-04-13T16:03:37+00:00,1105,,"Analyse M5 :  ⏎ - Tendance haussière fortement dessinée ⏎ - Aucun signal de retournement  ⏎ - Bougies avec mèches intéressantes sur le niveau 0,382 du retracement de Fibonacci de la dernière vague de hausse"
1107,messages2.html,2023-04-13T17:09:45+00:00,1105,tp1|breakeven|closed,✅TP1 touché 🔥 ⏎  ⏎ 👉🏼Je sors 50% de ma position et place mon SL au point d’entrée
1108,messages2.html,2023-04-13T19:26:59+00:00,1105,closed,✅Je sors à l’approche du TP2 🔥
1109,messages2.html,2023-04-14T08:19:35+00:00,1100,breakeven,✅J’encaisse 50% de ma position et place mon SL au point d’entrée à l’approche du TP2 ✔️
1111,messages2.html,2023-04-14T14:30:04+00:00,1110,,Analyse M30 :  ⏎ - Prise de liquidités au-dessus d’une zone de résistance  ⏎ - Cassure d’une trendline sur le RSI  ⏎ - Cassure d’une trendline  ⏎ - Épaule-tête-épaule validée  ⏎ - Bougie avec mèche intéressante sur la ligne de cou  ⏎  ⏎ 👉🏼Plus l’ensemble des arguments sur le trade moyen terme toujours en cours sur AUD/CAD
1112,messages2.html,2023-04-14T15:11:15+00:00,1110,breakeven,🎯La paire AUD/CAD est partie à la baisse sans toucher notre point d’entrée
1114,messages2.html,2023-04-14T15:53:25+00:00,1113,,Analyse M15 :  ⏎ - Création d’une structure haussière cohérente avec respect des points hauts et des points bas  ⏎ - Hausse des volumes importantes  ⏎ - Zone de liquidités à aller chercher à la hausse  ⏎  ⏎ Analyse M5 :  ⏎ - Retour sur une zone de support intéressante avec réaction du prix (bougie avec mèche M15)
1115,messages2.html,2023-04-14T20:08:01+00:00,1100,,✅TP3 sur GBP/CAD 🔥
1116,messages2.html,2023-04-14T20:08:21+00:00,1113,breakeven|closed,✔️Je sors au point d’entrée avant le week-end sur EUR/CHF
1117,messages2.html,2023-04-14T20:10:34+00:00,,breakeven|closed,✅TP2 sur AUD/CAD 🔥 ⏎  ⏎ Je sors 50% de la position et place le SL au point d’entrée
1126,messages2.html,2023-04-17T15:43:41+00:00,1124,tp3,🥳TP3 sur Nasdaq100 ✅🔥
1129,messages2.html,2023-04-18T13:36:18+00:00,1128,,"Analyse journalière :  ⏎ - Cassure de la trendline partant des plus hauts  ⏎ - Hausse des volumes sur cassure  ⏎ - Moyenne mobile exponentielle 50 en support dynamique  ⏎ - Zone de liquidités à aller chercher à la hausse  ⏎  ⏎ 👉🏼Le graphique BTC Dominance devrait s’orienter à la baisse sur une résistance importante, les altcoins pourraient en profiter."
1131,messages2.html,2023-04-18T15:26:45+00:00,1130,,❌SL sur le Nasdaq
1133,messages2.html,2023-04-18T15:40:16+00:00,1132,,"Analyse H4 :  ⏎ - Tendance haussière bien dessinée  ⏎ - Moyenne mobile exponentielle 200 bien orientée à la hausse  ⏎ - Retour sur le niveau 0,382 du retracement de Fibonacci de la dernière vague de hausse  ⏎  ⏎ Analyse M30 :  ⏎ - Prise de liquidités sous un précédent plus bas  ⏎ - Création d’un nouveau plus haut avec hausse des volumes  ⏎ - Zone de liquidités à aller chercher à la hausse (au-dessus du double top"
1135,messages2.html,2023-04-19T13:02:32+00:00,1134,,Analyse H1 : ⏎ - Création d’un nouveau plus bas pouvant induire un repli baissier au sein de la tendance haussière (cf. Flèche)  ⏎ - Prise de liquidités au-dessus d’un plus haut (cf. $)  ⏎ - Bougie impulsive à la baisse sur le dernier plus haut de la potentielle nouvelle tendance baissière à venir  ⏎  ⏎ Analyse M5 :  ⏎ - Création d’un structure baissière avec présence d’un nouveau plus bas
1136,messages2.html,2023-04-19T13:03:30+00:00,1132,tp1|breakeven,"✅Le TP1 avait été touché, 50% de la position encaissée et déplacement du SL au point d’entrée  ⏎  ⏎ 👉🏼Repris Break Even"
1138,messages2.html,2023-04-19T13:10:15+00:00,1132,,✅Je reprends la même position sur EUR/AUD avec les mêmes TP et le même SL  ⏎  ⏎ 👉🏼Analyse toujours valide ⏎  ⏎ + Nouvelle porte d’entrée possible avec retour sur le dernier plus bas de la tendance haussière en cours (M15)  ⏎ + Création d’un nouveau plus haut en M1
1140,messages2.html,2023-04-19T15:47:03+00:00,1139,,Analyse journalière :  ⏎ - Tendance haussière clairement définie  ⏎  ⏎ Analyse H1 :  ⏎ - Retour sur le dernier plus bas de la tendance haussière en cours (cf. Zone de support flèche rouge ) ⏎ - RSI en survente  ⏎  ⏎ Analyse M5 :  ⏎ - Création d’un nouveau plus haut au sein de la tendance baissière court terme (cf.  Flèche noire)  ⏎ - Retour sur le dernier plus bas de la potentielle nouvelle tendance haussière à ven
1141,messages2.html,2023-04-19T16:08:08+00:00,1139,breakeven|closed,✅TP1 je sors 50% de la position et place mon SL au point d’entrée 🔥
1142,messages2.html,2023-04-19T18:39:02+00:00,1139,closed,✔️Je sors 100% de ma position sur le Nasdaq ✅ ⏎  ⏎ +100 points 🔥
1143,messages2.html,2023-04-20T00:23:53+00:00,1134,,❌SL sur GBP/NZD
1144,messages2.html,2023-04-20T00:24:34+00:00,1138,breakeven|closed,✅TP1 sur EUR/AUD  ⏎  ⏎ Je sors 50% de la position et place le SL au point d’entrée
1147,messages2.html,2023-04-20T15:16:30+00:00,1146,tp1|breakeven|closed,✅TP1 touché 🔥 ⏎  ⏎ Je sors 50% de la position et place mon SL au point d’entrée
1149,messages2.html,2023-04-20T17:20:44+00:00,1148,,"Analyse H1 :  ⏎ - Cassure du dernier plus bas de la tendance haussière court terme  ⏎  ⏎ Analyse M30 :  ⏎ - Retour sur les 0,618 du retracement de Fibonacci de la dernière vague baissière  ⏎  ⏎ Analyse M1 :  ⏎ - Création d’une structure baissière avec présence d’un nouveau plus bas  ⏎ - Retour sur les derniers points hauts permettant d’offrir un R/R intéressant pour prendre position"
1150,messages2.html,2023-04-20T17:48:55+00:00,1148,,❌SL sur Nasdaq100
1152,messages2.html,2023-04-20T17:54:17+00:00,1151,,Analyse M3 :  ⏎ - Invalidation du scénario baissier avec création d’un nouveau plus haut ⏎ - Validation d’une figure en tasse avec anse  ⏎ - Pullback de qualité sur le dernier plus haut avec bougie pleine  ⏎ - Moyenne mobile exponentielle 50 orientée parfaitement à la hausse
1153,messages2.html,2023-04-20T18:00:36+00:00,1151,breakeven|closed,✅TP1 sur le Nasdaq 🔥 ⏎  ⏎ Je sors 50% de la position et place le TP au point d’entrée
1154,messages2.html,2023-04-20T18:26:24+00:00,1152,,✅TP2 sur le Nasdaq100 🔥🥳
1156,messages2.html,2023-04-21T13:40:43+00:00,1155,,Analyse H4 :  ⏎ - Cassure du dernier plus bas de la tendance haussière précédente  ⏎  ⏎ Analyse H1 :  ⏎ - Retour sur le dernier plus haut de la potentielle tendance baissière à venir  ⏎  ⏎ Analyse M30 :  ⏎ - Cassure de la trendline partant des plus bas  ⏎ - Cassure d’une zone de support sur le RSI  ⏎  ⏎ Analyse M5 :  ⏎ - Cassure du dernier plus bas de la tendance haussière en cours  ⏎ - Retour sur le dernier plus haut de
1158,messages2.html,2023-04-21T16:16:24+00:00,1157,,Analyse M15 :  ⏎ - Moyenne mobile exponentielle 50 en résistance  ⏎ - Tendance baissière court terme clairement dessinée ⏎  ⏎ Analyse M5 :  ⏎ - Tendance baissière en cours  ⏎ - Retour sur le dernier plus haut  ⏎ de la tendance baissière  ⏎ - Bougie pleine de réintégration au niveau du dernier plus haut  ⏎ - Zone de liquidité à aller chercher à la baisse  ⏎  ⏎ + Vendredi = volatilité souvent plus importante
1159,messages2.html,2023-04-21T16:35:12+00:00,1157,,❌SL sur le Nasdaq
1160,messages2.html,2023-04-21T16:48:24+00:00,1157,,✔️Je reprend la même position sur le Nasdaq 12998 ⏎ ❌SL 13014 ⏎  ⏎ 🎯Ratio : 6/1
1161,messages2.html,2023-04-21T17:18:08+00:00,1160,breakeven|closed,Je sors au point d’entrée
1162,messages2.html,2023-04-21T17:30:37+00:00,,recap,Résumé des trades de la semaine :  ⏎  ⏎ Lundi :  ⏎ 🟢Nasdaq100 : TP3 ✅ +80 points  ⏎ 🟡C98 (crypto) : Trade en cours  ⏎  ⏎ Mardi :  ⏎ 🔴Nasdaq100 : SL ❌ -20 points  ⏎ 🟢EUR/AUD : TP1 ✅ Sorti BE après avoir encaissé 50%  ⏎  ⏎ Mercredi :  ⏎ 🔴GBP/NZD : SL  ⏎ 🟢Nasdaq100 : TP2 ✅ +100 points  ⏎ 🟢EUR/AUD : TP1 ✅ Sorti BE après avoir encaissé 50% ⏎  ⏎ Jeudi :  ⏎ 🟢EUR/NZD : TP1 ✅ Sorti BE après avoir encaissé 50%  ⏎ 🔴Nasdaq100 : SL ❌ -18 point
1163,messages2.html,2023-04-21T17:39:10+00:00,1162,,"🎯Soit une moyenne de 55% de positions gagnantes avec un R/R moyen de 2,5/1 (en lissant avec les TP1)  ⏎  ⏎ 📊Rendement théorique de 43% sur 100 positions"
1169,messages2.html,2023-04-24T15:22:46+00:00,1168,,Analyse H1 :  ⏎ - Cassure de la trendline baissière partant des plus hauts  ⏎ - Moyenne mobile exponentielle 50 en support  ⏎  ⏎ Analyse M15 :  ⏎ - Cassure du dernier plus haut de la tendance baissière  ⏎ - Création d’un nouveau plus haut validant l’hypothèse d’une nouvelle tendance haussière à venir  ⏎  ⏎ Analyse M5 :  ⏎ - Retour sur le précédent plus bas de la tendance haussière en cours avec bougies présentants 
1170,messages2.html,2023-04-24T15:35:33+00:00,1168,,✅Sorti BE après avoir touché le TP1 et encaissé 50%
1171,messages2.html,2023-04-24T16:24:23+00:00,1167,breakeven|closed,✔️Je sors au point d’entrée sur USD/CAD  ⏎  ⏎ 👉🏼Présence de mèche H1 sur le précédent plus bas de la tendance haussière en cours qui pourraient invalider le trade
1173,messages2.html,2023-04-24T16:35:40+00:00,1172,,Analyse journalière :  ⏎ - Réintégration du plus haut mensuel de mars  ⏎ - Divergence RSI baissière validée sur la zone de résistance ⏎ - Configuration en avalement baissier validée  ⏎  ⏎ Analyse H4 :  ⏎ - Cassure du précédent plus bas de la tendance haussière en cours  ⏎ - Moyenne mobile exponentielle 50 en résistance dynamique  ⏎ - Zone de liquidité à aller chercher à la baisse  ⏎  ⏎ Analyse M30 :  ⏎ - Tendance baiss
1174,messages2.html,2023-04-24T18:16:48+00:00,1172,,❌SL sur le Gold
1176,messages2.html,2023-04-24T19:07:53+00:00,1175,tp1,"✅TP1 touché, repris BE"
1180,messages2.html,2023-04-25T13:24:06+00:00,1179,,"Analyse journalière :  ⏎ - Tendance baissière clairement définie  ⏎ - Moyenne mobile exponentielle 100 en résistance dynamique  ⏎ - Bougie d’avalement baissière sur les 0,618 du retracement de Fibonacci de la dernière vague de baisse  ⏎  ⏎ Analyse H4 :  ⏎ - Prise de liquidités au-dessus de précédents top  ⏎ - Création d’un nouveau plus bas, validée par la présence de deuxième plus bas  ⏎ - Cassure de trendline pa"
1182,messages2.html,2023-04-25T14:10:26+00:00,1181,,✔️Ensemble de l’analyse journalière et H4 toujours valide  ⏎  ⏎ Analyse M5 :  ⏎ - Retour sur le dernier plus haut de la potentielle nouvelle tendance baissière à venir  ⏎ - RSI en surachat  ⏎ - Présence de mèches intéressantes dans une zone de liquidités (Bougie rouge pleine M5 de 9h45)  ⏎  ⏎ Analyse M1 :  ⏎ - Création d’un nouveau plus bas
1183,messages2.html,2023-04-25T14:34:14+00:00,1181,tp1|closed,✅TP1 touché  ⏎  ⏎ Je sors 50% de ma position et passe BE 🔥
1186,messages2.html,2023-04-26T11:55:03+00:00,1185,,Analyse H1 :  ⏎ - Tendance baissière clairement définie selon la théorie de Dow  ⏎  ⏎ Analyse M15 :  ⏎ - Cassure du dernier plus bas du rebond haussier impulsif (validée par la cassure d’un nouveau plus bas)  ⏎ - Zone de liquidité ++ à aller rechercher au niveau des fortes bougies impulsives haussières de cette nuit
1187,messages2.html,2023-04-26T12:06:33+00:00,1185,breakeven|closed,✅TP1 sur le Nasdaq 🔥 ⏎  ⏎ Je sors 50% de ma position et place le SL au point d’entrée
1189,messages2.html,2023-04-26T14:01:40+00:00,1188,,"Analyse des jours précédents toujours valable sur H4 et Journalier  ⏎  ⏎ Analyse H1 :  ⏎ - Trendline baissière en résistance  ⏎ - Zone de liquidité à aller chercher à la baisse (bougie verte impulsive sur les plus bas, trendline haussière sur les plus bas)  ⏎  ⏎ Analyse M30 :  ⏎ - Cassure du dernier plus bas du rebond haussier en cours  ⏎ - Retour sur le dernier plus haut pouvant être le potentiel départ d’une no"
1190,messages2.html,2023-04-26T14:23:03+00:00,1188,,❌SL sur le Gold
1192,messages2.html,2023-04-26T14:39:21+00:00,1191,,🎯Ratio : 3/1  ⏎  ⏎ 📊Type de trade : Intraday
1193,messages2.html,2023-04-26T15:13:07+00:00,1191,breakeven|closed,✅TP1 sur le Dow  ⏎  ⏎ Je sors 50% de ma position et place le SL au point d’entrée
1194,messages2.html,2023-04-26T15:27:48+00:00,1191,,✅TP2 sur le Dow Jones 🔥🥳
1195,messages2.html,2023-04-26T15:42:42+00:00,1179,tp1,✅TP1 touché sur AUD/JPY 🔥 ⏎  ⏎ J’encaisse 20% de ma position
1198,messages2.html,2023-04-27T13:45:49+00:00,1197,,Analyse M15 :  ⏎ - Prise de liquidités au-dessus d’un top  ⏎ - Cassure du dernier plus bas de la tendance haussière en cours  ⏎ - Cassure d’une zone support avec pullback sur le RSI  ⏎   ⏎ Analyse M5 :  ⏎ - Bougie impulsive baissière validée avec mèche
1199,messages2.html,2023-04-27T14:03:32+00:00,1197,breakeven|closed,✅TP1 sur NZD/CAD 🔥 ⏎  ⏎ Je sors 50% de la position et place le SL au point d’entrée
1201,messages2.html,2023-04-27T15:16:30+00:00,1200,,"Analyse Journalière :  ⏎ - Tendance de fond haussière  ⏎ - Moyennes mobiles exponentielles 50, 100 et 200 orientées à la hausse  ⏎ - Trendline haussière en support sur le RSI  ⏎  ⏎ Analyse H4 :  ⏎ - Présence de bougies avec mèches ++ sur une zone de support montrant l’intérêt des acheteurs  ⏎  ⏎ Analyse H1 :  ⏎ - Cassure d’une trendline de qualité avec pullback de qualité également  ⏎  ⏎ Analyse M5 :  ⏎ - Création de nou"
1202,messages2.html,2023-04-27T15:19:07+00:00,1197,closed,✅Je sors 100% de ma position à l’approche du TP2 sur NZD/CAD 🔥
1203,messages2.html,2023-04-27T15:42:28+00:00,1200,,"✅TP1 sur le Nasdaq 🔥 ⏎  ⏎ C’est parti fort, j’encaisse 20% de la position"
1204,messages2.html,2023-04-27T18:58:24+00:00,1200,tp2|breakeven|closed,✅TP2 touché 🔥 ⏎  ⏎ Je sors 50% de ma position et place le SL au point d’entrée
1205,messages2.html,2023-04-27T20:03:53+00:00,1200,closed,✅Je sors du Nasdaq 🔥 ⏎  ⏎ +180 points en quelques heures 🥳
1207,messages2.html,2023-04-28T13:26:43+00:00,,recap,"Résumé des trades de la semaine :  ⏎  ⏎ Lundi :  ⏎ 🟢Nasdaq100 : TP1 ✅ Sorti BE après avoir encaissé 50% (+17 points)  ⏎ 🟡USD/CAD : Sorti au point d’entrée  ⏎ 🔴Gold : SL ❌ ⏎ 🟢USD/CAD : TP1 ✅ Sorti BE après avoir encaissé 50% ⏎  ⏎ Mardi :  ⏎ 🟢AUD/JPY : TP1 ✅ Sorti 20% au TP1, trade en cours  ⏎ 🟢Gold : TP1 ✅ Sorti BE après avoir encaissé 50% ⏎  ⏎ Mercredi :  ⏎ 🟢Nasdaq100 : TP1 ✅ Sorti BE après avoir encaissé 50% (+40 points) "
1208,messages2.html,2023-04-28T13:30:43+00:00,1207,,"🎯Soit une moyenne de 80% de positions gagnantes avec un R/R moyen aux alentours 2,5/1 (en lissant avec les TP1)  ⏎  ⏎ 📊Rendement théorique de 90% sur 100 positions"
1213,messages2.html,2023-05-01T13:24:54+00:00,1212,,Analyse H4 :  ⏎ - Prise de liquidité au-dessus de plusieurs top  ⏎  ⏎ Analyse M15 :  ⏎ - Épaule-tête-épaule validée  ⏎  ⏎ Analyse M5 :  ⏎ - Moyenne mobile exponentielle 100 parfaitement orientée en résistance dynamique
1215,messages2.html,2023-05-01T14:54:23+00:00,1212,,❌SL sur le Nasdaq
1218,messages2.html,2023-05-01T15:02:31+00:00,1217,tp1|breakeven|closed,✅TP1 touché 🔥 ⏎  ⏎ Je sors 50% et place le SL au point d’entrée
1219,messages2.html,2023-05-01T16:14:27+00:00,1218,breakeven,✔️Repris Break Even
1222,messages2.html,2023-05-01T20:09:22+00:00,1221,,Analyse mensuelle :  ⏎ - Tendance de fond baissière selon la théorie de Dow  ⏎  ⏎ Analyse journalière :  ⏎ - Épaule-tête-épaule de qualité validée  ⏎ - Pullback réalisé sur la ligne de cou avec réaction intéressante ⏎ - Moyenne mobile exponentielle 200 (ayant réagi à de nombreuses reprises par le passé) en résistance dynamique  ⏎ - Zone de résistance sur le RSI
1225,messages2.html,2023-05-02T15:01:26+00:00,1224,,Analyse M30 :  ⏎ - Cassure du précédent plus bas de la tendance haussière en cours  ⏎ - Cassure de la moyenne exponentielle 50 devant résistance dynamique  ⏎ - Trendline baissière en résistance sur le RSI  ⏎  ⏎ Analyse M1 :  ⏎ - Tendance baissière en cours selon la théorie de Dow  ⏎ - Retour au niveau du dernier plus haut de la tendance baissière court terme
1226,messages2.html,2023-05-02T15:06:49+00:00,1224,tp1|breakeven|closed,✅TP1 touché 🔥 ⏎  ⏎ Je sors 50% de ma position et place mon SL au point d’entrée
1227,messages2.html,2023-05-02T15:16:38+00:00,1224,tp2,✅TP2 touché 🥳 ⏎  ⏎ +60 points en 10 minutes
1229,messages2.html,2023-05-02T16:00:53+00:00,1228,,Analyse H4 :  ⏎ - Tendance haussière clairement dessinée  ⏎ - Trendline haussière en support  ⏎ - Moyenne mobile exponentielle 100 en support dynamique  ⏎  ⏎ Analyse H1 :  ⏎ - Zone de demande importante ⏎  ⏎ Analyse M30 :  ⏎ - Hausse importante des volumes
1232,messages2.html,2023-05-03T14:00:42+00:00,1231,,Analyse M30 :  ⏎ - Tendance baissière court terme  ⏎ - Cassure d’une zone de support sur le RSI  ⏎ - Validation d’un drapeau baissier avec bougie pleine sur cassure  ⏎ - Moyenne mobile exponentielle 50 orientée en résistance dynamique  ⏎ - Forte volatilité attendue sur les marchés aujourd’hui qui pourrait profiter à ce genre de Setup
1233,messages2.html,2023-05-03T14:15:56+00:00,1221,,"✔️Je renforce ma vente sur la paire AUD/CAD 0,90734 ⏎  ⏎ - Zone de résistance H4  ⏎ - Création d’une structure baissière selon la théorie de Dow M15/M30  ⏎ - Cassure d’une trendline sur le RSI M30 ⏎ - Cassure du précédent plus bas de la tendance haussière court terme M15 ⏎ - Zone de liquidité à aller chercher à la baisse (bougie impulsive haussière du 2 mai à 6h30)"
1235,messages2.html,2023-05-03T14:41:17+00:00,1234,,Analyse M5 :  ⏎ - Zone de demande importante avec bougie présentant une mèche intéressante sous la zone  ⏎ - Moyenne mobile exponentielle 100 en support dynamique  ⏎ - Zone de support sur le RSI  ⏎ - Zone de liquidité à aller chercher à la hausse (bougie rouge pleine lors de la chute d’hier non comblée)
1236,messages2.html,2023-05-03T14:53:04+00:00,1234,tp1|breakeven|closed,✅TP1 touché 🔥 ⏎  ⏎ Je sors 50% de la position et place le SL au point d’entrée
1237,messages2.html,2023-05-03T15:17:22+00:00,1236,,✔️Sorti BE
1239,messages2.html,2023-05-03T15:30:09+00:00,1238,closed,"Analyse M30 :  ⏎ - Réintégration de la moyenne mobile exponentielle 100 ⏎ - Cassure du précédent plus bas de la tendance haussière précédente (=recherche prioritaire de vente malgré en achat tenter précédemment)  ⏎ - Niveau 0,618 / 0,5 de Fibonacci de la précédente vague de baisse ⏎  ⏎ Analyse M15 :  ⏎ - Bougie d’avalement baissière clôturée  ⏎ - Retour sur la zone de demande de façon « agressive » ⏎  ⏎ Analyse M1 "
1240,messages2.html,2023-05-03T17:45:56+00:00,1238,tp1,✅Le TP1 avait été touché 🔥 ⏎  ⏎ Le mieux serait de sortir pour ceux encore en position avant la FED à 20h00
1241,messages2.html,2023-05-03T19:24:00+00:00,1228,tp1,✅TP1 touché sur GBP/USD🔥 ⏎  ⏎ J’encaisse 20% de la position
1242,messages2.html,2023-05-03T19:58:28+00:00,1231,,❌SL sur AAVE/USDT
1244,messages2.html,2023-05-04T14:56:03+00:00,1243,,"Analyse journalière :  ⏎ - Impulsion haussière d’octobre toujours valable selon la théorie de Dow (le dernier plus bas n’ayant pas été cassé)  ⏎ - Zone de support importante ⏎  ⏎ Analyse H4 :  ⏎ - Cassure du précédent plus haut de la tendance baissière en cours  ⏎ - Retour sur le niveau 0,618 du retracement de Fibonacci de la nouvelle impulsion haussière (+Bougie d’avalement à ce niveau)  ⏎ - Trendline en suppo"
1246,messages2.html,2023-05-05T10:09:12+00:00,1243,tp1|closed,✅TP1 touché sur GBP/CHF 🔥 ⏎  ⏎ Je sors 20% de la position initiale
1248,messages2.html,2023-05-05T14:43:34+00:00,1245,breakeven|closed,✔️Je sors de SOL/USDT au niveau du point d’entrée  ⏎  ⏎ La réaction espérée n’a pas eu lieu
1249,messages2.html,2023-05-05T16:59:13+00:00,,recap,"Résumé des trades de la semaine :  ⏎  ⏎ Lundi :  ⏎ 🔴Nasdaq100 : SL ❌ -15 points ⏎ 🟢Nasdaq100 : TP1 ✅ Sorti BE après avoir encaissé 50% (+33 points) ⏎ 🟡AUD/CAD : Trade en cours  ⏎  ⏎ Mardi :  ⏎ 🟢Nasdaq100 : TP2 ✅ +60 points ⏎ 🟢GBP/USD : TP2 ✅ 50% du trade encaissé, SL au point d’entrée, trade en cours  ⏎  ⏎ Mercredi :  ⏎ 🔴AAVE/USDT : SL ❌ ⏎ 🟡AUD/CAD : Trade en cours  ⏎ 🟢Nasdaq : TP1 ✅Sorti BE après avoir encaissé 50% (+30 poi"
1254,messages2.html,2023-05-08T17:23:59+00:00,1253,,Analyse M15 :  ⏎ - Tendance baissière clairement dessinée  ⏎ - Moyenne mobile exponentielle 100 en résistance dynamique  ⏎ - Bougies avec mèches intéressantes au niveau de cette moyenne mobile (correspondant également à une zone de résistance)  ⏎  ⏎ Analyse M5 :  ⏎ - Cassure du précédent plus bas de la tendance haussière court terme
1255,messages2.html,2023-05-08T18:58:49+00:00,1253,,✅TP1 🔥 ⏎  ⏎ Je sécurise le trade et encaisse 50% de la position
1256,messages2.html,2023-05-08T19:12:07+00:00,1255,,✅TP2 🥳🥳
1258,messages2.html,2023-05-09T14:14:03+00:00,1257,,Analyse hebdomadaire :  ⏎ - Tendance de fond haussière ⏎  ⏎ Analyse journalière :  ⏎ - Trendline haussière en support  ⏎ - Moyenne mobile exponentielle 200 en support dynamique  ⏎  ⏎ Analyse H4 :  ⏎ - Cassure du précédant plus haut de la tendance baissière court terme  ⏎ - Bougie englobante haussière au niveau du plus bas précédent montrant le retour des acheteurs ⏎ - RSI en survente
1260,messages2.html,2023-05-09T15:47:08+00:00,1259,,"Analyse H1 :  ⏎ - Tendance haussière de fond  ⏎  ⏎ Analyse M30 :  ⏎ - Retour sur le niveau 0,786 du retracement de Fibonacci de la dernière vague de hausse  ⏎  ⏎ Analyse M5 :  ⏎ - Cassure du dernier plus haut de la tendance baissière court terme  ⏎ - Cassure avec pullback de la trendline partant des plus hauts"
1261,messages2.html,2023-05-09T16:27:26+00:00,1259,sl_hit,❌SL touché sur le Nasdaq
1264,messages2.html,2023-05-10T13:53:44+00:00,1263,,Analyse M30 :  ⏎ - Cassure du dernier plus bas de la tendance haussière court terme (=Probabilité de retracement baissier)  ⏎ - Retour au niveau du dernier plus haut avec prise de liquidités (bougie avec mèche en cours)  ⏎  ⏎ Analyse M1 :  ⏎ - Divergence RSI validée  ⏎  ⏎ + Volatilité potentiellement importante suite à la publication des chiffres sur l’inflation
1265,messages2.html,2023-05-10T14:14:25+00:00,1263,,❌SL sur le Nasdaq
1267,messages2.html,2023-05-10T14:23:04+00:00,1266,closed,"Analyse journalière :  ⏎ - Zone de résistance  ⏎ - Divergence RSI ⏎  ⏎ Analyse H4 :  ⏎ - Cassure du dernier plus bas de la tendance haussière en cours (=probabilité importante de repli baissier)  ⏎ - Création d’une zone d’accumulation importante avec une sortie impulsive à la hausse (=potentielle manipulation) avant un probable retournement à la baisse (=distribution) (schéma classique de l’AMD (accumulation,"
1269,messages2.html,2023-05-10T15:42:17+00:00,1268,closed,Analyse H4 :  ⏎ - Création d’un nouveau plus bas  ⏎ - Bougie englobante baissière en cours (non clôturée) ⏎ - Cassure de la moyenne mobile exponentielle 100 à la baisse  ⏎  ⏎ Analyse H1 :  ⏎ - Zone de résistance  ⏎ - Réaction impulsive à la baisse au niveau de cette zone avec bougie baissière impulsive clôturée
1271,messages2.html,2023-05-10T18:32:28+00:00,1268,,"✅TP1 sur le Dow Jones🔥 ⏎  ⏎ Comme d’habitude, sécurisation du trade et j’encaisse 50%"
1272,messages2.html,2023-05-10T19:49:09+00:00,1270,tp1,"✅TP1 avait été touché sur le Nasdaq 🔥 ⏎  ⏎ 50% de la position encaissée, repris BE"
1275,messages2.html,2023-05-11T16:04:04+00:00,1274,,Analyse Journalière :  ⏎ - Zone de résistance avec prise de liquidités au-dessus ⏎  ⏎ Analyse H4 :  ⏎ - Épaule-tête-épaule validée  ⏎ - Moyenne mobile exponentielle 100 parfaitement orientée en résistance dynamique  ⏎ - Trendline baissière en résistance sur le RSI
1277,messages2.html,2023-05-12T11:01:32+00:00,1266,,✅TP1 sur le Gold 🔥 ⏎  ⏎ J’encaisse 20% de ma position
1278,messages2.html,2023-05-12T15:15:12+00:00,1257,,✅Je sécurise la position sur USD/CAD à l’approche du TP1
1279,messages2.html,2023-05-12T15:33:03+00:00,,recap,Résumé des trades de la semaine :  ⏎  ⏎ Lundi :  ⏎ 🟢ETH/USDT : TP2 ✅ ⏎  ⏎ Mardi :  ⏎ 🟢USD/CAD : TP1 en approche ✅ trade sécurisé  ⏎ 🔴Nasdaq : SL ❌(-16 point)  ⏎  ⏎ Mercredi :  ⏎ 🟢Gold : TP1 ✅ trade en cours  ⏎ 🟢Dow Jones : TP1 ✅Sorti BE après avoir encaissé 50% (+279 points) ⏎ 🟢Nasdaq : TP1 ✅Sorti BE après avoir encaissé 50% (+19 points) ⏎  ⏎ Jeudi :  ⏎ 🟡ADA/USDT : Trade en cours  ⏎  ⏎ Vendredi :  ⏎ 👉🏼Aucun trade
1284,messages2.html,2023-05-15T14:55:18+00:00,1283,closed,Analyse H1 :  ⏎ - Cassure du dernier plus bas de la tendance haussière en cours  ⏎  ⏎ Analyse M5 :  ⏎ - Création d’une structure baissière avec présence de plus bas et de plus haut de plus en plus bas  ⏎ - Moyenne mobile exponentielle 100 en résistance  ⏎  ⏎ Analyse M3 :  ⏎ - Bougie baissière rouge avec mèche clôturée  ⏎ - Trendline baissière en résistance sur le RSI
1285,messages2.html,2023-05-15T14:58:10+00:00,1283,,✅TP1 🔥 ⏎  ⏎ Je sécurise la position
1286,messages2.html,2023-05-15T15:13:28+00:00,1283,closed,✅TP2 🥳 ⏎  ⏎ Je sors 100% de la position
1287,messages2.html,2023-05-15T15:15:29+00:00,1284,,🔥🔥
1289,messages2.html,2023-05-16T13:32:30+00:00,,tp1|breakeven,"🎯Point sur les trades en cours :  ⏎ 🟢AUD/CAD en positif  ⏎ 🟢Gold en positif (TP1 touché, 20% de la position encaissée) ⏎ 🟢GBP/CHF en positif (trade 1 : TP1 touché, 20% de la position encaissée)  ⏎ 🟢USD/CAD en positif (trade sécurisé)  ⏎ 🟡GBP/CHF au point d’entrée (renfort) ⏎ 🟡ADA/USDT au point d’entrée ⏎  ⏎ 🟢GBP/USD sorti BE après avoir encaissé 50% au TP2"
1292,messages2.html,2023-05-16T15:12:17+00:00,1291,tp1,✅TP1 touché 🔥 ⏎  ⏎ J’encaisse 50% et sécurise le trade
1293,messages2.html,2023-05-16T15:15:43+00:00,1291,,Analyse M30 :  ⏎ - Zone de résistance  ⏎ - Cassure du précédent plus bas de la tendance haussière en cours  ⏎ - Prise de liquidité (bougie avec mèche) au niveau du dernier plus haut ⏎  ⏎ Analyse M3 :  ⏎ - Bougie de réintégration impulsive (=fausse cassure du dernier plus haut)
1295,messages2.html,2023-05-16T15:28:16+00:00,1294,,Analyse H1 :  ⏎ - Tendance baissière selon la théorie de Dow  ⏎ - Retour sur le dernier plus haut de la tendance baissière en cours  ⏎ - Moyenne mobile exponentielle 100 en résistance dynamique  ⏎  ⏎ Analyse M30 :  ⏎ - Cassure du dernier plus bas du rebond haussier en cours ⏎  ⏎ Analyse M15 :  ⏎ - Bougie englobante baissière validée sur les plus hauts démontrant un force vendeuse importante
1296,messages2.html,2023-05-16T15:30:07+00:00,1292,,✔️Reprise BE sur le Nasdaq
1297,messages2.html,2023-05-16T23:00:14+00:00,1290,,✔️Je sécurise le trade sur AUD/JPY
1298,messages2.html,2023-05-17T09:02:41+00:00,1294,tp1|breakeven|closed,✅TP1 touché 🔥 ⏎  ⏎ Je sors 50% de la position et place le SL au point d’entrée
1300,messages2.html,2023-05-17T13:30:16+00:00,1297,,✔️Sorti BE sur AUD/JPY
1302,messages2.html,2023-05-17T13:47:06+00:00,1301,,Analyse H4 :  ⏎ - Cassure du dernier plus haut de la tendance baissière en cours  ⏎ - Cassure de la trendline partant des plus hauts  ⏎ - Moyenne mobile exponentielle 100 en support dynamique  ⏎ - Tendance haussière sur le RSI  ⏎  ⏎ Analyse M30 :  ⏎ - Création de nouveaux plus hauts démontrant une nouvelle tendance haussière en cours
1303,messages2.html,2023-05-17T15:17:54+00:00,1298,,✔️Repris BE sur le Pétrole
1304,messages2.html,2023-05-17T15:18:05+00:00,1277,breakeven,✅TP2 sur le Gold 🔥 ⏎  ⏎ J’encaisse 50% de la position et place mon SL au point d’entrée
1306,messages2.html,2023-05-17T15:35:38+00:00,1305,,Analyse d’hier toujours valide ✔️ ⏎  ⏎ + Prise de liquidité au-dessus des derniers plus hauts en M15 avec réintégration immédiate (=fausse cassure)
1307,messages2.html,2023-05-17T16:38:38+00:00,1305,,❌SL sur le Pétrole
1321,messages2.html,2023-05-19T13:15:45+00:00,,breakeven,⏳Surveillance activée sur le paire GBP/NZD pour trouver un point d’entrée optimale à la vente - H4 📉 ⏎  ⏎ - Épaule-tête-épaule en formation  ⏎ - Cassure de la trendline haussière partant des plus bas  ⏎ - Moyenne mobile exponentielle 100 parfaitement orientée en résistance dynamique
1323,messages2.html,2023-05-19T14:43:15+00:00,1322,,🎯Ratio : 3/1  ⏎  ⏎ 📊Type de trade : Intraday
1324,messages2.html,2023-05-19T15:04:22+00:00,1322,,❌SL sur les Nasdaq100
1325,messages2.html,2023-05-19T15:08:11+00:00,1322,,"Les signaux étaient les suivants :  ⏎ - Tendance de fond très haussière (H1/M30)  ⏎ - Réaction intéressante sur le niveau 0,382 du retracement de Fibonacci de la dernière vague de hausse  ⏎ - Cassure de la moyenne mobile exponentielle 100 à la hausse (M5)  ⏎ - Cassure du dernier plus haut de la tendance baissière court terme (M5/M3) ⏎ - Cassure de la trendline partant des plus hauts (fausse cassure finaleme"
1327,messages2.html,2023-05-19T15:46:26+00:00,1326,breakeven|closed,✔️Je sors de la position avec la FED au point d’entrée
1329,messages2.html,2023-05-19T16:08:42+00:00,1328,,Analyse M30 :  ⏎ - Tendance haussière en cours ⏎ - Moyenne mobile exponentielle 200 en support dynamique  ⏎ - Zone de support (dernier plus bas de la tendance haussière en cours)  ⏎  ⏎ Analyse M15 :  ⏎ - Bougie englobante haussière validée
1330,messages2.html,2023-05-19T16:16:01+00:00,1328,,❌SL sur CAD/CHF
1331,messages2.html,2023-05-19T18:21:52+00:00,,recap,🎯Résumé des trades de la semaine :  ⏎  ⏎ Lundi :  ⏎ 🟡GBP/CHF (renfort) : trade en cours  ⏎ 🟢Nasdaq : TP2 ✅ +48 points  ⏎  ⏎ Mardi :  ⏎ 🟡AUD/JPY : Sorti BE  ⏎ 🟢Nasdaq : TP1 ✅ Sorti BE après avoir encaissé 50% (+23 points)  ⏎ 🟢Pétrole : TP1 ✅ Sorti BE après avoir encaissé 50% ⏎  ⏎ Mercredi :  ⏎ 🟡CAD/CHF : Trade en cours  ⏎ 🔴Pétrole : SL ❌ ⏎  ⏎ Jeudi :  ⏎ 👉🏼Pas de trade  ⏎  ⏎ Vendredi :  ⏎ 🔴Nasdaq : SL ❌ -37 points ⏎ 🟡Nasdaq : Sorti BE  ⏎ 🔴C
1334,messages2.html,2023-05-22T14:22:47+00:00,1333,breakeven,"Analyse H4 :  ⏎ - Cassure de la trendline haussière partant des plus bas  ⏎ - Zone de pullback  ⏎  ⏎ Analyse H1 :  ⏎ - Tendance baissière en cours  ⏎ - Moyenne mobile exponentielle 200 en résistance dynamique ⏎ - Retour sur le niveau 0,618 du retracement de Fibonacci de la dernière vague de baisse  ⏎ - Retour sur le dernier plus haut de la tendance baissière en cours  ⏎  ⏎ Analyse M30 :  ⏎ - Prise de liquidités au-dess"
1335,messages2.html,2023-05-22T17:43:31+00:00,1333,breakeven,✔️Je place le SL au point d’entrée sur GBP/CAD
1336,messages2.html,2023-05-23T11:00:35+00:00,1333,tp1,✅TP1 touché sur GBP/CAD 🔥
1338,messages2.html,2023-05-23T13:00:18+00:00,1337,,Analyse hebdomadaire :  ⏎ - Zone de support  ⏎ - Bougie englobante validée  ⏎  ⏎ Analyse journalière :  ⏎ - Divergence RSI validée  ⏎  ⏎ Analyse H4 :  ⏎ - Cassure de la trendline partant des plus hauts  ⏎ - Création d’un nouveau pouvant impulser une nouvelle tendance haussière  ⏎ - Moyenne mobile exponentielle 100 en support dynamique  ⏎ - Réaction intéressante sur sa trendline haussière
1339,messages2.html,2023-05-23T13:40:39+00:00,1333,closed,✅Je sors 100% de la position sur GBP/CAD à l’approche du TP2 🔥
1342,messages2.html,2023-05-23T15:05:47+00:00,1341,closed,Analyse H4 :  ⏎ - Divergence RSI validée  ⏎  ⏎ Analyse M30 :  ⏎ - Pullback sur une trendline intéressante  ⏎ - Moyenne mobile exponentielle 100 en résistance dynamique  ⏎  ⏎ Analyse M5 :  ⏎ - Retour sur le dernier point haut de la tendance baissière en cours  ⏎ - Bougies avec mèches (prise de liquidités) clôturées pour entrer en position
1343,messages2.html,2023-05-23T17:07:42+00:00,1341,breakeven,✔️Je place mon SL au point d’entrée sur le Nasdaq
1344,messages2.html,2023-05-23T17:28:58+00:00,1341,closed,"✅TP1, je sors 50% de la position 🔥"
1345,messages2.html,2023-05-23T17:42:37+00:00,1341,closed,✅Je sors 100% de la position à l’approche du TP2 🔥 ⏎  ⏎ +80 points
1347,messages2.html,2023-05-24T15:08:30+00:00,1346,closed,Analyse M30 :  ⏎ - Cassure de la trendline haussière partant des plus bas  ⏎ - Création d’un triangle descendant validé  ⏎ - Moyenne mobile exponentielle 100 en résistance dynamique  ⏎  ⏎ Analyse M15 :  ⏎ - Bougie baissière clôturée sur le pullback du triangle descendant  ⏎ - Moyenne mobile exponentielle 100 en résistance dynamique
1348,messages2.html,2023-05-24T17:53:56+00:00,1346,,❌SL sur CHF/JPY
1349,messages2.html,2023-05-24T21:59:35+00:00,1257,tp1|breakeven,✅TP1 touché sur USD/CAD 🔥 ⏎  ⏎ J’encaisse 50% de la position et place le SL au point d’entrée
1350,messages2.html,2023-05-24T22:02:45+00:00,1221,tp1,✅TP1 touché sur AUD/CAD 🔥 ⏎  ⏎ J’encaisse 20% de la position
1353,messages2.html,2023-05-25T11:15:24+00:00,1352,,Analyse journalière :  ⏎ - Épaule-tête-épaule validée  ⏎ - Baisse des volumes croissantes depuis septembre  ⏎  ⏎ Analyse H4 :  ⏎ - Tendance baissière en cours  ⏎ - Validation d’un triangle descendant  ⏎ - Moyenne mobile exponentielle 100 bien orientée  ⏎ - Bougie pleine baissière validée démontrant une probable prise en main de la part des vendeurs
1355,messages2.html,2023-05-25T13:55:13+00:00,1354,,Analyse H1 :  ⏎ - Cassure du dernier plus bas de la tendance haussière en cours  ⏎ - Retour sur le point haut pouvant potentiellement impulser une nouvelle tendance baissière court terme  ⏎  ⏎ Analyse M15 :  ⏎ - RSI en surachat  ⏎  ⏎ Analyse M3 :  ⏎ - Divergence RSI en cours  ⏎ - Cassure du dernier plus bas de la tendance haussière en cours
1356,messages2.html,2023-05-25T14:05:38+00:00,1354,breakeven|closed,✔️Je sors finalement du Nasdaq au point d’entrée  ⏎  ⏎ J’attend l’ouverture US à 15h30
1357,messages2.html,2023-05-25T14:36:21+00:00,1354,tp1,"✅Le TP1 a été touché pour ceux étant resté en position, je ne suis plus dedans comme indiqué  ⏎  ⏎ N’oubliez pas de sécuriser la position et d’encaisser 50%"
1359,messages2.html,2023-05-25T14:41:01+00:00,1358,,"Analyse H4 :  ⏎ - Épaule-tête-épaule validée  ⏎ - Moyenne mobile 50, 100 et 200 bien orientée à la baisse  ⏎  ⏎ Analyse H1 :  ⏎ - Cassure d’une trendline intéressante  ⏎  ⏎ Analyse M15 :  ⏎ - Tendance baissière en cours  ⏎ - Retour sur le dernier point haut de la tendance baissière  ⏎ - Configuration de bougies intéressantes avec mèches  ⏎  ⏎ Analyse M3 :  ⏎ - Cassure du dernier plus bas de la tendance haussière court term"
1360,messages2.html,2023-05-25T17:14:22+00:00,1358,breakeven,✔️Je sécurise la position sur le BTC et place le SL au point d’entrée
1361,messages2.html,2023-05-25T19:05:05+00:00,1358,,✔️Sorti BE sur le BTC
1363,messages2.html,2023-05-26T10:05:24+00:00,1362,,Analyse H4:  ⏎ - Cassure du dernier plus bas de la tendance haussière en cours  ⏎ - Retour au niveau du dernier plus haut (zone de liquidités avec bougies rouges pleines non comblées)  ⏎  ⏎ Analyse H2 :  ⏎ - Divergence RSI en cours  ⏎  ⏎ Analyse M15 :  ⏎ - Création d’une structure baissière avec présence de plus bas de et plus haut de plus en plus bas  ⏎ - Bougie englobante baissière validée pour rentrer en positio
1365,messages2.html,2023-05-26T14:30:19+00:00,1364,closed,Analyse H1 :  ⏎ - Zone de résistance sur le RSI  ⏎ - Moyenne mobile exponentielle 100 en résistance dynamique  ⏎  ⏎ Analyse M30 :  ⏎ - Tendance baissière clairement dessinée  ⏎ - Trendline baissière en résistance  ⏎ - Bougie baissière impulsive clôturée  ⏎ - Cassure de la trendline haussière court terme en cours
1366,messages2.html,2023-05-26T16:34:30+00:00,1364,breakeven|closed,"✅Je sors 50% de la position et place le SL au point d’entrée sur EUR/USD avant le TP1  ⏎  ⏎ 👉🏼Dernier vendredi du mois = potentiel mouvement très volatile, je préfère sécuriser"
1367,messages2.html,2023-05-26T18:45:29+00:00,1362,closed,✔️Je sors en légère perte sur GBP/AUD
1368,messages2.html,2023-05-26T18:53:03+00:00,,recap,🎯Résumé des trades de la semaine :  ⏎  ⏎ Lundi :  ⏎ 🟢GBP/CAD : TP2 ✅ ⏎  ⏎ Mardi :  ⏎ 🟢USD/CHF : Trade en cours en positif   ⏎ 🟢Nasdaq : TP2 ✅ +80 points   ⏎  ⏎ Mercredi :  ⏎ 🔴CHF/JPY : SL ❌ ⏎  ⏎ Jeudi :  ⏎ 🟡EUR/GBP : Trade en cours  ⏎ 🟢Nasdaq : TP1 ✅ Sorti 50% de la position (sorti BE personnellement)  ⏎ 🟡BTC/USDT : Sorti BE ⏎  ⏎ Vendredi :  ⏎ 🔴GBP/AUD : Sorti en légère perte avant le SL ❌ ⏎ 🟢EUR/USD : TP1 ✅ 50% de la position et SL a
1369,messages2.html,2023-05-29T11:58:46+00:00,1362,,🎯Le trade sur GBP/AUD a fini par se valider ✅
1372,messages2.html,2023-05-29T15:52:18+00:00,1370,,❌SL sur NZD/CAD
1374,messages2.html,2023-05-29T15:56:26+00:00,1373,,Analyse H4 :  ⏎ - Cassure du dernier plus haut de la tendance moyen terme en cours  ⏎ - Validation d’une potentielle nouvelle tendance haussière avec la création de nouveau plus haut  ⏎ - Retour sur le dernier plus bas de la nouvelle tendance haussière  ⏎  ⏎ Analyse H1 :  ⏎ - Cassure de la trendline partant des plus hauts  ⏎ - Pullback sur la trendline avec bougie haussière englobante en cours de validation  ⏎  ⏎ A
1375,messages2.html,2023-05-30T09:05:03+00:00,1337,tp1|closed,✅TP1 touché sur USD/CHF 🔥 ⏎  ⏎ Je sors 20% de la position
1378,messages2.html,2023-05-30T13:06:56+00:00,1377,,"Analyse H4 :  ⏎ - Validation d’un biseau descendant  ⏎ - Moyenne mobile exponentielle 50, 100, 200 bien orientée pour la poursuite d’un mouvement haussier  ⏎ - Bougie pleine avec hausse des volumes sur cassure du biseau ⏎ - Tendance haussière préalable au biseau bien dessinée  ⏎ - Retour sur une zone support avec présence de bougies avec mèches démontrant la prise en main par les acheteurs"
1380,messages2.html,2023-05-30T13:39:45+00:00,1379,,Analyse H4 :  ⏎ - Cassure du dernier plus bas de la tendance haussière en cours  ⏎ - Cassure d’une trendline intéressante  ⏎  ⏎ Analyse H1 :  ⏎ - Cassure d’une trendline haussière sur le RSI  ⏎  ⏎ Analyse M30 :  ⏎ - Formation d’une structure baissière avec cassure du précédent plus bas de la tendance haussière court terme
1383,messages2.html,2023-05-30T15:00:05+00:00,1382,tp1|breakeven,"✅TP1 touché sur Nasdaq100, 50% encaissé et SL au point d’entrée  ⏎  ⏎ C’est parti très rapidement"
1384,messages2.html,2023-05-30T15:03:02+00:00,1352,breakeven,✅J’encaisse 50% de la position et place le SL au point d’entrée à l’approche du TP1 sur EUR/GBP
1385,messages2.html,2023-05-30T15:05:20+00:00,1382,tp2,✅TP2 touché sur Nasdaq100 🔥
1387,messages2.html,2023-05-30T15:49:23+00:00,1386,,🎯Ratio : 6/1  ⏎  ⏎ 📊Type de trade : Intraday
1388,messages2.html,2023-05-30T16:16:43+00:00,1386,tp_generic,✔️Je reprends une position vendeuse sur le Nasdaq 14430  ⏎ ❌SL 14450 ⏎ Même TP ✅
1389,messages2.html,2023-05-30T18:34:56+00:00,1388,breakeven|closed,✅TP1 sur le Nasdaq100 🔥 ⏎  ⏎ Je sors 50% de la position et place le SL au point d’entrée
1391,messages2.html,2023-05-30T19:49:47+00:00,,breakeven,🎯Points sur les trades en cours :  ⏎ 🟢USD/CAD en positif  ⏎ 🟢USD/CHF en positif  ⏎ 🟢GBP/CHF en positif  ⏎ 🟢CAD/CHF en positif (2ième trade)  ⏎ 🟢AUD/CAD en positif  ⏎ 🟢EUR/GBP en positif  ⏎ 🟢Pétrole en positif  ⏎ 🟢Gold en positif  ⏎ 🟡ETH/USD au point d’entrée  ⏎ 🔴ADA/USDT en négatif  ⏎ 🔴CAD/CHF en négatif (1er trade)
1392,messages2.html,2023-05-31T13:54:19+00:00,1381,tp1|breakeven,✅TP1 touché sur le Pétrole 🔥 ⏎  ⏎ 50% de la position encaissée et SL au point d’entrée
1394,messages2.html,2023-05-31T14:46:46+00:00,1393,closed,Analyse journalière :  ⏎ - Validation d’un double bottom  ⏎ - Tendance haussière bien dessinée  ⏎  ⏎ Analyse H4 :  ⏎ - Retour sur une zone de demande avec bougies marteaux clôturées  ⏎  ⏎ Analyse M15 :  ⏎ - Cassure d’une trendline baissière  ⏎ - Cassure du dernier plus haut de la tendance baissière court terme
1395,messages2.html,2023-05-31T15:15:57+00:00,1373,tp1|breakeven|closed,✅TP1 touché sur CAD/CHF 🔥 ⏎  ⏎ Je sors 50% de la position et place le SL au point d’entrée
1396,messages2.html,2023-05-31T17:15:06+00:00,1373,,✅TP2 sur CAD/CHF 🥳
1398,messages2.html,2023-06-01T08:14:16+00:00,1243,tp2|breakeven|closed,✅TP2 touché sur GBP/CHF 🔥 ⏎  ⏎ Je sors 50% de ma position et place mon SL au point d’entrée
1400,messages2.html,2023-06-01T14:11:34+00:00,1399,closed,"Analyse journalière :  ⏎ - Tendance haussière en cours  ⏎ - Retour sur le niveau 0,786 du retracement de Fibonacci de la dernière vague de hausse  ⏎ - Moyenne mobile exponentielle 200 en support  ⏎  ⏎ Analyse H4 :  ⏎ - Double divergence RSI validée  ⏎ - Bougie d’avalement clôturée sur les plus bas  ⏎  ⏎ Analyse H1 :  ⏎ - Cassure de la trendline partant des plus hauts  ⏎ - Figure en épaule-tête-épaule inversée validée  ⏎ "
1401,messages2.html,2023-06-01T14:16:22+00:00,1393,closed,⚠️Je sors de CAD/JPY légèrement en positif  ⏎  ⏎ 👉🏼Configuration laissant envisager un possible retracement baissier
1402,messages2.html,2023-06-01T14:44:49+00:00,1352,closed,✅Je sors 100% de ma position sur EUR/GBP à l’approche du TP3 🔥
1405,messages2.html,2023-06-03T18:08:06+00:00,,recap,🎯Résumé des trades de la semaine :  ⏎  ⏎ Lundi :  ⏎ 🔴NZD/CAD : SL ❌ ⏎ 🟢CAD/CHF : TP2 ✅ ⏎  ⏎ Mardi :  ⏎ 🔴ETH/USDT : SL ❌ ⏎ 🟢Pétrole : TP1 ✅ 50% de la position et SL au point d’entrée ⏎ 🔴EUR/AUD : SL ❌ ⏎ 🟢Nasdaq : TP2 ✅ +110 points ⏎ 🔴Nasdaq : SL ❌ -21 points ⏎ 🟢Nasdaq : TP1 ✅ 50% de la position et SL au point d’entrée (+85 points) ⏎  ⏎ Mercredi :  ⏎ 🟢CAD/JPY : TP2 ✅ sorti en gains avant TP1 personnellement  ⏎  ⏎ Jeudi :  ⏎ 🟡EUR/USD :
1406,messages2.html,2023-06-03T18:13:50+00:00,,closed,"🎯Soit un pourcentage de 5/9 (55%) trades gagnés (trades clôturés uniquement) avec un ratio risque/rendement moyen lissé de 2,5. ⏎  ⏎ 👉🏼Si on se réfère à ce tableau, cela indique une performance théorique de 44% sur 100 opérations."
1411,messages2.html,2023-06-05T13:04:37+00:00,1410,,"Analyse H4 :  ⏎ - Tendance baissière parfaitement dessinée  ⏎ - Trendline baissière en résistance  ⏎  ⏎ Analyse H1 :  ⏎ - Retour sur le dernier plus haut de la tendance baissière en cours  ⏎ - Cassure du dernier plus bas du rebond haussier  ⏎ - Cassure de la trendline haussière du rebond haussier  ⏎ - Moyenne mobile exponentielle 50, 100, 200 en résistance dynamique"
1413,messages2.html,2023-06-05T14:33:11+00:00,1412,breakeven|closed,✅TP1 sur EUR/NZD ⏎  ⏎ Je sors 50% de la position et place le SL au point d’entrée
1415,messages2.html,2023-06-05T19:23:50+00:00,1414,closed,✔️Je sors du trade AUD/CAD  ⏎  ⏎ 👉🏼La bougie clôturée H4 ne permet pas une entrée optimale sur le trade
1416,messages2.html,2023-06-05T19:25:11+00:00,,tp1|breakeven|closed,🎯Trade du jour :  ⏎  ⏎ 🔴AUD/CAD : SL ❌ ⏎ 🟢EUR/NZD : TP1 touché ✅ trade en cours  ⏎ 🟡AUD/CAD : Sortie au point d’entrée
1417,messages2.html,2023-06-06T09:02:13+00:00,1412,tp2,✅TP2 touché sur EUR/NZD
1419,messages2.html,2023-06-06T14:47:12+00:00,1418,closed,Analyse H4 :  ⏎ - Cassure du dernier plus haut de la tendance baissière précédente  ⏎ - Zone de support et de survente sur le RSI  ⏎ - Bougie H4 intéressante clôturée avec mèche démontrant la prise en main des acheteurs  ⏎ - Retour sur une zone de demande  ⏎ - Zone de liquidités à aller chercher à la hausse (bougie pleine rouge non comblée)  ⏎  ⏎ Analyse H2 : ⏎ - Divergence RSI validée
1421,messages2.html,2023-06-06T15:36:52+00:00,1420,closed,Analyse journalière :  ⏎ - Cassure du dernier plus haut de la tendance baissière précédente  ⏎ - Cassure d’une trendline baissière sur le RSI  ⏎ - Retour sur le dernier plus bas de la potentielle tendance haussière à venir  ⏎  ⏎ Analyse H4 :  ⏎ - Cassure du dernier plus haut de la tendance baissière précédente  ⏎ - Pullback en cours sur la trendline baissière partant des plus hauts  ⏎ - Double divergence RSI en c
1423,messages2.html,2023-06-06T17:23:50+00:00,1422,breakeven|closed,✔️Je sors au point d’entrée sur le Nasdaq
1425,messages2.html,2023-06-07T15:40:50+00:00,1424,,✔️Je reprend la même position sur le Dow Jones
1426,messages2.html,2023-06-07T16:35:26+00:00,1425,breakeven|closed,Je sors au point d’entrée sur le Dow Jones
1427,messages2.html,2023-06-07T16:50:09+00:00,,breakeven,"🎯Point sur les positions en cours :  ⏎ 🟢EUR/CHF en positif  ⏎ 🟢AUD/CAD en positif  ⏎ 🟢USD/CHF en positif  ⏎ 🟢GBP/CHF en positif  ⏎ 🟢CAD/CHF en positif  ⏎ 🟢Gold en positif  ⏎ 🟡EUR/USD au point d’entrée  ⏎  ⏎ 🟢USD/CAD sorti BE après avoir touché le TP2 et encaissé 50% (1ère position)  ⏎ 🔴USD/CAD sorti SL (2ième position)  ⏎  ⏎ 👉🏼Beaucoup de paire XXX/CHF, n’hésitez pas à sécuriser plus tôt certaines positions pour couvrir "
1429,messages2.html,2023-06-08T13:53:44+00:00,1428,,Analyse journalière :  ⏎ - Retour sur le dernier plus haut de la tendance baissière en cours  ⏎  ⏎ Analyse H2 :  ⏎ - Divergence baissière validée  ⏎  ⏎ Analyse M30 :  ⏎ - Vague de Wolfe baissière en cours  ⏎ - Retour sur le dernier plus haut offrant un R/R optimal  ⏎ - Trendline baissière en résistance
1431,messages2.html,2023-06-08T14:49:25+00:00,1430,,Analyse H4 :  ⏎ - Zone de demande intéressante  ⏎  ⏎ Analyse M30 :  ⏎ - Rebond dans une zone de survente ++ sur le RSI  ⏎  ⏎ Analyse M5 :  ⏎ - Cassure du dernier plus haut de la tendance baissière  ⏎ - Création de nouveaux plus hauts pouvant être le début d’une potentielle nouvelle tendance haussière  ⏎ - Haut de la session asiatique en support (zone bleue)
1432,messages2.html,2023-06-08T15:47:28+00:00,1430,,✔️Je sécurise le trade sur le Nasdaq  ⏎  ⏎ + 80 points en cours 🔥
1433,messages2.html,2023-06-08T16:05:06+00:00,1430,closed,✅TP1 🔥 ⏎  ⏎ Je sors 50% de la position
1434,messages2.html,2023-06-08T16:13:10+00:00,1431,,📈📈
1435,messages2.html,2023-06-08T21:20:51+00:00,1399,closed,✅TP1 sur EUR/USD 🔥 ⏎  ⏎ Je sors 20% de ma position
1436,messages2.html,2023-06-09T07:34:10+00:00,1428,,❌SL sur AUD/JPY
1437,messages2.html,2023-06-09T09:11:54+00:00,1274,breakeven|closed,✅TP2 en approche sur ADA/USDT 🔥 ⏎  ⏎ Je sors 50% de ma position et place le SL au point d’entrée
1438,messages2.html,2023-06-09T18:27:54+00:00,1430,tp2,✅TP2 touché aujourd’hui 🥳🔥
1440,messages2.html,2023-06-11T12:51:35+00:00,1274,tp3,✅Le TP3 avait été touché sur ADA/USDT 🔥
1443,messages2.html,2023-06-12T15:42:31+00:00,1420,tp1|breakeven,✅TP1 touché sur EUR/CHF  ⏎  ⏎ J’encaisse 20% de la position et place mon SL au point d’entrée
1444,messages2.html,2023-06-12T15:46:41+00:00,1442,,❌SL sur le Nasdaq
1446,messages2.html,2023-06-12T17:33:00+00:00,1445,,Analyse M30 : ⏎ - Divergence RSI validée  ⏎ - Cassure de trendline haussière sur le RSI  ⏎  ⏎ Analyse M5 :  ⏎ - Épaule-tête-épaule validée  ⏎ - Retour au niveau de l’épaule droite avec prise de liquidités  ⏎  ⏎ Analyse M1 :  ⏎ - Cassure de la trendline haussière partant des plus bas
1447,messages2.html,2023-06-12T20:15:12+00:00,1445,breakeven|closed,✔️Je sors au point d’entrée sur AUD/JPY
1456,messages2.html,2023-06-13T13:51:16+00:00,1455,,Analyse H1 :  ⏎ - Tendance haussière parfaitement dessinée  ⏎ - Moyenne mobile exponentielle 50 bien orientée  ⏎  ⏎ Analyse M15 :  ⏎ - Cassure du précédent plus hauts + bougie pendu suite aux annonces économiques offrant une porte d’entrée à l’achat  ⏎ - Moyenne mobile exponentielle 50 parfaitement orientée en support dynamique  ⏎ - Validation d’un drapeau haussier
1458,messages2.html,2023-06-13T15:15:47+00:00,1457,,Analyse M15 :  ⏎ - Bougie englobante baissière validée  ⏎  ⏎ Analyse M5 :  ⏎ - Cassure du dernier plus bas de la tendance haussière en cours  ⏎ - Retour sur le dernier plus haut de la potentielle tendance baissière à venir  ⏎ - Divergence RSI validée
1459,messages2.html,2023-06-13T15:28:42+00:00,1457,breakeven|closed,✔️Je sors au point d’entrée sur le GER30
1462,messages2.html,2023-06-13T16:42:22+00:00,1461,closed,Analyse M15 :  ⏎ - Cassure du dernier plus bas de la tendance haussière en cours  ⏎ - Retour sur le dernier plus haut de la potentielle tendance baissière à venir  ⏎ - Bougie pendu clôturée  ⏎  ⏎ Analyse M1 :  ⏎ - Cassure de la trendline partant des plus bas  ⏎ - Cassure de la moyenne mobile exponentielle 50 à la baisse  ⏎ - Cassure d’une trendline haussière sur le RSI
1463,messages2.html,2023-06-13T16:42:55+00:00,1460,,✔️Je sécurise la position et encaisse 50% à l’approche du TP1 sur le GER 30 🔥
1464,messages2.html,2023-06-13T19:32:55+00:00,1461,tp1|breakeven|closed,✅TP1 touché sur le Nasdaq 🔥 ⏎  ⏎ Je sors 50% de la position et place mon SL au point d’entrée
1465,messages2.html,2023-06-14T12:02:56+00:00,1455,,❌SL sur AUD/CHF
1466,messages2.html,2023-06-14T12:03:17+00:00,1243,,✅TP3 sur GBP/CHF 🥳
1468,messages2.html,2023-06-14T14:18:18+00:00,1399,tp2|breakeven|closed,✅TP2 touché sur EUR/USD 🔥 ⏎  ⏎ Je sors 50% de la position et place le SL au point d’entrée
1470,messages2.html,2023-06-14T14:57:31+00:00,1469,,Analyse H1  :  ⏎ - Tendance haussière en cours  ⏎ - RAS sur le RSI  ⏎  ⏎ Analyse M15 :  ⏎ - Bougie marteau validée sur une zone de demande avec mèche très importante démontrant la prise en main par les acheteurs  ⏎ - Zone de demande correspondant également au plus bas de la session asiatique (carré bleu) = zone de support importante
1471,messages2.html,2023-06-14T15:09:07+00:00,1469,,✔️Je sécurise la position sur le Nasdaq
1472,messages2.html,2023-06-14T15:20:56+00:00,1469,closed,✅TP1 sur le Nasdaq 🔥 ⏎  ⏎ Je sors 50% de la position
1473,messages2.html,2023-06-14T16:19:42+00:00,1470,,📈📈
1474,messages2.html,2023-06-14T16:25:01+00:00,1469,closed,✅Je sors 100% de la position à l’approche du TP2 🥳
1476,messages2.html,2023-06-15T14:41:55+00:00,1475,,Analyse H1 :  ⏎ - Validation d’une épaule tête épaule inversée sur les plus bas pour inverser la tendance  ⏎ - Moyenne mobile exponentielle 200 parfaitement orientée à la hausse  ⏎ - Cassure d’une trendline baissière  ⏎  ⏎ Analyse M15 :  ⏎ - Trendline haussière en support  ⏎ - Validation d’un biseau descendant avec hausse des volumes sur cassure  ⏎ - Moyenne mobile exponentielle 200 parfaitement orientée
1477,messages2.html,2023-06-16T13:36:03+00:00,1399,closed,✅Je sors 100% de ma position à l’approche du TP3 sur EUR/USD 🔥
1479,messages2.html,2023-06-16T13:53:55+00:00,1475,closed,✔️Je sors en légère perte sur NZD/CAD  ⏎  ⏎ Le setup ne s’est pas déclenché
1480,messages2.html,2023-06-16T13:55:54+00:00,1478,,Analyse H4 :  ⏎ - Retour sur le dernier plus haut de la tendance baissière long terme  ⏎ - Divergence RSI en cours  ⏎  ⏎ Analyse M30 :  ⏎ - Cassure du dernier plus bas de la tendance haussière en cours  ⏎ - Cassure d’une trendline haussière intéressante sur le RSI  ⏎ - Cassure d’une trendline avec pullback sur le prix
1482,messages2.html,2023-06-16T15:50:57+00:00,1481,,Analyse H1 :  ⏎ - Divergence RSI validée  ⏎ - Bougie englobante baissière validée  ⏎  ⏎ Analyse M5 :  ⏎ - Cassure d’une trendline  ⏎ - Cassure du dernier plus bas de la tendance haussière en cours  ⏎  ⏎ Analyse M1 :  ⏎ - Validation d’un drapeau baissier
1483,messages2.html,2023-06-16T15:51:43+00:00,1478,tp1|breakeven,✅TP1 touché 🔥 ⏎  ⏎ J’encaisse 50% de la position et place le SL au point d’entrée
1484,messages2.html,2023-06-16T16:20:37+00:00,1481,,✔️Je reprends une position vendeuse sur le Nasdaq 15214 ⏎ ❌15236 ⏎ ✅TP1 15173 ⏎ ✅TP2 15140  ⏎  ⏎ 🎯Ratio : 3/1  ⏎  ⏎ 📊Type de trade : Intraday
1485,messages2.html,2023-06-16T16:23:47+00:00,1484,,"✅TP1 🔥 ⏎  ⏎ C’est parti vite, je sécurise la position et encaisse 50%"
1486,messages2.html,2023-06-16T16:28:07+00:00,1484,closed,✅Je sors 100% de la position à l’approche du TP2 🔥
1487,messages2.html,2023-06-16T16:34:12+00:00,,recap,🎯Résumé des trades de la semaine :  ⏎  ⏎ Lundi :  ⏎ 🔴Nasdaq : SL ❌ -19 points  ⏎ 🔴Nasdaq : SL ❌ -14 points ⏎ 🟡AUD/JPY : Sorti BE  ⏎  ⏎ Mardi :  ⏎ 🔴AUD/CHF : SL ❌ ⏎ 🟢GER : TP1 ✅ +35 points : 50% de la position et SL au point d’entrée ⏎ 🟢Nasdaq : TP1 ✅ +61 points : 50% de la position et SL au point d’entrée ⏎  ⏎ Mercredi :  ⏎ 🟢Nasdaq : TP2 ✅ +110 points ⏎  ⏎ Jeudi :  ⏎ 🟡NZD/CAD : Sorti en légère perte  ⏎  ⏎ Vendredi :  ⏎ 🟢AUD/CAD : TP1 
1491,messages2.html,2023-06-19T13:24:03+00:00,1490,,"Analyse journalière :  ⏎ - Zone de demande importante  ⏎ - Cassure de trendline RSI  ⏎ - Bougie englobante haussière validée  ⏎ - Niveau 0,618 du retracement de Fibonacci de la dernière vague de hausse  ⏎  ⏎ Analyse H4 :  ⏎ - Cassure d’une phase de range  ⏎ - Création de liquidités effectué ⏎ - Moyenne mobile exponentielle 200 en support dynamique  ⏎ - Cassure de la trendline partant des plus hauts avec pullback  ⏎ - Z"
1493,messages2.html,2023-06-19T14:51:32+00:00,1492,,Analyse journalière :  ⏎ - Double bottom validé  ⏎ - Cassure de la moyenne exponentielle 100 avec pullback ⏎  ⏎ Analyse H4 :  ⏎ - Tendance haussière bien dessinée  ⏎  ⏎ Analyse H1 :  ⏎ - Retour sur le dernier plus bas de la tendance en cours  ⏎ - Moyenne mobile exponentielle 100 en support dynamique
1494,messages2.html,2023-06-20T08:46:57+00:00,1492,,❌SL sur AUD/CHF
1495,messages2.html,2023-06-20T08:47:14+00:00,1478,,✅TP2 sur AUD/CAD 🔥
1497,messages2.html,2023-06-20T14:48:46+00:00,1496,,Analyse H4 :  ⏎ - Cassure d’une trendline haussière de qualité sur le RSI  ⏎  ⏎ Analyse M30 :  ⏎ - Cassure du dernier plus bas de la tendance haussière en cours  ⏎ - Création d’une structure baissière avec plus bas et plus haut de plus en plus bas  ⏎ - Moyenne mobile exponentielle 100 en résistance dynamique  ⏎ - Rejet important du dernier plus haut de la nouvelle tendance baissière en cours
1498,messages2.html,2023-06-21T09:09:33+00:00,1420,tp2|breakeven|closed,✅TP2 touché sur EUR/CHF 🔥 ⏎  ⏎ Je sors 50% de la position et place le SL au point d’entrée
1499,messages2.html,2023-06-21T09:10:23+00:00,1496,closed,✔️Je sors du trade sur EUR/USD
1502,messages2.html,2023-06-21T15:39:33+00:00,1501,,"Analyse H4 :  ⏎ - Cassure d’une trendline haussière avec pullback de qualité  ⏎  ⏎ Analyse H1 :  ⏎ - Tendance baissière bien marquée  ⏎ - Retour sur le niveau 0,618 du retracement de Fibonacci de la dernière vague de baisse  ⏎ - Moyenne mobile exponentielle 200 en résistance dynamique  ⏎  ⏎ Analyse M30 :  ⏎ - Cassure d’une trendline haussière  ⏎ - Cassure de la moyenne mobile exponentielle 200  ⏎ - Création d’une struc"
1507,messages2.html,2023-06-21T16:19:28+00:00,1506,,"Analyse H4 :  ⏎ - Tendance baissière en cours  ⏎ - Validation d’un triangle descendant  ⏎ - Moyenne mobile exponentielle 200 bien orientée à la baisse  ⏎  ⏎ Analyse M15 :  ⏎ - Tendance baissière en cours  ⏎ - Retour sur le niveau 0,618 du retracement de Fibonacci de la dernière vague de baisse  ⏎ - Bougie pendu validée avec une bougie pleine baissière  ⏎  ⏎ Analyse M1 :  ⏎ - Cassure d’une trendline haussière  ⏎ - Validat"
1509,messages2.html,2023-06-21T17:18:13+00:00,1508,,✔️Je sécurise le trade sur le Nasdaq
1510,messages2.html,2023-06-21T19:06:05+00:00,1508,closed,✅Je sors 50% de la position à l’approche du TP1 sur la Nasdaq
1512,messages2.html,2023-06-21T20:37:11+00:00,1501,breakeven,✔️Je place le SL au point d’entrée sur USD/CHF
1514,messages2.html,2023-06-22T09:11:10+00:00,1490,breakeven|closed,✅TP1 sur EUR/CHF (renfort)  ⏎  ⏎ Je sors 20% de la position et place le SL au point d’entrée
1515,messages2.html,2023-06-22T14:53:04+00:00,1501,tp1,"✅Le TP1 avait été touché sur USD/CHF, comme d’habitude 50% de la position a été encaissé"
1517,messages2.html,2023-06-22T15:37:13+00:00,1516,closed,Analyse journalière :  ⏎ - Trendline haussière en support  ⏎  ⏎ Analyse H4 :  ⏎ - Tendance haussière de fond avec cassure du dernier plus haut à la hausse = probabilité plus importante de refaire des nouveaux plus hauts  ⏎ - Retour sur une zone de demande importante  ⏎ - Bougie marteau avec mèche importante clôturée démontrant le retour des acheteurs  ⏎ - RSI en survente démontrant un essoufflement de la tendan
1519,messages2.html,2023-06-22T16:06:39+00:00,1518,tp1|breakeven|closed,✅TP1 touché sur le Nasdaq 🔥 ⏎  ⏎ Je sors 50% de ma position et place le SL au point d’entrée
1520,messages2.html,2023-06-22T16:56:13+00:00,1518,closed,✅Je sors 100% de la position à l’approche du TP2 🔥🥳 ⏎  ⏎ +100 points sur le Nasdaq
1521,messages2.html,2023-06-22T21:32:58+00:00,,recap,"🎯Résumé des trades de la semaine :  ⏎  ⏎ Lundi :  ⏎ 🟢EUR/CHF : TP1 touché ✅ 20% de la position encaissée, trade en cours  ⏎ 🔴AUD/CHF : SL ❌  ⏎  ⏎ Mardi :  ⏎ 🟡EUR/USD : Sorti au point d’entrée  ⏎  ⏎ Mercredi :  ⏎ 🟢USD/CHF : TP1 touché ✅ 50% de la position et encaissée, sorti BE ⏎ 🟡EUR/GBP : Trade en cours  ⏎ 🔴Gold : SL ❌ ⏎ 🟢Nasdaq : TP1 ✅ 50% de la position encaissée, sorti BE (+50 points)  ⏎  ⏎ Jeudi :  ⏎ 🟡GER30 : Trade en cours"
1527,messages2.html,2023-07-03T13:32:03+00:00,1526,,Analyse H4 :  ⏎ - Cassure du précédent plus bas de la tendance haussière moyen terme  ⏎ - Cassure de la trendline haussière sur le RSI partant des plus bas  ⏎ - Divergence RSI validée  ⏎ - Création d’une tendance baissière sur le RSI  ⏎ - Prise de liquidités réalisé au-dessus du dernier top  ⏎  ⏎ Analyse H1 :  ⏎ - Cassure d’une trendline haussière de qualité avec pullback  ⏎ - Moyenne mobile exponentielle 50 en rés
1528,messages2.html,2023-07-03T13:33:27+00:00,1266,tp3,✅Le TP3 avait été touché sur le Gold 🔥
1530,messages2.html,2023-07-03T13:53:37+00:00,1529,,Analyse H4 :  ⏎ - Cassure du dernier plus bas de la tendance haussière en cours  ⏎ - Retour sur le dernier plus haut ⏎ - Bougie englobante baissière validée montrant la potentielle prise en main par les vendeurs  ⏎  ⏎ Analyse H1 :  ⏎ - Retour sur le dernier plus haut du potentiel retracement baissier à venir  ⏎ - Divergence RSI validée  ⏎ - RSI en surachat
1533,messages2.html,2023-07-04T14:43:33+00:00,1532,,Analyse journalière :  ⏎ - Tendance haussière importante  ⏎ - Trendline haussière en support sur le RSI  ⏎  ⏎ Analyse H2 :  ⏎ - Validation d’un biseau descendant avec bougie impulsive sur cassure  ⏎ - Cassure d’une zone de résistance sur le RSI avec pullback en cours  ⏎ - Moyenne mobile exponentielle 100 en support dynamique
1535,messages2.html,2023-07-04T18:13:40+00:00,1534,tp1|breakeven|closed,✅TP1 touché 🔥 ⏎  ⏎ Je sors 50% de la position et place le SL au point d’entrée
1536,messages2.html,2023-07-05T07:55:25+00:00,1534,closed,✅TP2 🔥 ⏎  ⏎ Je sors 100% de la position
1537,messages2.html,2023-07-05T07:55:50+00:00,1526,breakeven,✔️Je sécurise le trade sur GBP/AUD et place le SL au point d’entrée
1538,messages2.html,2023-07-05T10:59:56+00:00,1537,breakeven,✔️Sorti Break even sur GBP/AUD
1539,messages2.html,2023-07-05T11:00:39+00:00,1529,,✅TP1 sur la première position sur le Nasdaq 🔥 ⏎  ⏎ Je sécurise la position et encaisse 50%
1541,messages2.html,2023-07-05T13:13:20+00:00,1540,,Analyse journalière :  ⏎ - Tendance haussière en cours  ⏎ - Moyenne mobile exponentielle 200 en support dynamique  ⏎ - Zone de support sur le RSI  ⏎ - Cassure de trendline sur le prix  ⏎ - Pullback réalisé avec réaction haussière intéressante pour rentrer en position
1542,messages2.html,2023-07-05T13:17:13+00:00,1534,,✅Entrée parfaite sur le Nasdaq hier 🚀
1544,messages2.html,2023-07-05T13:35:24+00:00,1543,,Analyse journalière :  ⏎ - Tendance haussière moyen terme  ⏎ - Retour sur le dernier plus bas de la tendance haussière en cours  ⏎  ⏎ Analyse H4 :  ⏎ - Création d’une structure haussière  ⏎ - Cassure d’une trendline partant des plus hauts avec pullback de qualité en cours  ⏎ - Cassure de la moyenne mobile exponentielle 100  ⏎ - Zone de liquidités à aller chercher à la hausse (bougie rouge pleine non comblée)
1546,messages2.html,2023-07-05T16:08:16+00:00,1545,breakeven|closed,✔️Je sors au point d’entrée sur le Nasdaq
1547,messages2.html,2023-07-06T10:50:19+00:00,1545,,✅L’analyse s’est finalement parfaitement validée sur le Nasdaq  ⏎  ⏎ Bravo à ceux qui sont restés en position 🔥
1548,messages2.html,2023-07-06T18:02:42+00:00,,breakeven,🎯Point sur les positions en cours :  ⏎ 🟢CAD/CHF en positif  ⏎ 🟢EUR/CHF en positif  ⏎ 🟢EUR/CAD en positif  ⏎ 🟡GBP/CHF au point d’entrée  ⏎ 🔴EUR/GBP en négatif
1554,messages2.html,2023-07-07T14:21:23+00:00,1540,breakeven|closed,✔️Je sors aux alentours du point d’entrée sur GBP/CHF  ⏎  ⏎ 👉🏼Cassure du dernier plus bas de la tendance haussière en cours (H1) avec retour sur les plus hauts puis rejet important à la baisse pouvant être à l’origine d’un retracement baissier important
1556,messages2.html,2023-07-07T14:32:13+00:00,1555,,Analyse H2 :  ⏎ - Épaule-tête-épaule validée  ⏎ - Retour au niveau de l’épaule droite avec prise de liquidités  ⏎ - Cassure d’une trendline haussière sur le RSI  ⏎  ⏎ Analyse M30 :  ⏎ - Cassure de la trendline haussière partant des plus bas avec pullback  ⏎ - Bougie baissière pleine sur pullback  ⏎ - Cassure du dernier plus bas de la tendance haussière en cours  ⏎ - Cassure de la moyenne mobile exponentielle 100 en
1558,messages2.html,2023-07-07T14:53:00+00:00,1557,,❌SL sur le Nasdaq
1560,messages2.html,2023-07-07T15:26:06+00:00,1559,,"Analyse H1 :  ⏎ - Cassure du dernier plus bas de la tendance haussière en cours  ⏎ - Cassure de la trendline partant des plus bas  ⏎ - Trendline sur le RSI en résistance  ⏎ - Moyenne mobile exponentielle 100 en résistance dynamique  ⏎ - Niveau 0,5 du retracement de Fibonacci de la dernière vague de baisse  ⏎  ⏎ Analyse M15 :  ⏎ - Prise de liquidités sur les derniers plus hauts court terme  ⏎ - Bougie de rejet valid"
1561,messages2.html,2023-07-07T15:33:48+00:00,1559,tp1|breakeven|closed,✅TP1 touché 🔥 ⏎  ⏎ Je sors 50% de la position et place le SL au point d’entrée
1562,messages2.html,2023-07-07T15:49:34+00:00,1553,,"✅Bravo à ceux rentré sur USD/CHF, je ne suis pas dedans personnellement 👍🏼"
1563,messages2.html,2023-07-08T18:43:19+00:00,,recap,"🎯Résumé des trades de la semaine :  ⏎  ⏎ Lundi :  ⏎ 🟡GBP/AUD : Sorti BE ⏎ 🟢Nasdaq : TP1 ✅ 50% de la position encaissée, sorti BE : +76 points ⏎  ⏎ Mardi :  ⏎ 🔴AUD/JPY : SL  ⏎ 🟢Nasdaq : TP2 ✅ +74 points  ⏎  ⏎ Mercredi :  ⏎ 🟡GBP/CHF : Sorti BE ⏎ 🟢EUR/CAD : TP1 en approche ✅ ⏎ 🟢Nasdaq : TP2 ✅ +79 points (sorti au point d’entrée personnellement)  ⏎  ⏎ Jeudi :  ⏎ 🟡EUR/GBP : Trade en cours   ⏎  ⏎ Vendredi :  ⏎ 🟡GBP/CHF : Trade en cours  ⏎ 🔴Na"
1565,messages2.html,2023-07-10T13:46:41+00:00,1551,tp1|closed,✅TP1 touché sur EUR/GBP 🔥 ⏎  ⏎ Je sors 20% de la position
1566,messages2.html,2023-07-10T13:50:49+00:00,1555,tp1|breakeven|closed,✅TP1 touché sur GBP/CHF 🔥 ⏎  ⏎ Je sors 50% de la position et place le SL au point d’entrée
1568,messages2.html,2023-07-10T15:46:40+00:00,1567,tp1|breakeven|closed,✅TP1 touché 🔥 ⏎  ⏎ Je sors 50% de ma position et place le SL au point d’entrée
1569,messages2.html,2023-07-10T17:07:12+00:00,1567,closed,✔️Je sors 100% de la position  ⏎  ⏎ +100 points 🚀
1570,messages2.html,2023-07-11T11:24:52+00:00,1543,tp1|breakeven|closed,✅TP1 touché sur EUR/CAD 🔥 ⏎  ⏎ Je sors 50% de ma position et place le SL au point d’entrée
1571,messages2.html,2023-07-11T15:03:35+00:00,1565,,❌SL sur EUR/GBP
1573,messages2.html,2023-07-11T15:07:11+00:00,1572,closed,"Analyse journalière :  ⏎ - Moyenne mobile exponentielle 200 en support dynamique  ⏎ - Niveau 0,618 du retracement de Fibonacci de la dernière vague de hausse  ⏎ - Hausse des volumes  ⏎  ⏎ Analyse H4 :  ⏎ - Cassure de la trendline partant des plus hauts  ⏎ - Divergence RSI validée ⏎ - Création d’une structure haussière sur le RSI  ⏎ - Moyenne mobile exponentielle 100 en support dynamique  ⏎ - Zone de liquidités à alle"
1575,messages2.html,2023-07-11T16:37:09+00:00,1574,breakeven,✔️Je sécurise le trade et place le SL au point d’entrée
1576,messages2.html,2023-07-11T16:59:55+00:00,1575,,✔️Sorti BE sur le Nasdaq
1579,messages2.html,2023-07-11T23:26:56+00:00,1578,,Analyse journalière :  ⏎ - Bougie englobante baissière validée  ⏎ - Tendance de fond baissière selon la théorie de Dow  ⏎  ⏎ Analyse H4 :  ⏎ - Retour sur le dernier plus haut de la tendance baissière en cours  ⏎ - Cassure du dernier plus bas du rebond haussier  ⏎ - Structure baissière sur le RSI  ⏎  ⏎ Analyse H1 :  ⏎ - Validation d’un triple top  ⏎ - Moyenne mobile exponentielle 100 en résistance dynamique (a montré so
1581,messages2.html,2023-07-12T14:25:17+00:00,1566,,✅TP2 sur GBP/CHF 🔥
1584,messages2.html,2023-07-13T15:49:03+00:00,1583,,"🎯Ratio gains/pertes : 2,5/1  ⏎  ⏎ 📊Type de trade : Intraday"
1585,messages2.html,2023-07-13T15:57:37+00:00,1583,,Analyse H1 :  ⏎ - RSI en surachat  ⏎  ⏎ Analyse M30:  ⏎ - Bougie englobante baissière validée ⏎  ⏎ Analyse M5 :  ⏎ - Trendline haussière en support avec présence de liquidités en-dessous à aller rechercher  ⏎  ⏎ Analyse M1 :  ⏎ - Cassure du précédent plus bas de la tendance haussière en cours avec une bougie plein  ⏎ - Retour sur le dernier plus haut de la potentielle tendance baissière court terme à venir
1586,messages2.html,2023-07-13T16:25:44+00:00,1583,breakeven|closed,✔️Je sors au point d’entrée sur le Nasdaq ⏎  ⏎ 👉🏼Rien de tranchant sur les marchés aujourd’hui
1588,messages2.html,2023-07-13T17:04:46+00:00,1587,,"Analyse H4 :  ⏎ - Tendance haussière en cours  ⏎ - Retour sur le dernier plus bas de la tendance haussière  ⏎ - Cassure de la trendline partant des plus hauts  ⏎  ⏎ Analyse H1 :  ⏎ - Divergence haussière sur RSI validée au niveau de la zone support  ⏎ - Cassure du dernier plus haut du repli baissier en cours, indiquant un potentiel renversement à la hausse  ⏎   ⏎  ⏎ 👉🏼Possibilité de renforcer la position en cas de re"
1589,messages2.html,2023-07-14T09:26:31+00:00,1587,breakeven|closed,✅Je sors 50% de la position et place le SL au point d’entrée à l’approche du TP2 sur ATOM/USDT 🔥
1591,messages2.html,2023-07-14T10:56:02+00:00,1590,,Analyse H4 :  ⏎ - RSI en surachat ++ ⏎  ⏎ Analyse H1 :  ⏎ - Divergence RSI validée  ⏎ - Cassure de trendline sur le RSI  ⏎ - Bougie pendue validée  ⏎  ⏎ Analyse M30 :  ⏎ - Confirmation de l’analyse H1 avec meme signaux de qualité  ⏎  ⏎ Analyse M5 :  ⏎ - Prise de liquidités au-dessus d’une zone de résistance  ⏎ - Prise de liquidité au-dessus de la session asiatique
1593,messages2.html,2023-07-14T17:47:15+00:00,1592,,Analyse H4 :  ⏎ - RSI surachat ++  ⏎  ⏎ Analyse H2 :  ⏎ - Divergence RSI en cours  ⏎  ⏎ Analyse H1 :  ⏎ - Cassure de trendline sur le RSI avec pullback en cours  ⏎ - Bougie englobante baissière en cours
1594,messages2.html,2023-07-14T18:04:05+00:00,1592,,✔️Je sécurise le trade sur le Nasdaq
1595,messages2.html,2023-07-14T19:38:26+00:00,1592,tp1|closed,✔️Je sors 50% de la position à l’approche du TP1 ✅
1596,messages2.html,2023-07-14T20:03:44+00:00,1595,closed,✔️Je sors 100% de la position à l’approche du week-end 🔥 ⏎  ⏎ +100 points sur le Nasdaq
1598,messages2.html,2023-07-15T09:40:06+00:00,,recap,"🎯Résumé des trades de la semaine :  ⏎  ⏎ Lundi :  ⏎ 🟢Nasdaq : TP2 ✅ +100 points  ⏎  ⏎ Mardi :  ⏎ 🟢Gold : TP1 ✅ Sorti BE personnellement  ⏎ 🟡Nasdaq : Sorti BE  ⏎  ⏎ Mercredi :  ⏎ 🔴NZD/CAD : SL  ⏎  ⏎ Jeudi :  ⏎ 🟡Nasdaq : Sorti BE ⏎ 🟢ATOM/USDT : TP2 ✅ 50% de la position encaissée, trade en cours  ⏎  ⏎ Vendredi :  ⏎ 🔴Nasdaq : SL : -53 points  ⏎ 🟢Nasdaq : TP1 ✅ 100% de la position encaissée : +100points ⏎  ⏎ Cumulé sur Nasdaq : +147 points  ⏎ "
1606,messages2.html,2023-07-18T12:52:13+00:00,1605,closed,Analyse journalière :  ⏎ - RSI en surachat  ⏎  ⏎ Analyse H4 :  ⏎ - Divergence RSI validée  ⏎ - Bougie pendue avec mèche clôturée  ⏎  ⏎ Analyse M15 :  ⏎ - Cassure du dernier plus bas de la tendance haussière en cours ⏎ - Prise de liquidités au-dessus de la session asiatique  ⏎ - Prise de liquidités au-dessus de la résistance
1608,messages2.html,2023-07-18T13:30:17+00:00,1607,,Analyse journalière :  ⏎ - RSI en surachat  ⏎ - Zone de résistance  ⏎  ⏎ Analyse H4 :  ⏎ - Trendline haussière de qualité cassée sur le RSI ⏎ - Divergence RSI validée  ⏎ - Bougie pendue en cours de validation  ⏎  ⏎ Analyse H1  ⏎ - Cassure d’une trendline haussière sur le prix avec pullback et réaction baissière  ⏎ - Retour sur le dernier plus haut de la potentielle tendance baissière à venir
1611,messages2.html,2023-07-18T14:45:27+00:00,1609,tp1|breakeven|closed,✅TP1 touché sur le Nasdaq 🔥 ⏎  ⏎ Je sors 50% de la position et place le SL au point d’entrée
1612,messages2.html,2023-07-18T17:00:44+00:00,1607,breakeven|closed,✅Je sors 50% de la position et place le SL au point d’entrée à l’approche du TP1 sur GBP/CAD 🔥
1613,messages2.html,2023-07-18T17:07:09+00:00,1605,breakeven,✔️Je protège la position sur EUR/USD et place le SL au point d’entrée
1615,messages2.html,2023-07-19T13:29:20+00:00,1565,,"✅Le trading c’est ça aussi, des positions qui touchent le SL de quelques pips et qui partent en ligne droite au TP. Ça fait parti du jeu. 🙌🏼"
1617,messages2.html,2023-07-19T14:11:41+00:00,1616,,"Analyse journalière :  ⏎ - Prise de liquidités au-dessus d’une zone de résistance avec réintégration baissière  ⏎ - Structure baissière sur le RSI  ⏎  ⏎ Analyse H4 :  ⏎ - Validation en cours d’une ETE de qualité (ligne de cou ascendante, tête > 2X épaules)  ⏎ - Structure baissière sur le RSI  ⏎ - Cassure de la moyenne mobile exponentielle 100  ⏎ - Zone de liquidités à aller chercher à la baisse  ⏎  ⏎ Analyse H1 :  ⏎ - "
1619,messages2.html,2023-07-19T14:48:05+00:00,1618,,🎯Ratio gains/pertes : 4/1  ⏎  ⏎ 📊Type de trade : Intraday / Scalping
1620,messages2.html,2023-07-19T15:16:01+00:00,1618,breakeven,✔️Je sécurise le trade sur le Nasdaq et place le SL au point d’entrée
1621,messages2.html,2023-07-19T16:18:00+00:00,1620,,✔️Sorti BE sur le Nasdaq
1622,messages2.html,2023-07-19T16:21:47+00:00,1605,tp1|closed,✅TP1 touché sur EUR/USD 🔥 ⏎  ⏎ Je sors 50% de la position
1623,messages2.html,2023-07-20T10:22:27+00:00,1607,,✅TP2 sur GBP/CAD 🥳
1624,messages2.html,2023-07-20T15:19:43+00:00,1616,breakeven,✔️Je place le SL au point d’entrée sur GBP/AUD
1625,messages2.html,2023-07-20T15:49:23+00:00,1605,closed,✔️Je sors 100% de la position sur EUR/USD à l’approche du TP2 🔥🥳
1628,messages2.html,2023-07-21T15:59:05+00:00,1627,,Analyse H4 :  ⏎ - Divergence RSI validée en zone de surachat ++ ⏎ - Pullback sur la ligne de cou du double top RSI  ⏎  ⏎ Analyse M30 :  ⏎ - Épaule-tête-épaule validée  ⏎ - Retour sur la ligne de cou avec réaction baissière impulsive  ⏎ - Moyenne mobile exponentielle 100 en résistance dynamique  ⏎ - Cassure du dernier plus bas du rebond haussier  ⏎  ⏎ Analyse M5 :  ⏎ - Création d’une tendance baissière
1629,messages2.html,2023-07-21T20:47:36+00:00,1627,closed,✔️Je sors en léger gain sur le S&P500 avant le week-end
1630,messages2.html,2023-07-22T14:41:59+00:00,,recap,"🎯Résumé des trades de la semaine :  ⏎  ⏎ Lundi :  ⏎ 👉🏼Aucun trade  ⏎  ⏎ Mardi :  ⏎ 🟢EUR/USD : TP2 ✅ ⏎ 🟢GBP/CAD : TP2 ✅ ⏎ 🟢Nasdaq : TP1 ✅ 50% de la position encaissée, sorti BE : +59 points ⏎  ⏎ Mercredi :  ⏎ 🟡GBP/AUD : Trade en cours ⏳  ⏎ 🟡Nasdaq : Sorti BE ✔️ ⏎  ⏎ Jeudi :  ⏎ 👉🏼Pas de trade  ⏎  ⏎ Vendredi :  ⏎ 🟡GBP/AUD : Trade en cours ⏳ ⏎ 🟢S&P500 : Sorti à l’approche du TP1 ✅ ⏎  ⏎ Cumulé sur Nasdaq : +59 points"
1634,messages2.html,2023-07-24T23:17:23+00:00,1632,,❌SL sur NZD/JPY
1636,messages2.html,2023-07-24T23:21:37+00:00,1635,closed,"Analyse journalière :  ⏎ - Tendance haussière clairement définie  ⏎ - Retour sur le dernier point bas de la tendance haussière avec réaction des acheteurs (bougie marteau clôturée)  ⏎ - Moyenne mobile exponentielle 50 en support dynamique (efficace ++ par le passée)  ⏎ - Rebond sur le niveau 0,5 du retracement de Fibonacci de la dernière vague de hausse  ⏎ - Trendline en support sur le RSI  ⏎ - Trendline en s"
1639,messages2.html,2023-07-25T15:19:20+00:00,1638,,Analyse journalière :  ⏎ - Création d’une structure haussière  ⏎  ⏎ Analyse H1 :  ⏎ - Création en cours d’un drapeau haussier  ⏎ - Moyenne mobile exponentielle 200 en support dynamique  ⏎  ⏎ Analyse M30 :  ⏎ - Tendance haussière en cours  ⏎ - Retour sur une zone de demande importante  ⏎ - Bougie avec mèche démontrant la prise en main par les acheteurs  ⏎ - Cassure de la moyenne mobile exponentielle 200 à la hausse  ⏎  ⏎ An
1641,messages2.html,2023-07-25T15:31:35+00:00,1640,,❌SL sur le Nasdaq
1643,messages2.html,2023-07-25T16:08:53+00:00,1642,,"Analyse M5 :  ⏎ - Tendance haussière en cours  ⏎ - Moyenne mobile exponentielle 100 en support dynamique  ⏎ - Retour sur une zone de demande  ⏎ - Niveau 0,618 du retracement de Fibonacci de la dernière vague de hausse  ⏎  ⏎ Analyse M1 :  ⏎ - Cassure de la trendline partant des plus hauts sur le RSI"
1644,messages2.html,2023-07-25T16:13:05+00:00,1642,tp1,✅TP1 touché sur le Nasdaq 🔥
1645,messages2.html,2023-07-25T16:21:45+00:00,1638,,✔️Je sécurise le trade sur AUD/USD
1646,messages2.html,2023-07-25T16:39:23+00:00,1644,tp2|closed,✅TP2 touché sur le Nasdaq 🔥🥳 ⏎  ⏎ Je sors 100% de la position
1647,messages2.html,2023-07-25T18:21:55+00:00,1638,tp1|breakeven,✅TP1 touché sur AUD/USD 🔥 ⏎  ⏎ J’encaisse 50% de la position et place le SL au point d’entrée
1649,messages2.html,2023-07-26T14:28:46+00:00,1648,,Analyse journalière :  ⏎ - Double top validée avec pullback en cours sur la ligne de cou  ⏎ - Cassure de la trendline partant des plus bas  ⏎  ⏎ Analyse H4 :  ⏎ - Cassure de la trendline partant des plus bas sur le RSI avec pullback en cours  ⏎ - Prise de liquidités sur le dernier plus haut de la potentielle tendance baissière à venir  ⏎  ⏎ Analyse H2 :  ⏎ - Divergence RSI validée  ⏎ - Cassure du dernier plus bas de 
1651,messages2.html,2023-07-26T21:39:16+00:00,1650,closed,Analyse hebdomadaire :  ⏎ - Bougie pendue clôturée  ⏎ - RSI en zone de surachat  ⏎  ⏎ Analyse journalière :  ⏎ - Divergence RSI en cours de validation  ⏎ - Trendline RSI de qualité (++) qui pourrait permettre une chute importante en cas de cassure  ⏎ - Bougie d’avalement baissière validée  ⏎ - Baisse croissante des volumes  ⏎  ⏎ Analyse H1 :  ⏎ - Cassure d’une trendline haussière sur le RSI  ⏎ - Moyenne mobile exponentie
1653,messages2.html,2023-07-27T15:17:20+00:00,1635,closed,✔️Je sors du trade sur NZD/JPY en légère perte
1655,messages2.html,2023-07-27T15:34:50+00:00,1654,,Analyse journalière :  ⏎ - RSI en surachat  ⏎ - Baisse croissante des volumes  ⏎  ⏎ Analyse H4 :  ⏎ - Double divergence RSI validée  ⏎ - Zone de liquidités à aller rechercher à la baisse (bougie verte pleine non comblée)  ⏎  ⏎ Analyse M30 :  ⏎ - Trendline supérieure en résistance avec bougies présentants des mèches importantes au-dessus (= prise de liquidités)
1656,messages2.html,2023-07-27T19:36:09+00:00,1654,tp2|breakeven,✅TP2 touché sur le Dow Jones 🔥 ⏎  ⏎ J’encaisse 50% de la position et place le SL au point d’entrée
1657,messages2.html,2023-07-27T19:39:49+00:00,,breakeven,Points sur les positions en cours :  ⏎ 🟢Gold en positif  ⏎ 🟢Nasdaq (1ère position) en positif : +70 points  ⏎ 🟢Nasdaq (2ième position) en positif : +250 points  ⏎ 🟢Dow Jones en positif : +250 points  ⏎ 🟡GBP/AUD au point d’entrée
1661,messages2.html,2023-07-28T18:28:09+00:00,1658,,✔️Je sécurise le trade sur le Dow Jones et encaisse 50% de la position 🔥
1662,messages2.html,2023-07-28T21:07:58+00:00,,closed,🎯Gestion des positions avant le week-end :  ⏎ ✅Je sors 100% de ma position sur le Dow Jones (trade jeudi)  ⏎ ✅Je sors 100% de ma position sur le Dow Jones (trade vendredi)  ⏎ ✅Je sors 100% de ma position sur le Nasdaq (trade jeudi)  ⏎ ✔️Je garde ma position sur le Nasdaq (trade mercredi)  ⏎ ✔️Je garde le Gold
1663,messages2.html,2023-07-28T21:14:29+00:00,,recap,🎯Résumé des trades de la semaine :  ⏎  ⏎ Lundi :  ⏎ 🔴NZD/JPY : SL  ⏎  ⏎ Mardi :  ⏎ 🟡NZD/JPY : Sorti BE ⏎ 🟢AUD/USD : TP1 ✅ 50% de la position encaissée et sorti BE  ⏎ 🔴Nasdaq : SL  ⏎ 🟢Nasdaq : TP2 ✅ +55 points  ⏎  ⏎ Mercredi :  ⏎ 🟢Gold : Trade en cours ⏳  ⏎ 🟡Nasdaq : Trade en cours ⏳ ⏎  ⏎ Jeudi :  ⏎ 🟢Dow Jones : TP2 ✅ 50% de la position encaissée : +250 points  ⏎  ⏎ Vendredi :  ⏎ 🟢Dow Jones : TP1 ✅ 50% de la position encaissée : +150 p
1666,messages2.html,2023-07-31T13:39:49+00:00,1665,,"Analyse journalière :  ⏎ - Zone support long terme  ⏎ - Divergence RSI validée  ⏎ - Cassure d’une trendline baissière sur le RSI  ⏎ - Création d’une structure haussière avec cassure du dernier plus haut de la tendance baissière en cours  ⏎  ⏎ Analyse H4 :  ⏎ - Retour dans la zone 0,618 / 0,786 du retracement de Fibonacci de l’impulsion haussière précédente  ⏎  ⏎ Analyse H1 :  ⏎ - Validation d’un diamant de creux avec"
1668,messages2.html,2023-07-31T16:30:23+00:00,1667,,Analyse UT supérieure de la semaine dernière toujours en vigueur  ⏎  ⏎ Analyse M5 :  ⏎ - Rejet de la zone de résistance de la session asiatique avec prise de liquidités (bougies avec mèche importante) ⏎ - Création d’une structure baissière avec cassure du dernier plus bas de la tendance haussière en cours  ⏎ - Création de liquidités avec un mouvement lent haussier précédent  ⏎ - Cassure de trendline sur le RS
1669,messages2.html,2023-07-31T17:58:47+00:00,1667,,✅Je sécurise le trade sur le Nasdaq à l’approche du TP1
1670,messages2.html,2023-07-31T18:11:25+00:00,1669,tp1,✅TP1 touché 🔥 ⏎  ⏎ J’encaisse 50% de la position
1671,messages2.html,2023-07-31T21:01:23+00:00,1670,,✔️Sorti BE sur le Nasdaq
1674,messages2.html,2023-08-01T16:16:23+00:00,1665,breakeven,✔️Je sécurise le trade sur EUR/GBP et place le SL au point d’entrée
1676,messages2.html,2023-08-02T13:46:40+00:00,1675,,Analyse H4 :  ⏎ - Moyenne mobile exponentielle 100 en résistance dynamique  ⏎  ⏎ Analyse H1 :  ⏎ - Tendance baissière clairement dessinée  ⏎ - Validation d’un drapeau baissier avec pullback en cours permettant de reprendre de la liquidité pour impulser un potentielle nouveau mouvement  ⏎ - Prise de liquidités sur un dernier top avec plusieurs mèches présentent  ⏎ - Trendline baissière en résistance
1679,messages2.html,2023-08-02T14:10:23+00:00,1677,,Analyse Journalière :  ⏎ - Divergence RSI validée en zone de surachat  ⏎ - Cassure d’une trendline sur le RSI partant des plus bas  ⏎ - Zone de liquidités à aller chercher à la baisse  ⏎  ⏎ Analyse H4 :  ⏎ - Création d’une structure baissière  ⏎ - Prise de liquidités sur le dernier top  ⏎ - Validation d’un drapeau baissier sur le RSI avec pullback en cours  ⏎  ⏎ Analyse M30 :  ⏎ - Validation d’un triple top avec pullba
1680,messages2.html,2023-08-02T14:23:56+00:00,1648,,✔️Je sécurise le trade sur le Gold à l’approche du TP1
1681,messages2.html,2023-08-02T14:32:04+00:00,1665,tp1|closed,✅TP1 touché sur EUR/GBP 🔥 ⏎  ⏎ Je sors 50% de la position
1683,messages2.html,2023-08-02T15:59:42+00:00,1648,tp1,✅TP1 touché sur le Gold 🔥 ⏎  ⏎ J’encaisse 20% de la position
1684,messages2.html,2023-08-02T16:22:30+00:00,1675,,✔️Je sécurise le trade sur ETH/USDT
1690,messages2.html,2023-08-02T20:25:27+00:00,1675,tp1,✅TP1 touché sur ETH/USDT 🔥 ⏎  ⏎ J’encaisse 50% de la position
1691,messages2.html,2023-08-03T13:47:59+00:00,1677,,✔️Je sécurise le trade sur GBP/JPY
1698,messages2.html,2023-08-04T14:56:12+00:00,1697,,Analyse précédente UT supérieure toujours d’actualité  ⏎  ⏎ Analyse H4 :  ⏎ - Cassure de trendline  ⏎ - Cassure d’une zone de support devenue résistance avec pullback en cours  ⏎ - Moyenne mobile exponentielle 100 parfaitement orientée en résistance dynamique  ⏎  ⏎ Analyse M30 :  ⏎ - Prise de liquidités au-dessus de la session asiatique  ⏎ - Bougie pendue validée avec mèche importante  ⏎  ⏎ Analyse M15 :  ⏎ - Cassure de 
1699,messages2.html,2023-08-04T15:00:44+00:00,1697,,"✔️C’est parti très vite, je sécurise déjà le trade sur le Nasdaq de mon côté"
1700,messages2.html,2023-08-04T15:03:09+00:00,1697,tp1,✅TP1 touché 🔥 ⏎  ⏎ J’encaisse 50% de la position
1701,messages2.html,2023-08-04T15:55:41+00:00,1697,,✔️Sorti BE sur le Nasdaq
1702,messages2.html,2023-08-04T17:28:20+00:00,,recap,"🎯Résumé des trades de la semaine :  ⏎  ⏎ Lundi :  ⏎ 🟢EUR/GBP : TP1 ✅ 50% de la position encaissée, trade en cours  ⏎ 🟢Nasdaq : TP1 ✅ 50% de la position encaissée, sorti BE : +45 points  ⏎  ⏎ Mardi :  ⏎ 👉🏼Pas de trade  ⏎  ⏎ Mercredi :  ⏎ 🟢ETH/USDT : TP1 ✅ 50% de la position encaissée, trade en cours  ⏎ 🟢GBP/JPY : Trade en cours, SL au point d’entrée  ⏎  ⏎ Jeudi :  ⏎ 👉🏼Pas de trade  ⏎  ⏎ Vendredi :  ⏎ 🟢Nasdaq : TP1 ✅ 50% de la posit"
1705,messages2.html,2023-08-08T11:01:08+00:00,1691,,✔️Repris BE sur le GBP/JPY
1706,messages2.html,2023-08-08T14:55:44+00:00,1648,breakeven,✔️J’encaisse 50% de la position à l’approche du TP2 sur le Gold 🔥 ⏎  ⏎ SL au point d’entrée
1708,messages2.html,2023-08-08T16:27:15+00:00,1707,,Analyse H2 :  ⏎ - Cassure du dernier plus haut de la tendance baissière précédente  ⏎ - Cassure de trendline sur le prix  ⏎ - Divergence RSI validée  ⏎ - Création d’une tendance haussière sur le RSI  ⏎ - Cassure importante d’une trendline RSI de qualité  ⏎ - Retour sur le dernier plus bas de la potentielle tendance haussière à venir (meilleur R/R possible)  ⏎  ⏎ Analyse M30 :  ⏎ - Cassure en cours d’un biseau desce
1712,messages2.html,2023-08-09T11:53:07+00:00,1711,,"Analyse journalière :  ⏎ - Validation d’un triangle ascendant  ⏎ - Hausse des volumes sur cassure  ⏎ - Trendline RSI en support  ⏎ - Tendance haussière selon la théorie de Dow  ⏎ - Création de liquidités effectuées  ⏎ - Moyenne mobile exponentielle 50, 100 et 200 parfaitement orientée à la hausse ⏎  ⏎ Analyse H1 :  ⏎ - Réaction haussière sur le dernier plus bas de la tendance haussière court terme (correspondant ég"
1714,messages2.html,2023-08-09T14:49:12+00:00,1713,,Analyse journalière :  ⏎ - Cassure importante de trendline sur le RSI  ⏎ - Divergence RSI validée  ⏎ - Prise de liquidités sur un dernier top  ⏎  ⏎ Analyse H4 :  ⏎ - Cassure de trendline avec pullback en cours  ⏎ - Moyenne mobile exponentielle 100 en résistance dynamique  ⏎  ⏎ Analyse H2 :  ⏎ - Trendline RSI en résistance  ⏎ - Retour sur le dernier plus haut de la tendance baissière en cours avec réaction baissière
1715,messages2.html,2023-08-09T16:48:08+00:00,1648,tp2,✅TP2 touché sur le Gold 🔥
1716,messages2.html,2023-08-09T16:48:36+00:00,1713,,✅Je sécurise le trade sur le S&P500 à l’approche du TP2
1717,messages2.html,2023-08-09T17:03:08+00:00,1716,tp1|closed,✅TP1 touché sur le S&P500 🔥 ⏎  ⏎ Je sors 50% de la position
1718,messages2.html,2023-08-10T08:18:21+00:00,1650,tp1|breakeven|closed,✅TP1 avait été touché sur le Nasdaq 🔥 ⏎  ⏎ Je sors 50% de la position et place le SL au point d’entrée
1719,messages2.html,2023-08-10T12:17:06+00:00,1707,breakeven,✔️Je sécurise le trade sur AUD/NZD et place le SL au point d’entrée
1727,messages2.html,2023-08-10T15:54:21+00:00,1725,,Analyse d’hier toujours d’actualité  ⏎  ⏎ + Analyse H4 :  ⏎ - Pullback sur la trendline haussière  ⏎ - Trendline baissière en résistance sur le RSI  ⏎  ⏎ + Analyse M30 :  ⏎ - Retour sur le dernier plus haut de la tendance baissière en cours  ⏎ - Prise de liquidités sur le dernier top (différents de l’ancien plus haut)
1728,messages2.html,2023-08-10T15:57:26+00:00,1726,,Analyse H1 :  ⏎ - Tendance baissière fortement dessinée  ⏎ - Moyenne mobile exponentielle 200 en résistance dynamique avec  ⏎  ⏎ Analyse M30 :  ⏎ - Prise de liquidités au-dessus du dernier top (bougie avec mèche)  ⏎  ⏎ Analyse M15 :  ⏎ - Création de liquidités (phase de rebond haussier lente)  ⏎ - Cassure de trendline sur le RSI
1729,messages2.html,2023-08-10T16:22:56+00:00,1725,tp1|breakeven|closed,✅TP1 touché sur le S&P500 🔥 ⏎  ⏎ Je sors 50% de la position et place le SL au point d’entrée
1731,messages2.html,2023-08-10T18:36:15+00:00,1726,,✔️Je sécurise le trade sur NZD/USD à l’approche du TP1
1732,messages2.html,2023-08-10T18:38:49+00:00,1726,tp1,✅TP1 touché sur NZD/USD 🔥 ⏎  ⏎ J’encaisse 50% de la position
1733,messages2.html,2023-08-11T10:14:22+00:00,1711,breakeven,✔️Je sécurise le trade et place le SL au point d’entrée sur EUR/NZD à l’approche du TP1
1742,messages2.html,2023-08-11T16:55:08+00:00,1725,tp2|closed,✅TP2 touché sur le S&P500 🔥 ⏎  ⏎ Je sors 100% de ma position
1743,messages2.html,2023-08-11T20:35:07+00:00,1726,closed,✅Je sors 100% de la position sur NZD/USD à l’approche du TP2 avant le week-end 🔥
1744,messages2.html,2023-08-11T20:35:29+00:00,,recap,"🎯Résumé des trades de la semaine :  ⏎  ⏎ Lundi :  ⏎ 👉🏼Pas de trade  ⏎  ⏎ Mardi :  ⏎ 🟢AUD/NZD : TP1 ✅ 50% de la position encaissée, trade en cours  ⏎  ⏎ Mercredi :  ⏎ 🟢EUR/NZD : Trade en positif, SL au point d’entrée  ⏎ 🟢S&P500 : TP1 ✅ 50% de la position encaissée, repris BE : +35 points  ⏎  ⏎ Jeudi :  ⏎ 🟢S&P500 : TP2 ✅ 100% de la position encaissée : +70 points  ⏎ 🟢NZD/USD : TP2 ✅100% de la position encaissée  ⏎  ⏎ Vendredi :  ⏎  "
1746,messages2.html,2023-08-14T13:49:22+00:00,1745,,Analyse journalière :  ⏎ - Tendance baissière sur le RSI  ⏎ - Bougie pendue en cours avec prise de liquidités au-dessus de la trendline  ⏎  ⏎ Analyse H4 :  ⏎ - Vague de Wolfe baissière en cours de formation  ⏎ - Cassure de trendline sur le RSI avec pullback en cours  ⏎ - Prise de liquidités au-dessus d’une ancienne épaule-tête-épaule ⏎ - Divergence RSI en cours (qualité moyenne)  ⏎  ⏎ Analyse M15 :  ⏎ - Validation d’un
1749,messages2.html,2023-08-14T16:58:37+00:00,1747,,Analyse H4 :  ⏎ - Tendance baissière en cours  ⏎ - Moyenne mobile exponentielle 50 et 100 en résistance dynamique  ⏎ - Cassure de trendline sur le RSI en cours  ⏎ - Prise de liquidités effectuées au niveau d’une précédente zone de latéralisation (rectangle bleu) ⏎  ⏎ Analyse H2 :  ⏎ - Validation d’un biseau ascendant avec pullback  ⏎ - Moyenne mobile exponentielle 200 en résistance dynamique  ⏎  ⏎ Analyse H1 :  ⏎ - Moy
1751,messages2.html,2023-08-15T14:14:24+00:00,1747,breakeven|closed,✔️Je sors au environ du point d’entrée sur EUR/CHF  ⏎  ⏎ Un signal de retournement court terme s’est mis en place
1752,messages2.html,2023-08-15T15:57:38+00:00,1745,,❌SL sur la paire GBP/AUD
1754,messages2.html,2023-08-15T16:01:56+00:00,1753,,Analyse H4 :  ⏎ - Forte tendance baissière dessinée = trade contre-tendance  ⏎ - Moyenne mobile exponentielle 200 loin du prix laissant la possibilité d’un rebond intéressant  ⏎  ⏎ Analyse H2 :  ⏎ - Vague de Wolfe haussière en cours de formation avec prise de liquidités sous le point 5  ⏎ - Divergence RSI en cours  ⏎ - Moyenne mobile exponentielle loin du prix laissant la possibilité d’un rebond  ⏎  ⏎ Analyse H1 : 
1755,messages2.html,2023-08-16T08:39:55+00:00,1753,,✔️Je reprends la même position sur EUR/CHF
1757,messages2.html,2023-08-16T14:56:33+00:00,1756,,Analyse journalière :  ⏎ - Zone support importante  ⏎ - Réaction haussière avec présence de bougies avec mèches démontrant la prise en main par les acheteurs  ⏎ - Divergence RSI validée (qualité moyenne)  ⏎  ⏎ Analyse H4 :  ⏎ - Cassure de la moyenne mobile exponentielle 50 et 100 à la hausse  ⏎ - Tendance haussière sur le RSI  ⏎ - Zone de liquidités à aller chercher au-dessus de l’épaule-tète-épaule
1758,messages2.html,2023-08-16T17:01:32+00:00,,breakeven|closed,🎯Point sur les positions en cours :  ⏎ 🟢Nasdaq en positif  ⏎ 🟢Gold en positif  ⏎ 🟢EUR/CHF en positif  ⏎ 🟢EUR/NZD en positif  ⏎ 🟢AUD/NZD en positif  ⏎ 🟡GBP/CHF au point d’entrée  ⏎  ⏎ 🔴GBP/AUD clôturé SL  ⏎ 🔴AUD/CHF clôturé SL  ⏎ 🟢EUR/GBP clôturé BE après avoir encaissé 50% au TP1
1761,messages2.html,2023-08-17T13:07:28+00:00,1760,,"Analyse journalière :  ⏎ - Tendance haussière bien dessinée selon la théorie de Dow  ⏎ - Moyenne mobile 50, 100 et 200 bien orientée à la hausse  ⏎ - Zone de support sur le RSI  ⏎  ⏎ Analyse H4 :  ⏎ - Retour sur le dernier plus bas de la tendance haussière  ⏎ - Cassure d’un canal baissier avec pullback en cours  ⏎ - Cassure de la moyenne mobile 100 en cours  ⏎ - Cassure d’une trendline sur le RSI avec pullback en c"
1762,messages2.html,2023-08-17T13:11:55+00:00,1755,breakeven,✔️Je sécurise la position sur EUR/CHF et place le SL au point d’entrée
1763,messages2.html,2023-08-17T15:53:26+00:00,,closed,✔️Je sors 100% de ma position sur le Nasdaq 🔥 ⏎  ⏎ Ça devrait encore aller chercher plus bas durant les prochaines séances mais il ne faut pas être trop gourmand.
1764,messages2.html,2023-08-17T23:02:37+00:00,1762,tp1|breakeven|closed,✅TP1 touché sur la paire EUR/CHF 🔥 ⏎  ⏎ Je sors 50% de la position et place le SL au point d’entrée
1766,messages2.html,2023-08-18T14:56:05+00:00,1765,closed,Analyse H4 :  ⏎ - RSI en survente ++ ⏎ - Moyenne mobile exponentielle 100 et 200 loin du prix laissant la possibilité d’un rebond  ⏎ - Zone de liquidités à aller rechercher à la hausse (bougie rouge pleine clôturée)  ⏎  ⏎ Analyse M30 :  ⏎ - Divergence RSI de qualité validée en survente  ⏎  ⏎ Analyse M15 :  ⏎ - Bougie haussière pleine clôturée démontrant une prise en main des acheteurs
1767,messages2.html,2023-08-18T16:00:50+00:00,1765,,✔️Je sécurise ma position sur le Dow Jones
1768,messages2.html,2023-08-18T17:06:59+00:00,1765,breakeven|closed,✅TP1 sur le Dow Jones 🔥 ⏎  ⏎ Je sors 50% de la position et place le SL au point d’entrée
1769,messages2.html,2023-08-18T19:13:14+00:00,,recap,"🎯Résumé des trades de la semaine :  ⏎  ⏎ Lundi :  ⏎ 🔴GBP/AUD : SL  ⏎ 🟢EUR/CHF : Sorti BE ⏎  ⏎ Mardi :  ⏎ 🔴AUD/CHF : SL  ⏎  ⏎ Mercredi :  ⏎ 🟢EUR/CHF : TP1 ✅ 50% de la position encaissée, sorti BE  ⏎ 🟢GBP/CHF : Trade en cours en positif 📈 ⏎  ⏎ Jeudi :  ⏎ 🟡GBP/USD : Trade en cours au point d’entrée   ⏎  ⏎ Vendredi :  ⏎ 🟢Dow Jones : TP1 ✅ 50% de la position encaissé, trade sécurisé en cours : +150 points ⏎  ⏎ 📊Trades de la semaine précéde"
1773,messages2.html,2023-08-21T14:05:33+00:00,1772,,Analyse journalière :  ⏎ - Prise de liquidités sous un dernier bottom  ⏎  ⏎ Analyse H4 :  ⏎ - Divergence RSI validée  ⏎ - Cassure de trendline sur le RSI  ⏎ - Cassure de trendline sur le prix  ⏎  ⏎ Analyse H2 :  ⏎ - Cassure de trendline sur le RSI + cassure zone de résistance sur le RSI   ⏎ - Cassure de trendline sur le prix  ⏎  ⏎ Analyse H1 :  ⏎ - Moyenne mobile exponentielle 50 parfaitement orientée sur support dynamique
1774,messages2.html,2023-08-21T14:07:55+00:00,1648,closed,✔️Je sors 100% de ma position vendeuse sur le Gold 🔥
1776,messages2.html,2023-08-21T16:24:10+00:00,1775,,Analyse M30 :  ⏎ - Moyenne mobile exponentielle 100 en support dynamique  ⏎ - Cassure de le trendline partant des plus hauts  ⏎ - Épaule-tête-épaule inversée validée  ⏎  ⏎ Analyse M15 :  ⏎ - Retour sur le dernier plus bas de la potentielle tendance haussière à venir  ⏎ - Retour sur le plus haut de la session asiatique pouvant jouer le rôle de support  ⏎ - Moyenne mobile exponentielle 100 en support dynamique
1777,messages2.html,2023-08-21T17:18:36+00:00,1775,breakeven,✔️Je sécurise le trade sur le Nasdaq et place le SL au point d’entrée
1778,messages2.html,2023-08-21T18:38:34+00:00,1775,closed,✔️Je sors 50% de la position sur le Nasdaq à l’approche du TP1 🔥
1780,messages2.html,2023-08-22T15:40:35+00:00,1779,,"Analyse H4 :  ⏎ - Tendance haussière en cours  ⏎  ⏎ Analyse H2 : ⏎ - Trendline haussière en support  ⏎ - Moyenne mobile exponentielle 50 en support dynamique  ⏎ - Réaction haussière importante sur le dernier plus bas de la tendance haussière en cours  ⏎  ⏎ Analyse H1 :  ⏎ - Moyenne mobile exponentielle 50, 100 et 200 parfaitement orientées à la hausse"
1783,messages2.html,2023-08-23T13:25:23+00:00,1782,,Analyse journalière :  ⏎ - RSI en survente ++ ⏎  ⏎ Analyse H4 :  ⏎ - Divergence RSI en cours  ⏎ - Bougie pendue validée avec mèche importante  ⏎ - Prise de liquidités sous un dernier plus bas (15 juin)  ⏎ - Zone de liquidités à aller chercher à la hausse (Bougie baissière pleine non comblée
1784,messages2.html,2023-08-23T13:31:51+00:00,1772,tp1|breakeven|closed,✅TP1 touché sur le Gold 🔥 ⏎  ⏎ Je sors 20% de la position et place le SL au point d’entrée
1789,messages2.html,2023-08-23T14:55:30+00:00,1779,tp1|breakeven|closed,✅TP1 touché sur USD/CAD  ⏎  ⏎ Je sors 50% de la position et place le SL au point d’entré
1790,messages2.html,2023-08-23T14:59:47+00:00,1786,breakeven,✔️Je sécurise le trade sur le Nasdaq et place le SL au point d’entrée
1791,messages2.html,2023-08-23T15:26:37+00:00,1786,,✔️J’encaisse 50% de la position à l’approche du TP1 sur le Nasdaq 🔥
1792,messages2.html,2023-08-23T18:02:45+00:00,1782,tp1,✔️Je sécurise la position sur ETH/USDT et encaisse 50% à l’approche du TP1 ✅
1793,messages2.html,2023-08-23T22:00:23+00:00,1786,,✅TP2 sur le Nasdaq 🔥🥳
1794,messages2.html,2023-08-23T22:00:53+00:00,1775,,✅TP2 sur le Nasdaq (trade de lundi)🔥🥳
1796,messages2.html,2023-08-24T14:36:20+00:00,1795,,Analyse journalière :  ⏎ - Divergence RSI validée  ⏎ - Retour sur le dernier plus haut de la tendance baissière en cours  ⏎  ⏎ Analyse H4 :  ⏎ - Prise de liquidités sur le dernier top (13 avril)  ⏎ - Validation d’une épaule-tête-épaule  ⏎ - Cassure d’une trendline partant des plus bas  ⏎ - Moyenne mobile exponentielle 200 en résistance dynamique  ⏎ - Trendline baissière en résistance sur le RSI  ⏎ - Réaction baissièr
1797,messages2.html,2023-08-24T16:45:54+00:00,1772,closed,✔️Je sors 50% de ma position à l’approche du TP2 sur le Gold 🔥
1798,messages2.html,2023-08-24T18:39:33+00:00,1792,,✔️Repris BE sur l’Ethereum
1801,messages2.html,2023-08-25T13:58:44+00:00,1800,,Analyse H4 :  ⏎ - Divergence RSI validée  ⏎  ⏎ Analyse H1 :  ⏎ - Cassure du dernier plus haut de la tendance baissière en cours  ⏎ - Cassure d’une trendline baissière  ⏎ - Moyenne mobile 100 en support dynamique  ⏎ - Création d’un structure haussière avec retour sur le dernier plus bas de la potentielle tendance haussière à venir  ⏎  ⏎ Analyse M30 :  ⏎ - Cassure d’une trendline baissière en cours sur le RSI
1804,messages2.html,2023-08-25T15:14:31+00:00,1802,,"Analyse journalière :  ⏎ - Trendline haussière partant des plus bas en support  ⏎ - Moyenne mobile exponentielle 50, 100 et 200 orientées à la hausse  ⏎ - Réaction haussière sur le dernier plus bas de la tendance haussière en cours  ⏎  ⏎ Analyse H1 :  ⏎ - Cassure de la trendline baissière partant des plus hauts  ⏎  ⏎ Analyse M30 :  ⏎ - Divergence RSI validée  ⏎ - Création d’une structure haussière"
1805,messages2.html,2023-08-25T15:19:07+00:00,1802,,✔️Je sécurise le trade sur le Nasdaq
1806,messages2.html,2023-08-25T15:23:59+00:00,1805,,✔️Sorti BE sur le Nasdaq  ⏎  ⏎ Volatilité importante due au discours de Powell en cours
1807,messages2.html,2023-08-25T16:57:23+00:00,,recap,"🎯Résumé des trades de la semaine :  ⏎  ⏎ Lundi :  ⏎ 🟢Gold : TP2 ✅ 50% de la position encaissée, trade sécurisé en cours  ⏎ 🟢Nasdaq100 : TP2 ✅ +490 points  ⏎  ⏎ Mardi :  ⏎ 🟢USD/CAD : TP1 ✅ 50% de la position encaissé, sorti BE  ⏎  ⏎ Mercredi :  ⏎ 🟢ETH/USD : TP1 ✅ 50% de la position encaissé, sorti BE  ⏎ 🟢Nasdaq : TP2 ✅ +300 points  ⏎  ⏎ Jeudi :  ⏎ 🟡Pétrole : Trade en cours    ⏎  ⏎ Vendredi :  ⏎ 🟡NZD/CHF : Trade en cours  ⏎ 🟡Nasdaq : "
1808,messages2.html,2023-08-25T18:25:45+00:00,1803,breakeven|closed,✅TP1 sur le pétrole (trade 2) 🔥 ⏎  ⏎ Je sors 50% de la position et place le SL au point d’entrée
1810,messages2.html,2023-08-28T12:41:39+00:00,1800,sl_hit,❌Le SL a été touché sur NZD/CHF
1813,messages2.html,2023-08-28T15:32:16+00:00,1812,,Analyse précédente toujours en cours +  ⏎  ⏎ Analyse H4 :  ⏎ - Cassure du précédent plus haut de la tendance baissière en cours  ⏎ - Retour sur le dernier plus bas de la potentielle nouvelle tendance haussière à venir  ⏎ - Réaction haussière avec bougie intéressante sur ce dernier plus bas  ⏎ - Trendline haussière partant des plus bas en support (19 juillet - 3 août - 28 août)
1816,messages2.html,2023-08-29T14:37:42+00:00,1815,,Analyse H4 :  ⏎ - Cassure du dernier plus haut de la tendance baissière en cours  ⏎ - Retour sur les plus bas avec prise de liquidités (bougie avec mèche importante)  ⏎ - Divergence RSI validée sur les plus bas  ⏎  ⏎ Analyse H1 :  ⏎ - Création d’une tendance haussière  ⏎ - Réaction haussière sur le dernier plus bas de la tendance en cours ⏎ - Moyenne mobile exponentielle 100 en support dynamique
1817,messages2.html,2023-08-29T15:53:32+00:00,1815,tp1|breakeven,✅TP1 touché sur EUR/GBP 🔥 ⏎  ⏎ J’encaisse 50% de la position et place le SL au point d’entrée
1818,messages2.html,2023-08-29T18:47:21+00:00,,closed,❌Je sors en perte sur le Pétrole concernant la première position  ⏎  ⏎ Analyse H4 :  ⏎ - Bougie englobante haussière validée   ⏎ - Cassure de la trendline partant des plus hauts  ⏎ - Cassure d’une trendline baissière avec pullback sur le RSI  ⏎ - Moyenne mobile exponentielle 200 redevient support dynamique  ⏎  ⏎ + en journalier : moyenne mobile exponentielle 200 a parfaitement joué le rôle de support dynamiques
1821,messages2.html,2023-08-30T12:25:04+00:00,,breakeven,🎯Point sur les positions en cours :  ⏎ 🟢Gold en positif  ⏎ 🟢EUR/GBP en positif  ⏎ 🟢EUR/NZD en positif  ⏎ 🟢AUD/NZD en positif ⏎ 🟡GBP/CHF au point d’entrée (trade 2)  ⏎ 🔴GBP/CHF en négatif (trade 1)
1822,messages2.html,2023-08-30T13:36:38+00:00,1772,,✅TP3 sur le Gold 🔥🥳
1826,messages2.html,2023-08-30T16:35:52+00:00,1825,,Analyse M30 :  ⏎ - Bougie d’avalement haussière validée démontrant que les acheteurs ont probablement la main ⏎  ⏎ Analyse M5 :  ⏎ - Création d’une zone de demande avec forte réaction haussière  ⏎ - Prise de liquidités sous la zone de demande (bougie avec mèche)  ⏎ - Moyenne exponentielle 100 en support dynamique  ⏎  ⏎ Analyse M1 :  ⏎ - Tendance haussière en formation
1827,messages2.html,2023-08-30T17:00:24+00:00,1825,breakeven,✔️Je sécurise ma position sur le Nasdaq et place le SL au point d’entrée
1829,messages2.html,2023-08-30T17:17:23+00:00,1828,,Analyse H4 :  ⏎ - Prise de liquidités sous une zone de support  ⏎ - Bougie haussière intéressante avec mèche en cours de validation  ⏎  ⏎ Analyse H1 :  ⏎ - Divergence RSI validée  ⏎ - Pullback réalisé sur le haut d’un biseau descendant avec réaction haussière impulsive  ⏎ - Cassure d’une trendline sur le RSI partant des plus hauts
1830,messages2.html,2023-08-30T17:46:42+00:00,1825,tp1,✔️J’encaisse 50% de la position à l’approche du TP1 sur le Nasdaq ✅
1831,messages2.html,2023-08-30T17:52:26+00:00,,closed,🎯Points sur les positions en cours :  ⏎ 🟢EUR/NZD en positif  ⏎ 🟢EUR/GBP en positif  ⏎ 🟢AUD/NZD en positif  ⏎ 🟢Nasdaq en positif (trade 1) ⏎ 🟢CAD/CHF en positif ⏎ 🟢GBP/CHF en positif (trade 2)  ⏎ 🟢GBP/CHF en positif (trade 1)  ⏎  ⏎ Position clôturée :  ⏎ ✅Gold : Trade validé TP3 🔥 ⏎ ✅GBP/NZD : Trade validé TP2 🔥 ⏎ ✅Nasdaq : Trade validé TP2 (trade 2) 🔥
1832,messages2.html,2023-08-30T18:58:40+00:00,1830,,✔️Sorti BE sur le Nasdaq
1834,messages2.html,2023-08-31T14:10:55+00:00,1833,,"Analyse journalière :  ⏎ - Tendance haussière en cours  ⏎ - Validation d’un biseau descendant  ⏎ - Moyenne mobile exponentielle 50, 100 et 200 bien orientées à la hausse  ⏎  ⏎ Analyse H4 :  ⏎ - Pullback en cours sur le haut du biseau avec réaction haussière importante ⏎ - Trendline haussière en support sur le RSI  ⏎  ⏎ Analyse H1 :  ⏎ - Tendance haussière court terme  ⏎ - Moyenne mobile exponentielle 100 en support dyn"
1835,messages2.html,2023-08-31T21:39:34+00:00,1828,tp1|breakeven,✅TP1 touché sur la paire CAD/CHF 🔥 ⏎  ⏎ J’encaisse 50% de la position et place le SL au point d’entrée
1836,messages2.html,2023-09-01T07:34:02+00:00,1833,,❌SL sur AUD/JPY
1838,messages2.html,2023-09-01T13:18:05+00:00,1837,,Analyse H4 :  ⏎ - Divergence RSI validée sur les plus bas  ⏎ - Création d’une structure haussière avec plus haut et plus bas de plus en plus haut  ⏎ - Cassure d’une trendline baissière partant des plus hauts  ⏎ - Moyenne mobile exponentielle 100 parfaitement orientée en support dynamique  ⏎ - Cassure d’une trendline baissière sur le RSI  ⏎  ⏎ Analyse H1 :  ⏎ - Retour sur une zone de support avec réaction haussièr
1840,messages2.html,2023-09-01T13:39:14+00:00,1839,,Analyse H4 :  ⏎ - Prise de liquidités sous le dernier plus bas de la tendance haussière en cours  ⏎ - Création préalable d’un range avec cassure par le bas = potentiel schéma en accumulation-manipulation-distribution  ⏎ - Cassure à la hausse d’un canal baissier avec pullback et réaction haussière importante  ⏎ - Moyenne mobile exponentielle 50 en support dynamique  ⏎  ⏎ + chiffre aux US importants sorti à 14h
1841,messages2.html,2023-09-01T20:32:29+00:00,,recap,"🎯Résumé des trades de la semaine :  ⏎  ⏎ Lundi :  ⏎ 🟢GBP/CHF : TP1 ✅ Trade en cours, 20% de la position encaissée, trade sécurisé  ⏎  ⏎ Mardi :  ⏎ 🟢EUR/GBP : TP1 ✅ 50% de la position encaissé, sorti BE  ⏎  ⏎ Mercredi :  ⏎ 🟢CAD/CHF : TP1 ✅ 50% de la position encaissée, trade en cours  ⏎ 🟢Nasdaq : TP1 ✅ 50% de la position encaissée, sorti BE  ⏎  ⏎ Jeudi :  ⏎ 🔴AUD/JPY : SL ⏎  ⏎ Vendredi :  ⏎ 🟡NZD/CHF : Trade en cours  ⏎ 🟡GBP/USD : Tr"
1845,messages2.html,2023-09-04T12:39:11+00:00,1844,,"Analyse journalière :  ⏎ - Tendance haussière en cours  ⏎ - Validation d’un biseau descendant  ⏎ - Moyenne mobile exponentielle 50, 100 et 200 bien orientées à la hausse  ⏎  ⏎ Analyse H4 :  ⏎ - Pullback en cours sur le haut du biseau avec réaction haussière importante ⏎ - Trendline haussière en support sur le RSI  ⏎ - Moyenne mobile exponentielle 100 parfaitement orientée en support dynamique  ⏎  ⏎ Analyse H1 :  ⏎ - Te"
1847,messages2.html,2023-09-05T09:34:40+00:00,1846,,Analyse H1 :  ⏎ - Tendance baissière en cours  ⏎ - Retour sur le dernier plus haut de la tendance baissière en cours  ⏎ - Prise de liquidités sur le dernier top  ⏎ - Prise de liquidités au-dessus de la session asiatique  ⏎  ⏎ Analyse M30 :  ⏎ - Cassure de trendline sur le RSI
1853,messages2.html,2023-09-06T14:07:22+00:00,1851,breakeven|closed,✔️Je sors de ma première position sur GBP/NZD en léger gain  ⏎  ⏎ ✔️Je sécurise la deuxième position sur GBP/NZD en plaçant le SL au point d’entrée
1856,messages2.html,2023-09-06T14:18:21+00:00,1854,closed,Analyse hebdomadaire :  ⏎ - RSI en surachat  ⏎ - Bougies pendues clôturée  ⏎  ⏎ Analyse journalière :  ⏎ - Double divergence RSI validée  ⏎  ⏎ Analyse H4 :  ⏎ - Vague de Wolfe baissière en cours  ⏎ - Création de liquidités en cours avec une phase de latéralisation  ⏎  ⏎ Analyse H1 :  ⏎ - Création d’une structure baissière avec présence d’un nouveau plus bas
1857,messages2.html,2023-09-06T15:08:16+00:00,1851,tp1|closed,✅TP1 touché sur GBP/NZD 🔥 ⏎  ⏎ Je sors 50% de ma position
1858,messages2.html,2023-09-06T15:08:52+00:00,1850,tp1|breakeven|closed,✅TP1 touché sur CAD/CHF 🔥 ⏎  ⏎ Je sors 20% de ma position et place le SL au point d’entrée
1859,messages2.html,2023-09-06T15:09:29+00:00,1839,,❌SL sur le GBP/USD
1860,messages2.html,2023-09-07T08:54:17+00:00,1851,closed,✅Je sors 100% de ma position sur GBP/NZD à l’approche du TP2 🔥
1861,messages2.html,2023-09-07T08:59:33+00:00,1812,breakeven,✔️Sorti au point d’entrée après avoir encaissé 20% de la position au TP1 sur GBP/CHF
1862,messages2.html,2023-09-07T12:45:01+00:00,,breakeven,🎯Point sur les positions en cours :  ⏎ 🟢CAD/CHF en positif (trade 1)  ⏎ 🟢CAD/CHF en positif (trade 2)  ⏎ 🟢EUR/NZD en positif  ⏎ 🟢AUD/NZD en positif  ⏎ 🟢CHF/JPY en positif  ⏎ 🟢NZD/CHF au point d’entrée    ⏎ 🔴AUD/JPY en négatif
1865,messages2.html,2023-09-08T14:41:53+00:00,1864,,"Analyse journalière :  ⏎ - Tendance haussière en cours  ⏎ - RAS sur le RSI  ⏎  ⏎ Analyse H1 :  ⏎ - Retour sur le niveau 0,5 du retracement de Fibonacci de la dernière vague de hausse ⏎ - Divergence RSI validée  ⏎  ⏎ Analyse M30 :  ⏎ - Cassure d’une trendline intéressante partant des plus hauts sur le RSI  ⏎  ⏎ Analyse M15 :  ⏎ - Moyenne mobile exponentielle 50 et 100 parfaitement orientées en support dynamique"
1866,messages2.html,2023-09-08T15:22:40+00:00,1864,breakeven,✔️Je sécurise le trade sur le S&P500 et place le SL au point d’entrée
1867,messages2.html,2023-09-08T18:02:41+00:00,1866,,✔️Sorti BE sur le S&P500
1868,messages2.html,2023-09-08T18:06:48+00:00,,recap,"🎯Résumé des trades de la semaine :  ⏎  ⏎ Lundi :  ⏎ 🟡AUD/JPY : au point d’entrée  ⏎  ⏎ Mardi :  ⏎ 🟢GBP/NZD : TP2 ✅ 100% de la position encaissé ⏎ 🟢CAD/CHF : TP1 ✅ 20% de la position encaissée, trade sécurisé en cours  ⏎  ⏎ Mercredi :  ⏎ 🟡CHF/JPY : au point d’entrée  ⏎  ⏎ Jeudi :  ⏎ 👉🏼Pas de trade  ⏎  ⏎ Vendredi :  ⏎ 🟡S&P500 : Repris BE  ⏎  ⏎ 📊Suivi des trades :  ⏎ 🟢EUR/NZD : TP1 ✅ 50% de la position encaissé, trade sécurisé en cours  ⏎ "
1872,messages2.html,2023-09-11T13:43:49+00:00,1871,,Analyse journalière :  ⏎ - Divergence RSI en cours (qualité médium) ⏎ - Cassure d’une trendline haussière sur le RSI avec pullback  ⏎  ⏎ Analyse H4 :  ⏎ - Validation d’un double top pour initier le retournement de tendance  ⏎ - Cassure d’une phase de range avec pullback en cours  ⏎ - Moyenne mobile exponentielle 200 en résistance dynamique  ⏎  ⏎ Analyse H2 :  ⏎ - Trendline baissière en résistance sur le RSI  ⏎  ⏎ Analyse
1873,messages2.html,2023-09-11T13:55:06+00:00,1865,,✅L’analyse sur le S&P500 a fini par se valider 📈
1874,messages2.html,2023-09-11T14:11:00+00:00,1871,,🚨GBP/JPY et non CHF/JPY
1875,messages2.html,2023-09-12T13:56:02+00:00,1828,,✅J’encaisse 100% de la position sur CAD/CHF à l’approche du TP2 (trade 1) 🔥
1877,messages2.html,2023-09-12T14:00:48+00:00,1876,,Analyse H1 :  ⏎ - Prise de liquidités au-dessus d’une zone de résistance (bougie avec mèche importante)  ⏎ - Cassure d’un canal haussier avec pullback en cours  ⏎ - Moyenne mobile exponentielle 200 en résistance dynamique  ⏎  ⏎ Analyse M30 :  ⏎ - Divergence RSI validée sur les plus haut  ⏎ - Cassure du dernier plus bas de la tendance haussière court terme  ⏎ - Cassure d’une phase haussière sur le RSI
1878,messages2.html,2023-09-12T14:03:45+00:00,,breakeven,🎯Point sur les trades en cours :  ⏎ 🟢CAD/CHF en positif ⏎ 🟢AUD/NZD en positif  ⏎ 🟢CHF/JPY en positif  ⏎ 🟢GBP/JPY en positif  ⏎ 🟢EUR/NZD en positif  ⏎ 🟢Dow Jones en positif  ⏎ 🟡NZD/CHF au point d’entrée  ⏎ 🔴AUD/JPY en négatif
1879,messages2.html,2023-09-12T15:14:17+00:00,1850,breakeven,✅TP2 sur la paire CAD/CHF 🔥 (trade 2)  ⏎  ⏎ J’encaisse 50% de la position et place le SL au point d’entrée
1880,messages2.html,2023-09-12T18:23:15+00:00,1876,,❌SL sur le Dow Jones
1882,messages2.html,2023-09-12T18:50:50+00:00,1881,,"Analyse H4 :  ⏎ - Tendance haussière en cours  ⏎ - Nouvelle vague haussière initiée sur les 0,5 du retracement de Fibonacci  ⏎ - Moyenne mobile exponentielle 50 en support dynamique  ⏎  ⏎ Analyse M15 :  ⏎ - Tendance haussière en cours  ⏎ - Trendline haussière en support  ⏎ - Retour sur le dernier plus bas de la tendance haussière en cours  ⏎ - Réaction haussière sur le support"
1883,messages2.html,2023-09-12T19:50:58+00:00,1881,,❌SL sur le Nasdaq
1884,messages2.html,2023-09-12T19:53:49+00:00,1707,tp1,✅Le TP1 avait été touché sur la paire AUD/NZD 🔥 ⏎  ⏎ J’encaisse 50% de la position
1885,messages2.html,2023-09-13T12:52:24+00:00,,breakeven|closed,✅Je sors proche du point d’entrée sur les paires CHF/JPY et GBP/JPY  ⏎  ⏎ ⚠️Volatilité importante attendue à 14h30
1887,messages2.html,2023-09-13T13:44:44+00:00,1886,closed,Analyse H4 :  ⏎ - Cassure de la trendline partant des plus bas  ⏎ - Moyenne mobile exponentielle 200 en résistance dynamique  ⏎ - Prise de liquidités effectuées (bougie avec mèche importante clôturée) ⏎  ⏎ Analyse H1 :  ⏎ - Cassure d’une canal haussier avec pullback en cours sur la trendline inférieure  ⏎ - Zone de résistance  ⏎  ⏎ Analyse M15 :  ⏎ - Cassure du dernier plus bas de la tendance haussière court terme  ⏎ -
1889,messages2.html,2023-09-14T10:21:31+00:00,1886,breakeven|closed,✔️Je sors du Dow Jones au point d’entrée
1892,messages2.html,2023-09-14T15:09:28+00:00,1891,,Analyse H4 :  ⏎ - Tendance baissière en cours ⏎ - Validation d’une épaule-tête-épaule de continuation baissière  ⏎  ⏎ Analyse M30 :  ⏎ - Tendance baissière en cours  ⏎ - Cassure d’une phase de range avec pullback de qualité sur la borne inférieure  ⏎ - Réaction baissière impulsive sur le pullback (correspondant également à la borne inférieure de la session asiatique)  ⏎ - Cassure d’une trendline haussière sur le 
1894,messages2.html,2023-09-14T15:55:28+00:00,1893,,Analyse H4 :  ⏎ - Tendance haussière selon la théorie de Dow avec plus haut et plus bas de plus en plus haut  ⏎  ⏎ Analyse H1 :  ⏎ - Cassure d’une trendline baissière partant des plus hauts  ⏎  ⏎ Analyse M30 :  ⏎ - Réaction haussière importante sur le dernier plus bas de la tendance haussière court terme  ⏎ - Réaction haussière sur le plus bas de la session asiatique avec prise de liquidités en-dessous  ⏎ - Moyenne
1895,messages2.html,2023-09-14T16:29:01+00:00,1891,,"✔️Je renforce ma position sur le Gold, même SL et même TP"
1896,messages2.html,2023-09-15T07:44:40+00:00,1891,,❌SL sur le Gold
1897,messages2.html,2023-09-15T07:45:36+00:00,1844,breakeven,✅TP1 sur AUD/JPY 🔥 ⏎  ⏎ J’encaisse 50% de la position et place le SL au point d’entrée
1898,messages2.html,2023-09-15T07:46:57+00:00,1893,breakeven,✅J’encaisse 50% de la position sur le Nasdaq à l’approche du TP1 et place le SL au point d’entrée 🔥
1899,messages2.html,2023-09-15T07:48:07+00:00,1837,breakeven,✔️Je sécurise la position sur NZD/CHF et place le SL au point d’entrée
1900,messages2.html,2023-09-15T14:34:25+00:00,1898,breakeven,✔️Sorti au point d’entrée après avoir encaissé 50% de la position sur le Nasdaq
1902,messages2.html,2023-09-15T16:07:32+00:00,1901,closed,Analyse hebdomadaire :  ⏎ - RSI en surachat  ⏎ - Bougies pendues clôturée  ⏎  ⏎ Analyse journalière :  ⏎ - Double divergence RSI validée  ⏎  ⏎ Analyse H4 :  ⏎ - Vague de Wolfe baissière en cours  ⏎ - Création de liquidités en cours avec une phase de latéralisation  ⏎  ⏎ Analyse H2 :  ⏎ - Création d’une structure de retournement en forme de diamant baissier  ⏎ - Moyenne mobile exponentielle 200 en résistance dynamique  ⏎  ⏎ Ana
1903,messages2.html,2023-09-15T20:07:24+00:00,,recap,"🎯Résumé des trades de la semaine :  ⏎  ⏎ Lundi :  ⏎ 🟡GBP/JPY : sorti au point d’entrée  ⏎  ⏎ Mardi :  ⏎ 🔴Dow Jones : SL ⏎ 🔴Nasdaq : SL  ⏎  ⏎ Mercredi :  ⏎ 🟡Dow Jones : au point d’entrée  ⏎ 🟢AUD/JPY : TP1 ✅ 50% de la position encaissée, trade en cours ⏎  ⏎ Jeudi :  ⏎ 🔴Gold : SL ⏎ 🟢Nasdaq : TP1 ✅ 50% de la position encaissée ⏎  ⏎ Vendredi :  ⏎ 🟢CHF/JPY : Trade en cours en positif  ⏎  ⏎ 📊Suivi des trades :  ⏎ 🟢CAD/CHF : TP2 ✅ 100% de la posi"
1906,messages2.html,2023-09-18T14:44:37+00:00,1905,,Analyse H1 :  ⏎ - Zone support intéressante  ⏎ - Divergence RSI de qualité validée  ⏎ - Hausse des volumes  ⏎ - Zone de liquidités à aller chercher à la hausse (bougies rouges pleines non comblées) ⏎ - Trendline en support partant des plus bas
1907,messages2.html,2023-09-18T16:32:15+00:00,1905,breakeven,✔️Je sécurise le trade sur le Nasdaq et place le SL au point d’entrée
1908,messages2.html,2023-09-18T16:44:18+00:00,1850,closed,✅Je sors 100% de ma position sur CAD/CHF à l’approche du TP3 🔥
1909,messages2.html,2023-09-18T16:58:53+00:00,1905,,✔️J’encaisse 50% de la position sur le Nasdaq à l’approche du TP1 🔥 ⏎  ⏎ +60 points
1910,messages2.html,2023-09-19T08:52:54+00:00,1837,breakeven,✅J’encaisse 50% de la position et place le SL au point d’entrée à l’approche du TP1 sur NZD/CHF 🔥
1911,messages2.html,2023-09-19T08:57:45+00:00,1901,breakeven|closed,✔️Je sors au point d’entrée sur CHF/JPY
1914,messages2.html,2023-09-20T14:05:06+00:00,1913,,Analyse journalière :  ⏎ - Retour sur le dernier plus bas de la tendance haussière en cours  ⏎ - RSI en survente  ⏎  ⏎ Analyse H4 :  ⏎ - Cassure de trendline baissière validée sur le RSI  ⏎ - Validation d’un double bottom sur le RSI en zone de survente ++ ⏎  ⏎ Analyse H2 :  ⏎ - Divergence RSI validée  ⏎ - Trendline baissière de qualité en cours de cassure sur le le RSI  ⏎ - Bougie englobante haussière validée ⏎ - Zone de
1916,messages2.html,2023-09-20T14:37:00+00:00,1915,closed,Analyse journalière :  ⏎ - Zone support importante  ⏎  ⏎ Analyse H4 :  ⏎ - Création d’une structure haussière avec présence de plus hauts et de plus bas de plus en plus haut  ⏎ - Zone de support sur le RSI  ⏎ - Prise de liquidité sous un dernier bottom (bougie avec mèche clôturée)  ⏎  ⏎ Analyse H1 :  ⏎ - Cassure du dernier plus haut de la tendance baissière en cours  ⏎ - Création d’un canal baissier permettant d’indu
1918,messages2.html,2023-09-20T16:29:06+00:00,1917,,✔️Je sécurise la position sur le Nasdaq
1919,messages2.html,2023-09-20T17:51:38+00:00,1918,,✔️Sorti BE sur le Nasdaq
1920,messages2.html,2023-09-20T19:06:45+00:00,1917,tp1,"✅Bravo à ceux resté en position, le TP1 a été touché sur le Nasdaq"
1921,messages2.html,2023-09-20T20:42:15+00:00,1917,,✅+200 points en cours sur l’analyse du Nasdaq 🔥
1925,messages2.html,2023-09-21T13:50:01+00:00,1924,,Analyse journalière :  ⏎ - Divergence RSI  ⏎ - Cassure de trendline haussière sur le RSI  ⏎  ⏎ Analyse H4 :  ⏎ - Création d’une structure baissière avec présence de plus bas et de plus haut de plus en plus bas  ⏎ - Prise de liquidités initiales pour initier le retournement  ⏎ - Zone de liquidités à aller chercher  ⏎ - Réaction baissière importante sur le dernier plus haut de la tendance baissière en cours  ⏎ - Cass
1930,messages2.html,2023-09-22T15:35:16+00:00,1928,breakeven,✔️J’encaisse 50% de la position à l’approche du TP1 et place le SL au point d’entrée 🔥
1931,messages2.html,2023-09-22T19:18:21+00:00,1930,,✔️Sorti BE sur le Nasdaq après avoir touché le TP1
1932,messages2.html,2023-09-22T20:27:13+00:00,,recap,🎯Résumé des trades de la semaine :  ⏎  ⏎ Lundi :  ⏎ 🟢Nasdaq : TP1 ✅ 50% de la position encaissée : +60 points ⏎  ⏎ Mardi :  ⏎ 👉🏼Pas de trade ⏎  ⏎ Mercredi :  ⏎ 🔴GBP/CAD : SL ⏎ 🟢GBP : Trade en cours en positif  ⏎ 🟢Nasdaq : TP2 ✅ +231 points (sorti BE personnellement) ⏎  ⏎ Jeudi :  ⏎ 🟢GBP/CHF : Trade en cours en positif  ⏎ 🟡EUR/JPY : Trade en cours en négatif  ⏎  ⏎ Vendredi :  ⏎ 🟢Nasdaq : TP1 ✅ 50% de la position encaissée : +80 point
1936,messages2.html,2023-09-25T15:05:32+00:00,1935,,Analyse M30 :  ⏎ - Prise de liquidités sous une zone support  ⏎ - Rebond sur la borne inférieure de la session asiatique de vendredi ⏎ - Bougie englobante haussière validée  ⏎ - Zone de liquidité à aller chercher à la hausse  ⏎  ⏎ Analyse M15 :  ⏎ - Divergence RSI haussière validée
1937,messages2.html,2023-09-25T16:27:01+00:00,1935,breakeven,✔️Je sécurise ma position sur le Nasdaq et place le SL au point d’entrée
1938,messages2.html,2023-09-25T16:33:41+00:00,,breakeven,🎯Point sur les positions en cours :  ⏎ 🟢NZD/CHF en positif  ⏎ 🟢GBP/CHF en positif (trade 1) ⏎ 🟢GBP/CHF en positif (trade 2) ⏎ 🟢AUD/JPY en positif (trade 1) ⏎ 🟢AUD/JPY en positif (trade 2)  ⏎ 🟢Nasdaq100 en positif  ⏎ 🟡EUR/JPY au point d’entrée
1939,messages2.html,2023-09-25T17:25:18+00:00,1935,,✔️J’encaisse 50% de la position à l’approche du TP1 🔥 ⏎  ⏎ +70 points
1940,messages2.html,2023-09-25T17:52:59+00:00,1939,breakeven,✔️Repris au point d’entrée sur le Nasdaq après avoir encaissé 50% de la position
1943,messages2.html,2023-09-26T13:34:52+00:00,1942,,Analyse journalière :  ⏎ - RSI en survente ++  ⏎ - Tendance baissière = trade contre-tendance  ⏎  ⏎ Analyse H4 :  ⏎ - Divergence RSI en cours en zone de survente ++ ⏎ - Cassure de trendline baissière sur le RSI  ⏎  ⏎ Analyse H2 :  ⏎ - Cassure de trendline baissière sur le RSI  ⏎  ⏎ Analyse M15 :  ⏎ - Cassure du dernier plus haut de la tendance baissière en court  ⏎ - Cassure d’une trendline partant des plus hauts  ⏎ - Moyenn
1947,messages2.html,2023-09-27T17:06:23+00:00,1942,,❌SL sur le GBP/CAD
1948,messages2.html,2023-09-27T17:16:49+00:00,1837,,✔️J’encaisse 100% de la position sur la paire NZD/CHF à l’approche du TP2 🔥
1949,messages2.html,2023-09-27T19:58:42+00:00,1923,breakeven,✅J’encaisse 50% de la position sur GBP/CHF à l’approche du TP1 et place le SL au point d’entrée (trade 2) 🔥
1951,messages2.html,2023-09-28T09:47:52+00:00,1915,tp1|breakeven,✅TP1 touché sur la paire GBP/CHF (trade 1) 🔥 ⏎  ⏎ J’encaisse 50% de la position et place le SL au point d’entrée
1954,messages2.html,2023-09-28T14:02:22+00:00,1952,,Analyse journalière :  ⏎ - Divergence RSI en cours  ⏎ - Intiation d’un retournement avec bougie englobante haussière  ⏎  ⏎ Analyse H4 :  ⏎ - Cassure d’une trendline baissière sur le prix  ⏎ - Cassure d’une trendline baissière sur le RSI avec pullback en cours  ⏎ - Moyenne mobile exponentielle 50 orientée à la hausse  ⏎  ⏎ Analyse H2 :  ⏎ - Cassure de trendline visible également  ⏎ - Création d’une structure haussière a
1956,messages2.html,2023-09-28T14:40:01+00:00,1955,,Analyse journalière :  ⏎ - Retour sur une zone de demande intéressante  ⏎ - Bougie englobante haussière validée  ⏎  ⏎ Analyse H4 :  ⏎ - Cassure d’une trendline baissière sur le RSI partant des plus hauts avec pullback  ⏎  ⏎ Analyse H1 :  ⏎ - Cassure de la trendline partant des plus hauts  ⏎ - Cassure du dernier plus haut de la tendance baissière en cours  ⏎ - Création d’une structure haussière  ⏎ - Divergence RSI valid
1957,messages2.html,2023-09-28T20:01:24+00:00,,breakeven,🎯Point sur les trades en cours :  ⏎ 🟢GBP/CHF en positif (trade 1)  ⏎ 🟢GBP/CHF en positif (trade 2)  ⏎ 🟢AUD/JPY en positif (trade 1)  ⏎ 🟢AUD/JPY en positif (trade 2)  ⏎ 🟢AVAX/USDT en positif  ⏎ 🟡EUR/JPY au point d’entrée  ⏎ 🔴GBP/AUD en négatif
1959,messages2.html,2023-09-29T15:46:30+00:00,1958,,Analyse journalière :  ⏎ - Prise de liquidités sur un ancien plus haut  ⏎ - Bougie englobante baissière validée  ⏎ - RSI en surachat  ⏎  ⏎ Analyse H4 :  ⏎ - Divergence RSI validée  ⏎ - Cassure de trendline partant des plus bas sur le RSI  ⏎  ⏎ Analyse H1 :  ⏎ - Épaule-tête-épaule en formation ⏎ - Cassure de la moyenne mobile exponentielle 100  ⏎ - Potentielle cassure de la trendline partant des plus bas à venir
1960,messages2.html,2023-09-29T18:55:43+00:00,,recap,"🎯Résumé des trades de la semaine :  ⏎  ⏎ Lundi :  ⏎ 🟢Nasdaq : TP1 ✅ 50% de la position encaissée : +70 points ⏎  ⏎ Mardi :  ⏎ 🔴GBP/CAD : SL  ⏎  ⏎ Mercredi :  ⏎ Pas de trade  ⏎  ⏎ Jeudi :  ⏎ 🟢AVAX/USDT : Trade en cours en positif   ⏎  ⏎ Vendredi :  ⏎ 🟢CAD/CHF : Trade en cours en positif  ⏎  ⏎ 📊Suivi des trades :  ⏎ 🟢GBP/CHF : TP1 ✅ 50% de la position encaissé, trade sécurisé en cours (trade 1) ⏎ 🟢GBP/CHF : TP1 ✅ 50% de la position enca"
1961,messages2.html,2023-10-01T10:18:31+00:00,1952,tp1|breakeven,✅TP1 touché sur AVAX/USDT 🔥 ⏎  ⏎ J’encaisse 50% de la position et place le SL au point d’entrée
1962,messages2.html,2023-10-01T11:25:23+00:00,1961,,✅TP final en approche sur AVAX/USDT 🚀🔥
1964,messages2.html,2023-10-02T13:24:39+00:00,1958,tp1|breakeven,✅Le TP1 a été touché sur la paire CAD/CHF 🔥 ⏎  ⏎ 50% de la position encaissée et SL au point d’entrée
1966,messages2.html,2023-10-02T14:28:33+00:00,1965,,Analyse précédente toujours valide +  ⏎  ⏎ Analyse H4 :  ⏎ - Zone de résistance sur le RSI  ⏎ - Prise de liquidités à la hausse (bougies avec mèche)  ⏎  ⏎ Analyse H1 :  ⏎ - Divergence RSI validée  ⏎ - Prise de liquidité au-dessus de la session asiatique
1967,messages2.html,2023-10-02T18:06:03+00:00,1965,breakeven,✔️Je sécurise le trade sur EUR/JPY et place le SL au point d’entrée
1968,messages2.html,2023-10-03T08:42:11+00:00,1967,tp1,✅TP1 touché sur EUR/JPY 🔥 ⏎  ⏎ J’encaisse 50% de ma position
1971,messages2.html,2023-10-03T15:01:35+00:00,1970,,Analyse H4 :  ⏎ - Prise de liquidités sur le dernier top  ⏎ - Cassure de trendline haussière sur le RSI  ⏎  ⏎ Analyse H2 :  ⏎ - Validation d’un double top  ⏎ - Retour dans une zone de liquidités avec bougie englobante baissière validée  ⏎  ⏎ Analyse H1 :  ⏎ - Moyenne mobile exponentielle 100 en résistance dynamique ⏎ - Formation d’un drapeau baissier en cours
1973,messages2.html,2023-10-03T15:20:29+00:00,1972,,Analyse H4 :  ⏎ - Tendance baissière en cours  ⏎  ⏎ Analyse H1 :  ⏎ - Cassure de la moyenne mobile exponentielle100  ⏎ - Cassure d’une trendline haussière sur le prix  ⏎ - Prise de liquidités sur le dernier plus haut de la tendance baissière  ⏎ - Prise de liquidités au-dessus de la session asiatique  ⏎  ⏎ Analyse M15 :  ⏎ - Pullback sur la trendline haussière avec bougie impulsive baissière
1974,messages2.html,2023-10-03T15:24:13+00:00,1965,tp2|closed,✅TP2 touché sur EUR/JPY 🥳🔥 ⏎  ⏎ Je sors 100% de la position
1975,messages2.html,2023-10-03T15:53:29+00:00,1972,breakeven,✔️J’encaisse 50% de la position sur le Nasdaq à l’approche du TP1 et place le SL au point d’entrée 🔥 ⏎  ⏎ +120 points
1976,messages2.html,2023-10-04T11:03:37+00:00,1975,,✔️J’encaisse 100% de la position sur le Nasdaq 🔥 ⏎  ⏎ +160 points
1979,messages2.html,2023-10-05T09:32:34+00:00,1970,breakeven|closed,✔️Je sors au point d’entrée sur EUR/GBP
1980,messages2.html,2023-10-05T13:43:30+00:00,1952,tp2,✅TP2 touché sur AVAX/USDT 🥳
1982,messages2.html,2023-10-05T15:05:03+00:00,1981,breakeven,✔️Je sécurise la position sur le Nasdaq et place le SL au point d’entrée
1983,messages2.html,2023-10-05T15:08:12+00:00,1982,,✔️J’encaisse 50% de la position à l’approche du TP1 🔥 ⏎  ⏎ + 80 points
1984,messages2.html,2023-10-05T19:30:49+00:00,1983,,✔️Sorti BE sur le Nasdaq après avoir touché le TP1
1986,messages2.html,2023-10-06T12:05:42+00:00,1985,,Analyse journalière :  ⏎ - RSI en sorti de zone de survente  ⏎ - Zone de demande importante  ⏎  ⏎ Analyse H4 :  ⏎ - Prise de liquidités sous la zone de demande  ⏎ - Cassure de trendline baissière sur le RSI  ⏎ - Divergence RSI validée  ⏎ - Cassure du dernier plus haut de la tendance baissière en cours  ⏎  ⏎ Analyse H1 :  ⏎ - Réaction haussière sur une zone de demande court terme ⏎ - Moyenne mobile exponentielle 50 orient
1987,messages2.html,2023-10-06T17:18:54+00:00,,recap,"🎯Résumé des trades de la semaine :  ⏎  ⏎ Lundi :  ⏎ 🟢EUR/JPY : TP2 ✅ 100% de la position encaissée (trade 2) ⏎  ⏎ Mardi :  ⏎ 🟢EUR/GBP : Trade en cours en positif (sorti BE personnellement)  ⏎ 🟢Nasdaq : TP1 ✅ 50% de la position encaissée, sorti BE : +120 points  ⏎  ⏎ Mercredi :  ⏎ Pas de trade  ⏎  ⏎ Jeudi :  ⏎ 🟢Nasdaq : TP1 ✅ 50% de la position encaissée, sorti BE : +100 points  ⏎  ⏎ Vendredi :  ⏎ 🟡GBP/NZD : Trade en cours au poi"
1990,messages2.html,2023-10-09T14:36:24+00:00,1989,,Analyse journalière :  ⏎ - Divergence RSI validée  ⏎  ⏎ Analyse H4 :  ⏎ - Création d’une structure haussière avec cassure du précédent plus haut de la tendance baissière en cours  ⏎ - Cassure de la trendline baissière partant des plus hauts  ⏎ - Prise de liquidités avant impulsion haussière (bougies avec mèches ++ sous un précédent Bottom)  ⏎  ⏎ Analyse H1 :  ⏎ - Tendance haussière en cours selon la théorie de Dow
1992,messages2.html,2023-10-09T14:56:50+00:00,1991,,Analyse H4 :  ⏎ - Double bottom validé avec pullback sur la ligne de cou  ⏎ - Divergence RSI validée  ⏎  ⏎ Analyse H1 : ⏎ - Création d’un tendance haussière ⏎  ⏎ Analyse M30 :  ⏎ - Prise de liquidités sous la borne basse de la session asiatique  ⏎ - Bougie intéressante avec mèche validée sur la ligne de cou du double bottom
1993,messages2.html,2023-10-09T18:48:13+00:00,1991,breakeven,✅TP1 sur le Nasdaq 🔥 ⏎  ⏎ J’encaisse 20% de la position et place le SL au point d’entrée
1995,messages2.html,2023-10-10T11:57:57+00:00,1991,closed,✅Je sors 50% de la position à l’approche du TP2 sur le Nasdaq 🔥
1998,messages2.html,2023-10-10T16:46:45+00:00,1996,,Analyse journalière :  ⏎ - Prise de liquidités sous une zone de demande importante  ⏎ - Divergence RSI validée  ⏎ - Hausse des volumes  ⏎  ⏎ Analyse H4 :  ⏎ - Cassure d’un canal baissier avec hausse des volumes  ⏎ - Divergence RSI validée  ⏎  ⏎ Analyse M30 :  ⏎ - Création d’une structure haussière
1999,messages2.html,2023-10-11T14:00:53+00:00,,breakeven,🎯Point sur les trades en cours :  ⏎ 🟢EUR/USD en positif  ⏎ 🟢NZD/USD en positif  ⏎ 🟢CAD/CHF en positif  ⏎ 🟢Nasdaq en positif  ⏎ 🟡GBP/NZD au point d’entrée
2000,messages2.html,2023-10-11T15:01:18+00:00,1991,closed,✔️Je sors 100% de ma position sur le Nasdaq 🔥 ⏎  ⏎ +300 points
2002,messages2.html,2023-10-11T15:38:50+00:00,2001,,Analyse journalière :  ⏎ - Cassure d’une trendline haussière sur le RSI  ⏎  ⏎ Analyse H4 :  ⏎ - Prise de liquidités sur le précédent top  ⏎ - Cassure d’un canal haussier avec pullback en cours  ⏎  ⏎ Analyse H2 :  ⏎ - Moyenne mobile exponentielle 200 en résistance dynamique  ⏎ - Création d’une structure baissière
2006,messages2.html,2023-10-12T07:51:52+00:00,2003,tp1|breakeven,✅TP1 touché sur AUD/USD 🔥 ⏎  ⏎ J’encaisse 50% de la position et place le SL au point d’entrée
2008,messages2.html,2023-10-12T09:43:03+00:00,2006,,✔️Sorti BE sur AUD/USD après avoir touché le TP1
2009,messages2.html,2023-10-12T09:46:55+00:00,1692,,"🚨Petit rappel : Pour continuer l’aventure et prolonger l’accès au sein du canal VIP à l’issue de votre année, un mail vous sera envoyé avec une offre préférentielle à l’approche de la date butoir pour souscrire au pack « Trader Braqueur » PREMIUM PLUS. 🥇"
2010,messages2.html,2023-10-12T14:16:53+00:00,2001,breakeven,✔️J’encaisse 20% de ma position sur le Bitcoin et place le SL au point d’entrée
2012,messages2.html,2023-10-12T14:18:09+00:00,1964,,✅J’encaisse 100% de la position à l’approche du TP2 sur CAD/CHF 🔥
2016,messages2.html,2023-10-13T13:39:17+00:00,2015,,Analyse H4 :  ⏎ - Création d’une structure baissière  ⏎ - Prise de liquidités au-dessus du précédent top de la potentielle tendance baissière à venir  ⏎  ⏎ Analyse H1 :  ⏎ - Divergence RSI validée sur les plus hauts ⏎ - Validation d’une épaule tête épaule avec pullback en cours  ⏎ - Moyenne mobile exponentielle 100 orientée en résistance dynamique
2018,messages2.html,2023-10-13T15:53:40+00:00,2017,,❌SL sur le Nasdaq
2020,messages2.html,2023-10-13T15:58:15+00:00,2019,,Analyse H2 :  ⏎ - Divergence RSI validée sur les plus hauts  ⏎ - Prise de liquidités au-dessus d’un ancien top ⏎  ⏎ Analyse H1 :  ⏎ - Épaule-tête-épaule validée  ⏎ - Cassure de trendline sur le RSI ⏎ - Cassure de trendline sur le prix  ⏎ - Moyenne mobile exponentielle 100 orientée en résistance dynamique  ⏎  ⏎ Analyse M30 :  ⏎ - Prise de liquidités effectuées sur au-dessus de la session asiatique
2021,messages2.html,2023-10-13T16:55:01+00:00,2019,breakeven,✔️Je sécurise le trade sur le Nasdaq et place le SL au point d’entrée
2022,messages2.html,2023-10-13T17:18:40+00:00,1985,tp1|breakeven,✅TP1 touché sur GBP/NZD 🔥 ⏎  ⏎ J’encaisse 50% de la position et place le SL au point d’entrée
2023,messages2.html,2023-10-13T17:38:14+00:00,,recap,"🎯Résumé des trades de la semaine :  ⏎  ⏎ Lundi :  ⏎ 🔴NZD/USD : SL  ⏎ 🟢Nasdaq : TP3 ✅ +300 points ⏎  ⏎ Mardi :  ⏎ 🟡EUR/USD : Trade en cours  ⏎  ⏎ Mercredi :  ⏎ 🟢BTC/USDT : Trade en cours, 20% de la position encaissée  ⏎ 🟢AUD/USD : TP1 ✅ 50% de la position encaissée, sorti BE  ⏎  ⏎ Jeudi :  ⏎ 🟢EUR/AUD : Trade en cours  ⏎  ⏎ Vendredi :  ⏎ 🔴Nasdaq : SL  ⏎ 🟢EUR/JPY : Trade en cours en positif  ⏎ 🟢Nasdaq : Trade en cours en positif  ⏎  ⏎ 📊Suivi"
2024,messages2.html,2023-10-13T19:51:02+00:00,2019,,✔️J’encaisse 50% de la position sur le Nasdaq 🔥
2026,messages2.html,2023-10-16T13:33:22+00:00,2010,,✔️Sorti BE sur le Bitcoin après avoir encaissé 20% de la position
2027,messages2.html,2023-10-16T14:52:58+00:00,2024,,✔️Sorti BE sur le Nasdaq après avoir encaissé 50% de la position
2029,messages2.html,2023-10-16T16:02:11+00:00,2028,,Analyse H4 :  ⏎ - Prise de liquidités sous le dernier plus bas de la tendance haussière moyen terme  ⏎ - Double Bottom validé avec pullback en cours sur la ligne de cou  ⏎ - Cassure de la trendline baissière partant des plus hauts sur le RSI  ⏎ - Divergence RSI haussière validée  ⏎  ⏎ Analyse M30 :  ⏎ - Réaction haussière sur le dernier plus bas de la tendance haussière en cours  ⏎ - Moyenne mobile exponentielle 
2031,messages2.html,2023-10-16T16:28:57+00:00,2030,,Analyse précédente toujours valable +  ⏎  ⏎ Analyse H1 :  ⏎ - Pullback en cours sur la ligne de cou de l’épaule tête épaule ⏎ - Pullback en cours sur la trendline haussière partant des plus bas  ⏎ - Baisse croissante des volumes
2032,messages2.html,2023-10-17T15:11:29+00:00,2030,,❌SL sur EUR/JPY
2034,messages2.html,2023-10-17T16:49:02+00:00,2033,,Analyse journalière :  ⏎ - Divergence RSI validée  ⏎ - Retour sur une zone de demande importante  ⏎  ⏎ Analyse H4 :  ⏎ - Cassure d’une trendline baissière partant des plus hauts  ⏎ - Cassure du dernier plus haut de la tendance baissière en cours  ⏎ - Validation d’un divergence RSI  ⏎ - Réaction haussière sur le pullback de la trendline  ⏎  ⏎ Analyse H1 :  ⏎ - Validation d’une épaule-tête-épaule inversée  ⏎ - Moyenne mobi
2037,messages2.html,2023-10-17T18:55:46+00:00,2036,,Analyse journalière :  ⏎ - Trendline baissière en résistance partant des plus hauts  ⏎ - Zone de résistance sur le RSI  ⏎  ⏎ Analyse H1 :  ⏎ - Validation d’une épaule-tête-épaule  ⏎ - Cassure de la trendline partant des plus bas  ⏎ - Cassure d’une trendline haussière sur le RSI  ⏎ - Divergence RSI validée sur les plus hauts  ⏎  ⏎ Analyse M30 :  ⏎ - Prise de liquidités au-dessus de la session asiatique avec bougie englo
2038,messages2.html,2023-10-17T20:42:58+00:00,2036,breakeven,✔️Je sécurise le trade sur le Nasdaq et place le SL au point d’entrée
2039,messages2.html,2023-10-17T21:02:24+00:00,2038,,✔️Sorti BE sur le Nasdaq
2042,messages2.html,2023-10-18T13:43:14+00:00,2041,,Analyse H4 :  ⏎ - Prise de liquidités sur le précédent top (bougies avec mèche)  ⏎ - RSI en surachat  ⏎  ⏎ Analyse H3 :  ⏎ - Divergence RSI validée de qualité  ⏎  ⏎ Analyse M30 :  ⏎ - Prise de liquidités au-dessus des 2 dernières sessions asiatiques  ⏎  ⏎ Analyse M15 :  ⏎ - Cassure d’une trendline haussière avec bougie impulsive baissière
2044,messages2.html,2023-10-18T17:40:28+00:00,,breakeven,🎯Point sur les positions en cours :  ⏎ 🟢GBP/NZD en positif (2 trades)  ⏎ 🟢Nasdaq en positif  ⏎ 🟢BTC/USDT en positif  ⏎ 🟡EUR/AUD au point d’entrée  ⏎ 🔴EUR/USD en négatif (2 trades)
2045,messages2.html,2023-10-18T20:08:40+00:00,2043,,✅J’encaisse 50% de la position à l’approche du TP1 sur le Nasdaq 🔥
2046,messages2.html,2023-10-19T08:22:07+00:00,2028,breakeven,✅J’encaisse 50% de la position et place le SL au point d’entrée à l’approche du TP1 sur GBP/NZD 🔥 (trade 2)
2047,messages2.html,2023-10-19T14:03:11+00:00,2043,closed,✔️Je sors le reste de la position sur le Nasdaq en profit de +60 points
2049,messages2.html,2023-10-19T14:17:18+00:00,2048,,Analyse journalière :  ⏎ - Hausse des volumes  ⏎ - Moyenne exponentielle 100 en support dynamique  ⏎  ⏎ Analyse H4 :  ⏎ - Validation d’un double bottom de qualité  ⏎ - Retour sur une zone de demande importante  ⏎ - Bougie englobante haussière validée sur la ligne de cou du double bottom ⏎  ⏎ Analyse M30 :  ⏎ - Cassure d’une trendline baissière sur le RSI  ⏎ - Prise de liquidités effectuée sous la session asiatique
2050,messages2.html,2023-10-19T19:57:36+00:00,2048,,❌SL sur le Nasdaq
2051,messages2.html,2023-10-20T09:33:58+00:00,2013,breakeven,✅TP1 sur la paire EUR/AUD 🔥 ⏎  ⏎ J’encaisse 50% de la position et place le SL au point d’entrée
2054,messages2.html,2023-10-20T14:24:20+00:00,2053,,"Analyse H4 :  ⏎ - Validation d’un double top  ⏎ - Retour sur le niveau 0,382 du retracement de Fibonacci  ⏎ - Divergence RSI validée entre les deux top ⏎  ⏎ Analyse H1 :  ⏎ - Cassure d’une trendline sur le prix  ⏎ - Cassure d’une trendline sur le RSI  ⏎ - Validation d’un drapeau baissier avec pullback en cours  ⏎ - Moyenne mobile exponentielle 100 en résistance dynamique"
2055,messages2.html,2023-10-20T17:58:13+00:00,,recap,"🎯Résumé des trades de la semaine :  ⏎  ⏎ Lundi :  ⏎ 🟢GBP/NZD : TP1 ✅ 50% de la position encaissée, trade en cours (trade 2) ⏎ 🔴EUR/JPY : SL ⏎  ⏎ Mardi :  ⏎ 🟢EUR/USD : Trade en cours en positif (trade 2) ⏎ 🟡Nasdaq : Sorti BE  ⏎  ⏎ Mercredi :  ⏎ 🔴BTC/USDT : SL ⏎ 🟢Nasdaq : TP1 ✅ 100% de la position encaissée ⏎  ⏎ Jeudi :  ⏎ 🔴Nasdaq : SL  ⏎  ⏎ Vendredi :  ⏎ 🟡GBP/CAD : Trade en cours au point d’entrée  ⏎  ⏎  ⏎ 📊Suivi des trades :  ⏎ 🟢BTC/USDT : "
2059,messages2.html,2023-10-23T15:54:30+00:00,2057,,Analyse journalière :  ⏎ - Trendline baissière en résistance  ⏎  ⏎ Analyse H4 :  ⏎ - Divergence RSI validée sur les plus hauts (4-5 octobre) ⏎ - Prise de liquidités sur l’ancien top du 7 septembre  ⏎  ⏎ Analyse H2 :  ⏎ - Cassure de trendline haussière sur le RSI  ⏎ - Épaule-tête-épaule validée sur les plus hauts  ⏎ - Prise de liquidités sur le haut de l’épaule droite  ⏎ - Prise de liquidités sur le haut des sessions as
2061,messages2.html,2023-10-23T16:34:17+00:00,2060,,Analyse H2 :  ⏎ - Divergence RSI validée  ⏎ - Cassure de trendline baissière sur le RSI  ⏎ - Prise de liquidités sous le dernier bottom  ⏎ - Bougie haussière impulsive validée  ⏎  ⏎ Analyse M15 :  ⏎ - Moyennes mobiles exponentielles 50 et 100 bien orientées en support dynamique  ⏎  ⏎ 👉🏼Je renforcerais ma position en cas de retour sur les plus bas
2062,messages2.html,2023-10-23T17:56:29+00:00,2060,breakeven|closed,✅Je sors 50% de la position et place le SL au point d’entrée à l’approche du TP1 sur le Nasdaq 🔥
2063,messages2.html,2023-10-23T19:43:24+00:00,2053,breakeven,✅J’encaisse 50% de la position sur les 2 trades EUR/USD et place le SL au point d’entrée à l’approche du TP1
2068,messages2.html,2023-10-24T15:39:59+00:00,2067,,Analyse journalière :  ⏎ - Cassure de trendline haussière sur le RSI  ⏎ - Divergence RSI validée sur les plus hauts  ⏎  ⏎ Analyse H4 :  ⏎ - Cassure du dernier plus bas de la tendance haussière en cours  ⏎ - Cassure de la trendline haussière partant des plus bas ⏎ - Trendline baissière en résistance sur le RSI  ⏎ - Validation d’un biseau ascendant sur le RSI  ⏎ - Cassure de la moyenne mobile exponentielle 200 (ayant
2070,messages3.html,2023-10-25T15:06:20+00:00,2069,,Analyse H4 :  ⏎ - Retour sur le dernier plus haut de la tendance baissière en cours  ⏎ - Divergence RSI validée  ⏎  ⏎ Analyse H2 :  ⏎ - Cassure d’une trendline sur le RSI avec pullback  ⏎  ⏎ Analyse M30 :  ⏎ - Création en cours d’une potentielle épaule-tête-épaule de qualité  ⏎ - Tendance baissière sur le RSI
2072,messages3.html,2023-10-26T11:56:09+00:00,,closed,🎯Point sur les trades en cours :  ⏎ 🟢GBP/NZD en positif (trade 1) ⏎ 🟢GBP/NZD en positif (trade 2)  ⏎ 🟢GBP/JPY en positif  ⏎ 🟢AUD/NZD en positif  ⏎ 🟢Pétrole en positif  ⏎  ⏎ 🎯Point sur les trades clôturés :  ⏎ 🔴USD/CAD : SL  ⏎ 🟢EUR/AUD : Trade repris BE après avoir encaissé 50% au TP1  ⏎ 🟢EUR/USD : Trade repris BE après avoir encaissé 50% au TP1
2074,messages3.html,2023-10-26T15:22:54+00:00,2073,,"Analyse H4 :  ⏎ - Prise de liquidités sur le top du 30 août  ⏎ - Cassure de trendline haussière sur le RSI  ⏎  ⏎ Analyse H1 :  ⏎ - Cassure de la trendline haussière partant des plus bas  ⏎ - Validation d’une épaule-tête-épaule de qualité  ⏎ - Pullback effectué sur l’ETE, pullback en cours sur la trendline haussière  ⏎ - Cassure d’une trendline haussière sur le RSI  ⏎ - Cassure de la moyenne mobile exponentielle 200"
2076,messages3.html,2023-10-26T17:32:32+00:00,2069,tp1|breakeven,✅TP1 touché sur AUD/NZD 🔥 ⏎  ⏎ J’encaisse 50% de la position et place le SL au point d’entrée
2078,messages3.html,2023-10-27T20:24:41+00:00,,breakeven|closed,✅Je sors 50% de la position et place le SL au point d’entrée à l’approche du TP1 sur GBP/JPY
2079,messages3.html,2023-10-27T20:25:14+00:00,2073,breakeven,✅J’encaisse 50% de la position sur EUR/JPY à l’approche du TP1 et place le SL au point d’entrée (trade 1)
2080,messages3.html,2023-10-27T20:25:41+00:00,,recap,"🎯Résumé des trades de la semaine :  ⏎  ⏎ Lundi :  ⏎ 🔴USD/CAD : Sorti avant le SL ⏎ 🟢Nasdaq : TP1 ✅ 50% de la position encaissée, sorti BE : +130 points  ⏎  ⏎ Mardi :  ⏎ 🟢GBP/JPY : TP1 ✅ 50% de la position encaissée, trade en cours  ⏎ 🟢Pétrole : Trade en cours en positif  ⏎  ⏎ Mercredi :  ⏎ 🟢AUD/NZD : TP1 ✅ 50% de la position encaissée, sorti BE ⏎  ⏎ Jeudi :  ⏎ 🟢EUR/JPY : Trade sécurisé en cours en positif   ⏎  ⏎ Vendredi :  ⏎ 🟢EUR"
2083,messages3.html,2023-10-30T14:19:38+00:00,2082,,"Analyse hebdomadaire :  ⏎ - Validation d’un biseau haussier sur le RSI  ⏎ - Baisse des volumes  ⏎  ⏎ Analyse journalière :  ⏎ - Création d’une épaule-tête-épaule de qualité (épaule symétrique, tête 2 à 3 fois supérieure aux épaules)  ⏎ - Cassure d’une trendline haussière partant des plus bas  ⏎ - Moyenne mobile exponentielle 50 et 100 en résistance dynamique  ⏎  ⏎ Analyse H4 :  ⏎ - Création d’une structure baissière "
2085,messages3.html,2023-10-30T14:43:15+00:00,2084,,Analyse H1 :  ⏎ - Tendance baissière en cours  ⏎ - Retour sur le dernier plus haut de la tendance baissière en cours  ⏎ - Trendline baissière partant des plus hauts en résistance ⏎  ⏎ Analyse M30 :  ⏎ - Bougie englobante baissière validée  ⏎ - Prise de liquidités sur la haut de la session asiatique de vendredi
2086,messages3.html,2023-10-30T17:35:02+00:00,2084,,❌SL sur le S&P500
2087,messages3.html,2023-10-30T17:35:52+00:00,,breakeven,✅J’encaisse 50% de la position à l’approche du TP1 sur le Pétrole et place le SL au point d’entrée
2090,messages3.html,2023-10-31T13:48:49+00:00,2089,,Analyse H4 :  ⏎ - Tendance baissière de fond  ⏎ - Cassure d’une phase de range avec pullback sur la borne basse  ⏎ - Bougie englobante baissière validée  ⏎ - Moyennes mobiles exponentielles 100 et 200 en résistance dynamique  ⏎ - Création d’une structure baissière  ⏎  ⏎ Analyse H1 :  ⏎ - Validation d’une épaule-tête-épaule  ⏎ - Cassure du dernier plus bas du rebond haussier  ⏎ - Cassure de la moyenne mobile exponenti
2092,messages3.html,2023-10-31T14:05:03+00:00,2091,closed,Analyse H1 :  ⏎ - Canal baissier en cours avec tendance baissière clairement définie  ⏎  ⏎ Analyse M30 :  ⏎ - Trendline supérieure du canal baissier en résistance  ⏎ - Prise de liquidités sur le dernier plus haut de la tendance baissière en cours  ⏎ - Prise de liquidités sur le haut de la session asiatique du jour  ⏎ - Bougie impulsive baissière clôturée  ⏎ - Drapeau baissier en cours de validation
2094,messages3.html,2023-10-31T17:15:17+00:00,2093,,Analyse H4 :  ⏎ - Divergence RSI haussière validée  ⏎ - Cassure d’une trendline baissière partant des plus hauts sur le RSI  ⏎  ⏎ Analyse H2 :  ⏎ - Divergence RSI haussière validée  ⏎ - Cassure d’une trendline baissière partant des plus hauts sur le RSI  ⏎  ⏎ Analyse H1 :  ⏎ - Cassure de la trendline baissière partant des plus hauts sur le prix  ⏎ - Cassure du dernier plus haut de la tendance baissière en cours  ⏎ - Ca
2096,messages3.html,2023-11-01T09:51:49+00:00,2093,breakeven|closed,✔️Je sors au point d’entrée sur le S&P500
2097,messages3.html,2023-11-01T14:46:53+00:00,2093,tp1,"✅Bravo à ceux encore en position sur le S&P500, TP1 touché 🔥"
2103,messages3.html,2023-11-02T15:33:14+00:00,2101,,Analyse H4 :  ⏎ - Prise de liquidités sur le dernier top  ⏎ - Double divergence RSI validée  ⏎ - Formation en cours d’un biseau ascendant  ⏎ - Cassure de la trendline haussière en cours sur le RSI  ⏎  ⏎ Analyse H2 :  ⏎ - Trendline baissière partant des plus en résistance sur le RSI  ⏎  ⏎ Analyse H1 :  ⏎ - Vague de Wolfe en formation
2104,messages3.html,2023-11-02T15:36:15+00:00,,breakeven|closed,🎯Point sur les trades en cours :  ⏎ 🟢GBP/NZD en positif (trade 1) ⏎ 🟢GBP/NZD en positif (trade 2)  ⏎ 🟢Pétrole en positif  ⏎ 🟢GBP/AUD en positif  ⏎ 🟡CAD/CHF au point d’entrée  ⏎ 🟡AUD/NZD au point d’entrée  ⏎  ⏎ 🎯Point sur les trades clôturés :  ⏎ 🔴AUD/USD sorti SL ⏎ 🟢S&P500 : TP2 (sorti BE personnellement)
2107,messages3.html,2023-11-02T16:25:13+00:00,2105,,Analyse H4 :  ⏎ - Prise de liquidités sur le dernier top  ⏎ - Divergence RSI validée  ⏎  ⏎ Analyse H1 :  ⏎ - Cassure d’une trendline haussière sur le prix  ⏎ - Formation en cours d’une épaule-tête-épaule  ⏎ - Prise de liquidités sur le haut de la session asiatique du jour  ⏎ - Moyenne mobile exponentielle 100 en résistance dynamique
2109,messages3.html,2023-11-03T08:21:56+00:00,2098,breakeven,✔️Je sécurise le trade sur CAD/CHF et passe le SL au point d’entrée
2110,messages3.html,2023-11-03T12:32:03+00:00,2105,,❌SL sur le Gold
2111,messages3.html,2023-11-03T12:32:35+00:00,2101,breakeven,✅J’encaisse 50% de la position et place le SL au point d’entrée sur AUD/NZD à l’approche du TP1
2112,messages3.html,2023-11-03T12:32:56+00:00,2109,,✅J’encaisse 20% de la position à l’approche du TP1 sur CAD/CHF
2114,messages3.html,2023-11-03T13:43:37+00:00,2113,,Analyse H1 :  ⏎ - Tendance de fond haussière   ⏎ - Retour sur le dernier plus bas de la tendance haussière avec forte réaction haussière  ⏎ - Cassure de trendline baissière avec pullback sur le RSI  ⏎ - Bougie impulsive acheteuse importante sur les chiffres économiques du jour  ⏎  ⏎ Analyse M15 :  ⏎ - Retour sur le haut de la session asiatique  ⏎ - Hausse importante des volumes  ⏎ - Retour sur le dernier plus bas d
2116,messages3.html,2023-11-03T16:08:28+00:00,2115,,Analyse H1 :  ⏎ - Divergence RSI validée  ⏎  ⏎ Analyse M30 :  ⏎ - Cassure de trendline haussière sur le RSI  ⏎ - Divergence RSI validée  ⏎ - Prise de liquidités sur un précédent top  ⏎  ⏎ Analyse M15 :  ⏎ - Vague de Wolfe baissière en formation
2117,messages3.html,2023-11-03T17:22:02+00:00,2115,breakeven,✔️Je sécurise le trade sur le GER30 et place le SL au point d’entrée
2118,messages3.html,2023-11-03T18:21:35+00:00,,breakeven|closed,✔️Je sors avant le week-end du Gold et du GER30 au niveau du point d’entrée
2119,messages3.html,2023-11-03T18:29:26+00:00,,recap,"🎯Résumé des trades de la semaine :  ⏎  ⏎ Lundi :  ⏎ 🟢GBP/AUD : Trade en cours en positif  ⏎ 🔴S&P500 : SL  ⏎  ⏎ Mardi :  ⏎ 🔴AUD/USD : SL   ⏎ 🔴Nasdaq : SL  ⏎ 🟢S&P500 : TP2 ✅ (BE personnellement)  ⏎  ⏎ Mercredi :  ⏎ 👉🏼Pas de trade  ⏎  ⏎ Jeudi :  ⏎ 🟢CAD/CHF : Trade sécurisé en cours en positif, 20% encaissée  ⏎ 🟢AUD/NZD : TP1 ✅ 50% de la position encaissée, trade en cours  ⏎ 🔴Gold : SL  ⏎  ⏎ Vendredi :  ⏎ 🟡Gold : Sorti BE ⏎ 🟡GER30 : Sorti BE "
2122,messages3.html,2023-11-07T15:02:43+00:00,2121,,"Analyse H4 :  ⏎ - Prise de liquidités sur un précédent top ⏎ - Validation d’une épaule-tête-épaule de qualité (ligne de cou ascendante, épaules symétriques)  ⏎ - Divergence RSI validée  ⏎  ⏎ Analyse H2 :  ⏎ - Tendance baissière en cours sur le RSI  ⏎  ⏎ Analyse H1 :  ⏎ - Moyennes mobiles exponentielles 50, 100 et 200 orientées en résistance dynamique"
2124,messages3.html,2023-11-07T15:24:47+00:00,2123,,Analyse précédente toujours valide + ⏎  ⏎ Analyse M30 :  ⏎ - Divergence RSI validée  ⏎ - Cassure de trendline haussière sur le RSI avec pullback en cours  ⏎ - Prise de liquidités sur le haut de la session asiatique du jour  ⏎ - Retour sur le dernier plus haut de la tendance baissière en cours
2126,messages3.html,2023-11-07T16:56:44+00:00,2125,,Analyse journalière :  ⏎ - Tendance haussière en cours selon la théorie de Dow  ⏎ - Cassure d’une trendline baissière avec pullback  ⏎ - Hausse des volumes sur cassure  ⏎ - RAS sur le RSI  ⏎ - Prise de liquidités sous le précédent plus bas de la tendance haussière en cours avec l’impulsion haussière  ⏎  ⏎ Analyse H4 :  ⏎ - Trendline haussière en support sur le RSI  ⏎  ⏎ Analyse H1 :  ⏎ - Prise de liquidités effectuées 
2127,messages3.html,2023-11-08T10:15:49+00:00,2123,breakeven,✔️Je sécurise la position sur GBP/AUD et place le SL au point d’entrée
2128,messages3.html,2023-11-08T14:42:58+00:00,,breakeven,🎯Point sur les trades en cours :  ⏎ 🟢GBP/NZD en positif (trade 1)  ⏎ 🟢GBP/NZD en positif (trade 2)  ⏎ 🟢GBP/AUD en positif (trade 2)  ⏎ 🟢Pétrole en positif  ⏎ 🟢AUD/NZD en positif  ⏎ 🟢EUR/CAD en positif  ⏎ 🟡Gold au point d’entrée  ⏎ 🟡GBP/AUD au point d’entrée (trade 1)  ⏎  ⏎  ⏎ 🟢CAD/CHF : Sorti BE après avoir encaissé 20% de la position
2129,messages3.html,2023-11-08T14:51:36+00:00,2111,closed,✅Je sors 100% de ma position sur AUD/NZD à l’approche du TP2 🔥
2133,messages3.html,2023-11-09T14:21:31+00:00,2132,,"Analyse H4 :  ⏎ - Validation d’un double bottom sur les plus bas pour initier le retournement haussier  ⏎ - RAS sur le RSI  ⏎ - Moyennes mobiles exponentielles 50, 100 et 200 orientées en support dynamique  ⏎  ⏎ Analyse M30 :  ⏎ - Tendance haussière importante  ⏎ - Validation d’un biseau descendant avec pullback sur la trendline supérieure  ⏎ - Hausse des volumes sur cassure  ⏎ - RAS sur le RSI"
2134,messages3.html,2023-11-10T12:03:04+00:00,2132,,❌SL sur NZD/CHF
2135,messages3.html,2023-11-10T12:03:41+00:00,2121,breakeven,✔️J’encaisse 50% de la position sur le Gold et place le SL au point d’entrée 🔥
2137,messages3.html,2023-11-10T13:59:39+00:00,2136,,"Analyse Journalière :  ⏎ - Validation d’un triple bottom sur le RSI  ⏎ - Hausse des volumes sur l’impulsion haussière  ⏎ - Moyennes mobiles exponentielles 50, 100 et 200 orientées à la hausse  ⏎  ⏎ Analyse H4 :  ⏎ - Validation d’un biseau d’élargissement descendant avec pullback  ⏎ - Réaction haussière sur le pullback  ⏎  ⏎ Analyse H1 :  ⏎ - Retour sur le dernier plus bas de la tendance haussière en cours  ⏎ - Rebond s"
2139,messages3.html,2023-11-10T14:09:57+00:00,2138,,"Analyse H2 :  ⏎ - Tendance haussière selon la théorie de Dow  ⏎ - Trendline haussière en support  ⏎ - Rebond impulsif sur le dernier plus bas de la tendance haussière en cours  ⏎  ⏎ Analyse H1 :  ⏎ - Moyennes mobiles exponentielles 50, 100 et 200 orientées en support dynamique"
2140,messages3.html,2023-11-10T14:54:36+00:00,2136,,✔️Je sécurise le trade sur le Nasdaq
2141,messages3.html,2023-11-10T16:30:48+00:00,2140,tp1,✅TP1 touché sur le Nasdaq 🔥 ⏎  ⏎ J’encaisse 20% de la position
2142,messages3.html,2023-11-10T17:10:33+00:00,2138,,✔️Je sécurise ma position sur AVAX/USDT
2143,messages3.html,2023-11-10T17:19:13+00:00,2142,,✅J’encaisse 50% de la position à l’approche du TP1 sur AVAX/USDT 🔥
2144,messages3.html,2023-11-10T21:13:47+00:00,2141,closed,✅Je sors 50% de ma position sur le Nasdaq avant le week-end 🔥
2145,messages3.html,2023-11-10T23:24:41+00:00,,recap,"🎯Résumé des trades de la semaine :  ⏎  ⏎ Lundi :  ⏎ 👉🏼Pas de trade  ⏎  ⏎ Mardi :  ⏎ 🟢Gold : Trade sécurisé en positif    ⏎ 🟡GBP/AUD : Sorti BE  ⏎ 🟢EUR/CAD : Trade en cours en positif  ⏎  ⏎ Mercredi :  ⏎ 🟡USD/CHF : Trade en cours  ⏎  ⏎ Jeudi :  ⏎ 🔴NZD/CHF : SL  ⏎  ⏎ Vendredi :  ⏎ 🟢Nasdaq : TP1 ✅ 50% de la position encaissée, trade en cours : +300 points  ⏎ 🟢AVAX/USDT : TP1 ✅ 50% de la position encaissée, trade en cours  ⏎  ⏎ 📊Suivi des t"
2147,messages3.html,2023-11-11T22:17:26+00:00,2138,closed,✅Je sors 100% de la position sur AVAX/USDT à l’approche du TP2 🔥
2149,messages3.html,2023-11-13T14:46:18+00:00,2148,,Analyse hebdomadaire :  ⏎ - Divergence RSI validée  ⏎  ⏎ Analyse journalière :  ⏎ - Cassure de la trendline baissière partant des plus bas  ⏎ - Formation d’une phase de range avec retour sur la borne inférieure  ⏎  ⏎ Analyse H4 :  ⏎ - Formation d’une structure haussière avec création de nouveau plus haut  ⏎ - Prise de liquidités sous le précédent plus bas de la potentielle tendance haussière à venir
2151,messages3.html,2023-11-13T15:39:47+00:00,2150,closed,"Analyse H4 :  ⏎ - Hausse des volumes sur l’impulsion haussière  ⏎  ⏎ Analyse H1 :  ⏎ - Forte tendance haussière en cours  ⏎ - Validation d’un biseau descendant  ⏎ - RAS sur le RSI  ⏎ - Moyennes mobiles exponentielles 50, 100 et 200 orientées en support dynamique  ⏎  ⏎ Analyse M15 :  ⏎ - Bougie englobante haussière clôturée avec volume important"
2152,messages3.html,2023-11-14T13:44:20+00:00,2125,breakeven,✔️Je sécurise le trade sur EUR/CAD et place le SL au point d’entrée
2153,messages3.html,2023-11-14T14:49:55+00:00,2130,breakeven,✅TP1 en approche sur USD/CHF 🔥 ⏎  ⏎ J’encaisse 20% de la position et place le SL au point d’entrée
2154,messages3.html,2023-11-14T14:57:20+00:00,2135,,✔️Sorti BE sur le Gold après avoir encaissé 50% de la position
2156,messages3.html,2023-11-14T15:08:26+00:00,2136,tp2,✅TP2 touché sur le Nasdaq 🔥
2158,messages3.html,2023-11-14T15:55:28+00:00,2157,,Analyse H4 :  ⏎ - Forte tendance haussière en cours  ⏎ - Retour sur le dernier plus bas de la tendance haussière  ⏎  ⏎ Analyse H1 :  ⏎ - Prise de liquidités effectuées sous le bas de la session asiatique ⏎ - Prise de liquidités sous le plus bas de la tendance haussière en cours  ⏎ - Divergence RSI en cours  ⏎  ⏎ Analyse M30 :  ⏎ - Cassure du dernier plus haut de la tendance baissière en cours sur le RSI  ⏎  ⏎ Analyse M15
2159,messages3.html,2023-11-14T18:24:42+00:00,2150,,❌SL sur ETH/USDT
2160,messages3.html,2023-11-14T20:53:22+00:00,2125,,✅J’encaisse 50% de la position à l’approche du TP1 sur EUR/CAD 🔥
2161,messages3.html,2023-11-14T22:26:06+00:00,2157,breakeven|closed,✔️Je sors au point d’entrée sur LINK/USDT
2163,messages3.html,2023-11-15T14:40:20+00:00,2162,,"Analyse journalière :  ⏎ - Pullback sur une zone de support importante devenue résistance ⏎ - Moyenne mobile exponentielle 100 orientée en résistance dynamique  ⏎  ⏎ Analyse H4 : ⏎ - Cassure de la moyenne mobile exponentielle 50 avec bougie pleine  ⏎ - Validation en cours d’une épaule tête épaule  ⏎ - Forte impulsion baissière en cours  ⏎  ⏎ Analyse M30 :  ⏎ - Moyennes mobiles exponentielles 50, 100 et 200 orientées "
2165,messages3.html,2023-11-15T14:52:48+00:00,2164,,Analyse précédente toujours valable +  ⏎  ⏎ Analyse M30 :  ⏎ - Divergence RSI validée (qualité moyenne)  ⏎ - Cassure de trendline haussière sur le RSI  ⏎ - Prise de liquidités sur le haut de la session asiatique  ⏎ - Prise de liquidités sur le dernier plus haut de la tendance baissière en cours
2167,messages3.html,2023-11-16T15:42:17+00:00,2166,,Analyse journalière :  ⏎ - Cassure de la trendline baissière partant des plus hauts  ⏎ - Hausse des volumes sur la hausse  ⏎ - Moyennes mobiles exponentielles 50 et 100 orientées en support dynamique  ⏎  ⏎ Analyse H4 :  ⏎ - Création d’une tendance haussière  ⏎ - Prise de liquidités sous le dernier plus bas de la tendance haussière (bougie avec mèche) + forte réaction haussière  ⏎ - Moyennes mobiles exponentielles
2168,messages3.html,2023-11-16T15:47:53+00:00,2162,breakeven|closed,✔️Je sors au point d’entrée sur la paire GBP/CHF  ⏎  ⏎ Réaction haussière importante sur le dernier plus bas de la tendance haussière en cours (bougie englobante haussière validée avec mèche H4)
2170,messages3.html,2023-11-16T17:47:44+00:00,2169,,Analyse précédente toujours valable +  ⏎  ⏎ Analyse H1 :  ⏎ - Cassure du dernier plus haut de la tendance baissière court terme  ⏎ - Cassure d’une trendline baissière sur le RSI avec pullback en cours
2172,messages3.html,2023-11-16T18:16:07+00:00,2171,closed,"Analyse journalière :  ⏎ - Validation d’un double bottom avec bougie pleine sur cassure  ⏎ - Cassure de la trendline baissière partant des plus hauts  ⏎ - Moyenne mobile exponentielle 200 en support dynamique  ⏎  ⏎ Analyse H4 :  ⏎ - Pullback effectué sur la ligne de cou du double bottom  ⏎ - Bougie haussière clôturée  ⏎ - Moyennes mobiles exponentielles 50, 100 et 200 orientées à la hausse"
2175,messages3.html,2023-11-17T15:43:40+00:00,2174,,"Analyse H4 :  ⏎ - Épaule-tête-épaule inversée pour impulser le retournement de tendance à la hausse  ⏎ - Création d’une tendance haussière selon la théorie de Dow  ⏎  ⏎ Analyse H2 :  ⏎ - Moyenne mobile exponentielle 100 en support dynamique  ⏎ - Rebond sur le niveau 0,618 du retracement de Fibonacci de la dernière vague de hausse  ⏎  ⏎ Analyse M15 :  ⏎ - Prisé de liquidités sous les deux sessions asiatiques précéde"
2179,messages3.html,2023-11-18T11:03:08+00:00,2166,,"✔️Je reste en position sur APT/USDT  ⏎ ❌SL 6,7"
2180,messages3.html,2023-11-18T15:34:43+00:00,2177,breakeven,✅TP1 sur FET/USDT 🔥 ⏎  ⏎ J’encaisse 50% de la position et place le SL au point d’entrée
2182,messages3.html,2023-11-18T15:46:08+00:00,2181,,Analyse H4 :  ⏎ - Tendance haussière en cours  ⏎ - Retour sur le dernier plus bas de la tendance haussière en cours  ⏎ - Hausse des volumes  ⏎  ⏎ Analyse H1 :  ⏎ - Divergence RSI validée  ⏎ - Cassure de trendline baissière sur le RSI  ⏎ - Prise de liquidités sous le plus bas
2183,messages3.html,2023-11-19T13:56:56+00:00,2180,,✅J’encaisse 100% de la position sur FET/USDT à l’approche du TP2 🔥
2184,messages3.html,2023-11-19T20:11:05+00:00,,recap,🎯Résumé des trades de la semaine :  ⏎  ⏎ Lundi :  ⏎ 🟡CAD/CHF : Trade en cours  ⏎ 🔴ETH/USDT : SL  ⏎  ⏎ Mardi :  ⏎ 🟢LINK : TP1 touché ✅ Sorti BE personnellement  ⏎  ⏎ Mercredi :  ⏎ 🟡GBP/CHF : Sorti BE  ⏎ 🟡Gold : Trade en cours  ⏎  ⏎ Jeudi :  ⏎ 🟡APT/USDT : Trade en cours  ⏎ 🔴LINK/USDT : SL  ⏎ 🟡NZD/CAD : Trade en cours  ⏎  ⏎ Vendredi :  ⏎ 🟢EUR/CHF : Trade en cours en positif  ⏎ 🟢FET/USDT : TP2 ✅ 100% de la position encaissée  ⏎  ⏎ Samedi :  ⏎ 🟢MA
2185,messages3.html,2023-11-20T13:17:34+00:00,,tp2|closed,🎯Point sur les trades en cours :  ⏎ 🟢GBP/NZD en positif (trade 1)  ⏎ 🟢GBP/NZD en positif (trade 2)  ⏎ 🟢USD/CHF en positif  ⏎ 🟢GBP/AUD en positif  ⏎ 🟢NZD/CAD en positif  ⏎ 🟢EUR/CAD en positif  ⏎ 🟢EUR/CHF en positif  ⏎ 🟢Pétrole en positif  ⏎ 🟢Nasdaq en positif  ⏎ 🟢MATIC/USDT en positif  ⏎ 🟢APT/USDT en positif  ⏎ 🔴Gold en négatif  ⏎ 🔴CAD/CHF en négatif  ⏎  ⏎ Trade clôturé :  ⏎ 🟢FET/USDT : TP2 ✅
2186,messages3.html,2023-11-21T12:02:59+00:00,2148,,❌SL sur CAD/CHF
2187,messages3.html,2023-11-21T12:03:25+00:00,2136,closed,✅Je sors 100% de la position sur le Nasdaq à l’approche du TP3 🔥
2189,messages3.html,2023-11-21T16:03:24+00:00,2188,closed,Analyse H4 :  ⏎ - Tendance haussière en cours  ⏎ - Moyenne mobile exponentielle 200 en support dynamique  ⏎  ⏎ Analyse H2  ⏎ - Retour sur le dernier plus bas de la tendance haussière en cours  ⏎  ⏎ Analyse H1 :  ⏎ - Bougie marteau avec mèche importante clôturée  ⏎ - Hausse des volumes  ⏎ - Liquidités à aller chercher à la hausse
2191,messages3.html,2023-11-22T12:42:15+00:00,2190,closed,Analyse journalière :  ⏎ - Tendance haussière en cours selon la théorie de Dow ⏎ - Retour sur le dernier plus bas de la tendance haussière avec prise de liquidités sous le plus bas  ⏎ - Cassure de la trendline partant des plus hauts  ⏎  ⏎ Analyse H4 :  ⏎ - Structure de marché en accumulation-manipulation-distribution  ⏎ - Création d’une structure haussière avec cassure du dernier plus haut de la tendance baissi
2192,messages3.html,2023-11-22T12:42:15+00:00,2190,,
2193,messages3.html,2023-11-22T12:42:15+00:00,2190,,
2195,messages3.html,2023-11-22T21:24:01+00:00,2194,breakeven,✅TP1 sur ETH/USDT 🔥 ⏎  ⏎ J’encaisse 50% de la position et place le SL au point d’entrée
2197,messages3.html,2023-11-23T12:49:34+00:00,,tp2|tp3|breakeven|closed,🎯Point sur les trades en cours :  ⏎ 🟢GBP/NZD en positif (trade 1) ⏎ 🟢GBP/NZD en positif (trade 2) ⏎ 🟢EUR/CAD en positif  ⏎ 🟢NZD/CAD en positif  ⏎ 🟢USD/CHF en positif ⏎ 🟢Pétrole en positif  ⏎ 🟢ETH/USDT en positif  ⏎ 🟢LINA/USDT en positif  ⏎ 🟡EUR/CHF au point d’entrée  ⏎ 🟡APT/USDT au point d’entrée  ⏎ 🟡SHIB/USDT au point d’entrée ⏎ 🔴GBP/AUD en négatif  ⏎  ⏎ Trades clôturés :  ⏎ 🟢Nasdaq : TP3 ✅ ⏎ 🟢FET/USDT : TP2 ✅ ⏎ 🔴Gold : SL  ⏎ 🔴MATI
2198,messages3.html,2023-11-24T15:30:57+00:00,2190,,✅J’encaisse 50% et sécurise ma position sur LINA/USDT
2201,messages3.html,2023-11-24T15:59:35+00:00,2200,,"Analyse journalière :  ⏎ - Réintégration d’une zone de polarité importante  ⏎ - Cassure en cours de la moyenne mobile exponentielle 100  ⏎ - Hausse des volumes sur bougie de rejet (16 novembre)  ⏎  ⏎ Analyse H2 :  ⏎ - Forte impulsion haussière précédent la formation d’un drapeau haussier  ⏎ - Validation d’un drapeau haussier  ⏎ - Moyennes mobiles exponentielles 50, 100 et 200 orientées à la hausse  ⏎  ⏎ Analyse M15 :"
2203,messages3.html,2023-11-25T10:10:10+00:00,,recap,"🎯Résumé des trades de la semaine :  ⏎  ⏎ Lundi :  ⏎ 👉🏼Pas de trade  ⏎  ⏎ Mardi :  ⏎ 🟢SHIB/USDT : Trade en cours en positif ⏎  ⏎ Mercredi :  ⏎ 🟢ETH/USDT : TP1 ✅ 50% de la position encaissée, trade sécurisé en cours  ⏎ 🟢LINA/USDT : Trade en cours en positif  ⏎  ⏎ Jeudi :  ⏎ 👉🏼Pas de trade ⏎  ⏎ Vendredi :  ⏎ 🟡GBP/CHF : Trade en cours  ⏎  ⏎ 📊Suivi des trades :  ⏎ 🟢GBP/NZD : TP1 ✅ 50% de la position encaissée, trade en cours (trade 1) ⏎ 🟢GBP"
2207,messages3.html,2023-11-27T12:30:07+00:00,2195,breakeven,✅Sorti au point d’entrée sur ETH/USDT après avoir encaissé 50% de la position au TP1
2211,messages3.html,2023-11-27T16:14:19+00:00,2208,,Analyse hebdomadaire :  ⏎ - Divergence RSI en cours  ⏎ - Cassure de trendline baissière sur le RSI  ⏎  ⏎ Analyse journalière :  ⏎ - Cassure de la trendline baissière partant des plus hauts  ⏎ - Cassure d’une trendline baissière sur le RSI avec pullback en cours  ⏎  ⏎ Analyse H2 :  ⏎ - Validation d’un double bottom sur les plus bas avec prise de liquidités sous l’ancien bottom pour valider le retournement de tendanc
2213,messages3.html,2023-11-28T12:51:27+00:00,2212,,Analyse journalière :  ⏎ - Moyennes mobiles exponentielles 100 et 200 en support dynamique  ⏎  ⏎ Analyse H4 :  ⏎ - Tendance haussière en cours  ⏎ - Retour sur le dernier plus bas de la tendance haussière  ⏎  ⏎ Analyse H2 :  ⏎ - Cassure d’une trendline baissière sur le RSI  ⏎ - Validation d’un biseau descendant avec hausse des volumes  ⏎ - Divergence RSI en cours (qualité moyenne)  ⏎  ⏎ Analyse M30 :  ⏎ - Pullback effectuée
2215,messages3.html,2023-11-28T14:15:08+00:00,2214,closed,"Analyse H1 :  ⏎ - Moyennes mobiles exponentielles 50, 100 et 200 orientées à la hausse  ⏎ - Trendline haussière partant des plus bas en support  ⏎  ⏎ Analyse M30 :  ⏎ - Tendance haussière en cours  ⏎ - Retour sur le dernier plus bas de la tendance haussière  ⏎ - Bougie marteau clôturée sur le point bas avec hausse des volumes  ⏎ - Liquidités à aller chercher sur le haut de la session asiatique du jour"
2216,messages3.html,2023-11-28T15:02:19+00:00,2130,closed,✅Je sors 100% de ma position sur USD/CHF à l’approche du TP3 🔥
2217,messages3.html,2023-11-28T15:44:09+00:00,2214,breakeven|closed,✅TP1 sur NZD/USD 🔥 ⏎  ⏎ Je sors 50% de la position et place le SL au point d’entrée
2218,messages3.html,2023-11-28T15:48:53+00:00,2212,closed,"✔️Je sors en perte sur EUR/GBP avant le SL, le Setup ne s’est pas déclenché sur la sortie de biseau descendant"
2219,messages3.html,2023-11-28T15:56:19+00:00,,breakeven,🎯Point sur les trades en cours :  ⏎ 🟢NZD/USD en positif ⏎ 🟢EUR/CAD en positif  ⏎ 🟢NZD/CAD en positif  ⏎ 🟢Pétrole en positif  ⏎ 🟢GBP/NZD en positif (trade 1)  ⏎ 🟢GBP/NZD en positif (trade 2) ⏎ 🟢GBP/CHF en positif  ⏎ 🟢NZD/CHF en positif  ⏎ 🟢LINA/USDT en positif  ⏎ 🟢SHIB/USDT en positif  ⏎ 🟡GALA/USDT au point d’entrée  ⏎ 🟡EUR/CHF au point d’entrée  ⏎ 🔴APT/USDT en négatif  ⏎ 🔴GBP/AUD en négatif
2220,messages3.html,2023-11-29T11:10:18+00:00,2217,,✅TP2 sur NZD/USD 🥳🔥
2222,messages3.html,2023-11-29T15:28:58+00:00,2221,,"Analyse H2 :  ⏎ - Tendance baissière en cours avec création d’un nouveau plus bas (21 novembre)  ⏎ - Réaction haussière jusqu’au niveau 0,786 du retracement de Fibonacci puis création d’une épaule-tête-épaule ⏎ - Moyennes mobiles exponentielles 50, 100 et 200 orientées à la baisse  ⏎  ⏎ Analyse H1 :  ⏎ - Tendance baissière court terme sur le RSI  ⏎  ⏎ Analyse M30 :  ⏎ - Validation d’une épaule-tête-épaule avec pull"
2224,messages3.html,2023-11-29T15:59:29+00:00,2223,,"Analyse hebdomadaire :  ⏎ - Hausse des volumes  ⏎ - Moyennes mobiles exponentielles 50 et 100 orientées en support dynamique  ⏎  ⏎ Analyse journalière :  ⏎ - Cassure de la trendline partant des plus hauts  ⏎ - Validation d’un biseau descendant  ⏎ - Moyennes mobiles exponentielles 50, 100 et 200 orientées à la hausse  ⏎  ⏎ Analyse H4 :  ⏎ - Validation d’un drapeau haussier avec bougie plein sur cassure  ⏎ - Hausse des v"
2227,messages3.html,2023-11-30T13:49:19+00:00,2226,closed,Analyse journalière :  ⏎ - Tendance haussière en cours ⏎ - Retour sur le dernier plus bas de la tendance haussière avec bougie marteau clôturée  ⏎ - Moyenne mobile exponentielle 200 en support dynamique  ⏎  ⏎ Analyse H4 :  ⏎ - Cassure de trendline baissière en cours sur le RSI  ⏎  ⏎ Analyse H2 :  ⏎ - Divergence RSI validée  ⏎ - Prise de liquidités sous la session asiatique du jour
2228,messages3.html,2023-11-30T14:20:33+00:00,2174,,❌SL sur EUR/CHF
2230,messages3.html,2023-11-30T14:35:08+00:00,2229,,Analyse M30 :   ⏎ - Validation d’une épaule-tête-épaule  ⏎ - Cassure d’une trendline haussière  ⏎ - Prise de liquidités effectuée sur le haut de la session asiatique du jour  ⏎ - Hausse des volumes  ⏎ - Pullback effectué avec réaction impulsive baissière  ⏎ - Moyenne mobile exponentielle 200 en résistance dynamique
2231,messages3.html,2023-12-01T11:24:06+00:00,2221,,❌SL sur CAD/JPY
2234,messages3.html,2023-12-01T14:40:53+00:00,2223,,"✔️Je renforce ma position sur STX/USDT 0,7030 ⏎ ❌SL identique  ⏎ ✅TP identique  ⏎  ⏎ 🎯Ratio : 7/1  ⏎  ⏎ 📊Type de trade : Swing Trading"
2235,messages3.html,2023-12-01T16:32:43+00:00,,recap,🎯Résumé des trades de la semaine :  ⏎  ⏎ Lundi :  ⏎ 🟡GALA/USDT : Trade en cours au point d’entrée  ⏎ 🟢NZD/CHF : Trade en cours en positif  ⏎  ⏎ Mardi :  ⏎ 🟡EUR/GBP : Sorti en perte avant le SL  ⏎ 🟢NZD/USD : TP2 ✅ 100% de la position encaissée  ⏎  ⏎ Mercredi :  ⏎ 🔴CAD/JPY : SL  ⏎ 🟡STX/USDT : Trade au point d’entrée ⏎ 🟡GAL/USDT : Trade en cours au point d’entrée  ⏎  ⏎ Jeudi :  ⏎ 🔴USD/CAD : SL  ⏎ 🔴AUD/USD : SL  ⏎  ⏎ Vendredi :  ⏎ 🟢EUR/AUD 
2238,messages3.html,2023-12-04T00:34:48+00:00,2188,tp1|breakeven|closed,✅TP1 touché sur SHIB/USDT🔥 ⏎  ⏎ Je sors 50% de ma position et place le SL au point d’entrée
2239,messages3.html,2023-12-04T23:11:32+00:00,,breakeven,🎯Point sur les trades en cours :  ⏎ 🟢NZD/CAD en positif  ⏎ 🟢Pétrole en positif  ⏎ 🟢EUR/AUD en positif  ⏎ 🟢GBP/NZD en positif ⏎ 🟢NZD/CHF en positif  ⏎ 🟢LINA/USDT en positif  ⏎ 🟢SHIB/USDT en positif  ⏎ 🟢GALA/USDT en positif  ⏎ 🟢APT/USDT en positif  ⏎ 🟢GAL/USDT en positif   ⏎ 🟢STX/USDT en positif  ⏎ 🟡GBP/AUD au point d’entrée ⏎  ⏎ 🟢EUR/CAD : sorti après avoir encaissé 50% au TP1
2240,messages3.html,2023-12-04T23:13:50+00:00,2223,,✅J’encaisse 50% de la position à l’approche du TP1 sur les 2 trades STX/USDT : +70% en cours 🚀
2241,messages3.html,2023-12-08T12:00:41+00:00,2166,breakeven,✅TP1 sur APT/USDT 🔥 ⏎  ⏎ J’encaisse 50% de la position et place le SL au point d’entrée : +15%
2242,messages3.html,2023-12-08T12:01:47+00:00,2205,breakeven,✅TP1 sur GALA/USDT 🔥 ⏎  ⏎ J’encaisse 50% de la position et place le SL au point d’entrée : +18%
2243,messages3.html,2023-12-08T12:02:42+00:00,2188,tp2,✅TP2 touché sur SHIB/USDT 🔥 ⏎  ⏎ J’encaisse 100% de ma position : +25%
2244,messages3.html,2023-12-08T12:04:10+00:00,,tp2,✅TP2 touché sur le Pétrole 🔥 ⏎  ⏎ J’encaisse 100% de ma position
2246,messages3.html,2023-12-09T15:17:44+00:00,2245,,Analyse journalière :  ⏎ - Cassure de la trendline baissière partant des plus hauts ⏎ - Validation d’une ÉTÉ inversée  ⏎ - Hausse des volumes sur cassure  ⏎ - Bougie marteau validée sur la ligne de cou  ⏎ - Structure haussière en formation
2251,messages3.html,2023-12-11T12:51:15+00:00,2250,,"Analyse H4 :  ⏎ - Tendance haussière en cours selon la théorie de Dow  ⏎ - Rebond impulsif sur le niveau 0,5 du retracement de Fibonacci de la dernière vague de hausse  ⏎ - Moyenne mobile exponentielle 200 en support dynamique  ⏎ - Hausse des volumes  ⏎  ⏎ Analyse H1 :  ⏎ - Validation d’un biseau descendant avec pullback  ⏎ - Prise de liquidités effectuée sous la session asiatique du jour  ⏎ - Hausse des volumes  ⏎ -"
2253,messages3.html,2023-12-11T14:06:29+00:00,2252,,Analyse H3 :  ⏎ - Tendance haussière selon la théorie de Dow  ⏎ - Retour sur le dernier plus bas de la tendance haussière en cours  ⏎ - Prise de liquidités sous le dernier plus bas de la tendance haussière  ⏎ - Divergence RSI validée  ⏎ - Hausse des volumes  ⏎  ⏎ Analyse M30 :  ⏎ - Prise de liquidités sous la session asiatique du jour
2255,messages3.html,2023-12-12T14:42:24+00:00,2254,closed,Analyse M30 :  ⏎ - Bougie englobante baissière clôturée  ⏎ - Prise de liquidités effectuée sur le haut de la session asiatique  ⏎ - Validation d’un biseau ascendant  ⏎ - Cassure de trendline haussière sur le RSI  ⏎ - Divergence RSI validée
2259,messages3.html,2023-12-12T16:33:23+00:00,,closed,Analyse H4 :  ⏎ - Validation en cours d’une épaule-tête-épaule inversée  ⏎ - Prise de liquidités sous un précédent Bottom  ⏎ - Cassure d’une trendline baissière sur le RSI avec pullback  ⏎  ⏎ Analyse H2 :  ⏎  - Cassure d’une trendline baissière partant des plus hauts avec pullback  ⏎ - Prise de liquidités effectuée sous le plus bas de la session asiatique du jour  ⏎ - Bougie H2 clôturée au-dessus la ligne de cou 
2260,messages3.html,2023-12-12T20:14:10+00:00,2254,,❌SL sur le S&P500
2262,messages3.html,2023-12-12T23:09:39+00:00,2261,closed,Analyse identique +  ⏎  ⏎ Analyse H1 :  ⏎ - Bougie pendue clôturée  ⏎ - Prise de liquidités sous la figure en biseau descendant  ⏎ - Prise de liquidités sous le session asiatique de jeudi
2263,messages3.html,2023-12-13T11:35:24+00:00,,tp2|breakeven|closed,🎯Point sur mes trades en cours :  ⏎ 🟢NZD/CAD en positif  ⏎ 🟢GBP/NZD en positif  ⏎ 🟢APT/USDT en positif  ⏎ 🟢STX/USDT en positif (trade 1)  ⏎ 🟢STX/USDT en positif (trade 2)  ⏎ 🟡GAL/USDT au point d’entrée  ⏎ 🟡GBP/AUD au point d’entrée  ⏎ 🟡EUR/AUD au point d’entrée  ⏎ 🔴USD/CAD en négatif  ⏎ 🔴HOOK/USDT en négatif  ⏎  ⏎ 🎯Point sur mes trades clôturées ⏎ 🟢LINA/USDT : Sorti BE après avoir encaissé 50% de ma position  ⏎ 🟢GALA/USDT : 
2270,messages3.html,2023-12-13T13:24:06+00:00,2269,,Analyse H4 :  ⏎ - Zone de résistance  ⏎ - Validation d’une épaule-tête-épaule  ⏎ - Trendline baissière en résistance sur le RSI ⏎ - Cassure de la trendline haussière partant des plus bas  ⏎ - Cassure à la baisse de la moyenne mobile exponentielle 200  ⏎  ⏎ Analyse H2 :  ⏎ - Moyenne mobile exponentielle 200 en résistance dynamique  ⏎  ⏎ Analyse M15 :  ⏎ - Cassure d’une trendline haussière
2271,messages3.html,2023-12-13T13:41:20+00:00,2265,breakeven,✅TP1 sur RNDR/USDT 🔥 ⏎  ⏎ J’encaisse 50% de la position et place le SL au point d’entrée
2272,messages3.html,2023-12-13T13:41:47+00:00,2267,,✔️Je sécurise la position sur AVAX/USDT et encaisse 50% avant le TP1
2273,messages3.html,2023-12-13T13:48:39+00:00,2257,closed,✔️Je sors en perte avant le SL sur USD/CAD  ⏎  ⏎ L’ÉTÉ inversée ne sait pas validée
2276,messages3.html,2023-12-13T16:21:31+00:00,2275,closed,Analyse H1 :  ⏎ - Divergence RSI en cours  ⏎ - Bougie avec mèche clôturée démontrant un retour des vendeurs  ⏎ - Cassure de trendline haussière en cours sur le RSI  ⏎  ⏎ Analyse M5 :  ⏎ - Cassure de trendline haussière sur le RSI  ⏎ - Prise de liquidités sur le haut de la session asiatique effectuée  ⏎  ⏎ Analyse M3 :  ⏎ - Cassure du précédent plus bas de la tendance haussière en cours
2277,messages3.html,2023-12-13T17:30:22+00:00,2275,tp1|breakeven,✅Le TP1 a été touché 🔥 ⏎  ⏎ 50% de la position encaissée et SL au point d’entrée
2279,messages3.html,2023-12-13T19:21:25+00:00,,tp1|breakeven|closed,🎯Point sur les trades en cours :  ⏎ 🟢NZD/CAD en positif  ⏎ 🟢GBP/NZD en positif  ⏎ 🟢GBP/AUD en positif  ⏎ 🟢EUR/AUD en positif  ⏎ 🟢USD/CAD en positif   ⏎ 🟢APT/USDT en positif  ⏎ 🟢STX/USDT en positif (trade 1)  ⏎ 🟢STX/USDT en positif (trade 2)  ⏎ 🟢HOOK/USDT en positif  ⏎ 🟢AVAX/USDT en positif  ⏎ 🟢RNDR/USDT en positif  ⏎ 🟡GAL/USDT au point d’entrée  ⏎ 🔴GBP/CAD en négatif  ⏎  ⏎ 🎯Trade clôturé :  ⏎ 🟢Nasdaq : TP1 ✅ 50% de la position e
2280,messages3.html,2023-12-14T12:20:28+00:00,2274,breakeven,✅TP1 sur USD/CAD 🔥 ⏎  ⏎ J’encaisse 50% de la position et place le SL au point d’entrée
2281,messages3.html,2023-12-14T12:21:13+00:00,2271,,✅TP2 sur RNDR/USDT🔥 ⏎  ⏎ J’encaisse 100% de la position
2282,messages3.html,2023-12-15T11:28:17+00:00,2280,,✅TP2 sur USD/CAD🔥 ⏎  ⏎ J’encaisse 100% de la position
2286,messages3.html,2023-12-15T17:49:15+00:00,2284,,Analyse hebdomadaire :  ⏎ - Double divergence RSI validée  ⏎ - Vague de Wolfe en formation  ⏎  ⏎ Analyse journalière :  ⏎ - Prisé de liquidités sous une phase de latéralisation  ⏎ - Cassure de la trendline baissière partant des plus hauts  ⏎ - Validation d’une structure haussière  ⏎  ⏎ Analyse H4 :  ⏎ - Cassure en cours à la hausse d’une phase de range
2287,messages3.html,2023-12-17T14:34:02+00:00,,recap,"🎯Résumé des trades de la semaine :  ⏎  ⏎ Samedi : ⏎ 🟢HOOK/USDT : Trade en cours en positif  ⏎  ⏎ Lundi :  ⏎ 🔴NZD/CHF : SL ⏎ 🔴GBP/CHF : SL ⏎  ⏎ Mardi :  ⏎ 🔴S&P500 : SL ⏎ 🟡USD/CAD : Sorti avant SL ⏎  ⏎ Mercredi :  ⏎ 🟢RNDR/USDT : TP2 ✅ ⏎ 🟢AVAX/USDT : TP1 ✅ 50% de la position encaissée, trade en cours  ⏎ 🟢GBP/CAD : Trade en cours en positif  ⏎ 🟢USD/CAD : TP2 ✅ ⏎ 🟢Nasdaq : TP1 ✅ Sorti BE après avoir encaissé 50% de la position  ⏎  ⏎ Jeudi : "
2289,messages3.html,2023-12-18T17:13:51+00:00,2288,,Analyse H4 :  ⏎ - Divergence RSI validée sur les plus hauts  ⏎ - Cassure d’une trendline haussière partant des plus bas  ⏎ - Pullback effectué sur la trendline  ⏎ - Retour sur le dernier plus haut de la tendance baissière en cours  ⏎ - Cassure de trendline sur le RSI  ⏎  ⏎ Analyse H2 :  ⏎ - Divergence RSI baissière validée  ⏎ - Liquidités à aller chercher sous la session asiatique du jour
2291,messages3.html,2023-12-18T22:51:08+00:00,2290,,Analyse journalière :  ⏎ - Tendance haussière en cours  ⏎ - RAS sur le RSI  ⏎ - Hausse des volumes  ⏎  ⏎ Analyse H2 :  ⏎ - Tendance haussière en cours  ⏎ - Retour sur le dernier plus bas de la tendance haussière avec réaction impulsive des acheteurs (bougie englobante avec mèche)  ⏎ - Prise de liquidités sous le précédent plus bas  ⏎ - Cassure de la trendline baissière partant des plus hauts  ⏎ - Cassure d’une trendl
2293,messages3.html,2023-12-19T14:45:42+00:00,2292,,"Analyse H4 :  ⏎ - Tendance haussière en cours  ⏎ - Hausse des volumes  ⏎ - Validation préalable d’un biseau descendant  ⏎  ⏎ Analyse H1 :  ⏎ - Validation d’une figure en tasse avec anse  ⏎ - Moyennes mobile exponentielles 50, 100 et 200 orientées à la hausse"
2295,messages3.html,2023-12-19T15:19:06+00:00,2294,,Analyse hebdomadaire :  ⏎ - Divergence RSI validée  ⏎  ⏎ Analyse H1 :  ⏎ - Tendance baissière en cours selon la théorie de Dow  ⏎ - Retour sur le dernier plus haut de la tendance baissière en cours  ⏎ - RSI en surachat  ⏎ - Liquidités à aller chercher sous la session asiatique du jour  ⏎ - Baisse croissante des volumes
2297,messages3.html,2023-12-19T17:14:09+00:00,2296,breakeven,✅TP1 🔥 ⏎  ⏎ J’encaisse 50% de la position et place le SL au point d’entrée
2298,messages3.html,2023-12-20T15:42:36+00:00,2294,breakeven,✔️J’encaisse 50% sur le trade GBP/JPY et place le SL au point d’entrée à l’approche du TP1 🔥
2299,messages3.html,2023-12-20T15:43:14+00:00,2292,breakeven,✔️J’encaisse 50% sur le trade NZD/USD et place le SL au point d’entrée à l’approche du TP1 🔥
2300,messages3.html,2023-12-20T15:44:20+00:00,2223,,✔️J’encaisse des bénéfices partiels avant le TP final sur STX/USDT 🔥
2303,messages3.html,2023-12-21T14:23:08+00:00,2302,,Analyse précédente moyen terme toujours valide +  ⏎  ⏎ Analyse H2 :  ⏎ - Cassure d’une trendline baissière avec pullback  ⏎ - Tendance haussière bien dessinée  ⏎ - Retour sur le dernier plus bas de la tendance haussière avec réaction haussière importante
2305,messages3.html,2023-12-22T13:31:03+00:00,2304,,"Analyse H4 :  ⏎ - Tendance haussière selon la théorie de Dow  ⏎ - Validation préalable d’une figure en tasse avec anse  ⏎ - Cassure d’une trendline baissière sur le RSI  ⏎ - Moyennes mobiles exponentielles 50, 100 et 200 orientées à la hausse  ⏎  ⏎ Analyse H2 :  ⏎ - Validation d’un drapeau haussier avec hausse des volumes sur cassure"
2306,messages3.html,2023-12-22T14:15:20+00:00,2290,,✅TP2 sur OP/USDT 🥳
2308,messages3.html,2023-12-22T22:57:35+00:00,2302,breakeven,✅J’encaisse 50% de la position et place le SL au point d’entrée sur APT/USDT à l’approche du TP1🔥
2310,messages3.html,2023-12-26T15:03:01+00:00,2269,tp1|breakeven,✅TP1 touché sur GBP/CAD 🔥 ⏎  ⏎ J’encaisse 50% de la position et place le SL au point d’entrée
2312,messages3.html,2023-12-26T16:18:49+00:00,2311,,Analyse H1 :  ⏎ - Prise de liquidités effectuée sous le précédent bottom  ⏎ - Prise de liquidités effectuée sous la borne inférieure de la session asiatique  ⏎ - Validation d’un biseau descendant avec hausse des volumes  ⏎ - Divergence RSI de qualité validée sur les plus bas  ⏎ - Création d’une structure haussière avec cassure du dernier plus haut de la tendance baissière en cours  ⏎ - Cassure d’une zone de r
2314,messages3.html,2023-12-27T14:53:47+00:00,2313,,"Analyse journalière :  ⏎ - Tendance haussière selon la théorie de Dow  ⏎ - Validation d’un biseau de continuation haussière  ⏎ - Hausse des volumes  ⏎ - Pullback effectué sur le haut du biseau descendant  ⏎  ⏎ Analyse H4 :  ⏎ - Trendline haussière en support sur le RSI  ⏎ - Moyennes mobiles exponentielles 50, 100 et 200 orientées à la hausse"
2316,messages3.html,2023-12-27T15:52:41+00:00,2315,,Analyse journalière :  ⏎ - Divergence RSI en cours de formation en zone de surachat  ⏎  ⏎ Analyse H4 :  ⏎ - Divergence RSI validée  ⏎  ⏎ Analyse H2 :  ⏎ - Divergence RSI validée  ⏎ - Cassure de trendline haussière sur le RSI ⏎  ⏎ Analyse M30 :  ⏎ - Prise de liquidités sur le précédent top  ⏎ - Divergence RSI validée  ⏎ - Formation d’un canal haussier qui pourrait accélérer la chute en cas de cassure de la trendline inférie
2317,messages3.html,2023-12-27T16:37:53+00:00,2311,,❌SL sur EUR/CHF
2319,messages3.html,2023-12-28T14:51:13+00:00,2318,,Analyse précédente toujours valable + ⏎  ⏎ Analyse H1 :  ⏎ - Divergence RSI validée  ⏎ - Pullback en cours sur la trendline inférieure du biseau ascendant  ⏎ - Prise de liquidités effectuée sur le haut de la session asiatique du jour
2320,messages3.html,2023-12-28T14:52:35+00:00,2225,breakeven,✅TP1 sur GAL/USDT 🔥 ⏎  ⏎ J’encaisse 50% de la position et place le SL au point d’entrée
2321,messages3.html,2023-12-29T13:17:11+00:00,2318,breakeven,✅TP1 sur le Nasdaq 🔥 ⏎  ⏎ J’encaisse 50% de la position et place le SL au point d’entrée
2323,messages3.html,2023-12-29T14:02:19+00:00,2322,,"Analyse précédente toujours valable +  ⏎  ⏎ Analyse M30 :  ⏎ - Validation d’une épaule-tête-épaule de qualité (tête > 2 fois supérieure aux épaules, ligne de cou ascendante)  ⏎ - Prise de liquidités effectuée au-dessus de la session asiatique du jour"
2324,messages3.html,2023-12-29T15:50:50+00:00,2322,breakeven,✔️Je sécurise la position sur le Nasdaq et place le SL au point d’entrée
2325,messages3.html,2023-12-29T16:15:41+00:00,2322,,✅J’encaisse 50% de la position à l’approche du TP1 🔥
2326,messages3.html,2023-12-30T12:40:16+00:00,,recap,"🎯Résumé des trades de la semaine :  ⏎  ⏎ Lundi :  ⏎ 👉🏼Pas de trade  ⏎  ⏎ Mardi :  ⏎ 🔴EUR/CHF : SL  ⏎  ⏎ Mercredi :  ⏎ 🟡DYDX/USDT : Trade en cours  ⏎ 🔴Nasdaq : SL  ⏎  ⏎ Jeudi :  ⏎ 🟢Nasdaq : TP2 ✅ 100% de la position encaissée : +175 points  ⏎  ⏎ Vendredi :  ⏎ 🟢Nasdaq : TP1 ✅ 50% de la position encaissée, trade en cours : +144 points  ⏎  ⏎ 📊Suivi des trades :  ⏎ 🟢NZD/CAD en positif  ⏎ 🟢GBP/CAD : en positif  ⏎ 🟢GBP/JPY : en positif  ⏎ 🟢GBP/NZD"
2327,messages3.html,2024-01-02T13:27:44+00:00,2322,,✅J’encaisse 100% de ma position sur le Nasdaq à l’approche du TP2 : +250 points 🔥
2329,messages3.html,2024-01-02T18:29:53+00:00,2328,,Analyse journalière :  ⏎ - Divergence baissière RSI en cours de formation  ⏎ - Baisse croissante des volumes  ⏎  ⏎ Analyse H4 :  ⏎ - Divergence baissière RSI validée  ⏎ - Tendance baissière sur le RSI  ⏎  ⏎ Analyse M30 :  ⏎ - Cassure d’un canal haussier avec pullback en cours sur la trendline inférieure  ⏎ - Création d’une structure baissière sur le prix avec la cassure du dernier plus bas de la tendance haussière co
2330,messages3.html,2024-01-03T13:58:49+00:00,2313,,❌SL sur DYDYX/USDT
2331,messages3.html,2024-01-03T13:59:38+00:00,2328,breakeven,✅J’encaisse 50% de la position et place le SL au point d’entrée à l’approche du TP1 sur le Dow Jones 🔥
2332,messages3.html,2024-01-03T15:28:30+00:00,,tp1|tp2|closed,🎯Point sur les trades en cours :  ⏎ 🟢NZD/CAD en positif  ⏎ 🟢GBP/JPY en positif  ⏎ 🟢GBP/NZD en positif  ⏎ 🟢GBP/AUD en positif  ⏎ 🟢EUR/AUD en positif  ⏎ 🟢GBP/CAD en positif  ⏎ 🟢Dow Jones en positif  ⏎ 🟢APT/USDT en positif ⏎ 🟢STX/USDT en positif (trade 1)  ⏎ 🟢STX/USDT en positif (trade 2)  ⏎ 🟢GAL/USDT en positif  ⏎  ⏎ 🎯Points sur les trades clôturés :  ⏎ 🟢Nasdaq : TP2 ✅ 100% de la position encaissée  ⏎ 🟢AVAX/USDT : TP1 ✅ 50% de l
2334,messages3.html,2024-01-03T16:29:56+00:00,2333,,Analyse journalière :  ⏎ - RSI en survente  ⏎  ⏎ Analyse H2 :  ⏎ - Divergence RSI validée sur les plus bas  ⏎ - Création d’une structure haussière avec présence de nouveaux plus bas et plus haut de plus en plus haut  ⏎ - Cassure de la trendline baissière partant des plus hauts  ⏎ - Cassure d’une trendline baissière sur le RSI avec pullback réalisé  ⏎  ⏎ Analyse M30 :  ⏎ - Pullback en cours sur la trendline baissière 
2336,messages3.html,2024-01-04T14:29:39+00:00,2335,closed,Analyse journalière :  ⏎ - RSI en sortie de zone de survente  ⏎  ⏎ Analyse H2 :  ⏎ - Cassure de la trendline baissière partant de plus hauts  ⏎ - Double bottom validé sur les plus bas  ⏎ - Zone de support sur le RSI  ⏎  ⏎ Analyse H1 :  ⏎ - Retour sur le dernier plus bas de la potentielle tendance haussière à venir  ⏎  ⏎ Analyse M15 :  ⏎ - Prise de liquidités sous le plus bas de la session asiatique
2337,messages3.html,2024-01-05T13:34:35+00:00,2335,breakeven,✔️Je sécurise le trade sur USD/CHF et place le SL au point d’entrée
2340,messages3.html,2024-01-05T14:16:31+00:00,2339,,Analyse H4 :  ⏎ - RSI en survente ++  ⏎ - Divergence RSI en formation  ⏎ - Zone de polarité (bougie rouge présente lors de la tendance haussière)  ⏎  ⏎ Analyse H1 :  ⏎ - Cassure de trendline baissière sur le RSI  ⏎ - Double divergence RSI en formation  ⏎ - Bougie avec mèche démontrant une prise de liquidités  ⏎ - Liquidités à aller chercher au-dessus de la session asiatique du jour  ⏎  ⏎ Analyse M15 :  ⏎ - Cassure de tre
2341,messages3.html,2024-01-05T14:17:56+00:00,2337,breakeven,✔️Sorti Break Even sur USD/CHF
2342,messages3.html,2024-01-05T14:27:22+00:00,2338,,Analyse journalière :  ⏎ - Divergence RSI validée  ⏎ - Retour sur une zone de demande intéressante  ⏎  ⏎ Analyse H4 :  ⏎ - Cassure d’une trendline baissière partant des plus hauts sur le RSI  ⏎  ⏎ Analyse H2 :  ⏎ - Prise de liquidités sous une phase de range précédente  ⏎ - Cassure par la haut d’une nouvelle phase de range avec pullback en cours  ⏎  ⏎ Analyse M15 :  ⏎ - Prise de liquidités effectuée sous la session asiat
2343,messages3.html,2024-01-05T14:31:18+00:00,2339,breakeven|closed,✅Je sors 50% de la position à l’approche du TP1 🔥 ⏎  ⏎ SL au point d’entrée
2344,messages3.html,2024-01-05T15:05:00+00:00,2343,tp2,✅TP2 touché sur le Nasdaq 🥳🔥
2345,messages3.html,2024-01-05T20:35:34+00:00,,recap,"🎯Résumé des trades de la semaine :  ⏎  ⏎ Lundi :  ⏎ 👉🏼Pas de trade  ⏎  ⏎ Mardi :  ⏎ 🟢Dow Jones : TP1 ✅ 50% de la position encaissée, trade sécurisé en cours : +400 points en cours  ⏎  ⏎ Mercredi :  ⏎ 🟢GBP/CHF : Trade en cours en positif  ⏎  ⏎ Jeudi :  ⏎ 🟡USD/CHF : Sorti BE ⏎  ⏎ Vendredi :  ⏎ 🟡EUR/NZD : Trade en cours en négatif  ⏎ 🟢Nasdaq : TP 2✅ 100% de la position encaissée, trade en cours : +120 points"
2346,messages3.html,2024-01-08T13:17:17+00:00,2223,,✅TP2 sur STX/USDT 🔥 ⏎  ⏎ J’encaisse 100% de ma position
2348,messages3.html,2024-01-08T14:57:51+00:00,2347,,Analyse hebdomadaire :  ⏎ - Validation d’une divergence RSI  ⏎  ⏎ Analyse journalière :  ⏎ - Vague de Wolfe en cours  ⏎ - Tendance baissière sur le RSI  ⏎  ⏎ Analyse H1 :  ⏎ - Retour sur le précédent plus haut de la potentielle tendance baissière à venir  ⏎ - Prise de liquidités effectuée au-dessus de ce plus haut ⏎ - Divergence RSI validée  ⏎ - Cassure du plus bas de la tendance haussière court terme
2349,messages3.html,2024-01-10T11:44:49+00:00,2347,,❌SL sur GBP/JPY
2350,messages3.html,2024-01-10T13:31:28+00:00,2333,breakeven,✔️Je sécurise le trade sur GBP/CHF et place le SL au point d’entrée
2352,messages3.html,2024-01-10T14:26:36+00:00,2351,,Analyse M15 :  ⏎ - Forte tendance haussière en cours  ⏎ - Retour sur le dernier plus bas de la tendance haussière  ⏎ - Prise de liquidités sous la session asiatique du jour  ⏎ - Bougie englobante haussière validée  ⏎  ⏎ Analyse M3 :  ⏎ - Cassure de la trendline partant des plus hauts  ⏎ - Cassure de le trendline partant des plus hauts sur le RSI  ⏎  ⏎ Analyse M1 :  ⏎ - Validation d’une ÉTÉ inversée sur les plus bas
2353,messages3.html,2024-01-10T14:35:05+00:00,2351,breakeven,✔️Je sécurise le trade sur le Nasdaq et place le SL au point d’entrée
2354,messages3.html,2024-01-10T15:03:05+00:00,2353,,✔️Sorti BE sur le Nasdaq
2355,messages3.html,2024-01-10T15:10:06+00:00,2352,,✔️Je reprend la même position sur le Nasdaq  ⏎  ⏎ Setup toujours valable
2356,messages3.html,2024-01-10T15:43:00+00:00,2355,breakeven,✅J’encaisse 50% de la position et place le SL au point d’entrée à l’approche du TP1 🔥
2357,messages3.html,2024-01-10T19:26:01+00:00,2351,closed,✅Je sors 100% de ma position à l’approche du TP2 🔥 ⏎  ⏎ +150 points
2361,messages3.html,2024-01-12T11:05:30+00:00,2360,,Analyse journalière :  ⏎ - Validation d’un biseau descendant  ⏎ - Création de liquidités effectuée  ⏎ - Création d’une tendance haussière en cours  ⏎ - Hausse des volumes  ⏎ - Réaction haussière sur le dernier plus bas de la tendance en cours  ⏎ - Réaction haussière sur une zone de support majeure
2363,messages3.html,2024-01-12T11:10:40+00:00,2362,,Analyse journalière :  ⏎ - Cassure de la trendline baissière partant des plus hauts  ⏎ - Pullback en cours avec réaction haussière (mèche + bougie englobante)  ⏎ - Hausse des volumes sur la phase haussière  ⏎ - Retour sur le dernier plus bas de la tendance haussière en cours
2365,messages3.html,2024-01-12T13:30:03+00:00,2364,,Analyse H2 :  ⏎ - Cassure d’une trendline baissière sur le prix partant des plus hauts avec pullback en cours  ⏎ - Hausse des volumes sur cassure avec bougie pleine  ⏎  ⏎ Analyse H1 :  ⏎ - Tendance haussière en cours selon la théorie de Dow  ⏎ - Retour sur le dernier plus bas de la tendance haussière en cours  ⏎ - Prise de liquidités effectuée sous la session asiatique du jour  ⏎ - Prisé de liquidités effectuée s
2366,messages3.html,2024-01-12T13:45:24+00:00,2333,tp1|breakeven,✅TP1 touché sur GBP/CHF 🔥 ⏎  ⏎ J’encaisse 50% de la position et place le SL au point d’entrée
2367,messages3.html,2024-01-13T12:40:24+00:00,,recap,🎯Résumé des trades de la semaine :  ⏎  ⏎ Lundi :  ⏎ 🔴GBP/JPY : SL  ⏎  ⏎ Mardi:  ⏎ 👉🏼Pas de trade  ⏎  ⏎ Mercredi :  ⏎ 🟢Nasdaq : TP2 ✅ 100% de la position encaissée : +150 points  ⏎ 🟡DOT/USDT : Trade en cours au point d’entrée  ⏎ 🟢ETC/USDT : Trade en cours en positif  ⏎  ⏎ Jeudi :  ⏎ 👉🏼Pas de trade  ⏎  ⏎ Vendredi :  ⏎ 🟢APT/USDT : Trade en cours en positif  ⏎ 🟠GALA/USDT : Trade en cours en négatif  ⏎ 🟢USD/CAD : Trade en cours en positif
2369,messages3.html,2024-01-15T14:20:37+00:00,2364,breakeven,✅TP1 sur USD/CAD 🔥 ⏎  ⏎ J’encaisse 50% de ma position et place le SL au point d’entrée
2374,messages3.html,2024-01-15T15:33:39+00:00,2373,,"Analyse H4 :  ⏎ - Tendance haussière en cours  ⏎ - Reprise haussière sur le niveau 0,618 du retracement de Fibonacci avec structure haussière  ⏎ - Cassure de la trendline baissière partant des plus hauts  ⏎ - Cassure de la trendline baissière sur le RSI avec pullback  ⏎ - Hausse des volumes sur cassure"
2375,messages3.html,2024-01-15T18:56:50+00:00,,breakeven,🎯Point sur les trades en cours :  ⏎ 🟢NZD/CAD en positif  ⏎ 🟢EUR/AUD en positif  ⏎ 🟢EUR/NZD en positif  ⏎ 🟢GBP/CHF en positif  ⏎ 🟢USD/CAD en positif  ⏎ 🟢APT/USDT en positif ⏎ 🟢STX/USDT en positif ⏎ 🟢GAL/USDT en positif  ⏎ 🟢FLOW/USDT en positif  ⏎ 🟢BNB/USDT en positif  ⏎ 🟢ETC/USDT en positif  ⏎ 🟡DOT/USDT au point d’entrée ⏎ 🔴GALA/USDT en négatif
2377,messages3.html,2024-01-16T12:09:12+00:00,2364,,✅TP2 sur USD/CAD 🥳🔥
2379,messages3.html,2024-01-16T15:21:09+00:00,2378,,"✔️Je sécurise ma position, c’est parti très vite 📈"
2380,messages3.html,2024-01-16T15:40:49+00:00,2378,,Analyse H1 :  ⏎ - Tendance haussière en cours selon la théorie de Dow  ⏎  ⏎ Analyse M15 :  ⏎ - Divergence RSI validée  ⏎ - Prise de liquidités sous le bas de la session asiatique du jour  ⏎  ⏎ Analyse M5 :  ⏎ - Cassure de la trendline partant des plus hauts avec volume important  ⏎ - Création d’une nouvelle tendance haussière  ⏎ - Retour sur le plus bas de la tendance haussière en cours avec prise de liquidités en-de
2381,messages3.html,2024-01-16T15:41:18+00:00,2378,breakeven,✅J’encaisse 50% de la position à l’approche du TP1 et place le SL au point d’entrée 🔥
2382,messages3.html,2024-01-16T17:40:31+00:00,2381,,✔️Repris BE sur le Nasdaq
2384,messages3.html,2024-01-16T21:41:28+00:00,2383,,Analyse journalière :  ⏎ - Cassure d’une trendline baissière partant des plus hauts  ⏎ - Création d’une tendance haussière en cours selon la théorie de Dow  ⏎ - Hausse des volumes en cours  ⏎ - Retour sur le dernier plus bas de la tendance haussière en cours avec prise de liquidités sous la zone  ⏎  ⏎ Analyse H4 :  ⏎ - Divergence RSI validée  ⏎ - Création d’un nouveau plus haut
2386,messages3.html,2024-01-17T15:47:18+00:00,2385,,Analyse journalière :  ⏎ - Volumes importants  ⏎ - RAS sur le RSI  ⏎  ⏎ Analyse H4 :  ⏎ - Forte tendance haussière en cours  ⏎ - Trendline haussière en support  ⏎ - Cassure d’une trendline baissière de qualité avec volume  ⏎ - Pullback en cours
2388,messages3.html,2024-01-18T15:48:49+00:00,2387,,❌SL sur le Nasdaq
2390,messages3.html,2024-01-18T16:19:02+00:00,2389,,Analyse H4 :  ⏎ - Tendance haussière en cours  ⏎ - Retour sur le dernier plus bas de la tendance haussière en cours  ⏎ - Prise de liquidités réalisée sous ce dernier plus bas  ⏎  ⏎ Analyse H1 :  ⏎ - Divergence RSI validée  ⏎ - Cassure d’une trendline baissière sur le RSI  ⏎ - Validation d’une structure haussière avec cassure du dernier plus bas de la tendance baissière court terme  ⏎ - Price de liquidités effectuée
2392,messages3.html,2024-01-19T13:46:17+00:00,2391,,Analyse journalière :  ⏎ - Tendance haussière en cours selon la théorie de Dow  ⏎ - Validation d’un triangle ascendant de qualité avec pullback en cours  ⏎ - Hausse des volumes sur cassure avec bougie pleine  ⏎ - RAS sur le RSI  ⏎  ⏎ Analyse H1 :  ⏎ - Vague de Wolfe haussière en formation  ⏎ - Cassure d’une trendline baissière sur le RSI
2393,messages3.html,2024-01-20T13:52:25+00:00,,recap,🎯Résumé des trades de la semaine :  ⏎  ⏎ Lundi :  ⏎ 🟡FLOW/USDT : Trade en cours en négatif   ⏎ 🟢BNB/USDT : Trade en cours en positif  ⏎  ⏎ Mardi:  ⏎ 🟡GRT/USDT : Trade en cours au point d’entrée  ⏎ 🟢Nasdaq : TP1 ✅ 50% de la position encaissée : +111 points  ⏎ 🟡THETA/USDT : Trade en cours au point d’entrée  ⏎  ⏎ Mercredi :  ⏎ 🔴SOL/USDT : SL  ⏎  ⏎ Jeudi :  ⏎ 🔴Nasdaq : SL  ⏎  ⏎ Vendredi :  ⏎ 🟢GBP/USD : Trade en cours en positif  ⏎ 🟢TRX/US
2396,messages3.html,2024-01-22T14:42:42+00:00,2395,,Analyse M45 :  ⏎ - Tendance haussière en cours selon la théorie de Dow  ⏎ - Retour sur le dernier plus bas de la tendance haussière avec prise de liquidités  ⏎ - Bougie englobante haussière validée  ⏎ - Prise de liquidités effectuée sous la session asiatique du jour  ⏎  ⏎ Analyse M15 :  ⏎ - Divergence RSI validée
2397,messages3.html,2024-01-23T14:34:49+00:00,2395,,❌SL sur EUR/CHF
2400,messages3.html,2024-01-23T14:41:16+00:00,2398,,Analyse journalière :  ⏎ - Épaule tête épaule validée avec pullback en cours sur la ligne de cou  ⏎  ⏎ Analyse H4 :  ⏎ - Cassure d’une trendline haussière sur le RSI avec pullback effectué  ⏎  ⏎ Analyse H2 :  ⏎ - Cassure de la trendline haussière partant des plus bas  ⏎ - Validation d’une épaule tête épaule avec pullback en cours
2402,messages3.html,2024-01-23T17:36:07+00:00,2401,,Analyse H1 :  ⏎ - Divergence RSI validée sur les plus hauts  ⏎  ⏎ Analyse M30 :  ⏎ - Prise de liquidités effectuée sur le haut de la session asiatique du jour  ⏎ - Prise de liquidités effectuée sur le haut de la phase de latéralisation  ⏎  - Liquidités à aller chercher à la baisse  ⏎ - Volume peu important
2403,messages3.html,2024-01-23T18:05:18+00:00,2401,,✔️Je renforce ma position sur le Nasdaq 17371 ⏎ ❌SL et ✅TP identiques
2404,messages3.html,2024-01-23T20:40:33+00:00,2401,,❌SL sur le Nasdaq
2407,messages3.html,2024-01-23T23:47:05+00:00,2406,,Analyse hebdomadaire :  ⏎ - Cassure d’une trendline baissière en cours sur le RSI  ⏎  ⏎ Analyse journalière :  ⏎ - Cassure de sa trendline baissière partant des plus hauts  ⏎ - Validation d’une figure en ÉTÉ inversée  ⏎ - Hausse importante des volumes sur cassure  ⏎ - Tendance haussière en cours selon le théorie de Dow ⏎  ⏎ 👉🏼Possibilité de renforcer la position en cas de retour sur la ligne de cou
2409,messages3.html,2024-01-24T14:01:10+00:00,2408,,Analyse H4 :  ⏎ - Divergence RSI en cours en zone de surachat ++ ⏎  ⏎ Analyse M30 :  ⏎ - Divergence RSI validée en zone surachat  ⏎ - Bougie englobante baissière validée  ⏎ - Liquidités à aller chercher dans la session asiatique du jour  ⏎  ⏎ Analyse M15 :  ⏎ - Cassure de la trendline haussière partant de plus bas en cours sur le RSI
2410,messages3.html,2024-01-24T16:07:23+00:00,2408,,❌SL sur le Nasdaq
2412,messages3.html,2024-01-24T17:56:23+00:00,2411,,Analyse H4 :  ⏎ - Divergence RSI validée sur les plus bas  ⏎ - Création d’un nouveau plus haut ⏎ - Cassure de la trendline baissière partant des plus hauts  ⏎ - Cassure à la hausse d’une phase de range avec pullback  ⏎ - Moyennes mobiles exponentielles 100 et 200 orientées à la hausse  ⏎  ⏎ Analyse H1 :  ⏎ - Hausse des volumes importante sur la cassure du range
2414,messages3.html,2024-01-25T13:48:13+00:00,2413,,Analyse H4 :  ⏎ - Forte tendance haussière en cours  ⏎ - Validation d’un drapeau haussier de qualité  ⏎ - Hausse des volumes sur cassure  ⏎ - Cassure d’une zone de résistance sur le RSI avec pullback en cours  ⏎ - Retour sur le dernier plus haut devenu zone de support  ⏎  ⏎ Analyse M30 :  ⏎ - Validation d’une bougie haussière impulsive dans une zone de polarité
2415,messages3.html,2024-01-25T16:45:22+00:00,,breakeven,🎯Point sur les trades en cours :  ⏎ 🟢GBP/CHF en positif  ⏎ 🟢EUR/AUD en positif  ⏎ 🟢USD/CAD en positif  ⏎ 🟢EUR/NZD en positif  ⏎ 🟢GBP/USD en positif  ⏎ 🟢GER30 en positif  ⏎ 🟢Pétrole en positif  ⏎ 🟢TRX/USDT en positif  ⏎ 🟢CHZ/USDT en positif  ⏎ 🟢GAL/USDT en positif  ⏎ 🟢STX/USDT en positif  ⏎ 🟡ETC/USDT au point d’entrée
2417,messages3.html,2024-01-26T14:16:27+00:00,2416,,Analyse H4 :  ⏎ - Divergence RSI validée  ⏎ - Cassure de trendline haussière avec pullback en cours sur le RSI  ⏎  ⏎ Analyse M30 :  ⏎ - Trendline baissière en résistance sur le RSI  ⏎ - Prise de liquidités effectuée sur le haut de la session asiatique du jour  ⏎  ⏎ Analyse M5 :  ⏎ - Divergence RSI validée  ⏎ - Cassure de trendline haussière sur le RSI avec pullback effectué
2418,messages3.html,2024-01-26T14:37:35+00:00,2416,breakeven,✔️Je sécurise ma position sur le Nasdaq et place le SL au point d’entrée
2419,messages3.html,2024-01-26T15:07:36+00:00,2416,breakeven,✅TP1 sur le Nasdaq 🔥 ⏎  ⏎ J’encaisse 50% de la position et place le SL au point d’entrée
2420,messages3.html,2024-01-26T15:43:33+00:00,2419,,✔️Sorti BE sur le Nasdaq
2421,messages3.html,2024-01-26T22:50:40+00:00,,recap,🎯Résumé des trades de la semaine :  ⏎  ⏎ Lundi :  ⏎ 🔴EUR/CHF : SL  ⏎  ⏎ Mardi:  ⏎ 🟢EUR/AUD : Trade en cours en positif ⏎ 🔴Nasdaq : SL ⏎ 🔴Nasdaq : SL  ⏎  ⏎ Mercredi :  ⏎ 🟢CHZ/USDT : Trade en cours en positif  ⏎ 🔴Nasdaq : SL  ⏎ 🟢Pétrole : Trade en cours en positif  ⏎  ⏎ Jeudi :  ⏎ 🟢GER30 : Trade en cours en positif  ⏎  ⏎ Vendredi :  ⏎ 🟢Nasdaq : TP1 ✅ 50% de la position encaissée : +58 points
2423,messages3.html,2024-01-29T16:30:58+00:00,2422,,"Analyse journalière :  ⏎ - Rebond initié sur le niveau 0,618 du retracement de Fibonacci de la dernière vague haussière  ⏎  ⏎ Analyse H2 :  ⏎ - Prise de liquidité sous le dernier plus bas ⏎ - Cassure d’une trendline baissière sur le RSI avec pullback en cours  ⏎ - Retour sur le dernier plus bas de la nouvelle tendance haussière court terme  ⏎ - Validation d’une bougie englobante haussière ⏎ - Cassure d’une trendl"
2425,messages3.html,2024-01-30T15:02:51+00:00,2424,,"Analyse hebdomadaire :  ⏎ - Présence de mèches importantes démontrant un retour des acheteurs  ⏎ - Rebond initié sur le niveau 0,5 du retracement de Fibonnacci de la vague de hausse  ⏎  ⏎ Analyse journalière :  ⏎ - Retour sur le dernier plus bas de la tendance haussière en cours  ⏎  ⏎ Analyse H4 :  ⏎ - Prise de liquidités sous plusieurs bottom  ⏎ - Cassure de la trendline baissière partant des plus hauts ⏎ - Validati"
2427,messages3.html,2024-01-31T14:37:40+00:00,2426,,"Analyse journalière:  ⏎ - Tendance moyen terme haussière  ⏎ - Cassure d’une trendline baissière en cours sur le RSI  ⏎  ⏎ Analyse H4 :  ⏎ - Cassure d’un canal baissier à la hausse avec pullback  ⏎ - Cassure d’une zone de résistance avec pullback ⏎ - Cassure d’une trendline baissière sur le RSI avec pullback en cours  ⏎ - Moyennes mobiles exponentielles 50, 100 et 200 orientées a la hausse"
2429,messages3.html,2024-01-31T16:08:54+00:00,2428,,"Analyse précédente long terme toujours valide +  ⏎  ⏎ Analyse journalière :  ⏎ - Rebond sur une zone de support importante  ⏎ - Zone correspond au niveau 0,618 du retracement de Fibonacci de la dernière vague de hausse  ⏎  ⏎ Analyse H4 :  ⏎ - Validation d’une ÉTÉ inversée avec hausse des volumes sur cassure  ⏎  ⏎ Analyse H1 : ⏎ - Retour sur le dernier plus bas de la potentielle tendance haussière à venir  ⏎ - Moyennes "
2431,messages3.html,2024-02-02T09:58:26+00:00,2430,,Analyse journalière :  ⏎ - Première phase de latéralisation importante au niveau des plus bas avec positionnement des baleines  ⏎ - Suivi d’une phase d’impulsion haussière importante (hausse des volumes ++)  ⏎ - Nouvelle phase de latéralisation (avec baisse croissante des volumes) cassée à la hausse avec une bougie pleine et hausse des volumes  ⏎ - RAS sur le RSI  ⏎  ⏎ + projet important que je garde égalemen
2433,messages3.html,2024-02-02T14:25:17+00:00,2432,,Analyse H4  ⏎ - Tendance haussière en cours  ⏎ - Retour sur le dernier plus bas avec prise de liquidités en-dessous  ⏎  ⏎ Analyse H2 :  ⏎ - Prise de liquidités sous la session asiatique du jour effectuée  ⏎ - Cassure de la trendline baissière partant des plus haut  ⏎ - Cassure d’une trendline baissière sur le RSI  ⏎ - Hausse des volumes sur cassure avec bougie pleine
2434,messages3.html,2024-02-04T11:50:44+00:00,,recap,"🎯Résumé des trades de la semaine :  ⏎  ⏎ Lundi :  ⏎ 🔴SAND/USDT : SL  ⏎  ⏎ Mardi:  ⏎ 🟡GRT/USDT : Trade en cours  ⏎  ⏎ Mercredi :  ⏎ 🟢Gold : TP1 ✅ 20% de la position encaissée, sorti BE   ⏎ 🟢ETC/USDT : Trade en cours en positif  ⏎  ⏎ Jeudi :  ⏎ 👉🏼Pas de trade  ⏎  ⏎ Vendredi :  ⏎ 🟢LINK/USDT : Trade en cours en positif"
2437,messages3.html,2024-02-05T14:25:09+00:00,2436,,Analyse journalière :  ⏎ - Cassure de la trendline baissière partant des plus hauts  ⏎ - Création d’une tendance haussière en cours  ⏎ - Retour sur le dernier plus bas de la tendance haussière en cours avec prise de liquidité (bougie avec mèche)  ⏎ - Hausse des volumes  ⏎  ⏎ Analyse H4 :  ⏎ - Cassure de la trendline partant des plus hauts avec pullback en cours  ⏎ - Cassure du dernier plus haut de la tendance bai
2438,messages3.html,2024-02-06T13:35:58+00:00,2432,,❌SL sur GBP/NZD
2439,messages3.html,2024-02-06T13:36:28+00:00,2391,breakeven,✅TP1 sur TRX/USDT 🔥 ⏎  ⏎ J’encaisse 50% de la position et place le SL au point d’entrée
2441,messages3.html,2024-02-06T13:51:07+00:00,2440,,"Analyse H2 :  ⏎ - Tendance haussière clairement définie  ⏎ - Validation d’un drapeau ascendant avec pullback en cours  ⏎ - Hausse des volumes sur cassure  ⏎ - Zone de pullback correspondant également au niveau 0,618 du retracement de Fibonacci de la dernière vague de hausse  ⏎ - Moyennes mobiles exponentielles 50, 100 et 200 orientées en support dynamique ⏎  ⏎ Analyse M30 :  ⏎ - Cassure de la trendline baissière "
2442,messages3.html,2024-02-07T10:50:20+00:00,,breakeven,🎯Point sur les trades en cours :  ⏎ 🟢GBP/CHF en positif  ⏎ 🟢GBP/AUD en positif  ⏎ 🟢EUR/NZD en positif  ⏎ 🟢GER30 en positif  ⏎ 🟡Pétrole au point d’entrée   ⏎ 🟢TRX/USDT en positif  ⏎ 🟢CHZ/USDT en positif  ⏎ 🟢GAL/USDT en positif  ⏎ 🟢MATIC/USDT en positif  ⏎ 🟢LINK/USDT en positif  ⏎ 🟢STX/USDT en positif  ⏎ 🟢ETC/USDT en positif (trade 1)  ⏎ 🟡ETC/USDT au point d’entrée (trade 2)  ⏎ 🟡GRT/USDT au point d’entrée ⏎ 🔴APT/USDT en négatif
2445,messages3.html,2024-02-07T15:18:23+00:00,2444,breakeven,✔️Je sécurise le trade sur le Nasdaq et place le SL au point d’entrée
2446,messages3.html,2024-02-07T15:28:01+00:00,2444,,✅J’encaisse 50% de la position à l’approche du TP1 sur le Nasdaq
2448,messages3.html,2024-02-09T12:57:37+00:00,2444,closed,✅Je sors 100% de ma position sur le Nasdaq à l’approche du TP2 🔥
2450,messages3.html,2024-02-09T16:22:26+00:00,2449,,Analyse journalière :  ⏎ - Validation d’un double bottom avec retour sur la ligne de cou  ⏎ - Cassure d’une canal baissier  ⏎ - Cassure d’une trendline baissière sur le RSI  ⏎ - Validation d’une divergence RSI  ⏎ - Bougie englobante haussière en cours de validation  ⏎ - Cassure en cours des moyennes mobiles exponentielles 100 et 200
2451,messages3.html,2024-02-11T14:37:25+00:00,,recap,🎯Résumé des trades de la semaine :  ⏎  ⏎ Lundi :  ⏎ 🟢MATIC/USDT : Trade en cours en positif  ⏎  ⏎ Mardi:  ⏎ 🟢GBP/AUD : Trade en cours en positif  ⏎  ⏎ Mercredi :  ⏎ 🟢Nasdaq : TP2 ✅ 100% de la position encaissée  ⏎  ⏎ Jeudi :  ⏎ 👉🏼Pas de trade  ⏎  ⏎ Vendredi :  ⏎ 🟢NZD/CAD : Trade en cours en positif
2454,messages3.html,2024-02-12T14:29:49+00:00,2453,,Analyse hebdomadaire :  ⏎ - Hausse des volumes  ⏎ - Trendline haussière partant des plus bas (mars 2022) en support  ⏎  ⏎ Analyse journalière :  ⏎ - Retour sur la dernier plus bas de la tendance haussière moyen terme  ⏎ - Création d’une structure haussière avec cassure du dernier plus haut de la tendance baissière court terme (bougie pleine sur cassure)  ⏎ - Divergence RSI validée ⏎ - Cassure avec pullback d’une 
2456,messages3.html,2024-02-12T14:50:33+00:00,2455,,Analyse journalière :  ⏎ - Très forte tendance haussière en cours ⏎ - Retour sur le dernier plus bas de la tendance haussière  ⏎ - Création d’un double bottom en cours  ⏎  ⏎ Analyse H3 :  ⏎ - Cassure d’une trendline baissière partant des plus hauts avec pullback ⏎ - Hausse des volumes sur cassure ⏎ - Création d’une structure haussière  ⏎ - Bougie englobante haussière en cours de validation ⏎ - Liquidités à aller cher
2457,messages3.html,2024-02-12T17:22:20+00:00,2455,tp1|breakeven,✅TP1 touché sur ORDI/USDT 🔥 ⏎  ⏎ J’encaisse 50% de la position et place le SL au point d’entrée
2458,messages3.html,2024-02-13T14:19:20+00:00,,tp1,🎯Point sur les trades en cours :  ⏎ 🟢GBP/CHF en positif  ⏎ 🟢GBP/AUD en positif  ⏎ 🟢USD/CHN en positif  ⏎ 🟢EUR/NZD en positif  ⏎ 🟢Pétrole en positif    ⏎ 🟢TRX/USDT en positif  ⏎ 🟢CHZ/USDT en positif  ⏎ 🟢GAL/USDT en positif  ⏎ 🟢MATIC/USDT en positif  ⏎ 🟢LINK/USDT en positif  ⏎ 🟢STX/USDT en positif  ⏎ 🟢ETC/USDT en positif (trade 1)  ⏎ 🟢ETC/USDT en positif (trade 2)  ⏎ 🟢GRT/USDT en positif  ⏎ 🟢ORDI/USDT en positif  ⏎ 🔴APT/USDT en né
2460,messages3.html,2024-02-13T16:08:23+00:00,2459,,Analyse journalière :  ⏎ - Cassure de la trendline baissière partant des plus hauts ⏎ - Validation d’une épaule-tête-épaule  inversée avec 2 retest sur la ligne de cou ⏎ - « Cassure » d’une trendline au niveau des volumes  ⏎ - Cassure en cours d’une trendline baissière pouvant impulser un mouvement important  ⏎ - RAS sur le RSI  ⏎  ⏎ Analyse H4 :  ⏎ - Validation d’une bougie marteau  ⏎ - RAS sur le RSI  ⏎ - Moyenne m
2463,messages3.html,2024-02-15T10:44:00+00:00,2461,,Analyse hebdomadaire :  ⏎ - Validation d’un biseau descendant  ⏎ - Création d’une structure haussière avec cassure du dernier plus haut de la tendance haussière  ⏎ - Hausse des volumes en cours ⏎ - Cassure d’une trendline baissière avec pullback en cours sur le RSI  ⏎  ⏎ Analyse journalière :  ⏎ - Validation d’une épaule-tête-épaule inversée  ⏎ - Création d’une tendance haussière selon la théorie de Dow  ⏎  ⏎ Analyse
2464,messages3.html,2024-02-16T14:34:11+00:00,2424,tp1|breakeven,✅TP1 touché sur GRT/USDT 🔥 ⏎  ⏎ J’encaisse 50% de la position et place le SL au point d’entrée
2467,messages3.html,2024-02-18T18:32:23+00:00,,recap,"🎯Résumé des trades de la semaine :  ⏎  ⏎ Lundi :  ⏎ 🟢USD/CNH : Trade en cours en positif  ⏎ 🟢ORDI/USDT : TP1 ✅ 50% de la position encaissée, trade en cours en positif  ⏎  ⏎ Mardi:  ⏎ 🟢APT/USDT : Trade en cours en positif  ⏎  ⏎ Mercredi :  ⏎ 👉🏼Pas de trade  ⏎  ⏎ Jeudi :  ⏎ 🟢RVN/USDT : Trade en cours en positif ⏎  ⏎ Vendredi :  ⏎ 🔴GBP/USD : Trade en cours en négatif"
2469,messages3.html,2024-02-19T15:23:59+00:00,2424,tp2,✅TP2 touché sur GRT/USDT 📈🥳 ⏎  ⏎ Je conserve personnellement une partie pour du long terme
2471,messages3.html,2024-02-19T15:31:52+00:00,2470,,Analyse hebdomadaire :  ⏎ - Zone support long terme conservée  ⏎ - Création d’une structure haussière avec cassure du précédent plus haut de la tendance baissière  ⏎ - Baisse croissante des volumes (un retour des volumes pourrait faire monter le prix fortement)  ⏎ - Cassure d’une trendline baissière sur le RSI avec pullback en cours  ⏎  ⏎ Analyse journalière :  ⏎ - Cassure d’une « trendline » au niveau des volu
2474,messages3.html,2024-02-21T15:42:58+00:00,2472,,"Analyse précédente toujours valide +  ⏎  ⏎ Analyse H4 :  ⏎ - Retour sur la ligne de cou du double bottom ⏎ - Rebond sur la zone 0,618 du retracement de Fibonacci de la dernière vague de hausse  ⏎ - Bougie englobante en cours de validation ⏎ - Moyenne mobile exponentielle 200 en support  ⏎  ⏎ Analyse H1 :  ⏎ - Divergence RSI en cours  ⏎ - Cassure d’une trendline baissière sur le RSI en cours  ⏎ - Niveau clé (bougie roug"
2476,messages3.html,2024-02-21T19:26:28+00:00,2475,,Analyse hebdomadaire :  ⏎ - Cassure de la trendline baissière partant des plus hauts avec pullback en cours  ⏎ - Cassure du dernier plus haut de la tendance baissière en cours  ⏎  ⏎ Analyse journalière :  ⏎ - Cassure d’une phase de range avec pullback en cours  ⏎ - Validation d’un drapeau haussier sur le RSI avec pullback en cours  ⏎ - Hausse des volumes sur cassure  ⏎ - Cassure d’une « trendline » sur les volume
2477,messages3.html,2024-02-23T09:29:50+00:00,2473,,❌SL sur ORDI/USDT
2478,messages3.html,2024-02-23T09:30:16+00:00,2436,tp1,✅TP1 touché sur MATIC/USDT 🔥
2479,messages3.html,2024-02-23T09:58:04+00:00,,breakeven,🎯Point sur les trades en cours :  ⏎ 🟢GBP/CHF en positif  ⏎ 🟢USD/CHN en positif  ⏎ 🟢NZD/CAD en positif  ⏎ 🔴GBP/USD en négatif ⏎ 🟢Pétrole en positif    ⏎ 🟢TRX/USDT en positif  ⏎ 🟢CHZ/USDT en positif  ⏎ 🟢GAL/USDT en positif  ⏎ 🟢MATIC/USDT en positif (trade 1) ⏎ 🟢MATIC/USDT en positif (trade 2)  ⏎ 🟢LINK/USDT en positif  ⏎ 🟢STX/USDT en positif  ⏎ 🟢ETC/USDT en positif (trade 1)  ⏎ 🟢ETC/USDT en positif (trade 2)  ⏎ 🟢GRT/USDT en posit
2482,messages3.html,2024-02-23T15:55:52+00:00,2480,,"Analyse H4 :  ⏎ - Retour sur le dernier plus bas de la tendance haussière en cours  ⏎ - RAS sur le RSI  ⏎ - Moyenne mobile exponentielle 200 orientée en support dynamique  ⏎ - Cassure en cours de la moyenne mobile exponentielle 100  ⏎  ⏎ Analyse M30 :  ⏎ - Création d’une structure haussière avec présence de plus bas et de plus haut de plus en plus haut  ⏎ - Moyennes mobiles exponentielles 50, 100 et 200 orientées"
2483,messages3.html,2024-02-25T20:54:27+00:00,,recap,🎯Résumé des trades de la semaine :  ⏎  ⏎ Lundi :  ⏎ 🟡FTM/USDT : Trade en cours au point d’entrée  ⏎  ⏎ Mardi:  ⏎ 👉🏼Pas de trade ⏎  ⏎ Mercredi :  ⏎ 🔴ORDI/USDT : SL ⏎ 🟢MATIC/USDT : Trade en cours en positif  ⏎  ⏎ Jeudi :  ⏎ 👉🏼Pas de trade ⏎  ⏎ Vendredi :  ⏎ 🟡GBP/AUD : Trade en cours au point d’entrée
2486,messages3.html,2024-02-26T14:54:46+00:00,2485,,"Analyse précédente toujours valide +  ⏎  ⏎ Analyse H2 :  ⏎ - Tendance haussière en cours  ⏎ - Divergence RSI validée sur le plus bas de la tendance haussière en cours ⏎ - Création d’une structure haussière  ⏎  ⏎ Analyse H1 :  ⏎ - Trendline haussière en support sur le RSI  ⏎ - Rebond impulsif sur le dernier plus bas court terme de la nouvelle tendance haussière  ⏎ - Moyennes mobiles exponentielles 50, 100 et 200 parfa"
2487,messages3.html,2024-02-27T08:58:16+00:00,2485,breakeven,✅TP1 sur FTM/USDT 🔥 ⏎  ⏎ J’encaisse 50% de la position et place le SL au point d’entrée
2489,messages3.html,2024-02-28T11:00:33+00:00,2459,tp1|breakeven,✅TP1 touché sur APT/USDT (trade 2)🚀 ⏎  ⏎ J’encaisse 50% de la position et place le SL au point d’entrée
2490,messages3.html,2024-02-28T11:08:43+00:00,2485,,✅TP2 sur FTM/USDT (trade 2)🔥 ⏎  ⏎ J’encaisse partie importante de ma position et laisse courir le reste
2492,messages3.html,2024-02-28T16:18:03+00:00,2491,,"Analyse journalière :  ⏎ - Tendance haussière clairement définie  ⏎ - Rebond dans la zone 0,618 du retracement de Fibonacci de la dernière vague de hausse  ⏎ - Cassure de trendline haussière partant des plus hauts  ⏎ - Moyennes mobiles exponentielles 50, 100 et 200 orientées en support dynamique  ⏎ - Bougie pleine en cours sur cassure  ⏎  ⏎ Analyse H4 :  ⏎ - Cassure d’une zone de résistance importante  ⏎ - Moyennes"
2494,messages3.html,2024-02-29T14:54:40+00:00,2493,,Analyse H3 :  ⏎ - Rebond haussier sur le dernier plus bas de la potentielle tendance haussière à venir ⏎ - Divergence RSI validée sur les plus bas  ⏎ - Validation d’un biseau descendant  ⏎ - Création d’une structure haussière avec cassure du dernier plus haut de la tendance baissière  ⏎ - Création en cours d’une tendance haussière court terme selon la théorie de Dow  ⏎  ⏎ Analyse M30 :  ⏎ - Rebond important sur l
2495,messages3.html,2024-02-29T17:14:48+00:00,2491,,👉🏼Possibilité de renforcer comme prévu sur le pullback en cours sur EUR/AUD
2497,messages3.html,2024-03-01T14:55:23+00:00,2496,closed,Analyse hebdomadaire :  ⏎ - Double divergence RSI validée  ⏎ - Vague de Wolfe haussière en cours de formation  ⏎  ⏎ Analyse journalière :  ⏎ - Cassure de la trendline baissière partant des plus hauts avec pullback ⏎ - Prise de liquidité sous une phase de latéralisation  ⏎ - Création d’une structure haussière avec cassure du précédent plus haut de la tendance baissière en cours  ⏎ - Zone de support sur le RSI  ⏎ - B
2498,messages3.html,2024-03-01T15:33:40+00:00,2411,breakeven,✅J’encaisse 50% de la position et place le SL au point d’entrée à l’approche du TP1 sur le Pétrole 🔥
2499,messages3.html,2024-03-03T22:22:33+00:00,,recap,🎯Résumé des trades de la semaine :  ⏎  ⏎ Lundi :  ⏎ 🟢FTM/USDT : TP2 ✅ ⏎  ⏎ Mardi:  ⏎ 👉🏼Pas de trade ⏎  ⏎ Mercredi :  ⏎ 🟡EUR/AUD : Trade en cours  ⏎  ⏎ Jeudi :  ⏎ 🟡EUR/USD : Trade en cours  ⏎  ⏎ Vendredi :  ⏎ 🟡CAD/CHF : Trade en cours
2501,messages3.html,2024-03-04T14:12:33+00:00,2500,,"Analyse journalière :  ⏎ - Tendance haussière en cours  ⏎ - Rebond intéressant sur une zone de résistance devenue support  ⏎ - RAS sur le RSI  ⏎  ⏎ Analyse H4 :  ⏎ - Validation d’une figue en tasse avec anse avec pullback de qualité  ⏎ - Cassure d’une trendline baissière sur le RSI avec pullback en cours  ⏎ - Moyennes mobiles exponentielles 50, 100 et 200 orientées à la hausse  ⏎  ⏎ Analyse H1 :  ⏎ - Prise de liquidité"
2502,messages3.html,2024-03-04T23:39:31+00:00,2428,closed,✅TP2 sur ETC/USDT (trade 2) 🔥 ⏎  ⏎ Je sors une partie importante de la position et conserve le reste pour du moyen / long terme
2504,messages3.html,2024-03-05T14:35:03+00:00,2503,,Analyse hebdomadaire :  ⏎ - Cassure de la trendline baissière partant des plus hauts  ⏎ - Cassure avec des volumes d’une phase importante d’accumulation  ⏎ - Création d’une structure haussière avec cassure du précédent plus haut de la tendance baissière long terme  ⏎ - Moyenne mobile exponentielle 50 orientée en support dynamique  ⏎ - Hausse des volumes durant l’accumulation  ⏎  ⏎ Analyse journalière :  ⏎ - Volum
2505,messages3.html,2024-03-05T15:42:04+00:00,,breakeven,🎯Point sur les trades en cours :  ⏎ 🟢GBP/CHF en positif  ⏎ 🟢NZD/CAD en positif ⏎ 🟢GBP/AUD en positif ⏎ 🟢EUR/AUD en positif  ⏎ 🟢EUR/USD en positif  ⏎ 🔴CAD/CHF en négatif  ⏎ 🟡USD/CHN au point d’entrée   ⏎ 🟢Pétrole en positif    ⏎ 🟢TRX/USDT en positif  ⏎ 🟢CHZ/USDT en positif  ⏎ 🟢GAL/USDT en positif  ⏎ 🟢MATIC/USDT en positif (trade 1) ⏎ 🟢MATIC/USDT en positif (trade 2)  ⏎ 🟢LINK/USDT en positif  ⏎ 🟢STX/USDT en positif  ⏎ 🟢ETC/USDT en
2508,messages3.html,2024-03-06T13:41:49+00:00,2507,,"Analyse précédente toujours valable +  ⏎  ⏎ Analyse H4 :  ⏎ - Trendline haussière en support  ⏎ - Retour sur le dernier plus bas de la tendance haussière en cours avec prise de liquidités en-dessous (mèches ++)  ⏎ - Réaction impulsive à la hausse démontrant une prise en main par les acheteurs  ⏎ - Moyennes mobiles exponentielles 50, 100 et 200 orientées en support dynamiques"
2509,messages3.html,2024-03-08T13:52:04+00:00,2493,breakeven|closed,✅TP1 en approche sur EUR/USD 🔥 ⏎  ⏎ Je sors 50% de la position et place le SL au point d’entrée
2511,messages3.html,2024-03-08T14:17:37+00:00,2510,,Analyse H4 :  ⏎ - Validation d’un biseau d’élargissement descendant  ⏎ - Retour sur le dernier plus bas de la potentielle tendance haussière à venir avec prise de liquidités  ⏎ - Moyenne mobile exponentielle 100 en support dynamique (ayant joué le rôle à plusieurs reprises de S/R par le passé)  ⏎ - Rebond dans une zone support sur le RSI  ⏎  ⏎ Analyse H2 :  ⏎ - Prise de liquidités réalisée sous la session asiat
2513,messages3.html,2024-03-08T14:31:21+00:00,2512,,Analyse H1 :  ⏎ - Tendance haussière en cours  ⏎ - Retour sur le dernier plus bas de la tendance haussière avec prise de liquidités ++ ⏎ - Cassure de la trendline baissière partant des plus hauts  ⏎ - Trendline haussière en support sur le RSI  ⏎  ⏎ Analyse M15 :  ⏎ - Cassure d’une trendline baissière court terme avec bougie pleine
2514,messages3.html,2024-03-10T16:11:11+00:00,,recap,🎯Résumé des trades de la semaine :  ⏎  ⏎ Lundi :  ⏎ 🟢GBP/CHF : Trade en cours en positif  ⏎  ⏎ Mardi:  ⏎ 🔴COMP/USDT : Trade en cours en négatif  ⏎ ✅Renfort sur 8 cryptos ⏎  ⏎ Mercredi :  ⏎ 🟢MATIC/USDT : TP1 ✅ Trade en cours  ⏎  ⏎ Jeudi :  ⏎ 👉🏼Pas de trade  ⏎  ⏎ Vendredi :  ⏎ 🟢GBP/NZD : Trade en cours en positif ⏎ 🟢JASMY/USDT : TP1 ✅ Trade en cours
2517,messages3.html,2024-03-11T14:53:18+00:00,2516,,"Analyse précédente long terme toujours valable +  ⏎  ⏎ Analyse H4 :  ⏎ - Forte tendance haussière parfaitement dessinée  ⏎ - Hausse des volumes en cours sur une potentielle nouvelle vague haussière  ⏎ - Trendline haussière partant des plus bas en support  ⏎ - Moyennes mobiles exponentielles 50, 100 et 200 orientées à la hausse  ⏎  ⏎ Analyse H1 :  ⏎ - Cassure d’une trendline baissière partant des plus hauts avec pul"
2519,messages3.html,2024-03-12T14:06:24+00:00,2518,,"Analyse H4 :  ⏎ - Tendance haussière en cours  ⏎ - RAS sur le RSI  ⏎ - Moyennes mobiles exponentielles 50, 100 et 200 orientées à la hausse  ⏎  ⏎ Analyse H2 :  ⏎ - Cassure d’une zone de résistance devenue support avec pullback en cours  ⏎ - Cassure d’une trendline baissière sur le RSI avec pullback de qualité en cours ⏎ - Trendline haussière sur le prix en support démontrant une prise en main par les acheteurs  ⏎ -"
2521,messages3.html,2024-03-14T13:35:11+00:00,2520,,"Analyse précédente toujours valable +  ⏎  ⏎ Analyse H2 :  ⏎ - Trendline haussière partant des plus bas en support  ⏎ - Cassure d’une trendline baissière  avec pullback en cours  ⏎ - Cassure d’une trendline baissière sur le RSI avec pullback effectué ⏎ - Moyennes mobiles 50, 100 et 200 orientées à la hausse"
2522,messages3.html,2024-03-15T14:24:34+00:00,2518,sl_hit,❌Le SL a été touché sur XTZ/USDT
2523,messages3.html,2024-03-15T14:26:08+00:00,2503,,"✔️Je renforce ma position comme prévu sur le pullback sur COMP/USDT 80,31 ⏎ ❌SL identique  ⏎ ✅TP identique  ⏎  ⏎ 👉🏼Analyse précédente toujours valide"
2525,messages3.html,2024-03-15T22:26:44+00:00,,closed,"Analyse H4 :  ⏎ - Rebond sur le niveau 0,618 du retracement de Fibonacci ⏎ - Bougie avec mèche importante clôturée démontrant une prise de liquidités  ⏎  ⏎ Analyse H2 :  ⏎ - Retour sur le dernier plus bas de la tendance haussière en cours  ⏎ - Présence de bougies avec mèches intéressantes  ⏎  ⏎ Analyse M30 :  ⏎ - Divergence RSI validée  ⏎ - Retour sur la ligne de cou de la divergence avec pullback en cours  ⏎ - Cassure"
2526,messages3.html,2024-03-17T00:59:47+00:00,2506,,👉🏼J’allège l’intégralité (à hauteur de 50%) de mes cryptomonnaies suite à la validation d’un setup baissier sur le Crypto Total Market Cap 3
2528,messages3.html,2024-03-17T12:16:09+00:00,2527,,Analyse H4 :  ⏎ - Tendance haussière en cours  ⏎ - Trendline haussière en support avec bougie englobante validée  ⏎ - Moyenne mobile exponentielle 200 en support dynamique  ⏎  ⏎ Analyse H2 :  ⏎ - Divergence RSI en cours de validation  ⏎ - Prise de liquidités sous la Trendline haussière (mèche importante)  ⏎  ⏎ Analyse H1 :  ⏎ - Validation d’un double bottom en cours
2529,messages3.html,2024-03-17T22:58:37+00:00,,recap,"🎯Résumé des trades de la semaine :  ⏎  ⏎ Lundi :  ⏎ 🟢FTM/USDT : TP1 ✅ 50% de la position encaissée, sorti BE  ⏎  ⏎ Mardi:  ⏎ 🔴XTZ/USDT : SL ⏎  ⏎ Mercredi :  ⏎ 👉🏼Pas de trade  ⏎  ⏎ Jeudi :  ⏎ 🟡CAD/CHF : Trade en cours au point d’entrée  ⏎  ⏎ Vendredi :  ⏎ 🟡COMP/USDT : Trade en cours au point d’entrée  ⏎ 🔴GRT/USDT : SL  ⏎  ⏎ Samedi :  ⏎ 👉🏼Pas de trade  ⏎  ⏎ Dimanche :  ⏎ 🟢FLOW/USDT : Trade en cours en positif"
2531,messages3.html,2024-03-18T15:54:59+00:00,2530,,Analyse Hebdomadaire :  ⏎ - Cassure de la trendline baissière partant des plus hauts avec pullback effectué  ⏎ - Cassure d’une autre trendline baissière intéressante avec pullback en cours  ⏎ - Hausse des volumes sur cassure des deux trendlines  ⏎ - Prise de liquidités effectuée sur les plus bas ⏎ - RAS sur le RSI  ⏎  ⏎ Analyse Journalière :  ⏎ - Retour sur le dernier plus bas de la tendance haussière en cours  ⏎ -
2532,messages3.html,2024-03-19T09:14:31+00:00,2526,,👉🏼Je renforce une nouvelle fois l’ensemble de mes cryptomonnaies
2534,messages3.html,2024-03-19T14:38:28+00:00,2533,,Analyse journalière :  ⏎ - Divergence RSI validée  ⏎ - Cassure d’une trendline haussière sur le RSI avec pullback en cours  ⏎  ⏎ Analyse H4 :  ⏎ - Cassure de la trendline haussière partant des plus bas avec pullback en cours  ⏎ - Trendline baissière en résistance sur le RSI  ⏎ - Cassure d’une phase de latéralisation à la baisse  ⏎  ⏎ Analyse H2 :  ⏎ - Cassure du précédent plus bas de la tendance haussière en cours ⏎ - 
2536,messages3.html,2024-03-19T15:50:32+00:00,2535,,Analyse Hebdomadaire :  ⏎ - Cassure de la trendline baissière partant des plus hauts  ⏎ - Épaule-tête-épaule inversée validée  ⏎ - Hausse des volumes sur cassure de la ligne de cou  ⏎  ⏎ Analyse H4 :  ⏎ - Retour sur le dernier plus bas de la tendance haussière en cours  ⏎ - Trendline haussière en support  ⏎ - Moyenne mobile exponentielle 200 en support dynamique
2541,messages3.html,2024-03-20T18:24:43+00:00,2540,,Analyse Hebdomadaire :  ⏎ - Cassure de la trendline baissière partant des plus hauts  ⏎ - Pullback effectué  ⏎ - Cassure par le haut d’une phase de d’accumulation importante avec pullback en cours  ⏎ - Hausse des volumes sur cassure  ⏎ - Cassure en cours de la moyenne mobile exponentielle 100  ⏎  ⏎ Analyse Journalière :  ⏎ - Retour sur le dernier plus bas de la tendance haussière en cours  ⏎ - Moyenne mobile expone
2542,messages3.html,2024-03-21T15:45:04+00:00,2533,,❌SL sur le Nasdaq
2543,messages3.html,2024-03-21T15:45:24+00:00,2500,tp2,✅TP2 touché sur GBP/CHF 🔥
2544,messages3.html,2024-03-21T15:46:06+00:00,2510,tp1|breakeven,✅TP1 touché sur GBP/NZD 🔥 ⏎  ⏎ J’encaisse 50% de la position et place le SL au point d’entrée
2545,messages3.html,2024-03-21T15:46:32+00:00,2520,tp1|breakeven,✅TP1 touché sur CAD/CHF 🔥 ⏎  ⏎ J’encaisse 50% de la position et place le SL au point d’entrée
2547,messages3.html,2024-03-22T15:40:09+00:00,2546,,Analyse journalière :  ⏎ - Tendance haussière en cours  ⏎ - Retour sur le dernier plus bas de la tendance haussière avec prise de liquidités en-dessous (2 bougies avec mèches intéressantes)  ⏎  ⏎ Analyse H4 :  ⏎ - Retour sur le dernier plus bas de la tendance haussière en cours  ⏎ - Divergence RSI validée sur les plus bas  ⏎ - Cassure de la trendline baissière partant des plus hauts avec pullback en cours ⏎ - Cas
2551,messages3.html,2024-03-25T14:17:00+00:00,2550,,"Analyse journalière :  ⏎ - Tendance haussière en cours  ⏎ - Rebond sur le niveau 0,618 du retracement de Fibonacci de la dernière vague de hausse  ⏎ - Bougie englobante haussière sur la zone  ⏎ - Moyennes mobiles exponentielles 50, 100 et 200 orientées à la hausse  ⏎ - RAS sur le RSI ⏎  ⏎ Analyse H4 :  ⏎ - Rebond sur une zone de polarité intéressante avec moyenne mobile exponentielle 200 en support dynamique  ⏎ - R"
2553,messages3.html,2024-03-25T16:00:26+00:00,2552,,"Analyse long terme toujours valide +  ⏎  ⏎ Analyse H4 :  ⏎ - Trendline haussière en support  ⏎ - Cassure d’une trendline baissière partant des plus hauts  ⏎ - Zone de support sur le RSI  ⏎ - Moyennes mobiles exponentielles 50, 100 et 200 orientées en support dynamique  ⏎ - Rebond haussier engagé sur la zone 0,5 du retracement de Fibonacci de la dernière vague de hausse  ⏎ - Bougie haussière pleine validée sur cas"
2555,messages3.html,2024-03-27T14:46:37+00:00,2554,,Analyse précédente toujours valide +  ⏎  ⏎ Analyse H4 :  ⏎ - Tendance haussière en cours bien définie  ⏎ - Retour sur le dernier plus bas de la tendance haussière en cours  ⏎ - Moyenne mobile exponentielle 50 en support dynamique  ⏎  ⏎ Analyse H1 :  ⏎ - Moyenne mobile exponentielle 200 en support dynamique  ⏎ - Bougie englobante haussière validée sur les plus bas récents avec hausse des volumes  ⏎  ⏎ Analyse M30 :  ⏎ - C
2557,messages3.html,2024-03-28T14:57:29+00:00,2556,,"Analyse hebdomadaire :  ⏎ - Cassure à la hausse d’une phase importante d’accumulation  ⏎ - Présence de volume sur la cassure  ⏎ - Pullback en cours de qualité avec mèches intéressante  ⏎ - Trendline baissière partant des plus hauts pouvant accélérer la hausse sur cassure ⏎ - Tendance haussière en cours sur le RSI  ⏎  - Moyennes mobiles 50, 100 et 200 orientées en support dynamique  ⏎  ⏎ Analyse journalière :  ⏎ - P"
2558,messages3.html,2024-03-29T09:25:24+00:00,2554,breakeven,✅TP1 en approche sur le Pétrole 🔥 ⏎  ⏎ J’encaisse 50% de la position et place le SL au point d’entrée
2560,messages3.html,2024-03-29T15:35:43+00:00,2559,,"Analyse précédente toujours valide +  ⏎  ⏎ Analyse M30 :  ⏎ - Tendance haussière en cours  ⏎ - Retour sur le dernier plus bas de la tendance avec prise de liquidités  ⏎ - Prise de liquidités effectuée sous la session asiatique du jour  ⏎ - Hausse des volumes en cours ⏎ - Validation d’un drapeau haussier  ⏎ - Cassure d’une trendline baissière avec pullback sur le RSI  ⏎ - Moyennes mobiles exponentielles 50, 100 et 2"
2561,messages3.html,2024-04-01T16:04:49+00:00,,recap,🎯Résumé des trades de la semaine :  ⏎  ⏎ Lundi :  ⏎ 🔴LRC/USDT : Trade en cours en négatif  ⏎ 🔴GRT/USDT : Trade en cours en négatif  ⏎  ⏎ Mardi:  ⏎ 👉🏼Pas de trade  ⏎  ⏎ Mercredi :  ⏎ 🟢Pétrole : TP1 ✅ Trade en cours sécurisé en positif  ⏎  ⏎ Jeudi :  ⏎ 🟢NKN/USDT : Trade en cours en positif  ⏎  ⏎ Vendredi :  ⏎ 🟢CAD/CHF : Trade en cours en positif
2563,messages3.html,2024-04-02T14:14:26+00:00,2562,,"Analyse journalière :  ⏎ - Cassure de la trendline baissière partant des plus hauts  ⏎ - Validation d’une structure haussière avec présence de plus hauts et plus bas de plus en plus haut ⏎ - Validation d’une phase d’accumulation avec hausse des volumes sur cassure  ⏎ - Moyennes mobiles 50, 100 et 200 orientées à la hausse  ⏎  ⏎ Analyse H4 :  ⏎ - Retour sur le dernier plus bas de la tendance haussière en cours  ⏎ "
2565,messages3.html,2024-04-03T15:12:11+00:00,2564,,Analyse H30 :  ⏎ - Divergence RSI validée  ⏎ - Création d’une structure haussière avec cassure du dernier plus haut de la tendance baissière en cours  ⏎ - Retour sur le dernier plus bas de la potentielle tendance haussière à venir  ⏎ - Cassure d’une trendline baissière avec pullback effectué  ⏎ - Tendance haussière en cours sur le RSI
2567,messages3.html,2024-04-03T16:03:45+00:00,2566,,Analyse précédente long terme toujours valide +  ⏎  ⏎ Analyse M15 :  ⏎ - Création de liquidités effectuée lors du repli baissier  ⏎ - Cassure avec bougies haussières impulsives + hausse des volumes ⏎ - Création d’une tendance haussière en cours  ⏎ - Retour sur le dernier plus bas de la tendance haussière en cours avec réaction haussière impulsive à nouveau + hausse des volumes
2568,messages3.html,2024-04-03T21:16:46+00:00,2566,,❌SL sur NKN/USDT  ⏎  ⏎ Je conserve personnellement pour du long terme en rachetant les baisses
2569,messages3.html,2024-04-04T13:26:41+00:00,2559,,✅TP2 sur CAD/CHF 🔥
2571,messages3.html,2024-04-04T13:46:17+00:00,2570,,"Analyse H4 :  ⏎ - Tendance haussière en cours  ⏎ - Moyennes mobiles exponentielles 50, 100 et 200 orientées à la hausse  ⏎  ⏎ Analyse H2 :  ⏎ - Cassure d’une trendline baissière sur le RSI avec pullback en cours  ⏎  ⏎ Analyse H1 :  ⏎ - Rebond avec validation d’un double bottom sur le niveau 0,618 du retracement de Fibonacci de la dernière vague de hausse  ⏎ - Cassure d’une trendline baissière importante avec pullba"
2574,messages3.html,2024-04-04T13:56:53+00:00,2572,,Analyse Journalière :  ⏎ - Cassure d’une trendline baissière avec pullback en cours  ⏎ - Tendance haussière en cours avec plus haut et plus bas en plus en plus haut  ⏎ - Moyenne mobile exponentielle 200 en support dynamique  ⏎  ⏎ Analyse H4 :  ⏎ - Retour sur le dernier plus bas de la tendance haussière en cours  ⏎ - Trendline haussière partant des plus bas en support  ⏎ - Divergence RSI validée  ⏎ - Prise de liquid
2575,messages3.html,2024-04-04T19:10:27+00:00,2564,breakeven,✅J’encaisse 50% de la position et place le SL au point d’entrée à l’approche du TP1 sur CAKE/USDT 🔥
2576,messages3.html,2024-04-04T19:49:46+00:00,2554,,✅TP2 sur le Pétrole 🔥
2577,messages3.html,2024-04-05T13:44:03+00:00,2470,,"✔️Je renforce ma position sur FTM/USDT 0,7812 ⏎ ❌SL 0,6745  ⏎ ✅TP identiques"
2578,messages3.html,2024-04-05T13:48:00+00:00,2577,,Analyse précédente toujours valide +  ⏎  ⏎ Analyse journalière :  ⏎ - Tendance haussière en cours  ⏎ - Retour sur le dernier plus bas de la tendance haussière en cours  ⏎ - Moyenne mobile exponentielle 50 en support dynamique  ⏎  ⏎ Analyse H4 :  ⏎ - Divergence RSI en cours  ⏎ - RSI en zone de survente  ⏎  ⏎ 👉🏼Possibilité d’attendre la cassure de la trendline baissière sur le RSI en H4 pour rentrer avec plus de confluen
2580,messages3.html,2024-04-06T10:34:13+00:00,2577,breakeven,✔️Je sécurise le trade en place le SL au point d’entrée sur FTM
2581,messages3.html,2024-04-06T10:34:29+00:00,2579,breakeven,✔️Je sécurise le trade en place le SL au point d’entrée sur NKN
2582,messages3.html,2024-04-06T20:47:59+00:00,,recap,"🎯Résumé des trades de la semaine :  ⏎  ⏎ Lundi :  ⏎ 👉🏼Pas de trade  ⏎  ⏎ Mardi:  ⏎ 🔴CEL/USDT : Trade en cours en négatif  ⏎  ⏎ Mercredi :  ⏎ 🟢CAKE/USDT : TP1 ✅ 50% de la position encaissée, sorti BE  ⏎ 🔴NKN/USDT : SL  ⏎  ⏎ Jeudi :  ⏎ 🟢Nasdaq : TP1 ✅ 50% de la position encaissée, sorti BE, +86 points  ⏎ 🟡ATOM/USDT : au point d’entrée  ⏎  ⏎ Vendredi :  ⏎ 🟢FTM/USDT : Trade sécurisé en cours en positif  ⏎ 🟢NKN/USDT : Trade sécurisé en c"
2585,messages3.html,2024-04-08T16:18:58+00:00,2584,,Analyse journalière :  ⏎ - Retour sur le dernier plus bas de la tendance haussière en cours  ⏎ - Moyenne mobile exponentielle 200 en support dynamique  ⏎  ⏎ Analyse H4 :  ⏎ - Création d’une structure haussière avec cassure du dernier plus haut de la tendance baissière court terme  ⏎ - Cassure d’une trendline baissière sur le RSI avec pullback en cours  ⏎ - Bougie englobante haussière validée dans la structure  ⏎ 
2588,messages3.html,2024-04-10T15:17:03+00:00,2586,,✔️Possibilité de renforcer sa position sur NKN/USDT
2589,messages3.html,2024-04-10T16:12:13+00:00,2584,,"❌SL sur GBP/USD  ⏎  ⏎ La hausse de l’inflation, non prévu, aux USA a entraîné une hausse importante du dollar, invalidant le setup"
2591,messages3.html,2024-04-11T15:48:46+00:00,2590,,Analyse H4 :  ⏎ - Tendance haussière en cours  ⏎ - Trendline haussière partant des plus bas en support avec réaction haussière  ⏎ - Cassure à la hausse de la moyenne mobile exponentielle 200  ⏎  ⏎ Analyse H1 :  ⏎ - Divergence RSI validée  ⏎ - Validation d’un double bottom avec bougie pleine sur cassure de la ligne de cou ⏎ - Pullback en cours sur la ligne de cou  ⏎ - Prise de liquidités effectuée sous le bas de la 
2592,messages3.html,2024-04-11T17:05:45+00:00,2590,breakeven,✔️Je sécurise le trade sur le Nasdaq et place le SL au point d’entrée
2593,messages3.html,2024-04-11T19:24:59+00:00,2590,breakeven,✔️TP1 sur le Nasdaq 🔥 ⏎  ⏎ J’encaisse 50% de la position et place le SL au point d’entrée
2596,messages3.html,2024-04-13T19:45:07+00:00,2595,,Analyse journalière :  ⏎ - Tendance haussière en cours  ⏎ - Retour sur le dernier plus bas de la tendance haussière en cours  ⏎ - RSI en zone de survente  ⏎  ⏎ Analyse H4 :  ⏎ - RSI en survente  ⏎  ⏎ Analyse H2 :  ⏎ - RSI en survente  ⏎ - Divergence RSI en cours  ⏎  ⏎ Analyse H1 :  ⏎ - RSI en survente  ⏎ - Divergence RSI en cours  ⏎  ⏎ Analyse M30 :  ⏎ - RSI en survente  ⏎ - Divergence RSI en cours
2597,messages3.html,2024-04-13T21:29:34+00:00,2595,,❌SL sur MATIC/USDT
2599,messages3.html,2024-04-14T13:24:47+00:00,2598,,Analyse journalière :  ⏎ - Tendance haussière en cours  ⏎ - Trendline haussière partant des plus bas en support  ⏎ - Moyenne mobile exponentielle 200 en support dynamique  ⏎  ⏎ Analyse H4 :  ⏎ - Prise de liquidités sous une zone support importe  ⏎ - Prise de liquidités sous la trendline haussière ⏎ - Divergence haussière RSI validée  ⏎ - Cassure d’une trendline baissière sur le RSI  ⏎ - Hausse des volumes importantes
2600,messages3.html,2024-04-15T13:21:53+00:00,,recap,"🎯Résumé des trades de la semaine :  ⏎  ⏎ Lundi :  ⏎ 🔴GBP/USD : SL  ⏎  ⏎ Mardi:  ⏎ 🔴NKN/USDT : SL  ⏎  ⏎ Mercredi :  ⏎ 👉🏼Pas de trade  ⏎  ⏎ Jeudi :  ⏎ 🟢Nasdaq : TP1 ✅ 50% de la position encaissée, sorti BE, +173 points  ⏎  ⏎ Vendredi :  ⏎ 🟢Renfort sur l’ensemble des cryptomonnaies en positif  ⏎  ⏎ Samedi :  ⏎ 🔴MATIC/USDT : SL  ⏎  ⏎ Dimanche :  ⏎ 🟢GRT/USDT : Trade en cours en positif  ⏎ 🟢ANKR/USDT (public) : Trade en cours en positif"
2602,messages3.html,2024-04-15T16:40:15+00:00,2601,,Analyse H2 :  ⏎ - Divergence RSI validée sur les plus bas  ⏎ - Cassure d’une trendline baissière avec pullback sur le RSI  ⏎ - Prise de liquidités sous une zone importante  ⏎  ⏎ Analyse H1 :  ⏎ - Épaule tête épaule validée avec des volumes  ⏎ - Moyenne mobile exponentielle 50 en support dynamique  ⏎  ⏎ Analyse M30 :  ⏎ - Moyenne mobile exponentielle 50 en support dynamique
2603,messages3.html,2024-04-16T16:41:03+00:00,2598,breakeven|closed,✔️Je sors au point d’entrée sur GRT/USDT
2605,messages3.html,2024-04-16T16:44:20+00:00,2594,,👉🏼J’allège une nouvelle fois l’ensemble du portefeuille crypto à hauteur de 30 à 50% avant la FED ⏎  ⏎ 👉🏼Je renforcerais lorsque Bitcoin présentera à nouveau des signaux haussiers
2608,messages3.html,2024-04-17T16:46:50+00:00,2606,breakeven,✔️Je sécurise le trade sur Bitcoin et place le SL au point d’entrée
2609,messages3.html,2024-04-18T13:25:31+00:00,2606,,✔️Sorti BE sur BTC/USDT
2611,messages3.html,2024-04-18T13:39:04+00:00,2610,,Analyse H1 :  ⏎ - Validation d’une épaule-tête-épaule de continuation baissière  ⏎ - Trendline baissière en résistance partant des plus hauts  ⏎ - Moyenne mobile exponentielle 50 en résistance dynamique  ⏎  ⏎ Analyse M30 :  ⏎ - Validation d’une épaule-tête-épaule de continuation baissière  ⏎ - Trendline baissière en résistance partant des plus hauts  ⏎ - Moyenne mobile exponentielle 100 en résistance dynamique  ⏎ -
2612,messages3.html,2024-04-19T06:44:57+00:00,2610,tp1|breakeven,"✅TP1 touché sur MATIC/USDT 🔥 ⏎  ⏎ 50% de la position encaissée, SL au point d’entrée"
2613,messages3.html,2024-04-19T13:07:57+00:00,2612,,✔️Sorti BE sur MATIC/USDT
2615,messages3.html,2024-04-19T13:14:59+00:00,2614,,Analyse M30 :  ⏎ - Tendance baissière en cours ⏎ - Retour sur le dernier plus haut de la tendance baissière en cours  ⏎ - Trendline baissière en résistance  ⏎ - Mouenne mobile exponentielle 100 en résistance dynamique  ⏎  ⏎ Analyse M15 :  ⏎ - Trendline baissière en résistance  ⏎ - Moyenne mobile exponentielle 200 en résistance dynamique  ⏎ - Prise de liquidités effectuée au-dessus de la session asiatique du jour
2616,messages3.html,2024-04-19T15:00:12+00:00,2614,breakeven|closed,✔️Je sors au point d’entrée sur CKB/USDT
2618,messages3.html,2024-04-20T23:17:28+00:00,2617,,Analyse Journalière :  ⏎ - Tendance haussière en cours  ⏎ - Retour sur le dernier plus bas de la tendance haussière  ⏎ - Bougie englobante haussière validée sur les plus bas  ⏎ - Cassure de la trendline haussière partant des plus hauts en cours  ⏎  ⏎ Analyse H4 :  ⏎ - Validation d’une structure haussière avec cassure du précédent plus haut de la tendance baissière en cours  ⏎ - Cassure d’une trendline baissière d
2620,messages3.html,2024-04-22T14:15:23+00:00,,recap,🎯Résumé des trades de la semaine :  ⏎  ⏎ Lundi :  ⏎ 🔴JUP/USDT : SL  ⏎  ⏎ Mardi:  ⏎ 👉🏼Pas de trade  ⏎  ⏎ Mercredi :  ⏎ ⚪️BTC/USDT : Sorti BE ⏎  ⏎ Jeudi :  ⏎ 🟢MATIC/USDT : TP1 ✅ Repris BE  ⏎  ⏎ Vendredi :  ⏎ 🟢CKB/USDT : TP1 ✅ Repris BE (sorti au point d’entrée personnellement) ⏎  ⏎ Samedi :  ⏎ 👉🏼Pas de trade  ⏎  ⏎ Dimanche :  ⏎ 🟢POLYX/USDT : Trade en cours en positif
2622,messages3.html,2024-04-22T14:49:07+00:00,2621,,Analyse hebdomadaire :  ⏎ - Trendline haussière long terme en support  ⏎ - Cassure d’une trendline baissière partant des plus hauts avec pullback à effectué ⏎ - Validation d’un double bottom avec pullback sur la ligne de cou  ⏎ - Moyenne mobile exponentielle 50 en support dynamique  ⏎ - Hausse des volumes sur cassure  ⏎ - Réaction haussière en cours avec présence de mèches  ⏎  ⏎ Analyse journalière :  ⏎ - Retour su
2624,messages3.html,2024-04-22T19:02:55+00:00,2623,,Analyse H2 :  ⏎ - Divergence RSI validée en zone de survente ⏎ - Cassure d’une zone de résistance sur le RSI  ⏎  ⏎ Analyse M30 :  ⏎ - Prise de liquidités effectuée sous la session asiatique du jour  ⏎ - Création d’une structure haussière avec cassure du précédent plus haut de la tendance baissière en cours  ⏎ - Cassure d’une trendline baissière partant des plus hauts  ⏎ - Bougie pleine sur cassure  ⏎ - Cassure de l
2625,messages3.html,2024-04-23T14:53:18+00:00,2623,breakeven,✔️Je sécurise le trade sur le Nasdaq et place le SL au point d’entrée
2626,messages3.html,2024-04-24T08:50:24+00:00,2625,,✅J’encaisse 50% de la position à l’approche du TP1 sur le Nasdaq
2628,messages3.html,2024-04-24T18:43:05+00:00,2627,,Analyse journalière :  ⏎ - Divergence RSI en cours de formation  ⏎  ⏎ Analyse H4 :  ⏎ - Validation d’un double bottom de qualité  ⏎ - Pullback en cours avec réaction haussière  ⏎ - Divergence RSI validée sur les plus bas  ⏎ - Moyenne mobile exponentielle 50 en support dynamique (ayant jouée le rôle de S/R à de nombreuses reprises)  ⏎  ⏎ Analyse M15 :  ⏎ - Liquidités à aller chercher au-dessus de la session asiatique 
2633,messages3.html,2024-04-29T16:12:53+00:00,,recap,🎯Résumé des trades de la semaine :  ⏎  ⏎ Lundi :  ⏎ 🟡LTC/USDT : Trade en cours au point d’entrée   ⏎ 🟢Nasdaq : TP1 ✅ +363 points  ⏎  ⏎ Mardi:  ⏎ 👉🏼Pas de trade  ⏎  ⏎ Mercredi :  ⏎ 🟢NZD/USD : Trade en cours en positif  ⏎  ⏎ Jeudi : ⏎ 🟡MATIC/USDT : Trade en cours au point d’entrée   ⏎  ⏎ Vendredi :  ⏎ 👉🏼Pas de trade  ⏎  ⏎ Samedi :  ⏎ 🟡AAVE/USDT : Trade en cours au point d’entrée
2635,messages3.html,2024-04-30T16:28:18+00:00,2634,closed,Analyse H1 :  ⏎ - Tendance haussière en cours  ⏎ - Retour sur la moyenne mobile exponentielle 100 en support dynamique  ⏎  ⏎ Analyse M30 :  ⏎ - Création de liquidités avec une phase de latéralisation  ⏎ - Sortie baissière pour aller chercher la liquidité afin de potentiellement amorcer un mouvement haussier  ⏎ - Moyenne mobile exponentielle 200 en support dynamique  ⏎ - Trendline baissière sur le RSI pouvant impu
2636,messages3.html,2024-04-30T20:53:32+00:00,2634,,❌SL sur le Nasdaq
2637,messages3.html,2024-04-30T23:41:36+00:00,2605,,👉🏼Je renforce l’ensemble de mes cryptomonnaies avec le montant en attente depuis le 16 avril  ⏎  ⏎ 👉🏼Possibilité d’attendre la cassure de la trendline baissière sur le RSI en journalier sur le Bitcoin pour rentrer avec plus de convergence
2639,messages3.html,2024-05-01T10:31:58+00:00,2638,,"Analyse journalière :  ⏎ - Tendance haussière respectée  ⏎ - Retour sur le niveau 0,618 du retracement de Fibonacci de la dernière vague de hausse ⏎ - Formation d’un biseau descendant en cours  ⏎  ⏎ Analyse H4 :  ⏎ - Divergence RSI en cours en zone de survente ++ ⏎  ⏎ Analyse H1 :  ⏎ - Divergence RSI en cours en zone de survente ++ ⏎  ⏎ 👉🏼Possibilité de rentrer sur la cassure de la trendline baissière sur le RSI en H2 "
2641,messages3.html,2024-05-01T16:16:06+00:00,2640,,Analyse journalière :  ⏎ - Moyenne exponentielle 100 en support dynamique  ⏎  ⏎ Analyse H1 :  ⏎ - Divergence RSI validée en zone de survente ++ ⏎ - Trendline haussière partant des plus bas en support  ⏎  ⏎ Analyse M15 :  ⏎ - Divergence RSI validée ⏎ - Trendline baissière cassée à la hausse avec pullback en cours sur le RSI  ⏎ - Liquidités à aller chercher au-dessus de la session asiatique du jour
2642,messages3.html,2024-05-01T16:18:12+00:00,2640,,❌SL sur le Nasdaq
2646,messages3.html,2024-05-01T19:29:18+00:00,2645,breakeven,✅TP1 sur le Nasdaq 🚀 ⏎  ⏎ J’encaisse 50% de la position et place le SL au point d’entrée
2647,messages3.html,2024-05-01T19:31:09+00:00,2643,breakeven,✅TP1 sur le AUD/CHF 🚀 ⏎  ⏎ J’encaisse 50% de la position et place le SL au point d’entrée
2648,messages3.html,2024-05-01T19:43:34+00:00,2645,,✅TP2 sur le Nasdaq 🥳
2649,messages3.html,2024-05-01T19:43:52+00:00,2643,,✅TP2 sur AUD/CHF 🥳
2651,messages3.html,2024-05-02T12:08:47+00:00,2650,,Analyse H2 :  ⏎ - Divergence RSI validée en survente ++ ⏎ - Cassure d’une trendline baissière sur le RSI  ⏎ - Validation d’une structure haussière avec cassure du précédent plus haut de la tendance baissière en cours  ⏎  ⏎ Analyse M30 :  ⏎ - Cassure de la trendline baissière partant des plus hauts  ⏎ - Moyenne mobile exponentielle 50 en support dynamique
2652,messages3.html,2024-05-03T08:13:19+00:00,2650,breakeven,✅TP1 sur le POLYX/USDT 🚀 ⏎  ⏎ J’encaisse 50% de la position et place le SL au point d’entrée
2653,messages3.html,2024-05-04T15:50:55+00:00,2652,closed,✅Je sors 100% du trade à l’approche du TP2 sur POLYX/USDT 🔥
2654,messages3.html,2024-05-05T22:10:50+00:00,,recap,🎯Résumé des trades de la semaine :  ⏎  ⏎ Lundi :  ⏎ 👉🏼Pas de trade  ⏎  ⏎ Mardi:  ⏎ 🔴Nasdaq : SL  ⏎  ⏎ Mercredi :  ⏎ 🟢Renfort positions sur les Altcoins long terme  ⏎ 🟢ETH/USDT : Trade en cours en positif  ⏎ 🟢Nasdaq : TP2 ✅ +200 points  ⏎ 🟢AUD/CHF : TP2 ✅ ⏎  ⏎ Jeudi : ⏎ 🟢POLYX/USDT : TP2 ✅ ⏎  ⏎ Vendredi :  ⏎ 👉🏼Pas de trade
2657,messages3.html,2024-05-06T09:50:06+00:00,2656,,"Analyse journalière :  ⏎ - Tendance haussière en cours  ⏎ - Hausse des volumes  ⏎  ⏎ Analyse H3 :  ⏎ - Validation d’un biseau descendant avec bougie pleine sur cassure  ⏎ - Cassure à la hausse de la moyenne mobile exponentielle 200  ⏎ - Cassure d’une trendline baissière sur le RSI  ⏎ - Rebond sur le niveau 0,5 du retracement de Fibonacci de la dernière vague haussière"
2659,messages3.html,2024-05-07T09:20:16+00:00,2658,,"Analyse journalière :  ⏎ - Rebond sur la Trendline haussière partant des plus bas  ⏎ - Cassure de la trendline baissière sur le RSI partant des plus hauts  ⏎ - Formation en cours d’un drapeau haussier  ⏎  ⏎ Analyse H2 :  ⏎ - Cassure de la trendline baissière partant des plus hauts  ⏎ - Rebond en cours sur le dernier plus bas de la potentielle tendance haussière à venir  ⏎ - Moyennes mobiles exponentielles 50, 100"
2661,messages3.html,2024-05-07T09:29:17+00:00,2660,,Analyse journalière :  ⏎ - Formation d’un biseau descendant en cours  ⏎ - Cassure de la trendline baissière sur le RSI partant des plus hauts  ⏎ - Moyenne mobile exponentielle 100 en support dynamique  ⏎  ⏎ Analyse H4 :  ⏎ - Validation d’un triangle ascendant  ⏎ - Moyenne mobile exponentielle 50 en support dynamique  ⏎ - Potentielle cassure à venir de la trendline baissière pouvant amener de la volatilité
2664,messages3.html,2024-05-08T12:05:26+00:00,2662,,Analyse hebdomadaire :  ⏎ - Pullback en cours sur une trendline baissière importante partant des plus hauts sur le RSI  ⏎ - Hausse des volumes en cours  ⏎  ⏎ Analyse journalière :  ⏎ - Validation d’un double bottom avec pulback en cours sur la ligne de cou  ⏎ - Prise de liquidités réalisée dans une zone importante de liquidités  ⏎ - Cassure d’une trendline baissière sur le RSI  ⏎ - Validation d’une divergence sur
2667,messages3.html,2024-05-09T09:33:10+00:00,2666,,Analyse hebdomadaire :  ⏎ - Trendline haussière en support sur le RSI  ⏎ - Tendance haussière en cours  ⏎  ⏎ Analyse journalière :  ⏎ - Formation d’une structure de continuation haussière en cours (drapeau haussier)  ⏎ - Moyenne mobile exponentielle 100 en support dynamique (ayant joué le rôle de support et résistance par le passé)  ⏎ - Cassure d’une trendline baissière sur le RSI avec pullback en cours  ⏎ - Vagu
2669,messages3.html,2024-05-09T20:36:27+00:00,,breakeven,🎯Point sur les trades en cours :  ⏎ 🟢GBP/CHF en positif  ⏎ 🟢CAD/CHF en positif  ⏎ 🟢USD/CHN en positif  ⏎ 🟢Gold en positif  ⏎ 🟢Pétrole en positif    ⏎ 🟢BTC/USDT en positif  ⏎ 🟢ETH/USDT en positif  ⏎ 🟢CHZ/USDT en positif  ⏎ 🟢STX/USDT en positif  ⏎ 🟢ETC/USDT en positif ⏎ 🟢RVN/USDT en positif  ⏎ 🟢FTM/USDT en positif ⏎ 🟢ATOM/USDT en positif  ⏎ 🟡LTC/USDT au point d’entrée  ⏎ 🟡AAVE/USDT au point d’entrée  ⏎ 🔴SUSHI/USDT en négatif   ⏎ 🔴CO
2670,messages3.html,2024-05-10T08:33:27+00:00,2656,,✔️Je sécurise le trade sur le Gold
2671,messages3.html,2024-05-10T13:20:22+00:00,2670,,✅J’encaisse 50% de la position sur le Gold à l’approche du TP1
2672,messages3.html,2024-05-13T13:36:56+00:00,,recap,"🎯Résumé des trades de la semaine :  ⏎  ⏎ Lundi :  ⏎ 🟢Gold : TP1 ✅ 50% de la position encaissée, trade sécurisé en cours  ⏎  ⏎ Mardi:  ⏎ 🔴BTC/USDT : SL  ⏎ 🔴POLYX/USDT : SL  ⏎  ⏎ Mercredi :  ⏎ 🟡ATOM/USDT : Trade en cours  ⏎  ⏎ Jeudi : ⏎ 🟢BTC/USDT : Trade en cours en positif  ⏎ 🟢Renfort cryptomonnaies long terme  ⏎  ⏎ Vendredi :  ⏎ 👉🏼Pas de trade"
2674,messages3.html,2024-05-13T15:46:52+00:00,2673,,Analyse journalière :  ⏎ - Rebond important sur une trendline haussière partant bas  ⏎ - Cassure de la trendline baissière partant des plus bas avec pullback  ⏎  ⏎ Analyse H4 :  ⏎ - Création d’une structure haussière avec cassure du précédent plus bas de la tendance baissière en cours  ⏎ - Rebond sur le dernier plus bas de la  nouvelle tendance haussière à venir avec bougie présentant une mèche (= prise de li
2677,messages3.html,2024-05-15T12:32:13+00:00,2675,closed,"✔️Je sors une partie du Bitcoin en léger gain avant les chiffres sur l’inflation américaine à 14h30, ça pourrait bouger très fort. N’hésitez pas à sécuriser vos positions 💰"
2678,messages3.html,2024-05-15T17:35:52+00:00,2673,breakeven,✔️Je sécurise le trade sur GBP/USD et place le SL au point d’entrée
2680,messages3.html,2024-05-16T13:57:23+00:00,2679,,"Analyse journalière :  ⏎ - Biseau descendant validé avec pullback réalisé  ⏎ - Moyenne mobile exponentielle 100 en support (ayant parfaitement réagit par le passé)  ⏎ - Cassure d’une trendline baissière sur le RSI  ⏎ - Rebond initié sur la zone clé des 0,618 du retracement de Fibonacci de la dernière vague de hausse  ⏎  ⏎ Analyse H4 :  ⏎ - Pullback en cours sur une zone de support  ⏎ - Pullback en cours sur la mo"
2681,messages3.html,2024-05-17T13:47:40+00:00,,breakeven,🎯Point sur les trades en cours :  ⏎ 🟢GBP/CHF en positif  ⏎ 🟢CAD/CHF en positif  ⏎ 🟢USD/CHN en positif  ⏎ 🟢GBP/USD en positif  ⏎ 🟢Gold en positif  ⏎ 🟢Pétrole en positif    ⏎ 🟢BTC/USDT en positif  ⏎ 🟢ETH/USDT en positif  ⏎ 🟢CHZ/USDT en positif  ⏎ 🟢STX/USDT en positif  ⏎ 🟢ETC/USDT en positif ⏎ 🟢RVN/USDT en positif  ⏎ 🟢FTM/USDT en positif ⏎ 🟢POLYX/USDT en positif  ⏎ 🟡LTC/USDT au point d’entrée  ⏎ 🟡AAVE/USDT au point d’entrée  ⏎ 🔴SUSHI
2683,messages3.html,2024-05-17T14:13:36+00:00,2682,,Analyse hebdomadaire :  ⏎ - Cassure de la trendline baissière long terme partant des plus hauts avec pullback en cours  ⏎  ⏎ Analyse journalière :  ⏎ - Prise de liquidités sous une zone de demande importante  ⏎ - Cassure d’une trendline baissière sur le RSI  ⏎ - Divergence RSI validée  ⏎ - Double bottom validé  ⏎  ⏎ Analyse H4 :  ⏎ - Double bottom validé ⏎ - Impulsion cours d’une nouvelle vague haussière pouvant débute
2687,messages3.html,2024-05-20T09:15:59+00:00,2685,,Analyse hebdomadaire :  ⏎ - Forte tendance haussière en cours  ⏎ - Bougies avec mèches démontrant une reprise en main par les acheteurs  ⏎ - Moyenne mobile exponentielle 50 parfaitement orientée à la hausse  ⏎  ⏎ Analyse journalière :  ⏎ - Tendance haussière en cours ⏎ - Trendline haussière en support ⏎ - Moyennes mobiles exponentielles 100 et 200 orientées en support dynamique  ⏎ - Cassure d’une trendline baissièr
2688,messages3.html,2024-05-20T19:52:59+00:00,2668,,"✅J’espère que vous avez pu recharger au maximum de votre côté, ça repart bien sur la plupart des altcoins 🚀"
2692,messages3.html,2024-05-22T15:02:24+00:00,2691,,"Analyse hebdomadaire : ⏎ - Double divergence RSI validée  ⏎ - Cassure de la moyenne mobile exponentielle 50 avec pullback réalisé  ⏎ - Vague de Wolfe haussière en cours  ⏎  ⏎ Analyse journalière :  ⏎ - Cassure de la trendline baissière partant des plus hauts ⏎ - Création d’une structure en accumulation manipulation distribution  ⏎ - Moyennes mobiles exponentielles 50, 100 et 200 parfaitement orientées à la hausse"
2694,messages3.html,2024-05-22T20:32:53+00:00,2693,,Analyse précédente toujours valide +  ⏎  ⏎ Analyse H4 :  ⏎ - Moyenne mobile exponentielle 50 en support dynamique  ⏎ - Zone support  ⏎  ⏎ Analyse M15 :  ⏎ - Cassure de la trendline partant des plus hauts avec pullback en cours  ⏎ - Divergence RSI validée  ⏎ - Création d’une structure haussière avec cassure du dernier plus haut de la tendance baissière en cours  ⏎ - Tendance haussière en cours sur le RSI
2695,messages3.html,2024-05-23T14:07:20+00:00,2693,,❌SL sur POLYX/USDT
2696,messages3.html,2024-05-23T14:07:58+00:00,2673,,✅J’encaisse 50% de la position sur GBP/USD à l’approche du TP1 🔥
2698,messages3.html,2024-05-24T10:06:26+00:00,2697,,Analyse hebdomadaire :  ⏎ - Structure haussière validée avec la cassure du dernier plus haut de la tendance baissière long terme + la création d’un nouveau plus haut  ⏎ - Moyenne mobile exponentielle 100 parfaitement orientée en support dynamique  ⏎ - Tendance haussière sur le RSI  ⏎ - Hausse des volumes sur cassure du précédent plus haut  ⏎  ⏎ Analyse journalière :  ⏎ - Validation d’un rounding bottom  ⏎ - Cassu
2700,messages3.html,2024-05-26T15:38:57+00:00,2699,,Analyse précédente toujours valide +  ⏎  ⏎ Analyse H4 :  ⏎ - Tendance haussière en cours  ⏎ - RAS sur le RSI  ⏎  ⏎ Analyse H2 :  ⏎ - Validation d’une épaule tête épaule inversée de continuation haussière avec hausse des volumes sur cassure ⏎ - Pullback en cours sur le ligne de cou  ⏎  ⏎ Analyse M15 :  ⏎ - Moyenne mobile exponentielle 200 en support dynamique (ayant parfaitement jouée le rôle de S/R par le passé)
2701,messages3.html,2024-05-27T12:45:45+00:00,,recap,🎯Résumé des trades de la semaine :  ⏎  ⏎ Lundi :  ⏎ 🟢GRT/USDT : Trade en cours en positif  ⏎  ⏎ Mardi:  ⏎ 👉🏼Pas de trade ⏎  ⏎ Mercredi :  ⏎ 🟢CAD/CHF : Trade en cours en positif  ⏎ 🔴POLYX/USDT : SL ⏎  ⏎ Jeudi : ⏎ 👉🏼Pas de trade ⏎  ⏎ Vendredi :  ⏎ 🟢TRU/USDT : Trade en cours en positif  ⏎  ⏎ Dimanche :  ⏎ 🟡POLYX/USDT : Trade en cours en négatif
2703,messages3.html,2024-05-27T15:23:04+00:00,2702,,Analyse journalière :  ⏎ - Rebond haussier impulsif sur le dernier plus bas de la tendance haussière en cours  ⏎ - Cassure de la « trendline baissière » en cours sur les volumes  ⏎ - Cassure de la trendline baissière sur le RSI avec pullback effectué ⏎  ⏎ Analyse H4 :  ⏎ - Structure haussière en formation  ⏎ - Validation d’un biseau descendant  ⏎ - Cassure d’une zone de résistance majeure avec pullback en cours  ⏎ 
2704,messages3.html,2024-05-27T18:04:31+00:00,,breakeven,🎯Point sur les trades en cours :  ⏎ 🟢GBP/CHF en positif  ⏎ 🟢CAD/CHF en positif (trade 1) ⏎ 🟢CAD/CHF en positif (trade 2) ⏎ 🟢GBP/USD en positif  ⏎ 🟢Gold en positif  ⏎ 🟢BTC/USDT en positif  ⏎ 🟢ETH/USDT en positif  ⏎ 🟢CHZ/USDT en positif  ⏎ 🟢STX/USDT en positif  ⏎ 🟢ETC/USDT en positif ⏎ 🟢RVN/USDT en positif  ⏎ 🟢FTM/USDT en positif ⏎ 🟢GRT/USDT en positif ⏎ 🟢DOGE/USDT en positif  ⏎ 🟢POLYX/USDT en positif (trade 1) ⏎ 🟢LTC/USDT en posi
2706,messages3.html,2024-05-28T16:01:26+00:00,2705,,"Analyse M15 :  ⏎ - Impulsion d’une tendance haussière avec plus bas et plus hauts de plus en plus haut  ⏎ - Réaction haussière sur le plus bas de la session asiatique du jour (bougies avec mèches)  ⏎ - Cassure de la trendline baissière partant des plus hauts ⏎ - Cassure de la trendline baissière partant des plus hauts sur le RSI  ⏎ - Moyennes mobiles exponentielles 50, 100 et 200 parfaitement orientées en s"
2707,messages3.html,2024-05-28T16:53:33+00:00,2705,breakeven,✔️Je sécurise le trade sur le Gold et place le SL au point d’entrée
2708,messages3.html,2024-05-28T19:34:45+00:00,2707,breakeven,✔️Sorti au point d’entrée sur le Gold
2709,messages3.html,2024-05-29T13:52:52+00:00,2697,breakeven,✅J’encaisse 50% de la position à l’approche du TP1 sur TRU/USDT et place le SL au point d’entrée 🔥
2710,messages3.html,2024-05-29T13:53:25+00:00,2699,sl_hit,❌SL touché sur POLYX/USDT
2711,messages3.html,2024-05-29T13:54:05+00:00,2673,tp1,✅TP1 touché sur GBP/USD 🔥
2713,messages3.html,2024-05-29T15:25:45+00:00,2712,,Analyse journalière :  ⏎ - Divergence RSI validée  ⏎ - Rebond réalisé sur une zone de support sur le RSI  ⏎ - Prise de liquidités effectuée sous le dernier plus bas de la tendance haussière journalière  ⏎  ⏎ Analyse H4 :  ⏎ - Cassure de la trendline baissière partant des plus hauts  ⏎ - Double pullback sur la trendline démontrant une fiabilité de celle-ci  ⏎ - Création d’une tendance haussière selon la théorie de
2715,messages3.html,2024-05-30T13:48:06+00:00,2714,,Analyse hebdomadaire :  ⏎ - Tendance haussière en cours  ⏎ - Retour sur le dernier plus bas de la tendance haussière  ⏎  ⏎ Analyse journalière :  ⏎ - Moyenne mobile exponentielle 200 en support dynamique  ⏎ - Cassure de la phase de latéralisation court terme à la hausse avec réintégration (= probabilité de repartir à la hausse)  ⏎ - Divergence RSI validée  ⏎ - Cassure de la trendline baissière partant des plus ha
2717,messages3.html,2024-05-30T16:01:47+00:00,2716,,Analyse journalière :  ⏎ - Zone de résistance importante  ⏎  ⏎ Analyse H4 :  ⏎ - Cassure d’une trendline haussière avec pullback réalisé sur le RSI  ⏎  ⏎ Analyse M30 :  ⏎ - Validation d’un biseau ascendant d’essoufflement  ⏎ - Validation d’une épaule-tête-épaule avec pullback en cours sur la ligne de cou  ⏎ - Moyenne mobile exponentielle 200 orientée en résistance dynamique (ayant joué le rôle de S/R à plusieurs re
2720,messages3.html,2024-06-02T14:31:36+00:00,2719,,Analyse précédente moyen/long terme toujours valide +  ⏎  ⏎ Analyse M30 :  ⏎ - Impulsion haussière importante entamée le 23 mai avec un retracement en cours permettant l’injection de liquidités  ⏎ - Cassure d’un canal baissier avec pullback en cours sur la trendline supérieure  ⏎ - Cassure du dernier plus haut de la tendance baissière en cours  ⏎ - Retour sur une zone de support intéressante avec réaction hau
2721,messages3.html,2024-06-03T13:00:11+00:00,,recap,"🎯Résumé des trades de la semaine :  ⏎  ⏎ Lundi :  ⏎ 🟡DOGE/USDT : Trade en cours en négatif (setup toujours actif, possibilité de renforcer)  ⏎  ⏎ Mardi:  ⏎ 🟡Gold : Trade repris BE  ⏎  ⏎ Mercredi :  ⏎ 🟢ROSE/USDT  : Trade en cours en positif  ⏎  ⏎ Jeudi : ⏎ 🟡AVAX/USDT : Trade en cours en négatif (setup toujours actif, possibilité de renforcer)  ⏎ 🔴NZD/CAD : SL  ⏎  ⏎ Vendredi :  ⏎ 👉🏼Pas de trade  ⏎  ⏎ Dimanche :  ⏎ 🟢POLYX/USDT : Trade en"
2722,messages3.html,2024-06-04T12:31:24+00:00,2719,tp1|breakeven,✅TP1 touché sur POLYX/USDT 🔥 ⏎  ⏎ J’encaisse 50% de la position et place le SL au point d’entrée
2724,messages3.html,2024-06-04T15:03:56+00:00,2723,closed,Analyse journalière :  ⏎ - Tendance haussière long terme  ⏎ - Moyenne mobile exponentielle 100 en support dynamique  ⏎  ⏎ Analyse H2 :  ⏎ - Cassure d’une trendline baissière sur le RSI  ⏎ - Cassure en cours de la moyenne mobile exponentielle 50  ⏎  ⏎ Analyse M15 :  ⏎ - Phase d’accumulation cassée à la hausse sur les plus bas  ⏎ - Cassure d’une trendline baissière sur le RSI avec pullback réalisé  ⏎ - Prise de liquidité
2725,messages3.html,2024-06-04T17:05:07+00:00,2723,,👉🏼Possibilité de renforcer sa position sur le pullback en cours de la trendline baissière M5/M15
2726,messages3.html,2024-06-04T19:12:59+00:00,2723,breakeven,✔️Je sécurise le trade sur le Dow Jones et place le SL au point d’entrée
2727,messages3.html,2024-06-04T19:41:22+00:00,2723,,✅J’encaisse 50% de la position à l’approche du TP1 🔥
2729,messages3.html,2024-06-05T13:43:41+00:00,2728,,"Analyse mensuelle :  ⏎ - Double bottom validé avec pullback  ⏎  ⏎ Analyse hebdomadaire :  ⏎ - Tendance haussière en cours  ⏎ - Moyennes mobiles exponentielles 50, 100 et 200 orientées sous le prix  ⏎ - Cassure de la trendline baissière long terme partant des plus hauts sur le RSI  ⏎  ⏎ Analyse journalière :  ⏎ - Rebond impulsé sur la trendline haussière partant des plus bas (= acheteurs bien présents)  ⏎ - Cassure de"
2731,messages3.html,2024-06-07T12:43:56+00:00,2730,,"Analyse précédente toujours valide +  ⏎  ⏎ Analyse H1 :  ⏎ - Tendance haussière court terme en cours  ⏎ - Moyennes mobiles exponentielles 50, 100 et 200 orientées à la hausse ⏎ - Cassure d’une zone majeure de résistance avec pullback en cours ⏎ - Cassure d’une trendline baissière sur le RSI  ⏎  ⏎ Analyse M30 :  ⏎ - Réaction haussière impulsive en cours sur la zone de support"
2732,messages3.html,2024-06-07T15:59:53+00:00,2730,tp1|breakeven,"✅TP1 touché sur POLYX/USDT, j’encaisse 50% de la position et place le SL au point d’entrée🔥 (trade du jour)"
2733,messages3.html,2024-06-07T16:00:53+00:00,2719,,"✅J’encaisse 100% du trade sur Polyx de dimanche dernier et laisse courir ma position long terme, ainsi que le trade du jour 🔥"
2735,messages3.html,2024-06-09T13:08:24+00:00,,recap,"🎯Résumé des trades de la semaine :  ⏎  ⏎ Lundi :  ⏎ 👉🏼Pas de trade  ⏎  ⏎ Mardi:  ⏎ 🟢Dow Jones : TP1 ✅ 50% de la position encaissée, trade sécurisé en cours  ⏎  ⏎ Mercredi :  ⏎ 🟡FTM/USDT : Trade en cours en négatif  ⏎  ⏎ Jeudi : ⏎ 👉🏼Pas de trade  ⏎  ⏎ Vendredi :  ⏎ 🟢POLYX/USDT : TP1 ✅ 50% de la position encaissée, trade repris BE"
2740,messages3.html,2024-06-11T15:13:35+00:00,2739,,"Analyse journalière :  ⏎ - Cassure de la trendline baissière partant des plus hauts  ⏎ - Cassure de la trendline baissière partant des plus hauts sur le RSI  ⏎  ⏎ Analyse H4 :  ⏎ - Cassure de la trendline baissière partant des plus hauts avec bougie pleine sur cassure ⏎ - Validation d’une épaule-tête-épaule de continuation haussière avec pullback effectué  ⏎ - Moyennes mobiles exponentielles 50, 100 et 200 orie"
2741,messages3.html,2024-06-12T14:15:24+00:00,2739,,❌SL sur GBP/AUD
2742,messages3.html,2024-06-12T14:15:51+00:00,2673,closed,✅Je sors 100% de la position sur GBP/USD à l’approche du TP2 🔥
2746,messages3.html,2024-06-13T17:15:20+00:00,2745,,"Analyse précédente toujours valide +  ⏎  ⏎ Analyse journalière :  ⏎ - Biseau descendant validé avec pullback réalisé  ⏎ - Moyenne mobile exponentielle 100 en support (ayant parfaitement réagit par le passé)  ⏎ - Cassure d’une trendline baissière sur le RSI  ⏎ - Rebond initié sur la zone clé des 0,618 du retracement de Fibonacci de la dernière vague de hausse  ⏎  ⏎ Analyse H4 :  ⏎ - Trendline haussière partant des p"
2748,messages3.html,2024-06-14T16:32:24+00:00,2747,,Analyse précédente moyen/long terme toujours valide +  ⏎  ⏎ Analyse H4 :  ⏎ - Retour sur la trendline haussière jouant un rôle de support important  ⏎ - Moyenne mobile exponentielle 200 en support dynamique (ayant joué le rôle de S/R à de nombreuses reprises)  ⏎  ⏎ Analyse M30/M15/M5 :  ⏎ - RSI survente ++
2750,messages3.html,2024-06-14T17:49:42+00:00,2749,,
2752,messages3.html,2024-06-17T13:23:15+00:00,2751,,Analyse hebdomadaire :  ⏎ - Cassure d’une trendline haussière majeure sur le RSI  ⏎ - Création d’une structure baissière sur le RSI avec cassure du dernier plus bas de la tendance haussière en cours  ⏎  ⏎ Analyse journalière :  ⏎ - Zone de résistance majeure (correspondant au milieu du range actuelle du Bitcoin cassé à la baisse avec pullback en cours)  ⏎ - Moyenne mobile exponentielle 50 parfaitement orienté
2753,messages3.html,2024-06-17T17:24:31+00:00,2749,,✅J’espère que vous avez suivi ce mouvement de votre côté 🙌🏼
2754,messages3.html,2024-06-17T20:09:27+00:00,2751,,✔️Je renforce ma position baissière sur le Bitcoin 66 800
2755,messages3.html,2024-06-18T12:33:38+00:00,2751,breakeven,✔️Je sécurise le trade sur le Bitcoin et place le SL au point d’entrée
2756,messages3.html,2024-06-18T16:04:08+00:00,2751,,✅J’encaisse 20% de ma position à l’approche du TP1 sur Bitcoin 🔥
2758,messages3.html,2024-06-19T13:34:56+00:00,2757,closed,Analyse hebdomadaire :  ⏎ - Divergence RSI de qualité validée  ⏎ - Prise de liquidités réalisée sur les plus hauts historiques  ⏎  ⏎ Analyse journalière :  ⏎ - Réintégration d’un triangle ascendant avec pullback effectué sur le zone de résistance  ⏎ - Moyenne mobile exponentielle 50 en résistance dynamique (ayant jouée le rôle de support à de nombreuses reprises)? ⏎ - Cassure d’une zone support sur le RSI  ⏎  ⏎ Ana
2761,messages3.html,2024-06-23T21:29:32+00:00,,recap,"🎯Résumé des trades de la semaine :  ⏎  ⏎ Lundi :  ⏎ 🟢BTC/USDT : TP1 ✅ 20% de la position encaissée, trade sécurisé en cours  ⏎ 🟢Renfort BTC/USDT : TP1 ✅ 20% de la position encaissée, trade sécurisé en cours  ⏎  ⏎ Mardi:  ⏎ 👉🏼Pas de trade  ⏎  ⏎ Mercredi :  ⏎ 🟢BNB/USDT : Trade en cours en positif  ⏎  ⏎ Jeudi : ⏎ 👉🏼Pas de trade  ⏎  ⏎ Vendredi :  ⏎ 🟢FTM/USDT : Trade en cours en positif"
2762,messages3.html,2024-06-24T10:55:10+00:00,2757,tp1|breakeven,"✅TP1 touché, j’encaisse 50% de la position et place le SL au point d’entrée 🔥"
2763,messages3.html,2024-06-24T10:55:38+00:00,2751,tp3,"✅TP3 touché, j’encaisse 100% de la position 🔥🥳"
2765,messages3.html,2024-06-24T14:21:40+00:00,2764,,"Analyse journalière :  ⏎ - Bougie englobante baissière validée  ⏎ - RSI en surachat  ⏎  ⏎ Analyse H1 :  ⏎ - Moyenne mobile exponentielle 100 en résistance dynamique (ayant joué le rôle de S/R à plusieurs reprises)  ⏎  ⏎ Analyse M30 :  ⏎ - Validation d’un triangle descendant avec bougie pleine sur cassure  ⏎ - Validation d’un biseau ascendant de continuation baissière sur le RSI  ⏎ - Moyennes mobiles 50, 100 et 200 or"
2766,messages3.html,2024-06-24T15:49:47+00:00,2764,breakeven,✔️Je sécurise ma position sur le Nasdaq et place le SL au point d’entrée et encaisse 50% à l’approche du TP1
2767,messages3.html,2024-06-25T14:09:17+00:00,2749,,🟢Je renforce à nouveaux mes positions long terme en cryptomonnaie.📈 ⏎  ⏎ 👉🏼BTC/USDT sur une zone de demande majeure  ⏎  ⏎ 👉🏼BTC Dominance : Trendline baissière mensuelle en résistance pouvant laisser envisager une accélération du côté des Altcoins dans les prochaines semaines  ⏎  ⏎ 👉🏼ETH/BTC : Cassure de la trendline baissière hebdomadaire pouvant enclencher également une accélération sur les Altcoins  ⏎  ⏎ 👉🏼Tot
2768,messages3.html,2024-06-25T14:09:17+00:00,2749,,
2769,messages3.html,2024-06-25T14:09:17+00:00,2749,,
2771,messages3.html,2024-06-25T15:16:02+00:00,2770,,Analyse H4 :  ⏎ - Divergence RSI validée  ⏎ - Double bottom de qualité validé avec hausse des volumes sur cassure  ⏎ - Prise de liquidités effectuée à la baisse avec mèche importante  ⏎  ⏎ Analyse H1 :  ⏎ - Cassure de la trendline baissière partant des plus hauts  ⏎ - Moyenne mobile exponentielle 100 orientée en support dynamique  ⏎ - Pullback effectué
2773,messages3.html,2024-06-27T09:26:04+00:00,2772,closed,Analyse journalière :  ⏎ - Tendance haussière long terme  ⏎ - Phase de latéralisation avec retour sur la borne inférieure  ⏎ - RSI en sortie de survente  ⏎ - Pullback en cours sur la réintégration de la borne inférieure devenant support  ⏎  ⏎ Analyse H4 :  ⏎ - Retour sur la zone de support majeure  ⏎ - Prise de liquidités effectuée avec la cassure puis réintégration de la zone de polarité  ⏎ - Hausse des volumes su
2774,messages3.html,2024-06-27T15:04:18+00:00,2770,breakeven,✅J’encaisse 50% de la position et place le SL au point d’entrée à l’approche TP1 🔥
2776,messages3.html,2024-06-30T14:48:02+00:00,2775,,Analyse mensuelle :  ⏎ - Validation d’un double bottom avec pullback en cours sur la ligne de cou ⏎  ⏎ Analyse hebdomadaire :  ⏎ - Moyenne mobile exponentielle 50 en support dynamique  ⏎ - Prise de liquidités effectuée (bougie avec mèche)  ⏎ - Trendline baissière long terme sur support sur le RSI  ⏎  ⏎ Analyse H4 :  ⏎ - Retour sur le dernier plus bas de la potentielle nouvelle tendance haussière  ⏎  ⏎ Analyse M30 :  ⏎ - 
2777,messages3.html,2024-06-30T20:01:37+00:00,2775,breakeven,✔️Je sécurise le trade sur FTM/USDT et place le SL au point d’entrée
2778,messages3.html,2024-07-01T13:33:21+00:00,,recap,"🎯Résumé des trades de la semaine :  ⏎  ⏎ Lundi :  ⏎ 🟢Nasdaq : TP1 ✅ 50% de la position encaissée, trade BE  ⏎  ⏎ Mardi:  ⏎ 🟢Renforcement Altcoins long terme  ⏎ 🟢DOT/USDT : TP1 ✅ 50% de la position encaissée, trade en cours  ⏎  ⏎ Mercredi :  ⏎ 👉🏼Pas de trade  ⏎  ⏎ Jeudi : ⏎ 🟢BTC/USDT : Trade en cours en positif  ⏎  ⏎ Dimanche :  ⏎ 🟢FTM/USDT : TP1 ✅ 50% de la position encaissée, trade en cours"
2779,messages3.html,2024-07-01T16:24:33+00:00,,tp1|tp3|closed,Point sur les trades en cours :  ⏎ 🟢CAD/CHF en positif  ⏎ 🟢GBP/CHF en positif  ⏎ 🟢BTC/USDT en positif  ⏎ 🟢ETH/USDT en positif  ⏎ 🟢TRU/USDT en positif  ⏎ 🟢AAVE/USDT en positif  ⏎ 🟢DOT/USDT en positif  ⏎ 🟢FTM/USDT en positif  ⏎ 🟢BNB/USDT en positif  ⏎ 🟢Renfort Altcoins en positif  ⏎ 🔴SUSHI/USDT en négatif  ⏎  ⏎ Points sur les trades récemment clôturés :  ⏎ 🟢BTC/USDT : TP3 ✅ 100% de la position encaissée  ⏎ 🟢Renfort BTC/USDT : TP
2781,messages3.html,2024-07-02T14:25:57+00:00,2780,,Analyse précédente toujours valide +  ⏎  ⏎ Analyse H4 :  ⏎ - Cassure de la trendline baissière partant des plus hauts avec pullback en cours  ⏎ - Zone de support sur le RSI  ⏎ - Moyenne mobile exponentielle 50 orientée en support dynamique  ⏎  ⏎ Analyse H1 :  ⏎ - Retour sur une zone de support avec réaction haussière en cours ⏎ - Moyenne mobile exponentielle 50 orientée en support dynamique
2782,messages3.html,2024-07-03T14:55:20+00:00,2775,,✔️Sorti BE sur FTM/USDT après avoir encaissé 50% de la position au TP1
2784,messages3.html,2024-07-03T15:00:01+00:00,2783,closed,Analyse H4 :  ⏎ - Cassure de la trendline baissière partant des plus hauts  ⏎ - Validation d’une épaule-tête-épaule inversée  ⏎ - Pullback en cours avec bougie avec mèche intéressante  ⏎ - Moyenne mobile exponentielle 50 orientée en support dynamique  ⏎  ⏎ Analyse H2 :  ⏎ - Bougies avec mèches sur la ligne de cou clôturées  ⏎ - Tendance haussière en formation  ⏎ - Moyenne mobile exponentielle 50 en support dynamiqu
2785,messages3.html,2024-07-03T22:56:45+00:00,2783,,✔️Je renforce ma position sur LINK/USDT avec les même TP et SL
2786,messages3.html,2024-07-04T09:46:51+00:00,2783,,❌SL sur LINK/USDT
2787,messages3.html,2024-07-05T13:23:40+00:00,2757,,✅TP2 sur BNB/USDT  ⏎  ⏎ 100% de la position encaissée
2788,messages3.html,2024-07-05T13:24:10+00:00,2770,,✔️Repris BE sur DOT/USDT après avoir encaissé 50% de la position au TP1
2790,messages3.html,2024-07-05T16:30:54+00:00,2789,,Analyse H4 :  ⏎ - RSI en survente ++ ⏎  ⏎ Analyse H2 :  ⏎ - Double bottom validé sur le RSI  ⏎  ⏎ Analyse H1 :  ⏎ - Cassure de la trendline baissière partant des plus hauts sur le RSI  ⏎  ⏎ Analyse M15 :  ⏎ - Double bottom validé avec pullback effectué  ⏎ - Moyenne mobile exponentielle 50 en support dynamique
2791,messages3.html,2024-07-06T18:49:48+00:00,2789,,✅TP2 sur JASMY/USDT 🔥 ⏎  ⏎ J’encaisse 100% de la position
2792,messages3.html,2024-07-08T13:24:24+00:00,,recap,🎯Résumé des trades de la semaine :  ⏎  ⏎ Lundi :  ⏎ 👉🏼Pas de trade  ⏎  ⏎ Mardi:  ⏎ 🔴BTC/USDT : SL  ⏎  ⏎ Mercredi :  ⏎ 🔴LINK/USDT : SL  ⏎  ⏎ Jeudi : ⏎ 👉🏼Pas de trade  ⏎  ⏎ Dimanche :  ⏎ 🟢JASMY/USDT : TP2 ✅ 100% de la position encaissée
2795,messages3.html,2024-07-09T16:43:45+00:00,2794,,Analyse H2 :  ⏎ - Tendance haussière en cours avec structure haussière sur les plus bas  ⏎ - Retracement baissier avec création d’un drapeau haussier  ⏎ - Pullback en cours sur la trendline supérieur du drapeau  ⏎ - Moyennes mobiles exponentielles 100 et 200 orientées à la hausse  ⏎ - Cassure d’une trendline baissière avec pullback en cours sur le RSI  ⏎ - Moyenne mobile exponentielle 50 en support dynamique 
2796,messages3.html,2024-07-10T15:41:24+00:00,2794,,✅J’encaisse 100% de ma position à l’approche du TP2 sur EUR/NZD 🔥
2797,messages3.html,2024-07-11T14:14:49+00:00,2793,,✅TP2 validé sur ETH/USDT 🔥
2799,messages3.html,2024-07-11T14:50:57+00:00,2798,,Analyse journalière :  ⏎ - Prise de liquidités très importantes sous un bottom  ⏎ - Divergence RSI de qualité en cours de formation  ⏎ - Moyenne mobile exponentielle 200 en support dynamique  ⏎  ⏎ Analyse H4 :  ⏎ - Double bottom validé avec pullback  ⏎ - Moyenne mobile exponentielle 50 orientée en support dynamique  ⏎  ⏎ 👉Possibilité de renforcer sa position sur cassure de la trendline baissière avec pullback
2801,messages3.html,2024-07-12T14:49:14+00:00,2800,,Analyse journalière :  ⏎ - Prise de liquidités sous le précédents bottom journalier  ⏎  - Moyenne mobile exponentielle 200 en support dynamique  ⏎  ⏎ Analyse H4 :  ⏎ - Validation d’un double bottom de qualité avec pullback en cours  ⏎  ⏎ Analyse H2 :  ⏎ - Moyenne mobile exponentielle 50 en support dynamique  ⏎ - Bougie englobante haussière en cours de validation  ⏎  ⏎ Analyse M5 :  ⏎ - Nouvelle tendance haussière en cour
2802,messages3.html,2024-07-14T22:55:37+00:00,,recap,🎯Résumé des trades de la semaine :  ⏎  ⏎ Lundi :  ⏎ 🟢ETH/USDT : TP2 ✅ 100% de la position encaissée  ⏎  ⏎ Mardi:  ⏎ 🟢EUR/NZD : TP2 ✅ 100% de la position encaissée  ⏎  ⏎ Mercredi :  ⏎ 👉Pas de trade  ⏎  ⏎ Jeudi : ⏎ 🟢BTC/USDT : Trade en cours en positif  ⏎  ⏎ Vendredi :  ⏎ 🟢ETH/USDT : Trade en cours en positif
2803,messages3.html,2024-07-15T16:05:04+00:00,2798,tp1|breakeven,✅TP1 touché sur Bitcoin 🔥 ⏎  ⏎ J’encaisse 50% de la position et place le SL au point d’entrée
2804,messages3.html,2024-07-15T16:05:19+00:00,2800,tp1|breakeven,✅TP1 touché sur Ethereum 🔥 ⏎  ⏎ J’encaisse 50% de la position et place le SL au point d’entrée
2806,messages3.html,2024-07-16T16:52:57+00:00,2805,,Analyse journalière :  ⏎ - Tendance baissière long terme en cours avec création d’un nouveau plus bas  ⏎ - Création d’une structure baissière sur les plus hauts récents  ⏎ - Cassure de la trendline haussière partant des plus bas  ⏎  ⏎ Analyse H2 :  ⏎ - Tendance baissière en cours avec la création d’un nouveau plus bas  ⏎ - Création en cours d’un biseau ascendant de continuation baissière  ⏎ - Trendline baissière 
2808,messages3.html,2024-07-16T23:08:17+00:00,2807,breakeven|closed,✔️Je sors au point d’entrée sur NOT/USDT ⏎  ⏎ 👉le setup ne s’est pas déclenché
2809,messages3.html,2024-07-17T09:57:29+00:00,2805,tp1|breakeven,✅TP1 touché sur la paire USD/CHF 🔥 ⏎  ⏎ J’encaisse 50% de ma position et place le SL au point d’entrée
2811,messages3.html,2024-07-17T15:00:32+00:00,2810,,Analyse journalière :  ⏎ - Retournement de tendance à la hausse avec cassure du dernier plus haut de la tendance baissière  ⏎ - Bougie pleine sur cassure  ⏎ - Hausse des volumes sur cassure  ⏎ - Prise de liquidités sous une zone de demande majeure (novembre 2023)  ⏎  ⏎ Analyse H1 :  ⏎ - Tendance haussière en cours  ⏎ - Validation d’un biseau descendant avec pullback  ⏎ - Zone de support court terme  ⏎ - Moyenne mobil
2812,messages3.html,2024-07-17T15:35:11+00:00,2805,tp2,✅TP2 touché sur USD/CHF 🥳
2814,messages3.html,2024-07-18T14:14:31+00:00,2813,,Analyse mensuelle :  ⏎ - Double bottom de très forte qualité validé  ⏎ - Hausse des volumes sur cassure de la ligne de cou  ⏎ - Bougie pleine sur cassure de la ligne de cou  ⏎ (la validation d’un double bottom similaire en 2020 avait fait littéralement exploser le prix)  ⏎  ⏎ Analyse hebdomadaire :  ⏎ - Structure haussière conservée  ⏎ - Cassure d’une « trendline » baissière sur les volumes pouvant démontrer un r
2816,messages3.html,2024-07-19T07:53:42+00:00,2815,,❌SL sur ICP/USDT
2818,messages3.html,2024-07-19T08:10:53+00:00,2817,,Analyse moyen/long terme toujours valide +  ⏎  ⏎ Analyse M30 :  ⏎ - Validation du double bottom avec pullback  ⏎ - Prise de liquidités effectuée sous une poche de liquidité (bougie avec mèche importante ⏎ - Divergence RSI validée  ⏎ - Cassure d’une trendline baissière sur le RSI  ⏎  ⏎ Analyse M15 :  ⏎ - Moyennes mobiles exponentielles 50 et 100 orientées en support dynamique
2819,messages3.html,2024-07-19T18:04:16+00:00,2817,breakeven,✔️Je sécurise le trade sur FTM/USDT et place le SL au point d’entrée
2820,messages3.html,2024-07-20T08:53:02+00:00,2817,tp1,✅TP1 touché sur FTM/USDT 🔥 ⏎  ⏎ J’encaisse 50% de la position
2821,messages3.html,2024-07-21T20:49:34+00:00,,recap,"🎯Résumé des trades de la semaine :  ⏎  ⏎ Lundi :  ⏎ 👉Pas de trade  ⏎  ⏎ Mardi:  ⏎ 🟢USD/CHF : TP2 ✅ 100% de la position encaissée  ⏎ 🟡NOT/USDT : Sorti BE  ⏎  ⏎ Mercredi :  ⏎ 🟢TIA/USDT : Trade en cours en positif  ⏎  ⏎ Jeudi : ⏎ 🟢FTM/USDT Renfort long terme :  Trade en cours en positif  ⏎ 🔴ICP/USDT : SL  ⏎  ⏎ Vendredi :  ⏎ 🟢FTM/USDT : TP1 ✅ 50% de la position encaissée, trade en cours"
2823,messages3.html,2024-07-22T13:28:17+00:00,2822,,Analyse journalière :  ⏎ - Tendance haussière en cours ⏎ - Retour sur le dernier plus bas de la tendance haussière  ⏎ - Moyenne mobile exponentielle 50 en support dynamique  ⏎  ⏎ Analyse H4 :  ⏎ - Divergence RSI validée  ⏎ - Prise de liquidités effectuée sous une poche de liquidités  ⏎  ⏎ Analyse M30 :  ⏎ - Validation d’un biseau descendant d’essoufflement de tendance  ⏎ - Cassure d’une zone de résistance importante su
2824,messages3.html,2024-07-22T14:48:14+00:00,2822,,✔️Je sécurise le trade sur le Nasdaq
2826,messages3.html,2024-07-24T09:17:04+00:00,2825,,Analyse H4 :  ⏎ - Tendance haussière en cours  ⏎ - Retour sur le dernier plus bas de la tendance haussière avec prise de liquidités effectuée (bougie avec mèches)  ⏎  ⏎ Analyse H1 :  ⏎ - Divergence RSI validée  ⏎ - Cassure d’une trendline baissière sur le RSI  ⏎ - Cassure de la trendline baissière partant des plus hauts  ⏎ - Double bottom validé
2827,messages3.html,2024-07-25T17:18:02+00:00,2825,,❌SL sur THETA/USDT
2829,messages3.html,2024-07-25T17:23:35+00:00,2828,,Analyse journalière :  ⏎ - Double bottom validé avec bougie pleine sur cassure  ⏎ - Pullback en cours sur la trendline baissière partant des plus hauts  ⏎ - Pullback en cours sur une trendline baissière sur le RSI  ⏎ - Bougie avec mèche importante démontrant une prise de liquidités (deuxième bottom)  ⏎ - Zone de liquidité importante (sous les plus bas de la tendance haussière long terme  ⏎ - Divergence RSI va
2831,messages3.html,2024-07-25T17:36:15+00:00,2830,,Analyse H1 :  ⏎ - Divergence RSI validée en zone de survente ++ ⏎  ⏎ Analyse M5 :  ⏎ - Prise de liquidités sous une phase range  ⏎ - Divergence RSI validée  ⏎ - Création d’une structure haussière de qualité avec cassure du précédent plus haut de la tendance baissière en cours  ⏎ - FVG à combler entre les 3260$ et les 3300$
2832,messages3.html,2024-07-25T20:08:40+00:00,2830,,❌SL sur ETH/USDT
2835,messages3.html,2024-07-25T22:36:39+00:00,2833,,Analyse journalière :  ⏎ - Potentielle épaule-tête-épaule inversée en cours de formation  ⏎ - Retour au niveau de l’épaule gauche représentant une zone d’achat intéressante  ⏎ - Divergence RSI validée sur les plus bas  ⏎ - La cassure de la trendline baissière partant des hauts pourrait accélérer la hausse  ⏎  ⏎ Analyse M15 :  ⏎ - Divergence RSI validée  ⏎ - Double bottom validé avec prise de liquidités (bougies a
2836,messages3.html,2024-07-26T07:59:57+00:00,2833,tp1|breakeven,✅TP1 touché sur THETA/USDT 🔥 ⏎  ⏎ J’encaisse 50% de la position et place le SL au point d’entrée
2838,messages3.html,2024-07-28T10:30:57+00:00,2837,,Analyse hebdomadaire :  ⏎ - Retour sur le dernier plus bas de la tendance haussière long terme  ⏎ - Prise de liquidités en-dessous de la zone (bougies avec mèche)  ⏎ - Moyenne mobile exponentielle 100 en support dynamique (ayant joué le rôle à plusieurs reprises de S/R par le passé  ⏎  ⏎ Analyse journalière :  ⏎ - Prise de liquidités importante (bougie avec mèche importante)  ⏎ - Création d’une structure baussi
2839,messages3.html,2024-07-29T13:27:36+00:00,,recap,"🎯Résumé des trades de la semaine :  ⏎  ⏎ Lundi :  ⏎ 🟡Nasdaq100 : Repris BE  ⏎  ⏎ Mardi:  ⏎ 👉Pas de trade  ⏎  ⏎ Mercredi ⏎ 🔴THETA/USDT : SL   ⏎  ⏎ Jeudi : ⏎ 🟢AVAX/USDT :  Trade en cours en positif  ⏎ 🔴ETH/USDT : SL  ⏎ 🟢THETA/USDT : TP1 ✅ 50% de la position encaissée, trade sécurisé en cours  ⏎  ⏎ Vendredi :  ⏎ 👉Pas de trade  ⏎  ⏎ Dimanche :  ⏎ 🟢LINK/USDT :  Trade en cours en positif"
2841,messages3.html,2024-07-29T14:14:46+00:00,2840,,Analyse journalière :  ⏎ - Retour dans une zone de demande majeure avec prise de liquidités effectuée en-dessous  ⏎ - Divergence RSI de qualité validée sur les plus bas  ⏎ - Structure haussière validée avec cassure du précédent plus haut de la tendance baissière en cours  ⏎ - Moyenne mobile exponentielle 20 en support dynamique (ayant joué le rôle de S/R a de nombreuses reprises)  ⏎ - Cassure de la trendlin
2844,messages3.html,2024-07-31T15:03:35+00:00,2842,,Analyse hebdomadaire :  ⏎ - Tendance haussière long terme en cours  ⏎ - Cassure du dernier plus haut de la tendance haussière long terme (flèche bleue) démontrant une probabilité importante de réaliser de nouveaux plus hauts  ⏎ - Zone de support touché avec une mèche  ⏎ - Zone de support sur le RSI  ⏎  ⏎ Analyse journalière : ⏎ - Formation d’une épaule-tête-épaule ⏎ - Cassure de la trendline baissière partant des
2846,messages3.html,2024-08-01T13:30:44+00:00,2845,,Analyse journalière :  ⏎ - Zone de résistance majeure  ⏎ - Zone de surachat avec réintégration baissière  ⏎  ⏎ Analyse H4 :  ⏎ - Divergence RSI baissière validée sur les plus bas  ⏎ - Tendance baissière en cours sur le RSI  ⏎ - Moyenne mobile exponentielle 20 en résistance dynamique (ayant joué le rôle de S/R a de nombreuses reprises)  ⏎  ⏎ Analyse H2 :  ⏎ - Cassure d’une trendline haussière partant des plus bas sur 
2847,messages3.html,2024-08-01T20:08:59+00:00,2845,,❌SL sur USD/CAD
2849,messages3.html,2024-08-02T10:28:06+00:00,2848,,Analyse journalière :  ⏎ - Validation d’une structure haussière avec retour sur une zone support majeure  ⏎ - Moyennes mobiles exponentielles 50 et 100 en support dynamique  ⏎ - Zone de liquidités importantes à aller chercher au-dessus des 2 top  ⏎  ⏎ Analyse H1 :  ⏎ - Prise de liquidités effectuée sous une zone support majeure  ⏎ - Divergence RSI validée sur les plus bas  ⏎ - Validation d’une structure haussière
2852,messages3.html,2024-08-04T11:08:58+00:00,2851,,Analyse H4 :  ⏎ - RSI en survente  ⏎ - Prise de liquidités sous une zone de support importante  ⏎  ⏎ Analyse H2 :  ⏎ - Divergence RSI en zone de survente ++ ⏎ - Cassure d’une trendline baissière partant des plus hauts sur le RSI  ⏎ - Zone de FVG à aller combler
2853,messages3.html,2024-08-04T15:40:00+00:00,2851,,❌SL sur ETH/USDT
2855,messages3.html,2024-08-05T17:28:05+00:00,2854,,"❌SL sur le Nasdaq  ⏎  ⏎ Semaine difficile avec plusieurs SL, on reste focus sur le long terme sur"
2857,messages3.html,2024-08-05T17:58:41+00:00,2856,,Analyse H1 :  ⏎ - Forte tendance baissière en cours  ⏎ - Moyenne mobile exponentielle 50 en résistance dynamique  ⏎  ⏎ Analyse M30 :  ⏎ - Trendline baissière en résistance  ⏎ - Moyenne mobile exponentielle 100 en résistance dynamique  ⏎ - Liquidités à aller chercher sous le double bottom  ⏎  ⏎ Analyse M5 :  ⏎ - Divergence RSI validée
2860,messages3.html,2024-08-06T13:19:37+00:00,2858,,Analyse journalière :  ⏎ - Retour sur une zone de demande majeure  ⏎ - Double prise de liquidités sous la zone (2 mèches importantes)  ⏎ - Validation d’une structure de retournement haussière avec cassure du dernier plus haut de la tendance baissière en cours  ⏎ - Bougie pleine sur cassure du dernier plus haut  ⏎ - Cassure d’une trendline baissière partant des plus hauts sur le RSI avec pullback en cours  ⏎  ⏎ 
2862,messages3.html,2024-08-06T13:44:03+00:00,2861,closed,"Analyse hebdomadaire :  ⏎ - Aucune structure de retournement de tendance à la baisse  ⏎ - Divergence RSI validée sur les plus haut, démontrant une essoufflement de la tendance, mais il ne s’agit pas d’un signal de retournement à la baisse ⏎ - Moyennes mobiles exponentielles 20, 50, 100 et 200 orientées à la hausse  ⏎ - Retour sur la moyenne mobile exponentielle 50 en support dynamique  ⏎  ⏎ Analyse journalièr"
2865,messages3.html,2024-08-08T15:27:09+00:00,2864,,Analyse journalière :  ⏎ - Zone de support long terme  ⏎ - Prise de liquidités sous la zone avec mèche importante  ⏎ - Pic de volume sur la baisse  ⏎  ⏎ Analyse H4 :  ⏎ - Double bottom de qualité validé avec pullback en cours  ⏎ - Moyenne mobile exponentielle 20 en support dynamique (ayant joué le rôle de S/R a de nombreuses reprises)  ⏎ - Cassure d’une trendline baissière sur le RSI partant des plus hauts ⏎ - Rete
2866,messages3.html,2024-08-12T13:01:19+00:00,,recap,🎯Résumé des trades de la semaine :  ⏎  ⏎ Lundi :  ⏎ 🔴SOL/USDT : SL  ⏎  ⏎ Mardi:  ⏎ 🟢TIA/USDT : Trade en cours en positif  ⏎ 🟢SOL/USDT : Trade en cours en positif  ⏎  ⏎ Mercredi ⏎ 👉Pas de trade  ⏎  ⏎ Jeudi : ⏎ 🟢EUR/CHF : Trade en cours en positif  ⏎  ⏎ Vendredi :  ⏎ 👉Pas de trade
2868,messages3.html,2024-08-12T15:20:24+00:00,2867,,"Analyse journalière :  ⏎ - Bougie baissière avec pic de volume très important = probabilité très importante qu’il s’agit du bottom ⏎  ⏎ Analyse H2 :  ⏎ - Double bottom de qualité validé  ⏎ - Pullback de qualité effectué  ⏎ - Moyennes mobiles exponentielles 20 et 50 en support dynamique  ⏎ - FVG à combler à la hausse  ⏎  ⏎ Analyse H1 :  ⏎ - Moyennes mobiles exponentielles 20, 50 et 100 en support dynamique  ⏎  ⏎  ⏎ + Crypto"
2870,messages3.html,2024-08-14T12:18:35+00:00,2869,,"Analyse H1 :  ⏎ - Moyennes mobiles exponentielles 20, 50, 100 et 200 orientées à la hausse  ⏎  ⏎ Analyse M30 :  ⏎ - Tendance haussière en cours  ⏎ - Cassure d’une trendline baissière partant des plus hauts  ⏎ - Bougie pleine sur cassure  ⏎ - Pullback effectué sur la trendline baissière  ⏎ - Moyennes mobiles exponentielles 20, 50, 100 et 200 orientées à la hausse  ⏎  ⏎ Analyse M15 :  ⏎ - Moyennes mobiles exponentielles "
2871,messages3.html,2024-08-14T14:54:04+00:00,2869,,✔️Je renforce ma position sur le pullback sur Bitcoin 59800 ⏎ ❌SL 58700 ⏎ ✅TP identiques
2873,messages3.html,2024-08-15T10:09:50+00:00,2864,breakeven,✅J’encaisse 50% de la position et place le SL au point d’entrée à l’approche du TP1 sur EUR/CHF
2875,messages3.html,2024-08-19T15:05:23+00:00,2874,,"Analyse H1 :  ⏎ - Rebond initié sur le niveau des 0,618 du retracement de Fibonacci de la dernière vague de hausse  ⏎ - Divergence RSI validée  ⏎ - Retour sur la ligne de cou de la divergence RSI  ⏎  ⏎ Analyse M30 :  ⏎ - Divergence RSI validée  ⏎ - Cassure d’une trendline baissière sur le RSI partant des plus hauts  ⏎ - Potentielle validation d’une structure haussière avec cassure du dernier plus haut de la tenda"
2876,messages3.html,2024-08-19T18:38:20+00:00,2874,,✔️Je sécurise le trade sur Bitcoin
2877,messages3.html,2024-08-20T14:37:50+00:00,2874,tp1,✅TP1 touché sur le Bitcoin 🔥 ⏎  ⏎ J’encaisse 50% de la position
2879,messages3.html,2024-08-21T10:12:37+00:00,2878,,"Analyse H4 :  ⏎ - Validation d’un drapeau haussier  ⏎ - Pullback de qualité sur le haut du drapeau haussier  ⏎ - Moyenne mobile exponentielle20 en support dynamique  ⏎ - Tendance haussière court terme sur le RSI  ⏎ - Rebond initié sur le niveau 0,5 du retracement de Fibonacci de la dernière vague de hausse  ⏎  ⏎ Analyse H2 :  ⏎ - Idem = fiabilité plus importante de la structure si présente sur plusieurs unités de"
2882,messages3.html,2024-08-22T13:45:19+00:00,2881,,Analyse Journalière :  ⏎ - Pic de volumes sur les plus bas = probabilité importante que le bottom a été touché  ⏎ - Moyenne mobile exponentielle 50 en support dynamique (ayant jouée le rôle à de nombreuses reprises de S/R)  ⏎  ⏎ Analyse H4 :  ⏎ - Validation d’un drapeau haussier  ⏎ - Bougie pleine sur cassure du drapeau  ⏎ - Pullback en cours sur la borne hausse  ⏎ - Cassure d’une trendline baissière sur le RSI a
2883,messages3.html,2024-08-23T08:59:01+00:00,2878,breakeven,✅TP1 sur GRT/USDT 🔥 ⏎  ⏎ J’encaisse 50% de la position et place le SL au point d’entrée
2885,messages3.html,2024-08-23T16:45:38+00:00,2884,,Analyse hebdomadaire : ⏎ - Structure haussière de qualité en formation ⏎ - Rebond impulsé avec une mèche importante dans une zone de demande majeure  ⏎  ⏎ Analyse journalière :  ⏎ - Rebond dans une zone de demande majeure  ⏎ - Cassure de la trendline baissière partante des plus hauts (élément déterminant ++) ⏎ - Bougie pleine sur cassure  ⏎ - Moyenne mobile exponentielle 20 repassant sous le prix (ayant fait offi
2886,messages3.html,2024-08-23T19:27:41+00:00,2874,,✅TP2 sur le Bitcoin 🔥 (trade 1)
2887,messages3.html,2024-08-23T19:28:02+00:00,2881,,✔️Je sécurise le trade sur Bitcoin (trade 2)
2888,messages3.html,2024-08-23T22:55:16+00:00,2881,,✅TP1 sur Bitcoin (trade 2)🔥 ⏎  ⏎ J’encaisse 50% de la position
2889,messages3.html,2024-08-26T16:56:09+00:00,,recap,"🎯Résumé des trades de la semaine :  ⏎  ⏎ Lundi :  ⏎ 🟢BTC/USDT : TP2 ✅ 100% de la position encaissée  ⏎  ⏎ Mardi:  ⏎ 👉Pas de trade  ⏎  ⏎ Mercredi :  ⏎ 🟢GRT/USDT : TP1 ✅ 50% de la position encaissée, trade sécurisé en cours  ⏎  ⏎ Jeudi : ⏎ 🟢BTC/USDT : TP1 ✅ 50% de la position encaissée, trade sécurisé en cours  ⏎  ⏎ Vendredi :  ⏎ 🟢THETA/USDT : Trade en cours en positif"
2891,messages3.html,2024-08-27T15:19:06+00:00,2890,,Analyse journalière :  ⏎ - Retour sur une zone de demande majeure  ⏎ - Double prise de liquidités sous la zone (2 mèches importantes)  ⏎ - Validation d’une structure de retournement haussière avec cassure du dernier plus haut de la tendance baissière en cours  ⏎ - Bougie pleine sur cassure du dernier plus haut  ⏎ - Cassure d’une trendline baissière partant des plus hauts avec bougie pleine (vue arithmétique
2893,messages3.html,2024-08-28T10:36:20+00:00,2892,,Analyse H1 : ⏎ - RSI en sorti de zone de survente  ⏎ - Épaule tête épaule inversée validée sur le Ri en zone de survente ++ ⏎ - Cassure de la trendline baissière partant des plus hauts sur le RSI  ⏎ - Potentiel double bottom à valider pouvant impulser un retournement de tendance à la hausse court terme  ⏎ - Zone de FVG à combler à la hausse  ⏎  ⏎ Analyse M30 :  ⏎ - Structure haussière validée sur le RSI  ⏎ - Cassur
2894,messages3.html,2024-08-28T11:01:37+00:00,2892,breakeven,✅J’encaisse 50% de la position à l’approche du TP1 et place le SL au point d’entrée
2896,messages3.html,2024-08-28T12:30:27+00:00,2895,,Analyse H1 :  ⏎ - Divergence RSI validée  ⏎ - Structure haussière en formation  ⏎ - Moyenne mobile exponentielle 20 en support dynamique (ayant jouée le rôle de S/R à de nombreuses reprises)  ⏎ - Cassure d’une trendline baissière avec pullback en cours  ⏎  ⏎ Analyse M30 :  ⏎ - Double bottom validé avec pullback en cours sur la ligne de cou  ⏎ - Bougie pleine sur cassure de la ligne de cou  ⏎ - Cassure d’une trendli
2897,messages3.html,2024-08-28T16:04:43+00:00,2895,,❌SL sur TIA/USDT
2903,messages3.html,2024-08-29T16:14:28+00:00,2901,,Analyse journalière :  ⏎ - Cassure de son canal baissier avec pullback en cours  ⏎ - Réaction haussière en cours avec bougie englobante  ⏎ - Moyenne mobile exponentielle 40 en support (ayant joué le rôle a de nombreuses reprises de S/R 👉 carré rose)  ⏎ - Impulsion en cours d’une tendance haussière avec retour sur le dernier plus haut de la potentielle tendance haussière (= zone support)  ⏎  ⏎ + Analyse paire 
2906,messages3.html,2024-08-30T23:55:45+00:00,2904,,"Analyse journalière :  ⏎ - Structure haussière en formation avec cassure nette du précédent plus haut de la tendance baissière en cours  ⏎ - Cassure d’une trendline baissière intéressante  ⏎ - Retour sur le niveau 0,5 du retracement de Fibonacci de la dernière vague de hausse  ⏎ - Moyenne mobile exponentielle 40 en support (ayant joué le rôle a de nombreuses reprises de S/R par le passé (cf.flèches noires"
2908,messages3.html,2024-09-03T14:18:37+00:00,2907,,Analyse H2 :  ⏎ - Rebond sur une zone de support majeure  ⏎ - Divergence RSI validée  ⏎ - Cassure d’une trendline baissière sur le RSI  ⏎ - Cassure d’une zone de résistance sur le RSI  ⏎ - Cassure de la trendline baissière partant des plus hauts sur les prix  ⏎ - Moyenne mobile exponentielle 50 orientée en support dynamique  ⏎ - Validation d’une structure haussière avec cassure du précédent plus haut de la tend
2909,messages3.html,2024-09-04T14:40:35+00:00,,,"✔️Je vends la paire USD/CHF 0,85068 ⏎ ❌SL 0,85271 (20 pips)  ⏎ ✅TP1 0,84585 (48 pips)  ⏎ ✅TP2 0,84262 (80 pips)  ⏎  ⏎ Sécurisation du trade : 0,84730 (33 pips)  ⏎  ⏎ 🎯Ratio : 4/1  ⏎  ⏎ 📊Type de trade : Intraday / Swing Trading"
2910,messages3.html,2024-09-04T14:45:37+00:00,2909,,Analyse M30 :  ⏎ - Rejet d’une zone de résistance sur les plus hauts  ⏎ - Création d’une structure baissière sur les plus hauts avec cassure du dernier plus bas de la tendance haussier en cours  ⏎ - Tendance baissière en cours avec retour sur le dernier plus haut de la potentielle nouvelle tendance  ⏎ - Bougie avec prise de liquidités validée  ⏎  ⏎ Analyse M5 :  ⏎ - Cassure d’une trendline haussière sur le prix
2911,messages3.html,2024-09-04T15:02:21+00:00,2909,,✔️Je sécurise le trade
2912,messages3.html,2024-09-05T11:21:24+00:00,2909,tp1,"✅TP1 touché, j’encaisse 50% de la position 🔥"
2913,messages3.html,2024-09-05T11:21:41+00:00,2907,,✔️Je sécurise la position sur EUR/CAD
2915,messages3.html,2024-09-05T15:29:07+00:00,2914,,Analyse H4 :  ⏎ - Rebond sur une zone de support majeure  ⏎ - Prise de liquidités sous la zone support  ⏎ - Divergence RSI en formation  ⏎  ⏎ Analyse H1 :  ⏎ - Vague de Wolfe haussière en formation ⏎  ⏎ Analyse M15 :  ⏎ - Validation d’un biseau descendant  ⏎ - Cassure d’une trendline baissière sur le RSI
2916,messages3.html,2024-09-06T09:00:27+00:00,2914,,❌SL sur GRT/USDT
2919,messages3.html,2024-09-07T23:36:39+00:00,2918,,"Analyse journalière :  ⏎ - Structure en triple bottom en cours de validation ⏎ - Hausse des volumes significatives sur les dernières bougies journalières  ⏎ - Cassure d’une trendline baissière partant des plus hauts  ⏎ - Zone de FVG à combler à la hausse  ⏎  ⏎ Analyse H4 :  ⏎ - Pullback en cours sur la ligne du cou du triple bottom  ⏎ - Moyennes mobiles exponentielles 200, 100 et 50 orientées sous le prix  ⏎ - Haus"
2922,messages3.html,2024-09-09T14:57:46+00:00,2921,,"Analyse H4 :  ⏎ - Rebond dans la zone clé des 0,786 du retracement de Fibonacci de la dernière vague de hausse  ⏎ - Double bottom validé avec hausse des volumes  ⏎  ⏎ Analyse H2 :  ⏎ - Double bottom validé avec hausse des volumes sur cassure  ⏎ - Cassure d’une trendline baissière sur le RSI avec pullback effectué  ⏎ - Cassure d’une trendline baissière en cours sur le prix avec une bougie impulsive  ⏎ - Cassure de"
2923,messages3.html,2024-09-09T18:01:01+00:00,2921,,✔️Je sécurise le trade sur Bitcoin
2924,messages3.html,2024-09-09T22:14:27+00:00,2921,,✅TP1 sur Bitcoin 🔥 ⏎  ⏎ J’encaisse 50% de la position
2925,messages3.html,2024-09-10T14:53:34+00:00,2884,,"✔️Je renforce ma position sur la crypto THETA/USDT 1,188 ⏎ ❌SL 0,891 ⏎ ✅TP identiques  ⏎  ⏎ 🎯Ratio : 9/1  ⏎  ⏎ 📊Type de trade : Swing Trading / Long terme"
2926,messages3.html,2024-09-10T14:56:14+00:00,2925,,Analyse précédente toujours valide +  ⏎  ⏎ Analyse journalière :  ⏎ - Validation d’un biseau descendant long terme  ⏎ - Divergence cachée sur le RSI  ⏎ - Création d’une tendance haussière avec retour sur le plus bas de la potentielle tendance haussière à venir  ⏎ - Vague de Wolfe haussière toujours en cours  ⏎ - Pullback de qualité sur le haut du biseau descendant
2928,messages3.html,2024-09-12T14:31:38+00:00,2927,,Analyse H4 :  ⏎ - Retour sur le dernier plus bas de la potentielle tendance haussière à venir  ⏎  ⏎ Analyse M30 :  ⏎ - Retour sur le dernier plus bas de la potentielle tendance haussière à venir  ⏎ - Divergence RSI validée sur les plus bas  ⏎  ⏎ Analyse M15 :  ⏎ - Retour sur le dernier plus bas de la potentielle tendance haussière à venir  ⏎ - Divergence RSI validée sur les plus bas  ⏎ - Création d’une structure haus
2929,messages3.html,2024-09-12T18:56:37+00:00,2927,,❌SL sur EUR/AUD
2930,messages3.html,2024-09-12T18:57:04+00:00,2904,,✔️Je sécurise le trade sur SUI/USDT
2933,messages3.html,2024-09-13T17:22:40+00:00,2931,,✔️Je sécurise le trade sur ETH/USDT
2934,messages3.html,2024-09-13T23:52:09+00:00,2931,tp1,✅TP1 touché sur ETH/USDT 🔥 ⏎  ⏎ J’encaisse 50% de la position
2935,messages3.html,2024-09-16T13:21:28+00:00,,recap,"🎯Résumé des trades de la semaine :  ⏎  ⏎ Lundi :  ⏎ 🟢BTC/USDT : TP2 ✅ 100% de la position encaissée  ⏎  ⏎ Mardi:  ⏎ 🟢THETA/USDT : Trade en cours en positif  ⏎  ⏎ Mercredi :  ⏎ 👉Pas de trade ⏎  ⏎ Jeudi : ⏎ 🔴EUR/AUD : SL  ⏎  ⏎ Vendredi :  ⏎ 🟢ETH/USDT : TP1 ✅ 50% de la position encaissée, repris BE"
2937,messages3.html,2024-09-18T14:54:37+00:00,2936,,"Analyse M15 :  ⏎ - Création d’une tendance baissière en cours  ⏎ - Trendline baissière partant des plus hauts en résistance  ⏎ - Prise de liquidités effectuée au-dessus de la session asiatique du jour  ⏎ - Formation d’un rebond haussier en 3 vagues (A-B-C), permettant généralement l’impulsion d’une vague baissière importante  ⏎ - Validation d’une figure en épaule-tête-épaule sur les plus hauts"
2938,messages3.html,2024-09-18T17:00:42+00:00,2936,,✔️Je sécurise le trade sur le Gold à l’approche de la FED à 20h00
2939,messages3.html,2024-09-18T17:57:51+00:00,2938,breakeven,✔️Sorti au point d’entrée
2941,messages3.html,2024-09-18T23:15:07+00:00,2940,,Analyse hebdomadaire :  ⏎ - Prise de liquidités effectuée sous une poche de liquidités majeure  ⏎ - Divergence RSI en cours  ⏎  ⏎ Analyse journalière :  ⏎ - Cassure de la trendline baissière partant des plus hauts avec pullback en cours  ⏎ - Création d’une zone de demande majeure avec réaction haussière impulsive en cours  ⏎ - Hausse des volumes en cours  ⏎  ⏎ Analyse H4 :  ⏎ - Divergence RSI en cours de validation  ⏎ 
2944,messages3.html,2024-09-19T15:44:50+00:00,2943,,"Analyse journalière :  ⏎ - Cassure de la trendline baissière partant des plus hauts  ⏎ - Moyennes mobiles exponentielles 20, 50 et 100 orientées en support dynamique  ⏎ - Validation d’un double bottom  ⏎ - Cassure de la ligne de cour avec bougie pleine  ⏎ - Hausse des volumes sur cassure  ⏎ - Cassure d’une zone de résistance sur le RSI  ⏎  ⏎ + Blockchain Layer 1 lancée sur le Launchpad de Binance  ⏎ + Blockchain La"
2945,messages3.html,2024-09-20T10:31:42+00:00,2904,tp2,✅TP2 touché sur SUI/USDT 🥳 ⏎  ⏎ Possibilité de garder une partie pour le Bullrun 🚀
2948,messages3.html,2024-09-23T14:16:49+00:00,2947,closed,"📊Graphique 2 : Bitcoin All Time (Mensuel)  ⏎  ⏎ 👉Ce graphique, en convergence avec les zones prédéfinies, peut être d’une importante capitale.  ⏎  ⏎ Lors des précédents cycles, le RSI du Bitcoin en Mensuel a toujours présenté un moment de surchauffe important (qui n’a pas encore eu lieu).  ⏎  ⏎ Ces zones dessinent une sorte de canal baissier sur le RSI mensuel permettant d’optimiser la zone de sortie finale s"
2949,messages3.html,2024-09-23T14:21:07+00:00,2947,,"📊Graphique 3 : Bitcoin All Time (Mensuel)  ⏎  ⏎ 👉On va maintenant s’intéresser à la temporalité en se basant sur les derniers cycles.  ⏎  ⏎ Si on considère que le deuxième top sur. Bitcoin au cycle précédent était une anomalie. Alors l’ensemble des cycles présente en moyenne 750 à 850 jours entre le bottom du marché et le top.  ⏎  ⏎ Si on superpose cela au cycle actuel, alors le potentiel top du Bitcoin pourr"
2950,messages3.html,2024-09-23T14:27:20+00:00,2947,,"📊Graphique 4 : Bitcoin Dominance (Hebdomadaire)  ⏎  ⏎ 👉Ce graphique est le plus important pour déterminer quand investir ou non sur les Altcoins.  ⏎  ⏎ À l’heure actuelle, une divergence RSI majeure se met en place dans une zone de résistance importante. La formation d’un biseau ascendant d’essoufflement est également en formation.  ⏎  ⏎ La saison des Altcoins se rapproche fortement, et celle-ci est souvent b"
2951,messages3.html,2024-09-23T14:30:12+00:00,2947,,
2953,messages3.html,2024-09-23T16:11:10+00:00,2952,,Analyse hebdomadaire :  ⏎ - RSI en zone de surachat ++  ⏎ - Divergence RSI majeure en formation  ⏎  ⏎ Analyse H4 :  ⏎ - Divergence RSI en formation  ⏎  ⏎ Analyse H1 :  ⏎ - Validation d’une structure baissière avec cassure du dernier plus bas de la tendance haussière en cours  ⏎ - Bougie pleine sur cassure augmentation la fiabilité de la structure  ⏎ - Prise de liquidités sur les plus hauts  ⏎ - Retour sur les plus haut
2954,messages3.html,2024-09-23T21:52:59+00:00,2952,closed,"👉Je sors légèrement en positif sur le Gold, le trade ne s’est pas déclenché"
2956,messages3.html,2024-09-24T15:13:13+00:00,2955,,"Analyse H2 :  ⏎ - Forte tendance haussière en cours  ⏎ - Repli matérialisé par la formation d’un biseau descendant  ⏎ - Validation du biseau descendant avec pullback effectué  ⏎ - Hausse des volumes sur cassure  ⏎ - Moyennes mobiles exponentielles 20, 50, 100 et 200 orientées à la hausse  ⏎  ⏎ Analyse H1 :  ⏎ - Moyennes mobiles exponentielles 20, 50, 100 et 200 orientées à la hausse  ⏎ - Pullback de qualité effectu"
2957,messages3.html,2024-09-25T14:49:47+00:00,2955,tp1|breakeven,✅TP1 touché sur JUP/USDT 🔥 ⏎  ⏎ J’encaisse 50% de la position et place le SL au point d’entrée
2959,messages3.html,2024-09-25T14:57:55+00:00,2958,,"Analyse mensuelle :  ⏎ - Double bottom de qualité validé ⏎ - Pullback en cours sur la ligne de cou avec réaction haussière  ⏎  ⏎ Analyse journalière :  ⏎ - Prise de liquidités effectuée en-dessous d’une zone de demande majeure  ⏎ - Double bottom de qualité validé avec hausse des volumes sur cassure  ⏎ - Pullback en cours sur le niveau 0,618 du retracement de Fibonacci de la jambe haussière  ⏎ - Moyennes mobiles e"
2965,messages3.html,2024-09-30T15:12:14+00:00,2964,,Analyse hebdomadaire :  ⏎ - RSI en survente ++  ⏎  ⏎ Analyse journalière :  ⏎ - Double bottom de qualité validé ⏎ - Hausse des volumes sur cassure de la ligne de cou  ⏎ - Bougie pleine sur cassure de la ligne de cou (augmente la fiabilité de la figure) ⏎ - Cassure de la trendline baissière partant des plus hauts  ⏎ - Moyennes mobiles exponentielles 20 et 50 orientées en support dynamique
2970,messages3.html,2024-10-03T17:08:12+00:00,2969,,"Analyse hebdomadaire :  ⏎ - Tendance haussière long terme conservée selon la théorie de Dow  ⏎  ⏎ Analyse journalière :  ⏎ - Validation d’un biseau descendant  ⏎ - Divergence RSI validée sur les plus bas  ⏎ - Cassure du précédent plus haut de la tendance baissière avec une bougie pleine  ⏎ - Retour sur le niveau 0,618 du retracement de Fibonacci de la dernière vague de hausse  ⏎  ⏎ Analyse H2 :  ⏎ - Divergence RSI en"
2972,messages3.html,2024-10-04T13:39:36+00:00,2971,,"Analyse hebdomadaire :  ⏎ - Validation d’un biseau descendant  ⏎  ⏎ Analyse journalière :  ⏎ - Validation d’un double bottom de qualité  ⏎ - Pullback en cours sur le niveau 0,618 du retracement de Fibonacci ⏎ - Trendline baissière en support avec réaction haussière  ⏎ - Divergence RSI validée sur les plus bas  ⏎ - Trendline haussière en support sur le RSI  ⏎ - Tendance haussière en cours sur le RSI"
2974,messages3.html,2024-10-04T14:06:06+00:00,2973,,Analyse hebdomadaire :  ⏎ - Retour sur le dernier plus bas de la tendance haussière long terme  ⏎ - Cassure de la trendline baissière partant des plus hauts sur le RSI  ⏎  ⏎ Analyse journalière :  ⏎ - Divergence RSI validée sur les plus bas  ⏎ - Formation d’une épaule-tête épaule inversée  ⏎ - Zone de demande majeure avec prise de liquidités en-dessous (mèches importantes)  ⏎ - Retour sur le niveau de l’épaule ga
2975,messages3.html,2024-10-07T12:53:08+00:00,,tp2|sl_hit|closed,Point sur les trades en cours :  ⏎ 🟢DOGE/USDT en positif  ⏎ 🟢THETA/USDT en positif  ⏎ 🟢ETH/USDT en positif  ⏎ 🟢AAVE/USDT en positif  ⏎ 🟢SAGA/USDT en positif  ⏎ 🟢FTM/USDT en positif  ⏎ 🟢SUI/USDT en positif  ⏎ 🟢SOL/USDT en positif  ⏎ 🟢TIA/USDT en positif ⏎ 🟢SEI/USDT en positif  ⏎ 🟢LINK/USDT en positif  ⏎  ⏎ Trades clôturés :  ⏎ 🔴PORTAL/USDT : SL touché  ⏎ 🟢JUP/USDT : TP2 touché
2977,messages3.html,2024-10-07T15:34:53+00:00,2976,,"Analyse hebdomadaire :  ⏎ - Moyennes mobiles exponentielles 20, 50 et 100 orientées à la hausse  ⏎  ⏎ Analyse journalière :  ⏎ - Cassure d’une trendline baissière majeure partant des plus hauts  ⏎ - Validation d’un double bottom de qualité avec pullback effectué  ⏎ - Moyennes mobiles exponentielles 20, 50, 100 et 200 orientées à la hausse  ⏎ - Tenfance haussière en cours sur le RSI  ⏎ - Hausse des volumes sur val"
2979,messages3.html,2024-10-09T09:41:34+00:00,2978,,"Analyse mensuelle :  ⏎ - RSI en zone de surachat ⏎  ⏎ Analyse hebdomadaire :  ⏎ - Divergence RSI importante en formation ⏎ - RSI en zone de surachat ++ ⏎  ⏎ Analyse journalière :  ⏎ - Pic de volume du 4 octobre au 8 octobre (annonçant généralement un retournement)  ⏎  ⏎ Analyse H4 :  ⏎ - Cassure d’une zone de support sur le RSI devenant résistance avec pullback en cours  ⏎ - Moyennes mobiles exponentielles 20, 50 et 100 "
2981,messages3.html,2024-10-10T15:13:19+00:00,2980,,Analyse journalière :  ⏎ - Tendance de fond toujours baissière  ⏎ - Aucune formation de structure haussière cohérente pour retourner la tendance  ⏎  ⏎ Analyse H4 :  ⏎ - Formation d’une divergence RSI en cours  ⏎ - Schéma en Accumulation/Manipulation/Distribution  ⏎ - « Fausse » cassure de la phase d’accumulation avec une bougie excessive sans volume particulier  ⏎  ⏎ Analyse H2 :  ⏎ - Création d’une structure baissiè
2983,messages3.html,2024-10-10T16:32:15+00:00,2982,,Analyse hebdomadaire : ⏎ - Cassure d’une trendline baissière majeure partant des plus hauts  ⏎  ⏎ Analyse journalière ;  ⏎ - Tendance haussière toujours en cours  ⏎  ⏎ Analyse H4 :  ⏎ - Prise de liquidités réalisée sous une poche de liquidités  ⏎ - Validation d’un double bottom sur le RSI  ⏎  ⏎ Analyse H2 :  ⏎ - Cassure de la trendline baissière partant des plus hauts avec pullback effectué (bougie avec mèche ++)  ⏎ - Va
2985,messages3.html,2024-10-11T15:07:07+00:00,2984,,Analyse M30 :  ⏎ - Tendance haussière de fond toujours conservée  ⏎ - Divergence RSI en formation  ⏎ - Zone support importante  ⏎  ⏎ Analyse M15 :  ⏎ - Divergence RSI de qualité en formation  ⏎ - Prise de liquidités sous la zone support  ⏎ - Liquidités à aller chercher au-dessus de la session asiatique du jour (carré bleu)
2986,messages3.html,2024-10-11T15:34:09+00:00,2984,breakeven,✅TP1 sur le Nasdaq 🔥 ⏎  ⏎ J’encaisse 50% de la position et place le SL au point d’entrée
2987,messages3.html,2024-10-13T19:01:13+00:00,,recap,"🎯Résumé des trades de la semaine :  ⏎  ⏎ Lundi :  ⏎ 🟡SHIB/USDT : Trade en cours au point d’entrée  ⏎  ⏎ Mardi:  ⏎ 👉Pas de trade ⏎  ⏎ Mercredi :  ⏎ 🔴Gold : Trade en cours en négatif  ⏎  ⏎ Jeudi : ⏎ 🟢USD/CHF : Trade sécurisé en cours en positif  ⏎ 🟢AUD/USD : Trade sécurisé en cours en positif  ⏎  ⏎ Vendredi :  ⏎ 🟢Nasdaq : TP1 ✅ 50% de la position encaissée, trade sécurisé en cours"
2991,messages3.html,2024-10-15T18:07:29+00:00,2988,,❌SL sur EUR/USD
2993,messages3.html,2024-10-16T17:12:49+00:00,2992,,Analyse hebdomadaire :  ⏎ - Tendance long terme haussière  ⏎ - Retour sur la moyenne mobile exponentielle 20 (ayant fait office de support important lors de la correction de mi-cycle au précédent cycle haussier)  ⏎ - Retour sur le niveau 50 du RSI (ayant fait office de support important lors de la correction de mi-cycle au précédent cycle haussier)  ⏎  ⏎ Analyse journalière :  ⏎ - Formation d’un triangle symé
2996,messages3.html,2024-10-18T14:11:05+00:00,2995,,Analyse H4 :  ⏎ - Divergence RSI en formation en zone de surachat  ⏎ - Cassure d’une trendline haussière avec pullback en cours sur le RSI  ⏎  ⏎ Analyse H1 :  ⏎ - Cassure d’une trendline haussière avec pullback en cours  ⏎ - Prise de liquidités effectuée au-dessus de la session asiatique du jour  ⏎ - Réintégration en cours de l’ancien plus haut  ⏎  ⏎ 👉Possibilité comme sur l’ensemble des trades de rentrer en plusie
2998,messages3.html,2024-10-18T17:59:48+00:00,,recap,"🎯Résumé des trades de la semaine :  ⏎  ⏎ Lundi :  ⏎ 👉Pas de trade ⏎  ⏎ Mardi:  ⏎ 🔴EUR/USD : SL  ⏎ 🔴NEAR/USDT : SL  ⏎  ⏎ Mercredi :  ⏎ 🟢SOL/USDT : Trade en cours en positif  ⏎  ⏎ Jeudi : ⏎ 🟡CAD/JPY : Trade en cours en négatif  ⏎  ⏎ Vendredi :  ⏎ 🟢Dow Jones : TP1 ✅ 50% de la position encaissée, repris BE"
3000,messages3.html,2024-10-21T15:56:06+00:00,2999,,Analyse H4 :  ⏎ - Divergence RSI validée ⏎ - Cassure d’une trendline haussière sur le RSI  ⏎ - Zone de FVG à combler entre les 42700 et 42600 ⏎  ⏎ Analyse H2 :  ⏎ - Validation d’une structure baissière sur le RSI  ⏎ - Validation d’une divergence RSI plus court terme  ⏎  ⏎ Analyse H1 :  ⏎ - Cassure d’une trendline haussière partant de plus haut  ⏎  ⏎ + setup baissier identique sur le S&P500
3001,messages3.html,2024-10-21T18:30:57+00:00,2999,,✔️Je sécurise le trade sur le Dow Jones
3002,messages3.html,2024-10-22T15:54:11+00:00,,breakeven,Point sur les trades en cours :  ⏎ 🟢CAD/JPY en positif  ⏎ 🟢Dow Jones en positif  ⏎ 🟢Nasdaq en positif ⏎ 🟢DOGE/USDT en positif  ⏎ 🟢THETA/USDT en positif  ⏎ 🟢ETH/USDT en positif  ⏎ 🟢AAVE/USDT en positif  ⏎ 🟢SAGA/USDT en positif  ⏎ 🟢FTM/USDT en positif  ⏎ 🟢SUI/USDT en positif  ⏎ 🟢SOL/USDT en positif  ⏎ 🟢TIA/USDT en positif ⏎ 🟢SEI/USDT en positif  ⏎ 🟢LINK/USDT en positif  ⏎ 🟡SHIB/USDT au point d’entrée
3004,messages3.html,2024-10-23T14:45:57+00:00,3003,,Analyse hebdomadaire :  ⏎ - RSI en surachat ++ ⏎ - Divergence RSI en formation  ⏎  ⏎ Analyse journalière :  ⏎ - Divergence RSI en formation  ⏎  ⏎ Analyse H4 :  ⏎ - Validation d’une divergence RSI  ⏎  ⏎ Analyse H1 :  ⏎ - Cassure en cours du précédent plus bas de la tendance haussière en cours  ⏎ - Cassure en cours d’une trendline haussière partant des plus bas
3005,messages3.html,2024-10-23T15:45:22+00:00,3003,,✔️Je sécurise le trade sur le Gold
3006,messages3.html,2024-10-23T21:00:40+00:00,2999,tp2,✅TP2 touché sur le Dow Jones 🥳🚀
3007,messages3.html,2024-10-23T21:01:10+00:00,3003,closed,✔️Je sors 50% de la position à l’approche du TP1 sur le Gold
3009,messages3.html,2024-10-24T13:15:01+00:00,3008,,"Analyse journalière :  ⏎ - Formation d’une structure de retournement à la hausse  ⏎ - Moyennes mobiles exponentielles 20, 50 et 100 orientées en support dynamique  ⏎ - Tendance haussière en cours sur le RSI  ⏎  ⏎ Analyse H3 :  ⏎ - Validation d’un double bottom  ⏎ - Cassure d’une trendline baissière intéressante avec pullback en cours  ⏎ - Cassure d’une trendline baissière intéressante avec pullback en cours sur l"
3011,messages3.html,2024-10-25T15:04:12+00:00,3010,breakeven,Analyse précédente toujours valide +  ⏎  ⏎ Analyse H4 :  ⏎ - Validation d’une structure de retournement baissière avec la cassure du dernier plus bas de la tendance haussière  ⏎ - Tendance baissière en cours sur le RSI  ⏎  ⏎ Analyse M30 :  ⏎ - Trendline baissière partant des plus hauts en résistance (3ième point de contact correspondant généralement au meilleur point d’entrée)  ⏎ - Retour sur le dernier plus haut
3012,messages3.html,2024-10-25T15:14:09+00:00,3010,,❌SL sur le Gold
3014,messages3.html,2024-10-29T15:54:43+00:00,3013,,"Analyse journalière :  ⏎ - Cassure d’une trendline baissière majeure avec pullback en cours  ⏎ - Validation d’un double bottom  ⏎ - Retour sur le niveau 0,618 du retracement de Fibonacci de la dernière vague haussière  ⏎ - Zone support majeure sur le RSI  ⏎  ⏎ Analyse H4 :  ⏎ - Trendline haussière partant des plus bas en support  ⏎ - Cassure d’une trendline baissière sur le RSI  ⏎  ⏎ 👉Possibilité de rentrer en plusie"
3016,messages3.html,2024-10-30T14:06:39+00:00,3015,,Analyse journalière :  ⏎ - Forte tendance haussière en cours  ⏎ - Trendline haussière en support sur le RSI  ⏎  ⏎ Analyse H4 :  ⏎ - Cassure d’une trendline baissière partant des plus hauts sur le RSI  ⏎  ⏎ Analyse M30 :  ⏎ - Trendline haussière en support  ⏎ - Prise de liquidités sous la trendline avec mèche importante  ⏎ - Pic sur les volumes souvent à l’origine d’un retournement de tendance  ⏎ - Prise de liquidités e
3017,messages3.html,2024-10-30T16:00:43+00:00,3015,,✔️Je sécurise le trade sur le S&P500
3021,messages3.html,2024-11-01T13:55:53+00:00,3020,,Analyse précédente toujours valide +  ⏎  ⏎ Analyse journalière :  ⏎ - Validation de la cassure de son triangle symétrique de sommet (en vue arithmétique ET logarithmique) ⏎ - Pullback en cours avec tendance haussière préservée  ⏎ - Moyennes mobiles exponentielles parfaitement orientées à la hausse  ⏎ - RAS sur le RSI  ⏎  ⏎ Analyse H4 :  ⏎ - Rebond impulsif sur une zone de demande importante
3022,messages3.html,2024-11-04T16:01:08+00:00,3018,,❌SL sur SEI/USDT
3024,messages3.html,2024-11-04T16:06:31+00:00,3023,closed,"Analyse journalière :  ⏎ - Le prix reste en tendance baissière moyen terme car il n’est pas parvenu à casser l’ancien plus haut de la tendance baissière en cours  ⏎ - Les moyennes mobiles 20, 50, 100 et 200 sont orientées au-dessus du prix, ne remettant pas en question la tendance baissière  ⏎  ⏎ Analyse H4 :  ⏎ - Cassure d’une trendline haussière majeure supportant le prix de depuis septembre  ⏎ - La cassure"
3025,messages3.html,2024-11-04T21:49:07+00:00,3023,,✔️Je sécurise le trade sur ETH/USDT et j’encaisse 50% de la position à l’approche du TP1
3027,messages3.html,2024-11-07T14:39:13+00:00,3026,,"Analyse hebdomadaire :  ⏎ - Tendance haussière long terme « forte » avec structure claire et lisible  ⏎  ⏎ Analyse journalière :  ⏎ - Validation d’un double bottom de qualité  ⏎ - Divergence RSI validée sur les plus bas  ⏎ - Moyennes mobiles exponentielles 20, 50, 100 et 200 parfaitement orientées sous le prix en support dynamique  ⏎ - Zone de FVG à combler à la hausse  ⏎ - Cassure en cours d’une trendline baissi"
3029,messages3.html,2024-11-08T13:58:31+00:00,3028,,"Analyse M30 :  ⏎ - Tendance haussière préalable  ⏎ - Suivi d’une phase de latéralisation ⏎ - Cassure à la hausse de cette phase de latéralisation  ⏎ - Hausse des volumes sur cassure  ⏎ - Moyennes mobiles exponentielles 20, 50, 100 et 200 orientées à la hausse  ⏎  ⏎ Analyse M15 :  ⏎ - Cassure d’une zone de résistance avec pullback en cours sur le RSI  ⏎ - Moyennes mobiles exponentielles 20, 50, 100 et 200 orientées "
3030,messages3.html,2024-11-08T14:59:09+00:00,3028,breakeven|closed,✔️Je sors au point d’entrée sur TIA/USDT  ⏎  ⏎ En attente d’un nouveau point d’entrée
3031,messages3.html,2024-11-08T15:32:22+00:00,3028,,✔️Je reprend la même position sur la cryptomonnaie TIA/USDT
3032,messages3.html,2024-11-08T17:10:31+00:00,3031,,❌SL sur TIA/USDT
3034,messages3.html,2024-11-09T10:31:22+00:00,3033,,"Analyse précédente toujours valide +  ⏎  ⏎ Analyse journalière :  ⏎ - Retour sur une zone de demande majeure avec réaction haussière impulsive  ⏎ - Tendance haussière en cours avec création de plus haut et de plus bas de plus en plus haut  ⏎ - Rebond impulsé sur le niveau clé des 0,786 du retracement de Fibonacci de la dernière vague de hausse  ⏎  ⏎ Analyse H4 :  ⏎ - Création en cours d’une ÉTÉ inversée  ⏎ - Double"
3036,messages3.html,2024-11-11T15:57:28+00:00,3035,,Analyse H4 :  ⏎ - RSI en surachat ++ ⏎ - Divergence RSI de qualité validée en zone de surachat  ⏎  ⏎ Analyse H3 :  ⏎ - Divergence RSI validée en zone de surachat  ⏎ - Validation d’une épaule-tête-épaule sur le RSI  ⏎  ⏎ Analyse H2 :  ⏎ - Liquidités prises au-dessus de la session asiatique du jour  ⏎ - Validation d’une épaule-tête-épaule sur le RSI  ⏎  ⏎ 👉Possibilité de rentrer en plusieurs fois pour lisser le prix d’entr
3037,messages3.html,2024-11-11T17:20:31+00:00,3035,,✔️Je sécurise les trades sur le Nasdaq et la crypto APT/USDT
3038,messages3.html,2024-11-11T18:12:14+00:00,3035,,✅J’encaisse 50% de la position à l’approche du TP1 🔥
3040,messages3.html,2024-11-12T15:06:23+00:00,3039,,Analyse précédente toujours valide +  ⏎  ⏎ Analyse H1 :  ⏎ - Formation d’une épaule-tête-épaule de qualité avec ligne de cou ascendante  ⏎ - Tendance baissière sur le RSI  ⏎  ⏎ Analyse M30 :  ⏎ - Trendline baissière en résistance sur le RSI  ⏎  ⏎ Analyse M15 :  ⏎ - Prise de liquidités effectuée au-dessus de la session aquatique du jour
3041,messages3.html,2024-11-12T16:50:35+00:00,3039,,✔️Je sécurise le trade sur le Nasdaq
3042,messages3.html,2024-11-12T17:22:49+00:00,3039,,✅J’encaisse 50% de la position à l’approche du TP1 🔥
3044,messages3.html,2024-11-13T15:02:58+00:00,3043,,"Setup identique à hier +  ⏎  ⏎ Analyse H1 :  ⏎ - Pullback en cours sur la ligne de cou de l’ÉTÉ ⏎ - Trendline baissière en résistance partant des plus hauts sur le RSI  ⏎ - Trendline baissière partant des plus hauts en résistance sur le prix  ⏎  ⏎ Analyse M30 :  ⏎ - Moyennes mobiles exponentielles 20, 50 et 100 orientées en résistance dynamique  ⏎ - Liquidités prises de part et d’autre de la session asiatique"
3045,messages3.html,2024-11-13T15:06:40+00:00,3043,,"✔️C’est parti vite, je sécurise le trade sur le Nasdaq"
3047,messages3.html,2024-11-15T09:31:15+00:00,3046,,"Analyse H4 :  ⏎ - Forte tendance haussière en cours  ⏎ - RAS sur le RSI  ⏎ - Rebond impulsé sur la moyenne moyenne mobile exponentielle 50  ⏎  ⏎ Analyse H1 :  ⏎ - Validation d’un biseau descendant de qualité  ⏎ - Moyennes mobiles exponentielles 20, 50 et 100 orientées en support dynamiques  ⏎  ⏎ Analyse M30 :  ⏎ - Validation d’un biseau descendant de qualité  ⏎ - Moyennes mobiles exponentielles 20, 50, 100 et 200 orien"
3049,messages3.html,2024-11-18T14:44:42+00:00,3048,,"Analyse journalière :  ⏎ - Tendance haussière en cours selon la théorie de Dow  ⏎ - Moyennes mobiles exponentielles 20, 50, 100 et 200 orientées sous le prix à la hausse  ⏎  ⏎ Analyse H4 :  ⏎ - Zone de support importante avec retest en cours  ⏎ - Retest en cours de la moyenne mobile exponentielle 20 (qui est souvent à l’origine de mouvement impulsif haussier en cas de retest positif)  ⏎  ⏎ Analyse M30 :  ⏎ - Cassur"
3051,messages3.html,2024-11-18T15:20:31+00:00,3050,,"Analyse journalière :  ⏎ - Tendance haussière en cours selon la théorie de Dow  ⏎  ⏎ Analyse H4 :  ⏎ - Trendline haussière majeure partant des plus bas en support  ⏎ - Moyenne mobile exponentielle 200 en support dynamique ⏎ - RSI en sorti de la zone de survente  ⏎   ⏎ Analyse H2 :  ⏎ - Rebond initié dans une zone de FVG  ⏎ - Rebond initié sur le niveau 0,618 du retracement de Fibonacci de la jambe haussière précédent"
3052,messages3.html,2024-11-18T18:31:45+00:00,,breakeven,Point sur les trades en cours :  ⏎ 🟢CAD/JPY en positif  ⏎ 🟢Nasdaq en positif ⏎ 🟢DOGE/USDT en positif  ⏎ 🟢THETA/USDT en positif  ⏎ 🟢ETH/USDT en positif  ⏎ 🟢AAVE/USDT en positif  ⏎ 🟢FTM/USDT en positif  ⏎ 🟢APT/USDT en positif  ⏎ 🟢SUI/USDT en positif  ⏎ 🟢SOL/USDT en positif  ⏎ 🟢TIA/USDT en positif ⏎ 🟢SEI/USDT en positif  ⏎ 🟢LINK/USDT en positif  ⏎ 🟢SHIB/USDT en positif  ⏎ 🟡SAGA/USDT au point d’entrée  ⏎ 🔴AUD/JPY en négatif
3053,messages3.html,2024-11-19T13:32:57+00:00,3050,breakeven|closed,✔️Je sors au point d’entrée sur le Nasdaq  ⏎  ⏎ 👉Validation d’un biseau ascendant de continuation baissière M30
3055,messages3.html,2024-11-19T14:17:00+00:00,3054,,Analyse identique à celle d’hier +  ⏎  ⏎ Analyse H4 :  ⏎ - Divergence RSI de qualité en cours de formation  ⏎ - Cassure de la trendline baissière partant des plus hauts sur le RSI avec pullback en cours  ⏎  ⏎ Analyse H1 :  ⏎ - Liquidités à aller chercher au-dessus de la session asiatique du jour
3056,messages3.html,2024-11-19T16:23:04+00:00,3054,,✅Je sécurise le trade sur le Nasdaq
3058,messages3.html,2024-11-20T09:59:04+00:00,3057,,"Analyse journalière :  ⏎ - Tendance haussière en cours  ⏎  ⏎ Analyse H4 :  ⏎ - Rebond initié sur le niveau 0,382 du retracement de Fibonacci de l’ensemble de l’impulsion haussière précédente  ⏎ - Moyenne mobile exponentielle 50 en support dynamique  ⏎ - Cassure de la trendline baissière partant des plus hauts avec pullback en cours  ⏎  ⏎ Analyse H2 :  ⏎ - Cassure de la trendline baissière partant des plus hauts ave"
3059,messages3.html,2024-11-22T09:16:22+00:00,3048,sl_hit,❌Le SL avait été touché sur SEI/USDT
3060,messages3.html,2024-11-22T09:16:49+00:00,3020,tp1,✅TP1 touché sur SOL/USDT (renfort)
3061,messages3.html,2024-11-22T09:17:15+00:00,2992,tp1,✅TP1 touché sur SOL/USDT (renfort 2)
3062,messages3.html,2024-11-22T12:18:05+00:00,3057,,✅TP1 sur ETH/USDT
3063,messages3.html,2024-11-25T09:12:00+00:00,3054,,✅J’encaisse 50% de la position sur le Nasdaq à l’approche du TP1
3065,messages3.html,2024-11-26T14:29:16+00:00,3064,,"Analyse journalière :  ⏎ - Tendance haussière en cours  ⏎ - RAS sur le RSI (aucune divergence, pas de surachat)  ⏎  ⏎ Analyse H4 :  ⏎ - Tendance haussière en cours  ⏎ - Retour sur le dernier plus bas de la tendance haussière en cours avec réaction haussière  ⏎ - Zone de support sur le RSI  ⏎  ⏎ Analyse H1 :  ⏎ - Tendance haussière en cours  ⏎ - Retour sur le dernier plus bas de la tendance haussière en cours avec réact"
3067,messages3.html,2024-11-26T22:17:08+00:00,3066,,✅Je sécurise le trade sur SEI/USDT à l’approche du TP1
3068,messages3.html,2024-11-27T09:37:54+00:00,3064,,✅Sécurisation du trade sur LINK/USDT
3070,messages3.html,2024-11-27T15:29:13+00:00,3069,,"Analyse journalière :  ⏎ - Tendance haussière long terme préservée  ⏎ - Zone support long terme ayant parfaitement réagit à la hausse  ⏎ - Cassure de la trendline baissière partant des plus hauts  ⏎ - Pullback effectué avec hausse des volumes  ⏎ - Moyennes mobiles exponentielles 20, 50, 100 et 200 orientées en support dynamiques ⏎  ⏎ Analyse H4 :  ⏎ - Cassure d’une trendline baissière sur le RSI avec pullback eff"
3071,messages3.html,2024-11-27T19:31:52+00:00,3057,,✅TP2 sur ETH/USDT 🔥
3072,messages3.html,2024-11-28T09:23:39+00:00,3064,tp1|breakeven,"✅TP1 touché sur LINK/USDT  ⏎  ⏎ 50% de la position encaissée, SL au point d’entrée"
3073,messages3.html,2024-11-28T14:12:47+00:00,2976,tp1|breakeven,"✅TP1 touché sur SHIB/USDT ⏎  ⏎ 50% de la position encaissée, SL au point d’entrée"
3074,messages3.html,2024-11-28T14:17:20+00:00,2940,tp1|breakeven,"✅TP1 touché sur SEI/USDT  ⏎  ⏎ 50% de la position encaissée, SL au point d’entrée"
3075,messages3.html,2024-11-28T14:20:46+00:00,,tp2|breakeven|closed,Point sur les trades en cours :  ⏎ 🟢Nasdaq en positif ⏎ 🟢THETA/USDT en positif (+ renfort) ⏎ 🟢ETH/USDT en positif  ⏎ 🟢AAVE/USDT en positif  ⏎ 🟢FTM/USDT en positif  ⏎ 🟢SUI/USDT en positif  ⏎ 🟢SOL/USDT en positif (+ renfort) ⏎ 🟢TIA/USDT en positif ⏎ 🟢SEI/USDT en positif  ⏎ 🟢LINK/USDT en positif (+ renfort)  ⏎ 🟢SHIB/USDT en positif  ⏎ 🟡SAGA/USDT au point d’entrée  ⏎ 🟡JASMY/USDT au point d’entrée  ⏎  ⏎ Points sur les derniers trad
3077,messages3.html,2024-11-29T16:46:37+00:00,3076,,"Analyse journalière :  ⏎ - Cassure à la hausse d’une phase d’accumulation entre juin et octobre 2024  ⏎ - Création d’une tendance haussière de qualité avec rebond systématique sur le niveau 0,618 du retracement de Fibonacci de la dernière vague de hausse  ⏎ - Trendline haussière en support sur le RSI  ⏎ - Rebond impulsif initié une nouvelle fois sur le niveau 0,618 du retracement de Fibonacci  ⏎ - Moyennes "
3078,messages3.html,2024-11-30T10:21:44+00:00,2884,breakeven,"✅TP1 sur THETA/USDT 🔥 ⏎  ⏎ 50% de la position encaissée, SL au point d’entrée"
3079,messages3.html,2024-12-02T13:19:02+00:00,3064,tp2,✔️TP2 touché sur LINK/USDT 🔥
3081,messages3.html,2024-12-02T18:43:54+00:00,3080,,"Analyse journalière :  ⏎ - Forte tendance haussière en cours  ⏎ - Pas de surachat sur le RSI  ⏎  ⏎ Analyse H4 :  ⏎ - Zone de support sur le RSI  ⏎ - Rebond sur le niveau clé des 0,786 du retracement de Fibonacci  ⏎  ⏎ Analyse H2 :  ⏎ - Trendline haussière partant des plus bas en support (3ième point de contact = souvent le plus important)  ⏎  ⏎ Analyse M30 :  ⏎ - Divergence RSI en cours  ⏎ - Liquidités prises sous la sessi"
3082,messages3.html,2024-12-03T08:32:27+00:00,3080,breakeven|closed,✔️Je sors au point d’entrée sur ETH/USDT  ⏎  ⏎ 👉Le setup ne s’est pas déclenché
3083,messages3.html,2024-12-03T08:34:08+00:00,3069,closed,✅Je sors 50% de la position à l’approche du TP1 sur JASMY/USDT 🔥 ⏎  ⏎ Sécurisation du trade
3085,messages3.html,2024-12-03T14:59:56+00:00,3084,closed,Analyse précédente toujours valide +  ⏎  ⏎ Analyse H1 :  ⏎ - Trendline haussière en support partant des plus bas (3ième point de contact = souvent le plus important)  ⏎ - Zone de support majeure correspond au dernier plus bas de la tendance haussière en cours  ⏎ - Bougie haussière impulsive clôturée avec mèche importante (prise de liquidités effectuée)  ⏎ - Divergence RSI en formation ⏎ - Moyenne mobile exponen
3086,messages3.html,2024-12-04T07:31:29+00:00,3084,closed,✅Je sors 50% de la position à l’approche du TP1 🔥 ⏎  ⏎ Sécurisation du trade
3088,messages3.html,2024-12-04T20:17:26+00:00,3084,closed,✅Je sors 100% de la position à l’approche du TP2 🔥
3089,messages3.html,2024-12-05T12:43:45+00:00,3076,tp1,"✅TP1 touché sur le trade JUP/USDT 🔥 ⏎  ⏎ 50% de la position encaissée, sécurisation du trade"
3093,messages3.html,2024-12-09T13:34:26+00:00,3092,,"Analyse H4 :  ⏎ - Le prix évolue au sein d’un canal haussier  ⏎ - Retour sur la borne basse du canal (3ième point de contact de la trendline haussière = souvent le plus important)  ⏎ - Retour sur le niveau 0,786 du retracement de Fibonacci de la dernière vague de hausse  ⏎  ⏎ Analyse H1 :  ⏎ - Bougie haussière avec mèche démontrant un potentiel rebond  ⏎ - Prise de liquidités effectuée sous une mèche précédente"
3094,messages4.html,2024-12-09T20:49:20+00:00,,sl_hit,❌SL touché sur SEI/USDT
3096,messages4.html,2024-12-10T16:10:53+00:00,3095,,✅J’encaisse 50% de la position à l’approche du TP1 sur le Nasdaq et sécurise la position
3103,messages4.html,2024-12-13T20:30:07+00:00,3102,,"Analyse H1 :  ⏎ - Rebond effectué sur le niveau 0,382 du retracement de Fibonacci de la précédente vague de hausse  ⏎ - Création d’une zone de demande avec multiples retest ⏎ - Prise de liquidités effectuée sous la zone de demande (bougie avec mèche)  ⏎  ⏎ Analyse M30 :  ⏎ - Moyennes mobiles exponentielles 20, 50, 100 et 200 orientées sous le prix en support dynamique"
3105,messages4.html,2024-12-15T20:31:10+00:00,3104,,"Analyse H1 :  ⏎ - Rebond effectué sur le niveau clé des 0,618 du retracement de Fibonacci de la précédente vague de hausse  ⏎ - Cassure de la trendline baissière partant des plus hauts  ⏎ - Validation d’un double bottom avec pullback effectué  ⏎ - Moyennes mobiles exponentielles 20, 50, 100 et 200 orientées en support dynamique  ⏎ - Tendance haussière en cours sur le RSI"
3106,messages4.html,2024-12-16T11:52:58+00:00,3104,,❌SL sur SEI/USDT
3108,messages4.html,2024-12-16T15:44:22+00:00,3107,,✔️Analyse du trade sur ETH/USDT
3109,messages4.html,2024-12-16T17:13:15+00:00,3107,,✔️Je sécurise le trade sur ETH/USDT
3110,messages4.html,2024-12-16T18:55:25+00:00,3107,,✔️TP2 sur ETH/USDT 🔥 ⏎  ⏎ 100% de la position encaissée
3112,messages4.html,2024-12-18T14:57:39+00:00,3111,,Analyse H1 :  ⏎ - Tendance baissière en cours selon la théorie de Dow  ⏎ - Aucun signal de retournement de tendance ⏎ - Trendline baissière partant des plus hauts (ayant fait office de résistance à plusieurs reprises)  ⏎ - Zone de résistance sur le RSI  ⏎ - Moyenne mobile exponentielle 100 orientée en résistance dynamique (ayant fait office de résistance à plusieurs reprises)
3113,messages4.html,2024-12-18T16:57:23+00:00,3111,,❌SL sur US30
3114,messages4.html,2024-12-18T16:57:32+00:00,,,"✔️J’achète la crypto ETH/USDT 3871 ⏎ ❌SL 3780 ⏎ ✅TP1 3976 ⏎ ✅TP2 4204  ⏎  ⏎ 🎯Ratio : 3,6/1  ⏎  ⏎ 📊Type de trade : Swing Trading ⏎  ⏎ FED à 20h00, sécurisation du trade préalable⚠️"
3115,messages4.html,2024-12-18T17:09:26+00:00,3114,breakeven,Analyse H4 :  ⏎ - Tendance haussière en cours avec réaction importante à la hausse sur toutes les zones de demande ⏎ - Retour sur une zone de demande avec prise de liquidités en-dessous (bougie avec mèche)  ⏎ - Moyenne mobile exponentielle 100 orientée en support dynamique  ⏎  ⏎ Analyse M30 :  ⏎ - Formation en cours d’un double bottom  ⏎ - Divergence RSI validée sur les plus bas  ⏎  ⏎ 👉Possibilité de rentrer en plu
3117,messages4.html,2024-12-20T14:22:21+00:00,3116,,"Analyse journalière :  ⏎ - Tendance haussière parfaitement respectée ⏎ - Trendline haussière partant des plus bas en support  ⏎ - Niveau clé des 0,786 du retracement de Fibonacci  ⏎ - Zone de support majeure avec réaction haussière impulsive en cours  ⏎ - Niveau psychologique des 0,40$ ⏎ - FVG à combler à la hausse  ⏎ - Liquidités à aller chercher à la hausse"
3119,messages4.html,2024-12-20T14:25:55+00:00,3118,breakeven,"Analyse journalière :  ⏎ - Trendline haussière partant des plus bas en support  ⏎ - Retour sur le niveau clé des 0,786 du retracement de Fibonacci  ⏎ - Prise de liquidités effectuée sous une poche de liquidités majeures  ⏎ - Niveau psychologique des 0,40$ ⏎ - FVG à combler à la hausse  ⏎ - Liquidités à aller chercher à la hausse ⏎  ⏎ 👉Possibilité de rentrer en plusieurs fois comme sur chaque trade pour lisser son"
3121,messages4.html,2024-12-23T17:13:43+00:00,3120,,"Analyse Journalière :  ⏎ - Tendance haussière long terme selon la théorie de Dow  ⏎ - Rebond effectué sur le niveau clé des 0,786 du retracement de Fibonacci de la précédente vague haussière (du 20 novembre au 8 décembre)  ⏎  ⏎ Analyse M30 :  ⏎ - Cassure du précédent plus haut de la tendance baissière en cours  ⏎ - Suivi d’un retracement sur le niveau clé des 0,618 du retracement de Fibonacci avec multiples r"
3122,messages4.html,2024-12-26T15:48:16+00:00,3120,tp1|sl_hit|breakeven,"✅Le TP1 a été touché sur ETH/USDT  ⏎  ⏎ 50% de la position encaissée et SL au point d’entrée, repris BE"
3124,messages4.html,2024-12-26T15:53:27+00:00,3123,,"Analyse H4 :  ⏎ - Tendance haussière moyen terme en cours selon la théorie de Dow ⏎ - Moyennes mobiles exponentielles 20, 50, 100 et 200 orientées à la hausse  ⏎  ⏎ Analyse H1 :  ⏎ - Validation d’un triangle ascendant de qualité (visualisable sur plusieurs unités de temps)  ⏎ - Moyennes mobiles exponentielles 20, 50, 100 et 200 orientées à la hausse  ⏎ - RAS sur le RSI  ⏎  ⏎ Analyse M30 :  ⏎ - Cassure d’une zone de r"
3125,messages4.html,2024-12-27T15:29:11+00:00,3123,,✔️Je sécurise le trade sur EUR/AUD
3127,messages4.html,2024-12-30T17:52:05+00:00,3126,,"Analyse hebdomadaire :  ⏎ - Pullback en cours sur le plus haut historique avec réaction haussière  ⏎ - Moyennes mobiles exponentielles 20, 50, 100 et 200 parfaitement orientées à la hausse  ⏎  ⏎ Analyse journalière :  ⏎ - Validation d’une épaule-tête-épaule inversée de continuation haussière  ⏎ - Moyennes mobiles exponentielles 20, 50, 100 et 200 parfaitement orientées à la hausse avec réaction en cours sur l"
3130,messages4.html,2025-01-03T13:39:12+00:00,3129,,"Analyse H3 :  ⏎ - Validation d’un triangle symétrique avec cassure à la hausse avec pullback effectué  ⏎ - Pullback effectué sur une trendline baissière partant des plus hauts sur le RSI  ⏎ - Moyennes mobiles 20, 50 et 100 orientée en support (ayant jouées le rôle de S/R à de nombreuses reprises)  ⏎ - FVG à combler entre les 3790$ et 3720$  ⏎  ⏎ Analyse valide sur plusieurs UT (H4/H3/H2/H1) = fiabilité plus i"
3131,messages4.html,2025-01-06T09:40:04+00:00,3129,tp1,"✅TP1 touché sur ETH/USDT 🔥 ⏎  ⏎ 50% de la position encaissée, trade sécurisé"
3135,messages4.html,2025-01-07T14:41:02+00:00,3134,,"Analyse journalière :  ⏎ - Forte tendance haussière en cours  ⏎ - Retour sur le dernier plus bas de la tendance haussière en cours avec réaction haussière importante  ⏎ - Trendline haussière en support partant des plus bas  ⏎ - Moyennes mobiles exponentielles 20, 50, 100 et 200 orientées à la hausse  ⏎ - RAS sur le RSI"
3137,messages4.html,2025-01-08T18:15:41+00:00,3116,,"✔️Je renforce ma position sur la cryptomonnaie SEI/USDT 0,3878 ⏎ ❌SL 0,3254 ⏎ ✅TP identiques  ⏎  ⏎ 🎯Ratio : 11,5/1  ⏎  ⏎ 📊Type de trade : Swing Trading / Moyen terme"
3139,messages4.html,2025-01-09T15:48:56+00:00,3138,,"Analyse hebdomadaire :  ⏎ - Le prix se situe aux alentours du niveau 0,786 du retracement de Fibonacci de l’ensemble de la vague haussière de fin 2023-début 2024  ⏎ - Hausse des volumes en cours  ⏎  ⏎ Analyse journalière :  ⏎ - Cassure de la trendline baissière partant des plus hauts  ⏎ - Pullback en cours sur la trendline baissière  ⏎ - Cassure à la hausse d’une phase de latéralisation avec hausse des volumes "
3142,messages4.html,2025-01-13T22:13:22+00:00,3141,,Analyse H4 :  ⏎ - Divergence RSI en cours  ⏎ - Bougie H4 impulsive haussière en formation  ⏎ - Prise de liquidités effectuée sous un précédent bottom  ⏎  ⏎ Analyse H1 :  ⏎ - Double bottom de qualité validé avec prise de liquidités sur le deuxième bottom (bougies avec mèches)  ⏎ - Hausse des volumes  ⏎ - Divergence RSI validée
3146,messages4.html,2025-01-14T18:47:45+00:00,3141,,👉J’encaisse 50% de ma position à l’approche du TP1 et sécurise le trade sur SEI/USDT
3152,messages4.html,2025-01-19T13:39:37+00:00,3141,tp2,✅Le TP2 avait été touché sur SEI/USDT🔥
3156,messages4.html,2025-01-21T13:35:23+00:00,3155,,"Analyse journalière :  ⏎ - Tendance haussière long terme parfaitement respectée  ⏎ - Moyennes mobiles exponentielles 20, 50, 100 et 200 parfaitement orientées à la hausse  ⏎ - Validation d’un double bottom avec pullback en cours sur la ligne de cour  ⏎  ⏎ Analyse H4 :  ⏎ - Pullback en cours sur la ligne de cou du double bottom ⏎ - Cassure impulsive d’un précédent plus haut à la hausse avec retour sur le niveau "
3158,messages4.html,2025-01-24T15:29:57+00:00,3157,,"Analyse H3  ⏎ - Trendline baissière partant des plus hauts en résistance  ⏎ - Zone de résistance majeure correspond à un ancien plus bas  ⏎ - Tendance baissière en cours selon la théorie de Dow  ⏎ - Retour dans la zone des 0,786 du retracement de Fibonacci de la dernière vague de baisse  ⏎ -Cassure d’une trendline baissière sur le RSI"
3162,messages4.html,2025-01-27T23:08:43+00:00,3161,,"Analyse journalière : ⏎ - Retour sur le niveau clé des 0,786 du retracement de Fibonacci de l’ensemble du mouvement haussier de août à novembre  ⏎ - Divergence RSI en cours  ⏎ - Vague de Wolfe en formation  ⏎  ⏎ Analyse M30 :  ⏎ - Validation d’un double bottom  ⏎ - Hausse des volumes en cours  ⏎ - Pullback en cours sur la ligne de cou ⏎ - Tendance haussière sur le RSI  ⏎  ⏎ Analyse M15 :  ⏎ - Moyennes mobiles exponentiel"
3166,messages4.html,2025-01-29T15:14:06+00:00,3165,,"Analyse hebdomadaire :  ⏎ - Divergence RSI en formation  ⏎  ⏎ Analyse journalière :  ⏎ - Cassure du dernier plus bas de la tendance haussière long terme  ⏎  ⏎ Analyse H4 :  ⏎ - Validation d’une structure baissière avec cassure du précédent plus bas de la tendance haussière en cours  ⏎ - Retour sur le niveau 0,618 du retracement de Fibonacci de la première impulsion baissière  ⏎ - Divergence RSI validée sur les plus"
3167,messages4.html,2025-01-30T09:33:25+00:00,3157,tp1|breakeven,✅TP1 touché sur la paire CHF/JPY 🔥 ⏎  ⏎ J’encaisse 50% de la position et place le SL au point d’entrée
3169,messages4.html,2025-01-30T13:56:52+00:00,3168,,Analyse journalière :  ⏎ - Tendance haussière long terme préservée avec retour sur le dernier plus bas de la tendance haussière  ⏎ - Création en cours d’un biseau descendant de qualité avec 3 points de contacts sur la trendline inférieure  ⏎ - Vague de Wolfe haussière en formation  ⏎ - Prise de liquidités (bougie avec mèche importante) sur la bougie du 13 janvier  ⏎ - Divergence RSI en formation  ⏎  ⏎ + Cyclici
3172,messages4.html,2025-01-31T13:23:52+00:00,3171,,Analyse journalière :  ⏎ - Validation d’un double bottom après avoir rebondi sur un niveau de support clé (correspondant au précédent plus bas de la tendance haussière moyen terme)  ⏎ - Pullback effectué sur la ligne de cou  ⏎ - Cassure d’une trendline baissière partant des plus hauts sur le RSI avec pullback en cours  ⏎  ⏎ Analyse H2 :  ⏎ - Cassure d’une trendline baissière partant des plus hauts avec pullba
3173,messages4.html,2025-01-31T20:13:59+00:00,3171,,❌SL sur BTC/USDT
3175,messages4.html,2025-01-31T20:18:01+00:00,3174,,"Analyse mensuelle :  ⏎ - Validation d’un double bottom de qualité  ⏎ - Tendance haussière en cours selon la théorie de Dow  ⏎ - Moyenne mobile exponentielle 50 en support dynamique  ⏎  ⏎ Analyse hebdomadaire :  ⏎ - Retour sur le niveau clé des 0,786 du retracement de Fibonacci de la précédente vague haussière  ⏎ - Moyenne mobile exponentielle 100 en support dynamique  ⏎ - Rebond haussier impulsif en cours  ⏎ - RAS "
3177,messages4.html,2025-02-03T10:43:11+00:00,3176,,"Analyse journalière :  ⏎ - Pic de liquidation important en cours (lors 5 août 2024, ce pic avait marqué le bottom)  ⏎ - Gap CME majeur à combler  ⏎  ⏎ Analyse M15 :  ⏎ - Validation d’un double bottom  ⏎ - Pullback effectué  ⏎ - FVG importante à combler (bougie rouge baissière non comblée)"
3178,messages4.html,2025-02-03T15:32:09+00:00,3176,breakeven,✔️Je sécurise la position sur ETH/USDT et passe le SL au point d’entrée
3179,messages4.html,2025-02-03T18:43:37+00:00,3176,tp1,✅TP1 touché sur ETH/USDT  ⏎  ⏎ J’encaisse 50% de la position
3181,messages4.html,2025-02-06T15:58:06+00:00,3180,,Analyse hebdomadaire :  ⏎ - Zone de résistance long terme  ⏎ - Tendance baissière long terme en cours selon la théorie de Dow  ⏎  ⏎ Analyse journalière :  ⏎ - Trendline baissière partant des plus hauts en résistance avec deux échecs consécutifs  ⏎ - Cassure d’une trendline haussière sur le RSI avec pullback effectué  ⏎ - Structure baissière validée avec cassure du dernier plus bas de la tendance haussier en cou
3183,messages4.html,2025-02-07T10:04:14+00:00,3182,,"Analyse hebdomadaire :  ⏎ - Retour sur une zone de support long terme majeure avec prise de liquidités en-dessous (bougie avec mèche importante)  ⏎  ⏎ Analyse journalière :  ⏎ - Pic de volumes annonçant une potentielle capitulation du marché  ⏎ - RSI en zone de survente  ⏎ - Zone de support long terme  ⏎  ⏎ Analyse H4 :  ⏎ - Divergence RSI en cours de validation  ⏎  ⏎ Analyse M30 :  ⏎ - Rebond effectué sur le niveau 0,78"
3185,messages4.html,2025-02-11T15:43:13+00:00,3184,,"Analyse M15 :  ⏎ - Rebond impulsif initié sur les 0,618 du retracement de Fibonacci de la dernière vague de hausse  ⏎ - Cassure d’une zone de résistance sur le RSI  ⏎ - Moyennes mobiles exponentielles 20, 50, 100 et 200 orientées sous le prix  ⏎ - Divergence RSI validée  ⏎ - Prise de liquidités sous le bas de la session asiatique du jour effectué"
3186,messages4.html,2025-02-11T19:42:35+00:00,3184,breakeven,✔️Je sécurise la position sur le S&P500 et place le SL au point d’entrée
3188,messages4.html,2025-02-13T15:37:20+00:00,3187,,"Analyse journalière  :  ⏎ - Tendance de fond haussière  ⏎ - Validation d’un biseau descendant ⏎ - Moyennes mobiles exponentielles 20, 50, 100 et 200 parfaitement orientées à la hausse  ⏎  ⏎ Analyse H3 :  ⏎ - Cassure d’une trendline baissière majeure avec pullback effectuée  ⏎ - Prise de liquidités effectuée sous la trendline (bougie avec mèche)  ⏎ - Cassure d’une trendline baissière majeure sur le RSI avec pullba"
3189,messages4.html,2025-02-13T20:15:25+00:00,3187,,✔️Je sécurise la position sur le Nasdaq
3190,messages4.html,2025-02-18T16:34:43+00:00,3187,closed,✔️Je sors 100% de ma position sur le Nasdaq
3192,messages4.html,2025-02-19T16:26:48+00:00,3191,breakeven|closed,"👉Je sors au point d’entrée sur le Nasdaq, les liquidités au-dessus de la session asiatique du jour n’ont pas encore été prises. Je rentrerai en cas de retour au-dessus.  ⏎  ⏎ Elles sont généralement prises 7/10."
3194,messages4.html,2025-02-20T15:28:38+00:00,3192,tp1,"✅Bravo à ceux en position, TP1 touché sur le Nasdaq"
3196,messages4.html,2025-02-24T15:53:25+00:00,3195,,"Analyse hebdomadaire :  ⏎ - RSI en surachat ++  ⏎ - Divergence RSI majeure en formation  ⏎ - Hausse des volumes pouvant indiquer une distribution des gros portefeuilles  ⏎  ⏎ Analyse journalière :  ⏎ - Divergence RSI en formation  ⏎ - RSI en zone de surachat  ⏎ - Niveau de résistance clé des 1,618 de l’extension de Fibonacci  ⏎ - Cassure d’une trendline haussière sur le RSI  ⏎  ⏎ Analyse H1 :  ⏎ - Prise de liquidités eff"
3198,messages4.html,2025-02-25T08:44:45+00:00,3197,,Analyse mensuelle :  ⏎ - Retour sur une zone de demande majeure  ⏎ - Aucun signal de retournement long terme  ⏎  ⏎ Analyse hebdomadaire :  ⏎ - Trendline haussière partant des plus bas en support  ⏎ - Prise de liquidités effectuée sous la trendline et sous une zone support majeure  ⏎ - Liquidités à aller chercher à la hausse (au-dessus des 3 points définissant une zone de résistance)  ⏎  ⏎ Analyse journalière :  ⏎ - D
3200,messages4.html,2025-02-28T14:50:38+00:00,3199,,"Analyse H4 :  ⏎ - Création d’une tendance haussière en cours  ⏎ - Rebond haussier effectué dans une zone de demande majeure  ⏎ - Trendline haussière partant des plus bas en support  ⏎ - RAS sur le RSI  ⏎ - Moyennes mobiles exponentielles 20, 50, 100 et 200 orientées à la hausse"
3205,messages4.html,2025-03-04T14:08:53+00:00,3204,,"Analyse hebdomadaire :  ⏎ - Retour sur le niveau 0,618 du retracement de Fibonacci d’une vague de hausse long terme  ⏎ - Création d’une structure haussière sur le RSI  ⏎  ⏎ Analyse journalière :  ⏎ - Validation en cours d’un double bottom de qualité  ⏎ - Cassure de la trendline baissière partant des plus hauts  ⏎ - Moyennes mobiles exponentielles 20 et 50 orientées en support dynamique  ⏎ - Tendance haussière en "
3207,messages4.html,2025-03-06T14:41:04+00:00,3206,,"Analyse Hebdomadaire :  ⏎ - Tendance haussière long terme toujours valide ⏎ - Retour sur le niveau 0,786 du retracement de Fibonacci de la dernière vague haussière (qui est le dernier niveau fiable avant une invalidation du setup)  ⏎ - Retour sur une zone de demande majeure long terme  ⏎ - Prise de liquidités effectuée sous la zone de demande  ⏎ - Structure long terme en vague elliottiste 1-2-3-4-5, avec re"
3208,messages4.html,2025-03-07T09:52:09+00:00,3199,tp1,"✅TP1 touché sur GBP/CHF, 50% de la position encaissée 🔥 ⏎  ⏎ 👉Position sécurisée, repris BE"
3209,messages4.html,2025-03-07T09:52:43+00:00,3204,,"✅TP1 sur EUR/USD, j’encaisse 50% de la position 🔥 ⏎  ⏎ Trade sécurisé"
3210,messages4.html,2025-03-07T09:53:14+00:00,3195,tp1,"✅TP1 touché sur le Gold, 50% de la position encaissée 🔥 ⏎  ⏎ 👉Position sécurisée, repris BE"
3211,messages4.html,2025-03-07T09:53:53+00:00,3193,,"✅TP1 sur USD/CHF, j’encaisse 50% de la position 🔥 ⏎  ⏎ Trade sécurisé"
3213,messages4.html,2025-03-10T17:05:26+00:00,3212,,"Analyse mensuelle :  ⏎ - Divergence RSI en cours en zone de surachat  ⏎  ⏎ Analyse hebdomadaire :  ⏎ - Divergence RSI en cours en zone de surachat  ⏎  ⏎ Analyse hebdomadaire :  ⏎ - Divergence RSI validée sur les plus hauts  ⏎ - Cassure d’une trendline haussière sur le RSI  ⏎ - Validation d’une structure de retournement baissière sur le prix  ⏎ - Zone des 1,618 de l’extension de Fibonacci de la dernière vague de baiss"
3214,messages4.html,2025-03-13T15:22:39+00:00,3212,,❌SL sur le Gold
3216,messages4.html,2025-03-13T15:26:15+00:00,3215,,"Analyse Hebdomadaire :  ⏎ - Tendance haussière long terme toujours valide ⏎ - Prise de liquidités multiples effectuées sous une zone demande majeure, sous les 0,786 du retracement de Fibonacci (en-dessous il n’y a plus aucun intérêt à y aller)  ⏎ - Structure long terme en vague elliottiste 1-2-3-4-5, avec retracement en cours en A-B-C  ⏎ - Vague de retracement A = vague de retracement C  ⏎ - Baisse croissan"
3218,messages4.html,2025-03-14T13:45:48+00:00,3217,,"Analyse Journalière :  ⏎ - Retour sur le niveau 0,618 de la dernière vague de hausse  ⏎ - Pic de volumes effectué le 6 mars (généralement synonyme de bottom proche)  ⏎ - RSI en zone de survente (la dernière fois c’était en janvier 2022)  ⏎  ⏎ Analyse H4 :  ⏎ - Validation d’une divergence RSI en zone de survente  ⏎ - Formation en cours d’une structure haussière (encore non validée)  ⏎  ⏎ Analyse H2 :  ⏎ - Zone de rési"
3221,messages4.html,2025-03-17T15:33:34+00:00,3220,,Analyse hebdomadaire :  ⏎ - Zone de résistance majeure  ⏎ - Bougie englobante baissière validée avec réintégration de la zone  ⏎ - Pic de volumes souvent en lien avec un retournement de tendance  ⏎  ⏎ Analyse journalière :  ⏎ - Divergence RSI validée  ⏎ - Structure baissière en formation avec cassure du précédent plus bas de la tendance haussière en cours  ⏎ - Pic des volumes sur les plus hauts  ⏎ - Deuxième refus 
3222,messages4.html,2025-03-17T20:15:54+00:00,3217,,✔️Trade sécurisé sur le Nasdaq
3227,messages4.html,2025-03-25T15:32:38+00:00,3226,,Analyse journalière :  ⏎ - Rebond dans une zone de demande majeure  ⏎ - Divergence RSI validée sur les plus bas  ⏎ - Cassure de la trendline haussière partant des plus hauts  ⏎ - Cassure en cours d’une zone de résistance sur le RSI  ⏎ - Moyenne mobile exponentielle 20 en support (ayant jouée le rôle à de nombreuses reprises de S/R)
3231,messages4.html,2025-03-28T14:27:51+00:00,3230,,❌SL sur le Nasdaq
3233,messages4.html,2025-04-01T16:31:08+00:00,3232,,Analyse hebdomadaire :  ⏎ - Tendance haussière long terme toujours valide  ⏎ - Retour sur le précédent plus bas de la tendance haussière long terme  ⏎ - Zone de support sur le RSI  ⏎  ⏎ Analyse journalière :  ⏎ - Retour sur la borne basse d’une zone de latéralisation long terme = Potentielle zone de demande majeure  ⏎ - Divergence RSI en cours de formation  ⏎  ⏎ + Crypto avec des « fondamentaux » solides qui présen
3236,messages4.html,2025-04-04T17:47:33+00:00,3234,,❌SL Nasdaq
3237,messages4.html,2025-04-04T17:48:17+00:00,3180,closed,✅TP2 sur USD/CHF 🔥 ⏎  ⏎ Je sors 100% de ma position
3239,messages4.html,2025-04-04T17:49:14+00:00,3204,closed,✅TP2 sur EUR/USD 🔥 ⏎  ⏎ Je sors 100% de ma position
3241,messages4.html,2025-04-07T16:08:38+00:00,3240,,Analyse hebdomadaire :  ⏎ - Tendance haussière long terme toujours  ⏎ - Zone de support sur le RSI  ⏎ - Volumes en forte baisse = désintérêt des investisseurs = souvent les meilleurs points d’entrées  ⏎  ⏎ Analyse journalière :  ⏎ - Zone de demande majeure  ⏎ - Prise de liquidités effectuée sous la zone  ⏎ - Divervence RSI en formation  ⏎  ⏎ 👉Possibilité d’attendre la formation d’une structure haussière avec validati
3243,messages4.html,2025-04-08T15:04:36+00:00,3242,,Analyse journalière :  ⏎ - Tendance haussière long terme toujours valide  ⏎ - Retour sur la dernière zone de demande majeure avec prise de liquidités en-dessous  ⏎ - Bougie avec mèche importante permettant de montrer que les acheteurs défendent fortement la zone  ⏎ - Pic sur les volumes démontrant généralement un bottom  ⏎  ⏎ 👉Possibilité de renforcer sur la cassure de l’oblique baissière sur le RSI
3244,messages4.html,2025-04-11T16:21:34+00:00,3220,breakeven,✅TP1 sur USD/CAD 🔥 ⏎  ⏎ J’encaisse 50% de la position et place le SL au point d’entrée
3246,messages4.html,2025-04-15T14:56:15+00:00,3245,,"Analyse H1 :  ⏎ - Validation d’un double top sur les plus hauts  ⏎ - Pullback effectué sur la ligne de cou avec rejet important + comblement d’une FVG au point près  ⏎ -  Formation en cours d’un triangle ascendant démontrant la faiblesse des mouvements haussiers  ⏎ - Trendline baissière en résistance sur le RSI partant des plus hauts  ⏎ - Moyennes mobiles exponentielles 20, 50, 100 et 200 orientées à la bai"
3248,messages4.html,2025-04-16T15:44:26+00:00,3247,,"Analyse journalière :  ⏎ - Divergence RSI validée  ⏎ - Cassure d’une trendline baissière majeure partant des plus hauts sur le RSI  ⏎ - Cassure d’une trendline baissière majeure partant des plus hauts sur le prix   ⏎  ⏎ Analyse H4 :  ⏎ - Deuxième pullback en cours sur la trendline baissière partant des plus hauts  ⏎ - Moyennes mobiles exponentielles 20, 50, 100 et 200 orientées à la hausse sous le prix  ⏎ - Valid"
3251,messages4.html,2025-04-22T14:40:24+00:00,3250,,"Analyse hebdomadaire :  ⏎ - Schéma long terme en vague elliottiste 1-2-3-4-5  ⏎ - Actuellement dans la 4ième vague en correction ABC avec A = C  ⏎ - Réintégration du niveau 0,786 du retracement de Fibonacci de la dernière vague haussière hebdomadaire démontrant un momentum haussier  ⏎  ⏎ Analyse journalière : ⏎ - Prise de liquidités effectuée sous une zone de demande long terme  ⏎ - Validation d’un double botto"
3252,messages4.html,2025-04-25T14:18:28+00:00,3247,tp2,✅TP2 touché sur le Bitcoin 🔥
3254,messages4.html,2025-04-25T15:19:34+00:00,3253,,"Analyse hebdomadaire :  ⏎ - Tendance long terme intacte avec la création d’un nouveau plus haut indique que cette dernière reste haussière  ⏎ - Réintégration des 0,786 du retracement de Fibonacci de la dernière vague haussière indiquant un momentum haussier  ⏎  ⏎ Analyse journalière :  ⏎ - Validation d’une épaule tête épaule de qualité (tête = 2X supérieure aux épaules)  ⏎ - Rebond effectué dans une zone de d"
3256,messages4.html,2025-04-28T16:42:45+00:00,3255,,❌SL sur le S&P500
3258,messages4.html,2025-04-28T16:47:26+00:00,3257,closed,Analyse journalière :  ⏎ - Sortie de la zone de surachat  ⏎ - Divergence RSI en formation  ⏎  ⏎ Analyse M15 :  ⏎ - Retour sur une zone de résistance  ⏎ - RSI en surachat  ⏎ - Prise de liquidités effectuée au-dessus de la zone  ⏎  ⏎ Analyse M5 :  ⏎ - Divergence RSI validée  ⏎  ⏎ Analyse M3 :  ⏎ - Validation d’un double top
3260,messages4.html,2025-04-29T16:38:46+00:00,3259,,"Analyse H2 :  ⏎ - Double bottom de qualité validé sur les plus bas avec cassure de la ligne de cou avec bougie pleine ⏎ - Cassure d’une trendline baissière avec 3 points de contacts et réaction haussière en cours ⏎ - Moyennes mobiles exponentielles 20, 50, 100 et 200 orientées en support dynamiques  ⏎  ⏎ Analyse H1 :  ⏎ - Trendline baissière également visible (= plus une pattern est visible sur différentes un"
3262,messages4.html,2025-04-30T16:17:38+00:00,3261,,"Analyse journalière :  ⏎ - Validation d’un double bottom avec pullback en cours sur la ligne de cou ⏎ - Cassure à la hausse de la trendline baissière partant des plus hauts  ⏎ - Validation d’un double bottom sur le RSI  ⏎  ⏎ Analyse H4 :  ⏎ - Retour sur une zone de polarité majeure avec réaction haussière en cours  ⏎ - Moyennes mobiles exponentielles 20, 50, 100 et 200 orientées à la hausse  ⏎ - RAS sur le RSI  ⏎  ⏎ "
3264,messages4.html,2025-05-01T18:34:33+00:00,3261,breakeven,✔️Je sécurise le trade sur le Nasdaq et place le SL au point d’entrée
3265,messages4.html,2025-05-01T18:34:52+00:00,3259,breakeven,✔️Je sécurise le trade sur le Dow Jones et place le SL au point d’entrée
3267,messages4.html,2025-05-06T14:45:22+00:00,3266,,Analyse hebdomadaire :  ⏎ - Formation d’une structure baissière avec cassure du précédant plus bas de la tendance haussière long terme  ⏎ - Cassure de la trendline haussière partant des plus bas avec pullback effectué  ⏎ - Création d’un nouveau plus bas indiquant une forte probabilité de retournement de tendance à la baisse moyen / long terme  ⏎  ⏎ Analyse journalière : ⏎ - Tendance baissière en cours selon l
3269,messages4.html,2025-05-08T16:18:50+00:00,3268,,Analyse journalière :  ⏎ - Bottom effectué dans une zone de FVG  ⏎ - Divergence RSI validée sur les plus bas  ⏎ - Cassure de la trendline baissière partant des plus hauts ⏎ - Épaule-tête-épaule inversée en cours de formation  ⏎ - Tendance haussière en cours sur le RSI  ⏎ - Cassure en cours de la moyenne mobile exponentielle 20 (ayant fait office de S/R à de nombreuses reprises) ⏎ - Zone de FVG à aller combler à
3273,messages4.html,2025-05-09T14:51:49+00:00,3271,,"Analyse journalière :  ⏎ - Structure haussière en vague elliottiste  ⏎ - Impulsion en cours de la 5ième et dernière vague  ⏎ - Rebond effectué sur une zone de support sur le RSI  ⏎  ⏎ Analyse journalière :  ⏎ - Validation d’une divergence RSI sur les plus bas  ⏎ - Validation d’une épaule-tête-épaule inversée de qualité (ligne de cou descendante, tête = 2X supérieure aux épaules)  ⏎ - Cassure franche de la ligne d"
3274,messages4.html,2025-05-12T13:55:13+00:00,3261,tp1,✔️TP1 touché sur le Nasdaq 🔥
3275,messages4.html,2025-05-12T13:56:27+00:00,3259,tp1,✔️TP1 touché sur le Dow Jones 🔥
3280,messages4.html,2025-05-15T16:51:27+00:00,3279,,"Analyse précédente toujours valide +  ⏎  ⏎ Analyse journalière :  ⏎ - Cassure à la hausse d’une zone de polarité majeure avec pullback en cours  ⏎ - Cassure de la trendline baissière partant des plus hauts avec pullback en cours  ⏎ - Moyennes mobiles exponentielles 20, 50 et 100 orientées en support dynamiques  ⏎ - RAS sur le RSI  ⏎ - RAS sur les volumes"
3284,messages4.html,2025-05-16T11:16:04+00:00,3281,,"Analyse hebdomadaire :  ⏎ - Schéma typique en 5 vagues elliottistes  ⏎ - Actuellement le rebond fait espérer le début de cette 5ième et dernière vague haussière  ⏎ - À noter que FET a parfaitement realisé un cycle haussier et baissier elliottistes entre mars 2020 et novembre 2022  ⏎ - Baisse croissante des volumes, montrant un désintérêt des investisseurs  ⏎  ⏎ Analyse journalière :  ⏎ - Réintégration d’une zon"
3287,messages4.html,2025-05-20T16:12:05+00:00,3285,,"Analyse H4 :  ⏎ - Tendance haussière en cours selon la théorie de Dow (cassure de l’ancien ATH) ⏎  ⏎ Analyse H1 (photo 1) :  ⏎ - Retour sur le niveau 0,786 du retracement de Fibonacci de la dernière vague de hausse  ⏎ - Validation d’une structure haussière avec cassure du dernier plus haut de la tendance baissière court terme  ⏎ - Divergence haussière RSI validée sur les plus bas  ⏎  ⏎ Analyse M30 (photo 2) :  ⏎ - "
3288,messages4.html,2025-05-20T16:12:05+00:00,3285,,
3289,messages4.html,2025-05-22T08:34:34+00:00,3285,,❌SL sur EUR/JPY
3290,messages4.html,2025-05-22T08:35:23+00:00,3240,,✔️TAO/USD en positif + renfort en positif
3291,messages4.html,2025-05-22T08:36:05+00:00,3226,,✔️DOT/USD en positif
3292,messages4.html,2025-05-22T08:36:25+00:00,3242,,✔️XRP/USD en positif
3293,messages4.html,2025-05-22T08:36:56+00:00,3253,,✔️ONDO/USD en positif
3294,messages4.html,2025-05-22T08:38:23+00:00,3220,,✔️USD/CAD en positif
3295,messages4.html,2025-05-22T08:38:44+00:00,3268,,✔️CKB/USD en positif
3296,messages4.html,2025-05-22T08:39:02+00:00,3281,,✔️FET/USD en positif
3297,messages4.html,2025-05-22T08:39:25+00:00,3250,,✔️RENDER/USD en positif + renfort en positif
3298,messages4.html,2025-05-22T08:39:49+00:00,3261,,✔️Nasdaq en positif
3299,messages4.html,2025-05-22T08:40:07+00:00,3259,,✔️Dow Jones en positif
3302,messages4.html,2025-05-22T14:59:33+00:00,3301,,Analyse hebdomadaire :  ⏎ - Zone de demande majeure long terme sur le prix  ⏎ - Zone de support sur le RSI  ⏎  ⏎ Analyse journalière :  ⏎ - Réintégration de la zone de demande avec retest en cours  ⏎ - Validation d’une épaule-tête-épaule inversée  ⏎ - Tendance haussière en cours selon la théorie de Dow avec création de plus bas et plus haut de plus en plus haut  ⏎ - Tendance haussière en cours sur le RSI  ⏎  ⏎ Analys
3304,messages4.html,2025-05-26T14:07:23+00:00,3303,,"Analyse journalière :  ⏎ - Réintégration d’une zone de polarité majeure avec pullback effectué dessus  ⏎ - Zone de support sur le RSI  ⏎ - Tendance haussière en cours selon la théorie de Dow  ⏎ - Moyenne mobile exponentielle 50 en support dynamique (ayant jouée le rôle à de nombreuses reprises de S/R)  ⏎ - RAS au niveau des volumes  ⏎  ⏎ Analyse H4 :  ⏎ - Rebond effectué dans la zone clé des 0,618 du retracement "
3306,messages4.html,2025-05-28T16:34:21+00:00,3305,closed,"Analyse hebdomadaire :  ⏎ - RSI en sortie de zone de surachat  ⏎ - Divergence RSI en formation sur le RSI  ⏎  ⏎ Analyse journalière :  ⏎ - Validation d’une structure de retournement baissière  ⏎  ⏎ Analyse H4 :  ⏎ - Trendline baissière en résistance partant des plus hauts (3ième point de contact = le plus important)  ⏎ - Retour dans la zone clé 0,618-0,786 de la dernière vague de baisse  ⏎ - Validation d’un double to"
3308,messages4.html,2025-05-30T15:11:51+00:00,3307,,Analyse H1 :  ⏎ - Retour sur une zone de polarité majeure ayant fait office de S/R à de nombreuses reprises  ⏎ - Aucune structure de retournement baissière validée (= probabilité toujours haussière)  ⏎ - Retour sur le dernier plus bas de la tendance haussière en cours  ⏎ - Formation d’une divergence RSI en cours  ⏎ - Prise de liquidités effectuée sous la session asiatique du jour  ⏎  ⏎ + Structure identique sur
3309,messages4.html,2025-05-30T17:37:07+00:00,3307,,❌SL sur le Nasdaq
3311,messages4.html,2025-06-02T14:50:16+00:00,3310,,Setup précédent toujours valide +  ⏎  ⏎ Analyse H2 :  ⏎ - Prise de liquidités effectuée sous la session asiatique du jour  ⏎ - Rebond impulsif effectué sur une trendline baissière partant des plus hauts sur le RSI  ⏎ - Cassure en cours de la moyenne mobile exponentielle 75 (la plus intéressante sur cette unité de temps au vu des réactions précédentes dessus)
3312,messages4.html,2025-06-04T15:07:27+00:00,3305,,❌SL sur le Gold
3313,messages4.html,2025-06-04T15:07:36+00:00,3310,breakeven,"✅TP1 sur le Nasdaq, j’encaisse 50% de la position et place le SL au point d’entrée 🔥"
3316,messages4.html,2025-06-05T14:52:21+00:00,3314,,"Analyse hebdomadaire :  ⏎ - Zone de résistance majeure long terme avec réintégration baissière en cours  ⏎  ⏎ Analyse journalière :  ⏎ - Formation en cours d’une épaule-tête-épaule de qualité (tête > 2X supérieure aux épaules, ligne de cou ascendante)  ⏎ - Moyennes mobiles exponentielles 20 et 50 orientées en résistance dynamique  ⏎ - Validation d’une divergence RSI sur les plus hauts  ⏎ - Zone de résistance su"
3320,messages4.html,2025-06-09T13:54:08+00:00,3319,closed,Analyse H4 :  ⏎ - Forte tendance haussière préalable suivie d’une phase de latéralisation (= probabilité de sortie haussière plus importante)  ⏎ - Création d’une zone de polarité majeure ayant jouée le rôle de support à de nombreuses reprises  ⏎ - Fausse cassure à la baisse avec prise de liquidités puis réintégration avec Retest de la zone support  ⏎ - Réaction haussière importante démontrant une potentie
3322,messages4.html,2025-06-11T13:46:48+00:00,3321,,"Analyse journalière :  ⏎ - Tendance haussière en cours  ⏎ - Réaction haussière effectuée sur le dernier plus bas de la tendance haussière en cours (= recherche de setup haussier)  ⏎ - Moyennes mobiles exponentielles 20, 50 et 100 orientées en support dynamiques  ⏎  ⏎ Analyse H2 :  ⏎ - Cassure de la trendline baissière partant des plus hauts avec pullback effectué  ⏎ - Retest en cours d’une zone de polarité maje"
3323,messages4.html,2025-06-13T10:10:09+00:00,3321,sl_hit,❌SL touché sur FET/USD
3324,messages4.html,2025-06-13T10:10:15+00:00,3319,tp1|breakeven,✅TP1 avait été touché sur ETH/USD 🔥 ⏎  ⏎ 50% de la position encaissée et SL au point d’entré
3327,messages4.html,2025-06-13T17:14:34+00:00,3325,,Analyse hebdomadaire : ⏎ - Aucune figure de retournement validée  ⏎ - RAS sur le RSI  ⏎  ⏎ Analyse journalière :  ⏎ - Retour sur une zone de demande majeure avec prise de liquidités effectuée en-dessous  ⏎ - Cassure de la trendline baissière partant des plus hauts sur le RSI  ⏎ - Moyenne mobile exponentielle 200 en support dynamique  ⏎  ⏎ Analyse H4 :  ⏎ - Formation d’une figure de retournement à la hausse avec cassu
3330,messages4.html,2025-06-17T15:05:56+00:00,3328,,"Analyse journalière :  ⏎ - Cassure de la trendline baissière partant des plus hauts  ⏎ - Pullback effectué sur la trendline baissière  ⏎ - Double bottom validé sur les plus bas avec retest de la ligne de cou  ⏎ - Divergence RSI validée sur les plus bas  ⏎ - Moyennes mobiles exponentielles 20, 50, 100 et 200 orientées en support dynamiques ⏎  ⏎ Analyse H1 :  ⏎ - Validation d’une figure de continuation haussière en"
3331,messages4.html,2025-06-17T20:04:21+00:00,3328,,✔️Sécurisation du trade sur EUR/GBP
3332,messages4.html,2025-06-19T20:28:16+00:00,3328,tp1|breakeven,"✅TP1 touché sur EUR/GBP, 50% de la position encaissée 🔥 ⏎  ⏎ Repris BE au point d’entrée"
3334,messages4.html,2025-06-20T13:53:37+00:00,3333,,"Analyse H4 :  ⏎ - Rebond impulsif sur une zone de polarité majeure  ⏎ - Cassure de la trendline baissière partant des plus hauts avec pullback effectué  ⏎ - Cassure du dernier plus haut de la tendance baissière en cours  ⏎ - Prise de liquidités effectuée sous la zone de polarité  ⏎ - Divergence RSI en formation (qualité moyenne)  ⏎ - Moyennes mobiles exponentielles 20, 50, 100 et 200 orientées à la hausse"
3335,messages4.html,2025-06-20T16:45:21+00:00,3333,,✔️Je renforce ma position sur Bitcoin 104 500  ⏎ ❌SL et ✅TP identiques
3336,messages4.html,2025-06-20T18:24:36+00:00,3333,,❌SL sur Bitcoin
3338,messages4.html,2025-06-23T13:59:54+00:00,3337,,Analyse mensuelle :  ⏎ - RSI en surchauffe historique à hauteur de 89 (niveau jamais atteint depuis les années 1980)  ⏎  ⏎ Analyse hebdomadaire :  ⏎ - RSI en zone de surchauffe  ⏎ - Divergence RSI en formation  ⏎  ⏎ Analyse H4 :  ⏎ - Réintégration d’une vague de Wolfe baissière  ⏎ - Pullback en cours sur une zone de résistance ⏎ - Moyennes mobiles exponentielles 20 et 50 orientées en résistances dynamiques
3339,messages4.html,2025-06-24T13:20:03+00:00,3337,breakeven,✔️Je sécurise le trade sur le Gold et place le SL au point d’entrée
3340,messages4.html,2025-06-24T14:44:10+00:00,3337,,✅TP1 sur le Gold 🔥 ⏎  ⏎ J’encaisse 50% de la position
3341,messages4.html,2025-06-25T15:53:19+00:00,3259,tp2,✅Le TP2 avait été touché sur le Dow Jones 🔥 ⏎  ⏎ +2300 points
3342,messages4.html,2025-06-25T15:54:05+00:00,3310,tp2,✅TP2 touché sur le Nasdaq 🔥 ⏎  ⏎ +865 points 🚀
3343,messages4.html,2025-06-25T15:55:11+00:00,3261,tp2,✅TP2 touché sur le Nasdaq (trade 1) 🔥 ⏎  ⏎ +3000 points 🥳
3345,messages4.html,2025-06-30T14:44:25+00:00,3344,,"Analyse H4 :  ⏎ - Validation initiale d’un biseau ascendant de continuation baissière permettant de confirmer que la tendance baissière initiale se poursuit  ⏎ - Création d’une structure cassée à la baisse avec réaction baissière  ⏎ - Validation d’un triangle descendant de continuation baissière avec bougie pleine sur cassure  ⏎ - Moyennes mobiles exponentielles 20, 50, 100 et 200 orientées à la baisse  ⏎ -"
3346,messages4.html,2025-07-02T13:16:49+00:00,3344,breakeven,✅Je sécurise le trade à l’approche du TP1 sur GBP/CHF et place le SL au point d’entrée
3347,messages4.html,2025-07-02T16:20:48+00:00,3344,tp1,✅TP1 touché sur GBP/CHF 🔥 ⏎  ⏎ J’encaisse 50% de la position
3349,messages4.html,2025-07-02T17:05:27+00:00,3348,,"Analyse hebdomadaire :  ⏎ - Réintégration avec bougie impulsive d’une zone de polarité majeure avec pullback effectué + réaction impulsive sur la nouvelle zone devenue support  ⏎  ⏎ Analyse journalière :  ⏎ - Cassure haussière en cours des moyennes mobiles exponentielles 20, 50, 100 et 200  ⏎  ⏎ Analyse H4 :  ⏎ - Retest d’une zone de polarité majeure avec réaction haussière impulsive en cours  ⏎ - Prise de liquid"
3350,messages4.html,2025-07-03T19:48:46+00:00,,tp1|tp2|closed,Point sur les trades en cours :  ⏎ 🟢BTC/USDT en positif ⏎ 🟢ETH/USDT en positif  ⏎ 🟢AAVE/USDT en positif ⏎ 🟢SUI/USDT en positif  ⏎ 🟢TAO/USDT en positif  ⏎ 🟢XRP/USDT en positif  ⏎ 🟢USD/CAD en positif ⏎ 🟢GBP/CHF en positif  ⏎ 🟢Gold en positif  ⏎ 🔴RENDER/USDT en négatif ⏎  ⏎ Derniers trades clôturés :  ⏎ 🟢Nasdaq : TP2 ✅ ⏎ 🟢Dow Jones : TP2 ✅ ⏎ 🟢EUR/GBP : TP1 ✅ Repris BE  ⏎ 🔴BTC/USDT : SL
3352,messages4.html,2025-07-09T09:46:19+00:00,3351,,"Analyse hebdomadaire :  ⏎ - Moyenne mobile exponentielle 100 orientée en support dynamique  ⏎  ⏎ Analyse journalière :  ⏎ - Retour dans la zone clé des 0,5-0,618 du retracement de Fibonacci de la dernière vague de hausse  ⏎ - Prise de liquidités effectuée sous une poche de liquidités majeure  ⏎ - Cassure d’une trendline baissière partant des plus hauts sur le RSI avec pullback en cours  ⏎  ⏎ Analyse H4 :  ⏎ - Zone "
3353,messages4.html,2025-07-09T19:55:10+00:00,3348,breakeven,✔️Je sécurise le trade sur ETH/USD et place le SL au point d’entrée
3356,messages4.html,2025-07-10T15:21:23+00:00,3355,,"Analyse journalière :  ⏎ - Prise de liquidités effectuée sous une multitude de précédents plus bas  ⏎ - Validation d’une figure de retournement haussière en forme approximative d’épaule-tête-épaule inversée  ⏎ - Retest en cours d’une zone de polarité majeure recassée à la hausse avec une bougie pleine  ⏎ - Moyennes mobiles exponentielles 20, 50, 100 et 200 orientées sous le prix à la hausse  ⏎ - Moyennes mo"
3357,messages4.html,2025-07-10T23:01:46+00:00,3348,tp1,✅TP1 touché sur ETH/USD 🔥 ⏎  ⏎ J’encaisse 50% de la position
3358,messages4.html,2025-07-14T11:02:27+00:00,,tp1|tp2|closed,Point sur les trades en cours :  ⏎ 🟢BTC/USDT en positif ⏎ 🟢ETH/USDT en positif  ⏎ 🟢AAVE/USDT en positif  ⏎ 🟢SUI/USDT en positif  ⏎ 🟢TAO/USDT en positif (trade 1) ⏎ 🟢TAO/USDT en positif (trade 2) ⏎ 🟢SEI/USDT en positif  ⏎ 🟢XRP/USDT en positif  ⏎ 🟢USD/CAD en positif ⏎ 🟢GBP/CHF en positif  ⏎ 🔴RENDER/USDT en négatif ⏎  ⏎ Point sur les derniers trades clôturés :  ⏎ 🟢Gold : TP1 ✅ Repris BE ⏎ 🟢Nasdaq : TP2 ✅ ⏎ 🟢Dow Jones : TP2 ✅
3360,messages4.html,2025-07-15T14:21:18+00:00,3359,,"Analyse journalière :  ⏎ - Rebond effectué sur le niveau 0,618 du retracement de Fibonacci de la dernière vague de hausse  ⏎ - Moyenne mobile exponentielle 20 orientée en support dynamique sous le prix (ayant fait permis à de nombreuses reprises de S/R) ⏎ - Cassure d’une trendline baissière partant des plus hauts sur le RSI  ⏎  ⏎ Analyse H4 :  ⏎ - Cassure de la trendline baissière partant des plus hauts  ⏎ - Re"
3361,messages4.html,2025-07-17T14:54:48+00:00,3325,breakeven,✅TP1 sur XRP/USD 🔥 ⏎  ⏎ J’encaisse 50% de la position en place le SL au point d’entrée
3362,messages4.html,2025-07-17T14:55:47+00:00,3348,tp2,✅TP2 touché sur ETH/USD 🔥 ⏎  ⏎ Possibilité de garder une partie de la position pour la suite du marché haussier
3364,messages4.html,2025-07-18T14:01:27+00:00,3363,,Analyse journalière :  ⏎ - La tendance de fond long terme reste haussière sans véritable structure de retournement pour le moment ⏎  ⏎ Analyse H3 :  ⏎ - Structure de prix haussière en cours avec la validation de nouveau plus bas et plus haut de plus en plus haut  ⏎  ⏎ Analyse H1 :  ⏎ - Cassure à la hausse d’une zone de polarité majeure ayant fait office de S/R à plusieurs reprises  ⏎ - Validation d’un deuxième dr
3366,messages4.html,2025-07-21T13:51:47+00:00,3363,breakeven,✅TP1 sur le Gold 🔥  ⏎  ⏎ J’encaisse 50% de la position et place le SL au point d’entrée
3368,messages4.html,2025-07-23T15:49:50+00:00,3367,,"Analyse journalière :  ⏎ - Tendance haussière en cours  ⏎ - Moyennes mobiles exponentielles 20, 50, 100 et 200 orientées à la hausse  ⏎ - RAS sur le RSI  ⏎ - RAS sur les volumes  ⏎  ⏎ Analyse H4 :  ⏎ - Validation d’un drapeau haussier  ⏎ - Forte tendance haussière préalable à la formation du drapeau haussier (augmente la fiabilité de la structure)  ⏎ - Moyennes mobiles exponentielles 20, 50, 100 et 200 orientées à "
3371,messages4.html,2025-07-28T16:33:56+00:00,3370,,"Analyse journalière :  ⏎ - Double bottom de qualité validé sur les plus bas, marquant un retournement de tendance à la hausse  ⏎ - Tendance haussière en cours selon la théorie de Dow  ⏎ - Moyennes mobiles exponentielles 20, 50, 100 et 200 orientées à la hausse  ⏎ - RAS sur le RSI  ⏎  ⏎ Analyse H4 :  ⏎ - Validation d’un drapeau haussier  ⏎ - Tendance haussière en cours  ⏎ - Rebond effectué sur le niveau clé des 0,38"
3372,messages4.html,2025-07-30T15:30:58+00:00,,closed,"🔼Plan haussier sur la cryptomonnaie SUI/USD en cas de retour sur la trendline baissière - Journalier 📈  ⏎  ⏎ - Forte tendance haussière long terme  ⏎ - Cassure à la hausse d’une figure de continuation haussière  ⏎ - Pullback effectuée sur la trendline baissière supérieure de la figure  ⏎ - Moyennes mobiles exponentielles 20, 50, 100 et 200 orientées en support dynamiques  ⏎  ⏎ 👉 Il est préférable d’attendre une"
3373,messages4.html,2025-07-31T15:27:30+00:00,3370,breakeven,✔️Je sécurise le trade sur CAD/JPY et place le SL au point d’entrée
3375,messages4.html,2025-07-31T16:53:08+00:00,3374,,"Analyse mensuelle :  ⏎ - RSI en zone de surchauffe ++  ⏎  ⏎ Analyse hebdomadaire:  ⏎ - Divergence RSI validée en zone de surchauffe  ⏎  ⏎ Analyse journalière :  ⏎ - 4 retest de la zone de top avec échec, démontrant une faiblesse des acheteurs  ⏎ - Moyennes mobiles exponentielles 20 et 50 orientées à la baisse  ⏎  ⏎ Analyse H4 :  ⏎ - Zone de résistance majeure sur les plus hauts avec échec à chaque test  ⏎ - Cassure d’une"
3377,messages4.html,2025-08-01T15:25:32+00:00,3376,closed,"Analyse journalière :  ⏎ - Sortie haussière d’une figure de compression en formation de triangle symétrique  ⏎ - Retest de la trendline supérieure du triangle  ⏎ - Tendance haussière court terme en cours avec retour sur le dernier plus bas de la tendance haussière en cours  ⏎ - Moyenne mobile exponentielle 20 en support dynamique  ⏎ - Moyennes mobiles exponentielle 50, 100 et 200 orientées à la hausse  ⏎ - RA"
3379,messages4.html,2025-08-05T17:37:18+00:00,3374,sl_hit,❌Le SL avait été touché le Gold
3381,messages4.html,2025-08-05T17:40:06+00:00,3380,,"Analyse H2 :  ⏎ - Prise de liquidités effectuée sous un précédent bottom  ⏎ - Rebond en cours sur une zone support sur le RSI  ⏎  ⏎ Analyse M30 :  ⏎ - Cassure à la hausse d’une canal baissier  ⏎ - Validation d’un biseau descendant de continuation haussière avec pullback effectué  ⏎ - Cassure d’une trendline baissière sur le RSI avec pullback effectué  ⏎ - Moyennes mobiles exponentielles 20, 50, 100 et 200 orienté"
3382,messages4.html,2025-08-06T13:25:06+00:00,3380,breakeven,✔️Je sécurise le trade sur AUD/USD et place le SL au point d’entrée
3384,messages4.html,2025-08-06T16:22:14+00:00,3383,closed,"Analyse journalière :  ⏎ - Forte tendance haussière en cours  ⏎ - RSI sortie de la zone de surachat  ⏎ - Moyenne mobile exponentielle 20 orientée en support dynamique  ⏎  ⏎ Analyse H4 :  ⏎ - Retour sur une zone de polarité avec réaction haussière en cours  ⏎ - Moyennes mobiles exponentielles 20, 50 et 100 orientées en support dynamiques  ⏎  ⏎ Analyse H1 :  ⏎ - Cassure d’une trendline baissière court terme avec pullba"
3385,messages4.html,2025-08-07T09:02:06+00:00,3380,tp1,"✅TP1 touché, j’encaisse 50% de la position 🔥"
3386,messages4.html,2025-08-07T15:23:17+00:00,3383,breakeven,✔️Je sécurise le trade sur ETH/USD et place le SL au point d’entrée
3387,messages4.html,2025-08-08T14:54:13+00:00,3383,tp1,"✅TP1 touché sur ETH/USD, j’encaisse 50% de la position 🔥"
3389,messages4.html,2025-08-11T17:04:00+00:00,3388,,Analyse hebdomadaire :  ⏎ - Pullback effectué sur la trendline baissière partant des plus hauts sur le RSI  ⏎  ⏎ Analyse journalière :  ⏎ - Phase de latéralisation neutre sans tendance claire (matérialisée par les moyennes mobiles plates et un resserrement du prix)  ⏎  ⏎ Analyse H2 :  ⏎ - Cassure à la hausse d’un canal baissier  ⏎ - Formation d’une tendance haussière court terme avec retour sur le dernier plus ba
3392,messages4.html,2025-08-13T16:02:04+00:00,3390,breakeven,✔️Je sécurise le trade sur le Dow Jones et place le SL au point d’entrée
3393,messages4.html,2025-08-13T22:18:23+00:00,3383,tp2,✅TP2 touché sur ETH/USD 🔥 ⏎  ⏎ J’encaisse la quasi-totalité de la position et laisse une partie pour la suite du cycle
3395,messages4.html,2025-08-14T14:58:15+00:00,3372,,"Analyse journalière :  ⏎ - Forte tendance haussière long terme  ⏎ - Cassure à la hausse d’une figure de continuation haussière  ⏎ - Pullback effectuée sur la trendline baissière supérieure de la figure  ⏎ - Moyennes mobiles exponentielles 20, 50, 100 et 200 orientées en support dynamiques  ⏎  ⏎ Analyse H4 :  ⏎ - Moyennes mobiles exponentielles 20, 50, 100 et 200 orientées à la haussse  ⏎  ⏎ Analyse H2 :  ⏎ - Retour s"
3396,messages4.html,2025-08-15T08:31:15+00:00,3390,tp1,"✅TP1 touché sur le Dow Jones, j’encaisse 50% de la position 🔥"
3398,messages4.html,2025-08-15T09:02:24+00:00,3397,,"Analyse précédente journalière et hebdomadaire toujours valide +  ⏎  ⏎ Analyse H4 :  ⏎ - Cassure d’une trendline baissière partant des plus hauts avec retest en cours  ⏎ - Moyennes mobiles exponentielles 50, 100 et 200 parfaitement orientées à la hausse en support dynamique  ⏎ - Rebond effectué sur le niveau 0,618 du retracement de Fibonacci de la dernière vague de hausse  ⏎ - RAS sur le RSI"
3399,messages4.html,2025-08-19T16:53:13+00:00,3390,closed,✔️Je sors 100% de ma position sur le Dow Jones 🇺🇸  ⏎  ⏎ 👉Confluence de signaux baissiers sur les indices américains
3401,messages4.html,2025-08-19T17:17:43+00:00,3400,,Analyse journalière :  ⏎  - Formation en cours d’une divergence RSI  ⏎ - Tendance de fond reste haussière = trade à contre tendance  ⏎  ⏎ Analyse H3 :  ⏎ - Validation d’une divergence RSI sur les plus hauts  ⏎ - Validation d’un biseau d’essoufflement ascendant avec pullback effectué  ⏎ - Moyennes mobiles exponentielles 20 et 50 orientées à la baisse  ⏎ - Cassure d’une trendline haussière court terme sur le RSI
3402,messages4.html,2025-08-20T14:54:37+00:00,3400,breakeven,"✅TP1 en approche sur le S&P500, j’encaisse 50% de la position et place le SL au point d’entrée 🔥"
3404,messages4.html,2025-08-21T15:40:58+00:00,3403,,Analyse journalière :  ⏎ - Zone de résistance  ⏎ - Divergence RSI validée sur les plus hauts (idem sur les autres indices US)  ⏎ - La tendance de fond reste haussière = trade contre-tendance  ⏎  ⏎ Analyse H4 :  ⏎ - Formation d’une phase de latéralisation avec réintégration sous la borne supérieure  ⏎ - Croisement baissier en cours entre la moyenne mobile exponentielle 20 et 50  ⏎ - Trendline baissière en résistan
3405,messages4.html,2025-08-22T10:25:30+00:00,3403,closed,✔️Je sors de la position sur le Dow Jones en légère perte. J’attendrais le discours de Powell à 16h pour rentrer à nouveau ou non.
3406,messages4.html,2025-08-22T15:35:38+00:00,3394,,"✔️Je renforce ma position sur la cryptomonnaie SUI/USD 3,61 ⏎ ❌3,05 ⏎ ✅TP identiques  ⏎  ⏎ 🎯Ratio : 7/1  ⏎  ⏎ 📊Type de trade : Swing Trading"
3408,messages4.html,2025-08-25T14:58:02+00:00,3407,,Analyse journalière :  ⏎ - Tendance haussière en cours  ⏎ - Moyennes mobiles exponentielles 100 et 200 orientées à la hausse  ⏎ - Retour sur le dernier plus bas de la tendance haussière  ⏎ - Prise de liquidités effectuée sous ce dernier plus bas  ⏎ - Retest en cours de moyenne mobile exponentielle 100 = support dynamique majeur  ⏎ - RAS sur le RSI
3410,messages4.html,2025-08-26T15:59:57+00:00,3409,,"Analyse précédente toujours valide +  ⏎  ⏎ Analyse hebdomadaire :  ⏎ - Cassure de la trendline baissière partant des plus hauts avec pullback effectué sur le RSI  ⏎  ⏎ Analyse journalière :  ⏎ - Formation d’un triangle symétrique de continuation haussière  ⏎ - Forte tendance haussière préalable à la formation du triangle (= augmente la fiabilité de la figure)  ⏎ - Moyennes mobiles exponentielles 20, 50, 100 et 20"
3413,messages4.html,2025-08-27T16:11:57+00:00,3411,,"Analyse journalière :  ⏎ - Tendance haussière de fond toujours valide avec réintégration d’une zone de polarité majeure  ⏎ - Moyennes mobiles exponentielles 20, 50, 100 et 200 orientées à la hausse  ⏎  ⏎ Analyse H4 :  ⏎ - Retest a de nombreuses reprises de la zone de polarité inférieure  ⏎ - Rebond en cours sur une nouvelle zone de polarité  ⏎ - Retour sur le niveau 0,786 du retracement de Fibonacci de la derni"
3414,messages4.html,2025-08-28T14:59:27+00:00,,breakeven,Point sur les trades en cours :  ⏎ 🟢BTC/USDT en positif ⏎ 🟢ETH/USDT en positif  ⏎ 🟢AAVE/USDT en positif  ⏎ 🟢SUI/USDT en positif (trade 1) ⏎ 🟢TAO/USDT en positif (trade 1) ⏎ 🟢TAO/USDT en positif (trade 2) ⏎ 🟢SEI/USDT en positif  ⏎ 🟢XRP/USDT en positif  ⏎ 🟢FET/USDT en positif  ⏎ 🟢USD/CAD en positif ⏎ 🟢GBP/USD en positif  ⏎ 🟢GBP/CHF en positif ⏎ 🟡CAKE/USDT au point d’entrée  ⏎ 🔴SUI/USDT en négatif (renforts)
3415,messages4.html,2025-08-29T07:27:29+00:00,3407,breakeven|closed,✔️Je sors du trade sur Bitcoin au point d’entrée avec un convergence de signaux baissiers court terme
3417,messages4.html,2025-09-02T15:22:31+00:00,3416,closed,"Analyse journalière :  ⏎ - Rebond effectué sur le niveau 0,618 du retracèrent de Fibonacci de la dernière vague de hausse  ⏎ - Zone de support sur le RSI  ⏎  ⏎ Analyse H4 :  ⏎ - Cassure de la trendline baissière partant des plus hauts  ⏎ - Pullback effectué avec prise de liquidités majeure  ⏎ - Cassure de la trendline baissière partant des plus hauts sur le RSI  ⏎ - Moyennes mobiles exponentielles 20 et 50 orient"
3420,messages4.html,2025-09-05T14:47:57+00:00,,breakeven,Point sur les trades en cours :  ⏎ 🟢BTC/USDT en positif ⏎ 🟢ETH/USDT en positif  ⏎ 🟢AAVE/USDT en positif  ⏎ 🟢SUI/USDT en positif (trade 1) ⏎ 🟢TAO/USDT en positif (trade 1) ⏎ 🟢TAO/USDT en positif (trade 2) ⏎ 🟢SEI/USDT en positif  ⏎ 🟢XRP/USDT en positif  ⏎ 🟢FET/USDT en positif  ⏎ 🟢USD/CAD en positif ⏎ 🟢GBP/USD en positif  ⏎ 🟢GBP/CHF en positif ⏎ 🟡SUI/USDT au point d’entrée  ⏎ 🟡FET/USDT au point d’entrée  ⏎ 🔴CAKE/USDT en négatif
3423,messages4.html,2025-09-08T14:46:05+00:00,3421,,"Analyse journalière :  ⏎ - Cassure à la hausse d’un drapeau baissier (avec au préalable une forte tendance haussière = probabilité importante de nouvelle jambe haussière majeure)  ⏎ - Validation d’un double bottom avec pullback en cours sur la ligne de cour  ⏎ - Création de plus haut et de plus bas de plus en plus hauts en cours  ⏎ - Rebond haussier en cours sur le niveau 0,618 du retracement de Fibonacci"
3426,messages4.html,2025-09-12T13:51:10+00:00,3416,tp1|breakeven,✅TP1 touché durant la nuit sur Bitcoin 🔥 ⏎  ⏎ 50% de la position encaissée + SL au point d’entrée
3428,messages4.html,2025-09-17T14:54:00+00:00,3427,closed,"Analyse journalière :  ⏎ - Tendance haussière en cours selon la théorie de Dow  ⏎ - Moyennes mobiles exponentielles 20, 50, 100 et 200 orientées à la hausse  ⏎ - Retest en cours de la moyenne mobile exponentielle 20  ⏎ - Aucune structure de retournement en formation  ⏎  ⏎ Analyse H4 :  ⏎ - Validation préalable d’un biseau descendant de continuation haussière avec sortie haussière et impulsion importante  ⏎ - Retr"
3429,messages4.html,2025-09-17T18:56:25+00:00,3427,,⚠️Possibilité de sécuriser la position en léger gain avant la FED 🇺🇸  ⏎  ⏎ Forte volatilité possible
3439,messages4.html,2025-09-26T18:27:59+00:00,3438,closed,"Je sors en perte du trade, l’analyse s’est invalidée sur le Nasdaq, mauvaises semaines sur les marchés. Gardons la vision long terme.  ⏎  ⏎ Analyse 👇"
3440,messages4.html,2025-09-26T18:30:18+00:00,3438,,"Analyse H1 :  ⏎ - Trendline baissière partant des plus hauts en résistance (3ième point de contact = souvent le plus fiable)  ⏎ - Validation en cours d’un biseau ascendant de continuation haussière  ⏎ - Moyennes mobiles exponentielles 20, 50, 100 et 200 orientées à la baisse  ⏎ - Liquidités de la session asiatique à aller chercher à la baisse  ⏎  ⏎ Analyse M30 :  ⏎ - Bougie englobante baissière validée  ⏎ - Zone "
3443,messages4.html,2025-09-26T20:14:46+00:00,3442,,Analyse hebdomadaire :  ⏎ - Retest en cours d’une zone de résistance majeure devenue support  ⏎ - Cassure de la trendline baissière partant des plus hauts sur le RSI laissant la possibilité à une nouvelle accélération haussière  ⏎  ⏎ Analyse journalière :  ⏎ - Retest en cours d’une zone de résistance majeure devenue support  ⏎ - Trendline haussière partant des plus bas en support (3ième point de contact = sou
3445,messages4.html,2025-09-29T16:51:44+00:00,3444,,Analyse journalière :  ⏎ - Validation d’un biseau descendant avec hausse des volumes sur cassure  ⏎ - Cassure à la hausse d’une zone de polarité majeure avec retest en cours  ⏎ - Validation d’une double bottom  ⏎ - Cassure de la trendline baissière partant des plus hauts sur le RSI  ⏎ - Moyennes mobiles exponentielles 20 et 50 orientées à la hausse
3447,messages4.html,2025-10-01T09:52:36+00:00,3446,,"Analyse journalière :  ⏎ - Retour sur une zone de support majeure  ⏎ - Retour sur une zone de support sur le RSI  ⏎ - Zone des 0,618 du retracement de Fibonacci de la vague de hausse de avril à mai  ⏎  ⏎ Analyse H4 :  ⏎ - Formation d’une vague de Wolfe haussière de qualité  ⏎ - Divergence RSI validée sur le point 4  ⏎ - FVG à combler à la hausse (zone 415$-425$)."
3450,messages4.html,2025-10-06T18:55:37+00:00,3446,tp1|breakeven,✅TP1 touché sur TAO/USD 🔥 ⏎  ⏎ J’encaisse 50% de la position et place le SL au point d’entrée
3452,messages4.html,2025-10-07T15:31:05+00:00,3451,,"Analyse journalière :  ⏎ - Cassure de la trendline baissière partant des plus hauts avec pullback effectué  ⏎ - Validation d’une structure de retournement à la hausse en forme d’épaule-tête-épaule inversée  ⏎ - Hausse des volumes sur cassure  ⏎ - Moyennes mobiles exponentielles 20, 50 et 100 orientées à la hausse  ⏎ - RAS sur le RSI  ⏎ - Zone de FVG à combler à la hausse"
3453,messages4.html,2025-10-09T14:06:07+00:00,3376,tp1|breakeven,✅TP1 touché sur CAKE/USD 🔥 ⏎  ⏎ J’encaisse 50% de la position et place le SL au point d’entrée
3454,messages4.html,2025-10-10T14:10:46+00:00,3446,tp2|closed,"✅TP2 touché, je sors 100% de la position de ce trade sur TAO/USD 🔥"
3456,messages4.html,2025-10-13T14:39:00+00:00,3416,,Point à venir sur les différents trades 👇
3457,messages4.html,2025-10-13T14:40:10+00:00,3416,tp2,✅TP2 touché sur Bitcoin (2 septembre) 🔥 ⏎  ⏎ 100% de la position encaissée
3458,messages4.html,2025-10-13T14:41:19+00:00,3421,,❌SL sur ADA/USD (8 septembre)
3459,messages4.html,2025-10-13T14:43:22+00:00,3433,,❌SL sur NEAR/USD (22 septembre)
3460,messages4.html,2025-10-13T14:43:59+00:00,3442,,"✅TP1 sur ETH/USD (26 septembre)🔥 ⏎  ⏎ 50% de la positon encaissée, repris BE"
3461,messages4.html,2025-10-13T14:46:02+00:00,3427,,"✅TP1 sur ETH/USD (17 septembre)🔥 ⏎  ⏎ 50% de la positon encaissée, repris BE"
3462,messages4.html,2025-10-13T14:47:12+00:00,3444,,❌SL sur KAITO/USD (29 septembre)
3463,messages4.html,2025-10-13T14:47:41+00:00,3446,,✅TP2 sur TAO/USD (1 octobre)🔥 ⏎  ⏎ 100% de la position encaissée
3464,messages4.html,2025-10-13T14:51:07+00:00,3451,,❌SL sur W/USD (7 octobre)
3467,messages4.html,2025-10-14T14:47:47+00:00,3466,,Analyse journalière :  ⏎ - Retest en cours d’une zone de support majeure long terme  ⏎ - Retest en cours de la trendline haussière partant des plus bas (3ième point de contact = souvent le plus fiable)  ⏎ - Moyenne mobile exponentielle 100 en support dynamique (ayant servie de S/R à de nombreuses reprises)  ⏎ - Prise de liquidités effectuée (bougie avec mèche importante) accompagnée d’un pic sur les volum
3470,messages4.html,2025-10-17T14:48:39+00:00,3468,,"Analyse journalière :  ⏎ - Retour sur une zone de demande majeure ⏎ - Retest en cours de la trendline haussière partant des plus bas  ⏎ - Retour sous la moyenne mobile exponentielle 200 (au cours de ce cycle, chaque excès sous cette moyenne mobile a été racheté massivement) ⏎ - Zone de support sur le RSI  ⏎ - Prise de liquidités effectuée sous une zone de support  ⏎  ⏎ Analyse H4 :  ⏎ - Divergence RSI en cours  ⏎ -"
3471,messages4.html,2025-10-20T09:02:36+00:00,3468,breakeven,✔️Je sécurise le trade sur Bitcoin et place le SL au point d’entrée
3472,messages4.html,2025-10-21T15:53:11+00:00,3466,,"✔️Je renforce ma position sur ETH/USD 3950 ⏎ ❌SL identique  ⏎ ✅TP identiques  ⏎  ⏎ 🎯Ratio : 8,5/1  ⏎  ⏎ 📊Type de trade : Swing Trading"
3473,messages4.html,2025-10-21T16:47:29+00:00,3468,,✅J’encaisse 20% de la position sur Bitcoin à l’approche du TP1 🔥
3475,messages4.html,2025-10-23T14:51:09+00:00,3474,,Analyse H4 :  ⏎ - Tendance haussière en cours  ⏎ - Rebond impulsif sur une trendline haussière démontrant la force de la tendance haussière en cours  ⏎ - Cassure de la trendline baissière partant des plus hauts sur le RSI avec pullback effectué  ⏎ - Moyennes mobiles exponentielles 50 et 100 orientées sous le prix en support dynamique  ⏎ - Validation d’un double bottom avec pullback effectué  ⏎ - Prise de liqu
3476,messages4.html,2025-10-24T14:25:21+00:00,3474,,✔️Je sécurise le trade sur le S&P500
3477,messages4.html,2025-10-24T16:37:56+00:00,3474,,✅J’encaisse 50% de la position sur le S&P500 à l’approche du TP1 🔥
3480,messages4.html,2025-10-28T16:20:08+00:00,3478,,Analyse mensuelle :  ⏎ - Canal haussier long terme avec retest en cours de la trendline inférieure (3ième point de contact = généralement le plus fiable)  ⏎ - Retest en cours d’une zone de support majeure  ⏎ - En attente de la 5ième vague elliottiste long terme  ⏎ - Pic sur les volumes = bottom potentiellement proche  ⏎  ⏎ Analyse hebdomadaire :  ⏎ - Canal haussier long terme valide également en unité hebdomada
3482,messages4.html,2025-10-29T15:17:09+00:00,3481,,Analyse H4 :  ⏎ - Cassure de la trendline haussière partant des plus bas sur le RSI avec pullback effectué  ⏎ - Retest du dernier plus haut de la tendance baissière en cours avec rejet baissier  ⏎  ⏎ Analyse H1 :  ⏎ - Validation d’un double top sur le dernier plus haut de la tendance baissière en cours  ⏎ - Pullback effectué sur la ligne de cou correspondant également à une zone de polarité importante  ⏎ - Cass
3483,messages4.html,2025-10-29T15:48:47+00:00,3481,,✔️Je sécurise le trade sur le Bitcoin
3484,messages4.html,2025-10-29T16:01:02+00:00,3481,,✔️J’encaisse 50% de la position à l’approche du TP1 sur Bitcoin 🔥
3486,messages4.html,2025-10-31T15:20:40+00:00,3466,,✔️Je renforce ma position sur ETH/USD 3880 ⏎ ❌SL identique  ⏎ ✅TP identiques  ⏎  ⏎ 🎯Ratio : 10/1  ⏎  ⏎ 📊Type de trade : Swing Trading
3487,messages4.html,2025-10-31T15:21:17+00:00,3486,,Analyse précédente toujours valide 👇 ⏎  ⏎ Analyse journalière :  ⏎ - Retest en cours d’une zone de support majeure long terme  ⏎ - Retest en cours de la trendline haussière partant des plus bas (3ième point de contact = souvent le plus fiable)  ⏎ - Moyenne mobile exponentielle 100 en support dynamique (ayant servie de S/R à de nombreuses reprises)  ⏎ - Prise de liquidités effectuée (bougie avec mèche importan
3490,messages4.html,2025-10-31T17:07:17+00:00,3488,,"Analyse hebdomadaire :  ⏎ - Cassure à la hausse d’une phase de latéralisation long terme avec retest effectué  ⏎ - Prix résiliant malgré une dynamique baissière globale ces dernières semaines sur les Altcoins (notamment avec la chute du 10 octobre où le prix a très bien résisté)  ⏎ - Moyennes mobiles exponentielles 20, 50, 100 et 200 orientées à la hausse  ⏎ - En compression sous la trendline partant de s"
3491,messages4.html,2025-11-04T17:12:08+00:00,3466,,❌SL sur Ethereum 🩸
3493,messages4.html,2025-11-05T16:21:52+00:00,3492,,"Analyse journalière :  ⏎ - Tendance de fond haussière  ⏎ - Retour sur le dernier plus haut de la tendance haussière en cours (= zone support)  ⏎ - Moyennes mobiles exponentielles 20, 50, 100 et 200 orientées à la hausse ⏎ - Retest en cours de la moyen mobile exponentielle 20 (ayant fait office de S/R a de nombreuses reprises)  ⏎  ⏎ Analyse H1 :  ⏎ - Tendance baissière court terme (= trade contre tendance)  ⏎ - Va"
3495,messages4.html,2025-11-07T16:33:36+00:00,3494,,Analyse hebdomadaire :  ⏎ - Retest de la trendline haussière partant des plus bas (3ième point de contact = le plus fiable)  ⏎ - Retest de la moyenne mobile exponentielle 50 (ayant jouée le rôle de support durant l’ensemble du cycle)  ⏎ - Zone de support majeure sur le RSI  ⏎  ⏎ Analyse journalière :  ⏎ - Retour sur une zone de demande majeure  ⏎ - FVG à combler à la hausse (116K-119K)  ⏎ - Hausse des volumes  ⏎  ⏎ A
3496,messages4.html,2025-11-09T19:32:08+00:00,3494,,✔️Je sécurise le trade sur Bitcoin
3498,messages4.html,2025-11-11T15:39:47+00:00,3497,,Analyse H4 :  ⏎ - Tendance de fond toujours très fortement haussière  ⏎  ⏎ Analyse H2 :  ⏎ - Cassure de la trendline baissière partant des plus hauts avec bougie pleine sur cassure  ⏎ - Cassure à la hausse du dernier plus haut de la tendance baissière court terme  ⏎ - Validation d’un double bottom sur le RSI avec pullback effectué  ⏎  ⏎ Analyse M30 :  ⏎ - Prise de liquidités effectuée sous la session asiatique du j
3499,messages4.html,2025-11-11T17:24:34+00:00,3497,breakeven,✔️J’encaisse 50% du trade sur le Dow Jones à l’approche du TP1 et place le SL au point d’entrée 🔥
3500,messages4.html,2025-11-12T14:43:08+00:00,3344,tp2,✅TP2 touche sur la paire GBP/CHF 🔥 ⏎  ⏎ J’encaisse 100% de la position
3501,messages4.html,2025-11-12T14:50:53+00:00,,breakeven,Point sur les trades en cours :  ⏎ 🟢BTC/USDT en positif ⏎ 🟢AAVE/USDT en positif  ⏎ 🟢SUI/USDT en positif  ⏎ 🟢TAO/USDT en positif  ⏎ 🟢S&P500 en positif  ⏎ 🟢Dow Jones en positif  ⏎ 🟢USD/CHF en positif ⏎ 🟡PROM/USDT au point d’entrée
3502,messages4.html,2025-11-12T15:29:43+00:00,3497,tp2,✅TP2 touché sur le Dow Jones 🔥 ⏎  ⏎ J’encaisse 100% de la position
3504,messages4.html,2025-11-13T14:51:36+00:00,3503,,Analyse journalière :  ⏎ - Cassure à la hausse d’un canal baissier journalier  ⏎ - Forte tendance haussière préalable au canal (= probabilité importante de repartir dans la tendance haussière préalable)  ⏎ - Cassure de la trendline baissière partant des plus hauts sur le RSI  ⏎ - Divergence RSI validée sur les plus bas  ⏎ - Prise de liquidités effectuée (bougie avec mèche importante)  ⏎ - Moyennes mobiles exp
3506,messages4.html,2025-11-14T15:11:45+00:00,3505,,Analyse H4 :  ⏎ - Retour sur le bas du canal haussier entamé depuis juin 2025  ⏎ - Prise de liquidités effectuée (bougie avec mèche sous le canal)  ⏎  ⏎ Analyse H1 :  ⏎ - Zone de support majeure  ⏎ - RSI en zone de survente  ⏎  ⏎ Analyse M30 :  ⏎ - Divergence RSI validée  ⏎ - Prise de liquidités effectuée sous la session asiatique du jour ⏎ - Liquidités à prendre au-dessus de la session asiatique du jour
3507,messages4.html,2025-11-14T15:42:38+00:00,3505,,✔️Je sécurise le trade sur le Nasdaq
3508,messages4.html,2025-11-14T15:47:05+00:00,3505,tp1,✅TP1 touché sur le Nasdaq 🔥 ⏎  ⏎ J’encaisse 50% de la position
3509,messages4.html,2025-11-18T13:55:10+00:00,3508,,✔️Repris BE sur le Nasdaq
3511,messages4.html,2025-11-18T14:03:48+00:00,3510,,"Analyse mensuelle :  ⏎ - Cassure de la trendline baissière partant des plus hauts  ⏎ - Moyennes mobiles exponentielles 20, 50, 100 et 200 orientées sous le prix à la hausse  ⏎  ⏎ Analyse journalière :  ⏎ - Tendance de fond toujours haussière sans validation de structure de retournement  ⏎ - Retest en cours de la moyenne mobile exponentielle 100  ⏎  ⏎ Analyse H4 :  ⏎ - Cassure de la trendline baissière partant des p"
3512,messages4.html,2025-11-19T16:26:54+00:00,3510,,❌SL sur EUR/USD
3513,messages4.html,2025-11-19T16:27:23+00:00,,breakeven,"✔️Je vends l’indice Nasdaq100 24660 ⏎ ❌24998 ⏎ ✅TP1 24482 ⏎ ✅TP2 23870 ⏎  ⏎ 🎯Ratio : 2,5/1  ⏎  ⏎ 📊Type de trade : Intraday / Swing Trading  ⏎  ⏎ 👉Possibilité de rentrer en plusieurs fois pour lisser son point d’entrée"
3514,messages4.html,2025-11-19T16:30:58+00:00,3513,,"Analyse H4 :  ⏎ - Tendance baissière en cours  ⏎ - Moyennes mobiles exponentielles 20, 50, 100 et 200 orientées à la baisse  ⏎ - Trendline baissière partant des plus hauts en résistance sur le RSI ⏎  ⏎ Analyse H2 :  ⏎ - Retest d’une zone de polarité majeure (ancien support devenu résistance)  ⏎ - Retest d’une trendline haussière cassée à la baisse devenue résistance avec réaction baissière impulsive  ⏎ - 3ième po"
3515,messages4.html,2025-11-19T23:13:50+00:00,3513,tp1,✅TP1 avait été touché sur le Nasdaq 🔥 ⏎  ⏎ Repris BE ❌
3517,messages4.html,2025-11-21T15:14:20+00:00,3516,,Analyse journalière :  ⏎ - Retest de la moyenne mobile exponentielle 100 (qui a souvent permis des rebonds importants par le passé)  ⏎ - Retour sur le dernier plus bas de la tendance haussière en cours long terme  ⏎  ⏎ Analyse H4 :  ⏎ - Retour sur une zone de support majeure  ⏎ - Prise de liquidités effectuée sous la zone (bougies avec mèche)  ⏎ - Divergence RSI en formation  ⏎  ⏎ Analyse M30 :  ⏎ - Divergence RSI va
3518,messages4.html,2025-11-21T16:53:20+00:00,3516,,✔️Je sécurise le trade sur le S&P500
3519,messages4.html,2025-11-21T18:57:31+00:00,3516,closed,✅Je sors 50% de la position à l’approche du TP1 🔥
3521,messages4.html,2025-11-24T15:46:06+00:00,3520,,Analyse H4 :  ⏎ - Retour dans une zone de liquidités majeure ⏎ - Divergence RSI de qualité validée (zone de survente + pic inférieur au 50 sur le RSI)  ⏎ - Moyenne mobile exponentielle 50 en support dynamique avec rebond en cours  ⏎ - Zone de FVG à combler à la hausse (bougies rouges non comblées) ⏎ - Hausse importante des volumes sur les dernières bougies H4
3522,messages4.html,2025-11-25T14:03:52+00:00,3520,,✔️Je sécurise le trade sur le GER30
3523,messages4.html,2025-11-25T18:11:08+00:00,3516,,✅TP final touché sur le S&P500 🔥 ⏎  ⏎ J’encaisse 100% de la positon
3524,messages4.html,2025-11-26T15:58:56+00:00,3520,closed,✅Je sors 50% de la position à l’approche du TP1 🔥
3526,messages4.html,2025-11-28T15:39:40+00:00,3525,,Analyse journalière :  ⏎ - Rebond haussier impulsé sur une zone de demande majeure long terme  ⏎ - Vague de Wolfe haussière en formation  ⏎ - Divergence haussière sur le RSI en formation  ⏎  ⏎ Analyse H4 :  ⏎ - Réintégration haussière de la vague de Wolfe  ⏎ - RAS sur le RSI (pas de surachat / pas de divergence) ⏎  ⏎ Analyse H1 :  ⏎ - Validation d’un triangle symétrique haussier de qualité  ⏎ - Bougie impulsive en cour
3527,messages4.html,2025-12-01T15:58:26+00:00,3525,sl_hit,❌Le SL avait été touché sur XRP/USD
3530,messages4.html,2025-12-02T14:00:49+00:00,3529,closed,"Analyses précédentes hebdomadaire et journalière toujours valides +  ⏎  ⏎ Analyse journalière :  ⏎ - Retour sur le niveau 0,786 du retracement de Fibonacci de la précédente vague haussière  ⏎  ⏎ Analyse H4 :  ⏎ - Validation d’une structure haussière avec cassure du précédent plus haut de la tendance haussière en cours ⏎ - Formation d’un biseau descendant de continuation haussière de qualité  ⏎ - Sortie haussière "
3532,messages4.html,2025-12-03T14:02:36+00:00,3529,breakeven,✔️Je sécurise le trade sur FET/USD et place le SL au point d’entrée
3534,messages4.html,2025-12-05T15:27:33+00:00,3533,closed,"Analyse H4 :  ⏎ - Cassure d’une trendline baissière avec pullback en cours ⏎ - Validation d’un double bottom avec retest en cours de la ligne de cou ⏎ - Moyenne mobile exponentielle 100 orientée en support dynamique (ayant fait office de S/R à de nombreuses reprises)  ⏎ - RAS sur le RSI ⏎  ⏎ Analyse M30 :  ⏎ - Retour sur le niveau 0,382 du retracement de Fibonacci de la dernière vague haussière  ⏎ - Sortie haussi"
3535,messages4.html,2025-12-09T15:07:59+00:00,3529,,✔️Je conserve ma position sur FET/USD et renforce ma position
3537,messages4.html,2025-12-10T15:17:02+00:00,3536,,"Analyse H4 :  ⏎ - Formation en cours d’une épaule-tête-épaule de qualité (ligne de cou descendante, épaules symétriques)  ⏎ - Cassure de la trendline baissière partant des plus hauts  ⏎ - Moyennes mobiles exponentielles 20, 50 et 100 orientées sous le prix à la hausse  ⏎ - RAS sur le RSI  ⏎ - Zone de FVG à combler à la hausse (0,24$-0,26$)"
3539,messages4.html,2025-12-16T16:29:40+00:00,3538,,"Analyse H1 :  ⏎ - Tendance baissière en cours matérialisée par des plus bas et plus haut de plus en plus bas  ⏎ - Moyennes mobiles exponentielles 20, 50, 100 et 200 orientées à la baisse  ⏎ - RAS sur le RSI (pas en zone de survente, pas de divergence)  ⏎  ⏎ Analyse M30 :  ⏎ - Trendline baissière partant des plus hauts en résistance (3ième point de contact = potentiellement le plus fiable)  ⏎ - Tendance baissièr"
3540,messages4.html,2025-12-17T14:43:52+00:00,3533,sl_hit,❌SL avait été touché sur BTC
3541,messages4.html,2025-12-17T14:44:07+00:00,3538,tp1,"✅TP1 touché sur Nasdaq, repris BE"
3543,messages4.html,2025-12-17T14:49:48+00:00,3542,,"Analyse M30 :  ⏎ - Trendline baissière partant des plus hauts en résistance  ⏎ - Retest d’une zone de résistance horizontale majeure  ⏎ - Tendance baissière en cours ⏎ - Retour sur le dernier plus haut de la tendance baissière en cours  ⏎ - Moyennes mobiles exponentielles 20, 50, 100 et 200 orientées à la baisse  ⏎ - Cassure de la trendline haussière partant des plus bas"
3544,messages4.html,2025-12-17T15:42:13+00:00,3542,,✔️Je sécurise le trade sur le S&P500
3545,messages4.html,2025-12-17T15:46:39+00:00,3542,tp1,"✅TP1 touché, j’encaisse 50% de la position"
3547,messages4.html,2025-12-18T14:34:32+00:00,3546,,"Analyse hebdomadaire :  ⏎ - Structure de prix long terme haussière  ⏎ - Moyennes mobiles exponentielles 20, 50, 100 et 200 orientées sous le prix à la hausse (= tendance haussière long terme)  ⏎ - Retest de la moyenne mobile exponentielle 20 hebdomadaire  ⏎  ⏎ Analyse journalière :  ⏎ - Moyennes mobiles exponentielles 100 et 200 orientées sous le prix à la hausse (= tendance haussière long terme)  ⏎  ⏎ Analyse H4"
3548,messages4.html,2025-12-19T14:44:29+00:00,3546,breakeven,✔️Je sécurise le trade sur le Nasdaq et place le SL au point d’entrée
3549,messages4.html,2025-12-19T19:53:00+00:00,3546,,✅J’encaisse 50% de la position à l’approche du TP1 avant le week-end 🔥
3551,messages4.html,2025-12-22T14:52:42+00:00,3550,,Analyse hebdomadaire :  ⏎ - Retest en cours de la moyenne mobile exponentielle 200  ⏎ - Retour sur la borne basse d’une phase de latéralisation long terme ⏎  ⏎ Analyse journalière :  ⏎ - Zone de support majeure  ⏎ - Divergence RSI de qualité en cours de formation  ⏎ - Cassure de la trendline baissière partant des plus hauts  ⏎  ⏎ Analyse H4 :  ⏎ - Prise de liquidités effectuée sous une zone de support
3555,messages4.html,2025-12-23T16:00:26+00:00,3554,,"Analyse hebdomadaire :  ⏎ - Cassure des plus hauts historiques avec pullback effectué et rebond haussier ⏎ - Moyennes mobiles exponentielles 20, 50, 100 et 200 orientées à la hausse  ⏎  ⏎ Analyse journalière : ⏎ - Retest du dernier plus haut de la tendance haussière en cours avec rebond haussier  ⏎ - Forte tendance haussière en cours  ⏎ - Moyennes mobiles exponentielles 20, 50, 100 et 200 orientées à la hausse "
3557,messages4.html,2025-12-29T15:26:30+00:00,3556,closed,"Analyse H1 :  ⏎ - Tendance haussière en cours selon la théorie de Dow  ⏎ - Retour sur le niveau 0,618 du retracement de Fibonacci de la dernière vague haussière  ⏎ - Moyenne mobile exponentielle 100 en support dynamique (ayant fait S/R à de nombreuses reprises)  ⏎  ⏎ Analyse M30 :  ⏎ - Validation en cours d’une divergence RSI sur le niveau des 0,618 du retracement de Fibonacci  ⏎ - Bougies avec mèches clôturées"
3558,messages4.html,2025-12-30T16:27:36+00:00,3556,breakeven,✔️Je sécurise le trade sur le Nasdaq et place le SL au point d’entrée
3559,messages4.html,2025-12-30T20:52:33+00:00,3520,,✅TP final touché sur le GER30 🔥
3560,messages4.html,2025-12-30T21:08:54+00:00,3558,breakeven,✔️Sorti BE au point d’entrée sur le Nasdaq
3561,messages4.html,2025-12-31T16:17:15+00:00,3554,sl_hit,❌Le SL avait été touché sur le Russel 2000
3563,messages4.html,2026-01-02T15:34:49+00:00,3562,,Analyse H4 :  ⏎ - Retour sur une zone de support clé  ⏎ - Prise de liquidités en cours sous la zone avec mèches importantes  ⏎ - RSI en zone de survente ++ ⏎ - Moyenne mobile exponentielle 200 orientée en support dynamique  ⏎ - Trendline haussière partant des plus bas en support (3ième point de contact = le plus fiable)  ⏎  ⏎ Analyse H1 :  ⏎ - Prise de liquidités de la session asiatique du jour effectuée  ⏎ - Diver
3564,messages4.html,2026-01-02T19:41:12+00:00,3562,,✔️Je sécurise le trade sur le Dow Jones
3565,messages4.html,2026-01-05T14:33:21+00:00,3562,tp1,✅TP1 touché sur le Dow Jones 🔥 ⏎  ⏎ J’encaisse 50% de la position
3567,messages4.html,2026-01-06T15:35:02+00:00,3566,,Analyse hebdomadaire :  ⏎ - Formation en cours d’un triangle de compression long terme  ⏎ - Retour sur la trendline inférieure du triangle avec rebond haussier en cours  ⏎ - Retour dans une zone de demande horizontale majeure long terme  ⏎ - Cassure de la trendline baissière partant des plus hauts sur le RSI (la dernière cassure similaire avait permis une hausse significative du prix)
3568,messages4.html,2026-01-06T16:53:48+00:00,3562,closed,✅Je sors 100% de ma position sur le Dow Jones à l’approche du TP2 🔥
3569,messages4.html,2026-01-07T15:32:41+00:00,,closed,"▶️Mon analyse de l’indice Dow Jones (US30) 👇 ⏎  ⏎ Analyse H4 :  ⏎ - La tendance de fond reste haussière, une configuration baissière contre-tendance fait son apparition  ⏎ - Une divergence RSI est en cours de validation en zone de surachat  ⏎ - Le prix a laissé une zone de gap sur le marché, démontrant un déséquilibre de marché (zone de FVG : 48500 - 48700)  ⏎  ⏎ Analyse H2 :  ⏎ - La divergence RSI est bien orien"
3570,messages4.html,2026-01-07T15:37:21+00:00,3569,,💡Mon analyse :  ⏎  ⏎ ✔️Achat Dow Jones 49 309 ⏎ ❌Invalidation de l’analyse 49 544  ⏎ ✔️Validation de l’analyse partielle 49 021 ⏎ ✔️Validation complète de l’analyse 48 540
3571,messages4.html,2026-01-07T15:41:06+00:00,3569,,"✔️La validation de cette analyse viendrait se terminer dans une zone à forte probabilité de retournement :  ⏎  ⏎ - La trendline haussière partant des plus bas et un potentiel troisième point de contact de celle-ci ⏎ - La zone de FVG, qui peut servir de zone support  ⏎ - La moyenne mobile exponentielle 200 qui viendrait parfaitement s’aligner dans la zone en tant que résistance dynamique ⏎ - La forte tendanc"
3572,messages4.html,2026-01-07T20:30:23+00:00,3570,,🎯L’analyse se valide partiellement sur le Dow Jones à 49 021 points 🇺🇸🔥
3574,messages4.html,2026-01-09T14:09:51+00:00,3573,,💡Mon analyse :  ⏎  ⏎ ✔️Achat Nasdaq 25 635 ⏎ ❌Invalidation de l’analyse 25 210 ⏎ ✔️Validation de l’analyse partielle 26 102 ⏎ ✔️Validation complète de l’analyse 27 038
3575,messages4.html,2026-01-09T14:11:54+00:00,3573,,🎯L’invalidation de cette analyse et la cassure baissière de la figure en diamant pourrait permettre une entrée baissière sur le Nasdaq 🇺🇸
3577,messages4.html,2026-01-13T14:34:06+00:00,3576,,💡Mon analyse :  ⏎  ⏎ ✔️Achat Ethereum 3 128 ⏎ ❌Invalidation de l’analyse 2 617 ⏎ ✔️Validation de l’analyse partielle 4 280 ⏎ ✔️Validation complète de l’analyse 5 952
3580,messages4.html,2026-01-16T15:06:08+00:00,3579,,
3581,messages4.html,2026-01-16T15:07:24+00:00,3580,,💡Mon analyse :  ⏎  ⏎ ✔️Vente Dow Jones 49 394 ⏎ ❌Invalidation de l’analyse 49 690 ⏎ ✔️Validation de l’analyse partielle 49 060 ⏎ ✔️Validation complète de l’analyse 48 488
3582,messages4.html,2026-01-19T14:45:00+00:00,,closed,"💎Pour rappel, voici ma méthode avec laquelle je gère mes trades de manière générale :  ⏎  ⏎ ✅Lorsque le trade atteint l’équivalent du SL = je passe à BE  ⏎ ✅Lorsque le trade atteint le TP1, je sors 50% du trade  ⏎ ✅Lorsque le trade atteint le TP2, je sors les 100% restants"
3584,messages4.html,2026-01-19T16:01:05+00:00,3583,,"💡Mon analyse :  ⏎  ⏎ ✔️J’achète AUD/USD 0,67107 ⏎ ❌Invalidation de l’analyse 0,66783 ⏎ ✔️Validation de l’analyse partielle 0,67642 ⏎ ✔️Validation complète de l’analyse 0,68250"
3585,messages4.html,2026-01-21T15:02:43+00:00,,tp2|breakeven|closed,🎯Points sur mes trades en cours :  ⏎ 🟢AUD/USD en positif  ⏎ 🟢USD/CHF en positif  ⏎ 🟢FET/USDT en positif  ⏎ 🟢SOL/USDT en positif  ⏎ 🟢TAO/USDT en positif  ⏎ 🟡ETH/USDT au point d’entrée  ⏎ 🔴NEAR/USDT en négatif  ⏎  ⏎ 🎯Points sur mes derniers trades clôturés :  ⏎ 🟢Dow Jones : TP2 ✅ (trade 1)  ⏎ 🟢Dow Jones : TP2 ✅ (trade 2)  ⏎ 🟢GER30 : TP2 ✅ ⏎ 🟡Nasdaq : Sorti BE
3586,messages4.html,2026-01-21T15:08:12+00:00,3571,,🔼Le Dow Jones qui réagit très fortement à la hausse dans sa zone de FVG comme supposé précédemment 📈🇺🇸
3588,messages4.html,2026-01-22T15:57:04+00:00,3587,,💡Mon analyse :  ⏎  ⏎ ✔️J’achète le Nasdaq 25490 ⏎ ❌Invalidation de l’analyse 25229 ⏎ ✔️Validation de l’analyse partielle 25844 ⏎ ✔️Validation complète de l’analyse 26301
3591,messages4.html,2026-01-29T17:27:03+00:00,,breakeven,"▶️Mon analyse sur l’indice Dow Jones (US30) 👇 ⏎  ⏎ Analyse journalière :  ⏎ - Forte tendance haussière de fond  ⏎ - Moyennes mobiles exponentielles 20, 50, 100 et 200 orientées à la hausse  ⏎ - Retest en cours de la moyenne mobile exponentielle 20 ⏎  ⏎ Analyse H4 :  ⏎ - Retour sur une zone de support majeure avec prise de liquidités effectuée en-dessous (bougie avec mèche)  ⏎ - Trendline haussière partant des plus "
3592,messages4.html,2026-01-29T17:28:21+00:00,3591,,"💡Mon analyse :  ⏎  ⏎ ✔️J’achète le Dow Jones 48980 ⏎ ❌Invalidation de l’analyse 48514 ⏎ ✔️Validation de l’analyse partielle 49503 ⏎ ✔️Validation complète de l’analyse 50265 ⏎  ⏎ 👉Comme sur chaque analyse, je me laisse la possibilité de rentrer en plusieurs fois afin de lisser le prix d’entrée et d’optimiser le R/R"
3594,messages4.html,2026-02-02T00:29:49+00:00,3593,,💡Mon analyse :  ⏎  ⏎ ✔️J’achète le Bitcoin 77555 ⏎ ❌Invalidation de l’analyse 74580 ⏎ ✔️Validation de l’analyse partielle 81113 ⏎ ✔️Validation complète de l’analyse 84427
3595,messages4.html,2026-02-03T19:51:59+00:00,3588,tp1,"✅Le TP1 avait été touché sur le Nasdaq🔥 ⏎  ⏎ 50% de la position encaissée, sorti BE"
3597,messages4.html,2026-02-03T19:52:52+00:00,3592,tp1,"✅Le TP1 avait été touché sur le Dow Jones🔥 ⏎  ⏎ 50% de la position encaissée, sorti BE"
3598,messages4.html,2026-02-03T19:53:12+00:00,3594,sl_hit,❌SL touché sur le Bitcoin
3604,messages4.html,2026-02-05T16:41:49+00:00,3602,,💡Mon analyse :  ⏎  ⏎ ✔️J’achète le Nasdaq 24646 ⏎ ❌Invalidation de l’analyse 24257 ⏎ ✔️Validation de l’analyse partielle 25305 ⏎ ✔️Validation complète de l’analyse 25908
3605,messages4.html,2026-02-06T15:14:31+00:00,3602,,❌SL sur le Nasdaq
3606,messages4.html,2026-02-06T15:14:57+00:00,,closed,"▶️Mon analyse sur la cryptomonnaie Ethereum👇 ⏎  ⏎ Analyse hebdomadaire :  ⏎ - Tendance haussière en cours selon la théorie de Dow (Cassure du précédent plus haut à la hausse et plus bas toujours plus haut que le précédent plus bas)  ⏎ - Excès sous les 0,786 du retracement de Fibonacci (niveau qui a très souvent était synonyme de bottom de marché (exemple rectangle bleu à gauche de l’ancien cycle)) ⏎ - Excès"
3607,messages4.html,2026-02-06T15:15:52+00:00,3606,,💡Mon analyse :  ⏎  ⏎ ✔️J’achète Ethereum 1959 ⏎ ❌Invalidation de l’analyse 1588 ⏎ ✔️Validation de l’analyse partielle 3303 ⏎ ✔️Validation complète de l’analyse 8052
3609,messages4.html,2026-02-09T16:13:20+00:00,3608,,"💡Mon analyse :  ⏎  ⏎ ✔️J’achète GBP/USD 1,36860 ⏎ ❌Invalidation de l’analyse 1,33693 ⏎ ✔️Validation de l’analyse partielle 1,40582 ⏎ ✔️Validation complète de l’analyse 1,44488"
3612,messages4.html,2026-02-11T16:40:55+00:00,3610,,"💡Mon analyse :  ⏎  ⏎ ✔️J’achète EUR/GBP 0,86985 ⏎ ❌Invalidation de l’analyse 0,86520 ⏎ ✔️Validation de l’analyse partielle 0,87977 ⏎ ✔️Validation complète de l’analyse 0,88967"
3614,messages4.html,2026-02-12T15:53:46+00:00,3613,,"💡Mon analyse :  ⏎  ⏎ ✔️J’achète TON/USD 1,367 ⏎ ❌Invalidation de l’analyse 1,258 ⏎ ✔️Validation de l’analyse partielle 1,476 ⏎ ✔️Validation complète de l’analyse 1,690 ⏎  ⏎ 👉Comme sur chaque trade, je me laisse la possibilité de rentrer en plusieurs fois afin de lisser le prix d’entrée"
3619,messages4.html,2026-02-17T14:56:29+00:00,3614,tp1,✅TP1 avait été touché sur TON/USD
3620,messages4.html,2026-02-17T14:56:44+00:00,3618,tp1,✅TP1 touché sur le Nasdaq100
3621,messages4.html,2026-02-18T14:41:34+00:00,3582,closed,"💎Pour rappel, voici ma méthode avec laquelle je gère mes trades de manière générale :  ⏎  ⏎ ✅Lorsque le trade atteint l’équivalent du SL = je passe à BE  ⏎ ✅Lorsque le trade atteint le TP1, je sors 50% du trade  ⏎ ✅Lorsque le trade atteint le TP2, je sors les 100% restants"
3622,messages4.html,2026-02-18T14:44:33+00:00,,breakeven,"▶️Mon analyse sur la paire AUD/JPY👇 ⏎  ⏎ Analyse H4 :  ⏎ - Forte tendance haussière en cours  ⏎ - Trendline haussière partant des plus bas en support dynamique  ⏎ - Moyennes mobiles exponentielles 20, 50, 100 et 200 orientées à la hausse sous le prix  ⏎ - Rebond effectuée sur une zone de support horizontale  ⏎ - Retest haussier d’une zone de support sur le RSI  ⏎ - Validation en cours d’un double bottom  ⏎  ⏎ En résu"
3623,messages4.html,2026-02-18T14:45:50+00:00,3622,,"💡Mon analyse :  ⏎  ⏎ ✔️J’achète la paire AUD/JPY 108,808 ⏎ ❌Invalidation de l’analyse 107,736 ⏎ ✔️Validation de l’analyse partielle 110,231 ⏎ ✔️Validation complète de l’analyse 111,700 ⏎  ⏎ 👉Comme sur chaque trade, je me laisse la possibilité de rentrer en plusieurs fois afin de lisser le prix d’entrée"
3628,messages4.html,2026-02-24T15:04:32+00:00,3627,,"💡Mon analyse :  ⏎  ⏎ ✔️J’achète l’indice Nasdaq 24800 ⏎ ❌Invalidation de l’analyse 24434 ⏎ ✔️Validation de l’analyse partielle 25371 ⏎ ✔️Validation complète de l’analyse 26232 ⏎  ⏎ 👉Comme sur chaque trade, je me laisse la possibilité de rentrer en plusieurs fois afin de lisser le prix d’entrée"
3629,messages4.html,2026-02-24T15:05:50+00:00,3623,tp1,✅TP1 touché sur la paire AUD/JPY 🔥
3631,messages4.html,2026-02-26T12:57:20+00:00,,tp1|tp2|closed,🎯Points sur mes trades en cours :  ⏎ 🟢EUR/GBP en positif  ⏎ 🟢USD/CHF en positif  ⏎ 🟢AUD/JPY en positif  ⏎ 🟢Nasdaq en positif  ⏎ 🟢RENDER/USDT en positif  ⏎ 🟢ETH/USDT en positif  ⏎ 🔴GBP/USD en négatif  ⏎  ⏎ 🎯Points sur mes derniers trades clôturés :  ⏎ 🟢TON/USDT : TP1 ✅ Repris BE ⏎ 🟢Nasdaq : TP1 ✅ Repris BE ⏎ 🟢AUD/USD : TP2 ✅ 100% de la position encaissée
3632,messages4.html,2026-02-26T15:22:35+00:00,3628,tp1,"✅TP1 avait été touché sur le Nasdaq 🔥 ⏎  ⏎ 50% de la position encaissée, trade sécurisé"
3633,messages4.html,2026-02-26T15:35:30+00:00,3582,closed,"💎Pour rappel, voici ma méthode avec laquelle je gère mes trades de manière générale :  ⏎  ⏎ ✅Lorsque le trade atteint l’équivalent du SL = je passe à BE  ⏎ ✅Lorsque le trade atteint le TP1, je sors 50% du trade  ⏎ ✅Lorsque le trade atteint le TP2, je sors les 100% restants"
3639,messages4.html,2026-03-06T16:24:30+00:00,3623,tp2,✅TP2 avait été touché sur AUD/JPY 🔥
3640,messages4.html,2026-03-06T16:24:42+00:00,3638,,❌SL sur le S&P500
3649,messages4.html,2026-03-12T14:30:11+00:00,,tp2|closed|tp_generic,🎯Points sur mes trades en cours :  ⏎ 🟢USD/CHF en positif  ⏎ 🟢CAD/CHF en positif  ⏎ 🟢AUD/JPY en positif  ⏎ 🟢GER30 en positif  ⏎ 🟢Gold en positif ⏎ 🟢RENDER/USDT en positif  ⏎ 🟢ETH/USDT en positif  ⏎ 🟢HYPE/USDT en positif  ⏎  ⏎ 🎯Points sur mes derniers trades clôturés :  ⏎ 🟢AUD/JPY : TP 2 ✅  ⏎ 🔴S&P500 : SL
3654,messages4.html,2026-03-17T14:50:48+00:00,3626,tp1,"✅ Le TP1 avait été touché sur RENDER/USD 🔥 ⏎  ⏎ 50% de la position encaissée, trade sécurisé"
3655,messages4.html,2026-03-17T14:51:44+00:00,3635,,✅ J’encaisse 50% de la position sur HYPE/USD à l’approche du TP1 🔥 ⏎  ⏎ Trade sécurisé
3656,messages4.html,2026-03-18T12:10:48+00:00,3648,tp1,"✅ TP1 touché sur le Gold🔥 ⏎  ⏎ 50% de la position encaissée, trade sécurisé"
3657,messages4.html,2026-03-19T14:33:07+00:00,3648,tp2,✅TP2 touché sur le Gold 🔥 ⏎  ⏎ 100% de la position encaissée
3667,messages4.html,2026-03-26T14:24:45+00:00,,breakeven,🎯Points sur mes trades en cours :  ⏎ 🟢USD/CHF en positif  ⏎ 🟢NZD/USD en positif ⏎ 🟢Dow Jones en positif ⏎ 🟢RENDER/USDT en positif  ⏎ 🟢APT/USDT en positif  ⏎ 🟢ETH/USDT en positif  ⏎ 🟢HYPE/USDT en positif  ⏎ 🟡CAD/CHF au point d’entrée
3669,messages4.html,2026-03-26T19:30:18+00:00,3664,,✅J’encaisse 50% de la position à l’approche du TP1 sur NZD/USD 🔥
3674,messages4.html,2026-03-31T00:06:05+00:00,3673,tp1|breakeven,"✔️TP1 touché sur le pétrole, j’encaisse 50% de la position et place le SL au point d’entré"
3677,messages4.html,2026-04-03T15:03:00+00:00,3624,,"▶️Mon analyse sur la cryptomonnaie RENDER/USD👇 ⏎  ⏎ Analyse précédente toujours valide  ⏎  ⏎ Analyse H3 :  ⏎ - Validation d’un triangle symétrique de sommet  ⏎ - Bougie pleine sur validation du triangle (augmente la fiabilité de la figure)  ⏎ - Tendance haussière impulsive avant la création du triangle symétrique de sommet (augmente la fiabilité de la figure)  ⏎ - Moyennes mobiles exponentielles 20, 50, 100 et 20"
3681,messages4.html,2026-04-08T10:36:54+00:00,,closed,"🎯Points sur mes trades en cours :  ⏎ 🟢USD/CHF en positif  ⏎ 🟢NZD/USD en positif ⏎ 🟢GBP/JPY en positif  ⏎ 🟢RENDER/USDT en positif (trade 1) ⏎ 🟢RENDER/USDT en positif (trade 2) ⏎ 🟢TAO/USDT en positif ⏎ 🟢ETH/USDT en positif  ⏎ 🟢HYPE/USDT en positif  ⏎ 🔴CAD/CHF en négatif  ⏎  ⏎  ⏎ ————————————————— ⏎  ⏎ 💎Pour rappel, voici ma méthode avec laquelle je gère mes trades de manière générale :  ⏎  ⏎ ✅Lorsque le trade atteint l’équivalent "
3684,messages4.html,2026-04-10T10:12:01+00:00,3683,tp1|breakeven,"✅TP1 avait été touché sur AUD/CHF 🔥 ⏎  ⏎ 50% de la position encaissée, SL au point d’entrée"
3689,messages4.html,2026-04-13T17:36:11+00:00,,tp1|closed,🎯Points sur mes trades en cours :  ⏎ 🟢USD/CHF en positif  ⏎ 🟢NZD/USD en positif ⏎ 🟢GBP/JPY en positif  ⏎ 🟢USD/CAD en positif  ⏎ 🟢RENDER/USDT en positif (trade 1) ⏎ 🟢RENDER/USDT en positif (trade 2) ⏎ 🟢TON/USDT en positif  ⏎ 🟢ETH/USDT en positif  ⏎ 🟢HYPE/USDT en positif  ⏎  ⏎ 🎯Points sur mes derniers trades clôturés :  ⏎ 🟢TAO/USDT : TP1 ✅  ⏎ 🟢AUD/CHF : TP1 ✅ ⏎ 🔴CAD/CHF : SL
3690,messages4.html,2026-04-14T14:11:51+00:00,3688,tp1|breakeven,"✅TP1 touché sur USD/CAD 🔥 ⏎  ⏎ 50% de la position encaissée, SL au point d’entrée"
3691,messages4.html,2026-04-15T14:04:26+00:00,3680,breakeven,"✅TP1 en approche sur GBP/JPY 🔥 ⏎  ⏎ 50% de la position encaissée, SL au point d’entrée"
3700,messages4.html,2026-04-23T17:05:04+00:00,3694,,"✔️Je renforce ma position sur la cryptomonnaie FET/USD 0,2110 ⏎ ❌SL et ✔️TP identiques"
3701,messages4.html,2026-04-23T17:08:17+00:00,3700,,▶️Mon analyse sur la cryptomonnaie FET/USD👇 ⏎  ⏎ Analyse précédente toujours valide +  ⏎  ⏎ Analyse journalière :  ⏎ - Retest d’une trendline baissière en cours  ⏎ - Retest d’une zone de demande majeure (zone horizontale grise)  ⏎ - FVG à combler à la hausse
3707,messages4.html,2026-04-28T10:48:02+00:00,3706,tp1|breakeven,"✅TP1 touché sur le Nasdaq 🔥 ⏎  ⏎ 50% de la positon encaissée, SL au point d’entrée"
3708,messages4.html,2026-04-28T10:49:00+00:00,3688,tp2,✅TP2 touché sur USD/CAD 🔥 ⏎  ⏎ 100% de la position encaissée
3711,messages4.html,2026-04-30T10:39:32+00:00,3703,tp1|breakeven,"✅TP1 touché sur le Dow Jones 🔥 ⏎  ⏎ 50% de la positon encaissée, SL au point d’entrée"
3714,messages4.html,2026-05-04T17:31:28+00:00,3713,tp2,✅TP2 touché sur le Gold 🔥 ⏎  ⏎ 100% de la position encaissée
3715,messages4.html,2026-05-05T14:47:11+00:00,,tp1|tp2|closed,🎯Points sur mes trades en cours :  ⏎ 🟢USD/CHF en positif  ⏎ 🟢GBP/JPY en positif  ⏎ 🟢Gold en positif (trade 1) ⏎ 🟢RENDER/USDT en positif ⏎ 🟢TON/USDT en positif  ⏎ 🟢ETH/USDT en positif  ⏎ 🟢HYPE/USDT en positif  ⏎ 🟢AKT/USDT en positif  ⏎ 🟢FET/ USDT en positif (trade 2) ⏎ 🔴FET/USDT en négatif (trade 1) ⏎  ⏎ 🎯Points sur mes derniers trades clôturés :  ⏎ 🟢Nasdaq : TP1 ✅  ⏎ 🟢Dow Jones : TP1 ✅ ⏎ 🟢Gold : TP2 ✅ (trade 2) ⏎ 🟢USD/CAD : TP2 
3716,messages4.html,2026-05-06T14:38:42+00:00,3686,tp1,✅TP1 touché sur la cryptomonnaie TON/USD 🔥
3726,messages4.html,2026-05-13T15:39:22+00:00,3723,,❌SL sur le Pétrole
3728,messages4.html,2026-05-13T15:42:12+00:00,3727,,▶️Mon analyse sur l’indice Dow Jones👇 ⏎  ⏎ Analyse M5 :  ⏎ - Tendance baissière court terme avec plus bas et plus haut de plus en plus bas  ⏎ - Retour sur le dernier plus haut de la tendance baissière en cours  ⏎ - Prise de liquidités effectuée (bougie avec mèche)  ⏎ - RAS sur le RSI ⏎ - Moyennes mobiles exponentielle 100 et 200 orientée/ directement en résistance dynamique  ⏎ - Prise de liquidités effectuée au-d
3729,messages4.html,2026-05-13T15:57:59+00:00,3727,breakeven,✅TP1 sur le Dow Jones 🔥 ⏎  ⏎ J’encaisse 50% de la position et place le SL au point d’entrée
3732,messages4.html,2026-05-19T17:49:24+00:00,,closed,▶️Mon analyse sur l’indice Nasdaq👇 ⏎  ⏎ Analyse H1  :  ⏎ - Retour sur une zone de support correspondant au dernier plus bas de la tendance haussière en cours  ⏎ - Formation en cours d’une divergence RSI ⏎ - Prise de liquidités effectuée sous la zone (bougie avec mèche clôturée)  ⏎  ⏎ Analyse M30 :  ⏎ - Formation d’une vague de Wolfe haussière de qualité  ⏎ - Liquidités à aller chercher au-dessus de la session asiat
3734,messages4.html,2026-05-19T20:14:47+00:00,3633,closed,"💎Pour rappel, voici ma méthode avec laquelle je gère mes trades de manière générale :  ⏎  ⏎ ✅Lorsque le trade atteint l’équivalent du SL = je passe à BE  ⏎ ✅Lorsque le trade atteint le TP1, je sors 50% du trade  ⏎ ✅Lorsque le trade atteint le TP2, je sors les 100% restants"
3737,messages4.html,2026-05-20T16:20:20+00:00,3733,breakeven,✅TP1 sur le Nasdaq 🔥 ⏎  ⏎ J’encaisse 50% de la position et place le SL au point d’entrée
3738,messages4.html,2026-05-20T16:44:48+00:00,,breakeven,🎯Points sur mes trades en cours :  ⏎ 🟢USD/CHF en positif  ⏎ 🟢GBP/JPY en positif  ⏎ 🟢Gold en positif  ⏎ 🟢Pétrole en positif  ⏎ 🟢Nasdaq en positif  ⏎ 🟢AKT/USDT en positif  ⏎ 🟢HYPE/USDT en positif  ⏎ 🟢RENDER/USDT en positif ⏎ 🟢TON/USDT en positif  ⏎ 🟢ETH/USDT en positif  ⏎ 🟡AUD/NZD au point d’entrée  ⏎ 🔴FET/USDT en négatif
3739,messages4.html,2026-05-21T18:55:55+00:00,3733,tp2,✔️TP2 touché sur le Nasdaq 🔥 ⏎  ⏎ 100% de la position encaissée
3740,messages4.html,2026-05-21T19:54:38+00:00,3736,breakeven,✅J’encaisse 50% de la position et place le SL au point d’entrée à l’approche du TP1 🔥
3741,messages4.html,2026-05-22T14:51:00+00:00,3635,tp2,✅TP2 touché sur HYPE/USD 🔥 ⏎  ⏎ J’encaisse une grande partie et de la position et garde une petite partie de la position pour du moyen terme
3744,messages4.html,2026-05-24T09:43:48+00:00,,tp2|closed,🎯Points sur mes trades en cours :  ⏎ 🟢USD/CHF en positif  ⏎ 🟢GBP/JPY en positif  ⏎ 🟢NZD/USD en positif  ⏎ 🟢Gold en positif  ⏎ 🟢Pétrole en positif  ⏎ 🟢AKT/USDT en positif  ⏎ 🟢HYPE/USDT en positif  ⏎ 🟢RENDER/USDT en positif ⏎ 🟢TON/USDT en positif  ⏎ 🟢ETH/USDT en positif  ⏎ 🟢ASTER/USDT en positif  ⏎ 🟢FET/USDT en positif (trade 1) ⏎ 🟢FET/USDT en positif (trade 2) ⏎ 🔴AUD/NZD en négatif  ⏎  ⏎ 🎯Points sur mes derniers trades clôturés :
3745,messages4.html,2026-05-27T13:52:37+00:00,3742,,❌SL sur NZD/USD
3746,messages4.html,2026-05-27T13:53:04+00:00,3736,,✅TP2 sur le Pétrole 🔥
3751,messages4.html,2026-05-27T22:58:38+00:00,3750,,❌SL sur RENDER/USD
3752,messages4.html,2026-05-27T23:01:14+00:00,3699,closed,✅TP2 en approche sur le Gold 🔥 ⏎  ⏎ Je sors 50% de la position restante
3756,messages4.html,2026-05-28T16:54:32+00:00,3754,,❌SL sur le Nasdaq
3759,messages4.html,2026-05-29T12:55:53+00:00,3758,tp1|breakeven,✅TP1 touché sur le Dow Jones 🔥 ⏎  ⏎ J’encaisse 50% de la position et place le SL au point d’entrée
3762,messages4.html,2026-06-01T21:08:30+00:00,3761,,✔️Trade sécurisé sur FET/USD
3769,messages4.html,2026-06-05T14:54:35+00:00,3768,,❌SL sur le CAC40
3772,messages4.html,2026-06-07T23:11:44+00:00,3771,breakeven,✔️J’encaisse 50% de la position sur AUD/USD à l’approche du TP1 🔥 ⏎  ⏎ SL au point d’entrée
3775,messages4.html,2026-06-08T18:11:09+00:00,3774,breakeven,✔️Position sécurisée sur le Dow Jones avec le SL au point d’entrée
3776,messages4.html,2026-06-08T23:18:14+00:00,3774,,✔️J’encaisse 50% de la position sur le Dow Jones à l’approche du TP1 🔥
3777,messages4.html,2026-06-09T14:28:20+00:00,3776,breakeven,✔️Repris au point d’entrée sur le Dow Jones
3780,messages4.html,2026-06-09T19:31:38+00:00,3779,tp1|breakeven,✅TP1 touché sur le Bitcoin🔥 ⏎  ⏎ J’encaisse 50% de la position et place le SL au point d’entrée
3783,messages4.html,2026-06-10T19:57:00+00:00,3782,,❌SL sur l’indice S&P500
3784,messages4.html,2026-06-10T21:38:46+00:00,3699,tp3,✅TP3 touché sur le Gold 🔥 ⏎  ⏎ 100% de la position encaissée
3785,messages4.html,2026-06-11T13:51:47+00:00,3771,,✅TP2 sur la paire AUD/USD 🔥 ⏎  ⏎ 100% de la position encaissée
3786,messages4.html,2026-06-11T14:16:10+00:00,3749,,✅TP1 sur la paire EUR/AUD 🔥 ⏎  ⏎ 50% de la position encaissée
