msg_id,file,dt_utc,asset_raw,ticker,testable,direction,dir_source,entry,sl,tp1,tp2,tp3,tp4,n_tp,rr_stated,trade_type,has_photo,sanity_ok,sanity_note,raw_text
20,messages.html,2022-08-18T14:58:01+00:00,ETH/USDT,ETHUSD,True,SELL,keyword,1861.0,1918.0,1829.0,1792.0,1706.0,,3,,,True,True,,🎯Setup de qualité sur ETH/USDT 📉 ⏎  ⏎ Graphique H4 :  ⏎ - Moyenne mobile exponentielle (MME) 200 en résistance dynamique  ⏎ - Cassure de trendline sur le prix  ⏎ - Cassure de trendline sur le RSI  ⏎ - Bougie pendu en cours ⏎  ⏎ Graphique H1  ⏎ - Ligne de cou d’une épaule-tête-épaule validée en résistance  ⏎ - Death cross en cours entre MME200 et MME50  ⏎  ⏎ Graphique M15  ⏎ - Tendance de fond baissière  ⏎ - Trendline sur le RSI bien dessiné  ⏎  ⏎ Je vends l’ETH à 1861 📉 ⏎ ❌SL 1918 ⏎ ✅TP1 1829 ⏎ ✅TP2 1792 ⏎ ✅TP3 1706
34,messages.html,2022-08-22T16:04:11+00:00,AUD/JPY,AUDJPY,True,SELL,geometry,94.42,94.996,93.801,93.142,92.41,4.0,4,,,False,False,TP4 hors plage (x0.04),"✔️AUD/JPY 94,420 ⏎ ❌SL 94,996 ⏎ ✅TP1 93,801 ⏎ ✅TP2 93,142 ⏎ ✅TP3 92,410  ⏎ ✅TP4 (Bonus) 90,982"
35,messages.html,2022-08-22T16:06:43+00:00,CHF/JPY,CHFJPY,False,SELL,geometry,142.517,143.378,141.93,140.779,3.0,,3,,,False,False,TP3 hors plage (x0.02),"✔️CHF/JPY 142,517 ⏎ ❌SL 143,378 ⏎ ✅TP1 141,930 ⏎ ✅TP2 140,779 ⏎ ✅TP3 (Bonus) 139,095"
36,messages.html,2022-08-22T16:11:27+00:00,EUR/JPY,EURJPY,True,SELL,geometry,136.773,138.167,135.635,133.593,3.0,,3,,,False,False,TP3 hors plage (x0.02),"✔️EUR/JPY 136,773  ⏎ ❌SL 138,167 ⏎ ✅TP1 135,635 ⏎ ✅TP2 133,593 ⏎ ✅TP3 (Bonus) 129,608"
39,messages.html,2022-08-23T12:58:09+00:00,CHZ/USDT,CHZUSDT,False,BUY,keyword,0.2221,0.215,0.226,0.231,3.0,,3,,,False,False,TP3 hors plage (x13.51),"✔️Achat CHZ/USDT 0,2221 ⏎ ✅TP1 0,2260 ⏎ ✅TP2 0,2310 ⏎ ✅TP3 (Bonus) 0,2450 ⏎ ❌SL 0,2150"
46,messages.html,2022-08-23T21:24:19+00:00,AVAX/USDT,AVAXUSDT,False,BUY,keyword,23.4,22.38,24.08,25.23,,,2,,,True,True,,"✔️Achat AVAX/USDT 23,40 ⏎ ❌SL 22,38 ⏎ ✅TP1 24,08 ⏎ ✅TP2 25,23"
53,messages.html,2022-08-24T17:13:55+00:00,GBP/AUD,GBPAUD,False,SELL,keyword,1.70683,1.71133,1.70322,1.6981,3.0,,3,,,False,False,TP>=entry pour SELL,"Je relance un trade plus court terme en plus de mon trade moyen terme ✅ ⏎  ⏎ ✔️Vente GBP/AUD 1,70683 ⏎ ❌SL 1,71133 ⏎ ✅TP1 1,70322 ⏎ ✅TP2 1,69810 ⏎ ✅TP3 (Bonus) 1,62844"
60,messages.html,2022-08-26T12:15:29+00:00,BLZ/USDT,BLZUSDT,False,SELL,keyword,0.1209,0.1268,0.1145,0.103,3.0,,3,,,True,False,TP>=entry pour SELL; TP3 hors plage (x24.81),"✔️Vente BLZ/USDT 0,1209 ⏎ ❌SL 0,1268 ⏎ ✅TP1 0,1145 ⏎ ✅TP2 0,1030 ⏎ ✅TP3 (Bonus) 0,0945 ⏎  ⏎ ⚠️ Très risqué sur un actif volatil, stop loss serré"
72,messages.html,2022-08-29T16:55:39+00:00,CHF/JPY,CHFJPY,False,SELL,keyword,143.189,143.475,143.029,142.799,142.427,,3,,,False,True,,"✔️Vente CHF/JPY 143,189 ⏎ ✅TP1 143,029  ⏎ ✅TP2 142,799 ⏎ ✅TP3 142,427  ⏎ ❌SL 143,475"
85,messages.html,2022-08-31T14:45:23+00:00,AUD/USD,AUDUSD,False,SELL,keyword,0.68601,0.69207,0.68155,0.67305,3.0,,3,,,True,False,TP>=entry pour SELL; TP3 hors plage (x4.37),"✔️Vente AUD/USD 0,68601  ⏎ ✅TP1 0,68155 ⏎ ✅TP2 0,67305 ⏎ ✅TP3 (Bonus) 0,65987 ⏎ ❌SL 0,69207"
87,messages.html,2022-08-31T16:39:14+00:00,ETH/USDT,ETHUSD,True,SELL,keyword,1566.0,1733.0,1432.0,1206.0,1047.0,,3,,,False,True,,✔️Vente ETH/USDT 1566 ⏎ ❌SL 1733 ⏎ ✅TP1 1432 ⏎ ✅TP2 1206 ⏎ ✅TP3 1047
89,messages.html,2022-09-01T13:07:55+00:00,GBP/JPY,GBPJPY,True,SELL,keyword,161.12,162.122,160.384,159.534,158.437,,3,,,True,True,,"✔️Vente GBP/JPY 161,120 ⏎ ❌SL 162,122 ⏎ ✅TP1 160,384 ⏎ ✅TP2 159,534 ⏎ ✅TP3 158,437"
112,messages.html,2022-09-08T15:46:11+00:00,GBP/JPY,GBPJPY,True,SELL,keyword,165.51,166.023,165.168,164.575,163.81,,3,,,True,True,,"✔️Vente GBP/JPY 165,510 ⏎ ❌SL 166,023 ⏎ ✅TP1 165,168 ⏎ ✅TP2 164,575 ⏎ ✅TP3 163,810"
121,messages.html,2022-09-09T13:03:00+00:00,EUR/CAD,EURCAD,False,SELL,keyword,1.3073,1.31632,1.3017,1.29832,1.28847,,3,,,False,True,,"✔️Vente EUR/CAD 1,30730 ⏎ ❌SL 1,31632 ⏎ ✅TP1 1,30170 ⏎ ✅TP2 1,29832 ⏎ ✅TP3 1,28847"
130,messages.html,2022-09-11T20:42:31+00:00,GBP/NZD,GBPNZD,False,SELL,keyword,1.89658,1.90174,1.892,1.884,,,2,,,True,True,,"🎯Analyse GBP/NZD - M30  ⏎  ⏎ - Tendance baissière court terme  ⏎ - Death cross des moyennes mobiles 50 et 200  ⏎ - Drapeau baissier validée  ⏎ - Le prix est venu buter sur une trendline baissière  ⏎  ⏎ Si l’ouverture reste au même niveau :  ⏎ ✔️Vente 1,89658 ⏎ ❌SL 1,90174  ⏎ ✅TP1 1,89200 ⏎ ✅TP2 1,88400"
137,messages.html,2022-09-12T13:17:53+00:00,AUD/CHF,AUDCHF,False,SELL,keyword,0.6557,0.66233,0.64937,0.64137,,,2,,,True,True,,"🎯Graphique AUD/CHF - H4  ⏎  ⏎ 👉🏼Certains sont peut être déjà rentrer sur la cassure du drapeau baissier en journalier  ⏎  ⏎ 👉🏼Une nouvelle porte d’entrée sur le marché est possible avec ce pullback suite à une cassure de range par le bas en H4  ⏎  ⏎ ✔️Vente 0,65570 ⏎ ❌SL 0,66233 ⏎ ✅TP1 0,64937 ⏎ ✅TP2 0,64137"
138,messages.html,2022-09-12T13:53:49+00:00,ATOM/USDT,ATOMUSDT,False,BUY,keyword,16.138,15.104,16.505,17.18,18.3,,3,,,True,True,,"✔️J’achète ATOM/USDT 16,138 ⏎ ❌SL 15,104 ⏎ ✅TP1 16,505 ⏎ ✅TP2 17,180 ⏎ ✅TP3 18,30"
143,messages.html,2022-09-13T16:08:55+00:00,petrole,USOIL,True,SELL,keyword,86.91,89.66,83.52,81.36,78.1,,3,,,True,True,,"✔️Vente Pétrole 86,91 ⏎ ❌SL 89,66 ⏎ ✅TP1 83,52 ⏎ ✅TP2 81,36 ⏎ ✅TP3 78,10"
147,messages.html,2022-09-13T16:27:58+00:00,GBP/JPY,GBPJPY,True,SELL,keyword,166.277,167.138,165.533,164.54,,,2,,,True,True,,"✔️Vente GBP/JPY 166,277 ⏎ ❌SL 167,138 ⏎ ✅TP1 165,533 ⏎ ✅TP2 164,540"
156,messages.html,2022-09-16T14:12:53+00:00,OP/USDT,OPUSDT,False,SELL,keyword,1.098,1.256,0.995,0.79,,,2,,,True,True,,"✔️Vente OP/USDT 1,098 ⏎ ❌SL 1,256 ⏎ ✅TP1 0,995 ⏎ ✅TP2 0,790"
167,messages.html,2022-09-20T15:27:56+00:00,BNB/USDT,BNBUSDT,False,SELL,keyword,267.4,276.8,262.2,250.6,142.6,,3,,,True,True,,"✔️Vente BNB/USDT 267,4 ⏎ ❌SL 276,8 ⏎ ✅TP1 262,2  ⏎ ✅TP2 250,6 ⏎ ✅TP3 142,6"
176,messages.html,2022-09-22T14:00:33+00:00,EUR/AUD,EURAUD,False,SELL,keyword,1.48253,1.49372,1.47748,1.47045,1.45936,,3,,,False,True,,"✔️Vente EUR/AUD 1,48253 ⏎ ❌SL 1,49372 ⏎ ✅TP1 1,47748 ⏎ ✅TP2 1,47045 ⏎ ✅TP3 1,45936"
178,messages.html,2022-09-23T10:43:10+00:00,GBP/CAD,GBPCAD,False,SELL,keyword,1.51447,1.5243,1.5072,1.49246,,,2,,,True,True,,"🎯Vente GBP/CAD 1,51447 ⏎ ✅TP1 1,50720 ⏎ ✅TP2 1,49246 ⏎ ❌SL 1,52430"
181,messages.html,2022-09-23T14:59:42+00:00,ADA/USDT,ADAUSDT,False,SELL,keyword,0.4518,0.4645,0.4446,0.4353,0.4244,,3,,,True,True,,"✔️Vente ADA/USDT 0,4518 ⏎ ❌SL 0,4645 ⏎ ✅TP1 0,4446 ⏎ ✅TP2 0,4353 ⏎ ✅TP3 0,4244"
184,messages.html,2022-09-24T09:04:08+00:00,ADA/USDT,ADAUSDT,False,SELL,keyword,0.4586,0.4694,0.4494,0.4409,0.4257,,3,,,True,True,,"✔️Vente ADA/USDT 0,4586 ⏎ ❌SL 0,4694 ⏎ ✅TP1 0,4494 ⏎ ✅TP2 0,4409 ⏎ ✅TP3 0,4257"
191,messages.html,2022-09-26T14:51:18+00:00,nasdaq,US100,False,BUY,keyword,11373.0,11240.0,11481.0,11644.0,,,2,,,True,True,,✔️Achat Nasdaq 11373 ⏎ ❌SL 11240 ⏎ ✅TP1 11481 ⏎ ✅TP2 11644
193,messages.html,2022-09-26T16:10:45+00:00,NEAR/USDT,NEARUSDT,False,SELL,keyword,3.685,3.968,3.428,3.148,,,2,,,True,True,,"✔️Vente NEAR/USDT 3,685 ⏎ ❌SL 3,968 ⏎ ✅TP1 3,428 ⏎ ✅TP2 3,148"
200,messages.html,2022-09-27T14:43:52+00:00,AUD/CAD,AUDCAD,False,SELL,keyword,0.88701,0.89087,0.88399,0.8797,0.97519,,3,,,False,False,TP>=entry pour SELL,"✔️Vente AUD/CAD 0,88701 ⏎ ❌SL 0,89087 ⏎ ✅TP1 0,88399 ⏎ ✅TP2 0,87970 ⏎ ✅TP3 0,97519"
208,messages.html,2022-09-29T14:01:50+00:00,EUR/GBP,EURGBP,False,SELL,keyword,0.89075,0.89892,0.88136,0.87281,,,2,,,True,True,,"✔️Vente EUR/GBP 0,89075 ⏎ ❌SL 0,89892 ⏎ ✅TP1 0,88136 ⏎ ✅TP2 0,87281"
215,messages.html,2022-09-30T16:59:56+00:00,,,False,SELL,keyword,0.06091,0.06198,0.06012,0.05906,0.05713,,3,,,False,True,,"✔️Vente DogeCoin/USDT 0,06091 ⏎ ❌SL 0,06198 ⏎ ✅TP1 0,06012 ⏎ ✅TP2 0,05906 ⏎ ✅TP3 0,05713"
222,messages.html,2022-10-03T15:02:26+00:00,CHF/JPY,CHFJPY,False,SELL,keyword,146.367,148.845,145.19,143.704,137.993,,3,,,False,True,,"✔️Vente CHF/JPY 146,367 ⏎ ❌SL 148,845 ⏎ ✅TP1 145,190 ⏎ ✅TP2 143,704 ⏎ ✅TP3 137,993"
225,messages.html,2022-10-04T13:44:11+00:00,AUD/JPY,AUDJPY,True,SELL,keyword,93.832,97.334,90.886,87.904,,,2,,,False,True,,"✔️Vente AUD/JPY 93,832 ⏎ ❌SL 97,334 ⏎ ✅TP1 90,886 ⏎ ✅TP2 87,904"
228,messages.html,2022-10-04T15:47:29+00:00,NZD/CHF,NZDCHF,False,SELL,keyword,0.56386,0.56868,0.55956,0.55208,,,2,,,True,True,,"✔️Vente NZD/CHF 0,56386 ⏎ ❌SL 0,56868 ⏎ ✅TP1 0,55956 ⏎ ✅TP2 0,55208"
231,messages.html,2022-10-05T13:41:00+00:00,USD/CAD,USDCAD,False,SELL,keyword,1.36172,1.38107,1.3429,1.32694,1.29764,,3,,,True,True,,"✔️Vente USD/CAD 1,36172 ⏎ ❌SL 1,38107 ⏎ ✅TP1 1,34290 ⏎ ✅TP2 1,32694 ⏎ ✅TP3 1,29764"
236,messages.html,2022-10-06T15:06:04+00:00,AUD/USD,AUDUSD,False,SELL,keyword,0.6449,0.6499,0.63978,0.6365,,,2,,,False,True,,"✔️Vente AUD/USD 0,64490 ⏎ ❌SL 0,64990 ⏎ ✅TP1 0,63978 ⏎ ✅TP2 0,63650 ⏎ ✅TP2 0,62300"
247,messages.html,2022-10-10T15:42:02+00:00,MANA/USDT,MANAUSDT,False,SELL,keyword,0.684,0.7142,0.6693,0.642,0.6188,,3,,,True,True,,"✔️Vente MANA/USDT 0,6840 ⏎ ❌SL 0,7142 ⏎ ✅TP1 0,6693 ⏎ ✅TP2 0,64200 ⏎ ✅TP3 0,6188"
252,messages.html,2022-10-11T14:53:17+00:00,ETH/USDT,ETHUSD,True,SELL,keyword,1284.13,1342.53,1239.46,1147.81,1041.28,,3,,,False,True,,"✔️Vente ETH/USDT 1284,13  ⏎ ❌SL 1342,53 ⏎ ✅TP1 1239,46  ⏎ ✅TP2 1147,81 ⏎ ✅TP3 1041,28"
257,messages.html,2022-10-12T13:57:27+00:00,petrole,USOIL,True,SELL,keyword,88.74,90.94,86.54,83.1,,,2,,,True,True,,"✔️Vente Pétrole 88,74 ⏎ ❌SL 90,94 ⏎ ✅TP1 86,54 ⏎ ✅TP2 83,10"
267,messages.html,2022-10-14T15:58:42+00:00,GBP/CAD,GBPCAD,False,BUY,keyword,1.5569,1.54746,1.56183,1.57001,,,2,,,False,True,,"✔️Achat GBP/CAD 1,55690 ⏎ ❌SL 1,54746 ⏎ ✅TP1 1,56183  ⏎ ✅TP2 1,57001 ⏎ ✅TP2 1,57860"
269,messages.html,2022-10-14T16:09:28+00:00,EUR/CHF,EURCHF,False,BUY,keyword,0.97933,0.97357,0.98446,0.9917,,,2,,,True,True,,"✔️Achat EUR/CHF 0,97933 ⏎ ❌SL 0,97357 ⏎ ✅TP1 0,98446 ⏎ ✅TP2 0,99170"
274,messages.html,2022-10-17T14:59:12+00:00,AUD/CAD,AUDCAD,False,SELL,keyword,0.8629,0.86692,0.85931,0.8549,0.85083,,3,,,False,True,,"✔️Vente AUD/CAD 0,86290 ⏎ ❌SL 0,86692 ⏎ ✅TP1 0,85931  ⏎ ✅TP2 0,85490 ⏎ ✅TP3 0,85083"
280,messages.html,2022-10-18T14:04:14+00:00,petrole,USOIL,True,SELL,keyword,85.1,86.41,83.78,82.4,,,2,,,True,True,,"✔️Vente Pétrole 85,10 ⏎ ❌SL 86,41 ⏎ ✅TP1 83,78 ⏎ ✅TP2 82,40"
282,messages.html,2022-10-18T14:14:18+00:00,USD/SGD,USDSGD,False,SELL,keyword,18.054,18.21453,17.846,17.621,,,2,,,True,True,,"✔️Vente USD/SGD 18,054 ⏎ ❌SL 18,21453 ⏎ ✅TP1 17,846 ⏎ ✅TP2 17,621"
289,messages.html,2022-10-19T13:36:27+00:00,EUR/CAD,EURCAD,False,SELL,keyword,1.34546,1.35504,1.3371,1.33002,1.32365,,3,,,True,True,,"✔️Vente EUR/CAD 1,34546 ⏎ ❌SL 1,35504 ⏎ ✅TP1 1,33710 ⏎ ✅TP2 1,33002 ⏎ ✅TP3 1,32365"
291,messages.html,2022-10-19T15:00:02+00:00,ETH/USDT,ETHUSD,True,SELL,keyword,1293.5,1309.33,1283.17,1265.74,,,2,,,True,True,,"✔️Vente ETH/USDT 1293,5 ⏎ ❌SL 1309,33 ⏎ ✅TP1 1283,17 ⏎ ✅TP2 1265,74"
294,messages.html,2022-10-20T13:31:10+00:00,GBP/JPY,GBPJPY,True,BUY,keyword,168.953,167.16,170.035,171.199,172.94,,3,,,True,True,,"✔️Achat GBP/JPY 168,953 ⏎ ❌SL 167,160 ⏎ ✅TP1 170,035 ⏎ ✅TP2 171,199 ⏎ ✅TP3 172,940"
297,messages.html,2022-10-20T14:08:49+00:00,LTC/USDT,LTCUSDT,False,SELL,keyword,51.52,53.27,50.99,49.76,47.67,,3,,,True,True,,"✔️Vente LTC/USDT 51,52 ⏎ ❌SL 53,27 ⏎ ✅TP1 50,99 ⏎ ✅TP2 49,76 ⏎ ✅TP3 47,67"
302,messages.html,2022-10-21T13:08:56+00:00,ETH/USDT,ETHUSD,True,SELL,keyword,1275.1,1297.4,1263.8,1251.1,1222.6,,3,,,True,True,,"✔️Vente ETH/USDT 1275,10 ⏎ ❌SL 1297,40 ⏎ ✅TP1 1263,80 ⏎ ✅TP2 1251,10 ⏎ ✅TP3 1222,60"
309,messages.html,2022-10-24T13:24:55+00:00,AUD/JPY,AUDJPY,True,SELL,keyword,93.724,96.94,91.685,90.002,88.053,,3,,,True,True,,"📉Vente AUD/JPY 93,724  ⏎ ❌SL 96,940 ⏎ ✅TP1 91,685 ⏎ ✅TP2 90,002 ⏎ ✅TP3 88,053"
313,messages.html,2022-10-24T14:27:58+00:00,gold,XAUUSD,True,SELL,keyword,1647.35,1653.473,1644.731,1638.047,,,2,,,True,True,,"📉Vente Gold 1647,350 ⏎ ❌SL 1653,473 ⏎ ✅TP1 1644,731 ⏎ ✅TP2 1638,047"
315,messages.html,2022-10-24T14:55:34+00:00,USD/SGD,USDSGD,False,SELL,keyword,1.4217,1.43379,1.41009,1.39645,,,2,,,False,True,,"📉Vente USD/SGD 1,42170 ⏎ ❌SL 1,43379 ⏎ ✅TP1 1,41009 ⏎ ✅TP2 1,39645"
316,messages.html,2022-10-24T15:43:53+00:00,EGLD/USDT,EGLDUSDT,False,SELL,keyword,57.66,58.36,57.31,56.4,,,2,,,True,True,,"📉Vente EGLD/USDT 57,66 ⏎ ❌SL 58,36 ⏎ ✅TP1 57,31  ⏎ ✅TP2 56,40"
320,messages.html,2022-10-24T17:28:10+00:00,,,False,BUY,keyword,0.8891,0.7118,1.0308,1.1666,1.4292,,3,,,True,True,,"📈Achat MATIC/USDT 0,8891 ⏎ ❌SL 0,7118 ⏎ ✅TP1 1,0308 ⏎ ✅TP2 1,1666 ⏎ ✅TP3 1,4292"
322,messages.html,2022-10-25T12:11:04+00:00,BTC/USDT,BTCUSD,True,SELL,keyword,19284.0,19380.0,19190.0,19080.0,,,2,,,False,True,,📉Vente BTC/USDT 19284 ⏎ ❌SL 19380 ⏎ ✅TP1 19190 ⏎ ✅TP2 19080
326,messages.html,2022-10-25T15:36:44+00:00,EUR/USD,EURUSD,True,BUY,keyword,0.99231,0.96137,1.03049,1.07747,,,2,,,True,True,,"✔️Achat EUR/USD 0,99231 ⏎ ❌SL 0,96137 ⏎ ✅TP1 1,03049 ⏎ ✅TP2 1,07747"
331,messages.html,2022-10-26T13:34:02+00:00,petrole,USOIL,True,BUY,keyword,86.37,84.12,88.02,89.41,92.48,,3,,,True,True,,"✔️Achat Pétrole 86,37 ⏎ ❌SL 84,12  ⏎ ✅TP1 88,02 ⏎ ✅TP2 89,41 ⏎ ✅TP3 92,48"
336,messages.html,2022-10-27T13:38:07+00:00,BTC/USDT,BTCUSD,True,BUY,keyword,20600.0,18228.0,22757.0,26580.0,,,2,,,True,True,,✔️Achat BTC/USDT 20600 ⏎ ❌SL 18228 ⏎ ✅TP1 22757 ⏎ ✅TP2 26580
343,messages.html,2022-10-31T14:22:38+00:00,XRP/USDT,XRPUSDT,False,SELL,keyword,0.4535,0.4887,0.4388,0.3962,0.3504,,3,,,True,True,,"✔️Vente XRP/USDT 0,4535 ⏎ ❌SL 0,4887 ⏎ ✅TP1 0,4388 ⏎ ✅TP2 0,3962 ⏎ ✅TP3 0,3504"
346,messages.html,2022-10-31T17:11:46+00:00,GBP/USD,GBPUSD,True,SELL,keyword,1.14911,1.15756,1.14402,1.12802,,,2,,,True,True,,"✔️Vente GBP/USD 1,14911 ⏎ ❌SL 1,15756 ⏎ ✅TP1 1,14402 ⏎ ✅TP2 1,12802"
347,messages.html,2022-11-01T10:18:20+00:00,INJ/USDT,INJUSDT,False,BUY,keyword,2.348,1.659,3.175,4.412,,,2,,,True,True,,"✔️Achat INJ/USDT 2,348 ⏎ ❌SL 1,659 ⏎ ✅TP1 3,175 ⏎ ✅TP2 4,412"
351,messages.html,2022-11-02T14:41:42+00:00,AUD/JPY,AUDJPY,True,SELL,geometry,94.158,97.089,92.287,87.906,,,2,,,True,True,,"🎯J’ouvre une deuxième position vendeuse sur l’AUD/JPY à 94,158 ⏎ ❌ SL 97,089 ⏎ ✅TP1 92,287 ⏎ ✅TP2 87,906"
361,messages.html,2022-11-04T10:09:11+00:00,ACA/USDT,ACAUSDT,False,BUY,keyword,0.1692,0.1451,0.1928,0.2323,0.307,,3,,,True,True,,"✔️Achat ACA/USDT 0,1692 ⏎ ❌SL 0,1451 ⏎ ✅TP1 0,1928 ⏎ ✅TP2 0,2323 ⏎ ✅TP3 0,3070 ⏎  ⏎  ⏎ ⚠️Trade risqué à haut potentiel"
364,messages.html,2022-11-07T13:05:27+00:00,AUD/CAD,AUDCAD,False,BUY,keyword,0.87106,0.85659,0.88157,0.89025,0.90584,,3,,,True,True,,"✔️Achat AUD/CAD 0,87106 ⏎ ❌SL 0,85659 ⏎ ✅TP1 0,88157 ⏎ ✅TP2 0,89025 ⏎ ✅TP3 0,90584"
369,messages.html,2022-11-08T14:06:42+00:00,EUR/GBP,EURGBP,False,BUY,keyword,0.87298,0.85787,0.88375,0.89776,0.91988,,3,,,True,True,,"✔️Achat EUR/GBP 0,87298 ⏎ ❌SL 0,85787 ⏎ ✅TP1 0,88375 ⏎ ✅TP2 0,89776 ⏎ ✅TP3 0,91988"
376,messages.html,2022-11-09T13:38:32+00:00,petrole,USOIL,True,SELL,keyword,88.45,92.08,85.75,83.17,76.82,,3,,,True,True,,"✔️Vente Pétrole 88,45 ⏎ ❌SL 92,08  ⏎ ✅TP1 85,75 ⏎ ✅TP2 83,17 ⏎ ✅TP3 76,82"
385,messages.html,2022-11-10T13:32:51+00:00,,,False,SELL,keyword,1.3471,1.3626,1.32672,1.30416,,,2,,,False,True,,"✔️Vente 1,34710 ⏎ ❌SL 1,36260 ⏎ ✅TP1 1,32672 ⏎ ✅TP2 1,30416"
390,messages.html,2022-11-12T23:39:56+00:00,,,False,SELL,keyword,0.936,0.9852,0.9058,0.8381,0.7956,,3,,,True,True,,"✔️Vente MATIC/USDT 0,9360 ⏎ ❌SL 0,9852 ⏎ ✅TP1 0,9058 ⏎ ✅TP2 0,8381 ⏎ ✅TP3 0,7956"
394,messages.html,2022-11-14T14:02:13+00:00,DOGE/USDT,DOGEUSDT,False,SELL,keyword,0.0873,0.10211,0.07963,0.07185,0.05358,,3,,,True,True,,"✔️Vente DOGE/USDT 0,08730 ⏎ ❌SL 0,10211 ⏎ ✅TP1 0,07963 ⏎ ✅TP2 0,07185 ⏎ ✅TP3 0,05358"
396,messages.html,2022-11-14T16:18:12+00:00,petrole,USOIL,True,SELL,keyword,95.555,98.887,93.258,90.446,84.75,,3,,,True,True,,"🎯Superbe opportunité détectée sur le Pétrole par l’un d’entre vous 🔥 ⏎  ⏎ ✔️Vente Pétrole (Brent) 95,555 ⏎ ❌SL 98,887 ⏎ ✅TP1 93,258 ⏎ ✅TP2 90,446 ⏎ ✅TP3 84,750"
407,messages.html,2022-11-15T15:47:27+00:00,EUR/JPY,EURJPY,True,SELL,keyword,144.55,145.699,143.584,141.633,,,2,,,True,True,,"✔️Vente EUR/JPY 144,550 ⏎ ❌SL 145,699 ⏎ ✅TP1 143,584 ⏎ ✅TP2 141,633"
411,messages.html,2022-11-16T13:32:01+00:00,XRP/USDT,XRPUSDT,False,SELL,keyword,0.3768,0.3926,0.3618,0.3435,0.3277,,3,,,True,True,,"✔️Vente XRP/USDT 0,3768 ⏎ ❌SL 0,3926 ⏎ ✅TP1 0,3618 ⏎ ✅TP2 0,3435 ⏎ ✅TP3 0,3277"
412,messages.html,2022-11-16T13:36:46+00:00,USD/CAD,USDCAD,False,SELL,geometry,1.32722,1.33299,1.3208,1.31541,,,2,,,True,True,,"🎯Je reprend une nouvelle position baissière plus court terme sur l’USD/CAD 1,32722 ⏎ ❌SL 1,33299 ⏎ ✅TP1 1,32080 ⏎ ✅TP2 1,31541"
423,messages.html,2022-11-18T13:43:13+00:00,nasdaq100,US100,False,BUY,keyword,11785.0,11278.0,2035.0,12699.0,13392.0,,3,,,True,False,TP<=entry pour BUY; TP1 hors plage (x0.17),✔️Achat Nasdaq100 11785 ⏎ ❌SL 11278 ⏎ ✅TP12035 ⏎ ✅TP2 12699 ⏎ ✅TP3 13392
425,messages.html,2022-11-18T14:22:52+00:00,CAD/JPY,CADJPY,False,SELL,keyword,104.624,105.547,104.121,103.33,101.94,,3,,,True,True,,"✔️Vente CAD/JPY 104,624 ⏎ ❌SL 105,547 ⏎ ✅TP1 104,121 ⏎ ✅TP2 103,330 ⏎ ✅TP3 101,940"
429,messages.html,2022-11-21T13:23:00+00:00,GBP/CHF,GBPCHF,False,SELL,keyword,1.1308,1.13437,1.12778,1.12147,,,2,,,True,True,,"✔️Vente GBP/CHF 1,13080 ⏎ ❌SL 1,13437 ⏎ ✅TP1 1,12778 ⏎ ✅TP2 1,12147"
433,messages.html,2022-11-21T14:27:08+00:00,EUR/NZD,EURNZD,False,SELL,keyword,1.67658,1.69346,1.65894,1.62943,,,2,,,True,True,,"✔️Vente EUR/NZD 1,67658 ⏎ ❌SL 1,69346 ⏎ ✅TP1 1,65894 ⏎ ✅TP2 1,62943"
437,messages.html,2022-11-21T22:19:44+00:00,EUR/CHF,EURCHF,False,SELL,keyword,0.98128,0.99053,0.97305,0.96577,0.94924,,3,,,False,True,,"✔️Vente EUR/CHF 0,98128 ⏎ ❌SL 0,99053 ⏎ ✅TP1 0,97305 ⏎ ✅TP2 0,96577 ⏎ ✅TP3 0,94924"
443,messages.html,2022-11-23T13:24:49+00:00,CAD/CHF,CADCHF,False,SELL,keyword,0.70797,0.71748,0.70022,0.67956,,,2,,,True,True,,"✔️Vente CAD/CHF 0,70797 ⏎ ❌SL 0,71748 ⏎ ✅TP1 0,70022 ⏎ ✅TP2 0,67956"
447,messages.html,2022-11-24T12:46:02+00:00,ATOM/USDT,ATOMUSDT,False,SELL,keyword,9.89,10.088,9.777,9.5,,,2,,,True,True,,"✔️Vente ATOM/USDT 9,890 ⏎ ❌SL 10,088 ⏎ ✅TP1 9,777 ⏎ ✅TP2 9,500"
450,messages.html,2022-11-24T16:46:12+00:00,SAND/USDT,SANDUSDT,False,BUY,keyword,0.5595,0.548,0.564,0.58,0.5885,,3,,,True,True,,"✔️Achat SAND/USDT 0,5595 ⏎ ❌SL 0,5480 ⏎ ✅TP1 0,5640 ⏎ ✅TP2 0,5800 ⏎ ✅TP3 0,5885"
461,messages.html,2022-11-25T09:06:18+00:00,SAND/USDT,SANDUSDT,False,SELL,keyword,0.5536,0.568,0.5423,0.5248,,,2,,,True,True,,"✔️Vente SAND/USDT 0,5536 ⏎ ❌SL 0,5680 ⏎ ✅TP1 0,5423 ⏎ ✅TP2 0,5248"
464,messages.html,2022-11-25T14:42:24+00:00,gold,XAUUSD,True,SELL,keyword,1750.26,1763.96,1737.43,1715.83,,,2,,,True,True,,"✔️Vente Gold 1750,26 ⏎ ❌SL 1763,96 ⏎ ✅TP1 1737,43 ⏎ ✅TP2 1715,83"
470,messages.html,2022-11-26T20:10:19+00:00,AAVE/USDT,AAVEUSDT,False,BUY,keyword,60.9,58.5,62.3,63.9,66.8,,3,,,True,True,,"✔️Je tente un achat court terme sur AAVE/USDT 60,9 ⏎ ❌SL 58,5 ⏎ ✅TP1 62,3  ⏎ ✅TP2 63,9 ⏎ ✅TP3 66,8"
474,messages.html,2022-11-27T22:31:30+00:00,EUR/USD,EURUSD,True,SELL,keyword,1.038,1.04338,1.0376,1.02992,1.02375,,3,,,True,True,,"✔️Je vends l’EUR/USD 1,03800 ⏎ ❌SL 1,04338 ⏎ ✅TP1 1,03760 ⏎ ✅TP2 1,02992 ⏎ ✅TP3 1,02375"
477,messages.html,2022-11-27T22:42:20+00:00,GBP/AUD,GBPAUD,False,BUY,keyword,1.79431,1.79,1.79801,1.8043,,,2,,,True,True,,"✔️J’achète également le GBP/AUD 1,79431  ⏎ ❌SL 1,7900 ⏎ ✅TP1 1,79801 ⏎ ✅TP2 1,80430"
481,messages.html,2022-11-28T13:10:46+00:00,USD/CHF,USDCHF,True,SELL,keyword,0.94341,0.94909,0.93875,0.93055,,,2,,,True,True,,"✔️Je vends l’USD/CHF 0,94341 ⏎ ❌SL 0,94909 ⏎ ✅TP1 0,93875 ⏎ ✅TP2 0,93055"
486,messages.html,2022-11-28T16:37:14+00:00,AUD/USD,AUDUSD,False,SELL,geometry,0.66884,0.68616,0.6585,0.64013,0.59806,,3,,,True,True,,"✔️Je vend l’AUD/USD 0,66884 ⏎ ❌SL 0,68616 ⏎ ✅TP1 0,65850 ⏎ ✅TP2 0,64013 ⏎ ✅TP3 0,59806"
489,messages.html,2022-11-28T16:53:50+00:00,LTC/USDT,LTCUSDT,False,SELL,keyword,73.7,76.97,71.02,68.51,61.95,,3,,,True,True,,"✔️Je vends le LTC/USDT 73,70 ⏎ ❌SL 76,97 ⏎ ✅TP1 71,02 ⏎ ✅TP2 68,51 ⏎ ✅TP3 61,95"
500,messages.html,2022-11-30T13:47:19+00:00,FTM/USDT,FTMUSDT,False,SELL,keyword,0.2372,0.2419,0.2334,0.2259,,,2,,,True,True,,"✔️Je vends FTM/USDT 0,2372 ⏎ ❌SL 0,2419 ⏎ ✅TP1 0,2334 ⏎ ✅TP2 0,2259"
501,messages.html,2022-11-30T14:37:32+00:00,GBP/NZD,GBPNZD,False,SELL,keyword,1.92644,1.94636,1.91392,1.89795,1.88295,,3,,,True,True,,"✔️Je vends le GBP/NZD 1,92644 ⏎ ❌SL 1,94636 ⏎ ✅TP1 1,91392 ⏎ ✅TP2 1,89795 ⏎ ✅TP3 1,88295"
507,messages.html,2022-11-30T21:33:44+00:00,CHF/JPY,CHFJPY,False,SELL,keyword,146.021,147.489,144.136,141.902,137.802,,3,,,True,True,,"✔️Je vends le CHF/JPY 146,021 ⏎ ❌SL 147,489 ⏎ ✅TP1 144,136 ⏎ ✅TP2 141,902 ⏎ ✅TP3 137,802"
523,messages.html,2022-12-02T09:58:21+00:00,CHZ/USDT,CHZUSDT,False,BUY,keyword,0.1655,0.1548,0.1749,0.1856,,,2,,,True,True,,"✔️J’achète CHZ/USDT 0.1655 ⏎ ❌SL 0,1548 ⏎ ✅TP1 0,1749 ⏎ ✅TP2 0,1856"
526,messages.html,2022-12-04T11:28:28+00:00,BTC/USDT,BTCUSD,True,SELL,keyword,16970.0,17120.0,16887.0,16739.0,16451.0,,3,,,True,True,,🎯Je tente une vente sur le BTC/USDT 16970 ⏎ ✅TP1 16887 ⏎ ✅TP2 16739 ⏎ ✅TP3 16451 ⏎ ❌SL 17120
533,messages.html,2022-12-05T13:26:07+00:00,FTM/USDT,FTMUSDT,False,BUY,keyword,0.2538,0.2514,0.2556,0.2584,,,2,,,True,True,,"✔️J’achète FTM/USDT 0,2538 ⏎ ❌SL 0,2514 ⏎ ✅TP1 0,2556 ⏎ ✅TP2 0,2584"
537,messages.html,2022-12-05T14:11:00+00:00,EUR/GBP,EURGBP,False,BUY,keyword,0.86083,0.85472,0.86662,0.87184,0.87895,,3,,,True,True,,"✔️J’achète l’EUR/GBP 0,86083 ⏎ ❌SL 0,85472 ⏎ ✅TP1 0,86662 ⏎ ✅TP2 0,87184 ⏎ ✅TP3 0,87895"
540,messages.html,2022-12-05T17:11:47+00:00,gold,XAUUSD,True,BUY,keyword,1770.9,1765.2,1778.1,1787.3,,,2,,,True,True,,"✔️J’achète le Gold 1770,9 ⏎ ❌SL 1765,2 ⏎ ✅TP1 1778,1 ⏎ ✅TP2 1787,3"
545,messages.html,2022-12-06T13:00:13+00:00,BNB/USDT,BNBUSDT,False,SELL,keyword,288.2,297.8,285.3,273.7,263.1,,3,,,True,True,,"✔️Je vends le BNB/USDT 288,2 ⏎ ❌SL 297,8 ⏎ ✅TP1 285,3 ⏎ ✅TP2 273,7 ⏎ ✅TP3 263,1"
548,messages.html,2022-12-06T15:57:24+00:00,GBP/AUD,GBPAUD,False,BUY,keyword,1.81665,1.79002,1.83877,1.8711,,,2,,,True,True,,"✔️J’achète le GBP/AUD 1,81665 ⏎ ❌SL 1,79002 ⏎ ✅TP1 1,83877 ⏎ ✅TP2 1,87110"
552,messages.html,2022-12-07T13:54:12+00:00,ger30,GER30,True,SELL,keyword,14299.0,14495.0,14173.0,13980.0,13610.0,,3,,,True,True,,✔️Je vends le GER30 14299 ⏎ ❌SL 14495 ⏎ ✅TP1 14173 ⏎ ✅TP2 13980 ⏎ ✅TP3 13610
556,messages.html,2022-12-08T12:51:54+00:00,FTM/USDT,FTMUSDT,False,SELL,keyword,0.238,0.2516,0.2255,0.1992,0.1689,,3,,,True,True,,"✔️Je vends FTM/USDT 0,2380 ⏎ ❌SL 0,2516 ⏎ ✅TP1 0,2255 ⏎ ✅TP2 0,1992 ⏎ ✅TP3 0,1689"
559,messages.html,2022-12-09T10:28:17+00:00,GBP/JPY,GBPJPY,True,SELL,keyword,166.745,167.533,166.101,165.162,164.436,,3,,,True,True,,"✔️Je vends le GBP/JPY 166,745 ⏎ ❌SL 167,533 ⏎ ✅TP1 166,101 ⏎ ✅TP2 165,162 ⏎ ✅TP3 164,436 ⏎  ⏎  ⏎ Analyse M30 :  ⏎ - Zone de résistance importante  ⏎ - Cassure de trendline intéressante  ⏎ - Cassure de trendline RSI  ⏎  ⏎ Analyse H4 :  ⏎ - Tendance baissière en formation  ⏎ - Double top validé"
562,messages.html,2022-12-09T16:49:34+00:00,USD/JPY,USDJPY,True,SELL,keyword,136.354,137.609,135.692,134.642,132.365,,3,,,True,True,,"✔️Je vends l’USD/JPY 136,354  ⏎ ❌SL 137,609 ⏎ ✅TP1 135,692 ⏎ ✅TP2 134,642 ⏎ ✅TP3 132,365"
564,messages.html,2022-12-10T15:33:18+00:00,ETH/USD,ETHUSD,True,SELL,keyword,1276.86,1281.06,1273.59,1270.95,1267.55,,3,,,True,True,,"✔️Je vends l’ETH/USD 1276,86 ⏎ ❌SL 1281,06 ⏎ ✅TP1 1273,59 ⏎ ✅TP2 1270,95 ⏎ ✅TP3 1267,55"
569,messages.html,2022-12-11T20:05:57+00:00,BTC/USDT,BTCUSD,True,SELL,keyword,17180.0,17258.0,17086.0,16962.0,,,2,,,True,True,,✔️Je vends le BTC/USDT 17180 ⏎ ❌SL 17258 ⏎ ✅TP1 17086 ⏎ ✅TP2 16962 ⏎ ✅TP2 16795
576,messages.html,2022-12-12T14:42:13+00:00,AUD/USD,AUDUSD,False,SELL,keyword,0.67594,0.68245,0.67324,0.66756,0.65629,,3,,,True,True,,"✔️Je vends l’AUD/USD 0,67594 ⏎ ❌SL 0,68245 ⏎ ✅TP1 0,67324 ⏎ ✅TP2 0,66756 ⏎ ✅TP3 0,65629"
579,messages.html,2022-12-12T16:59:30+00:00,USD/CAD,USDCAD,False,SELL,keyword,1.36576,1.37229,1.36768,1.34748,3.0,,3,,,True,False,TP>=entry pour SELL; TP3 hors plage (x2.20),"✔️Je vends l’USD/CAD 1,36576 ⏎ ❌SL 1,37229 ⏎ ✅TP1 1,36768 ⏎ ✅TP2 1,34748 ⏎ ✅TP3 (bonus) 1,31215"
588,messages.html,2022-12-14T09:05:03+00:00,USD/JPY,USDJPY,True,SELL,keyword,135.417,135.626,135.201,134.93,,,2,,,True,True,,"✔️Je vends l’USD/JPY 135,417 ⏎ ❌SL 135,626 ⏎ ✅TP1 135,201 ⏎ ✅TP2 134,930"
591,messages.html,2022-12-14T13:28:46+00:00,GBP/CHF,GBPCHF,False,SELL,keyword,1.14593,1.15569,1.13488,1.12208,1.11157,,3,,,True,True,,"✔️Je vends le GBP/CHF 1,14593 ⏎ ❌SL 1,15569 ⏎ ✅TP1 1,13488 ⏎ ✅TP2 1,12208 ⏎ ✅TP3 1,11157"
594,messages.html,2022-12-14T15:21:19+00:00,EUR/CHF,EURCHF,False,SELL,keyword,0.98563,0.99496,0.97954,0.97261,3.0,,3,,,True,False,TP>=entry pour SELL; TP3 hors plage (x3.04),"✔️Je vends l’EUR/CHF 0,98563 ⏎ ❌SL 0,99496 ⏎ ✅TP1 0,97954 ⏎ ✅TP2 0,97261 ⏎ ✅TP3 (bonus) 0,95625"
596,messages.html,2022-12-15T14:31:45+00:00,AUD/USD,AUDUSD,False,SELL,keyword,0.6761,0.69509,0.66216,0.6433,0.62323,,3,,,True,True,,"✔️Je vends l’AUD/USD 0,67610 ⏎ ❌SL 0,69509 ⏎ ✅TP1 0,66216 ⏎ ✅TP2 0,64330 ⏎ ✅TP3 0,62323"
601,messages.html,2022-12-16T14:07:06+00:00,CAD/JPY,CADJPY,False,SELL,keyword,100.187,100.329,99.994,99.71,,,2,,,True,True,,"✔️Je vends le CAD/JPY 100,187 ⏎ ❌SL 100,329 ⏎ ✅TP1 99,994 ⏎ ✅TP2 99,710"
604,messages.html,2022-12-16T15:08:59+00:00,USD/CHF,USDCHF,True,BUY,keyword,0.93025,0.92178,0.93671,0.94356,0.9544,,3,,,True,True,,"✔️J’achète l’USD/CHF 0,93025 ⏎ ❌SL 0,92178 ⏎ ✅TP1 0,93671 ⏎ ✅TP2 0,94356 ⏎ ✅TP3 0,95440"
609,messages.html,2022-12-19T13:30:30+00:00,gold,XAUUSD,True,SELL,keyword,1792.73,1824.24,1776.1,1737.63,1639.16,,3,,,True,True,,"✔️Je vends le Gold 1792,73 ⏎ ❌SL 1824,24 ⏎ ✅TP1 1776,10 ⏎ ✅TP2 1737,63 ⏎ ✅TP3 1639,16"
611,messages.html,2022-12-19T14:23:51+00:00,USD/CAD,USDCAD,False,SELL,keyword,1.36377,1.37236,1.35714,1.34123,1.32733,,3,,,True,True,,"✔️Je vends l’USD/CAD 1,36377 ⏎ ❌SL 1,37236 ⏎ ✅TP1 1,35714 ⏎ ✅TP2 1,34123 ⏎ ✅TP3 1,32733"
614,messages.html,2022-12-19T15:36:34+00:00,LINK/USDT,LINKUSDT,False,SELL,keyword,6.006,6.038,5.966,5.893,,,2,,,True,True,,"✔️Je vends LINK/USDT 6,006 ⏎ ❌SL 6,038 ⏎ ✅TP1 5,966 ⏎ ✅TP2 5,893"
623,messages.html,2022-12-20T14:45:35+00:00,,,False,SELL,keyword,12.29,12.45,12.15,11.9,,,2,,,True,True,,"✔️Je vends Solana/USDT 12,29 ⏎ ❌SL 12,45 ⏎ ✅TP1 12,15 ⏎ ✅TP2 11,90"
633,messages.html,2022-12-21T12:53:38+00:00,EUR/AUD,EURAUD,False,SELL,keyword,1.5884,1.59462,1.58285,1.57808,1.571,,3,,,True,True,,"✔️Je vends l’EUR/AUD 1,58840 ⏎ ❌SL 1,59462 ⏎ ✅TP1 1,58285 ⏎ ✅TP2 1,57808 ⏎ ✅TP3 1,57100"
637,messages.html,2022-12-21T18:44:29+00:00,BTC/USDT,BTCUSD,True,SELL,keyword,16800.0,16880.0,16700.0,16570.0,16400.0,,3,,,False,True,,✔️Je vends le BTC/USDT 16800 ⏎ ❌SL 16880 ⏎ ✅TP1 16700 ⏎ ✅TP2 16570 ⏎ ✅TP3 16400
640,messages.html,2022-12-22T13:06:00+00:00,EUR/CAD,EURCAD,False,BUY,keyword,1.44899,1.4418,1.45528,1.46331,,,2,,,True,True,,"✔️J’achète l’EUR/CAD 1,44899 ⏎ ❌SL 1,44180 ⏎ ✅TP1 1,45528 ⏎ ✅TP2 1,46331"
644,messages.html,2022-12-22T17:15:59+00:00,EUR/USD,EURUSD,True,SELL,keyword,1.05919,1.06627,1.05385,1.04574,,,2,,,True,True,,"✔️Je vends l’EUR/USD 1,05919 ⏎ ❌SL 1,06627 ⏎ ✅TP1 1,05385 ⏎ ✅TP2 1,04574"
648,messages.html,2022-12-23T15:04:24+00:00,GBP/AUD,GBPAUD,False,SELL,keyword,1.79974,1.81981,1.77576,1.7544,,,2,,,True,True,,"✔️Je vends le GBP/AUD 1,79974 ⏎ ❌SL 1,81981 ⏎ ✅TP1 1,77576 ⏎ ✅TP2 1,75440"
650,messages.html,2022-12-23T15:36:46+00:00,MASK/USDT,MASKUSDT,False,SELL,keyword,2.41,2.459,2.378,2.331,,,2,,,True,True,,"✔️Je vends MASK/USDT 2,410 ⏎ ❌SL 2,459 ⏎ ✅TP1 2,378 ⏎ ✅TP2 2,331 ⏎ ✅TP2 2,257"
662,messages.html,2022-12-27T13:13:55+00:00,NZD/USD,NZDUSD,False,SELL,keyword,0.62808,0.64277,0.61919,0.60775,0.59462,,3,,,True,True,,"✔️Je vends le NZD/USD 0,62808 ⏎ ❌SL 0,64277 ⏎ ✅TP1 0,61919 ⏎ ✅TP2 0,60775 ⏎ ✅TP3 0,59462"
665,messages.html,2022-12-27T15:45:10+00:00,BTC/USDT,BTCUSD,True,SELL,keyword,16820.0,16980.0,16735.0,16626.0,16456.0,,3,,,True,True,,✔️Je vends le BTC/USDT 16820 ⏎ ❌SL 16980 ⏎ ✅TP1 16735 ⏎ ✅TP2 16626 ⏎ ✅TP3 16456
669,messages.html,2022-12-27T22:14:34+00:00,AUD/USD,AUDUSD,False,SELL,geometry,0.67345,0.67713,0.67202,0.66869,0.66506,,3,,,True,True,,"🎯Possibilité de reprendre une position plus court terme sur l’AUD/USD 0,67345 ⏎ ❌SL 0,67713 ⏎ ✅TP1 0,67202 ⏎ ✅TP2 0,66869 ⏎ ✅TP3 0,66506 ⏎  ⏎ 👉🏼Je ne me prend pas personnellement car je suis déjà suffisamment exposé sur les paires XXX/USD"
672,messages.html,2022-12-28T15:02:07+00:00,gold,XAUUSD,True,SELL,keyword,1805.2,1810.906,1799.0,1792.769,,,2,,,True,True,,"✔️Je vends le Gold 1805,2 ⏎ ❌SL 1810,906 ⏎ ✅TP1 1799 ⏎ ✅TP2 1792,769 ⏎ ✅TP2 1776,6"
674,messages.html,2022-12-28T15:55:30+00:00,XRP/USDT,XRPUSDT,False,SELL,keyword,0.3579,0.3622,0.354,0.3504,0.3456,,3,,,True,True,,"✔️Je vends XRP/USDT 0,3579 ⏎ ❌SL 0,3622 ⏎ ✅TP1 0,3540 ⏎ ✅TP2 0,3504 ⏎ ✅TP3 0,3456"
679,messages.html,2022-12-29T11:18:03+00:00,EUR/CHF,EURCHF,False,SELL,keyword,0.98417,0.9858,0.98235,0.97997,,,2,,,True,True,,"✔️Je vends l’EUR/CHF 0,98417 ⏎ ❌SL 0,98580 ⏎ ✅TP1 0,98235 ⏎ ✅TP2 0,97997"
682,messages.html,2022-12-29T14:11:56+00:00,USD/CAD,USDCAD,False,SELL,keyword,1.3571,1.37564,1.34032,1.32562,1.29733,,3,,,True,True,,"✔️Je vends l’USD/CAD 1,35710 ⏎ ❌SL 1,37564 ⏎ ✅TP1 1,34032 ⏎ ✅TP2 1,32562 ⏎ ✅TP3 1,29733"
686,messages.html,2022-12-30T10:34:00+00:00,AUD/JPY,AUDJPY,True,SELL,keyword,89.688,89.99,89.177,88.602,,,2,,,True,True,,"✔️Je vends l’AUD/JPY 89,688 ⏎ ❌SL 89,990 ⏎ ✅TP1 89,177 ⏎ ✅TP2 88,602"
690,messages.html,2023-01-02T14:08:08+00:00,EUR/AUD,EURAUD,False,SELL,keyword,1.56893,1.57379,1.56846,1.56228,1.5565,,3,,,True,True,,"✔️Je vends l’EUR/AUD 1,56893 ⏎ ❌SL 1,57379 ⏎ ✅TP1 1,56846 ⏎ ✅TP2 1,56228 ⏎ ✅TP3 1,55650"
694,messages.html,2023-01-02T22:01:52+00:00,BNB/USDT,BNBUSDT,False,BUY,keyword,247.314,246.057,248.177,249.561,,,2,,,False,True,,"✔️J’achète BNB/USDT 247,314  ⏎ ❌SL 246,057 ⏎ ✅TP1 248,177 ⏎ ✅TP2 249,561"
696,messages.html,2023-01-02T23:06:13+00:00,ETH/USDT,ETHUSD,True,BUY,keyword,1215.0,1210.0,1220.0,1228.0,,,2,,,True,True,,✔️J’achète ETH/USDT 1215 ⏎ ❌SL 1210 ⏎ ✅TP1 1220 ⏎ ✅TP2 1228
700,messages.html,2023-01-03T13:49:16+00:00,EUR/AUD,EURAUD,False,SELL,keyword,1.5691,1.57488,1.56311,1.55137,,,2,,,True,True,,"✔️Je vends l’EUR/AUD 1,56910 ⏎ ❌SL 1,57488 ⏎ ✅TP1 1,56311 ⏎ ✅TP2 1,55137"
701,messages.html,2023-01-03T14:01:12+00:00,LINK/USDT,LINKUSDT,False,SELL,keyword,5.691,5.726,5.639,5.576,5.527,,3,,,True,True,,"✔️Je vends LINK/USDT 5,691 ⏎ ❌SL 5,726 ⏎ ✅TP1 5,639 ⏎ ✅TP2 5,576 ⏎ ✅TP3 5,527"
708,messages.html,2023-01-04T13:27:16+00:00,EUR/AUD,EURAUD,False,BUY,keyword,1.54446,1.54123,1.54972,1.55476,,,2,,,True,True,,"✔️J’achète l’EUR/AUD 1,54446 ⏎ ❌SL 1,54123 ⏎ ✅TP1 1,54972 ⏎ ✅TP2 1,55476"
711,messages.html,2023-01-04T15:32:52+00:00,BTC/USDT,BTCUSD,True,SELL,keyword,16821.0,16869.0,16768.0,16707.0,16621.0,,3,,,True,True,,✔️Je vends le BTC/USDT 16821 ⏎ ❌SL 16869 ⏎ ✅TP1 16768 ⏎ ✅TP2 16707 ⏎ ✅TP3 16621
713,messages.html,2023-01-04T16:19:42+00:00,AUD/CHF,AUDCHF,False,SELL,geometry,0.63644,0.63777,0.63511,0.63421,0.63251,,3,,,True,True,,"✔️Je vend l’AUD/CHF 0,63644 ⏎ ❌SL 0,63777 ⏎ ✅TP1 0,63511 ⏎ ✅TP2 0,63421 ⏎ ✅TP3 0,63251"
721,messages.html,2023-01-05T13:23:34+00:00,AUD/USD,AUDUSD,False,SELL,keyword,0.68159,0.68475,0.67742,0.67242,,,2,,,True,True,,"✔️Je vends AUD/USD 0,68159 ⏎ ❌SL 0,68475 ⏎ ✅TP1 0,67742 ⏎ ✅TP2 0,67242"
727,messages.html,2023-01-15T23:37:18+00:00,EUR/NZD,EURNZD,False,BUY,keyword,1.69197,1.67937,1.70389,1.71822,1.73586,,3,,,True,True,,"✔️J’achète EUR/NZD 1,69197 ⏎ ❌SL 1,67937 ⏎ ✅TP1 1,70389 ⏎ ✅TP2 1,71822 ⏎ ✅TP3 1,73586"
730,messages.html,2023-01-16T12:55:19+00:00,BTC/USDT,BTCUSD,True,SELL,keyword,20810.0,21305.0,20477.0,19921.0,19310.0,,3,,,True,True,,✔️Je vends BTC/USDT 20810 ⏎ ❌SL 21305 ⏎ ✅TP1 20477 ⏎ ✅TP2 19921 ⏎ ✅TP3 19310
732,messages.html,2023-01-16T15:42:44+00:00,EUR/AUD,EURAUD,False,SELL,keyword,1.55374,1.55702,1.54926,1.53918,,,2,,,False,True,,"✔️Je vends EUR/AUD 1,55374 ⏎ ❌SL 1,55702 ⏎ ✅TP1 1,54926 ⏎ ✅TP2 1,53918 ⏎  ⏎ 🎯R/R de 4,5"
734,messages.html,2023-01-16T17:20:58+00:00,BTC/USDT,BTCUSD,True,SELL,keyword,21042.0,21080.0,20936.0,20890.0,20730.0,,3,,,True,True,,✔️Je vends le BTC/USDT 21042 ⏎ ❌SL 21080 ⏎ ✅TP1 20936 ⏎ ✅TP2 20890 ⏎ ✅TP3 20730
738,messages.html,2023-01-17T12:33:22+00:00,EUR/AUD,EURAUD,False,SELL,keyword,1.55788,1.56249,1.55195,1.5459,1.54019,,3,,,True,True,,"✔️Je vends l’EUR/AUD 1,55788 ⏎ ❌SL 1,56249 ⏎ ✅TP1 1,55195 ⏎ ✅TP2 1,54590 ⏎ ✅TP3 1,54019"
740,messages.html,2023-01-17T13:28:32+00:00,NZD/CAD,NZDCAD,False,SELL,keyword,0.85804,0.8612,0.85384,0.84787,,,2,,,True,True,,"✔️Je vends le NZD/CAD 0,85804 ⏎ ❌SL 0,86120 ⏎ ✅TP1 0,85384 ⏎ ✅TP2 0,84787"
748,messages.html,2023-01-18T13:33:36+00:00,SOL/USDT,SOLUSDT,False,SELL,keyword,22.85,23.49,21.62,20.33,,,2,,,True,True,,"✔️Je vends SOL/USDT 22,85 ⏎ ❌SL 23,49 ⏎ ✅TP1 21,62 ⏎ ✅TP2 20,33"
750,messages.html,2023-01-18T14:10:51+00:00,GBP/NZD,GBPNZD,False,SELL,keyword,1.90581,1.91867,1.89696,1.89139,1.87943,,3,,,True,True,,"✔️Je vends le GBP/NZD 1,90581 ⏎ ❌SL 1,91867 ⏎ ✅TP1 1,89696 ⏎ ✅TP2 1,89139 ⏎ ✅TP3 1,87943"
752,messages.html,2023-01-18T15:19:08+00:00,SOL/USDT,SOLUSDT,False,SELL,geometry,23.51,24.09,22.39,21.53,20.3,,3,,,False,True,,"✔️Je reprend une position vendeuse sur SOL/USDT 23,51 ⏎ ❌SL 24,09 ⏎ ✅TP1 22,39 ⏎ ✅TP2 21,53 ⏎ ✅TP3 20,30"
756,messages.html,2023-01-19T13:35:47+00:00,CAD/CHF,CADCHF,False,BUY,keyword,0.67906,0.67553,0.68415,0.68933,,,2,,,True,True,,"✔️J’achète CAD/CHF 0,67906 ⏎ ❌SL 0,67553 ⏎ ✅TP1 0,68415 ⏎ ✅TP2 0,68933 ⏎  ⏎ 🎯Ratio de 3/1"
758,messages.html,2023-01-19T16:12:09+00:00,NZD/USD,NZDUSD,False,SELL,keyword,0.63858,0.63943,0.63676,0.63468,,,2,,,True,True,,"✔️Je vends NZD/USD 0,63858 ⏎ ❌SL 0,63943 ⏎ ✅TP1 0,63676 ⏎ ✅TP2 0,63468 ⏎  ⏎ 🎯Ratio de 5/1"
760,messages.html,2023-01-19T17:50:57+00:00,USD/CAD,USDCAD,False,SELL,keyword,1.34765,1.35075,1.34397,1.33951,,,2,,,True,True,,"✔️Je vends USD/CAD 1,34765 ⏎ ❌SL 1,35075 ⏎ ✅TP1 1,34397 ⏎ ✅TP2 1,33951"
763,messages.html,2023-01-20T13:20:29+00:00,AUD/NZD,AUDNZD,False,SELL,keyword,1.0785,1.07969,1.07682,1.07682,,,2,,,True,True,,"✔️Je vends AUD/NZD 1,07850 ⏎ ❌SL 1,07969 ⏎ ✅TP1 1,07682 ⏎ ✅TP2 1,07682 ⏎  ⏎ 🎯Ratio de 3/1"
766,messages.html,2023-01-20T13:45:49+00:00,petrole,USOIL,True,SELL,keyword,80.96,83.35,77.82,74.76,66.26,,3,,,True,True,,"✔️Je vends le Pétrole 80,96 ⏎ ❌SL 83,35 ⏎ ✅TP1 77,82 ⏎ ✅TP2 74,76 ⏎ ✅TP3 66,26"
769,messages.html,2023-01-20T14:33:29+00:00,NZD/USD,NZDUSD,False,SELL,keyword,0.6425,0.64414,0.63956,0.63686,,,2,,,True,True,,"✔️Je vends NZD/USD 0,64250 ⏎ ❌SL 0,64414 ⏎ ✅TP1 0,63956 ⏎ ✅TP2 0,63686"
770,messages.html,2023-01-20T15:08:59+00:00,GBP/CAD,GBPCAD,False,SELL,keyword,1.66427,1.67062,1.65896,1.65342,1.642,,3,,,True,True,,"✔️Je vends GBP/CAD 1,66427 ⏎ ❌SL 1,67062 ⏎ ✅TP1 1,65896 ⏎ ✅TP2 1,65342 ⏎ ✅TP3 1,64200"
774,messages.html,2023-01-22T20:39:20+00:00,ADA/USDT,ADAUSDT,False,BUY,keyword,0.3796,0.219,0.5613,1.0959,,,2,,,True,False,TP2 hors plage (x2.89),"✔️J’achète ADA/USDT 0,3796 ⏎ ❌SL 0,2190 ⏎ ✅TP1 0,5613 ⏎ ✅TP2 1,0959 ⏎  ⏎ 🎯Ratio de 5/1 🔥"
779,messages.html,2023-01-23T15:08:58+00:00,USD/CHF,USDCHF,True,BUY,keyword,0.9229,0.90975,0.93749,0.95643,,,2,3.0,Swing trading,True,True,,"✔️J’achète USD/CHF 0,92290 ⏎ ❌SL 0,90975 ⏎ ✅TP1 0,93749 ⏎ ✅TP2 0,95643 ⏎  ⏎ 🎯Ratio 3/1  ⏎  ⏎ 📊Type de trade : Swing trading"
781,messages.html,2023-01-23T16:53:20+00:00,EUR/GBP,EURGBP,False,BUY,keyword,0.87826,0.87625,0.88111,0.88307,0.88535,,3,3.5,Swing trading,True,True,,"✔️J’achète EUR/GBP 0,87826 ⏎ ❌SL 0,87625 ⏎ ✅TP1 0,88111 ⏎ ✅TP2 0,88307 ⏎ ✅TP3 0,88535 ⏎  ⏎ 🎯Ratio 3,5/1  ⏎  ⏎ 📊Type de trade : Swing trading"
784,messages.html,2023-01-24T13:20:33+00:00,petrole,USOIL,True,SELL,geometry,81.86,83.01,79.97,78.16,74.49,,3,7.5,Swing trading,True,True,,"✔️Je reprend un trade sur le Pétrole 81,86 ⏎ ❌SL 83,01 ⏎ ✅TP1 79,97 ⏎ ✅TP2 78,16  ⏎ ✅TP3 74,49 ⏎  ⏎ 🎯Ratio : 7,5/1  ⏎  ⏎ 📊Type de trade : Swing trading"
786,messages.html,2023-01-24T15:03:58+00:00,GBP/AUD,GBPAUD,False,BUY,keyword,1.7532,1.73968,1.76357,1.7805,1.82038,,3,5.0,Swing trading,True,True,,"✔️J’achète le GBP/AUD 1,75320 ⏎ ❌SL 1,73968 ⏎ ✅TP1 1,76357 ⏎ ✅TP2 1,78050 ⏎ ✅TP3 1,82038 ⏎  ⏎ 🎯Ratio 5/1  ⏎  ⏎ 📊Type de trade : Swing trading"
792,messages.html,2023-01-25T14:21:46+00:00,GBP/CHF,GBPCHF,False,SELL,keyword,1.13587,1.14079,1.13149,1.12671,1.11463,,3,4.5,Swing trading,True,True,,"✔️Je vends le GBP/CHF 1,13587 ⏎ ❌SL 1,14079 ⏎ ✅TP1 1,13149 ⏎ ✅TP2 1,12671 ⏎ ✅TP3 1,11463 ⏎  ⏎ 🎯Ratio 4,5/1  ⏎  ⏎ 📊Type de trade : Swing trading"
795,messages.html,2023-01-26T10:54:04+00:00,REEF/USDT,REEFUSDT,False,BUY,keyword,0.003262,0.002618,0.004157,0.005026,0.006615,,3,5.5,Swing trading,True,False,TP3 hors plage (x2.03),"✔️J’achète REEF/USDT 0,003262 ⏎ ❌SL 0,002618 ⏎ ✅TP1 0,004157 ⏎ ✅TP2 0,005026 ⏎ ✅TP3 0,006615 ⏎  ⏎ 🎯Ratio 5,5/1  ⏎  ⏎ 📊Type de trade : Swing trading"
797,messages.html,2023-01-26T15:51:54+00:00,NZD/JPY,NZDJPY,False,SELL,keyword,84.415,84.941,83.763,83.034,82.141,,3,3.5,Swing trading,True,True,,"✔️Je vends NZD/JPY 84,415 ⏎ ❌SL 84,941 ⏎ ✅TP1 83,763 ⏎ ✅TP2 83,034 ⏎ ✅TP3 82,141 ⏎  ⏎ 🎯Ratio 3,5/1  ⏎  ⏎ 📊Type de trade : Swing trading"
802,messages.html,2023-01-27T15:34:41+00:00,GBP/JPY,GBPJPY,True,SELL,keyword,160.78,161.343,160.012,159.427,158.645,,3,3.5,Swing trading,True,True,,"✔️Je vends le GBP/JPY 160,780 ⏎ ❌SL 161,343 ⏎ ✅TP1 160,012 ⏎ ✅TP2 159,427 ⏎ ✅TP3 158,645 ⏎  ⏎ 🎯Ratio 3,5/1  ⏎  ⏎ 📊Type de trade : Swing trading"
804,messages.html,2023-01-28T12:10:59+00:00,APT/USDT,APTUSDT,False,SELL,keyword,17.48,17.9,16.95,16.1,,,2,3.5,Intraday,False,True,,"✔️Je vends APT/USDT 17,48 ⏎ ❌SL 17,90 ⏎ ✅TP1 16,95 ⏎ ✅TP2 16,10 ⏎  ⏎ 🎯Ratio 3,5/1  ⏎  ⏎ 📊Type de trade : Intraday"
806,messages.html,2023-01-29T21:42:59+00:00,AXS/USDT,AXSUSDT,False,BUY,keyword,12.16,7.03,15.13,19.44,43.79,,3,8.5,Plusieurs semaines,True,False,TP3 hors plage (x3.60),"✔️J’achète AXS/USDT 12,16  ⏎ ❌SL 7,03 ⏎ ✅TP1 15,13 ⏎ ✅TP2 19,44 ⏎ ✅TP3 43,79 ⏎  ⏎ 🎯Ratio 8,5/1  ⏎  ⏎ 📊Type de trade : Plusieurs semaines"
808,messages.html,2023-01-30T11:42:08+00:00,NZD/CAD,NZDCAD,False,SELL,keyword,0.8648,0.87665,0.856,0.84835,0.8333,,3,3.0,Swing trading,True,True,,"✔️Je vends NZD/CAD 0,86480 ⏎ ❌SL 0,87665 ⏎ ✅TP1 0,85600 ⏎ ✅TP2 0,84835 ⏎ ✅TP3 0,83330 ⏎  ⏎ 🎯Ratio 3/1  ⏎  ⏎ 📊Type de trade : Swing trading"
812,messages.html,2023-01-30T15:46:39+00:00,ATOM/USDT,ATOMUSDT,False,BUY,keyword,13.215,13.041,13.4,13.6,13.825,,3,3.5,Day trading,True,True,,"✔️J’achète ATOM/USDT 13,215 ⏎ ❌SL 13,041 ⏎ ✅TP1 13,400 ⏎ ✅TP2 13,600 ⏎ ✅TP3 13,825 ⏎  ⏎ 🎯Ratio 3,5/1  ⏎  ⏎ 📊Type de trade : Day trading"
817,messages.html,2023-01-31T15:30:02+00:00,nasdaq100,US100,False,BUY,keyword,11976.0,11029.0,12760.0,13466.0,14300.0,,3,3.0,Swing trading,True,True,,✔️J’achète le Nasdaq100 11976 ⏎ ❌SL 11029 ⏎ ✅TP1 12760 ⏎ ✅TP2 13466 ⏎ ✅TP3 14300 ⏎  ⏎ 🎯Ratio 3/1  ⏎  ⏎ 📊Type de trade : Swing trading
823,messages.html,2023-02-02T12:06:50+00:00,USD/CHF,USDCHF,True,BUY,keyword,0.90876,0.90624,0.9117,0.91606,,,2,3.5,Intraday,True,True,,"✔️J’achète USD/CHF 0,90876 ⏎ ❌SL 0,90624 ⏎ ✅TP1 0,91170 ⏎ ✅TP2 0,91606 ⏎  ⏎ 🎯Ratio 3,5/1  ⏎  ⏎ 📊Type de trade : Intraday"
830,messages.html,2023-02-03T14:22:38+00:00,ADA/USDT,ADAUSDT,False,SELL,keyword,0.3971,0.4075,0.3895,0.381,0.366,,3,3.0,Intraday,True,True,,"✔️Je vends ADA/USDT 0,3971 ⏎ ❌SL 0,4075 ⏎ ✅TP1 0,3895 ⏎ ✅TP2 0,3810 ⏎ ✅TP3 0,3660 ⏎  ⏎ 🎯Ratio : 3/1 ⏎  ⏎ 📊Type de trade : Intraday"
832,messages.html,2023-02-03T14:49:24+00:00,BTC/USDT,BTCUSD,True,SELL,keyword,23575.0,23680.0,23440.0,23320.0,23150.0,,3,,,False,True,,✔️Je vends BTC/USDT 23575 ⏎ ❌SL 23680 ⏎ ✅TP1 23440 ⏎ ✅TP2 23320 ⏎ ✅TP3 23150
835,messages.html,2023-02-04T11:22:04+00:00,LINA/USDT,LINAUSDT,False,BUY,keyword,0.00719,0.005034,0.009818,0.01569,0.028992,,3,8.0,Plusieurs semaines,True,False,TP2 hors plage (x2.18); TP3 hors plage (x4.03),"✔️J’achète LINA/USDT 0,00719 ⏎ ❌SL 0,005034 ⏎ ✅TP1 0,009818 ⏎ ✅TP2 0,015690 ⏎ ✅TP3 0,028992 ⏎  ⏎ 🎯Ratio : 8/1  ⏎  ⏎ 📊Type de trade : Plusieurs semaines"
839,messages.html,2023-02-06T14:37:27+00:00,EUR/CAD,EURCAD,False,BUY,keyword,1.4457,1.4447,1.44748,1.44932,,,2,4.0,Scalping,True,True,,"✔️J’achète EUR/CAD 1,44570 ⏎ ❌SL 1,44470 ⏎ ✅TP1 1,44748 ⏎ ✅TP2 1,44932 ⏎  ⏎ 🎯Ratio 4/1  ⏎  ⏎ 📊Type de trade : Scalping"
840,messages.html,2023-02-06T15:56:56+00:00,USD/CAD,USDCAD,False,SELL,keyword,1.346,1.34959,1.34296,1.34153,1.33489,,3,7.0,Swing Trading,True,True,,"✔️Je vends la paire USD/CAD 1,34600 ⏎ ❌SL 1,34959 ⏎ ✅TP1 1,34296 ⏎ ✅TP2 1,34153 ⏎ ✅TP3 1,33489 ⏎  ⏎ 🎯Ratio 7/1  ⏎  ⏎ 📊Type de trade : Swing Trading"
844,messages.html,2023-02-07T13:28:20+00:00,AUD/JPY,AUDJPY,True,SELL,keyword,91.3,92.3,90.34,89.5,88.3,,3,3.5,Swing trading,True,True,,"✔️Je vends AUD/JPY 91,300 ⏎ ❌SL 92,300 ⏎ ✅TP1 90,340 ⏎ ✅TP2 89,500 ⏎ ✅TP3 88,300 ⏎  ⏎ 🎯Ratio : 3,5/1  ⏎  ⏎ 📊Type de trade : Swing trading"
847,messages.html,2023-02-07T21:23:28+00:00,SHIB/USDT,SHIBUSDT,False,BUY,keyword,0.0,0.0,0.0,0.0,,,2,3.0,Intraday,True,False,SL>=entry pour BUY; TP<=entry pour BUY,"✔️J’achète SHIB/USDT 0,00…1420 ⏎ ❌SL 0,00…1369 ⏎ ✅TP1 0,00…1482 ⏎ ✅TP2 0,00…1581 ⏎  ⏎ 🎯Ratio 3/1  ⏎  ⏎ 📊Type de trade : Intraday"
851,messages.html,2023-02-09T16:19:06+00:00,gold,XAUUSD,True,BUY,keyword,1873.7,1863.253,1886.734,1897.4,1914.4,,3,,Intraday,True,True,,"✔️J’achète le Gold 1873,700 ⏎ ❌SL 1863,253 ⏎ ✅TP1 1886,734 ⏎ ✅TP2 1897,400 ⏎ ✅TP3 1914,40 ⏎  ⏎ 🎯Ratio gain/perte : 4/1  ⏎  ⏎ 📊Type de trade : Intraday"
855,messages.html,2023-02-10T11:33:14+00:00,AUD/NZD,AUDNZD,False,SELL,keyword,1.09588,1.09756,1.09294,,,,1,,Intraday,True,True,,"✔️Je vends AUD/NZD 1,09588 ⏎ ❌SL 1,09756 ⏎ ✅TP1 1,09294 ⏎ ✅TP1 1,08948 ⏎  ⏎ 🎯Ratio gain/perte : 4/1  ⏎  ⏎ 📊Type de trade : Intraday"
858,messages.html,2023-02-13T12:44:17+00:00,AUD/JPY,AUDJPY,True,SELL,geometry,92.02,92.472,91.6,91.11,90.123,,3,,,True,True,,"✔️Je reprend une position vendeuse sur AUD/JPY 92,020 ⏎ ❌SL 92,472 ⏎ ✅TP1 91,600 ⏎ ✅TP2 91,110 ⏎ ✅TP3 90,123 ⏎  ⏎ 🎯Ratio gain/perte : 4/1  ⏎  ⏎ 📊Type de Trade : Swing Trading"
860,messages.html,2023-02-13T14:25:22+00:00,EUR/USD,EURUSD,True,BUY,keyword,1.06836,1.066,1.07049,1.07269,1.07569,,3,,Intraday,True,True,,"✔️J’achète EUR/USD 1,06836 ⏎ ❌SL 1,06600 ⏎ ✅TP1 1,07049 ⏎ ✅TP2 1,07269 ⏎ ✅TP3 1,07569 ⏎  ⏎ 🎯Ratio gain/perte : 3/1  ⏎  ⏎ 📊Type de trade : Intraday"
865,messages.html,2023-02-14T12:54:55+00:00,BTC/USDT,BTCUSD,True,BUY,keyword,21845.0,21585.0,22011.0,22250.0,22500.0,,3,3.0,Intraday,True,True,,✔️J’achète BTC/USDT 21845 ⏎ ❌SL 21585 ⏎ ✅TP1 22011 ⏎ ✅TP2 22250 ⏎ ✅TP3 22500 ⏎  ⏎ 🎯Ratio : 3/1  ⏎  ⏎ 📊Type de trade : Intraday
866,messages.html,2023-02-14T13:44:18+00:00,BTC/USDT,BTCUSD,True,BUY,keyword,21640.0,21320.0,21854.0,22150.0,22500.0,,3,3.0,,True,True,,✔️Je rachète BTC/USDT 21640 ⏎ ❌SL 21320 ⏎ ✅TP1 21854 ⏎ ✅TP2 22150 ⏎ ✅TP3 22500 ⏎  ⏎ 🎯Ratio : 3/1  ⏎  ⏎ 📊Type de Trade : Intraday
868,messages.html,2023-02-14T14:26:58+00:00,USD/CHF,USDCHF,True,BUY,keyword,0.9201,0.91176,0.937,0.95374,0.97877,,3,,,True,True,,"✔️J’achète USD/CHF 0,92010 ⏎ ❌SL 0,91176 ⏎ ✅TP1 0,93700 ⏎ ✅TP2 0,95374 ⏎ ✅TP3 0,97877 ⏎  ⏎ 🎯Ratio gain/perte : 8/1  ⏎  ⏎ 📊Type de Trade : Swing Trading"
874,messages.html,2023-02-15T14:35:43+00:00,APT/USDT,APTUSDT,False,BUY,keyword,14.89,12.9219,16.3467,18.9682,25.102,,3,,Swing trading,True,True,,"✔️J’achète APT/USDT 14,8900 ⏎ ❌SL 12,9219 ⏎ ✅TP1 16,3467 ⏎ ✅TP2 18,9682 ⏎ ✅TP3 25,1020 ⏎  ⏎ 🎯Ratio gain/perte : 6/1  ⏎  ⏎ 📊Type de trade : Swing trading"
879,messages.html,2023-02-17T13:43:10+00:00,gold,XAUUSD,True,BUY,keyword,1827.1,1812.9,1841.1,1858.36,1877.503,,3,5.5,Swing trading,True,True,,"✔️J’achète le Gold 1827,10 ⏎ ❌SL 1812,9 ⏎ ✅TP1 1841,10 ⏎ ✅TP2 1858,36 ⏎ ✅TP3 1877,503 ⏎  ⏎ 🎯Ratio : 5,5/1 ⏎  ⏎ 📊Type de trade : Swing trading"
884,messages.html,2023-02-20T13:43:03+00:00,EUR/CHF,EURCHF,False,BUY,keyword,0.98685,0.9831,0.99058,0.99492,0.99972,,3,,Swing trading,True,True,,"✔️J’achète EUR/CHF 0,98685 ⏎ ❌SL 0,98310 ⏎ ✅TP1 0,99058 ⏎ ✅TP2 0,99492 ⏎ ✅TP3 0,99972 ⏎  ⏎ 🎯Ratio gain/perte : 4,5/1  ⏎  ⏎ 📊Type de trade : Swing trading"
886,messages.html,2023-02-20T22:30:43+00:00,BAND/USDT,BANDUSDT,False,BUY,keyword,2.248,1.62,2.81,4.016,6.472,,3,,Plusieurs semaines,True,False,TP3 hors plage (x2.88),"✔️J’achète BAND/USDT 2,248 ⏎ ❌SL 1,620 ⏎ ✅TP1 2,810 ⏎ ✅TP2 4,016 ⏎ ✅TP3 6,472 ⏎  ⏎ 🎯Ratio gain/perte : 7/1 ⏎  ⏎ 📊Type de trade : Plusieurs semaines"
892,messages.html,2023-02-22T13:05:02+00:00,BTC/USDT,BTCUSD,True,SELL,keyword,24165.0,24310.0,24019.0,23947.0,23710.0,,3,,,True,True,,✔️Je vends BTC/USDT 24165 ⏎ ❌SL 24310 ⏎ ✅TP1 24019 ⏎ ✅TP2 23947 ⏎ ✅TP3 23710
897,messages.html,2023-02-22T13:34:56+00:00,GBP/AUD,GBPAUD,False,SELL,keyword,1.7728,1.7749,1.77058,1.7684,1.7657,,3,,Intraday,True,True,,"✔️Je vends GBP/AUD 1,77280 ⏎ ❌SL 1,77490 ⏎ ✅TP1 1,77058 ⏎ ✅TP2 1,76840 ⏎ ✅TP3 1,76570 ⏎  ⏎ 🎯Ratio gain/perte : 3,5/1  ⏎  ⏎ 📊Type de trade : Intraday"
904,messages.html,2023-02-24T10:07:56+00:00,gold,XAUUSD,True,BUY,keyword,1821.0,1813.0,1832.0,1859.0,,,2,,Swing trading,True,True,,✔️J’achète le Gold 1821 ⏎ ❌SL 1813 ⏎ ✅TP1 1832 ⏎ ✅TP3 1859 ⏎ ✅TP3 1890  ⏎  ⏎ 🎯Ratio gain/perte : 8/1  ⏎  ⏎ 📊Type de trade : Swing trading
908,messages.html,2023-02-24T14:08:56+00:00,EUR/GBP,EURGBP,False,BUY,keyword,0.883,0.87932,0.88594,0.89138,,,2,3.5,Intraday,True,True,,"✔️J’achète EUR/GBP 0.88300 ⏎ ❌SL 0,87932 ⏎ ✅TP1 0,88594 ⏎ ✅TP2 0,89138 ⏎  ⏎ 🎯Ratio : 3,5/1  ⏎  ⏎ 📊Type de trade : Intraday"
910,messages.html,2023-02-27T13:42:37+00:00,EUR/GBP,EURGBP,False,BUY,keyword,0.88022,0.8789,0.88285,0.88452,0.88715,,3,5.0,Swing Trading,True,True,,"✔️Je reprend une position à l’achat sur EUR/GBP 0,88022 ⏎ ❌SL 0,87890 ⏎ ✅TP1 0,88285 ⏎ ✅TP2 0,88452 ⏎ ✅TP3 0,88715 ⏎  ⏎ 🎯Ratio : 5/1  ⏎  ⏎ 📊Type de trade : Swing Trading"
913,messages.html,2023-02-27T14:36:12+00:00,APT/USDT,APTUSDT,False,BUY,keyword,12.65,11.2102,14.1094,16.2159,19.101,,3,5.0,Swing trading,True,True,,"✔️J’achète APT/USDT 12,6500 ⏎ ❌SL 11,2102 ⏎ ✅TP1 14,1094 ⏎ ✅TP2 16,2159 ⏎ ✅TP3 19,1010 ⏎  ⏎ 🎯Ratio : 5/1  ⏎  ⏎ 📊Type de trade : Swing trading"
917,messages.html,2023-02-28T14:10:23+00:00,DOGE/USDT,DOGEUSDT,False,BUY,keyword,0.08156,0.0781,0.08406,0.08849,0.09455,,3,,Swing trading,True,True,,"✔️J’achète DOGE/USDT 0,08156 ⏎ ❌SL 0,07810 ⏎ ✅TP1 0,08406 ⏎ ✅TP2 0,08849 ⏎ ✅TP3 0,09455 ⏎  ⏎ 🎯Ratio gain/perte : 4/1  ⏎  ⏎ 📊Type de trade : Swing trading"
922,messages.html,2023-03-01T13:32:44+00:00,GBP/NZD,GBPNZD,False,BUY,keyword,1.9248,1.9174,1.93179,1.9412,1.9566,,3,5.0,Intraday/Swing trading,True,True,,"✔️J’achète GBP/NZD 1,92480 ⏎ ❌SL 1,91740 ⏎ ✅TP1 1,93179 ⏎ ✅TP2 1,94120 ⏎ ✅TP3 1,95660 ⏎  ⏎ 🎯Ratio : 5/1  ⏎  ⏎ 📊Type de trade : Intraday/Swing trading"
926,messages.html,2023-03-02T14:52:16+00:00,EUR/AUD,EURAUD,False,SELL,keyword,1.57674,1.58025,1.57378,1.5707,1.56721,,3,,,True,True,,"✔️Je vends EUR/AUD 1,57674 ⏎ ❌SL 1,58025 ⏎ ✅TP1 1,57378 ⏎ ✅TP2 1,57070 ⏎ ✅TP3 1,56721"
930,messages.html,2023-03-03T13:46:40+00:00,CHF/JPY,CHFJPY,False,SELL,keyword,145.036,145.629,144.465,143.991,,,2,,Swing trading,True,True,,"✔️Je vends CHF/JPY 145,036 ⏎ ❌SL 145,629 ⏎ ✅TP1 144,465 ⏎ ✅TP2 143,991 ⏎ ✅TP1 143,190 ⏎  ⏎ 🎯Ratio gain/perte : 3/1  ⏎  ⏎ 📊Type de trade : Swing trading"
931,messages.html,2023-03-03T15:04:47+00:00,ger30,GER30,True,SELL,keyword,15541.0,15656.0,15409.0,15261.0,15011.0,,3,4.0,Swing trading,True,True,,✔️Je renforce ma vente l’indice GER30 15541 ⏎ ❌SL 15656 ⏎ ✅TP1 15409 ⏎ ✅TP2 15261 ⏎ ✅TP3 15011 ⏎  ⏎ 🎯Ratio : 4/1  ⏎  ⏎ 📊Type de trade : Swing trading
933,messages.html,2023-03-05T23:31:37+00:00,NZD/USD,NZDUSD,False,SELL,keyword,0.6211,0.62959,0.61476,0.60694,0.5892,,3,,Swing Trading,True,True,,"✔️Je vends NZD/USD 0,62110 ⏎ ❌SL 0,62959 ⏎ ✅TP1 0,61476 ⏎ ✅TP2 0,60694 ⏎ ✅TP3 0,58920 ⏎  ⏎ 🎯Ratio gain/perte : 4/1  ⏎  ⏎ 📊Type de trade : Swing Trading"
935,messages.html,2023-03-06T12:51:58+00:00,,,False,SELL,keyword,0.3918,0.3992,0.3871,0.3795,0.3699,,3,3.5,Intraday,True,True,,"✔️Je vends OCEAN/USDT 0,3918 ⏎ ❌SL 0,3992 ⏎ ✅TP1 0,3871 ⏎ ✅TP2 0,3795 ⏎ ✅TP3 0,3699 ⏎  ⏎ 🎯Ratio : 3,5/1  ⏎  ⏎ 📊Type de trade : Intraday"
937,messages.html,2023-03-06T14:49:36+00:00,GBP/JPY,GBPJPY,True,SELL,keyword,163.247,163.579,162.817,162.529,161.81,,3,4.0,Swing Trading,True,True,,"✔️Je vends GBP/JPY 163,247 ⏎ ❌SL 163,579 ⏎ ✅TP1 162,817 ⏎ ✅TP2 162,529 ⏎ ✅TP3 161,810 ⏎  ⏎ 🎯Ratio : 4/1  ⏎  ⏎ 📊Type de trade : Swing Trading"
941,messages.html,2023-03-07T13:29:17+00:00,EUR/GBP,EURGBP,False,BUY,keyword,0.8895,0.88257,0.88966,0.90776,,,2,,Swing trading,True,True,,"✔️J’achète EUR/GBP 0,88950 ⏎ ❌SL 0,88257 ⏎ ✅TP1 0,88966 ⏎ ✅TP2 0,90776 ⏎  ⏎ 🎯Ratio gain/perte : 3,5/1  ⏎  ⏎ 📊Type de trade : Swing trading"
945,messages.html,2023-03-08T13:50:10+00:00,CHF/JPY,CHFJPY,False,SELL,keyword,145.58,145.821,145.276,144.883,,,2,3.5,Intraday,False,True,,"✔️Je vends CHF/JPY 145,580 ⏎ ❌SL 145,821 ⏎ ✅TP1 145,276 ⏎ ✅TP2 144,883 ⏎  ⏎ 🎯Ratio : 3,5/1  ⏎  ⏎ 📊Type de trade : Intraday"
947,messages.html,2023-03-08T14:10:02+00:00,ETH/USDT,ETHUSD,True,SELL,keyword,1549.0,1567.0,1535.0,1515.0,,,2,3.0,Intraday,True,True,,✔️Je vends ETH/USDT 1549 ⏎ ❌SL 1567 ⏎ ✅TP1 1535 ⏎ ✅TP2 1515  ⏎  ⏎ 🎯Ratio : 3/1  ⏎  ⏎ 📊Type de trade : Intraday
949,messages.html,2023-03-08T16:43:06+00:00,EUR/AUD,EURAUD,False,SELL,keyword,1.59797,1.59998,1.59534,1.59138,,,2,,Intraday,False,True,,"✔️Je vends EUR/AUD 1,59797 ⏎ ❌SL 1,59998 ⏎ ✅TP1 1,59534 ⏎ ✅TP2 1,59138 ⏎  ⏎ 🎯Ratio gain/perte : 3,5/1  ⏎  ⏎ 📊Type de trade : Intraday"
952,messages.html,2023-03-09T14:03:26+00:00,CHF/JPY,CHFJPY,False,SELL,keyword,145.262,146.156,144.455,143.089,141.29,,3,4.0,Swing trading,False,True,,"✔️Je vends CHF/JPY 145,262 ⏎ ❌SL 146,156 ⏎ ✅TP1 144,455 ⏎ ✅TP2 143,089 ⏎ ✅TP3 141,290 ⏎  ⏎ 🎯Ratio : 4/1  ⏎  ⏎ 📊Type de trade : Swing trading"
954,messages.html,2023-03-09T15:24:08+00:00,EUR/CAD,EURCAD,False,SELL,keyword,1.4565,1.4576,1.45434,1.45238,,,2,,,True,True,,"✔️Je vends EUR/CAD 1,45650 ⏎ ❌SL 1,45760 ⏎ ✅TP1 1,45434 ⏎ ✅TP2 1,45238"
960,messages.html,2023-03-10T09:29:11+00:00,NZD/CAD,NZDCAD,False,SELL,keyword,0.84549,0.848,0.84284,0.83874,,,2,3.0,Intraday,True,True,,"✔️Je vends NZD/CAD 0,84549 ⏎ ❌SL 0,84800 ⏎ ✅TP1 0,84284 ⏎ ✅TP2 0,83874 ⏎  ⏎ 🎯Ratio : 3/1  ⏎  ⏎ 📊Type de trade : Intraday"
961,messages.html,2023-03-10T15:06:15+00:00,EUR/NZD,EURNZD,False,SELL,keyword,1.73168,1.735,1.726,1.72112,,,2,,,True,True,,"✔️Je vends EUR/NZD 1,73168 ⏎ ❌SL 1,73500 ⏎ ✅TP1 1,72600 ⏎ ✅TP2 1,72112"
964,messages.html,2023-03-13T12:46:04+00:00,AUD/CAD,AUDCAD,False,SELL,keyword,0.91487,0.92863,0.91125,0.906,,,2,3.0,Swing Trading / Intraday,True,True,,"✔️Je vends AUD/CAD 0,91487 ⏎ ❌SL 0,92863 ⏎ ✅TP1 0,91125 ⏎ ✅TP2 0,90600 ⏎  ⏎ 🎯Ratio : 3/1  ⏎  ⏎ 📊Type de trade : Swing Trading / Intraday"
966,messages.html,2023-03-13T13:18:30+00:00,USD/CAD,USDCAD,False,SELL,keyword,1.3761,1.38186,1.37408,1.36783,,,2,4.0,Intraday,True,True,,"✔️Je vends USD/CAD 1,3761 ⏎ ❌SL 1,38186 ⏎ ✅TP1 1,37408 ⏎ ✅TP2 1,36783 ⏎  ⏎ 🎯Ratio : 4/1  ⏎  ⏎ 📊Type de trade : Intraday"
972,messages.html,2023-03-14T13:13:15+00:00,EUR/AUD,EURAUD,False,SELL,keyword,1.60582,1.61106,1.59847,1.5845,,,2,,Intraday / Swing trading,True,True,,"✔️Je vends la paire EUR/AUD 1,60582 ⏎ ❌SL 1,61106 ⏎ ✅TP1 1,59847 ⏎ ✅TP2 1,58450 ⏎  ⏎ 🎯Ratio gain/perte : 4 ⏎  ⏎ 📊Type de trade : Intraday / Swing trading"
975,messages.html,2023-03-14T14:41:54+00:00,GBP/CHF,GBPCHF,False,BUY,keyword,1.1133,1.10454,1.11713,1.1235,1.13378,,3,,Swing trading,True,True,,"✔️J’achète GBP/CHF 1,11330 ⏎ ❌SL 1,10454 ⏎ ✅TP1 1,11713 ⏎ ✅TP2 1,12350 ⏎ ✅TP3 1,13378 ⏎  ⏎ 🎯Ratio gain/perte : 4/1  ⏎  ⏎ 📊Type de trade : Swing trading  ⏎  ⏎ ⚠️Je prendrais une nouvelle position à la hausse en cas de pullback sur la trendline baissière"
977,messages.html,2023-03-15T11:50:22+00:00,BTC/USDT,BTCUSD,True,SELL,keyword,24545.0,24787.0,24336.0,23960.0,,,2,,Intraday,True,True,,✔️Je vends BTC/USDT 24545 ⏎ ❌SL 24787 ⏎ ✅TP1 24336 ⏎ ✅TP2 23960 ⏎  ⏎ 🎯Ratio gain/perte : 3/1  ⏎  ⏎ 📊Type de trade : Intraday
981,messages.html,2023-03-15T12:53:27+00:00,GBP/CAD,GBPCAD,False,SELL,keyword,1.66315,1.66732,1.6593,1.6545,1.64539,,3,3.0,Swing trading,True,True,,"✔️Je vends GBP/CAD 1,66315 ⏎ ❌SL 1,66732 ⏎ ✅TP1 1,65930 ⏎ ✅TP2 1,65450 ⏎ ✅TP3 1,64539 ⏎  ⏎ 🎯Ratio : 3/1  ⏎  ⏎ 📊Type de trade : Swing trading"
983,messages.html,2023-03-15T13:07:55+00:00,BTC/USDT,BTCUSD,True,SELL,keyword,24856.0,25334.0,24290.0,24010.0,23400.0,,3,3.5,Intraday,True,True,,"✔️Je vends BTC/USDT 24856 ⏎ ❌SL 25334 ⏎ ✅TP1 24290 ⏎ ✅TP2 24010 ⏎ ✅TP3 23400 ⏎  ⏎ 🎯Ratio : 3,5/1  ⏎  ⏎ 📊Type de trade : Intraday"
986,messages.html,2023-03-15T17:06:20+00:00,NZD/CAD,NZDCAD,False,SELL,keyword,0.85225,0.85692,0.84905,0.84671,0.83935,,3,,Swing trading,True,True,,"✔️Je vends NZD/CAD 0,85225 ⏎ ❌SL 0,85692 ⏎ ✅TP1 0,84905 ⏎ ✅TP2 0,84671 ⏎ ✅TP3 0,83935 ⏎  ⏎ 🎯Ratio gain/perte : 3/1  ⏎  ⏎ 📊Type de trade : Swing trading"
990,messages.html,2023-03-17T14:47:13+00:00,AUD/CAD,AUDCAD,False,SELL,keyword,0.9199,0.92079,0.91824,0.91626,,,2,,Intraday,True,True,,"✔️Je vends AUD/CAD 0,91990 ⏎ ❌SL 0,92079 ⏎ ✅TP1 0,91824 ⏎ ✅TP2 0,91626 ⏎  ⏎ 🎯Ratio gain/perte : 5/1 ⏎  ⏎ 📊Type de trade : Intraday"
992,messages.html,2023-03-20T12:40:16+00:00,AUD/NZD,AUDNZD,False,BUY,keyword,1.07198,1.06622,1.07821,1.08817,,,2,,Swing Trading,True,True,,"✔️J’achète AUD/NZD 1,07198 ⏎ ❌SL 1,06622 ⏎ ✅TP1 1,07821 ⏎ ✅TP2 1,08817 ⏎  ⏎ 🎯Ratio gain/perte : 3/1  ⏎  ⏎ 📊Type de trade : Swing Trading"
997,messages.html,2023-03-21T13:08:30+00:00,BNB/USDT,BNBUSDT,False,BUY,keyword,337.0,332.1,343.3,351.6,,,2,3.0,Swing trading / Intraday,True,True,,"✔️J’achète BNB/USDT 337,00 ⏎ ❌SL 332,1 ⏎ ✅TP1 343,3 ⏎ ✅TP2 351,6 ⏎  ⏎ 🎯Ratio : 3/1  ⏎  ⏎ 📊Type de trade : Swing trading / Intraday"
1001,messages.html,2023-03-22T13:15:19+00:00,USD/CHF,USDCHF,True,BUY,keyword,0.92329,0.91968,0.92944,0.93835,,,2,5.0,Intraday / Swing trading,True,True,,"✔️J’achète USD/CHF 0,92329 ⏎ ❌SL 0,91968 ⏎ ✅TP1 0,92944 ⏎ ✅TP2 0,93835 ⏎  ⏎ 🎯Ratio : 5/1  ⏎  ⏎ 📊Type de trade : Intraday / Swing trading ⏎  ⏎ 👉🏼Je sortirais de position avant l’annonce de la FED"
1004,messages.html,2023-03-23T09:32:19+00:00,nasdaq100,US100,False,SELL,keyword,12700.0,12724.0,12672.0,12645.0,,,2,,,False,True,,✔️Je vends Nasdaq100 12700 ⏎ ❌SL 12724 ⏎ ✅TP1 12672 ⏎ ✅TP2 12645 ⏎ ✅TP2 12594
1006,messages.html,2023-03-23T13:15:39+00:00,gold,XAUUSD,True,SELL,keyword,1975.0,1985.0,1960.3,1942.33,1917.58,,3,6.0,Swing trading,True,True,,"✔️Je vends le Gold 1975 ⏎ ❌SL 1985 ⏎ ✅TP1 1960,3 ⏎ ✅TP2 1942,33 ⏎ ✅TP3 1917,58 ⏎  ⏎ 🎯Ratio : 6/1  ⏎  ⏎ 📊Type de trade : Swing trading"
1007,messages.html,2023-03-23T13:39:23+00:00,GBP/CAD,GBPCAD,False,SELL,keyword,1.68055,1.68318,1.67799,1.67336,,,2,3.0,Intraday,False,True,,"✔️Je vends GBP/CAD 1,68055 ⏎ ❌SL 1,68318 ⏎ ✅TP1 1,67799 ⏎ ✅TP2 1,67336 ⏎  ⏎ 🎯Ratio : 3/1  ⏎  ⏎ 📊Type de trade : Intraday"
1011,messages.html,2023-03-23T15:42:40+00:00,nasdaq100,US100,False,SELL,keyword,12874.0,12919.0,12814.0,12773.0,12700.0,,3,,,True,True,,✔️Je reprend un trade à la vente sur le Nasdaq100 12874 ⏎ ❌SL 12919 ⏎ ✅TP1 12814 ⏎ ✅TP2 12773 ⏎ ✅TP3 12700
1014,messages.html,2023-03-24T14:08:27+00:00,nasdaq100,US100,False,SELL,keyword,12700.0,12727.0,12639.0,12560.0,,,2,,Scalping / Intraday,False,True,,✔️Je vends le Nasdaq100 12700 ⏎ ❌SL 12727 ⏎ ✅TP1 12639 ⏎ ✅TP2 12560 ⏎  ⏎ 🎯Ratio gain/perte : 5/1  ⏎  ⏎ 📊Type de trade : Scalping / Intraday
1016,messages.html,2023-03-24T14:47:57+00:00,GBP/NZD,GBPNZD,False,SELL,keyword,1.9707,1.9753,1.96601,1.96122,1.95676,,3,4.0,Swing trading,True,True,,"✔️Je vends GBP/NZD 1,97070 ⏎ ❌SL 1,97530 ⏎ ✅TP1 1,96601 ⏎ ✅TP2 1,96122 ⏎ ✅TP3 1,95676 ⏎  ⏎ 🎯Ratio : 4/1  ⏎  ⏎ 📊Type de trade : Swing trading"
1019,messages.html,2023-03-27T12:43:10+00:00,AUD/CAD,AUDCAD,False,SELL,keyword,0.91179,0.91985,0.9061,0.89608,0.88816,,3,,Swing Trading,True,True,,"✔️Je vends AUD/CAD 0,91179 ⏎ ❌SL 0,91985 ⏎ ✅TP1 0,90610 ⏎ ✅TP2 0,89608 ⏎ ✅TP3 0,88816 ⏎  ⏎ 🎯Ratio gain/perte : 3,2  ⏎  ⏎ 📊Type de trade : Swing Trading"
1021,messages.html,2023-03-27T15:09:25+00:00,nasdaq100,US100,False,SELL,keyword,12835.0,12852.0,12790.0,12747.0,,,2,3.0,Intraday,True,True,,✔️Je vends le Nasdaq100 12835 ⏎ ❌SL 12852 ⏎ ✅TP1 12790 ⏎ ✅TP2 12747 ⏎  ⏎ 🎯Ratio : 3/1  ⏎  ⏎ 📊Type de trade : Intraday
1024,messages.html,2023-03-28T14:36:28+00:00,fra40,FRA40,False,SELL,keyword,7074.0,7179.0,6959.0,6810.0,6565.0,,3,5.0,Swing Trading,True,True,,✔️Je vends le FRA40 (CAC40) 7074  ⏎ ❌SL 7179 ⏎ ✅TP1 6959 ⏎ ✅TP2 6810 ⏎ ✅TP3 6565 ⏎  ⏎ 🎯Ratio : 5/1  ⏎  ⏎ 📊Type de trade : Swing Trading
1026,messages.html,2023-03-28T15:32:45+00:00,sp500,US500,True,SELL,keyword,3974.0,3988.0,3847.0,3920.0,,,2,4.0,Intraday / Swing trading,True,True,,✔️Je vends S&P500 3974 ⏎ ❌SL 3988 ⏎ ✅TP1 3847 ⏎ ✅TP2 3920 ⏎  ⏎ 🎯Ratio : 4/1  ⏎  ⏎ 📊Type de trade : Intraday / Swing trading
1028,messages.html,2023-03-29T07:45:54+00:00,AUD/USD,AUDUSD,False,SELL,keyword,0.668,0.67896,0.65988,0.64538,0.6301,,3,,Swing Trading,True,True,,"✔️Je vends AUD/USD 0,6680 ⏎ ❌SL 0,67896 ⏎ ✅TP1 0,65988 ⏎ ✅TP2 0,64538 ⏎ ✅TP3 0,63010 ⏎  ⏎ 🎯Ratio gain/perte 4,5/1  ⏎  ⏎ 📊Type de trade : Swing Trading"
1031,messages.html,2023-03-30T10:07:12+00:00,AUD/USD,AUDUSD,False,SELL,geometry,0.67111,0.67225,0.66925,0.66655,,,2,4.0,Intraday,True,True,,"✔️Je reprends une position vendeuse sur AUD/USD 0,67111 ⏎ ❌SL 0,67225 ⏎ ✅TP1 0,66925 ⏎ ✅TP2 0,66655 ⏎  ⏎ 🎯Ratio : 4/1  ⏎  ⏎ 📊Type de trade : Intraday"
1035,messages.html,2023-03-30T15:37:30+00:00,gold,XAUUSD,True,BUY,keyword,1969.0,1963.8,1973.5,1978.0,1983.5,,3,,Intraday,False,True,,"✔️J’achète le Gold 1969 ⏎ ❌SL 1963,8 ⏎ ✅TP1 1973,5 ⏎ ✅TP2 1978 ⏎ ✅TP3 1983,5 ⏎  ⏎ 🎯Ratio gain/perte : 3,5/1  ⏎  ⏎ 📊Type de trade : Intraday"
1041,messages2.html,2023-03-31T14:39:24+00:00,BTC/USDT,BTCUSD,True,SELL,keyword,28500.0,28842.0,28280.0,27840.0,27300.0,,3,4.5,Intraday,True,True,,"✔️Je vends BTC/USDT 28500 ⏎ ❌SL 28842 ⏎ ✅TP1 28280 ⏎ ✅TP2 27840 ⏎ ✅TP3 27300 ⏎  ⏎ 🎯Ratio : 4,5/1  ⏎  ⏎ 📊Type de trade : Intraday"
1044,messages2.html,2023-04-02T15:14:03+00:00,BTC/USDT,BTCUSD,True,SELL,geometry,28300.0,28600.0,27925.0,27350.0,,,2,3.5,Intraday / Swing trading,False,True,,"✔️Je renforce la position vendeuse sur BTC/USDT 28300 ⏎ ❌SL 28600 ⏎ ✅TP1 27925 ⏎ ✅TP2 27350  ⏎  ⏎ 🎯Ratio : 3,5/1  ⏎  ⏎ 📊Type de trade : Intraday / Swing trading"
1048,messages2.html,2023-04-03T14:42:06+00:00,nasdaq100,US100,False,SELL,keyword,13130.0,13150.0,13100.0,13074.0,13041.0,,3,3.5,Intraday,True,True,,"✔️Je vends le Nasdaq100 13130 ⏎ ❌SL 13150 ⏎ ✅TP1 13100 ⏎ ✅TP2 13074 ⏎ ✅TP3 13041 ⏎  ⏎ 🎯Ratio : 3,5/1  ⏎  ⏎ 📊Type de trade : Intraday"
1054,messages2.html,2023-04-04T13:13:51+00:00,EUR/JPY,EURJPY,True,SELL,keyword,144.989,145.644,144.344,143.692,142.778,,3,3.5,Swing trading,True,True,,"✔️Je vends EUR/JPY 144,989 ⏎ ❌SL 145,644 ⏎ ✅TP1 144,344 ⏎ ✅TP2 143,692 ⏎ ✅TP3 142,778 ⏎  ⏎ 🎯Ratio : 3,5/1  ⏎  ⏎ 📊Type de trade : Swing trading"
1056,messages2.html,2023-04-04T13:54:41+00:00,USD/CHF,USDCHF,True,BUY,keyword,0.91339,0.9079,0.91915,0.9239,0.93148,,3,3.5,Swing trading,True,True,,"✔️J’achète la paire USD/CHF 0,91339 ⏎ ❌SL 0,90790 ⏎ ✅TP1 0,91915 ⏎ ✅TP2 0,92390 ⏎ ✅TP3 0,93148 ⏎  ⏎ 🎯Ratio : 3,5/1  ⏎  ⏎ 📊Type de trade : Swing trading"
1065,messages2.html,2023-04-06T13:44:07+00:00,petrole,USOIL,True,BUY,keyword,80.619,79.956,81.469,82.691,,,2,,,True,True,,"✔️J’achète le Pétrole (USOIL) 80,619 ⏎ ❌SL 79,956 ⏎ ✅TP1 81,469 ⏎ ✅TP2 82,691 ⏎  ⏎ 🎯Ratio gain/perte : 3/1  ⏎  ⏎ 📊Style de trade : Swing Trading / Intraday"
1069,messages2.html,2023-04-06T14:54:11+00:00,BTC/USDT,BTCUSD,True,SELL,keyword,27870.0,28158.0,27521.0,27208.0,26863.0,,3,3.5,Intraday / Swing trading,False,True,,"✔️Je vends BTC/USDT 27870 ⏎ ❌SL 28158 ⏎ ✅TP1 27521 ⏎ ✅TP2 27208 ⏎ ✅TP3 26863 ⏎  ⏎ 🎯Ratio : 3,5/1 ⏎  ⏎ 📊Type de trade : Intraday / Swing trading"
1073,messages2.html,2023-04-06T17:16:26+00:00,nasdaq100,US100,False,BUY,keyword,13030.0,13012.0,13055.0,13080.0,,,2,3.0,Scalping,True,True,,✔️J’achète le Nasdaq100 13030  ⏎ ❌SL 13012 ⏎ ✅TP1 13055 ⏎ ✅TP2 13080 ⏎  ⏎ 🎯Ratio : 3/1  ⏎  ⏎ 📊Type de trade : Scalping
1077,messages2.html,2023-04-07T13:39:10+00:00,GBP/CAD,GBPCAD,False,SELL,keyword,1.67667,1.68309,1.67201,1.66684,1.65888,,3,3.0,Swing trading,False,True,,"✔️Je vends GBP/CAD 1,67667 ⏎ ❌SL 1,68309 ⏎ ✅TP1 1,67201 ⏎ ✅TP2 1,66684 ⏎ ✅TP3 1,65888 ⏎  ⏎ 🎯Ratio : 3/1  ⏎  ⏎ 📊Type de trade : Swing trading"
1081,messages2.html,2023-04-11T12:40:20+00:00,USD/CAD,USDCAD,False,BUY,keyword,1.3511,1.34784,1.35507,1.36,,,2,3.0,Intraday,True,True,,"✔️J’achète USD/CAD 1,35110 ⏎ ❌SL 1,34784 ⏎ ✅TP1 1,35507 ⏎ ✅TP2 1,36000 ⏎  ⏎ 🎯Ratio : 3/1  ⏎  ⏎ 📊Type de trade : Intraday"
1083,messages2.html,2023-04-11T14:40:33+00:00,nasdaq100,US100,False,SELL,keyword,13038.0,13063.0,12981.0,12920.0,,,2,4.0,Intraday,True,True,,✔️Je vends Nasdaq100 13038 ⏎ ❌SL 13063 ⏎ ✅TP1 12981 ⏎ ✅TP2 12920 ⏎  ⏎ 🎯Ratio : 4/1  ⏎  ⏎ 📊Type de trade : Intraday
1084,messages2.html,2023-04-11T14:55:10+00:00,gold,XAUUSD,True,BUY,keyword,2000.1,1996.78,2006.1,2014.07,,,2,4.0,Intraday,True,True,,"✔️J’achète le Gold 2000,10 ⏎ ❌SL 1996,78 ⏎ ✅TP1 2006,10 ⏎ ✅TP2 2014.07 ⏎  ⏎ 🎯Ratio : 4/1  ⏎  ⏎ 📊Type de trade : Intraday"
1092,messages2.html,2023-04-12T15:04:37+00:00,nasdaq100,US100,False,BUY,keyword,12980.0,12942.0,13030.0,13100.0,,,2,3.5,Intraday,False,True,,"✔️J’achète Nasdaq100 12980 ⏎ ❌SL 12942 ⏎ ✅TP1 13030 ⏎ ✅TP2 13100 ⏎  ⏎ Ratio : 3,5/1  ⏎  ⏎ 📊Type de trade : Intraday"
1096,messages2.html,2023-04-12T15:44:33+00:00,nasdaq100,US100,False,BUY,keyword,12955.0,12936.0,13018.0,13100.0,,,2,7.0,Intraday,False,True,,✔️Je reprend une position acheteuse sur Nasdaq100 12955 ⏎ ❌SL 12936 ⏎ ✅TP1 13018 ⏎ ✅TP2 13100 ⏎  ⏎ Ratio : 7/1  ⏎  ⏎ 📊Type de trade : Intraday
1098,messages2.html,2023-04-12T16:17:16+00:00,gold,XAUUSD,True,SELL,keyword,2007.46,2013.43,1998.38,1986.86,,,2,3.5,Intraday / Swing Trading,True,True,,"✔️Je vends le Gold 2007,46 ⏎ ❌SL 2013,43 ⏎ ✅TP1 1998,38 ⏎ ✅TP2 1986,86 ⏎  ⏎ Ratio : 3,5/1  ⏎  ⏎ 📊Type de trade : Intraday / Swing Trading"
1100,messages2.html,2023-04-13T11:36:27+00:00,GBP/CAD,GBPCAD,False,SELL,keyword,1.676,1.67981,1.67226,1.66729,1.65975,,3,4.0,Swing Trading,True,True,,"✔️Je vends GBP/CAD 1,67600 ⏎ ❌SL 1,67981 ⏎ ✅TP1 1,67226 ⏎ ✅TP2 1,66729 ⏎ ✅TP3 1,65975 ⏎  ⏎ 🎯Ratio : 4/1  ⏎  ⏎ 📊Type de trade : Swing Trading"
1103,messages2.html,2023-04-13T15:43:05+00:00,BTC/USDT,BTCUSD,True,SELL,keyword,30385.0,30528.0,30243.0,30007.0,,,2,3.5,Intraday,False,True,,"✔️Je vends BTC/USDT 30385 ⏎ ❌SL 30528 ⏎ ✅TP1 30243 ⏎ ✅TP2 30007 ⏎  ⏎ 🎯Ratio : 3,5/1  ⏎  ⏎ 📊Type de trade : Intraday"
1105,messages2.html,2023-04-13T16:01:35+00:00,nasdaq100,US100,False,BUY,keyword,13022.0,13002.0,13058.0,13128.0,,,2,3.5,Intraday,True,True,,"✔️J’achète le Nasdaq100 13022 ⏎ ❌SL 13002 ⏎ ✅TP1 13058 ⏎ ✅TP2 13128 ⏎  ⏎ 🎯Ratio : 3,5/1  ⏎  ⏎ 📊Type de trade : Intraday"
1110,messages2.html,2023-04-14T14:27:49+00:00,AUD/CAD,AUDCAD,False,SELL,geometry,0.90333,0.90544,0.90094,0.89852,0.89521,,3,4.0,Intraday / Swing Trading,True,True,,"✔️Je vendrais AUD/CAD en cas de retour sur les 0,90333 (potentiellement suite à l’ouverture US à 15h30 avec la volatilité)  ⏎ ❌SL 0,90544 ⏎ ✅TP1 0,90094 ⏎ ✅TP2 0,89852 ⏎ ✅TP3 0,89521 ⏎  ⏎ 🎯Ratio : 4/1  ⏎  ⏎ 📊Type de trade : Intraday / Swing Trading"
1113,messages2.html,2023-04-14T15:50:46+00:00,EUR/CHF,EURCHF,False,BUY,keyword,0.98304,0.9821,0.98416,0.9856,,,2,,Intraday,True,True,,"✔️J’achète EUR/CHF 0,98304 ⏎ ❌SL 0,98210 ⏎ ✅TP1 0,98416 ⏎ ✅TP2 0,98560 ⏎  ⏎ 🎯Ratio gain/perte : 3/1  ⏎  ⏎ 📊Type de trade : Intraday"
1121,messages2.html,2023-04-17T14:41:29+00:00,nasdaq100,US100,False,SELL,keyword,13106.0,13130.0,13084.0,13060.0,13024.0,,3,3.5,Scalping,False,True,,"✔️Je vends le Nasdaq100 13106 ⏎ ❌SL 13130 ⏎ ✅TP1 13084 ⏎ ✅TP2 13060 ⏎ ✅TP3 13024 ⏎  ⏎ 🎯Ratio : 3,5/1  ⏎  ⏎ 📊Type de trade : Scalping"
1128,messages2.html,2023-04-18T13:33:19+00:00,,,False,BUY,keyword,0.2942,0.1902,0.4281,0.6222,1.2989,,3,10.5,Swing Trading,True,False,TP2 hors plage (x2.11); TP3 hors plage (x4.42),"✔️J’achète la cryptomonnaie C98/USDT 0,2942 ⏎ ❌SL 0,1902 ⏎ ✅TP1 0,4281 ⏎ ✅TP2 0,6222 ⏎ ✅TP3 1,2989 ⏎  ⏎ 🎯Ratio : 10,5/1  ⏎  ⏎ 📊Type de trade : Swing Trading"
1130,messages2.html,2023-04-18T15:21:25+00:00,nasdaq100,US100,False,BUY,keyword,13125.0,13105.0,13156.0,13204.0,13236.0,,3,,Intraday,False,True,,"✔️J’achète le Nasdaq100 13125 ⏎ ❌SL 13105 ⏎ ✅TP1 13156 ⏎ ✅TP2 13204 ⏎ ✅TP3 13236 ⏎  ⏎ 🎯Ratio : 4,5  ⏎  ⏎ 📊Type de trade : Intraday"
1132,messages2.html,2023-04-18T15:37:04+00:00,EUR/AUD,EURAUD,False,BUY,keyword,1.63008,1.62658,1.63418,1.63977,,,2,3.0,Swing trading / Intraday,True,True,,"✔️J’achète EUR/AUD 1,63008 ⏎ ❌SL 1,62658 ⏎ ✅TP1 1,63418 ⏎ ✅TP2 1,63977 ⏎  ⏎ 🎯Ratio : 3/1  ⏎  ⏎ 📊Type de trade : Swing trading / Intraday"
1134,messages2.html,2023-04-19T12:59:58+00:00,GBP/NZD,GBPNZD,False,SELL,keyword,2.00691,2.01318,1.99949,1.9876,,,2,,Swing trading,True,True,,"✔️Je vends GBP/NZD 2,00691 ⏎ ❌SL 2,01318 ⏎ ✅TP1 1,99949 ⏎ ✅TP2 1,98760 ⏎  ⏎ 🎯Ratio gain/perte : 3/1  ⏎  ⏎ 📊Type de trade : Swing trading"
1139,messages2.html,2023-04-19T15:32:44+00:00,nasdaq100,US100,False,BUY,keyword,13029.0,13001.0,13070.0,13151.0,,,2,4.0,Intraday,False,True,,✔️J’achète le Nasdaq100 13029 ⏎ ❌SL 13001 ⏎ ✅TP1 13070 ⏎ ✅TP2 13151 ⏎  ⏎ 🎯Ratio : 4/1  ⏎  ⏎ 📊Type de trade : Intraday
1146,messages2.html,2023-04-20T13:25:20+00:00,EUR/NZD,EURNZD,False,SELL,keyword,1.7757,1.77801,1.7726,1.768,,,2,4.0,Intraday,True,True,,"✔️Je vends EUR/NZD 1,77570 ⏎ ❌SL 1,77801 ⏎ ✅TP1 1,77260 ⏎ ✅TP2 1,76800 ⏎  ⏎ 🎯Ratio : 4/1  ⏎  ⏎ 📊Type de trade : Intraday"
1148,messages2.html,2023-04-20T17:17:20+00:00,nasdaq100,US100,False,SELL,keyword,13053.0,13071.0,13024.0,12983.0,,,2,3.0,,True,True,,✔️Je vends le Nasdaq100 13053 ⏎ ❌SL 13071 ⏎ ✅TP1 13024 ⏎ ✅TP2 12983 ⏎  ⏎ 🎯Ratio : 3/1  ⏎  ⏎ 📊Tyoe de trade : Intraday
1151,messages2.html,2023-04-20T17:50:08+00:00,nasdaq100,US100,False,BUY,keyword,13071.0,13054.0,13094.0,13114.0,,,2,3.0,Intraday,False,True,,✔️J’achète Nasdaq100 13071 ⏎ ❌SL 13054 ⏎ ✅TP1 13094 ⏎ ✅TP2 13114 ⏎  ⏎ 🎯Ratio : 3/1  ⏎  ⏎ 📊Type de trade : Intraday
1155,messages2.html,2023-04-21T13:33:25+00:00,GBP/CAD,GBPCAD,False,SELL,keyword,1.67855,1.68008,1.67592,1.67242,,,2,3.0,Intraday,False,True,,"✔️Je vends GBP/CAD 1,67855 ⏎ ❌SL 1,68008 ⏎ ✅TP1 1,67592 ⏎ ✅TP2 1,67242 ⏎  ⏎ 🎯Ratio : 3/1  ⏎  ⏎ 📊Type de trade : Intraday"
1157,messages2.html,2023-04-21T16:12:10+00:00,nasdaq100,US100,False,SELL,keyword,12976.0,12993.0,12937.0,12870.0,,,2,3.0,Intraday,True,True,,✔️Je vends le Nasdaq100 12976 ⏎ ❌SL 12993 ⏎ ✅TP1 12937 ⏎ ✅TP2 12870 ⏎  ⏎ 🎯Ratio : 3/1  ⏎  ⏎ 📊Type de trade : Intraday
1167,messages2.html,2023-04-24T15:10:16+00:00,USD/CAD,USDCAD,False,SELL,keyword,1.3545,1.3561,1.35243,1.35156,1.34702,,3,5.33,Swing Trading / Intraday,False,True,,"✔️Je vends USD/CAD 1,35450 ⏎ ❌SL 1,35610 ⏎ ✅TP1 1,35243 ⏎ ✅TP2 1,35156 ⏎ ✅TP3 1,34702 ⏎  ⏎ 🎯Ratio : 5,33/1  ⏎  ⏎ 📊Type de trade : Swing Trading / Intraday"
1168,messages2.html,2023-04-24T15:14:02+00:00,nasdaq100,US100,False,BUY,keyword,13004.0,12985.0,13021.0,12079.0,,,2,4.0,Intraday,False,False,TP<=entry pour BUY,✔️J’achète le Nasdaq100 13004 ⏎ ❌SL 12985 ⏎ ✅TP1 13021 ⏎ ✅TP2 12079 ⏎  ⏎ 🎯Ratio : 4/1  ⏎  ⏎ 📊Type de trade : Intraday
1172,messages2.html,2023-04-24T16:28:03+00:00,gold,XAUUSD,True,SELL,keyword,1983.35,1988.02,1976.56,1968.34,,,2,3.16,Intraday / Swing Trading,True,True,,"✔️Je vends le Gold 1983,35 ⏎ ❌SL 1988,02 ⏎ ✅TP1 1976,56 ⏎ ✅TP2 1968,34 ⏎  ⏎ 🎯Ratio : 3,16/1  ⏎  ⏎ 📊Type de trade : Intraday / Swing Trading"
1175,messages2.html,2023-04-24T18:18:37+00:00,USD/CAD,USDCAD,False,SELL,keyword,1.35413,1.35439,1.35362,1.35264,,,2,5.7,Intraday,True,True,,"✔️Je vends USD/CAD 1,35413 ⏎ ❌SL 1,35439 ⏎ ✅TP1 1,35362 ⏎ ✅TP2 1,35264 ⏎  ⏎ 🎯Ratio : 5,7/1  ⏎  ⏎ 📊Type de trade : Intraday"
1179,messages2.html,2023-04-25T13:20:21+00:00,AUD/JPY,AUDJPY,True,SELL,keyword,90.2,91.089,87.982,86.337,84.189,,3,3.0,Swing Trading,True,True,,"✔️Je vends AUD/JPY 89,340 ⏎  ⏎ 👉🏼Je renforcerais ma position en cas de retour sur les 90,200 ⏎  ⏎ ❌SL 91,089 ⏎ ✅TP1 87,982 ⏎ ✅TP2 86,337 ⏎ ✅TP3 84,189 ⏎  ⏎ 🎯Ratio 3/1  ⏎  ⏎ 📊Type de trade : Swing Trading"
1181,messages2.html,2023-04-25T14:07:12+00:00,gold,XAUUSD,True,SELL,keyword,1991.8,1995.08,1987.4,1977.64,,,2,4.0,Intraday,True,True,,"✔️Je vends le Gold 1991,80 ⏎ ❌SL 1995,08 ⏎ ✅TP1 1987,4 ⏎ ✅TP2 1977,64 ⏎  ⏎ 🎯Ratio : 4/1  ⏎  ⏎ 📊Type de trade : Intraday"
1185,messages2.html,2023-04-26T11:50:59+00:00,nasdaq100,US100,False,SELL,keyword,12885.0,12906.0,12845.0,12744.0,,,2,6.0,Intraday,True,True,,✔️Je vends le Nasdaq100 12885 ⏎ ❌SL 12906 ⏎ ✅TP1 12845 ⏎ ✅TP2 12744 ⏎  ⏎ 🎯Ratio : 6/1  ⏎  ⏎ 📊Type de trade : Intraday
1188,messages2.html,2023-04-26T13:57:49+00:00,gold,XAUUSD,True,SELL,keyword,1996.78,2002.37,1989.6,1976.78,,,2,4.0,Intraday / Swing trading,True,True,,"✔️Je vends le Gold 1996,78 ⏎ ❌SL 2002,37 ⏎ ✅TP1 1989,60 ⏎ ✅TP2 1976,78  ⏎  ⏎ 🎯Ratio : 4/1  ⏎  ⏎ 📊Type de trade : Intraday / Swing trading"
1191,messages2.html,2023-04-26T14:39:00+00:00,dow,US30,True,SELL,keyword,33583.0,33653.0,33472.0,33371.0,,,2,,,True,True,,✔️Je vends le Dow Jones (US30) 33583 ⏎ ❌SL 33653 ⏎ ✅TP1 33472 ⏎ ✅TP2 33371
1197,messages2.html,2023-04-27T13:40:39+00:00,NZD/CAD,NZDCAD,False,SELL,keyword,0.8376,0.839,0.83558,0.834,,,2,3.0,Intraday,True,True,,"✔️Je vends NZD/CAD 0,83760 ⏎ ❌SL 0,83900 ⏎ ✅TP1 0,83558 ⏎ ✅TP2 0,83400 ⏎  ⏎ 🎯Ratio : 3/1  ⏎  ⏎ 📊Type de trade : Intraday"
1200,messages2.html,2023-04-27T15:11:34+00:00,nasdaq100,US100,False,BUY,keyword,12980.0,12892.0,13027.0,13099.0,13189.0,,3,3.0,Swing Trading,True,True,,✔️J’achète le Nasdaq100 12980 ⏎ ❌SL 12892 ⏎ ✅TP1 13027 ⏎ ✅TP2 13099 ⏎ ✅TP3 13189 ⏎  ⏎ 🎯Ratio : 3/1  ⏎  ⏎ 📊Type de trade : Swing Trading
1212,messages2.html,2023-05-01T13:19:05+00:00,nasdaq100,US100,False,SELL,keyword,13230.0,13255.0,13200.0,13166.0,,,2,3.5,Intraday,True,True,,"✔️Je vends Nasdaq100 13230  ⏎ ❌SL 13255 ⏎ ✅TP1 13200 ⏎ ✅TP2 13166 ⏎  ⏎ 🎯Ratio : 3,5/1  ⏎  ⏎ 📊Type de trade : Intraday"
1217,messages2.html,2023-05-01T14:55:57+00:00,nasdaq,US100,False,SELL,geometry,13255.0,13268.0,13222.0,13166.0,,,2,5.0,Intraday,False,True,,✔️Je reprend une position sur le Nasdaq 13255 ⏎ ❌SL 13268 ⏎ ✅TP1 13222 ⏎ ✅TP2 13166 ⏎  ⏎ 🎯Ratio : 5/1  ⏎  ⏎ 📊Type de trade : Intraday
1221,messages2.html,2023-05-01T20:05:59+00:00,AUD/CAD,AUDCAD,False,SELL,keyword,0.8978,0.91204,0.88646,0.88,0.85858,,3,3.0,Swing Trading,True,True,,"✔️Je vends AUD/CAD 0,89780 ⏎ ❌SL 0,91204 ⏎ ✅TP1 0,88646 ⏎ ✅TP2 0,88000 ⏎ ✅TP3 0,85858 ⏎  ⏎ 🎯Ratio : 3/1  ⏎  ⏎ 📊Type de trade : Swing Trading"
1224,messages2.html,2023-05-02T14:56:21+00:00,nasdaq100,US100,False,SELL,keyword,13225.0,13260.0,13202.0,13165.0,,,2,3.5,Intraday,False,True,,"✔️Je vends Nasdaq100 13225 ⏎ ❌SL 13260 ⏎ ✅TP1 13202 ⏎ ✅TP2 13165 ⏎  ⏎ 🎯Ratio : 3,5/1  ⏎  ⏎ 📊Type de trade : Intraday"
1228,messages2.html,2023-05-02T15:58:15+00:00,GBP/USD,GBPUSD,True,BUY,keyword,1.246,1.23789,1.25722,1.26766,1.28618,,3,5.0,Swing Trading,True,True,,"✔️J’achète GBP/USD 1,24600 ⏎ ❌SL 1,23789 ⏎ ✅TP1 1,25722 ⏎ ✅TP2 1,26766 ⏎ ✅TP3 1,28618 ⏎  ⏎ 🎯Ratio : 5/1   ⏎  ⏎ 📊Type de trade : Swing Trading"
1231,messages2.html,2023-05-03T13:57:10+00:00,AAVE/USDT,AAVEUSDT,False,SELL,keyword,67.8179,68.8814,66.0791,64.3843,,,2,3.0,Intraday / Swing Trading,True,True,,"✔️Je vends la cryptomonnaie AAVE/USDT 67,8179 ⏎ ❌SL 68,8814 ⏎ ✅TP1 66,0791 ⏎ ✅TP2 64,3843 ⏎  ⏎ 🎯Ratio : 3/1 ⏎  ⏎ 📊Type de trade : Intraday / Swing Trading"
1234,messages2.html,2023-05-03T14:36:25+00:00,nasdaq100,US100,False,BUY,keyword,13135.0,13123.0,13165.0,13206.0,,,2,3.5,Intraday,False,True,,"✔️J’achète Nasdaq100 13135 ⏎ ❌SL 13123  ⏎ ✅TP1 13165 ⏎ ✅TP2 13206 ⏎  ⏎ 🎯Ratio : 3,5/1  ⏎  ⏎ 📊Type de trade : Intraday"
1238,messages2.html,2023-05-03T15:23:54+00:00,nasdaq100,US100,False,SELL,keyword,13155.0,13183.0,13116.0,12978.0,,,2,5.5,Intraday,False,True,,"✔️Je vends Nasdaq100 13155  ⏎ ❌SL 13183 ⏎ ✅TP1 13116 ⏎ ✅TP2 12978 ⏎  ⏎ 🎯Ratio : 5,5/1  ⏎  ⏎ 📊Type de trade : Intraday"
1243,messages2.html,2023-05-04T14:51:52+00:00,GBP/CHF,GBPCHF,False,BUY,keyword,1.1148,1.10732,1.12435,1.13001,1.13811,,3,3.0,Swing Trading,True,True,,"✔️J’achète GBP/CHF 1,11480  ⏎ ❌SL 1,10732 ⏎ ✅TP1 1,12435 ⏎ ✅TP2 1,13001 ⏎ ✅TP3 1,13811 ⏎  ⏎ 🎯Ratio : 3/1  ⏎  ⏎ 📊Type de trade : Swing Trading"
1245,messages2.html,2023-05-04T15:17:30+00:00,SOL/USDT,SOLUSDT,False,SELL,keyword,21.89,22.63,21.29,20.88,19.81,,3,3.5,Swing Trading / Intraday,True,True,,"✔️Je vends SOL/USDT 21,89 ⏎ ❌SL 22,63 ⏎ ✅TP1 21,29  ⏎ ✅TP2 20,88 ⏎ ✅TP3 19,81  ⏎  ⏎ 🎯Ratio : 3,5/1  ⏎  ⏎ 📊Type de trade : Swing Trading / Intraday"
1253,messages2.html,2023-05-08T17:20:07+00:00,ETH/USDT,ETHUSD,True,SELL,keyword,1861.2,1875.9,1838.71,1812.13,,,2,3.5,Intraday,True,True,,"✔️Je vends ETH/USDT 1861,2 ⏎ ❌SL 1875,9 ⏎ ✅TP1 1838,71 ⏎ ✅TP2 1812,13 ⏎  ⏎ 🎯Ratio : 3,5/1 ⏎  ⏎ 📊Type de trade : Intraday"
1257,messages2.html,2023-05-09T14:10:01+00:00,USD/CAD,USDCAD,False,BUY,keyword,1.3396,1.32874,1.35824,1.37228,,,2,3.6,Swing Trading,True,True,,"✔️J’achète USD/CAD 1,33960 ⏎ ❌SL 1,32874 ⏎ ✅TP1 1,35824 ⏎ ✅TP2 1,37228 ⏎  ⏎ 🎯Ratio : 3,6/1  ⏎  ⏎ 📊Type de trade : Swing Trading"
1259,messages2.html,2023-05-09T15:42:41+00:00,nasdaq100,US100,False,BUY,keyword,13235.0,13219.0,13261.0,13287.0,,,2,3.5,Intraday,False,True,,"✔️J’achète Nasdaq100 13235 ⏎ ❌SL 13219 ⏎ ✅TP1 13261 ⏎ ✅TP2 13287 ⏎  ⏎ 🎯Ratio : 3,5/1  ⏎  ⏎ 📊Type de trade : Intraday"
1263,messages2.html,2023-05-10T13:47:31+00:00,nasdaq100,US100,False,SELL,keyword,13322.0,13347.0,13273.0,13210.0,,,2,3.5,Intraday / Scalping,False,True,,"✔️Je vends Nasdaq100 13322 ⏎ ❌SL 13347 ⏎ ✅TP1 13273 ⏎ ✅TP2 13210 ⏎  ⏎ 🎯Ratio : 3,5/1  ⏎  ⏎ 📊Type de trade : Intraday / Scalping"
1266,messages2.html,2023-05-10T14:18:00+00:00,gold,XAUUSD,True,SELL,keyword,2038.4,2068.04,2005.0,1973.0,1895.0,,3,5.3,Swing trading,True,True,,"✔️Je vends le Gold 2038,4 ⏎ ❌SL 2068,04 ⏎ ✅TP1 2005 ⏎ ✅TP2 1973 ⏎ ✅TP3 1895 ⏎  ⏎ 🎯Ratio : 5,3/1  ⏎  ⏎ 📊Type de trade : Swing trading"
1268,messages2.html,2023-05-10T15:39:17+00:00,dow,US30,True,SELL,keyword,33498.0,33684.0,33219.0,32800.0,,,2,4.0,Intraday / Swing trading,True,True,,✔️Je vends le Dow Jones (US30) 33498 ⏎ ❌SL 33684 ⏎ ✅TP1 33219 ⏎ ✅TP2 32800 ⏎  ⏎ 🎯Ratio : 4/1  ⏎  ⏎ 📊Type de trade : Intraday / Swing trading
1270,messages2.html,2023-05-10T17:50:08+00:00,nasdaq100,US100,False,SELL,keyword,13300.0,13366.0,13219.0,13087.0,,,2,3.5,Intraday / Swing Trading,True,True,,"✔️Je vends le Nasdaq100 13300 ⏎ ❌SL 13366 ⏎ ✅TP1 13219 ⏎ ✅TP2 13087 ⏎  ⏎ 🎯Ratio : 3,5/1  ⏎  ⏎ 📊Type de trade : Intraday / Swing Trading"
1274,messages2.html,2023-05-11T16:00:19+00:00,ADA/USDT,ADAUSDT,False,SELL,keyword,0.354,0.3866,0.3304,0.3036,0.2656,,3,3.0,Swing Trading,True,True,,"✔️Je vends la cryptomonnaie ADA/USDT 0,3540 ⏎ ❌SL 0,3866 ⏎ ✅TP1 0,3304 ⏎ ✅TP2 0,3036 ⏎ ✅TP3 0,2656 ⏎  ⏎ 🎯Ratio : 3/1  ⏎  ⏎ 📊Type de trade : Swing Trading  ⏎  ⏎ 👉🏼Possibilité de renforcer la position en cas de pullback"
1283,messages2.html,2023-05-15T14:48:25+00:00,nasdaq100,US100,False,SELL,keyword,13363.0,13386.0,13343.0,13305.0,,,2,3.4,Intraday,False,True,,"✔️Je vends le Nasdaq100 13363 ⏎ ❌SL 13386 ⏎ ✅TP1 13343 ⏎ ✅TP2 13305 ⏎  ⏎ 🎯Ratio : 3,4/1  ⏎  ⏎ 📊Type de trade : Intraday"
1290,messages2.html,2023-05-16T14:54:21+00:00,AUD/JPY,AUDJPY,True,SELL,keyword,91.0,91.334,90.623,90.113,,,2,3.5,Intraday,True,True,,"✔️Je vends AUD/JPY 91,00 ⏎ ❌SL 91,334 ⏎ ✅TP1 90,623 ⏎ ✅TP2 90,113 ⏎  ⏎ 🎯Ratio : 3,5/1  ⏎  ⏎ 📊Type de trade : Intraday"
1291,messages2.html,2023-05-16T15:04:19+00:00,nasdaq100,US100,False,SELL,keyword,13434.0,13454.0,13411.0,13379.0,,,2,4.0,Intraday,False,True,,✔️Je vends Nasdaq100 13434 ⏎ ❌SL 13454 ⏎ ✅TP1 13411 ⏎ ✅TP2 13379 ⏎  ⏎ 🎯Ratio : 4/1  ⏎  ⏎ 📊Type de trade : Intraday
1294,messages2.html,2023-05-16T15:24:39+00:00,petrole,USOIL,True,SELL,keyword,71.4,71.89,70.334,68.898,,,2,4.5,Intraday / Swing Trading,True,True,,"✔️Je vends le Pétrole 71,400 ⏎ ❌SL 71,890 ⏎ ✅TP1 70,334 ⏎ ✅TP2 68,898 ⏎  ⏎ 🎯Ratio : 4,5/1  ⏎  ⏎ 📊Type de trade : Intraday / Swing Trading"
1301,messages2.html,2023-05-17T13:43:37+00:00,CAD/CHF,CADCHF,False,BUY,keyword,0.668,0.65992,0.67438,0.68095,0.69309,,3,3.2,Swing Trading,True,True,,"✔️J’achète CAD/CHF 0,66800 ⏎ ❌SL 0,65992 ⏎ ✅TP1 0,67438 ⏎ ✅TP2 0,68095 ⏎ ✅TP3 0,69309 ⏎  ⏎ 🎯Ratio : 3,2/1  ⏎  ⏎ 📊Type de trade : Swing Trading"
1305,messages2.html,2023-05-17T15:34:43+00:00,wti,USOIL,True,SELL,keyword,71.596,72.37,70.68,68.73,,,2,4.6,Swing trading / Intraday,True,True,,"✔️Je vends le Pétrole (WTI) 71,596 ⏎ ❌SL 72,37 ⏎ ✅TP1 70,68 ⏎ ✅TP2 68,73 ⏎  ⏎ 🎯Ratio : 4,6/1  ⏎  ⏎ 📊Type de trade : Swing trading / Intraday"
1322,messages2.html,2023-05-19T14:42:38+00:00,nasdaq100,US100,False,BUY,keyword,13870.0,13833.0,13902.0,13954.0,,,2,,,False,True,,✔️J’achète le Nasdaq100 13870 ⏎ ❌SL 13833 ⏎ ✅TP1 13902 ⏎ ✅TP2 13954
1326,messages2.html,2023-05-19T15:20:53+00:00,nasdaq100,US100,False,BUY,keyword,13843.0,13808.0,13885.0,13939.0,,,2,3.0,Intraday,True,True,,✔️J’achète le Nasdaq100 13843 ⏎ ❌SL 13808 ⏎ ✅TP1 13885 ⏎ ✅TP2 13939 ⏎  ⏎ 🎯Ratio : 3/1  ⏎  ⏎ 📊Type de trade : Intraday
1328,messages2.html,2023-05-19T16:05:06+00:00,CAD/CHF,CADCHF,False,BUY,keyword,0.66793,0.66586,0.6707,0.674,,,2,3.7,Intraday,True,True,,"✔️J’achète CAD/CHF (nouvelle position court terme) 0,66793 ⏎ ❌SL 0,66586 ⏎ ✅TP1 0,67070 ⏎ ✅TP2 0,67400 ⏎  ⏎ 🎯Ratio : 3,7/1  ⏎  ⏎ 📊Type de trade : Intraday"
1333,messages2.html,2023-05-22T14:18:33+00:00,GBP/CAD,GBPCAD,False,SELL,keyword,1.681,1.6842,1.67649,1.67232,,,2,,Intraday,True,True,,"✔️Je vends GBP/CAD 1,68100 ⏎ ❌SL 1,68420 ⏎ ✅TP1 1,67649 ⏎ ✅TP2 1,67232 ⏎  ⏎ 🎯Ratio gain/perte : 3/1  ⏎  ⏎ 📊Type de trade : Intraday"
1337,messages2.html,2023-05-23T12:56:35+00:00,USD/CHF,USDCHF,True,BUY,keyword,0.9013,0.89175,0.908,0.91357,0.93,,3,3.2,Swing trading,True,True,,"✔️J’achète USD/CHF 0,90130 ⏎ ❌SL 0,89175 ⏎ ✅TP1 0,90800 ⏎ ✅TP2 0,91357 ⏎ ✅TP3 0,93000 ⏎  ⏎ 🎯Ratio : 3,2/1 ⏎  ⏎ 📊Type de trade : Swing trading"
1341,messages2.html,2023-05-23T15:03:36+00:00,nasdaq100,US100,False,SELL,keyword,13829.0,13852.0,13790.0,13740.0,,,2,4.0,Intraday,True,True,,✔️Je vends le Nasdaq100 13829 ⏎ ❌SL 13852 ⏎ ✅TP1 13790 ⏎ ✅TP2 13740 ⏎  ⏎ 🎯Ratio : 4/1  ⏎  ⏎ 📊Type de trade : Intraday
1346,messages2.html,2023-05-24T15:05:42+00:00,CHF/JPY,CHFJPY,False,SELL,keyword,153.47,153.838,153.114,152.355,,,2,3.0,Intraday,True,True,,"✔️Je vends CHF/JPY 153,470 ⏎ ❌SL 153,838 (37 pips)  ⏎ ✅TP1 153,114 (37 pips) ⏎ ✅TP2 152,355 (111 pips)  ⏎  ⏎ 🎯Ratio : 3/1  ⏎  ⏎ 📊Type de trade : Intraday"
1352,messages2.html,2023-05-25T11:09:18+00:00,EUR/GBP,EURGBP,False,SELL,keyword,0.86698,0.87173,0.86257,0.85655,,,2,3.0,Swing Trading,True,True,,"✔️Je vends la paire EUR/GBP 0,86698 ⏎ ❌SL 0,87173 (26,4 pips) ⏎ ✅TP1 0,86257 (65,2 pips) ⏎ ✅TP2 0,85655 (125,4 pips) ⏎  ⏎ 🎯Ratio : 3/1  ⏎  ⏎ 📊Type de trade : Swing Trading"
1354,messages2.html,2023-05-25T13:44:03+00:00,nasdaq100,US100,False,SELL,keyword,13931.0,13960.0,13859.0,13790.0,,,2,3.0,Intraday,False,True,,✔️Je vends Nasdaq100 13931 ⏎ ❌SL 13960 ⏎ ✅TP1 13859 ⏎ ✅TP2 13790 ⏎  ⏎ 🎯Ratio : 3/1  ⏎  ⏎ 📊Type de trade : Intraday
1358,messages2.html,2023-05-25T14:37:39+00:00,BTC/USDT,BTCUSD,True,SELL,keyword,26350.0,26555.0,26142.0,25810.0,,,2,3.5,Swing trading / Intraday,True,True,,"✔️Je vends BTC/USDT 26350 ⏎ ❌SL 26555 ⏎ ✅TP1 26142 ⏎ ✅TP2 25810 ⏎  ⏎ 🎯Ratio : 3,5/1  ⏎  ⏎ 📊Type de trade : Swing trading / Intraday"
1362,messages2.html,2023-05-26T10:00:45+00:00,GBP/AUD,GBPAUD,False,SELL,keyword,1.89423,1.8743,1.89046,1.88473,,,2,3.0,Intraday,True,False,SL<=entry pour SELL,"✔️Je vends GBP/AUD 1,89423 ⏎ ❌SL 1,8743 (32 pips)  ⏎ ✅TP1 1,89046 (38 pips)  ⏎ ✅TP2 1,88473 (97,5 pips) ⏎  ⏎ 🎯Ratio : 3/1  ⏎  ⏎ 📊Type de trade : Intraday"
1364,messages2.html,2023-05-26T14:26:01+00:00,EUR/USD,EURUSD,True,SELL,keyword,1.07318,1.0764,1.06902,1.06382,,,2,,Intraday / Swing Trading,True,True,,"✔️Je vends la paire EUR/USD 1,07318 ⏎ ❌SL 1,07640 (32 pips) ⏎ ✅TP1 1,06902 (40 pips)  ⏎ ✅TP2 1,06382 (97 pips)  ⏎  ⏎ 🎯Ratio gains/pertes : 3/1  ⏎  ⏎ 📊Type de trade : Intraday / Swing Trading"
1370,messages2.html,2023-05-29T13:25:15+00:00,NZD/CAD,NZDCAD,False,BUY,keyword,0.82405,0.82285,0.82519,0.827,,,2,3.0,Intraday,True,True,,"✔️J’achète NZD/CAD 0,82405 ⏎ ❌SL 0,82285 ⏎ ✅TP1 0,82519 ⏎ ✅TP2 0,82700 ⏎  ⏎ 🎯Ratio : 3/1  ⏎  ⏎ 📊Type de trade : Intraday"
1373,messages2.html,2023-05-29T15:52:29+00:00,CAD/CHF,CADCHF,False,BUY,keyword,0.6648,0.66246,0.66809,0.6719,,,2,3.0,Swing Trading,True,True,,"✔️J’achète CAD/CHF 0,66480 ⏎ ❌SL 0,66246 ⏎ ✅TP1 0,66809 ⏎ ✅TP2 0,67190 ⏎  ⏎ 🎯Ratio : 3/1  ⏎  ⏎ 📊Type de trade : Swing Trading"
1377,messages2.html,2023-05-30T13:02:24+00:00,ETH/USDT,ETHUSD,True,BUY,keyword,1913.7,1863.14,1997.01,,,,1,,Swing Trading,True,True,,"✔️J’achète ETH/USDT 1913,70 ⏎ ❌SL 1863,14 ⏎ ✅TP1 1997,01 ⏎ ✅TP1 2117,02  ⏎  ⏎ 🎯Ratio gains/pertes : 4/1  ⏎  ⏎ 📊Type de trade : Swing Trading"
1379,messages2.html,2023-05-30T13:32:55+00:00,EUR/AUD,EURAUD,False,SELL,keyword,1.64047,1.64672,1.63171,1.61565,,,2,3.5,Swing Trading,True,True,,"✔️Je vends EUR/AUD 1,64047 ⏎ ❌SL 1,64672 (66 pips) ⏎ ✅TP1 1,63171 (82 pips) ⏎ ✅TP2 1,61565 (244 pips) ⏎  ⏎ 🎯Ratio : 3,5/1  ⏎  ⏎ 📊Type de trade : Swing Trading"
1381,messages2.html,2023-05-30T13:42:23+00:00,petrole,USOIL,True,SELL,keyword,71.84,73.98,68.86,65.02,,,2,3.0,Swing Trading,True,True,,"✔️Je vends le Pétrole 71,84 ⏎ ❌SL  73,98 ⏎ ✅TP1 68,86 ⏎ ✅TP2 65,02 ⏎  ⏎ 🎯Ratio : 3/1  ⏎  ⏎ 📊Type de trade : Swing Trading"
1382,messages2.html,2023-05-30T14:51:08+00:00,nasdaq100,US100,False,SELL,keyword,14486.0,14534.0,14447.0,14376.0,,,2,2.5,Intraday / Scalping,False,True,,"✔️Je vends Nasdaq100 14486 ⏎ ❌SL 14534 ⏎ ✅TP1 14447 ⏎ ✅TP2 14376 ⏎  ⏎ 🎯Ratio : 2,5/1  ⏎  ⏎ 📊Type de trade : Intraday / Scalping"
1386,messages2.html,2023-05-30T15:48:49+00:00,nasdaq100,US100,False,SELL,keyword,14410.0,14431.0,14355.0,14286.0,,,2,,,True,True,,✔️Je vends le Nasdaq100 14410 ⏎ ❌SL 14431 ⏎ ✅TP1 14355 ⏎ ✅TP2 14286
1393,messages2.html,2023-05-31T14:41:18+00:00,CAD/JPY,CADJPY,False,BUY,keyword,102.6,102.088,103.51,104.4,,,2,3.0,Swing Trading / Intraday,True,True,,"✔️J’achète CAD/JPY 102,600 ⏎ ❌SL 102,088 (56 pips)  ⏎ ✅TP1 103,510 (86 pips)  ⏎ ✅TP2 104,40 (170 pips)  ⏎  ⏎ 🎯Ratio : 3/1  ⏎  ⏎ 📊Type de trade : Swing Trading / Intraday"
1399,messages2.html,2023-06-01T14:07:41+00:00,EUR/USD,EURUSD,True,BUY,keyword,1.0707,1.06146,1.07816,1.08338,1.09867,,3,3.0,Swing Trading,True,True,,"✔️J’achète EUR/USD 1,07070 ⏎ ❌SL 1,06146 (90 pips)  ⏎ ✅TP1 1,07816 (75 pips) ⏎ ✅TP2 1,08338 (138 pips)  ⏎ ✅TP3 1,09867 (280 pips)  ⏎  ⏎ 🎯Ratio : 3/1  ⏎  ⏎ 📊Type de trade : Swing Trading"
1404,messages2.html,2023-06-02T15:41:01+00:00,ETH/USDT,ETHUSD,True,BUY,keyword,1884.0,1800.0,1984.0,2115.0,,,2,3.0,Swing trading,True,True,,✔️J’achète ETH/USDT 1884 ⏎ ❌SL 1800 ⏎ ✅TP1 1984 ⏎ ✅TP2 2115  ⏎  ⏎ 🎯Ratio : 3/1  ⏎  ⏎ 📊Type de trade : Swing trading
1410,messages2.html,2023-06-05T13:02:23+00:00,AUD/CAD,AUDCAD,False,SELL,keyword,0.88587,0.89,0.88044,0.87287,,,2,3.0,Swing trading / Intraday,True,True,,"✔️Je vends la paire AUD/CAD 0,88587 ⏎ ❌SL 0,89000 ⏎ ✅TP1 0,88044 ⏎ ✅TP2 0,87287 ⏎  ⏎ 🎯Ratio : 3/1  ⏎  ⏎ 📊Type de trade : Swing trading / Intraday  ⏎  ⏎ 👉🏼Je renforcerais ma position en cas de retour sur la trendline baissière"
1412,messages2.html,2023-06-05T13:13:13+00:00,EUR/NZD,EURNZD,False,SELL,keyword,1.76665,1.76945,1.76353,1.75872,,,2,3.0,Intraday,True,True,,"✔️Je vends EUR/NZD 1,76665 ⏎ ❌SL 1,76945 ⏎ ✅TP1 1,76353 ⏎ ✅TP2 1,75872 ⏎  ⏎ 🎯Ratio : 3/1  ⏎  ⏎ 📊Type de trade : Intraday"
1414,messages2.html,2023-06-05T17:46:13+00:00,AUD/CAD,AUDCAD,False,SELL,geometry,0.88891,0.89235,0.8853,0.87886,,,2,3.0,Swing trading / Intraday,True,True,,"✔️Je reprends une position vendeuse sur AUD/CAD 0,88891 ⏎ ❌SL 0,89235 ⏎ ✅TP1 0,88530 ⏎ ✅TP2 0,87886 ⏎  ⏎ 🎯Ratio : 3/1  ⏎  ⏎ 📊Type de trade : Swing trading / Intraday"
1418,messages2.html,2023-06-06T14:42:20+00:00,USD/CAD,USDCAD,False,BUY,keyword,1.34465,1.33695,1.35072,1.35762,1.38005,,3,5.0,Swing Trading,True,True,,✔️J’achète USD/CAD 1.34465 ⏎ ❌SL 1.33695 (70 pips)  ⏎ ✅TP1 1.35072 (66 pips)  ⏎ ✅TP2 1.35762 (135 pips)  ⏎ ✅TP3 1.38005 (360 pips)  ⏎  ⏎ 🎯Ratio : 5/1  ⏎  ⏎ 📊Type de trade : Swing Trading
1420,messages2.html,2023-06-06T15:31:41+00:00,EUR/CHF,EURCHF,False,BUY,keyword,0.9709,0.96596,0.97597,0.98145,1.00083,,3,,Swing Trading,True,True,,"✔️J’achète EUR/CHF 0,97090 ⏎ ❌SL 0,96596 (48 pips) ⏎ ✅TP1 0,97597 (50 pips) ⏎ ✅TP2 0,98145 118 pips) ⏎ ✅TP3 1,00083 (309 pips)  ⏎  ⏎ 🎯Ratio gains/pertes : 6/1  ⏎  ⏎ 📊Type de trade : Swing Trading"
1422,messages2.html,2023-06-06T16:54:09+00:00,nasdaq100,US100,False,BUY,keyword,14575.0,14545.0,14615.0,14663.0,,,2,3.0,Intraday,True,True,,✔️J’achète le Nasdaq100 14575 ⏎ ❌SL 14545 ⏎ ✅TP1 14615  ⏎ ✅TP2 14663  ⏎  ⏎ 🎯Ratio : 3/1  ⏎  ⏎ 📊Type de trade : Intraday
1424,messages2.html,2023-06-07T15:23:21+00:00,dow,US30,True,SELL,keyword,33598.0,33651.0,33520.0,33410.0,,,2,4.0,Intraday,True,True,,✔️Je vends le Dow Jones 33598 ⏎ ❌SL 33651 ⏎ ✅TP1 33520 ⏎ ✅TP2 33410 ⏎  ⏎ 🎯Ratio : 4/1  ⏎  ⏎ 📊Type de trade : Intraday
1428,messages2.html,2023-06-08T13:48:46+00:00,AUD/JPY,AUDJPY,True,SELL,keyword,93.329,93.536,93.038,92.596,,,2,4.0,,True,True,,"✔️Je vends la paire AUD/JPY 93,329 ⏎ ❌SL 93,536 (22 pips)  ⏎ ✅TP1 93,038 (31 pips) ⏎ ✅TP2 92,596 (75 pips)  ⏎  ⏎ 🎯Ratio : 4/1  ⏎  ⏎ 📊Type de trading : Intraday / Swing trading"
1430,messages2.html,2023-06-08T14:41:15+00:00,nasdaq100,US100,False,BUY,keyword,14350.0,14253.0,14461.0,14641.0,,,2,3.0,Intraday,False,True,,✔️J’achète le Nasdaq100 14350 ⏎ ❌SL 14253 ⏎ ✅TP1 14461 ⏎ ✅TP2 14641 ⏎  ⏎ 🎯Ratio : 3/1  ⏎  ⏎ 📊Type de trade : Intraday
1441,messages2.html,2023-06-12T15:15:21+00:00,nasdaq100,US100,False,SELL,keyword,14598.0,14617.0,14574.0,14537.0,,,2,,Intraday / Scalping,False,True,,✔️Je vends Nasdaq100 14598 ⏎ ❌SL 14617 ⏎ ✅TP1 14574 ⏎ ✅TP2 14537 ⏎  ⏎ 🎯Ratio gains/pertes : 3/1  ⏎  ⏎ 📊Type de trade : Intraday / Scalping
1442,messages2.html,2023-06-12T15:30:11+00:00,nasdaq,US100,False,SELL,geometry,14614.0,14628.0,14596.0,14558.0,,,2,4.0,Intraday / Scalping,True,True,,✔️Je reprends une position sur le Nasdaq 14614 ⏎ ❌SL 14628 ⏎ ✅TP1 14596 ⏎ ✅TP2 14558 ⏎  ⏎ 🎯Ratio : 4/1 ⏎  ⏎ 📊Type de trade : Intraday / Scalping
1445,messages2.html,2023-06-12T17:30:30+00:00,AUD/JPY,AUDJPY,True,SELL,keyword,94.246,94.347,94.142,93.983,,,2,,Intraday,True,True,,"✔️Je vends AUD/JPY 94,246 ⏎ ❌SL 94,347 ⏎ ✅TP1 94,142 ⏎ ✅TP2 93,983 ⏎  ⏎ 🎯Ratio gains/pertes : 3/1  ⏎  ⏎ 📊Type de trade : Intraday"
1455,messages2.html,2023-06-13T13:48:39+00:00,AUD/CHF,AUDCHF,False,BUY,keyword,0.61479,0.61179,0.61782,0.62111,,,2,2.0,Intraday,True,True,,"✔️J’achète AUD/CHF 0,61479 ⏎ ❌SL 0,61179 (30 pips)  ⏎ ✅TP1 0,61782 (30 pips) ⏎ ✅TP2 0,62111 (63 pips)  ⏎  ⏎  ⏎ 🎯Ratio : 2/1  ⏎  ⏎ 📊Type de trade : Intraday"
1457,messages2.html,2023-06-13T15:08:37+00:00,ger30,GER30,True,SELL,keyword,16196.0,16217.0,16162.0,16119.0,,,2,3.5,Intraday,True,True,,"✔️Je vends le GER30 (DAX30) 16196 ⏎ ❌SL 16217 ⏎ ✅TP1 16162 ⏎ ✅TP2 16119 ⏎  ⏎ 🎯Ratio : 3,5/1  ⏎  ⏎ 📊Type de trade : Intraday"
1460,messages2.html,2023-06-13T15:36:30+00:00,ger30,GER30,True,BUY,keyword,16205.0,16185.0,16240.0,16270.0,,,2,3.0,Intraday,False,True,,✔️J’achète le GER30 16205 ⏎ ❌SL 16185 ⏎ ✅TP1 16240 ⏎ ✅TP2 16270 ⏎  ⏎ 🎯Ratio : 3/1  ⏎  ⏎ 📊Type de trade : Intraday
1461,messages2.html,2023-06-13T16:38:26+00:00,nasdaq100,US100,False,SELL,keyword,14893.0,14948.0,14832.0,14712.0,,,2,3.0,Intraday,True,True,,✔️Je vends le Nasdaq100 14893 ⏎ ❌SL 14948 ⏎ ✅TP1 14832 ⏎ ✅TP2 14712 ⏎  ⏎ 🎯Ratio : 3/1  ⏎  ⏎ 📊Type de trade : Intraday
1469,messages2.html,2023-06-14T14:50:58+00:00,nasdaq100,US100,False,BUY,keyword,14920.0,14870.0,14976.0,15030.0,,,2,3.0,Intraday,False,True,,✔️J’achète le Nasdaq100 14920 ⏎ ❌SL 14870 ⏎ ✅TP1 14976 ⏎ ✅TP2 15030 ⏎  ⏎ 🎯Ratio : 3/1  ⏎  ⏎ 📊Type de trade : Intraday
1475,messages2.html,2023-06-15T14:39:04+00:00,NZD/CAD,NZDCAD,False,BUY,keyword,0.8243,0.82074,0.82978,0.8345,,,2,,Intraday,True,True,,"✔️J’achète la paire NZD/CAD 0,82430 ⏎ ❌SL 0,82074 (35 pips)  ⏎ ✅TP1 0,82978 (46 pips)  ⏎ ✅TP2 0,83450 (102 pips)  ⏎  ⏎ 🎯Ratio gains/pertes : 3/1  ⏎  ⏎ 📊Type de trade : Intraday"
1478,messages2.html,2023-06-16T13:53:09+00:00,AUD/CAD,AUDCAD,False,SELL,keyword,0.9087,0.91177,0.90552,0.899,,,2,3.0,Intraday / Swing Trading,True,True,,"✔️Je vends AUD/CAD 0,90870 ⏎ ❌SL 0,91177 (30 pips)  ⏎ ✅TP1 0,90552 (35 pips)  ⏎ ✅TP2 0,8990 (90 pips) ⏎  ⏎ 🎯Ratio : 3/1  ⏎  ⏎ 📊Type de trade : Intraday / Swing Trading"
1481,messages2.html,2023-06-16T15:48:40+00:00,nasdaq100,US100,False,SELL,keyword,12195.0,15227.0,15157.0,15112.0,,,2,3.0,Intraday,True,False,TP>=entry pour SELL,✔️Je vends le Nasdaq100 12195 ⏎ ❌SL 15227 ⏎ ✅TP1 15157 ⏎ ✅TP2 15112  ⏎  ⏎ 🎯Ratio : 3/1  ⏎  ⏎ 📊Type de trade : Intraday
1490,messages2.html,2023-06-19T13:23:41+00:00,EUR/CHF,EURCHF,False,BUY,geometry,0.9776,0.97069,0.98421,0.98872,0.99832,,3,3.0,Swing Trading,True,True,,"✔️Je renforce ma position sur EUR/CHF 0,97760 ⏎ ❌SL 0,97069 (70 pips)  ⏎ ✅TP1 0,98421 (70 pips) ⏎ ✅TP2 0,98872 (110 pips) ⏎ ✅TP3 0,99832 (212 pips)  ⏎  ⏎ 🎯Ratio : 3/1  ⏎  ⏎ 📊Type de trade : Swing Trading"
1492,messages2.html,2023-06-19T14:49:26+00:00,AUD/CHF,AUDCHF,False,BUY,keyword,0.6137,0.61046,0.61676,0.62231,,,2,2.8,Intraday / Swing Trading,True,True,,"✔️J’achète la paire AUD/CHF 0,61370 ⏎ ❌SL 0,61046 (32 pips)  ⏎ ✅TP1 0,61676 (32 pips)  ⏎ ✅TP2 0,62231 (87 pips)  ⏎  ⏎ 🎯Ratio : 2,8/1  ⏎  ⏎ 📊Type de trade : Intraday / Swing Trading"
1496,messages2.html,2023-06-20T14:46:31+00:00,EUR/USD,EURUSD,True,SELL,keyword,1.09144,1.09366,1.08766,1.08305,,,2,3.5,Intraday,True,True,,"✔️Je vends EUR/USD 1.09144 ⏎ ❌SL 1.09366 (23 pips)  ⏎ ✅TP1 1.08766 (37 pips) ⏎ ✅TP2 1.08305 (83 pips)  ⏎  ⏎ 🎯Ratio : 3,5/1  ⏎  ⏎ 📊Type de trade : Intraday"
1501,messages2.html,2023-06-21T15:36:21+00:00,USD/CHF,USDCHF,True,SELL,keyword,0.8967,0.90081,0.891,0.88258,,,2,3.0,Intraday / Swing trading,True,True,,"✔️Je vends USD/CHF 0,89670 ⏎ ❌SL 0,90081 ⏎ ✅TP1 0,89100 ⏎ ✅TP2 0,88258 ⏎  ⏎  🎯Ratio : 3/1  ⏎  ⏎ 📊Type de trade : Intraday / Swing trading"
1503,messages2.html,2023-06-21T15:57:28+00:00,EUR/GBP,EURGBP,False,BUY,keyword,0.3603,0.85065,0.86953,0.87375,0.88725,,3,3.0,Swing trading,True,False,SL>=entry pour BUY; SL hors plage (x2.36); TP1 hors plage (x2.41); TP2 hors plage (x2.43); TP3 hors plage (x2.46),"✔️J’achète EUR/GBP 0,36030 ⏎ ❌SL 0,85065 (90 pips) ⏎ ✅TP1 0,86953 (97 pips)  ⏎ ✅TP2 0,87375 (140 pips)  ⏎ ✅TP3 0,88725 (277 pips)  ⏎  ⏎ 🎯Ratio : 3/1  ⏎  ⏎ 📊Type de trade : Swing trading"
1506,messages2.html,2023-06-21T16:13:35+00:00,gold,XAUUSD,True,SELL,keyword,1930.0,1935.0,1924.0,1914.0,,,2,3.0,Intraday,True,True,,✔️Je vends le Gold 1930 ⏎ ❌SL 1935 ⏎ ✅TP1 1924 ⏎ ✅TP2 1914 ⏎  ⏎ 🎯Ratio : 3/1  ⏎  ⏎ 📊Type de trade : Intraday
1508,messages2.html,2023-06-21T17:08:28+00:00,nasdaq,US100,False,BUY,keyword,14890.0,14854.0,14940.0,15017.0,,,2,3.5,Intraday,False,True,,"✔️J’achète le Nasdaq 14890 ⏎ ❌SL 14854 ⏎ ✅TP1 14940 ⏎ ✅TP3 15017 ⏎  ⏎ 🎯Ratio : 3,5/1  ⏎  ⏎ 📊Type de trade : Intraday"
1516,messages2.html,2023-06-22T15:33:36+00:00,ger30,GER30,True,BUY,keyword,15968.0,15816.0,16117.0,,,,1,3.0,Swing Trading,True,True,,✔️J’achète le GER30 15968 ⏎ ❌SL 15816  ⏎ ✅TP1 16117 ⏎ ✅TP1 16395 ⏎  ⏎ 🎯Ratio : 3/1  ⏎  ⏎ 📊Type de trade : Swing Trading
1518,messages2.html,2023-06-22T15:48:45+00:00,nasdaq100,US100,False,BUY,keyword,14908.0,14880.0,14967.0,15050.0,,,2,5.0,Intraday,True,True,,✔️J’achète le Nasdaq100 14908 ⏎ ❌SL 14880 ⏎ ✅TP1 14967 ⏎ ✅TP2 15050 ⏎  ⏎ 🎯Ratio : 5/1  ⏎  ⏎ 📊Type de trade : Intraday
1526,messages2.html,2023-07-03T13:28:30+00:00,GBP/AUD,GBPAUD,False,SELL,keyword,1.90595,1.91583,1.89451,1.88423,1.86634,,3,,Swing Trading,True,True,,"✔️Je vends GBP/AUD 1,90595 ⏎ ❌SL 1,91583 (98 pips)  ⏎ ✅TP1 1,89451 (114 pips) ⏎ ✅TP2 1,88423 (217 pips)  ⏎ ✅TP3 1,86634 (396 pips)  ⏎  ⏎ 🎯Ratio gains/pertes : 4/1  ⏎  ⏎ 📊Type de trade : Swing Trading"
1529,messages2.html,2023-07-03T13:47:58+00:00,nasdaq100,US100,False,SELL,keyword,15203.0,15255.0,15127.0,15049.0,,,2,2.86,Intraday / Swing Trading,True,True,,"✔️Je vends le Nasdaq100 15203 ⏎ ❌SL 15255 ⏎ ✅TP1 15127 ⏎ ✅TP2 15049 ⏎  ⏎ 🎯Ratio : 2,86/1  ⏎  ⏎ 📊Type de trade : Intraday / Swing Trading"
1532,messages2.html,2023-07-04T14:35:05+00:00,AUD/JPY,AUDJPY,True,BUY,keyword,96.589,95.782,97.713,99.023,,,2,3.0,Swing Trading,True,True,,"✔️J’achète la paire AUD/JPY 96,589 ⏎ ❌SL 95,782 (80 pips)  ⏎ ✅TP1 97,713 (112 pips)  ⏎ ✅TP2 99,023 (243 pips)  ⏎  ⏎ 🎯Ratio : 3/1 ⏎  ⏎ 📊Type de trade : Swing Trading"
1534,messages2.html,2023-07-04T15:10:06+00:00,nasdaq,US100,False,SELL,keyword,15224.0,15235.0,15200.0,15150.0,,,2,6.0,Intraday / Swing trading,True,True,,✔️Je vends le Nasdaq 15224  ⏎ ❌SL 15235  ⏎ ✅TP1 15200 ⏎ ✅TP2 15150 ⏎  ⏎ 🎯Ratio : 6/1  ⏎  ⏎ 📊Type de trade : Intraday / Swing trading
1540,messages2.html,2023-07-05T13:11:34+00:00,GBP/CHF,GBPCHF,False,BUY,keyword,1.1414,1.12763,1.15792,1.17527,1.2194,,3,,Swing Trading,True,True,,"✔️J’achète GBP/CHF 1.14140 ⏎ ❌SL 1.12763 ⏎ ✅TP1 1.15792 ⏎ ✅TP2 1.17527 ⏎ ✅TP3 1.21940 ⏎  ⏎ 🎯Ratio gains/pertes : 5,50/1  ⏎  ⏎ 📊Type de trade : Swing Trading"
1543,messages2.html,2023-07-05T13:33:00+00:00,EUR/CAD,EURCAD,False,BUY,keyword,1.4456,1.43494,1.46003,1.48315,,,2,3.5,Swing Trading,True,True,,"✔️J’achète la paire EUR/CAD 1.44560 ⏎ ❌SL 1.43494 (110 pips) ⏎ ✅TP1 1.46003 (150 pips) ⏎ ✅TP2 1.48315 (381 pips)  ⏎  ⏎ 🎯Ratio : 3,5/1  ⏎  ⏎ 📊Type de trade : Swing Trading"
1545,messages2.html,2023-07-05T15:49:39+00:00,nasdaq,US100,False,SELL,keyword,15250.0,15285.0,15216.0,15171.0,,,2,2.5,Intraday,True,True,,"✔️Je vends le Nasdaq 15250 ⏎ ❌SL 15285 ⏎ ✅TP1 15216 ⏎ ✅TP2 15171  ⏎  ⏎ 🎯Ratio : 2,5/1  ⏎  ⏎ 📊Type de trade : Intraday"
1551,messages2.html,2023-07-06T21:17:55+00:00,EUR/GBP,EURGBP,False,BUY,geometry,0.85453,0.85166,0.8581,0.8623,0.86866,,3,4.0,Swing Trading,True,True,,"✔️Je renforce ma position sur EUR/GBP 0,85453 ⏎ ❌SL 0,85166 ⏎ ✅TP1 0,85810 ⏎ ✅TP2 0,86230 ⏎ ✅TP3 0,86866 ⏎  ⏎ 🎯Ratio : 4/1  ⏎  ⏎ 📊Type de trade : Swing Trading"
1555,messages2.html,2023-07-07T14:29:05+00:00,GBP/CHF,GBPCHF,False,SELL,keyword,1.141,1.14433,1.13711,1.13188,,,2,3.0,Intraday,True,True,,✔️Je vends la paire GBP/CHF 1.14100 ⏎ ❌SL 1.14433 ⏎ ✅TP1 1.13711 ⏎ ✅TP2 1.13188 ⏎  ⏎ 🎯Ratio : 3/1  ⏎  ⏎ 📊Type de trade : Intraday
1557,messages2.html,2023-07-07T14:44:03+00:00,nasdaq100,US100,False,SELL,keyword,15090.0,15120.0,15050.0,14982.0,,,2,4.5,Scalping / Intraday,True,True,,"✔️Je vends le Nasdaq100 15090 ⏎ ❌SL 15120 ⏎ ✅TP1 15050 ⏎ ✅TP2 14982 ⏎  ⏎ 🎯Ratio : 4,5/1  ⏎  ⏎ 📊Type de trade : Scalping / Intraday"
1559,messages2.html,2023-07-07T15:21:03+00:00,nasdaq,US100,False,SELL,keyword,15110.0,15150.0,15070.0,14973.0,,,2,3.0,Intraday / Scalping,False,True,,✔️Je reprends une vente sur le Nasdaq 15110 ⏎ ❌SL 15150 ⏎ ✅TP1 15070 ⏎ ✅TP2 14973 ⏎  ⏎ 🎯Ratio : 3/1  ⏎  ⏎ 📊Type de trade : Intraday / Scalping
1567,messages2.html,2023-07-10T15:32:12+00:00,nasdaq,US100,False,SELL,keyword,15050.0,15100.0,15008.0,14910.0,,,2,4.5,Intraday,True,True,,"✔️Je vends le Nasdaq 15050 ⏎ ❌SL 15100 ⏎ ✅TP1 15008 ⏎ ✅TP2 14910 ⏎  ⏎ 🎯Ratio : 4,5/1  ⏎  ⏎ 📊Type de trade : Intraday"
1572,messages2.html,2023-07-11T15:05:37+00:00,gold,XAUUSD,True,BUY,keyword,1933.0,1907.0,1954.0,1967.0,2016.0,,3,,Swing Trading,True,True,,"✔️J’achète le Gold 1933 ⏎ ❌SL 1907 ⏎ ✅TP1 1954 ⏎ ✅TP2 1967 ⏎ ✅TP3 2016  ⏎  ⏎ 🎯Ratio gains/pertes : 3,75/1  ⏎  ⏎ 📊Type de trade : Swing Trading  ⏎  ⏎ 👉🏼Possibilité de renforcer le trade en cas de pullback plus important"
1574,messages2.html,2023-07-11T15:59:54+00:00,nasdaq,US100,False,SELL,keyword,15072.0,15095.0,15017.0,14947.0,,,2,6.75,Intraday,True,True,,"✔️Je vends le Nasdaq 15072 ⏎ ❌SL 15095 ⏎ ✅TP1 15017 ⏎ ✅TP2 14947 ⏎  ⏎ 🎯Ratio : 6,75/1  ⏎  ⏎ 📊Type de trade : Intraday"
1578,messages2.html,2023-07-11T23:23:55+00:00,NZD/CAD,NZDCAD,False,SELL,keyword,0.82,0.8269,0.81365,0.80923,0.79603,,3,3.2,Swing Trading,True,True,,"✔️Je vends la paire NZD/CAD 0,82000 ⏎ ❌SL 0,82690 (73 pips) ⏎ ✅TP1 0,81365 (60 pips)  ⏎ ✅TP2 0,80923 (103 pips) ⏎ ✅TP3 0,79603 (235 pips) ⏎  ⏎ 🎯Ratio : 3,2/1  ⏎  ⏎ 📊Type de trade : Swing Trading"
1583,messages2.html,2023-07-13T15:47:54+00:00,nasdaq,US100,False,SELL,keyword,15470.0,15505.0,15438.0,15400.0,,,2,,,False,True,,✔️Je vends le Nasdaq 15470  ⏎ ❌SL 15505 ⏎ ✅TP1 15438 ⏎ ✅TP2 15400
1587,messages2.html,2023-07-13T17:00:48+00:00,ATOM/USDT,ATOMUSDT,False,BUY,keyword,9.3,8.761,9.953,10.707,,,2,4.0,Swing Trading,True,True,,"✔️J’achète la cryptomonnaie ATOM/USDT 9,300 ⏎ ❌SL 8,761 ⏎ ✅TP1 9,953 ⏎ ✅TP2 10,707 ⏎ ✅TP2 11,634 ⏎  ⏎ 🎯Ratio : 4/1  ⏎  ⏎ 📊Type de trade : Swing Trading"
1590,messages2.html,2023-07-14T10:52:55+00:00,nasdaq100,US100,False,SELL,keyword,15577.0,15630.0,15534.0,15436.0,,,2,3.0,Intraday,True,True,,✔️Je vends le Nasdaq100 15577 ⏎ ❌SL 15630  ⏎ ✅TP1 15534 ⏎ ✅TP2 15436 ⏎  ⏎ 🎯Ratio : 3/1  ⏎  ⏎ 📊Type de trade : Intraday
1592,messages2.html,2023-07-14T17:44:07+00:00,nasdaq,US100,False,SELL,keyword,15665.0,15733.0,15566.0,15441.0,,,2,3.0,Intraday,True,True,,✔️Je reprends une vente sur le Nasdaq 15665  ⏎ ❌SL 15733 ⏎ ✅TP1 15566 ⏎ ✅TP2 15441  ⏎  ⏎ 🎯Ratio : 3/1  ⏎  ⏎ 📊Type de trade : Intraday
1605,messages2.html,2023-07-18T12:48:15+00:00,EUR/USD,EURUSD,True,SELL,keyword,1.125,1.12916,1.12073,1.11371,,,2,,Intraday / Swing Trading,True,True,,"✔️Je vends la paire EUR/USD 1,12500 ⏎ ❌SL 1,12916 (40 pips)  ⏎ ✅TP1 1,12073 ⏎ ✅TP2 1,11371  ⏎  ⏎ 🎯Ratio gains/pertes : 3/1  ⏎  ⏎ 📊Type de trade : Intraday / Swing Trading"
1607,messages2.html,2023-07-18T13:27:35+00:00,GBP/CAD,GBPCAD,False,SELL,keyword,1.73048,1.73761,1.719,1.69583,,,2,5.0,Intraday / Swing Trading,True,True,,"✔️Je vends GBP/CAD 1,73048 ⏎ ❌SL 1,73761 (71 pips)  ⏎ ✅TP1 1,71900 (114 pips) ⏎ ✅TP2 1,69583 (346 pips)  ⏎  ⏎ 🎯Ratio : 5/1  ⏎  ⏎ 📊Type de trade : Intraday / Swing Trading"
1609,messages2.html,2023-07-18T13:36:39+00:00,nasdaq,US100,False,SELL,keyword,15708.0,15763.0,15649.0,15561.0,,,2,3.0,Intraday,True,True,,✔️Je vends le Nasdaq 15708  ⏎ ❌SL 15763 ⏎ ✅TP1 15649 ⏎ ✅TP2 15561  ⏎  ⏎ 🎯Ratio : 3/1  ⏎  ⏎ 📊Type de trade : Intraday
1616,messages2.html,2023-07-19T14:07:11+00:00,GBP/AUD,GBPAUD,False,SELL,keyword,1.90869,1.9317,1.8681,1.81489,,,2,4.0,Swing Trading,True,True,,"✔️Je vends GBP/AUD 1,90869 ⏎ ❌SL 1,93170 (230 pips)  ⏎ ✅TP1 1,86810 (405 pips)  ⏎ ✅TP2 1,81489 (938 pips)  ⏎  ⏎ 🎯Ratio : 4/1  ⏎  ⏎ 📊Type de trade : Swing Trading"
1618,messages2.html,2023-07-19T14:47:35+00:00,nasdaq,US100,False,SELL,keyword,15897.0,15925.0,15835.0,15785.0,,,2,,,True,True,,✔️Je vends le Nasdaq 15897 ⏎ ❌SL 15925 ⏎ ✅TP1 15835 ⏎ ✅TP2 15785
1626,messages2.html,2023-07-21T12:05:00+00:00,GBP/AUD,GBPAUD,False,SELL,geometry,1.90482,1.9317,1.8681,1.81489,,,2,4.0,Swing Trading,True,True,,"✔️Je reprends une position vendeuse sur GBP/AUD 1,90482 ⏎ ❌SL 1,93170 (230 pips)  ⏎ ✅TP1 1,86810 (405 pips)  ⏎ ✅TP2 1,81489 (938 pips)  ⏎  ⏎ 🎯Ratio : 4/1  ⏎  ⏎ 📊Type de trade : Swing Trading"
1627,messages2.html,2023-07-21T15:55:58+00:00,sp500,US500,True,SELL,keyword,4548.0,4561.0,4531.0,4508.0,,,2,3.5,Intraday,True,True,,"✔️Je vends le S&P500 4548 ⏎ ❌SL 4561  ⏎ ✅TP1 4531 ⏎ ✅TP2 4508 ⏎  ⏎ 🎯Ratio : 3,5/1  ⏎  ⏎ 📊Type de trade : Intraday"
1632,messages2.html,2023-07-24T14:25:34+00:00,NZD/JPY,NZDJPY,False,SELL,keyword,87.437,87.823,87.081,86.894,86.284,,3,,Intraday,True,True,,"✔️Je vends la paire NZD/JPY 87,437  ⏎ ❌SL 87,823 (38 pips)  ⏎ ✅TP1 87,081 ⏎ ✅TP2 86,894  ⏎ ✅TP3 86,284 (115 pips)  ⏎  ⏎ 🎯Ratio gains/pertes : 3/1  ⏎  ⏎ 📊Type de trade : Intraday"
1635,messages2.html,2023-07-24T23:19:16+00:00,NZD/JPY,NZDJPY,False,BUY,keyword,87.77,86.302,89.315,91.371,,,2,3.0,Swing trading,True,True,,"✔️J’achète la paire NZD/JPY 87,770 ⏎ ❌SL 86,302 (126 pips)  ⏎ ✅TP1 89,315 (170 pips) ⏎ ✅TP2 91,371 (380 pips)  ⏎  ⏎ 🎯Ratio : 3/1  ⏎  ⏎ 📊Type de trade : Swing trading"
1638,messages2.html,2023-07-25T15:15:04+00:00,AUD/USD,AUDUSD,False,BUY,keyword,0.67711,0.67594,0.6792,0.68134,,,2,3.6,Intraday,True,True,,"✔️J’achète la paire AUD/USD 0,67711 ⏎ ❌SL 0,67594 ⏎ ✅TP1 0,67920 ⏎ ✅TP2 0,68134 ⏎  ⏎ 🎯Ratio : 3,6/1  ⏎  ⏎ 📊Type de trade : Intraday"
1640,messages2.html,2023-07-25T15:23:53+00:00,nasdaq100,US100,False,BUY,keyword,15550.0,15530.0,15575.0,15608.0,,,2,,Intraday / Scalping,False,True,,✔️J’achète le Nasdaq100 15550 ⏎ ❌SL 15530 ⏎ ✅TP1 15575 ⏎ ✅TP2 15608  ⏎  ⏎ 🎯Ratio : 3:1  ⏎  ⏎ 📊Type de trade : Intraday / Scalping
1642,messages2.html,2023-07-25T16:06:34+00:00,nasdaq,US100,False,BUY,keyword,15518.0,15500.0,15542.0,15573.0,,,2,3.0,Intraday / Scalping,True,True,,✔️J’achète le Nasdaq 15518 ⏎ ❌SL 15500 ⏎ ✅TP1 15542 ⏎ ✅TP2 15573 ⏎  ⏎ 🎯Ratio : 3/1  ⏎  ⏎ 📊Type de trade : Intraday / Scalping
1648,messages2.html,2023-07-26T14:21:29+00:00,gold,XAUUSD,True,SELL,keyword,1970.0,1995.0,1937.0,1918.0,1847.0,,3,,Swing Trading,True,True,,✔️Je vends le Gold 1970 ⏎ ❌SL 1995  ⏎ ✅TP1 1937 ⏎ ✅TP2 1918 ⏎ ✅TP3 1847  ⏎  ⏎ 🎯Ratio gains/pertes : 5/1  ⏎  ⏎ 📊Type de trade : Swing Trading
1650,messages2.html,2023-07-26T21:34:01+00:00,nasdaq,US100,False,SELL,keyword,15540.0,15950.0,15099.0,14368.0,,,2,3.0,Swing Trading,True,True,,✔️Je vends le Nasdaq 15540  ⏎ ❌SL 15950 ⏎ ✅TP1 15099 ⏎ ✅TP2 14368 ⏎  ⏎ 🎯Ratio : 3/1  ⏎  ⏎ 📊Type de trade : Swing Trading
1652,messages2.html,2023-07-27T13:57:38+00:00,nasdaq,US100,False,SELL,geometry,15725.0,15950.0,15099.0,14368.0,,,2,6.0,Swing Trading,False,True,,✔️Je renforce ma position vendeuse sur le Nasdaq 15725  ⏎ ❌SL 15950  ⏎ ✅TP1 15099 ⏎ ✅TP2 14368  ⏎  ⏎ 🎯Ratio : 6/1  ⏎  ⏎ 📊Type de trade : Swing Trading
1654,messages2.html,2023-07-27T15:30:53+00:00,dow,US30,True,SELL,keyword,35590.0,35748.0,35481.0,35340.0,35123.0,,3,4.0,Swing Trading,True,True,,✔️Je vends le Dow Jones 35590 ⏎ ❌SL 35748 ⏎ ✅TP1 35481 ⏎ ✅TP2 35340 ⏎ ✅TP3 35123  ⏎  ⏎ 🎯Ratio : 4/1  ⏎  ⏎ 📊Type de trade : Swing Trading
1658,messages2.html,2023-07-28T17:07:43+00:00,dow,US30,True,SELL,keyword,35525.0,35629.0,35362.0,35206.0,,,2,3.0,Intraday,False,True,,✔️Je vends le Dow Jones 35525 ⏎ ❌SL 35629 ⏎ ✅TP1 35362 ⏎ ✅TP2 35206  ⏎  ⏎ 🎯Ratio : 3/1 ⏎  ⏎ 📊Type de trade : Intraday
1665,messages2.html,2023-07-31T13:36:24+00:00,EUR/GBP,EURGBP,False,BUY,keyword,0.8578,0.85389,0.86298,0.86969,,,2,,Swing Trading,True,True,,"✔️J’achète la paire EUR/GBP 0,85780 ⏎ ❌SL 0,85389 (37 pips)  ⏎ ✅TP1 0,86298 (53 pips) ⏎ ✅TP2 0,86969 (121 pips)  ⏎  ⏎ 🎯Ratio gains/pertes : 3,3/1  ⏎  ⏎ 📊Type de trade : Swing Trading"
1667,messages2.html,2023-07-31T16:23:20+00:00,nasdaq,US100,False,SELL,keyword,15777.0,15816.0,15732.0,15660.0,,,2,4.0,Intraday / Scalping,False,True,,✔️Je vends le Nasdaq 15777 ⏎ ❌SL 15816  ⏎ ✅TP1 15732 ⏎ ✅TP2 15660 ⏎  ⏎ 🎯Ratio : 4/1  ⏎  ⏎ 📊Type de trade : Intraday / Scalping
1675,messages2.html,2023-08-02T13:41:38+00:00,ETH/USDT,ETHUSD,True,SELL,keyword,1857.0,1890.0,1831.0,1779.0,,,2,2.5,Intraday / Swing Trading,True,True,,"✔️Je vends la cryptomonnaie ETH/USDT 1857 ⏎ ❌SL 1890 ⏎ ✅TP1 1831  ⏎ ✅TP2 1779 ⏎  ⏎ 🎯Ratio : 2,5/1  ⏎  ⏎ 📊Type de trade : Intraday / Swing Trading"
1677,messages2.html,2023-08-02T14:06:53+00:00,GBP/JPY,GBPJPY,True,SELL,keyword,182.376,184.596,178.663,174.586,,,2,3.5,Swing Trading,True,True,,"✔️Je vends la paire GBP/JPY 182,376 ⏎ ❌SL 184,596 (222 pips)  ⏎ ✅TP1 178,663 (371 pips)  ⏎ ✅TP2 174,586 (779 pips)  ⏎  ⏎ 🎯Ratio : 3,5/1  ⏎  ⏎ 📊Type de trade : Swing Trading"
1697,messages2.html,2023-08-04T14:51:35+00:00,nasdaq,US100,False,SELL,keyword,15450.0,15547.0,15350.0,15175.0,,,2,3.5,Intraday / Scalping,True,True,,"✔️Je vends le Nasdaq 15450 ⏎ ❌SL 15547 ⏎ ✅TP1 15350 ⏎ ✅TP2 15175  ⏎  ⏎ 🎯Ratio : 3,5/1  ⏎  ⏎ 📊Type de trade : Intraday / Scalping"
1707,messages2.html,2023-08-08T16:23:54+00:00,AUD/NZD,AUDNZD,False,BUY,keyword,1.0772,1.0721,1.0851,1.09161,,,2,3.0,Swing Trading,True,True,,"✔️J’achète AUD/NZD 1,07720 ⏎ ❌SL 1,07210 (50 pips)  ⏎ ✅TP1 1,08510 (75 pips) ⏎ ✅TP2 1,09161 (145 pips) ⏎  ⏎ 🎯Ratio : 3/1  ⏎  ⏎ 📊Type de trade : Swing Trading"
1711,messages2.html,2023-08-09T11:50:20+00:00,EUR/NZD,EURNZD,False,BUY,keyword,1.8081,1.77822,1.83852,1.88914,,,2,,Swing Trading,True,True,,"✔️J’achète la paire EUR/NZD 1,80810 ⏎ ❌SL 1,77822 (291 pips)  ⏎ ✅TP1 1,83852 (320 pips)  ⏎ ✅TP2 1,88914 (817 pips)  ⏎  ⏎ 🎯Ratio gains/pertes : 2,8/1  ⏎  ⏎ 📊Type de trade : Swing Trading"
1713,messages2.html,2023-08-09T14:46:18+00:00,sp500,US500,True,SELL,keyword,4502.0,4550.0,4467.0,4384.0,,,2,3.0,Intraday / Swing Trading,True,True,,✔️Je vends l’indice S&P500 4502 ⏎ ❌SL 4550 ⏎ ✅TP1 4467 ⏎ ✅TP2 4384  ⏎  ⏎ 🎯Ratio : 3/1  ⏎  ⏎ 📊Type de trade : Intraday / Swing Trading
1725,messages2.html,2023-08-10T15:49:22+00:00,sp500,US500,True,SELL,keyword,4510.0,4537.0,4490.0,4450.0,,,2,3.0,Intraday / Swing trading,True,True,,✔️Je vends le S&P500 4510  ⏎ ❌SL 4537 ⏎ ✅TP1 4490 ⏎ ✅TP2 4450 ⏎  ⏎ 🎯Ratio : 3/1  ⏎  ⏎ 📊Type de trade : Intraday / Swing trading
1726,messages2.html,2023-08-10T15:51:19+00:00,NZD/USD,NZDUSD,False,SELL,keyword,0.60685,0.61044,0.60304,0.59699,,,2,2.8,Intraday / Swing Trading,True,True,,"✔️Je vends NZD/USD 0,60685 ⏎ ❌SL 0,61044 ⏎ ✅TP1 0,60304  ⏎ ✅TP2 0,59699 ⏎  ⏎ 🎯Ratio : 2,8/1  ⏎  ⏎ 📊Type de trade : Intraday / Swing Trading"
1745,messages2.html,2023-08-14T13:43:59+00:00,GBP/AUD,GBPAUD,False,SELL,keyword,1.95496,1.96749,1.93725,1.90059,,,2,4.3,Swing trading,True,True,,"✔️Je vends la paire GBP/AUD 1,95496 ⏎ ❌SL 1,96749 (125 pips)  ⏎ ✅TP1 1,93725 (200 pips)  ⏎ ✅TP2 1,90059 (543 pips)  ⏎  ⏎ 🎯Ratio : 4,3/1  ⏎  ⏎ 📊Type de trade : Swing trading"
1747,messages2.html,2023-08-14T16:53:49+00:00,EUR/CHF,EURCHF,False,SELL,keyword,0.95859,0.96327,0.95363,0.94831,,,2,2.2,Swing Trading,True,True,,"✔️Je vends la paire EUR/CHF 0,95859 ⏎ ❌SL 0,96327 (47 pips)  ⏎ ✅TP1 0,95363 (49 pips)  ⏎ ✅TP2 0,94831 (102 pips)  ⏎  ⏎ 🎯Ratio : 2,2/1  ⏎  ⏎ 📊Type de trade : Swing Trading"
1753,messages2.html,2023-08-15T15:58:40+00:00,AUD/CHF,AUDCHF,False,BUY,keyword,0.568,0.56551,0.57202,0.57339,,,2,4.0,Intraday / Swing Trading,True,True,,"✔️J’achète la paire AUD/CHF 0,56800 ⏎ ❌SL 0,56551 ⏎ ✅TP1 0,57202 ⏎ ✅TP2 0,57339  ⏎  ⏎ 🎯Ratio : 4/1  ⏎  ⏎ 📊Type de trade : Intraday / Swing Trading"
1756,messages2.html,2023-08-16T14:51:08+00:00,GBP/CHF,GBPCHF,False,BUY,keyword,11.947,1.10719,1.13714,1.1647,,,2,3.5,Swing Trading,True,False,TP<=entry pour BUY; SL hors plage (x0.09); TP1 hors plage (x0.10); TP2 hors plage (x0.10),"✔️J’achète la paire GBP/CHF  11,947 ⏎ ❌SL 1,10719 ⏎ ✅TP1 1,13714  ⏎ ✅TP2 1,16470  ⏎  ⏎ 🎯Ratio : 3,5/1  ⏎  ⏎ 📊Type de trade : Swing Trading"
1760,messages2.html,2023-08-17T13:05:04+00:00,GBP/USD,GBPUSD,True,BUY,keyword,1.27525,1.25772,1.29935,1.34648,,,2,,Swing Trading,True,True,,"✔️J’achète la paire GBP/USD 1,27525  ⏎ ❌SL 1,25772 (175 pips)  ⏎ ✅TP1 1,29935 ⏎ ✅TP2 1,34648 (712 pips)  ⏎  ⏎ 🎯Ratio gains/pertes : 4/1  ⏎  ⏎ 📊Type de trade : Swing Trading"
1765,messages2.html,2023-08-18T14:49:39+00:00,dow,US30,True,BUY,keyword,34380.0,34284.0,34556.0,34750.0,,,2,4.0,Intraday,False,True,,✔️J’achète le Dow Jones (US30) 34380 ⏎ ❌SL 34284 ⏎ ✅TP1 34556 ⏎ ✅TP2 34750 ⏎  ⏎ 🎯Ratio : 4/1  ⏎  ⏎ 📊Type de trade : Intraday
1772,messages2.html,2023-08-21T14:01:13+00:00,gold,XAUUSD,True,BUY,keyword,1895.31,1881.15,1904.05,1927.96,1944.19,,3,,Swing Trading,True,True,,"✔️J’achète le Gold 1895,31  ⏎ ❌SL 1881,15  ⏎ ✅TP1 1904,05 ⏎ ✅TP2 1927,96 ⏎ ✅TP3 1944,19  ⏎  ⏎ 🎯Ratio gains/pertes : 3,45/1  ⏎  ⏎ 📊Type de trade : Swing Trading"
1775,messages2.html,2023-08-21T16:21:57+00:00,nasdaq100,US100,False,BUY,keyword,14760.0,14622.0,14953.0,15251.0,,,2,3.8,Intraday / Swing Trading,True,True,,"✔️J’achète le Nasdaq100 14760 ⏎ ❌SL 14622 ⏎ ✅TP1 14953 ⏎ ✅TP2 15251  ⏎  ⏎ 🎯Ratio : 3,8/1  ⏎  ⏎ 📊Type de trade : Intraday / Swing Trading"
1779,messages2.html,2023-08-22T15:36:26+00:00,USD/CAD,USDCAD,False,BUY,keyword,1.355,1.34902,1.36004,1.36709,,,2,2.0,Intraday / Swing Trading,True,True,,"✔️J’achète la paire USD/CAD 1,35500 ⏎ ❌SL 1,34902  ⏎ ✅TP1 1,36004  ⏎ ✅TP2 1,36709 ⏎  ⏎ 🎯Ratio : 2/1  ⏎  ⏎ 📊Type de trade : Intraday / Swing Trading"
1782,messages2.html,2023-08-23T13:22:28+00:00,ETH/USDT,ETHUSD,True,BUY,keyword,1643.0,1600.0,1691.0,1772.0,,,2,3.0,Intraday / Swing Trading,True,True,,✔️J’achète la crypto ETH/USDT 1643 ⏎ ❌SL 1600  ⏎ ✅TP1 1691  ⏎ ✅TP2 1772  ⏎  ⏎ 🎯Ratio : 3/1  ⏎  ⏎ 📊Type de trade : Intraday / Swing Trading
1786,messages2.html,2023-08-23T14:41:49+00:00,nasdaq100,US100,False,BUY,keyword,14960.0,14858.0,15113.0,15265.0,,,2,4.0,Intraday,False,True,,✔️J’achète le Nasdaq100 14960 ⏎ ❌SL 14858 ⏎ ✅TP1 15113 ⏎ ✅TP2 15265 ⏎  ⏎ 🎯Ratio : 4/1  ⏎  ⏎ 📊Type de trade : Intraday
1795,messages2.html,2023-08-24T14:32:57+00:00,petrole,USOIL,True,SELL,keyword,78.13,82.76,74.36,68.89,,,2,2.5,Swing Trading,True,True,,"✔️Je vends le Pétrole 78,13  ⏎ ❌SL 82,76  ⏎ ✅TP1 74,36  ⏎ ✅TP2 68,89  ⏎  ⏎ 🎯Ratio : 2,5/1  ⏎  ⏎ 📊Type de trade : Swing Trading"
1800,messages2.html,2023-08-25T13:55:31+00:00,NZD/CHF,NZDCHF,False,BUY,keyword,0.52389,0.52102,0.52739,0.53187,,,2,3.0,Swing Trading / Intraday,True,True,,"✔️J’achète la paire NZD/CHF 0,52389 ⏎ ❌SL 0,52102 (29 pips) ⏎ ✅TP1 0,52739 (35 pips) ⏎ ✅TP2 0,53187 (81 pips)  ⏎  ⏎ 🎯Ratio : 3/1  ⏎  ⏎ 📊Type de trade : Swing Trading / Intraday"
1802,messages2.html,2023-08-25T15:03:31+00:00,nasdaq,US100,False,BUY,keyword,14900.0,14663.0,15070.0,15400.0,,,2,2.5,Intraday,True,True,,"✔️J’achète le Nasdaq 14900  ⏎ ❌SL 14663 ⏎ ✅TP1 15070 ⏎ ✅TP2 15400 ⏎  ⏎ 🎯Ratio : 2,5/1  ⏎  ⏎ 📊Type de trade : Intraday"
1803,messages2.html,2023-08-25T15:06:53+00:00,petrole,USOIL,True,SELL,geometry,79.81,80.82,78.869,76.432,,,2,5.0,Intraday / SwingTradinf,True,True,,"✔️Je renforce ma position vendeuse sur le Pétrole 79,810 ⏎ ❌SL 80,820 ⏎ ✅TP1 78,869 ⏎ ✅TP2 76,432  ⏎  ⏎ 🎯Ratio : 5/1  ⏎  ⏎ 📊Type de trade : Intraday / SwingTradinf"
1812,messages2.html,2023-08-28T15:26:30+00:00,GBP/CHF,GBPCHF,False,BUY,keyword,1.113,1.10501,1.12231,1.13091,1.15696,,3,,Swing Trading,True,True,,"✔️J’achète la paire GBP/CHF 1,11300 ⏎ ❌SL 1,10501 (77 pips)  ⏎ ✅TP1 1,12231 (105 pips) ⏎ ✅TP2 1,13091 (182 pips) ⏎ ✅TP3 1,15696 (442 pips)  ⏎  ⏎ 🎯Ratio gains/pertes : 5,5/1  ⏎  ⏎ 📊Type de trade : Swing Trading"
1815,messages2.html,2023-08-29T14:35:15+00:00,EUR/GBP,EURGBP,False,BUY,keyword,0.08581,0.85583,0.8608,0.86439,,,2,3.0,Swing Trading,True,False,SL>=entry pour BUY; SL hors plage (x9.97); TP1 hors plage (x10.03); TP2 hors plage (x10.07),"✔️J’achète la paire EUR/GBP 0,085810 ⏎ ❌SL 0,85583 (22 pips) ⏎ ✅TP1 0,86080 (28 pips) ⏎ ✅TP2 0,86439 (65 pips)  ⏎  ⏎ 🎯Ratio : 3/1  ⏎  ⏎ 📊Type de trade : Swing Trading"
1825,messages2.html,2023-08-30T16:22:46+00:00,nasdaq100,US100,False,BUY,keyword,15434.0,15337.0,15520.0,15650.0,,,2,2.5,Intraday / Scalping,False,True,,"✔️J’achète le Nasdaq100 15434 ⏎ ❌SL 15337 ⏎ ✅TP1 15520 ⏎ ✅TP2 15650 ⏎  ⏎ 🎯Ratio : 2,5/1  ⏎  ⏎ 📊Type de trade : Intraday / Scalping"
1828,messages2.html,2023-08-30T17:07:12+00:00,CAD/CHF,CADCHF,False,BUY,keyword,0.6487,0.64507,0.65255,0.65996,,,2,3.3,Swing Trading,True,True,,"✔️J’achète la paire CAD/CHF 0,64870 ⏎ ❌SL 0,64507 ⏎ ✅TP1 0,65255 ⏎ ✅TP2 0,65996 ⏎  ⏎ 🎯Ratio : 3,3/1  ⏎  ⏎ 📊Type de trade : Swing Trading"
1833,messages2.html,2023-08-31T14:06:13+00:00,AUD/JPY,AUDJPY,True,BUY,keyword,94.554,93.923,95.756,97.506,,,2,,Swing Trading,True,True,,"✔️J’achète la paire AUD/JPY 94,554 ⏎ ❌SL 93,923 (65 pips)  ⏎ ✅TP1 95,756 (120 pips)  ⏎ ✅TP2 97,506 (292 pips)  ⏎  ⏎ 🎯Ratio gains/pertes : 4,5/1  ⏎  ⏎ 📊Type de trade : Swing Trading"
1837,messages2.html,2023-09-01T13:11:47+00:00,NZD/CHF,NZDCHF,False,BUY,keyword,0.52618,0.51941,0.5333,0.55591,,,2,4.0,Swing Trading,True,True,,"✔️J’achète la paire NZD/CHF 0,52618  ⏎ ❌SL 0,51941 (78 pips)  ⏎ ✅TP1 0,53330 (82 pips)  ⏎ ✅TP2 0,55591 (287 pips)  ⏎  ⏎ 🎯Ratio : 4/1  ⏎  ⏎ 📊Type de trade : Swing Trading"
1839,messages2.html,2023-09-01T13:34:24+00:00,GBP/USD,GBPUSD,True,BUY,keyword,1.2701,1.25141,1.28463,1.31416,,,2,3.0,Swing Trading,True,True,,"✔️J’achète GBP/USD 1,27010 ⏎ ❌SL 1,25141 ⏎ ✅TP1 1,28463 ⏎ ✅TP2 1,31416  ⏎  ⏎ 🎯Ratio : 3/1  ⏎  ⏎ 📊Type de trade : Swing Trading"
1844,messages2.html,2023-09-04T12:37:47+00:00,AUD/JPY,AUDJPY,True,BUY,keyword,94.75,92.902,96.451,98.9,,,2,,Swing Trading,True,True,,"✔️J’achète la paire AUD/JPY 94,750 ⏎ ❌SL 92,902  ⏎ ✅TP1 96,451  ⏎ ✅TP2 98,900 ⏎  ⏎ 🎯Ratio gains/pertes : 4/1  ⏎  ⏎ 📊Type de trade : Swing Trading"
1846,messages2.html,2023-09-05T09:27:57+00:00,GBP/NZD,GBPNZD,False,SELL,keyword,2.1335,2.14305,2.12496,2.11478,,,2,2.5,Intraday,True,True,,"✔️Je vends la paire GBP/NZD 2,13350 ⏎ ❌SL 2,14305 ⏎ ✅TP1 2,12496 ⏎ ✅TP2 2,11478 ⏎  ⏎ 🎯Ratio : 2,5/1  ⏎  ⏎ 📊Type de trade : Intraday"
1850,messages2.html,2023-09-05T13:37:11+00:00,CAD/CHF,CADCHF,False,BUY,geometry,0.65032,0.64606,0.65558,0.65944,0.66662,,3,,Swing Trading,True,True,,"✔️Je renforce ma position sur la paire CAD/CHF 0,65032 ⏎ ❌SL 0,64606 ⏎ ✅TP1 0,65558 ⏎ ✅TP2 0,65944 ⏎ ✅TP3 0,66662 ⏎  ⏎ 🎯Ratio gains/pertes : 3/1  ⏎  ⏎ 📊Type de trade : Swing Trading"
1851,messages2.html,2023-09-05T14:22:01+00:00,GBP/NZD,GBPNZD,False,SELL,geometry,2.1373,2.14305,2.12496,2.11478,,,2,3.0,Intraday,True,True,,"✔️Je renforce ma position sur la paire GBP/NZD 2,13730 ⏎ ❌SL 2,14305 ⏎ ✅TP1 2,12496 ⏎ ✅TP2 2,11478 ⏎  ⏎ 🎯Ratio : 3/1  ⏎  ⏎ 📊Type de trade : Intraday"
1854,messages2.html,2023-09-06T14:15:01+00:00,CHF/JPY,CHFJPY,False,SELL,keyword,165.374,167.036,163.496,160.751,,,2,3.0,Swing Trading,True,True,,"✔️Je vends la paire CHF/JPY 165,374 ⏎ ❌SL 167,036 (161 pips)  ⏎ ✅TP1 163,496 (195 pips)  ⏎ ✅TP2 160,751 (467 pips)  ⏎  ⏎ 🎯Ratio : 3/1  ⏎  ⏎ 📊Type de trade : Swing Trading"
1864,messages2.html,2023-09-08T14:36:16+00:00,sp500,US500,True,BUY,keyword,4458.0,4437.0,4478.0,4507.0,,,2,3.0,Intraday,False,True,,✔️J’achète l’indice S&P500 4458 ⏎ ❌SL 4437 ⏎ ✅TP1 4478 ⏎ ✅TP2 4507 ⏎  ⏎ 🎯Ratio : 3/1  ⏎  ⏎ 📊Type de trade : Intraday
1871,messages2.html,2023-09-11T13:38:59+00:00,CHF/JPY,CHFJPY,False,SELL,keyword,183.35,184.86,181.804,179.811,,,2,,Swing Trading / Intraday,True,True,,"✔️Je vends la paire CHF/JPY 183,350 ⏎ ❌SL 184,860 (150 pips)  ⏎ ✅TP1 181,804 (150 pis)  ⏎ ✅TP2 179,811 (355 pips)  ⏎  ⏎ 🎯Ratio gains/pertes : 2,3/1  ⏎  ⏎ 📊Type de trade : Swing Trading / Intraday"
1876,messages2.html,2023-09-12T13:57:16+00:00,dow,US30,True,SELL,keyword,34625.0,34793.0,34457.0,34198.0,,,2,2.5,Intraday,True,True,,"✔️Je vends le Dow Jones (US30) 34625 ⏎ ❌SL 34793 ⏎ ✅TP1 34457 ⏎ ✅TP2 34198 ⏎  ⏎ 🎯Ratio : 2,5/1  ⏎  ⏎ 📊Type de trade : Intraday"
1881,messages2.html,2023-09-12T18:35:16+00:00,nasdaq,US100,False,BUY,keyword,15389.0,15313.0,15471.0,15595.0,,,2,3.0,Intraday,False,True,,✔️J’achète le Nasdaq 15389 ⏎ ❌SL 15313 ⏎ ✅TP1 15471 ⏎ ✅TP2 15595 ⏎  ⏎ 🎯Ratio : 3/1  ⏎  ⏎ 📊Type de trade : Intraday
1886,messages2.html,2023-09-13T13:41:04+00:00,dow,US30,True,SELL,keyword,34645.0,34975.0,34321.0,33766.0,,,2,2.5,Intraday,True,True,,"✔️Je vends le Dow Jones (US30) 34645 ⏎ ❌SL 34975 ⏎ ✅TP1 34321 ⏎ ✅TP2 33766 ⏎  ⏎ 🎯Ratio : 2,5/1  ⏎  ⏎ 📊Type de trade : Intraday"
1888,messages2.html,2023-09-13T14:52:59+00:00,AUD/JPY,AUDJPY,True,BUY,geometry,94.621,93.381,95.441,97.741,,,2,2.3,Swing Trading,True,True,,"✔️Je renforce ma position sur AUD/JPY 94,621 ⏎ ❌SL 93,381 ⏎ ✅TP1 95,441 ⏎ ✅TP2 97,741 ⏎  ⏎ 🎯Ratio : 2,3/1  ⏎  ⏎ 📊Type de trade : Swing Trading"
1891,messages2.html,2023-09-14T15:05:12+00:00,gold,XAUUSD,True,SELL,keyword,1903.1,1912.1,1894.5,1884.74,,,2,2.0,Intraday,False,True,,"✔️Je vends le Gold 1903,10 ⏎ ❌SL 1912,10 (9 points)  ⏎ ✅TP1 1894,50 (8,5 points) ⏎ ✅TP2 1884,74 (18,34 points) ⏎  ⏎ 🎯Ratio : 2/1  ⏎  ⏎ 📊Type de trade : Intraday"
1893,messages2.html,2023-09-14T15:52:07+00:00,nasdaq100,US100,False,BUY,keyword,15445.0,15322.0,15555.0,15765.0,,,2,3.0,Intraday / Swing trading,True,True,,✔️J’achète le Nasdaq100 15445 ⏎ ❌SL 15322 ⏎ ✅TP1 15555 ⏎ ✅TP2 15765 ⏎  ⏎ 🎯Ratio : 3/1  ⏎  ⏎ 📊Type de trade : Intraday / Swing trading
1901,messages2.html,2023-09-15T16:06:54+00:00,CHF/JPY,CHFJPY,False,SELL,keyword,164.83,165.741,163.694,162.037,,,2,3.0,,True,True,,"✔️Je vends la paire CHF/JPY 164,830 ⏎ ❌SL 165,741 (92 pips) ⏎ ✅TP1 163,694 (112 pips) ⏎ ✅TP2 162,037 (286 pips)  ⏎  ⏎ 🎯Ratio : 3/1  ⏎  ⏎ 📊Type de Trade : Swing Trading"
1905,messages2.html,2023-09-18T14:36:08+00:00,nasdaq100,US100,False,BUY,keyword,15220.0,15131.0,15303.0,15395.0,,,2,2.0,Intraday,False,True,,✔️J’achète le Nasdaq100 15220 ⏎ ❌SL 15131  ⏎ ✅TP1 15303 ⏎ ✅TP2 15395  ⏎  ⏎ 🎯Ratio : 2/1  ⏎  ⏎ 📊Type de trade : Intraday
1913,messages2.html,2023-09-20T14:00:42+00:00,GBP/CAD,GBPCAD,False,BUY,keyword,1.6626,1.65482,1.67472,1.69397,,,2,,Intraday / Swing Trading,True,True,,"✔️J’achète la paire GBP/CAD 1,66260 ⏎ ❌SL 1,65482 (78 pips)  ⏎ ✅TP1 1,67472 (122 pips)  ⏎ ✅TP2 1,69397 (314 pips)  ⏎  ⏎ 🎯Ratio gains/pertes : 4/1  ⏎  ⏎ 📊Type de trade : Intraday / Swing Trading"
1915,messages2.html,2023-09-20T14:33:30+00:00,GBP/CHF,GBPCHF,False,BUY,keyword,1.10981,1.10512,1.11925,1.12966,,,2,4.0,Swing Trading,True,True,,"✔️J’achète la paire GBP/CHF 1,10981 ⏎ ❌SL 1,10512 (49 pips)  ⏎ ✅TP1 1,11925 (92 pips) ⏎ ✅TP2 1,12966 (196 pips)  ⏎  ⏎ 🎯Ratio : 4/1  ⏎  ⏎ 📊Type de trade : Swing Trading"
1917,messages2.html,2023-09-20T15:25:31+00:00,nasdaq100,US100,False,SELL,keyword,15210.0,15294.0,15115.0,14979.0,,,2,3.0,Intraday / Scalping,True,True,,✔️Je vends le Nasdaq100 15210 ⏎ ❌SL 15294 ⏎ ✅TP1 15115 ⏎ ✅TP2 14979 ⏎  ⏎ 🎯Ratio : 3/1  ⏎  ⏎ 📊Type de trade : Intraday / Scalping
1923,messages2.html,2023-09-21T12:41:03+00:00,GBP/CHF,GBPCHF,False,BUY,geometry,1.10995,1.10512,1.11925,1.12966,,,2,4.0,Swing Trading,False,True,,"✔️Je renforce ma position sur GBP/CHF 1,10995 ⏎ ❌SL 1,10512 (51 pips)  ⏎ ✅TP1 1,11925 (90 pips) ⏎ ✅TP2 1,12966 (194 pips)  ⏎  ⏎ 🎯Ratio : 4/1  ⏎  ⏎ 📊Type de trade : Swing Trading"
1924,messages2.html,2023-09-21T13:44:14+00:00,EUR/JPY,EURJPY,True,SELL,keyword,157.425,159.032,155.701,152.315,,,2,3.0,Swing Trading,True,True,,"✔️Je vends la paire EUR/JPY 157,425  ⏎ ❌SL 159,032 (160 pips)  ⏎ ✅TP1 155,701 (172 pips)  ⏎ ✅TP2 152,315 (511 pips)  ⏎  ⏎ 🎯Ratio : 3/1  ⏎  ⏎ 📊Type de trade : Swing Trading"
1928,messages2.html,2023-09-22T15:00:16+00:00,nasdaq100,US100,False,BUY,keyword,14775.0,14716.0,14845.0,14970.0,,,2,3.5,Intraday,False,True,,"✔️J’achète le Nasdaq100 14775 ⏎ ❌SL 14716  ⏎ ✅TP1 14845 ⏎ ✅TP2 14970 ⏎  ⏎ 🎯Ratio : 3,5/1  ⏎  ⏎ 📊Type de trade : Intraday"
1935,messages2.html,2023-09-25T14:57:55+00:00,nasdaq,US100,False,BUY,keyword,14715.0,14624.0,144820.0,14970.0,,,2,3.0,Intraday / Scalping,True,False,TP1 hors plage (x9.84),✔️J’achète le Nasdaq 14715 ⏎ ❌SL 14624 ⏎ ✅TP1 144820 ⏎ ✅TP2 14970 ⏎  ⏎ 🎯Ratio : 3/1  ⏎  ⏎ 📊Type de trade : Intraday / Scalping
1942,messages2.html,2023-09-26T13:30:09+00:00,GBP/CAD,GBPCAD,False,BUY,keyword,1.64425,1.64098,1.64924,1.65606,,,2,,Intraday / Swing Trading,True,True,,"✔️J’achète la paire GBP/CAD 1,64425 ⏎ ❌SL 1.64098 (32 pips)  ⏎ ✅TP1 1,64924 (55 pips) ⏎ ✅TP2 1,65606 (118,3 pips)  ⏎  ⏎ 🎯Ratio gains/pertes : 4/1  ⏎  ⏎ 📊Type de trade : Intraday / Swing Trading"
1944,messages2.html,2023-09-26T16:19:51+00:00,GBP/CAD,GBPCAD,False,BUY,geometry,1.64206,1.63885,1.6461,1.65556,,,2,4.0,Intraday / Swing Trading,False,True,,"✔️Je renforce ma positon sur la paire GBP/CAD 1,64206 ⏎ ❌SL 1,63885 (32 pips) ⏎ ✅TP1 1,64610 (39 pips)  ⏎ ✅TP2 1,65556 (134 pips) ⏎  ⏎ 🎯Ratio : 4/1  ⏎  ⏎ 📊Type de trade : Intraday / Swing Trading"
1952,messages2.html,2023-09-28T13:58:43+00:00,AVAX/USDT,AVAXUSDT,False,BUY,keyword,9.1,8.78,9.5,10.06,,,2,,Intraday / Swing Trading,True,True,,"✔️J’achète la cryptomonnaie AVAX/USDT 9,10$ ⏎ ❌SL 8,78$ ⏎ ✅TP1 9,50$ ⏎ ✅TP2 10,06$  ⏎  ⏎ 🎯Ratio gains/pertes : 3/1  ⏎  ⏎ 📊Type de trade : Intraday / Swing Trading"
1955,messages2.html,2023-09-28T14:33:58+00:00,GBP/AUD,GBPAUD,False,BUY,keyword,1.90628,1.89709,1.92286,1.95026,,,2,5.0,Swing Trading,True,True,,"✔️J’achète la paire GBP/AUD 1,90628  ⏎ ❌SL 1,89709 (91 pips)  ⏎ ✅TP1 1,92286 (166 pips) ⏎ ✅TP2 1,95026 (445 pips)  ⏎  ⏎ 🎯Ratio : 5/1  ⏎  ⏎ 📊Type de trade : Swing Trading"
1958,messages2.html,2023-09-29T15:44:10+00:00,CAD/CHF,CADCHF,False,SELL,keyword,0.67708,0.68176,0.67065,0.65917,,,2,4.0,Swing Trading,True,True,,"✔️Je vends la paire CAD/CHF 0,67708 ⏎ ❌SL 0,68176 (46 pips)  ⏎ ✅TP1 0,67065 (70 pips) ⏎ ✅TP2 0,65917 (179 pips)  ⏎  ⏎ 🎯Ratio : 4/1  ⏎  ⏎ 📊Type de trade : Swing Trading"
1965,messages2.html,2023-10-02T14:26:12+00:00,EUR/JPY,EURJPY,True,SELL,geometry,157.72,158.624,156.766,155.356,,,2,2.5,Swing Trading,True,True,,"✔️Je renforce ma position vendeuse sur EUR/JPY 157,720 ⏎ ❌SL 158,624 (91 pips)  ⏎ ✅TP1 156,766 (96 pips) ⏎ ✅TP2 155,356 (235 pips)  ⏎  ⏎ 🎯Ratio : 2,5/1  ⏎  ⏎ 📊Type de trade : Swing Trading"
1970,messages2.html,2023-10-03T14:58:21+00:00,EUR/GBP,EURGBP,False,SELL,keyword,0.8666,0.87002,0.86299,0.85761,,,2,2.6,Swing Trading,True,True,,"✔️Je vends la paire EUR/GBP 0,86660 ⏎ ❌SL 0,87002 (34 pips)  ⏎ ✅TP1 0,86299 (34 pips) ⏎ ✅TP2 0,85761 (89 pips)  ⏎  ⏎ 🎯Ratio : 2,6/1  ⏎  ⏎ 📊Type de trade : Swing Trading"
1972,messages2.html,2023-10-03T15:10:38+00:00,nasdaq100,US100,False,SELL,keyword,14730.0,14900.0,14563.0,1436.0,,,2,2.5,Intraday / Scalping,False,False,TP2 hors plage (x0.10),"✔️Je vends le Nasdaq100 14730 ⏎ ❌SL 14900  ⏎ ✅TP1 14563 ⏎ ✅TP2 1436  ⏎  ⏎ 🎯Ratio : 2,5/1  ⏎  ⏎ 📊Type de trade : Intraday / Scalping"
1981,messages2.html,2023-10-05T14:54:36+00:00,nasdaq,US100,False,SELL,keyword,14720.0,14855.0,14607.0,14426.0,,,2,3.0,Intraday,True,True,,✔️Je vends le Nasdaq 14720 ⏎ ❌SL 14855 ⏎ ✅TP1 14607 ⏎ ✅TP2 14426  ⏎  ⏎ 🎯Ratio : 3/1  ⏎  ⏎ 📊Type de trade : Intraday
1985,messages2.html,2023-10-06T12:02:02+00:00,GBP/NZD,GBPNZD,False,BUY,keyword,2.04642,2.02712,2.06045,2.10794,,,2,3.2,Swing Trading,True,True,,"✔️J’achète la paire GBP/NZD 2,04642 ⏎ ❌SL 2,02712 (193 pips)  ⏎ ✅TP1 2,06045 ⏎ ✅TP2 2,10794 (615 pips)  ⏎  ⏎ 🎯Ratio : 3,2/1  ⏎  ⏎ 📊Type de trade : Swing Trading"
1989,messages2.html,2023-10-09T14:32:59+00:00,NZD/USD,NZDUSD,False,BUY,keyword,0.59946,0.59916,0.60991,,,,1,2.5,Swing Trading,True,True,,"✔️J’achète la paire NZD/USD 0,59946 ⏎ ❌SL 0,59916 (90 pips)  ⏎ ✅TP1 0,60991 (108 pips)  ⏎ ✅TP1 0,62180 (226 pips)  ⏎  ⏎ 🎯Ratio : 2,5/1  ⏎  ⏎ 📊Type de trade : Swing Trading"
1991,messages2.html,2023-10-09T14:53:42+00:00,nasdaq,US100,False,BUY,keyword,14910.0,14784.0,15023.0,15120.0,15316.0,,3,3.5,Intraday,True,True,,"✔️J’achète le Nasdaq 14910 ⏎ ❌SL 14784 ⏎ ✅TP1 15023  ⏎ ✅TP2 15120  ⏎ ✅TP3 15316  ⏎  ⏎ 🎯Ratio : 3,5/1  ⏎  ⏎ 📊Type de trade : Intraday"
1996,messages2.html,2023-10-10T16:43:20+00:00,EUR/USD,EURUSD,True,BUY,keyword,1.06069,1.04585,1.07432,1.09388,,,2,2.3,Swing Trading,True,True,,"✔️J’achète la paire EUR/USD 1,06069 ⏎ ❌SL 1,04585 ⏎ ✅TP1 1,07432 ⏎ ✅TP2 1,09388 ⏎  ⏎ 🎯Ratio : 2,3/1  ⏎  ⏎ 📊Type de trade : Swing Trading"
2001,messages2.html,2023-10-11T15:34:26+00:00,,,False,SELL,keyword,27110.0,27958.0,26283.0,25197.0,,,2,,Swing Trading,True,True,,"✔️Je vends le Bitcoin 27110 ⏎ ❌SL 27958 ⏎ ✅TP1 26283 ⏎ ✅TP2 25197  ⏎  ⏎ 🎯Ratio gains/pertes : 2,5/1  ⏎  ⏎ 📊Type de trade : Swing Trading"
2003,messages2.html,2023-10-11T20:38:00+00:00,AUD/USD,AUDUSD,False,BUY,keyword,0.64071,0.63862,0.64288,0.64516,,,2,2.2,Intraday / Swing Trading,True,True,,"✔️J’achète la paire AUD/USD 0,64071 ⏎ ❌SL 0,63862 (20 pips)  ⏎ ✅TP1 0,64288 (22 pips)  ⏎ ✅TP2 0,64516 (44 pips)  ⏎  ⏎ 🎯Ratio : 2,2/1  ⏎  ⏎ 📊Type de trade : Intraday / Swing Trading"
2013,messages2.html,2023-10-12T19:02:12+00:00,EUR/AUD,EURAUD,False,BUY,keyword,1.66429,1.64568,1.67771,,,,1,3.0,Swing Trading,True,True,,"✔️J’achète la paire EUR/AUD 1,66429 ⏎ ❌SL 1,64568 ⏎ ✅TP1 1,67771 ⏎ ✅TP1 1,70854 ⏎  ⏎ 🎯Ratio : 3/1  ⏎  ⏎ 📊Type de trade : Swing Trading  ⏎  ⏎  ⏎ Analyse journalière :  ⏎ - Tendance de fond haussière  ⏎ - Rebond haussière sur la trendline haussière  ⏎ - Moyenne mobile exponentielle 100 en support dynamique  ⏎  ⏎ Analyse H4 :  ⏎ - Cassure d’un canal baissier  ⏎ - Validation d’une épaule tête épaule inversée avec bougie pleine sur cassure  ⏎ - Moyenne exponentielle 100 orientée en support dynamique"
2015,messages2.html,2023-10-13T13:35:01+00:00,EUR/JPY,EURJPY,True,SELL,keyword,157.593,158.336,156.783,155.302,,,2,,Swing Trading,True,True,,"✔️Je vends la paire EUR/JPY 157,593 ⏎ ❌SL 158,336 (74 pips)  ⏎ ✅TP1 156,783 (84 pips) ⏎ ✅TP2 155,302 (233 pips) ⏎  ⏎ 🎯Ratio gains/pertes : 3/1  ⏎  ⏎ 📊Type de trade : Swing Trading"
2017,messages2.html,2023-10-13T14:28:29+00:00,nasdaq,US100,False,BUY,keyword,15210.0,15075.0,15336.0,15517.0,,,2,2.5,Intraday,True,True,,"✔️J’achète le Nasdaq 15210 ⏎ ❌SL 15075 ⏎ ✅TP1 15336 ⏎ ✅TP2 15517  ⏎  ⏎ 🎯Ratio : 2,5/1  ⏎  ⏎ 📊Type de trade : Intraday"
2019,messages2.html,2023-10-13T15:54:51+00:00,nasdaq,US100,False,SELL,keyword,15095.0,15368.0,14899.0,14423.0,,,2,3.3,Intraday,True,True,,"✔️Je vends le Nasdaq 15095 ⏎ ❌SL 15368 ⏎ ✅TP1 14899 ⏎ ✅TP2 14423  ⏎  ⏎ 🎯Ratio : 3,3/1  ⏎  ⏎ 📊Type de trade : Intraday"
2028,messages2.html,2023-10-16T15:58:29+00:00,GBP/NZD,GBPNZD,False,BUY,geometry,2.0591,2.0319,2.08628,2.13831,,,2,3.2,Swing Trading,True,True,,"✔️Je renforce ma position sur GBP/NZD 2,05910 ⏎ ❌SL 2,03190 (256 pips)  ⏎ ✅TP1 2,08628 (289 pips) ⏎ ✅TP2 2,13831 (807 pips)  ⏎  ⏎ 🎯Ratio : 3,2/1  ⏎  ⏎ 📊Type de trade : Swing Trading"
2030,messages2.html,2023-10-16T16:27:06+00:00,EUR/JPY,EURJPY,True,SELL,geometry,157.778,158.194,157.03,155.479,,,2,,Swing Trading,True,True,,"✔️Je renforce ma position sur EUR/JPY 157,778 ⏎ ❌SL 158,194 (65 pips)  ⏎ ✅TP1 157,030 (75 pips) ⏎ ✅TP2 155,479 (230 pips)  ⏎  ⏎ 🎯Ratio gains/pertes : 3,5/1  ⏎  ⏎ 📊Type de trade : Swing Trading"
2033,messages2.html,2023-10-17T16:45:24+00:00,EUR/USD,EURUSD,True,BUY,geometry,1.05792,1.04489,1.07232,1.09544,,,2,3.0,Swing Trading,True,True,,"✔️Je renforce ma position sur EUR/USD 1,05792 ⏎ ❌SL 1,04489 (130 pips)  ⏎ ✅TP1 1,07232 (144 pips) ⏎ ✅TP2 1,09544 (375 pips)  ⏎  ⏎ 🎯Ratio : 3/1  ⏎  ⏎ 📊Type de trade : Swing Trading"
2036,messages2.html,2023-10-17T18:52:20+00:00,nasdaq,US100,False,SELL,keyword,15135.0,15420.0,14953.0,14466.0,,,2,2.5,Intraday / Swing Trading,True,True,,"✔️Je vends le Nasdaq 15135 ⏎ ❌SL 15420 ⏎ ✅TP1 14953 ⏎ ✅TP2 14466  ⏎  ⏎ 🎯Ratio : 2,5/1  ⏎  ⏎ 📊Type de trade : Intraday / Swing Trading"
2041,messages2.html,2023-10-18T13:38:45+00:00,,,False,SELL,keyword,28390.0,29137.0,27801.0,26252.0,,,2,3.0,Swing Trading,True,True,,✔️Je vends le Bitcoin 28390 ⏎ ❌SL 29137 ⏎ ✅TP1 27801 ⏎ ✅TP2 26252 ⏎  ⏎ 🎯Ratio : 3/1  ⏎  ⏎ 📊Type de trade : Swing Trading
2043,messages2.html,2023-10-18T13:51:29+00:00,nasdaq,US100,False,SELL,keyword,15046.0,15266.0,14864.0,14506.0,,,2,2.5,Intraday,True,True,,"✔️Je revends le Nasdaq 15046 ⏎ ❌SL 15266 ⏎ ✅TP1 14864 ⏎ ✅TP2 14506  ⏎  ⏎ 🎯Ratio : 2,5/1  ⏎  ⏎ 📊Type de trade : Intraday"
2048,messages2.html,2023-10-19T14:06:54+00:00,nasdaq,US100,False,BUY,keyword,14957.0,14787.0,15155.0,15527.0,,,2,,Intraday / Swing Trading,True,True,,"✔️J’achète le Nasdaq 14957 ⏎ ❌SL 14787 ⏎ ✅TP1 15155 ⏎ ✅TP2 15527 ⏎  ⏎ 🎯Ratio gains/pertes : 3,5/1  ⏎  ⏎ 📊Type de trade : Intraday / Swing Trading"
2053,messages2.html,2023-10-20T14:20:37+00:00,GBP/CAD,GBPCAD,False,SELL,keyword,1.66246,1.67488,1.64963,1.63838,1.61169,,3,4.0,Swing Trading,True,True,,"✔️Je vends la paire GBP/CAD 1,66246 ⏎ ❌SL 1,67488 (124 pips)  ⏎ ✅TP1 1,64963 (127 pips) ⏎ ✅TP2 1,63838 (243 pips)  ⏎ ✅TP3 1,61169 (507 pips)  ⏎  ⏎ 🎯Ratio : 4/1  ⏎  ⏎ 📊Type de trade : Swing Trading"
2057,messages2.html,2023-10-23T15:48:19+00:00,USD/CAD,USDCAD,False,SELL,keyword,1.37061,1.38818,1.34974,1.31793,,,2,3.0,Swing Trading,True,True,,"✔️Je vends la paire USD/CAD 1,37061 ⏎ ❌SL 1,38818 (177 pips)  ⏎ ✅TP1 1,34974 (207 pips) ⏎ ✅TP2 1,31793 (526 pips)  ⏎  ⏎ 🎯Ratio : 3/1  ⏎  ⏎ 📊Type de trade : Swing Trading"
2060,messages2.html,2023-10-23T16:30:03+00:00,nasdaq,US100,False,BUY,keyword,14629.0,14459.0,14764.0,15023.0,,,2,2.5,Intraday / Swing Trading,True,True,,"✔️J’achète le Nasdaq 14629 ⏎ ❌SL 14459 ⏎ ✅TP1 14764 ⏎ ✅TP2 15023  ⏎  ⏎ 🎯Ratio : 2,5/1  ⏎  ⏎ 📊Type de trade : Intraday / Swing Trading"
2065,messages2.html,2023-10-24T15:02:06+00:00,GBP/JPY,GBPJPY,True,SELL,keyword,182.712,184.412,180.752,176.118,,,2,3.8,Swing Trading,True,True,,"✔️Je vends la paire GBP/JPY 182,712 ⏎ ❌SL 184,412 (170 pips) ⏎ ✅TP1 180,752 (193 pips)  ⏎ ✅TP2 176,118 (659 pips)  ⏎  ⏎ 🎯Ratio : 3,8/1  ⏎  ⏎ 📊Type de trade : Swing Trading"
2067,messages2.html,2023-10-24T15:37:11+00:00,wti,USOIL,True,SELL,keyword,85.02,90.941,80.509,66.142,,,2,3.2,Swing Trading,True,True,,"✔️Je vends le Pétrole (WTI) 85,020 ⏎ ❌SL 90,941 ⏎ ✅TP1 80,509 ⏎ ✅TP2 66,142  ⏎  ⏎ 🎯Ratio : 3,2/1  ⏎  ⏎ 📊Type de trade : Swing Trading"
2069,messages3.html,2023-10-25T15:03:04+00:00,AUD/NZD,AUDNZD,False,SELL,keyword,1.08815,1.09084,1.08534,1.0795,,,2,,Intraday / Swing Trading,True,True,,"✔️Je vends la paire AUD/NZD 1,08815  ⏎ ❌SL 1,09084 (27 pips)  ⏎ ✅TP1 1,08534 (29 pips)  ⏎ ✅TP2 1,07950 (86 pips)  ⏎  ⏎ 🎯Ratio gains/pertes : 3,2/1  ⏎  ⏎ 📊Type de trade : Intraday / Swing Trading"
2073,messages3.html,2023-10-26T15:16:09+00:00,EUR/JPY,EURJPY,True,SELL,keyword,158.473,159.103,157.601,156.571,,,2,,Swing Trading,True,True,,"✔️Je vends la paire EUR/JPY 158,473  ⏎ ❌SL 159,103 (63 pips)  ⏎ ✅TP1 157,601 (86 pips) ⏎ ✅TP2 156,571 (190 pips)  ⏎  ⏎ 🎯Ratio gains/pertes : 3/1  ⏎  ⏎ 📊Type de trade : Swing Trading"
2077,messages3.html,2023-10-27T15:47:57+00:00,EUR/JPY,EURJPY,True,SELL,geometry,158.305,159.092,157.31,155.776,,,2,3.2,Swing Trading,True,True,,"✔️Je renforce ma position sur EUR/JPY 158,305  ⏎ ❌SL 159,092 (78 pips)  ⏎ ✅TP1 157,310 (100 pips) ⏎ ✅TP2 155,776 (252 pips)  ⏎  ⏎ 🎯Ratio : 3,2/1  ⏎  ⏎ 📊Type de trade : Swing Trading"
2082,messages3.html,2023-10-30T14:16:05+00:00,GBP/AUD,GBPAUD,False,SELL,keyword,1.90356,1.94619,1.85862,1.77338,,,2,3.0,Swing Trading,True,True,,"✔️Je vends la paire GBP/AUD 1,90356 ⏎ ❌SL 1,94619 (426 pips)  ⏎ ✅TP1 1,85862  ⏎ ✅TP2 1,77338 (1301 pips)  ⏎  ⏎ 🎯Ratio : 3/1  ⏎  ⏎ 📊Type de trade : Swing Trading"
2084,messages3.html,2023-10-30T14:38:34+00:00,sp500,US500,True,SELL,keyword,4145.0,4165.0,4113.0,4056.0,,,2,4.0,Intraday / Swing Trading,True,True,,✔️Je vends l’indice S&P500 4145 ⏎ ❌SL 4165 ⏎ ✅TP1 4113  ⏎ ✅TP2 4056  ⏎  ⏎ 🎯Ratio : 4/1  ⏎  ⏎ 📊Type de trade : Intraday / Swing Trading
2089,messages3.html,2023-10-31T13:39:27+00:00,AUD/USD,AUDUSD,False,SELL,keyword,0.63427,0.64023,0.62508,0.61387,,,2,3.5,Swing Trading,True,True,,"✔️Je vends la paire AUD/USD 0,63427  ⏎ ❌SL 0,64023 (60 pips)  ⏎ ✅TP1 0,62508 (91 pips)  ⏎ ✅TP2 0,61387 (204 pips)  ⏎  ⏎ 🎯Ratio : 3,5/1  ⏎  ⏎ 📊Type de trade : Swing Trading"
2091,messages3.html,2023-10-31T14:02:32+00:00,nasdaq,US100,False,SELL,keyword,14277.0,14418.0,14135.0,13914.0,,,2,2.5,Intraday,True,True,,"✔️Je vends le Nasdaq 14277 ⏎ ❌SL 14418 ⏎ ✅TP1 14135  ⏎ ✅TP2 13914  ⏎  ⏎ 🎯Ratio : 2,5/1  ⏎  ⏎ 📊Type de trade : Intraday"
2093,messages3.html,2023-10-31T17:10:05+00:00,sp500,US500,True,BUY,keyword,4179.26,4142.82,4223.17,4284.28,,,2,3.0,Intraday / Swing Trading,True,True,,"✔️J’achète l’indice S&P500 4179,26  ⏎ ❌SL 4142,82 ⏎ ✅TP1 4223,17  ⏎ ✅TP2 4284,28  ⏎  ⏎ 🎯Ratio : 3/1  ⏎  ⏎ 📊Type de trade : Intraday / Swing Trading"
2098,messages3.html,2023-11-02T14:10:21+00:00,CAD/CHF,CADCHF,False,BUY,keyword,0.65469,0.64562,0.66653,0.68215,,,2,3.0,Swing Trading,True,True,,"✔️J’achète la paire CAD/CHF 0,65469 ⏎ ❌SL 0,64562 (90 pips)  ⏎ ✅TP1 0,66653 (118 pips)  ⏎ ✅TP2 0,68215 (274 pips) ⏎  ⏎ 🎯Ratio : 3/1  ⏎  ⏎ 📊Type de trade : Swing Trading"
2101,messages3.html,2023-11-02T15:27:09+00:00,AUD/NZD,AUDNZD,False,SELL,keyword,1.09105,1.09458,1.08682,1.08013,,,2,,Swing Trading,True,True,,"✔️Je vends la paire AUD/NZD 1,09105 ⏎ ❌SL 1,09458 (35 pips)  ⏎ ✅TP1 1,08682 (41 pips)  ⏎ ✅TP2 1,08013 (108 pips)  ⏎  ⏎ 🎯Ratio gains/pertes : 3/1  ⏎  ⏎ 📊Type de trade : Swing Trading"
2105,messages3.html,2023-11-02T16:13:01+00:00,gold,XAUUSD,True,SELL,keyword,1981.43,1997.01,1961.59,1923.61,,,2,3.5,Swing Trading,True,True,,"✔️Je vends le Gold 1981,43  ⏎ ❌SL 1997,01  ⏎ ✅TP1 1961,59 ⏎ ✅TP2 1923,61  ⏎  ⏎ 🎯Ratio : 3,5/1  ⏎  ⏎ 📊Type de trade : Swing Trading"
2113,messages3.html,2023-11-03T13:38:48+00:00,gold,XAUUSD,True,BUY,keyword,1995.0,1982.0,2008.0,2024.0,,,2,2.5,Intraday,False,True,,"✔️J’achète le Gold 1995 ⏎ ❌SL 1982 ⏎ ✅TP1 2008  ⏎ ✅TP2 2024  ⏎  ⏎ 🎯Ratio : 2,5/1  ⏎  ⏎ 📊Type de trade : Intraday"
2115,messages3.html,2023-11-03T16:06:27+00:00,ger30,GER30,True,SELL,keyword,15187.0,15267.0,15111.0,14985.0,,,2,2.8,Intraday,True,True,,"✔️Je vends l’indice GER30 15187  ⏎ ❌SL 15267  ⏎ ✅TP1 15111  ⏎ ✅TP2 14985  ⏎  ⏎ 🎯Ratio : 2,8/1  ⏎  ⏎ 📊Type de trade : Intraday"
2121,messages3.html,2023-11-07T14:57:46+00:00,gold,XAUUSD,True,SELL,keyword,1961.26,2016.38,1915.02,1819.54,,,2,2.5,Swing Trading,True,True,,"✔️Je vends le Gold 1961,26 ⏎ ❌SL 2016,38  ⏎ ✅TP1 1915,02  ⏎ ✅TP2 1819,54 ⏎  ⏎ 🎯Ratio : 2,5/1  ⏎  ⏎ 📊Type de trade : Swing Trading  ⏎  ⏎ 👉🏼Je reprendrais une nouvelle position vendeuse en cas de pullback sur la ligne de cou"
2123,messages3.html,2023-11-07T15:19:08+00:00,GBP/AUD,GBPAUD,False,SELL,keyword,1.91667,1.92551,1.90157,,,,1,,Swing Trading / Intraday,True,True,,"✔️Je vends la paire GBP/AUD 1,91667 ⏎ ❌SL 1,92551 (88 pips)  ⏎ ✅TP1 1,90157 (151 pips) ⏎ ✅TP1 1,88136 (353 pips)  ⏎  ⏎ 🎯Ratio gains/pertes : 4/1  ⏎  ⏎ 📊Type de trade : Swing Trading / Intraday"
2125,messages3.html,2023-11-07T16:50:48+00:00,EUR/CAD,EURCAD,False,BUY,keyword,1.47049,1.44587,1.50273,1.54898,,,2,3.2,Swing Trading,True,True,,"✔️J’achète la paire EUR/CAD 1,47049 ⏎ ❌SL 1,44587 (246 pips)  ⏎ ✅TP1 1,50273 (322 pips)  ⏎ ✅TP2 1,54898 (784 pips)  ⏎  ⏎ 🎯Ratio : 3,2/1  ⏎  ⏎ 📊Type de trade : Swing Trading"
2130,messages3.html,2023-11-08T16:58:38+00:00,USD/CHF,USDCHF,True,SELL,keyword,0.89847,0.90689,0.89037,0.88234,0.86636,,3,3.8,Swing Trading,True,True,,"✔️Je vends la paire USD/CHF 0,89847 ⏎ ❌SL 0,90689 (85 pips)  ⏎ ✅TP1 0,89037 (82 pips) ⏎ ✅TP2 0,88234 (160 pips) ⏎ ✅TP3 0,86636 (321 pips)  ⏎  ⏎ 🎯Ratio : 3,8/1  ⏎  ⏎ 📊Type de trade : Swing Trading"
2132,messages3.html,2023-11-09T14:16:59+00:00,NZD/CHF,NZDCHF,False,BUY,keyword,0.53462,0.53136,0.53854,0.54375,,,2,2.8,Intraday / Swing Trading,True,True,,"✔️J’achète la paire NZD/CHF 0,53462  ⏎ ❌SL 0,53136 (32 pips)  ⏎ ✅TP1 0,53854 (38 pips)  ⏎ ✅TP2 0,54375 (91 pips)  ⏎  ⏎ 🎯Ratio : 2,8/1  ⏎  ⏎ 📊Type de trade : Intraday / Swing Trading"
2136,messages3.html,2023-11-10T13:51:05+00:00,nasdaq,US100,False,BUY,keyword,15225.0,14956.0,15370.0,15795.0,16188.0,,3,4.0,Intraday / Swing Trading,True,True,,✔️J’achète le Nasdaq 15225  ⏎ ❌SL 14956 ⏎ ✅TP1 15370 ⏎ ✅TP2 15795 ⏎ ✅TP3 16188 ⏎  ⏎ 🎯Ratio : 4/1  ⏎  ⏎ 📊Type de trade : Intraday / Swing Trading
2138,messages3.html,2023-11-10T14:07:15+00:00,AVAX/USDT,AVAXUSDT,False,BUY,keyword,13.1,12.02,14.6,17.1,,,2,3.6,Intraday / Swing Trading,True,True,,"✔️J’achète la crypto AVAX/USDT 13,10 ⏎ ❌SL 12,02  ⏎ ✅TP1 14,60 ⏎ ✅TP2 17,10  ⏎  ⏎ 🎯Ratio : 3,6/1  ⏎  ⏎ 📊Type de trade : Intraday / Swing Trading"
2148,messages3.html,2023-11-13T14:43:06+00:00,CAD/CHF,CADCHF,False,BUY,keyword,0.66366,0.64381,0.6702,0.70041,,,2,,Swing Trading,True,True,,"✔️J’achète la paire CAD/CHF 0,66366  ⏎ ❌SL 0,64381 (98 pips)  ⏎ ✅TP1 0,67020 (165 pips)  ⏎ ✅TP2 0,70041 (467 pips)  ⏎  ⏎ 🎯Ratio gains/pertes : 4,75/1  ⏎  ⏎ 📊Type de trade : Swing Trading"
2150,messages3.html,2023-11-13T15:36:14+00:00,ETH/USDT,ETHUSD,True,BUY,keyword,2087.0,2020.0,2162.0,2286.0,,,2,3.0,Intraday / Swing Trading,True,True,,✔️J’achète la crypto ETH/USDT 2087 ⏎ ❌SL 2020  ⏎ ✅TP1 2162  ⏎ ✅TP2 2286  ⏎  ⏎ 🎯Ratio : 3/1  ⏎  ⏎ 📊Type de trade : Intraday / Swing Trading
2157,messages3.html,2023-11-14T15:48:41+00:00,LINK/USDT,LINKUSDT,False,BUY,keyword,13.971,13.098,15.144,17.9,,,2,4.5,Intraday / Swing Trading,True,True,,"✔️J’achète la crypto LINK/USDT 13,971  ⏎ ❌SL 13,098 ⏎ ✅TP1 15,144 ⏎ ✅TP2 17,900 ⏎  ⏎ 🎯Ratio : 4,5/1  ⏎  ⏎ 📊Type de trade : Intraday / Swing Trading"
2162,messages3.html,2023-11-15T14:33:24+00:00,GBP/CHF,GBPCHF,False,SELL,keyword,1.10417,1.11318,1.09332,1.07068,,,2,3.7,Swing Trading,True,True,,"✔️Je vends la paire GBP/CHF 1,10417  ⏎ ❌SL 1,11318 (90 pips)  ⏎ ✅TP1 1,09332 (108 pips)  ⏎ ✅TP2 1,07068 (334 pips)  ⏎  ⏎ 🎯Ratio : 3,7/1  ⏎  ⏎ 📊Type de trade : Swing Trading"
2164,messages3.html,2023-11-15T14:50:28+00:00,gold,XAUUSD,True,SELL,geometry,1963.0,2006.0,1930.0,1837.0,,,2,3.0,Swing Trading,True,True,,✔️Je reprends une position vendeuse sur le Gold 1963  ⏎ ❌SL 2006  ⏎ ✅TP1 1930  ⏎ ✅TP2 1837  ⏎  ⏎ 🎯Ratio : 3/1  ⏎  ⏎ 📊Type de trade : Swing Trading
2166,messages3.html,2023-11-16T15:36:20+00:00,APT/USDT,APTUSDT,False,BUY,keyword,7.566,6.7264,8.5276,9.3713,,,2,3.3,Swing Trading,True,True,,"✔️J’achète la crypto APT/USDT 7,5660 ⏎ ❌SL 6,7264 ⏎ ✅TP1 8,5276 ⏎ ✅TP2 9,3713  ⏎  ⏎ 🎯Ratio : 3,3/1  ⏎  ⏎ 📊Type de trade : Swing Trading"
2169,messages3.html,2023-11-16T17:46:32+00:00,LINK/USDT,LINKUSDT,False,BUY,keyword,14.064,13.106,15.096,17.424,,,2,3.5,Swing Trading,True,True,,"✔️Je reprends une position acheteuse sur la crypto LINK/USDT 14,064 ⏎ ❌SL 13,106 ⏎ ✅TP1 15,096 ⏎ ✅TP2 17,424  ⏎  ⏎ 🎯Ratio : 3,5/1  ⏎  ⏎ 📊Type de trade : Swing Trading"
2171,messages3.html,2023-11-16T18:12:34+00:00,NZD/CAD,NZDCAD,False,BUY,keyword,0.82348,0.80576,0.84771,0.87875,,,2,3.0,Swing Trading,True,True,,"✔️J’achète la paire NZD/CAD 0,82348  ⏎ ❌SL 0,80576 (177 pips)  ⏎ ✅TP1 0,84771 (242 pips) ⏎ ✅TP2 0,87875 (552 pips)  ⏎  ⏎ 🎯Ratio : 3/1  ⏎  ⏎ 📊Type de trade : Swing Trading"
2173,messages3.html,2023-11-17T14:36:09+00:00,LINK/USDT,LINKUSDT,False,BUY,geometry,13.476,12.922,14.165,15.167,,,2,3.0,Intraday / Swing Trading,True,True,,"✔️Je renforce ma position sur LINK/USDT 13,476  ⏎ ❌SL 12,922 ⏎ ✅TP1 14,165 ⏎ ✅TP2 15,167  ⏎  ⏎ 🎯Ratio : 3/1  ⏎  ⏎ 📊Type de trade : Intraday / Swing Trading"
2174,messages3.html,2023-11-17T15:40:27+00:00,EUR/CHF,EURCHF,False,BUY,keyword,0.9645,0.95801,0.97284,0.9857,,,2,3.0,Swing Trading,True,True,,"✔️J’achète la paire EUR/CHF 0,96450 ⏎ ❌SL 0,95801 (70 pips)  ⏎ ✅TP1 0,97284  ⏎ ✅TP2 0,98570 (207 pips)  ⏎  ⏎ 🎯Ratio : 3/1  ⏎  ⏎ 📊Type de trade : Swing Trading"
2177,messages3.html,2023-11-17T16:14:40+00:00,FET/USDT,FETUSDT,False,BUY,keyword,0.4178,0.3879,0.4553,0.5146,,,2,3.2,Intraday,True,True,,"✔️J’achète la cryptomonnaie FET/USDT 0,4178 ⏎ ❌SL 0,3879 ⏎ ✅TP1 0,4553 ⏎ ✅TP2 0,5146  ⏎  ⏎ 🎯Ratio : 3,2/1  ⏎  ⏎ 📊Type de trade : Intraday"
2181,messages3.html,2023-11-18T15:43:06+00:00,,,False,BUY,keyword,0.8128,0.7377,0.8945,1.0218,,,2,3.0,Intraday / Swing Trading,True,True,,"✔️J’achète la cryptomonnaie MATIC/USDT 0,8128 ⏎ ❌SL 0,7377 ⏎ ✅TP1 0,8945 ⏎ ✅TP2 1,0218 ⏎  ⏎ 🎯Ratio : 3/1  ⏎  ⏎ 📊Type de trade : Intraday / Swing Trading"
2188,messages3.html,2023-11-21T15:58:45+00:00,SHIB/USDT,SHIBUSDT,False,BUY,keyword,0.0,0.0,0.0,0.0,,,2,3.5,Intraday / Swing Trading,True,False,SL>=entry pour BUY; TP<=entry pour BUY,"✔️J’achète la crypto SHIB/USDT 0,00…820 ⏎ ❌SL 0,00…756 ⏎ ✅TP1 0,00…904 ⏎ ✅TP2 0,00…1006 ⏎  ⏎ 🎯Ratio : 3,5/1  ⏎  ⏎ 📊Type de trade : Intraday / Swing Trading"
2190,messages3.html,2023-11-22T12:31:58+00:00,LINA/USDT,LINAUSDT,False,BUY,keyword,0.010079,0.009,0.012484,0.015037,,,2,,Swing Trading / Intraday,True,True,,"✔️J’achète la cryptomonnaie LINA/USDT 0,010079 ⏎ ❌SL 0,009000 ⏎ ✅TP1 0,012484 ⏎ ✅TP2 0,015037 ⏎  ⏎ 🎯Ratio gains/pertes : 4,5/1  ⏎  ⏎ 📊Type de trade : Swing Trading / Intraday"
2194,messages3.html,2023-11-22T18:16:47+00:00,ETH/USDT,ETHUSD,True,BUY,keyword,2035.0,1989.0,2096.0,2181.0,,,2,3.5,Intraday / Swing Trading,True,True,,"✔️J’achète la cryptomonnaie ETH/USDT 2035 ⏎ ❌SL 1989 ⏎ ✅TP1 2096 ⏎ ✅TP2 2181  ⏎  ⏎ 🎯Ratio : 3,5/1  ⏎  ⏎ 📊Type de trade : Intraday / Swing Trading"
2200,messages3.html,2023-11-24T15:51:53+00:00,GBP/CHF,GBPCHF,False,BUY,keyword,1.11133,1.10361,1.12057,1.13286,,,2,2.8,Swing Trading,True,True,,"✔️J’achète la paire GBP/CHF 1,11133 ⏎ ❌SL 1,10361 (77 pips)  ⏎ ✅TP1 1,12057 (91 pips) ⏎ ✅TP2 1,13286 (215 pips)  ⏎  ⏎ 🎯Ratio : 2,8/1  ⏎  ⏎ 📊Type de trade : Swing Trading"
2205,messages3.html,2023-11-26T23:33:55+00:00,GALA/USDT,GALAUSDT,False,BUY,keyword,0.02675,0.0237,0.03087,0.03667,,,2,3.25,Intraday / Swing Trading,True,True,,"✔️J’achète la cryptomonnaie GALA/USDT 0,02675 ⏎ ❌SL 0,02370 ⏎ ✅TP1 0,03087 ⏎ ✅TP2 0,03667 ⏎  ⏎ 🎯Ratio : 3,25/1  ⏎  ⏎ 📊Type de trade : Intraday / Swing Trading"
2208,messages3.html,2023-11-27T16:11:37+00:00,NZD/CHF,NZDCHF,False,BUY,keyword,0.53655,0.52765,0.54538,0.56418,,,2,3.0,Swing Trading,True,True,,"✔️J’achète la paire NZD/CHF 0,53655  ⏎ ❌SL 0,52765 (89 pips)  ⏎ ✅TP1 0,54538 (89 pips) ⏎ ✅TP2 0,56418 (276 pips)  ⏎  ⏎ 🎯Ratio : 3/1 ⏎  ⏎ 📊Type de trade : Swing Trading"
2212,messages3.html,2023-11-28T12:45:09+00:00,EUR/GBP,EURGBP,False,BUY,keyword,0.86766,0.86418,0.87209,0.87835,,,2,3.0,Swing Trading,True,True,,"✔️J’achète la paire EUR/GBP 0,86766 ⏎ ❌SL 0,86418 (35 pips)  ⏎ ✅TP1 0,87209 (44 pips)  ⏎ ✅TP2 0,87835 (106 pips) ⏎  ⏎ 🎯Ratio : 3/1  ⏎  ⏎ 📊Type de trade : Swing Trading"
2214,messages3.html,2023-11-28T14:03:15+00:00,NZD/USD,NZDUSD,False,BUY,keyword,0.61014,0.60669,0.61388,0.61844,,,2,2.5,Intraday,True,True,,"✔️J’achète la paire NZD/USD 0,61014 ⏎ ❌SL 0,60669 (35 pips)  ⏎ ✅TP1 0,61388 (38 pips)  ⏎ ✅TP2 0,61844 (83 pips) ⏎  ⏎ 🎯Ratio : 2,5/1  ⏎  ⏎ 📊Type de trade : Intraday"
2221,messages3.html,2023-11-29T15:15:27+00:00,CAD/JPY,CADJPY,False,SELL,keyword,108.514,109.512,107.297,105.587,,,2,3.0,Swing Trading,True,True,,"✔️Je vends la paire CAD/JPY 108,514  ⏎ ❌SL 109,512 (99 pips)  ⏎ ✅TP1 107,297 (121 pips)  ⏎ ✅TP2 105,587 (293 pips)  ⏎  ⏎ 🎯Ratio : 3/1  ⏎  ⏎ 📊Type de trade : Swing Trading"
2223,messages3.html,2023-11-29T15:56:05+00:00,STX/USDT,STXUSDT,False,BUY,keyword,0.7535,0.529,1.1749,1.7057,,,2,4.2,Swing Trading,True,False,TP2 hors plage (x2.26),"✔️J’achète la crypto STX/USDT 0,7535 ⏎ ❌SL 0,5290 ⏎ ✅TP1 1,1749 ⏎ ✅TP2 1,7057 ⏎  ⏎ 🎯Ratio : 4,2/1  ⏎  ⏎ 📊Type de trade : Swing Trading"
2225,messages3.html,2023-11-29T16:32:22+00:00,GAL/USDT,GALUSDT,False,BUY,keyword,1.602,1.091,2.509,4.157,,,2,5.0,Swing Trading,True,False,TP2 hors plage (x2.59),"✔️J’achète la crypto GAL/USDT 1,602  ⏎ ❌SL 1,091 ⏎ ✅TP1 2,509 ⏎ ✅TP2 4,157  ⏎  ⏎ 🎯Ratio : 5/1  ⏎  ⏎ 📊Type de trade : Swing Trading"
2226,messages3.html,2023-11-30T13:45:54+00:00,USD/CAD,USDCAD,False,BUY,keyword,1.36149,1.3497,1.38186,1.40711,,,2,3.8,Swing Trading,True,True,,"✔️J’achète la paire USD/CAD 1,36149 ⏎ ❌SL 1,34970 (119 pips)  ⏎ ✅TP1 1,38186 (196 pips)  ⏎ ✅TP2 1,40711 (456 pips)  ⏎  ⏎ 🎯Ratio : 3,8/1  ⏎  ⏎ 📊Type de trade : Swing Trading"
2229,messages3.html,2023-11-30T14:31:09+00:00,AUD/USD,AUDUSD,False,SELL,keyword,0.65909,0.66377,0.65376,0.64691,,,2,2.5,Swing Trading / Intraday,True,True,,"✔️Je vends la paire AUD/USD 0,65909 ⏎ ❌SL 0,66377 (49 pips)  ⏎ ✅TP1 0,65376 (51 pips) ⏎ ✅TP2 0,64691 (120 pips)  ⏎  ⏎ 🎯Ratio : 2,5/1  ⏎  ⏎ 📊Type de trade : Swing Trading / Intraday"
2232,messages3.html,2023-12-01T12:35:51+00:00,EUR/AUD,EURAUD,False,SELL,keyword,1.64548,1.67788,1.59074,1.52999,,,2,3.5,Swing Trading,True,True,,"✔️Je vends la paire EUR/AUD 1,64548 ⏎ ❌SL 1,67788 (324 pips)  ⏎ ✅TP1 1,59074 (547 pips)  ⏎ ✅TP2 1,52999 (1154 pips)  ⏎  ⏎ 🎯Ratio : 3,5/1  ⏎  ⏎ 📊Type de trade : Swing Trading"
2245,messages3.html,2023-12-09T15:15:55+00:00,HOOK/USDT,HOOKUSDT,False,BUY,keyword,1.1064,0.8084,1.5103,2.3484,3.5961,,3,8.0,Swing Trading,True,False,TP2 hors plage (x2.12); TP3 hors plage (x3.25),"✔️J’achète la crypto HOOK/USDT 1,1064 ⏎ ❌SL 0,8084 ⏎ ✅TP1 1,5103  ⏎ ✅TP2 2,3484 ⏎ ✅TP3 3,5961 ⏎  ⏎ 🎯Ratio : 8/1  ⏎  ⏎ 📊Type de trade : Swing Trading"
2250,messages3.html,2023-12-11T12:48:20+00:00,NZD/CHF,NZDCHF,False,BUY,keyword,0.53876,0.53615,0.54284,0.54794,,,2,3.3,Swing Trading / Intraday,True,True,,"✔️J’achète la paire NZD/CHF 0,53876 ⏎ ❌SL 0,53615 (27 pips)  ⏎ ✅TP1 0,54284 (40 pips)  ⏎ ✅TP2 0,54794 (91 pips)  ⏎  ⏎ 🎯Ratio : 3,3/1  ⏎  ⏎ 📊Type de trade : Swing Trading / Intraday"
2252,messages3.html,2023-12-11T14:00:33+00:00,GBP/CHF,GBPCHF,False,BUY,keyword,1.10702,1.09782,1.11936,1.13814,,,2,3.3,Swing Trading,True,True,,"✔️J’achète la paire GBP/CHF 1,10702  ⏎ ❌SL 1,09782 (92 pips)  ⏎ ✅TP1 1,11936 (123 pips)  ⏎ ✅TP2 1,13814 (311 pips)  ⏎  ⏎ 🎯Ratio : 3,3/1  ⏎  ⏎ 📊Type de trade : Swing Trading"
2254,messages3.html,2023-12-12T14:35:03+00:00,sp500,US500,True,SELL,keyword,4619.0,4642.0,4597.0,4544.0,,,2,3.3,Intraday,True,True,,"✔️Je vends le S&P500 4619 ⏎ ❌SL 4642  ⏎ ✅TP1 4597  ⏎ ✅TP2 4544 ⏎  ⏎ 🎯Ratio : 3,3/1  ⏎  ⏎ 📊Type de trade : Intraday"
2256,messages3.html,2023-12-12T15:55:46+00:00,GBP/CHF,GBPCHF,False,SELL,geometry,1.0028,1.09782,1.11484,1.13731,,,2,15.0,Swing Trading,False,False,TP>=entry pour SELL,"✔️Je renforce ma position sur GBP/CHF 1,0028 ⏎ ❌SL 1,09782 ⏎ ✅TP1 1,11484 ⏎ ✅TP2 1,13731 ⏎  ⏎ 🎯Ratio : 15/1  ⏎  ⏎ 📊Type de trade : Swing Trading"
2257,messages3.html,2023-12-12T16:29:59+00:00,USD/CAD,USDCAD,False,BUY,keyword,1.36081,1.35154,1.37006,1.37674,1.38945,,3,,Swing Trading,True,True,,"✔️J’achète la paire USD/CAD 1,36081 ⏎ ❌SL 1,35154 (92 pips)  ⏎ ✅TP1 1,37006 (92 pips)  ⏎ ✅TP2 1,37674 (178 pips) ⏎ ✅TP3 1,38945 (286 pips)  ⏎  ⏎ 🎯Ratio gains/pertes : 3,09/1  ⏎  ⏎ 📊Type de trade : Swing Trading"
2261,messages3.html,2023-12-12T23:08:13+00:00,NZD/CHF,NZDCHF,False,BUY,keyword,0.53652,0.5341,0.54002,0.54731,,,2,4.5,Intraday / Swing Trading,True,True,,"✔️Je rachète la paire NZD/CHF 0,53652 ⏎ ❌SL 0,5341 (24 pips) ⏎ ✅TP1 0,54002 (35 pips)  ⏎ ✅TP2 0,54731 (107 pips)  ⏎  ⏎ 🎯Ratio : 4,5/1  ⏎  ⏎ 📊Type de trade : Intraday / Swing Trading"
2265,messages3.html,2023-12-13T12:34:03+00:00,RNDR/USDT,RNDRUSDT,False,BUY,keyword,4.006,3.748,4.286,4.777,,,2,3.0,Intraday,True,True,,"✔️J’achète la cryptomonnaie RNDR/USDT 4,006  ⏎ ❌SL 3,748  ⏎ ✅TP1 4,286 ⏎ ✅TP2 4,777 ⏎  ⏎ 🎯Ratio : 3/1  ⏎  ⏎ 📊Type de trade : Intraday"
2267,messages3.html,2023-12-13T12:47:55+00:00,AVAX/USDT,AVAXUSDT,False,BUY,keyword,36.65,32.39,42.15,50.53,,,2,3.3,Intraday,True,True,,"✔️J’achète la cryptomonnaie AVAX/USDT 36,65  ⏎ ❌SL 32,39  ⏎ ✅TP1 42,15  ⏎ ✅TP2 50,53  ⏎  ⏎ 🎯Ratio : 3,3/1 ⏎  ⏎ 📊Type de trade : Intraday"
2269,messages3.html,2023-12-13T13:19:02+00:00,GBP/CAD,GBPCAD,False,SELL,keyword,1.69986,1.7177,1.67893,1.63762,,,2,3.5,Swing Trading,True,True,,"✔️Je vends la paire GBP/CAD 1,69986 ⏎ ❌SL 1,71770 (178 pips)  ⏎ ✅TP1 1,67893 (209 pips) ⏎ ✅TP2 1,63762 (622 pips)  ⏎  ⏎ 🎯Ratio : 3,5/1  ⏎  ⏎ 📊Type de trade : Swing Trading"
2274,messages3.html,2023-12-13T13:56:56+00:00,USD/CAD,USDCAD,False,SELL,keyword,1.35675,1.3641,1.34933,1.33658,,,2,2.74,Intraday / Swing Trading,True,True,,"✔️Je vends la paire USD/CAD 1,35675  ⏎ ❌SL 1,36410 (74 pips)  ⏎ ✅TP1 1,34933 ⏎ ✅TP2 1,33658 (201 pips)  ⏎  ⏎ 🎯Ratio : 2,74/1  ⏎  ⏎ 📊Type de trade : Intraday / Swing Trading"
2275,messages3.html,2023-12-13T16:10:03+00:00,nasdaq100,US100,False,SELL,keyword,16406.0,16446.0,16375.0,16257.0,,,2,4.0,Intraday,False,True,,✔️Je vends le Nasdaq100 16406  ⏎ ❌SL 16446 ⏎ ✅TP1 16375  ⏎ ✅TP2 16257  ⏎  ⏎ 🎯Ratio : 4/1  ⏎  ⏎ 📊Type de trade : Intraday  ⏎  ⏎ ⚠️FED à 20h00
2284,messages3.html,2023-12-15T17:46:11+00:00,CAD/CHF,CADCHF,False,BUY,keyword,0.64922,0.63963,65900.0,0.68265,,,2,3.5,Swing Trading,True,False,TP1 hors plage (x101506.42),"✔️J'achète la paire CAD/CHF 0,64922          ⏎ ❌SL 0,63963 (95 pips) ⏎ ✅TP1 ,065900 (98 pips)   ⏎ ✅TP2 0,68265 (334 pips)  ⏎  ⏎ 🎯Ratio : 3,5/1  ⏎  ⏎ 📊Type de trade : Swing Trading"
2288,messages3.html,2023-12-18T17:11:07+00:00,gold,XAUUSD,True,SELL,keyword,2022.29,2050.0,1987.85,1937.73,,,2,3.0,Swing Trading,True,True,,"✔️Je vends le Gold 2022,29  ⏎ ❌SL 2050,00 ⏎ ✅TP1 1987,85 ⏎ ✅TP2 1937,73  ⏎  ⏎ 🎯Ratio : 3/1  ⏎  ⏎ 📊Type de trade : Swing Trading"
2290,messages3.html,2023-12-18T22:48:16+00:00,OP/USDT,OPUSDT,False,BUY,keyword,2.225,1.968,2.479,2.975,,,2,3.0,Intraday / Swing Trading,True,True,,"✔️J’achète la crypto OP/USDT 2,225 ⏎ ❌SL 1,968 ⏎ ✅TP1 2,479 ⏎ ✅TP2 2,975  ⏎  ⏎ 🎯Ratio : 3/1  ⏎  ⏎ 📊Type de trade : Intraday / Swing Trading"
2292,messages3.html,2023-12-19T14:43:17+00:00,NZD/USD,NZDUSD,False,BUY,keyword,0.6257,0.62122,0.63011,0.63753,,,2,3.0,Intraday,True,True,,"✔️J’achète la paire NZD/USD 0,62570 ⏎ ❌SL 0,62122 ⏎ ✅TP1 0,63011 ⏎ ✅TP2 0,63753  ⏎  ⏎ 🎯Ratio : 3/1  ⏎  ⏎ 📊Type de trade : Intraday"
2294,messages3.html,2023-12-19T15:14:20+00:00,GBP/JPY,GBPJPY,True,SELL,keyword,183.351,185.416,180.087,175.054,,,2,4.0,Swing Trading,True,True,,"✔️Je vends la paire GBP/JPY 183,351 ⏎ ❌SL 185,416 (206 pips)  ⏎ ✅TP1 180,087 (326 pips)  ⏎ ✅TP2 175,054 (829 pips)  ⏎  ⏎ 🎯Ratio : 4/1  ⏎  ⏎ 📊Type de trade : Swing Trading"
2296,messages3.html,2023-12-19T16:33:05+00:00,nasdaq,US100,False,SELL,keyword,16824.0,16839.0,16795.0,16765.0,,,2,4.0,Intraday / Scalping,True,True,,✔️Je vends le Nasdaq 16824 ⏎ ❌SL 16839 ⏎ ✅TP1 16795  ⏎ ✅TP2 16765 ⏎  ⏎ 🎯Ratio : 4/1  ⏎  ⏎ 📊Type de trade : Intraday / Scalping
2302,messages3.html,2023-12-21T14:04:20+00:00,APT/USDT,APTUSDT,False,BUY,keyword,8.377,7.5086,9.5282,11.9117,,,2,4.0,Swing Trading,True,True,,"✔️Je rachète la crypto APT/USDT 8,3770 ⏎ ❌SL 7,5086 ⏎ ✅TP1 9,5282 ⏎ ✅TP2 11,9117 ⏎  ⏎ 🎯Ratio : 4/1  ⏎  ⏎ 📊Type de trade : Swing Trading"
2304,messages3.html,2023-12-22T13:26:10+00:00,ETH/USDT,ETHUSD,True,BUY,keyword,2294.0,2187.0,2404.0,2621.0,,,2,3.0,Intraday / Swing Trading,True,True,,✔️J’achète la crypto ETH/USDT 2294  ⏎ ❌SL 2187  ⏎ ✅TP1 2404 ⏎ ✅TP2 2621  ⏎  ⏎ 🎯Ratio : 3/1  ⏎  ⏎ 📊Type de trade : Intraday / Swing Trading
2311,messages3.html,2023-12-26T16:14:56+00:00,EUR/CHF,EURCHF,False,BUY,keyword,0.94364,0.9393,0.9488,0.9559,,,2,3.0,Swing Trading,True,True,,"✔️J’achète la paire EUR/CHF 0,94364  ⏎ ❌SL 0,93930 (40 pips)  ⏎ ✅TP1 0,94880 (54 pips)  ⏎ ✅TP2 0,95590 (125 pips)  ⏎  ⏎ 🎯Ratio : 3/1  ⏎  ⏎ 📊Type de trade : Swing Trading"
2313,messages3.html,2023-12-27T14:50:42+00:00,DYDX/USDT,DYDXUSDT,False,BUY,keyword,3.442,2.778,4.127,5.511,,,2,3.0,Swing Trading,True,True,,"✔️J’achète le cryptomonnaie DYDX/USDT 3,442 ⏎ ❌SL 2,778  ⏎ ✅TP1 4,127? ⏎ ✅TP2 5,511  ⏎  ⏎ 🎯Ratio : 3/1  ⏎  ⏎ 📊Type de trade : Swing Trading"
2315,messages3.html,2023-12-27T15:47:37+00:00,nasdaq100,US100,False,SELL,keyword,16911.0,16988.0,16753.0,16588.0,,,2,4.2,Intraday / Swing Trading,True,True,,"✔️Je vends le Nasdaq100 16911 ⏎ ❌SL 16988 ⏎ ✅TP1 16753 ⏎ ✅TP2 16588  ⏎  ⏎ 🎯Ratio : 4,2/1  ⏎  ⏎ 📊Type de trade : Intraday / Swing Trading"
2318,messages3.html,2023-12-28T14:38:18+00:00,nasdaq,US100,False,SELL,keyword,16967.0,17012.0,16902.0,16792.0,,,2,3.5,Swing Trading / Intraday,False,True,,"✔️Je revends le Nasdaq 16967 ⏎ ❌SL 17012  ⏎ ✅TP1 16902 ⏎ ✅TP2 16792  ⏎  ⏎ 🎯Ratio : 3,5/1  ⏎  ⏎ 📊Type de trade : Swing Trading / Intraday"
2322,messages3.html,2023-12-29T14:00:39+00:00,nasdaq,US100,False,SELL,geometry,16925.0,16995.0,16786.0,16599.0,,,2,4.5,Intraday / Swing Trading,True,True,,"✔️Je reprends une nouvelle position sur le Nasdaq 16925 ⏎ ❌SL 16995 ⏎ ✅TP1 16786  ⏎ ✅TP2 16599 ⏎  ⏎ 🎯Ratio : 4,5/1  ⏎  ⏎ 📊Type de trade : Intraday / Swing Trading"
2328,messages3.html,2024-01-02T18:25:48+00:00,dow,US30,True,SELL,keyword,37775.0,37955.0,37537.0,37131.0,,,2,,Swing Trading / Intraday,True,True,,"✔️Je vends l’indice Dow Jones (US30) 37775 ⏎ ❌SL 37955 ⏎ ✅TP1 37537 ⏎ ✅TP2 37131  ⏎  ⏎ 🎯Ratio gains/pertes : 3,5/1  ⏎  ⏎ 📊Type de trade : Swing Trading / Intraday"
2333,messages3.html,2024-01-03T16:27:27+00:00,GBP/CHF,GBPCHF,False,BUY,keyword,1.07741,1.06829,1.08867,1.10763,,,2,3.3,Swing Trading,True,True,,"✔️J’achète la paire GBP/CHF 1,07741  ⏎ ❌SL 1,06829 (91 pips)  ⏎ ✅TP1 1,08867 (112 pips)  ⏎ ✅TP2 1,10763 (302 pips)  ⏎  ⏎ 🎯Ratio : 3,3/1  ⏎  ⏎ 📊Type de trade : Swing Trading"
2335,messages3.html,2024-01-04T14:17:50+00:00,USD/CHF,USDCHF,True,BUY,keyword,0.85136,0.84586,0.86137,0.87814,,,2,5.0,Swing Trading / Intraday,True,True,,"✔️J’achète la paire USD/CHF 0,85136 ⏎ ❌SL 0,84586 (55 pips)  ⏎ ✅TP1 0,86137 (100 pips)  ⏎ ✅TP2 0,87814 (297 pips)  ⏎  ⏎ 🎯Ratio : 5/1  ⏎  ⏎ 📊Type de trade : Swing Trading / Intraday"
2338,messages3.html,2024-01-05T13:54:32+00:00,EUR/NZD,EURNZD,False,BUY,keyword,1.75683,1.74791,1.77374,1.79542,,,2,5.0,Intraday / Swing Trading,True,True,,"✔️J’achète la paire de devises EUR/NZD 1,75683 ⏎ ❌SL 1,74791 (79 pips)  ⏎ ✅TP1 1,77374 (169 pips)  ⏎ ✅TP3 1,79542 (385 pips)  ⏎  ⏎ 🎯Ratio : 5/1  ⏎  ⏎ 📊Type de trade : Intraday / Swing Trading"
2339,messages3.html,2024-01-05T14:02:50+00:00,nasdaq100,US100,False,BUY,keyword,16257.0,16214.0,16324.0,16377.0,,,2,3.0,Intraday / Scalping,False,True,,✔️J’achète le Nasdaq100 16257 ⏎ ❌SL 16214  ⏎ ✅TP1 16324  ⏎ ✅TP2 16377  ⏎  ⏎ 🎯Ratio : 3/1  ⏎  ⏎ 📊Type de trade : Intraday / Scalping
2347,messages3.html,2024-01-08T14:54:15+00:00,GBP/JPY,GBPJPY,True,SELL,keyword,183.411,184.567,181.763,178.898,,,2,4.0,Swing Trading,True,True,,"✔️Je vends la paire GBP/JPY 183,411  ⏎ ❌SL 184,567 (115 pips)  ⏎ ✅TP1 181,763 (164 pips) ⏎ ✅TP2 178,898 (451 pips)  ⏎  ⏎ 🎯Ratio : 4/1  ⏎  ⏎ 📊Type de trade : Swing Trading"
2351,messages3.html,2024-01-10T14:19:27+00:00,nasdaq,US100,False,BUY,keyword,16687.0,16639.0,16752.0,16851.0,,,2,3.4,Intraday,True,True,,"✔️J’achète le Nasdaq 16687 ⏎ ❌SL 16639 ⏎ ✅TP1 16752  ⏎ ✅TP2 16851  ⏎  ⏎ 🎯Ratio : 3,4/1  ⏎  ⏎ 📊Type de trade : Intraday"
2358,messages3.html,2024-01-10T22:24:25+00:00,DOT/USDT,DOTUSDT,False,BUY,keyword,7.842,6.109,11.846,23.481,,,2,9.0,Long terme,True,False,TP2 hors plage (x2.99),"✔️J’achète la cryptomonnaie DOT/USDT 7,842  ⏎ ❌SL 6,109 ⏎ ✅TP1 11,846 ⏎ ✅TP2 23,481 ⏎  ⏎ 🎯Ratio : 9/1  ⏎  ⏎ 📊Type de trade : Long terme"
2359,messages3.html,2024-01-10T22:29:23+00:00,ETC/USDT,ETCUSDT,False,BUY,keyword,23.8,17.37,43.18,122.36,,,2,12.0,Long terme,True,False,TP2 hors plage (x5.14),"✔️J’achète la cryptomonnaie ETC/USDT 23,80 ⏎ ❌SL 17,37  ⏎ ✅TP1 43,18  ⏎ ✅TP2 122,36  ⏎  ⏎ 🎯Ratio : 12/1  ⏎  ⏎ 📊Type de trade : Long terme"
2360,messages3.html,2024-01-12T11:02:55+00:00,APT/USDT,APTUSDT,False,BUY,keyword,9.5068,6.8444,12.81,22.7479,,,2,5.72,Swing Trading,True,False,TP2 hors plage (x2.39),"✔️Je rachète la crypto APT/USDT 9,5068 ⏎ ❌SL 6,8444 ⏎ ✅TP1 12,81 ⏎ ✅TP2 22,7479 ⏎  ⏎ 🎯Ratio : 5,72/1  ⏎  ⏎ 📊Type de trade : Swing Trading"
2362,messages3.html,2024-01-12T11:07:34+00:00,GALA/USDT,GALAUSDT,False,BUY,keyword,0.02784,0.0211,0.4464,0.07723,,,2,7.6,Swing Trading,True,False,TP1 hors plage (x16.03); TP2 hors plage (x2.77),"✔️J’achète la crypto GALA/USDT 0,02784  ⏎ ❌SL 0,02110 ⏎ ✅TP1 0,4464 ⏎ ✅TP2 0,07723  ⏎  ⏎ 🎯Ratio : 7,6/1  ⏎  ⏎ 📊Type de trade : Swing Trading"
2364,messages3.html,2024-01-12T13:25:02+00:00,USD/CAD,USDCAD,False,BUY,keyword,1.33778,1.33376,1.34371,1.35001,,,2,3.0,Intraday / Swing Trading,True,True,,"✔️J’achète la paire USD/CAD 1,33778 ⏎ ❌SL 1,33376 ⏎ ✅TP1 1,34371 ⏎ ✅TP2 1,35001 ⏎  ⏎ 🎯Ratio : 3/1  ⏎  ⏎ 📊Type de trade : Intraday / Swing Trading"
2371,messages3.html,2024-01-15T14:23:44+00:00,FLOW/USDT,FLOWUSDT,False,BUY,keyword,0.815,0.653,1.176,2.124,,,2,8.0,Swing Trading,True,False,TP2 hors plage (x2.61),"✔️J’achète la crypto FLOW/USDT 0,815  ⏎ ❌SL 0,653 ⏎ ✅TP1 1,176  ⏎ ✅TP2 2,124  ⏎  ⏎ 🎯Ratio : 8/1  ⏎  ⏎ 📊Type de trade : Swing Trading"
2373,messages3.html,2024-01-15T15:32:23+00:00,BNB/USDT,BNBUSDT,False,BUY,keyword,313.7,291.1,335.8,380.8,,,2,,Swing Trading,True,True,,"✔️J’achète la cryptomonnaie BNB/USDT 313,7 ⏎ ❌SL 291,1 ⏎ ✅TP1 335,8 ⏎ ✅TP2 380,8 ⏎  ⏎ 🎯Ratio gains/pertes : 3/1  ⏎  ⏎ 📊Type de trade : Swing Trading"
2376,messages3.html,2024-01-16T01:10:54+00:00,GRT/USDT,GRTUSDT,False,BUY,keyword,0.1678,0.1333,0.22,0.3008,,,2,5.0,Swing Trading,False,True,,"✔️J’achète la crypto GRT/USDT 0,1678 ⏎ ❌SL 0,1333 ⏎ ✅TP1 0,2200 ⏎ ✅TP2 0,3008 ⏎  ⏎ 🎯Ratio : 5/1  ⏎  ⏎ 📊Type de trade : Swing Trading"
2378,messages3.html,2024-01-16T15:16:57+00:00,nasdaq,US100,False,BUY,keyword,16793.0,16736.0,16904.0,16994.0,,,2,3.0,Intraday,True,True,,✔️J’achète le Nasdaq 16793 ⏎ ❌SL 16736  ⏎ ✅TP1 16904  ⏎ ✅TP2 16994  ⏎  ⏎ 🎯Ratio : 3/1  ⏎  ⏎ 📊Type de trade : Intraday
2383,messages3.html,2024-01-16T21:38:51+00:00,,,False,BUY,keyword,1.068,0.911,1.414,2.039,,,2,6.3,Swing Trading,True,True,,"✔️J’achète la cryptomonnaie THETA/USDT 1,068  ⏎ ❌SL 0,911 ⏎ ✅TP1 1,414 ⏎ ✅TP2 2,039 ⏎  ⏎ 🎯Ratio : 6,3/1 ⏎  ⏎ 📊Type de trade : Swing Trading"
2385,messages3.html,2024-01-17T15:45:21+00:00,SOL/USDT,SOLUSDT,False,BUY,keyword,99.68,89.62,115.43,139.8,,,2,4.0,Swing Trading / Intraday,True,True,,"✔️J’achète la cryptomonnaie SOL/USDT 99,68 ⏎ ❌SL 89,62 ⏎ ✅TP1 115,43 ⏎ ✅TP2 139,80 ⏎  ⏎ 🎯Ratio : 4/1  ⏎  ⏎ 📊Type de trade : Swing Trading / Intraday"
2387,messages3.html,2024-01-18T13:45:25+00:00,nasdaq,US100,False,SELL,keyword,16888.0,16953.0,16810.0,16683.0,,,2,4.0,Intraday,True,True,,✔️Je vends le Nasdaq 16888 ⏎ ❌SL 16953 ⏎ ✅TP1 16810 ⏎ ✅TP2 16683 ⏎  ⏎ 🎯Ratio : 4/1  ⏎  ⏎ 📊Type de trade : Intraday
2389,messages3.html,2024-01-18T16:16:51+00:00,GBP/USD,GBPUSD,True,BUY,keyword,1.26791,1.25766,1.28208,1.30841,,,2,4.0,Swing Trading,True,True,,"✔️J’achète la paire GBP/USD 1,26791  ⏎ ❌SL 1,25766 (102 pips)  ⏎ ✅TP1 1,28208 ⏎ ✅TP2 1,30841 (405 pips)  ⏎  ⏎ 🎯Ratio : 4/1  ⏎  ⏎ 📊Type de trade : Swing Trading"
2391,messages3.html,2024-01-19T13:41:35+00:00,TRX/USDT,TRXUSDT,False,BUY,keyword,0.10946,0.10168,0.11977,0.13377,,,2,3.0,Swing Trading,True,True,,"✔️J’achète la cryptomonnaie TRX/USDT 0,10946 ⏎ ❌SL 0,10168 (778 pips) ⏎ ✅TP1 0,11977 (1031 pips)  ⏎ ✅TP2 0,13377 (2431 pips)  ⏎  ⏎ 🎯Ratio : 3/1  ⏎  ⏎ 📊Type de trade : Swing Trading"
2395,messages3.html,2024-01-22T14:38:53+00:00,EUR/CHF,EURCHF,False,BUY,keyword,0.94582,0.94429,0.9495,0.95078,,,2,3.2,Intraday,True,True,,"✔️J’achète la paire EUR/CHF 0,94582 ⏎ ❌SL 0,94429 (16 pips)  ⏎ ✅TP1 0,94950 (26 pips)  ⏎ ✅TP2 0,95078 (50 pips)  ⏎  ⏎ 🎯Ratio : 3,2/1  ⏎  ⏎ 📊Type de trade : Intraday"
2398,messages3.html,2024-01-23T14:37:00+00:00,EUR/AUD,EURAUD,False,SELL,keyword,1.65004,1.66077,1.62967,1.59308,,,2,5.2,Swing Trading,True,True,,"✔️Je vends la paire EUR/AUD 1,65004 ⏎ ❌SL 1,66077 (108 pips)  ⏎ ✅TP1 1,62967 (202 pips) ⏎ ✅TP2 1,59308 (568 pips)  ⏎  ⏎ 🎯Ratio : 5,2/1  ⏎  ⏎ 📊Type de trade : Swing Trading"
2401,messages3.html,2024-01-23T17:21:51+00:00,nasdaq,US100,False,SELL,keyword,17349.0,17389.0,17283.0,17199.0,,,2,3.5,Intraday / Swing Trading,True,True,,"✔️Je vends le Nasdaq 17349 ⏎ ❌SL 17389 ⏎ ✅TP1 17283 ⏎ ✅TP2 17199 ⏎  ⏎ 🎯Ratio : 3,5/1  ⏎  ⏎ 📊Type de trade : Intraday / Swing Trading"
2405,messages3.html,2024-01-23T20:42:30+00:00,,,False,BUY,geometry,17389.0,14330.0,17330.0,17230.0,,,2,3.0,Intraday / Swing Trading,False,False,TP<=entry pour BUY,✔️Je reprends une position vendeuse 17389  ⏎ ❌SL 14330  ⏎ ✅TP1 17330  ⏎ ✅TP2 17230  ⏎  ⏎ 🎯Ratio : 3/1  ⏎  ⏎ 📊Type de trade : Intraday / Swing Trading
2406,messages3.html,2024-01-23T23:44:52+00:00,CHZ/USDT,CHZUSDT,False,BUY,keyword,0.09971,0.06577,0.16748,0.36605,,,2,8.0,Long terme,True,False,TP2 hors plage (x3.67),"✔️J’achète la cryptomonnaie CHZ/USDT 0,09971  ⏎ ❌SL 0,06577 (3307 pips)  ⏎ ✅TP1 0,16748 (6864 pips) ⏎ ✅TP2 0,36605 (26721 pips)  ⏎  ⏎ 🎯Ratio : 8/1  ⏎  ⏎ 📊Type de trade : Long terme"
2408,messages3.html,2024-01-24T13:58:29+00:00,nasdaq100,US100,False,SELL,keyword,17563.0,17610.0,17486.0,17360.0,,,2,4.5,Intraday,True,True,,"✔️Je vends le Nasdaq100 17563 ⏎ ❌SL 17610 ⏎ ✅TP1 17486 ⏎ ✅TP2 17360  ⏎  ⏎ 🎯Ratio : 4,5/1  ⏎  ⏎ 📊Type de trade : Intraday"
2411,messages3.html,2024-01-24T17:53:48+00:00,petrole,USOIL,True,BUY,keyword,75.01,69.72,80.9,93.85,,,2,4.0,Swing Trading,True,True,,"✔️J’achète le Pétrole (USOIL) 75,01 ⏎ ❌SL 69,72 (501 pips)  ⏎ ✅TP1 80,90 (622 pips) ⏎ ✅TP2 93,85 (1912 pips)  ⏎  ⏎ 🎯Ratio : 4/1  ⏎  ⏎ 📊Type de trade : Swing Trading"
2413,messages3.html,2024-01-25T13:45:15+00:00,dax,GER30,True,BUY,keyword,16849.0,16730.0,17002.0,17318.0,,,2,3.5,Swing Trading /,True,True,,"✔️J’achète l’indice GER30 (DAX) 16849  ⏎ ❌SL 16730 (113 points)  ⏎ ✅TP1 17002 (159 points)  ⏎ ✅TP2 17318 (475 points)  ⏎  ⏎ 🎯Ratio : 3,5/1  ⏎  ⏎ 📊Type de trade : Swing Trading /"
2416,messages3.html,2024-01-26T14:13:46+00:00,nasdaq,US100,False,SELL,keyword,17471.0,17529.0,17413.0,17262.0,,,2,3.5,Intraday,True,True,,"✔️Je vends le Nasdaq 17471 ⏎ ❌SL 17529 ⏎ ✅TP1 17413  ⏎ ✅TP2 17262  ⏎  ⏎ 🎯Ratio : 3,5/1  ⏎  ⏎ 📊Type de trade : Intraday"
2422,messages3.html,2024-01-29T16:26:26+00:00,SAND/USDT,SANDUSDT,False,BUY,keyword,0.4568,0.4361,0.4919,0.5486,,,2,4.4,Swing Trading,True,True,,"✔️J’achète la cryptomonnaie SAND/USDT 0,4568 ⏎ ❌SL 0,4361  ⏎ ✅TP1 0,4919 ⏎ ✅TP2 0,5486  ⏎  ⏎ 🎯Ratio : 4,4/1  ⏎  ⏎ 📊Type de trade : Swing Trading"
2424,messages3.html,2024-01-30T14:58:21+00:00,GRT/USDT,GRTUSDT,False,BUY,keyword,0.1598,0.1462,0.189,0.2194,,,2,4.4,Swing Trading,True,True,,"✔️J’achète la cryptomonnaie GRT/USDT 0,1598 ⏎ ❌SL 0,1462  ⏎ ✅TP1 0,1890 ⏎ ✅TP2 0,2194  ⏎  ⏎ 🎯Ratio : 4,4/1  ⏎  ⏎ 📊Type de trade : Swing Trading"
2426,messages3.html,2024-01-31T14:34:12+00:00,XAU/USD,XAUUSD,True,BUY,keyword,2043.0,2022.0,2059.0,2077.0,2117.0,,3,3.4,Swing Trading,True,True,,"✔️J’achète le Gold (XAU/USD) 2043 ⏎ ❌SL 2022  ⏎ ✅TP1 2059 ⏎ ✅TP2 2077 ⏎ ✅TP3 2117  ⏎  ⏎ 🎯Ratio : 3,4/1  ⏎  ⏎ 📊Type de trade : Swing Trading"
2428,messages3.html,2024-01-31T16:04:08+00:00,ETC/USDT,ETCUSDT,False,BUY,geometry,24.75,23.37,26.98,31.59,,,2,5.0,Swing Trading,True,True,,"✔️Je renforce ma position sur la cryptomonnaie ETC/USDT 24,75 ⏎ ❌SL 23,37  ⏎ ✅TP1 26,98 ⏎ ✅TP2 31,59 ⏎  ⏎ 🎯Ratio : 5/1  ⏎  ⏎ 📊Type de trade : Swing Trading"
2430,messages3.html,2024-02-02T09:51:24+00:00,LINK/USDT,LINKUSDT,False,BUY,keyword,17.856,14.055,23.03,34.32,,,2,4.4,Swing Trading,True,True,,"✔️J’achète la cryptomonnaie LINK/USDT 17,856 ⏎ ❌SL 14,055 ⏎ ✅TP1 23,03 ⏎ ✅TP2 34,32 ⏎  ⏎ 🎯Ratio : 4,4/1  ⏎  ⏎ 📊Type de trade : Swing Trading"
2432,messages3.html,2024-02-02T14:23:04+00:00,GBP/NZD,GBPNZD,False,BUY,keyword,2.08098,2.06585,2.10226,2.12654,,,2,3.0,Intraday,True,True,,"✔️J’achète la paire GBP/NZD 2,08098 ⏎ ❌SL 2,06585 (151 pips) ⏎ ✅TP1 2,10226 (212 pips)  ⏎ ✅TP2 2,12654 (455 pips)  ⏎  ⏎ 🎯Ratio : 3/1  ⏎  ⏎ 📊Type de trade : Intraday"
2436,messages3.html,2024-02-05T14:22:21+00:00,,,False,BUY,keyword,0.7921,0.6786,1.0474,1.5004,,,2,6.0,,True,True,,"✔️J’achète la cryptomonnaie MATIC/USDT 0,7921 ⏎ ❌SL 0,6786 ⏎ ✅TP1 1,0474 ⏎ ✅TP2 1,5004 ⏎  ⏎ 🎯Ratio : 6/1  ⏎  ⏎ 📊Type de grade : Swing Trading"
2440,messages3.html,2024-02-06T13:47:01+00:00,GBP/AUD,GBPAUD,False,BUY,keyword,1.93319,1.92024,1.94947,1.97141,,,2,3.0,Intraday / Swing Trading,True,True,,"✔️J’achète la paire GBP/AUD 1,93319 ⏎ ❌SL 1,92024 (129 pips)  ⏎ ✅TP1 1,94947 (162 pips)  ⏎ ✅TP2 1,97141 (382 pips)  ⏎  ⏎ 🎯Ratio : 3/1  ⏎  ⏎ 📊Type de trade : Intraday / Swing Trading"
2444,messages3.html,2024-02-07T14:11:45+00:00,nasdaq,US100,False,BUY,keyword,17674.0,17574.0,17796.0,17944.0,,,2,3.0,Intraday,True,True,,✔️J’achète le Nasdaq 17674 ⏎ ❌SL 17574  ⏎ ✅TP1 17796 ⏎ ✅TP2 17944  ⏎  ⏎ 🎯Ratio : 3/1  ⏎  ⏎ 📊Type de trade : Intraday
2449,messages3.html,2024-02-09T16:19:14+00:00,NZD/CAD,NZDCAD,False,BUY,keyword,0.82677,0.81183,0.84899,0.8788,,,2,3.5,Swing Trading,True,True,,"✔️J’achète la paire NZD/CAD 0,82677 ⏎ ❌SL 0,81183 (149 pips)  ⏎ ✅TP1 0,84899 (220 pips)  ⏎ ✅TP2 0,87880 (516 pips)  ⏎  ⏎ 🎯Ratio : 3,5/1  ⏎  ⏎ 📊Type de trade : Swing Trading"
2453,messages3.html,2024-02-12T14:25:23+00:00,USD/CNH,USDCNH,False,BUY,keyword,7.2171,7.13284,7.34635,7.46096,,,2,3.0,Swing Trading,True,True,,"✔️J’achète la paire USD/CNH 7,21710 ⏎ ❌SL 7,13284 (846 pips)  ⏎ ✅TP1 7,34635  ⏎ ✅TP2 7,46096 (2435 pips)  ⏎  ⏎ 🎯Ratio : 3/1  ⏎  ⏎ 📊Type de trade : Swing Trading"
2455,messages3.html,2024-02-12T14:48:07+00:00,ORDI/USDT,ORDIUSDT,False,BUY,keyword,62.625,57.969,69.573,88.335,,,2,5.5,Swing Trading / Intraday,True,True,,"✔️J’achète la cryptomonnaie ORDI/USDT 62,625 ⏎ ❌SL 57,969 ⏎ ✅TP1 69,573 ⏎ ✅TP2 88,335  ⏎  ⏎ 🎯Ratio : 5,5/1  ⏎  ⏎ 📊Type de trade : Swing Trading / Intraday"
2459,messages3.html,2024-02-13T16:04:41+00:00,APT/USDT,APTUSDT,False,BUY,keyword,9.1249,7.5125,12.4101,18.9666,,,2,6.0,Swing Trading,True,False,TP2 hors plage (x2.08),"✔️Je rachète la cryptomonnaie APT/USDT 9,1249 ⏎ ❌SL 7,5125  ⏎ ✅TP1 12,4101 ⏎ ✅TP2 18,9666 ⏎  ⏎ 🎯Ratio : 6/1  ⏎  ⏎ 📊Type de trade : Swing Trading"
2461,messages3.html,2024-02-15T10:36:52+00:00,RVN/USDT,RVNUSDT,False,BUY,keyword,0.0207,0.01345,0.03169,0.05344,0.21438,,3,27.0,Long terme,True,False,TP2 hors plage (x2.58); TP3 hors plage (x10.36),"✔️J’achète la cryptomonnaie RVN/USDT 0,02070 ⏎ ❌SL 0,01345 ⏎ ✅TP1 0,03169 ⏎ ✅TP2 0,05344 ⏎ ✅TP3 0,21438 ⏎  ⏎ 🎯Ratio : 27/1  ⏎  ⏎ 📊Type de trade : Long terme"
2465,messages3.html,2024-02-16T15:03:30+00:00,GBP/USD,GBPUSD,True,SELL,keyword,1.25641,1.27177,1.2412,1.21177,,,2,3.0,Swing Trading,True,True,,"✔️Je vends la paire GBP/USD 1,25641  ⏎ ❌SL 1,27177 (151 pips)  ⏎ ✅TP1 1,24120 (154 pips) ⏎ ✅TP2 1,21177 (448 pips)  ⏎  ⏎ 🎯Ratio : 3/1  ⏎  ⏎ 📊Type de trade : Swing Trading"
2470,messages3.html,2024-02-19T15:26:11+00:00,FTM/USDT,FTMUSDT,False,BUY,keyword,0.4327,0.2483,0.8529,1.589,3.2783,,3,15.0,Long terme,True,False,TP2 hors plage (x3.67); TP3 hors plage (x7.58),"✔️J’achète la cryptomonnaie FTM/USDT 0,4327 ⏎ ❌SL 0,2483 ⏎ ✅TP1 0,8529 ⏎ ✅TP2 1,5890 ⏎ ✅TP3 3,2783  ⏎  ⏎ 🎯Ratio : 15/1  ⏎  ⏎ 📊Type de trade : Long terme"
2472,messages3.html,2024-02-21T15:26:58+00:00,ORDI/USDT,ORDIUSDT,False,BUY,keyword,65.389,62.997,68.557,73.335,,,2,3.2,Intraday,True,True,,"✔️J’achète la cryptomonnaie ORDI/USDT 65,389 ⏎ ❌SL 62,997 ⏎ ✅TP1 68,557 ⏎ ✅TP2 73,335  ⏎  ⏎ 🎯Ratio : 3,2/1  ⏎  ⏎ 📊Type de trade : Intraday"
2475,messages3.html,2024-02-21T19:20:34+00:00,,,False,BUY,keyword,0.9183,0.7364,1.4914,2.8037,,,2,10.0,Swing Trading / Long terme,True,False,TP2 hors plage (x3.05),"✔️Je renforce ma position sur MATIC/USDT 0,9183 ⏎ ❌SL 0,7364 ⏎ ✅TP1 1,4914 ⏎ ✅TP2 2,8037  ⏎  ⏎ 🎯Ratio : 10/1  ⏎  ⏎ 📊Type de trade : Swing Trading / Long terme"
2480,messages3.html,2024-02-23T15:52:14+00:00,GBP/AUD,GBPAUD,False,BUY,keyword,1.93176,1.92198,1.94742,1.96369,,,2,3.3,Swing trading,True,True,,"✔️J’achète la paire GBP/AUD 1,93176 ⏎ ❌SL 1,92198 (97 pips) ⏎ ✅TP1 1,94742 (157 pips) ⏎ ✅TP2 1,96369 (319 pipsj  ⏎  ⏎ 🎯Ratio : 3,3/1  ⏎  ⏎ 📊Type de trade : Swing trading"
2485,messages3.html,2024-02-26T14:50:47+00:00,FTM/USDT,FTMUSDT,False,BUY,keyword,0.4224,0.4054,0.4435,0.4767,,,2,3.0,Intraday,True,True,,"✔️J’achète la crypto FTM/USDT 0,42240  ⏎ ❌SL 0,4054 ⏎ ✅TP1 0,4435 ⏎ ✅TP2 0,4767  ⏎  ⏎ 🎯Ratio : 3/1  ⏎  ⏎ 📊Type de trade : Intraday"
2491,messages3.html,2024-02-28T16:10:34+00:00,EUR/AUD,EURAUD,False,BUY,keyword,1.66852,1.64281,1.69942,1.74314,,,2,3.0,Swing Trading,True,True,,"✔️J’achète la paire EUR/AUD 1,66852 ⏎ ❌SL 1,64281 (253 pips)  ⏎ ✅TP1 1,69942 (310 pips)  ⏎ ✅TP2 1,74314 (764 pips)  ⏎  ⏎ 🎯Ratio : 3/1  ⏎  ⏎ 📊Type de trade : Swing Trading  ⏎  ⏎ 👉🏼Possibilité de renforcer sur pullback"
2493,messages3.html,2024-02-29T14:51:04+00:00,EUR/USD,EURUSD,True,BUY,keyword,1.08467,1.07477,1.09866,1.11905,,,2,3.0,Swing Trading,True,True,,"✔️J’achète la paire EUR/USD 1,08467 ⏎ ❌SL 1,07477 (99 pips)  ⏎ ✅TP1 1,09866 (139 pips) ⏎ ✅TP2 1,11905 (343 pips)  ⏎  ⏎ 🎯Ratio : 3/1  ⏎  ⏎ 📊Type de trade : Swing Trading"
2496,messages3.html,2024-03-01T14:52:04+00:00,CAD/CHF,CADCHF,False,BUY,keyword,0.65354,0.64354,0.67054,0.69176,,,2,3.8,Swing Trading,True,True,,"✔️J’achète la paire CAD/CHF 0,65354  ⏎ ❌SL 0,64354 (100 pips)  ⏎ ✅TP1 0,67054 (170 pips)  ⏎ ✅TP2 0,69176 (382 pips)  ⏎  ⏎ 🎯Ratio : 3,8/1  ⏎  ⏎ 📊Type de trade : Swing Trading"
2500,messages3.html,2024-03-04T14:09:06+00:00,GBP/CHF,GBPCHF,False,BUY,keyword,1.12171,1.11403,1.13142,1.14497,,,2,3.0,Swing Trading / Intraday,True,True,,"✔️J’achète la paire GBP/CHF 1,12171 ⏎ ❌SL 1,11403 (77 pips)  ⏎ ✅TP1 1,13142 (97 pips)  ⏎ ✅TP2 1,14497 (227 pips)  ⏎  ⏎ 🎯Ratio : 3/1  ⏎  ⏎ 📊Type de trade : Swing Trading / Intraday"
2503,messages3.html,2024-03-05T14:30:09+00:00,COMP/USDT,COMPUSDT,False,BUY,keyword,92.15,47.96,166.58,342.52,802.23,,3,17.0,Swing Trading,True,False,TP2 hors plage (x3.72); TP3 hors plage (x8.71),"✔️J’achète la crypto COMP/USDT 92,15 ⏎ ❌SL 47,96 ⏎ ✅TP1 166,58 ⏎ ✅TP2 342,52 ⏎ ✅TP3 802,23  ⏎  ⏎ 🎯Ratio : 17/1  ⏎  ⏎ 📊Type de trade : Swing Trading  ⏎  ⏎ ⚠️Je renforcerais ma position en cas de pullback sur le haut du range"
2507,messages3.html,2024-03-06T13:39:13+00:00,,,False,BUY,keyword,1.056,0.9735,1.2134,1.4011,,,2,4.0,Swing Trading / Intraday,True,True,,"✔️J’achète la crypto MATIC/USDT 1,0560 ⏎ ❌SL 0,9735 ⏎ ✅TP1 1,2134 ⏎ ✅TP2 1,4011  ⏎  ⏎ 🎯Ratio : 4/1  ⏎  ⏎ 📊Type de trade : Swing Trading / Intraday"
2510,messages3.html,2024-03-08T14:12:48+00:00,GBP/NZD,GBPNZD,False,BUY,keyword,2.07578,2.06356,2.09573,2.12112,,,2,3.5,Swing Trading,True,True,,"✔️J’achète la paire GBP/NZD 2,07578 ⏎ ❌SL 2,06356 (129 pips)  ⏎ ✅TP1 2,09573 (192 pips)  ⏎ ✅TP2 2,12112 (446 pips)  ⏎  ⏎ 🎯Ratio : 3,5/1  ⏎  ⏎ 📊Type de trade : Swing Trading"
2512,messages3.html,2024-03-08T14:28:04+00:00,,,False,BUY,keyword,0.021347,0.019263,0.024991,0.030017,,,2,4.0,Intraday,True,True,,"✔️J’achète la crypto JASMY/USDT 0,021347 ⏎ ❌SL 0,019263 ⏎ ✅TP1 0,024991 ⏎ ✅TP2 0,030017  ⏎  ⏎ 🎯Ratio : 4/1  ⏎  ⏎ 📊Type de trade : Intraday"
2516,messages3.html,2024-03-11T14:50:03+00:00,FTM/USDT,FTMUSDT,False,BUY,keyword,0.8222,0.7424,0.9047,1.0988,,,2,3.5,Intraday / Swing Trading,True,True,,"✔️J’achète la cryptomonnaie FTM/USDT 0,8222 ⏎ ❌SL 0,7424 ⏎ ✅TP1 0,9047 ⏎ ✅TP2 1,0988 ⏎  ⏎ 🎯Ratio : 3,5/1  ⏎  ⏎ 📊Type de trade : Intraday / Swing Trading"
2518,messages3.html,2024-03-12T14:03:16+00:00,XTZ/USDT,XTZUSDT,False,BUY,keyword,1.493,1.382,1.648,1.915,,,2,3.8,Intraday / Swing Trading,True,True,,"✔️J’achète la cryptomonnaie XTZ/USDT 1,493 ⏎ ❌SL 1,382 ⏎ ✅TP1 1,648 ⏎ ✅TP2 1,915  ⏎  ⏎ 🎯Ratio : 3,8/1  ⏎  ⏎ 📊Type de trade : Intraday / Swing Trading"
2520,messages3.html,2024-03-14T13:32:56+00:00,CAD/CHF,CADCHF,False,BUY,geometry,0.65325,0.64883,0.65831,0.66791,,,2,3.3,Swing Trading,True,True,,"✔️Je renforce ma position sur la paire CAD/CHF 0,65325 ⏎ ❌SL 0,64883 (44 pips)  ⏎ ✅TP1 0,65831 (51 pips) ⏎ ✅TP2 0,66791 (146 pips)  ⏎  ⏎ 🎯Ratio : 3,3/1  ⏎  ⏎ 📊Type de trade : Swing Trading"
2524,messages3.html,2024-03-15T22:21:50+00:00,GRT/USDT,GRTUSDT,False,BUY,keyword,0.3996,0.3629,0.462,0.544,,,2,4.0,Swing Trading,True,True,,"✔️J’achète la crypto GRT/USDT 0,3996 ⏎ ❌SL 0,3629 ⏎ ✅TP1 0,4620 ⏎ ✅TP2 0,5440  ⏎  ⏎ 🎯Ratio : 4/1  ⏎  ⏎ 📊Type de trade : Swing Trading"
2527,messages3.html,2024-03-17T12:11:35+00:00,FLOW/USDT,FLOWUSDT,False,BUY,keyword,1.306,1.172,1.53,1.827,,,2,,Swing Trading,True,True,,"✔️J’achète la cryptomonnaie FLOW/USDT 1,306 ⏎ ❌SL 1,172  ⏎ ✅TP1 1,530 ⏎ ✅TP2 1,827  ⏎  ⏎ 🎯Ratio gains/pertes : 4/1  ⏎  ⏎ 📊Type de trade : Swing Trading"
2530,messages3.html,2024-03-18T15:51:05+00:00,YFI/USDT,YFIUSDT,False,BUY,keyword,8876.0,6480.0,13.0,25.0,,,2,,Swing Trading,True,False,TP<=entry pour BUY; TP1 hors plage (x0.00); TP2 hors plage (x0.00),"✔️J’achète la cryptomonnaie YFI/USDT 8876  ⏎ ❌SL 6480 ⏎ ✅TP1 13 889 ⏎ ✅TP2 25 113  ⏎  ⏎ 🎯Ratio gains/pertes : 6,7/1  ⏎  ⏎ 📊Type de trade : Swing Trading"
2533,messages3.html,2024-03-19T14:34:12+00:00,nasdaq,US100,False,SELL,keyword,17889.0,18152.0,17512.0,17032.0,,,2,3.3,Swing Trading / Intraday,True,True,,"✔️Je vends le Nasdaq 17889 ⏎ ❌SL 18152  ⏎ ✅TP1 17512  ⏎ ✅TP2 17032  ⏎  ⏎ 🎯Ratio : 3,3/1  ⏎  ⏎ 📊Type de trade : Swing Trading / Intraday"
2535,messages3.html,2024-03-19T15:47:28+00:00,ZEN/USDT,ZENUSDT,False,BUY,keyword,12.99,8.34,20.91,49.55,,,2,8.3,Long terme,True,False,TP2 hors plage (x3.81),"✔️J’achète la cryptomonnaie ZEN/USDT 12,99 ⏎ ❌SL 8,34  ⏎ ✅TP1 20,91 ⏎ ✅TP2 49,55 ⏎  ⏎ 🎯Ratio : 8,3/1 ⏎  ⏎ 📊Type de trade : Long terme  ⏎  ⏎ ⚠️Je renforcerais en cas de pullback sur la ligne de cou"
2537,messages3.html,2024-03-20T16:02:35+00:00,,,False,BUY,keyword,1.604,1.154,4.329,13.864,,,2,27.0,Long terme,True,False,TP1 hors plage (x2.70); TP2 hors plage (x8.64),"✔️J’achète la cryptomonnaie SUSHI/USDT 1,604  ⏎ ❌SL 1,154  ⏎ ✅TP1 4,329 ⏎ ✅TP2 13,864  ⏎  ⏎ 🎯Ratio : 27/1  ⏎  ⏎ 📊Type de trade : Long terme"
2540,messages3.html,2024-03-20T18:20:11+00:00,BEL/USDT,BELUSDT,False,BUY,keyword,0.7791,0.5796,2.1712,5.1817,,,2,22.0,Long terme,True,False,TP1 hors plage (x2.79); TP2 hors plage (x6.65),"✔️J’achète la cryptomonnaie BEL/USDT 0,7791  ⏎ ❌SL 0,5796 ⏎ ✅TP1 2,1712  ⏎ ✅TP2 5,1817 ⏎  ⏎ 🎯Ratio : 22/1  ⏎  ⏎ 📊Type de trade : Long terme"
2546,messages3.html,2024-03-22T15:37:26+00:00,ALT/USDT,ALTUSDT,False,BUY,keyword,0.48493,0.40551,0.69156,0.92722,,,2,5.5,Swing Trading,True,True,,"✔️J’achète la cryptomonnaie ALT/USDT 0,48493 ⏎ ❌SL 0,40551 ⏎ ✅TP1 0,69156 ⏎ ✅TP2 0,92722 ⏎  ⏎ 🎯Ratio : 5,5/1  ⏎  ⏎ 📊Type de trade : Swing Trading"
2550,messages3.html,2024-03-25T14:12:26+00:00,LRC/USDT,LRCUSDT,False,BUY,keyword,0.4068,0.36,0.4917,0.6178,,,2,4.7,Intraday / Swing Trading,True,True,,"✔️J’achète la cryptomonnaie LRC/USDT 0,4068 ⏎ ❌SL 0,3600 ⏎ ✅TP1 0,4917 ⏎ ✅TP2 0,6178  ⏎  ⏎ 🎯Ratio : 4,7/1  ⏎  ⏎ 📊Type de trade : Intraday / Swing Trading"
2552,messages3.html,2024-03-25T15:57:30+00:00,GRT/USDT,GRTUSDT,False,BUY,keyword,0.3931,0.3267,0.4904,0.6786,,,2,4.5,Swing Trading,True,True,,"✔️J’achète la cryptomonnaie GRT/USDT 0,3931  ⏎ ❌SL 0,3267 ⏎ ✅TP1 0,4904 ⏎ ✅TP2 0,6786 ⏎  ⏎ 🎯Ratio : 4,5/1  ⏎  ⏎ 📊Type de trade : Swing Trading"
2554,messages3.html,2024-03-27T14:43:44+00:00,wti,USOIL,True,BUY,keyword,81.31,79.76,83.41,86.04,,,2,3.0,Intraday / Swing Trading,True,True,,"✔️J’achète le Pétrole (WTI) 81,31 ⏎ ❌SL 79,76 ⏎ ✅TP1 83,41  ⏎ ✅TP2 86,04 ⏎  ⏎ 🎯Ratio : 3/1  ⏎  ⏎ 📊Type de trade : Intraday / Swing Trading"
2556,messages3.html,2024-03-28T14:53:43+00:00,NKN/USDT,NKNUSDT,False,BUY,keyword,0.153,0.095,0.3301,0.7457,1.5089,,3,23.0,,True,False,TP1 hors plage (x2.16); TP2 hors plage (x4.87); TP3 hors plage (x9.86),"✔️J’achète la cryptomonnaie NKN/USDT 0,1530 ⏎ ❌SL 0,0950 ⏎ ✅TP1 0,3301 ⏎ ✅TP2 0,7457 ⏎ ✅TP3 1,5089 ⏎  ⏎ 🎯Ratio : 23/1  ⏎  ⏎ 📊Type de Trade : Long Terme"
2559,messages3.html,2024-03-29T15:33:26+00:00,CAD/CHF,CADCHF,False,BUY,keyword,0.6661,0.66429,0.66855,0.67166,,,2,3.1,Intraday / Swing Trading,True,True,,"✔️J’achète la paire CAD/CHF 0,66610 ⏎ ❌SL 0,66429 (19 pips)  ⏎ ✅TP1 0,66855 (24 pips) ⏎ ✅TP2 0,67166 (56 pips)  ⏎  ⏎ 🎯Ratio : 3,1/1  ⏎  ⏎ 📊Type de trade : Intraday / Swing Trading"
2562,messages3.html,2024-04-02T14:11:28+00:00,CEL/USDT,CELUSDT,False,BUY,keyword,0.2748,0.1888,0.6561,1.2939,3.2418,,3,34.0,Long terme,True,False,TP1 hors plage (x2.39); TP2 hors plage (x4.71); TP3 hors plage (x11.80),"✔️J’achète la cryptomonnaie CEL/USDT 0,2748 ⏎ ❌SL 0,1888 ⏎ ✅TP1 0,6561 ⏎ ✅TP2 1,2939 ⏎ ✅TP3 3,2418 ⏎  ⏎ 🎯Ratio : 34/1  ⏎  ⏎ 📊Type de trade : Long terme"
2564,messages3.html,2024-04-03T15:06:09+00:00,CAKE/USDT,CAKEUSDT,False,BUY,keyword,3.967,3.829,4.2,4.442,,,2,3.5,Intraday,True,True,,"✔️J’achète la cryptomonnaie CAKE/USDT 3,967 ⏎ ❌SL 3,829 ⏎ ✅TP1 4,200 ⏎ ✅TP2 4,442  ⏎  ⏎ 🎯Ratio : 3,5/1  ⏎  ⏎ 📊Type de trade : Intraday"
2566,messages3.html,2024-04-03T15:59:28+00:00,NKN/USDT,NKNUSDT,False,BUY,keyword,0.1815,0.1642,0.2048,0.2374,,,2,4.0,Intraday,True,True,,"✔️J’achète la cryptomonnaie NKN/USDT 0,1815 ⏎ ❌SL 0,1642 ⏎ ✅TP1 0,2048 ⏎ ✅TP2 0,2374  ⏎  ⏎ 🎯Ratio : 4/1  ⏎  ⏎ 📊Type de trade : Intraday"
2570,messages3.html,2024-04-04T13:43:04+00:00,nasdaq100,US100,False,BUY,keyword,18294.0,18188.0,18380.0,18612.0,,,2,3.0,Intraday,True,True,,✔️J’achète le Nasdaq100 18294 ⏎ ❌SL 18188 ⏎ ✅TP1 18380 ⏎ ✅TP2 18612  ⏎  ⏎ 🎯Ratio : 3/1  ⏎  ⏎ 📊Type de trade : Intraday
2572,messages3.html,2024-04-04T13:53:27+00:00,ATOM/USDT,ATOMUSDT,False,BUY,keyword,11.113,9.662,14.018,19.042,,,2,5.5,Swing Trading,True,True,,"✔️J’achète la cryptomonnaie ATOM/USDT 11,113  ⏎ ❌SL 9,662  ⏎ ✅TP1 14,018 ⏎ ✅TP2 19,042  ⏎  ⏎ 🎯Ratio : 5,5/1  ⏎  ⏎ 📊Type de trade : Swing Trading"
2579,messages3.html,2024-04-05T21:30:43+00:00,NKN/USDT,NKNUSDT,False,BUY,keyword,0.1735,0.1601,0.1954,0.2202,,,2,3.5,Intraday,True,True,,"✔️J’achète la cryptomonnaie NKN/USDT 0,1735 ⏎ ❌SL 0,1601 ⏎ ✅TP1 0,1954 ⏎ ✅TP2 0,2202 ⏎  ⏎ 🎯Ratio : 3,5/1  ⏎  ⏎ 📊Type de trade : Intraday"
2584,messages3.html,2024-04-08T16:14:59+00:00,GBP/USD,GBPUSD,True,BUY,keyword,1.26467,1.2558,1.27932,1.29998,,,2,3.98,Swing Trading,True,True,,"✔️J’achète la paire GBP/USD 1,26467 ⏎ ❌SL 1,25580 (88,7 pips)  ⏎ ✅TP1 1,27932 (146,5 pips) ⏎ ✅TP2 1,29998 (353,1 pips)  ⏎  ⏎ 🎯Ratio : 3,98/1  ⏎  ⏎ 📊Type de trade : Swing Trading"
2586,messages3.html,2024-04-09T16:53:21+00:00,NKN/USDT,NKNUSDT,False,BUY,keyword,0.1846,0.1649,0.2159,0.2687,,,2,4.5,Swing Trading,True,True,,"✔️J’achète la cryptomonnaie NKN/USDT 0,1846 ⏎ ❌SL 0,1649 ⏎ ✔️TP1 0,2159 ⏎ ✔️TP2 0,2687  ⏎  ⏎ 🎯Ratio : 4,5/1  ⏎  ⏎ 📊Type de trade : Swing Trading"
2590,messages3.html,2024-04-11T15:44:56+00:00,nasdaq100,US100,False,BUY,keyword,18070.0,17913.0,18243.0,18578.0,,,2,3.2,Intraday / Swing Trading,True,True,,"✔️J’achète le Nasdaq100 18070 ⏎ ❌SL 17913  ⏎ ✅TP1 18243  ⏎ ✅TP2 18578  ⏎  ⏎ 🎯Ratio : 3,2/1  ⏎  ⏎ 📊Type de trade : Intraday / Swing Trading"
2595,messages3.html,2024-04-13T19:42:58+00:00,,,False,BUY,keyword,0.7118,0.6313,0.9402,1.2883,,,2,7.0,Swing Trading,True,True,,"✔️J’achète la cryptomonnaie MATIC/USDT 0,7118 ⏎ ❌SL 0,6313  ⏎ ✅TP1 0,9402 ⏎ ✅TP2 1,2883  ⏎  ⏎ 🎯Ratio : 7/1  ⏎  ⏎ 📊Type de trade : Swing Trading"
2598,messages3.html,2024-04-14T13:22:19+00:00,GRT/USDT,GRTUSDT,False,BUY,keyword,0.2397,0.1956,0.3531,0.5737,,,2,7.5,Swing Trading,True,False,TP2 hors plage (x2.39),"✔️J’achète la cryptomonnaie GRT/USDT 0,2397 ⏎ ❌SL 0,1956 ⏎ ✔️TP1 0,3531 ⏎ ✔️TP2 0,5737 ⏎  ⏎ 🎯Ratio : 7,5/1  ⏎  ⏎ 📊Type de trade : Swing Trading"
2601,messages3.html,2024-04-15T16:31:13+00:00,JUP/USDT,JUPUSDT,False,BUY,keyword,1.0678,0.9607,1.3463,1.8704,,,2,7.5,Swing Trading,True,True,,"✔️J’achète la cryptomonnaie JUP/USDT 1,0678 ⏎ ❌SL 0,9607 ⏎ ✅TP1 1,3463 ⏎ ✅TP2 1,8704  ⏎  ⏎ 🎯Ratio : 7,5/1  ⏎  ⏎ 📊Type de trade : Swing Trading"
2606,messages3.html,2024-04-17T15:13:32+00:00,BTC/USDT,BTCUSD,True,SELL,keyword,62010.0,65013.0,58759.0,53930.0,,,2,3.0,Swing Trading,True,True,,✔️Je vends le Bitcoin (BTC/USDT) 62010  ⏎ ❌SL 65013 ⏎ ✅TP1 58759 ⏎ ✅TP2 53930 ⏎  ⏎ 🎯Ratio : 3/1  ⏎  ⏎ 📊Type de trade : Swing Trading
2610,messages3.html,2024-04-18T13:33:24+00:00,,,False,SELL,keyword,0.6745,0.7032,0.6395,0.5897,,,2,3.0,Intraday,True,True,,"✔️Je vends la cryptomonnaie MATIC/USDT 0,6745  ⏎ ❌SL 0,7032 ⏎ ✅TP1 0,6395 ⏎ ✅TP2 0,5897 ⏎  ⏎ 🎯Ratio : 3/1  ⏎  ⏎ 📊Type de trade : Intraday"
2614,messages3.html,2024-04-19T13:11:53+00:00,CKB/USDT,CKBUSDT,False,SELL,keyword,0.020103,0.021414,0.019173,0.016134,,,2,3.0,Intraday,True,True,,"✔️Je vends la cryptomonnaie CKB/USDT 0,020103 ⏎ ❌SL 0,021414  ⏎ ✅TP1 0,019173 ⏎ ✅TP2 0,016134  ⏎  ⏎ 🎯Ratio : 3/1  ⏎  ⏎ 📊Type de trade : Intraday"
2617,messages3.html,2024-04-20T23:13:55+00:00,,,False,BUY,keyword,0.4683,0.3659,0.7174,1.0825,,,2,6.3,Swing Trading,True,False,TP2 hors plage (x2.31),"✔️J’achète la cryptomonnaie POLYX/USDT 0,4683 ⏎ ❌SL 0,3659 ⏎ ✅TP1 0,7174  ⏎ ✅TP2 1,0825  ⏎  ⏎ 🎯Ratio : 6,3/1  ⏎  ⏎ 📊Type de trade : Swing Trading"
2621,messages3.html,2024-04-22T14:46:46+00:00,LTC/USDT,LTCUSDT,False,BUY,keyword,84.66,64.55,148.26,245.94,404.63,,3,,Long terme,True,False,TP2 hors plage (x2.91); TP3 hors plage (x4.78),"✔️J’achète la cryptomonnaie LTC/USDT 84,66 ⏎ ❌SL 64,55 ⏎ ✅TP1 148,26  ⏎ ✅TP2 245,94 ⏎ ✅TP3 404,63 ⏎  ⏎ 🎯Ratio gains/pertes : 15/1  ⏎  ⏎ 📊Type de trade : Long terme"
2623,messages3.html,2024-04-22T18:56:00+00:00,nasdaq100,US100,False,BUY,keyword,17280.0,16798.0,17643.0,18174.0,,,2,3.0,Intraday / Swing Trading,True,True,,✔️J’achète le Nasdaq100 17280 ⏎ ❌SL 16798 ⏎ ✅TP1 17643 ⏎ ✅TP2 18174  ⏎  ⏎ 🎯Ratio : 3/1  ⏎  ⏎ 📊Type de trade : Intraday / Swing Trading
2627,messages3.html,2024-04-24T18:40:17+00:00,NZD/USD,NZDUSD,False,BUY,keyword,0.59332,0.58902,0.60077,0.60781,,,2,3.42,Swing Trading,True,True,,"✔️J’achète la paire NZD/USD 0,59332 ⏎ ❌SL 0,58902 (42,5 pips)  ⏎ ✅TP1 0,60077 (75 pips) ⏎ ✅TP2 0,60781 (145,4 pips)  ⏎  ⏎ 🎯Ratio : 3,42/1  ⏎  ⏎ 📊Type de trade : Swing Trading"
2629,messages3.html,2024-04-25T16:49:26+00:00,,,False,BUY,keyword,0.7154,0.6773,0.7693,0.8845,,,2,4.8,Swing Trading,True,True,,"✔️J’achète la cryptomonnaie MATIC/USDT 0,7154  ⏎ ❌SL 0,6773 ⏎ ✅TP1 0,7693 ⏎ ✅TP2 0,8845  ⏎  ⏎ 🎯Ratio : 4,8/1  ⏎  ⏎ 📊Type de trade : Swing Trading"
2631,messages3.html,2024-04-27T18:49:47+00:00,AAVE/USDT,AAVEUSDT,False,BUY,keyword,90.55,61.4,222.1,513.1,,,2,14.0,Long terme,True,False,TP1 hors plage (x2.45); TP2 hors plage (x5.67),"✔️J’achète la cryptomonnaie AAVE/USDT 90,55 ⏎ ❌SL 61,40  ⏎ ✅TP1 222,10 ⏎ ✅TP2 513,10  ⏎  ⏎ 🎯Ratio : 14/1  ⏎  ⏎ 📊Type de trade : Long terme"
2634,messages3.html,2024-04-30T16:22:54+00:00,nasdaq,US100,False,BUY,keyword,17659.0,17545.0,17853.0,18130.0,,,2,4.0,,True,True,,✔️J’achète le Nasdaq 17659 ⏎ ❌SL 17545 ⏎ ✅TP1 17853  ⏎ ✅TP2 18130  ⏎  ⏎ 🎯Ratio : 4/1  ⏎  ⏎ 📊Type de grade : Intraday
2638,messages3.html,2024-05-01T10:25:47+00:00,ETH/USDT,ETHUSD,True,BUY,keyword,2875.0,2566.0,3717.0,5436.0,,,2,8.0,,True,True,,✔️J’achète ETH/USDT 2875 ⏎ ❌SL 2566 ⏎ ✅TP1 3717 ⏎ ✅TP2 5436 ⏎  ⏎ 🎯Ratio : 8/1  ⏎  ⏎ 📊Type de grade : Swing Trading
2640,messages3.html,2024-05-01T16:05:08+00:00,nasdaq,US100,False,BUY,keyword,17378.0,17325.0,17504.0,17627.0,,,2,4.0,Intraday,True,True,,✔️J’achète le Nasdaq 17378 ⏎ ❌SL 17325  ⏎ ✅TP1 17504 ⏎ ✅TP2 17627 ⏎  ⏎ 🎯Ratio : 4/1  ⏎  ⏎ 📊Type de trade : Intraday
2645,messages3.html,2024-05-01T16:38:19+00:00,nasdaq,US100,False,BUY,geometry,17355.0,17285.0,17438.0,17556.0,,,2,3.0,Intraday,False,True,,✔️Je reprends la même position sur le Nasdaq à 17355 ⏎ ❌SL 17285 ⏎ ✅TP1 17438 ⏎ ✅TP2 17556  ⏎  ⏎ 🎯Ratio : 3/1  ⏎  ⏎ 📊Type de trade : Intraday
2650,messages3.html,2024-05-02T12:06:32+00:00,,,False,BUY,keyword,0.3406,0.3159,0.3722,0.4081,,,2,3.0,Intraday / Swing Trading,True,True,,"✔️J’achète la cryptomonnaie POLYX/USDT 0,3406 ⏎ ❌SL 0,3159 ⏎ ✅TP1 0,3722 ⏎ ✅TP2 0,4081 ⏎  ⏎ 🎯Ratio : 3/1  ⏎  ⏎ 📊Type de trade : Intraday / Swing Trading"
2656,messages3.html,2024-05-06T09:44:28+00:00,gold,XAUUSD,True,BUY,keyword,2317.0,2258.0,2393.0,2493.0,,,2,3.0,Swing Trading,True,True,,✔️J’achète le Gold 2317 ⏎ ❌SL 2258 ⏎ ✅TP1 2393 ⏎ ✅TP2 2493 ⏎  ⏎ 🎯Ratio : 3/1  ⏎  ⏎ 📊Type de trade : Swing Trading
2658,messages3.html,2024-05-07T09:17:44+00:00,,,False,BUY,keyword,63759.0,61989.0,66615.0,69698.0,,,2,3.5,Swing Trading,True,True,,"✔️J’achète le Bitcoin 63759 ⏎ ❌SL 61989 ⏎ ✅TP1 66615  ⏎ ✅TP2 69698 ⏎  ⏎ 🎯Ratio : 3,5/1  ⏎  ⏎ 📊Type de trade : Swing Trading"
2660,messages3.html,2024-05-07T09:29:13+00:00,,,False,BUY,keyword,0.3995,0.3717,0.4748,0.5826,,,2,6.6,Swing Trading,True,True,,"✔️J’achète la cryptomonnaie POLYX/USDT 0,3995 ⏎ ❌SL 0,3717 ⏎ ✅TP1 0,4748 ⏎ ✅TP2 0,5826 ⏎  ⏎ 🎯Ratio : 6,6/1 ⏎  ⏎ 📊Type de trade : Swing Trading"
2662,messages3.html,2024-05-08T12:02:16+00:00,ATOM/USDT,ATOMUSDT,False,BUY,keyword,8.926,8.132,10.79,14.257,,,2,6.0,Swing Trading,True,True,,"✔️J’achète la cryptomonnaie ATOM/USDT 8,926 ⏎ ❌SL 8,132 ⏎ ✅TP1 10,790 ⏎ ✅TP2 14,257 ⏎  ⏎ 🎯Ratio : 6/1  ⏎  ⏎ 📊Type de trade : Swing Trading"
2666,messages3.html,2024-05-09T09:30:12+00:00,,,False,BUY,keyword,61354.0,54781.0,71333.0,93123.0,,,2,4.8,Swing Trading,True,True,,"✔️J’achète le Bitcoin 61354 ⏎ ❌SL 54781 ⏎ ✅TP1 71333 ⏎ ✅TP2 93123  ⏎  ⏎ 🎯Ratio : 4,8/1  ⏎  ⏎ 📊 Type de trade : Swing Trading"
2673,messages3.html,2024-05-13T15:39:58+00:00,GBP/USD,GBPUSD,True,BUY,keyword,1.25608,1.2443,1.27862,1.30057,,,2,3.8,Swing Trading,True,True,,"✔️J’achète la paire GBP/USD 1,25608 ⏎ ❌SL 1,24430 (117 pips) ⏎ ✅TP1 1,27862 (225 pips) ⏎ ✅TP2 1,30057 (444 pips)  ⏎  ⏎ 🎯Ratio : 3,8/1  ⏎  ⏎ 📊Type de trade : Swing Trading"
2675,messages3.html,2024-05-14T13:23:00+00:00,,,False,BUY,keyword,62034.0,60963.0,63363.0,65430.0,,,2,3.0,Intraday / Swing Trading,True,True,,✔️J’achète le Bitcoin 62034 ⏎ ❌SL 60963 ⏎ ✅TP1 63363 ⏎ ✅TP2 65430 ⏎  ⏎ 🎯Ratio : 3/1  ⏎  ⏎ 📊Type de trade : Intraday / Swing Trading
2679,messages3.html,2024-05-16T13:53:41+00:00,,,False,BUY,keyword,0.3931,0.3226,0.5513,0.9297,,,2,8.3,Swing Trading,True,False,TP2 hors plage (x2.37),"✔️J’achète la cryptomonnaie POLYX/USDT 0,3931 ⏎ ❌SL 0,3226 ⏎ ✅TP1 0,5513 ⏎ ✅TP2 0,9297 ⏎  ⏎ 🎯Ratio : 8,3/1  ⏎  ⏎ 📊Type de trade : Swing Trading"
2682,messages3.html,2024-05-17T14:10:32+00:00,ATOM/USDT,ATOMUSDT,False,BUY,keyword,8.669,7.591,10.741,,,,1,5.0,Swing Trading,True,True,,"✔️J’achète la cryptomonnaie ATOM/USDT 8,669 ⏎ ❌SL 7,591 ⏎ ✅TP1 10,741 ⏎ ✅TP1 13,890 ⏎  ⏎ 🎯Ratio : 5/1  ⏎  ⏎ 📊Type de trade : Swing Trading"
2685,messages3.html,2024-05-20T09:12:32+00:00,GRT/USDT,GRTUSDT,False,BUY,keyword,0.31,0.2605,0.4166,0.6227,,,2,6.3,Swing Trading,True,False,TP2 hors plage (x2.01),"✔️J’achète la cryptomonnaie GRT/USDT 0,3100 ⏎ ❌SL 0,2605 ⏎ ✅TP1 0,4166 ⏎ ✅TP2 0,6227 ⏎  ⏎ 🎯Ratio : 6,3/1 ⏎  ⏎ 📊Type de trade : Swing Trading"
2691,messages3.html,2024-05-22T14:58:55+00:00,CAD/CHF,CADCHF,False,BUY,keyword,0.66809,0.65507,0.69307,0.72521,,,2,,Swing Trading,True,True,,"✔️J’achète la paire CAD/CHF 0,66809 ⏎ ❌SL 0,65507 (130 pips)  ⏎ ✅TP1 0,69307 (249 pips)  ⏎ ✅TP2 0,72521 (571 pips)  ⏎  ⏎ 🎯Ratio gains/pertes : 4,4/1  ⏎  ⏎ 📊Type de trade : Swing Trading"
2693,messages3.html,2024-05-22T20:30:07+00:00,,,False,BUY,keyword,0.426,0.416,0.438,0.4591,,,2,3.2,Intraday / Swing Trading,True,True,,"✔️J’achète la cryptomonnaie POLYX/USDT 0,4260 ⏎ ❌SL 0,4160 ⏎ ✅TP1 0,4380 ⏎ ✅TP2 0,4591 ⏎  ⏎ 🎯Ratio : 3,2/1  ⏎  ⏎ 📊Type de trade : Intraday / Swing Trading"
2697,messages3.html,2024-05-24T10:02:43+00:00,TRU/USDT,TRUUSDT,False,BUY,keyword,0.14173,0.0996,0.25962,0.50767,,,2,8.5,Swing Trading,True,False,TP2 hors plage (x3.58),"✔️J’achète la cryptomonnaie TRU/USDT 0,14173 ⏎ ❌SL 0,09960 ⏎ ✅TP1 0,25962 ⏎ ✅TP2 0,50767 ⏎  ⏎ 🎯Ratio : 8,5/1  ⏎  ⏎ 📊Type de trade : Swing Trading"
2699,messages3.html,2024-05-26T15:36:06+00:00,,,False,BUY,keyword,0.4539,0.4331,0.4985,0.5605,,,2,5.0,Swing Trading,True,True,,"✔️J’achète la cryptomonnaie POLYX/USDT 0,4539 ⏎ ❌SL 0,4331 ⏎ ✅TP1 0,4985 ⏎ ✅TP2 0,5605 ⏎  ⏎ 🎯Ratio : 5/1  ⏎  ⏎ 📊Type de trade : Swing Trading"
2702,messages3.html,2024-05-27T15:19:48+00:00,DOGE/USDT,DOGEUSDT,False,BUY,keyword,0.17195,0.15143,0.20067,0.25885,,,2,4.8,Swing Trading,True,True,,"✔️J’achète la cryptomonnaie DOGE/USDT 0,17195 ⏎ ❌SL 0,15143 ⏎ ✅TP1 0,20067 ⏎ ✅TP2 0,25885 ⏎  ⏎ 🎯Ratio : 4,8/1  ⏎  ⏎ 📊Type de trade : Swing Trading"
2705,messages3.html,2024-05-28T15:57:12+00:00,gold,XAUUSD,True,BUY,keyword,2354.0,2345.0,2369.0,2383.0,,,2,3.0,Intraday,True,True,,✔️J’achète le Gold 2354 ⏎ ❌SL 2345 ⏎ ✅TP1 2369 ⏎ ✅TP2 2383 ⏎  ⏎ 🎯Ratio : 3/1  ⏎  ⏎ 📊Type de trade : Intraday
2712,messages3.html,2024-05-29T15:22:10+00:00,ROSE/USDT,ROSEUSDT,False,BUY,keyword,0.09537,0.07883,0.12768,0.17162,,,2,4.6,Swing Trading,True,True,,"✔️J’achète la cryptomonnaie ROSE/USDT 0,09537 ⏎ ❌SL 0,07883 ⏎ ✅TP1 0,12768 ⏎ ✅TP2 0,17162  ⏎  ⏎ 🎯Ratio : 4,6/1  ⏎  ⏎ 📊Type de trade : Swing Trading"
2714,messages3.html,2024-05-30T13:43:56+00:00,AVAX/USDT,AVAXUSDT,False,BUY,keyword,36.71,32.12,48.4,63.95,,,2,6.0,Swing Trading,True,True,,"✔️J’achète la cryptomonnaie AVAX/USDT 36,71 ⏎ ❌SL 32,12  ⏎ ✅TP1 48,40 ⏎ ✅TP2 63,95 ⏎  ⏎ 🎯Ratio : 6/1  ⏎  ⏎ 📊Type de trade : Swing Trading"
2716,messages3.html,2024-05-30T15:59:04+00:00,NZD/CAD,NZDCAD,False,SELL,keyword,0.83693,0.83908,0.83336,0.83074,,,2,3.0,Swing Trading,True,True,,"✔️Je vends la paire NZD/CAD 0,83693  ⏎ ❌SL 0,83908 (21 pips) ⏎ ✅TP1 0,83336 (35 pips)  ⏎ ✅TP2 0,83074 (62 pips)  ⏎  ⏎ 🎯Ratio : 3/1  ⏎  ⏎ 📊Type de trade : Swing Trading"
2719,messages3.html,2024-06-02T14:25:41+00:00,,,False,BUY,keyword,0.4149,0.391,0.4511,0.5071,,,2,4.1,Swing Trading,True,True,,"✔️J’achète la cryptomonnaie POLYX/USDT 0,4149 ⏎ ❌SL 0,3910 ⏎ ✅TP1 0,4511 ⏎ ✅TP2 0,5071 ⏎  ⏎ 🎯Ratio : 4,1/1  ⏎  ⏎ 📊Type de trade : Swing Trading"
2723,messages3.html,2024-06-04T15:00:14+00:00,dow,US30,True,BUY,keyword,38.0,38.0,38.0,39.0,,,2,3.0,Intraday,True,False,SL>=entry pour BUY; TP<=entry pour BUY,✔️J’achète le Dow Jones (US30) 38 573  ⏎ ❌SL 38 342  ⏎ ✅TP1 38 830 ⏎ ✅TP2 39 309  ⏎  ⏎ 🎯Ratio : 3/1  ⏎  ⏎ 📊Type de trade : Intraday
2728,messages3.html,2024-06-05T13:38:38+00:00,FTM/USDT,FTMUSDT,False,BUY,keyword,0.8275,0.6268,1.1443,2.2535,,,2,7.2,Swing Trading,True,False,TP2 hors plage (x2.72),"✔️J’achète la cryptomonnaie FTM/USDT 0,8275 ⏎ ❌SL 0,6268 ⏎ ✅TP1 1,1443 ⏎ ✅TP2 2,2535 ⏎  ⏎ 🎯Ratio : 7,2/1  ⏎  ⏎ 📊Type de trade : Swing Trading"
2730,messages3.html,2024-06-07T12:39:04+00:00,,,False,BUY,keyword,0.4589,0.4484,0.4754,0.5028,,,2,4.2,Intraday / Swing Trading,True,True,,"✔️J’achète la cryptomonnaie POLYX/USDT 0,4589 ⏎ ❌SL 0,4484 ⏎ ✅TP1 0,4754 ⏎ ✅TP2 0,5028 ⏎  ⏎ 🎯Ratio : 4,2/1  ⏎  ⏎ 📊Type de trade : Intraday / Swing Trading"
2737,messages3.html,2024-06-10T15:50:16+00:00,,,False,BUY,geometry,69.0,65.0,76.0,87.0,,,2,4.0,Swing Trading,True,True,,✔️Je renforce ma position sur le Bitcoin 69 549 ⏎ ❌SL 65 055 ⏎ ✅TP1 76 160 ⏎ ✅TP2 87 560 ⏎  ⏎ 🎯Ratio : 4/1  ⏎  ⏎ 📊Type de trade : Swing Trading
2739,messages3.html,2024-06-11T15:09:40+00:00,GBP/AUD,GBPAUD,False,BUY,keyword,1.92783,1.91993,1.94002,1.95579,,,2,3.5,Swing Trading,True,True,,"✔️J’achète la paire de devises GBP/AUD 1,92783 ⏎ ❌SL 1,91993 (79 pips)  ⏎ ✅TP1 1,94002 (121 pips)  ⏎ ✅TP2 1,95579 (279 pips) ⏎  ⏎ 🎯Ratio : 3,5/1  ⏎  ⏎ 📊Type de trade : Swing Trading"
2743,messages3.html,2024-06-13T14:44:16+00:00,AVAX/USDT,AVAXUSDT,False,BUY,keyword,32.19,30.25,36.19,41.43,,,2,4.7,Swing Trading,True,True,,"✔️J’achète la crypto AVAX/USDT 32,19 ⏎ ❌SL 30,25 ⏎ ✅TP1 36,19  ⏎ ✅TP2 41,43  ⏎  ⏎ 🎯Ratio : 4,7/1  ⏎  ⏎ 📊Type de trade : Swing Trading"
2745,messages3.html,2024-06-13T17:11:48+00:00,,,False,BUY,keyword,0.4557,0.4136,0.519,0.5793,0.6985,,3,5.8,Swing Trading,True,True,,"✔️J’achète la cryptomonnaie POLYX/USDT 0,4557 ⏎ ❌SL 0,4136 ⏎ ✅TP1 0,5190 ⏎ ✅TP2 0,5793 ⏎ ✅TP3 0,6985 ⏎  ⏎ 🎯Ratio : 5,8/1  ⏎  ⏎ 📊Type de trade : Swing Trading"
2747,messages3.html,2024-06-14T16:30:28+00:00,,,False,BUY,geometry,0.4323,0.3996,0.5208,0.6985,,,2,8.1,Swing Trading,True,True,,"✔️Je renforce ma position sur POLYX/USDT 0,4323 ⏎ ❌SL 0,3996 ⏎ ✅TP1 0,5208 ⏎ ✅TP2 0,6985  ⏎  ⏎ 🎯Ratio : 8,1/1  ⏎  ⏎ 📊Type de trade : Swing Trading"
2751,messages3.html,2024-06-17T13:13:08+00:00,,,False,SELL,keyword,65.0,67.0,64.0,62.0,61.0,,3,3.0,Intraday / Swing Trading,True,True,,✔️Je vends le Bitcoin 65 840 ⏎ ❌SL 67 375 ⏎ ✅TP1 64 327 ⏎ ✅TP2 62 500 ⏎ ✅TP3 61 052 ⏎  ⏎ 🎯Ratio : 3/1  ⏎  ⏎ 📊Type de trade : Intraday / Swing Trading
2757,messages3.html,2024-06-19T13:30:19+00:00,BNB/USDT,BNBUSDT,False,SELL,keyword,597.0,624.0,559.0,511.0,,,2,3.0,Swing Trading,True,True,,✔️Je vends la cryptomonnaie BNB/USDT 597  ⏎ ❌SL 624  ⏎ ✅TP1 559  ⏎ ✅TP2 511  ⏎  ⏎ 🎯Ratio : 3/1  ⏎  ⏎ 📊Type de trade : Swing Trading
2759,messages3.html,2024-06-21T15:11:32+00:00,FTM/USDT,FTMUSDT,False,SELL,keyword,0.5785,0.605,0.5318,0.4589,,,2,4.0,Swing Trading / Intraday,True,True,,"✔️Je vends la cryptomonnaie FTM/USDT 0,5785 ⏎ ❌SL 0,6050 ⏎ ✅TP1 0,5318 ⏎ ✅TP2 0,4589 ⏎  ⏎ 🎯Ratio : 4/1  ⏎  ⏎ 📊Type de trade : Swing Trading / Intraday"
2764,messages3.html,2024-06-24T14:17:34+00:00,nasdaq100,US100,False,SELL,keyword,19705.0,19826.0,19580.0,19310.0,,,2,3.0,Intraday / Swing Trading,True,True,,✔️Je vends le Nasdaq100 19705 ⏎ ❌SL 19826 ⏎ ✅TP1 19580 ⏎ ✅TP2 19310 ⏎  ⏎ 🎯Ratio : 3/1  ⏎  ⏎ 📊Type de trade : Intraday / Swing Trading  ⏎  ⏎ 👉🏼Possibilité de renforcer la position sur pullback
2770,messages3.html,2024-06-25T15:11:42+00:00,DOT/USDT,DOTUSDT,False,BUY,keyword,5.891,5.53,6.247,6.916,,,2,3.0,Swing Trading,True,True,,"✔️J’achète la cryptomonnaie DOT/USDT 5,891 ⏎ ❌SL 5,530 ⏎ ✅TP1 6,247 ⏎ ✅TP2 6,916 ⏎  ⏎ 🎯Ratio : 3/1  ⏎  ⏎ 📊Type de trade : Swing Trading ⏎  ⏎ ⚠️Je garde 50% de la position en cas de pullback sur le ligne de cou"
2772,messages3.html,2024-06-27T09:15:56+00:00,,,False,BUY,keyword,60841.0,58753.0,65917.0,71654.0,,,2,5.2,Swing Trading,True,True,,"✔️J’achète le Bitcoin 60841  ⏎ ❌SL 58753 ⏎ ✅TP1 65917 ⏎ ✅TP2 71654  ⏎  ⏎ 🎯Ratio : 5,2/1  ⏎  ⏎ 📊Type de trade : Swing Trading"
2775,messages3.html,2024-06-30T14:43:53+00:00,FTM/USDT,FTMUSDT,False,BUY,keyword,0.5545,0.5349,0.585,0.6227,,,2,3.75,Intraday / Swing Trading,True,True,,"✔️J’achète la cryptomonnaie FTM/USDT 0,5545  ⏎ ❌SL 0,5349 ⏎ ✅TP1 0,5850 ⏎ ✅TP2 0,6227  ⏎  ⏎ 🎯Ratio : 3,75/1  ⏎  ⏎ 📊Type de trade : Intraday / Swing Trading"
2780,messages3.html,2024-07-02T14:24:08+00:00,,,False,BUY,geometry,62.0,60.0,66.0,71.0,,,2,4.5,Swing Trading,True,True,,"✔️Je renforce ma position sur Bitcoin 62 930 ⏎ ❌SL 60 968 ⏎ ✅TP1 66 164  ⏎ ✅TP2 71 654  ⏎  ⏎ 🎯Ratio : 4,5/1  ⏎  ⏎ 📊Type de trade : Swing Trading"
2783,messages3.html,2024-07-03T14:57:16+00:00,LINK/USDT,LINKUSDT,False,BUY,keyword,14.42,13.468,16.013,19.095,,,2,5.0,Swing Trading,True,True,,"✔️J’achète la cryptomonnaie LINK/USDT 14,420 ⏎ ❌SL 13,468 ⏎ ✅TP1 16,013 ⏎ ✅TP2 19,095  ⏎  ⏎ 🎯Ratio : 5/1  ⏎  ⏎ 📊Type de trade : Swing Trading"
2789,messages3.html,2024-07-05T16:21:10+00:00,,,False,BUY,keyword,0.02146,0.0202,0.02281,0.2484,,,2,3.0,Intraday,True,False,TP2 hors plage (x11.58),"✔️J’achète la cryptomonnaie JASMY/USDT 0,02146 ⏎ ❌SL 0,02020 ⏎ ✅TP1 0,02281 ⏎ ✅TP2 0,2484 ⏎  ⏎ 🎯Ratio : 3/1  ⏎  ⏎ 📊Type de trade : Intraday"
2793,messages3.html,2024-07-08T15:48:04+00:00,ETH/USDT,ETHUSD,True,BUY,keyword,2967.0,2914.0,3071.0,3132.0,,,2,3.0,Intraday,True,True,,✔️J’achète ETH/USDT 2967 ⏎ ❌SL 2914 ⏎ ✅TP1 3071  ⏎ ✅TP2 3132  ⏎  ⏎ 🎯Ratio : 3/1  ⏎  ⏎ 📊Type de trade : Intraday
2794,messages3.html,2024-07-09T16:40:45+00:00,EUR/NZD,EURNZD,False,BUY,keyword,1.76729,1.76134,1.77415,1.7855,,,2,3.0,Swing Trading,True,True,,"✔️J’achète la paire EUR/NZD 1,76729 ⏎ ❌SL 1,76134  ⏎ ✅TP1 1,77415 ⏎ ✅TP2 1,78550 ⏎  ⏎ 🎯Ratio : 3/1  ⏎  ⏎ 📊Type de trade : Swing Trading"
2798,messages3.html,2024-07-11T14:47:29+00:00,,,False,BUY,keyword,58294.0,55373.0,63097.0,70826.0,,,2,4.3,Swing Trading,True,True,,"✔️J’achète le Bitcoin 58294 ⏎ ❌SL 55373 ⏎ ✅TP1 63097 ⏎ ✅TP2 70826 ⏎  ⏎ 🎯Ratio : 4,3/1  ⏎  ⏎ 📊Type de trade : Swing Trading"
2800,messages3.html,2024-07-12T14:46:18+00:00,ETH/USDT,ETHUSD,True,BUY,keyword,3093.0,2981.0,3292.0,3498.0,,,2,3.5,,True,True,,"✔️J’achète la crypto ETH/USDT 3093 ⏎ ❌SL 2981  ⏎ ✅TP1 3292 ⏎ ✅TP2 3498 ⏎  ⏎ 🎯Ratio : 3,5/1  ⏎  ⏎ 📊Type de Trade : Swing Trading"
2805,messages3.html,2024-07-16T16:48:18+00:00,USD/CHF,USDCHF,True,SELL,keyword,0.89555,0.89911,0.89104,0.88484,,,2,3.0,Swing Trading,True,True,,"✔️Je vends la paire USD/CHF 0,89555 ⏎ ❌SL 0,89911 (35 pips)  ⏎ ✅TP1 0,89104 (45 pips)  ⏎ ✅TP2 0,88484 (107 pips)  ⏎  ⏎ 🎯Ratio : 3/1  ⏎  ⏎ 📊Type de trade : Swing Trading"
2807,messages3.html,2024-07-16T17:45:22+00:00,NOT/USDT,NOTUSDT,False,BUY,keyword,0.01616,0.01574,0.1688,0.01781,,,2,4.0,Intraday,True,False,TP1 hors plage (x10.45),"✔️J’achète la cryptomonnaie NOT/USDT 0,01616 ⏎ ❌SL 0,01574  ⏎ ✅TP1 0,1688 ⏎ ✅TP2 0,01781  ⏎  ⏎ 🎯Ratio : 4/1  ⏎  ⏎ 📊Type de trade : Intraday"
2810,messages3.html,2024-07-17T14:57:27+00:00,TIA/USDT,TIAUSDT,False,BUY,keyword,6.44,5.942,7.362,8.372,,,2,4.5,Swing Trading,True,True,,"✔️J’achète la cryptomonnaie TIA/USDT 6,440 ⏎ ❌SL 5,942 ⏎ ✅TP1 7,362 ⏎ ✅TP2 8,372  ⏎  ⏎ 🎯Ratio : 4,5/1  ⏎  ⏎ 📊Type de trade : Swing Trading"
2813,messages3.html,2024-07-18T14:08:37+00:00,FTM/USDT,FTMUSDT,False,BUY,keyword,0.503,0.296,1.9251,4.86,,,2,22.0,Long terme (6 mois - 1 an),True,False,TP1 hors plage (x3.83); TP2 hors plage (x9.66),"✔️Je renforce ma position long terme sur la cryptomonnaie FTM/USDT 0,5030 ⏎ ❌SL 0,2960 ⏎ ✅TP1 1,9251 ⏎ ✅TP2 4,86 ⏎  ⏎ 🎯Ratio : 22/1  ⏎  ⏎ 📊Type de trade : Long terme (6 mois - 1 an)"
2815,messages3.html,2024-07-18T15:58:27+00:00,ICP/USDT,ICPUSDT,False,BUY,keyword,9.772,9.511,10.288,10.779,,,2,4.0,Intraday / Swing Trading,True,True,,"✔️J’achète la cryptomonnaie ICP/USDT 9,772 ⏎ ❌SL 9,511 ⏎ ✅TP1 10,288 ⏎ ✅TP2 10,779  ⏎  ⏎ 🎯Ratio : 4/1  ⏎  ⏎ 📊Type de trade : Intraday / Swing Trading"
2817,messages3.html,2024-07-19T08:07:58+00:00,FTM/USDT,FTMUSDT,False,BUY,keyword,0.4864,0.4672,0.5188,0.5772,,,2,4.7,Swing Trading,True,True,,"✔️J’achète la cryptomonnaie FTM/USDT 0,4864 ⏎ ❌SL 0,4672 ⏎ ✅TP1 0,5188 ⏎ ✅TP2 0,5772 ⏎  ⏎ 🎯Ratio : 4,7/1  ⏎  ⏎ 📊Type de trade : Swing Trading"
2822,messages3.html,2024-07-22T13:25:12+00:00,nasdaq100,US100,False,BUY,keyword,19747.0,19616.0,19998.0,20134.0,,,2,3.0,Intraday,True,True,,✔️J’achète le Nasdaq100 19747 ⏎ ❌SL 19616 ⏎ ✅TP1 19998 ⏎ ✅TP2 20134  ⏎  ⏎ 🎯Ratio : 3/1  ⏎  ⏎ 📊Type de trade : Intraday  ⏎  ⏎ 👉Je renforcerai ma position en cas de pullback sur la zone de support sur le RSI en M30
2825,messages3.html,2024-07-24T09:12:49+00:00,,,False,BUY,keyword,1.476,1.383,1.682,1.943,,,2,5.0,Swing Trading,True,True,,"✔️J’achète la cryptomonnaie THETA/USDT 1,476 ⏎ ❌SL 1,383 ⏎ ✅TP1 1,682 ⏎ ✅TP2 1,943 ⏎  ⏎ 🎯Ratio : 5/1 ⏎  ⏎ 📊Type de trade : Swing Trading"
2828,messages3.html,2024-07-25T17:19:47+00:00,AVAX/USDT,AVAXUSDT,False,BUY,keyword,26.93,22.13,40.55,61.22,,,2,7.0,Swing Trading,True,False,TP2 hors plage (x2.27),"✔️J’achète la cryptomonnaie AVAX/USDT 26,93 ⏎ ❌SL 22,13 ⏎ ✅TP1 40,55 ⏎ ✅TP2 61,22 ⏎  ⏎ 🎯Ratio : 7/1  ⏎  ⏎ 📊Type de trade : Swing Trading"
2830,messages3.html,2024-07-25T17:34:08+00:00,ETH/USDT,ETHUSD,True,BUY,keyword,3162.0,3118.0,3231.0,3341.0,,,2,4.0,Intraday / Swing Trading,True,True,,✔️J’achète la cryptomonnaie ETH/USDT 3162 ⏎ ❌SL 3118 ⏎ ✅TP1 3231 ⏎ ✅TP2 3341  ⏎  ⏎ 🎯Ratio : 4/1  ⏎  ⏎ 📊Type de trade : Intraday / Swing Trading
2833,messages3.html,2024-07-25T22:31:51+00:00,,,False,BUY,keyword,1.381,1.327,1.453,1.592,,,2,4.0,Intraday / Swing Trading,True,True,,"✔️J’achète la cryptomonnaie THETA/USDT 1,381 ⏎ ❌SL 1,327 ⏎ ✅TP1 1,453 ⏎ ✅TP2 1,592 ⏎  ⏎ 🎯Ratio : 4/1  ⏎  ⏎ 📊Type de trade : Intraday / Swing Trading"
2837,messages3.html,2024-07-28T10:28:07+00:00,LINK/USDT,LINKUSDT,False,BUY,keyword,13.38,11.14,18.47,31.56,,,2,8.0,Swing Trading,True,False,TP2 hors plage (x2.36),"✔️J’achète la cryptomonnaie LINK/USDT 13,38 ⏎ ❌SL 11,14 ⏎ ✅TP1 18,47 ⏎ ✅TP2 31,56  ⏎  ⏎ 🎯Ratio : 8/1 ⏎  ⏎ 📊Type de trade : Swing Trading"
2840,messages3.html,2024-07-29T14:12:52+00:00,CKB/USDT,CKBUSDT,False,BUY,keyword,0.01269,0.009407,0.027404,0.052311,,,2,12.0,Swing Trading,True,False,TP1 hors plage (x2.16); TP2 hors plage (x4.12),"✔️J’achète la cryptomonnaie CKB/USDT 0,01269 ⏎ ❌SL 0,009407 ⏎ ✅TP1 0,027404 ⏎ ✅TP2 0,052311 ⏎  ⏎ 🎯Ratio : 12/1  ⏎  ⏎ 📊Type de trade : Swing Trading"
2842,messages3.html,2024-07-31T15:00:54+00:00,CFX/USDT,CFXUSDT,False,BUY,keyword,0.1706,0.1376,0.2574,0.5384,,,2,11.0,Swing Trading / Long terme,True,False,TP2 hors plage (x3.16),"✔️J’achète la cryptomonnaie CFX/USDT 0,1706 ⏎ ❌SL 0,1376 ⏎ ✅TP1 0,2574 ⏎ ✅TP2 0,5384  ⏎  ⏎ 🎯Ratio : 11/1  ⏎  ⏎ 📊Type de trade : Swing Trading / Long terme"
2845,messages3.html,2024-08-01T13:26:57+00:00,USD/CAD,USDCAD,False,SELL,keyword,1.38187,1.38776,1.37106,1.35972,,,2,3.75,Swing Trading,True,True,,"✔️Je vends la paire USD/CAD 1,38187 ⏎ ❌SL 1,38776 (59 pips) ⏎ ✅TP1 1,37106 (108 pips)  ⏎ ✅TP2 1,35972 (221 pips)  ⏎  ⏎ 🎯Ratio : 3,75/1 ⏎  ⏎ 📊Type de trade : Swing Trading"
2848,messages3.html,2024-08-02T10:22:47+00:00,,,False,BUY,keyword,64480.0,62370.0,66948.0,70017.0,,,2,3.0,Intraday / Swing Trading,True,True,,✔️J’achète du Bitcoin 64480 ⏎ ❌SL 62370 ⏎ ✅TP1 66948 ⏎ ✅TP2 70017 ⏎  ⏎ 🎯Ratio : 3/1  ⏎  ⏎ 📊Type de trade : Intraday / Swing Trading
2850,messages3.html,2024-08-02T16:45:12+00:00,,,False,BUY,geometry,63420.0,62221.0,66555.0,69818.0,,,2,6.0,Intraday / Swing Trading,True,True,,✔️Je renforce ma position sur Bitcoin 63420  ⏎ ❌SL 62221 ⏎ ✅TP1 66555 ⏎ ✅TP2 69818 ⏎  ⏎ 🎯Ratio : 6/1  ⏎  ⏎ 📊Type de trade : Intraday / Swing Trading
2851,messages3.html,2024-08-04T11:04:21+00:00,ETH/USDT,ETHUSD,True,BUY,keyword,2906.0,2861.0,2955.0,3065.0,,,2,3.5,Intraday,True,True,,"✔️J’achète ETH/USDT 2906 ⏎ ❌SL 2861 ⏎ ✅TP1 2955 ⏎ ✅TP2 3065 ⏎  ⏎ 🎯Ratio : 3,5/1  ⏎  ⏎ 📊Type de trade : Intraday"
2854,messages3.html,2024-08-05T16:01:06+00:00,nasdaq100,US100,False,SELL,keyword,17870.0,18137.0,17449.0,16663.0,,,2,4.5,Intraday,True,True,,"✔️Je vends le Nasdaq100 17870 ⏎ ❌SL 18137 ⏎ ✅TP1 17449 ⏎ ✅TP2 16663 ⏎  ⏎ 🎯Ratio : 4,5/1  ⏎  ⏎ 📊Type de trade : Intraday"
2856,messages3.html,2024-08-05T17:56:38+00:00,SOL/USDT,SOLUSDT,False,SELL,keyword,131.7,141.02,118.37,103.12,,,2,3.2,Intraday,True,True,,"✔️Je vends la cryptomonnaie SOL/USDT 131,70 ⏎ ❌SL 141,02 ⏎ ✅TP1 118,37 ⏎ ✅TP2 103,12  ⏎  ⏎ 🎯Ratio : 3,2/1  ⏎  ⏎ 📊Type de trade : Intraday"
2858,messages3.html,2024-08-06T13:15:53+00:00,TIA/USDT,TIAUSDT,False,BUY,keyword,4.89,3.708,7.356,11.705,36.726,,3,26.0,Swing Trading / Long terme,True,False,TP2 hors plage (x2.39); TP3 hors plage (x7.51),"✔️J’achète la cryptomonnaie TIA/USDT 4,890 ⏎ ❌SL 3,708 ⏎ ✅TP1 7,356 ⏎ ✅TP2 11,705 ⏎ ✅TP3 36,726 ⏎  ⏎ 🎯Ratio : 26/1  ⏎  ⏎ 📊Type de trade : Swing Trading / Long terme"
2861,messages3.html,2024-08-06T13:38:57+00:00,SOL/USDT,SOLUSDT,False,BUY,keyword,138.9,103.98,189.9,280.83,447.32,,3,,Swing Trading / Long terme,True,False,TP2 hors plage (x2.02); TP3 hors plage (x3.22),"✔️J’achète la cryptomonnaie SOL/USDT 138,90 ⏎ ❌SL 103,98 ⏎ ✅TP1 189,90 ⏎ ✅TP2 280,83 ⏎ ✅TP3 447,32 ⏎  ⏎ 🎯Ratio gains/pertes : 8,76/1  ⏎  ⏎ 📊Type de trade : Swing Trading / Long terme ⏎  ⏎ 👉Possibilité de renforcer en cas de retour sur les 127$"
2864,messages3.html,2024-08-08T15:24:14+00:00,EUR/CHF,EURCHF,False,BUY,keyword,0.94137,0.93297,0.95482,0.96855,,,2,3.2,Swing Trading,True,True,,"✔️J’achète la paire EUR/CHF 0,94137 ⏎ ❌SL 0,93297 (84 pips)  ⏎ ✅TP1 0,95482 (134 pips) ⏎ ✅TP2 0,96855 (271 pips)  ⏎  ⏎ 🎯Ratio : 3,2/1  ⏎  ⏎ 📊Type de trade : Swing Trading"
2867,messages3.html,2024-08-12T15:13:53+00:00,ETH/USDT,ETHUSD,True,BUY,keyword,2632.0,2409.0,2963.0,3611.0,,,2,4.4,Swing Trading,True,True,,"✔️J’achète la cryptomonnaie ETH/USDT 2632 ⏎ ❌SL 2409 ⏎ ✅TP1 2963 ⏎ ✅TP2 3611 ⏎  ⏎ 🎯Ratio : 4,4/1  ⏎  ⏎ 📊Type de trade : Swing Trading"
2869,messages3.html,2024-08-14T12:13:21+00:00,,,False,BUY,keyword,60869.0,59676.0,62838.0,65790.0,,,2,4.0,Intraday,True,True,,✔️J’achète du Bitcoin 60869 ⏎ ❌SL 59676 ⏎ ✅TP1 62838 ⏎ ✅TP2 65790 ⏎  ⏎ 🎯Ratio : 4/1  ⏎  ⏎ 📊Type de trade : Intraday  ⏎  ⏎ 👉Possibilité de renforcer en cas de nouveau pullback sur la trendline
2874,messages3.html,2024-08-19T14:59:00+00:00,,,False,BUY,keyword,58101.0,57517.0,59825.0,61725.0,,,2,6.1,Intraday / Swing Trading,True,True,,"✔️J’achète le Bitcoin 58101 ⏎ ❌SL 57517 ⏎ ✅TP1 59825 ⏎ ✅TP2 61725  ⏎  ⏎ 🎯Ratio : 6,1/1 ⏎  ⏎ 📊Type de trade : Intraday / Swing Trading"
2878,messages3.html,2024-08-21T10:05:09+00:00,GRT/USDT,GRTUSDT,False,BUY,keyword,0.144,0.1367,16.02,0.187,,,2,5.5,Swing Trading,True,False,TP1 hors plage (x111.25),"✔️J’achète la crypto GRT/USDT 0,1440 ⏎ ❌SL 0,1367 ⏎ ✅TP1 16,02 ⏎ ✅TP2 0,1870 ⏎  ⏎ 🎯Ratio : 5,5/1  ⏎  ⏎ 📊Type de trade : Swing Trading"
2881,messages3.html,2024-08-22T13:41:03+00:00,,,False,BUY,geometry,60898.0,58943.0,64766.0,69910.0,,,2,4.6,Swing Trading,True,True,,"✔️Je renforce ma position sur le Bitcoin 60898 ⏎ ❌SL 58943 ⏎ ✅TP1 64766 ⏎ ✅TP2 69910 ⏎  ⏎ 🎯Ratio : 4,6/1  ⏎  ⏎ 📊Type de trade : Swing Trading"
2884,messages3.html,2024-08-23T16:42:18+00:00,,,False,BUY,keyword,1.352,0.958,2.487,3.584,,,2,7.5,Swing Trading,True,False,TP2 hors plage (x2.65),"✔️J’achète la cryptomonnaie THETA/USDT 1,352 ⏎ ❌SL 0,9580 ⏎ ✅TP1 2,487 ⏎ ✅TP2 3,584 ⏎  ⏎ 🎯Ratio : 7,5/1 ⏎  ⏎ 📊Type de trade : Swing Trading ⏎  ⏎ 👉Possibilité de renforcer en cas de pullback sur le haut du biseau"
2890,messages3.html,2024-08-27T15:17:15+00:00,TIA/USDT,TIAUSDT,False,BUY,keyword,5.08,3.238,8.44,12.38,17.95,,3,7.0,Swing Trading / Long terme,True,False,TP2 hors plage (x2.44); TP3 hors plage (x3.53),"✔️Je renforce ma position sur TIA/USDT 5,080 ⏎ ❌SL 3,238 ⏎ ✅TP1 8,44 ⏎ ✅TP2 12,38 ⏎ ✅TP3 17,95 ⏎  ⏎ 🎯Ratio : 7/1  ⏎  ⏎ 📊Type de trade : Swing Trading / Long terme"
2892,messages3.html,2024-08-28T10:32:48+00:00,ETH/USDT,ETHUSD,True,BUY,keyword,2468.0,2351.0,2550.0,2659.0,,,2,4.0,Intraday,True,True,,✔️J’achète la cryptomonnaie ETH/USDT 2468 ⏎ ❌SL 2351 ⏎ ✅TP1 2550 ⏎ ✅TP2 2659 ⏎  ⏎ 🎯Ratio : 4/1  ⏎  ⏎ 📊Type de trade : Intraday
2895,messages3.html,2024-08-28T12:27:17+00:00,TIA/USDT,TIAUSDT,False,BUY,keyword,5.13,4.931,5.38,5.711,,,2,3.5,Intraday,True,True,,"✔️J’achète la cryptomonnaie TIA/USDT 5,130 ⏎ ❌SL 4,931 ⏎ ✅TP1 5,380 ⏎ ✅TP2 5,711 ⏎  ⏎ 🎯Ratio : 3,5/1 ⏎  ⏎ 📊Type de trade : Intraday"
2901,messages3.html,2024-08-29T16:10:55+00:00,SEI/USDT,SEIUSDT,False,BUY,keyword,0.3208,0.2444,0.5585,1.097,1.6977,,3,18.0,Long terme,True,False,TP2 hors plage (x3.42); TP3 hors plage (x5.29),"✔️J’achète la cryptomonnaie SEI/USDT 0,3208 ⏎ ❌SL 0,2444 ⏎ ✅TP1 0,5585 ⏎ ✅TP2 1,0970 ⏎ ✅TP3 1,6977 ⏎  ⏎ 🎯Ratio : 18/1  ⏎  ⏎ 📊Type de trade : Long terme"
2904,messages3.html,2024-08-30T23:52:37+00:00,SUI/USST,SUIUSST,False,BUY,keyword,0.8288,0.6961,1.0903,1.4899,,,2,5.0,,True,True,,"✔️J’achète la cryptomonnaie SUI/USST 0,8288 ⏎ ❌SL 0,6961 ⏎ ✅TP1 1,0903 ⏎ ✅TP2 1,4899 ⏎  ⏎ 🎯Ratio : 5/1  ⏎  ⏎ 📊Type de Trade : Swing Trading"
2907,messages3.html,2024-09-03T14:14:54+00:00,EUR/CAD,EURCAD,False,BUY,keyword,1.49671,1.49136,1.50487,1.51812,,,2,4.0,Swing Trading,True,True,,"✔️J’achète la paire EUR/CAD 1,49671 ⏎ ❌SL 1,49136 (53 pips)  ⏎ ✅TP1 1,50487 (81 pips)  ⏎ ✅TP2 1,51812 (214 pips)  ⏎  ⏎ 🎯Ratio : 4/1  ⏎  ⏎ 📊Type de trade : Swing Trading"
2918,messages3.html,2024-09-07T23:31:42+00:00,STRK/USDT,STRKUSDT,False,BUY,keyword,0.427,0.356,0.61,0.862,1.415,,3,16.0,Swing Trading / Long terme,True,False,TP2 hors plage (x2.02); TP3 hors plage (x3.31),"✔️J’achète la cryptomonnaie STRK/USDT 0,427 ⏎ ❌SL 0,356 ⏎ ✅TP1 0,610 ⏎ ✅TP2 0,862 ⏎ ✅TP3 1,415 ⏎  ⏎ 🎯Ratio : 16/1  ⏎  ⏎ 📊Type de trade : Swing Trading / Long terme  ⏎  ⏎ 👉Possibilité de rentrer en plusieurs fois pour lisser le montant d’achat"
2921,messages3.html,2024-09-09T14:54:48+00:00,,,False,BUY,keyword,55446.0,54533.0,57021.0,59751.0,,,2,4.0,Intraday / Swing Trading,True,True,,✔️J’achète le Bitcoin 55446 ⏎ ❌SL 54533 ⏎ ✅TP1 57021 ⏎ ✅TP2 59751 ⏎  ⏎ 🎯Ratio : 4/1  ⏎  ⏎ 📊Type de trade : Intraday / Swing Trading  ⏎  ⏎ 👉Possibilité de rentrer en plusieurs fois pour lisser le prix d’entrée
2927,messages3.html,2024-09-12T14:27:55+00:00,EUR/AUD,EURAUD,False,BUY,keyword,1.65199,1.64675,1.6606,1.66996,,,2,3.5,Intraday,True,True,,"✔️J’achète la paire EUR/AUD 1,65199 ⏎ ❌SL 1,64675 (52 pips)  ⏎ ✅TP1 1,66060 (86 pips)  ⏎ ✅TP2 1,66996 (179 pips)  ⏎  ⏎ 🎯Ratio : 3,5/1  ⏎  ⏎ 📊Type de trade : Intraday"
2931,messages3.html,2024-09-13T16:06:01+00:00,ETH/USDT,ETHUSD,True,BUY,keyword,2362.0,2322.0,2447.0,2574.0,,,2,5.0,Intraday,True,True,,✔️J’achète la crypto ETH/USDT 2362 ⏎ ❌SL 2322 ⏎ ✅TP1 2447 ⏎ ✅TP2 2574  ⏎  ⏎ 🎯Ratio : 5/1  ⏎  ⏎ 📊Type de trade : Intraday
2936,messages3.html,2024-09-18T14:50:19+00:00,gold,XAUUSD,True,SELL,keyword,2573.0,2581.0,2564.0,2547.0,,,2,4.0,Intraday,True,True,,✔️Je vends le Gold 2573 ⏎ ❌SL 2581 ⏎ ✅TP1 2564  ⏎ ✅TP2 2547 ⏎  ⏎ 🎯Ratio : 4/1  ⏎  ⏎ 📊Type de trade : Intraday
2940,messages3.html,2024-09-18T23:11:20+00:00,SEI/USDT,SEIUSDT,False,BUY,keyword,0.2954,0.2342,0.5243,1.3199,,,2,18.0,Swing Trading / Long terme,True,False,TP2 hors plage (x4.47),"✔️J’achète la cryptomonnaie SEI/USDT 0,2954 ⏎ ❌SL 0,2342 ⏎ ✅TP1 0,5243 ⏎ ✅TP2 1,3199 ⏎  ⏎ 🎯Ratio : 18/1  ⏎  ⏎ 📊Type de trade : Swing Trading / Long terme"
2943,messages3.html,2024-09-19T15:41:54+00:00,SAGA/USDT,SAGAUSDT,False,BUY,keyword,2.2931,1.3278,6.5859,15.4508,,,2,14.0,Long terme / Swing Trading,True,False,TP1 hors plage (x2.87); TP2 hors plage (x6.74),"✔️J’achète la cryptomonnaie SAGA/USDT 2,2931 ⏎ ❌SL 1,3278 ⏎ ✅TP1 6,5859 ⏎ ✅TP2 15,4508 ⏎  ⏎ 🎯Ratio : 14/1  ⏎  ⏎ 📊Type de trade : Long terme / Swing Trading  ⏎  ⏎ ⚠️Je conserve 50% de la position en cas de pullback sur la ligne de cou"
2952,messages3.html,2024-09-23T16:07:04+00:00,gold,XAUUSD,True,SELL,keyword,2629.0,2638.0,2614.0,2590.0,,,2,4.5,Intraday,True,True,,"✔️Je vends le Gold 2629 ⏎ ❌SL 2638 ⏎ ✅TP1 2614 ⏎ ✅TP2 2590 ⏎  ⏎ 🎯Ratio : 4,5/1  ⏎  ⏎ 📊Type de trade : Intraday"
2955,messages3.html,2024-09-24T15:10:32+00:00,JUP/USDT,JUPUSDT,False,BUY,keyword,0.8388,0.8069,0.8892,0.9668,,,2,4.0,Intraday,True,True,,"✔️J’achète la cryptomonnaie JUP/USDT 0,8388 ⏎ ❌SL 0,8069 ⏎ ✅TP1 0,8892 ⏎ ✅TP2 0,9668 ⏎  ⏎ 🎯Ratio : 4/1  ⏎  ⏎ 📊Type de trade : Intraday"
2958,messages3.html,2024-09-25T14:55:19+00:00,TRU/USDT,TRUUSDT,False,BUY,keyword,0.1023,0.0772,0.2297,0.4007,,,2,12.0,Swing Trading,True,False,TP1 hors plage (x2.25); TP2 hors plage (x3.92),"✔️J’achète la cryptomonnaie TRU/USDT 0,1023 ⏎ ❌SL 0,0772 ⏎ ✅TP1 0,2297 ⏎ ✅TP2 0,4007 ⏎  ⏎ 🎯Ratio : 12/1 ⏎  ⏎ 📊Type de trade : Swing Trading"
2964,messages3.html,2024-09-30T15:08:42+00:00,,,False,BUY,keyword,0.341,0.2716,0.4737,0.7135,1.0462,,3,,Swing Trading,True,False,TP2 hors plage (x2.09); TP3 hors plage (x3.07),"✔️J’achète la crypto PORTAL/USDT 0,3410 ⏎ ❌SL 0,2716  ⏎ ✅TP1 0,4737 ⏎ ✅TP2 0,7135 ⏎ ✅TP3 1,0462 ⏎  ⏎ 🎯Ratio gains/pertes : 10/1  ⏎  ⏎ 📊Type de trade : Swing Trading  ⏎  ⏎ 👉Possibilité de rentrer en plusieurs fois pour lisser son entrée"
2969,messages3.html,2024-10-03T17:02:16+00:00,DOGE/USDT,DOGEUSDT,False,BUY,keyword,0.104,0.08055,0.14137,0.17268,0.23267,,3,5.55,Swing Trading / Long terme,True,False,TP3 hors plage (x2.24),"✔️J’achète la cryptomonnaie DOGE/USDT 0,10400 ⏎ ❌SL 0,08055 ⏎ ✅TP1 0,14137 ⏎ ✅TP2 0,17268 ⏎ ✅TP3 0,23267  ⏎  ⏎ 🎯Ratio : 5,55/1  ⏎  ⏎ 📊Type de trade : Swing Trading / Long terme"
2971,messages3.html,2024-10-04T13:31:35+00:00,LINK/USDT,LINKUSDT,False,BUY,keyword,11.0,9.83,14.8,21.51,,,2,10.0,Swing Trading,True,True,,"✔️J’achète la cryptomonnaie LINK/USDT 11,00  ⏎ ❌SL 9,83 ⏎ ✅TP1 14,80 ⏎ ✅TP2 21,51 ⏎  ⏎ 🎯Ratio : 10/1  ⏎  ⏎ 📊Type de trade : Swing Trading"
2973,messages3.html,2024-10-04T14:03:15+00:00,,,False,BUY,keyword,2388.0,2214.0,2790.0,4047.0,,,2,10.0,Swing Trading / Long terme,True,True,,✔️J’achète la cryptomonnaie Ethereum 2388 ⏎ ❌SL 2214 ⏎ ✅TP1 2790 ⏎ ✅TP2 4047 ⏎  ⏎ 🎯Ratio : 10/1  ⏎  ⏎ 📊Type de trade : Swing Trading / Long terme
2976,messages3.html,2024-10-07T15:31:10+00:00,SHIB/USDT,SHIBUSDT,False,BUY,keyword,0.0,0.0,0.0,0.0,,,2,,Swing Trading / Long terme,True,False,SL>=entry pour BUY; TP<=entry pour BUY,"✔️J’achète la cryptomonnaie SHIB/USDT 0,00..1841 ⏎ ❌SL 0,00..1304 ⏎ ✅TP1 0,00..2811 ⏎ ✅TP2 0,00..4206 ⏎  ⏎ 🎯Ratio gains/pertes : 4,5/1  ⏎  ⏎ 📊Type de trade : Swing Trading / Long terme  ⏎  ⏎ 👉Possibilité de rentrer en plusieurs fois en cas de nouveau pullback"
2978,messages3.html,2024-10-09T09:36:32+00:00,gold,XAUUSD,True,SELL,keyword,2617.0,2703.0,2499.0,2281.0,,,2,4.0,Moyen terme (2-4 mois),True,True,,✔️Je vends le Gold 2617 ⏎ ❌SL 2703  ⏎ ✅TP1 2499 ⏎ ✅TP2 2281 ⏎  ⏎ 🎯Ratio : 4/1  ⏎  ⏎ 📊Type de trade : Moyen terme (2-4 mois)
2980,messages3.html,2024-10-10T15:08:19+00:00,USD/CHF,USDCHF,True,SELL,keyword,0.85728,0.8628,0.84974,0.84027,,,2,3.0,Swing Trading,True,True,,"✔️Je vends la paire USD/CHF 0,85728 ⏎ ❌SL 0,86280 (56 pips)  ⏎ ✅TP1 0,84974 (74 pips) ⏎ ✅TP2 0,84027 (169 pips)  ⏎  ⏎ 🎯Ratio : 3/1  ⏎  ⏎ 📊Type de trade : Swing Trading"
2982,messages3.html,2024-10-10T16:28:36+00:00,AUD/USD,AUDUSD,False,BUY,keyword,0.67258,0.66982,0.67868,0.68393,,,2,4.0,Swing Trading,True,True,,"✔️J’achète la paire de AUD/USD 0,67258 ⏎ ❌SL 0,66982 (28 pips)  ⏎ ✅TP1 0,67868 (60 pips) ⏎ ✅TP2 0,68393 (112 pips)   ⏎  ⏎ 🎯Ratio : 4/1  ⏎  ⏎ 📊Type de trade : Swing Trading"
2984,messages3.html,2024-10-11T15:04:03+00:00,nasdaq,US100,False,BUY,keyword,20198.0,20154.0,20311.0,20447.0,,,2,5.0,Intraday,True,True,,✔️J’achète le Nasdaq 20198 ⏎ ❌SL 20154 ⏎ ✅TP1 20311 ⏎ ✅TP2 20447 ⏎  ⏎ 🎯Ratio : 5/1  ⏎  ⏎ 📊Type de trade : Intraday
2990,messages3.html,2024-10-15T17:27:53+00:00,NEAR/USDT,NEARUSDT,False,BUY,keyword,5.11,4.838,5.412,5.922,,,2,3.0,Intraday,True,True,,"✔️J’achète la crypto NEAR/USDT 5,110 ⏎ ❌SL 4,838 ⏎ ✅TP1 5,412 ⏎ ✅TP2 5,922 ⏎  ⏎ 🎯Ratio : 3/1  ⏎  ⏎ 📊Type de trade : Intraday"
2992,messages3.html,2024-10-16T17:08:41+00:00,SOL/USDT,SOLUSDT,False,BUY,keyword,155.0,126.0,252.0,362.0,,,2,7.0,Long terme ( > 3 mois),True,False,TP2 hors plage (x2.34),✔️Je renforce ma position long terme sur SOL/USDT 155  ⏎ ❌SL 126  ⏎ ✅TP1 252 ⏎ ✅TP2 362  ⏎  ⏎ 🎯Ratio : 7/1  ⏎  ⏎ 📊Type de trade : Long terme ( > 3 mois)
2994,messages3.html,2024-10-17T15:39:43+00:00,CAD/JPY,CADJPY,False,BUY,keyword,108.803,107.789,109.789,111.297,,,2,3.0,Intraday / Swing Trading,True,True,,"✔️J’achète la paire CAD/JPY 108,803 ⏎ ❌SL 107,789 (91 pips)  ⏎ ✅TP1 109,789 (99 pips)  ⏎ ✅TP2 111,297 (259 pips)  ⏎  ⏎ 🎯Ratio : 3/1  ⏎  ⏎ 📊Type de trade : Intraday / Swing Trading"
2995,messages3.html,2024-10-18T14:07:51+00:00,dow,US30,True,SELL,keyword,43209.0,43360.0,43083.0,42756.0,,,2,3.0,Intraday,True,True,,✔️Je vends le Dow Jones (US30) 43209 ⏎ ❌SL 43360 ⏎ ✅TP1 43083 ⏎ ✅TP2 42756  ⏎  ⏎ 🎯Ratio : 3/1  ⏎  ⏎ 📊Type de trade : Intraday
2999,messages3.html,2024-10-21T15:51:24+00:00,dow,US30,True,SELL,keyword,43120.0,43374.0,42796.0,42425.0,,,2,3.5,Intraday / Swing Trading,True,True,,"✔️Je vends le Dow Jones (US30) 43120 ⏎ ❌SL 43374 ⏎ ✅TP1 42796 ⏎ ✅TP2 42425  ⏎  ⏎ 🎯Ratio : 3,5/1 ⏎  ⏎ 📊Type de trade : Intraday / Swing Trading"
3003,messages3.html,2024-10-23T14:41:50+00:00,gold,XAUUSD,True,SELL,keyword,2737.0,2761.0,2707.0,2661.0,,,2,3.1,Swing Trading,True,True,,"✔️Je vends le Gold 2737 ⏎ ❌SL 2761 ⏎ ✅TP1 2707 ⏎ ✅TP2 2661 ⏎  ⏎ 🎯Ratio : 3,1/1  ⏎  ⏎ 📊Type de trade : Swing Trading  ⏎  ⏎ 👉Possibilité de rentrer en plusieurs fois"
3008,messages3.html,2024-10-24T13:11:51+00:00,TIA/USDT,TIAUSDT,False,BUY,keyword,6.003,5.731,6.769,7.213,,,2,4.4,Intraday / Swing Trading,True,True,,"✔️J’achète la cryptomonnaie TIA/USDT 6,003 ⏎ ❌SL 5,731 ⏎ ✅TP1 6,769 ⏎ ✅TP2 7,213  ⏎  ⏎ 🎯Ratio : 4,4/1  ⏎  ⏎ 📊Type de trade : Intraday / Swing Trading"
3010,messages3.html,2024-10-25T15:01:20+00:00,gold,XAUUSD,True,SELL,keyword,2730.0,2737.0,2713.0,2698.0,,,2,3.5,Intraday,True,True,,"✔️Je vends le Gold 2730 ⏎ ❌SL 2737 ⏎ ✅TP1 2713 ⏎ ✅TP2 2698 ⏎  ⏎ 🎯Ratio : 3,5/1  ⏎  ⏎ 📊Type de trade : Intraday"
3013,messages3.html,2024-10-29T15:51:14+00:00,NEAR/USDT,NEARUSDT,False,BUY,keyword,4.449,3.711,6.151,8.487,,,2,5.5,Swing Trading,True,True,,"✔️J’achète la crypto NEAR/USDT 4,449 ⏎ ❌SL 3,711 ⏎ ✅TP1 6,151 ⏎ ✅TP2 8,487 ⏎  ⏎ 🎯Ratio : 5,5/1  ⏎  ⏎ 📊Type de trade : Swing Trading"
3015,messages3.html,2024-10-30T14:02:49+00:00,sp500,US500,True,BUY,keyword,5843.0,5823.0,5879.0,5907.0,,,2,3.2,Intraday,True,True,,"✔️J’achète le S&P500 5843 ⏎ ❌SL 5823 ⏎ ✅TP1 5879 ⏎ ✅TP2 5907 ⏎  ⏎ 🎯Ratio : 3,2/1  ⏎  ⏎ 📊Type de trade : Intraday"
3020,messages3.html,2024-11-01T13:53:45+00:00,SOL/USDT,SOLUSDT,False,BUY,keyword,172.0,146.0,220.0,277.0,,,2,4.5,Swing Trading,True,True,,"✔️Je renforce ma position long terme sur SOL/USDT 172 ⏎ ❌SL 146 ⏎ ✅TP1 220 ⏎ ✅TP2 277  ⏎  ⏎ 🎯Ratio : 4,5/1  ⏎  ⏎ 📊Type de trade : Swing Trading"
3023,messages3.html,2024-11-04T16:01:31+00:00,ETH/USDT,ETHUSD,True,SELL,keyword,2444.0,2520.0,2340.0,2212.0,,,2,3.0,Swing Trading,True,True,,✔️Je vends la crypto ETH/USDT 2444 ⏎ ❌SL 2520 ⏎ ✅TP1 2340 ⏎ ✅TP2 2212  ⏎  ⏎ 🎯Ratio : 3/1  ⏎  ⏎ 📊Type de trade : Swing Trading
3026,messages3.html,2024-11-07T14:34:36+00:00,AUD/JPY,AUDJPY,True,BUY,keyword,102.176,99.058,109.316,117.09,,,2,4.5,Moyen terme,True,True,,"✔️J’achète la paire de devises AUD/JPY 102,176 ⏎ ❌SL 99,058 ⏎ ✅TP1 109,316 ⏎ ✅TP2 117,090 ⏎  ⏎ 🎯Ratio : 4,5/1  ⏎  ⏎ 📊Type de trade : Moyen terme  ⏎  ⏎ 👉Possibilité de garder 50% de la position pour lisser son point d’entrée en cas de correction"
3028,messages3.html,2024-11-08T13:54:21+00:00,TIA/USDT,TIAUSDT,False,BUY,keyword,5.3,5.064,5.62,6.113,,,2,3.3,Intraday,True,True,,"✔️J’achète la cryptomonnaie TIA/USDT 5,30 ⏎ ❌SL 5,064 ⏎ ✅TP1 5,620 ⏎ ✅TP2 6,113  ⏎  ⏎ 🎯Ratio : 3,3/1  ⏎  ⏎ 📊Type de trade : Intraday"
3033,messages3.html,2024-11-09T10:28:15+00:00,SAGA/USDT,SAGAUSDT,False,BUY,geometry,2.1,1.31,3.38,6.64,16.29,,3,18.0,Swing Trading / Moyen terme,True,False,TP2 hors plage (x3.16); TP3 hors plage (x7.76),"✔️Je renforce ma position sur la cryptomonnaie SAGA/USDT 2,10  ⏎ ❌SL 1,31  ⏎ ✅TP1 3,38 ⏎ ✅TP2 6,64 ⏎ ✅TP3 16,29 ⏎  ⏎ 🎯Ratio : 18/1  ⏎  ⏎ 📊Type de trade : Swing Trading / Moyen terme"
3035,messages3.html,2024-11-11T15:48:24+00:00,nasdaq,US100,False,SELL,keyword,21136.0,21232.0,21000.0,20850.0,,,2,3.0,Intraday / Swing Trading,True,True,,✔️Je vends le Nasdaq 21136 ⏎ ❌SL 21232 ⏎ ✅TP1 21000 ⏎ ✅TP2 20850 ⏎  ⏎ 🎯Ratio : 3/1  ⏎  ⏎ 📊Type de trade : Intraday / Swing Trading
3039,messages3.html,2024-11-12T15:03:21+00:00,nasdaq,US100,False,SELL,keyword,21154.0,21239.0,21034.0,20870.0,,,2,3.5,Intraday,True,True,,"✔️Je vends le Nasdaq 21154 ⏎ ❌SL 21239 ⏎ ✅TP1 21034 ⏎ ✅TP2 20870  ⏎  ⏎ 🎯Ratio : 3,5/1  ⏎  ⏎ 📊Type de trade : Intraday"
3043,messages3.html,2024-11-13T15:00:20+00:00,nasdaq,US100,False,SELL,keyword,21067.0,21143.0,20980.0,20850.0,,,2,3.0,Intraday,True,True,,✔️Je vends le Nasdaq 21067 ⏎ ❌SL 21143 ⏎ ✅TP1 20980 ⏎ ✅TP2 20850 ⏎  ⏎ 🎯Ratio : 3/1  ⏎  ⏎ 📊Type de trade : Intraday
3046,messages3.html,2024-11-15T09:27:59+00:00,APT/USDT,APTUSDT,False,BUY,keyword,11.88,10.93,13.64,15.31,,,2,4.0,Intraday / Swing Trading,True,True,,"✔️J’achète la cryptomonnaie APT/USDT 11,88 ⏎ ❌SL 10,93 ⏎ ✅TP1 13,64 ⏎ ✅TP2 15,31  ⏎  ⏎ 🎯Ratio : 4/1 ⏎  ⏎ 📊Type de trade : Intraday / Swing Trading"
3048,messages3.html,2024-11-18T14:40:17+00:00,SEI/USDT,SEIUSDT,False,BUY,keyword,0.5104,0.4548,0.6049,0.734,,,2,5.0,Intraday / Swing Trading,True,True,,"✔️J’achète la cryptomonnaie SEI/USDT 0,5104 ⏎ ❌SL 0,4548 ⏎ ✅TP1 0,6049 ⏎ ✅TP2 0,7340 ⏎  ⏎ 🎯Ratio : 5/1 ⏎  ⏎ 📊Type de trade : Intraday / Swing Trading"
3050,messages3.html,2024-11-18T15:17:21+00:00,nasdaq100,US100,False,BUY,keyword,20510.0,20259.0,20969.0,21459.0,,,2,4.0,Swing Trading,True,True,,✔️J’achète le Nasdaq100 20510 ⏎ ❌SL 20259 ⏎ ✅TP1 20969 ⏎ ✅TP2 21459 ⏎  ⏎ 🎯Ratio : 4/1  ⏎  ⏎ 📊Type de trade : Swing Trading
3054,messages3.html,2024-11-19T14:15:39+00:00,nasdaq,US100,False,BUY,keyword,20413.0,20157.0,20977.0,21585.0,,,2,4.5,Swing Trading,True,True,,"✔️J’achète le Nasdaq 20413 ⏎ ❌SL 20157 ⏎ ✅TP1 20977 ⏎ ✅TP2 21585 ⏎  ⏎ 🎯Ratio : 4,5/1  ⏎  ⏎ 📊Type de trade : Swing Trading"
3057,messages3.html,2024-11-20T09:53:38+00:00,ETH/USDT,ETHUSD,True,BUY,keyword,3121.0,2984.0,3310.0,3545.0,,,2,3.5,Intraday / Swing Trading,True,True,,"✔️J’achète la cryptomonnaie ETH/USDT 3121 ⏎ ❌SL 2984 ⏎ ✅TP1 3310 ⏎ ✅TP2 3545  ⏎  ⏎ 🎯Ratio : 3,5/1  ⏎  ⏎ 📊Type de trade : Intraday / Swing Trading"
3064,messages3.html,2024-11-26T14:24:34+00:00,LINK/USDT,LINKUSDT,False,BUY,keyword,16.94,15.44,18.8,20.69,,,2,3.0,Intraday,True,True,,"✔️J’achète la crypto LINK/USDT 16,94 ⏎ ❌SL 15,44 ⏎ ✅TP1 18,80 ⏎ ✅TP2 20,69 ⏎  ⏎ 👉Je garde la moitié de la position en cas de retour sur la zone support  ⏎  ⏎ 🎯Ratio : 3/1  ⏎  ⏎ 📊Type de trade : Intraday"
3066,messages3.html,2024-11-26T16:21:17+00:00,SEI/USDT,SEIUSDT,False,BUY,keyword,0.6655,0.6317,0.7221,,,,1,3.5,Intraday,True,True,,"✔️J’achète la cryptomonnaie SEI/USDT 0,6655 ⏎ ❌SL 0,6317 ⏎ ✅TP1 0,7221 ⏎ ✅TP1 0,7776 ⏎  ⏎ 🎯Ratio : 3,5/1  ⏎  ⏎ 📊Type de trade : Intraday"
3069,messages3.html,2024-11-27T15:24:52+00:00,,,False,BUY,keyword,0.02494,0.01387,0.0425,0.0815,,,2,5.0,Swing Trading,True,False,TP2 hors plage (x3.27),"✔️J’achète la crypto JASMY/USDT 0,02494 ⏎ ❌SL 0,01387 ⏎ ✅TP1 0,04250 ⏎ ✅TP2 0,08150 ⏎  ⏎ 🎯Ratio : 5/1  ⏎  ⏎ 📊Type de trade : Swing Trading  ⏎  ⏎ 👉Possibilité de rentrer en plusieurs fois pour lisser le point d’entrée"
3076,messages3.html,2024-11-29T16:42:44+00:00,JUP/USDT,JUPUSDT,False,BUY,keyword,1.1515,0.9691,1.4009,1.7579,,,2,4.7,Swing Trading,True,True,,"✔️J’achète la cryptomonnaie JUP/USDT 1,1515 ⏎ ❌SL 0,9691 ⏎ ✅TP1 1,4009 ⏎ ✅TP2 1,7579 ⏎  ⏎ 🎯Ratio : 4,7/1  ⏎  ⏎ 📊Type de trade : Swing Trading  ⏎  ⏎ 👉Possibilité de rentrer en plusieurs fois pour lisser le prix d’entrée"
3080,messages3.html,2024-12-02T18:38:51+00:00,ETH/USDT,ETHUSD,True,BUY,keyword,3620.0,3550.0,3744.0,3854.0,,,2,3.5,Intraday / Swing Trading,True,True,,"✔️J’achète la crypto ETH/USDT 3620 ⏎ ❌SL 3550 ⏎ ✅TP1 3744 ⏎ ✅TP2 3854 ⏎  ⏎ 🎯Ratio : 3,5/1  ⏎  ⏎ 📊Type de trade : Intraday / Swing Trading ⏎  ⏎ 👉Possibilité de rentrer en plusieurs fois pour lisser le point d’entrée"
3084,messages3.html,2024-12-03T14:57:48+00:00,ETH/USDT,ETHUSD,True,BUY,keyword,3574.0,3486.0,3743.0,3900.0,,,2,3.8,Swing Trading,True,True,,"✔️J’achète la cryptomonnaie ETH/USDT 3574 ⏎ ❌SL 3486 ⏎ ✅TP1 3743 ⏎ ✅TP2 3900 ⏎  ⏎ 🎯Ratio : 3,8/1  ⏎  ⏎ 📊Type de trade : Swing Trading  ⏎  ⏎ 👉Possibilité de rentrer en plusieurs fois"
3092,messages3.html,2024-12-09T13:30:44+00:00,SEI/USDT,SEIUSDT,False,BUY,keyword,0.6358,0.5976,0.7225,0.8142,,,2,4.5,Intraday / Swing Trading,True,True,,"✔️J’achète la cryptomonnaie SEI/USDT 0,6358 ⏎ ❌SL 0,5976 ⏎ ✅TP1 0,7225 ⏎ ✅TP2 0,8142 ⏎  ⏎ 🎯Ratio : 4,5/1  ⏎  ⏎ 📊Type de trade : Intraday / Swing Trading"
3095,messages4.html,2024-12-10T15:53:31+00:00,nasdaq,US100,False,SELL,keyword,21530.0,21612.0,21431.0,21279.0,,,2,3.0,Intraday / Swing Trading,True,True,,✔️Je vends le Nasdaq 21530 ⏎ ❌SL 21612 ⏎ ✅TP1 21431 ⏎ ✅TP2 21279 ⏎  ⏎ 🎯Ratio : 3/1  ⏎  ⏎ 📊Type de trade : Intraday / Swing Trading
3102,messages4.html,2024-12-13T20:26:29+00:00,NEAR/USDT,NEARUSDT,False,BUY,keyword,6.96,6.63,7.3,7.881,,,2,3.0,Intraday / Swing Trading,True,True,,"✔️J’achète la crypto NEAR/USDT 6,96 ⏎ ❌SL 6,63 ⏎ ✅TP1 7,30 ⏎ ✅TP2 7,881 ⏎  ⏎ 🎯Ratio : 3/1 ⏎  ⏎ 📊Type de trade : Intraday / Swing Trading"
3104,messages4.html,2024-12-15T20:27:56+00:00,SEI/USDT,SEIUSDT,False,BUY,keyword,0.5935,0.5627,0.6439,0.724,,,2,4.2,Intraday / Swing Trading,True,True,,"✔️J’achète la crypto SEI/USDT 0,5935 ⏎ ❌SL 0,5627 ⏎ ✅TP1 0,6439 ⏎ ✅TP2 0,7240 ⏎  ⏎ 🎯Ratio : 4,2/1  ⏎  ⏎ 📊Type de trade : Intraday / Swing Trading"
3107,messages4.html,2024-12-16T14:39:08+00:00,ETH/USDT,ETHUSD,True,BUY,keyword,3920.0,3859.0,4009.0,4083.0,,,2,3.0,Intraday / Swing Trading,True,True,,✔️J’achète la crypto ETH/USDT 3920 ⏎ ❌SL 3859 ⏎ ✅TP1 4009 ⏎ ✅TP2 4083 ⏎  ⏎ 🎯Ratio : 3/1  ⏎  ⏎ 📊Type de trade : Intraday / Swing Trading
3111,messages4.html,2024-12-18T14:52:29+00:00,dow,US30,True,SELL,keyword,43550.0,43656.0,43346.0,43088.0,,,2,3.5,Intraday,True,True,,"✔️Je vends l’indice Dow Jones (US30) 43550 ⏎ ❌SL 43656 ⏎ ✅TP1 43346 ⏎ ✅TP2 43088 ⏎  ⏎ 🎯Ratio : 3,5/1  ⏎  ⏎ 📊Type de trade : Intraday"
3116,messages4.html,2024-12-20T14:21:08+00:00,SEI/USDT,SEIUSDT,False,BUY,keyword,0.41,0.3318,0.7062,1.1777,,,2,10.0,Swing Trading,True,False,TP2 hors plage (x2.87),"✔️J’achète la cryptomonnaie SEI/USDT 0,4100 ⏎ ❌SL 0,3318 ⏎ ✅TP1 0,7062 ⏎ ✅TP2 1,1777 ⏎  ⏎ 🎯Ratio : 10/1  ⏎  ⏎ 📊Type de trade : Swing Trading"
3118,messages4.html,2024-12-20T14:24:00+00:00,JUP/USDT,JUPUSDT,False,BUY,keyword,0.819,0.723,1.3581,1.9716,,,2,12.0,Swing Trading,True,False,TP2 hors plage (x2.41),"✔️J’achète la cryptomonnaie JUP/USDT 0,8190 ⏎ ❌SL 0,7230 ⏎ ✅TP1 1,3581 ⏎ ✅TP2 1,9716 ⏎  ⏎ 🎯Ratio : 12/1  ⏎  ⏎ 📊Type de trade : Swing Trading"
3120,messages4.html,2024-12-23T17:07:35+00:00,ETH/USDT,ETHUSD,True,BUY,keyword,3355.0,3216.0,3544.0,3826.0,,,2,3.3,Intraday / Swing Trading,True,True,,"✔️J’achète la crypto ETH/USDT 3355 ⏎ ❌SL 3216 ⏎ ✅TP1 3544 ⏎ ✅TP2 3826 ⏎  ⏎ 🎯Ratio : 3,3/1  ⏎  ⏎ 📊Type de trade : Intraday / Swing Trading  ⏎  ⏎ 👉Possibilité de rentrer en plusieurs fois pour lisser son prix d’entrée"
3123,messages4.html,2024-12-26T15:49:59+00:00,EUR/AUD,EURAUD,False,BUY,keyword,1.67381,1.66741,1.68275,1.69298,,,2,3.0,Intraday / Swing Trading,True,True,,"✔️J’achète la paire EUR/AUD 1,67381 ⏎ ❌SL 1,66741 ⏎ ✅TP1 1,68275 ⏎ ✅TP2 1,69298 ⏎  ⏎ 🎯Ratio : 3/1  ⏎  ⏎ 📊Type de trade : Intraday / Swing Trading  ⏎  ⏎ Je garde 50% de la position en cas de pullback sur le haut du triangle ascendant"
3126,messages4.html,2024-12-30T17:47:20+00:00,BNB/USDT,BNBUSDT,False,BUY,keyword,703.0,652.0,789.0,920.0,,,2,6.0,Swing Trading,True,True,,✔️J’achète la cryptomonnaie BNB/USDT 703 ⏎ ❌SL 652 ⏎ ✅TP1 789 ⏎ ✅TP2 920 ⏎  ⏎ 🎯Ratio : 6/1  ⏎  ⏎ 📊Type de trade : Swing Trading
3129,messages4.html,2025-01-03T13:34:03+00:00,ETH/USDT,ETHUSD,True,BUY,keyword,3488.0,3383.0,3697.0,4076.0,,,2,5.2,Swing Trading,True,True,,"✔️J’achète la cryptomonnaie ETH/USDT 3488 ⏎ ❌SL 3383 ⏎ ✅TP1 3697 ⏎ ✅TP2 4076 ⏎  ⏎ 🎯Ratio : 5,2/1  ⏎  ⏎ 📊Type de trade : Swing Trading"
3134,messages4.html,2025-01-07T14:36:20+00:00,sp500,US500,True,BUY,keyword,5997.0,5814.0,6226.0,6583.0,,,2,3.2,Moyen terme,True,True,,"✔️J’achète l’indice S&P500 5997 ⏎ ❌SL 5814 ⏎ ✅TP1 6226 ⏎ ✅TP2 6583 ⏎  ⏎ 🎯Ratio : 3,2/1  ⏎  ⏎ 📊Type de trade : Moyen terme  ⏎  ⏎ 👉Possibilité de rentrer en plusieurs fois"
3138,messages4.html,2025-01-09T15:44:58+00:00,TIA/USDT,TIAUSDT,False,BUY,keyword,4.626,3.315,8.964,19.825,,,2,17.0,Moyen terme,True,False,TP2 hors plage (x4.29),"✔️J’achète la cryptomonnaie TIA/USDT 4,626 ⏎ ❌SL 3,315 ⏎ ✅TP1 8,964 ⏎ ✅TP2 19,825 ⏎  ⏎ 🎯Ratio : 17/1  ⏎  ⏎ 📊Type de trade : Moyen terme"
3140,messages4.html,2025-01-13T16:41:44+00:00,NOT/USDT,NOTUSDT,False,BUY,keyword,0.006062,0.004787,0.009895,0.02537,,,2,15.0,Moyen / Long terme,True,False,TP2 hors plage (x4.19),"✔️J’achète la cryptomonnaie NOT/USDT 0,006062 ⏎ ❌SL 0,004787 ⏎ ✅TP1 0,009895 ⏎ ✅TP2 0,025370 ⏎  ⏎ 🎯Ratio : 15/1  ⏎  ⏎ 📊Type de trade : Moyen / Long terme"
3141,messages4.html,2025-01-13T22:10:18+00:00,SEI/USDT,SEIUSDT,False,BUY,geometry,0.3618,0.3426,0.415,,,,1,3.0,Intraday / Swing Trading,True,True,,"✔️Je renforce ma position sur SEI/USDT 0,3618 ⏎ ❌SL 0,3426 ⏎ ✅0,3886 ⏎ ✅TP2 0,4150 ⏎  ⏎ 🎯Ratio : 3/1  ⏎  ⏎ 📊Type de trade : Intraday / Swing Trading"
3155,messages4.html,2025-01-21T13:31:41+00:00,,,False,BUY,keyword,104.0,101.0,106.0,108.0,114.0,,3,3.0,Intraday,True,True,,✔️J’achète le Bitcoin 104 286 ⏎ ❌SL 101 579 ⏎ ✅TP1 106 890 ⏎ ✅TP2 108 360 ⏎ ✅TP3 114 332  ⏎  ⏎ 🎯Ratio : 3/1  ⏎  ⏎ 📊Type de trade : Intraday  ⏎  ⏎ 👉Je rentre en plusieurs fois en cas de retracement baissier court terme
3157,messages4.html,2025-01-24T15:27:51+00:00,CHF/JPY,CHFJPY,False,SELL,keyword,172.124,173.09,170.26,168.443,,,2,4.0,Swing Trading,True,True,,"✔️Je vends la paire CHF/JPY 172,124  ⏎ ❌SL 173,090 ⏎ ✅TP1 170,260 ⏎ ✅TP2 168,443 ⏎  ⏎ 🎯Ratio : 4/1  ⏎  ⏎ 📊Type de trade : Swing Trading"
3161,messages4.html,2025-01-27T23:04:21+00:00,SEI/USDT,SEIUSDT,False,BUY,keyword,0.3165,0.3027,0.3461,0.383,,,2,5.0,Intraday / Swing Trading,True,True,,"✔️J’achète la cryptomonnaie SEI/USDT 0,3165 ⏎ ❌SL 0,3027 ⏎ ✅TP1 0,3461 ⏎ ✅TP2 0,3830 ⏎  ⏎ 🎯Ratio : 5/1  ⏎  ⏎ 📊Type de trade : Intraday / Swing Trading"
3163,messages4.html,2025-01-28T15:31:42+00:00,ETH/USDT,ETHUSD,True,BUY,keyword,3197.0,3090.0,3309.0,3470.0,,,2,3.0,Intraday / Swing Trading,True,True,,✔️J’achète la cryptomonnaie ETH/USDT 3197 ⏎ ❌SL 3090 ⏎ ✅TP1 3309 ⏎ ✅TP2 3470 ⏎  ⏎ 🎯Ratio : 3/1  ⏎  ⏎ 📊Type de trade : Intraday / Swing Trading  ⏎  ⏎ 👉Possibilité de rentrer en plusieurs fois pour lisser le point d’entrée
3165,messages4.html,2025-01-29T15:09:27+00:00,gold,XAUUSD,True,SELL,keyword,2757.0,2791.0,2702.0,2628.0,,,2,4.0,Swing Trading,True,True,,✔️Je vends le Gold 2757 ⏎ ❌SL 2791 ⏎ ✅TP1 2702 ⏎ ✅TP2 2628 ⏎  ⏎ 🎯Ratio : 4/1 ⏎  ⏎ 📊Type de trade : Swing Trading
3168,messages4.html,2025-01-30T13:54:26+00:00,ETH/USDT,ETHUSD,True,BUY,geometry,3245.0,3090.0,4021.0,5047.0,,,2,6.0,Moyen terme,True,True,,✔️Je renforce ma position sur ETH/USDT 3245 ⏎ ❌SL 3090 ⏎ ✅TP1 4021 ⏎ ✅TP2 5047 ⏎  ⏎ 🎯Ratio : 6/1  ⏎ Je  ⏎ 📊Type de trade : Moyen terme
3170,messages4.html,2025-01-30T15:35:02+00:00,TIA/USDT,TIAUSDT,False,BUY,geometry,4.28,3.29,9.5,15.39,24.92,,3,21.0,Moyen terme,True,False,TP1 hors plage (x2.22); TP2 hors plage (x3.60); TP3 hors plage (x5.82),"✔️Je renforce ma position sur la cryptomonnaie TIA/USDT 4,28 ⏎ ❌SL 3,29 ⏎ ✅TP1 9,50 ⏎ ✅TP2 15,39 ⏎ ✅TP3 24,92  ⏎  ⏎ 🎯Ratio : 21/1  ⏎  ⏎ 📊Type de trade : Moyen terme"
3171,messages4.html,2025-01-31T13:18:04+00:00,,,False,BUY,keyword,104.0,102.0,108.0,113.0,,,2,3.3,Intraday / Swing Trading,True,True,,"✔️J’achète du Bitcoin 104 830 ⏎ ❌SL 102 122 ⏎ ✅TP1 108 319 ⏎ ✅TP2 113 875 ⏎  ⏎ 🎯Ratio : 3,3/1  ⏎  ⏎ 📊Type de trade : Intraday / Swing Trading  ⏎  ⏎ 👉Possibilité de rentrer en plusieurs fois, notamment avec la volatilité attendue pour les news de 14h30 et pour l’ouverture américaine de 15h30 qui peuvent produire des mèches importantes"
3174,messages4.html,2025-01-31T20:15:11+00:00,FTM/USDT,FTMUSDT,False,BUY,keyword,0.5776,0.4,1.09,2.08,3.36,,3,16.0,Moyen terme,True,False,TP2 hors plage (x3.60); TP3 hors plage (x5.82),"✔️J’achète la cryptomonnaie FTM/USDT (= S/USDT) 0,5776 ⏎ ❌SL 0,40 ⏎ ✅TP1 1,09 ⏎ ✅TP2 2,08 ⏎ ✅TP3 3,36  ⏎  ⏎ 🎯Ratio : 16/1  ⏎  ⏎ 📊Type de trade : Moyen terme"
3176,messages4.html,2025-02-03T10:41:02+00:00,ETH/USDT,ETHUSD,True,BUY,keyword,2593.0,2465.0,2729.0,2930.0,,,2,3.0,Intraday,True,True,,✔️J’achète la cryptomonnaie ETH/USDT 2593 ⏎ ❌SL 2465 ⏎ ✅TP1 2729 ⏎ ✅TP2 2930  ⏎  ⏎ 🎯Ratio : 3/1  ⏎  ⏎ 📊Type de trade : Intraday
3180,messages4.html,2025-02-06T15:55:19+00:00,USD/CHF,USDCHF,True,SELL,keyword,0.90538,0.923,0.87716,0.8416,,,2,3.5,Swing Trading / Moyen terme,True,True,,"✔️Je vends la paire USD/CHF 0,90538 ⏎ ❌SL 0,92300 (176 pips)  ⏎ ✅TP1 0,87716 (282 pips)  ⏎ ✅TP2 0,84160 (637 pips)  ⏎  ⏎ 🎯Ratio : 3,5/1  ⏎  ⏎ 📊Type de trade : Swing Trading / Moyen terme"
3182,messages4.html,2025-02-07T09:59:21+00:00,SEI/USDT,SEIUSDT,False,BUY,keyword,0.2281,0.2147,0.2571,0.2844,,,2,4.5,Intraday / Swing Trading,True,True,,"✔️J’achète la cryptomonnaie SEI/USDT 0,2281 ⏎ ❌SL 0,2147 ⏎ ✅TP1 0,2571 ⏎ ✅TP2 0,2844  ⏎  ⏎ 🎯Ratio : 4,5/1  ⏎  ⏎ 📊Type de trade : Intraday / Swing Trading  ⏎  ⏎ 👉Possibilité de rentrer en plusieurs fois notamment en cas de pullback sur la ligne de cou du double bottom"
3184,messages4.html,2025-02-11T15:39:31+00:00,sp500,US500,True,BUY,keyword,6060.0,6035.0,6094.0,6124.0,,,2,3.0,Intraday,True,True,,"✔️J’achète le S&P500 6060  ⏎ ❌SL 6035  ⏎ ✅TP1 6094 ⏎ ✅TP2 6124  ⏎  ⏎ 🎯Ratio : 3/1  ⏎  ⏎ 📊Type de trade : Intraday  ⏎  ⏎ 👉Je garde 50% de la position en cas de retour sur les 0,618 du retracement de Fibonacci"
3187,messages4.html,2025-02-13T15:34:15+00:00,nasdaq100,US100,False,BUY,keyword,21889.0,21616.0,22132.0,22510.0,,,2,3.0,Intraday / Swing Trading,True,True,,✔️J’achète le Nasdaq100 21889 ⏎ ❌SL 21616  ⏎ ✅TP1 22132 ⏎ ✅TP2 22510  ⏎  ⏎ 🎯Ratio : 3/1  ⏎  ⏎ 📊Type de trade : Intraday / Swing Trading  ⏎  ⏎ 👉Je garde 50% de la position en cas de nouveau pullback
3191,messages4.html,2025-02-18T16:36:18+00:00,nasdaq,US100,False,SELL,keyword,22130.0,22270.0,21964.0,21707.0,,,2,3.0,Intraday / Swing Trading,True,True,,✔️Je vends le Nasdaq 22130 ⏎ ❌SL 22270 ⏎ ✅TP1 21964 ⏎ ✅TP2 21707 ⏎  ⏎ 🎯Ratio : 3/1  ⏎  ⏎ 📊Type de trade : Intraday / Swing Trading ⏎  ⏎ 👉Je conserve 50% de la position en cas de retour sur les plus hauts pour lisser mon point d’entrée
3193,messages4.html,2025-02-20T12:31:23+00:00,USD/CHF,USDCHF,True,SELL,geometry,0.9027,0.91994,0.87728,0.83973,,,2,3.5,Swing Trading,True,True,,"✔️Je renforce ma position sur la paire USD/CHF 0,90270 ⏎ ❌SL 0,91994 (176 pips)  ⏎ ✅TP1 0,87728 (250 pips)  ⏎ ✅TP2 0,83973 (625 pips)  ⏎  ⏎ 🎯Ratio : 3,5/1  ⏎  ⏎ 📊Type de trade : Swing Trading"
3195,messages4.html,2025-02-24T15:49:50+00:00,gold,XAUUSD,True,SELL,keyword,2938.0,2991.0,2850.0,2722.0,,,2,4.0,Swing Trading,True,True,,✔️Je vends le Gold 2938 ⏎ ❌SL 2991 ⏎ ✅TP1 2850 ⏎ ✅TP2 2722 ⏎  ⏎ 🎯Ratio : 4/1  ⏎  ⏎ 📊Type de trade : Swing Trading  ⏎  ⏎ 👉Possibilité de rentrer en plusieurs fois
3197,messages4.html,2025-02-25T08:41:59+00:00,,,False,BUY,keyword,2403.0,2015.0,4020.0,7183.0,,,2,12.0,Long terme,True,False,TP2 hors plage (x2.99),✔️J’achète de l’Ethereum 2403 ⏎ ❌SL 2015  ⏎ ✅TP1 4020  ⏎ ✅TP2 7183  ⏎  ⏎ 🎯Ratio : 12/1  ⏎  ⏎ 📊Type de trade : Long terme
3199,messages4.html,2025-02-28T14:48:34+00:00,GBP/CHF,GBPCHF,False,BUY,keyword,1.13669,1.12886,1.14959,1.16224,,,2,3.3,Swing Trading,True,True,,"✔️J’achète la paire de devises GBP/CHF 1,13669 ⏎ ❌SL 1,12886 ⏎ ✅TP1 1,14959 ⏎ ✅TP2 1,16224 ⏎  ⏎ 🎯Ratio : 3,3/1  ⏎  ⏎ 📊Type de trade : Swing Trading  ⏎  ⏎ 👉Je garde 50% de la position en cas de baisse pour lisser le point d’entrée"
3204,messages4.html,2025-03-04T14:05:43+00:00,EUR/USD,EURUSD,True,BUY,keyword,1.054379,1.03376,1.0896,1.1204,,,2,3.3,Swing Trading,True,True,,"✔️J’achète la paire EUR/USD 1,054379 ⏎ ❌SL 1,03376 (200 pips)  ⏎ ✅TP1 1,08960  ⏎ ✅TP2 1,12040 (666 pips)  ⏎  ⏎ 🎯Ratio : 3,3/1  ⏎  ⏎ 📊Type de trade : Swing Trading  ⏎  ⏎ 👉Je garde 50% de la position en cas de baisse pour lisser le prix d’entrée"
3206,messages4.html,2025-03-06T14:38:34+00:00,,,False,BUY,keyword,3.955,2.43,10.101,20.857,40.317,,3,23.0,Moyen / Long terme,True,False,TP1 hors plage (x2.55); TP2 hors plage (x5.27); TP3 hors plage (x10.19),"✔️J’achète la crypto RENDER/USDT 3,955 ⏎ ❌SL 2,430 ⏎ ✅TP1 10,101 ⏎ ✅TP2 20,857 ⏎ ✅TP3 40,317 ⏎  ⏎ 🎯Ratio : 23/1  ⏎  ⏎ 📊Type de trade : Moyen / Long terme  ⏎  ⏎ 👉Je rentre en plusieurs fois pour lisser le prix d’entrée"
3212,messages4.html,2025-03-10T17:02:22+00:00,gold,XAUUSD,True,SELL,keyword,2898.0,2970.0,2789.0,2649.0,2540.0,,3,5.0,Swing Trading,True,True,,✔️Je vends le Gold 2898 ⏎ ❌SL 2970 ⏎ ✅TP1 2789 ⏎ ✅TP2 2649 ⏎ ✅TP3 2540  ⏎  ⏎ 🎯Ratio : 5/1  ⏎  ⏎ 📊Type de trade : Swing Trading
3215,messages4.html,2025-03-13T15:22:50+00:00,,,False,BUY,keyword,2.93,1.748,9.59,15.4,,,2,30.0,Long terme,True,False,TP1 hors plage (x3.27); TP2 hors plage (x5.26),"✔️J’achète la cryptomonnaie RENDER/USDT 2,930 ⏎ ❌SL 1,748 ⏎ ✅TP1 9,590 ⏎ ✅TP2 15,400 ⏎ ✅TP2 39,22 ⏎  ⏎ 🎯Ratio : 30/1 ⏎  ⏎ 📊Type de trade : Long terme"
3217,messages4.html,2025-03-14T13:41:40+00:00,nasdaq100,US100,False,BUY,keyword,19531.0,19130.0,20224.0,21290.0,,,2,4.5,Intraday / Swing Trading,True,True,,"✔️J’achète l’indice Nasdaq100 19531 ⏎ ❌SL 19130 ⏎ ✅TP1 20224 ⏎ ✅TP2 21290 ⏎  ⏎ 🎯Ratio : 4,5/1  ⏎  ⏎ 📊Type de trade : Intraday / Swing Trading"
3220,messages4.html,2025-03-17T15:30:49+00:00,USD/CAD,USDCAD,False,SELL,keyword,1.43165,1.4728,1.38384,1.30715,,,2,3.0,Swing Trading / Moyen terme,True,True,,"✔️Je vends la paire USD/CAD 1,43165 ⏎ ❌SL 1,47280 ⏎ ✅TP1 1,38384 ⏎ ✅TP2 1,30715 ⏎  ⏎ 🎯Ratio : 3/1  ⏎  ⏎ 📊Type de trade : Swing Trading / Moyen terme  ⏎  ⏎ 👉Possibilité de rentrer en plusieurs fois pour lisser le prix d’entrée"
3226,messages4.html,2025-03-25T15:29:35+00:00,DOT/USDT,DOTUSDT,False,BUY,keyword,4.686,3.321,10.558,16.8,24.034,,3,15.0,Moyen terme,True,False,TP1 hors plage (x2.25); TP2 hors plage (x3.59); TP3 hors plage (x5.13),"✔️J’achète la crypto DOT/USDT 4,686 ⏎ ❌SL 3,321 ⏎ ✅TP1 10,558 ⏎ ✅TP2 16,800 ⏎ ✅TP3 24,034 ⏎  ⏎ 🎯Ratio : 15/1  ⏎  ⏎ 📊Type de trade : Moyen terme  ⏎  ⏎ 👉Je garde une partie de la position en cas de pullback sur la trendline pour lisser le prix d’entrée"
3232,messages4.html,2025-04-01T16:26:29+00:00,TAO/USD,TAOUSD,False,BUY,keyword,232.4,169.5,389.8,711.7,1413.6,,3,20.0,Moyen terme,True,False,TP2 hors plage (x3.06); TP3 hors plage (x6.08),"✔️J’achète la cryptomonnaie TAO/USD 232,40 ⏎ ❌SL 169,50 ⏎ ✅TP1 389,80 ⏎ ✅TP2 711,70 ⏎ ✅TP3 1413,60 ⏎  ⏎ 🎯Ratio : 20/1  ⏎  ⏎ 📊Type de trade : Moyen terme"
3240,messages4.html,2025-04-07T15:34:45+00:00,TAO/USD,TAOUSD,False,BUY,keyword,197.0,143.0,369.0,700.0,1387.0,,3,20.0,Moyen terme,True,False,TP2 hors plage (x3.55); TP3 hors plage (x7.04),✔️J’achète la cryptomonnaie TAO/USD 197$  ⏎ ❌SL 143$ ⏎ ✅TP1 369$  ⏎ ✅TP2 700$  ⏎ ✅TP3 1387$  ⏎  ⏎ 🎯Ratio : 20/1  ⏎  ⏎ 📊Type de trade : Moyen terme
3242,messages4.html,2025-04-08T15:02:38+00:00,XRP/USD,XRPUSD,False,BUY,keyword,1.95,1.55,3.2,6.1,,,2,11.0,Swing Trading / Moyen terme,True,False,TP2 hors plage (x3.13),"✔️J’achète la crypto XRP/USD 1,95 ⏎ ❌SL 1,55 ⏎ ✅TP1 3,2  ⏎ ✅TP2 6,1 ⏎  ⏎ 🎯Ratio : 11/1  ⏎  ⏎ 📊Type de trade : Swing Trading / Moyen terme"
3245,messages4.html,2025-04-15T14:53:57+00:00,GBP/AUD,GBPAUD,False,SELL,keyword,2.07467,2.09619,2.05115,2.00934,,,2,3.0,Intraday / Swing Trading,True,True,,"✔️Je vends la paire GBP/AUD 2,07467 ⏎ ❌SL 2,09619 ⏎ ✅TP1 2,05115 ⏎ ✅TP2 2,00934 ⏎  ⏎ 🎯Ratio : 3/1  ⏎  ⏎ 📊Type de trade : Intraday / Swing Trading"
3247,messages4.html,2025-04-16T15:30:19+00:00,,,False,BUY,keyword,84206.0,81969.0,88101.0,94825.0,,,2,4.75,Intraday / Swing Trading,True,True,,"✔️J’achète du Bitcoin 84206 ⏎ ❌SL 81969 ⏎ ✅TP1 88101 ⏎ ✅TP2 94825  ⏎  ⏎ 🎯Ratio : 4,75/1  ⏎  ⏎ Type de trade : Intraday / Swing Trading"
3250,messages4.html,2025-04-22T14:37:31+00:00,,,False,BUY,keyword,4.417,3.306,8.609,13.828,21.153,,3,15.0,Swing Trading / Moyen Terme,True,False,TP2 hors plage (x3.13); TP3 hors plage (x4.79),"✔️J’achète la crypto RENDER/USD 4,417 ⏎ ❌SL 3,306 ⏎ ✅TP1 8,609 ⏎ ✅TP2 13,828 ⏎ ✅TP3 21,153 ⏎  ⏎ 🎯Ratio : 15/1  ⏎  ⏎ 📊Type de trade : Swing Trading / Moyen Terme  ⏎  ⏎ 👉Possibilité de rentrer en plusieurs fois en cas de pullback sur la ligne de cou"
3253,messages4.html,2025-04-25T15:15:22+00:00,ONDO/USD,ONDOUSD,False,BUY,keyword,0.991,0.75435,1.93982,2.78047,4.12467,,3,13.0,Swing Trading / Moyen terme,True,False,TP2 hors plage (x2.81); TP3 hors plage (x4.16),"✔️J’achète la cryptomonnaie ONDO/USD 0,99100 ⏎ ❌SL 0,75435 ⏎ ✅TP1 1,93982 ⏎ ✅TP2 2,78047 ⏎ ✅TP3 4,12467 ⏎  ⏎ 🎯Ratio : 13/1  ⏎  ⏎ 📊Type de trade : Swing Trading / Moyen terme  ⏎  ⏎ 👉Je garde une partie de la position en cas de pullback sur la ligne de cou"
3255,messages4.html,2025-04-28T15:22:01+00:00,sp500,US500,True,BUY,keyword,5531.0,5501.0,5572.0,5627.0,,,2,3.1,Intraday,True,True,,"✔️J’achète l’indice S&P500 5531 ⏎ ❌SL 5501 ⏎ ✅TP1 5572 ⏎ ✅TP2 5627  ⏎  ⏎ 🎯Ratio : 3,1/1  ⏎  ⏎ 📊Type de trade : Intraday"
3259,messages4.html,2025-04-29T16:34:47+00:00,dow,US30,True,BUY,keyword,40.0,39.0,41.0,42.0,,,2,3.2,Swing Trading,True,True,,"✔️J’achète l’indice Dow Jones (US30) 40 420 ⏎ ❌SL 39 682 ⏎ ✅TP1 41 703 ⏎ ✅TP2 42 766 ⏎  ⏎ 🎯Ratio : 3,2/1  ⏎  ⏎ 📊Type de trade : Swing Trading  ⏎  ⏎ 👉Possibilité, comme sur chaque trade, de rentrer en plusieurs fois pour lisser le prix d’entré"
3261,messages4.html,2025-04-30T16:15:11+00:00,nasdaq,US100,False,BUY,keyword,19289.0,18756.0,20332.0,22269.0,,,2,5.7,Swing Trading,True,True,,"✔️J’achète l’indice Nasdaq 19289 ⏎ ❌SL 18756 ⏎ ✅TP1 20332 ⏎ ✅TP2 22269 ⏎  ⏎ 🎯Ratio : 5,7/1  ⏎  ⏎ 📊Type de trade : Swing Trading"
3266,messages4.html,2025-05-06T14:42:19+00:00,CAD/JPY,CADJPY,False,SELL,keyword,103.474,106.598,99.756,94.639,,,2,3.0,Swing Trading / Moyen terme,True,True,,"✔️Je vends la paire CAD/JPY 103,474 ⏎ ❌SL 106,598 ⏎ ✅TP1 99,756 ⏎ ✅TP2 94,639 ⏎  ⏎ 🎯Ratio : 3/1  ⏎  ⏎ 📊Type de trade : Swing Trading / Moyen terme  ⏎  ⏎ 👉Possibilité de rentrer en plusieurs fois pour optimiser son point d’entrée"
3268,messages4.html,2025-05-08T16:16:12+00:00,CKB/USD,CKBUSD,False,BUY,keyword,0.004814,0.003948,0.007737,0.013008,0.018636,,3,16.0,Swing Trading,True,False,TP2 hors plage (x2.70); TP3 hors plage (x3.87),"✔️J’achète la cryptomonnaie CKB/USD 0,004814 ⏎ ❌SL 0,003948 ⏎ ✅TP1 0,007737 ⏎ ✅TP2 0,013008 ⏎ ✅TP3 0,018636 ⏎  ⏎ 🎯Ratio : 16/1  ⏎  ⏎ 📊Type de trade : Swing Trading"
3271,messages4.html,2025-05-09T14:49:04+00:00,LINK/USD,LINKUSD,False,BUY,keyword,16.28,12.71,26.31,32.17,47.5,,3,9.0,Swing Trading / Moyen terme,True,False,TP3 hors plage (x2.92),"✔️J’achète la cryptomonnaie LINK/USD 16,28 ⏎ ❌SL 12,71  ⏎ ✅TP1 26,31  ⏎ ✅TP2 32,17! ⏎ ✅TP3 47,50  ⏎  ⏎ 🎯Ratio : 9/1  ⏎  ⏎ 📊Type de trade : Swing Trading / Moyen terme  ⏎  ⏎ 👉Possibilité de garder une partie de la position en cas de pullback sur le ligne de cou"
3279,messages4.html,2025-05-15T16:49:35+00:00,,,False,BUY,geometry,4.7,3.87,7.83,10.3,13.37,,3,10.0,Swing Trading,True,False,TP2 hors plage (x2.19); TP3 hors plage (x2.84),"✔️Je renforce ma position sur la crypto RENDER/USD 4,70 ⏎ ❌SL 3,87 ⏎ ✅TP1 7,83 ⏎ ✅TP2 10,30 ⏎ ✅TP3 13,37 ⏎  ⏎ 🎯Ratio : 10/1  ⏎  ⏎ 📊Type de trade : Swing Trading"
3281,messages4.html,2025-05-16T11:10:59+00:00,FET/USD,FETUSD,False,BUY,keyword,0.7941,0.659,1.1278,2.1414,,,2,15.0,Swing Trading / Moyen terme,True,False,TP2 hors plage (x2.70),"✔️J’achète la cryptomonnaie FET/USD 0,7941 ⏎ ❌SL 0,6590 ⏎ ✅TP1 1,1278 ⏎ ✅TP2 2,1414 ⏎  ⏎ 🎯Ratio : 15/1  ⏎  ⏎ 📊Type de trade : Swing Trading / Moyen terme"
3285,messages4.html,2025-05-20T16:07:10+00:00,EUR/JPY,EURJPY,True,BUY,keyword,167.919,161.991,164.979,166.533,,,2,4.25,Intraday / Swing Trading,True,False,TP<=entry pour BUY,"✔️J’achète la paire de devises EUR/JPY 167,919 ⏎ ❌SL 161,991 ⏎ ✅TP1 164,979 ⏎ ✅TP2 166,533 ⏎  ⏎ 🎯Ratio : 4,25/1  ⏎  ⏎ 📊Type de trade : Intraday / Swing Trading"
3301,messages4.html,2025-05-22T14:56:37+00:00,APT/USD,APTUSD,False,BUY,keyword,5.412,4.291,8.56,14.28,18.377,,3,11.5,Swing Trading / Moyen terme,True,False,TP2 hors plage (x2.64); TP3 hors plage (x3.40),"✔️J’achète la cryptomonnaie APT/USD 5,412 ⏎ ❌SL 4,291 ⏎ ✅TP1 8,560 ⏎ ✅TP2 14,280 ⏎ ✅TP3 18,377 ⏎  ⏎ 🎯Ratio : 11,5/1  ⏎  ⏎ 📊Type de trade : Swing Trading / Moyen terme"
3303,messages4.html,2025-05-26T14:03:30+00:00,SEI/USD,SEIUSD,False,BUY,keyword,0.2215,0.1871,0.4035,0.7152,,,2,14.0,Swing Trading / Moyen terme,True,False,TP2 hors plage (x3.23),"✔️J’achète la crypto SEI/USD 0,2215  ⏎ ❌SL 0,1871 ⏎ ✅TP1 0,4035 ⏎ ✅TP2 0,7152 ⏎  ⏎ 🎯Ratio : 14/1  ⏎  ⏎ 📊Type de trade : Swing Trading / Moyen terme"
3305,messages4.html,2025-05-28T16:29:51+00:00,gold,XAUUSD,True,SELL,keyword,3298.0,3374.0,3161.0,2961.0,,,2,4.5,Swing Trading,True,True,,"✔️Je vends le Gold 3298 ⏎ ❌SL 3374  ⏎ ✅TP1 3161 ⏎ ✅TP2 2961 ⏎  ⏎ 🎯Ratio : 4,5/1  ⏎  ⏎ 📊Type de trade : Swing Trading"
3307,messages4.html,2025-05-30T15:09:29+00:00,nasdaq,US100,False,BUY,keyword,22190.0,21064.0,21710.0,22183.0,,,2,4.5,Intraday,True,False,TP<=entry pour BUY,"✔️J’achète le Nasdaq 22190 ⏎ ❌SL 21064 ⏎ ✅TP1 21710 ⏎ ✅TP2 22183 ⏎  ⏎ 🎯Ratio : 4,5/1  ⏎  ⏎ 📊Type de trade : Intraday"
3310,messages4.html,2025-06-02T14:46:30+00:00,nasdaq,US100,False,BUY,keyword,21300.0,20982.0,21755.0,22165.0,,,2,3.0,Intraday,True,True,,✔️J’achète le Nasdaq 21300 ⏎ ❌SL 20982 ⏎ ✅TP1 21755 ⏎ ✅TP2 22165 ⏎  ⏎ 🎯Ratio : 3/1  ⏎  ⏎ 📊Type de trade : Intraday
3314,messages4.html,2025-06-05T14:49:49+00:00,EUR/NZD,EURNZD,False,SELL,keyword,1.89074,1.92811,1.85064,1.81788,1.74479,,3,4.0,Moyen terme,True,True,,"✔️Je vends la paire EUR/NZD 1,89074 ⏎ ❌SL 1,92811 ⏎ ✅TP1 1,85064 ⏎ ✅TP2 1,81788 ⏎ ✅TP3 1,74479  ⏎  ⏎ 🎯Ratio : 4/1  ⏎  ⏎ 📊Type de trade : Moyen terme"
3319,messages4.html,2025-06-09T13:44:48+00:00,ETH/USD,ETHUSD,True,BUY,keyword,2540.0,2351.0,2871.0,3331.0,,,2,4.3,Swing Trading,True,True,,"✔️J’achète la crypto ETH/USD 2540 ⏎ ❌SL 2351 ⏎ ✅TP1 2871 ⏎ ✅TP2 3331  ⏎  ⏎ 🎯Ratio : 4,3/1  ⏎  ⏎ 📊Type de trade : Swing Trading"
3321,messages4.html,2025-06-11T13:43:51+00:00,FET/USD,FETUSD,False,BUY,keyword,0.806,0.733,0.979,1.141,,,2,4.5,Swing Trading,True,True,,"✔️J’achète la cryptomonnaie FET/USD 0,806 ⏎ ❌SL 0,733 ⏎ ✅TP1 0,979 ⏎ ✅TP2 1,141  ⏎  ⏎ 🎯Ratio : 4,5/1  ⏎  ⏎ 📊Type de trade : Swing Trading"
3325,messages4.html,2025-06-13T17:11:56+00:00,XRP/USD,XRPUSD,False,BUY,keyword,2.147,1.8579,3.3309,6.1214,,,2,17.0,Swing Trading / Long terme,True,False,TP2 hors plage (x2.85),"✔️J’achète la crypto XRP/USD 2,147 ⏎ ❌SL 1,8579 ⏎ ✅TP1 3,3309 ⏎ ✅TP2 6,1214 ⏎  ⏎ 🎯Ratio : 17/1  ⏎  ⏎ 📊Type de trade : Swing Trading / Long terme"
3328,messages4.html,2025-06-17T15:02:11+00:00,EUR/GBP,EURGBP,False,BUY,keyword,0.85352,0.85141,0.85543,0.85872,,,2,3.5,,True,True,,"✔️J’achète la paire EUR/GBP 0,85352 ⏎ ❌SL 0,85141 ⏎ ✅TP1 0,85543 ⏎ ✅TP2 0,85872 ⏎  ⏎ 🎯Ratio : 3,5/1  ⏎  ⏎ 📊Type de Trade : Intraday  ⏎  ⏎ 👉Possibilité de rentrer en plusieurs fois comme sur chaque trade afin de lisser le prix d’entrée, notamment en cas de pullback"
3333,messages4.html,2025-06-20T13:49:15+00:00,,,False,BUY,keyword,105.0,102.0,111.0,117.0,,,2,4.0,Swing Trading,True,True,,✔️J’achète du Bitcoin 105 940  ⏎ ❌SL 102 766 ⏎ ✅TP1 111 389 ⏎ ✅TP2 117 904  ⏎  ⏎ 🎯Ratio : 4/1  ⏎  ⏎ 📊Type de trade : Swing Trading
3337,messages4.html,2025-06-23T13:56:03+00:00,gold,XAUUSD,True,SELL,keyword,3362.0,3412.0,3302.0,3210.0,,,2,3.5,Swing Trading,True,True,,"✔️Je vends le Gold 3362 ⏎ ❌SL 3412  ⏎ ✅TP1 3302  ⏎ ✅TP2 3210 ⏎  ⏎ 🎯Ratio : 3,5/1  ⏎  ⏎ 📊Type de trade : Swing Trading ⏎  ⏎ 👉Possibilité de rentrer en plusieurs fois"
3344,messages4.html,2025-06-30T14:42:28+00:00,GBP/CHF,GBPCHF,False,SELL,keyword,1.092,1.10395,1.07975,1.06135,,,2,3.0,Swing Trading,True,True,,"✔️Je vends la paire GBP/CHF 1,09200 ⏎ ❌SL 1,10395 ⏎ ✅TP1 1,07975 ⏎ ✅TP2 1,06135  ⏎  ⏎ 🎯Ratio : 3/1  ⏎  ⏎ 📊Type de trade : Swing Trading  ⏎  ⏎ 👉Je garde une partie de la position pour renforcer en cas de pullback"
3348,messages4.html,2025-07-02T17:02:23+00:00,ETH/USD,ETHUSD,True,BUY,keyword,2495.0,2253.0,2867.0,3429.0,,,2,4.0,Swing Trading,True,True,,✔️J’achète la crypto ETH/USD 2495 ⏎ ❌SL 2253 ⏎ ✅TP1 2867 ⏎ ✅TP2 3429 ⏎  ⏎ 🎯Ratio : 4/1  ⏎  ⏎ 📊Type de trade : Swing Trading  ⏎  ⏎ 👉Possibilité de rentrer en plusieurs fois comme sur chaque trade
3351,messages4.html,2025-07-09T09:41:45+00:00,TAO/USD,TAOUSD,False,BUY,keyword,325.5,272.9,470.3,722.1,,,2,9.0,Swing Trading,True,False,TP2 hors plage (x2.22),"✔️J’achète la crypto TAO/USD 325,5 ⏎ ❌SL 272,9 ⏎ ✅TP1 470,3 ⏎ ✅TP2 722,1 ⏎  ⏎ 🎯Ratio : 9/1  ⏎  ⏎ 📊Type de trade : Swing Trading"
3355,messages4.html,2025-07-10T15:18:10+00:00,SEI/USD,SEIUSD,False,BUY,keyword,0.275,0.2044,0.4802,1.1913,,,2,15.0,Moyen terme,True,False,TP2 hors plage (x4.33),"✔️J’achète la cryptomonnaie SEI/USD 0,2750 ⏎ ❌SL 0,2044 ⏎ ✅TP1 0,4802 ⏎ ✅TP2 1,1913 ⏎  ⏎ 🎯Ratio : 15/1  ⏎  ⏎ 📊Type de trade : Moyen terme"
3359,messages4.html,2025-07-15T14:17:07+00:00,FET/USD,FETUSD,False,BUY,keyword,0.697,0.603,0.93,1.065,,,2,4.0,Swing Trading,True,True,,"✔️J’achète la crypto FET/USD 0,697 ⏎ ❌SL 0,603 ⏎ ✅TP1 0,930 ⏎ ✅TP2 1,065 ⏎  ⏎ 🎯Ratio : 4/1  ⏎  ⏎ 📊Type de trade : Swing Trading"
3363,messages4.html,2025-07-18T13:55:52+00:00,gold,XAUUSD,True,BUY,keyword,3358.0,3324.0,3390.0,3456.0,,,2,3.0,Swing Trading,True,True,,✔️J’achète le Gold 3358 ⏎ ❌SL 3324 ⏎ ✅TP1 3390 ⏎ ✅TP2 3456 ⏎  ⏎ 🎯Ratio : 3/1  ⏎  ⏎ 📊Type de trade : Swing Trading  ⏎  ⏎ 👉Je garde 50% de la position en cas de pullback sur la zone de polarité majeure (rectangle blanc)
3367,messages4.html,2025-07-23T15:45:31+00:00,dow,US30,True,BUY,keyword,44720.0,44226.0,45112.0,45802.0,46423.0,,3,4.0,Swing Trading,True,True,,✔️J’achète l’indice Dow Jones (US30) 44720 ⏎ ❌SL 44226 ⏎ ✅TP1 45112  ⏎ ✅TP2 45802 ⏎ ✅TP3 46423  ⏎  ⏎ 🎯Ratio : 4/1  ⏎  ⏎ 📊Type de trade : Swing Trading  ⏎  ⏎ 👉Je garde une partie de la position en cas de pullback sur le haut du drapeau haussier
3370,messages4.html,2025-07-28T16:30:33+00:00,CAD/JPY,CADJPY,False,BUY,keyword,108.207,107.321,109.531,110.667,,,2,3.0,Swing Trading,True,True,,"✔️J’achète la paire CAD/JPY 108,207 ⏎ ❌SL 107,321  ⏎ ✅TP1 109,531  ⏎ ✅TP2 110,667 ⏎  ⏎ 🎯Ratio : 3/1  ⏎  ⏎ 📊Type de trade : Swing Trading  ⏎  ⏎ 👉Possibilité de rentrer en plusieurs fois"
3374,messages4.html,2025-07-31T16:48:46+00:00,gold,XAUUSD,True,SELL,keyword,3297.0,3366.0,3247.0,3122.0,,,2,3.0,Swing Trading,True,True,,✔️Je vends le Gold 3297 ⏎ ❌SL 3366 ⏎ ✅TP1 3247 ⏎ ✅TP2 3122  ⏎  ⏎ 🎯Ratio : 3/1  ⏎  ⏎ 📊Type de trade : Swing Trading  ⏎  ⏎ 👉Possibilité de rentrer en plusieurs fois
3380,messages4.html,2025-08-05T17:37:22+00:00,AUD/USD,AUDUSD,False,BUY,keyword,0.64742,0.64429,0.65234,0.66214,,,2,4.7,Swing Trading,True,True,,"✔️J’achète la paire AUD/USD 0,64742 ⏎ ❌SL 0,64429 ⏎ ✅TP1 0,65234 ⏎ ✅TP2 0,66214 ⏎  ⏎ 🎯Ratio : 4,7/1  ⏎  ⏎ 📊Type de trade : Swing Trading"
3383,messages4.html,2025-08-06T16:19:34+00:00,ETH/USD,ETHUSD,True,BUY,keyword,3627.0,3432.0,4000.0,4706.0,,,2,6.0,Swing Trading,True,True,,✔️J’achète la crypto ETH/USD 3627 ⏎ ❌SL 3432 ⏎ ✅TP1 4000 ⏎ ✅TP2 4706  ⏎  ⏎ 🎯Ratio : 6/1  ⏎  ⏎ 📊Type de trade : Swing Trading
3388,messages4.html,2025-08-11T17:00:47+00:00,FET/USD,FETUSD,False,BUY,keyword,0.7,0.65,0.78,0.87,,,2,3.3,Intraday / Swing Trading,True,True,,"✔️J’achète la crypto FET/USD 0,70 ⏎ ❌SL 0,65 ⏎ ✅TP1 0,78 ⏎ ✅TP2 0,87 ⏎  ⏎ 🎯Ratio : 3,3/1  ⏎  ⏎ 📊Type de trade : Intraday / Swing Trading"
3390,messages4.html,2025-08-12T15:12:27+00:00,dow,US30,True,BUY,keyword,44319.0,43697.0,45123.0,45911.0,,,2,2.5,Intraday / Swing Trading,True,True,,"✔️J’achète l’indice Dow Jones 44319 ⏎ ❌SL 43697 ⏎ ✅TP1 45123 ⏎ ✅TP2 45911 ⏎  ⏎ 🎯Ratio : 2,5/1  ⏎  ⏎ 📊Type de trade : Intraday / Swing Trading  ⏎  ⏎ 👉Je garde une partie de la positon en cas de nouveau retest de la zone de support"
3394,messages4.html,2025-08-14T14:55:03+00:00,SUI/USD,SUIUSD,False,BUY,keyword,3.78,3.09,5.36,7.67,,,2,6.0,Swing Trading,True,False,TP2 hors plage (x2.03),"✔️J’achète la cryptomonnaie SUI/USD 3,78 ⏎ ❌SL 3,09 ⏎ ✅TP1 5,36 ⏎ ✅TP2 7,67 ⏎  ⏎ 🎯Ratio : 6/1  ⏎  ⏎ 📊Type de trade : Swing Trading"
3397,messages4.html,2025-08-15T09:00:31+00:00,SEI/USD,SEIUSD,False,BUY,keyword,0.3368,0.3046,0.3885,0.4953,,,2,5.0,Swing Trading,True,True,,"✔️J’achète la cryptomonnaie SEI/USD 0,3368 ⏎ ❌SL 0,3046 ⏎ ✅TP1 0,3885 ⏎ ✅TP2 0,4953 ⏎  ⏎ 🎯Ratio : 5/1  ⏎  ⏎ 📊Type de trade : Swing Trading"
3400,messages4.html,2025-08-19T17:15:26+00:00,sp500,US500,True,SELL,keyword,6425.0,6493.0,6366.0,6229.0,,,2,6.0,Intraday / Swing Trading,True,True,,✔️Je vends l’indice S&P500 6425 ⏎ ❌SL 6493 ⏎ ✅TP1 6366 ⏎ ✅TP2 6229 ⏎  ⏎ 🎯Ratio : 6/1  ⏎  ⏎ 📊Type de trade : Intraday / Swing Trading  ⏎  ⏎ 👉Possibilité de garder une partie de la position en cas de retest de la zone de résistance
3403,messages4.html,2025-08-21T15:36:42+00:00,dow,US30,True,SELL,keyword,44840.0,45127.0,44450.0,43958.0,,,2,3.0,Intraday / Swing Trading,True,True,,✔️Je vends le Dow Jones (US30) 44840 ⏎ ❌SL 45127 ⏎ ✅TP1 44450 ⏎ ✅TP2 43958 ⏎  ⏎ 🎯Ratio : 3/1  ⏎  ⏎ 📊Type de trade : Intraday / Swing Trading
3407,messages4.html,2025-08-25T14:55:46+00:00,,,False,BUY,keyword,111300.0,107765.0,119975.0,129800.0,,,2,5.0,Swing Trading,True,True,,✔️J’achète le Bitcoin 111300 ⏎ ❌SL 107765 ⏎ ✅TP1 119975 ⏎ ✅TP2 129800 ⏎  ⏎ 🎯Ratio : 5/1  ⏎  ⏎ 📊Type de trade : Swing Trading
3409,messages4.html,2025-08-26T15:57:38+00:00,FET/USD,FETUSD,False,BUY,keyword,0.637,0.538,0.926,1.336,,,2,8.0,Swing Trading,True,False,TP2 hors plage (x2.10),"✔️J’achète la cryptomonnaie FET/USD 0,637 ⏎ ❌SL 0,538 ⏎ ✅TP1 0,926 ⏎ ✅TP2 1,336 ⏎  ⏎ 🎯Ratio : 8/1  ⏎  ⏎ 📊Type de trade : Swing Trading"
3411,messages4.html,2025-08-27T16:05:07+00:00,GBP/USD,GBPUSD,True,BUY,keyword,1.34581,1.33443,1.35875,1.37839,,,2,3.0,Swing Trading,True,True,,"✔️J’achète la paire GBP/USD 1,34581 ⏎ ❌SL 1,33443 ⏎ ✅TP1 1,35875 ⏎ ✅TP2 1,37839 ⏎  ⏎ 🎯Ratio : 3/1  ⏎  ⏎ 📊Type de trade : Swing Trading  ⏎  ⏎ 👉Possibilité de garder une partie en cas de retest de la zone de support inférieure"
3416,messages4.html,2025-09-02T15:03:43+00:00,,,False,BUY,keyword,111200.0,107527.0,116200.0,125342.0,,,2,4.0,Swing Trading,True,True,,✔️J’achète du Bitcoin 111200 ⏎ ❌SL 107527 ⏎ ✅TP1 116200 ⏎ ✅TP2 125342 ⏎  ⏎ 🎯Ratio : 4/1  ⏎  ⏎ 📊Type de trade : Swing Trading
3421,messages4.html,2025-09-08T14:42:56+00:00,ADA/USD,ADAUSD,False,BUY,keyword,0.852,0.74822,1.124,1.5321,,,2,6.5,Swing Trading,True,True,,"✔️J’achète la crypto ADA/USD 0,8520 ⏎ ❌SL 0,74822 ⏎ ✅TP1 1,1240 ⏎ ✅TP2 1,5321 ⏎   ⏎ 🎯Ratio : 6,5/1  ⏎  ⏎ 📊Type de trade : Swing Trading"
3427,messages4.html,2025-09-17T14:48:24+00:00,ETH/USD,ETHUSD,True,BUY,keyword,4495.0,4415.0,4600.0,4750.0,,,2,4.0,Intraday / Swing Trading,True,True,,✔️J’achète la crypto ETH/USD 4495 ⏎ ❌SL 4415 ⏎ ✅TP1 4600 ⏎ ✅TP2 4750 ⏎  ⏎ 🎯Ratio : 4/1  ⏎  ⏎ 📊Type de trade : Intraday / Swing Trading
3433,messages4.html,2025-09-22T13:59:32+00:00,NEAR/USD,NEARUSD,False,BUY,keyword,2.892,2.464,4.58,7.98,,,2,11.0,Swing Trading,True,False,TP2 hors plage (x2.76),"✔️J’achète la cryptomonnaie NEAR/USD 2,892 ⏎ ❌SL 2,464 ⏎ ✅TP1 4,58 ⏎ ✅TP2 7,98 ⏎  ⏎ 🎯Ratio : 11/1  ⏎  ⏎ 📊Type de trade : Swing Trading"
3438,messages4.html,2025-09-26T15:20:10+00:00,nasdaq,US100,False,SELL,keyword,24425.0,24588.0,24240.0,24038.0,,,2,2.5,Intraday,True,True,,"✔️Je vends le Nasdaq 24425 ⏎ ❌SL 24588 ⏎ ✅TP1 24240 ⏎ ✅TP2 24038 ⏎  ⏎ 🎯Ratio : 2,5/1  ⏎  ⏎ 📊Type de trade : Intraday"
3442,messages4.html,2025-09-26T20:09:28+00:00,ETH/USD,ETHUSD,True,BUY,keyword,4040.0,3650.0,4730.0,5600.0,,,2,4.0,Swing Trading,True,True,,✔️J’achète la cryptomonnaie ETH/USD 4040 ⏎ ❌SL 3650 ⏎ ✅TP1 4730 ⏎ ✅TP2 5600 ⏎  ⏎ 🎯Ratio : 4/1  ⏎  ⏎ 📊Type de trade : Swing Trading  ⏎  ⏎ 👉Possibilité de garder une partie de la position en cas de nouveau retest avant de lisser le prix d’entrée comme sur chaque trade
3444,messages4.html,2025-09-29T16:48:16+00:00,,,False,BUY,keyword,1.35,1.0979,2.1,3.16,,,2,7.0,Swing Trading,True,False,TP2 hors plage (x2.34),"✔️J’achète la crypto KAITO/USD 1,35 ⏎ ❌SL 1,0979 ⏎ ✅TP1 2,10 ⏎ ✅TP2 3,16  ⏎  ⏎ 🎯Ratio : 7/1  ⏎  ⏎ 📊Type de trade : Swing Trading"
3446,messages4.html,2025-10-01T09:48:47+00:00,TAO/USD,TAOUSD,False,BUY,keyword,309.0,285.0,341.0,399.0,,,2,3.7,Swing Trading,True,True,,"✔️J’achète la cryptomonnaie TAO/USD 309 ⏎ ❌SL 285 ⏎ ✅TP1 341  ⏎ ✅TP2 399 ⏎  ⏎ 🎯Ratio : 3,7/1  ⏎  ⏎ 📊Type de trade : Swing Trading  ⏎  ⏎ 👉Possibilité de rentrer en plusieurs fois pour lisser le point d’entrée"
3448,messages4.html,2025-10-03T13:53:27+00:00,ATH/USD,ATHUSD,False,BUY,keyword,0.051,0.037,0.095,0.151,0.3647,,3,22.0,Swing Trading,True,False,TP2 hors plage (x2.96); TP3 hors plage (x7.15),"✔️J’achète la cryptomonnaie ATH/USD 0,051 ⏎ ❌SL 0,037 ⏎ ✅TP1 0,095 ⏎ ✅TP2 0,1510 ⏎ ✅TP3 0,3647 ⏎  ⏎ 🎯Ratio : 22/1  ⏎  ⏎ 📊Type de trade : Swing Trading"
3451,messages4.html,2025-10-07T15:28:04+00:00,,,False,BUY,keyword,0.1278,0.0809,0.2238,0.4152,1.34,,3,24.0,Swing Trading,True,False,TP2 hors plage (x3.25); TP3 hors plage (x10.49),"✔️J’achète la cryptomonnaie W/USD 0,1278 ⏎ ❌SL 0,0809 ⏎ ✅TP1 0,2238 ⏎ ✅TP2 0,4152 ⏎ ✅TP3 1,3400 ⏎  ⏎ 🎯Ratio : 24/1  ⏎  ⏎ 📊Type de trade : Swing Trading"
3466,messages4.html,2025-10-14T14:45:19+00:00,ETH/USD,ETHUSD,True,BUY,keyword,3920.0,3416.0,4880.0,5838.0,8319.0,,3,9.0,Swing Trading / Moyen terme,True,False,TP3 hors plage (x2.12),✔️J’achète la cryptomonnaie ETH/USD 3920 ⏎ ❌SL 3416 ⏎ ✅TP1 4880 ⏎ ✅TP2 5838 ⏎ ✅TP3 8319  ⏎  ⏎ 🎯Ratio : 9/1  ⏎  ⏎ 📊Type de trade : Swing Trading / Moyen terme
3468,messages4.html,2025-10-17T14:39:04+00:00,,,False,BUY,keyword,105.0,96.0,114.0,125.0,148.0,,3,5.0,Swing Trading,True,True,,✔️J’achète du Bitcoin 105 800 ⏎ ❌SL 96 980 ⏎ ✅TP1 114 608 ⏎ ✅TP2 125 065  ⏎ ✅TP3 148 560 ⏎  ⏎ 🎯Ratio : 5/1  ⏎  ⏎ 📊Type de trade : Swing Trading
3474,messages4.html,2025-10-23T14:49:28+00:00,sp500,US500,True,BUY,keyword,6714.0,6646.0,6825.0,6955.0,,,2,3.7,Intraday / Swing Trading,True,True,,"✔️J’achète l’indice américain S&P500 6714 ⏎ ❌SL 6646 ⏎ ✅TP1 6825 ⏎ ✅TP2 6955 ⏎  ⏎ 🎯Ratio : 3,7/1 ⏎  ⏎ 📊Type de trade : Intraday / Swing Trading"
3478,messages4.html,2025-10-28T16:15:18+00:00,FET/USD,FETUSD,False,BUY,keyword,0.269,0.1501,0.8636,2.062,7.5372,,3,65.0,Long terme,True,False,TP1 hors plage (x3.21); TP2 hors plage (x7.67); TP3 hors plage (x28.02),"✔️J’achète la cryptomonnaie FET/USD 0,2690 ⏎ ❌SL 0,1501 ⏎ ✅TP1 0,8636 ⏎ ✅TP2 2,0620 ⏎ ✅TP3 7,5372 ⏎  ⏎ 🎯Ratio : 65/1  ⏎  ⏎ 📊Type de trade : Long terme"
3481,messages4.html,2025-10-29T15:14:01+00:00,,,False,SELL,keyword,112489.0,113807.0,111291.0,109733.0,,,2,2.0,Intraday,True,True,,✔️Je vends le Bitcoin 112489 ⏎ ❌SL 113807 ⏎ ✅TP1 111291 ⏎ ✅TP2 109733 ⏎  ⏎ 🎯Ratio : 2/1  ⏎  ⏎ 📊Type de trade : Intraday  ⏎  ⏎ 👉Je sortirai du trade avant la FED à 19h00
3488,messages4.html,2025-10-31T16:57:42+00:00,PROM/USD,PROMUSD,False,BUY,keyword,10.4,6.51,15.61,27.94,54.01,,3,10.0,Moyen terme,True,False,TP2 hors plage (x2.69); TP3 hors plage (x5.19),"✔️J’achète la cryptomonnaie PROM/USD 10,40 ⏎ ❌SL 6,51 ⏎ ✅TP1 15,61 ⏎ ✅TP2 27,94 ⏎ ✅TP3 54,01 ⏎  ⏎ 🎯Ratio : 10/1 ⏎  ⏎ 📊Type de trade : Moyen terme"
3492,messages4.html,2025-11-05T15:51:48+00:00,sp500,US500,True,BUY,keyword,6798.0,6732.0,6875.0,7011.0,,,2,3.5,Intraday / Swing Trading,True,True,,"✔️J’achète l’indice S&P500 6798 ⏎ ❌SL 6732 ⏎ ✅TP1 6875 ⏎ ✅TP2 7011 ⏎  ⏎ 🎯Ratio : 3,5/1  ⏎  ⏎ 📊Type de trade : Intraday / Swing Trading"
3494,messages4.html,2025-11-07T16:29:22+00:00,,,False,BUY,keyword,101.0,89.0,114.0,141.0,,,2,4.0,Swing Trading,True,True,,✔️J’achète Bitcoin 101 064 ⏎ ❌SL 89 721 ⏎ ✅TP1 114 735  ⏎ ✅TP2 141 652  ⏎  ⏎ 🎯Ratio : 4/1  ⏎  ⏎ 📊Type de trade : Swing Trading
3497,messages4.html,2025-11-11T15:34:58+00:00,dow,US30,True,BUY,keyword,47499.0,47187.0,47892.0,48403.0,,,2,3.0,Intraday / Swing Trading,True,True,,✔️J’achète l’indice Dow Jones (US30) 47499 ⏎ ❌SL 47187 ⏎ ✅TP1 47892 ⏎ ✅TP2 48403 ⏎  ⏎ 🎯Ratio : 3/1  ⏎  ⏎ 📊Type de trade : Intraday / Swing Trading  ⏎  ⏎ 👉Possibilité de rentrer en plusieurs fois pour lisser le point d’entrée
3503,messages4.html,2025-11-13T14:49:06+00:00,,,False,BUY,keyword,0.4642,0.3573,0.6454,1.1222,,,2,6.5,Swing Trading,True,False,TP2 hors plage (x2.42),"✔️J’achète la cryptomonnaie SYRUP/USD 0,4642 ⏎ ❌SL 0,3573 ⏎ ✅TP1 0,6454 ⏎ ✅TP2 1,1222 ⏎  ⏎ 🎯Ratio : 6,5/1  ⏎  ⏎ 📊Type de trade : Swing Trading"
3505,messages4.html,2025-11-14T14:56:28+00:00,nasdaq100,US100,False,BUY,keyword,24815.0,24476.0,25071.0,25758.0,,,2,3.0,Intraday,True,True,,✔️J’achète le Nasdaq100 24815 ⏎ ❌SL 24476 ⏎ ✅TP1 25071 ⏎ ✅TP2 25758 ⏎  ⏎ 🎯Ratio : 3/1  ⏎  ⏎ 📊Type de trade : Intraday
3510,messages4.html,2025-11-18T13:58:19+00:00,EUR/USD,EURUSD,True,BUY,keyword,1.15982,1.15351,1.18028,1.19954,,,2,7.0,Swing Trading,True,True,,"✔️J’achète la paire EUR/USD 1,15982 ⏎ ❌SL 1,15351 ⏎ ✅TP1 1,18028 ⏎ ✅TP2 1,19954 ⏎  ⏎ 🎯Ratio : 7/1  ⏎  ⏎ 📊Type de trade : Swing Trading"
3516,messages4.html,2025-11-21T15:09:44+00:00,sp500,US500,True,BUY,keyword,6556.0,6524.0,6676.0,67720.0,,,2,5.0,Intraday,True,False,TP2 hors plage (x10.33),✔️J’achète l’indice S&P500 6556 ⏎ ❌SL 6524 ⏎ ✅TP1 6676 ⏎ ✅TP2 67720 ⏎  ⏎ 🎯Ratio : 5/1  ⏎  ⏎ 📊Type de trade : Intraday
3520,messages4.html,2025-11-24T15:43:15+00:00,ger30,GER30,True,BUY,keyword,23303.0,23031.0,23685.0,24503.0,,,2,4.5,Swing Trading,True,True,,"✔️J’achète l’indice GER30 23303 ⏎ ❌SL 23031 ⏎ ✅TP1 23685 ⏎ ✅TP2 24503 ⏎  ⏎ 🎯Ratio : 4,5/1  ⏎  ⏎ 📊Type de trade : Swing Trading"
3525,messages4.html,2025-11-28T15:36:19+00:00,XRP/USD,XRPUSD,False,BUY,keyword,2.25,2.15,2.34,2.5,,,2,2.7,Intraday / Swing Trading,True,True,,"✔️J’achète la crypto XRP/USD 2,25 ⏎ ❌SL 2,15 ⏎ ✅TP1 2,34 ⏎ ✅TP2 2,50 ⏎  ⏎ 🎯Ratio : 2,7/1  ⏎  ⏎ 📊Type de trade : Intraday / Swing Trading  ⏎  ⏎ 👉Possibilité de rentrer en plusieurs fois comme sur chaque trade pour lisser le point d’entrée"
3529,messages4.html,2025-12-02T13:56:15+00:00,FET/USD,FETUSD,False,BUY,keyword,0.2306,0.193,0.3302,0.4086,,,2,5.8,Swing Trading,True,True,,"✔️J’achète la cryptomonnaie FET/USD 0,2306 ⏎ ❌SL 0,1930 ⏎ ✅TP1 0,3302 ⏎ ✅TP2 0,4086 ⏎  ⏎ 🎯Ratio : 5,8/1 ⏎  ⏎ 📊Type de trade : Swing Trading"
3533,messages4.html,2025-12-05T15:18:07+00:00,,,False,BUY,keyword,90890.0,86494.0,98990.0,106629.0,,,2,3.6,Swing Trading,True,True,,"✔️J’achète le Bitcoin 90890 ⏎ ❌SL 86494 ⏎ ✅TP1 98990 ⏎ ✅TP2 106629 ⏎  ⏎ 🎯Ratio : 3,6/1  ⏎  ⏎ 📊Type de trade : Swing Trading"
3536,messages4.html,2025-12-10T15:14:39+00:00,SEI/USD,SEIUSD,False,BUY,keyword,0.1394,0.1175,0.1809,0.2626,,,2,6.0,Swing Trading,True,True,,"✔️J’achète la cryptomonnaie SEI/USD 0,1394 ⏎ ❌SL 0,1175 ⏎ ✅TP1 0,1809 ⏎ ✅TP2 0,2626 ⏎  ⏎ 🎯Ratio : 6/1  ⏎  ⏎ 📊Type de trade : Swing Trading"
3538,messages4.html,2025-12-16T16:22:54+00:00,nasdaq100,US100,False,SELL,keyword,25001.0,25114.0,24930.0,24778.0,,,2,2.6,Intraday,True,True,,"✔️Je vends l’indice Nasdaq100 25001 ⏎ ❌SL 25114 ⏎ ✅TP1 24930 ⏎ ✅TP2 24778 ⏎  ⏎  ⏎ 🎯Ratio : 2,6/1  ⏎  ⏎ 📊Type de trade : Intraday"
3542,messages4.html,2025-12-17T14:44:39+00:00,sp500,US500,True,SELL,keyword,6801.0,6832.0,6764.0,6696.0,,,2,3.4,Intraday,True,True,,"✔️Je vends l’indice S&P500 6801 ⏎ ❌SL 6832 ⏎ ✅TP1 6764 ⏎ ✅TP2 6696 ⏎  ⏎ 🎯Ratio : 3,4/1  ⏎  ⏎ 📊Type de trade : Intraday"
3546,messages4.html,2025-12-18T14:29:36+00:00,nasdaq100,US100,False,BUY,keyword,24969.0,24505.0,25473.0,26246.0,,,2,3.0,Swing Trading,True,True,,✔️J’achète le Nasdaq100 24969 ⏎ ❌SL 24505 ⏎ ✅TP1 25473 ⏎ ✅TP2 26246 ⏎  ⏎ 🎯Ratio : 3/1  ⏎  ⏎ 📊Type de trade : Swing Trading  ⏎  ⏎ 👉Possibilité de rentrer en plusieurs fois comme sur chaque trade pour lisser le point d’entrée
3550,messages4.html,2025-12-22T14:34:51+00:00,SOL/USD,SOLUSD,False,BUY,keyword,127.39,109.89,165.75,236.69,350.2,,3,13.0,Swing Trading,True,False,TP3 hors plage (x2.75),"✔️J’achète la cryptomonnaie SOL/USD 127,39 ⏎ ❌SL 109,89 ⏎ ✅TP1 165,75 ⏎ ✅TP2  236,69 ⏎ ✅TP3 350,20 ⏎  ⏎ 🎯Ratio : 13/1  ⏎  ⏎ 📊Type de trade : Swing Trading"
3554,messages4.html,2025-12-23T15:57:11+00:00,,,False,BUY,keyword,2544.0,2503.0,2595.0,2687.0,,,2,3.75,Swing Trading,True,True,,"✔️J’achète l’indice Russel 2000 (US2000) 2544 ⏎ ❌SL 2503 ⏎ ✅TP1 2595 ⏎ ✅TP2 2687 ⏎  ⏎ 🎯Ratio : 3,75/1  ⏎  ⏎ 📊Type de trade : Swing Trading"
3556,messages4.html,2025-12-29T15:23:22+00:00,nasdaq100,US100,False,BUY,keyword,25531.0,25436.0,25696.0,,,,1,4.5,Intraday,True,True,,"✔️J’achète l’indice Nasdaq100 25531 ⏎ ❌SL 25436 ⏎ ✅TP1 25696 ⏎ ✅Tqp2 25955 ⏎  ⏎ 🎯Ratio : 4,5/1  ⏎  ⏎ 📊Type de trade : Intraday"
3562,messages4.html,2026-01-02T15:32:03+00:00,dow,US30,True,BUY,keyword,47935.0,47663.0,48646.0,49324.0,,,2,5.0,Swing Trading,True,True,,✔️J’achète le Dow Jones (US30) 47935 ⏎ ❌SL 47663 ⏎ ✅TP1 48646 ⏎ ✅TP2 49324 ⏎  ⏎ 🎯Ratio : 5/1  ⏎  ⏎ 📊Type de trade : Swing Trading
3566,messages4.html,2026-01-06T15:33:29+00:00,NEAR/USD,NEARUSD,False,BUY,keyword,1.82,1.3,3.11,5.38,,,2,7.0,Moyen terme,True,False,TP2 hors plage (x2.96),"✔️J’achète la cryptomonnaie NEAR/USD 1,82 ⏎ ❌SL 1,30 ⏎ ✅TP1 3,11 ⏎ ✅TP2 5,38 ⏎  ⏎ 🎯Ratio : 7/1  ⏎  ⏎ 📊Type de trade : Moyen terme  ⏎  ⏎ 👉Je rentre en plusieurs fois pour lisser le prix d’entrée"
3635,messages4.html,2026-03-02T16:19:25+00:00,HYPE/USD,HYPEUSD,False,BUY,keyword,32.0,24.0,46.0,59.0,,,2,,,False,True,,"💡Mon analyse :  ⏎  ⏎ ✔️J’achète la cryptomonnaie HYPE/USD 32$ ⏎ ❌SL 24$ ⏎ ✔️TP1 46$ ⏎ ✔️TP2 59$ ⏎  ⏎ 👉Comme sur chaque trade, je me laisse la possibilité de rentrer en plusieurs fois afin de lisser le prix d’entrée"
3638,messages4.html,2026-03-04T15:14:08+00:00,sp500,US500,True,BUY,keyword,6838.0,6731.0,6977.0,7143.0,,,2,,,False,True,,"💡Mon analyse :  ⏎  ⏎ ✔️J’achète l’indice S&P500 6838 ⏎ ❌SL 6731 ⏎ ✔️TP1 6977 ⏎ ✔️TP2 7143 ⏎  ⏎ 👉Comme sur chaque trade, je me laisse la possibilité de rentrer en plusieurs fois afin de lisser le prix d’entrée"
3643,messages4.html,2026-03-09T15:02:24+00:00,ger30,GER30,True,BUY,keyword,23266.0,22534.0,24175.0,25129.0,26480.0,,3,,,False,True,,"💡Mon analyse :  ⏎  ⏎ ✔️J’achète l’indice GER30 23266 ⏎ ❌SL 22534 ⏎ ✔️TP1 24175 ⏎ ✔️TP2 25129 ⏎ ✔️TP3 26480 ⏎  ⏎ 👉Comme sur chaque trade, je me laisse la possibilité de rentrer en plusieurs fois afin de lisser le prix d’entrée"
3646,messages4.html,2026-03-11T16:20:55+00:00,CAD/CHF,CADCHF,False,BUY,keyword,0.5732,0.5685,0.5789,0.5885,,,2,,,False,True,,"💡Mon analyse :  ⏎  ⏎ ✔️J’achète la paire CAD/CHF 0,5732 ⏎ ❌SL 0,5685 ⏎ ✔️TP1 0,5789 ⏎ ✔️TP2 0,5885 ⏎  ⏎ 👉Comme sur chaque trade, je me laisse la possibilité de rentrer en plusieurs fois afin de lisser le prix d’entrée"
3648,messages4.html,2026-03-11T16:38:12+00:00,gold,XAUUSD,True,SELL,keyword,5174.0,5336.0,4939.0,4562.0,,,2,,,False,True,,"💡Mon analyse :  ⏎  ⏎ ✔️Je vends le Gold 5174 ⏎ ❌SL 5336 ⏎ ✔️TP1 4939 ⏎ ✔️TP2 4562 ⏎  ⏎ 👉Comme sur chaque trade, je me laisse la possibilité de rentrer en plusieurs fois afin de lisser le prix d’entrée"
3653,messages4.html,2026-03-16T15:47:07+00:00,USD/CAD,USDCAD,False,SELL,keyword,1.36746,1.37867,1.35268,1.33138,,,2,,,False,True,,"💡Mon analyse :  ⏎  ⏎ ✔️Je vends la paire USD/CAD 1,36746 ⏎ ❌SL 1,37867 ⏎ ✔️TP1 1,35268 ⏎ ✔️TP2 1,33138 ⏎  ⏎ 👉Comme sur chaque trade, je me laisse la possibilité de rentrer en plusieurs fois afin de lisser le prix d’entrée"
3659,messages4.html,2026-03-20T15:41:06+00:00,APT/USD,APTUSD,False,BUY,keyword,0.998,0.881,1.166,1.37,,,2,,,False,True,,"💡Mon analyse :  ⏎  ⏎ ✔️J’achète la cryptomonnaie APT/USD 0,998 ⏎ ❌SL 0,881 ⏎ ✔️TP1 1,166 ⏎ ✔️TP2 1,370 ⏎  ⏎ 👉Comme sur chaque trade, je me laisse la possibilité de rentrer en plusieurs fois afin de lisser le prix d’entrée"
3661,messages4.html,2026-03-23T16:24:31+00:00,dow,US30,True,SELL,keyword,46280.0,47036.0,45617.0,44442.0,,,2,,,False,True,,"💡Mon analyse :  ⏎  ⏎ ✔️Je vends l’indice Dow Jones 46280 ⏎ ❌SL 47036 ⏎ ✔️TP1 45617 ⏎ ✔️TP2 44442 ⏎  ⏎ 👉Comme sur chaque trade, je me laisse la possibilité de rentrer en plusieurs fois afin de lisser le prix d’entrée"
3664,messages4.html,2026-03-24T15:50:36+00:00,NZD/USD,NZDUSD,False,SELL,keyword,0.58199,0.58895,0.57389,0.56412,,,2,,,False,True,,"💡Mon analyse :  ⏎  ⏎ ✔️Je vends la paire NZD/USD 0,58199 ⏎ ❌SL 0,58895 ⏎ ✔️TP1 0,57389 ⏎ ✔️TP2 0,56412 ⏎  ⏎ 👉Comme sur chaque trade, je me laisse la possibilité de rentrer en plusieurs fois afin de lisser le prix d’entrée"
3666,messages4.html,2026-03-25T15:35:37+00:00,dow,US30,True,BUY,keyword,46417.0,45925.0,47263.0,48552.0,,,2,,,False,True,,"💡Mon analyse :  ⏎  ⏎ ✔️J’achète le Dow Jones 46417 ⏎ ❌SL 45925 ⏎ ✔️TP1 47263 ⏎ ✔️TP2 48552 ⏎  ⏎ 👉Comme sur chaque trade, je me laisse la possibilité de rentrer en plusieurs fois afin de lisser le prix d’entrée"
3673,messages4.html,2026-03-30T20:36:42+00:00,petrole,USOIL,True,BUY,keyword,103.61,100.5,106.87,109.46,,,2,,,False,True,,"💡Mon analyse :  ⏎  ⏎ ✔️J’achète le pétrole 103,61 ⏎ ❌SL 100,50 ⏎ ✔️TP1 106,87 ⏎ ✔️TP2 109,46 ⏎  ⏎ 👉Comme sur chaque trade, je me laisse la possibilité de rentrer en plusieurs fois afin de lisser le prix d’entrée"
3676,messages4.html,2026-04-01T14:56:04+00:00,TAO/USD,TAOUSD,False,BUY,keyword,317.0,286.0,349.0,419.0,,,2,,,False,True,,"💡Mon analyse :  ⏎  ⏎ ✔️J’achète la cryptomonnaie TAO/USD 317 ⏎ ❌SL 286 ⏎ ✔️TP1 349 ⏎ ✔️TP2 419 ⏎  ⏎ 👉Comme sur chaque trade, je me laisse la possibilité de rentrer en plusieurs fois afin de lisser le prix d’entrée"
3678,messages4.html,2026-04-03T15:05:15+00:00,,,False,BUY,keyword,1.905,1.6,2.344,3.15,,,2,,,False,True,,"💡Mon analyse :  ⏎  ⏎ ✔️J’achète la cryptomonnaie RENDER/USD 1,905 ⏎ ❌SL 1,600 ⏎ ✔️TP1 2,344 ⏎ ✔️TP2 3,150 ⏎  ⏎ 👉Comme sur chaque trade, je me laisse la possibilité de rentrer en plusieurs fois afin de lisser le prix d’entrée"
3680,messages4.html,2026-04-07T16:09:48+00:00,GBP/JPY,GBPJPY,True,BUY,keyword,211.8,208.01,216.38,224.17,,,2,,,False,True,,"💡Mon analyse :  ⏎  ⏎ ✔️J’achète la paire GBP/JPY 211,80 ⏎ ❌SL 208,01 ⏎ ✔️TP1 216,38 ⏎ ✔️TP2 224,17 ⏎  ⏎ 👉Comme sur chaque trade, je me laisse la possibilité de rentrer en plusieurs fois afin de lisser le prix d’entrée"
3683,messages4.html,2026-04-09T15:53:56+00:00,AUD/CHF,AUDCHF,False,BUY,keyword,0.55725,0.55541,0.55944,0.56191,,,2,,,False,True,,"💡Mon analyse :  ⏎  ⏎ ✔️J’achète la paire AUD/CHF 0,55725 ⏎ ❌SL 0,55541 ⏎ ✔️TP1 0,55944 ⏎ ✔️TP2 0,56191 ⏎  ⏎ 👉Comme sur chaque trade, je me laisse la possibilité de rentrer en plusieurs fois afin de lisser le prix d’entrée"
3686,messages4.html,2026-04-10T15:51:20+00:00,TON/USD,TONUSD,False,BUY,keyword,1.2777,0.9896,2.3,4.16,8.3333,,3,,,False,False,TP2 hors plage (x3.26); TP3 hors plage (x6.52),"💡Mon analyse :  ⏎  ⏎ ✔️J’achète la cryptomonnaie TON/USD 1,2777 ⏎ ❌SL 0,9896 ⏎ ✔️TP1 2,3000 ⏎ ✔️TP2 4,1600 ⏎ ✔️TP3 8,3333 ⏎  ⏎ 👉Comme sur chaque trade, je me laisse la possibilité de rentrer en plusieurs fois afin de lisser le prix d’entrée"
3688,messages4.html,2026-04-13T14:49:36+00:00,USD/CAD,USDCAD,False,SELL,keyword,1.3826,1.3918,1.3747,1.3618,,,2,,,False,True,,"💡Mon analyse :  ⏎  ⏎ ✔️Je vends la paire USD/CAD 1,3826 ⏎ ❌SL 1,3918 ⏎ ✔️TP1 1,3747 ⏎ ✔️TP2 1,3618 ⏎  ⏎ 👉Comme sur chaque trade, je me laisse la possibilité de rentrer en plusieurs fois afin de lisser le prix d’entrée"
3694,messages4.html,2026-04-16T14:34:23+00:00,FET/USD,FETUSD,False,BUY,keyword,0.234,0.1269,0.5015,1.781,6.2573,,3,,,False,False,TP1 hors plage (x2.14); TP2 hors plage (x7.61); TP3 hors plage (x26.74),"💡Mon analyse :  ⏎  ⏎ ✔️J’achète pour du long terme la cryptomonnaie FET/USD 0,2340 ⏎ ❌SL 0,1269 ⏎ ✔️TP1 0,5015 ⏎ ✔️TP2 1,7810 ⏎ ✔️TP3 6,2573 ⏎  ⏎ 👉Comme sur chaque trade, je me laisse la possibilité de rentrer en plusieurs fois afin de lisser le prix d’entrée"
3697,messages4.html,2026-04-17T14:44:22+00:00,AKT/USD,AKTUSD,False,BUY,keyword,0.5,0.28,0.98,1.92,4.29,,3,,,False,False,TP2 hors plage (x3.84); TP3 hors plage (x8.58),"💡Mon analyse :  ⏎  ⏎ ✔️J’achète pour du moyen/long terme la cryptomonnaie AKT/USD 0,50 ⏎ ❌SL 0,28 ⏎ ✔️TP1 0,98 ⏎ ✔️TP2 1,92 ⏎ ✔️TP3 4,29 ⏎  ⏎ 👉Comme sur chaque trade, je me laisse la possibilité de rentrer en plusieurs fois afin de lisser le prix d’entrée"
3699,messages4.html,2026-04-21T15:58:39+00:00,gold,XAUUSD,True,SELL,keyword,4741.0,4917.0,4555.0,4400.0,4085.0,,3,,,False,True,,"💡Mon analyse :  ⏎  ⏎ ✔️Je vends le Gold 4741 ⏎ ❌SL 4917 ⏎ ✔️TP1 4555 ⏎ ✔️TP2 4400 ⏎ ✔️TP3 4085 ⏎  ⏎ 👉Comme sur chaque trade, je me laisse la possibilité de rentrer en plusieurs fois afin de lisser le prix d’entrée"
3703,messages4.html,2026-04-24T15:10:49+00:00,dow,US30,True,SELL,keyword,49171.0,49580.0,48688.0,47942.0,,,2,,,False,True,,"💡Mon analyse :  ⏎  ⏎ ✔️Je vends le Dow Jones 49171 ⏎ ❌SL 49580 ⏎ ✔️TP1 48688 ⏎ ✔️TP2 47942 ⏎  ⏎ 👉Comme sur chaque trade, je me laisse la possibilité de rentrer en plusieurs fois afin de lisser le prix d’entrée"
3706,messages4.html,2026-04-27T20:00:48+00:00,nasdaq,US100,False,SELL,keyword,27293.0,27423.0,27180.0,26882.0,,,2,,,False,True,,"💡Mon analyse :  ⏎  ⏎ ✔️Je vends le Nasdaq 27293 ⏎ ❌SL 27423 ⏎ ✔️TP1 27180 ⏎ ✔️TP2 26882 ⏎  ⏎ 👉Comme sur chaque trade, je me laisse la possibilité de rentrer en plusieurs fois afin de lisser le prix d’entrée"
3713,messages4.html,2026-05-04T16:00:11+00:00,gold,XAUUSD,True,SELL,keyword,4570.0,4596.0,4543.0,4507.0,,,2,,,False,True,,"💡Mon analyse :  ⏎  ⏎ ✔️Je vends le Gold 4570 ⏎ ❌SL 4596 ⏎ ✔️TP1 4543 ⏎ ✔️TP2 4507 ⏎  ⏎ 👉Comme sur chaque trade, je me laisse la possibilité de rentrer en plusieurs fois afin de lisser le prix d’entrée"
3718,messages4.html,2026-05-06T16:59:25+00:00,,,False,BUY,keyword,0.68,0.53,0.87,1.38,2.34,,3,,,False,False,TP2 hors plage (x2.03); TP3 hors plage (x3.44),"💡Mon analyse :  ⏎  ⏎ ✔️J’achète ASTER/USD 0,68 ⏎ ❌SL 0,53 ⏎ ✔️TP1 0,87 ⏎ ✔️TP2 1,38 ⏎ ✔️TP3 2,34 ⏎  ⏎ 👉Comme sur chaque trade, je me laisse la possibilité de rentrer en plusieurs fois afin de lisser le prix d’entrée"
3723,messages4.html,2026-05-11T16:34:53+00:00,petrole,USOIL,True,SELL,keyword,97.23,102.45,91.1,79.85,,,2,,,False,True,,"💡Mon analyse :  ⏎  ⏎ ✔️Je vends le Pétrole 97,23 ⏎ ❌SL 102,45 ⏎ ✔️TP1 91,10 ⏎ ✔️TP2 79,85 ⏎  ⏎ 👉Comme sur chaque trade, je me laisse la possibilité de rentrer en plusieurs fois afin de lisser le prix d’entrée"
3725,messages4.html,2026-05-12T14:33:03+00:00,AUD/NZD,AUDNZD,False,SELL,keyword,1.2142,1.2287,1.1979,1.1746,,,2,,,False,True,,"💡Mon analyse :  ⏎  ⏎ ✔️Je vends la paire AUD/NZD 1,2142 ⏎ ❌SL 1,22870 ⏎ ✔️TP1 1,1979 ⏎ ✔️TP2 1,1746 ⏎  ⏎ 👉Comme sur chaque trade, je me laisse la possibilité de rentrer en plusieurs fois afin de lisser le prix d’entrée"
3727,messages4.html,2026-05-13T15:39:50+00:00,dow,US30,True,SELL,keyword,46675.0,49733.0,49539.0,49337.0,,,2,,,True,False,TP>=entry pour SELL,"💡Mon analyse sur l’indice Dow Jones :  ⏎  ⏎ ✔️Je vends l’indice Dow Jones (US30) 46675 ⏎ ❌SL 49733 ⏎ ✔️TP1 49539 ⏎ ✔️TP2 49337 ⏎  ⏎ 👉Comme sur chaque trade, je me laisse la possibilité de rentrer en plusieurs fois afin de lisser le prix d’entrée"
3730,messages4.html,2026-05-13T17:37:25+00:00,petrole,USOIL,True,SELL,keyword,101.77,105.55,95.55,89.79,,,2,,,True,True,,"💡Mon analyse sur le Pétrole :  ⏎  ⏎ ✔️Je vends le Pétrole (USOIL) 101,77 ⏎ ❌SL 105,55 ⏎ ✔️TP1 95,55 ⏎ ✔️TP2 89,79 ⏎  ⏎ 👉Comme sur chaque trade, je me laisse la possibilité de rentrer en plusieurs fois afin de lisser le prix d’entrée"
3731,messages4.html,2026-05-18T16:21:04+00:00,AUD/NZD,AUDNZD,False,SELL,geometry,1.22035,1.2287,1.1979,1.1746,,,2,,,True,True,,"💡Mon analyse :  ⏎  ⏎ ✔️Je renforce ma position sur la paire AUD/NZD 1,22035 ⏎ ❌SL 1,22870 ⏎ ✔️TP1 1,1979 ⏎ ✔️TP2 1,1746 ⏎  ⏎ 👉Analyse précédente toujours valide + validation d’une divergence RSI H4 avec prise de liquidités sur les précédents plus hauts"
3733,messages4.html,2026-05-19T17:50:46+00:00,nasdaq,US100,False,BUY,keyword,28884.0,28557.0,29207.0,29454.0,,,2,,,False,True,,"💡Mon analyse sur le Nasdaq :  ⏎  ⏎ ✔️J’achète le Nasdaq (US100) 28884 ⏎ ❌SL 28557 ⏎ ✔️TP1 29207 ⏎ ✔️TP2 29454 ⏎  ⏎ 👉Comme sur chaque trade, je me laisse la possibilité de rentrer en plusieurs fois afin de lisser le prix d’entrée"
3736,messages4.html,2026-05-20T15:20:06+00:00,petrole,USOIL,True,SELL,keyword,101.0,106.0,95.0,89.0,,,2,,,False,True,,"💡Mon analyse sur le Pétrole :  ⏎  ⏎ ✔️Je vends le Pétrole (USOIL) 101 ⏎ ❌SL 106 ⏎ ✔️TP1 95 ⏎ ✔️TP2 89 ⏎  ⏎ 👉Comme sur chaque trade, je me laisse la possibilité de rentrer en plusieurs fois afin de lisser le prix d’entrée"
3743,messages4.html,2026-05-22T15:27:10+00:00,NZD/USD,NZDUSD,False,SELL,keyword,0.58466,0.58993,0.57767,0.56875,,,2,,,False,True,,"💡Mon analyse sur la paire NZD/USD :  ⏎  ⏎ ✔️Je vends le paire NZD/USD 0,58466 ⏎ ❌SL 0,58993 ⏎ ✔️TP1 0,57767 ⏎ ✔️TP2 0,56875 ⏎  ⏎ 👉Comme sur chaque trade, je me laisse la possibilité de rentrer en plusieurs fois afin de lisser le prix d’entrée"
3749,messages4.html,2026-05-27T16:02:49+00:00,EUR/AUD,EURAUD,False,BUY,keyword,1.63093,1.61705,1.64977,1.67796,,,2,,,False,True,,"💡Mon analyse sur la paire EUR/AUD :  ⏎  ⏎ ✔️J’achète la paire EUR/AUD 1,63093 ⏎ ❌SL 1,61705 ⏎ ✔️TP1 1,64977 ⏎ ✔️TP2 1,67796 ⏎  ⏎ 👉Comme sur chaque trade, je me laisse la possibilité de rentrer en plusieurs fois afin de lisser le prix d’entrée"
3750,messages4.html,2026-05-27T16:35:32+00:00,,,False,BUY,keyword,2.257,2.15,2.416,2.622,,,2,,,True,True,,"💡Mon analyse sur la cryptomonnaie RENDER/USD ⏎  ⏎ ✔️J’achète RENDER/USD 2,257 ⏎ ❌SL 2,150 ⏎ ✔️TP1 2,416 ⏎ ✔️TP2 2,622 ⏎  ⏎ 👉Comme sur chaque trade, je me laisse la possibilité de rentrer en plusieurs fois afin de lisser le prix d’entrée"
3754,messages4.html,2026-05-28T14:46:11+00:00,nasdaq,US100,False,SELL,keyword,29959.0,30227.0,29608.0,29210.0,,,2,,,False,True,,"💡Mon analyse sur l’indice Nasdaq100👇 ⏎  ⏎ ✔️Je vends le Nasdaq 29959 ⏎ ❌SL 30227 ⏎ ✔️TP1 29608 ⏎ ✔️TP2 29210 ⏎  ⏎ 👉Comme sur chaque trade, je me laisse la possibilité de rentrer en plusieurs fois afin de lisser le prix d’entrée"
3758,messages4.html,2026-05-28T16:57:07+00:00,dow,US30,True,BUY,keyword,50693.0,50512.0,50860.0,51010.0,,,2,,,False,True,,"💡Mon analyse sur l’indice Dow Jones (US30)👇 ⏎  ⏎ ✔️J’achète le Dow Jones 50693 ⏎ ❌SL 50512 ⏎ ✔️TP1 50860 ⏎ ✔️TP2 51010 ⏎  ⏎ 👉Comme sur chaque trade, je me laisse la possibilité de rentrer en plusieurs fois afin de lisser le prix d’entrée"
3761,messages4.html,2026-06-01T17:35:42+00:00,FET/USD,FETUSD,False,BUY,keyword,0.2635,0.2459,0.2842,0.3199,,,2,,,False,True,,"💡Mon analyse sur la cryptomonnaie FET/USD👇 ⏎  ⏎ ✔️J’achète FET/USD 0,2635 ⏎ ❌SL 0,2459 ⏎ ✔️TP1 0,2842 ⏎ ✔️TP2 0,3199 ⏎  ⏎ 👉Comme sur chaque trade, je me laisse la possibilité de rentrer en plusieurs fois afin de lisser le prix d’entrée"
3768,messages4.html,2026-06-03T17:15:22+00:00,cac40,FRA40,False,SELL,keyword,8152.0,8241.0,8033.0,7844.0,,,2,,,False,True,,"💡Mon analyse sur l’indice CAC40👇 ⏎  ⏎ ✔️Je vends CAC40 8152 ⏎ ❌SL 8241 ⏎ ✔️TP1 8033 ⏎ ✔️TP2 7844 ⏎  ⏎ 👉Comme sur chaque trade, je me laisse la possibilité de rentrer en plusieurs fois afin de lisser le prix d’entrée"
3771,messages4.html,2026-06-05T14:56:43+00:00,AUD/USD,AUDUSD,False,SELL,keyword,0.70933,0.71631,0.70172,0.69499,,,2,,,False,True,,"💡Mon analyse sur la paire AUD/USD👇 ⏎  ⏎ ✔️Je vends AUD/USD 0,70933 ⏎ ❌SL 0,71631 ⏎ ✔️TP1 0,70172 ⏎ ✔️TP2 0,69499 ⏎  ⏎ 👉Comme sur chaque trade, je rentre en plusieurs fois afin de lisser le prix d’entrée"
3774,messages4.html,2026-06-08T16:56:51+00:00,dow,US30,True,SELL,keyword,51000.0,51220.0,50670.0,50165.0,,,2,,,False,True,,"💡Mon analyse sur l’indice Dow Jones (US30)👇 ⏎  ⏎ ✔️Je vends le Dow Jones 51000 ⏎ ❌SL 51220 ⏎ ✔️TP1 50670 ⏎ ✔️TP2 50165 ⏎  ⏎ 👉Comme sur chaque trade, je rentre en plusieurs fois afin de lisser le prix d’entrée"
3779,messages4.html,2026-06-09T14:32:37+00:00,,,False,SELL,keyword,62488.0,63819.0,61144.0,59385.0,,,2,,,False,True,,"💡Mon analyse sur le Bitcoin👇 ⏎  ⏎ ✔️Je vends le Bitcoin 62488 ⏎ ❌SL 63819 ⏎ ✔️TP1 61144 ⏎ ✔️TP2 59385 ⏎  ⏎ 👉Comme sur chaque trade, je rentre en plusieurs fois afin de lisser le prix d’entrée"
3782,messages4.html,2026-06-10T15:28:08+00:00,sp500,US500,True,SELL,keyword,7380.0,7291.0,7520.0,7659.0,,,2,,,False,False,SL<=entry pour SELL; TP>=entry pour SELL,"💡Mon analyse sur l’indice S&P500👇 ⏎  ⏎ ✔️Je vends le S&P500 7380 ⏎ ❌SL 7291 ⏎ ✔️TP1 7520 ⏎ ✔️TP2 7659 ⏎  ⏎ 👉Comme sur chaque trade, je rentre en plusieurs fois afin de lisser le prix d’entrée"
