{
  "annee": 2022.0,
  "profit_net": 118.41888000000003,
  "dd": -36.88652,
  "trades": 25.0,
  "win_rate": 40.0,
  "sharpe": 14.45166693914744,
  "sharpe_per_trade": 1.2178527393793255,
  "total_return_pct": 1.1841888000000003,
  "max_dd_pct": -0.36886519999999995,
  "bh_pips": -670.2999999999992,
  "bh_return_pct": -6.7029999999999905,
  "alpha_pips": 788.7188799999992,
  "alpha_return_pct": 7.887188799999991
}