{
  "annee": 2019.0,
  "profit_net": -45.11139999999857,
  "dd": -57.319679999998584,
  "trades": 9.0,
  "win_rate": 11.11111111111111,
  "sharpe": -7.13934840271657,
  "sharpe_per_trade": -1.4622109439307325,
  "total_return_pct": -0.4511139999999857,
  "max_dd_pct": -0.5731967999999859,
  "bh_pips": -253.000000000001,
  "bh_return_pct": -2.53000000000001,
  "alpha_pips": 207.88860000000244,
  "alpha_return_pct": 2.078886000000024
}