{
  "annee": 2025.0,
  "profit_net": -1365.0793600000002,
  "dd": -1394.43568,
  "trades": 698.0,
  "win_rate": 32.23495702005731,
  "sharpe": -3.4094512322653463,
  "sharpe_per_trade": -4.443710056287677,
  "total_return_pct": -13.650793600000002,
  "max_dd_pct": -13.944356800000001,
  "bh_pips": 1390.4999999999989,
  "bh_return_pct": 13.90499999999999,
  "alpha_pips": -2755.579359999999,
  "alpha_return_pct": -27.555793599999994
}