{
  "annee": 2024.0,
  "profit_net": 1371.35252,
  "dd": -75.37608000000012,
  "trades": 203.0,
  "win_rate": 52.70935960591133,
  "sharpe": 4.52794317824516,
  "sharpe_per_trade": 5.998157070575751,
  "total_return_pct": 13.7135252,
  "max_dd_pct": -0.7537608000000011,
  "bh_pips": -691.1999999999985,
  "bh_return_pct": -6.911999999999985,
  "alpha_pips": 2062.5525199999984,
  "alpha_return_pct": 20.625525199999984
}