{
  "annee": 2013.0,
  "profit_net": 35.15364000000088,
  "dd": -76.19480000000001,
  "trades": 43.0,
  "win_rate": 32.55813953488372,
  "sharpe": 1.805768250791883,
  "sharpe_per_trade": 0.32396089073105255,
  "total_return_pct": 0.35153640000000874,
  "max_dd_pct": -0.7619480000000002,
  "bh_pips": 545.6000000000016,
  "bh_return_pct": 5.456000000000016,
  "alpha_pips": -510.4463600000007,
  "alpha_return_pct": -5.104463600000008
}