{
  "annee": 2024.0,
  "profit_net": -515.5049999999986,
  "dd": -516.6698399999985,
  "trades": 521.0,
  "win_rate": 35.50863723608445,
  "sharpe": -1.7385479748762454,
  "sharpe_per_trade": -1.9163496162422886,
  "total_return_pct": -5.155049999999986,
  "max_dd_pct": -5.166698399999985,
  "bh_pips": -691.1999999999985,
  "bh_return_pct": -6.911999999999985,
  "alpha_pips": 175.69499999999982,
  "alpha_return_pct": 1.756949999999999
}