{
  "annee": 2025.0,
  "profit_net": -31.06559999999885,
  "dd": -37.84,
  "trades": 10.0,
  "win_rate": 30.0,
  "sharpe": -6.821719260212742,
  "sharpe_per_trade": -0.9932598075025558,
  "total_return_pct": -0.3106559999999885,
  "max_dd_pct": -0.37840000000000007,
  "bh_pips": 1390.4999999999989,
  "bh_return_pct": 13.90499999999999,
  "alpha_pips": -1421.5655999999976,
  "alpha_return_pct": -14.21565599999998
}