{
  "annee": 2024.0,
  "profit_net": -1009.9048399999986,
  "dd": -1007.2380399999981,
  "trades": 463.0,
  "win_rate": 30.669546436285096,
  "sharpe": -3.3605761644509973,
  "sharpe_per_trade": -4.047164370111171,
  "total_return_pct": -10.099048399999985,
  "max_dd_pct": -10.072380399999982,
  "bh_pips": -691.1999999999985,
  "bh_return_pct": -6.911999999999985,
  "alpha_pips": -318.7048400000001,
  "alpha_return_pct": -3.1870484
}