{
  "annee": 2025.0,
  "profit_net": -220.20795999999967,
  "dd": -329.09584,
  "trades": 367.0,
  "win_rate": 28.610354223433244,
  "sharpe": -0.641476691471882,
  "sharpe_per_trade": -0.7752192972724129,
  "total_return_pct": -2.2020795999999967,
  "max_dd_pct": -3.2909584,
  "bh_pips": 1390.4999999999989,
  "bh_return_pct": 13.90499999999999,
  "alpha_pips": -1610.7079599999986,
  "alpha_return_pct": -16.107079599999988
}