{
  "annee": 2024.0,
  "profit_net": 824.6296400000026,
  "dd": -47.58316000000008,
  "trades": 105.0,
  "win_rate": 56.19047619047619,
  "sharpe": 3.64229175634255,
  "sharpe_per_trade": 5.052502002723495,
  "total_return_pct": 8.246296400000027,
  "max_dd_pct": -0.4758316000000008,
  "bh_pips": -691.1999999999985,
  "bh_return_pct": -6.911999999999985,
  "alpha_pips": 1515.829640000001,
  "alpha_return_pct": 15.158296400000012
}