{
  "annee": 2025.0,
  "profit_net": -1147.74708,
  "dd": -1209.0358800000015,
  "trades": 552.0,
  "win_rate": 31.88405797101449,
  "sharpe": -3.1823378215930176,
  "sharpe_per_trade": -4.16568364007849,
  "total_return_pct": -11.4774708,
  "max_dd_pct": -12.090358800000015,
  "bh_pips": 1390.4999999999989,
  "bh_return_pct": 13.90499999999999,
  "alpha_pips": -2538.247079999999,
  "alpha_return_pct": -25.382470799999993
}