{
  "annee": 2014.0,
  "profit_net": -576.7021200000004,
  "dd": -597.3368000000005,
  "trades": 198.0,
  "win_rate": 21.71717171717172,
  "sharpe": -5.812684855993828,
  "sharpe_per_trade": -2.770270022329593,
  "total_return_pct": -5.767021200000004,
  "max_dd_pct": -5.973368000000005,
  "bh_pips": -1660.9000000000005,
  "bh_return_pct": -16.609000000000005,
  "alpha_pips": 1084.1978800000002,
  "alpha_return_pct": 10.841978800000001
}