{
  "annee": 2025.0,
  "profit_net": 103.91292000000107,
  "dd": -124.02588,
  "trades": 153.0,
  "win_rate": 33.33333333333333,
  "sharpe": 0.5258714251054099,
  "sharpe_per_trade": 0.5509337770524076,
  "total_return_pct": 1.0391292000000105,
  "max_dd_pct": -1.2402588,
  "bh_pips": 1390.4999999999989,
  "bh_return_pct": 13.90499999999999,
  "alpha_pips": -1286.5870799999977,
  "alpha_return_pct": -12.86587079999998
}