Date,Close
2005-01-03 00:00:00+00:00,2.2039999961853027
2005-01-04 00:00:00+00:00,2.2920000553131104
2005-01-05 00:00:00+00:00,2.2820000648498535
2005-01-06 00:00:00+00:00,2.2669999599456787
2005-01-07 00:00:00+00:00,2.2769999504089355
2005-01-10 00:00:00+00:00,2.2730000019073486
2005-01-11 00:00:00+00:00,2.302000045776367
2005-01-12 00:00:00+00:00,2.2920000553131104
2005-01-13 00:00:00+00:00,2.302000045776367
2005-01-14 00:00:00+00:00,2.319999933242798
2005-01-18 00:00:00+00:00,2.302000045776367
2005-01-19 00:00:00+00:00,2.3269999027252197
2005-01-20 00:00:00+00:00,2.306999921798706
2005-01-21 00:00:00+00:00,2.302000045776367
2005-01-24 00:00:00+00:00,2.3010001182556152
2005-01-25 00:00:00+00:00,2.3610000610351562
2005-01-26 00:00:00+00:00,2.365000009536743
2005-01-27 00:00:00+00:00,2.38700008392334
2005-01-28 00:00:00+00:00,2.4070000648498535
2005-01-31 00:00:00+00:00,2.421999931335449
2005-02-01 00:00:00+00:00,2.4619998931884766
2005-02-02 00:00:00+00:00,2.4579999446868896
2005-02-03 00:00:00+00:00,2.431999921798706
2005-02-04 00:00:00+00:00,2.421999931335449
2005-02-07 00:00:00+00:00,2.437000036239624
2005-02-08 00:00:00+00:00,2.4649999141693115
2005-02-09 00:00:00+00:00,2.4670000076293945
2005-02-10 00:00:00+00:00,2.4670000076293945
2005-02-11 00:00:00+00:00,2.49399995803833
2005-02-14 00:00:00+00:00,2.4820001125335693
2005-02-15 00:00:00+00:00,2.5320000648498535
2005-02-16 00:00:00+00:00,2.5269999504089355
2005-02-17 00:00:00+00:00,2.5269999504089355
2005-02-18 00:00:00+00:00,2.552000045776367
2005-02-22 00:00:00+00:00,2.572999954223633
2005-02-23 00:00:00+00:00,2.625
2005-02-24 00:00:00+00:00,2.63700008392334
2005-02-25 00:00:00+00:00,2.674999952316284
2005-02-28 00:00:00+00:00,2.690000057220459
2005-03-01 00:00:00+00:00,2.691999912261963
2005-03-02 00:00:00+00:00,2.677000045776367
2005-03-03 00:00:00+00:00,2.691999912261963
2005-03-04 00:00:00+00:00,2.691999912261963
2005-03-07 00:00:00+00:00,2.677000045776367
2005-03-08 00:00:00+00:00,2.691999912261963
2005-03-09 00:00:00+00:00,2.691999912261963
2005-03-10 00:00:00+00:00,2.687000036239624
2005-03-11 00:00:00+00:00,2.691999912261963
2005-03-14 00:00:00+00:00,2.7119998931884766
2005-03-15 00:00:00+00:00,2.736999988555908
2005-03-16 00:00:00+00:00,2.7320001125335693
2005-03-17 00:00:00+00:00,2.7269999980926514
2005-03-18 00:00:00+00:00,2.742000102996826
2005-03-21 00:00:00+00:00,2.756999969482422
2005-03-22 00:00:00+00:00,2.802000045776367
2005-03-23 00:00:00+00:00,2.760999917984009
2005-03-24 00:00:00+00:00,2.7699999809265137
2005-03-28 00:00:00+00:00,2.7720000743865967
2005-03-29 00:00:00+00:00,2.7720000743865967
2005-03-30 00:00:00+00:00,2.76200008392334
2005-03-31 00:00:00+00:00,2.7219998836517334
2005-04-01 00:00:00+00:00,2.7269999980926514
2005-04-04 00:00:00+00:00,2.687999963760376
2005-04-05 00:00:00+00:00,2.7279999256134033
2005-04-06 00:00:00+00:00,2.7019999027252197
2005-04-07 00:00:00+00:00,2.700000047683716
2005-04-08 00:00:00+00:00,2.7119998931884766
2005-04-11 00:00:00+00:00,2.697000026702881
2005-04-12 00:00:00+00:00,2.7070000171661377
2005-04-13 00:00:00+00:00,2.7170000076293945
2005-04-14 00:00:00+00:00,2.7119998931884766
2005-04-15 00:00:00+00:00,2.7239999771118164
2005-04-18 00:00:00+00:00,2.812000036239624
2005-04-19 00:00:00+00:00,2.8469998836517334
2005-04-20 00:00:00+00:00,2.806999921798706
2005-04-21 00:00:00+00:00,2.816999912261963
2005-04-22 00:00:00+00:00,2.8580000400543213
2005-04-25 00:00:00+00:00,2.8320000171661377
2005-04-26 00:00:00+00:00,2.8519999980926514
2005-04-27 00:00:00+00:00,2.819999933242798
2005-04-28 00:00:00+00:00,2.811000108718872
2005-04-29 00:00:00+00:00,2.8369998931884766
2005-05-02 00:00:00+00:00,2.822000026702881
2005-05-03 00:00:00+00:00,2.8499999046325684
2005-05-04 00:00:00+00:00,2.7950000762939453
2005-05-05 00:00:00+00:00,2.746999979019165
2005-05-06 00:00:00+00:00,2.802000045776367
2005-05-09 00:00:00+00:00,2.796999931335449
2005-05-10 00:00:00+00:00,2.822000026702881
2005-05-11 00:00:00+00:00,2.802000045776367
2005-05-12 00:00:00+00:00,2.816999912261963
2005-05-13 00:00:00+00:00,2.756999969482422
2005-05-16 00:00:00+00:00,2.746999979019165
2005-05-17 00:00:00+00:00,2.812000036239624
2005-05-18 00:00:00+00:00,2.7869999408721924
2005-05-19 00:00:00+00:00,2.802000045776367
2005-05-20 00:00:00+00:00,2.825000047683716
2005-05-23 00:00:00+00:00,2.8450000286102295
2005-05-24 00:00:00+00:00,2.881999969482422
2005-05-25 00:00:00+00:00,2.869999885559082
2005-05-26 00:00:00+00:00,2.867000102996826
2005-05-27 00:00:00+00:00,2.88700008392334
2005-05-31 00:00:00+00:00,2.881999969482422
2005-06-01 00:00:00+00:00,2.9070000648498535
2005-06-02 00:00:00+00:00,2.9079999923706055
2005-06-03 00:00:00+00:00,2.930000066757202
2005-06-06 00:00:00+00:00,2.931999921798706
2005-06-07 00:00:00+00:00,2.947000026702881
2005-06-08 00:00:00+00:00,2.947000026702881
2005-06-09 00:00:00+00:00,2.927000045776367
2005-06-10 00:00:00+00:00,2.937000036239624
2005-06-13 00:00:00+00:00,2.937000036239624
2005-06-14 00:00:00+00:00,2.9619998931884766
2005-06-15 00:00:00+00:00,2.9549999237060547
2005-06-16 00:00:00+00:00,2.9019999504089355
2005-06-17 00:00:00+00:00,2.9130001068115234
2005-06-20 00:00:00+00:00,2.9200000762939453
2005-06-21 00:00:00+00:00,2.950000047683716
2005-06-22 00:00:00+00:00,2.9619998931884766
2005-06-23 00:00:00+00:00,3.0
2005-06-24 00:00:00+00:00,3.0
2005-06-27 00:00:00+00:00,3.0350000858306885
2005-06-28 00:00:00+00:00,3.075000047683716
2005-06-29 00:00:00+00:00,3.062999963760376
2005-06-30 00:00:00+00:00,3.059999942779541
2005-07-01 00:00:00+00:00,3.0899999141693115
2005-07-05 00:00:00+00:00,3.13700008392334
2005-07-06 00:00:00+00:00,3.119999885559082
2005-07-07 00:00:00+00:00,3.0799999237060547
2005-07-08 00:00:00+00:00,3.0950000286102295
2005-07-11 00:00:00+00:00,3.0950000286102295
2005-07-12 00:00:00+00:00,3.134999990463257
2005-07-13 00:00:00+00:00,3.1449999809265137
2005-07-14 00:00:00+00:00,3.1519999504089355
2005-07-15 00:00:00+00:00,3.177999973297119
2005-07-18 00:00:00+00:00,3.180000066757202
2005-07-19 00:00:00+00:00,3.2219998836517334
2005-07-20 00:00:00+00:00,3.2279999256134033
2005-07-21 00:00:00+00:00,3.2679998874664307
2005-07-22 00:00:00+00:00,3.2929999828338623
2005-07-25 00:00:00+00:00,3.315000057220459
2005-07-26 00:00:00+00:00,3.3589999675750732
2005-07-27 00:00:00+00:00,3.325000047683716
2005-07-28 00:00:00+00:00,3.315000057220459
2005-07-29 00:00:00+00:00,3.3320000171661377
2005-08-01 00:00:00+00:00,3.3550000190734863
2005-08-02 00:00:00+00:00,3.4019999504089355
2005-08-03 00:00:00+00:00,3.384999990463257
2005-08-04 00:00:00+00:00,3.380000114440918
2005-08-05 00:00:00+00:00,3.437000036239624
2005-08-08 00:00:00+00:00,3.427999973297119
2005-08-09 00:00:00+00:00,3.434999942779541
2005-08-10 00:00:00+00:00,3.434000015258789
2005-08-11 00:00:00+00:00,3.421999931335449
2005-08-12 00:00:00+00:00,3.433000087738037
2005-08-15 00:00:00+00:00,3.427000045776367
2005-08-16 00:00:00+00:00,3.4519999027252197
2005-08-17 00:00:00+00:00,3.434999942779541
2005-08-18 00:00:00+00:00,3.4100000858306885
2005-08-19 00:00:00+00:00,3.427999973297119
2005-08-22 00:00:00+00:00,3.421999931335449
2005-08-23 00:00:00+00:00,3.440000057220459
2005-08-24 00:00:00+00:00,3.430000066757202
2005-08-25 00:00:00+00:00,3.434999942779541
2005-08-26 00:00:00+00:00,3.4670000076293945
2005-08-29 00:00:00+00:00,3.484999895095825
2005-08-30 00:00:00+00:00,3.4769999980926514
2005-08-31 00:00:00+00:00,3.430000066757202
2005-09-01 00:00:00+00:00,3.365000009536743
2005-09-02 00:00:00+00:00,3.377000093460083
2005-09-06 00:00:00+00:00,3.4100000858306885
2005-09-07 00:00:00+00:00,3.4049999713897705
2005-09-08 00:00:00+00:00,3.3980000019073486
2005-09-09 00:00:00+00:00,3.3970000743865967
2005-09-12 00:00:00+00:00,3.4149999618530273
2005-09-13 00:00:00+00:00,3.4040000438690186
2005-09-14 00:00:00+00:00,3.3450000286102295
2005-09-15 00:00:00+00:00,3.3550000190734863
2005-09-16 00:00:00+00:00,3.4089999198913574
2005-09-19 00:00:00+00:00,3.440000057220459
2005-09-20 00:00:00+00:00,3.5250000953674316
2005-09-21 00:00:00+00:00,3.3420000076293945
2005-09-22 00:00:00+00:00,3.380000114440918
2005-09-23 00:00:00+00:00,3.390000104904175
2005-09-26 00:00:00+00:00,3.424999952316284
2005-09-27 00:00:00+00:00,3.4049999713897705
2005-09-28 00:00:00+00:00,3.38700008392334
2005-09-29 00:00:00+00:00,3.4579999446868896
2005-09-30 00:00:00+00:00,3.4700000286102295
2005-10-03 00:00:00+00:00,3.484999895095825
2005-10-04 00:00:00+00:00,3.5350000858306885
2005-10-05 00:00:00+00:00,3.490000009536743
2005-10-06 00:00:00+00:00,3.51200008392334
2005-10-07 00:00:00+00:00,3.5329999923706055
2005-10-11 00:00:00+00:00,3.559999942779541
2005-10-12 00:00:00+00:00,3.615000009536743
2005-10-13 00:00:00+00:00,3.6619999408721924
2005-10-14 00:00:00+00:00,3.7019999027252197
2005-10-17 00:00:00+00:00,3.697000026702881
2005-10-18 00:00:00+00:00,3.7699999809265137
2005-10-19 00:00:00+00:00,3.756999969482422
2005-10-20 00:00:00+00:00,3.759999990463257
2005-10-21 00:00:00+00:00,3.765000104904175
2005-10-24 00:00:00+00:00,3.765000104904175
2005-10-25 00:00:00+00:00,3.8369998931884766
2005-10-26 00:00:00+00:00,3.805000066757202
2005-10-27 00:00:00+00:00,3.7920000553131104
2005-10-28 00:00:00+00:00,3.825000047683716
2005-10-31 00:00:00+00:00,3.805000066757202
2005-11-01 00:00:00+00:00,3.861999988555908
2005-11-02 00:00:00+00:00,3.8369998931884766
2005-11-03 00:00:00+00:00,3.8469998836517334
2005-11-04 00:00:00+00:00,3.865000009536743
2005-11-07 00:00:00+00:00,3.8269999027252197
2005-11-08 00:00:00+00:00,3.861999988555908
2005-11-09 00:00:00+00:00,3.877000093460083
2005-11-10 00:00:00+00:00,3.871999979019165
2005-11-14 00:00:00+00:00,3.881999969482422
2005-11-15 00:00:00+00:00,3.9149999618530273
2005-11-16 00:00:00+00:00,3.9119999408721924
2005-11-17 00:00:00+00:00,3.9119999408721924
2005-11-18 00:00:00+00:00,3.9119999408721924
2005-11-21 00:00:00+00:00,3.8949999809265137
2005-11-22 00:00:00+00:00,3.8320000171661377
2005-11-23 00:00:00+00:00,3.8519999980926514
2005-11-25 00:00:00+00:00,3.8519999980926514
2005-11-28 00:00:00+00:00,3.8299999237060547
2005-11-29 00:00:00+00:00,3.88700008392334
2005-11-30 00:00:00+00:00,3.8570001125335693
2005-12-01 00:00:00+00:00,3.877000093460083
2005-12-02 00:00:00+00:00,3.8919999599456787
2005-12-05 00:00:00+00:00,3.9100000858306885
2005-12-06 00:00:00+00:00,3.931999921798706
2005-12-07 00:00:00+00:00,3.930000066757202
2005-12-08 00:00:00+00:00,3.8450000286102295
2005-12-09 00:00:00+00:00,3.8420000076293945
2005-12-12 00:00:00+00:00,3.825000047683716
2005-12-13 00:00:00+00:00,3.8269999027252197
2005-12-14 00:00:00+00:00,3.802000045776367
2005-12-15 00:00:00+00:00,3.8399999141693115
2005-12-16 00:00:00+00:00,3.8320000171661377
2005-12-19 00:00:00+00:00,3.859999895095825
2005-12-20 00:00:00+00:00,3.88700008392334
2005-12-21 00:00:00+00:00,3.8919999599456787
2005-12-22 00:00:00+00:00,3.9019999504089355
2005-12-23 00:00:00+00:00,3.8949999809265137
2005-12-27 00:00:00+00:00,3.877000093460083
2005-12-28 00:00:00+00:00,3.861999988555908
2005-12-29 00:00:00+00:00,3.9119999408721924
2005-12-30 00:00:00+00:00,3.984999895095825
2006-01-03 00:00:00+00:00,4.019999980926514
2006-01-04 00:00:00+00:00,4.081999778747559
2006-01-05 00:00:00+00:00,4.090000152587891
2006-01-06 00:00:00+00:00,4.10699987411499
2006-01-09 00:00:00+00:00,4.117000102996826
2006-01-10 00:00:00+00:00,4.177000045776367
2006-01-11 00:00:00+00:00,4.191999912261963
2006-01-12 00:00:00+00:00,4.204999923706055
2006-01-13 00:00:00+00:00,4.21999979019165
2006-01-17 00:00:00+00:00,4.23199987411499
2006-01-18 00:00:00+00:00,4.247000217437744
2006-01-19 00:00:00+00:00,4.242000102996826
2006-01-20 00:00:00+00:00,4.251999855041504
2006-01-23 00:00:00+00:00,4.247000217437744
2006-01-24 00:00:00+00:00,4.295000076293945
2006-01-25 00:00:00+00:00,4.307000160217285
2006-01-26 00:00:00+00:00,4.331999778747559
2006-01-27 00:00:00+00:00,4.336999893188477
2006-01-30 00:00:00+00:00,4.3420000076293945
2006-01-31 00:00:00+00:00,4.369999885559082
2006-02-01 00:00:00+00:00,4.361999988555908
2006-02-02 00:00:00+00:00,4.361999988555908
2006-02-03 00:00:00+00:00,4.361999988555908
2006-02-06 00:00:00+00:00,4.3470001220703125
2006-02-07 00:00:00+00:00,4.381999969482422
2006-02-08 00:00:00+00:00,4.392000198364258
2006-02-09 00:00:00+00:00,4.396999835968018
2006-02-10 00:00:00+00:00,4.425000190734863
2006-02-13 00:00:00+00:00,4.421999931335449
2006-02-14 00:00:00+00:00,4.447000026702881
2006-02-15 00:00:00+00:00,4.432000160217285
2006-02-16 00:00:00+00:00,4.429999828338623
2006-02-17 00:00:00+00:00,4.427000045776367
2006-02-21 00:00:00+00:00,4.445000171661377
2006-02-22 00:00:00+00:00,4.452000141143799
2006-02-23 00:00:00+00:00,4.4770002365112305
2006-02-24 00:00:00+00:00,4.48199987411499
2006-02-27 00:00:00+00:00,4.489999771118164
2006-02-28 00:00:00+00:00,4.506999969482422
2006-03-01 00:00:00+00:00,4.486999988555908
2006-03-02 00:00:00+00:00,4.486999988555908
2006-03-03 00:00:00+00:00,4.492000102996826
2006-03-06 00:00:00+00:00,4.465000152587891
2006-03-07 00:00:00+00:00,4.48199987411499
2006-03-08 00:00:00+00:00,4.485000133514404
2006-03-09 00:00:00+00:00,4.474999904632568
2006-03-10 00:00:00+00:00,4.489999771118164
2006-03-13 00:00:00+00:00,4.492000102996826
2006-03-14 00:00:00+00:00,4.4770002365112305
2006-03-15 00:00:00+00:00,4.5
2006-03-16 00:00:00+00:00,4.492000102996826
2006-03-17 00:00:00+00:00,4.517000198364258
2006-03-20 00:00:00+00:00,4.53000020980835
2006-03-21 00:00:00+00:00,4.566999912261963
2006-03-22 00:00:00+00:00,4.566999912261963
2006-03-23 00:00:00+00:00,4.546999931335449
2006-03-24 00:00:00+00:00,4.534999847412109
2006-03-27 00:00:00+00:00,4.517000198364258
2006-03-28 00:00:00+00:00,4.5269999504089355
2006-03-29 00:00:00+00:00,4.501999855041504
2006-03-30 00:00:00+00:00,4.485000133514404
2006-03-31 00:00:00+00:00,4.514999866485596
2006-04-03 00:00:00+00:00,4.5269999504089355
2006-04-04 00:00:00+00:00,4.552000045776367
2006-04-05 00:00:00+00:00,4.546999931335449
2006-04-06 00:00:00+00:00,4.552000045776367
2006-04-07 00:00:00+00:00,4.561999797821045
2006-04-10 00:00:00+00:00,4.566999912261963
2006-04-11 00:00:00+00:00,4.572000026702881
2006-04-12 00:00:00+00:00,4.581999778747559
2006-04-13 00:00:00+00:00,4.577000141143799
2006-04-17 00:00:00+00:00,4.577000141143799
2006-04-18 00:00:00+00:00,4.5970001220703125
2006-04-19 00:00:00+00:00,4.6020002365112305
2006-04-20 00:00:00+00:00,4.6020002365112305
2006-04-21 00:00:00+00:00,4.625
2006-04-24 00:00:00+00:00,4.622000217437744
2006-04-25 00:00:00+00:00,4.65500020980835
2006-04-26 00:00:00+00:00,4.6570000648498535
2006-04-27 00:00:00+00:00,4.6570000648498535
2006-04-28 00:00:00+00:00,4.650000095367432
2006-05-01 00:00:00+00:00,4.646999835968018
2006-05-02 00:00:00+00:00,4.682000160217285
2006-05-03 00:00:00+00:00,4.697000026702881
2006-05-04 00:00:00+00:00,4.671999931335449
2006-05-05 00:00:00+00:00,4.695000171661377
2006-05-08 00:00:00+00:00,4.699999809265137
2006-05-09 00:00:00+00:00,4.755000114440918
2006-05-10 00:00:00+00:00,4.751999855041504
2006-05-11 00:00:00+00:00,4.695000171661377
2006-05-12 00:00:00+00:00,4.706999778747559
2006-05-15 00:00:00+00:00,4.697000026702881
2006-05-16 00:00:00+00:00,4.706999778747559
2006-05-17 00:00:00+00:00,4.706999778747559
2006-05-18 00:00:00+00:00,4.706999778747559
2006-05-19 00:00:00+00:00,4.697000026702881
2006-05-22 00:00:00+00:00,4.682000160217285
2006-05-23 00:00:00+00:00,4.711999893188477
2006-05-24 00:00:00+00:00,4.702000141143799
2006-05-25 00:00:00+00:00,4.697000026702881
2006-05-26 00:00:00+00:00,4.711999893188477
2006-05-30 00:00:00+00:00,4.697000026702881
2006-05-31 00:00:00+00:00,4.715000152587891
2006-06-01 00:00:00+00:00,4.706999778747559
2006-06-02 00:00:00+00:00,4.682000160217285
2006-06-05 00:00:00+00:00,4.702000141143799
2006-06-06 00:00:00+00:00,4.736999988555908
2006-06-07 00:00:00+00:00,4.73199987411499
2006-06-08 00:00:00+00:00,4.735000133514404
2006-06-09 00:00:00+00:00,4.747000217437744
2006-06-12 00:00:00+00:00,4.7820000648498535
2006-06-13 00:00:00+00:00,4.771999835968018
2006-06-14 00:00:00+00:00,4.760000228881836
2006-06-15 00:00:00+00:00,4.71999979019165
2006-06-16 00:00:00+00:00,4.744999885559082
2006-06-19 00:00:00+00:00,4.755000114440918
2006-06-20 00:00:00+00:00,4.800000190734863
2006-06-21 00:00:00+00:00,4.784999847412109
2006-06-22 00:00:00+00:00,4.775000095367432
2006-06-23 00:00:00+00:00,4.835000038146973
2006-06-26 00:00:00+00:00,4.849999904632568
2006-06-27 00:00:00+00:00,4.909999847412109
2006-06-28 00:00:00+00:00,4.869999885559082
2006-06-29 00:00:00+00:00,4.864999771118164
2006-06-30 00:00:00+00:00,4.860000133514404
2006-07-03 00:00:00+00:00,4.885000228881836
2006-07-05 00:00:00+00:00,4.869999885559082
2006-07-06 00:00:00+00:00,4.869999885559082
2006-07-07 00:00:00+00:00,4.875
2006-07-10 00:00:00+00:00,4.875
2006-07-11 00:00:00+00:00,4.914999961853027
2006-07-12 00:00:00+00:00,4.925000190734863
2006-07-13 00:00:00+00:00,4.914999961853027
2006-07-14 00:00:00+00:00,4.914999961853027
2006-07-17 00:00:00+00:00,4.940000057220459
2006-07-18 00:00:00+00:00,5.0
2006-07-19 00:00:00+00:00,4.96999979019165
2006-07-20 00:00:00+00:00,4.945000171661377
2006-07-21 00:00:00+00:00,4.945000171661377
2006-07-24 00:00:00+00:00,4.945000171661377
2006-07-25 00:00:00+00:00,5.0
2006-07-26 00:00:00+00:00,4.96999979019165
2006-07-27 00:00:00+00:00,4.954999923706055
2006-07-28 00:00:00+00:00,4.920000076293945
2006-07-31 00:00:00+00:00,4.934999942779541
2006-08-01 00:00:00+00:00,4.985000133514404
2006-08-02 00:00:00+00:00,4.965000152587891
2006-08-03 00:00:00+00:00,4.96999979019165
2006-08-04 00:00:00+00:00,4.945000171661377
2006-08-07 00:00:00+00:00,4.96999979019165
2006-08-08 00:00:00+00:00,4.974999904632568
2006-08-09 00:00:00+00:00,4.934999942779541
2006-08-10 00:00:00+00:00,4.914999961853027
2006-08-11 00:00:00+00:00,4.934999942779541
2006-08-14 00:00:00+00:00,4.954999923706055
2006-08-15 00:00:00+00:00,4.960000038146973
2006-08-16 00:00:00+00:00,4.929999828338623
2006-08-17 00:00:00+00:00,4.954999923706055
2006-08-18 00:00:00+00:00,4.960000038146973
2006-08-21 00:00:00+00:00,4.954999923706055
2006-08-22 00:00:00+00:00,4.965000152587891
2006-08-23 00:00:00+00:00,4.960000038146973
2006-08-24 00:00:00+00:00,4.954999923706055
2006-08-25 00:00:00+00:00,4.965000152587891
2006-08-28 00:00:00+00:00,4.960000038146973
2006-08-29 00:00:00+00:00,4.934999942779541
2006-08-30 00:00:00+00:00,4.920000076293945
2006-08-31 00:00:00+00:00,4.90500020980835
2006-09-01 00:00:00+00:00,4.885000228881836
2006-09-05 00:00:00+00:00,4.849999904632568
2006-09-06 00:00:00+00:00,4.829999923706055
2006-09-07 00:00:00+00:00,4.829999923706055
2006-09-08 00:00:00+00:00,4.800000190734863
2006-09-11 00:00:00+00:00,4.809999942779541
2006-09-12 00:00:00+00:00,4.78000020980835
2006-09-13 00:00:00+00:00,4.78000020980835
2006-09-14 00:00:00+00:00,4.809999942779541
2006-09-15 00:00:00+00:00,4.815000057220459
2006-09-18 00:00:00+00:00,4.804999828338623
2006-09-19 00:00:00+00:00,4.820000171661377
2006-09-20 00:00:00+00:00,4.809999942779541
2006-09-21 00:00:00+00:00,4.784999847412109
2006-09-22 00:00:00+00:00,4.789999961853027
2006-09-25 00:00:00+00:00,4.769999980926514
2006-09-26 00:00:00+00:00,4.755000114440918
2006-09-27 00:00:00+00:00,4.75
2006-09-28 00:00:00+00:00,4.739999771118164
2006-09-29 00:00:00+00:00,4.760000228881836
2006-10-02 00:00:00+00:00,4.760000228881836
2006-10-03 00:00:00+00:00,4.775000095367432
2006-10-04 00:00:00+00:00,4.795000076293945
2006-10-05 00:00:00+00:00,4.800000190734863
2006-10-06 00:00:00+00:00,4.809999942779541
2006-10-10 00:00:00+00:00,4.855000019073486
2006-10-11 00:00:00+00:00,4.885000228881836
2006-10-12 00:00:00+00:00,4.920000076293945
2006-10-13 00:00:00+00:00,4.920000076293945
2006-10-16 00:00:00+00:00,4.929999828338623
2006-10-17 00:00:00+00:00,4.949999809265137
2006-10-18 00:00:00+00:00,4.949999809265137
2006-10-19 00:00:00+00:00,4.960000038146973
2006-10-20 00:00:00+00:00,4.949999809265137
2006-10-23 00:00:00+00:00,4.96999979019165
2006-10-24 00:00:00+00:00,4.989999771118164
2006-10-25 00:00:00+00:00,4.985000133514404
2006-10-26 00:00:00+00:00,4.974999904632568
2006-10-27 00:00:00+00:00,4.965000152587891
2006-10-30 00:00:00+00:00,4.945000171661377
2006-10-31 00:00:00+00:00,4.940000057220459
2006-11-01 00:00:00+00:00,4.934999942779541
2006-11-02 00:00:00+00:00,4.934999942779541
2006-11-03 00:00:00+00:00,4.954999923706055
2006-11-06 00:00:00+00:00,4.940000057220459
2006-11-07 00:00:00+00:00,4.945000171661377
2006-11-08 00:00:00+00:00,4.960000038146973
2006-11-09 00:00:00+00:00,4.960000038146973
2006-11-10 00:00:00+00:00,4.954999923706055
2006-11-13 00:00:00+00:00,4.945000171661377
2006-11-14 00:00:00+00:00,4.954999923706055
2006-11-15 00:00:00+00:00,4.949999809265137
2006-11-16 00:00:00+00:00,4.954999923706055
2006-11-17 00:00:00+00:00,4.945000171661377
2006-11-20 00:00:00+00:00,4.925000190734863
2006-11-21 00:00:00+00:00,4.929999828338623
2006-11-22 00:00:00+00:00,4.920000076293945
2006-11-24 00:00:00+00:00,4.90500020980835
2006-11-27 00:00:00+00:00,4.90500020980835
2006-11-28 00:00:00+00:00,4.90500020980835
2006-11-29 00:00:00+00:00,4.90500020980835
2006-11-30 00:00:00+00:00,4.889999866485596
2006-12-01 00:00:00+00:00,4.889999866485596
2006-12-04 00:00:00+00:00,4.869999885559082
2006-12-05 00:00:00+00:00,4.849999904632568
2006-12-06 00:00:00+00:00,4.855000019073486
2006-12-07 00:00:00+00:00,4.840000152587891
2006-12-08 00:00:00+00:00,4.829999923706055
2006-12-11 00:00:00+00:00,4.815000057220459
2006-12-12 00:00:00+00:00,4.804999828338623
2006-12-13 00:00:00+00:00,4.815000057220459
2006-12-14 00:00:00+00:00,4.815000057220459
2006-12-15 00:00:00+00:00,4.775000095367432
2006-12-18 00:00:00+00:00,4.804999828338623
2006-12-19 00:00:00+00:00,4.829999923706055
2006-12-20 00:00:00+00:00,4.835000038146973
2006-12-21 00:00:00+00:00,4.835000038146973
2006-12-22 00:00:00+00:00,4.849999904632568
2006-12-26 00:00:00+00:00,4.849999904632568
2006-12-27 00:00:00+00:00,4.84499979019165
2006-12-28 00:00:00+00:00,4.864999771118164
2006-12-29 00:00:00+00:00,4.885000228881836
2007-01-03 00:00:00+00:00,4.914999961853027
2007-01-04 00:00:00+00:00,4.900000095367432
2007-01-05 00:00:00+00:00,4.909999847412109
2007-01-08 00:00:00+00:00,4.909999847412109
2007-01-09 00:00:00+00:00,4.945000171661377
2007-01-10 00:00:00+00:00,4.949999809265137
2007-01-11 00:00:00+00:00,4.965000152587891
2007-01-12 00:00:00+00:00,4.954999923706055
2007-01-16 00:00:00+00:00,4.954999923706055
2007-01-17 00:00:00+00:00,4.980000019073486
2007-01-18 00:00:00+00:00,4.980000019073486
2007-01-19 00:00:00+00:00,5.0
2007-01-22 00:00:00+00:00,4.989999771118164
2007-01-23 00:00:00+00:00,5.005000114440918
2007-01-24 00:00:00+00:00,4.989999771118164
2007-01-25 00:00:00+00:00,5.0
2007-01-26 00:00:00+00:00,4.994999885559082
2007-01-29 00:00:00+00:00,4.994999885559082
2007-01-30 00:00:00+00:00,4.994999885559082
2007-01-31 00:00:00+00:00,4.974999904632568
2007-02-01 00:00:00+00:00,4.989999771118164
2007-02-02 00:00:00+00:00,5.0
2007-02-05 00:00:00+00:00,4.994999885559082
2007-02-06 00:00:00+00:00,5.010000228881836
2007-02-07 00:00:00+00:00,5.010000228881836
2007-02-08 00:00:00+00:00,5.014999866485596
2007-02-09 00:00:00+00:00,5.014999866485596
2007-02-12 00:00:00+00:00,5.019999980926514
2007-02-13 00:00:00+00:00,5.025000095367432
2007-02-14 00:00:00+00:00,5.010000228881836
2007-02-15 00:00:00+00:00,5.019999980926514
2007-02-16 00:00:00+00:00,5.03000020980835
2007-02-20 00:00:00+00:00,5.034999847412109
2007-02-21 00:00:00+00:00,5.034999847412109
2007-02-22 00:00:00+00:00,5.045000076293945
2007-02-23 00:00:00+00:00,5.039999961853027
2007-02-26 00:00:00+00:00,5.045000076293945
2007-02-27 00:00:00+00:00,4.989999771118164
2007-02-28 00:00:00+00:00,4.994999885559082
2007-03-01 00:00:00+00:00,4.989999771118164
2007-03-02 00:00:00+00:00,4.96999979019165
2007-03-05 00:00:00+00:00,4.960000038146973
2007-03-06 00:00:00+00:00,4.974999904632568
2007-03-07 00:00:00+00:00,4.954999923706055
2007-03-08 00:00:00+00:00,4.945000171661377
2007-03-09 00:00:00+00:00,4.949999809265137
2007-03-12 00:00:00+00:00,4.949999809265137
2007-03-13 00:00:00+00:00,4.934999942779541
2007-03-14 00:00:00+00:00,4.914999961853027
2007-03-15 00:00:00+00:00,4.894999980926514
2007-03-16 00:00:00+00:00,4.885000228881836
2007-03-19 00:00:00+00:00,4.894999980926514
2007-03-20 00:00:00+00:00,4.909999847412109
2007-03-21 00:00:00+00:00,4.909999847412109
2007-03-22 00:00:00+00:00,4.920000076293945
2007-03-23 00:00:00+00:00,4.925000190734863
2007-03-26 00:00:00+00:00,4.929999828338623
2007-03-27 00:00:00+00:00,4.920000076293945
2007-03-28 00:00:00+00:00,4.909999847412109
2007-03-29 00:00:00+00:00,4.90500020980835
2007-03-30 00:00:00+00:00,4.894999980926514
2007-04-02 00:00:00+00:00,4.90500020980835
2007-04-03 00:00:00+00:00,4.90500020980835
2007-04-04 00:00:00+00:00,4.90500020980835
2007-04-05 00:00:00+00:00,4.894999980926514
2007-04-09 00:00:00+00:00,4.885000228881836
2007-04-10 00:00:00+00:00,4.880000114440918
2007-04-11 00:00:00+00:00,4.885000228881836
2007-04-12 00:00:00+00:00,4.885000228881836
2007-04-13 00:00:00+00:00,4.869999885559082
2007-04-16 00:00:00+00:00,4.864999771118164
2007-04-17 00:00:00+00:00,4.860000133514404
2007-04-18 00:00:00+00:00,4.849999904632568
2007-04-19 00:00:00+00:00,4.84499979019165
2007-04-20 00:00:00+00:00,4.835000038146973
2007-04-23 00:00:00+00:00,4.840000152587891
2007-04-24 00:00:00+00:00,4.835000038146973
2007-04-25 00:00:00+00:00,4.820000171661377
2007-04-26 00:00:00+00:00,4.800000190734863
2007-04-27 00:00:00+00:00,4.795000076293945
2007-04-30 00:00:00+00:00,4.724999904632568
2007-05-01 00:00:00+00:00,4.755000114440918
2007-05-02 00:00:00+00:00,4.755000114440918
2007-05-03 00:00:00+00:00,4.75
2007-05-04 00:00:00+00:00,4.75
2007-05-07 00:00:00+00:00,4.730000019073486
2007-05-08 00:00:00+00:00,4.755000114440918
2007-05-09 00:00:00+00:00,4.730000019073486
2007-05-10 00:00:00+00:00,4.71999979019165
2007-05-11 00:00:00+00:00,4.715000152587891
2007-05-14 00:00:00+00:00,4.699999809265137
2007-05-15 00:00:00+00:00,4.690000057220459
2007-05-16 00:00:00+00:00,4.610000133514404
2007-05-17 00:00:00+00:00,4.659999847412109
2007-05-18 00:00:00+00:00,4.684999942779541
2007-05-21 00:00:00+00:00,4.710000038146973
2007-05-22 00:00:00+00:00,4.775000095367432
2007-05-23 00:00:00+00:00,4.764999866485596
2007-05-24 00:00:00+00:00,4.764999866485596
2007-05-25 00:00:00+00:00,4.739999771118164
2007-05-29 00:00:00+00:00,4.684999942779541
2007-05-30 00:00:00+00:00,4.704999923706055
2007-05-31 00:00:00+00:00,4.590000152587891
2007-06-01 00:00:00+00:00,4.65500020980835
2007-06-04 00:00:00+00:00,4.625
2007-06-05 00:00:00+00:00,4.690000057220459
2007-06-06 00:00:00+00:00,4.65500020980835
2007-06-07 00:00:00+00:00,4.659999847412109
2007-06-08 00:00:00+00:00,4.630000114440918
2007-06-11 00:00:00+00:00,4.590000152587891
2007-06-12 00:00:00+00:00,4.590000152587891
2007-06-13 00:00:00+00:00,4.514999866485596
2007-06-14 00:00:00+00:00,4.510000228881836
2007-06-15 00:00:00+00:00,4.429999828338623
2007-06-18 00:00:00+00:00,4.409999847412109
2007-06-19 00:00:00+00:00,4.514999866485596
2007-06-20 00:00:00+00:00,4.599999904632568
2007-06-21 00:00:00+00:00,4.559999942779541
2007-06-22 00:00:00+00:00,4.585000038146973
2007-06-25 00:00:00+00:00,4.639999866485596
2007-06-26 00:00:00+00:00,4.675000190734863
2007-06-27 00:00:00+00:00,4.635000228881836
2007-06-28 00:00:00+00:00,4.639999866485596
2007-06-29 00:00:00+00:00,4.670000076293945
2007-07-02 00:00:00+00:00,4.730000019073486
2007-07-03 00:00:00+00:00,4.815000057220459
2007-07-05 00:00:00+00:00,4.809999942779541
2007-07-06 00:00:00+00:00,4.789999961853027
2007-07-09 00:00:00+00:00,4.784999847412109
2007-07-10 00:00:00+00:00,4.804999828338623
2007-07-11 00:00:00+00:00,4.804999828338623
2007-07-12 00:00:00+00:00,4.815000057220459
2007-07-13 00:00:00+00:00,4.820000171661377
2007-07-16 00:00:00+00:00,4.789999961853027
2007-07-17 00:00:00+00:00,4.809999942779541
2007-07-18 00:00:00+00:00,4.815000057220459
2007-07-19 00:00:00+00:00,4.829999923706055
2007-07-20 00:00:00+00:00,4.824999809265137
2007-07-23 00:00:00+00:00,4.855000019073486
2007-07-24 00:00:00+00:00,4.875
2007-07-25 00:00:00+00:00,4.835000038146973
2007-07-26 00:00:00+00:00,4.769999980926514
2007-07-27 00:00:00+00:00,4.704999923706055
2007-07-30 00:00:00+00:00,4.71999979019165
2007-07-31 00:00:00+00:00,4.809999942779541
2007-08-01 00:00:00+00:00,4.739999771118164
2007-08-02 00:00:00+00:00,4.744999885559082
2007-08-03 00:00:00+00:00,4.699999809265137
2007-08-06 00:00:00+00:00,4.715000152587891
2007-08-07 00:00:00+00:00,4.784999847412109
2007-08-08 00:00:00+00:00,4.804999828338623
2007-08-09 00:00:00+00:00,4.71999979019165
2007-08-10 00:00:00+00:00,4.414999961853027
2007-08-13 00:00:00+00:00,4.53000020980835
2007-08-14 00:00:00+00:00,4.5
2007-08-15 00:00:00+00:00,4.130000114440918
2007-08-16 00:00:00+00:00,3.700000047683716
2007-08-17 00:00:00+00:00,3.619999885559082
2007-08-20 00:00:00+00:00,2.950000047683716
2007-08-21 00:00:00+00:00,3.4200000762939453
2007-08-22 00:00:00+00:00,3.565000057220459
2007-08-23 00:00:00+00:00,3.7100000381469727
2007-08-24 00:00:00+00:00,4.079999923706055
2007-08-27 00:00:00+00:00,4.380000114440918
2007-08-28 00:00:00+00:00,4.269999980926514
2007-08-29 00:00:00+00:00,3.8499999046325684
2007-08-30 00:00:00+00:00,3.7300000190734863
2007-08-31 00:00:00+00:00,3.990000009536743
2007-09-04 00:00:00+00:00,4.28000020980835
2007-09-05 00:00:00+00:00,4.21999979019165
2007-09-06 00:00:00+00:00,4.159999847412109
2007-09-07 00:00:00+00:00,3.940000057220459
2007-09-10 00:00:00+00:00,3.869999885559082
2007-09-11 00:00:00+00:00,3.990000009536743
2007-09-12 00:00:00+00:00,3.9000000953674316
2007-09-13 00:00:00+00:00,3.950000047683716
2007-09-14 00:00:00+00:00,3.880000114440918
2007-09-17 00:00:00+00:00,3.990000009536743
2007-09-18 00:00:00+00:00,3.859999895095825
2007-09-19 00:00:00+00:00,3.809999942779541
2007-09-20 00:00:00+00:00,3.6700000762939453
2007-09-21 00:00:00+00:00,3.619999885559082
2007-09-24 00:00:00+00:00,3.6700000762939453
2007-09-25 00:00:00+00:00,3.690000057220459
2007-09-26 00:00:00+00:00,3.625
2007-09-27 00:00:00+00:00,3.5999999046325684
2007-09-28 00:00:00+00:00,3.700000047683716
2007-10-01 00:00:00+00:00,3.7950000762939453
2007-10-02 00:00:00+00:00,3.8499999046325684
2007-10-03 00:00:00+00:00,3.8399999141693115
2007-10-04 00:00:00+00:00,3.8350000381469727
2007-10-05 00:00:00+00:00,3.869999885559082
2007-10-08 00:00:00+00:00,3.865000009536743
2007-10-09 00:00:00+00:00,3.9100000858306885
2007-10-10 00:00:00+00:00,3.934999942779541
2007-10-11 00:00:00+00:00,4.005000114440918
2007-10-12 00:00:00+00:00,4.079999923706055
2007-10-15 00:00:00+00:00,4.159999847412109
2007-10-16 00:00:00+00:00,4.125
2007-10-17 00:00:00+00:00,3.890000104904175
2007-10-18 00:00:00+00:00,3.640000104904175
2007-10-19 00:00:00+00:00,3.740000009536743
2007-10-22 00:00:00+00:00,3.859999895095825
2007-10-23 00:00:00+00:00,3.859999895095825
2007-10-24 00:00:00+00:00,3.7100000381469727
2007-10-25 00:00:00+00:00,3.819999933242798
2007-10-26 00:00:00+00:00,3.8399999141693115
2007-10-29 00:00:00+00:00,3.859999895095825
2007-10-30 00:00:00+00:00,3.8499999046325684
2007-10-31 00:00:00+00:00,3.819999933242798
2007-11-01 00:00:00+00:00,3.7049999237060547
2007-11-02 00:00:00+00:00,3.5
2007-11-05 00:00:00+00:00,3.5799999237060547
2007-11-06 00:00:00+00:00,3.630000114440918
2007-11-07 00:00:00+00:00,3.359999895095825
2007-11-08 00:00:00+00:00,3.2799999713897705
2007-11-09 00:00:00+00:00,3.1700000762939453
2007-11-12 00:00:00+00:00,3.180000066757202
2007-11-13 00:00:00+00:00,3.359999895095825
2007-11-14 00:00:00+00:00,3.315000057220459
2007-11-15 00:00:00+00:00,3.190000057220459
2007-11-16 00:00:00+00:00,3.2899999618530273
2007-11-19 00:00:00+00:00,3.2750000953674316
2007-11-20 00:00:00+00:00,3.1600000858306885
2007-11-21 00:00:00+00:00,3.0399999618530273
2007-11-23 00:00:00+00:00,3.140000104904175
2007-11-26 00:00:00+00:00,3.055000066757202
2007-11-27 00:00:00+00:00,3.075000047683716
2007-11-28 00:00:00+00:00,2.9600000381469727
2007-11-29 00:00:00+00:00,2.884999990463257
2007-11-30 00:00:00+00:00,3.069999933242798
2007-12-03 00:00:00+00:00,2.9600000381469727
2007-12-04 00:00:00+00:00,2.9800000190734863
2007-12-05 00:00:00+00:00,2.9800000190734863
2007-12-06 00:00:00+00:00,2.9600000381469727
2007-12-07 00:00:00+00:00,3.0199999809265137
2007-12-10 00:00:00+00:00,2.9700000286102295
2007-12-11 00:00:00+00:00,2.869999885559082
2007-12-12 00:00:00+00:00,2.809999942779541
2007-12-13 00:00:00+00:00,2.7799999713897705
2007-12-14 00:00:00+00:00,2.7950000762939453
2007-12-17 00:00:00+00:00,2.930000066757202
2007-12-18 00:00:00+00:00,2.9700000286102295
2007-12-19 00:00:00+00:00,2.8350000381469727
2007-12-20 00:00:00+00:00,2.805000066757202
2007-12-21 00:00:00+00:00,2.9000000953674316
2007-12-24 00:00:00+00:00,3.200000047683716
2007-12-26 00:00:00+00:00,3.2249999046325684
2007-12-27 00:00:00+00:00,3.075000047683716
2007-12-28 00:00:00+00:00,3.0799999237060547
2007-12-31 00:00:00+00:00,3.140000104904175
2008-01-02 00:00:00+00:00,3.1700000762939453
2008-01-03 00:00:00+00:00,3.1500000953674316
2008-01-04 00:00:00+00:00,3.115000009536743
2008-01-07 00:00:00+00:00,3.1649999618530273
2008-01-08 00:00:00+00:00,3.1600000858306885
2008-01-09 00:00:00+00:00,3.109999895095825
2008-01-10 00:00:00+00:00,3.130000114440918
2008-01-11 00:00:00+00:00,3.009999990463257
2008-01-14 00:00:00+00:00,3.0850000381469727
2008-01-15 00:00:00+00:00,3.0850000381469727
2008-01-16 00:00:00+00:00,3.0399999618530273
2008-01-17 00:00:00+00:00,2.9800000190734863
2008-01-18 00:00:00+00:00,2.7899999618530273
2008-01-22 00:00:00+00:00,2.2300000190734863
2008-01-23 00:00:00+00:00,2.109999895095825
2008-01-24 00:00:00+00:00,2.299999952316284
2008-01-25 00:00:00+00:00,2.2200000286102295
2008-01-28 00:00:00+00:00,2.2149999141693115
2008-01-29 00:00:00+00:00,2.2049999237060547
2008-01-30 00:00:00+00:00,2.140000104904175
2008-01-31 00:00:00+00:00,1.8700000047683716
2008-02-01 00:00:00+00:00,2.049999952316284
2008-02-04 00:00:00+00:00,2.1700000762939453
2008-02-05 00:00:00+00:00,2.1449999809265137
2008-02-06 00:00:00+00:00,2.0399999618530273
2008-02-07 00:00:00+00:00,2.0999999046325684
2008-02-08 00:00:00+00:00,2.1600000858306885
2008-02-11 00:00:00+00:00,2.190000057220459
2008-02-12 00:00:00+00:00,2.25
2008-02-13 00:00:00+00:00,2.2100000381469727
2008-02-14 00:00:00+00:00,2.2200000286102295
2008-02-15 00:00:00+00:00,2.130000114440918
2008-02-19 00:00:00+00:00,2.1700000762939453
2008-02-20 00:00:00+00:00,2.174999952316284
2008-02-21 00:00:00+00:00,2.140000104904175
2008-02-22 00:00:00+00:00,2.140000104904175
2008-02-25 00:00:00+00:00,2.109999895095825
2008-02-26 00:00:00+00:00,2.075000047683716
2008-02-27 00:00:00+00:00,1.9299999475479126
2008-02-28 00:00:00+00:00,1.8550000190734863
2008-02-29 00:00:00+00:00,1.784999966621399
2008-03-03 00:00:00+00:00,1.6349999904632568
2008-03-04 00:00:00+00:00,1.5950000286102295
2008-03-05 00:00:00+00:00,1.4800000190734863
2008-03-06 00:00:00+00:00,1.3650000095367432
2008-03-07 00:00:00+00:00,1.399999976158142
2008-03-10 00:00:00+00:00,1.2999999523162842
2008-03-11 00:00:00+00:00,1.440000057220459
2008-03-12 00:00:00+00:00,1.440000057220459
2008-03-13 00:00:00+00:00,1.2999999523162842
2008-03-14 00:00:00+00:00,1.1200000047683716
2008-03-17 00:00:00+00:00,0.9900000095367432
2008-03-18 00:00:00+00:00,0.8999999761581421
2008-03-19 00:00:00+00:00,0.6499999761581421
2008-03-20 00:00:00+00:00,0.5
2008-03-24 00:00:00+00:00,1.0149999856948853
2008-03-25 00:00:00+00:00,1.2549999952316284
2008-03-26 00:00:00+00:00,1.2699999809265137
2008-03-27 00:00:00+00:00,1.25
2008-03-28 00:00:00+00:00,1.350000023841858
2008-03-31 00:00:00+00:00,1.274999976158142
2008-04-01 00:00:00+00:00,1.3550000190734863
2008-04-02 00:00:00+00:00,1.3650000095367432
2008-04-03 00:00:00+00:00,1.3600000143051147
2008-04-04 00:00:00+00:00,1.3200000524520874
2008-04-07 00:00:00+00:00,1.3600000143051147
2008-04-08 00:00:00+00:00,1.350000023841858
2008-04-09 00:00:00+00:00,1.274999976158142
2008-04-10 00:00:00+00:00,1.2350000143051147
2008-04-11 00:00:00+00:00,1.159999966621399
2008-04-14 00:00:00+00:00,1.0750000476837158
2008-04-15 00:00:00+00:00,1.100000023841858
2008-04-16 00:00:00+00:00,1.1150000095367432
2008-04-17 00:00:00+00:00,1.2100000381469727
2008-04-18 00:00:00+00:00,1.3200000524520874
2008-04-21 00:00:00+00:00,1.2699999809265137
2008-04-22 00:00:00+00:00,1.2549999952316284
2008-04-23 00:00:00+00:00,1.2000000476837158
2008-04-24 00:00:00+00:00,1.2200000286102295
2008-04-25 00:00:00+00:00,1.284999966621399
2008-04-28 00:00:00+00:00,1.3300000429153442
2008-04-29 00:00:00+00:00,1.440000057220459
2008-04-30 00:00:00+00:00,1.340000033378601
2008-05-01 00:00:00+00:00,1.3700000047683716
2008-05-02 00:00:00+00:00,1.465000033378601
2008-05-05 00:00:00+00:00,1.5499999523162842
2008-05-06 00:00:00+00:00,1.5950000286102295
2008-05-07 00:00:00+00:00,1.6299999952316284
2008-05-08 00:00:00+00:00,1.6200000047683716
2008-05-09 00:00:00+00:00,1.649999976158142
2008-05-12 00:00:00+00:00,1.75
2008-05-13 00:00:00+00:00,1.784999966621399
2008-05-14 00:00:00+00:00,1.784999966621399
2008-05-15 00:00:00+00:00,1.7899999618530273
2008-05-16 00:00:00+00:00,1.7999999523162842
2008-05-19 00:00:00+00:00,1.8049999475479126
2008-05-20 00:00:00+00:00,1.8250000476837158
2008-05-21 00:00:00+00:00,1.809999942779541
2008-05-22 00:00:00+00:00,1.8250000476837158
2008-05-23 00:00:00+00:00,1.7999999523162842
2008-05-27 00:00:00+00:00,1.850000023841858
2008-05-28 00:00:00+00:00,1.8550000190734863
2008-05-29 00:00:00+00:00,1.8650000095367432
2008-05-30 00:00:00+00:00,1.850000023841858
2008-06-02 00:00:00+00:00,1.7899999618530273
2008-06-03 00:00:00+00:00,1.809999942779541
2008-06-04 00:00:00+00:00,1.8049999475479126
2008-06-05 00:00:00+00:00,1.809999942779541
2008-06-06 00:00:00+00:00,1.7999999523162842
2008-06-09 00:00:00+00:00,1.850000023841858
2008-06-10 00:00:00+00:00,1.9700000286102295
2008-06-11 00:00:00+00:00,1.9049999713897705
2008-06-12 00:00:00+00:00,1.9500000476837158
2008-06-13 00:00:00+00:00,1.9299999475479126
2008-06-16 00:00:00+00:00,1.940000057220459
2008-06-17 00:00:00+00:00,1.9550000429153442
2008-06-18 00:00:00+00:00,1.8799999952316284
2008-06-19 00:00:00+00:00,1.8600000143051147
2008-06-20 00:00:00+00:00,1.7999999523162842
2008-06-23 00:00:00+00:00,1.850000023841858
2008-06-24 00:00:00+00:00,1.7949999570846558
2008-06-25 00:00:00+00:00,1.7599999904632568
2008-06-26 00:00:00+00:00,1.6799999475479126
2008-06-27 00:00:00+00:00,1.6299999952316284
2008-06-30 00:00:00+00:00,1.7050000429153442
2008-07-01 00:00:00+00:00,1.8250000476837158
2008-07-02 00:00:00+00:00,1.7899999618530273
2008-07-03 00:00:00+00:00,1.809999942779541
2008-07-07 00:00:00+00:00,1.774999976158142
2008-07-08 00:00:00+00:00,1.8200000524520874
2008-07-09 00:00:00+00:00,1.7899999618530273
2008-07-10 00:00:00+00:00,1.6299999952316284
2008-07-11 00:00:00+00:00,1.5700000524520874
2008-07-14 00:00:00+00:00,1.4249999523162842
2008-07-15 00:00:00+00:00,1.375
2008-07-16 00:00:00+00:00,1.3450000286102295
2008-07-17 00:00:00+00:00,1.3899999856948853
2008-07-18 00:00:00+00:00,1.4199999570846558
2008-07-21 00:00:00+00:00,1.3799999952316284
2008-07-22 00:00:00+00:00,1.5
2008-07-23 00:00:00+00:00,1.5449999570846558
2008-07-24 00:00:00+00:00,1.6100000143051147
2008-07-25 00:00:00+00:00,1.690000057220459
2008-07-28 00:00:00+00:00,1.6649999618530273
2008-07-29 00:00:00+00:00,1.6799999475479126
2008-07-30 00:00:00+00:00,1.6699999570846558
2008-07-31 00:00:00+00:00,1.6349999904632568
2008-08-01 00:00:00+00:00,1.6299999952316284
2008-08-04 00:00:00+00:00,1.659999966621399
2008-08-05 00:00:00+00:00,1.7100000381469727
2008-08-06 00:00:00+00:00,1.600000023841858
2008-08-07 00:00:00+00:00,1.6299999952316284
2008-08-08 00:00:00+00:00,1.6649999618530273
2008-08-11 00:00:00+00:00,1.7699999809265137
2008-08-12 00:00:00+00:00,1.8250000476837158
2008-08-13 00:00:00+00:00,1.815000057220459
2008-08-14 00:00:00+00:00,1.8300000429153442
2008-08-15 00:00:00+00:00,1.7999999523162842
2008-08-18 00:00:00+00:00,1.7400000095367432
2008-08-19 00:00:00+00:00,1.7649999856948853
2008-08-20 00:00:00+00:00,1.6699999570846558
2008-08-21 00:00:00+00:00,1.684999942779541
2008-08-22 00:00:00+00:00,1.6649999618530273
2008-08-25 00:00:00+00:00,1.6449999809265137
2008-08-26 00:00:00+00:00,1.6749999523162842
2008-08-27 00:00:00+00:00,1.6399999856948853
2008-08-28 00:00:00+00:00,1.7000000476837158
2008-08-29 00:00:00+00:00,1.690000057220459
2008-09-02 00:00:00+00:00,1.649999976158142
2008-09-03 00:00:00+00:00,1.6649999618530273
2008-09-04 00:00:00+00:00,1.649999976158142
2008-09-05 00:00:00+00:00,1.6399999856948853
2008-09-08 00:00:00+00:00,1.6699999570846558
2008-09-09 00:00:00+00:00,1.6399999856948853
2008-09-10 00:00:00+00:00,1.6200000047683716
2008-09-11 00:00:00+00:00,1.5800000429153442
2008-09-12 00:00:00+00:00,1.4600000381469727
2008-09-15 00:00:00+00:00,0.8100000023841858
2008-09-16 00:00:00+00:00,0.8600000143051147
2008-09-17 00:00:00+00:00,0.019999999552965164
2008-09-18 00:00:00+00:00,0.07000000029802322
2008-09-19 00:00:00+00:00,0.9200000166893005
2008-09-22 00:00:00+00:00,0.875
2008-09-23 00:00:00+00:00,0.800000011920929
2008-09-24 00:00:00+00:00,0.4399999976158142
2008-09-25 00:00:00+00:00,0.7099999785423279
2008-09-26 00:00:00+00:00,0.8299999833106995
2008-09-29 00:00:00+00:00,0.44999998807907104
2008-09-30 00:00:00+00:00,0.8999999761581421
2008-10-01 00:00:00+00:00,0.800000011920929
2008-10-02 00:00:00+00:00,0.5899999737739563
2008-10-03 00:00:00+00:00,0.4699999988079071
2008-10-06 00:00:00+00:00,0.4099999964237213
2008-10-07 00:00:00+00:00,0.7850000262260437
2008-10-08 00:00:00+00:00,0.6399999856948853
2008-10-09 00:00:00+00:00,0.5799999833106995
2008-10-10 00:00:00+00:00,0.20999999344348907
2008-10-13 00:00:00+00:00,0.20999999344348907
2008-10-14 00:00:00+00:00,0.23499999940395355
2008-10-15 00:00:00+00:00,0.20000000298023224
2008-10-16 00:00:00+00:00,0.4350000023841858
2008-10-17 00:00:00+00:00,0.7799999713897705
2008-10-20 00:00:00+00:00,1.0199999809265137
2008-10-21 00:00:00+00:00,1.0950000286102295
2008-10-22 00:00:00+00:00,1.0099999904632568
2008-10-23 00:00:00+00:00,0.9100000262260437
2008-10-24 00:00:00+00:00,0.8199999928474426
2008-10-27 00:00:00+00:00,0.7300000190734863
2008-10-28 00:00:00+00:00,0.75
2008-10-29 00:00:00+00:00,0.5649999976158142
2008-10-30 00:00:00+00:00,0.375
2008-10-31 00:00:00+00:00,0.4350000023841858
2008-11-03 00:00:00+00:00,0.41999998688697815
2008-11-04 00:00:00+00:00,0.4650000035762787
2008-11-05 00:00:00+00:00,0.3799999952316284
2008-11-06 00:00:00+00:00,0.3149999976158142
2008-11-07 00:00:00+00:00,0.28999999165534973
2008-11-10 00:00:00+00:00,0.20000000298023224
2008-11-11 00:00:00+00:00,0.19499999284744263
2008-11-12 00:00:00+00:00,0.14000000059604645
2008-11-13 00:00:00+00:00,0.1899999976158142
2008-11-14 00:00:00+00:00,0.12999999523162842
2008-11-17 00:00:00+00:00,0.09000000357627869
2008-11-18 00:00:00+00:00,0.10999999940395355
2008-11-19 00:00:00+00:00,0.06499999761581421
2008-11-20 00:00:00+00:00,0.004999999888241291
2008-11-21 00:00:00+00:00,0.009999999776482582
2008-11-24 00:00:00+00:00,0.009999999776482582
2008-11-25 00:00:00+00:00,0.10000000149011612
2008-11-26 00:00:00+00:00,0.029999999329447746
2008-11-28 00:00:00+00:00,0.019999999552965164
2008-12-01 00:00:00+00:00,0.009999999776482582
2008-12-02 00:00:00+00:00,0.05000000074505806
2008-12-03 00:00:00+00:00,0.014999999664723873
2008-12-04 00:00:00+00:00,0.004999999888241291
2008-12-05 00:00:00+00:00,0.009999999776482582
2008-12-08 00:00:00+00:00,0.004999999888241291
2008-12-09 00:00:00+00:00,0.009999999776482582
2008-12-10 00:00:00+00:00,0.004999999888241291
2008-12-11 00:00:00+00:00,0.009999999776482582
2008-12-12 00:00:00+00:00,0.009999999776482582
2008-12-15 00:00:00+00:00,0.004999999888241291
2008-12-16 00:00:00+00:00,0.02500000037252903
2008-12-17 00:00:00+00:00,0.004999999888241291
2008-12-18 00:00:00+00:00,0.004999999888241291
2008-12-19 00:00:00+00:00,0.004999999888241291
2008-12-22 00:00:00+00:00,0.004999999888241291
2008-12-23 00:00:00+00:00,0.004999999888241291
2008-12-24 00:00:00+00:00,0.004999999888241291
2008-12-26 00:00:00+00:00,0.004999999888241291
2008-12-29 00:00:00+00:00,0.009999999776482582
2008-12-30 00:00:00+00:00,0.09000000357627869
2008-12-31 00:00:00+00:00,0.11500000208616257
2009-01-02 00:00:00+00:00,0.08500000089406967
2009-01-05 00:00:00+00:00,0.08500000089406967
2009-01-06 00:00:00+00:00,0.12999999523162842
2009-01-07 00:00:00+00:00,0.10000000149011612
2009-01-08 00:00:00+00:00,0.07999999821186066
2009-01-09 00:00:00+00:00,0.06499999761581421
2009-01-12 00:00:00+00:00,0.06499999761581421
2009-01-13 00:00:00+00:00,0.10499999672174454
2009-01-14 00:00:00+00:00,0.10999999940395355
2009-01-15 00:00:00+00:00,0.10000000149011612
2009-01-16 00:00:00+00:00,0.11500000208616257
2009-01-20 00:00:00+00:00,0.10000000149011612
2009-01-21 00:00:00+00:00,0.10999999940395355
2009-01-22 00:00:00+00:00,0.10000000149011612
2009-01-23 00:00:00+00:00,0.09000000357627869
2009-01-26 00:00:00+00:00,0.10000000149011612
2009-01-27 00:00:00+00:00,0.12999999523162842
2009-01-28 00:00:00+00:00,0.18000000715255737
2009-01-29 00:00:00+00:00,0.2199999988079071
2009-01-30 00:00:00+00:00,0.2199999988079071
2009-02-02 00:00:00+00:00,0.24500000476837158
2009-02-03 00:00:00+00:00,0.3100000023841858
2009-02-04 00:00:00+00:00,0.28999999165534973
2009-02-05 00:00:00+00:00,0.27000001072883606
2009-02-06 00:00:00+00:00,0.27000001072883606
2009-02-09 00:00:00+00:00,0.2750000059604645
2009-02-10 00:00:00+00:00,0.3050000071525574
2009-02-11 00:00:00+00:00,0.30000001192092896
2009-02-12 00:00:00+00:00,0.2849999964237213
2009-02-13 00:00:00+00:00,0.28999999165534973
2009-02-17 00:00:00+00:00,0.2849999964237213
2009-02-18 00:00:00+00:00,0.30000001192092896
2009-02-19 00:00:00+00:00,0.30000001192092896
2009-02-20 00:00:00+00:00,0.26499998569488525
2009-02-23 00:00:00+00:00,0.27000001072883606
2009-02-24 00:00:00+00:00,0.29499998688697815
2009-02-25 00:00:00+00:00,0.29499998688697815
2009-02-26 00:00:00+00:00,0.26499998569488525
2009-02-27 00:00:00+00:00,0.25
2009-03-02 00:00:00+00:00,0.23000000417232513
2009-03-03 00:00:00+00:00,0.26499998569488525
2009-03-04 00:00:00+00:00,0.25
2009-03-05 00:00:00+00:00,0.20000000298023224
2009-03-06 00:00:00+00:00,0.1850000023841858
2009-03-09 00:00:00+00:00,0.20000000298023224
2009-03-10 00:00:00+00:00,0.23499999940395355
2009-03-11 00:00:00+00:00,0.2199999988079071
2009-03-12 00:00:00+00:00,0.20000000298023224
2009-03-13 00:00:00+00:00,0.1899999976158142
2009-03-16 00:00:00+00:00,0.2199999988079071
2009-03-17 00:00:00+00:00,0.22499999403953552
2009-03-18 00:00:00+00:00,0.20499999821186066
2009-03-19 00:00:00+00:00,0.1899999976158142
2009-03-20 00:00:00+00:00,0.20000000298023224
2009-03-23 00:00:00+00:00,0.1899999976158142
2009-03-24 00:00:00+00:00,0.20499999821186066
2009-03-25 00:00:00+00:00,0.1850000023841858
2009-03-26 00:00:00+00:00,0.14000000059604645
2009-03-27 00:00:00+00:00,0.125
2009-03-30 00:00:00+00:00,0.11999999731779099
2009-03-31 00:00:00+00:00,0.20000000298023224
2009-04-01 00:00:00+00:00,0.20999999344348907
2009-04-02 00:00:00+00:00,0.1899999976158142
2009-04-03 00:00:00+00:00,0.20000000298023224
2009-04-06 00:00:00+00:00,0.1850000023841858
2009-04-07 00:00:00+00:00,0.1899999976158142
2009-04-08 00:00:00+00:00,0.18000000715255737
2009-04-09 00:00:00+00:00,0.17499999701976776
2009-04-13 00:00:00+00:00,0.17000000178813934
2009-04-14 00:00:00+00:00,0.16500000655651093
2009-04-15 00:00:00+00:00,0.14000000059604645
2009-04-16 00:00:00+00:00,0.125
2009-04-17 00:00:00+00:00,0.12999999523162842
2009-04-20 00:00:00+00:00,0.11999999731779099
2009-04-21 00:00:00+00:00,0.14000000059604645
2009-04-22 00:00:00+00:00,0.13500000536441803
2009-04-23 00:00:00+00:00,0.0949999988079071
2009-04-24 00:00:00+00:00,0.0949999988079071
2009-04-27 00:00:00+00:00,0.09000000357627869
2009-04-28 00:00:00+00:00,0.11999999731779099
2009-04-29 00:00:00+00:00,0.0949999988079071
2009-04-30 00:00:00+00:00,0.125
2009-05-01 00:00:00+00:00,0.14499999582767487
2009-05-04 00:00:00+00:00,0.17499999701976776
2009-05-05 00:00:00+00:00,0.17499999701976776
2009-05-06 00:00:00+00:00,0.18000000715255737
2009-05-07 00:00:00+00:00,0.18000000715255737
2009-05-08 00:00:00+00:00,0.16500000655651093
2009-05-11 00:00:00+00:00,0.1550000011920929
2009-05-12 00:00:00+00:00,0.18000000715255737
2009-05-13 00:00:00+00:00,0.17000000178813934
2009-05-14 00:00:00+00:00,0.1550000011920929
2009-05-15 00:00:00+00:00,0.1550000011920929
2009-05-18 00:00:00+00:00,0.1599999964237213
2009-05-19 00:00:00+00:00,0.17499999701976776
2009-05-20 00:00:00+00:00,0.17000000178813934
2009-05-21 00:00:00+00:00,0.17499999701976776
2009-05-22 00:00:00+00:00,0.17499999701976776
2009-05-26 00:00:00+00:00,0.16500000655651093
2009-05-27 00:00:00+00:00,0.1599999964237213
2009-05-28 00:00:00+00:00,0.13500000536441803
2009-05-29 00:00:00+00:00,0.12999999523162842
2009-06-01 00:00:00+00:00,0.08500000089406967
2009-06-02 00:00:00+00:00,0.12999999523162842
2009-06-03 00:00:00+00:00,0.12999999523162842
2009-06-04 00:00:00+00:00,0.13500000536441803
2009-06-05 00:00:00+00:00,0.18000000715255737
2009-06-08 00:00:00+00:00,0.17000000178813934
2009-06-09 00:00:00+00:00,0.17499999701976776
2009-06-10 00:00:00+00:00,0.17499999701976776
2009-06-11 00:00:00+00:00,0.17000000178813934
2009-06-12 00:00:00+00:00,0.16500000655651093
2009-06-15 00:00:00+00:00,0.1550000011920929
2009-06-16 00:00:00+00:00,0.16500000655651093
2009-06-17 00:00:00+00:00,0.16500000655651093
2009-06-18 00:00:00+00:00,0.17000000178813934
2009-06-19 00:00:00+00:00,0.17000000178813934
2009-06-22 00:00:00+00:00,0.1850000023841858
2009-06-23 00:00:00+00:00,0.19499999284744263
2009-06-24 00:00:00+00:00,0.18000000715255737
2009-06-25 00:00:00+00:00,0.16500000655651093
2009-06-26 00:00:00+00:00,0.17499999701976776
2009-06-29 00:00:00+00:00,0.1599999964237213
2009-06-30 00:00:00+00:00,0.18000000715255737
2009-07-01 00:00:00+00:00,0.16500000655651093
2009-07-02 00:00:00+00:00,0.1550000011920929
2009-07-06 00:00:00+00:00,0.1550000011920929
2009-07-07 00:00:00+00:00,0.18000000715255737
2009-07-08 00:00:00+00:00,0.17499999701976776
2009-07-09 00:00:00+00:00,0.17499999701976776
2009-07-10 00:00:00+00:00,0.16500000655651093
2009-07-13 00:00:00+00:00,0.17000000178813934
2009-07-14 00:00:00+00:00,0.17499999701976776
2009-07-15 00:00:00+00:00,0.17499999701976776
2009-07-16 00:00:00+00:00,0.16500000655651093
2009-07-17 00:00:00+00:00,0.16500000655651093
2009-07-20 00:00:00+00:00,0.1599999964237213
2009-07-21 00:00:00+00:00,0.18000000715255737
2009-07-22 00:00:00+00:00,0.18000000715255737
2009-07-23 00:00:00+00:00,0.18000000715255737
2009-07-24 00:00:00+00:00,0.18000000715255737
2009-07-27 00:00:00+00:00,0.18000000715255737
2009-07-28 00:00:00+00:00,0.1850000023841858
2009-07-29 00:00:00+00:00,0.17499999701976776
2009-07-30 00:00:00+00:00,0.17499999701976776
2009-07-31 00:00:00+00:00,0.17499999701976776
2009-08-03 00:00:00+00:00,0.17499999701976776
2009-08-04 00:00:00+00:00,0.17499999701976776
2009-08-05 00:00:00+00:00,0.17499999701976776
2009-08-06 00:00:00+00:00,0.17000000178813934
2009-08-07 00:00:00+00:00,0.17000000178813934
2009-08-10 00:00:00+00:00,0.1599999964237213
2009-08-11 00:00:00+00:00,0.18000000715255737
2009-08-12 00:00:00+00:00,0.17000000178813934
2009-08-13 00:00:00+00:00,0.16500000655651093
2009-08-14 00:00:00+00:00,0.17000000178813934
2009-08-17 00:00:00+00:00,0.17000000178813934
2009-08-18 00:00:00+00:00,0.17499999701976776
2009-08-19 00:00:00+00:00,0.16500000655651093
2009-08-20 00:00:00+00:00,0.1599999964237213
2009-08-21 00:00:00+00:00,0.1599999964237213
2009-08-24 00:00:00+00:00,0.1550000011920929
2009-08-25 00:00:00+00:00,0.1550000011920929
2009-08-26 00:00:00+00:00,0.14499999582767487
2009-08-27 00:00:00+00:00,0.14000000059604645
2009-08-28 00:00:00+00:00,0.12999999523162842
2009-08-31 00:00:00+00:00,0.12999999523162842
2009-09-01 00:00:00+00:00,0.12999999523162842
2009-09-02 00:00:00+00:00,0.12999999523162842
2009-09-03 00:00:00+00:00,0.125
2009-09-04 00:00:00+00:00,0.125
2009-09-08 00:00:00+00:00,0.125
2009-09-09 00:00:00+00:00,0.13500000536441803
2009-09-10 00:00:00+00:00,0.13500000536441803
2009-09-11 00:00:00+00:00,0.13500000536441803
2009-09-14 00:00:00+00:00,0.12999999523162842
2009-09-15 00:00:00+00:00,0.125
2009-09-16 00:00:00+00:00,0.0949999988079071
2009-09-17 00:00:00+00:00,0.0949999988079071
2009-09-18 00:00:00+00:00,0.07999999821186066
2009-09-21 00:00:00+00:00,0.09000000357627869
2009-09-22 00:00:00+00:00,0.0949999988079071
2009-09-23 00:00:00+00:00,0.0949999988079071
2009-09-24 00:00:00+00:00,0.09000000357627869
2009-09-25 00:00:00+00:00,0.09000000357627869
2009-09-28 00:00:00+00:00,0.09000000357627869
2009-09-29 00:00:00+00:00,0.11999999731779099
2009-09-30 00:00:00+00:00,0.11500000208616257
2009-10-01 00:00:00+00:00,0.0949999988079071
2009-10-02 00:00:00+00:00,0.09000000357627869
2009-10-05 00:00:00+00:00,0.09000000357627869
2009-10-06 00:00:00+00:00,0.07000000029802322
2009-10-07 00:00:00+00:00,0.05999999865889549
2009-10-08 00:00:00+00:00,0.05999999865889549
2009-10-09 00:00:00+00:00,0.06499999761581421
2009-10-12 00:00:00+00:00,0.05999999865889549
2009-10-13 00:00:00+00:00,0.05999999865889549
2009-10-14 00:00:00+00:00,0.06499999761581421
2009-10-15 00:00:00+00:00,0.054999999701976776
2009-10-16 00:00:00+00:00,0.05999999865889549
2009-10-19 00:00:00+00:00,0.05999999865889549
2009-10-20 00:00:00+00:00,0.07500000298023224
2009-10-21 00:00:00+00:00,0.06499999761581421
2009-10-22 00:00:00+00:00,0.05000000074505806
2009-10-23 00:00:00+00:00,0.05000000074505806
2009-10-26 00:00:00+00:00,0.05000000074505806
2009-10-27 00:00:00+00:00,0.07000000029802322
2009-10-28 00:00:00+00:00,0.05999999865889549
2009-10-29 00:00:00+00:00,0.05000000074505806
2009-10-30 00:00:00+00:00,0.04500000178813934
2009-11-02 00:00:00+00:00,0.03999999910593033
2009-11-03 00:00:00+00:00,0.05000000074505806
2009-11-04 00:00:00+00:00,0.04500000178813934
2009-11-05 00:00:00+00:00,0.03500000014901161
2009-11-06 00:00:00+00:00,0.04500000178813934
2009-11-09 00:00:00+00:00,0.04500000178813934
2009-11-10 00:00:00+00:00,0.05999999865889549
2009-11-11 00:00:00+00:00,0.05999999865889549
2009-11-12 00:00:00+00:00,0.054999999701976776
2009-11-13 00:00:00+00:00,0.054999999701976776
2009-11-16 00:00:00+00:00,0.054999999701976776
2009-11-17 00:00:00+00:00,0.054999999701976776
2009-11-18 00:00:00+00:00,0.029999999329447746
2009-11-19 00:00:00+00:00,0.004999999888241291
2009-11-20 00:00:00+00:00,0.009999999776482582
2009-11-23 00:00:00+00:00,0.019999999552965164
2009-11-24 00:00:00+00:00,0.03999999910593033
2009-11-25 00:00:00+00:00,0.03999999910593033
2009-11-27 00:00:00+00:00,0.02500000037252903
2009-11-30 00:00:00+00:00,0.05000000074505806
2009-12-01 00:00:00+00:00,0.05000000074505806
2009-12-02 00:00:00+00:00,0.03999999910593033
2009-12-03 00:00:00+00:00,0.03999999910593033
2009-12-04 00:00:00+00:00,0.03999999910593033
2009-12-07 00:00:00+00:00,0.014999999664723873
2009-12-08 00:00:00+00:00,0.02500000037252903
2009-12-09 00:00:00+00:00,0.02500000037252903
2009-12-10 00:00:00+00:00,0.02500000037252903
2009-12-11 00:00:00+00:00,0.019999999552965164
2009-12-14 00:00:00+00:00,0.019999999552965164
2009-12-15 00:00:00+00:00,0.03999999910593033
2009-12-16 00:00:00+00:00,0.03500000014901161
2009-12-17 00:00:00+00:00,0.03999999910593033
2009-12-18 00:00:00+00:00,0.03999999910593033
2009-12-21 00:00:00+00:00,0.04500000178813934
2009-12-22 00:00:00+00:00,0.07000000029802322
2009-12-23 00:00:00+00:00,0.054999999701976776
2009-12-24 00:00:00+00:00,0.03999999910593033
2009-12-28 00:00:00+00:00,0.054999999701976776
2009-12-29 00:00:00+00:00,0.0949999988079071
2009-12-30 00:00:00+00:00,0.03999999910593033
2009-12-31 00:00:00+00:00,0.05000000074505806
2010-01-04 00:00:00+00:00,0.054999999701976776
2010-01-05 00:00:00+00:00,0.05999999865889549
2010-01-06 00:00:00+00:00,0.04500000178813934
2010-01-07 00:00:00+00:00,0.04500000178813934
2010-01-08 00:00:00+00:00,0.03999999910593033
2010-01-11 00:00:00+00:00,0.02500000037252903
2010-01-12 00:00:00+00:00,0.03999999910593033
2010-01-13 00:00:00+00:00,0.05000000074505806
2010-01-14 00:00:00+00:00,0.04500000178813934
2010-01-15 00:00:00+00:00,0.054999999701976776
2010-01-19 00:00:00+00:00,0.05000000074505806
2010-01-20 00:00:00+00:00,0.05000000074505806
2010-01-21 00:00:00+00:00,0.03999999910593033
2010-01-22 00:00:00+00:00,0.04500000178813934
2010-01-25 00:00:00+00:00,0.04500000178813934
2010-01-26 00:00:00+00:00,0.06499999761581421
2010-01-27 00:00:00+00:00,0.07000000029802322
2010-01-28 00:00:00+00:00,0.07000000029802322
2010-01-29 00:00:00+00:00,0.07000000029802322
2010-02-01 00:00:00+00:00,0.08500000089406967
2010-02-02 00:00:00+00:00,0.09000000357627869
2010-02-03 00:00:00+00:00,0.09000000357627869
2010-02-04 00:00:00+00:00,0.08500000089406967
2010-02-05 00:00:00+00:00,0.08500000089406967
2010-02-08 00:00:00+00:00,0.09000000357627869
2010-02-09 00:00:00+00:00,0.10000000149011612
2010-02-10 00:00:00+00:00,0.10000000149011612
2010-02-11 00:00:00+00:00,0.0949999988079071
2010-02-12 00:00:00+00:00,0.09000000357627869
2010-02-16 00:00:00+00:00,0.08500000089406967
2010-02-17 00:00:00+00:00,0.09000000357627869
2010-02-18 00:00:00+00:00,0.08500000089406967
2010-02-19 00:00:00+00:00,0.0949999988079071
2010-02-22 00:00:00+00:00,0.08500000089406967
2010-02-23 00:00:00+00:00,0.11500000208616257
2010-02-24 00:00:00+00:00,0.10999999940395355
2010-02-25 00:00:00+00:00,0.11500000208616257
2010-02-26 00:00:00+00:00,0.11500000208616257
2010-03-01 00:00:00+00:00,0.11999999731779099
2010-03-02 00:00:00+00:00,0.125
2010-03-03 00:00:00+00:00,0.13500000536441803
2010-03-04 00:00:00+00:00,0.13500000536441803
2010-03-05 00:00:00+00:00,0.14499999582767487
2010-03-08 00:00:00+00:00,0.14499999582767487
2010-03-09 00:00:00+00:00,0.15000000596046448
2010-03-10 00:00:00+00:00,0.14499999582767487
2010-03-11 00:00:00+00:00,0.14499999582767487
2010-03-12 00:00:00+00:00,0.14000000059604645
2010-03-15 00:00:00+00:00,0.14499999582767487
2010-03-16 00:00:00+00:00,0.1550000011920929
2010-03-17 00:00:00+00:00,0.15000000596046448
2010-03-18 00:00:00+00:00,0.14499999582767487
2010-03-19 00:00:00+00:00,0.14499999582767487
2010-03-22 00:00:00+00:00,0.14000000059604645
2010-03-23 00:00:00+00:00,0.12999999523162842
2010-03-24 00:00:00+00:00,0.13500000536441803
2010-03-25 00:00:00+00:00,0.12999999523162842
2010-03-26 00:00:00+00:00,0.12999999523162842
2010-03-29 00:00:00+00:00,0.125
2010-03-30 00:00:00+00:00,0.15000000596046448
2010-03-31 00:00:00+00:00,0.15000000596046448
2010-04-01 00:00:00+00:00,0.15000000596046448
2010-04-05 00:00:00+00:00,0.1599999964237213
2010-04-06 00:00:00+00:00,0.16500000655651093
2010-04-07 00:00:00+00:00,0.1599999964237213
2010-04-08 00:00:00+00:00,0.1550000011920929
2010-04-09 00:00:00+00:00,0.15000000596046448
2010-04-12 00:00:00+00:00,0.13500000536441803
2010-04-13 00:00:00+00:00,0.15000000596046448
2010-04-14 00:00:00+00:00,0.1550000011920929
2010-04-15 00:00:00+00:00,0.15000000596046448
2010-04-16 00:00:00+00:00,0.15000000596046448
2010-04-19 00:00:00+00:00,0.15000000596046448
2010-04-20 00:00:00+00:00,0.14499999582767487
2010-04-21 00:00:00+00:00,0.14499999582767487
2010-04-22 00:00:00+00:00,0.15000000596046448
2010-04-23 00:00:00+00:00,0.1550000011920929
2010-04-26 00:00:00+00:00,0.15000000596046448
2010-04-27 00:00:00+00:00,0.14499999582767487
2010-04-28 00:00:00+00:00,0.1550000011920929
2010-04-29 00:00:00+00:00,0.1599999964237213
2010-04-30 00:00:00+00:00,0.1550000011920929
2010-05-03 00:00:00+00:00,0.1599999964237213
2010-05-04 00:00:00+00:00,0.1550000011920929
2010-05-05 00:00:00+00:00,0.14499999582767487
2010-05-06 00:00:00+00:00,0.10000000149011612
2010-05-07 00:00:00+00:00,0.11999999731779099
2010-05-10 00:00:00+00:00,0.14499999582767487
2010-05-11 00:00:00+00:00,0.15000000596046448
2010-05-12 00:00:00+00:00,0.15000000596046448
2010-05-13 00:00:00+00:00,0.1550000011920929
2010-05-14 00:00:00+00:00,0.14499999582767487
2010-05-17 00:00:00+00:00,0.15000000596046448
2010-05-18 00:00:00+00:00,0.16500000655651093
2010-05-19 00:00:00+00:00,0.16500000655651093
2010-05-20 00:00:00+00:00,0.1550000011920929
2010-05-21 00:00:00+00:00,0.15000000596046448
2010-05-24 00:00:00+00:00,0.15000000596046448
2010-05-25 00:00:00+00:00,0.1599999964237213
2010-05-26 00:00:00+00:00,0.1599999964237213
2010-05-27 00:00:00+00:00,0.1599999964237213
2010-05-28 00:00:00+00:00,0.15000000596046448
2010-06-01 00:00:00+00:00,0.14499999582767487
2010-06-02 00:00:00+00:00,0.14499999582767487
2010-06-03 00:00:00+00:00,0.12999999523162842
2010-06-04 00:00:00+00:00,0.11999999731779099
2010-06-07 00:00:00+00:00,0.10499999672174454
2010-06-08 00:00:00+00:00,0.10999999940395355
2010-06-09 00:00:00+00:00,0.0949999988079071
2010-06-10 00:00:00+00:00,0.08500000089406967
2010-06-11 00:00:00+00:00,0.07000000029802322
2010-06-14 00:00:00+00:00,0.054999999701976776
2010-06-15 00:00:00+00:00,0.07999999821186066
2010-06-16 00:00:00+00:00,0.09000000357627869
2010-06-17 00:00:00+00:00,0.09000000357627869
2010-06-18 00:00:00+00:00,0.0949999988079071
2010-06-21 00:00:00+00:00,0.10499999672174454
2010-06-22 00:00:00+00:00,0.125
2010-06-23 00:00:00+00:00,0.11999999731779099
2010-06-24 00:00:00+00:00,0.125
2010-06-25 00:00:00+00:00,0.125
2010-06-28 00:00:00+00:00,0.13500000536441803
2010-06-29 00:00:00+00:00,0.1599999964237213
2010-06-30 00:00:00+00:00,0.17000000178813934
2010-07-01 00:00:00+00:00,0.16500000655651093
2010-07-02 00:00:00+00:00,0.1599999964237213
2010-07-06 00:00:00+00:00,0.1599999964237213
2010-07-07 00:00:00+00:00,0.1550000011920929
2010-07-08 00:00:00+00:00,0.14499999582767487
2010-07-09 00:00:00+00:00,0.14499999582767487
2010-07-12 00:00:00+00:00,0.14000000059604645
2010-07-13 00:00:00+00:00,0.14499999582767487
2010-07-14 00:00:00+00:00,0.14499999582767487
2010-07-15 00:00:00+00:00,0.14499999582767487
2010-07-16 00:00:00+00:00,0.14499999582767487
2010-07-19 00:00:00+00:00,0.14499999582767487
2010-07-20 00:00:00+00:00,0.15000000596046448
2010-07-21 00:00:00+00:00,0.15000000596046448
2010-07-22 00:00:00+00:00,0.14499999582767487
2010-07-23 00:00:00+00:00,0.14499999582767487
2010-07-26 00:00:00+00:00,0.14499999582767487
2010-07-27 00:00:00+00:00,0.15000000596046448
2010-07-28 00:00:00+00:00,0.14499999582767487
2010-07-29 00:00:00+00:00,0.14499999582767487
2010-07-30 00:00:00+00:00,0.14000000059604645
2010-08-02 00:00:00+00:00,0.14000000059604645
2010-08-03 00:00:00+00:00,0.15000000596046448
2010-08-04 00:00:00+00:00,0.14499999582767487
2010-08-05 00:00:00+00:00,0.14000000059604645
2010-08-06 00:00:00+00:00,0.14000000059604645
2010-08-09 00:00:00+00:00,0.14000000059604645
2010-08-10 00:00:00+00:00,0.14499999582767487
2010-08-11 00:00:00+00:00,0.14499999582767487
2010-08-12 00:00:00+00:00,0.15000000596046448
2010-08-13 00:00:00+00:00,0.14499999582767487
2010-08-16 00:00:00+00:00,0.15000000596046448
2010-08-17 00:00:00+00:00,0.1550000011920929
2010-08-18 00:00:00+00:00,0.15000000596046448
2010-08-19 00:00:00+00:00,0.14499999582767487
2010-08-20 00:00:00+00:00,0.14499999582767487
2010-08-23 00:00:00+00:00,0.15000000596046448
2010-08-24 00:00:00+00:00,0.1550000011920929
2010-08-25 00:00:00+00:00,0.15000000596046448
2010-08-26 00:00:00+00:00,0.14499999582767487
2010-08-27 00:00:00+00:00,0.14000000059604645
2010-08-30 00:00:00+00:00,0.12999999523162842
2010-08-31 00:00:00+00:00,0.13500000536441803
2010-09-01 00:00:00+00:00,0.12999999523162842
2010-09-02 00:00:00+00:00,0.125
2010-09-03 00:00:00+00:00,0.125
2010-09-07 00:00:00+00:00,0.11999999731779099
2010-09-08 00:00:00+00:00,0.12999999523162842
2010-09-09 00:00:00+00:00,0.13500000536441803
2010-09-10 00:00:00+00:00,0.13500000536441803
2010-09-13 00:00:00+00:00,0.13500000536441803
2010-09-14 00:00:00+00:00,0.14499999582767487
2010-09-15 00:00:00+00:00,0.15000000596046448
2010-09-16 00:00:00+00:00,0.15000000596046448
2010-09-17 00:00:00+00:00,0.14499999582767487
2010-09-20 00:00:00+00:00,0.15000000596046448
2010-09-21 00:00:00+00:00,0.1550000011920929
2010-09-22 00:00:00+00:00,0.1550000011920929
2010-09-23 00:00:00+00:00,0.15000000596046448
2010-09-24 00:00:00+00:00,0.14000000059604645
2010-09-27 00:00:00+00:00,0.12999999523162842
2010-09-28 00:00:00+00:00,0.15000000596046448
2010-09-29 00:00:00+00:00,0.1550000011920929
2010-09-30 00:00:00+00:00,0.1550000011920929
2010-10-01 00:00:00+00:00,0.15000000596046448
2010-10-04 00:00:00+00:00,0.14499999582767487
2010-10-05 00:00:00+00:00,0.11500000208616257
2010-10-06 00:00:00+00:00,0.11500000208616257
2010-10-07 00:00:00+00:00,0.11500000208616257
2010-10-08 00:00:00+00:00,0.11500000208616257
2010-10-12 00:00:00+00:00,0.11500000208616257
2010-10-13 00:00:00+00:00,0.12999999523162842
2010-10-14 00:00:00+00:00,0.13500000536441803
2010-10-15 00:00:00+00:00,0.13500000536441803
2010-10-18 00:00:00+00:00,0.13500000536441803
2010-10-19 00:00:00+00:00,0.13500000536441803
2010-10-20 00:00:00+00:00,0.13500000536441803
2010-10-21 00:00:00+00:00,0.11999999731779099
2010-10-22 00:00:00+00:00,0.11999999731779099
2010-10-25 00:00:00+00:00,0.11500000208616257
2010-10-26 00:00:00+00:00,0.12999999523162842
2010-10-27 00:00:00+00:00,0.12999999523162842
2010-10-28 00:00:00+00:00,0.125
2010-10-29 00:00:00+00:00,0.10999999940395355
2010-11-01 00:00:00+00:00,0.10499999672174454
2010-11-02 00:00:00+00:00,0.125
2010-11-03 00:00:00+00:00,0.11999999731779099
2010-11-04 00:00:00+00:00,0.11500000208616257
2010-11-05 00:00:00+00:00,0.11999999731779099
2010-11-08 00:00:00+00:00,0.10999999940395355
2010-11-09 00:00:00+00:00,0.125
2010-11-10 00:00:00+00:00,0.125
2010-11-11 00:00:00+00:00,0.125
2010-11-12 00:00:00+00:00,0.125
2010-11-15 00:00:00+00:00,0.12999999523162842
2010-11-16 00:00:00+00:00,0.13500000536441803
2010-11-17 00:00:00+00:00,0.13500000536441803
2010-11-18 00:00:00+00:00,0.13500000536441803
2010-11-19 00:00:00+00:00,0.12999999523162842
2010-11-22 00:00:00+00:00,0.125
2010-11-23 00:00:00+00:00,0.14000000059604645
2010-11-24 00:00:00+00:00,0.15000000596046448
2010-11-26 00:00:00+00:00,0.1550000011920929
2010-11-29 00:00:00+00:00,0.1550000011920929
2010-11-30 00:00:00+00:00,0.1599999964237213
2010-12-01 00:00:00+00:00,0.1550000011920929
2010-12-02 00:00:00+00:00,0.14499999582767487
2010-12-03 00:00:00+00:00,0.12999999523162842
2010-12-06 00:00:00+00:00,0.125
2010-12-07 00:00:00+00:00,0.14000000059604645
2010-12-08 00:00:00+00:00,0.13500000536441803
2010-12-09 00:00:00+00:00,0.13500000536441803
2010-12-10 00:00:00+00:00,0.11500000208616257
2010-12-13 00:00:00+00:00,0.11999999731779099
2010-12-14 00:00:00+00:00,0.13500000536441803
2010-12-15 00:00:00+00:00,0.13500000536441803
2010-12-16 00:00:00+00:00,0.125
2010-12-17 00:00:00+00:00,0.10499999672174454
2010-12-20 00:00:00+00:00,0.10000000149011612
2010-12-21 00:00:00+00:00,0.12999999523162842
2010-12-22 00:00:00+00:00,0.12999999523162842
2010-12-23 00:00:00+00:00,0.12999999523162842
2010-12-27 00:00:00+00:00,0.11999999731779099
2010-12-28 00:00:00+00:00,0.14000000059604645
2010-12-29 00:00:00+00:00,0.125
2010-12-30 00:00:00+00:00,0.10999999940395355
2010-12-31 00:00:00+00:00,0.11500000208616257
2011-01-03 00:00:00+00:00,0.11999999731779099
2011-01-04 00:00:00+00:00,0.13500000536441803
2011-01-05 00:00:00+00:00,0.13500000536441803
2011-01-06 00:00:00+00:00,0.14000000059604645
2011-01-07 00:00:00+00:00,0.13500000536441803
2011-01-10 00:00:00+00:00,0.13500000536441803
2011-01-11 00:00:00+00:00,0.14499999582767487
2011-01-12 00:00:00+00:00,0.14499999582767487
2011-01-13 00:00:00+00:00,0.14000000059604645
2011-01-14 00:00:00+00:00,0.14499999582767487
2011-01-18 00:00:00+00:00,0.14499999582767487
2011-01-19 00:00:00+00:00,0.1550000011920929
2011-01-20 00:00:00+00:00,0.1550000011920929
2011-01-21 00:00:00+00:00,0.15000000596046448
2011-01-24 00:00:00+00:00,0.15000000596046448
2011-01-25 00:00:00+00:00,0.15000000596046448
2011-01-26 00:00:00+00:00,0.1550000011920929
2011-01-27 00:00:00+00:00,0.14000000059604645
2011-01-28 00:00:00+00:00,0.13500000536441803
2011-01-31 00:00:00+00:00,0.14499999582767487
2011-02-01 00:00:00+00:00,0.15000000596046448
2011-02-02 00:00:00+00:00,0.15000000596046448
2011-02-03 00:00:00+00:00,0.14499999582767487
2011-02-04 00:00:00+00:00,0.14499999582767487
2011-02-07 00:00:00+00:00,0.14000000059604645
2011-02-08 00:00:00+00:00,0.14499999582767487
2011-02-09 00:00:00+00:00,0.12999999523162842
2011-02-10 00:00:00+00:00,0.10999999940395355
2011-02-11 00:00:00+00:00,0.10999999940395355
2011-02-14 00:00:00+00:00,0.10999999940395355
2011-02-15 00:00:00+00:00,0.125
2011-02-16 00:00:00+00:00,0.10999999940395355
2011-02-17 00:00:00+00:00,0.09000000357627869
2011-02-18 00:00:00+00:00,0.09000000357627869
2011-02-22 00:00:00+00:00,0.10000000149011612
2011-02-23 00:00:00+00:00,0.11500000208616257
2011-02-24 00:00:00+00:00,0.11999999731779099
2011-02-25 00:00:00+00:00,0.125
2011-02-28 00:00:00+00:00,0.13500000536441803
2011-03-01 00:00:00+00:00,0.12999999523162842
2011-03-02 00:00:00+00:00,0.11999999731779099
2011-03-03 00:00:00+00:00,0.125
2011-03-04 00:00:00+00:00,0.10999999940395355
2011-03-07 00:00:00+00:00,0.10000000149011612
2011-03-08 00:00:00+00:00,0.10499999672174454
2011-03-09 00:00:00+00:00,0.0949999988079071
2011-03-10 00:00:00+00:00,0.06499999761581421
2011-03-11 00:00:00+00:00,0.07000000029802322
2011-03-14 00:00:00+00:00,0.07500000298023224
2011-03-15 00:00:00+00:00,0.0949999988079071
2011-03-16 00:00:00+00:00,0.08500000089406967
2011-03-17 00:00:00+00:00,0.07000000029802322
2011-03-18 00:00:00+00:00,0.06499999761581421
2011-03-21 00:00:00+00:00,0.07000000029802322
2011-03-22 00:00:00+00:00,0.09000000357627869
2011-03-23 00:00:00+00:00,0.08500000089406967
2011-03-24 00:00:00+00:00,0.07999999821186066
2011-03-25 00:00:00+00:00,0.07999999821186066
2011-03-28 00:00:00+00:00,0.07999999821186066
2011-03-29 00:00:00+00:00,0.0949999988079071
2011-03-30 00:00:00+00:00,0.0949999988079071
2011-03-31 00:00:00+00:00,0.09000000357627869
2011-04-01 00:00:00+00:00,0.054999999701976776
2011-04-04 00:00:00+00:00,0.03500000014901161
2011-04-05 00:00:00+00:00,0.06499999761581421
2011-04-06 00:00:00+00:00,0.05000000074505806
2011-04-07 00:00:00+00:00,0.03500000014901161
2011-04-08 00:00:00+00:00,0.03500000014901161
2011-04-11 00:00:00+00:00,0.03500000014901161
2011-04-12 00:00:00+00:00,0.04500000178813934
2011-04-13 00:00:00+00:00,0.05000000074505806
2011-04-14 00:00:00+00:00,0.06499999761581421
2011-04-15 00:00:00+00:00,0.05999999865889549
2011-04-18 00:00:00+00:00,0.054999999701976776
2011-04-19 00:00:00+00:00,0.054999999701976776
2011-04-20 00:00:00+00:00,0.054999999701976776
2011-04-21 00:00:00+00:00,0.04500000178813934
2011-04-25 00:00:00+00:00,0.04500000178813934
2011-04-26 00:00:00+00:00,0.054999999701976776
2011-04-27 00:00:00+00:00,0.05000000074505806
2011-04-28 00:00:00+00:00,0.03500000014901161
2011-04-29 00:00:00+00:00,0.03999999910593033
2011-05-02 00:00:00+00:00,0.029999999329447746
2011-05-03 00:00:00+00:00,0.02500000037252903
2011-05-04 00:00:00+00:00,0.019999999552965164
2011-05-05 00:00:00+00:00,0.009999999776482582
2011-05-06 00:00:00+00:00,0.004999999888241291
2011-05-09 00:00:00+00:00,0.004999999888241291
2011-05-10 00:00:00+00:00,0.02500000037252903
2011-05-11 00:00:00+00:00,0.019999999552965164
2011-05-12 00:00:00+00:00,0.019999999552965164
2011-05-13 00:00:00+00:00,0.019999999552965164
2011-05-16 00:00:00+00:00,0.019999999552965164
2011-05-17 00:00:00+00:00,0.03500000014901161
2011-05-18 00:00:00+00:00,0.03999999910593033
2011-05-19 00:00:00+00:00,0.03999999910593033
2011-05-20 00:00:00+00:00,0.03999999910593033
2011-05-23 00:00:00+00:00,0.04500000178813934
2011-05-24 00:00:00+00:00,0.05000000074505806
2011-05-25 00:00:00+00:00,0.04500000178813934
2011-05-26 00:00:00+00:00,0.04500000178813934
2011-05-27 00:00:00+00:00,0.03500000014901161
2011-05-31 00:00:00+00:00,0.03999999910593033
2011-06-01 00:00:00+00:00,0.03999999910593033
2011-06-02 00:00:00+00:00,0.03500000014901161
2011-06-03 00:00:00+00:00,0.029999999329447746
2011-06-06 00:00:00+00:00,0.029999999329447746
2011-06-07 00:00:00+00:00,0.03999999910593033
2011-06-08 00:00:00+00:00,0.03500000014901161
2011-06-09 00:00:00+00:00,0.03999999910593033
2011-06-10 00:00:00+00:00,0.03500000014901161
2011-06-13 00:00:00+00:00,0.03999999910593033
2011-06-14 00:00:00+00:00,0.05000000074505806
2011-06-15 00:00:00+00:00,0.04500000178813934
2011-06-16 00:00:00+00:00,0.03500000014901161
2011-06-17 00:00:00+00:00,0.02500000037252903
2011-06-20 00:00:00+00:00,0.014999999664723873
2011-06-21 00:00:00+00:00,0.019999999552965164
2011-06-22 00:00:00+00:00,0.009999999776482582
2011-06-23 00:00:00+00:00,0.004999999888241291
2011-06-24 00:00:00+00:00,0.009999999776482582
2011-06-27 00:00:00+00:00,0.014999999664723873
2011-06-28 00:00:00+00:00,0.02500000037252903
2011-06-29 00:00:00+00:00,0.019999999552965164
2011-06-30 00:00:00+00:00,0.014999999664723873
2011-07-01 00:00:00+00:00,0.009999999776482582
2011-07-05 00:00:00+00:00,0.009999999776482582
2011-07-06 00:00:00+00:00,0.004999999888241291
2011-07-07 00:00:00+00:00,0.019999999552965164
2011-07-08 00:00:00+00:00,0.019999999552965164
2011-07-11 00:00:00+00:00,0.014999999664723873
2011-07-12 00:00:00+00:00,0.029999999329447746
2011-07-13 00:00:00+00:00,0.004999999888241291
2011-07-14 00:00:00+00:00,0.004999999888241291
2011-07-15 00:00:00+00:00,0.004999999888241291
2011-07-18 00:00:00+00:00,0.004999999888241291
2011-07-19 00:00:00+00:00,0.02500000037252903
2011-07-20 00:00:00+00:00,0.019999999552965164
2011-07-21 00:00:00+00:00,0.03500000014901161
2011-07-22 00:00:00+00:00,0.029999999329447746
2011-07-25 00:00:00+00:00,0.03500000014901161
2011-07-26 00:00:00+00:00,0.06499999761581421
2011-07-27 00:00:00+00:00,0.07000000029802322
2011-07-28 00:00:00+00:00,0.06499999761581421
2011-07-29 00:00:00+00:00,0.09000000357627869
2011-08-01 00:00:00+00:00,0.07500000298023224
2011-08-02 00:00:00+00:00,0.05000000074505806
2011-08-03 00:00:00+00:00,0.009999999776482582
2011-08-04 00:00:00+00:00,0.009999999776482582
2011-08-05 00:00:00+00:00,0.009999999776482582
2011-08-08 00:00:00+00:00,0.014999999664723873
2011-08-09 00:00:00+00:00,0.029999999329447746
2011-08-10 00:00:00+00:00,0.014999999664723873
2011-08-11 00:00:00+00:00,0.009999999776482582
2011-08-12 00:00:00+00:00,0.004999999888241291
2011-08-15 00:00:00+00:00,0.004999999888241291
2011-08-16 00:00:00+00:00,0.019999999552965164
2011-08-17 00:00:00+00:00,0.004999999888241291
2011-08-18 00:00:00+00:00,0.009999999776482582
2011-08-19 00:00:00+00:00,0.009999999776482582
2011-08-22 00:00:00+00:00,0.004999999888241291
2011-08-23 00:00:00+00:00,0.004999999888241291
2011-08-24 00:00:00+00:00,0.009999999776482582
2011-08-25 00:00:00+00:00,0.009999999776482582
2011-08-26 00:00:00+00:00,0.009999999776482582
2011-08-29 00:00:00+00:00,0.004999999888241291
2011-08-30 00:00:00+00:00,0.014999999664723873
2011-08-31 00:00:00+00:00,0.014999999664723873
2011-09-01 00:00:00+00:00,0.009999999776482582
2011-09-02 00:00:00+00:00,0.014999999664723873
2011-09-06 00:00:00+00:00,0.014999999664723873
2011-09-07 00:00:00+00:00,0.014999999664723873
2011-09-08 00:00:00+00:00,0.009999999776482582
2011-09-09 00:00:00+00:00,0.004999999888241291
2011-09-12 00:00:00+00:00,0.004999999888241291
2011-09-13 00:00:00+00:00,0.004999999888241291
2011-09-14 00:00:00+00:00,0.004999999888241291
2011-09-15 00:00:00+00:00,0.004999999888241291
2011-09-16 00:00:00+00:00,0.004999999888241291
2011-09-19 00:00:00+00:00,0.004999999888241291
2011-09-20 00:00:00+00:00,0.004999999888241291
2011-09-21 00:00:00+00:00,0.004999999888241291
2011-09-22 00:00:00+00:00,0.004999999888241291
2011-09-23 00:00:00+00:00,0.004999999888241291
2011-09-26 00:00:00+00:00,0.004999999888241291
2011-09-27 00:00:00+00:00,0.009999999776482582
2011-09-28 00:00:00+00:00,0.009999999776482582
2011-09-29 00:00:00+00:00,0.009999999776482582
2011-09-30 00:00:00+00:00,0.009999999776482582
2011-10-03 00:00:00+00:00,0.019999999552965164
2011-10-04 00:00:00+00:00,0.004999999888241291
2011-10-05 00:00:00+00:00,0.004999999888241291
2011-10-06 00:00:00+00:00,0.004999999888241291
2011-10-07 00:00:00+00:00,0.004999999888241291
2011-10-10 00:00:00+00:00,0.004999999888241291
2011-10-11 00:00:00+00:00,0.004999999888241291
2011-10-12 00:00:00+00:00,0.014999999664723873
2011-10-13 00:00:00+00:00,0.014999999664723873
2011-10-14 00:00:00+00:00,0.014999999664723873
2011-10-17 00:00:00+00:00,0.019999999552965164
2011-10-18 00:00:00+00:00,0.02500000037252903
2011-10-19 00:00:00+00:00,0.019999999552965164
2011-10-20 00:00:00+00:00,0.014999999664723873
2011-10-21 00:00:00+00:00,0.014999999664723873
2011-10-24 00:00:00+00:00,0.004999999888241291
2011-10-25 00:00:00+00:00,0.014999999664723873
2011-10-26 00:00:00+00:00,0.014999999664723873
2011-10-27 00:00:00+00:00,0.009999999776482582
2011-10-28 00:00:00+00:00,0.009999999776482582
2011-10-31 00:00:00+00:00,0.004999999888241291
2011-11-01 00:00:00+00:00,0.004999999888241291
2011-11-02 00:00:00+00:00,0.004999999888241291
2011-11-03 00:00:00+00:00,0.004999999888241291
2011-11-04 00:00:00+00:00,0.004999999888241291
2011-11-07 00:00:00+00:00,0.004999999888241291
2011-11-08 00:00:00+00:00,0.004999999888241291
2011-11-09 00:00:00+00:00,0.004999999888241291
2011-11-10 00:00:00+00:00,0.004999999888241291
2011-11-11 00:00:00+00:00,0.004999999888241291
2011-11-14 00:00:00+00:00,0.004999999888241291
2011-11-15 00:00:00+00:00,0.009999999776482582
2011-11-16 00:00:00+00:00,0.004999999888241291
2011-11-17 00:00:00+00:00,0.004999999888241291
2011-11-18 00:00:00+00:00,0.004999999888241291
2011-11-21 00:00:00+00:00,0.004999999888241291
2011-11-22 00:00:00+00:00,0.014999999664723873
2011-11-23 00:00:00+00:00,0.014999999664723873
2011-11-25 00:00:00+00:00,0.004999999888241291
2011-11-28 00:00:00+00:00,0.009999999776482582
2011-11-29 00:00:00+00:00,0.014999999664723873
2011-11-30 00:00:00+00:00,0.014999999664723873
2011-12-01 00:00:00+00:00,0.014999999664723873
2011-12-02 00:00:00+00:00,0.014999999664723873
2011-12-05 00:00:00+00:00,0.014999999664723873
2011-12-06 00:00:00+00:00,0.004999999888241291
2011-12-07 00:00:00+00:00,0.004999999888241291
2011-12-08 00:00:00+00:00,0.004999999888241291
2011-12-09 00:00:00+00:00,0.004999999888241291
2011-12-12 00:00:00+00:00,0.004999999888241291
2011-12-13 00:00:00+00:00,0.004999999888241291
2011-12-14 00:00:00+00:00,0.004999999888241291
2011-12-15 00:00:00+00:00,0.004999999888241291
2011-12-16 00:00:00+00:00,0.004999999888241291
2011-12-19 00:00:00+00:00,0.004999999888241291
2011-12-20 00:00:00+00:00,0.004999999888241291
2011-12-21 00:00:00+00:00,0.004999999888241291
2011-12-22 00:00:00+00:00,0.004999999888241291
2011-12-23 00:00:00+00:00,0.004999999888241291
2011-12-27 00:00:00+00:00,0.004999999888241291
2011-12-28 00:00:00+00:00,0.004999999888241291
2011-12-29 00:00:00+00:00,0.004999999888241291
2011-12-30 00:00:00+00:00,0.004999999888241291
2012-01-03 00:00:00+00:00,0.004999999888241291
2012-01-04 00:00:00+00:00,0.009999999776482582
2012-01-05 00:00:00+00:00,0.009999999776482582
2012-01-06 00:00:00+00:00,0.014999999664723873
2012-01-09 00:00:00+00:00,0.004999999888241291
2012-01-10 00:00:00+00:00,0.009999999776482582
2012-01-11 00:00:00+00:00,0.014999999664723873
2012-01-12 00:00:00+00:00,0.019999999552965164
2012-01-13 00:00:00+00:00,0.019999999552965164
2012-01-17 00:00:00+00:00,0.019999999552965164
2012-01-18 00:00:00+00:00,0.02500000037252903
2012-01-19 00:00:00+00:00,0.03999999910593033
2012-01-20 00:00:00+00:00,0.03999999910593033
2012-01-23 00:00:00+00:00,0.03500000014901161
2012-01-24 00:00:00+00:00,0.03500000014901161
2012-01-25 00:00:00+00:00,0.03500000014901161
2012-01-26 00:00:00+00:00,0.04500000178813934
2012-01-27 00:00:00+00:00,0.05000000074505806
2012-01-30 00:00:00+00:00,0.04500000178813934
2012-01-31 00:00:00+00:00,0.054999999701976776
2012-02-01 00:00:00+00:00,0.054999999701976776
2012-02-02 00:00:00+00:00,0.07500000298023224
2012-02-03 00:00:00+00:00,0.07000000029802322
2012-02-06 00:00:00+00:00,0.06499999761581421
2012-02-07 00:00:00+00:00,0.07999999821186066
2012-02-08 00:00:00+00:00,0.07500000298023224
2012-02-09 00:00:00+00:00,0.08500000089406967
2012-02-10 00:00:00+00:00,0.07999999821186066
2012-02-13 00:00:00+00:00,0.0949999988079071
2012-02-14 00:00:00+00:00,0.10999999940395355
2012-02-15 00:00:00+00:00,0.10499999672174454
2012-02-16 00:00:00+00:00,0.0949999988079071
2012-02-17 00:00:00+00:00,0.07500000298023224
2012-02-21 00:00:00+00:00,0.07000000029802322
2012-02-22 00:00:00+00:00,0.07999999821186066
2012-02-23 00:00:00+00:00,0.08500000089406967
2012-02-24 00:00:00+00:00,0.09000000357627869
2012-02-27 00:00:00+00:00,0.10000000149011612
2012-02-28 00:00:00+00:00,0.0949999988079071
2012-02-29 00:00:00+00:00,0.07500000298023224
2012-03-01 00:00:00+00:00,0.07000000029802322
2012-03-02 00:00:00+00:00,0.05999999865889549
2012-03-05 00:00:00+00:00,0.05999999865889549
2012-03-06 00:00:00+00:00,0.07000000029802322
2012-03-07 00:00:00+00:00,0.07500000298023224
2012-03-08 00:00:00+00:00,0.07500000298023224
2012-03-09 00:00:00+00:00,0.07999999821186066
2012-03-12 00:00:00+00:00,0.07500000298023224
2012-03-13 00:00:00+00:00,0.07999999821186066
2012-03-14 00:00:00+00:00,0.07999999821186066
2012-03-15 00:00:00+00:00,0.07500000298023224
2012-03-16 00:00:00+00:00,0.07999999821186066
2012-03-19 00:00:00+00:00,0.07500000298023224
2012-03-20 00:00:00+00:00,0.0949999988079071
2012-03-21 00:00:00+00:00,0.08500000089406967
2012-03-22 00:00:00+00:00,0.07000000029802322
2012-03-23 00:00:00+00:00,0.07000000029802322
2012-03-26 00:00:00+00:00,0.07000000029802322
2012-03-27 00:00:00+00:00,0.07999999821186066
2012-03-28 00:00:00+00:00,0.07500000298023224
2012-03-29 00:00:00+00:00,0.054999999701976776
2012-03-30 00:00:00+00:00,0.06499999761581421
2012-04-02 00:00:00+00:00,0.05999999865889549
2012-04-03 00:00:00+00:00,0.07500000298023224
2012-04-04 00:00:00+00:00,0.07000000029802322
2012-04-05 00:00:00+00:00,0.07000000029802322
2012-04-09 00:00:00+00:00,0.07500000298023224
2012-04-10 00:00:00+00:00,0.08500000089406967
2012-04-11 00:00:00+00:00,0.08500000089406967
2012-04-12 00:00:00+00:00,0.08500000089406967
2012-04-13 00:00:00+00:00,0.07999999821186066
2012-04-16 00:00:00+00:00,0.07500000298023224
2012-04-17 00:00:00+00:00,0.07500000298023224
2012-04-18 00:00:00+00:00,0.06499999761581421
2012-04-19 00:00:00+00:00,0.06499999761581421
2012-04-20 00:00:00+00:00,0.06499999761581421
2012-04-23 00:00:00+00:00,0.07000000029802322
2012-04-24 00:00:00+00:00,0.07999999821186066
2012-04-25 00:00:00+00:00,0.08500000089406967
2012-04-26 00:00:00+00:00,0.08500000089406967
2012-04-27 00:00:00+00:00,0.08500000089406967
2012-04-30 00:00:00+00:00,0.09000000357627869
2012-05-01 00:00:00+00:00,0.08500000089406967
2012-05-02 00:00:00+00:00,0.07999999821186066
2012-05-03 00:00:00+00:00,0.07500000298023224
2012-05-04 00:00:00+00:00,0.07000000029802322
2012-05-07 00:00:00+00:00,0.07500000298023224
2012-05-08 00:00:00+00:00,0.09000000357627869
2012-05-09 00:00:00+00:00,0.09000000357627869
2012-05-10 00:00:00+00:00,0.09000000357627869
2012-05-11 00:00:00+00:00,0.09000000357627869
2012-05-14 00:00:00+00:00,0.08500000089406967
2012-05-15 00:00:00+00:00,0.09000000357627869
2012-05-16 00:00:00+00:00,0.0949999988079071
2012-05-17 00:00:00+00:00,0.09000000357627869
2012-05-18 00:00:00+00:00,0.07500000298023224
2012-05-21 00:00:00+00:00,0.05999999865889549
2012-05-22 00:00:00+00:00,0.08500000089406967
2012-05-23 00:00:00+00:00,0.07999999821186066
2012-05-24 00:00:00+00:00,0.09000000357627869
2012-05-25 00:00:00+00:00,0.07999999821186066
2012-05-29 00:00:00+00:00,0.07500000298023224
2012-05-30 00:00:00+00:00,0.06499999761581421
2012-05-31 00:00:00+00:00,0.05999999865889549
2012-06-01 00:00:00+00:00,0.06499999761581421
2012-06-04 00:00:00+00:00,0.06499999761581421
2012-06-05 00:00:00+00:00,0.07999999821186066
2012-06-06 00:00:00+00:00,0.07999999821186066
2012-06-07 00:00:00+00:00,0.07999999821186066
2012-06-08 00:00:00+00:00,0.07999999821186066
2012-06-11 00:00:00+00:00,0.07500000298023224
2012-06-12 00:00:00+00:00,0.09000000357627869
2012-06-13 00:00:00+00:00,0.09000000357627869
2012-06-14 00:00:00+00:00,0.0949999988079071
2012-06-15 00:00:00+00:00,0.08500000089406967
2012-06-18 00:00:00+00:00,0.07500000298023224
2012-06-19 00:00:00+00:00,0.09000000357627869
2012-06-20 00:00:00+00:00,0.07999999821186066
2012-06-21 00:00:00+00:00,0.07500000298023224
2012-06-22 00:00:00+00:00,0.07500000298023224
2012-06-25 00:00:00+00:00,0.07500000298023224
2012-06-26 00:00:00+00:00,0.0949999988079071
2012-06-27 00:00:00+00:00,0.07999999821186066
2012-06-28 00:00:00+00:00,0.07500000298023224
2012-06-29 00:00:00+00:00,0.07999999821186066
2012-07-02 00:00:00+00:00,0.07000000029802322
2012-07-03 00:00:00+00:00,0.07500000298023224
2012-07-05 00:00:00+00:00,0.07500000298023224
2012-07-06 00:00:00+00:00,0.07000000029802322
2012-07-09 00:00:00+00:00,0.07000000029802322
2012-07-10 00:00:00+00:00,0.09000000357627869
2012-07-11 00:00:00+00:00,0.09000000357627869
2012-07-12 00:00:00+00:00,0.0949999988079071
2012-07-13 00:00:00+00:00,0.09000000357627869
2012-07-16 00:00:00+00:00,0.08500000089406967
2012-07-17 00:00:00+00:00,0.0949999988079071
2012-07-18 00:00:00+00:00,0.08500000089406967
2012-07-19 00:00:00+00:00,0.07999999821186066
2012-07-20 00:00:00+00:00,0.08500000089406967
2012-07-23 00:00:00+00:00,0.09000000357627869
2012-07-24 00:00:00+00:00,0.0949999988079071
2012-07-25 00:00:00+00:00,0.0949999988079071
2012-07-26 00:00:00+00:00,0.10000000149011612
2012-07-27 00:00:00+00:00,0.10000000149011612
2012-07-30 00:00:00+00:00,0.09000000357627869
2012-07-31 00:00:00+00:00,0.10000000149011612
2012-08-01 00:00:00+00:00,0.09000000357627869
2012-08-02 00:00:00+00:00,0.08500000089406967
2012-08-03 00:00:00+00:00,0.07500000298023224
2012-08-06 00:00:00+00:00,0.07500000298023224
2012-08-07 00:00:00+00:00,0.10000000149011612
2012-08-08 00:00:00+00:00,0.10499999672174454
2012-08-09 00:00:00+00:00,0.10999999940395355
2012-08-10 00:00:00+00:00,0.0949999988079071
2012-08-13 00:00:00+00:00,0.0949999988079071
2012-08-14 00:00:00+00:00,0.10499999672174454
2012-08-15 00:00:00+00:00,0.07999999821186066
2012-08-16 00:00:00+00:00,0.07500000298023224
2012-08-17 00:00:00+00:00,0.07999999821186066
2012-08-20 00:00:00+00:00,0.08500000089406967
2012-08-21 00:00:00+00:00,0.10499999672174454
2012-08-22 00:00:00+00:00,0.10000000149011612
2012-08-23 00:00:00+00:00,0.0949999988079071
2012-08-24 00:00:00+00:00,0.09000000357627869
2012-08-27 00:00:00+00:00,0.0949999988079071
2012-08-28 00:00:00+00:00,0.10000000149011612
2012-08-29 00:00:00+00:00,0.0949999988079071
2012-08-30 00:00:00+00:00,0.09000000357627869
2012-08-31 00:00:00+00:00,0.08500000089406967
2012-09-04 00:00:00+00:00,0.09000000357627869
2012-09-05 00:00:00+00:00,0.10000000149011612
2012-09-06 00:00:00+00:00,0.10000000149011612
2012-09-07 00:00:00+00:00,0.10000000149011612
2012-09-10 00:00:00+00:00,0.0949999988079071
2012-09-11 00:00:00+00:00,0.10000000149011612
2012-09-12 00:00:00+00:00,0.0949999988079071
2012-09-13 00:00:00+00:00,0.0949999988079071
2012-09-14 00:00:00+00:00,0.0949999988079071
2012-09-17 00:00:00+00:00,0.09000000357627869
2012-09-18 00:00:00+00:00,0.10000000149011612
2012-09-19 00:00:00+00:00,0.10499999672174454
2012-09-20 00:00:00+00:00,0.10499999672174454
2012-09-21 00:00:00+00:00,0.10000000149011612
2012-09-24 00:00:00+00:00,0.0949999988079071
2012-09-25 00:00:00+00:00,0.10499999672174454
2012-09-26 00:00:00+00:00,0.10000000149011612
2012-09-27 00:00:00+00:00,0.08500000089406967
2012-09-28 00:00:00+00:00,0.09000000357627869
2012-10-01 00:00:00+00:00,0.07999999821186066
2012-10-02 00:00:00+00:00,0.09000000357627869
2012-10-03 00:00:00+00:00,0.08500000089406967
2012-10-04 00:00:00+00:00,0.0949999988079071
2012-10-05 00:00:00+00:00,0.10000000149011612
2012-10-08 00:00:00+00:00,0.0949999988079071
2012-10-09 00:00:00+00:00,0.0949999988079071
2012-10-10 00:00:00+00:00,0.0949999988079071
2012-10-11 00:00:00+00:00,0.0949999988079071
2012-10-12 00:00:00+00:00,0.10000000149011612
2012-10-15 00:00:00+00:00,0.0949999988079071
2012-10-16 00:00:00+00:00,0.10000000149011612
2012-10-17 00:00:00+00:00,0.10499999672174454
2012-10-18 00:00:00+00:00,0.0949999988079071
2012-10-19 00:00:00+00:00,0.09000000357627869
2012-10-22 00:00:00+00:00,0.09000000357627869
2012-10-23 00:00:00+00:00,0.10000000149011612
2012-10-24 00:00:00+00:00,0.10499999672174454
2012-10-25 00:00:00+00:00,0.10999999940395355
2012-10-26 00:00:00+00:00,0.10499999672174454
2012-10-31 00:00:00+00:00,0.10499999672174454
2012-11-01 00:00:00+00:00,0.09000000357627869
2012-11-02 00:00:00+00:00,0.09000000357627869
2012-11-05 00:00:00+00:00,0.09000000357627869
2012-11-06 00:00:00+00:00,0.10000000149011612
2012-11-07 00:00:00+00:00,0.09000000357627869
2012-11-08 00:00:00+00:00,0.08500000089406967
2012-11-09 00:00:00+00:00,0.09000000357627869
2012-11-12 00:00:00+00:00,0.08699999749660492
2012-11-13 00:00:00+00:00,0.08500000089406967
2012-11-14 00:00:00+00:00,0.0949999988079071
2012-11-15 00:00:00+00:00,0.07500000298023224
2012-11-16 00:00:00+00:00,0.07500000298023224
2012-11-19 00:00:00+00:00,0.07500000298023224
2012-11-20 00:00:00+00:00,0.08500000089406967
2012-11-21 00:00:00+00:00,0.09000000357627869
2012-11-23 00:00:00+00:00,0.09000000357627869
2012-11-26 00:00:00+00:00,0.09000000357627869
2012-11-27 00:00:00+00:00,0.0949999988079071
2012-11-28 00:00:00+00:00,0.09200000017881393
2012-11-29 00:00:00+00:00,0.07999999821186066
2012-11-30 00:00:00+00:00,0.07500000298023224
2012-12-03 00:00:00+00:00,0.07699999958276749
2012-12-04 00:00:00+00:00,0.09000000357627869
2012-12-05 00:00:00+00:00,0.09000000357627869
2012-12-06 00:00:00+00:00,0.09000000357627869
2012-12-07 00:00:00+00:00,0.07999999821186066
2012-12-10 00:00:00+00:00,0.07500000298023224
2012-12-11 00:00:00+00:00,0.07500000298023224
2012-12-12 00:00:00+00:00,0.05999999865889549
2012-12-13 00:00:00+00:00,0.052000001072883606
2012-12-14 00:00:00+00:00,0.02500000037252903
2012-12-17 00:00:00+00:00,0.02199999988079071
2012-12-18 00:00:00+00:00,0.054999999701976776
2012-12-19 00:00:00+00:00,0.04500000178813934
2012-12-20 00:00:00+00:00,0.05000000074505806
2012-12-21 00:00:00+00:00,0.05000000074505806
2012-12-24 00:00:00+00:00,0.05000000074505806
2012-12-26 00:00:00+00:00,0.054999999701976776
2012-12-27 00:00:00+00:00,0.07000000029802322
2012-12-28 00:00:00+00:00,0.009999999776482582
2012-12-31 00:00:00+00:00,0.03500000014901161
2013-01-02 00:00:00+00:00,0.054999999701976776
2013-01-03 00:00:00+00:00,0.06499999761581421
2013-01-04 00:00:00+00:00,0.06499999761581421
2013-01-07 00:00:00+00:00,0.057999998331069946
2013-01-08 00:00:00+00:00,0.05999999865889549
2013-01-09 00:00:00+00:00,0.054999999701976776
2013-01-10 00:00:00+00:00,0.054999999701976776
2013-01-11 00:00:00+00:00,0.06300000101327896
2013-01-14 00:00:00+00:00,0.05999999865889549
2013-01-15 00:00:00+00:00,0.07999999821186066
2013-01-16 00:00:00+00:00,0.07199999690055847
2013-01-17 00:00:00+00:00,0.07000000029802322
2013-01-18 00:00:00+00:00,0.07000000029802322
2013-01-22 00:00:00+00:00,0.05999999865889549
2013-01-23 00:00:00+00:00,0.07000000029802322
2013-01-24 00:00:00+00:00,0.07500000298023224
2013-01-25 00:00:00+00:00,0.07000000029802322
2013-01-28 00:00:00+00:00,0.05999999865889549
2013-01-29 00:00:00+00:00,0.06300000101327896
2013-01-30 00:00:00+00:00,0.05999999865889549
2013-01-31 00:00:00+00:00,0.06499999761581421
2013-02-01 00:00:00+00:00,0.05999999865889549
2013-02-04 00:00:00+00:00,0.054999999701976776
2013-02-05 00:00:00+00:00,0.07000000029802322
2013-02-06 00:00:00+00:00,0.06499999761581421
2013-02-07 00:00:00+00:00,0.06499999761581421
2013-02-08 00:00:00+00:00,0.06499999761581421
2013-02-11 00:00:00+00:00,0.06499999761581421
2013-02-12 00:00:00+00:00,0.08299999684095383
2013-02-13 00:00:00+00:00,0.08500000089406967
2013-02-14 00:00:00+00:00,0.0949999988079071
2013-02-15 00:00:00+00:00,0.0949999988079071
2013-02-19 00:00:00+00:00,0.10000000149011612
2013-02-20 00:00:00+00:00,0.11500000208616257
2013-02-21 00:00:00+00:00,0.11999999731779099
2013-02-22 00:00:00+00:00,0.11999999731779099
2013-02-25 00:00:00+00:00,0.11500000208616257
2013-02-26 00:00:00+00:00,0.10999999940395355
2013-02-27 00:00:00+00:00,0.10000000149011612
2013-02-28 00:00:00+00:00,0.10000000149011612
2013-03-01 00:00:00+00:00,0.10000000149011612
2013-03-04 00:00:00+00:00,0.08500000089406967
2013-03-05 00:00:00+00:00,0.08500000089406967
2013-03-06 00:00:00+00:00,0.09200000017881393
2013-03-07 00:00:00+00:00,0.09000000357627869
2013-03-08 00:00:00+00:00,0.08699999749660492
2013-03-11 00:00:00+00:00,0.08699999749660492
2013-03-12 00:00:00+00:00,0.09200000017881393
2013-03-13 00:00:00+00:00,0.08500000089406967
2013-03-14 00:00:00+00:00,0.09000000357627869
2013-03-15 00:00:00+00:00,0.08299999684095383
2013-03-18 00:00:00+00:00,0.07199999690055847
2013-03-19 00:00:00+00:00,0.07000000029802322
2013-03-20 00:00:00+00:00,0.06300000101327896
2013-03-21 00:00:00+00:00,0.05999999865889549
2013-03-22 00:00:00+00:00,0.06499999761581421
2013-03-25 00:00:00+00:00,0.057999998331069946
2013-03-26 00:00:00+00:00,0.07199999690055847
2013-03-27 00:00:00+00:00,0.07999999821186066
2013-03-28 00:00:00+00:00,0.06499999761581421
2013-04-01 00:00:00+00:00,0.06499999761581421
2013-04-02 00:00:00+00:00,0.06800000369548798
2013-04-03 00:00:00+00:00,0.054999999701976776
2013-04-04 00:00:00+00:00,0.06499999761581421
2013-04-05 00:00:00+00:00,0.05999999865889549
2013-04-08 00:00:00+00:00,0.054999999701976776
2013-04-09 00:00:00+00:00,0.06300000101327896
2013-04-10 00:00:00+00:00,0.06499999761581421
2013-04-11 00:00:00+00:00,0.06300000101327896
2013-04-12 00:00:00+00:00,0.054999999701976776
2013-04-15 00:00:00+00:00,0.054999999701976776
2013-04-16 00:00:00+00:00,0.052000001072883606
2013-04-17 00:00:00+00:00,0.05000000074505806
2013-04-18 00:00:00+00:00,0.05000000074505806
2013-04-19 00:00:00+00:00,0.04500000178813934
2013-04-22 00:00:00+00:00,0.04500000178813934
2013-04-23 00:00:00+00:00,0.04500000178813934
2013-04-24 00:00:00+00:00,0.04800000041723251
2013-04-25 00:00:00+00:00,0.05000000074505806
2013-04-26 00:00:00+00:00,0.04500000178813934
2013-04-29 00:00:00+00:00,0.04500000178813934
2013-04-30 00:00:00+00:00,0.04500000178813934
2013-05-01 00:00:00+00:00,0.05000000074505806
2013-05-02 00:00:00+00:00,0.05000000074505806
2013-05-03 00:00:00+00:00,0.04500000178813934
2013-05-06 00:00:00+00:00,0.029999999329447746
2013-05-07 00:00:00+00:00,0.03500000014901161
2013-05-08 00:00:00+00:00,0.03500000014901161
2013-05-09 00:00:00+00:00,0.03500000014901161
2013-05-10 00:00:00+00:00,0.03500000014901161
2013-05-13 00:00:00+00:00,0.03500000014901161
2013-05-14 00:00:00+00:00,0.03999999910593033
2013-05-15 00:00:00+00:00,0.03700000047683716
2013-05-16 00:00:00+00:00,0.02500000037252903
2013-05-17 00:00:00+00:00,0.029999999329447746
2013-05-20 00:00:00+00:00,0.03500000014901161
2013-05-21 00:00:00+00:00,0.03999999910593033
2013-05-22 00:00:00+00:00,0.03500000014901161
2013-05-23 00:00:00+00:00,0.03999999910593033
2013-05-24 00:00:00+00:00,0.03700000047683716
2013-05-28 00:00:00+00:00,0.03500000014901161
2013-05-29 00:00:00+00:00,0.03999999910593033
2013-05-30 00:00:00+00:00,0.02500000037252903
2013-05-31 00:00:00+00:00,0.029999999329447746
2013-06-03 00:00:00+00:00,0.029999999329447746
2013-06-04 00:00:00+00:00,0.03999999910593033
2013-06-05 00:00:00+00:00,0.04500000178813934
2013-06-06 00:00:00+00:00,0.04500000178813934
2013-06-07 00:00:00+00:00,0.03999999910593033
2013-06-10 00:00:00+00:00,0.03999999910593033
2013-06-11 00:00:00+00:00,0.04500000178813934
2013-06-12 00:00:00+00:00,0.03999999910593033
2013-06-13 00:00:00+00:00,0.0430000014603138
2013-06-14 00:00:00+00:00,0.03999999910593033
2013-06-17 00:00:00+00:00,0.03999999910593033
2013-06-18 00:00:00+00:00,0.04500000178813934
2013-06-19 00:00:00+00:00,0.03999999910593033
2013-06-20 00:00:00+00:00,0.03999999910593033
2013-06-21 00:00:00+00:00,0.03999999910593033
2013-06-24 00:00:00+00:00,0.03999999910593033
2013-06-25 00:00:00+00:00,0.057999998331069946
2013-06-26 00:00:00+00:00,0.054999999701976776
2013-06-27 00:00:00+00:00,0.04500000178813934
2013-06-28 00:00:00+00:00,0.029999999329447746
2013-07-01 00:00:00+00:00,0.009999999776482582
2013-07-02 00:00:00+00:00,0.03500000014901161
2013-07-03 00:00:00+00:00,0.03500000014901161
2013-07-05 00:00:00+00:00,0.03500000014901161
2013-07-08 00:00:00+00:00,0.03500000014901161
2013-07-09 00:00:00+00:00,0.03500000014901161
2013-07-10 00:00:00+00:00,0.029999999329447746
2013-07-11 00:00:00+00:00,0.029999999329447746
2013-07-12 00:00:00+00:00,0.029999999329447746
2013-07-15 00:00:00+00:00,0.019999999552965164
2013-07-16 00:00:00+00:00,0.03500000014901161
2013-07-17 00:00:00+00:00,0.02500000037252903
2013-07-18 00:00:00+00:00,0.02199999988079071
2013-07-19 00:00:00+00:00,0.019999999552965164
2013-07-22 00:00:00+00:00,0.004999999888241291
2013-07-23 00:00:00+00:00,0.019999999552965164
2013-07-24 00:00:00+00:00,0.019999999552965164
2013-07-25 00:00:00+00:00,0.014999999664723873
2013-07-26 00:00:00+00:00,0.014999999664723873
2013-07-29 00:00:00+00:00,0.019999999552965164
2013-07-30 00:00:00+00:00,0.029999999329447746
2013-07-31 00:00:00+00:00,0.029999999329447746
2013-08-01 00:00:00+00:00,0.03500000014901161
2013-08-02 00:00:00+00:00,0.029999999329447746
2013-08-05 00:00:00+00:00,0.03500000014901161
2013-08-06 00:00:00+00:00,0.03999999910593033
2013-08-07 00:00:00+00:00,0.03999999910593033
2013-08-08 00:00:00+00:00,0.04500000178813934
2013-08-09 00:00:00+00:00,0.04800000041723251
2013-08-12 00:00:00+00:00,0.04800000041723251
2013-08-13 00:00:00+00:00,0.052000001072883606
2013-08-14 00:00:00+00:00,0.05000000074505806
2013-08-15 00:00:00+00:00,0.04500000178813934
2013-08-16 00:00:00+00:00,0.03999999910593033
2013-08-19 00:00:00+00:00,0.03999999910593033
2013-08-20 00:00:00+00:00,0.04500000178813934
2013-08-21 00:00:00+00:00,0.032999999821186066
2013-08-22 00:00:00+00:00,0.019999999552965164
2013-08-23 00:00:00+00:00,0.02199999988079071
2013-08-26 00:00:00+00:00,0.013000000268220901
2013-08-27 00:00:00+00:00,0.032999999821186066
2013-08-28 00:00:00+00:00,0.029999999329447746
2013-08-29 00:00:00+00:00,0.019999999552965164
2013-08-30 00:00:00+00:00,0.019999999552965164
2013-09-03 00:00:00+00:00,0.014999999664723873
2013-09-04 00:00:00+00:00,0.014999999664723873
2013-09-05 00:00:00+00:00,0.014999999664723873
2013-09-06 00:00:00+00:00,0.014999999664723873
2013-09-09 00:00:00+00:00,0.009999999776482582
2013-09-10 00:00:00+00:00,0.014999999664723873
2013-09-11 00:00:00+00:00,0.014999999664723873
2013-09-12 00:00:00+00:00,0.009999999776482582
2013-09-13 00:00:00+00:00,0.009999999776482582
2013-09-16 00:00:00+00:00,0.003000000026077032
2013-09-17 00:00:00+00:00,0.004999999888241291
2013-09-18 00:00:00+00:00,0.004999999888241291
2013-09-19 00:00:00+00:00,0.004999999888241291
2013-09-20 00:00:00+00:00,0.004999999888241291
2013-09-23 00:00:00+00:00,0.004999999888241291
2013-09-24 00:00:00+00:00,0.014999999664723873
2013-09-25 00:00:00+00:00,0.014999999664723873
2013-09-26 00:00:00+00:00,0.003000000026077032
2013-09-27 00:00:00+00:00,0.004999999888241291
2013-09-30 00:00:00+00:00,0.004999999888241291
2013-10-01 00:00:00+00:00,0.013000000268220901
2013-10-02 00:00:00+00:00,0.009999999776482582
2013-10-03 00:00:00+00:00,0.019999999552965164
2013-10-04 00:00:00+00:00,0.017999999225139618
2013-10-07 00:00:00+00:00,0.017999999225139618
2013-10-08 00:00:00+00:00,0.04500000178813934
2013-10-09 00:00:00+00:00,0.03700000047683716
2013-10-10 00:00:00+00:00,0.03999999910593033
2013-10-11 00:00:00+00:00,0.06300000101327896
2013-10-14 00:00:00+00:00,0.057999998331069946
2013-10-15 00:00:00+00:00,0.09200000017881393
2013-10-16 00:00:00+00:00,0.09200000017881393
2013-10-17 00:00:00+00:00,0.03700000047683716
2013-10-18 00:00:00+00:00,0.02500000037252903
2013-10-21 00:00:00+00:00,0.02500000037252903
2013-10-22 00:00:00+00:00,0.032999999821186066
2013-10-23 00:00:00+00:00,0.029999999329447746
2013-10-24 00:00:00+00:00,0.029999999329447746
2013-10-25 00:00:00+00:00,0.029999999329447746
2013-10-28 00:00:00+00:00,0.019999999552965164
2013-10-29 00:00:00+00:00,0.03999999910593033
2013-10-30 00:00:00+00:00,0.03500000014901161
2013-10-31 00:00:00+00:00,0.032999999821186066
2013-11-01 00:00:00+00:00,0.032999999821186066
2013-11-04 00:00:00+00:00,0.032999999821186066
2013-11-05 00:00:00+00:00,0.04500000178813934
2013-11-06 00:00:00+00:00,0.04500000178813934
2013-11-07 00:00:00+00:00,0.04800000041723251
2013-11-08 00:00:00+00:00,0.052000001072883606
2013-11-11 00:00:00+00:00,0.052000001072883606
2013-11-12 00:00:00+00:00,0.057999998331069946
2013-11-13 00:00:00+00:00,0.07000000029802322
2013-11-14 00:00:00+00:00,0.06800000369548798
2013-11-15 00:00:00+00:00,0.07000000029802322
2013-11-18 00:00:00+00:00,0.06499999761581421
2013-11-19 00:00:00+00:00,0.07999999821186066
2013-11-20 00:00:00+00:00,0.07699999958276749
2013-11-21 00:00:00+00:00,0.07000000029802322
2013-11-22 00:00:00+00:00,0.06499999761581421
2013-11-25 00:00:00+00:00,0.05999999865889549
2013-11-26 00:00:00+00:00,0.06800000369548798
2013-11-27 00:00:00+00:00,0.06300000101327896
2013-11-29 00:00:00+00:00,0.054999999701976776
2013-12-02 00:00:00+00:00,0.05000000074505806
2013-12-03 00:00:00+00:00,0.03500000014901161
2013-12-04 00:00:00+00:00,0.052000001072883606
2013-12-05 00:00:00+00:00,0.04800000041723251
2013-12-06 00:00:00+00:00,0.052000001072883606
2013-12-09 00:00:00+00:00,0.052000001072883606
2013-12-10 00:00:00+00:00,0.07000000029802322
2013-12-11 00:00:00+00:00,0.06800000369548798
2013-12-12 00:00:00+00:00,0.06300000101327896
2013-12-13 00:00:00+00:00,0.05999999865889549
2013-12-16 00:00:00+00:00,0.057999998331069946
2013-12-17 00:00:00+00:00,0.06300000101327896
2013-12-18 00:00:00+00:00,0.05999999865889549
2013-12-19 00:00:00+00:00,0.057999998331069946
2013-12-20 00:00:00+00:00,0.054999999701976776
2013-12-23 00:00:00+00:00,0.057999998331069946
2013-12-24 00:00:00+00:00,0.06800000369548798
2013-12-26 00:00:00+00:00,0.05999999865889549
2013-12-27 00:00:00+00:00,0.057999998331069946
2013-12-30 00:00:00+00:00,0.054999999701976776
2013-12-31 00:00:00+00:00,0.06300000101327896
2014-01-02 00:00:00+00:00,0.057999998331069946
2014-01-03 00:00:00+00:00,0.057999998331069946
2014-01-06 00:00:00+00:00,0.04500000178813934
2014-01-07 00:00:00+00:00,0.0430000014603138
2014-01-08 00:00:00+00:00,0.03999999910593033
2014-01-09 00:00:00+00:00,0.032999999821186066
2014-01-10 00:00:00+00:00,0.032999999821186066
2014-01-13 00:00:00+00:00,0.029999999329447746
2014-01-14 00:00:00+00:00,0.032999999821186066
2014-01-15 00:00:00+00:00,0.03500000014901161
2014-01-16 00:00:00+00:00,0.029999999329447746
2014-01-17 00:00:00+00:00,0.029999999329447746
2014-01-21 00:00:00+00:00,0.02800000086426735
2014-01-22 00:00:00+00:00,0.029999999329447746
2014-01-23 00:00:00+00:00,0.029999999329447746
2014-01-24 00:00:00+00:00,0.032999999821186066
2014-01-27 00:00:00+00:00,0.04800000041723251
2014-01-28 00:00:00+00:00,0.04500000178813934
2014-01-29 00:00:00+00:00,0.03999999910593033
2014-01-30 00:00:00+00:00,0.014999999664723873
2014-01-31 00:00:00+00:00,0.009999999776482582
2014-02-03 00:00:00+00:00,0.019999999552965164
2014-02-04 00:00:00+00:00,0.054999999701976776
2014-02-05 00:00:00+00:00,0.054999999701976776
2014-02-06 00:00:00+00:00,0.05999999865889549
2014-02-07 00:00:00+00:00,0.07199999690055847
2014-02-10 00:00:00+00:00,0.054999999701976776
2014-02-11 00:00:00+00:00,0.04500000178813934
2014-02-12 00:00:00+00:00,0.0430000014603138
2014-02-13 00:00:00+00:00,0.02500000037252903
2014-02-14 00:00:00+00:00,0.009999999776482582
2014-02-18 00:00:00+00:00,0.014999999664723873
2014-02-19 00:00:00+00:00,0.04500000178813934
2014-02-20 00:00:00+00:00,0.03999999910593033
2014-02-21 00:00:00+00:00,0.03500000014901161
2014-02-24 00:00:00+00:00,0.032999999821186066
2014-02-25 00:00:00+00:00,0.03999999910593033
2014-02-26 00:00:00+00:00,0.03999999910593033
2014-02-27 00:00:00+00:00,0.03500000014901161
2014-02-28 00:00:00+00:00,0.0430000014603138
2014-03-03 00:00:00+00:00,0.0430000014603138
2014-03-04 00:00:00+00:00,0.04800000041723251
2014-03-05 00:00:00+00:00,0.05000000074505806
2014-03-06 00:00:00+00:00,0.04500000178813934
2014-03-07 00:00:00+00:00,0.04500000178813934
2014-03-10 00:00:00+00:00,0.03999999910593033
2014-03-11 00:00:00+00:00,0.04500000178813934
2014-03-12 00:00:00+00:00,0.03999999910593033
2014-03-13 00:00:00+00:00,0.03999999910593033
2014-03-14 00:00:00+00:00,0.03999999910593033
2014-03-17 00:00:00+00:00,0.0430000014603138
2014-03-18 00:00:00+00:00,0.05000000074505806
2014-03-19 00:00:00+00:00,0.05000000074505806
2014-03-20 00:00:00+00:00,0.052000001072883606
2014-03-21 00:00:00+00:00,0.04500000178813934
2014-03-24 00:00:00+00:00,0.0430000014603138
2014-03-25 00:00:00+00:00,0.04500000178813934
2014-03-26 00:00:00+00:00,0.03700000047683716
2014-03-27 00:00:00+00:00,0.032999999821186066
2014-03-28 00:00:00+00:00,0.032999999821186066
2014-03-31 00:00:00+00:00,0.02800000086426735
2014-04-01 00:00:00+00:00,0.029999999329447746
2014-04-02 00:00:00+00:00,0.017999999225139618
2014-04-03 00:00:00+00:00,0.014999999664723873
2014-04-04 00:00:00+00:00,0.019999999552965164
2014-04-07 00:00:00+00:00,0.019999999552965164
2014-04-08 00:00:00+00:00,0.02500000037252903
2014-04-09 00:00:00+00:00,0.02800000086426735
2014-04-10 00:00:00+00:00,0.02800000086426735
2014-04-11 00:00:00+00:00,0.029999999329447746
2014-04-14 00:00:00+00:00,0.029999999329447746
2014-04-15 00:00:00+00:00,0.029999999329447746
2014-04-16 00:00:00+00:00,0.02500000037252903
2014-04-17 00:00:00+00:00,0.02500000037252903
2014-04-21 00:00:00+00:00,0.02500000037252903
2014-04-22 00:00:00+00:00,0.02500000037252903
2014-04-23 00:00:00+00:00,0.014999999664723873
2014-04-24 00:00:00+00:00,0.007000000216066837
2014-04-25 00:00:00+00:00,0.007000000216066837
2014-04-28 00:00:00+00:00,0.003000000026077032
2014-04-29 00:00:00+00:00,0.014999999664723873
2014-04-30 00:00:00+00:00,0.019999999552965164
2014-05-01 00:00:00+00:00,0.017999999225139618
2014-05-02 00:00:00+00:00,0.014999999664723873
2014-05-05 00:00:00+00:00,0.014999999664723873
2014-05-06 00:00:00+00:00,0.019999999552965164
2014-05-07 00:00:00+00:00,0.019999999552965164
2014-05-08 00:00:00+00:00,0.02199999988079071
2014-05-09 00:00:00+00:00,0.02199999988079071
2014-05-12 00:00:00+00:00,0.019999999552965164
2014-05-13 00:00:00+00:00,0.019999999552965164
2014-05-14 00:00:00+00:00,0.019999999552965164
2014-05-15 00:00:00+00:00,0.017999999225139618
2014-05-16 00:00:00+00:00,0.014999999664723873
2014-05-19 00:00:00+00:00,0.017999999225139618
2014-05-20 00:00:00+00:00,0.02500000037252903
2014-05-21 00:00:00+00:00,0.02500000037252903
2014-05-22 00:00:00+00:00,0.02800000086426735
2014-05-23 00:00:00+00:00,0.02800000086426735
2014-05-27 00:00:00+00:00,0.02800000086426735
2014-05-28 00:00:00+00:00,0.02800000086426735
2014-05-29 00:00:00+00:00,0.029999999329447746
2014-05-30 00:00:00+00:00,0.029999999329447746
2014-06-02 00:00:00+00:00,0.02500000037252903
2014-06-03 00:00:00+00:00,0.029999999329447746
2014-06-04 00:00:00+00:00,0.029999999329447746
2014-06-05 00:00:00+00:00,0.029999999329447746
2014-06-06 00:00:00+00:00,0.02800000086426735
2014-06-09 00:00:00+00:00,0.029999999329447746
2014-06-10 00:00:00+00:00,0.03500000014901161
2014-06-11 00:00:00+00:00,0.032999999821186066
2014-06-12 00:00:00+00:00,0.032999999821186066
2014-06-13 00:00:00+00:00,0.029999999329447746
2014-06-16 00:00:00+00:00,0.02500000037252903
2014-06-17 00:00:00+00:00,0.032999999821186066
2014-06-18 00:00:00+00:00,0.017999999225139618
2014-06-19 00:00:00+00:00,0.009999999776482582
2014-06-20 00:00:00+00:00,0.009999999776482582
2014-06-23 00:00:00+00:00,0.004999999888241291
2014-06-24 00:00:00+00:00,0.02199999988079071
2014-06-25 00:00:00+00:00,0.019999999552965164
2014-06-26 00:00:00+00:00,0.02500000037252903
2014-06-27 00:00:00+00:00,0.017999999225139618
2014-06-30 00:00:00+00:00,0.019999999552965164
2014-07-01 00:00:00+00:00,0.02500000037252903
2014-07-02 00:00:00+00:00,0.007000000216066837
2014-07-03 00:00:00+00:00,0.003000000026077032
2014-07-07 00:00:00+00:00,0.007000000216066837
2014-07-08 00:00:00+00:00,0.02500000037252903
2014-07-09 00:00:00+00:00,0.014999999664723873
2014-07-10 00:00:00+00:00,0.014999999664723873
2014-07-11 00:00:00+00:00,0.014999999664723873
2014-07-14 00:00:00+00:00,0.014999999664723873
2014-07-15 00:00:00+00:00,0.019999999552965164
2014-07-16 00:00:00+00:00,0.017999999225139618
2014-07-17 00:00:00+00:00,0.007000000216066837
2014-07-18 00:00:00+00:00,0.009999999776482582
2014-07-21 00:00:00+00:00,0.013000000268220901
2014-07-22 00:00:00+00:00,0.019999999552965164
2014-07-23 00:00:00+00:00,0.019999999552965164
2014-07-24 00:00:00+00:00,0.019999999552965164
2014-07-25 00:00:00+00:00,0.019999999552965164
2014-07-28 00:00:00+00:00,0.02500000037252903
2014-07-29 00:00:00+00:00,0.02800000086426735
2014-07-30 00:00:00+00:00,0.02800000086426735
2014-07-31 00:00:00+00:00,0.017999999225139618
2014-08-01 00:00:00+00:00,0.017999999225139618
2014-08-04 00:00:00+00:00,0.014999999664723873
2014-08-05 00:00:00+00:00,0.02500000037252903
2014-08-06 00:00:00+00:00,0.019999999552965164
2014-08-07 00:00:00+00:00,0.019999999552965164
2014-08-08 00:00:00+00:00,0.019999999552965164
2014-08-11 00:00:00+00:00,0.02500000037252903
2014-08-12 00:00:00+00:00,0.02500000037252903
2014-08-13 00:00:00+00:00,0.029999999329447746
2014-08-14 00:00:00+00:00,0.02800000086426735
2014-08-15 00:00:00+00:00,0.02199999988079071
2014-08-18 00:00:00+00:00,0.02199999988079071
2014-08-19 00:00:00+00:00,0.02500000037252903
2014-08-20 00:00:00+00:00,0.02500000037252903
2014-08-21 00:00:00+00:00,0.014999999664723873
2014-08-22 00:00:00+00:00,0.014999999664723873
2014-08-25 00:00:00+00:00,0.014999999664723873
2014-08-26 00:00:00+00:00,0.02500000037252903
2014-08-27 00:00:00+00:00,0.02500000037252903
2014-08-28 00:00:00+00:00,0.02199999988079071
2014-08-29 00:00:00+00:00,0.017999999225139618
2014-09-02 00:00:00+00:00,0.019999999552965164
2014-09-03 00:00:00+00:00,0.019999999552965164
2014-09-04 00:00:00+00:00,0.019999999552965164
2014-09-05 00:00:00+00:00,0.019999999552965164
2014-09-08 00:00:00+00:00,0.019999999552965164
2014-09-09 00:00:00+00:00,0.014999999664723873
2014-09-10 00:00:00+00:00,0.014999999664723873
2014-09-11 00:00:00+00:00,0.009999999776482582
2014-09-12 00:00:00+00:00,0.009999999776482582
2014-09-15 00:00:00+00:00,0.009999999776482582
2014-09-16 00:00:00+00:00,0.014999999664723873
2014-09-17 00:00:00+00:00,0.013000000268220901
2014-09-18 00:00:00+00:00,0.009999999776482582
2014-09-19 00:00:00+00:00,0.007000000216066837
2014-09-22 00:00:00+00:00,0.003000000026077032
2014-09-23 00:00:00+00:00,0.007000000216066837
2014-09-24 00:00:00+00:00,0.007000000216066837
2014-09-25 00:00:00+00:00,0.004999999888241291
2014-09-26 00:00:00+00:00,0.004999999888241291
2014-09-29 00:00:00+00:00,0.004999999888241291
2014-09-30 00:00:00+00:00,0.013000000268220901
2014-10-01 00:00:00+00:00,0.013000000268220901
2014-10-02 00:00:00+00:00,0.009999999776482582
2014-10-03 00:00:00+00:00,0.009999999776482582
2014-10-06 00:00:00+00:00,0.009999999776482582
2014-10-07 00:00:00+00:00,0.009999999776482582
2014-10-08 00:00:00+00:00,0.004999999888241291
2014-10-09 00:00:00+00:00,0.004999999888241291
2014-10-10 00:00:00+00:00,0.004999999888241291
2014-10-13 00:00:00+00:00,0.004999999888241291
2014-10-14 00:00:00+00:00,0.004999999888241291
2014-10-15 00:00:00+00:00,0.009999999776482582
2014-10-16 00:00:00+00:00,0.019999999552965164
2014-10-17 00:00:00+00:00,0.02199999988079071
2014-10-20 00:00:00+00:00,0.019999999552965164
2014-10-21 00:00:00+00:00,0.017999999225139618
2014-10-22 00:00:00+00:00,0.014999999664723873
2014-10-23 00:00:00+00:00,0.014999999664723873
2014-10-24 00:00:00+00:00,0.004999999888241291
2014-10-27 00:00:00+00:00,0.004999999888241291
2014-10-28 00:00:00+00:00,0.014999999664723873
2014-10-29 00:00:00+00:00,0.014999999664723873
2014-10-30 00:00:00+00:00,0.003000000026077032
2014-10-31 00:00:00+00:00,0.003000000026077032
2014-11-03 00:00:00+00:00,0.003000000026077032
2014-11-04 00:00:00+00:00,0.02199999988079071
2014-11-05 00:00:00+00:00,0.019999999552965164
2014-11-06 00:00:00+00:00,0.017999999225139618
2014-11-07 00:00:00+00:00,0.017999999225139618
2014-11-10 00:00:00+00:00,0.014999999664723873
2014-11-11 00:00:00+00:00,0.014999999664723873
2014-11-12 00:00:00+00:00,0.013000000268220901
2014-11-13 00:00:00+00:00,0.004999999888241291
2014-11-14 00:00:00+00:00,0.003000000026077032
2014-11-17 00:00:00+00:00,0.009999999776482582
2014-11-18 00:00:00+00:00,0.014999999664723873
2014-11-19 00:00:00+00:00,0.014999999664723873
2014-11-20 00:00:00+00:00,0.014999999664723873
2014-11-21 00:00:00+00:00,0.003000000026077032
2014-11-24 00:00:00+00:00,0.004999999888241291
2014-11-25 00:00:00+00:00,0.017999999225139618
2014-11-26 00:00:00+00:00,0.009999999776482582
2014-11-28 00:00:00+00:00,0.004999999888241291
2014-12-01 00:00:00+00:00,0.007000000216066837
2014-12-02 00:00:00+00:00,0.014999999664723873
2014-12-03 00:00:00+00:00,0.004999999888241291
2014-12-04 00:00:00+00:00,0.013000000268220901
2014-12-05 00:00:00+00:00,0.009999999776482582
2014-12-08 00:00:00+00:00,0.004999999888241291
2014-12-09 00:00:00+00:00,0.02800000086426735
2014-12-10 00:00:00+00:00,0.02500000037252903
2014-12-11 00:00:00+00:00,0.02199999988079071
2014-12-12 00:00:00+00:00,0.014999999664723873
2014-12-15 00:00:00+00:00,0.009999999776482582
2014-12-16 00:00:00+00:00,0.029999999329447746
2014-12-17 00:00:00+00:00,0.019999999552965164
2014-12-18 00:00:00+00:00,0.032999999821186066
2014-12-19 00:00:00+00:00,0.02500000037252903
2014-12-22 00:00:00+00:00,0.014999999664723873
2014-12-23 00:00:00+00:00,0.019999999552965164
2014-12-24 00:00:00+00:00,0.019999999552965164
2014-12-26 00:00:00+00:00,0.009999999776482582
2014-12-29 00:00:00+00:00,0.003000000026077032
2014-12-30 00:00:00+00:00,0.019999999552965164
2014-12-31 00:00:00+00:00,0.03700000047683716
2015-01-02 00:00:00+00:00,0.014999999664723873
2015-01-05 00:00:00+00:00,0.003000000026077032
2015-01-06 00:00:00+00:00,0.019999999552965164
2015-01-07 00:00:00+00:00,0.019999999552965164
2015-01-08 00:00:00+00:00,0.017999999225139618
2015-01-09 00:00:00+00:00,0.014999999664723873
2015-01-12 00:00:00+00:00,0.013000000268220901
2015-01-13 00:00:00+00:00,0.023000000044703484
2015-01-14 00:00:00+00:00,0.02500000037252903
2015-01-15 00:00:00+00:00,0.023000000044703484
2015-01-16 00:00:00+00:00,0.017999999225139618
2015-01-20 00:00:00+00:00,0.00800000037997961
2015-01-21 00:00:00+00:00,0.019999999552965164
2015-01-22 00:00:00+00:00,0.014999999664723873
2015-01-23 00:00:00+00:00,0.013000000268220901
2015-01-26 00:00:00+00:00,0.004999999888241291
2015-01-27 00:00:00+00:00,0.017999999225139618
2015-01-28 00:00:00+00:00,0.014999999664723873
2015-01-29 00:00:00+00:00,0.009999999776482582
2015-01-30 00:00:00+00:00,0.004999999888241291
2015-02-02 00:00:00+00:00,0.004999999888241291
2015-02-03 00:00:00+00:00,0.014999999664723873
2015-02-04 00:00:00+00:00,0.004999999888241291
2015-02-05 00:00:00+00:00,0.00800000037997961
2015-02-06 00:00:00+00:00,0.014999999664723873
2015-02-09 00:00:00+00:00,0.003000000026077032
2015-02-10 00:00:00+00:00,0.004999999888241291
2015-02-11 00:00:00+00:00,0.004999999888241291
2015-02-12 00:00:00+00:00,0.00800000037997961
2015-02-13 00:00:00+00:00,0.004999999888241291
2015-02-17 00:00:00+00:00,0.00800000037997961
2015-02-18 00:00:00+00:00,0.013000000268220901
2015-02-19 00:00:00+00:00,0.013000000268220901
2015-02-20 00:00:00+00:00,0.009999999776482582
2015-02-23 00:00:00+00:00,0.014999999664723873
2015-02-24 00:00:00+00:00,0.017999999225139618
2015-02-25 00:00:00+00:00,0.014999999664723873
2015-02-26 00:00:00+00:00,0.013000000268220901
2015-02-27 00:00:00+00:00,0.00800000037997961
2015-03-02 00:00:00+00:00,0.004999999888241291
2015-03-03 00:00:00+00:00,0.013000000268220901
2015-03-04 00:00:00+00:00,0.009999999776482582
2015-03-05 00:00:00+00:00,0.003000000026077032
2015-03-06 00:00:00+00:00,0.004999999888241291
2015-03-09 00:00:00+00:00,0.004999999888241291
2015-03-10 00:00:00+00:00,0.009999999776482582
2015-03-11 00:00:00+00:00,0.013000000268220901
2015-03-12 00:00:00+00:00,0.017999999225139618
2015-03-13 00:00:00+00:00,0.023000000044703484
2015-03-16 00:00:00+00:00,0.029999999329447746
2015-03-17 00:00:00+00:00,0.04800000041723251
2015-03-18 00:00:00+00:00,0.03799999877810478
2015-03-19 00:00:00+00:00,0.009999999776482582
2015-03-20 00:00:00+00:00,0.003000000026077032
2015-03-23 00:00:00+00:00,0.003000000026077032
2015-03-24 00:00:00+00:00,0.014999999664723873
2015-03-25 00:00:00+00:00,0.017999999225139618
2015-03-26 00:00:00+00:00,0.02800000086426735
2015-03-27 00:00:00+00:00,0.029999999329447746
2015-03-30 00:00:00+00:00,0.023000000044703484
2015-03-31 00:00:00+00:00,0.02500000037252903
2015-04-01 00:00:00+00:00,0.032999999821186066
2015-04-02 00:00:00+00:00,0.009999999776482582
2015-04-06 00:00:00+00:00,0.003000000026077032
2015-04-07 00:00:00+00:00,0.014999999664723873
2015-04-08 00:00:00+00:00,0.017999999225139618
2015-04-09 00:00:00+00:00,0.019999999552965164
2015-04-10 00:00:00+00:00,0.014999999664723873
2015-04-13 00:00:00+00:00,0.004999999888241291
2015-04-14 00:00:00+00:00,0.009999999776482582
2015-04-15 00:00:00+00:00,0.014999999664723873
2015-04-16 00:00:00+00:00,0.009999999776482582
2015-04-17 00:00:00+00:00,0.013000000268220901
2015-04-20 00:00:00+00:00,0.013000000268220901
2015-04-21 00:00:00+00:00,0.019999999552965164
2015-04-22 00:00:00+00:00,0.019999999552965164
2015-04-23 00:00:00+00:00,0.019999999552965164
2015-04-24 00:00:00+00:00,0.014999999664723873
2015-04-27 00:00:00+00:00,0.013000000268220901
2015-04-28 00:00:00+00:00,0.013000000268220901
2015-04-29 00:00:00+00:00,0.003000000026077032
2015-04-30 00:00:00+00:00,0.004999999888241291
2015-05-01 00:00:00+00:00,0.003000000026077032
2015-05-04 00:00:00+00:00,0.003000000026077032
2015-05-05 00:00:00+00:00,0.00800000037997961
2015-05-06 00:00:00+00:00,0.009999999776482582
2015-05-07 00:00:00+00:00,0.004999999888241291
2015-05-08 00:00:00+00:00,0.003000000026077032
2015-05-11 00:00:00+00:00,0.004999999888241291
2015-05-12 00:00:00+00:00,0.013000000268220901
2015-05-13 00:00:00+00:00,0.009999999776482582
2015-05-14 00:00:00+00:00,0.009999999776482582
2015-05-15 00:00:00+00:00,0.009999999776482582
2015-05-18 00:00:00+00:00,0.00800000037997961
2015-05-19 00:00:00+00:00,0.009999999776482582
2015-05-20 00:00:00+00:00,0.013000000268220901
2015-05-21 00:00:00+00:00,0.013000000268220901
2015-05-22 00:00:00+00:00,0.009999999776482582
2015-05-26 00:00:00+00:00,0.009999999776482582
2015-05-27 00:00:00+00:00,0.013000000268220901
2015-05-28 00:00:00+00:00,0.003000000026077032
2015-05-29 00:00:00+00:00,0.003000000026077032
2015-06-01 00:00:00+00:00,0.00800000037997961
2015-06-02 00:00:00+00:00,0.009999999776482582
2015-06-03 00:00:00+00:00,0.009999999776482582
2015-06-04 00:00:00+00:00,0.004999999888241291
2015-06-05 00:00:00+00:00,0.009999999776482582
2015-06-08 00:00:00+00:00,0.009999999776482582
2015-06-09 00:00:00+00:00,0.013000000268220901
2015-06-10 00:00:00+00:00,0.013000000268220901
2015-06-11 00:00:00+00:00,0.00800000037997961
2015-06-12 00:00:00+00:00,0.004999999888241291
2015-06-15 00:00:00+00:00,0.003000000026077032
2015-06-16 00:00:00+00:00,0.00800000037997961
2015-06-17 00:00:00+00:00,0.003000000026077032
2015-06-18 00:00:00+00:00,0.003000000026077032
2015-06-19 00:00:00+00:00,0.003000000026077032
2015-06-22 00:00:00+00:00,0.003000000026077032
2015-06-23 00:00:00+00:00,0.00800000037997961
2015-06-24 00:00:00+00:00,0.004999999888241291
2015-06-25 00:00:00+00:00,0.004999999888241291
2015-06-26 00:00:00+00:00,0.004999999888241291
2015-06-29 00:00:00+00:00,0.004999999888241291
2015-06-30 00:00:00+00:00,0.009999999776482582
2015-07-01 00:00:00+00:00,0.003000000026077032
2015-07-02 00:00:00+00:00,0.003000000026077032
2015-07-06 00:00:00+00:00,0.004999999888241291
2015-07-07 00:00:00+00:00,0.009999999776482582
2015-07-08 00:00:00+00:00,0.009999999776482582
2015-07-09 00:00:00+00:00,0.00800000037997961
2015-07-10 00:00:00+00:00,0.00800000037997961
2015-07-13 00:00:00+00:00,0.00800000037997961
2015-07-14 00:00:00+00:00,0.009999999776482582
2015-07-15 00:00:00+00:00,0.013000000268220901
2015-07-16 00:00:00+00:00,0.009999999776482582
2015-07-17 00:00:00+00:00,0.013000000268220901
2015-07-20 00:00:00+00:00,0.023000000044703484
2015-07-21 00:00:00+00:00,0.029999999329447746
2015-07-22 00:00:00+00:00,0.029999999329447746
2015-07-23 00:00:00+00:00,0.029999999329447746
2015-07-24 00:00:00+00:00,0.029999999329447746
2015-07-27 00:00:00+00:00,0.02800000086426735
2015-07-28 00:00:00+00:00,0.0430000014603138
2015-07-29 00:00:00+00:00,0.04500000178813934
2015-07-30 00:00:00+00:00,0.05999999865889549
2015-07-31 00:00:00+00:00,0.057999998331069946
2015-08-03 00:00:00+00:00,0.06300000101327896
2015-08-04 00:00:00+00:00,0.07500000298023224
2015-08-05 00:00:00+00:00,0.07500000298023224
2015-08-06 00:00:00+00:00,0.02800000086426735
2015-08-07 00:00:00+00:00,0.054999999701976776
2015-08-10 00:00:00+00:00,0.06499999761581421
2015-08-11 00:00:00+00:00,0.09799999743700027
2015-08-12 00:00:00+00:00,0.09000000357627869
2015-08-13 00:00:00+00:00,0.08299999684095383
2015-08-14 00:00:00+00:00,0.07999999821186066
2015-08-17 00:00:00+00:00,0.05999999865889549
2015-08-18 00:00:00+00:00,0.08500000089406967
2015-08-19 00:00:00+00:00,0.03999999910593033
2015-08-20 00:00:00+00:00,0.014999999664723873
2015-08-21 00:00:00+00:00,0.019999999552965164
2015-08-24 00:00:00+00:00,0.014999999664723873
2015-08-25 00:00:00+00:00,0.05299999937415123
2015-08-26 00:00:00+00:00,0.054999999701976776
2015-08-27 00:00:00+00:00,0.05000000074505806
2015-08-28 00:00:00+00:00,0.05000000074505806
2015-08-31 00:00:00+00:00,0.003000000026077032
2015-09-01 00:00:00+00:00,0.03799999877810478
2015-09-02 00:00:00+00:00,0.02500000037252903
2015-09-03 00:00:00+00:00,0.014999999664723873
2015-09-04 00:00:00+00:00,0.02500000037252903
2015-09-08 00:00:00+00:00,0.02500000037252903
2015-09-09 00:00:00+00:00,0.03500000014901161
2015-09-10 00:00:00+00:00,0.014999999664723873
2015-09-11 00:00:00+00:00,0.023000000044703484
2015-09-14 00:00:00+00:00,0.02500000037252903
2015-09-15 00:00:00+00:00,0.057999998331069946
2015-09-16 00:00:00+00:00,0.05299999937415123
2015-09-17 00:00:00+00:00,0.003000000026077032
2015-09-18 00:00:00+00:00,0.009999999776482582
2015-09-21 00:00:00+00:00,0.013000000268220901
2015-09-22 00:00:00+00:00,0.003000000026077032
2015-09-23 00:00:00+00:00,0.003000000026077032
2015-09-24 00:00:00+00:00,0.004999999888241291
2015-09-25 00:00:00+00:00,0.019999999552965164
2015-09-28 00:00:00+00:00,0.013000000268220901
2015-09-29 00:00:00+00:00,0.003000000026077032
2015-09-30 00:00:00+00:00,0.004999999888241291
2015-10-01 00:00:00+00:00,0.017999999225139618
2015-10-02 00:00:00+00:00,0.00800000037997961
2015-10-05 00:00:00+00:00,0.00800000037997961
2015-10-06 00:00:00+00:00,0.004999999888241291
2015-10-07 00:00:00+00:00,0.004999999888241291
2015-10-08 00:00:00+00:00,0.003000000026077032
2015-10-09 00:00:00+00:00,0.003000000026077032
2015-10-12 00:00:00+00:00,0.009999999776482582
2015-10-13 00:00:00+00:00,0.004999999888241291
2015-10-14 00:00:00+00:00,0.009999999776482582
2015-10-15 00:00:00+00:00,0.004999999888241291
2015-10-16 00:00:00+00:00,0.004999999888241291
2015-10-19 00:00:00+00:00,0.004999999888241291
2015-10-20 00:00:00+00:00,0.009999999776482582
2015-10-21 00:00:00+00:00,0.004999999888241291
2015-10-22 00:00:00+00:00,0.004999999888241291
2015-10-23 00:00:00+00:00,0.003000000026077032
2015-10-26 00:00:00+00:00,0.00800000037997961
2015-10-27 00:00:00+00:00,0.009999999776482582
2015-10-28 00:00:00+00:00,0.03500000014901161
2015-10-29 00:00:00+00:00,0.05299999937415123
2015-10-30 00:00:00+00:00,0.06800000369548798
2015-11-02 00:00:00+00:00,0.05299999937415123
2015-11-03 00:00:00+00:00,0.057999998331069946
2015-11-04 00:00:00+00:00,0.054999999701976776
2015-11-05 00:00:00+00:00,0.03999999910593033
2015-11-06 00:00:00+00:00,0.0729999989271164
2015-11-09 00:00:00+00:00,0.07500000298023224
2015-11-10 00:00:00+00:00,0.125
2015-11-11 00:00:00+00:00,0.12300000339746475
2015-11-12 00:00:00+00:00,0.12300000339746475
2015-11-13 00:00:00+00:00,0.11299999803304672
2015-11-16 00:00:00+00:00,0.09799999743700027
2015-11-17 00:00:00+00:00,0.13500000536441803
2015-11-18 00:00:00+00:00,0.12300000339746475
2015-11-19 00:00:00+00:00,0.08799999952316284
2015-11-20 00:00:00+00:00,0.09300000220537186
2015-11-23 00:00:00+00:00,0.10499999672174454
2015-11-24 00:00:00+00:00,0.15299999713897705
2015-11-25 00:00:00+00:00,0.17499999701976776
2015-11-27 00:00:00+00:00,0.1599999964237213
2015-11-30 00:00:00+00:00,0.17000000178813934
2015-12-01 00:00:00+00:00,0.2029999941587448
2015-12-02 00:00:00+00:00,0.20000000298023224
2015-12-03 00:00:00+00:00,0.1979999989271164
2015-12-04 00:00:00+00:00,0.20499999821186066
2015-12-07 00:00:00+00:00,0.23499999940395355
2015-12-08 00:00:00+00:00,0.2680000066757202
2015-12-09 00:00:00+00:00,0.24500000476837158
2015-12-10 00:00:00+00:00,0.23000000417232513
2015-12-11 00:00:00+00:00,0.21299999952316284
2015-12-14 00:00:00+00:00,0.1979999989271164
2015-12-15 00:00:00+00:00,0.25
2015-12-16 00:00:00+00:00,0.23499999940395355
2015-12-17 00:00:00+00:00,0.21299999952316284
2015-12-18 00:00:00+00:00,0.17499999701976776
2015-12-21 00:00:00+00:00,0.15299999713897705
2015-12-22 00:00:00+00:00,0.19300000369548798
2015-12-23 00:00:00+00:00,0.1899999976158142
2015-12-24 00:00:00+00:00,0.18299999833106995
2015-12-28 00:00:00+00:00,0.1899999976158142
2015-12-29 00:00:00+00:00,0.2150000035762787
2015-12-30 00:00:00+00:00,0.19499999284744263
2015-12-31 00:00:00+00:00,0.14800000190734863
2016-01-04 00:00:00+00:00,0.1550000011920929
2016-01-05 00:00:00+00:00,0.20499999821186066
2016-01-06 00:00:00+00:00,0.20499999821186066
2016-01-07 00:00:00+00:00,0.1899999976158142
2016-01-08 00:00:00+00:00,0.1899999976158142
2016-01-11 00:00:00+00:00,0.17499999701976776
2016-01-12 00:00:00+00:00,0.20999999344348907
2016-01-13 00:00:00+00:00,0.2150000035762787
2016-01-14 00:00:00+00:00,0.23999999463558197
2016-01-15 00:00:00+00:00,0.22300000488758087
2016-01-19 00:00:00+00:00,0.23000000417232513
2016-01-20 00:00:00+00:00,0.2529999911785126
2016-01-21 00:00:00+00:00,0.27300000190734863
2016-01-22 00:00:00+00:00,0.2879999876022339
2016-01-25 00:00:00+00:00,0.2750000059604645
2016-01-26 00:00:00+00:00,0.30000001192092896
2016-01-27 00:00:00+00:00,0.30000001192092896
2016-01-28 00:00:00+00:00,0.3179999887943268
2016-01-29 00:00:00+00:00,0.30000001192092896
2016-02-01 00:00:00+00:00,0.29499998688697815
2016-02-02 00:00:00+00:00,0.33000001311302185
2016-02-03 00:00:00+00:00,0.3330000042915344
2016-02-04 00:00:00+00:00,0.28299999237060547
2016-02-05 00:00:00+00:00,0.27799999713897705
2016-02-08 00:00:00+00:00,0.25999999046325684
2016-02-09 00:00:00+00:00,0.30000001192092896
2016-02-10 00:00:00+00:00,0.2980000078678131
2016-02-11 00:00:00+00:00,0.27300000190734863
2016-02-12 00:00:00+00:00,0.27000001072883606
2016-02-16 00:00:00+00:00,0.27300000190734863
2016-02-17 00:00:00+00:00,0.2930000126361847
2016-02-18 00:00:00+00:00,0.2879999876022339
2016-02-19 00:00:00+00:00,0.28299999237060547
2016-02-22 00:00:00+00:00,0.2930000126361847
2016-02-23 00:00:00+00:00,0.3179999887943268
2016-02-24 00:00:00+00:00,0.3149999976158142
2016-02-25 00:00:00+00:00,0.3100000023841858
2016-02-26 00:00:00+00:00,0.30300000309944153
2016-02-29 00:00:00+00:00,0.30799999833106995
2016-03-01 00:00:00+00:00,0.3199999928474426
2016-03-02 00:00:00+00:00,0.30300000309944153
2016-03-03 00:00:00+00:00,0.2630000114440918
2016-03-04 00:00:00+00:00,0.26499998569488525
2016-03-07 00:00:00+00:00,0.26499998569488525
2016-03-08 00:00:00+00:00,0.3050000071525574
2016-03-09 00:00:00+00:00,0.2879999876022339
2016-03-10 00:00:00+00:00,0.30300000309944153
2016-03-11 00:00:00+00:00,0.30799999833106995
2016-03-14 00:00:00+00:00,0.30799999833106995
2016-03-15 00:00:00+00:00,0.32499998807907104
2016-03-16 00:00:00+00:00,0.30000001192092896
2016-03-17 00:00:00+00:00,0.2750000059604645
2016-03-18 00:00:00+00:00,0.2800000011920929
2016-03-21 00:00:00+00:00,0.2879999876022339
2016-03-22 00:00:00+00:00,0.29499998688697815
2016-03-23 00:00:00+00:00,0.2930000126361847
2016-03-24 00:00:00+00:00,0.2750000059604645
2016-03-28 00:00:00+00:00,0.2549999952316284
2016-03-29 00:00:00+00:00,0.22499999403953552
2016-03-30 00:00:00+00:00,0.1850000023841858
2016-03-31 00:00:00+00:00,0.19300000369548798
2016-04-01 00:00:00+00:00,0.21799999475479126
2016-04-04 00:00:00+00:00,0.18299999833106995
2016-04-05 00:00:00+00:00,0.21799999475479126
2016-04-06 00:00:00+00:00,0.2199999988079071
2016-04-07 00:00:00+00:00,0.2199999988079071
2016-04-08 00:00:00+00:00,0.21799999475479126
2016-04-11 00:00:00+00:00,0.20999999344348907
2016-04-12 00:00:00+00:00,0.23000000417232513
2016-04-13 00:00:00+00:00,0.22300000488758087
2016-04-14 00:00:00+00:00,0.2150000035762787
2016-04-15 00:00:00+00:00,0.20999999344348907
2016-04-18 00:00:00+00:00,0.1979999989271164
2016-04-19 00:00:00+00:00,0.2150000035762787
2016-04-20 00:00:00+00:00,0.21799999475479126
2016-04-21 00:00:00+00:00,0.22499999403953552
2016-04-22 00:00:00+00:00,0.22499999403953552
2016-04-25 00:00:00+00:00,0.23800000548362732
2016-04-26 00:00:00+00:00,0.24500000476837158
2016-04-27 00:00:00+00:00,0.24500000476837158
2016-04-28 00:00:00+00:00,0.20999999344348907
2016-04-29 00:00:00+00:00,0.19300000369548798
2016-05-02 00:00:00+00:00,0.1850000023841858
2016-05-03 00:00:00+00:00,0.2029999941587448
2016-05-04 00:00:00+00:00,0.1979999989271164
2016-05-05 00:00:00+00:00,0.18299999833106995
2016-05-06 00:00:00+00:00,0.18000000715255737
2016-05-09 00:00:00+00:00,0.2029999941587448
2016-05-10 00:00:00+00:00,0.24300000071525574
2016-05-11 00:00:00+00:00,0.24799999594688416
2016-05-12 00:00:00+00:00,0.257999986410141
2016-05-13 00:00:00+00:00,0.257999986410141
2016-05-16 00:00:00+00:00,0.257999986410141
2016-05-17 00:00:00+00:00,0.2680000066757202
2016-05-18 00:00:00+00:00,0.27000001072883606
2016-05-19 00:00:00+00:00,0.28999999165534973
2016-05-20 00:00:00+00:00,0.2980000078678131
2016-05-23 00:00:00+00:00,0.31299999356269836
2016-05-24 00:00:00+00:00,0.34299999475479126
2016-05-25 00:00:00+00:00,0.3149999976158142
2016-05-26 00:00:00+00:00,0.2750000059604645
2016-05-27 00:00:00+00:00,0.2980000078678131
2016-05-31 00:00:00+00:00,0.28299999237060547
2016-06-01 00:00:00+00:00,0.29499998688697815
2016-06-02 00:00:00+00:00,0.27000001072883606
2016-06-03 00:00:00+00:00,0.27000001072883606
2016-06-06 00:00:00+00:00,0.25
2016-06-07 00:00:00+00:00,0.26499998569488525
2016-06-08 00:00:00+00:00,0.23499999940395355
2016-06-09 00:00:00+00:00,0.23999999463558197
2016-06-10 00:00:00+00:00,0.23999999463558197
2016-06-13 00:00:00+00:00,0.24500000476837158
2016-06-14 00:00:00+00:00,0.2630000114440918
2016-06-15 00:00:00+00:00,0.2549999952316284
2016-06-16 00:00:00+00:00,0.24500000476837158
2016-06-17 00:00:00+00:00,0.24799999594688416
2016-06-20 00:00:00+00:00,0.24799999594688416
2016-06-21 00:00:00+00:00,0.26499998569488525
2016-06-22 00:00:00+00:00,0.2680000066757202
2016-06-23 00:00:00+00:00,0.2750000059604645
2016-06-24 00:00:00+00:00,0.23800000548362732
2016-06-27 00:00:00+00:00,0.23499999940395355
2016-06-28 00:00:00+00:00,0.25999999046325684
2016-06-29 00:00:00+00:00,0.2549999952316284
2016-06-30 00:00:00+00:00,0.24799999594688416
2016-07-01 00:00:00+00:00,0.24300000071525574
2016-07-05 00:00:00+00:00,0.23800000548362732
2016-07-06 00:00:00+00:00,0.2630000114440918
2016-07-07 00:00:00+00:00,0.27000001072883606
2016-07-08 00:00:00+00:00,0.27300000190734863
2016-07-11 00:00:00+00:00,0.2750000059604645
2016-07-12 00:00:00+00:00,0.29499998688697815
2016-07-13 00:00:00+00:00,0.2980000078678131
2016-07-14 00:00:00+00:00,0.30300000309944153
2016-07-15 00:00:00+00:00,0.2980000078678131
2016-07-18 00:00:00+00:00,0.2879999876022339
2016-07-19 00:00:00+00:00,0.3100000023841858
2016-07-20 00:00:00+00:00,0.3149999976158142
2016-07-21 00:00:00+00:00,0.30300000309944153
2016-07-22 00:00:00+00:00,0.30300000309944153
2016-07-25 00:00:00+00:00,0.2980000078678131
2016-07-26 00:00:00+00:00,0.30799999833106995
2016-07-27 00:00:00+00:00,0.28299999237060547
2016-07-28 00:00:00+00:00,0.2199999988079071
2016-07-29 00:00:00+00:00,0.23999999463558197
2016-08-01 00:00:00+00:00,0.23800000548362732
2016-08-02 00:00:00+00:00,0.2800000011920929
2016-08-03 00:00:00+00:00,0.2680000066757202
2016-08-04 00:00:00+00:00,0.24799999594688416
2016-08-05 00:00:00+00:00,0.25
2016-08-08 00:00:00+00:00,0.25
2016-08-09 00:00:00+00:00,0.2930000126361847
2016-08-10 00:00:00+00:00,0.27300000190734863
2016-08-11 00:00:00+00:00,0.2750000059604645
2016-08-12 00:00:00+00:00,0.2630000114440918
2016-08-15 00:00:00+00:00,0.2750000059604645
2016-08-16 00:00:00+00:00,0.2879999876022339
2016-08-17 00:00:00+00:00,0.2879999876022339
2016-08-18 00:00:00+00:00,0.2849999964237213
2016-08-19 00:00:00+00:00,0.2930000126361847
2016-08-22 00:00:00+00:00,0.2800000011920929
2016-08-23 00:00:00+00:00,0.3050000071525574
2016-08-24 00:00:00+00:00,0.3050000071525574
2016-08-25 00:00:00+00:00,0.3050000071525574
2016-08-26 00:00:00+00:00,0.3050000071525574
2016-08-29 00:00:00+00:00,0.3050000071525574
2016-08-30 00:00:00+00:00,0.32499998807907104
2016-08-31 00:00:00+00:00,0.3199999928474426
2016-09-01 00:00:00+00:00,0.3149999976158142
2016-09-02 00:00:00+00:00,0.30300000309944153
2016-09-06 00:00:00+00:00,0.30300000309944153
2016-09-07 00:00:00+00:00,0.33000001311302185
2016-09-08 00:00:00+00:00,0.3330000042915344
2016-09-09 00:00:00+00:00,0.3330000042915344
2016-09-12 00:00:00+00:00,0.3499999940395355
2016-09-13 00:00:00+00:00,0.3449999988079071
2016-09-14 00:00:00+00:00,0.3149999976158142
2016-09-15 00:00:00+00:00,0.27799999713897705
2016-09-16 00:00:00+00:00,0.27300000190734863
2016-09-19 00:00:00+00:00,0.23800000548362732
2016-09-20 00:00:00+00:00,0.2879999876022339
2016-09-21 00:00:00+00:00,0.22300000488758087
2016-09-22 00:00:00+00:00,0.1599999964237213
2016-09-23 00:00:00+00:00,0.16500000655651093
2016-09-26 00:00:00+00:00,0.17299999296665192
2016-09-27 00:00:00+00:00,0.2549999952316284
2016-09-28 00:00:00+00:00,0.2630000114440918
2016-09-29 00:00:00+00:00,0.23499999940395355
2016-09-30 00:00:00+00:00,0.25999999046325684
2016-10-03 00:00:00+00:00,0.2879999876022339
2016-10-04 00:00:00+00:00,0.3149999976158142
2016-10-05 00:00:00+00:00,0.31299999356269836
2016-10-06 00:00:00+00:00,0.3100000023841858
2016-10-07 00:00:00+00:00,0.3100000023841858
2016-10-10 00:00:00+00:00,0.30799999833106995
2016-10-11 00:00:00+00:00,0.3199999928474426
2016-10-12 00:00:00+00:00,0.3400000035762787
2016-10-13 00:00:00+00:00,0.2750000059604645
2016-10-14 00:00:00+00:00,0.28999999165534973
2016-10-17 00:00:00+00:00,0.29499998688697815
2016-10-18 00:00:00+00:00,0.3330000042915344
2016-10-19 00:00:00+00:00,0.3230000138282776
2016-10-20 00:00:00+00:00,0.3199999928474426
2016-10-21 00:00:00+00:00,0.3149999976158142
2016-10-24 00:00:00+00:00,0.31299999356269836
2016-10-25 00:00:00+00:00,0.32499998807907104
2016-10-26 00:00:00+00:00,0.31299999356269836
2016-10-27 00:00:00+00:00,0.2750000059604645
2016-10-28 00:00:00+00:00,0.27300000190734863
2016-10-31 00:00:00+00:00,0.29499998688697815
2016-11-01 00:00:00+00:00,0.3449999988079071
2016-11-02 00:00:00+00:00,0.3449999988079071
2016-11-03 00:00:00+00:00,0.3580000102519989
2016-11-04 00:00:00+00:00,0.3580000102519989
2016-11-07 00:00:00+00:00,0.38999998569488525
2016-11-08 00:00:00+00:00,0.41999998688697815
2016-11-09 00:00:00+00:00,0.4180000126361847
2016-11-10 00:00:00+00:00,0.4580000042915344
2016-11-14 00:00:00+00:00,0.503000020980835
2016-11-15 00:00:00+00:00,0.4880000054836273
2016-11-16 00:00:00+00:00,0.453000009059906
2016-11-17 00:00:00+00:00,0.41999998688697815
2016-11-18 00:00:00+00:00,0.4180000126361847
2016-11-21 00:00:00+00:00,0.41999998688697815
2016-11-22 00:00:00+00:00,0.4749999940395355
2016-11-23 00:00:00+00:00,0.48500001430511475
2016-11-25 00:00:00+00:00,0.47999998927116394
2016-11-28 00:00:00+00:00,0.44999998807907104
2016-11-29 00:00:00+00:00,0.46799999475479126
2016-11-30 00:00:00+00:00,0.46799999475479126
2016-12-01 00:00:00+00:00,0.4580000042915344
2016-12-02 00:00:00+00:00,0.45500001311302185
2016-12-05 00:00:00+00:00,0.453000009059906
2016-12-06 00:00:00+00:00,0.48500001430511475
2016-12-07 00:00:00+00:00,0.4880000054836273
2016-12-08 00:00:00+00:00,0.49000000953674316
2016-12-09 00:00:00+00:00,0.5199999809265137
2016-12-12 00:00:00+00:00,0.5
2016-12-13 00:00:00+00:00,0.5230000019073486
2016-12-14 00:00:00+00:00,0.5230000019073486
2016-12-15 00:00:00+00:00,0.4880000054836273
2016-12-16 00:00:00+00:00,0.48500001430511475
2016-12-19 00:00:00+00:00,0.4779999852180481
2016-12-20 00:00:00+00:00,0.5130000114440918
2016-12-21 00:00:00+00:00,0.503000020980835
2016-12-22 00:00:00+00:00,0.49300000071525574
2016-12-23 00:00:00+00:00,0.5
2016-12-27 00:00:00+00:00,0.4950000047683716
2016-12-28 00:00:00+00:00,0.4950000047683716
2016-12-29 00:00:00+00:00,0.4399999976158142
2016-12-30 00:00:00+00:00,0.47999998927116394
2017-01-03 00:00:00+00:00,0.4749999940395355
2017-01-04 00:00:00+00:00,0.5180000066757202
2017-01-05 00:00:00+00:00,0.5080000162124634
2017-01-06 00:00:00+00:00,0.503000020980835
2017-01-09 00:00:00+00:00,0.48500001430511475
2017-01-10 00:00:00+00:00,0.503000020980835
2017-01-11 00:00:00+00:00,0.49799999594688416
2017-01-12 00:00:00+00:00,0.503000020980835
2017-01-13 00:00:00+00:00,0.5130000114440918
2017-01-17 00:00:00+00:00,0.5130000114440918
2017-01-18 00:00:00+00:00,0.5149999856948853
2017-01-19 00:00:00+00:00,0.503000020980835
2017-01-20 00:00:00+00:00,0.47999998927116394
2017-01-23 00:00:00+00:00,0.4729999899864197
2017-01-24 00:00:00+00:00,0.49300000071525574
2017-01-25 00:00:00+00:00,0.4830000102519989
2017-01-26 00:00:00+00:00,0.4880000054836273
2017-01-27 00:00:00+00:00,0.49799999594688416
2017-01-30 00:00:00+00:00,0.4950000047683716
2017-01-31 00:00:00+00:00,0.5
2017-02-01 00:00:00+00:00,0.5
2017-02-02 00:00:00+00:00,0.4880000054836273
2017-02-03 00:00:00+00:00,0.4880000054836273
2017-02-06 00:00:00+00:00,0.503000020980835
2017-02-07 00:00:00+00:00,0.5249999761581421
2017-02-08 00:00:00+00:00,0.5249999761581421
2017-02-09 00:00:00+00:00,0.527999997138977
2017-02-10 00:00:00+00:00,0.5230000019073486
2017-02-13 00:00:00+00:00,0.5230000019073486
2017-02-14 00:00:00+00:00,0.5350000262260437
2017-02-15 00:00:00+00:00,0.5199999809265137
2017-02-16 00:00:00+00:00,0.5080000162124634
2017-02-17 00:00:00+00:00,0.5080000162124634
2017-02-21 00:00:00+00:00,0.5049999952316284
2017-02-22 00:00:00+00:00,0.5099999904632568
2017-02-23 00:00:00+00:00,0.49799999594688416
2017-02-24 00:00:00+00:00,0.49799999594688416
2017-02-27 00:00:00+00:00,0.49000000953674316
2017-02-28 00:00:00+00:00,0.5230000019073486
2017-03-01 00:00:00+00:00,0.6150000095367432
2017-03-02 00:00:00+00:00,0.6449999809265137
2017-03-03 00:00:00+00:00,0.6830000281333923
2017-03-06 00:00:00+00:00,0.7049999833106995
2017-03-07 00:00:00+00:00,0.7350000143051147
2017-03-08 00:00:00+00:00,0.7080000042915344
2017-03-09 00:00:00+00:00,0.7129999995231628
2017-03-10 00:00:00+00:00,0.7250000238418579
2017-03-13 00:00:00+00:00,0.7279999852180481
2017-03-14 00:00:00+00:00,0.753000020980835
2017-03-15 00:00:00+00:00,0.7149999737739563
2017-03-16 00:00:00+00:00,0.7080000042915344
2017-03-17 00:00:00+00:00,0.7080000042915344
2017-03-20 00:00:00+00:00,0.7099999785423279
2017-03-21 00:00:00+00:00,0.753000020980835
2017-03-22 00:00:00+00:00,0.7480000257492065
2017-03-23 00:00:00+00:00,0.7480000257492065
2017-03-24 00:00:00+00:00,0.7480000257492065
2017-03-27 00:00:00+00:00,0.7580000162124634
2017-03-28 00:00:00+00:00,0.7730000019073486
2017-03-29 00:00:00+00:00,0.7549999952316284
2017-03-30 00:00:00+00:00,0.7580000162124634
2017-03-31 00:00:00+00:00,0.7379999756813049
2017-04-03 00:00:00+00:00,0.7400000095367432
2017-04-04 00:00:00+00:00,0.7799999713897705
2017-04-05 00:00:00+00:00,0.7799999713897705
2017-04-06 00:00:00+00:00,0.7879999876022339
2017-04-07 00:00:00+00:00,0.7979999780654907
2017-04-10 00:00:00+00:00,0.7879999876022339
2017-04-11 00:00:00+00:00,0.800000011920929
2017-04-12 00:00:00+00:00,0.7929999828338623
2017-04-13 00:00:00+00:00,0.7900000214576721
2017-04-17 00:00:00+00:00,0.7900000214576721
2017-04-18 00:00:00+00:00,0.8050000071525574
2017-04-19 00:00:00+00:00,0.7850000262260437
2017-04-20 00:00:00+00:00,0.7699999809265137
2017-04-21 00:00:00+00:00,0.7630000114440918
2017-04-24 00:00:00+00:00,0.7699999809265137
2017-04-25 00:00:00+00:00,0.8080000281333923
2017-04-26 00:00:00+00:00,0.8029999732971191
2017-04-27 00:00:00+00:00,0.7850000262260437
2017-04-28 00:00:00+00:00,0.7799999713897705
2017-05-01 00:00:00+00:00,0.7850000262260437
2017-05-02 00:00:00+00:00,0.8429999947547913
2017-05-03 00:00:00+00:00,0.8479999899864197
2017-05-04 00:00:00+00:00,0.8550000190734863
2017-05-05 00:00:00+00:00,0.8679999709129333
2017-05-08 00:00:00+00:00,0.8700000047683716
2017-05-09 00:00:00+00:00,0.8899999856948853
2017-05-10 00:00:00+00:00,0.875
2017-05-11 00:00:00+00:00,0.8600000143051147
2017-05-12 00:00:00+00:00,0.8550000190734863
2017-05-15 00:00:00+00:00,0.8629999756813049
2017-05-16 00:00:00+00:00,0.8899999856948853
2017-05-17 00:00:00+00:00,0.875
2017-05-18 00:00:00+00:00,0.8930000066757202
2017-05-19 00:00:00+00:00,0.8880000114440918
2017-05-22 00:00:00+00:00,0.878000020980835
2017-05-23 00:00:00+00:00,0.9129999876022339
2017-05-24 00:00:00+00:00,0.9049999713897705
2017-05-25 00:00:00+00:00,0.9079999923706055
2017-05-26 00:00:00+00:00,0.9100000262260437
2017-05-30 00:00:00+00:00,0.9100000262260437
2017-05-31 00:00:00+00:00,0.949999988079071
2017-06-01 00:00:00+00:00,0.9480000138282776
2017-06-02 00:00:00+00:00,0.953000009059906
2017-06-05 00:00:00+00:00,0.9480000138282776
2017-06-06 00:00:00+00:00,0.9580000042915344
2017-06-07 00:00:00+00:00,0.9729999899864197
2017-06-08 00:00:00+00:00,0.9729999899864197
2017-06-09 00:00:00+00:00,0.9800000190734863
2017-06-12 00:00:00+00:00,0.9729999899864197
2017-06-13 00:00:00+00:00,0.9829999804496765
2017-06-14 00:00:00+00:00,0.9829999804496765
2017-06-15 00:00:00+00:00,0.9929999709129333
2017-06-16 00:00:00+00:00,0.9850000143051147
2017-06-19 00:00:00+00:00,0.9850000143051147
2017-06-20 00:00:00+00:00,0.9929999709129333
2017-06-21 00:00:00+00:00,0.9679999947547913
2017-06-22 00:00:00+00:00,0.9330000281333923
2017-06-23 00:00:00+00:00,0.9330000281333923
2017-06-26 00:00:00+00:00,0.9330000281333923
2017-06-27 00:00:00+00:00,0.9900000095367432
2017-06-28 00:00:00+00:00,0.9850000143051147
2017-06-29 00:00:00+00:00,1.003000020980835
2017-06-30 00:00:00+00:00,0.9929999709129333
2017-07-03 00:00:00+00:00,1.0
2017-07-05 00:00:00+00:00,1.0199999809265137
2017-07-06 00:00:00+00:00,1.0080000162124634
2017-07-07 00:00:00+00:00,1.0080000162124634
2017-07-10 00:00:00+00:00,1.0130000114440918
2017-07-11 00:00:00+00:00,1.0329999923706055
2017-07-12 00:00:00+00:00,1.0230000019073486
2017-07-13 00:00:00+00:00,1.0130000114440918
2017-07-14 00:00:00+00:00,1.0080000162124634
2017-07-17 00:00:00+00:00,1.0199999809265137
2017-07-18 00:00:00+00:00,1.0399999618530273
2017-07-19 00:00:00+00:00,1.0850000381469727
2017-07-20 00:00:00+00:00,1.1130000352859497
2017-07-21 00:00:00+00:00,1.1380000114440918
2017-07-24 00:00:00+00:00,1.149999976158142
2017-07-25 00:00:00+00:00,1.1430000066757202
2017-07-26 00:00:00+00:00,1.0950000286102295
2017-07-27 00:00:00+00:00,1.0779999494552612
2017-07-28 00:00:00+00:00,1.0529999732971191
2017-07-31 00:00:00+00:00,1.0529999732971191
2017-08-01 00:00:00+00:00,1.0579999685287476
2017-08-02 00:00:00+00:00,1.0499999523162842
2017-08-03 00:00:00+00:00,1.0579999685287476
2017-08-04 00:00:00+00:00,1.0529999732971191
2017-08-07 00:00:00+00:00,1.0329999923706055
2017-08-08 00:00:00+00:00,1.0299999713897705
2017-08-09 00:00:00+00:00,1.024999976158142
2017-08-10 00:00:00+00:00,1.0180000066757202
2017-08-11 00:00:00+00:00,1.0130000114440918
2017-08-14 00:00:00+00:00,1.003000020980835
2017-08-15 00:00:00+00:00,1.0080000162124634
2017-08-16 00:00:00+00:00,0.9850000143051147
2017-08-17 00:00:00+00:00,0.9779999852180481
2017-08-18 00:00:00+00:00,0.9879999756813049
2017-08-21 00:00:00+00:00,0.9649999737739563
2017-08-22 00:00:00+00:00,0.9950000047683716
2017-08-23 00:00:00+00:00,0.9800000190734863
2017-08-24 00:00:00+00:00,0.9980000257492065
2017-08-25 00:00:00+00:00,0.9950000047683716
2017-08-28 00:00:00+00:00,1.0049999952316284
2017-08-29 00:00:00+00:00,1.0099999904632568
2017-08-30 00:00:00+00:00,0.9980000257492065
2017-08-31 00:00:00+00:00,0.9779999852180481
2017-09-01 00:00:00+00:00,0.9850000143051147
2017-09-05 00:00:00+00:00,0.9829999804496765
2017-09-06 00:00:00+00:00,1.0379999876022339
2017-09-07 00:00:00+00:00,1.0230000019073486
2017-09-08 00:00:00+00:00,1.0199999809265137
2017-09-11 00:00:00+00:00,1.0199999809265137
2017-09-12 00:00:00+00:00,1.0180000066757202
2017-09-13 00:00:00+00:00,1.0180000066757202
2017-09-14 00:00:00+00:00,1.027999997138977
2017-09-15 00:00:00+00:00,1.0099999904632568
2017-09-18 00:00:00+00:00,1.0
2017-09-19 00:00:00+00:00,1.0180000066757202
2017-09-20 00:00:00+00:00,1.0199999809265137
2017-09-21 00:00:00+00:00,1.0080000162124634
2017-09-22 00:00:00+00:00,1.003000020980835
2017-09-25 00:00:00+00:00,0.9980000257492065
2017-09-26 00:00:00+00:00,1.0429999828338623
2017-09-27 00:00:00+00:00,1.0379999876022339
2017-09-28 00:00:00+00:00,1.0299999713897705
2017-09-29 00:00:00+00:00,1.027999997138977
2017-10-02 00:00:00+00:00,1.0130000114440918
2017-10-03 00:00:00+00:00,1.034999966621399
2017-10-04 00:00:00+00:00,1.0429999828338623
2017-10-05 00:00:00+00:00,1.0429999828338623
2017-10-06 00:00:00+00:00,1.0429999828338623
2017-10-09 00:00:00+00:00,1.0449999570846558
2017-10-10 00:00:00+00:00,1.0549999475479126
2017-10-11 00:00:00+00:00,1.0679999589920044
2017-10-12 00:00:00+00:00,1.0529999732971191
2017-10-13 00:00:00+00:00,1.0499999523162842
2017-10-16 00:00:00+00:00,1.0549999475479126
2017-10-17 00:00:00+00:00,1.0729999542236328
2017-10-18 00:00:00+00:00,1.0679999589920044
2017-10-19 00:00:00+00:00,1.065000057220459
2017-10-20 00:00:00+00:00,1.0750000476837158
2017-10-23 00:00:00+00:00,1.0700000524520874
2017-10-24 00:00:00+00:00,1.0980000495910645
2017-10-25 00:00:00+00:00,1.0829999446868896
2017-10-26 00:00:00+00:00,1.0800000429153442
2017-10-27 00:00:00+00:00,1.0729999542236328
2017-10-30 00:00:00+00:00,1.0750000476837158
2017-10-31 00:00:00+00:00,1.1230000257492065
2017-11-01 00:00:00+00:00,1.1380000114440918
2017-11-02 00:00:00+00:00,1.1380000114440918
2017-11-03 00:00:00+00:00,1.1480000019073486
2017-11-06 00:00:00+00:00,1.1579999923706055
2017-11-07 00:00:00+00:00,1.187999963760376
2017-11-08 00:00:00+00:00,1.1950000524520874
2017-11-09 00:00:00+00:00,1.2029999494552612
2017-11-10 00:00:00+00:00,1.2000000476837158
2017-11-13 00:00:00+00:00,1.184999942779541
2017-11-14 00:00:00+00:00,1.2400000095367432
2017-11-15 00:00:00+00:00,1.2300000190734863
2017-11-16 00:00:00+00:00,1.2300000190734863
2017-11-17 00:00:00+00:00,1.2400000095367432
2017-11-20 00:00:00+00:00,1.2400000095367432
2017-11-21 00:00:00+00:00,1.277999997138977
2017-11-22 00:00:00+00:00,1.2649999856948853
2017-11-24 00:00:00+00:00,1.2400000095367432
2017-11-27 00:00:00+00:00,1.2230000495910645
2017-11-28 00:00:00+00:00,1.2649999856948853
2017-11-29 00:00:00+00:00,1.2580000162124634
2017-11-30 00:00:00+00:00,1.2380000352859497
2017-12-01 00:00:00+00:00,1.2350000143051147
2017-12-04 00:00:00+00:00,1.2450000047683716
2017-12-05 00:00:00+00:00,1.2829999923706055
2017-12-06 00:00:00+00:00,1.2630000114440918
2017-12-07 00:00:00+00:00,1.2599999904632568
2017-12-08 00:00:00+00:00,1.253000020980835
2017-12-11 00:00:00+00:00,1.2630000114440918
2017-12-12 00:00:00+00:00,1.309999942779541
2017-12-13 00:00:00+00:00,1.2730000019073486
2017-12-14 00:00:00+00:00,1.2829999923706055
2017-12-15 00:00:00+00:00,1.284999966621399
2017-12-18 00:00:00+00:00,1.315000057220459
2017-12-19 00:00:00+00:00,1.3530000448226929
2017-12-20 00:00:00+00:00,1.350000023841858
2017-12-21 00:00:00+00:00,1.3200000524520874
2017-12-22 00:00:00+00:00,1.2979999780654907
2017-12-26 00:00:00+00:00,1.3029999732971191
2017-12-27 00:00:00+00:00,1.4079999923706055
2017-12-28 00:00:00+00:00,1.3700000047683716
2017-12-29 00:00:00+00:00,1.3550000190734863
2018-01-02 00:00:00+00:00,1.378000020980835
2018-01-03 00:00:00+00:00,1.3700000047683716
2018-01-04 00:00:00+00:00,1.3700000047683716
2018-01-05 00:00:00+00:00,1.3700000047683716
2018-01-08 00:00:00+00:00,1.3799999952316284
2018-01-09 00:00:00+00:00,1.4149999618530273
2018-01-10 00:00:00+00:00,1.3949999809265137
2018-01-11 00:00:00+00:00,1.402999997138977
2018-01-12 00:00:00+00:00,1.409999966621399
2018-01-16 00:00:00+00:00,1.3949999809265137
2018-01-17 00:00:00+00:00,1.4149999618530273
2018-01-18 00:00:00+00:00,1.4049999713897705
2018-01-19 00:00:00+00:00,1.402999997138977
2018-01-22 00:00:00+00:00,1.3899999856948853
2018-01-23 00:00:00+00:00,1.4129999876022339
2018-01-24 00:00:00+00:00,1.409999966621399
2018-01-25 00:00:00+00:00,1.3930000066757202
2018-01-26 00:00:00+00:00,1.3880000114440918
2018-01-29 00:00:00+00:00,1.375
2018-01-30 00:00:00+00:00,1.4249999523162842
2018-01-31 00:00:00+00:00,1.4299999475479126
2018-02-01 00:00:00+00:00,1.4529999494552612
2018-02-02 00:00:00+00:00,1.4500000476837158
2018-02-05 00:00:00+00:00,1.4579999446868896
2018-02-06 00:00:00+00:00,1.4880000352859497
2018-02-07 00:00:00+00:00,1.5149999856948853
2018-02-08 00:00:00+00:00,1.5149999856948853
2018-02-09 00:00:00+00:00,1.524999976158142
2018-02-12 00:00:00+00:00,1.534999966621399
2018-02-13 00:00:00+00:00,1.5700000524520874
2018-02-14 00:00:00+00:00,1.5499999523162842
2018-02-15 00:00:00+00:00,1.559999942779541
2018-02-16 00:00:00+00:00,1.5700000524520874
2018-02-20 00:00:00+00:00,1.5729999542236328
2018-02-21 00:00:00+00:00,1.6080000400543213
2018-02-22 00:00:00+00:00,1.6050000190734863
2018-02-23 00:00:00+00:00,1.6050000190734863
2018-02-26 00:00:00+00:00,1.6080000400543213
2018-02-27 00:00:00+00:00,1.6349999904632568
2018-02-28 00:00:00+00:00,1.6180000305175781
2018-03-01 00:00:00+00:00,1.590000033378601
2018-03-02 00:00:00+00:00,1.6050000190734863
2018-03-05 00:00:00+00:00,1.625
2018-03-06 00:00:00+00:00,1.6430000066757202
2018-03-07 00:00:00+00:00,1.649999976158142
2018-03-08 00:00:00+00:00,1.6349999904632568
2018-03-09 00:00:00+00:00,1.6349999904632568
2018-03-12 00:00:00+00:00,1.6430000066757202
2018-03-13 00:00:00+00:00,1.690000057220459
2018-03-14 00:00:00+00:00,1.718000054359436
2018-03-15 00:00:00+00:00,1.7330000400543213
2018-03-16 00:00:00+00:00,1.7380000352859497
2018-03-19 00:00:00+00:00,1.7280000448226929
2018-03-20 00:00:00+00:00,1.7580000162124634
2018-03-21 00:00:00+00:00,1.7100000381469727
2018-03-22 00:00:00+00:00,1.6829999685287476
2018-03-23 00:00:00+00:00,1.687999963760376
2018-03-26 00:00:00+00:00,1.7050000429153442
2018-03-27 00:00:00+00:00,1.7330000400543213
2018-03-28 00:00:00+00:00,1.6950000524520874
2018-03-29 00:00:00+00:00,1.6699999570846558
2018-04-02 00:00:00+00:00,1.6829999685287476
2018-04-03 00:00:00+00:00,1.7130000591278076
2018-04-04 00:00:00+00:00,1.6679999828338623
2018-04-05 00:00:00+00:00,1.6749999523162842
2018-04-06 00:00:00+00:00,1.6799999475479126
2018-04-09 00:00:00+00:00,1.6749999523162842
2018-04-10 00:00:00+00:00,1.6950000524520874
2018-04-11 00:00:00+00:00,1.6929999589920044
2018-04-12 00:00:00+00:00,1.7050000429153442
2018-04-13 00:00:00+00:00,1.718000054359436
2018-04-16 00:00:00+00:00,1.7130000591278076
2018-04-17 00:00:00+00:00,1.7549999952316284
2018-04-18 00:00:00+00:00,1.7699999809265137
2018-04-19 00:00:00+00:00,1.7829999923706055
2018-04-20 00:00:00+00:00,1.7649999856948853
2018-04-23 00:00:00+00:00,1.7829999923706055
2018-04-24 00:00:00+00:00,1.8229999542236328
2018-04-25 00:00:00+00:00,1.815000057220459
2018-04-26 00:00:00+00:00,1.784999966621399
2018-04-27 00:00:00+00:00,1.7699999809265137
2018-04-30 00:00:00+00:00,1.7630000114440918
2018-05-01 00:00:00+00:00,1.809999942779541
2018-05-02 00:00:00+00:00,1.784999966621399
2018-05-03 00:00:00+00:00,1.7879999876022339
2018-05-04 00:00:00+00:00,1.7929999828338623
2018-05-07 00:00:00+00:00,1.7929999828338623
2018-05-08 00:00:00+00:00,1.8350000381469727
2018-05-09 00:00:00+00:00,1.8450000286102295
2018-05-10 00:00:00+00:00,1.8450000286102295
2018-05-11 00:00:00+00:00,1.8600000143051147
2018-05-14 00:00:00+00:00,1.8550000190734863
2018-05-15 00:00:00+00:00,1.875
2018-05-16 00:00:00+00:00,1.8650000095367432
2018-05-17 00:00:00+00:00,1.8630000352859497
2018-05-18 00:00:00+00:00,1.8550000190734863
2018-05-21 00:00:00+00:00,1.8630000352859497
2018-05-22 00:00:00+00:00,1.8930000066757202
2018-05-23 00:00:00+00:00,1.8730000257492065
2018-05-24 00:00:00+00:00,1.8600000143051147
2018-05-25 00:00:00+00:00,1.8530000448226929
2018-05-29 00:00:00+00:00,1.840000033378601
2018-05-30 00:00:00+00:00,1.878000020980835
2018-05-31 00:00:00+00:00,1.8700000047683716
2018-06-01 00:00:00+00:00,1.8680000305175781
2018-06-04 00:00:00+00:00,1.8650000095367432
2018-06-05 00:00:00+00:00,1.902999997138977
2018-06-06 00:00:00+00:00,1.899999976158142
2018-06-07 00:00:00+00:00,1.8849999904632568
2018-06-08 00:00:00+00:00,1.8799999952316284
2018-06-11 00:00:00+00:00,1.8680000305175781
2018-06-12 00:00:00+00:00,1.8880000114440918
2018-06-13 00:00:00+00:00,1.8949999809265137
2018-06-14 00:00:00+00:00,1.8830000162124634
2018-06-15 00:00:00+00:00,1.8880000114440918
2018-06-18 00:00:00+00:00,1.8830000162124634
2018-06-19 00:00:00+00:00,1.8980000019073486
2018-06-20 00:00:00+00:00,1.8880000114440918
2018-06-21 00:00:00+00:00,1.8899999856948853
2018-06-22 00:00:00+00:00,1.8700000047683716
2018-06-25 00:00:00+00:00,1.8530000448226929
2018-06-26 00:00:00+00:00,1.8930000066757202
2018-06-27 00:00:00+00:00,1.8799999952316284
2018-06-28 00:00:00+00:00,1.8799999952316284
2018-06-29 00:00:00+00:00,1.8799999952316284
2018-07-02 00:00:00+00:00,1.8949999809265137
2018-07-03 00:00:00+00:00,1.9329999685287476
2018-07-05 00:00:00+00:00,1.909999966621399
2018-07-06 00:00:00+00:00,1.9049999713897705
2018-07-09 00:00:00+00:00,1.9149999618530273
2018-07-10 00:00:00+00:00,1.934999942779541
2018-07-11 00:00:00+00:00,1.9199999570846558
2018-07-12 00:00:00+00:00,1.9279999732971191
2018-07-13 00:00:00+00:00,1.9279999732971191
2018-07-16 00:00:00+00:00,1.937999963760376
2018-07-17 00:00:00+00:00,1.975000023841858
2018-07-18 00:00:00+00:00,1.9600000381469727
2018-07-19 00:00:00+00:00,1.9479999542236328
2018-07-20 00:00:00+00:00,1.9329999685287476
2018-07-23 00:00:00+00:00,1.9199999570846558
2018-07-24 00:00:00+00:00,1.9600000381469727
2018-07-25 00:00:00+00:00,1.9529999494552612
2018-07-26 00:00:00+00:00,1.9450000524520874
2018-07-27 00:00:00+00:00,1.9450000524520874
2018-07-30 00:00:00+00:00,1.9450000524520874
2018-07-31 00:00:00+00:00,1.9850000143051147
2018-08-01 00:00:00+00:00,1.9780000448226929
2018-08-02 00:00:00+00:00,1.965000033378601
2018-08-03 00:00:00+00:00,1.9600000381469727
2018-08-06 00:00:00+00:00,1.968000054359436
2018-08-07 00:00:00+00:00,2.007999897003174
2018-08-08 00:00:00+00:00,2.007999897003174
2018-08-09 00:00:00+00:00,2.005000114440918
2018-08-10 00:00:00+00:00,2.0
2018-08-13 00:00:00+00:00,1.9950000047683716
2018-08-14 00:00:00+00:00,2.0329999923706055
2018-08-15 00:00:00+00:00,2.0199999809265137
2018-08-16 00:00:00+00:00,2.015000104904175
2018-08-17 00:00:00+00:00,1.9950000047683716
2018-08-20 00:00:00+00:00,1.9930000305175781
2018-08-21 00:00:00+00:00,2.0350000858306885
2018-08-22 00:00:00+00:00,2.0350000858306885
2018-08-23 00:00:00+00:00,2.0329999923706055
2018-08-24 00:00:00+00:00,2.0480000972747803
2018-08-27 00:00:00+00:00,2.059999942779541
2018-08-28 00:00:00+00:00,2.078000068664551
2018-08-29 00:00:00+00:00,2.0799999237060547
2018-08-30 00:00:00+00:00,2.058000087738037
2018-08-31 00:00:00+00:00,2.055000066757202
2018-09-04 00:00:00+00:00,2.068000078201294
2018-09-05 00:00:00+00:00,2.0899999141693115
2018-09-06 00:00:00+00:00,2.0799999237060547
2018-09-07 00:00:00+00:00,2.0880000591278076
2018-09-10 00:00:00+00:00,2.0829999446868896
2018-09-11 00:00:00+00:00,2.1080000400543213
2018-09-12 00:00:00+00:00,2.1050000190734863
2018-09-13 00:00:00+00:00,2.0929999351501465
2018-09-14 00:00:00+00:00,2.1029999256134033
2018-09-17 00:00:00+00:00,2.1080000400543213
2018-09-18 00:00:00+00:00,2.125
2018-09-19 00:00:00+00:00,2.119999885559082
2018-09-20 00:00:00+00:00,2.118000030517578
2018-09-21 00:00:00+00:00,2.122999906539917
2018-09-24 00:00:00+00:00,2.122999906539917
2018-09-25 00:00:00+00:00,2.1679999828338623
2018-09-26 00:00:00+00:00,2.1600000858306885
2018-09-27 00:00:00+00:00,2.140000104904175
2018-09-28 00:00:00+00:00,2.1500000953674316
2018-10-01 00:00:00+00:00,2.1549999713897705
2018-10-02 00:00:00+00:00,2.174999952316284
2018-10-03 00:00:00+00:00,2.1700000762939453
2018-10-04 00:00:00+00:00,2.1700000762939453
2018-10-05 00:00:00+00:00,2.1649999618530273
2018-10-08 00:00:00+00:00,2.1649999618530273
2018-10-09 00:00:00+00:00,2.184999942779541
2018-10-10 00:00:00+00:00,2.2200000286102295
2018-10-11 00:00:00+00:00,2.2149999141693115
2018-10-12 00:00:00+00:00,2.2179999351501465
2018-10-15 00:00:00+00:00,2.2300000190734863
2018-10-16 00:00:00+00:00,2.259999990463257
2018-10-17 00:00:00+00:00,2.259999990463257
2018-10-18 00:00:00+00:00,2.255000114440918
2018-10-19 00:00:00+00:00,2.259999990463257
2018-10-22 00:00:00+00:00,2.257999897003174
2018-10-23 00:00:00+00:00,2.2899999618530273
2018-10-24 00:00:00+00:00,2.2850000858306885
2018-10-25 00:00:00+00:00,2.2799999713897705
2018-10-26 00:00:00+00:00,2.2730000019073486
2018-10-29 00:00:00+00:00,2.259999990463257
2018-10-30 00:00:00+00:00,2.2829999923706055
2018-10-31 00:00:00+00:00,2.2780001163482666
2018-11-01 00:00:00+00:00,2.2699999809265137
2018-11-02 00:00:00+00:00,2.2730000019073486
2018-11-05 00:00:00+00:00,2.2679998874664307
2018-11-06 00:00:00+00:00,2.309999942779541
2018-11-07 00:00:00+00:00,2.309999942779541
2018-11-08 00:00:00+00:00,2.302999973297119
2018-11-09 00:00:00+00:00,2.299999952316284
2018-11-12 00:00:00+00:00,2.299999952316284
2018-11-13 00:00:00+00:00,2.2950000762939453
2018-11-14 00:00:00+00:00,2.325000047683716
2018-11-15 00:00:00+00:00,2.309999942779541
2018-11-16 00:00:00+00:00,2.299999952316284
2018-11-19 00:00:00+00:00,2.299999952316284
2018-11-20 00:00:00+00:00,2.3350000381469727
2018-11-21 00:00:00+00:00,2.3499999046325684
2018-11-23 00:00:00+00:00,2.3480000495910645
2018-11-26 00:00:00+00:00,2.3429999351501465
2018-11-27 00:00:00+00:00,2.3529999256134033
2018-11-28 00:00:00+00:00,2.3350000381469727
2018-11-29 00:00:00+00:00,2.309999942779541
2018-11-30 00:00:00+00:00,2.308000087738037
2018-12-03 00:00:00+00:00,2.2880001068115234
2018-12-04 00:00:00+00:00,2.365000009536743
2018-12-06 00:00:00+00:00,2.3529999256134033
2018-12-07 00:00:00+00:00,2.3399999141693115
2018-12-10 00:00:00+00:00,2.3299999237060547
2018-12-11 00:00:00+00:00,2.369999885559082
2018-12-12 00:00:00+00:00,2.375
2018-12-13 00:00:00+00:00,2.36299991607666
2018-12-14 00:00:00+00:00,2.368000030517578
2018-12-17 00:00:00+00:00,2.3399999141693115
2018-12-18 00:00:00+00:00,2.328000068664551
2018-12-19 00:00:00+00:00,2.3380000591278076
2018-12-20 00:00:00+00:00,2.3350000381469727
2018-12-21 00:00:00+00:00,2.3299999237060547
2018-12-24 00:00:00+00:00,2.3329999446868896
2018-12-26 00:00:00+00:00,2.380000114440918
2018-12-27 00:00:00+00:00,2.3480000495910645
2018-12-28 00:00:00+00:00,2.328000068664551
2018-12-31 00:00:00+00:00,2.299999952316284
2019-01-02 00:00:00+00:00,2.365000009536743
2019-01-03 00:00:00+00:00,2.3550000190734863
2019-01-04 00:00:00+00:00,2.3580000400543213
2019-01-07 00:00:00+00:00,2.3529999256134033
2019-01-08 00:00:00+00:00,2.4000000953674316
2019-01-09 00:00:00+00:00,2.390000104904175
2019-01-10 00:00:00+00:00,2.375
2019-01-11 00:00:00+00:00,2.369999885559082
2019-01-14 00:00:00+00:00,2.359999895095825
2019-01-15 00:00:00+00:00,2.382999897003174
2019-01-16 00:00:00+00:00,2.36299991607666
2019-01-17 00:00:00+00:00,2.3550000190734863
2019-01-18 00:00:00+00:00,2.3480000495910645
2019-01-22 00:00:00+00:00,2.3450000286102295
2019-01-23 00:00:00+00:00,2.3529999256134033
2019-01-24 00:00:00+00:00,2.305000066757202
2019-01-25 00:00:00+00:00,2.328000068664551
2019-01-28 00:00:00+00:00,2.3329999446868896
2019-01-29 00:00:00+00:00,2.365000009536743
2019-01-30 00:00:00+00:00,2.365000009536743
2019-01-31 00:00:00+00:00,2.3399999141693115
2019-02-01 00:00:00+00:00,2.3399999141693115
2019-02-04 00:00:00+00:00,2.3350000381469727
2019-02-05 00:00:00+00:00,2.365000009536743
2019-02-06 00:00:00+00:00,2.365000009536743
2019-02-07 00:00:00+00:00,2.3550000190734863
2019-02-08 00:00:00+00:00,2.365000009536743
2019-02-11 00:00:00+00:00,2.375
2019-02-12 00:00:00+00:00,2.378000020980835
2019-02-13 00:00:00+00:00,2.372999906539917
2019-02-14 00:00:00+00:00,2.372999906539917
2019-02-15 00:00:00+00:00,2.369999885559082
2019-02-19 00:00:00+00:00,2.372999906539917
2019-02-20 00:00:00+00:00,2.382999897003174
2019-02-21 00:00:00+00:00,2.3949999809265137
2019-02-22 00:00:00+00:00,2.3929998874664307
2019-02-25 00:00:00+00:00,2.3929998874664307
2019-02-26 00:00:00+00:00,2.4000000953674316
2019-02-27 00:00:00+00:00,2.3929998874664307
2019-02-28 00:00:00+00:00,2.382999897003174
2019-03-01 00:00:00+00:00,2.378000020980835
2019-03-04 00:00:00+00:00,2.375
2019-03-05 00:00:00+00:00,2.4000000953674316
2019-03-06 00:00:00+00:00,2.4049999713897705
2019-03-07 00:00:00+00:00,2.3949999809265137
2019-03-08 00:00:00+00:00,2.3929998874664307
2019-03-11 00:00:00+00:00,2.380000114440918
2019-03-12 00:00:00+00:00,2.3949999809265137
2019-03-13 00:00:00+00:00,2.388000011444092
2019-03-14 00:00:00+00:00,2.388000011444092
2019-03-15 00:00:00+00:00,2.388000011444092
2019-03-18 00:00:00+00:00,2.384999990463257
2019-03-19 00:00:00+00:00,2.4049999713897705
2019-03-20 00:00:00+00:00,2.4079999923706055
2019-03-21 00:00:00+00:00,2.4079999923706055
2019-03-22 00:00:00+00:00,2.3980000019073486
2019-03-25 00:00:00+00:00,2.390000104904175
2019-03-26 00:00:00+00:00,2.4049999713897705
2019-03-27 00:00:00+00:00,2.378000020980835
2019-03-28 00:00:00+00:00,2.369999885559082
2019-03-29 00:00:00+00:00,2.328000068664551
2019-04-01 00:00:00+00:00,2.322999954223633
2019-04-02 00:00:00+00:00,2.369999885559082
2019-04-03 00:00:00+00:00,2.372999906539917
2019-04-04 00:00:00+00:00,2.369999885559082
2019-04-05 00:00:00+00:00,2.369999885559082
2019-04-08 00:00:00+00:00,2.365000009536743
2019-04-09 00:00:00+00:00,2.365000009536743
2019-04-10 00:00:00+00:00,2.36299991607666
2019-04-11 00:00:00+00:00,2.365000009536743
2019-04-12 00:00:00+00:00,2.375
2019-04-15 00:00:00+00:00,2.359999895095825
2019-04-16 00:00:00+00:00,2.378000020980835
2019-04-17 00:00:00+00:00,2.380000114440918
2019-04-18 00:00:00+00:00,2.365000009536743
2019-04-22 00:00:00+00:00,2.375
2019-04-23 00:00:00+00:00,2.390000104904175
2019-04-24 00:00:00+00:00,2.375
2019-04-25 00:00:00+00:00,2.365000009536743
2019-04-26 00:00:00+00:00,2.359999895095825
2019-04-29 00:00:00+00:00,2.359999895095825
2019-04-30 00:00:00+00:00,2.368000030517578
2019-05-01 00:00:00+00:00,2.36299991607666
2019-05-02 00:00:00+00:00,2.372999906539917
2019-05-03 00:00:00+00:00,2.368000030517578
2019-05-06 00:00:00+00:00,2.36299991607666
2019-05-07 00:00:00+00:00,2.368000030517578
2019-05-08 00:00:00+00:00,2.369999885559082
2019-05-09 00:00:00+00:00,2.369999885559082
2019-05-10 00:00:00+00:00,2.369999885559082
2019-05-13 00:00:00+00:00,2.3499999046325684
2019-05-14 00:00:00+00:00,2.3529999256134033
2019-05-15 00:00:00+00:00,2.3499999046325684
2019-05-16 00:00:00+00:00,2.3380000591278076
2019-05-17 00:00:00+00:00,2.3299999237060547
2019-05-20 00:00:00+00:00,2.319999933242798
2019-05-21 00:00:00+00:00,2.3299999237060547
2019-05-22 00:00:00+00:00,2.319999933242798
2019-05-23 00:00:00+00:00,2.302999973297119
2019-05-24 00:00:00+00:00,2.2880001068115234
2019-05-28 00:00:00+00:00,2.2980000972747803
2019-05-29 00:00:00+00:00,2.2980000972747803
2019-05-30 00:00:00+00:00,2.309999942779541
2019-05-31 00:00:00+00:00,2.2929999828338623
2019-06-03 00:00:00+00:00,2.2799999713897705
2019-06-04 00:00:00+00:00,2.2950000762939453
2019-06-05 00:00:00+00:00,2.2850000858306885
2019-06-06 00:00:00+00:00,2.255000114440918
2019-06-07 00:00:00+00:00,2.2149999141693115
2019-06-10 00:00:00+00:00,2.2200000286102295
2019-06-11 00:00:00+00:00,2.2130000591278076
2019-06-12 00:00:00+00:00,2.1649999618530273
2019-06-13 00:00:00+00:00,2.140000104904175
2019-06-14 00:00:00+00:00,2.125
2019-06-17 00:00:00+00:00,2.138000011444092
2019-06-18 00:00:00+00:00,2.1679999828338623
2019-06-19 00:00:00+00:00,2.125
2019-06-20 00:00:00+00:00,2.078000068664551
2019-06-21 00:00:00+00:00,2.055000066757202
2019-06-24 00:00:00+00:00,2.058000087738037
2019-06-25 00:00:00+00:00,2.0829999446868896
2019-06-26 00:00:00+00:00,2.0929999351501465
2019-06-27 00:00:00+00:00,2.0850000381469727
2019-06-28 00:00:00+00:00,2.0350000858306885
2019-07-01 00:00:00+00:00,2.065000057220459
2019-07-02 00:00:00+00:00,2.1480000019073486
2019-07-03 00:00:00+00:00,2.1500000953674316
2019-07-05 00:00:00+00:00,2.1630001068115234
2019-07-08 00:00:00+00:00,2.177999973297119
2019-07-09 00:00:00+00:00,2.194999933242798
2019-07-10 00:00:00+00:00,2.130000114440918
2019-07-11 00:00:00+00:00,2.0980000495910645
2019-07-12 00:00:00+00:00,2.0899999141693115
2019-07-15 00:00:00+00:00,2.0850000381469727
2019-07-16 00:00:00+00:00,2.1029999256134033
2019-07-17 00:00:00+00:00,2.072999954223633
2019-07-18 00:00:00+00:00,2.013000011444092
2019-07-19 00:00:00+00:00,2.013000011444092
2019-07-22 00:00:00+00:00,2.0250000953674316
2019-07-23 00:00:00+00:00,2.0329999923706055
2019-07-24 00:00:00+00:00,2.0399999618530273
2019-07-25 00:00:00+00:00,2.059999942779541
2019-07-26 00:00:00+00:00,2.062999963760376
2019-07-29 00:00:00+00:00,2.049999952316284
2019-07-30 00:00:00+00:00,2.0399999618530273
2019-07-31 00:00:00+00:00,2.0299999713897705
2019-08-01 00:00:00+00:00,2.0299999713897705
2019-08-02 00:00:00+00:00,2.0
2019-08-05 00:00:00+00:00,1.9529999494552612
2019-08-06 00:00:00+00:00,1.9950000047683716
2019-08-07 00:00:00+00:00,1.968000054359436
2019-08-08 00:00:00+00:00,1.9700000286102295
2019-08-09 00:00:00+00:00,1.9500000476837158
2019-08-12 00:00:00+00:00,1.9279999732971191
2019-08-13 00:00:00+00:00,1.9550000429153442
2019-08-14 00:00:00+00:00,1.9079999923706055
2019-08-15 00:00:00+00:00,1.843000054359436
2019-08-16 00:00:00+00:00,1.8229999542236328
2019-08-19 00:00:00+00:00,1.8530000448226929
2019-08-20 00:00:00+00:00,1.899999976158142
2019-08-21 00:00:00+00:00,1.9279999732971191
2019-08-22 00:00:00+00:00,1.937999963760376
2019-08-23 00:00:00+00:00,1.909999966621399
2019-08-26 00:00:00+00:00,1.9329999685287476
2019-08-27 00:00:00+00:00,1.9429999589920044
2019-08-28 00:00:00+00:00,1.940000057220459
2019-08-29 00:00:00+00:00,1.940000057220459
2019-08-30 00:00:00+00:00,1.9329999685287476
2019-09-03 00:00:00+00:00,1.909999966621399
2019-09-04 00:00:00+00:00,1.9049999713897705
2019-09-05 00:00:00+00:00,1.9199999570846558
2019-09-06 00:00:00+00:00,1.909999966621399
2019-09-09 00:00:00+00:00,1.9079999923706055
2019-09-10 00:00:00+00:00,1.9129999876022339
2019-09-11 00:00:00+00:00,1.9129999876022339
2019-09-12 00:00:00+00:00,1.8949999809265137
2019-09-13 00:00:00+00:00,1.899999976158142
2019-09-16 00:00:00+00:00,1.9450000524520874
2019-09-17 00:00:00+00:00,1.937999963760376
2019-09-18 00:00:00+00:00,1.8799999952316284
2019-09-19 00:00:00+00:00,1.8830000162124634
2019-09-20 00:00:00+00:00,1.850000023841858
2019-09-23 00:00:00+00:00,1.8450000286102295
2019-09-24 00:00:00+00:00,1.8799999952316284
2019-09-25 00:00:00+00:00,1.8450000286102295
2019-09-26 00:00:00+00:00,1.7699999809265137
2019-09-27 00:00:00+00:00,1.7300000190734863
2019-09-30 00:00:00+00:00,1.7699999809265137
2019-10-01 00:00:00+00:00,1.753000020980835
2019-10-02 00:00:00+00:00,1.7350000143051147
2019-10-03 00:00:00+00:00,1.6649999618530273
2019-10-04 00:00:00+00:00,1.6549999713897705
2019-10-07 00:00:00+00:00,1.6729999780654907
2019-10-08 00:00:00+00:00,1.6549999713897705
2019-10-09 00:00:00+00:00,1.628000020980835
2019-10-10 00:00:00+00:00,1.6330000162124634
2019-10-11 00:00:00+00:00,1.6230000257492065
2019-10-14 00:00:00+00:00,1.6180000305175781
2019-10-15 00:00:00+00:00,1.6180000305175781
2019-10-16 00:00:00+00:00,1.6150000095367432
2019-10-17 00:00:00+00:00,1.625
2019-10-18 00:00:00+00:00,1.625
2019-10-21 00:00:00+00:00,1.625
2019-10-22 00:00:00+00:00,1.6150000095367432
2019-10-23 00:00:00+00:00,1.6150000095367432
2019-10-24 00:00:00+00:00,1.6230000257492065
2019-10-25 00:00:00+00:00,1.625
2019-10-28 00:00:00+00:00,1.6050000190734863
2019-10-29 00:00:00+00:00,1.5950000286102295
2019-10-30 00:00:00+00:00,1.5950000286102295
2019-10-31 00:00:00+00:00,1.4980000257492065
2019-11-01 00:00:00+00:00,1.4850000143051147
2019-11-04 00:00:00+00:00,1.503000020980835
2019-11-05 00:00:00+00:00,1.5180000066757202
2019-11-06 00:00:00+00:00,1.5149999856948853
2019-11-07 00:00:00+00:00,1.5180000066757202
2019-11-08 00:00:00+00:00,1.5099999904632568
2019-11-11 00:00:00+00:00,1.5130000114440918
2019-11-12 00:00:00+00:00,1.5329999923706055
2019-11-13 00:00:00+00:00,1.534999966621399
2019-11-14 00:00:00+00:00,1.527999997138977
2019-11-15 00:00:00+00:00,1.527999997138977
2019-11-18 00:00:00+00:00,1.5230000019073486
2019-11-19 00:00:00+00:00,1.524999976158142
2019-11-20 00:00:00+00:00,1.5199999809265137
2019-11-21 00:00:00+00:00,1.5299999713897705
2019-11-22 00:00:00+00:00,1.5429999828338623
2019-11-25 00:00:00+00:00,1.5449999570846558
2019-11-26 00:00:00+00:00,1.565000057220459
2019-11-27 00:00:00+00:00,1.565000057220459
2019-11-29 00:00:00+00:00,1.5399999618530273
2019-12-02 00:00:00+00:00,1.5379999876022339
2019-12-03 00:00:00+00:00,1.5379999876022339
2019-12-04 00:00:00+00:00,1.4980000257492065
2019-12-05 00:00:00+00:00,1.4930000305175781
2019-12-06 00:00:00+00:00,1.4800000190734863
2019-12-09 00:00:00+00:00,1.4980000257492065
2019-12-10 00:00:00+00:00,1.5149999856948853
2019-12-11 00:00:00+00:00,1.5199999809265137
2019-12-12 00:00:00+00:00,1.5299999713897705
2019-12-13 00:00:00+00:00,1.5230000019073486
2019-12-16 00:00:00+00:00,1.524999976158142
2019-12-17 00:00:00+00:00,1.5299999713897705
2019-12-18 00:00:00+00:00,1.5180000066757202
2019-12-19 00:00:00+00:00,1.5329999923706055
2019-12-20 00:00:00+00:00,1.527999997138977
2019-12-23 00:00:00+00:00,1.5199999809265137
2019-12-24 00:00:00+00:00,1.5379999876022339
2019-12-26 00:00:00+00:00,1.534999966621399
2019-12-27 00:00:00+00:00,1.5180000066757202
2019-12-30 00:00:00+00:00,1.4900000095367432
2019-12-31 00:00:00+00:00,1.5049999952316284
2020-01-02 00:00:00+00:00,1.4950000047683716
2020-01-03 00:00:00+00:00,1.4730000495910645
2020-01-06 00:00:00+00:00,1.4880000352859497
2020-01-07 00:00:00+00:00,1.5
2020-01-08 00:00:00+00:00,1.4930000305175781
2020-01-09 00:00:00+00:00,1.5
2020-01-10 00:00:00+00:00,1.4980000257492065
2020-01-13 00:00:00+00:00,1.5099999904632568
2020-01-14 00:00:00+00:00,1.5299999713897705
2020-01-15 00:00:00+00:00,1.5080000162124634
2020-01-16 00:00:00+00:00,1.5180000066757202
2020-01-17 00:00:00+00:00,1.5230000019073486
2020-01-21 00:00:00+00:00,1.503000020980835
2020-01-22 00:00:00+00:00,1.5130000114440918
2020-01-23 00:00:00+00:00,1.5149999856948853
2020-01-24 00:00:00+00:00,1.4900000095367432
2020-01-27 00:00:00+00:00,1.5049999952316284
2020-01-28 00:00:00+00:00,1.5299999713897705
2020-01-29 00:00:00+00:00,1.5199999809265137
2020-01-30 00:00:00+00:00,1.527999997138977
2020-01-31 00:00:00+00:00,1.5099999904632568
2020-02-03 00:00:00+00:00,1.5180000066757202
2020-02-04 00:00:00+00:00,1.5379999876022339
2020-02-05 00:00:00+00:00,1.5199999809265137
2020-02-06 00:00:00+00:00,1.5299999713897705
2020-02-07 00:00:00+00:00,1.5180000066757202
2020-02-10 00:00:00+00:00,1.5199999809265137
2020-02-11 00:00:00+00:00,1.5379999876022339
2020-02-12 00:00:00+00:00,1.534999966621399
2020-02-13 00:00:00+00:00,1.5449999570846558
2020-02-14 00:00:00+00:00,1.534999966621399
2020-02-18 00:00:00+00:00,1.534999966621399
2020-02-19 00:00:00+00:00,1.5429999828338623
2020-02-20 00:00:00+00:00,1.5379999876022339
2020-02-21 00:00:00+00:00,1.5180000066757202
2020-02-24 00:00:00+00:00,1.503000020980835
2020-02-25 00:00:00+00:00,1.4900000095367432
2020-02-26 00:00:00+00:00,1.4780000448226929
2020-02-27 00:00:00+00:00,1.3949999809265137
2020-02-28 00:00:00+00:00,1.2300000190734863
2020-03-02 00:00:00+00:00,1.1349999904632568
2020-03-03 00:00:00+00:00,0.9179999828338623
2020-03-04 00:00:00+00:00,0.675000011920929
2020-03-05 00:00:00+00:00,0.5950000286102295
2020-03-06 00:00:00+00:00,0.41499999165534973
2020-03-09 00:00:00+00:00,0.33000001311302185
2020-03-10 00:00:00+00:00,0.38999998569488525
2020-03-11 00:00:00+00:00,0.36800000071525574
2020-03-12 00:00:00+00:00,0.27300000190734863
2020-03-13 00:00:00+00:00,0.24300000071525574
2020-03-16 00:00:00+00:00,0.1850000023841858
2020-03-17 00:00:00+00:00,0.16500000655651093
2020-03-18 00:00:00+00:00,0.003000000026077032
2020-03-19 00:00:00+00:00,-0.02800000086426735
2020-03-20 00:00:00+00:00,-0.032999999821186066
2020-03-23 00:00:00+00:00,-0.03999999910593033
2020-03-24 00:00:00+00:00,-0.032999999821186066
2020-03-25 00:00:00+00:00,-0.07000000029802322
2020-03-26 00:00:00+00:00,-0.10499999672174454
2020-03-27 00:00:00+00:00,-0.057999998331069946
2020-03-30 00:00:00+00:00,0.013000000268220901
2020-03-31 00:00:00+00:00,0.029999999329447746
2020-04-01 00:00:00+00:00,0.06300000101327896
2020-04-02 00:00:00+00:00,0.06499999761581421
2020-04-03 00:00:00+00:00,0.057999998331069946
2020-04-06 00:00:00+00:00,0.05999999865889549
2020-04-07 00:00:00+00:00,0.12800000607967377
2020-04-08 00:00:00+00:00,0.1850000023841858
2020-04-09 00:00:00+00:00,0.20999999344348907
2020-04-13 00:00:00+00:00,0.20000000298023224
2020-04-14 00:00:00+00:00,0.16500000655651093
2020-04-15 00:00:00+00:00,0.11500000208616257
2020-04-16 00:00:00+00:00,0.10999999940395355
2020-04-17 00:00:00+00:00,0.10300000011920929
2020-04-20 00:00:00+00:00,0.07000000029802322
2020-04-21 00:00:00+00:00,0.09799999743700027
2020-04-22 00:00:00+00:00,0.09300000220537186
2020-04-23 00:00:00+00:00,0.09300000220537186
2020-04-24 00:00:00+00:00,0.10000000149011612
2020-04-27 00:00:00+00:00,0.09300000220537186
2020-04-28 00:00:00+00:00,0.08500000089406967
2020-04-29 00:00:00+00:00,0.09000000357627869
2020-04-30 00:00:00+00:00,0.09000000357627869
2020-05-01 00:00:00+00:00,0.09300000220537186
2020-05-04 00:00:00+00:00,0.09000000357627869
2020-05-05 00:00:00+00:00,0.10999999940395355
2020-05-06 00:00:00+00:00,0.1080000028014183
2020-05-07 00:00:00+00:00,0.0949999988079071
2020-05-08 00:00:00+00:00,0.0949999988079071
2020-05-11 00:00:00+00:00,0.10499999672174454
2020-05-12 00:00:00+00:00,0.12300000339746475
2020-05-13 00:00:00+00:00,0.11500000208616257
2020-05-14 00:00:00+00:00,0.10499999672174454
2020-05-15 00:00:00+00:00,0.10300000011920929
2020-05-18 00:00:00+00:00,0.10499999672174454
2020-05-19 00:00:00+00:00,0.11800000071525574
2020-05-20 00:00:00+00:00,0.11800000071525574
2020-05-21 00:00:00+00:00,0.10999999940395355
2020-05-22 00:00:00+00:00,0.10999999940395355
2020-05-26 00:00:00+00:00,0.11800000071525574
2020-05-27 00:00:00+00:00,0.13500000536441803
2020-05-28 00:00:00+00:00,0.1379999965429306
2020-05-29 00:00:00+00:00,0.12800000607967377
2020-06-01 00:00:00+00:00,0.12800000607967377
2020-06-02 00:00:00+00:00,0.14499999582767487
2020-06-03 00:00:00+00:00,0.14800000190734863
2020-06-04 00:00:00+00:00,0.14000000059604645
2020-06-05 00:00:00+00:00,0.14499999582767487
2020-06-08 00:00:00+00:00,0.15299999713897705
2020-06-09 00:00:00+00:00,0.16500000655651093
2020-06-10 00:00:00+00:00,0.16500000655651093
2020-06-11 00:00:00+00:00,0.15299999713897705
2020-06-12 00:00:00+00:00,0.15000000596046448
2020-06-15 00:00:00+00:00,0.1550000011920929
2020-06-16 00:00:00+00:00,0.1599999964237213
2020-06-17 00:00:00+00:00,0.16500000655651093
2020-06-18 00:00:00+00:00,0.14000000059604645
2020-06-19 00:00:00+00:00,0.14300000667572021
2020-06-22 00:00:00+00:00,0.14000000059604645
2020-06-23 00:00:00+00:00,0.14000000059604645
2020-06-24 00:00:00+00:00,0.13500000536441803
2020-06-25 00:00:00+00:00,0.12999999523162842
2020-06-26 00:00:00+00:00,0.13300000131130219
2020-06-29 00:00:00+00:00,0.125
2020-06-30 00:00:00+00:00,0.13500000536441803
2020-07-01 00:00:00+00:00,0.12999999523162842
2020-07-02 00:00:00+00:00,0.13300000131130219
2020-07-06 00:00:00+00:00,0.12800000607967377
2020-07-07 00:00:00+00:00,0.14000000059604645
2020-07-08 00:00:00+00:00,0.13500000536441803
2020-07-09 00:00:00+00:00,0.12300000339746475
2020-07-10 00:00:00+00:00,0.11999999731779099
2020-07-13 00:00:00+00:00,0.125
2020-07-14 00:00:00+00:00,0.13300000131130219
2020-07-15 00:00:00+00:00,0.125
2020-07-16 00:00:00+00:00,0.10300000011920929
2020-07-17 00:00:00+00:00,0.10499999672174454
2020-07-20 00:00:00+00:00,0.10499999672174454
2020-07-21 00:00:00+00:00,0.10999999940395355
2020-07-22 00:00:00+00:00,0.10000000149011612
2020-07-23 00:00:00+00:00,0.10300000011920929
2020-07-24 00:00:00+00:00,0.09799999743700027
2020-07-27 00:00:00+00:00,0.09300000220537186
2020-07-28 00:00:00+00:00,0.10300000011920929
2020-07-29 00:00:00+00:00,0.09000000357627869
2020-07-30 00:00:00+00:00,0.08500000089406967
2020-07-31 00:00:00+00:00,0.08299999684095383
2020-08-03 00:00:00+00:00,0.07800000160932541
2020-08-04 00:00:00+00:00,0.09000000357627869
2020-08-05 00:00:00+00:00,0.0949999988079071
2020-08-06 00:00:00+00:00,0.08799999952316284
2020-08-07 00:00:00+00:00,0.08799999952316284
2020-08-10 00:00:00+00:00,0.08799999952316284
2020-08-11 00:00:00+00:00,0.10000000149011612
2020-08-12 00:00:00+00:00,0.10000000149011612
2020-08-13 00:00:00+00:00,0.09000000357627869
2020-08-14 00:00:00+00:00,0.08799999952316284
2020-08-17 00:00:00+00:00,0.08500000089406967
2020-08-18 00:00:00+00:00,0.10000000149011612
2020-08-19 00:00:00+00:00,0.0949999988079071
2020-08-20 00:00:00+00:00,0.08799999952316284
2020-08-21 00:00:00+00:00,0.08799999952316284
2020-08-24 00:00:00+00:00,0.08500000089406967
2020-08-25 00:00:00+00:00,0.0949999988079071
2020-08-26 00:00:00+00:00,0.09300000220537186
2020-08-27 00:00:00+00:00,0.0949999988079071
2020-08-28 00:00:00+00:00,0.0949999988079071
2020-08-31 00:00:00+00:00,0.0949999988079071
2020-09-01 00:00:00+00:00,0.10000000149011612
2020-09-02 00:00:00+00:00,0.10000000149011612
2020-09-03 00:00:00+00:00,0.10000000149011612
2020-09-04 00:00:00+00:00,0.10300000011920929
2020-09-08 00:00:00+00:00,0.1080000028014183
2020-09-09 00:00:00+00:00,0.10499999672174454
2020-09-10 00:00:00+00:00,0.10300000011920929
2020-09-11 00:00:00+00:00,0.10300000011920929
2020-09-14 00:00:00+00:00,0.10000000149011612
2020-09-15 00:00:00+00:00,0.10000000149011612
2020-09-16 00:00:00+00:00,0.10000000149011612
2020-09-17 00:00:00+00:00,0.08500000089406967
2020-09-18 00:00:00+00:00,0.08299999684095383
2020-09-21 00:00:00+00:00,0.07999999821186066
2020-09-22 00:00:00+00:00,0.08799999952316284
2020-09-23 00:00:00+00:00,0.08799999952316284
2020-09-24 00:00:00+00:00,0.09300000220537186
2020-09-25 00:00:00+00:00,0.09000000357627869
2020-09-28 00:00:00+00:00,0.08799999952316284
2020-09-29 00:00:00+00:00,0.08500000089406967
2020-09-30 00:00:00+00:00,0.08500000089406967
2020-10-01 00:00:00+00:00,0.08299999684095383
2020-10-02 00:00:00+00:00,0.08500000089406967
2020-10-05 00:00:00+00:00,0.08500000089406967
2020-10-06 00:00:00+00:00,0.08799999952316284
2020-10-07 00:00:00+00:00,0.08799999952316284
2020-10-08 00:00:00+00:00,0.08799999952316284
2020-10-09 00:00:00+00:00,0.09300000220537186
2020-10-12 00:00:00+00:00,0.09000000357627869
2020-10-13 00:00:00+00:00,0.09300000220537186
2020-10-14 00:00:00+00:00,0.10000000149011612
2020-10-15 00:00:00+00:00,0.0949999988079071
2020-10-16 00:00:00+00:00,0.09000000357627869
2020-10-19 00:00:00+00:00,0.09000000357627869
2020-10-20 00:00:00+00:00,0.0949999988079071
2020-10-21 00:00:00+00:00,0.09000000357627869
2020-10-22 00:00:00+00:00,0.08500000089406967
2020-10-23 00:00:00+00:00,0.08299999684095383
2020-10-26 00:00:00+00:00,0.07999999821186066
2020-10-27 00:00:00+00:00,0.09000000357627869
2020-10-28 00:00:00+00:00,0.09000000357627869
2020-10-29 00:00:00+00:00,0.08299999684095383
2020-10-30 00:00:00+00:00,0.08299999684095383
2020-11-02 00:00:00+00:00,0.08299999684095383
2020-11-03 00:00:00+00:00,0.09000000357627869
2020-11-04 00:00:00+00:00,0.08299999684095383
2020-11-05 00:00:00+00:00,0.08500000089406967
2020-11-06 00:00:00+00:00,0.08299999684095383
2020-11-09 00:00:00+00:00,0.08799999952316284
2020-11-10 00:00:00+00:00,0.09000000357627869
2020-11-11 00:00:00+00:00,0.09000000357627869
2020-11-12 00:00:00+00:00,0.08500000089406967
2020-11-13 00:00:00+00:00,0.08299999684095383
2020-11-16 00:00:00+00:00,0.07500000298023224
2020-11-17 00:00:00+00:00,0.07999999821186066
2020-11-18 00:00:00+00:00,0.07500000298023224
2020-11-19 00:00:00+00:00,0.05999999865889549
2020-11-20 00:00:00+00:00,0.057999998331069946
2020-11-23 00:00:00+00:00,0.07000000029802322
2020-11-24 00:00:00+00:00,0.07999999821186066
2020-11-25 00:00:00+00:00,0.07999999821186066
2020-11-27 00:00:00+00:00,0.0729999989271164
2020-11-30 00:00:00+00:00,0.07500000298023224
2020-12-01 00:00:00+00:00,0.07999999821186066
2020-12-02 00:00:00+00:00,0.07500000298023224
2020-12-03 00:00:00+00:00,0.07500000298023224
2020-12-04 00:00:00+00:00,0.07500000298023224
2020-12-07 00:00:00+00:00,0.07000000029802322
2020-12-08 00:00:00+00:00,0.06800000369548798
2020-12-09 00:00:00+00:00,0.07000000029802322
2020-12-10 00:00:00+00:00,0.07000000029802322
2020-12-11 00:00:00+00:00,0.06499999761581421
2020-12-14 00:00:00+00:00,0.05999999865889549
2020-12-15 00:00:00+00:00,0.07000000029802322
2020-12-16 00:00:00+00:00,0.07500000298023224
2020-12-17 00:00:00+00:00,0.07999999821186066
2020-12-18 00:00:00+00:00,0.07999999821186066
2020-12-21 00:00:00+00:00,0.07800000160932541
2020-12-22 00:00:00+00:00,0.07800000160932541
2020-12-23 00:00:00+00:00,0.07500000298023224
2020-12-24 00:00:00+00:00,0.07500000298023224
2020-12-28 00:00:00+00:00,0.07999999821186066
2020-12-29 00:00:00+00:00,0.09000000357627869
2020-12-30 00:00:00+00:00,0.07000000029802322
2020-12-31 00:00:00+00:00,0.06499999761581421
2021-01-04 00:00:00+00:00,0.06800000369548798
2021-01-05 00:00:00+00:00,0.07800000160932541
2021-01-06 00:00:00+00:00,0.07800000160932541
2021-01-07 00:00:00+00:00,0.07999999821186066
2021-01-08 00:00:00+00:00,0.07999999821186066
2021-01-11 00:00:00+00:00,0.07999999821186066
2021-01-12 00:00:00+00:00,0.07999999821186066
2021-01-13 00:00:00+00:00,0.07999999821186066
2021-01-14 00:00:00+00:00,0.07500000298023224
2021-01-15 00:00:00+00:00,0.07500000298023224
2021-01-19 00:00:00+00:00,0.0729999989271164
2021-01-20 00:00:00+00:00,0.07500000298023224
2021-01-21 00:00:00+00:00,0.0729999989271164
2021-01-22 00:00:00+00:00,0.07000000029802322
2021-01-25 00:00:00+00:00,0.07000000029802322
2021-01-26 00:00:00+00:00,0.06800000369548798
2021-01-27 00:00:00+00:00,0.05999999865889549
2021-01-28 00:00:00+00:00,0.054999999701976776
2021-01-29 00:00:00+00:00,0.04800000041723251
2021-02-01 00:00:00+00:00,0.04800000041723251
2021-02-02 00:00:00+00:00,0.05000000074505806
2021-02-03 00:00:00+00:00,0.03999999910593033
2021-02-04 00:00:00+00:00,0.029999999329447746
2021-02-05 00:00:00+00:00,0.023000000044703484
2021-02-08 00:00:00+00:00,0.019999999552965164
2021-02-09 00:00:00+00:00,0.032999999821186066
2021-02-10 00:00:00+00:00,0.03500000014901161
2021-02-11 00:00:00+00:00,0.03500000014901161
2021-02-12 00:00:00+00:00,0.03500000014901161
2021-02-16 00:00:00+00:00,0.03500000014901161
2021-02-17 00:00:00+00:00,0.03500000014901161
2021-02-18 00:00:00+00:00,0.023000000044703484
2021-02-19 00:00:00+00:00,0.023000000044703484
2021-02-22 00:00:00+00:00,0.02500000037252903
2021-02-23 00:00:00+00:00,0.023000000044703484
2021-02-24 00:00:00+00:00,0.02800000086426735
2021-02-25 00:00:00+00:00,0.032999999821186066
2021-02-26 00:00:00+00:00,0.03500000014901161
2021-03-01 00:00:00+00:00,0.02800000086426735
2021-03-02 00:00:00+00:00,0.03500000014901161
2021-03-03 00:00:00+00:00,0.03500000014901161
2021-03-04 00:00:00+00:00,0.02800000086426735
2021-03-05 00:00:00+00:00,0.02800000086426735
2021-03-08 00:00:00+00:00,0.03500000014901161
2021-03-09 00:00:00+00:00,0.03500000014901161
2021-03-10 00:00:00+00:00,0.029999999329447746
2021-03-11 00:00:00+00:00,0.02800000086426735
2021-03-12 00:00:00+00:00,0.02500000037252903
2021-03-15 00:00:00+00:00,0.014999999664723873
2021-03-16 00:00:00+00:00,0.00800000037997961
2021-03-17 00:00:00+00:00,0.00800000037997961
2021-03-18 00:00:00+00:00,0.003000000026077032
2021-03-19 00:00:00+00:00,0.004999999888241291
2021-03-22 00:00:00+00:00,0.004999999888241291
2021-03-23 00:00:00+00:00,0.009999999776482582
2021-03-24 00:00:00+00:00,0.014999999664723873
2021-03-25 00:00:00+00:00,0.014999999664723873
2021-03-26 00:00:00+00:00,0.014999999664723873
2021-03-29 00:00:00+00:00,0.00800000037997961
2021-03-30 00:00:00+00:00,0.013000000268220901
2021-03-31 00:00:00+00:00,0.013000000268220901
2021-04-01 00:00:00+00:00,0.00800000037997961
2021-04-05 00:00:00+00:00,0.014999999664723873
2021-04-06 00:00:00+00:00,0.014999999664723873
2021-04-07 00:00:00+00:00,0.009999999776482582
2021-04-08 00:00:00+00:00,0.004999999888241291
2021-04-09 00:00:00+00:00,0.003000000026077032
2021-04-12 00:00:00+00:00,0.009999999776482582
2021-04-13 00:00:00+00:00,0.014999999664723873
2021-04-14 00:00:00+00:00,0.014999999664723873
2021-04-15 00:00:00+00:00,0.009999999776482582
2021-04-16 00:00:00+00:00,0.00800000037997961
2021-04-19 00:00:00+00:00,0.014999999664723873
2021-04-20 00:00:00+00:00,0.014999999664723873
2021-04-21 00:00:00+00:00,0.013000000268220901
2021-04-22 00:00:00+00:00,0.014999999664723873
2021-04-23 00:00:00+00:00,0.014999999664723873
2021-04-26 00:00:00+00:00,0.00800000037997961
2021-04-27 00:00:00+00:00,0.009999999776482582
2021-04-28 00:00:00+00:00,0.00800000037997961
2021-04-29 00:00:00+00:00,0.00800000037997961
2021-04-30 00:00:00+00:00,0.003000000026077032
2021-05-03 00:00:00+00:00,0.004999999888241291
2021-05-04 00:00:00+00:00,0.009999999776482582
2021-05-05 00:00:00+00:00,0.00800000037997961
2021-05-06 00:00:00+00:00,0.00800000037997961
2021-05-07 00:00:00+00:00,0.00800000037997961
2021-05-10 00:00:00+00:00,0.004999999888241291
2021-05-11 00:00:00+00:00,0.009999999776482582
2021-05-12 00:00:00+00:00,0.009999999776482582
2021-05-13 00:00:00+00:00,0.00800000037997961
2021-05-14 00:00:00+00:00,0.004999999888241291
2021-05-17 00:00:00+00:00,0.004999999888241291
2021-05-18 00:00:00+00:00,0.009999999776482582
2021-05-19 00:00:00+00:00,0.004999999888241291
2021-05-20 00:00:00+00:00,0.003000000026077032
2021-05-21 00:00:00+00:00,0.003000000026077032
2021-05-24 00:00:00+00:00,0.003000000026077032
2021-05-25 00:00:00+00:00,0.009999999776482582
2021-05-26 00:00:00+00:00,0.004999999888241291
2021-05-27 00:00:00+00:00,0.004999999888241291
2021-05-28 00:00:00+00:00,0.00800000037997961
2021-06-01 00:00:00+00:00,0.009999999776482582
2021-06-02 00:00:00+00:00,0.014999999664723873
2021-06-03 00:00:00+00:00,0.014999999664723873
2021-06-04 00:00:00+00:00,0.014999999664723873
2021-06-07 00:00:00+00:00,0.017999999225139618
2021-06-08 00:00:00+00:00,0.019999999552965164
2021-06-09 00:00:00+00:00,0.019999999552965164
2021-06-10 00:00:00+00:00,0.019999999552965164
2021-06-11 00:00:00+00:00,0.017999999225139618
2021-06-14 00:00:00+00:00,0.014999999664723873
2021-06-15 00:00:00+00:00,0.019999999552965164
2021-06-16 00:00:00+00:00,0.02800000086426735
2021-06-17 00:00:00+00:00,0.02800000086426735
2021-06-18 00:00:00+00:00,0.02800000086426735
2021-06-21 00:00:00+00:00,0.029999999329447746
2021-06-22 00:00:00+00:00,0.03799999877810478
2021-06-23 00:00:00+00:00,0.03999999910593033
2021-06-24 00:00:00+00:00,0.0430000014603138
2021-06-25 00:00:00+00:00,0.0430000014603138
2021-06-28 00:00:00+00:00,0.03999999910593033
2021-06-29 00:00:00+00:00,0.03999999910593033
2021-06-30 00:00:00+00:00,0.03999999910593033
2021-07-01 00:00:00+00:00,0.03999999910593033
2021-07-02 00:00:00+00:00,0.03799999877810478
2021-07-06 00:00:00+00:00,0.03999999910593033
2021-07-07 00:00:00+00:00,0.0430000014603138
2021-07-08 00:00:00+00:00,0.0430000014603138
2021-07-09 00:00:00+00:00,0.0430000014603138
2021-07-12 00:00:00+00:00,0.0430000014603138
2021-07-13 00:00:00+00:00,0.04500000178813934
2021-07-14 00:00:00+00:00,0.04500000178813934
2021-07-15 00:00:00+00:00,0.03799999877810478
2021-07-16 00:00:00+00:00,0.03799999877810478
2021-07-19 00:00:00+00:00,0.03999999910593033
2021-07-20 00:00:00+00:00,0.04500000178813934
2021-07-21 00:00:00+00:00,0.04500000178813934
2021-07-22 00:00:00+00:00,0.0430000014603138
2021-07-23 00:00:00+00:00,0.04500000178813934
2021-07-26 00:00:00+00:00,0.03999999910593033
2021-07-27 00:00:00+00:00,0.04500000178813934
2021-07-28 00:00:00+00:00,0.04500000178813934
2021-07-29 00:00:00+00:00,0.03999999910593033
2021-07-30 00:00:00+00:00,0.03999999910593033
2021-08-02 00:00:00+00:00,0.03799999877810478
2021-08-03 00:00:00+00:00,0.04500000178813934
2021-08-04 00:00:00+00:00,0.04500000178813934
2021-08-05 00:00:00+00:00,0.0430000014603138
2021-08-06 00:00:00+00:00,0.0430000014603138
2021-08-09 00:00:00+00:00,0.04500000178813934
2021-08-10 00:00:00+00:00,0.05000000074505806
2021-08-11 00:00:00+00:00,0.04500000178813934
2021-08-12 00:00:00+00:00,0.0430000014603138
2021-08-13 00:00:00+00:00,0.04500000178813934
2021-08-16 00:00:00+00:00,0.057999998331069946
2021-08-17 00:00:00+00:00,0.06300000101327896
2021-08-18 00:00:00+00:00,0.054999999701976776
2021-08-19 00:00:00+00:00,0.0430000014603138
2021-08-20 00:00:00+00:00,0.0430000014603138
2021-08-23 00:00:00+00:00,0.03999999910593033
2021-08-24 00:00:00+00:00,0.04800000041723251
2021-08-25 00:00:00+00:00,0.04500000178813934
2021-08-26 00:00:00+00:00,0.0430000014603138
2021-08-27 00:00:00+00:00,0.0430000014603138
2021-08-30 00:00:00+00:00,0.03799999877810478
2021-08-31 00:00:00+00:00,0.03999999910593033
2021-09-01 00:00:00+00:00,0.03999999910593033
2021-09-02 00:00:00+00:00,0.03999999910593033
2021-09-03 00:00:00+00:00,0.03999999910593033
2021-09-07 00:00:00+00:00,0.03500000014901161
2021-09-08 00:00:00+00:00,0.03999999910593033
2021-09-09 00:00:00+00:00,0.03799999877810478
2021-09-10 00:00:00+00:00,0.03799999877810478
2021-09-13 00:00:00+00:00,0.03799999877810478
2021-09-14 00:00:00+00:00,0.03500000014901161
2021-09-15 00:00:00+00:00,0.03500000014901161
2021-09-16 00:00:00+00:00,0.029999999329447746
2021-09-17 00:00:00+00:00,0.02800000086426735
2021-09-20 00:00:00+00:00,0.02500000037252903
2021-09-21 00:00:00+00:00,0.019999999552965164
2021-09-22 00:00:00+00:00,0.02500000037252903
2021-09-23 00:00:00+00:00,0.02500000037252903
2021-09-24 00:00:00+00:00,0.02500000037252903
2021-09-27 00:00:00+00:00,0.02500000037252903
2021-09-28 00:00:00+00:00,0.029999999329447746
2021-09-29 00:00:00+00:00,0.029999999329447746
2021-09-30 00:00:00+00:00,0.02800000086426735
2021-10-01 00:00:00+00:00,0.02800000086426735
2021-10-04 00:00:00+00:00,0.02800000086426735
2021-10-05 00:00:00+00:00,0.03500000014901161
2021-10-06 00:00:00+00:00,0.03999999910593033
2021-10-07 00:00:00+00:00,0.03999999910593033
2021-10-08 00:00:00+00:00,0.03999999910593033
2021-10-11 00:00:00+00:00,0.03999999910593033
2021-10-12 00:00:00+00:00,0.03999999910593033
2021-10-13 00:00:00+00:00,0.04500000178813934
2021-10-14 00:00:00+00:00,0.03999999910593033
2021-10-15 00:00:00+00:00,0.03799999877810478
2021-10-18 00:00:00+00:00,0.0430000014603138
2021-10-19 00:00:00+00:00,0.05000000074505806
2021-10-20 00:00:00+00:00,0.05000000074505806
2021-10-21 00:00:00+00:00,0.05000000074505806
2021-10-22 00:00:00+00:00,0.05000000074505806
2021-10-25 00:00:00+00:00,0.05000000074505806
2021-10-26 00:00:00+00:00,0.05000000074505806
2021-10-27 00:00:00+00:00,0.05000000074505806
2021-10-28 00:00:00+00:00,0.04800000041723251
2021-10-29 00:00:00+00:00,0.04800000041723251
2021-11-01 00:00:00+00:00,0.03999999910593033
2021-11-02 00:00:00+00:00,0.04500000178813934
2021-11-03 00:00:00+00:00,0.04500000178813934
2021-11-04 00:00:00+00:00,0.03500000014901161
2021-11-05 00:00:00+00:00,0.03999999910593033
2021-11-08 00:00:00+00:00,0.03500000014901161
2021-11-09 00:00:00+00:00,0.03999999910593033
2021-11-10 00:00:00+00:00,0.04500000178813934
2021-11-11 00:00:00+00:00,0.03999999910593033
2021-11-12 00:00:00+00:00,0.0430000014603138
2021-11-15 00:00:00+00:00,0.03799999877810478
2021-11-16 00:00:00+00:00,0.03999999910593033
2021-11-17 00:00:00+00:00,0.04500000178813934
2021-11-18 00:00:00+00:00,0.04500000178813934
2021-11-19 00:00:00+00:00,0.04500000178813934
2021-11-22 00:00:00+00:00,0.03999999910593033
2021-11-23 00:00:00+00:00,0.04500000178813934
2021-11-24 00:00:00+00:00,0.05000000074505806
2021-11-26 00:00:00+00:00,0.0430000014603138
2021-11-29 00:00:00+00:00,0.03799999877810478
2021-11-30 00:00:00+00:00,0.04800000041723251
2021-12-01 00:00:00+00:00,0.05000000074505806
2021-12-02 00:00:00+00:00,0.0430000014603138
2021-12-03 00:00:00+00:00,0.0430000014603138
2021-12-06 00:00:00+00:00,0.0430000014603138
2021-12-07 00:00:00+00:00,0.057999998331069946
2021-12-08 00:00:00+00:00,0.05999999865889549
2021-12-09 00:00:00+00:00,0.05299999937415123
2021-12-10 00:00:00+00:00,0.05000000074505806
2021-12-13 00:00:00+00:00,0.0430000014603138
2021-12-14 00:00:00+00:00,0.04800000041723251
2021-12-15 00:00:00+00:00,0.04500000178813934
2021-12-16 00:00:00+00:00,0.03500000014901161
2021-12-17 00:00:00+00:00,0.029999999329447746
2021-12-20 00:00:00+00:00,0.03799999877810478
2021-12-21 00:00:00+00:00,0.06499999761581421
2021-12-22 00:00:00+00:00,0.06499999761581421
2021-12-23 00:00:00+00:00,0.057999998331069946
2021-12-27 00:00:00+00:00,0.0430000014603138
2021-12-28 00:00:00+00:00,0.05000000074505806
2021-12-29 00:00:00+00:00,0.04500000178813934
2021-12-30 00:00:00+00:00,0.02500000037252903
2021-12-31 00:00:00+00:00,0.032999999821186066
2022-01-03 00:00:00+00:00,0.05299999937415123
2022-01-04 00:00:00+00:00,0.07999999821186066
2022-01-05 00:00:00+00:00,0.08500000089406967
2022-01-06 00:00:00+00:00,0.09000000357627869
2022-01-07 00:00:00+00:00,0.08799999952316284
2022-01-10 00:00:00+00:00,0.09000000357627869
2022-01-11 00:00:00+00:00,0.11800000071525574
2022-01-12 00:00:00+00:00,0.11500000208616257
2022-01-13 00:00:00+00:00,0.10999999940395355
2022-01-14 00:00:00+00:00,0.11800000071525574
2022-01-18 00:00:00+00:00,0.12999999523162842
2022-01-19 00:00:00+00:00,0.16500000655651093
2022-01-20 00:00:00+00:00,0.1679999977350235
2022-01-21 00:00:00+00:00,0.15800000727176666
2022-01-24 00:00:00+00:00,0.1550000011920929
2022-01-25 00:00:00+00:00,0.1850000023841858
2022-01-26 00:00:00+00:00,0.17800000309944153
2022-01-27 00:00:00+00:00,0.1850000023841858
2022-01-28 00:00:00+00:00,0.17299999296665192
2022-01-31 00:00:00+00:00,0.17299999296665192
2022-02-01 00:00:00+00:00,0.2029999941587448
2022-02-02 00:00:00+00:00,0.1850000023841858
2022-02-03 00:00:00+00:00,0.19300000369548798
2022-02-04 00:00:00+00:00,0.22300000488758087
2022-02-07 00:00:00+00:00,0.2029999941587448
2022-02-08 00:00:00+00:00,0.2750000059604645
2022-02-09 00:00:00+00:00,0.27000001072883606
2022-02-10 00:00:00+00:00,0.3700000047683716
2022-02-11 00:00:00+00:00,0.33799999952316284
2022-02-14 00:00:00+00:00,0.36000001430511475
2022-02-15 00:00:00+00:00,0.4000000059604645
2022-02-16 00:00:00+00:00,0.37299999594688416
2022-02-17 00:00:00+00:00,0.3449999988079071
2022-02-18 00:00:00+00:00,0.3179999887943268
2022-02-22 00:00:00+00:00,0.33000001311302185
2022-02-23 00:00:00+00:00,0.3400000035762787
2022-02-24 00:00:00+00:00,0.28299999237060547
2022-02-25 00:00:00+00:00,0.2980000078678131
2022-02-28 00:00:00+00:00,0.2879999876022339
2022-03-01 00:00:00+00:00,0.31299999356269836
2022-03-02 00:00:00+00:00,0.32499998807907104
2022-03-03 00:00:00+00:00,0.33500000834465027
2022-03-04 00:00:00+00:00,0.3050000071525574
2022-03-07 00:00:00+00:00,0.3050000071525574
2022-03-08 00:00:00+00:00,0.36000001430511475
2022-03-09 00:00:00+00:00,0.3700000047683716
2022-03-10 00:00:00+00:00,0.36000001430511475
2022-03-11 00:00:00+00:00,0.36500000953674316
2022-03-14 00:00:00+00:00,0.3779999911785126
2022-03-15 00:00:00+00:00,0.4480000138282776
2022-03-16 00:00:00+00:00,0.43299999833106995
2022-03-17 00:00:00+00:00,0.36000001430511475
2022-03-18 00:00:00+00:00,0.382999986410141
2022-03-21 00:00:00+00:00,0.45500001311302185
2022-03-22 00:00:00+00:00,0.5199999809265137
2022-03-23 00:00:00+00:00,0.47999998927116394
2022-03-24 00:00:00+00:00,0.4830000102519989
2022-03-25 00:00:00+00:00,0.5199999809265137
2022-03-28 00:00:00+00:00,0.5080000162124634
2022-03-29 00:00:00+00:00,0.5550000071525574
2022-03-30 00:00:00+00:00,0.5249999761581421
2022-03-31 00:00:00+00:00,0.49300000071525574
2022-04-01 00:00:00+00:00,0.5
2022-04-04 00:00:00+00:00,0.5379999876022339
2022-04-05 00:00:00+00:00,0.6679999828338623
2022-04-06 00:00:00+00:00,0.6629999876022339
2022-04-07 00:00:00+00:00,0.6600000262260437
2022-04-08 00:00:00+00:00,0.6679999828338623
2022-04-11 00:00:00+00:00,0.6800000071525574
2022-04-12 00:00:00+00:00,0.7379999756813049
2022-04-13 00:00:00+00:00,0.7400000095367432
2022-04-14 00:00:00+00:00,0.7480000257492065
2022-04-18 00:00:00+00:00,0.7549999952316284
2022-04-19 00:00:00+00:00,0.8330000042915344
2022-04-20 00:00:00+00:00,0.7950000166893005
2022-04-21 00:00:00+00:00,0.800000011920929
2022-04-22 00:00:00+00:00,0.7799999713897705
2022-04-25 00:00:00+00:00,0.7979999780654907
2022-04-26 00:00:00+00:00,0.8330000042915344
2022-04-27 00:00:00+00:00,0.8080000281333923
2022-04-28 00:00:00+00:00,0.7850000262260437
2022-04-29 00:00:00+00:00,0.8080000281333923
2022-05-02 00:00:00+00:00,0.7649999856948853
2022-05-03 00:00:00+00:00,0.8949999809265137
2022-05-04 00:00:00+00:00,0.8330000042915344
2022-05-05 00:00:00+00:00,0.8029999732971191
2022-05-06 00:00:00+00:00,0.8149999976158142
2022-05-09 00:00:00+00:00,0.800000011920929
2022-05-10 00:00:00+00:00,0.878000020980835
2022-05-11 00:00:00+00:00,0.8830000162124634
2022-05-12 00:00:00+00:00,0.9049999713897705
2022-05-13 00:00:00+00:00,0.9430000185966492
2022-05-16 00:00:00+00:00,0.9800000190734863
2022-05-17 00:00:00+00:00,1.0379999876022339
2022-05-18 00:00:00+00:00,1.003000020980835
2022-05-19 00:00:00+00:00,1.0
2022-05-20 00:00:00+00:00,0.9779999852180481
2022-05-23 00:00:00+00:00,0.9929999709129333
2022-05-24 00:00:00+00:00,1.0429999828338623
2022-05-25 00:00:00+00:00,1.0449999570846558
2022-05-26 00:00:00+00:00,1.027999997138977
2022-05-27 00:00:00+00:00,1.024999976158142
2022-05-31 00:00:00+00:00,1.0299999713897705
2022-06-01 00:00:00+00:00,1.1030000448226929
2022-06-02 00:00:00+00:00,1.1130000352859497
2022-06-03 00:00:00+00:00,1.1349999904632568
2022-06-06 00:00:00+00:00,1.159999966621399
2022-06-07 00:00:00+00:00,1.225000023841858
2022-06-08 00:00:00+00:00,1.2330000400543213
2022-06-09 00:00:00+00:00,1.2380000352859497
2022-06-10 00:00:00+00:00,1.2879999876022339
2022-06-13 00:00:00+00:00,1.4980000257492065
2022-06-14 00:00:00+00:00,1.7430000305175781
2022-06-15 00:00:00+00:00,1.6950000524520874
2022-06-16 00:00:00+00:00,1.4830000400543213
2022-06-17 00:00:00+00:00,1.5099999904632568
2022-06-21 00:00:00+00:00,1.4880000352859497
2022-06-22 00:00:00+00:00,1.5449999570846558
2022-06-23 00:00:00+00:00,1.559999942779541
2022-06-24 00:00:00+00:00,1.5980000495910645
2022-06-27 00:00:00+00:00,1.6330000162124634
2022-06-28 00:00:00+00:00,1.7380000352859497
2022-06-29 00:00:00+00:00,1.7050000429153442
2022-06-30 00:00:00+00:00,1.600000023841858
2022-07-01 00:00:00+00:00,1.6030000448226929
2022-07-05 00:00:00+00:00,1.6299999952316284
2022-07-06 00:00:00+00:00,1.840000033378601
2022-07-07 00:00:00+00:00,1.8530000448226929
2022-07-08 00:00:00+00:00,1.843000054359436
2022-07-11 00:00:00+00:00,1.9529999494552612
2022-07-12 00:00:00+00:00,2.11299991607666
2022-07-13 00:00:00+00:00,2.322999954223633
2022-07-14 00:00:00+00:00,2.2730000019073486
2022-07-15 00:00:00+00:00,2.240000009536743
2022-07-18 00:00:00+00:00,2.259999990463257
2022-07-19 00:00:00+00:00,2.450000047683716
2022-07-20 00:00:00+00:00,2.378000020980835
2022-07-21 00:00:00+00:00,2.359999895095825
2022-07-22 00:00:00+00:00,2.3550000190734863
2022-07-25 00:00:00+00:00,2.3929998874664307
2022-07-26 00:00:00+00:00,2.4749999046325684
2022-07-27 00:00:00+00:00,2.382999897003174
2022-07-28 00:00:00+00:00,2.308000087738037
2022-07-29 00:00:00+00:00,2.2980000972747803
2022-08-01 00:00:00+00:00,2.265000104904175
2022-08-02 00:00:00+00:00,2.4630000591278076
2022-08-03 00:00:00+00:00,2.427999973297119
2022-08-04 00:00:00+00:00,2.378000020980835
2022-08-05 00:00:00+00:00,2.4100000858306885
2022-08-08 00:00:00+00:00,2.4600000381469727
2022-08-09 00:00:00+00:00,2.569999933242798
2022-08-10 00:00:00+00:00,2.5350000858306885
2022-08-11 00:00:00+00:00,2.490000009536743
2022-08-12 00:00:00+00:00,2.5
2022-08-15 00:00:00+00:00,2.513000011444092
2022-08-16 00:00:00+00:00,2.5980000495910645
2022-08-17 00:00:00+00:00,2.568000078201294
2022-08-18 00:00:00+00:00,2.565000057220459
2022-08-19 00:00:00+00:00,2.5799999237060547
2022-08-22 00:00:00+00:00,2.6480000019073486
2022-08-23 00:00:00+00:00,2.703000068664551
2022-08-24 00:00:00+00:00,2.7130000591278076
2022-08-25 00:00:00+00:00,2.7300000190734863
2022-08-26 00:00:00+00:00,2.755000114440918
2022-08-29 00:00:00+00:00,2.7980000972747803
2022-08-30 00:00:00+00:00,2.872999906539917
2022-08-31 00:00:00+00:00,2.859999895095825
2022-09-01 00:00:00+00:00,2.86299991607666
2022-09-02 00:00:00+00:00,2.819999933242798
2022-09-06 00:00:00+00:00,2.8450000286102295
2022-09-07 00:00:00+00:00,2.933000087738037
2022-09-08 00:00:00+00:00,2.950000047683716
2022-09-09 00:00:00+00:00,2.9679999351501465
2022-09-12 00:00:00+00:00,2.994999885559082
2022-09-13 00:00:00+00:00,3.1530001163482666
2022-09-14 00:00:00+00:00,3.128000020980835
2022-09-15 00:00:00+00:00,3.0950000286102295
2022-09-16 00:00:00+00:00,3.069999933242798
2022-09-19 00:00:00+00:00,3.0350000858306885
2022-09-20 00:00:00+00:00,3.243000030517578
2022-09-21 00:00:00+00:00,3.190000057220459
2022-09-22 00:00:00+00:00,3.130000114440918
2022-09-23 00:00:00+00:00,3.1080000400543213
2022-09-26 00:00:00+00:00,3.1649999618530273
2022-09-27 00:00:00+00:00,3.25
2022-09-28 00:00:00+00:00,3.2300000190734863
2022-09-29 00:00:00+00:00,3.2179999351501465
2022-09-30 00:00:00+00:00,3.180000066757202
2022-10-03 00:00:00+00:00,3.1500000953674316
2022-10-04 00:00:00+00:00,3.315000057220459
2022-10-05 00:00:00+00:00,3.2929999828338623
2022-10-06 00:00:00+00:00,3.2880001068115234
2022-10-07 00:00:00+00:00,3.2929999828338623
2022-10-10 00:00:00+00:00,3.2850000858306885
2022-10-11 00:00:00+00:00,3.3399999141693115
2022-10-12 00:00:00+00:00,3.5329999923706055
2022-10-13 00:00:00+00:00,3.5829999446868896
2022-10-14 00:00:00+00:00,3.628000020980835
2022-10-17 00:00:00+00:00,3.687999963760376
2022-10-18 00:00:00+00:00,3.8329999446868896
2022-10-19 00:00:00+00:00,3.8929998874664307
2022-10-20 00:00:00+00:00,3.890000104904175
2022-10-21 00:00:00+00:00,3.884999990463257
2022-10-24 00:00:00+00:00,3.9130001068115234
2022-10-25 00:00:00+00:00,3.9649999141693115
2022-10-26 00:00:00+00:00,3.930000066757202
2022-10-27 00:00:00+00:00,3.930000066757202
2022-10-28 00:00:00+00:00,3.9700000286102295
2022-10-31 00:00:00+00:00,3.9749999046325684
2022-11-01 00:00:00+00:00,4.050000190734863
2022-11-02 00:00:00+00:00,4.025000095367432
2022-11-03 00:00:00+00:00,4.025000095367432
2022-11-04 00:00:00+00:00,4.013000011444092
2022-11-07 00:00:00+00:00,3.9830000400543213
2022-11-08 00:00:00+00:00,4.090000152587891
2022-11-09 00:00:00+00:00,4.0929999351501465
2022-11-10 00:00:00+00:00,4.054999828338623
2022-11-11 00:00:00+00:00,4.063000202178955
2022-11-14 00:00:00+00:00,4.067999839782715
2022-11-15 00:00:00+00:00,4.130000114440918
2022-11-16 00:00:00+00:00,4.125
2022-11-17 00:00:00+00:00,4.11299991607666
2022-11-18 00:00:00+00:00,4.135000228881836
2022-11-21 00:00:00+00:00,4.0980000495910645
2022-11-22 00:00:00+00:00,4.197999954223633
2022-11-23 00:00:00+00:00,4.199999809265137
2022-11-25 00:00:00+00:00,4.175000190734863
2022-11-28 00:00:00+00:00,4.183000087738037
2022-11-29 00:00:00+00:00,4.252999782562256
2022-11-30 00:00:00+00:00,4.252999782562256
2022-12-01 00:00:00+00:00,4.192999839782715
2022-12-02 00:00:00+00:00,4.208000183105469
2022-12-05 00:00:00+00:00,4.1579999923706055
2022-12-06 00:00:00+00:00,4.21999979019165
2022-12-07 00:00:00+00:00,4.183000087738037
2022-12-08 00:00:00+00:00,4.150000095367432
2022-12-09 00:00:00+00:00,4.172999858856201
2022-12-12 00:00:00+00:00,4.168000221252441
2022-12-13 00:00:00+00:00,4.248000144958496
2022-12-14 00:00:00+00:00,4.21999979019165
2022-12-15 00:00:00+00:00,4.2129998207092285
2022-12-16 00:00:00+00:00,4.163000106811523
2022-12-19 00:00:00+00:00,4.163000106811523
2022-12-20 00:00:00+00:00,4.230000019073486
2022-12-21 00:00:00+00:00,4.204999923706055
2022-12-22 00:00:00+00:00,4.208000183105469
2022-12-23 00:00:00+00:00,4.192999839782715
2022-12-27 00:00:00+00:00,4.195000171661377
2022-12-28 00:00:00+00:00,4.3379998207092285
2022-12-29 00:00:00+00:00,4.295000076293945
2022-12-30 00:00:00+00:00,4.260000228881836
2023-01-03 00:00:00+00:00,4.255000114440918
2023-01-04 00:00:00+00:00,4.400000095367432
2023-01-05 00:00:00+00:00,4.498000144958496
2023-01-06 00:00:00+00:00,4.493000030517578
2023-01-09 00:00:00+00:00,4.482999801635742
2023-01-10 00:00:00+00:00,4.565000057220459
2023-01-11 00:00:00+00:00,4.554999828338623
2023-01-12 00:00:00+00:00,4.474999904632568
2023-01-13 00:00:00+00:00,4.48799991607666
2023-01-17 00:00:00+00:00,4.493000030517578
2023-01-18 00:00:00+00:00,4.53000020980835
2023-01-19 00:00:00+00:00,4.525000095367432
2023-01-20 00:00:00+00:00,4.538000106811523
2023-01-23 00:00:00+00:00,4.534999847412109
2023-01-24 00:00:00+00:00,4.572999954223633
2023-01-25 00:00:00+00:00,4.545000076293945
2023-01-26 00:00:00+00:00,4.543000221252441
2023-01-27 00:00:00+00:00,4.547999858856201
2023-01-30 00:00:00+00:00,4.534999847412109
2023-01-31 00:00:00+00:00,4.570000171661377
2023-02-01 00:00:00+00:00,4.519999980926514
2023-02-02 00:00:00+00:00,4.510000228881836
2023-02-03 00:00:00+00:00,4.5229997634887695
2023-02-06 00:00:00+00:00,4.5329999923706055
2023-02-07 00:00:00+00:00,4.570000171661377
2023-02-08 00:00:00+00:00,4.585000038146973
2023-02-09 00:00:00+00:00,4.61299991607666
2023-02-10 00:00:00+00:00,4.635000228881836
2023-02-13 00:00:00+00:00,4.644999980926514
2023-02-14 00:00:00+00:00,4.659999847412109
2023-02-15 00:00:00+00:00,4.64300012588501
2023-02-16 00:00:00+00:00,4.664999961853027
2023-02-17 00:00:00+00:00,4.679999828338623
2023-02-21 00:00:00+00:00,4.688000202178955
2023-02-22 00:00:00+00:00,4.695000171661377
2023-02-23 00:00:00+00:00,4.690000057220459
2023-02-24 00:00:00+00:00,4.703000068664551
2023-02-27 00:00:00+00:00,4.664999961853027
2023-02-28 00:00:00+00:00,4.710000038146973
2023-03-01 00:00:00+00:00,4.724999904632568
2023-03-02 00:00:00+00:00,4.7230000495910645
2023-03-03 00:00:00+00:00,4.7179999351501465
2023-03-06 00:00:00+00:00,4.728000164031982
2023-03-07 00:00:00+00:00,4.84499979019165
2023-03-08 00:00:00+00:00,4.882999897003174
2023-03-09 00:00:00+00:00,4.8480000495910645
2023-03-10 00:00:00+00:00,4.802999973297119
2023-03-13 00:00:00+00:00,4.6579999923706055
2023-03-14 00:00:00+00:00,4.679999828338623
2023-03-15 00:00:00+00:00,4.558000087738037
2023-03-16 00:00:00+00:00,4.53000020980835
2023-03-17 00:00:00+00:00,4.293000221252441
2023-03-20 00:00:00+00:00,4.465000152587891
2023-03-21 00:00:00+00:00,4.605000019073486
2023-03-22 00:00:00+00:00,4.563000202178955
2023-03-23 00:00:00+00:00,4.502999782562256
2023-03-24 00:00:00+00:00,4.502999782562256
2023-03-27 00:00:00+00:00,4.583000183105469
2023-03-28 00:00:00+00:00,4.627999782562256
2023-03-29 00:00:00+00:00,4.630000114440918
2023-03-30 00:00:00+00:00,4.664999961853027
2023-03-31 00:00:00+00:00,4.585000038146973
2023-04-03 00:00:00+00:00,4.570000171661377
2023-04-04 00:00:00+00:00,4.728000164031982
2023-04-05 00:00:00+00:00,4.704999923706055
2023-04-06 00:00:00+00:00,4.710000038146973
2023-04-10 00:00:00+00:00,4.8379998207092285
2023-04-11 00:00:00+00:00,4.880000114440918
2023-04-12 00:00:00+00:00,4.860000133514404
2023-04-13 00:00:00+00:00,4.855000019073486
2023-04-14 00:00:00+00:00,4.9029998779296875
2023-04-17 00:00:00+00:00,4.922999858856201
2023-04-18 00:00:00+00:00,5.03000020980835
2023-04-19 00:00:00+00:00,4.994999885559082
2023-04-20 00:00:00+00:00,4.945000171661377
2023-04-21 00:00:00+00:00,4.949999809265137
2023-04-24 00:00:00+00:00,4.873000144958496
2023-04-25 00:00:00+00:00,4.953000068664551
2023-04-26 00:00:00+00:00,4.985000133514404
2023-04-27 00:00:00+00:00,5.0
2023-04-28 00:00:00+00:00,4.922999858856201
2023-05-01 00:00:00+00:00,4.864999771118164
2023-05-02 00:00:00+00:00,5.039999961853027
2023-05-03 00:00:00+00:00,5.09499979019165
2023-05-04 00:00:00+00:00,5.054999828338623
2023-05-05 00:00:00+00:00,5.079999923706055
2023-05-08 00:00:00+00:00,5.083000183105469
2023-05-09 00:00:00+00:00,5.123000144958496
2023-05-10 00:00:00+00:00,5.065000057220459
2023-05-11 00:00:00+00:00,5.014999866485596
2023-05-12 00:00:00+00:00,5.0279998779296875
2023-05-15 00:00:00+00:00,5.0
2023-05-16 00:00:00+00:00,5.058000087738037
2023-05-17 00:00:00+00:00,5.0879998207092285
2023-05-18 00:00:00+00:00,5.125
2023-05-19 00:00:00+00:00,5.085000038146973
2023-05-22 00:00:00+00:00,5.09499979019165
2023-05-23 00:00:00+00:00,5.1529998779296875
2023-05-24 00:00:00+00:00,5.184999942779541
2023-05-25 00:00:00+00:00,5.163000106811523
2023-05-26 00:00:00+00:00,5.114999771118164
2023-05-30 00:00:00+00:00,5.14300012588501
2023-05-31 00:00:00+00:00,5.248000144958496
2023-06-01 00:00:00+00:00,5.203000068664551
2023-06-02 00:00:00+00:00,5.215000152587891
2023-06-05 00:00:00+00:00,5.14300012588501
2023-06-06 00:00:00+00:00,5.1579999923706055
2023-06-07 00:00:00+00:00,5.1529998779296875
2023-06-08 00:00:00+00:00,5.099999904632568
2023-06-09 00:00:00+00:00,5.09499979019165
2023-06-12 00:00:00+00:00,5.09499979019165
2023-06-13 00:00:00+00:00,5.099999904632568
2023-06-14 00:00:00+00:00,5.079999923706055
2023-06-15 00:00:00+00:00,5.054999828338623
2023-06-16 00:00:00+00:00,5.065000057220459
2023-06-20 00:00:00+00:00,5.074999809265137
2023-06-21 00:00:00+00:00,5.135000228881836
2023-06-22 00:00:00+00:00,5.135000228881836
2023-06-23 00:00:00+00:00,5.138000011444092
2023-06-26 00:00:00+00:00,5.15500020980835
2023-06-27 00:00:00+00:00,5.179999828338623
2023-06-28 00:00:00+00:00,5.170000076293945
2023-06-29 00:00:00+00:00,5.175000190734863
2023-06-30 00:00:00+00:00,5.1529998779296875
2023-07-03 00:00:00+00:00,5.144999980926514
2023-07-05 00:00:00+00:00,5.192999839782715
2023-07-06 00:00:00+00:00,5.2129998207092285
2023-07-07 00:00:00+00:00,5.2129998207092285
2023-07-10 00:00:00+00:00,5.224999904632568
2023-07-11 00:00:00+00:00,5.243000030517578
2023-07-12 00:00:00+00:00,5.230000019073486
2023-07-13 00:00:00+00:00,5.2230000495910645
2023-07-14 00:00:00+00:00,5.215000152587891
2023-07-17 00:00:00+00:00,5.232999801635742
2023-07-18 00:00:00+00:00,5.248000144958496
2023-07-19 00:00:00+00:00,5.244999885559082
2023-07-20 00:00:00+00:00,5.243000030517578
2023-07-21 00:00:00+00:00,5.248000144958496
2023-07-24 00:00:00+00:00,5.25
2023-07-25 00:00:00+00:00,5.264999866485596
2023-07-26 00:00:00+00:00,5.26800012588501
2023-07-27 00:00:00+00:00,5.26800012588501
2023-07-28 00:00:00+00:00,5.255000114440918
2023-07-31 00:00:00+00:00,5.248000144958496
2023-08-01 00:00:00+00:00,5.260000228881836
2023-08-02 00:00:00+00:00,5.260000228881836
2023-08-03 00:00:00+00:00,5.257999897003174
2023-08-04 00:00:00+00:00,5.252999782562256
2023-08-07 00:00:00+00:00,5.260000228881836
2023-08-08 00:00:00+00:00,5.275000095367432
2023-08-09 00:00:00+00:00,5.28000020980835
2023-08-10 00:00:00+00:00,5.26800012588501
2023-08-11 00:00:00+00:00,5.264999866485596
2023-08-14 00:00:00+00:00,5.269999980926514
2023-08-15 00:00:00+00:00,5.28000020980835
2023-08-16 00:00:00+00:00,5.284999847412109
2023-08-17 00:00:00+00:00,5.2779998779296875
2023-08-18 00:00:00+00:00,5.2779998779296875
2023-08-21 00:00:00+00:00,5.28000020980835
2023-08-22 00:00:00+00:00,5.295000076293945
2023-08-23 00:00:00+00:00,5.295000076293945
2023-08-24 00:00:00+00:00,5.302999973297119
2023-08-25 00:00:00+00:00,5.315000057220459
2023-08-28 00:00:00+00:00,5.322999954223633
2023-08-29 00:00:00+00:00,5.320000171661377
2023-08-30 00:00:00+00:00,5.315000057220459
2023-08-31 00:00:00+00:00,5.297999858856201
2023-09-01 00:00:00+00:00,5.26800012588501
2023-09-05 00:00:00+00:00,5.2779998779296875
2023-09-06 00:00:00+00:00,5.300000190734863
2023-09-07 00:00:00+00:00,5.2829999923706055
2023-09-08 00:00:00+00:00,5.293000221252441
2023-09-11 00:00:00+00:00,5.293000221252441
2023-09-12 00:00:00+00:00,5.304999828338623
2023-09-13 00:00:00+00:00,5.304999828338623
2023-09-14 00:00:00+00:00,5.295000076293945
2023-09-15 00:00:00+00:00,5.297999858856201
2023-09-18 00:00:00+00:00,5.300000190734863
2023-09-19 00:00:00+00:00,5.309999942779541
2023-09-20 00:00:00+00:00,5.315000057220459
2023-09-21 00:00:00+00:00,5.304999828338623
2023-09-22 00:00:00+00:00,5.304999828338623
2023-09-25 00:00:00+00:00,5.313000202178955
2023-09-26 00:00:00+00:00,5.324999809265137
2023-09-27 00:00:00+00:00,5.329999923706055
2023-09-28 00:00:00+00:00,5.308000087738037
2023-09-29 00:00:00+00:00,5.300000190734863
2023-10-02 00:00:00+00:00,5.315000057220459
2023-10-03 00:00:00+00:00,5.340000152587891
2023-10-04 00:00:00+00:00,5.335000038146973
2023-10-05 00:00:00+00:00,5.324999809265137
2023-10-06 00:00:00+00:00,5.3480000495910645
2023-10-09 00:00:00+00:00,5.3480000495910645
2023-10-10 00:00:00+00:00,5.322999954223633
2023-10-11 00:00:00+00:00,5.335000038146973
2023-10-12 00:00:00+00:00,5.335000038146973
2023-10-13 00:00:00+00:00,5.328000068664551
2023-10-16 00:00:00+00:00,5.328000068664551
2023-10-17 00:00:00+00:00,5.340000152587891
2023-10-18 00:00:00+00:00,5.329999923706055
2023-10-19 00:00:00+00:00,5.309999942779541
2023-10-20 00:00:00+00:00,5.300000190734863
2023-10-23 00:00:00+00:00,5.293000221252441
2023-10-24 00:00:00+00:00,5.308000087738037
2023-10-25 00:00:00+00:00,5.315000057220459
2023-10-26 00:00:00+00:00,5.300000190734863
2023-10-27 00:00:00+00:00,5.304999828338623
2023-10-30 00:00:00+00:00,5.313000202178955
2023-10-31 00:00:00+00:00,5.320000171661377
2023-11-01 00:00:00+00:00,5.300000190734863
2023-11-02 00:00:00+00:00,5.269999980926514
2023-11-03 00:00:00+00:00,5.252999782562256
2023-11-06 00:00:00+00:00,5.260000228881836
2023-11-07 00:00:00+00:00,5.2729997634887695
2023-11-08 00:00:00+00:00,5.26800012588501
2023-11-09 00:00:00+00:00,5.263000011444092
2023-11-10 00:00:00+00:00,5.25
2023-11-13 00:00:00+00:00,5.260000228881836
2023-11-14 00:00:00+00:00,5.252999782562256
2023-11-15 00:00:00+00:00,5.255000114440918
2023-11-16 00:00:00+00:00,5.243000030517578
2023-11-17 00:00:00+00:00,5.232999801635742
2023-11-20 00:00:00+00:00,5.23799991607666
2023-11-21 00:00:00+00:00,5.255000114440918
2023-11-22 00:00:00+00:00,5.264999866485596
2023-11-24 00:00:00+00:00,5.252999782562256
2023-11-27 00:00:00+00:00,5.257999897003174
2023-11-28 00:00:00+00:00,5.260000228881836
2023-11-29 00:00:00+00:00,5.239999771118164
2023-11-30 00:00:00+00:00,5.23799991607666
2023-12-01 00:00:00+00:00,5.215000152587891
2023-12-04 00:00:00+00:00,5.2230000495910645
2023-12-05 00:00:00+00:00,5.243000030517578
2023-12-06 00:00:00+00:00,5.243000030517578
2023-12-07 00:00:00+00:00,5.232999801635742
2023-12-08 00:00:00+00:00,5.232999801635742
2023-12-11 00:00:00+00:00,5.232999801635742
2023-12-12 00:00:00+00:00,5.248000144958496
2023-12-13 00:00:00+00:00,5.2230000495910645
2023-12-14 00:00:00+00:00,5.215000152587891
2023-12-15 00:00:00+00:00,5.224999904632568
2023-12-18 00:00:00+00:00,5.224999904632568
2023-12-19 00:00:00+00:00,5.23799991607666
2023-12-20 00:00:00+00:00,5.230000019073486
2023-12-21 00:00:00+00:00,5.210000038146973
2023-12-22 00:00:00+00:00,5.208000183105469
2023-12-26 00:00:00+00:00,5.203000068664551
2023-12-27 00:00:00+00:00,5.235000133514404
2023-12-28 00:00:00+00:00,5.2179999351501465
2023-12-29 00:00:00+00:00,5.179999828338623
2024-01-02 00:00:00+00:00,5.2129998207092285
2024-01-03 00:00:00+00:00,5.235000133514404
2024-01-04 00:00:00+00:00,5.228000164031982
2024-01-05 00:00:00+00:00,5.21999979019165
2024-01-08 00:00:00+00:00,5.21999979019165
2024-01-09 00:00:00+00:00,5.230000019073486
2024-01-10 00:00:00+00:00,5.224999904632568
2024-01-11 00:00:00+00:00,5.2179999351501465
2024-01-12 00:00:00+00:00,5.197999954223633
2024-01-16 00:00:00+00:00,5.203000068664551
2024-01-17 00:00:00+00:00,5.215000152587891
2024-01-18 00:00:00+00:00,5.199999809265137
2024-01-19 00:00:00+00:00,5.197999954223633
2024-01-22 00:00:00+00:00,5.199999809265137
2024-01-23 00:00:00+00:00,5.210000038146973
2024-01-24 00:00:00+00:00,5.210000038146973
2024-01-25 00:00:00+00:00,5.195000171661377
2024-01-26 00:00:00+00:00,5.199999809265137
2024-01-29 00:00:00+00:00,5.199999809265137
2024-01-30 00:00:00+00:00,5.203000068664551
2024-01-31 00:00:00+00:00,5.188000202178955
2024-02-01 00:00:00+00:00,5.199999809265137
2024-02-02 00:00:00+00:00,5.210000038146973
2024-02-05 00:00:00+00:00,5.228000164031982
2024-02-06 00:00:00+00:00,5.2230000495910645
2024-02-07 00:00:00+00:00,5.2230000495910645
2024-02-08 00:00:00+00:00,5.2179999351501465
2024-02-09 00:00:00+00:00,5.21999979019165
2024-02-12 00:00:00+00:00,5.228000164031982
2024-02-13 00:00:00+00:00,5.232999801635742
2024-02-14 00:00:00+00:00,5.2179999351501465
2024-02-15 00:00:00+00:00,5.2179999351501465
2024-02-16 00:00:00+00:00,5.2230000495910645
2024-02-20 00:00:00+00:00,5.2129998207092285
2024-02-21 00:00:00+00:00,5.235000133514404
2024-02-22 00:00:00+00:00,5.232999801635742
2024-02-23 00:00:00+00:00,5.239999771118164
2024-02-26 00:00:00+00:00,5.25
2024-02-27 00:00:00+00:00,5.244999885559082
2024-02-28 00:00:00+00:00,5.239999771118164
2024-02-29 00:00:00+00:00,5.2230000495910645
2024-03-01 00:00:00+00:00,5.215000152587891
2024-03-04 00:00:00+00:00,5.2230000495910645
2024-03-05 00:00:00+00:00,5.224999904632568
2024-03-06 00:00:00+00:00,5.230000019073486
2024-03-07 00:00:00+00:00,5.228000164031982
2024-03-08 00:00:00+00:00,5.228000164031982
2024-03-11 00:00:00+00:00,5.239999771118164
2024-03-12 00:00:00+00:00,5.239999771118164
2024-03-13 00:00:00+00:00,5.23799991607666
2024-03-14 00:00:00+00:00,5.23799991607666
2024-03-15 00:00:00+00:00,5.23799991607666
2024-03-18 00:00:00+00:00,5.23799991607666
2024-03-19 00:00:00+00:00,5.23799991607666
2024-03-20 00:00:00+00:00,5.228000164031982
2024-03-21 00:00:00+00:00,5.228000164031982
2024-03-22 00:00:00+00:00,5.21999979019165
2024-03-25 00:00:00+00:00,5.2179999351501465
2024-03-26 00:00:00+00:00,5.2179999351501465
2024-03-27 00:00:00+00:00,5.215000152587891
2024-03-28 00:00:00+00:00,5.203000068664551
2024-04-01 00:00:00+00:00,5.2179999351501465
2024-04-02 00:00:00+00:00,5.2129998207092285
2024-04-03 00:00:00+00:00,5.210000038146973
2024-04-04 00:00:00+00:00,5.203000068664551
2024-04-05 00:00:00+00:00,5.215000152587891
2024-04-08 00:00:00+00:00,5.2230000495910645
2024-04-09 00:00:00+00:00,5.21999979019165
2024-04-10 00:00:00+00:00,5.243000030517578
2024-04-11 00:00:00+00:00,5.23799991607666
2024-04-12 00:00:00+00:00,5.230000019073486
2024-04-15 00:00:00+00:00,5.23799991607666
2024-04-16 00:00:00+00:00,5.232999801635742
2024-04-17 00:00:00+00:00,5.239999771118164
2024-04-18 00:00:00+00:00,5.243000030517578
2024-04-19 00:00:00+00:00,5.244999885559082
2024-04-22 00:00:00+00:00,5.244999885559082
2024-04-23 00:00:00+00:00,5.244999885559082
2024-04-24 00:00:00+00:00,5.255000114440918
2024-04-25 00:00:00+00:00,5.244999885559082
2024-04-26 00:00:00+00:00,5.23799991607666
2024-04-29 00:00:00+00:00,5.243000030517578
2024-04-30 00:00:00+00:00,5.244999885559082
2024-05-01 00:00:00+00:00,5.25
2024-05-02 00:00:00+00:00,5.23799991607666
2024-05-03 00:00:00+00:00,5.235000133514404
2024-05-06 00:00:00+00:00,5.239999771118164
2024-05-07 00:00:00+00:00,5.243000030517578
2024-05-08 00:00:00+00:00,5.244999885559082
2024-05-09 00:00:00+00:00,5.239999771118164
2024-05-10 00:00:00+00:00,5.243000030517578
2024-05-13 00:00:00+00:00,5.239999771118164
2024-05-14 00:00:00+00:00,5.235000133514404
2024-05-15 00:00:00+00:00,5.239999771118164
2024-05-16 00:00:00+00:00,5.243000030517578
2024-05-17 00:00:00+00:00,5.239999771118164
2024-05-20 00:00:00+00:00,5.239999771118164
2024-05-21 00:00:00+00:00,5.239999771118164
2024-05-22 00:00:00+00:00,5.244999885559082
2024-05-23 00:00:00+00:00,5.244999885559082
2024-05-24 00:00:00+00:00,5.244999885559082
2024-05-28 00:00:00+00:00,5.248000144958496
2024-05-29 00:00:00+00:00,5.25
2024-05-30 00:00:00+00:00,5.248000144958496
2024-05-31 00:00:00+00:00,5.244999885559082
2024-06-03 00:00:00+00:00,5.243000030517578
2024-06-04 00:00:00+00:00,5.239999771118164
2024-06-05 00:00:00+00:00,5.239999771118164
2024-06-06 00:00:00+00:00,5.232999801635742
2024-06-07 00:00:00+00:00,5.23799991607666
2024-06-10 00:00:00+00:00,5.232999801635742
2024-06-11 00:00:00+00:00,5.244999885559082
2024-06-12 00:00:00+00:00,5.243000030517578
2024-06-13 00:00:00+00:00,5.239999771118164
2024-06-14 00:00:00+00:00,5.239999771118164
2024-06-17 00:00:00+00:00,5.243000030517578
2024-06-18 00:00:00+00:00,5.235000133514404
2024-06-20 00:00:00+00:00,5.224999904632568
2024-06-21 00:00:00+00:00,5.215000152587891
2024-06-24 00:00:00+00:00,5.210000038146973
2024-06-25 00:00:00+00:00,5.2230000495910645
2024-06-26 00:00:00+00:00,5.230000019073486
2024-06-27 00:00:00+00:00,5.2230000495910645
2024-06-28 00:00:00+00:00,5.2129998207092285
2024-07-01 00:00:00+00:00,5.2179999351501465
2024-07-02 00:00:00+00:00,5.228000164031982
2024-07-03 00:00:00+00:00,5.230000019073486
2024-07-05 00:00:00+00:00,5.224999904632568
2024-07-08 00:00:00+00:00,5.2179999351501465
2024-07-09 00:00:00+00:00,5.224999904632568
2024-07-10 00:00:00+00:00,5.224999904632568
2024-07-11 00:00:00+00:00,5.197999954223633
2024-07-12 00:00:00+00:00,5.197999954223633
2024-07-15 00:00:00+00:00,5.192999839782715
2024-07-16 00:00:00+00:00,5.192999839782715
2024-07-17 00:00:00+00:00,5.195000171661377
2024-07-18 00:00:00+00:00,5.192999839782715
2024-07-19 00:00:00+00:00,5.192999839782715
2024-07-22 00:00:00+00:00,5.190000057220459
2024-07-23 00:00:00+00:00,5.172999858856201
2024-07-24 00:00:00+00:00,5.170000076293945
2024-07-25 00:00:00+00:00,5.159999847412109
2024-07-26 00:00:00+00:00,5.15500020980835
2024-07-29 00:00:00+00:00,5.146999835968018
2024-07-30 00:00:00+00:00,5.135000228881836
2024-07-31 00:00:00+00:00,5.135000228881836
2024-08-01 00:00:00+00:00,5.114999771118164
2024-08-02 00:00:00+00:00,5.03000020980835
2024-08-05 00:00:00+00:00,5.059999942779541
2024-08-06 00:00:00+00:00,5.079999923706055
2024-08-07 00:00:00+00:00,5.079999923706055
2024-08-08 00:00:00+00:00,5.083000183105469
2024-08-09 00:00:00+00:00,5.074999809265137
2024-08-12 00:00:00+00:00,5.072999954223633
2024-08-13 00:00:00+00:00,5.052999973297119
2024-08-14 00:00:00+00:00,5.063000202178955
2024-08-15 00:00:00+00:00,5.079999923706055
2024-08-16 00:00:00+00:00,5.074999809265137
2024-08-19 00:00:00+00:00,5.063000202178955
2024-08-20 00:00:00+00:00,5.0329999923706055
2024-08-21 00:00:00+00:00,5.005000114440918
2024-08-22 00:00:00+00:00,5.025000095367432
2024-08-23 00:00:00+00:00,5.0
2024-08-26 00:00:00+00:00,4.998000144958496
2024-08-27 00:00:00+00:00,4.9679999351501465
2024-08-28 00:00:00+00:00,4.954999923706055
2024-08-29 00:00:00+00:00,4.965000152587891
2024-08-30 00:00:00+00:00,4.9679999351501465
2024-09-03 00:00:00+00:00,4.96999979019165
2024-09-04 00:00:00+00:00,4.947999954223633
2024-09-05 00:00:00+00:00,4.932000160217285
2024-09-06 00:00:00+00:00,4.9079999923706055
2024-09-09 00:00:00+00:00,4.894999980926514
2024-09-10 00:00:00+00:00,4.835000038146973
2024-09-11 00:00:00+00:00,4.875
2024-09-12 00:00:00+00:00,4.840000152587891
2024-09-13 00:00:00+00:00,4.763000011444092
2024-09-16 00:00:00+00:00,4.744999885559082
2024-09-17 00:00:00+00:00,4.735000133514404
2024-09-18 00:00:00+00:00,4.614999771118164
2024-09-19 00:00:00+00:00,4.5929999351501465
2024-09-20 00:00:00+00:00,4.545000076293945
2024-09-23 00:00:00+00:00,4.502999782562256
2024-09-24 00:00:00+00:00,4.494999885559082
2024-09-25 00:00:00+00:00,4.486999988555908
2024-09-26 00:00:00+00:00,4.4679999351501465
2024-09-27 00:00:00+00:00,4.48199987411499
2024-09-30 00:00:00+00:00,4.498000144958496
2024-10-01 00:00:00+00:00,4.48199987411499
2024-10-02 00:00:00+00:00,4.4730000495910645
2024-10-03 00:00:00+00:00,4.465000152587891
2024-10-04 00:00:00+00:00,4.505000114440918
2024-10-07 00:00:00+00:00,4.525000095367432
2024-10-08 00:00:00+00:00,4.5279998779296875
2024-10-09 00:00:00+00:00,4.534999847412109
2024-10-10 00:00:00+00:00,4.53000020980835
2024-10-11 00:00:00+00:00,4.514999866485596
2024-10-14 00:00:00+00:00,4.51800012588501
2024-10-15 00:00:00+00:00,4.514999866485596
2024-10-16 00:00:00+00:00,4.502999782562256
2024-10-17 00:00:00+00:00,4.514999866485596
2024-10-18 00:00:00+00:00,4.513000011444092
2024-10-21 00:00:00+00:00,4.51800012588501
2024-10-22 00:00:00+00:00,4.5
2024-10-23 00:00:00+00:00,4.505000114440918
2024-10-24 00:00:00+00:00,4.486999988555908
2024-10-25 00:00:00+00:00,4.510000228881836
2024-10-28 00:00:00+00:00,4.48199987411499
2024-10-29 00:00:00+00:00,4.480000019073486
2024-10-30 00:00:00+00:00,4.4629998207092285
2024-10-31 00:00:00+00:00,4.432000160217285
2024-11-01 00:00:00+00:00,4.400000095367432
2024-11-04 00:00:00+00:00,4.418000221252441
2024-11-05 00:00:00+00:00,4.422999858856201
2024-11-06 00:00:00+00:00,4.429999828338623
2024-11-07 00:00:00+00:00,4.420000076293945
2024-11-08 00:00:00+00:00,4.422999858856201
2024-11-11 00:00:00+00:00,4.414999961853027
2024-11-12 00:00:00+00:00,4.422999858856201
2024-11-13 00:00:00+00:00,4.389999866485596
2024-11-14 00:00:00+00:00,4.382999897003174
2024-11-15 00:00:00+00:00,4.39300012588501
2024-11-18 00:00:00+00:00,4.4029998779296875
2024-11-19 00:00:00+00:00,4.4079999923706055
2024-11-20 00:00:00+00:00,4.409999847412109
2024-11-21 00:00:00+00:00,4.413000106811523
2024-11-22 00:00:00+00:00,4.414999961853027
2024-11-25 00:00:00+00:00,4.40500020980835
2024-11-26 00:00:00+00:00,4.394999980926514
2024-11-27 00:00:00+00:00,4.385000228881836
2024-11-29 00:00:00+00:00,4.373000144958496
2024-12-02 00:00:00+00:00,4.380000114440918
2024-12-03 00:00:00+00:00,4.35699987411499
2024-12-04 00:00:00+00:00,4.34499979019165
2024-12-05 00:00:00+00:00,4.329999923706055
2024-12-06 00:00:00+00:00,4.295000076293945
2024-12-09 00:00:00+00:00,4.293000221252441
2024-12-10 00:00:00+00:00,4.284999847412109
2024-12-11 00:00:00+00:00,4.255000114440918
2024-12-12 00:00:00+00:00,4.2230000495910645
2024-12-13 00:00:00+00:00,4.2179999351501465
2024-12-16 00:00:00+00:00,4.228000164031982
2024-12-17 00:00:00+00:00,4.239999771118164
2024-12-18 00:00:00+00:00,4.23199987411499
2024-12-19 00:00:00+00:00,4.21999979019165
2024-12-20 00:00:00+00:00,4.215000152587891
2024-12-23 00:00:00+00:00,4.215000152587891
2024-12-24 00:00:00+00:00,4.199999809265137
2024-12-26 00:00:00+00:00,4.215000152587891
2024-12-27 00:00:00+00:00,4.177999973297119
2024-12-30 00:00:00+00:00,4.182000160217285
2024-12-31 00:00:00+00:00,4.208000183105469
2025-01-02 00:00:00+00:00,4.208000183105469
2025-01-03 00:00:00+00:00,4.192999839782715
2025-01-06 00:00:00+00:00,4.190000057220459
2025-01-07 00:00:00+00:00,4.203000068664551
2025-01-08 00:00:00+00:00,4.204999923706055
2025-01-10 00:00:00+00:00,4.2129998207092285
2025-01-13 00:00:00+00:00,4.2179999351501465
2025-01-14 00:00:00+00:00,4.2129998207092285
2025-01-15 00:00:00+00:00,4.204999923706055
2025-01-16 00:00:00+00:00,4.195000171661377
2025-01-17 00:00:00+00:00,4.192999839782715
2025-01-21 00:00:00+00:00,4.197000026702881
2025-01-22 00:00:00+00:00,4.215000152587891
2025-01-23 00:00:00+00:00,4.2129998207092285
2025-01-24 00:00:00+00:00,4.204999923706055
2025-01-27 00:00:00+00:00,4.188000202178955
2025-01-28 00:00:00+00:00,4.190000057220459
2025-01-29 00:00:00+00:00,4.188000202178955
2025-01-30 00:00:00+00:00,4.182000160217285
2025-01-31 00:00:00+00:00,4.188000202178955
2025-02-03 00:00:00+00:00,4.190000057220459
2025-02-04 00:00:00+00:00,4.2129998207092285
2025-02-05 00:00:00+00:00,4.210000038146973
2025-02-06 00:00:00+00:00,4.2129998207092285
2025-02-07 00:00:00+00:00,4.228000164031982
2025-02-10 00:00:00+00:00,4.228000164031982
2025-02-11 00:00:00+00:00,4.224999904632568
2025-02-12 00:00:00+00:00,4.228000164031982
2025-02-13 00:00:00+00:00,4.2129998207092285
2025-02-14 00:00:00+00:00,4.2129998207092285
2025-02-18 00:00:00+00:00,4.2129998207092285
2025-02-19 00:00:00+00:00,4.2179999351501465
2025-02-20 00:00:00+00:00,4.204999923706055
2025-02-21 00:00:00+00:00,4.197000026702881
2025-02-24 00:00:00+00:00,4.190000057220459
2025-02-25 00:00:00+00:00,4.182000160217285
2025-02-26 00:00:00+00:00,4.192999839782715
2025-02-27 00:00:00+00:00,4.195000171661377
2025-02-28 00:00:00+00:00,4.192999839782715
2025-03-03 00:00:00+00:00,4.192999839782715
2025-03-04 00:00:00+00:00,4.195000171661377
2025-03-05 00:00:00+00:00,4.204999923706055
2025-03-06 00:00:00+00:00,4.197000026702881
2025-03-07 00:00:00+00:00,4.197000026702881
2025-03-10 00:00:00+00:00,4.184999942779541
2025-03-11 00:00:00+00:00,4.195000171661377
2025-03-12 00:00:00+00:00,4.197000026702881
2025-03-13 00:00:00+00:00,4.188000202178955
2025-03-14 00:00:00+00:00,4.188000202178955
2025-03-17 00:00:00+00:00,4.188000202178955
2025-03-18 00:00:00+00:00,4.195000171661377
2025-03-19 00:00:00+00:00,4.190000057220459
2025-03-20 00:00:00+00:00,4.182000160217285
2025-03-21 00:00:00+00:00,4.184999942779541
2025-03-24 00:00:00+00:00,4.182000160217285
2025-03-25 00:00:00+00:00,4.182000160217285
2025-03-26 00:00:00+00:00,4.190000057220459
2025-03-27 00:00:00+00:00,4.188000202178955
2025-03-28 00:00:00+00:00,4.188000202178955
2025-03-31 00:00:00+00:00,4.192999839782715
2025-04-01 00:00:00+00:00,4.199999809265137
2025-04-02 00:00:00+00:00,4.203000068664551
2025-04-03 00:00:00+00:00,4.184999942779541
2025-04-04 00:00:00+00:00,4.15500020980835
2025-04-07 00:00:00+00:00,4.150000095367432
2025-04-08 00:00:00+00:00,4.177999973297119
2025-04-09 00:00:00+00:00,4.228000164031982
2025-04-10 00:00:00+00:00,4.197000026702881
2025-04-11 00:00:00+00:00,4.2129998207092285
2025-04-14 00:00:00+00:00,4.195000171661377
2025-04-15 00:00:00+00:00,4.199999809265137
2025-04-16 00:00:00+00:00,4.208000183105469
2025-04-17 00:00:00+00:00,4.204999923706055
2025-04-21 00:00:00+00:00,4.210000038146973
2025-04-22 00:00:00+00:00,4.2129998207092285
2025-04-23 00:00:00+00:00,4.208000183105469
2025-04-24 00:00:00+00:00,4.197000026702881
2025-04-25 00:00:00+00:00,4.192999839782715
2025-04-28 00:00:00+00:00,4.192999839782715
2025-04-29 00:00:00+00:00,4.190000057220459
2025-04-30 00:00:00+00:00,4.190000057220459
2025-05-01 00:00:00+00:00,4.184999942779541
2025-05-02 00:00:00+00:00,4.208000183105469
2025-05-05 00:00:00+00:00,4.208000183105469
2025-05-06 00:00:00+00:00,4.210000038146973
2025-05-07 00:00:00+00:00,4.215000152587891
2025-05-08 00:00:00+00:00,4.215000152587891
2025-05-09 00:00:00+00:00,4.215000152587891
2025-05-12 00:00:00+00:00,4.28000020980835
2025-05-13 00:00:00+00:00,4.284999847412109
2025-05-14 00:00:00+00:00,4.284999847412109
2025-05-15 00:00:00+00:00,4.257999897003174
2025-05-16 00:00:00+00:00,4.236999988555908
2025-05-19 00:00:00+00:00,4.239999771118164
2025-05-20 00:00:00+00:00,4.248000144958496
2025-05-21 00:00:00+00:00,4.235000133514404
2025-05-22 00:00:00+00:00,4.23199987411499
2025-05-23 00:00:00+00:00,4.230000019073486
2025-05-27 00:00:00+00:00,4.203000068664551
2025-05-28 00:00:00+00:00,4.224999904632568
2025-05-29 00:00:00+00:00,4.230000019073486
2025-05-30 00:00:00+00:00,4.23199987411499
2025-06-02 00:00:00+00:00,4.23199987411499
2025-06-03 00:00:00+00:00,4.235000133514404
2025-06-04 00:00:00+00:00,4.239999771118164
2025-06-05 00:00:00+00:00,4.23199987411499
2025-06-06 00:00:00+00:00,4.23199987411499
2025-06-09 00:00:00+00:00,4.239999771118164
2025-06-10 00:00:00+00:00,4.25
2025-06-11 00:00:00+00:00,4.25
2025-06-12 00:00:00+00:00,4.257999897003174
2025-06-13 00:00:00+00:00,4.239999771118164
2025-06-16 00:00:00+00:00,4.248000144958496
2025-06-17 00:00:00+00:00,4.2179999351501465
2025-06-18 00:00:00+00:00,4.2230000495910645
2025-06-20 00:00:00+00:00,4.195000171661377
2025-06-23 00:00:00+00:00,4.1579999923706055
2025-06-24 00:00:00+00:00,4.182000160217285
2025-06-25 00:00:00+00:00,4.188000202178955
2025-06-26 00:00:00+00:00,4.192999839782715
2025-06-27 00:00:00+00:00,4.197000026702881
2025-06-30 00:00:00+00:00,4.190000057220459
2025-07-01 00:00:00+00:00,4.224999904632568
2025-07-02 00:00:00+00:00,4.2230000495910645
2025-07-03 00:00:00+00:00,4.239999771118164
2025-07-07 00:00:00+00:00,4.244999885559082
2025-07-08 00:00:00+00:00,4.25
2025-07-09 00:00:00+00:00,4.244999885559082
2025-07-10 00:00:00+00:00,4.239999771118164
2025-07-11 00:00:00+00:00,4.236999988555908
2025-07-14 00:00:00+00:00,4.228000164031982
2025-07-15 00:00:00+00:00,4.23199987411499
2025-07-16 00:00:00+00:00,4.224999904632568
2025-07-17 00:00:00+00:00,4.235000133514404
2025-07-18 00:00:00+00:00,4.230000019073486
2025-07-21 00:00:00+00:00,4.2230000495910645
2025-07-22 00:00:00+00:00,4.230000019073486
2025-07-23 00:00:00+00:00,4.239999771118164
2025-07-24 00:00:00+00:00,4.244999885559082
2025-07-25 00:00:00+00:00,4.244999885559082
2025-07-28 00:00:00+00:00,4.235000133514404
2025-07-29 00:00:00+00:00,4.230000019073486
2025-07-30 00:00:00+00:00,4.23199987411499
2025-07-31 00:00:00+00:00,4.235000133514404
2025-08-01 00:00:00+00:00,4.182000160217285
2025-08-04 00:00:00+00:00,4.1529998779296875
2025-08-05 00:00:00+00:00,4.150000095367432
2025-08-06 00:00:00+00:00,4.132999897003174
2025-08-07 00:00:00+00:00,4.138000011444092
2025-08-08 00:00:00+00:00,4.132999897003174
2025-08-11 00:00:00+00:00,4.14300012588501
2025-08-12 00:00:00+00:00,4.130000114440918
2025-08-13 00:00:00+00:00,4.110000133514404
2025-08-14 00:00:00+00:00,4.111999988555908
2025-08-15 00:00:00+00:00,4.111999988555908
2025-08-18 00:00:00+00:00,4.123000144958496
2025-08-19 00:00:00+00:00,4.110000133514404
2025-08-20 00:00:00+00:00,4.114999771118164
2025-08-21 00:00:00+00:00,4.127999782562256
2025-08-22 00:00:00+00:00,4.0879998207092285
2025-08-25 00:00:00+00:00,4.0929999351501465
2025-08-26 00:00:00+00:00,4.0879998207092285
2025-08-27 00:00:00+00:00,4.059999942779541
2025-08-28 00:00:00+00:00,4.072000026702881
2025-08-29 00:00:00+00:00,4.043000221252441
2025-09-02 00:00:00+00:00,4.0320000648498535
2025-09-03 00:00:00+00:00,4.01800012588501
2025-09-04 00:00:00+00:00,3.997999906539917
2025-09-05 00:00:00+00:00,3.9100000858306885
2025-09-08 00:00:00+00:00,3.927999973297119
2025-09-09 00:00:00+00:00,3.943000078201294
2025-09-10 00:00:00+00:00,3.930000066757202
2025-09-11 00:00:00+00:00,3.927999973297119
2025-09-12 00:00:00+00:00,3.927999973297119
2025-09-15 00:00:00+00:00,3.9000000953674316
2025-09-16 00:00:00+00:00,3.890000104904175
2025-09-17 00:00:00+00:00,3.868000030517578
2025-09-18 00:00:00+00:00,3.880000114440918
2025-09-19 00:00:00+00:00,3.878000020980835
2025-09-22 00:00:00+00:00,3.8480000495910645
2025-09-23 00:00:00+00:00,3.8450000286102295
2025-09-24 00:00:00+00:00,3.8580000400543213
2025-09-25 00:00:00+00:00,3.882999897003174
2025-09-26 00:00:00+00:00,3.859999895095825
2025-09-29 00:00:00+00:00,3.86299991607666
2025-09-30 00:00:00+00:00,3.8450000286102295
2025-10-01 00:00:00+00:00,3.8450000286102295
2025-10-02 00:00:00+00:00,3.8480000495910645
2025-10-03 00:00:00+00:00,3.8580000400543213
2025-10-06 00:00:00+00:00,3.859999895095825
2025-10-07 00:00:00+00:00,3.8429999351501465
2025-10-08 00:00:00+00:00,3.8429999351501465
2025-10-09 00:00:00+00:00,3.8529999256134033
2025-10-10 00:00:00+00:00,3.8529999256134033
2025-10-13 00:00:00+00:00,3.8529999256134033
2025-10-14 00:00:00+00:00,3.8529999256134033
2025-10-15 00:00:00+00:00,3.8580000400543213
2025-10-16 00:00:00+00:00,3.8529999256134033
2025-10-17 00:00:00+00:00,3.8320000171661377
2025-10-20 00:00:00+00:00,3.7980000972747803
2025-10-21 00:00:00+00:00,3.7850000858306885
2025-10-22 00:00:00+00:00,3.7880001068115234
2025-10-23 00:00:00+00:00,3.7880001068115234
2025-10-24 00:00:00+00:00,3.763000011444092
2025-10-27 00:00:00+00:00,3.7179999351501465
2025-10-28 00:00:00+00:00,3.7200000286102295
2025-10-29 00:00:00+00:00,3.7300000190734863
2025-10-30 00:00:00+00:00,3.756999969482422
2025-10-31 00:00:00+00:00,3.7179999351501465
2025-11-03 00:00:00+00:00,3.7829999923706055
2025-11-04 00:00:00+00:00,3.7929999828338623
2025-11-05 00:00:00+00:00,3.7880001068115234
2025-11-06 00:00:00+00:00,3.763000011444092
2025-11-07 00:00:00+00:00,3.756999969482422
2025-11-10 00:00:00+00:00,3.7829999923706055
2025-11-11 00:00:00+00:00,3.7829999923706055
2025-11-12 00:00:00+00:00,3.7780001163482666
2025-11-13 00:00:00+00:00,3.7929999828338623
2025-11-14 00:00:00+00:00,3.7880001068115234
2025-11-17 00:00:00+00:00,3.7720000743865967
2025-11-18 00:00:00+00:00,3.7720000743865967
2025-11-19 00:00:00+00:00,3.7720000743865967
2025-11-20 00:00:00+00:00,3.7750000953674316
2025-11-21 00:00:00+00:00,3.740000009536743
2025-11-24 00:00:00+00:00,3.7300000190734863
2025-11-25 00:00:00+00:00,3.7320001125335693
2025-11-26 00:00:00+00:00,3.753000020980835
2025-11-28 00:00:00+00:00,3.697000026702881
2025-12-01 00:00:00+00:00,3.693000078201294
2025-12-02 00:00:00+00:00,3.671999931335449
2025-12-03 00:00:00+00:00,3.634999990463257
2025-12-04 00:00:00+00:00,3.611999988555908
2025-12-05 00:00:00+00:00,3.6029999256134033
2025-12-08 00:00:00+00:00,3.618000030517578
2025-12-09 00:00:00+00:00,3.631999969482422
2025-12-10 00:00:00+00:00,3.5929999351501465
2025-12-11 00:00:00+00:00,3.568000078201294
2025-12-12 00:00:00+00:00,3.5250000953674316
2025-12-15 00:00:00+00:00,3.5380001068115234
2025-12-16 00:00:00+00:00,3.5450000762939453
2025-12-17 00:00:00+00:00,3.5429999828338623
2025-12-18 00:00:00+00:00,3.5220000743865967
2025-12-19 00:00:00+00:00,3.5220000743865967
2025-12-22 00:00:00+00:00,3.5280001163482666
2025-12-23 00:00:00+00:00,3.546999931335449
2025-12-24 00:00:00+00:00,3.555000066757202
2025-12-26 00:00:00+00:00,3.5429999828338623
2025-12-29 00:00:00+00:00,3.5380001068115234
2025-12-30 00:00:00+00:00,3.5399999618530273
2025-12-31 00:00:00+00:00,3.546999931335449
2026-01-02 00:00:00+00:00,3.5329999923706055
2026-01-05 00:00:00+00:00,3.515000104904175
2026-01-06 00:00:00+00:00,3.5199999809265137
2026-01-07 00:00:00+00:00,3.515000104904175
2026-01-08 00:00:00+00:00,3.506999969482422
2026-01-09 00:00:00+00:00,3.513000011444092
2026-01-12 00:00:00+00:00,3.5329999923706055
2026-01-13 00:00:00+00:00,3.559999942779541
2026-01-14 00:00:00+00:00,3.559999942779541
2026-01-15 00:00:00+00:00,3.565000057220459
2026-01-16 00:00:00+00:00,3.556999921798706
2026-01-20 00:00:00+00:00,3.572000026702881
2026-01-21 00:00:00+00:00,3.5880000591278076
2026-01-22 00:00:00+00:00,3.5880000591278076
2026-01-23 00:00:00+00:00,3.5820000171661377
2026-01-26 00:00:00+00:00,3.575000047683716
2026-01-27 00:00:00+00:00,3.569999933242798
2026-01-28 00:00:00+00:00,3.5820000171661377
2026-01-29 00:00:00+00:00,3.5799999237060547
2026-01-30 00:00:00+00:00,3.572000026702881
2026-02-02 00:00:00+00:00,3.578000068664551
2026-02-03 00:00:00+00:00,3.5899999141693115
2026-02-04 00:00:00+00:00,3.5950000286102295
2026-02-05 00:00:00+00:00,3.578000068664551
2026-02-06 00:00:00+00:00,3.5899999141693115
2026-02-09 00:00:00+00:00,3.5929999351501465
2026-02-10 00:00:00+00:00,3.5899999141693115
2026-02-11 00:00:00+00:00,3.5999999046325684
2026-02-12 00:00:00+00:00,3.5980000495910645
2026-02-13 00:00:00+00:00,3.5929999351501465
2026-02-17 00:00:00+00:00,3.5929999351501465
2026-02-18 00:00:00+00:00,3.6029999256134033
2026-02-19 00:00:00+00:00,3.5950000286102295
2026-02-20 00:00:00+00:00,3.5950000286102295
2026-02-23 00:00:00+00:00,3.5880000591278076
2026-02-24 00:00:00+00:00,3.5880000591278076
2026-02-25 00:00:00+00:00,3.5880000591278076
2026-02-26 00:00:00+00:00,3.5880000591278076
2026-02-27 00:00:00+00:00,3.578000068664551
2026-03-02 00:00:00+00:00,3.5899999141693115
2026-03-03 00:00:00+00:00,3.5950000286102295
2026-03-04 00:00:00+00:00,3.5950000286102295
2026-03-05 00:00:00+00:00,3.5880000591278076
2026-03-06 00:00:00+00:00,3.569999933242798
2026-03-09 00:00:00+00:00,3.5929999351501465
2026-03-10 00:00:00+00:00,3.5950000286102295
2026-03-11 00:00:00+00:00,3.5999999046325684
2026-03-12 00:00:00+00:00,3.6050000190734863
2026-03-13 00:00:00+00:00,3.6029999256134033
2026-03-16 00:00:00+00:00,3.6050000190734863
2026-03-17 00:00:00+00:00,3.6050000190734863
2026-03-18 00:00:00+00:00,3.609999895095825
2026-03-19 00:00:00+00:00,3.611999988555908
2026-03-20 00:00:00+00:00,3.618000030517578
2026-03-23 00:00:00+00:00,3.611999988555908
2026-03-24 00:00:00+00:00,3.619999885559082
2026-03-25 00:00:00+00:00,3.619999885559082
2026-03-26 00:00:00+00:00,3.619999885559082
2026-03-27 00:00:00+00:00,3.6070001125335693
2026-03-30 00:00:00+00:00,3.5980000495910645
2026-03-31 00:00:00+00:00,3.5999999046325684
2026-04-01 00:00:00+00:00,3.6050000190734863
2026-04-02 00:00:00+00:00,3.6070001125335693
2026-04-06 00:00:00+00:00,3.622999906539917
2026-04-07 00:00:00+00:00,3.615000009536743
2026-04-08 00:00:00+00:00,3.5999999046325684
2026-04-09 00:00:00+00:00,3.5880000591278076
2026-04-10 00:00:00+00:00,3.5929999351501465
2026-04-13 00:00:00+00:00,3.6029999256134033
2026-04-14 00:00:00+00:00,3.611999988555908
2026-04-15 00:00:00+00:00,3.611999988555908
2026-04-16 00:00:00+00:00,3.609999895095825
2026-04-17 00:00:00+00:00,3.5999999046325684
2026-04-20 00:00:00+00:00,3.5980000495910645
2026-04-21 00:00:00+00:00,3.5980000495910645
2026-04-22 00:00:00+00:00,3.5950000286102295
2026-04-23 00:00:00+00:00,3.5950000286102295
2026-04-24 00:00:00+00:00,3.5929999351501465
2026-04-27 00:00:00+00:00,3.5899999141693115
2026-04-28 00:00:00+00:00,3.5899999141693115
2026-04-29 00:00:00+00:00,3.5899999141693115
2026-04-30 00:00:00+00:00,3.5850000381469727
2026-05-01 00:00:00+00:00,3.575000047683716
2026-05-04 00:00:00+00:00,3.5899999141693115
2026-05-05 00:00:00+00:00,3.5999999046325684
2026-05-06 00:00:00+00:00,3.5999999046325684
2026-05-07 00:00:00+00:00,3.5980000495910645
2026-05-08 00:00:00+00:00,3.5950000286102295
2026-05-11 00:00:00+00:00,3.5999999046325684
2026-05-12 00:00:00+00:00,3.6029999256134033
2026-05-13 00:00:00+00:00,3.5999999046325684
2026-05-14 00:00:00+00:00,3.5880000591278076
2026-05-15 00:00:00+00:00,3.5880000591278076
2026-05-18 00:00:00+00:00,3.568000078201294
2026-05-19 00:00:00+00:00,3.575000047683716
2026-05-20 00:00:00+00:00,3.568000078201294
