date,time,currency,event,impact,actual,forecast,previous
2010-01-04,2:30am,CHF,Manufacturing PMI,Low,57.1,56.9,
2010-01-04,2:45am,EUR,Italian Manufacturing PMI,Medium,50.5,50.1,
2010-01-04,2:50am,EUR,French Final Manufacturing PMI,Medium,54.4,54.4,
2010-01-04,2:55am,EUR,German Final Manufacturing PMI,Medium,53.1,53.1,
2010-01-04,3:00am,EUR,Final Manufacturing PMI,Medium,51.6,51.6,
2010-01-04,3:30am,EUR,Sentix Investor Confidence,Medium,-3.4,-5.5,
2010-01-04,3:30am,GBP,Final Manufacturing PMI,High,52.1,51.8,
2010-01-04,3:30am,GBP,Net Lending to Individuals m/m,Low,0.6B,0.5B,
2010-01-04,3:30am,GBP,Mortgage Approvals,Medium,58K,58K,
2010-01-04,4:00am,EUR,Italian Prelim CPI m/m,Medium,0.1%,0.1%,
2010-01-04,9:00am,USD,ISM Manufacturing PMI,High,54.1,53.6,
2010-01-04,9:00am,USD,Construction Spending m/m,Medium,-0.4%,-0.5%,
2010-01-04,9:00am,USD,ISM Manufacturing Prices,Medium,57.7,55.0,
2010-01-04,12:00pm,USD,FOMC Member Duke Speaks,Medium,,,
2010-01-04,5:50pm,JPY,Monetary Base y/y,Medium,3.5%,3.8%,
2010-01-05,2:55am,EUR,German Unemployment Change,Low,6K,-1K,
2010-01-05,3:30am,GBP,Construction PMI,Low,47.6,47.0,
2010-01-05,4:00am,EUR,CPI Flash Estimate y/y,Low,0.9%,0.5%,
2010-01-05,7:00am,USD,FOMC Member Hoenig Speaks,Low,,,
2010-01-05,9:00am,USD,Pending Home Sales m/m,High,-2.3%,3.9%,
2010-01-05,9:00am,USD,Factory Orders m/m,Low,0.5%,0.8%,
2010-01-05,All Day,USD,Total Vehicle Sales,Medium,11.0M,10.9M,
2010-01-05,6:01pm,GBP,Nationwide Consumer Confidence,Low,72,74,
2010-01-05,6:01pm,GBP,BRC Shop Price Index y/y,Medium,,0.2%,
2010-01-05,9:45pm,JPY,10-y Bond Auction,Medium,,1.25|2.8,
2010-01-06,2:00am,CHF,Foreign Currency Reserves,High,,95B,
2010-01-06,2:15am,EUR,Spanish Services PMI,Medium,,46.1,
2010-01-06,2:45am,EUR,Italian Services PMI,Medium,51.9,49.8,
2010-01-06,2:50am,EUR,French Final Services PMI,Medium,59.3,59.3,
2010-01-06,2:55am,EUR,German Final Services PMI,Medium,53.1,53.1,
2010-01-06,3:00am,EUR,Final Services PMI,Medium,53.7,53.7,
2010-01-06,3:30am,GBP,Final Services PMI,High,56.7,56.6,
2010-01-06,4:00am,EUR,Industrial New Orders m/m,Low,-1.0%,1.7%,
2010-01-06,4:00am,EUR,PPI m/m,Medium,0.2%,0.3%,
2010-01-06,4:04am,EUR,German 10-y Bond Auction,Low,,3.37|1.4,
2010-01-06,6:30am,USD,Challenger Job Cuts y/y,Medium,,-72.3%,
2010-01-06,7:15am,USD,ADP Non-Farm Employment Change,High,-74K,-145K,
2010-01-06,9:00am,USD,ISM Services PMI,High,50.5,48.7,
2010-01-06,9:30am,USD,Crude Oil Inventories,Low,-0.4M,-1.5M,
2010-01-06,1:00pm,USD,FOMC Meeting Minutes,High,,,
2010-01-07,1:00am,EUR,German Retail Sales m/m,Low,0.4%,0.0%,
2010-01-07,2:15am,CHF,CPI m/m,Low,0.1%,0.2%,
2010-01-07,3:00am,GBP,Halifax HPI m/m,High,0.6%,1.3%,
2010-01-07,4:00am,EUR,Retail Sales m/m,Low,0.0%,0.2%,
2010-01-07,4:00am,EUR,Consumer Confidence,Medium,-16,-17,
2010-01-07,4:05am,EUR,French 10-y Bond Auction,Low,,3.62|2.1,
2010-01-07,5:00am,EUR,German Factory Orders m/m,Low,1.6%,-1.9%,
2010-01-07,6:00am,GBP,Asset Purchase Facility,High,200B,200B,
2010-01-07,6:00am,GBP,MPC Rate Statement,High,,,
2010-01-07,6:00am,GBP,Official Bank Rate,High,0.50%,0.50%,
2010-01-07,7:30am,USD,Unemployment Claims,High,449K,433K,
2010-01-07,9:30am,USD,Natural Gas Storage,Medium,-147B,-124B,
2010-01-07,12:00pm,USD,FOMC Member Hoenig Speaks,Low,,,
2010-01-07,11:00pm,JPY,Leading Indicators,Medium,91.4%,89.4%,
2010-01-08,1:00am,EUR,German Trade Balance,Medium,12.3B,12.7B,
2010-01-08,1:30am,USD,FOMC Member Bullard Speaks,Low,,,
2010-01-08,1:45am,EUR,French Trade Balance,Medium,-3.9B,-4.4B,
2010-01-08,3:30am,GBP,PPI Input m/m,High,-0.2%,0.1%,
2010-01-08,3:30am,GBP,PPI Output m/m,Medium,0.2%,0.2%,
2010-01-08,4:00am,EUR,Unemployment Rate,Low,9.9%,9.9%,
2010-01-08,4:00am,EUR,Final GDP q/q,Medium,0.4%,0.4%,
2010-01-08,4:00am,EUR,Italian Monthly Unemployment Rate,Medium,8.3%,8.2%,
2010-01-08,5:00am,EUR,German Industrial Production m/m,Low,1.1%,-1.7%,
2010-01-08,7:30am,USD,Non-Farm Employment Change,High,-3K,4K,
2010-01-08,7:30am,USD,Unemployment Rate,High,10.1%,10.0%,
2010-01-08,7:30am,USD,Average Hourly Earnings m/m,Low,0.2%,0.2%,
2010-01-08,9:00am,USD,Final Wholesale Inventories m/m,Medium,-0.2%,0.6%,
2010-01-08,9:15am,USD,FOMC Member Rosengren Speaks,Low,,,
2010-01-08,1:40pm,USD,President Obama Speaks,Medium,,,
2010-01-08,2:00pm,USD,Consumer Credit m/m,Medium,-4.9B,-4.2B,
2010-01-10,All Day,JPY,Bank Holiday,Low,,,
2010-01-10,8:10pm,USD,FOMC Member Bullard Speaks,Low,,,
2010-01-11,2:15am,CHF,Retail Sales y/y,High,1.9%,3.6%,
2010-01-11,4:16am,EUR,ECB President Trichet Speaks,Low,,,
2010-01-11,5:50pm,JPY,Bank Lending y/y,Medium,,0.2%,
2010-01-11,5:50pm,JPY,Current Account,Medium,1.22T,1.38T,
2010-01-11,5:50pm,JPY,M2 Money Stock y/y,Medium,3.3%,3.3%,
2010-01-11,6:01pm,GBP,BRC Retail Sales Monitor y/y,Low,,1.8%,
2010-01-11,6:01pm,GBP,RICS House Price Balance,Low,38%,35%,
2010-01-11,11:00pm,JPY,Economy Watchers Sentiment,Medium,34.2,33.9,
2010-01-12,3:30am,GBP,Goods Trade Balance,Low,-6.9B,-7.0B,
2010-01-12,3:30am,GBP,ONS HPI y/y,Medium,0.4%,-2.2%,
2010-01-12,6:30am,USD,NFIB Small Business Index,Medium,,88.3,
2010-01-12,7:30am,USD,Trade Balance,High,-34.9B,-33.2B,
2010-01-12,9:00am,USD,JOLTS Job Openings,Medium,,2.57M,
2010-01-12,9:00am,USD,RCM/TIPP Economic Optimism,Medium,49.2,46.8,
2010-01-13,1:45am,EUR,French Final CPI m/m,Medium,0.3%,0.1%,
2010-01-13,3:00am,EUR,Italian Industrial Production m/m,Medium,0.8%,0.7%,
2010-01-13,3:30am,GBP,Manufacturing Production m/m,High,0.3%,0.0%,
2010-01-13,3:30am,GBP,Industrial Production m/m,Medium,0.3%,-0.1%,
2010-01-13,7:30am,EUR,Spanish 10-y Bond Auction,Low,,3.89|2.1,
2010-01-13,9:00am,GBP,NIESR GDP Estimate,Low,,0.2%,
2010-01-13,9:30am,USD,Crude Oil Inventories,Low,1.2M,1.3M,
2010-01-13,12:00pm,USD,10-y Bond Auction,Low,,3.45|2.6,
2010-01-13,1:00pm,USD,Beige Book,Low,,,
2010-01-13,1:00pm,USD,Federal Budget Balance,Low,-88.9B,-120.3B,
2010-01-13,5:50pm,JPY,Core Machinery Orders m/m,Low,0.3%,-4.5%,
2010-01-13,5:50pm,JPY,PPI y/y,Medium,-3.8%,-5.0%,
2010-01-14,4:00am,EUR,Industrial Production m/m,Low,0.6%,-0.3%,
2010-01-14,6:45am,EUR,Main Refinancing Rate,High,1.00%,1.00%,
2010-01-14,7:30am,EUR,ECB Press Conference,High,,,
2010-01-14,7:30am,USD,Core Retail Sales m/m,High,0.3%,1.9%,
2010-01-14,7:30am,USD,Retail Sales m/m,High,0.4%,1.8%,
2010-01-14,7:30am,USD,Unemployment Claims,High,438K,433K,
2010-01-14,7:30am,USD,Import Prices m/m,Low,-0.1%,1.6%,
2010-01-14,9:00am,USD,Business Inventories m/m,Low,0.1%,0.4%,
2010-01-14,9:30am,USD,Natural Gas Storage,Medium,-255B,-153B,
2010-01-14,12:00pm,USD,30-y Bond Auction,Medium,,4.52|2.4,
2010-01-15,2:15am,CHF,PPI m/m,Low,0.2%,0.0%,
2010-01-15,4:00am,EUR,Final Core CPI y/y,Low,1.0%,1.0%,
2010-01-15,4:00am,EUR,Final CPI y/y,Low,0.9%,0.9%,
2010-01-15,4:00am,EUR,Trade Balance,Medium,5.4B,4.7B,
2010-01-15,4:00am,GBP,CB Leading Index m/m,Medium,,1.1%,
2010-01-15,7:30am,USD,Core CPI m/m,High,0.1%,0.0%,
2010-01-15,7:30am,USD,CPI y/y,High,2.8%,1.8%,
2010-01-15,7:30am,USD,CPI m/m,Low,0.2%,0.4%,
2010-01-15,7:30am,USD,Empire State Manufacturing Index,Low,11.2,2.6,
2010-01-15,8:15am,USD,Capacity Utilization Rate,Low,71.9%,71.5%,
2010-01-15,8:15am,USD,Industrial Production m/m,Low,0.7%,0.6%,
2010-01-15,8:55am,USD,Prelim UoM Consumer Sentiment,High,73.8,72.5,
2010-01-15,8:55am,USD,Prelim UoM Inflation Expectations,Medium,,2.5%,
2010-01-17,6:01pm,GBP,Rightmove HPI m/m,Low,,-2.2%,
2010-01-17,6:30pm,JPY,BOJ Gov Shirakawa Speaks,Low,,,
2010-01-17,10:30pm,JPY,Revised Industrial Production m/m,Medium,2.6%,2.6%,
2010-01-18,All Day,EUR,Eurogroup Meetings,Low,,,
2010-01-18,5:00am,EUR,German Buba Monthly Report,Medium,,,
2010-01-18,All Day,USD,Bank Holiday,Low,,,
2010-01-18,11:00pm,JPY,Consumer Confidence,Medium,40.3,39.5,
2010-01-19,3:30am,GBP,CPI y/y,High,2.6%,1.9%,
2010-01-19,3:30am,GBP,Core CPI y/y,Low,2.3%,1.9%,
2010-01-19,3:30am,GBP,RPI y/y,Medium,2.1%,0.3%,
2010-01-19,4:00am,EUR,German ZEW Economic Sentiment,High,49.8,50.4,
2010-01-19,4:00am,EUR,ZEW Economic Sentiment,Low,48.2,48.0,
2010-01-19,8:00am,USD,TIC Long-Term Purchases,High,30.3B,19.3B,
2010-01-19,12:00pm,USD,NAHB Housing Market Index,Medium,17,16,
2010-01-19,1:00pm,GBP,BOE Gov King Speaks,High,,,
2010-01-19,5:50pm,JPY,Tertiary Industry Activity m/m,Low,-0.1%,0.4%,
2010-01-20,3:30am,GBP,Claimant Count Change,High,-3.3K,-10.8K,
2010-01-20,3:30am,GBP,MPC Asset Purchase Facility Votes,High,0-0-9,0-0-9,
2010-01-20,3:30am,GBP,MPC Official Bank Rate Votes,High,0-0-9,0-0-9,
2010-01-20,3:30am,GBP,Average Earnings Index 3m/y,Low,1.6%,1.5%,
2010-01-20,3:30am,GBP,Unemployment Rate,Medium,8.0%,7.9%,
2010-01-20,7:30am,USD,Building Permits,High,0.59M,0.59M,
2010-01-20,7:30am,USD,PPI m/m,High,0.1%,1.8%,
2010-01-20,7:30am,USD,Core PPI m/m,Low,0.1%,0.5%,
2010-01-20,7:30am,USD,Housing Starts,Low,0.58M,0.58M,
2010-01-20,7:30am,USD,FOMC Member Dudley Speaks,Medium,,,
2010-01-20,9:30am,GBP,MPC Member Posen Speaks,Low,,,
2010-01-21,ThuJan 21,EUR,French Flash Services PMI,Low,59.2,58.7,
2010-01-21,2:30am,EUR,German Flash Manufacturing PMI,Low,53.0,52.7,
2010-01-21,2:30am,EUR,German Flash Services PMI,Low,53.1,52.7,
2010-01-21,3:00am,EUR,ECB Monthly Bulletin,Low,,,
2010-01-21,3:00am,EUR,Flash Manufacturing PMI,Low,52.0,51.6,
2010-01-21,3:00am,EUR,Flash Services PMI,Low,54.1,53.6,
2010-01-21,3:30am,GBP,Prelim Mortgage Approvals,Low,65K,63K,
2010-01-21,3:30am,GBP,Public Sector Net Borrowing,Low,18.6B,18.7B,
2010-01-21,3:30am,GBP,M4 Money Supply m/m,Medium,1.0%,0.1%,
2010-01-21,4:00am,CHF,UBS Economic Expectations,Low,,54.0,
2010-01-21,4:00am,EUR,German Buba President Weber Speaks,Low,,,
2010-01-21,4:41am,GBP,10-y Bond Auction,Low,,3.79|1.8,
2010-01-21,5:00am,GBP,CBI Industrial Order Expectations,Low,-39,-42,
2010-01-21,6:00am,EUR,ECB President Trichet Speaks,Low,,,
2010-01-21,7:30am,USD,Unemployment Claims,High,441K,446K,
2010-01-21,9:00am,EUR,Consumer Confidence,Medium,-15,-16,
2010-01-21,9:00am,USD,Philly Fed Manufacturing Index,High,18.1,20.4,
2010-01-21,9:00am,USD,CB Leading Index m/m,Medium,0.7%,1.0%,
2010-01-21,9:30am,USD,Natural Gas Storage,Medium,-214B,-266B,
2010-01-21,10:00am,USD,Crude Oil Inventories,Low,2.2M,3.7M,
2010-01-21,10:14am,USD,President Obama Speaks,High,,,
2010-01-21,12:30pm,GBP,MPC Member Tucker Speaks,Low,,,
2010-01-21,10:30pm,JPY,All Industries Activity m/m,Medium,0.1%,1.1%,
2010-01-22,3:30am,GBP,Retail Sales m/m,High,1.3%,-0.3%,
2010-01-22,4:00am,EUR,Industrial New Orders m/m,Low,0.6%,-1.9%,
2010-01-22,8:00am,EUR,Belgian NBB Business Climate,Low,-7.0,-7.9,
2010-01-25,9:00am,USD,Existing Home Sales,High,5.95M,6.54M,
2010-01-25,5:50pm,JPY,SPPI y/y,Medium,-1.4%,-2.2%,
2010-01-25,9:26pm,JPY,Monetary Policy Statement,Low,,,
2010-01-25,9:26pm,JPY,Overnight Call Rate,Low,0.10%,0.10%,
2010-01-26,TueJan 26,EUR,German Import Prices m/m,Medium,0.1%,0.4%,
2010-01-26,1:19am,JPY,BOJ Press Conference,High,,,
2010-01-26,1:45am,EUR,French Consumer Spending m/m,Low,0.7%,0.1%,
2010-01-26,3:00am,EUR,German ifo Business Climate,High,95.2,94.6,
2010-01-26,3:00am,EUR,Current Account,Low,-3.1B,-4.6B,
2010-01-26,3:00am,EUR,Italian Retail Sales m/m,Medium,0.1%,0.0%,
2010-01-26,3:30am,GBP,Prelim GDP q/q,High,0.4%,-0.2%,
2010-01-26,3:30am,GBP,High Street Lending,Low,46.0K,45.0K,
2010-01-26,3:30am,GBP,Index of Services 3m/3m,Medium,0.4%,-0.2%,
2010-01-26,3:45am,GBP,BOE Gov King Speaks,High,,,
2010-01-26,8:00am,USD,S&P/CS Composite-20 HPI y/y,Low,-4.9%,-7.3%,
2010-01-26,8:59am,USD,Richmond Manufacturing Index,Medium,0,-4,
2010-01-26,9:00am,USD,CB Consumer Confidence,High,53.6,53.6,
2010-01-26,9:00am,USD,HPI m/m,Medium,0.5%,0.4%,
2010-01-26,5:50pm,JPY,Trade Balance,Low,0.61T,0.52T,
2010-01-26,11:00pm,JPY,BOJ Monthly Report,Low,,,
2010-01-27,2:46am,EUR,German 30-y Bond Auction,Medium,,3.84|1.6,
2010-01-27,3:30am,GBP,MPC Member Sentance Speaks,Low,,,
2010-01-27,5:00am,GBP,CBI Realized Sales,High,11,13,
2010-01-27,9:00am,USD,New Home Sales,High,372K,370K,
2010-01-27,9:00am,USD,Treasury Sec Geithner Speaks,Low,,,
2010-01-27,9:30am,USD,Crude Oil Inventories,Low,1.4M,-0.4M,
2010-01-27,1:16pm,USD,Federal Funds Rate,High,<0.25%,<0.25%,
2010-01-27,1:16pm,USD,FOMC Statement,High,,,
2010-01-27,5:50pm,JPY,Retail Sales y/y,Low,0.3%,-1.1%,
2010-01-27,8:00pm,USD,President Obama Speaks,Low,,,
2010-01-28,3:00am,EUR,Retail PMI,Medium,,50.3,
2010-01-28,4:26am,EUR,Italian 10-y Bond Auction,Low,,4.07|1.5,
2010-01-28,7:30am,EUR,ECB President Trichet Speaks,Low,,,
2010-01-28,7:30am,USD,Core Durable Goods Orders m/m,High,0.4%,2.1%,
2010-01-28,7:30am,USD,Unemployment Claims,High,451K,478K,
2010-01-28,7:30am,USD,Durable Goods Orders m/m,Low,2.1%,-0.4%,
2010-01-28,8:45am,USD,Treasury Sec Geithner Speaks,Low,,,
2010-01-28,9:30am,USD,Natural Gas Storage,Medium,-102B,-245B,
2010-01-28,2:59pm,USD,Fed Chair Nomination Vote,High,Pass,,
2010-01-28,5:15pm,JPY,Final Manufacturing PMI,Medium,,53.8,
2010-01-28,5:30pm,JPY,Household Spending y/y,Low,1.6%,2.2%,
2010-01-28,5:30pm,JPY,Tokyo Core CPI y/y,Low,-1.8%,-1.9%,
2010-01-28,5:30pm,JPY,National Core CPI y/y,Medium,-1.3%,-1.7%,
2010-01-28,5:30pm,JPY,Unemployment Rate,Medium,5.3%,5.2%,
2010-01-28,5:50pm,JPY,Monetary Policy Meeting Minutes,Low,,,
2010-01-28,5:50pm,JPY,Monetary Policy Meeting Minutes,Low,,,
2010-01-28,5:50pm,JPY,Prelim Industrial Production m/m,Low,2.5%,2.2%,
2010-01-28,6:01pm,GBP,GfK Consumer Confidence,Low,-18,-19,
2010-01-28,9:30pm,JPY,BOJ Gov Shirakawa Speaks,Low,,,
2010-01-28,11:00pm,JPY,Housing Starts y/y,Medium,-18.8%,-19.1%,
2010-01-29,2:00am,EUR,Spanish Unemployment Rate,Low,18.6%,17.9%,
2010-01-29,3:02am,EUR,M3 Money Supply y/y,Low,-0.6%,-0.3%,
2010-01-29,3:02am,EUR,Private Loans y/y,Medium,-0.4%,-0.7%,
2010-01-29,4:00am,EUR,CPI Flash Estimate y/y,Low,1.2%,0.9%,
2010-01-29,4:00am,EUR,Unemployment Rate,Low,10.1%,9.9%,
2010-01-29,4:00am,EUR,Italian Monthly Unemployment Rate,Medium,8.4%,8.3%,
2010-01-29,4:30am,CHF,KOF Economic Barometer,High,1.72,1.73,
2010-01-29,7:15am,USD,FOMC Member Kohn Speaks,Low,,,
2010-01-29,7:30am,USD,Advance GDP q/q,High,4.5%,2.2%,
2010-01-29,7:30am,USD,Advance GDP Price Index q/q,Low,1.3%,0.4%,
2010-01-29,7:30am,USD,Employment Cost Index q/q,Low,0.4%,0.4%,
2010-01-29,8:45am,USD,Chicago PMI,Low,57.3,60.0,
2010-01-29,8:55am,USD,Revised UoM Consumer Sentiment,Low,73.1,72.8,
2010-01-29,8:55am,USD,Revised UoM Inflation Expectations,Medium,,2.8%,
2010-02-01,2:30am,CHF,Manufacturing PMI,Low,55.4,54.6,
2010-02-01,2:45am,EUR,Italian Manufacturing PMI,Medium,51.2,50.8,
2010-02-01,2:50am,EUR,French Final Manufacturing PMI,Medium,54.7,54.7,
2010-02-01,2:55am,EUR,German Final Manufacturing PMI,Medium,53.4,53.4,
2010-02-01,3:00am,EUR,Final Manufacturing PMI,Medium,52.0,52.0,
2010-02-01,3:30am,GBP,Final Manufacturing PMI,High,54.1,54.6,
2010-02-01,3:30am,GBP,Net Lending to Individuals m/m,Low,1.2B,1.2B,
2010-02-01,3:30am,GBP,Mortgage Approvals,Medium,62K,60K,
2010-02-01,7:30am,USD,Core PCE Price Index m/m,Low,0.1%,0.0%,
2010-02-01,7:30am,USD,Personal Spending m/m,Low,0.3%,0.7%,
2010-02-01,7:30am,USD,Personal Income m/m,Medium,0.4%,0.5%,
2010-02-01,9:00am,USD,ISM Manufacturing PMI,High,55.5,55.9,
2010-02-01,9:00am,USD,Treasury Sec Geithner Speaks,Low,,,
2010-02-01,9:00am,USD,Construction Spending m/m,Medium,-0.4%,-1.2%,
2010-02-01,9:00am,USD,ISM Manufacturing Prices,Medium,63.0,61.5,
2010-02-01,1:00pm,USD,Loan Officer Survey,Medium,,,
2010-02-01,5:50pm,JPY,Monetary Base y/y,Medium,4.9%,5.2%,
2010-02-01,7:30pm,JPY,Average Cash Earnings y/y,Low,-2.6%,-2.4%,
2010-02-01,9:45pm,JPY,10-y Bond Auction,Medium,,1.34|2.6,
2010-02-02,1:00am,EUR,German Retail Sales m/m,Low,0.9%,-1.7%,
2010-02-02,2:00am,EUR,Spanish Unemployment Change,Low,,54.7K,
2010-02-02,3:30am,GBP,Construction PMI,Low,47.7,47.1,
2010-02-02,4:00am,EUR,PPI m/m,Medium,0.0%,0.2%,
2010-02-02,9:00am,USD,Pending Home Sales m/m,High,0.4%,-16.4%,
2010-02-02,9:00am,USD,Treasury Sec Geithner Speaks,Low,,,
2010-02-02,All Day,USD,Total Vehicle Sales,Medium,11.1M,11.3M,
2010-02-02,6:01pm,GBP,Nationwide Consumer Confidence,Low,70,70,
2010-02-02,6:01pm,GBP,BRC Shop Price Index y/y,Medium,,2.2%,
2010-02-03,2:45am,EUR,Italian Services PMI,Medium,52.9,53.9,
2010-02-03,2:50am,EUR,French Final Services PMI,Medium,57.0,57.0,
2010-02-03,2:55am,EUR,German Final Services PMI,Medium,51.2,51.2,
2010-02-03,3:00am,EUR,Final Services PMI,Medium,52.3,52.3,
2010-02-03,3:30am,GBP,Final Services PMI,High,56.6,56.8,
2010-02-03,4:00am,EUR,Retail Sales m/m,Low,0.4%,-0.5%,
2010-02-03,6:30am,USD,Challenger Job Cuts y/y,Medium,,-72.9%,
2010-02-03,7:15am,USD,ADP Non-Farm Employment Change,High,-31K,-61K,
2010-02-03,9:00am,USD,ISM Services PMI,High,51.1,50.1,
2010-02-03,9:00am,USD,Treasury Sec Geithner Speaks,Medium,,,
2010-02-03,9:30am,USD,Crude Oil Inventories,Low,0.4M,-3.9M,
2010-02-03,11:00am,USD,FOMC Member Warsh Speaks,Low,,,
2010-02-04,2:00am,CHF,Foreign Currency Reserves,High,,95B,
2010-02-04,3:00am,GBP,Halifax HPI m/m,High,0.9%,0.8%,
2010-02-04,4:02am,EUR,French 10-y Bond Auction,Low,,3.60|1.7,
2010-02-04,5:00am,EUR,German Factory Orders m/m,Low,0.2%,2.7%,
2010-02-04,6:00am,GBP,Asset Purchase Facility,High,200B,200B,
2010-02-04,6:00am,GBP,MPC Rate Statement,High,,,
2010-02-04,6:00am,GBP,Official Bank Rate,High,0.50%,0.50%,
2010-02-04,6:45am,EUR,Main Refinancing Rate,High,1.00%,1.00%,
2010-02-04,7:30am,EUR,ECB Press Conference,High,,,
2010-02-04,7:30am,USD,Unemployment Claims,High,461K,472K,
2010-02-04,7:30am,USD,Prelim Nonfarm Productivity q/q,Low,5.7%,8.1%,
2010-02-04,7:30am,USD,Prelim Unit Labor Costs q/q,Low,-2.3%,-2.5%,
2010-02-04,9:00am,USD,Factory Orders m/m,Low,0.7%,1.0%,
2010-02-04,9:00am,USD,Treasury Sec Geithner Speaks,Medium,,,
2010-02-04,9:30am,USD,Natural Gas Storage,Medium,-123B,-86B,
2010-02-04,1:00pm,USD,FOMC Member Hoenig Speaks,High,,,
2010-02-04,11:00pm,JPY,Leading Indicators,Medium,93.7%,91.0%,
2010-02-05,FriFeb 5,EUR,French Trade Balance,Medium,-3.9B,-5.0B,
2010-02-05,3:30am,GBP,PPI Input m/m,High,0.7%,0.6%,
2010-02-05,3:30am,GBP,PPI Output m/m,Medium,0.3%,0.5%,
2010-02-05,4:00am,EUR,Italian Prelim CPI m/m,Medium,0.3%,0.2%,
2010-02-05,5:00am,EUR,German Industrial Production m/m,Low,0.6%,0.7%,
2010-02-05,7:30am,USD,Non-Farm Employment Change,High,10K,-150K,
2010-02-05,7:30am,USD,Unemployment Rate,High,10.0%,10.0%,
2010-02-05,7:30am,USD,Average Hourly Earnings m/m,Low,0.2%,0.2%,
2010-02-05,2:00pm,USD,Consumer Credit m/m,Medium,-9.2B,-21.8B,
2010-02-05,4:15pm,USD,FOMC Member Bullard Speaks,Low,,,
2010-02-06,12:15pm,USD,Treasury Sec Geithner Speaks,High,,,
2010-02-07,SunFeb 7,JPY,Current Account,Medium,1.27T,1.30T,
2010-02-07,SunFeb 7,JPY,M2 Money Stock y/y,Medium,3.0%,3.1%,
2010-02-07,11:00pm,JPY,Economy Watchers Sentiment,Medium,35.9,35.4,
2010-02-08,2:15am,CHF,Retail Sales y/y,High,1.3%,-0.1%,
2010-02-08,3:30am,EUR,Sentix Investor Confidence,Medium,-2.3,-3.7,
2010-02-08,4:00pm,EUR,ECB President Trichet Speaks,Low,,,
2010-02-08,6:01pm,GBP,BRC Retail Sales Monitor y/y,Low,,4.2%,
2010-02-08,6:01pm,GBP,RICS House Price Balance,Low,28%,30%,
2010-02-08,9:45pm,JPY,30-y Bond Auction,Medium,,2.21|3.5,
2010-02-09,1:00am,EUR,German Final CPI m/m,Medium,-0.6%,-0.6%,
2010-02-09,1:00am,EUR,German Trade Balance,Medium,14.8B,17.0B,
2010-02-09,3:30am,GBP,Goods Trade Balance,Low,-6.6B,-6.8B,
2010-02-09,6:30am,USD,NFIB Small Business Index,Medium,,88.0,
2010-02-09,9:00am,USD,Final Wholesale Inventories m/m,Medium,0.5%,1.6%,
2010-02-09,9:00am,USD,JOLTS Job Openings,Medium,,2.43M,
2010-02-09,9:00am,USD,RCM/TIPP Economic Optimism,Medium,49.3,48.8,
2010-02-09,5:50pm,JPY,Core Machinery Orders m/m,Low,8.1%,-11.3%,
2010-02-09,5:50pm,JPY,PPI y/y,Medium,-2.3%,-3.9%,
2010-02-10,3:00am,EUR,Italian Industrial Production m/m,Medium,0.0%,0.4%,
2010-02-10,3:30am,GBP,Manufacturing Production m/m,High,0.4%,0.2%,
2010-02-10,3:30am,GBP,Industrial Production m/m,Medium,0.2%,0.4%,
2010-02-10,4:06am,EUR,German 10-y Bond Auction,Low,,3.38|1.6,
2010-02-10,4:30am,GBP,BOE Gov King Speaks,High,,,
2010-02-10,4:30am,GBP,BOE Monetary Policy Report,High,,,
2010-02-10,7:30am,USD,Trade Balance,High,-35.8B,-36.4B,
2010-02-10,9:00am,GBP,NIESR GDP Estimate,Low,,0.1%,
2010-02-10,9:00am,USD,Fed Chairman Bernanke Testifies,High,,,
2010-02-10,12:00pm,USD,10-y Bond Auction,Low,,3.75|3.0,
2010-02-10,All Day,JPY,Bank Holiday,Low,,,
2010-02-11,2:00am,EUR,Spanish Flash GDP q/q,Low,-0.1%,-0.3%,
2010-02-11,2:15am,CHF,CPI m/m,Low,-0.4%,-0.2%,
2010-02-11,3:00am,EUR,ECB Monthly Bulletin,Low,,,
2010-02-11,All Day,EUR,EU Economic Summit,High,,,
2010-02-11,7:30am,USD,Unemployment Claims,High,460K,483K,
2010-02-11,12:00pm,USD,30-y Bond Auction,Medium,,4.64|2.7,
2010-02-11,11:00pm,JPY,Consumer Confidence,Medium,38.2,37.6,
2010-02-12,1:45am,EUR,French Prelim Private Payrolls q/q,Low,-0.2%,-0.5%,
2010-02-12,1:45am,EUR,French Prelim GDP q/q,Medium,0.5%,0.2%,
2010-02-12,3:00am,EUR,Italian Prelim GDP q/q,Medium,0.1%,0.6%,
2010-02-12,4:00am,EUR,Flash GDP q/q,Low,0.4%,0.4%,
2010-02-12,4:00am,EUR,Industrial Production m/m,Low,0.3%,1.4%,
2010-02-12,4:00am,GBP,CB Leading Index m/m,Medium,,0.9%,
2010-02-12,7:30am,USD,Core Retail Sales m/m,High,0.4%,-0.2%,
2010-02-12,7:30am,USD,Retail Sales m/m,High,0.4%,-0.1%,
2010-02-12,8:55am,USD,Prelim UoM Consumer Sentiment,High,74.8,74.4,
2010-02-12,8:55am,USD,Prelim UoM Inflation Expectations,Medium,,2.8%,
2010-02-12,9:00am,USD,Business Inventories m/m,Low,0.3%,0.5%,
2010-02-12,9:30am,USD,Natural Gas Storage,Medium,-176B,-115B,
2010-02-12,10:00am,USD,Crude Oil Inventories,Low,1.4M,2.3M,
2010-02-12,1:30pm,USD,FOMC Member Tarullo Speaks,Medium,,,
2010-02-14,5:50pm,JPY,Prelim GDP q/q,High,1.0%,0.0%,
2010-02-14,5:52pm,JPY,Prelim GDP Price Index y/y,Low,-2.2%,-0.6%,
2010-02-14,6:01pm,GBP,Rightmove HPI m/m,Low,,0.4%,
2010-02-14,10:30pm,JPY,Revised Industrial Production m/m,Medium,2.2%,2.2%,
2010-02-15,3:00am,EUR,Italian Trade Balance,Medium,-0.72B,-0.91B,
2010-02-15,All Day,EUR,Eurogroup Meetings,Low,,,
2010-02-15,All Day,USD,Bank Holiday,Low,,,
2010-02-16,3:30am,GBP,CPI y/y,High,3.6%,2.9%,
2010-02-16,3:30am,GBP,Core CPI y/y,Low,3.2%,2.8%,
2010-02-16,3:30am,GBP,ONS HPI y/y,Medium,1.4%,0.5%,
2010-02-16,3:30am,GBP,RPI y/y,Medium,3.8%,2.4%,
2010-02-16,4:00am,EUR,German ZEW Economic Sentiment,High,42.5,47.2,
2010-02-16,4:00am,EUR,ZEW Economic Sentiment,Low,42.6,46.4,
2010-02-16,4:30am,GBP,BOE Inflation Letter,High,,,
2010-02-16,7:30am,USD,Empire State Manufacturing Index,Low,17.9,15.9,
2010-02-16,8:00am,USD,TIC Long-Term Purchases,High,50.3B,126.4B,
2010-02-16,11:00am,USD,FOMC Member Hoenig Speaks,Low,,,
2010-02-16,12:00pm,USD,NAHB Housing Market Index,Medium,16,15,
2010-02-16,5:50pm,JPY,Tertiary Industry Activity m/m,Low,-0.2%,-0.1%,
2010-02-17,WedFeb 17,GBP,MPC Asset Purchase Facility Votes,High,0-0-9,0-0-9,
2010-02-17,WedFeb 17,GBP,MPC Official Bank Rate Votes,High,0-0-9,0-0-9,
2010-02-17,WedFeb 17,GBP,Average Earnings Index 3m/y,Low,1.2%,0.8%,
2010-02-17,WedFeb 17,GBP,Unemployment Rate,Medium,7.8%,7.8%,
2010-02-17,4:00am,EUR,Trade Balance,Medium,4.2B,5.3B,
2010-02-17,7:30am,USD,Building Permits,High,0.63M,0.65M,
2010-02-17,7:30am,USD,Housing Starts,Low,0.58M,0.58M,
2010-02-17,7:30am,USD,Import Prices m/m,Low,0.9%,0.2%,
2010-02-17,8:15am,USD,Capacity Utilization Rate,Low,72.6%,71.9%,
2010-02-17,8:15am,USD,Industrial Production m/m,Low,0.7%,0.7%,
2010-02-17,1:00pm,USD,FOMC Meeting Minutes,High,,,
2010-02-17,1:00pm,USD,Federal Budget Balance,Low,-44.2B,-91.9B,
2010-02-17,8:45pm,JPY,Monetary Policy Statement,Low,,,
2010-02-17,8:45pm,JPY,Overnight Call Rate,Low,0.10%,0.10%,
2010-02-18,1:22am,JPY,BOJ Press Conference,High,,,
2010-02-18,3:30am,GBP,Prelim Mortgage Approvals,Low,63K,62K,
2010-02-18,3:30am,GBP,Public Sector Net Borrowing,Low,-2.4B,14.0B,
2010-02-18,3:30am,GBP,M4 Money Supply m/m,Medium,0.6%,-0.9%,
2010-02-18,4:00am,CHF,UBS Economic Expectations,Low,,56.2,
2010-02-18,5:00am,EUR,German Buba Monthly Report,Medium,,,
2010-02-18,5:00am,GBP,CBI Industrial Order Expectations,Low,-35,-39,
2010-02-18,7:30am,USD,PPI m/m,High,0.8%,0.2%,
2010-02-18,7:30am,USD,Unemployment Claims,High,440K,442K,
2010-02-18,7:30am,USD,Core PPI m/m,Low,0.2%,0.0%,
2010-02-18,8:00am,EUR,Consumer Confidence,Medium,-17,-16,
2010-02-18,9:00am,USD,Philly Fed Manufacturing Index,High,17.2,15.2,
2010-02-18,9:00am,USD,CB Leading Index m/m,Medium,0.6%,1.2%,
2010-02-18,9:30am,USD,Natural Gas Storage,Medium,-185B,-191B,
2010-02-18,10:00am,USD,Crude Oil Inventories,Low,1.5M,2.4M,
2010-02-18,1:00pm,GBP,MPC Member Fisher Speaks,Low,,,
2010-02-18,3:30pm,USD,Fed Announcement,High,,,
2010-02-18,5:00pm,USD,FOMC Member Duke Speaks,Medium,,,
2010-02-18,7:30pm,USD,FOMC Member Bullard Speaks,Low,,,
2010-02-18,10:30pm,JPY,All Industries Activity m/m,Medium,0.3%,0.2%,
2010-02-18,11:00pm,JPY,BOJ Monthly Report,Low,,,
2010-02-19,2:00am,EUR,French Flash Manufacturing PMI,Low,55.3,55.4,
2010-02-19,2:00am,EUR,French Flash Services PMI,Low,56.4,56.3,
2010-02-19,2:30am,EUR,German Flash Manufacturing PMI,Low,54.1,53.7,
2010-02-19,2:30am,EUR,German Flash Services PMI,Low,52.5,52.2,
2010-02-19,3:00am,EUR,Current Account,Low,-0.6B,-0.5B,
2010-02-19,3:00am,EUR,Flash Manufacturing PMI,Low,52.8,52.4,
2010-02-19,3:00am,EUR,Flash Services PMI,Low,52.6,52.5,
2010-02-19,3:30am,GBP,Retail Sales m/m,High,-0.5%,0.3%,
2010-02-19,7:00am,USD,FOMC Member Dudley Speaks,Medium,,,
2010-02-19,7:30am,USD,Core CPI m/m,High,0.2%,0.1%,
2010-02-19,7:30am,USD,CPI y/y,High,2.7%,2.7%,
2010-02-19,7:30am,USD,CPI m/m,Low,0.3%,0.1%,
2010-02-19,9:00am,USD,Mortgage Delinquencies,Low,,9.64%,
2010-02-22,5:50pm,JPY,Monetary Policy Meeting Minutes,Low,,,
2010-02-23,TueFeb 23,CHF,UBS Consumption Indicator,Low,,1.19,
2010-02-23,1:45am,EUR,French Consumer Spending m/m,Low,-0.6%,1.3%,
2010-02-23,1:45am,EUR,French Final CPI m/m,Medium,-0.3%,0.3%,
2010-02-23,3:00am,EUR,German ifo Business Climate,High,96.2,95.8,
2010-02-23,3:15am,GBP,Monetary Policy Report Hearings,High,,,
2010-02-23,3:30am,GBP,High Street Lending,Low,45.3K,45.7K,
2010-02-23,6:10am,GBP,MPC Member Tucker Speaks,Low,,,
2010-02-23,8:00am,EUR,Belgian NBB Business Climate,Low,-4.9,-7.0,
2010-02-23,8:00am,USD,S&P/CS Composite-20 HPI y/y,Low,-3.0%,-5.3%,
2010-02-23,8:59am,USD,Richmond Manufacturing Index,Medium,0,-2,
2010-02-23,9:00am,USD,CB Consumer Confidence,High,55.0,56.5,
2010-02-23,4:05pm,USD,FOMC Member Bullard Speaks,Low,,,
2010-02-23,5:50pm,JPY,Trade Balance,Low,0.51T,0.66T,
2010-02-23,5:50pm,JPY,SPPI y/y,Medium,-1.1%,-1.5%,
2010-02-24,WedFeb 24,EUR,German Final GDP q/q,Medium,0.0%,0.0%,
2010-02-24,3:00am,EUR,Italian Retail Sales m/m,Medium,0.1%,0.0%,
2010-02-24,3:25am,GBP,MPC Member Posen Speaks,Low,,,
2010-02-24,4:00am,EUR,Industrial New Orders m/m,Low,-1.1%,2.7%,
2010-02-24,4:46am,GBP,10-y Bond Auction,Low,,4.09|2.4,
2010-02-24,9:00am,USD,Fed Chairman Bernanke Testifies,High,,,
2010-02-24,9:00am,USD,New Home Sales,High,354K,348K,
2010-02-24,9:00am,USD,Treasury Sec Geithner Speaks,Low,,,
2010-02-24,9:00am,USD,Fed Monetary Policy Report,Medium,,,
2010-02-24,9:30am,USD,Crude Oil Inventories,Low,1.8M,3.1M,
2010-02-25,2:55am,EUR,German Unemployment Change,Low,18K,5K,
2010-02-25,3:00am,EUR,M3 Money Supply y/y,Low,0.1%,-0.3%,
2010-02-25,3:00am,EUR,Private Loans y/y,Medium,0.1%,-0.1%,
2010-02-25,3:00am,EUR,Retail PMI,Medium,,46.5,
2010-02-25,3:30am,GBP,BOE Gov King Speaks,High,,,
2010-02-25,3:30am,GBP,Prelim Business Investment q/q,Low,0.2%,-0.6%,
2010-02-25,4:24am,EUR,Italian 10-y Bond Auction,Low,,4.08|1.3,
2010-02-25,6:45am,GBP,CBI Realized Sales,High,-1,-8,
2010-02-25,7:30am,USD,Core Durable Goods Orders m/m,High,1.1%,2.0%,
2010-02-25,7:30am,USD,Unemployment Claims,High,461K,474K,
2010-02-25,7:30am,USD,Durable Goods Orders m/m,Low,1.6%,1.9%,
2010-02-25,7:35am,USD,FOMC Member Pianalto Speaks,Low,,,
2010-02-25,8:00am,USD,Fed Chairman Bernanke Testifies,High,,,
2010-02-25,9:02am,USD,HPI m/m,Medium,0.6%,0.4%,
2010-02-25,9:30am,USD,Natural Gas Storage,Medium,-165B,-190B,
2010-02-25,12:00pm,GBP,MPC Member Miles Speaks,Low,,,
2010-02-25,4:15pm,USD,FOMC Member Bullard Speaks,Low,,,
2010-02-25,5:15pm,JPY,Final Manufacturing PMI,Medium,,52.5,
2010-02-25,5:30pm,JPY,Tokyo Core CPI y/y,Low,-1.9%,-2.0%,
2010-02-25,5:30pm,JPY,National Core CPI y/y,Medium,-1.3%,-1.3%,
2010-02-25,5:50pm,JPY,Prelim Industrial Production m/m,Low,1.1%,1.9%,
2010-02-25,5:50pm,JPY,Retail Sales y/y,Low,-0.1%,-0.2%,
2010-02-25,6:01pm,GBP,GfK Consumer Confidence,Low,-17,-17,
2010-02-25,11:00pm,JPY,Housing Starts y/y,Medium,-11.6%,-15.7%,
2010-02-26,All Day,EUR,German Prelim CPI m/m,Low,0.5%,-0.6%,
2010-02-26,3:30am,GBP,Second Estimate GDP q/q,High,0.2%,0.1%,
2010-02-26,3:30am,GBP,Index of Services 3m/3m,Medium,0.3%,0.1%,
2010-02-26,4:00am,EUR,Final Core CPI y/y,Low,1.2%,1.1%,
2010-02-26,4:00am,EUR,Final CPI y/y,Low,1.0%,1.0%,
2010-02-26,4:30am,CHF,KOF Economic Barometer,High,1.81,1.81,
2010-02-26,7:30am,USD,Prelim GDP q/q,High,5.6%,5.7%,
2010-02-26,7:30am,USD,FOMC Member Hoenig Speaks,Low,,,
2010-02-26,7:30am,USD,Prelim GDP Price Index q/q,Medium,0.6%,0.6%,
2010-02-26,8:00am,USD,FOMC Member Duke Speaks,Medium,,,
2010-02-26,8:45am,USD,Chicago PMI,Low,59.6,61.5,
2010-02-26,8:55am,USD,Revised UoM Consumer Sentiment,Low,74.0,73.7,
2010-02-26,8:55am,USD,Revised UoM Inflation Expectations,Medium,,2.7%,
2010-02-26,9:00am,USD,Existing Home Sales,High,5.51M,5.44M,
2010-02-26,9:15am,USD,FOMC Member Dudley Speaks,Medium,,,
2010-02-26,12:30pm,USD,FOMC Member Tarullo Speaks,Medium,,,
2010-03-01,2:15am,EUR,Spanish Manufacturing PMI,Low,,45.3,
2010-03-01,2:30am,CHF,Manufacturing PMI,Low,56.5,56.0,
2010-03-01,2:45am,EUR,Italian Manufacturing PMI,Medium,52.1,51.7,
2010-03-01,2:50am,EUR,French Final Manufacturing PMI,Medium,54.6,54.6,
2010-03-01,2:55am,EUR,German Final Manufacturing PMI,Medium,57.2,57.1,
2010-03-01,3:00am,EUR,Final Manufacturing PMI,Medium,54.1,54.1,
2010-03-01,3:00am,EUR,Italian Monthly Unemployment Rate,Medium,8.6%,8.5%,
2010-03-01,3:30am,GBP,Final Manufacturing PMI,High,56.3,56.6,
2010-03-01,3:30am,GBP,Net Lending to Individuals m/m,Low,0.7B,1.5B,
2010-03-01,3:30am,GBP,Mortgage Approvals,Medium,49K,58K,
2010-03-01,4:00am,EUR,Unemployment Rate,Low,10.1%,9.9%,
2010-03-01,7:30am,USD,Core PCE Price Index m/m,Low,0.1%,0.1%,
2010-03-01,7:30am,USD,Personal Spending m/m,Low,0.4%,0.3%,
2010-03-01,7:30am,USD,Personal Income m/m,Medium,0.5%,0.3%,
2010-03-01,9:00am,USD,ISM Manufacturing PMI,High,57.7,58.4,
2010-03-01,9:00am,USD,Construction Spending m/m,Medium,-0.6%,-1.2%,
2010-03-01,9:00am,USD,ISM Manufacturing Prices,Medium,68.4,70.0,
2010-03-01,5:30pm,JPY,Household Spending y/y,Low,2.6%,2.1%,
2010-03-01,5:30pm,JPY,Unemployment Rate,Medium,5.1%,5.2%,
2010-03-01,5:50pm,JPY,Monetary Base y/y,Medium,4.8%,4.9%,
2010-03-01,9:45pm,JPY,10-y Bond Auction,Medium,,1.35|3.6,
2010-03-02,2:00am,EUR,Spanish Unemployment Change,Low,,124.9K,
2010-03-02,3:30am,GBP,Construction PMI,Low,48.9,48.6,
2010-03-02,4:00am,EUR,CPI Flash Estimate y/y,Low,1.0%,1.0%,
2010-03-02,4:00am,EUR,PPI m/m,Medium,0.7%,0.1%,
2010-03-02,4:00am,EUR,Italian Prelim CPI m/m,Medium,0.3%,0.1%,
2010-03-02,4:43am,GBP,30-y Bond Auction,Medium,,4.16|1.7,
2010-03-02,All Day,USD,Total Vehicle Sales,Medium,10.6M,10.8M,
2010-03-02,6:01pm,GBP,Nationwide Consumer Confidence,Low,71,74,
2010-03-02,6:01pm,GBP,BRC Shop Price Index y/y,Medium,,2.3%,
2010-03-02,7:30pm,JPY,Average Cash Earnings y/y,Low,-1.2%,-5.9%,
2010-03-03,2:15am,EUR,Spanish Services PMI,Medium,,48.8,
2010-03-03,2:45am,EUR,Italian Services PMI,Medium,50.7,50.9,
2010-03-03,2:50am,EUR,French Final Services PMI,Medium,54.7,54.7,
2010-03-03,2:55am,EUR,German Final Services PMI,Medium,51.7,51.7,
2010-03-03,3:00am,EUR,Final Services PMI,Medium,52.0,52.0,
2010-03-03,3:30am,GBP,Final Services PMI,High,55.0,54.5,
2010-03-03,4:00am,EUR,Retail Sales m/m,Low,-0.3%,0.5%,
2010-03-03,6:30am,USD,Challenger Job Cuts y/y,Medium,,-70.4%,
2010-03-03,7:15am,USD,ADP Non-Farm Employment Change,High,-15K,-60K,
2010-03-03,8:15am,USD,FOMC Member Rosengren Speaks,Low,,,
2010-03-03,9:00am,USD,ISM Services PMI,High,51.0,50.5,
2010-03-03,9:30am,USD,Crude Oil Inventories,Low,1.2M,3.0M,
2010-03-03,1:00pm,USD,Beige Book,Low,,,
2010-03-03,5:50pm,JPY,Capital Spending q/y,Low,-18.1%,-24.8%,
2010-03-04,3:00am,GBP,Halifax HPI m/m,High,0.3%,0.4%,
2010-03-04,4:00am,EUR,Revised GDP q/q,Medium,0.1%,0.1%,
2010-03-04,4:09am,EUR,French 10-y Bond Auction,Low,,3.58|1.7,
2010-03-04,6:00am,GBP,Asset Purchase Facility,High,200B,200B,
2010-03-04,6:00am,GBP,Official Bank Rate,High,0.50%,0.50%,
2010-03-04,6:45am,EUR,Main Refinancing Rate,High,1.00%,1.00%,
2010-03-04,7:30am,EUR,ECB Press Conference,High,,,
2010-03-04,7:30am,USD,Unemployment Claims,High,472K,498K,
2010-03-04,7:30am,USD,Revised Nonfarm Productivity q/q,Low,6.2%,6.2%,
2010-03-04,7:30am,USD,Revised Unit Labor Costs q/q,Medium,-4.3%,-4.4%,
2010-03-04,9:00am,USD,Pending Home Sales m/m,High,1.4%,0.8%,
2010-03-04,9:00am,USD,Factory Orders m/m,Low,1.4%,1.5%,
2010-03-04,9:15am,USD,FOMC Member Bullard Speaks,Low,,,
2010-03-04,9:30am,USD,Natural Gas Storage,Medium,-130B,-172B,
2010-03-04,3:15pm,USD,FOMC Member Bullard Speaks,Low,,,
2010-03-05,FriMar 5,GBP,PPI Output m/m,Medium,0.2%,0.4%,
2010-03-05,5:00am,EUR,German Factory Orders m/m,Low,1.6%,-1.6%,
2010-03-05,7:30am,USD,Non-Farm Employment Change,High,-56K,-26K,
2010-03-05,7:30am,USD,Unemployment Rate,High,9.8%,9.7%,
2010-03-05,7:30am,USD,Average Hourly Earnings m/m,Low,0.2%,0.2%,
2010-03-05,2:00pm,USD,Consumer Credit m/m,Medium,-4.2B,-4.6B,
2010-03-07,5:50pm,JPY,Bank Lending y/y,Medium,,-1.5%,
2010-03-07,5:50pm,JPY,Current Account,Medium,1.25T,1.30T,
2010-03-07,5:50pm,JPY,M2 Money Stock y/y,Medium,2.8%,2.9%,
2010-03-07,11:00pm,JPY,Economy Watchers Sentiment,Medium,40.2,38.8,
2010-03-08,2:15am,CHF,Retail Sales y/y,High,2.4%,4.4%,
2010-03-08,3:30am,EUR,Sentix Investor Confidence,Medium,-8.0,-8.2,
2010-03-08,5:00am,EUR,German Industrial Production m/m,Low,1.1%,-1.0%,
2010-03-08,7:00am,GBP,MPC Member Barker Speaks,Low,,,
2010-03-08,6:01pm,GBP,BRC Retail Sales Monitor y/y,Low,,-0.7%,
2010-03-08,6:01pm,GBP,RICS House Price Balance,Low,34%,31%,
2010-03-08,9:45pm,JPY,30-y Bond Auction,Medium,,2.31|3.9,
2010-03-08,11:00pm,JPY,Leading Indicators,Medium,96.9%,94.7%,
2010-03-09,1:45am,EUR,French Trade Balance,Medium,-3.9B,-4.2B,
2010-03-09,2:15am,CHF,CPI m/m,Low,0.2%,-0.1%,
2010-03-09,3:30am,GBP,Goods Trade Balance,Low,-6.9B,-7.0B,
2010-03-09,6:30am,USD,NFIB Small Business Index,Medium,,89.3,
2010-03-09,9:00am,USD,JOLTS Job Openings,Medium,,2.53M,
2010-03-09,9:00am,USD,RCM/TIPP Economic Optimism,Medium,48.9,46.8,
2010-03-09,5:50pm,JPY,Core Machinery Orders m/m,Low,-3.8%,20.1%,
2010-03-09,5:50pm,JPY,PPI y/y,Medium,-1.4%,-2.1%,
2010-03-10,WedMar 10,EUR,German Trade Balance,Medium,16.4B,16.6B,
2010-03-10,1:45am,EUR,French Industrial Production m/m,Low,0.3%,-0.2%,
2010-03-10,3:00am,EUR,Italian Industrial Production m/m,Medium,0.7%,-0.2%,
2010-03-10,3:30am,GBP,Manufacturing Production m/m,High,0.3%,0.9%,
2010-03-10,3:30am,GBP,Industrial Production m/m,Medium,0.2%,0.5%,
2010-03-10,7:30am,EUR,German Buba President Weber Speaks,Low,,,
2010-03-10,9:00am,GBP,NIESR GDP Estimate,Low,,0.6%,
2010-03-10,9:00am,USD,Final Wholesale Inventories m/m,Medium,0.2%,-1.0%,
2010-03-10,9:30am,USD,Crude Oil Inventories,Low,1.9M,4.1M,
2010-03-10,11:30am,EUR,German Buba President Weber Speaks,Medium,,,
2010-03-10,12:00pm,EUR,ECB President Trichet Speaks,Low,,,
2010-03-10,12:00pm,USD,10-y Bond Auction,Low,,3.69|2.7,
2010-03-10,1:00pm,USD,Federal Budget Balance,Low,-207.5B,-42.6B,
2010-03-10,5:50pm,JPY,Final GDP q/q,Low,1.0%,1.1%,
2010-03-10,5:52pm,JPY,Final GDP Price Index y/y,Medium,-2.9%,-3.0%,
2010-03-11,ThuMar 11,EUR,French Gov Budget Balance,Medium,,-138.0B,
2010-03-11,3:00am,EUR,ECB Monthly Bulletin,Low,,,
2010-03-11,3:30am,GBP,Consumer Inflation Expectations,Low,,2.4%,
2010-03-11,7:00am,CHF,Libor Rate,High,0.25%,0.25%,
2010-03-11,7:00am,CHF,SNB Monetary Policy Assessment,High,,,
2010-03-11,7:30am,USD,Trade Balance,High,-40.9B,-39.9B,
2010-03-11,7:30am,USD,Unemployment Claims,High,456K,468K,
2010-03-11,9:30am,USD,Natural Gas Storage,Medium,-107B,-116B,
2010-03-11,12:00pm,USD,30-y Bond Auction,Medium,,4.72|2.4,
2010-03-11,1:00pm,USD,FOMC Member Dudley Speaks,Medium,,,
2010-03-11,10:30pm,JPY,Revised Industrial Production m/m,Medium,2.5%,2.5%,
2010-03-12,4:00am,EUR,Industrial Production m/m,Low,0.8%,0.6%,
2010-03-12,4:15am,EUR,German Buba President Weber Speaks,Low,,,
2010-03-12,5:00am,GBP,MPC Member Dale Speaks,Low,,,
2010-03-12,7:30am,USD,Core Retail Sales m/m,High,0.1%,0.5%,
2010-03-12,7:30am,USD,Retail Sales m/m,High,-0.1%,0.1%,
2010-03-12,8:55am,USD,Prelim UoM Consumer Sentiment,High,74.0,73.6,
2010-03-12,8:55am,USD,Prelim UoM Inflation Expectations,Medium,,2.7%,
2010-03-12,9:00am,USD,Business Inventories m/m,Low,0.2%,-0.3%,
2010-03-12,11:00am,USD,Treasury Sec Geithner Speaks,Low,,,
2010-03-12,2:45pm,EUR,ECB President Trichet Speaks,Low,,,
2010-03-14,SunMar 14,USD,Daylight Saving Time Shift,Low,,,
2010-03-14,7:01pm,GBP,Rightmove HPI m/m,Low,,3.2%,
2010-03-15,3:15am,CHF,PPI m/m,Low,0.2%,0.3%,
2010-03-15,All Day,EUR,Eurogroup Meetings,Low,,,
2010-03-15,5:00am,EUR,Final Employment Change q/q,Medium,,-0.5%,
2010-03-15,7:30am,USD,Empire State Manufacturing Index,Low,21.9,24.9,
2010-03-15,7:58am,USD,TIC Long-Term Purchases,High,50.3B,63.3B,
2010-03-15,8:15am,USD,Capacity Utilization Rate,Low,72.7%,72.5%,
2010-03-15,8:15am,USD,Industrial Production m/m,Low,0.1%,0.9%,
2010-03-15,12:00pm,USD,NAHB Housing Market Index,Medium,17,17,
2010-03-16,2:45am,EUR,French Final CPI m/m,Medium,0.4%,-0.2%,
2010-03-16,All Day,EUR,ECOFIN Meetings,Low,,,
2010-03-16,4:30am,GBP,ONS HPI y/y,Medium,3.6%,2.9%,
2010-03-16,5:00am,EUR,German ZEW Economic Sentiment,High,43.5,45.1,
2010-03-16,5:00am,EUR,Final Core CPI y/y,Low,0.8%,0.9%,
2010-03-16,5:00am,EUR,Final CPI y/y,Low,0.9%,0.9%,
2010-03-16,5:00am,EUR,ZEW Economic Sentiment,Low,40.1,40.2,
2010-03-16,5:00am,GBP,CB Leading Index m/m,Medium,,0.4%,
2010-03-16,7:30am,USD,Building Permits,High,0.61M,0.62M,
2010-03-16,7:30am,USD,Housing Starts,Low,0.57M,0.61M,
2010-03-16,7:30am,USD,Import Prices m/m,Low,-0.1%,1.3%,
2010-03-16,9:00am,USD,Treasury Sec Geithner Speaks,Medium,,,
2010-03-16,1:13pm,USD,Federal Funds Rate,High,<0.25%,<0.25%,
2010-03-16,1:13pm,USD,FOMC Statement,High,,,
2010-03-16,2:00pm,GBP,MPC Member Bean Speaks,Low,,,
2010-03-16,6:50pm,JPY,Tertiary Industry Activity m/m,Low,1.3%,-0.9%,
2010-03-16,10:49pm,JPY,Monetary Policy Statement,High,,,
2010-03-16,10:49pm,JPY,Overnight Call Rate,Low,0.10%,0.10%,
2010-03-17,4:10am,EUR,German Buba President Weber Speaks,Low,,,
2010-03-17,4:30am,GBP,Claimant Count Change,High,8.2K,5.3K,
2010-03-17,4:30am,GBP,MPC Asset Purchase Facility Votes,High,0-0-9,0-0-9,
2010-03-17,4:30am,GBP,MPC Official Bank Rate Votes,High,0-0-9,0-0-9,
2010-03-17,4:30am,GBP,Average Earnings Index 3m/y,Low,1.7%,0.7%,
2010-03-17,4:30am,GBP,Unemployment Rate,Medium,7.8%,7.8%,
2010-03-17,6:04am,EUR,German 10-y Bond Auction,Low,,3.22|1.7,
2010-03-17,7:30am,USD,PPI m/m,High,-0.2%,1.4%,
2010-03-17,7:30am,USD,Core PPI m/m,Low,0.1%,0.3%,
2010-03-17,9:30am,USD,Crude Oil Inventories,Low,0.6M,1.4M,
2010-03-17,1:00pm,USD,Fed Chairman Bernanke Testifies,High,,,
2010-03-17,6:50pm,JPY,BSI Manufacturing Index,Low,15.3,13.2,
2010-03-18,2:15am,CHF,Trade Balance,Low,2.37B,2.42B,
2010-03-18,3:15am,CHF,Industrial Production q/q,Low,5.1%,3.5%,
2010-03-18,4:00am,EUR,Current Account,Low,2.9B,2.3B,
2010-03-18,4:00am,EUR,Italian Trade Balance,Medium,-0.19B,-0.11B,
2010-03-18,4:30am,GBP,Public Sector Net Borrowing,High,14.6B,0.0B,
2010-03-18,4:30am,GBP,Prelim Mortgage Approvals,Low,53K,49K,
2010-03-18,4:30am,GBP,M4 Money Supply m/m,Medium,0.8%,0.2%,
2010-03-18,4:51am,EUR,Spanish 10-y Bond Auction,Low,,4.10|1.2,
2010-03-18,5:00am,CHF,UBS Economic Expectations,Low,,52.5,
2010-03-18,6:00am,GBP,CBI Industrial Order Expectations,Low,-33,-36,
2010-03-18,6:30am,USD,FOMC Member Duke Speaks,Medium,,,
2010-03-18,6:38am,GBP,10-y Bond Auction,Low,,4.10|1.2,
2010-03-18,7:30am,USD,Core CPI m/m,High,0.1%,-0.1%,
2010-03-18,7:30am,USD,CPI y/y,High,2.3%,2.6%,
2010-03-18,7:30am,USD,Unemployment Claims,High,456K,462K,
2010-03-18,7:30am,USD,CPI m/m,Low,0.1%,0.2%,
2010-03-18,7:30am,USD,Current Account,Low,-120B,-102B,
2010-03-18,7:30am,USD,FOMC Member Hoenig Speaks,Low,,,
2010-03-18,9:00am,USD,Philly Fed Manufacturing Index,High,17.6,17.6,
2010-03-18,9:00am,USD,CB Leading Index m/m,Medium,0.1%,0.3%,
2010-03-18,9:30am,USD,Natural Gas Storage,Medium,-37B,-111B,
2010-03-18,11:45am,GBP,MPC Member Sentance Speaks,Low,,,
2010-03-18,12:00pm,CHF,Gov Board Member Danthine Speaks,Medium,,,
2010-03-18,11:30pm,JPY,All Industries Activity m/m,Medium,1.6%,-0.2%,
2010-03-19,2:45am,EUR,ECB President Trichet Speaks,Low,,,
2010-03-19,5:35am,GBP,MPC Member Tucker Speaks,Low,,,
2010-03-22,6:00am,EUR,German Buba Monthly Report,Medium,,,
2010-03-22,10:00am,EUR,Consumer Confidence,Medium,-17,-17,
2010-03-22,10:30am,EUR,ECB President Trichet Speaks,High,,,
2010-03-22,10:30am,GBP,BOE Gov King Speaks,High,,,
2010-03-22,3:30pm,USD,Treasury Sec Geithner Speaks,Low,,,
2010-03-22,6:50pm,JPY,Monetary Policy Meeting Minutes,Low,,,
2010-03-23,4:30am,GBP,CPI y/y,High,3.1%,3.5%,
2010-03-23,4:30am,GBP,Core CPI y/y,Low,3.0%,3.1%,
2010-03-23,4:30am,GBP,High Street Lending,Low,34.3K,35.2K,
2010-03-23,4:30am,GBP,RPI y/y,Medium,3.7%,3.7%,
2010-03-23,6:00am,GBP,CBI Realized Sales,High,18,23,
2010-03-23,8:58am,USD,Richmond Manufacturing Index,Medium,5,2,
2010-03-23,9:00am,EUR,Belgian NBB Business Climate,Low,-4.1,-7.0,
2010-03-23,9:00am,USD,Existing Home Sales,High,5.01M,5.05M,
2010-03-23,9:00am,USD,Treasury Sec Geithner Speaks,Low,,,
2010-03-23,9:00am,USD,HPI m/m,Medium,-0.9%,-2.0%,
2010-03-23,6:50pm,JPY,Trade Balance,Low,0.41T,0.65T,
2010-03-24,WedMar 24,EUR,French Flash Services PMI,Low,54.9,54.6,
2010-03-24,3:30am,EUR,German Flash Manufacturing PMI,Low,56.9,57.2,
2010-03-24,3:30am,EUR,German Flash Services PMI,Low,52.2,51.9,
2010-03-24,4:00am,EUR,German ifo Business Climate,High,95.8,95.2,
2010-03-24,4:00am,EUR,Flash Manufacturing PMI,Low,54.1,54.2,
2010-03-24,4:00am,EUR,Flash Services PMI,Low,52.0,51.8,
2010-03-24,4:00am,EUR,Italian Quarterly Unemployment Rate,Medium,7.9%,7.9%,
2010-03-24,5:00am,EUR,Industrial New Orders m/m,Low,2.0%,0.8%,
2010-03-24,7:30am,GBP,Annual Budget Release,High,,,
2010-03-24,7:30am,USD,Core Durable Goods Orders m/m,High,0.6%,1.0%,
2010-03-24,7:30am,USD,Durable Goods Orders m/m,Low,0.8%,3.9%,
2010-03-24,9:00am,USD,New Home Sales,High,318K,315K,
2010-03-24,9:30am,USD,Crude Oil Inventories,Low,1.3M,1.0M,
2010-03-24,9:45am,USD,FOMC Member Hoenig Speaks,Low,,,
2010-03-24,11:00am,CHF,Gov Board Member Jordan Speaks,Low,,,
2010-03-24,6:50pm,JPY,SPPI y/y,Medium,-1.1%,-1.2%,
2010-03-24,7:00pm,USD,FOMC Member Kohn Speaks,Low,,,
2010-03-25,2:45am,EUR,French Consumer Spending m/m,Low,0.4%,-2.5%,
2010-03-25,3:00am,EUR,ECB President Trichet Speaks,Low,,,
2010-03-25,4:00am,EUR,M3 Money Supply y/y,Low,-0.1%,0.1%,
2010-03-25,4:00am,EUR,Private Loans y/y,Medium,-0.4%,-0.6%,
2010-03-25,4:00am,EUR,Italian Retail Sales m/m,Medium,0.2%,0.0%,
2010-03-25,Day 1,EUR,EU Economic Summit,High,,,
2010-03-25,4:30am,GBP,Retail Sales m/m,High,0.8%,-3.0%,
2010-03-25,7:30am,USD,Unemployment Claims,High,452K,456K,
2010-03-25,8:10am,USD,FOMC Member Pianalto Speaks,Low,,,
2010-03-25,9:00am,USD,Fed Chairman Bernanke Testifies,High,,,
2010-03-25,9:30am,USD,Natural Gas Storage,Medium,10B,-11B,
2010-03-25,12:30pm,USD,Treasury Sec Geithner Speaks,Low,,,
2010-03-25,6:30pm,JPY,Tokyo Core CPI y/y,Low,-1.7%,-1.8%,
2010-03-25,6:30pm,JPY,National Core CPI y/y,Medium,-1.2%,-1.3%,
2010-03-26,4:30am,GBP,Revised Business Investment q/q,Medium,-5.6%,-5.8%,
2010-03-26,7:30am,USD,Final GDP q/q,Low,5.9%,5.9%,
2010-03-26,7:30am,USD,Final GDP Price Index q/q,Medium,0.4%,0.4%,
2010-03-26,8:55am,USD,Revised UoM Consumer Sentiment,Low,73.1,72.5,
2010-03-26,8:55am,USD,Revised UoM Inflation Expectations,Medium,,2.8%,
2010-03-26,10:30am,USD,FOMC Member Warsh Speaks,Low,,,
2010-03-26,11:00am,EUR,ECB President Trichet Speaks,Low,,,
2010-03-26,3:00pm,USD,FOMC Member Bullard Speaks,Low,,,
2010-03-26,5:00pm,USD,FOMC Member Tarullo Speaks,Medium,,,
2010-03-27,SatMar 27,EUR,Daylight Saving Time Shift,Low,,,
2010-03-27,SatMar 27,GBP,Daylight Saving Time Shift,Low,,,
2010-03-29,3:30am,GBP,Net Lending to Individuals m/m,Low,1.8B,1.9B,
2010-03-29,3:30am,GBP,Mortgage Approvals,Medium,48K,46K,
2010-03-29,7:30am,USD,Core PCE Price Index m/m,Low,0.1%,0.0%,
2010-03-29,7:30am,USD,Personal Spending m/m,Low,0.4%,0.4%,
2010-03-29,7:30am,USD,Personal Income m/m,Medium,0.1%,0.3%,
2010-03-29,9:00am,USD,Treasury Sec Geithner Speaks,Low,,,
2010-03-29,11:45am,GBP,MPC Member Dale Speaks,Low,,,
2010-03-29,6:30pm,JPY,Household Spending y/y,Low,1.5%,1.7%,
2010-03-29,6:30pm,JPY,Unemployment Rate,Medium,4.9%,4.9%,
2010-03-29,6:50pm,JPY,Prelim Industrial Production m/m,Low,-0.4%,2.7%,
2010-03-30,TueMar 30,EUR,German Import Prices m/m,Medium,0.5%,1.7%,
2010-03-30,TueMar 30,GBP,Nationwide HPI m/m,High,0.2%,-0.8%,
2010-03-30,3:30am,GBP,Final GDP q/q,High,0.3%,0.3%,
2010-03-30,3:30am,GBP,Current Account,Low,-4.6B,-5.9B,
2010-03-30,3:45am,GBP,Chancellor Darling Speaks,Low,,,
2010-03-30,4:00am,EUR,Retail PMI,Medium,,44.6,
2010-03-30,5:32am,EUR,Italian 10-y Bond Auction,Low,,3.99|1.4,
2010-03-30,8:00am,USD,S&P/CS Composite-20 HPI y/y,Low,-0.6%,-3.1%,
2010-03-30,9:00am,USD,CB Consumer Confidence,High,50.1,46.4,
2010-03-30,6:01pm,GBP,GfK Consumer Confidence,Low,-13,-14,
2010-03-30,6:18pm,JPY,Final Manufacturing PMI,Medium,,52.5,
2010-03-30,8:30pm,JPY,Average Cash Earnings y/y,Low,0.0%,-0.2%,
2010-03-31,2:55am,EUR,German Unemployment Change,Low,10K,-1K,
2010-03-31,4:00am,EUR,CPI Flash Estimate y/y,Low,1.1%,0.9%,
2010-03-31,4:00am,EUR,Unemployment Rate,Low,10.0%,9.9%,
2010-03-31,4:00am,EUR,Italian Prelim CPI m/m,Medium,0.2%,0.1%,
2010-03-31,4:30am,CHF,KOF Economic Barometer,High,1.91,1.90,
2010-03-31,5:00am,EUR,Italian Monthly Unemployment Rate,Medium,8.6%,8.5%,
2010-03-31,7:15am,USD,ADP Non-Farm Employment Change,High,40K,-24K,
2010-03-31,8:45am,USD,Chicago PMI,Low,61.5,62.6,
2010-03-31,9:00am,USD,Factory Orders m/m,Low,0.5%,2.5%,
2010-03-31,9:30am,USD,Crude Oil Inventories,Low,2.4M,7.3M,
2010-03-31,10:00am,USD,Treasury Sec Geithner Speaks,Low,,,
2010-03-31,11:30am,USD,FOMC Member Duke Speaks,Medium,,,
2010-03-31,6:50pm,JPY,Tankan Manufacturing Index,High,-14,-24,
2010-03-31,6:50pm,JPY,Tankan Non-Manufacturing Index,Low,-17,-22,
2010-03-31,10:34pm,JPY,BOJ Gov Shirakawa Speaks,Low,,,
2010-04-01,1:00am,EUR,German Retail Sales m/m,Low,0.0%,-0.5%,
2010-04-01,2:15am,EUR,Spanish Manufacturing PMI,Low,,49.1,
2010-04-01,2:30am,CHF,Manufacturing PMI,Low,58.7,57.4,
2010-04-01,2:45am,EUR,Italian Manufacturing PMI,Medium,52.7,51.6,
2010-04-01,2:50am,EUR,French Final Manufacturing PMI,Medium,56.3,56.3,
2010-04-01,2:55am,EUR,German Final Manufacturing PMI,Medium,59.6,59.6,
2010-04-01,3:00am,EUR,Final Manufacturing PMI,Medium,56.3,56.3,
2010-04-01,3:30am,GBP,Final Manufacturing PMI,High,56.8,56.5,
2010-04-01,3:30am,GBP,BOE Credit Conditions Survey,Low,,,
2010-04-01,5:10am,EUR,French 10-y Bond Auction,Low,,3.45|1.8,
2010-04-01,6:30am,USD,Challenger Job Cuts y/y,Medium,,-77.4%,
2010-04-01,7:30am,USD,Unemployment Claims,High,440K,445K,
2010-04-01,9:00am,USD,ISM Manufacturing PMI,High,57.0,56.5,
2010-04-01,9:00am,USD,Construction Spending m/m,Medium,-1.1%,-1.4%,
2010-04-01,9:00am,USD,ISM Manufacturing Prices,Medium,67.2,67.0,
2010-04-01,9:30am,USD,Natural Gas Storage,Medium,20B,11B,
2010-04-01,All Day,USD,Total Vehicle Sales,Medium,11.5M,10.4M,
2010-04-01,3:00pm,USD,FOMC Member Bullard Speaks,Low,,,
2010-04-01,4:00pm,USD,FOMC Member Dudley Speaks,Medium,,,
2010-04-01,6:50pm,JPY,Monetary Base y/y,Medium,2.3%,2.2%,
2010-04-02,All Day,EUR,German Bank Holiday,Low,,,
2010-04-02,All Day,GBP,Bank Holiday,Low,,,
2010-04-02,7:30am,USD,Non-Farm Employment Change,High,185K,-14K,
2010-04-02,7:30am,USD,Unemployment Rate,High,9.7%,9.7%,
2010-04-02,7:30am,USD,Average Hourly Earnings m/m,Low,0.2%,0.2%,
2010-04-05,All Day,EUR,French Bank Holiday,Low,,,
2010-04-05,All Day,EUR,Italian Bank Holiday,Low,,,
2010-04-05,All Day,EUR,German Bank Holiday,Low,,,
2010-04-05,All Day,GBP,Bank Holiday,Low,,,
2010-04-05,9:00am,USD,ISM Services PMI,High,54.1,53.0,
2010-04-05,9:00am,USD,Pending Home Sales m/m,High,-0.5%,-7.8%,
2010-04-05,10:45pm,JPY,10-y Bond Auction,Medium,,1.33|3.4,
2010-04-06,2:00am,CHF,Foreign Currency Reserves,High,,109B,
2010-04-06,2:00am,EUR,Spanish Unemployment Change,Low,,82.1K,
2010-04-06,2:15am,CHF,CPI m/m,Low,0.1%,0.1%,
2010-04-06,3:30am,EUR,Sentix Investor Confidence,Medium,-5.9,-7.5,
2010-04-06,3:30am,GBP,Construction PMI,Low,48.8,48.5,
2010-04-06,3:30am,GBP,Housing Equity Withdrawal q/q,Medium,-2.9B,-5.1B,
2010-04-06,9:00am,USD,JOLTS Job Openings,Medium,,2.85M,
2010-04-06,1:00pm,USD,FOMC Meeting Minutes,High,,,
2010-04-06,6:01pm,GBP,BRC Shop Price Index y/y,Medium,,1.7%,
2010-04-06,10:03pm,JPY,Monetary Policy Statement,Low,,,
2010-04-06,10:03pm,JPY,Overnight Call Rate,Low,0.10%,0.10%,
2010-04-07,WedApr 7,EUR,Spanish Services PMI,Medium,,47.1,
2010-04-07,2:22am,JPY,BOJ Press Conference,High,,,
2010-04-07,2:45am,EUR,Italian Services PMI,Medium,52.3,50.8,
2010-04-07,2:50am,EUR,French Final Services PMI,Medium,53.0,53.0,
2010-04-07,2:55am,EUR,German Final Services PMI,Medium,54.7,54.7,
2010-04-07,3:00am,EUR,Final Services PMI,Medium,53.7,53.7,
2010-04-07,3:30am,GBP,Final Services PMI,High,58.1,58.4,
2010-04-07,3:30am,GBP,Index of Services 3m/3m,Medium,0.7%,0.5%,
2010-04-07,4:00am,EUR,Final GDP q/q,Medium,0.1%,0.1%,
2010-04-07,4:00am,EUR,PPI m/m,Medium,0.2%,0.7%,
2010-04-07,4:00am,USD,Treasury Sec Geithner Speaks,Low,,,
2010-04-07,5:00am,EUR,German Factory Orders m/m,Low,-0.8%,5.1%,
2010-04-07,9:30am,USD,Crude Oil Inventories,Low,1.0M,2.9M,
2010-04-07,11:15am,USD,FOMC Member Dudley Speaks,Medium,,,
2010-04-07,12:00pm,USD,10-y Bond Auction,Low,,3.74|3.5,
2010-04-07,12:30pm,USD,Fed Chairman Bernanke Speaks,High,,,
2010-04-07,1:00pm,USD,FOMC Member Hoenig Speaks,Low,,,
2010-04-07,2:00pm,USD,Consumer Credit m/m,Medium,-0.1B,10.6B,
2010-04-07,6:50pm,JPY,Core Machinery Orders m/m,Low,3.8%,-3.7%,
2010-04-07,6:50pm,JPY,Current Account,Medium,1.25T,1.71T,
2010-04-08,ThuApr 8,JPY,Economy Watchers Sentiment,Medium,45.2,42.1,
2010-04-08,12:45am,CHF,Unemployment Rate,Medium,4.1%,4.1%,
2010-04-08,1:00am,JPY,Prelim Machine Tool Orders y/y,Medium,,217.4%,
2010-04-08,1:45am,EUR,French Gov Budget Balance,Medium,,-9.2B,
2010-04-08,1:45am,EUR,French Trade Balance,Medium,-3.6B,-3.5B,
2010-04-08,3:00am,GBP,Halifax HPI m/m,High,0.6%,-1.6%,
2010-04-08,3:30am,GBP,Manufacturing Production m/m,High,0.7%,-1.0%,
2010-04-08,3:30am,GBP,Industrial Production m/m,Medium,0.5%,-0.5%,
2010-04-08,4:00am,EUR,Retail Sales m/m,Low,0.0%,-0.2%,
2010-04-08,5:00am,EUR,German Industrial Production m/m,Low,0.7%,0.1%,
2010-04-08,6:00am,GBP,Asset Purchase Facility,High,200B,200B,
2010-04-08,6:00am,GBP,Official Bank Rate,High,0.50%,0.50%,
2010-04-08,6:45am,EUR,Main Refinancing Rate,High,1.00%,1.00%,
2010-04-08,7:30am,EUR,ECB Press Conference,High,,,
2010-04-08,7:30am,USD,Unemployment Claims,High,434K,442K,
2010-04-08,7:30am,USD,FOMC Member Duke Speaks,Medium,,,
2010-04-08,9:00am,GBP,NIESR GDP Estimate,Low,,0.4%,
2010-04-08,9:30am,USD,FOMC Member Tarullo Speaks,Medium,,,
2010-04-08,9:30am,USD,Natural Gas Storage,Medium,29B,12B,
2010-04-08,12:00pm,USD,30-y Bond Auction,Medium,,4.68|2.9,
2010-04-08,3:00pm,USD,FOMC Member Kohn Speaks,Low,,,
2010-04-08,7:30pm,USD,Fed Chairman Bernanke Speaks,High,,,
2010-04-09,1:45am,EUR,French Industrial Production m/m,Low,0.2%,1.1%,
2010-04-09,3:30am,GBP,PPI Input m/m,Low,1.3%,0.6%,
2010-04-09,3:30am,GBP,PPI Output m/m,Medium,0.4%,0.3%,
2010-04-09,8:00am,CHF,Gov Board Member Danthine Speaks,Medium,,,
2010-04-09,9:00am,USD,Final Wholesale Inventories m/m,Medium,0.4%,0.1%,
2010-04-09,10:30am,EUR,ECB President Trichet Speaks,Low,,,
2010-04-11,SunApr 11,JPY,Bank Lending y/y,Medium,,-1.5%,
2010-04-11,SunApr 11,JPY,M2 Money Stock y/y,Medium,2.7%,2.7%,
2010-04-12,4:00am,GBP,CB Leading Index m/m,Medium,,0.8%,
2010-04-12,1:00pm,USD,Federal Budget Balance,Low,-64.0B,-220.9B,
2010-04-12,6:01pm,GBP,BRC Retail Sales Monitor y/y,Low,,2.2%,
2010-04-12,6:01pm,GBP,RICS House Price Balance,Low,18%,18%,
2010-04-12,6:50pm,JPY,PPI y/y,Medium,-1.1%,-1.6%,
2010-04-12,10:45pm,JPY,30-y Bond Auction,Medium,,2.30|3.9,
2010-04-13,TueApr 13,EUR,German WPI m/m,Medium,0.5%,0.1%,
2010-04-13,1:45am,EUR,French Final CPI m/m,Medium,0.5%,0.6%,
2010-04-13,3:30am,GBP,Goods Trade Balance,High,-7.3B,-8.1B,
2010-04-13,3:30am,GBP,ONS HPI y/y,Medium,7.9%,6.2%,
2010-04-13,4:40am,GBP,30-y Bond Auction,Medium,,4.59|1.9,
2010-04-13,6:30am,USD,NFIB Small Business Index,Medium,,88.0,
2010-04-13,7:30am,USD,Trade Balance,High,-38.5B,-37.0B,
2010-04-13,7:30am,USD,Import Prices m/m,Low,0.9%,-0.2%,
2010-04-13,9:00am,USD,RCM/TIPP Economic Optimism,Medium,47.8,45.4,
2010-04-13,9:45am,USD,FOMC Member Tarullo Speaks,Medium,,,
2010-04-13,11:45am,USD,Treasury Sec Geithner Speaks,Low,,,
2010-04-13,6:00pm,USD,Fed Chairman Bernanke Speaks,High,,,
2010-04-14,4:00am,EUR,Industrial Production m/m,Low,0.2%,1.6%,
2010-04-14,7:30am,USD,Core CPI m/m,High,0.1%,0.1%,
2010-04-14,7:30am,USD,Core Retail Sales m/m,High,0.5%,1.0%,
2010-04-14,7:30am,USD,CPI y/y,High,2.4%,2.1%,
2010-04-14,7:30am,USD,Retail Sales m/m,High,1.1%,0.5%,
2010-04-14,7:30am,USD,CPI m/m,Low,0.1%,0.0%,
2010-04-14,8:30am,USD,FOMC Member Pianalto Speaks,Low,,,
2010-04-14,9:00am,USD,Fed Chairman Bernanke Testifies,High,,,
2010-04-14,9:00am,USD,Business Inventories m/m,Low,0.3%,0.2%,
2010-04-14,9:30am,USD,Crude Oil Inventories,Low,1.4M,2.0M,
2010-04-14,1:00pm,USD,Beige Book,Low,,,
2010-04-14,6:01pm,GBP,Nationwide Consumer Confidence,Low,81,81,
2010-04-14,11:30pm,JPY,Revised Industrial Production m/m,Medium,-0.9%,-0.9%,
2010-04-15,ThuApr 15,EUR,Italian Trade Balance,Medium,-2.37B,-3.40B,
2010-04-15,7:29am,USD,Empire State Manufacturing Index,Low,24.0,22.9,
2010-04-15,7:30am,USD,Unemployment Claims,High,439K,460K,
2010-04-15,8:00am,USD,TIC Long-Term Purchases,High,34.2B,15.0B,
2010-04-15,8:15am,USD,Capacity Utilization Rate,Low,73.3%,73.0%,
2010-04-15,8:15am,USD,Industrial Production m/m,Low,0.6%,0.3%,
2010-04-15,9:00am,USD,Philly Fed Manufacturing Index,High,19.8,18.9,
2010-04-15,9:30am,USD,Natural Gas Storage,Medium,81B,31B,
2010-04-15,11:15am,USD,FOMC Member Bullard Speaks,Low,,,
2010-04-15,12:00pm,USD,NAHB Housing Market Index,Medium,16,15,
2010-04-15,12:30pm,CHF,Gov Board Member Jordan Speaks,Low,,,
2010-04-16,4:00am,EUR,Final Core CPI y/y,Low,0.9%,0.8%,
2010-04-16,4:00am,EUR,Final CPI y/y,Low,1.5%,1.5%,
2010-04-16,4:00am,EUR,Trade Balance,Medium,5.1B,7.0B,
2010-04-16,4:00am,EUR,Trade Balance,Medium,3.1B,1.9B,
2010-04-16,7:30am,USD,Building Permits,High,0.63M,0.64M,
2010-04-16,7:30am,USD,Housing Starts,Low,0.60M,0.62M,
2010-04-16,8:00am,USD,FOMC Member Warsh Speaks,Low,,,
2010-04-16,8:55am,USD,Prelim UoM Consumer Sentiment,High,74.7,73.6,
2010-04-16,8:55am,USD,Prelim UoM Inflation Expectations,Medium,,2.7%,
2010-04-16,12:00pm,USD,FOMC Member Hoenig Speaks,Low,,,
2010-04-18,6:01pm,GBP,Rightmove HPI m/m,Low,,0.1%,
2010-04-19,5:00am,EUR,German Buba Monthly Report,Medium,,,
2010-04-19,8:00am,USD,Fed Chairman Bernanke Speaks,High,,,
2010-04-19,9:00am,USD,CB Leading Index m/m,Medium,1.0%,0.4%,
2010-04-19,3:00pm,USD,FOMC Member Duke Speaks,Medium,,,
2010-04-19,6:50pm,JPY,Tertiary Industry Activity m/m,Low,-0.9%,2.9%,
2010-04-20,3:00am,EUR,Current Account,Low,-5.3B,-1.7B,
2010-04-20,3:30am,GBP,CPI y/y,High,3.2%,3.0%,
2010-04-20,3:30am,GBP,RPI y/y,Low,4.1%,3.7%,
2010-04-20,3:30am,GBP,Core CPI y/y,Medium,2.8%,2.9%,
2010-04-20,4:00am,EUR,German ZEW Economic Sentiment,High,45.2,44.5,
2010-04-20,4:00am,EUR,ZEW Economic Sentiment,Low,38.9,37.9,
2010-04-20,10:00am,USD,Fed Chairman Bernanke Testifies,High,,,
2010-04-20,11:00am,EUR,German Buba President Weber Speaks,Low,,,
2010-04-21,WedApr 21,GBP,MPC Asset Purchase Facility Votes,High,0-0-9,0-0-9,
2010-04-21,WedApr 21,GBP,MPC Official Bank Rate Votes,High,0-0-9,0-0-9,
2010-04-21,WedApr 21,GBP,Average Earnings Index 3m/y,Low,2.5%,0.8%,
2010-04-21,WedApr 21,GBP,Unemployment Rate,Medium,7.8%,7.8%,
2010-04-21,4:05am,EUR,German 30-y Bond Auction,Medium,,3.96|1.5,
2010-04-21,9:15am,USD,Fed Chairman Bernanke Speaks,Low,,,
2010-04-21,9:30am,USD,Crude Oil Inventories,Low,0.1M,-2.2M,
2010-04-21,6:50pm,JPY,Trade Balance,Low,0.66T,0.47T,
2010-04-22,2:00am,EUR,French Flash Manufacturing PMI,Low,56.8,56.5,
2010-04-22,2:00am,EUR,French Flash Services PMI,Low,54.3,53.8,
2010-04-22,2:30am,EUR,German Flash Manufacturing PMI,Low,60.2,60.2,
2010-04-22,2:30am,EUR,German Flash Services PMI,Low,55.2,54.9,
2010-04-22,3:00am,EUR,Flash Manufacturing PMI,Low,56.8,56.6,
2010-04-22,3:00am,EUR,Flash Services PMI,Low,54.4,54.1,
2010-04-22,3:30am,GBP,Public Sector Net Borrowing,High,24.1B,9.7B,
2010-04-22,3:30am,GBP,Retail Sales m/m,High,0.7%,2.5%,
2010-04-22,3:30am,GBP,Prelim Mortgage Approvals,Low,51K,48K,
2010-04-22,3:30am,GBP,M4 Money Supply m/m,Medium,0.3%,0.2%,
2010-04-22,4:00am,CHF,UBS Economic Expectations,Low,,53.8,
2010-04-22,5:00am,GBP,CBI Industrial Order Expectations,Low,-32,-37,
2010-04-22,5:39am,GBP,10-y Bond Auction,Low,,3.99|2.1,
2010-04-22,6:00am,EUR,ECB President Trichet Speaks,Low,,,
2010-04-22,7:30am,USD,PPI m/m,High,0.4%,-0.6%,
2010-04-22,7:30am,USD,Unemployment Claims,High,452K,480K,
2010-04-22,7:30am,USD,Core PPI m/m,Low,0.1%,0.1%,
2010-04-22,9:00am,EUR,Consumer Confidence,Medium,-17,-17,
2010-04-22,9:00am,USD,Existing Home Sales,High,5.28M,5.01M,
2010-04-22,9:00am,USD,HPI m/m,Medium,-0.1%,-0.6%,
2010-04-22,9:30am,USD,Natural Gas Storage,Medium,77B,87B,
2010-04-22,10:55am,USD,President Obama Speaks,Low,,,
2010-04-22,11:15am,JPY,BOJ Gov Shirakawa Speaks,Low,,,
2010-04-22,11:30pm,JPY,All Industries Activity m/m,Medium,-1.3%,3.4%,
2010-04-23,3:00am,EUR,German ifo Business Climate,High,98.8,98.2,
2010-04-23,3:00am,EUR,Italian Retail Sales m/m,Medium,0.3%,-0.5%,
2010-04-23,3:30am,GBP,Prelim GDP q/q,High,0.4%,0.4%,
2010-04-23,3:30am,GBP,Index of Services 3m/3m,Medium,0.6%,0.6%,
2010-04-23,4:00am,EUR,Industrial New Orders m/m,Low,0.9%,-1.6%,
2010-04-23,7:30am,USD,Core Durable Goods Orders m/m,High,0.7%,1.7%,
2010-04-23,7:30am,USD,Durable Goods Orders m/m,Low,0.2%,1.1%,
2010-04-23,8:00am,EUR,Belgian NBB Business Climate,Low,-2.5,-3.6,
2010-04-23,9:00am,USD,New Home Sales,High,326K,324K,
2010-04-23,5:00pm,USD,Treasury Sec Geithner Speaks,Low,,,
2010-04-25,6:50pm,JPY,SPPI y/y,Medium,-1.3%,-1.2%,
2010-04-27,TueApr 27,EUR,German GfK Consumer Climate,Low,3.4,3.4,
2010-04-27,TueApr 27,EUR,German Import Prices m/m,Medium,1.2%,1.0%,
2010-04-27,3:30am,GBP,High Street Lending,Low,39.3K,33.4K,
2010-04-27,5:00am,GBP,CBI Realized Sales,High,16,13,
2010-04-27,8:00am,USD,S&P/CS Composite-20 HPI y/y,Low,1.4%,-0.7%,
2010-04-27,8:59am,USD,Richmond Manufacturing Index,Medium,7,6,
2010-04-27,9:00am,USD,CB Consumer Confidence,High,53.6,52.3,
2010-04-27,9:00am,USD,Fed Chairman Bernanke Testifies,High,,,
2010-04-27,9:15am,EUR,ECB President Trichet Speaks,Low,,,
2010-04-27,11:30am,USD,Treasury Sec Geithner Speaks,Medium,,,
2010-04-27,12:15pm,EUR,ECB President Trichet Speaks,Low,,,
2010-04-27,6:50pm,JPY,Retail Sales y/y,Low,3.7%,4.2%,
2010-04-28,3:30am,EUR,German Buba President Weber Speaks,Low,,,
2010-04-28,4:06am,EUR,German 10-y Bond Auction,Low,,3.13|2.0,
2010-04-28,9:30am,USD,Crude Oil Inventories,Low,0.9M,1.9M,
2010-04-28,1:14pm,USD,Federal Funds Rate,High,<0.25%,<0.25%,
2010-04-28,1:14pm,USD,FOMC Statement,High,,,
2010-04-28,All Day,JPY,Bank Holiday,Low,,,
2010-04-29,2:55am,EUR,German Unemployment Change,Low,-11K,-42K,
2010-04-29,3:00am,EUR,M3 Money Supply y/y,Low,-0.1%,-0.3%,
2010-04-29,3:00am,EUR,Private Loans y/y,Medium,-0.1%,-0.4%,
2010-04-29,3:00am,EUR,Retail PMI,Medium,,46.9,
2010-04-29,5:31am,EUR,Italian 10-y Bond Auction,Low,,3.96|1.3,
2010-04-29,6:30am,EUR,ECB President Trichet Speaks,Low,,,
2010-04-29,7:30am,USD,Unemployment Claims,High,442K,459K,
2010-04-29,9:30am,USD,Natural Gas Storage,Medium,70B,73B,
2010-04-29,1:30pm,USD,Treasury Sec Geithner Speaks,Medium,,,
2010-04-29,6:01pm,GBP,GfK Consumer Confidence,Low,-14,-15,
2010-04-29,6:15pm,JPY,Final Manufacturing PMI,Medium,,52.4,
2010-04-29,6:30pm,JPY,Household Spending y/y,Low,0.7%,-0.5%,
2010-04-29,6:30pm,JPY,Tokyo Core CPI y/y,Low,-2.0%,-1.8%,
2010-04-29,6:30pm,JPY,National Core CPI y/y,Medium,-1.2%,-1.2%,
2010-04-29,6:30pm,JPY,Unemployment Rate,Medium,4.9%,4.9%,
2010-04-29,6:50pm,JPY,Prelim Industrial Production m/m,Low,0.9%,-0.6%,
2010-04-29,8:30pm,JPY,Average Cash Earnings y/y,Low,-0.2%,-0.6%,
2010-04-29,11:18pm,JPY,Monetary Policy Statement,Low,,,
2010-04-29,11:18pm,JPY,Overnight Call Rate,Low,0.10%,0.10%,
2010-04-30,1:00am,JPY,BOJ Outlook Report,Low,,,
2010-04-30,2:00am,EUR,Spanish Unemployment Rate,Low,19.7%,18.8%,
2010-04-30,2:25am,JPY,BOJ Press Conference,High,,,
2010-04-30,3:00am,CHF,SNB Chairman Hildebrand Speaks,High,,,
2010-04-30,4:00am,EUR,CPI Flash Estimate y/y,Low,1.4%,1.4%,
2010-04-30,4:00am,EUR,Unemployment Rate,Low,10.0%,10.0%,
2010-04-30,4:00am,EUR,Italian Prelim CPI m/m,Medium,0.2%,0.3%,
2010-04-30,4:30am,CHF,KOF Economic Barometer,High,1.99,1.96,
2010-04-30,5:00am,EUR,Italian Monthly Unemployment Rate,Medium,8.6%,8.6%,
2010-04-30,7:30am,USD,Advance GDP q/q,High,3.4%,5.6%,
2010-04-30,7:30am,USD,Advance GDP Price Index q/q,Low,0.9%,0.5%,
2010-04-30,7:30am,USD,Employment Cost Index q/q,Low,0.6%,0.5%,
2010-04-30,8:45am,USD,Chicago PMI,Low,60.0,58.8,
2010-04-30,8:55am,USD,Revised UoM Consumer Sentiment,Low,71.2,69.5,
2010-04-30,8:55am,USD,Revised UoM Inflation Expectations,Medium,,2.9%,
2010-05-02,All Day,JPY,Bank Holiday,Low,,,
2010-05-03,All Day,GBP,Bank Holiday,Low,,,
2010-05-03,2:15am,EUR,Spanish Manufacturing PMI,Low,,51.8,
2010-05-03,2:30am,CHF,Manufacturing PMI,Low,64.2,65.5,
2010-05-03,2:45am,EUR,Italian Manufacturing PMI,Low,54.5,53.7,
2010-05-03,2:50am,EUR,French Final Manufacturing PMI,Medium,57.8,57.8,
2010-05-03,2:55am,EUR,German Final Manufacturing PMI,Medium,61.3,61.3,
2010-05-03,3:00am,EUR,Final Manufacturing PMI,Medium,57.5,57.5,
2010-05-03,4:00am,EUR,German Buba President Weber Speaks,Low,,,
2010-05-03,7:30am,USD,Core PCE Price Index m/m,Low,0.0%,0.0%,
2010-05-03,7:30am,USD,Personal Spending m/m,Low,0.7%,0.5%,
2010-05-03,7:30am,USD,Personal Income m/m,Medium,0.4%,0.1%,
2010-05-03,9:00am,USD,ISM Manufacturing PMI,High,60.0,59.6,
2010-05-03,9:00am,USD,Construction Spending m/m,Medium,-0.4%,-2.1%,
2010-05-03,9:00am,USD,ISM Manufacturing Prices,Medium,73.4,75.0,
2010-05-03,All Day,USD,Total Vehicle Sales,Medium,11.5M,11.8M,
2010-05-03,1:00pm,USD,Loan Officer Survey,Medium,,,
2010-05-03,All Day,JPY,Bank Holiday,Low,,,
2010-05-04,2:00am,EUR,Spanish Unemployment Change,Low,,36.0K,
2010-05-04,3:30am,GBP,Final Manufacturing PMI,High,57.5,57.2,
2010-05-04,3:30am,GBP,Net Lending to Individuals m/m,Low,2.0B,2.4B,
2010-05-04,3:30am,GBP,Mortgage Approvals,Medium,50K,47K,
2010-05-04,4:00am,EUR,PPI m/m,Medium,0.8%,0.1%,
2010-05-04,9:00am,USD,Pending Home Sales m/m,High,3.9%,8.3%,
2010-05-04,9:00am,USD,Factory Orders m/m,Low,0.0%,1.3%,
2010-05-04,9:00am,USD,Treasury Sec Geithner Speaks,Medium,,,
2010-05-04,6:01pm,GBP,BRC Shop Price Index y/y,Medium,,1.2%,
2010-05-04,All Day,JPY,Bank Holiday,Low,,,
2010-05-05,2:45am,EUR,Italian Services PMI,Medium,56.0,55.3,
2010-05-05,2:50am,EUR,French Final Services PMI,Medium,57.8,57.8,
2010-05-05,2:55am,EUR,German Final Services PMI,Medium,55.0,55.0,
2010-05-05,3:00am,EUR,Final Services PMI,Medium,55.6,55.5,
2010-05-05,3:30am,EUR,German Buba President Weber Speaks,Low,,,
2010-05-05,3:30am,GBP,Construction PMI,Low,53.5,53.1,
2010-05-05,4:00am,EUR,Retail Sales m/m,Low,0.1%,-0.2%,
2010-05-05,4:00am,EUR,EU Economic Forecasts,Medium,,,
2010-05-05,5:00am,EUR,German Buba President Weber Speaks,Low,,,
2010-05-05,6:30am,USD,Challenger Job Cuts y/y,Medium,,-55.0%,
2010-05-05,7:15am,USD,ADP Non-Farm Employment Change,High,29K,19K,
2010-05-05,7:30am,USD,FOMC Member Rosengren Speaks,Low,,,
2010-05-05,9:00am,USD,ISM Services PMI,High,56.1,55.4,
2010-05-05,9:30am,USD,Crude Oil Inventories,Low,0.6M,1.9M,
2010-05-05,6:00pm,USD,FOMC Member Rosengren Speaks,Low,,,
2010-05-06,2:15am,CHF,CPI m/m,Low,0.8%,0.1%,
2010-05-06,3:30am,GBP,Final Services PMI,High,57.1,56.5,
2010-05-06,All Day,GBP,Parliamentary Elections,High,,,
2010-05-06,4:12am,EUR,French 10-y Bond Auction,Low,,3.41|1.9,
2010-05-06,5:00am,EUR,German Factory Orders m/m,Low,1.3%,0.0%,
2010-05-06,6:45am,EUR,Main Refinancing Rate,High,1.00%,1.00%,
2010-05-06,7:30am,EUR,ECB Press Conference,High,,,
2010-05-06,7:30am,USD,Unemployment Claims,High,441K,451K,
2010-05-06,7:30am,USD,Prelim Nonfarm Productivity q/q,Low,2.4%,6.9%,
2010-05-06,7:30am,USD,Prelim Unit Labor Costs q/q,Low,-0.5%,-5.9%,
2010-05-06,8:00am,USD,Treasury Sec Geithner Speaks,Low,,,
2010-05-06,8:10am,USD,FOMC Member Bullard Speaks,Low,,,
2010-05-06,8:30am,USD,Fed Chairman Bernanke Speaks,High,,,
2010-05-06,9:30am,USD,Natural Gas Storage,Medium,79B,83B,
2010-05-06,10:30am,EUR,ECB President Trichet Speaks,Low,,,
2010-05-06,6:50pm,JPY,Monetary Base y/y,Medium,2.4%,2.1%,
2010-05-07,1:45am,EUR,French Trade Balance,Medium,-3.6B,-3.6B,
2010-05-07,2:15am,CHF,Retail Sales y/y,High,2.9%,2.7%,
2010-05-07,2:45am,EUR,French Gov Budget Balance,Medium,,-21.8B,
2010-05-07,3:00am,GBP,Halifax HPI m/m,High,0.6%,1.0%,
2010-05-07,All Day,EUR,EU Economic Summit,Low,,,
2010-05-07,3:30am,GBP,PPI Input m/m,Low,1.0%,3.8%,
2010-05-07,3:30am,GBP,PPI Output m/m,Medium,0.6%,0.9%,
2010-05-07,5:00am,EUR,German Industrial Production m/m,Low,1.5%,-0.2%,
2010-05-07,7:30am,USD,Non-Farm Employment Change,High,198K,230K,
2010-05-07,7:30am,USD,Unemployment Rate,High,9.7%,9.7%,
2010-05-07,7:30am,USD,Average Hourly Earnings m/m,Low,0.2%,-0.1%,
2010-05-07,2:00pm,USD,Consumer Credit m/m,Medium,-2.9B,-6.2B,
2010-05-09,6:50pm,JPY,Monetary Policy Meeting Minutes,Low,,,
2010-05-09,8:15pm,USD,Fed Announcement,High,,,
2010-05-09,10:11pm,JPY,Monetary Policy Statement,Low,,,
2010-05-09,10:11pm,JPY,Overnight Call Rate,Low,,0.10%,
2010-05-10,1:45am,EUR,French Industrial Production m/m,Low,0.3%,0.0%,
2010-05-10,3:00am,EUR,Italian Industrial Production m/m,Medium,0.9%,0.0%,
2010-05-10,Day 2,EUR,ECOFIN Meetings,Low,,,
2010-05-10,3:30am,EUR,Sentix Investor Confidence,Medium,1.1,2.5,
2010-05-10,6:00am,GBP,Asset Purchase Facility,High,200B,200B,
2010-05-10,6:00am,GBP,Official Bank Rate,High,0.50%,0.50%,
2010-05-10,7:45am,EUR,ECB President Trichet Speaks,Low,,,
2010-05-10,11:00am,USD,Fed Announcement,High,,,
2010-05-10,6:01pm,GBP,BRC Retail Sales Monitor y/y,Low,,4.4%,
2010-05-10,6:01pm,GBP,RICS House Price Balance,Low,11%,9%,
2010-05-10,10:45pm,JPY,10-y Bond Auction,Medium,,1.40|2.5,
2010-05-11,1:00am,EUR,German Final CPI m/m,Medium,-0.1%,-0.1%,
2010-05-11,1:00am,EUR,German WPI m/m,Medium,0.3%,1.3%,
2010-05-11,3:30am,GBP,Manufacturing Production m/m,High,0.3%,1.4%,
2010-05-11,3:30am,GBP,Industrial Production m/m,Medium,0.3%,0.9%,
2010-05-11,6:30am,USD,NFIB Small Business Index,Medium,87.2,86.8,
2010-05-11,9:00am,GBP,NIESR GDP Estimate,Low,,0.2%,
2010-05-11,9:00am,USD,Final Wholesale Inventories m/m,Medium,0.5%,0.6%,
2010-05-11,9:00am,USD,JOLTS Job Openings,Medium,,2.65M,
2010-05-11,9:00am,USD,RCM/TIPP Economic Optimism,Medium,48.9,48.4,
2010-05-11,9:15am,EUR,German Buba President Weber Speaks,Low,,,
2010-05-11,11:45am,CHF,SNB Chairman Hildebrand Speaks,High,,,
2010-05-12,1:00am,EUR,German Prelim GDP q/q,High,0.0%,0.2%,
2010-05-12,1:45am,EUR,French Final CPI m/m,Medium,0.2%,0.5%,
2010-05-12,1:45am,EUR,French Prelim GDP q/q,Medium,0.3%,0.5%,
2010-05-12,2:00am,EUR,Spanish Flash GDP q/q,Low,0.0%,-0.1%,
2010-05-12,2:15am,CHF,PPI m/m,Low,0.4%,0.5%,
2010-05-12,3:00am,EUR,Italian Prelim GDP q/q,Medium,0.3%,-0.1%,
2010-05-12,3:30am,GBP,Claimant Count Change,High,-20.1K,-32.7K,
2010-05-12,3:30am,GBP,Average Earnings Index 3m/y,Low,2.2%,2.5%,
2010-05-12,3:30am,GBP,Unemployment Rate,Medium,8.0%,8.0%,
2010-05-12,4:00am,EUR,Flash GDP q/q,Low,0.1%,0.0%,
2010-05-12,4:00am,EUR,Industrial Production m/m,Low,1.1%,0.7%,
2010-05-12,4:30am,GBP,BOE Gov King Speaks,High,,,
2010-05-12,4:30am,GBP,BOE Monetary Policy Report,High,,,
2010-05-12,7:30am,USD,Trade Balance,High,-40.0B,-39.4B,
2010-05-12,9:15am,USD,FOMC Member Rosengren Speaks,Low,,,
2010-05-12,9:30am,USD,Crude Oil Inventories,Low,1.0M,2.8M,
2010-05-12,12:00pm,USD,10-y Bond Auction,Low,,3.90|3.7,
2010-05-12,12:15pm,USD,FOMC Member Bullard Speaks,Low,,,
2010-05-12,1:00pm,USD,Federal Budget Balance,Medium,-30.5B,-65.4B,
2010-05-12,6:01pm,GBP,Nationwide Consumer Confidence,Low,74,73,
2010-05-12,6:50pm,JPY,Bank Lending y/y,Medium,,-1.8%,
2010-05-12,6:50pm,JPY,Current Account,Medium,1.49T,1.07T,
2010-05-12,6:50pm,JPY,M2 Money Stock y/y,Medium,2.5%,2.7%,
2010-05-13,1:00am,JPY,Prelim Machine Tool Orders y/y,Medium,,262.2%,
2010-05-13,All Day,CHF,Bank Holiday,Low,,,
2010-05-13,All Day,EUR,French Bank Holiday,Low,,,
2010-05-13,All Day,EUR,German Bank Holiday,Low,,,
2010-05-13,3:00am,EUR,ECB Monthly Bulletin,Low,,,
2010-05-13,3:30am,GBP,Goods Trade Balance,High,-6.5B,-6.3B,
2010-05-13,3:30am,GBP,ONS HPI y/y,Medium,8.9%,7.3%,
2010-05-13,7:30am,USD,Unemployment Claims,High,440K,448K,
2010-05-13,7:30am,USD,Import Prices m/m,Low,0.8%,0.5%,
2010-05-13,8:00am,USD,FOMC Member Kohn Speaks,Low,,,
2010-05-13,9:30am,USD,Natural Gas Storage,Medium,102B,83B,
2010-05-13,11:30am,USD,Fed Chairman Bernanke Speaks,High,,,
2010-05-13,12:00pm,USD,30-y Bond Auction,Medium,,4.77|2.7,
2010-05-14,7:20am,EUR,German Buba President Weber Speaks,Low,,,
2010-05-14,7:30am,USD,Core Retail Sales m/m,High,0.5%,1.2%,
2010-05-14,7:30am,USD,Retail Sales m/m,High,0.3%,2.1%,
2010-05-14,8:15am,USD,Capacity Utilization Rate,Low,73.8%,73.1%,
2010-05-14,8:15am,USD,Industrial Production m/m,Low,0.6%,0.2%,
2010-05-14,8:55am,USD,Prelim UoM Consumer Sentiment,High,73.5,72.2,
2010-05-14,8:55am,USD,Prelim UoM Inflation Expectations,Medium,,2.9%,
2010-05-14,9:00am,USD,Business Inventories m/m,Low,0.4%,0.4%,
2010-05-16,6:01pm,GBP,Rightmove HPI m/m,Low,,2.6%,
2010-05-16,6:50pm,JPY,Core Machinery Orders m/m,Low,5.8%,-5.4%,
2010-05-16,6:50pm,JPY,PPI y/y,Medium,-0.2%,-1.3%,
2010-05-17,5:00am,GBP,CBI Industrial Order Expectations,Low,-33,-36,
2010-05-17,7:30am,USD,Empire State Manufacturing Index,Low,30.1,31.9,
2010-05-17,8:00am,USD,TIC Long-Term Purchases,High,50.5B,47.1B,
2010-05-17,11:00am,CHF,SNB Chairman Hildebrand Speaks,High,,,
2010-05-17,12:00pm,USD,NAHB Housing Market Index,Medium,20,19,
2010-05-17,6:50pm,JPY,Tertiary Industry Activity m/m,Low,-1.3%,-0.3%,
2010-05-18,1:45am,EUR,French Prelim Private Payrolls q/q,Low,0.1%,-0.1%,
2010-05-18,3:00am,EUR,Italian Trade Balance,Medium,-1.97B,-2.33B,
2010-05-18,All Day,EUR,ECOFIN Meetings,Low,,,
2010-05-18,3:30am,GBP,CPI y/y,High,3.5%,3.4%,
2010-05-18,3:30am,GBP,RPI y/y,Low,4.8%,4.4%,
2010-05-18,3:30am,GBP,Core CPI y/y,Medium,2.9%,3.0%,
2010-05-18,4:00am,EUR,German ZEW Economic Sentiment,High,47.1,53.0,
2010-05-18,4:00am,EUR,Final Core CPI y/y,Low,0.9%,1.0%,
2010-05-18,4:00am,EUR,Final CPI y/y,Low,1.5%,1.5%,
2010-05-18,4:00am,EUR,ZEW Economic Sentiment,Low,44.2,46.0,
2010-05-18,4:00am,EUR,Trade Balance,Medium,1.7B,3.4B,
2010-05-18,4:30am,GBP,BOE Inflation Letter,High,,,
2010-05-18,7:30am,EUR,German Buba President Weber Speaks,Low,,,
2010-05-18,7:30am,USD,Building Permits,High,0.68M,0.69M,
2010-05-18,7:30am,USD,PPI m/m,High,0.1%,0.7%,
2010-05-18,7:30am,USD,Core PPI m/m,Low,0.2%,0.1%,
2010-05-18,7:30am,USD,Housing Starts,Low,0.66M,0.64M,
2010-05-18,11:20am,USD,FOMC Member Pianalto Speaks,Low,,,
2010-05-18,11:30pm,JPY,Revised Industrial Production m/m,Medium,0.4%,0.3%,
2010-05-19,WedMay 19,GBP,MPC Official Bank Rate Votes,High,0-0-9,0-0-9,
2010-05-19,4:06am,EUR,German 10-y Bond Auction,Low,,2.97|1.7,
2010-05-19,7:30am,USD,Core CPI m/m,High,0.1%,0.0%,
2010-05-19,7:30am,USD,CPI m/m,High,0.2%,0.1%,
2010-05-19,7:30am,USD,CPI y/y,High,2.4%,2.3%,
2010-05-19,9:00am,USD,Mortgage Delinquencies,Low,,9.47%,
2010-05-19,9:30am,USD,Crude Oil Inventories,Low,0.7M,1.9M,
2010-05-19,10:00am,EUR,ECB President Trichet Speaks,Low,,,
2010-05-19,12:30pm,EUR,German Buba President Weber Speaks,Low,,,
2010-05-19,1:00pm,USD,FOMC Meeting Minutes,High,,,
2010-05-19,1:45pm,GBP,Chancellor Osborne Speaks,Medium,,,
2010-05-19,6:50pm,JPY,Prelim GDP q/q,High,1.4%,1.0%,
2010-05-19,6:50pm,JPY,Prelim GDP Price Index y/y,Low,-2.9%,-2.7%,
2010-05-20,3:30am,GBP,Retail Sales m/m,High,0.3%,0.5%,
2010-05-20,3:40am,EUR,Spanish 10-y Bond Auction,Low,,3.86|1.6,
2010-05-20,4:00am,CHF,UBS Economic Expectations,Low,,53.4,
2010-05-20,4:00am,GBP,MPC Member Posen Speaks,Low,,,
2010-05-20,4:38am,GBP,10-y Bond Auction,Low,,4.08|1.9,
2010-05-20,7:30am,USD,Unemployment Claims,High,439K,446K,
2010-05-20,9:00am,CHF,Gov Board Member Jordan Speaks,Low,,,
2010-05-20,9:00am,EUR,Consumer Confidence,Medium,-15,-15,
2010-05-20,9:00am,USD,Philly Fed Manufacturing Index,High,21.9,20.2,
2010-05-20,9:00am,USD,CB Leading Index m/m,Medium,0.3%,1.3%,
2010-05-20,9:30am,USD,Natural Gas Storage,Medium,79B,94B,
2010-05-20,10:41pm,JPY,Monetary Policy Statement,Low,,,
2010-05-20,10:41pm,JPY,Overnight Call Rate,Low,0.10%,0.10%,
2010-05-21,2:00am,EUR,French Flash Manufacturing PMI,Low,56.7,56.6,
2010-05-21,2:00am,EUR,French Flash Services PMI,Low,58.9,59.2,
2010-05-21,2:15am,JPY,BOJ Press Conference,High,,,
2010-05-21,2:30am,EUR,German Flash Manufacturing PMI,Low,61.6,61.5,
2010-05-21,2:30am,EUR,German Flash Services PMI,Low,55.6,55.2,
2010-05-21,3:00am,EUR,German ifo Business Climate,High,101.9,101.6,
2010-05-21,3:00am,EUR,Current Account,Low,-2.7B,-4.5B,
2010-05-21,3:00am,EUR,Flash Manufacturing PMI,Low,57.6,57.6,
2010-05-21,3:00am,EUR,Flash Services PMI,Low,55.5,55.6,
2010-05-21,3:30am,GBP,Public Sector Net Borrowing,High,11.1B,18.0B,
2010-05-21,3:30am,GBP,Prelim Business Investment q/q,Low,-0.5%,-4.3%,
2010-05-21,3:30am,GBP,Prelim Mortgage Approvals,Low,54K,51K,
2010-05-21,3:30am,GBP,M4 Money Supply m/m,Medium,0.3%,0.1%,
2010-05-21,6:00pm,USD,FOMC Member Dudley Speaks,Medium,,,
2010-05-23,11:30pm,JPY,All Industries Activity m/m,Medium,-0.6%,-2.3%,
2010-05-24,All Day,CHF,Bank Holiday,Low,,,
2010-05-24,All Day,EUR,German Bank Holiday,Low,,,
2010-05-24,All Day,EUR,French Bank Holiday,Low,,,
2010-05-24,9:00am,USD,Existing Home Sales,High,5.62M,5.36M,
2010-05-24,12:30pm,GBP,MPC Member Posen Speaks,Low,,,
2010-05-25,3:00am,EUR,Italian Retail Sales m/m,Medium,0.1%,0.1%,
2010-05-25,3:30am,GBP,Second Estimate GDP q/q,High,0.3%,0.2%,
2010-05-25,3:30am,GBP,Index of Services 3m/3m,Medium,0.2%,0.4%,
2010-05-25,4:00am,EUR,Industrial New Orders m/m,Low,2.2%,1.9%,
2010-05-25,8:00am,USD,S&P/CS Composite-20 HPI y/y,Low,2.5%,0.7%,
2010-05-25,8:59am,USD,Richmond Manufacturing Index,Medium,25,30,
2010-05-25,9:00am,USD,CB Consumer Confidence,High,59.1,57.7,
2010-05-25,9:00am,USD,HPI m/m,Medium,0.0%,-0.4%,
2010-05-25,10:15am,USD,FOMC Member Bullard Speaks,Low,,,
2010-05-25,6:50pm,JPY,Monetary Policy Meeting Minutes,Low,,,
2010-05-25,6:50pm,JPY,SPPI y/y,Medium,-1.4%,-1.2%,
2010-05-25,7:30pm,JPY,BOJ Gov Shirakawa Speaks,Low,,,
2010-05-25,7:30pm,USD,Fed Chairman Bernanke Speaks,High,,,
2010-05-26,1:45am,EUR,French Consumer Spending m/m,Low,-0.5%,1.6%,
2010-05-26,3:30am,GBP,High Street Lending,Low,37.6K,35.0K,
2010-05-26,5:00am,EUR,German Buba Monthly Report,Medium,,,
2010-05-26,7:30am,USD,Core Durable Goods Orders m/m,High,0.5%,4.8%,
2010-05-26,7:30am,USD,Durable Goods Orders m/m,Low,1.4%,0.0%,
2010-05-26,8:00am,EUR,Belgian NBB Business Climate,Low,-2.1,-2.4,
2010-05-26,9:00am,USD,New Home Sales,High,425K,439K,
2010-05-26,9:30am,USD,Crude Oil Inventories,Low,0.2M,0.2M,
2010-05-26,6:50pm,JPY,Trade Balance,Low,0.69T,0.77T,
2010-05-27,1:40am,USD,FOMC Member Bullard Speaks,Low,,,
2010-05-27,2:15am,CHF,Employment Level,Low,3.97M,3.96M,
2010-05-27,4:00am,EUR,German Buba President Weber Speaks,Low,,,
2010-05-27,5:00am,GBP,CBI Realized Sales,High,13,13,
2010-05-27,7:30am,USD,Prelim GDP q/q,High,3.5%,3.2%,
2010-05-27,7:30am,USD,Unemployment Claims,High,450K,474K,
2010-05-27,7:30am,USD,Prelim GDP Price Index q/q,Low,0.9%,0.9%,
2010-05-27,9:30am,USD,Natural Gas Storage,Medium,101B,76B,
2010-05-27,6:01pm,GBP,GfK Consumer Confidence,Low,-15,-16,
2010-05-27,6:30pm,JPY,Household Spending y/y,Low,2.5%,4.4%,
2010-05-27,6:30pm,JPY,Tokyo Core CPI y/y,Low,-1.5%,-1.9%,
2010-05-27,6:30pm,JPY,National Core CPI y/y,Medium,-1.3%,-1.2%,
2010-05-27,6:30pm,JPY,Unemployment Rate,Medium,5.0%,5.0%,
2010-05-27,6:50pm,JPY,Retail Sales y/y,Low,3.7%,4.7%,
2010-05-28,1:15am,CHF,Trade Balance,Low,2.17B,1.70B,
2010-05-28,3:00am,EUR,Retail PMI,Medium,,47.2,
2010-05-28,4:28am,EUR,Italian 10-y Bond Auction,Low,,4.09|1.4,
2010-05-28,4:30am,CHF,KOF Economic Barometer,High,2.04,2.05,
2010-05-28,7:30am,EUR,German Buba President Weber Speaks,Low,,,
2010-05-28,7:30am,USD,Core PCE Price Index m/m,Low,0.1%,0.1%,
2010-05-28,7:30am,USD,Personal Income m/m,Low,0.5%,0.4%,
2010-05-28,7:30am,USD,Personal Spending m/m,Low,0.3%,0.6%,
2010-05-28,8:45am,USD,Chicago PMI,Low,62.1,63.8,
2010-05-28,8:55am,USD,Revised UoM Consumer Sentiment,Low,73.4,73.3,
2010-05-28,8:55am,USD,Revised UoM Inflation Expectations,Medium,,3.1%,
2010-05-30,6:50pm,JPY,Prelim Industrial Production m/m,Low,2.6%,1.2%,
2010-05-30,7:25pm,USD,Fed Chairman Bernanke Speaks,High,,,
2010-05-30,7:30pm,EUR,ECB President Trichet Speaks,High,,,
2010-05-30,8:30pm,JPY,Average Cash Earnings y/y,Low,0.9%,1.0%,
2010-05-30,10:45pm,JPY,BOJ Gov Shirakawa Speaks,Low,,,
2010-05-31,All Day,GBP,Bank Holiday,Low,,,
2010-05-31,3:00am,EUR,ECB President Trichet Speaks,High,,,
2010-05-31,3:00am,EUR,M3 Money Supply y/y,Low,-0.2%,-0.1%,
2010-05-31,3:00am,EUR,Private Loans y/y,Medium,-0.2%,-0.2%,
2010-05-31,4:00am,EUR,CPI Flash Estimate y/y,Low,1.6%,1.5%,
2010-05-31,4:00am,EUR,Italian Prelim CPI m/m,Medium,0.3%,0.4%,
2010-05-31,5:00am,EUR,ECB Financial Stability Review,Medium,,,
2010-05-31,All Day,USD,Bank Holiday,Low,,,
2010-05-31,10:45pm,JPY,10-y Bond Auction,Medium,,1.32|3.5,
2010-06-01,12:45am,CHF,GDP q/q,Low,0.7%,0.9%,
2010-06-01,1:00am,EUR,German Retail Sales m/m,Low,0.8%,-1.6%,
2010-06-01,2:15am,EUR,Spanish Manufacturing PMI,Low,,53.3,
2010-06-01,2:30am,CHF,Manufacturing PMI,Low,64.3,65.9,
2010-06-01,2:45am,EUR,Italian Manufacturing PMI,Low,53.7,54.3,
2010-06-01,2:50am,EUR,French Final Manufacturing PMI,Medium,56.2,56.2,
2010-06-01,2:55am,EUR,German Unemployment Change,Low,-18K,-67K,
2010-06-01,2:55am,EUR,German Final Manufacturing PMI,Medium,58.3,58.3,
2010-06-01,3:00am,EUR,Final Manufacturing PMI,Medium,55.9,55.9,
2010-06-01,3:00am,EUR,Italian Monthly Unemployment Rate,Medium,8.9%,8.8%,
2010-06-01,3:30am,GBP,Final Manufacturing PMI,High,57.8,58.0,
2010-06-01,4:00am,EUR,Unemployment Rate,Low,10.1%,10.0%,
2010-06-01,9:00am,USD,ISM Manufacturing PMI,High,59.3,60.4,
2010-06-01,9:00am,USD,Construction Spending m/m,Medium,0.1%,0.4%,
2010-06-01,9:00am,USD,ISM Manufacturing Prices,Medium,73.5,78.0,
2010-06-01,6:50pm,JPY,Monetary Base y/y,Medium,2.8%,2.9%,
2010-06-02,2:00am,EUR,Spanish Unemployment Change,Low,,-24.2K,
2010-06-02,2:15am,CHF,Retail Sales y/y,High,3.7%,4.0%,
2010-06-02,3:30am,GBP,Construction PMI,Low,58.3,58.2,
2010-06-02,3:30am,GBP,Net Lending to Individuals m/m,Low,1.1B,0.3B,
2010-06-02,3:30am,GBP,Mortgage Approvals,Medium,49K,49K,
2010-06-02,4:00am,EUR,PPI m/m,Medium,0.7%,0.6%,
2010-06-02,6:30am,USD,Challenger Job Cuts y/y,Medium,,-71.1%,
2010-06-02,9:00am,EUR,German Buba President Weber Speaks,Low,,,
2010-06-02,9:00am,USD,Pending Home Sales m/m,High,4.9%,7.1%,
2010-06-02,All Day,USD,Total Vehicle Sales,Medium,11.4M,11.2M,
2010-06-02,6:50pm,JPY,Capital Spending q/y,Low,-9.5%,-17.3%,
2010-06-03,2:15am,EUR,Spanish Services PMI,Medium,,50.9,
2010-06-03,2:45am,EUR,Italian Services PMI,Medium,54.9,54.5,
2010-06-03,2:50am,EUR,French Final Services PMI,Medium,61.9,61.9,
2010-06-03,2:55am,EUR,German Final Services PMI,Medium,53.7,53.7,
2010-06-03,3:00am,EUR,Final Services PMI,Medium,56.0,56.0,
2010-06-03,3:30am,GBP,Final Services PMI,High,55.6,55.3,
2010-06-03,4:00am,EUR,Retail Sales m/m,Low,0.1%,0.5%,
2010-06-03,4:12am,EUR,French 10-y Bond Auction,Low,,3.18|1.5,
2010-06-03,7:15am,USD,ADP Non-Farm Employment Change,High,68K,65K,
2010-06-03,7:30am,USD,Unemployment Claims,High,451K,463K,
2010-06-03,7:30am,USD,Revised Nonfarm Productivity q/q,Low,3.5%,3.6%,
2010-06-03,7:30am,USD,Revised Unit Labor Costs q/q,Medium,-1.4%,-1.6%,
2010-06-03,9:00am,USD,ISM Services PMI,High,55.7,55.4,
2010-06-03,9:00am,USD,Factory Orders m/m,Low,1.7%,1.7%,
2010-06-03,9:30am,USD,Natural Gas Storage,Medium,90B,104B,
2010-06-03,10:00am,USD,Crude Oil Inventories,Low,-0.4M,2.4M,
2010-06-03,10:15am,USD,Fed Chairman Bernanke Speaks,Low,,,
2010-06-03,11:15am,USD,FOMC Member Rosengren Speaks,Low,,,
2010-06-03,12:15pm,USD,FOMC Member Hoenig Speaks,Low,,,
2010-06-04,2:40am,CHF,SNB Chairman Hildebrand Speaks,Low,,,
2010-06-04,3:00am,GBP,Halifax HPI m/m,High,0.3%,-0.1%,
2010-06-04,4:00am,EUR,Revised GDP q/q,Medium,0.2%,0.2%,
2010-06-04,7:30am,USD,Non-Farm Employment Change,High,521K,290K,
2010-06-04,7:30am,USD,Unemployment Rate,High,9.8%,9.9%,
2010-06-04,7:30am,USD,Average Hourly Earnings m/m,Low,0.1%,0.1%,
2010-06-07,3:30am,EUR,Sentix Investor Confidence,Medium,-5.2,-6.4,
2010-06-07,5:00am,EUR,German Factory Orders m/m,Low,-0.1%,5.1%,
2010-06-07,2:00pm,USD,Consumer Credit m/m,Medium,1.1B,-5.4B,
2010-06-07,6:01pm,GBP,BRC Retail Sales Monitor y/y,Low,,-2.3%,
2010-06-07,6:50pm,JPY,Bank Lending y/y,Medium,,-1.8%,
2010-06-07,6:50pm,JPY,Current Account,Medium,1.42T,1.77T,
2010-06-07,6:50pm,JPY,M2 Money Stock y/y,Medium,2.8%,2.9%,
2010-06-07,6:55pm,USD,Fed Chairman Bernanke Speaks,High,,,
2010-06-07,10:45pm,JPY,30-y Bond Auction,Medium,,2.20|3.7,
2010-06-08,12:45am,CHF,SECO Economic Forecasts,Low,,,
2010-06-08,12:45am,CHF,Unemployment Rate,Medium,4.0%,4.0%,
2010-06-08,1:00am,EUR,German Trade Balance,Medium,14.1B,13.0B,
2010-06-08,1:00am,JPY,Economy Watchers Sentiment,Medium,50.8,49.8,
2010-06-08,1:45am,EUR,French Trade Balance,Medium,-4.3B,-4.4B,
2010-06-08,1:50am,EUR,French Gov Budget Balance,Medium,,-28.9B,
2010-06-08,2:15am,CHF,CPI m/m,Low,0.1%,0.9%,
2010-06-08,All Day,EUR,ECOFIN Meetings,Low,,,
2010-06-08,5:00am,EUR,German Industrial Production m/m,Low,0.7%,4.3%,
2010-06-08,6:30am,USD,NFIB Small Business Index,Medium,91.1,90.6,
2010-06-08,7:25am,USD,FOMC Member Duke Speaks,Medium,,,
2010-06-08,9:00am,USD,JOLTS Job Openings,Medium,,2.79M,
2010-06-08,9:00am,USD,RCM/TIPP Economic Optimism,Medium,49.3,48.7,
2010-06-08,6:00pm,USD,FOMC Member Hoenig Speaks,Low,,,
2010-06-08,6:01pm,GBP,BRC Shop Price Index y/y,Medium,,2.0%,
2010-06-08,6:50pm,JPY,Core Machinery Orders m/m,Low,1.2%,5.4%,
2010-06-09,3:30am,GBP,Goods Trade Balance,Low,-7.0B,-7.3B,
2010-06-09,All Day,EUR,Dutch Parliamentary Election,Low,,,
2010-06-09,4:39am,GBP,10-y Bond Auction,Low,,3.68|1.8,
2010-06-09,9:00am,USD,Fed Chairman Bernanke Testifies,High,,,
2010-06-09,9:00am,USD,Final Wholesale Inventories m/m,Medium,0.6%,0.7%,
2010-06-09,9:30am,USD,Crude Oil Inventories,Low,-1.1M,-1.9M,
2010-06-09,12:00pm,USD,10-y Bond Auction,Low,,3.55|3.0,
2010-06-09,1:00pm,USD,Beige Book,Low,,,
2010-06-09,3:00pm,USD,Fed Chairman Bernanke Speaks,High,,,
2010-06-09,6:50pm,JPY,Final GDP q/q,Low,1.1%,1.2%,
2010-06-09,6:50pm,JPY,PPI y/y,Medium,0.3%,-0.1%,
2010-06-09,6:52pm,JPY,Final GDP Price Index y/y,Medium,-3.0%,-3.0%,
2010-06-10,1:00am,EUR,German Final CPI m/m,Medium,0.1%,0.1%,
2010-06-10,1:45am,EUR,French Industrial Production m/m,Low,0.3%,1.3%,
2010-06-10,1:45am,EUR,French Final Private Payrolls q/q,Medium,-0.1%,-0.1%,
2010-06-10,3:00am,EUR,Italian Industrial Production m/m,Medium,0.6%,0.2%,
2010-06-10,6:00am,GBP,Asset Purchase Facility,High,200B,200B,
2010-06-10,6:00am,GBP,Official Bank Rate,High,0.50%,0.50%,
2010-06-10,6:45am,EUR,Main Refinancing Rate,High,1.00%,1.00%,
2010-06-10,7:30am,EUR,ECB Press Conference,High,,,
2010-06-10,7:30am,USD,Trade Balance,High,-40.8B,-40.0B,
2010-06-10,7:30am,USD,Unemployment Claims,High,447K,459K,
2010-06-10,9:30am,USD,Natural Gas Storage,Medium,91B,88B,
2010-06-10,12:00pm,USD,30-y Bond Auction,Medium,,4.49|2.6,
2010-06-10,1:00pm,USD,Federal Budget Balance,Low,-138.6B,-82.7B,
2010-06-11,1:45am,EUR,French Final CPI m/m,Medium,0.2%,0.3%,
2010-06-11,3:30am,GBP,Manufacturing Production m/m,High,0.6%,2.2%,
2010-06-11,3:30am,GBP,PPI Input m/m,High,-0.9%,0.5%,
2010-06-11,3:30am,GBP,Consumer Inflation Expectations,Low,,2.5%,
2010-06-11,3:30am,GBP,Industrial Production m/m,Medium,0.5%,2.0%,
2010-06-11,3:30am,GBP,PPI Output m/m,Medium,0.6%,1.6%,
2010-06-11,7:30am,USD,Core Retail Sales m/m,High,0.1%,0.6%,
2010-06-11,7:30am,USD,Retail Sales m/m,High,0.2%,0.6%,
2010-06-11,8:55am,USD,Prelim UoM Consumer Sentiment,High,74.7,73.6,
2010-06-11,8:55am,USD,Prelim UoM Inflation Expectations,Medium,,3.2%,
2010-06-11,9:00am,GBP,NIESR GDP Estimate,Low,,0.7%,
2010-06-11,9:00am,USD,Business Inventories m/m,Low,0.6%,0.7%,
2010-06-13,6:50pm,JPY,BSI Manufacturing Index,Low,7.8,4.3,
2010-06-13,11:30pm,JPY,Revised Industrial Production m/m,Medium,1.4%,1.3%,
2010-06-14,4:00am,EUR,Industrial Production m/m,Low,0.7%,1.5%,
2010-06-14,4:15am,USD,FOMC Member Bullard Speaks,Low,,,
2010-06-14,4:00pm,GBP,MPC Member Posen Speaks,Low,,,
2010-06-14,6:01pm,GBP,RICS House Price Balance,Low,16%,19%,
2010-06-14,10:56pm,JPY,Monetary Policy Statement,Low,,,
2010-06-14,10:56pm,JPY,Overnight Call Rate,Low,0.10%,0.10%,
2010-06-15,3:00am,EUR,Italian Trade Balance,Medium,-1.03B,-1.51B,
2010-06-15,3:30am,GBP,CPI y/y,High,3.5%,3.7%,
2010-06-15,3:30am,GBP,Core CPI y/y,Low,3.0%,3.1%,
2010-06-15,3:30am,GBP,RPI y/y,Medium,5.0%,5.3%,
2010-06-15,3:34am,GBP,ONS HPI y/y,Medium,10.3%,9.7%,
2010-06-15,4:00am,EUR,German ZEW Economic Sentiment,High,48.7,45.8,
2010-06-15,4:00am,EUR,ZEW Economic Sentiment,Low,41.2,37.6,
2010-06-15,4:00am,EUR,Final Employment Change q/q,Medium,,-0.3%,
2010-06-15,4:00am,EUR,Trade Balance,Medium,1.7B,0.0B,
2010-06-15,4:00am,GBP,Monetary Policy Report Hearings,High,,,
2010-06-15,4:00am,GBP,CB Leading Index m/m,Medium,,1.1%,
2010-06-15,5:15am,USD,FOMC Member Bullard Speaks,Low,,,
2010-06-15,7:30am,USD,Empire State Manufacturing Index,Low,20.1,19.1,
2010-06-15,7:30am,USD,Import Prices m/m,Low,-1.1%,1.1%,
2010-06-15,8:00am,USD,TIC Long-Term Purchases,High,77.3B,140.5B,
2010-06-15,9:00am,USD,NAHB Housing Market Index,Medium,22,22,
2010-06-15,6:01pm,GBP,Nationwide Consumer Confidence,Low,74,75,
2010-06-15,6:50pm,JPY,Tertiary Industry Activity m/m,Low,2.5%,-2.7%,
2010-06-16,3:30am,GBP,Claimant Count Change,High,-23.2K,-32.0K,
2010-06-16,3:30am,GBP,Average Earnings Index 3m/y,Low,4.4%,4.3%,
2010-06-16,3:30am,GBP,Unemployment Rate,Medium,8.0%,8.0%,
2010-06-16,4:00am,CHF,UBS Economic Expectations,Low,,40.5,
2010-06-16,4:00am,EUR,Final Core CPI y/y,Low,0.8%,0.8%,
2010-06-16,4:00am,EUR,Final CPI y/y,Low,1.6%,1.6%,
2010-06-16,4:05am,EUR,German 10-y Bond Auction,Low,,2.75|1.4,
2010-06-16,7:30am,USD,Building Permits,High,0.63M,0.61M,
2010-06-16,7:30am,USD,PPI m/m,High,-0.5%,-0.1%,
2010-06-16,7:30am,USD,Core PPI m/m,Low,0.1%,0.2%,
2010-06-16,7:30am,USD,Housing Starts,Low,0.65M,0.66M,
2010-06-16,8:15am,USD,Capacity Utilization Rate,Low,74.6%,73.7%,
2010-06-16,8:15am,USD,Industrial Production m/m,Low,0.9%,0.7%,
2010-06-16,9:30am,USD,Crude Oil Inventories,Low,-1.5M,-1.8M,
2010-06-16,4:45pm,GBP,BOE Gov King Speaks,High,,,
2010-06-16,4:45pm,USD,Fed Chairman Bernanke Speaks,High,,,
2010-06-17,2:30am,CHF,Libor Rate,High,0.25%,0.25%,
2010-06-17,2:30am,CHF,SNB Monetary Policy Assessment,High,,,
2010-06-17,2:30am,CHF,SNB Press Conference,High,,,
2010-06-17,2:30am,CHF,SNB Financial Stability Report,Low,,,
2010-06-17,3:00am,EUR,ECB Monthly Bulletin,Low,,,
2010-06-17,3:30am,GBP,Retail Sales m/m,High,0.1%,0.0%,
2010-06-17,3:48am,EUR,Spanish 10-y Bond Auction,Low,,4.05|2.0,
2010-06-17,5:00am,GBP,CBI Industrial Order Expectations,Low,-15,-18,
2010-06-17,7:00am,EUR,German Buba President Weber Speaks,Low,,,
2010-06-17,7:30am,USD,Core CPI m/m,High,0.1%,0.0%,
2010-06-17,7:30am,USD,CPI y/y,High,2.0%,2.2%,
2010-06-17,7:30am,USD,Unemployment Claims,High,452K,460K,
2010-06-17,7:30am,USD,CPI m/m,Low,-0.2%,-0.1%,
2010-06-17,7:30am,USD,Current Account,Low,-120B,-101B,
2010-06-17,9:00am,USD,Philly Fed Manufacturing Index,High,21.1,21.4,
2010-06-17,9:00am,USD,CB Leading Index m/m,Medium,0.4%,0.0%,
2010-06-17,9:30am,USD,Natural Gas Storage,Medium,86B,99B,
2010-06-17,6:50pm,JPY,Monetary Policy Meeting Minutes,Low,,,
2010-06-18,3:30am,GBP,Prelim Mortgage Approvals,Low,49K,48K,
2010-06-18,3:30am,GBP,Public Sector Net Borrowing,Low,18.2B,8.3B,
2010-06-18,3:30am,GBP,M4 Money Supply m/m,Medium,0.2%,0.1%,
2010-06-20,6:01pm,GBP,Rightmove HPI m/m,Low,,0.7%,
2010-06-20,11:30pm,JPY,All Industries Activity m/m,Medium,2.1%,-0.7%,
2010-06-21,9:30am,EUR,ECB President Trichet Speaks,High,,,
2010-06-21,11:00am,CHF,SNB Chairman Hildebrand Speaks,Low,,,
2010-06-22,3:00am,EUR,German ifo Business Climate,High,101.2,101.5,
2010-06-22,3:00am,EUR,Current Account,Low,1.1B,1.5B,
2010-06-22,6:30am,GBP,Annual Budget Release,High,,,
2010-06-22,8:59am,USD,Richmond Manufacturing Index,Medium,21,26,
2010-06-22,9:00am,EUR,Consumer Confidence,Medium,-19,-18,
2010-06-22,9:00am,USD,Existing Home Sales,High,6.17M,5.79M,
2010-06-22,9:00am,USD,Treasury Sec Geithner Speaks,Low,,,
2010-06-22,9:00am,USD,HPI m/m,Medium,0.2%,0.1%,
2010-06-23,1:30am,JPY,BOJ Gov Shirakawa Speaks,Low,,,
2010-06-23,2:00am,EUR,French Flash Manufacturing PMI,Low,55.2,55.8,
2010-06-23,2:00am,EUR,French Flash Services PMI,Low,60.6,61.4,
2010-06-23,2:30am,EUR,German Flash Manufacturing PMI,Low,58.2,58.4,
2010-06-23,2:30am,EUR,German Flash Services PMI,Low,54.5,54.8,
2010-06-23,3:00am,EUR,Flash Manufacturing PMI,Low,55.4,55.8,
2010-06-23,3:00am,EUR,Flash Services PMI,Low,56.1,56.2,
2010-06-23,3:30am,GBP,MPC Asset Purchase Facility Votes,High,0-0-8,0-0-9,
2010-06-23,3:30am,GBP,MPC Official Bank Rate Votes,High,0-0-8,0-0-9,
2010-06-23,3:30am,GBP,High Street Lending,Low,36.8K,36.0K,
2010-06-23,5:00am,GBP,CBI Realized Sales,Low,-17,-18,
2010-06-23,8:00am,EUR,Belgian NBB Business Climate,Low,-5.1,-4.9,
2010-06-23,9:00am,USD,New Home Sales,High,424K,446K,
2010-06-23,9:30am,USD,Crude Oil Inventories,Low,-1.2M,1.7M,
2010-06-23,1:15pm,USD,Federal Funds Rate,High,<0.25%,<0.25%,
2010-06-23,1:15pm,USD,FOMC Statement,High,,,
2010-06-23,6:50pm,JPY,SPPI y/y,Medium,-1.0%,-1.1%,
2010-06-23,6:52pm,JPY,Trade Balance,Low,0.64T,0.51T,
2010-06-24,3:00am,EUR,Italian Retail Sales m/m,Medium,-0.1%,0.4%,
2010-06-24,4:00am,EUR,Industrial New Orders m/m,Low,1.6%,5.1%,
2010-06-24,4:00am,EUR,Italian Quarterly Unemployment Rate,Medium,8.6%,8.3%,
2010-06-24,7:30am,USD,Core Durable Goods Orders m/m,High,1.1%,-0.8%,
2010-06-24,7:30am,USD,Unemployment Claims,High,461K,476K,
2010-06-24,7:30am,USD,Durable Goods Orders m/m,Low,-1.2%,3.0%,
2010-06-24,9:30am,USD,Natural Gas Storage,Medium,80B,87B,
2010-06-24,6:01pm,GBP,BOE Financial Stability Report,Medium,,,
2010-06-24,6:30pm,JPY,Tokyo Core CPI y/y,Low,-1.5%,-1.5%,
2010-06-24,6:30pm,JPY,National Core CPI y/y,Medium,-1.3%,-1.5%,
2010-06-25,4:00am,CHF,SNB Quarterly Bulletin,Medium,,,
2010-06-25,7:30am,USD,Final GDP q/q,Low,3.0%,3.0%,
2010-06-25,7:30am,USD,Final GDP Price Index q/q,Medium,1.0%,1.0%,
2010-06-25,8:55am,USD,Revised UoM Consumer Sentiment,Low,75.5,75.5,
2010-06-25,8:55am,USD,Revised UoM Inflation Expectations,Medium,,2.7%,
2010-06-27,6:50pm,JPY,Retail Sales y/y,Low,4.7%,4.9%,
2010-06-28,3:00am,EUR,M3 Money Supply y/y,Low,0.2%,-0.1%,
2010-06-28,3:00am,EUR,Private Loans y/y,Medium,0.2%,0.1%,
2010-06-28,4:18am,EUR,Italian 10-y Bond Auction,Low,,4.07|1.4,
2010-06-28,7:30am,USD,Core PCE Price Index m/m,Low,0.1%,0.1%,
2010-06-28,7:30am,USD,Personal Spending m/m,Low,0.1%,0.0%,
2010-06-28,7:30am,USD,Personal Income m/m,Medium,0.5%,0.5%,
2010-06-28,11:00am,EUR,German Buba President Weber Speaks,Low,,,
2010-06-28,11:45am,USD,FOMC Member Warsh Speaks,Low,,,
2010-06-28,6:30pm,JPY,Household Spending y/y,Low,0.4%,-0.7%,
2010-06-28,6:30pm,JPY,Unemployment Rate,Medium,5.0%,5.1%,
2010-06-28,6:50pm,JPY,Prelim Industrial Production m/m,Low,0.1%,1.3%,
2010-06-29,All Day,EUR,Italian Bank Holiday,Low,,,
2010-06-29,3:00am,EUR,Retail PMI,Medium,,47.4,
2010-06-29,3:30am,GBP,Net Lending to Individuals m/m,Low,0.9B,0.9B,
2010-06-29,3:30am,GBP,Mortgage Approvals,Medium,52K,50K,
2010-06-29,8:00am,USD,S&P/CS Composite-20 HPI y/y,Low,3.5%,2.3%,
2010-06-29,9:00am,USD,CB Consumer Confidence,High,62.8,62.7,
2010-06-29,6:01pm,GBP,GfK Consumer Confidence,Low,-20,-18,
2010-06-29,6:15pm,JPY,Final Manufacturing PMI,Medium,,54.7,
2010-06-29,8:30pm,JPY,Average Cash Earnings y/y,Low,0.9%,1.6%,
2010-06-30,1:00am,GBP,Nationwide HPI m/m,High,0.3%,0.5%,
2010-06-30,2:55am,EUR,German Unemployment Change,Low,-23K,-41K,
2010-06-30,3:30am,GBP,Revised Business Investment q/q,Medium,6.1%,6.0%,
2010-06-30,4:00am,EUR,CPI Flash Estimate y/y,Low,1.5%,1.6%,
2010-06-30,4:00am,EUR,Italian Prelim CPI m/m,Medium,0.2%,0.1%,
2010-06-30,4:30am,CHF,KOF Economic Barometer,High,2.17,2.16,
2010-06-30,7:15am,USD,ADP Non-Farm Employment Change,High,59K,57K,
2010-06-30,8:00am,USD,FOMC Member Duke Speaks,Medium,,,
2010-06-30,8:45am,USD,Chicago PMI,Low,59.1,59.7,
2010-06-30,9:30am,EUR,ECB President Trichet Speaks,Low,,,
2010-06-30,9:30am,USD,Crude Oil Inventories,Low,-0.9M,2.0M,
2010-06-30,6:50pm,JPY,Tankan Manufacturing Index,High,-3,-14,
2010-06-30,6:50pm,JPY,Tankan Non-Manufacturing Index,Low,-8,-14,
2010-07-01,2:15am,EUR,Spanish Manufacturing PMI,Low,,51.5,
2010-07-01,2:30am,CHF,Manufacturing PMI,Low,65.7,66.4,
2010-07-01,2:45am,EUR,Italian Manufacturing PMI,Low,53.9,54.0,
2010-07-01,2:50am,EUR,French Final Manufacturing PMI,Medium,54.9,54.9,
2010-07-01,2:55am,EUR,German Final Manufacturing PMI,Medium,58.1,58.1,
2010-07-01,3:00am,EUR,Final Manufacturing PMI,Medium,55.6,55.6,
2010-07-01,3:30am,GBP,Final Manufacturing PMI,High,57.6,58.0,
2010-07-01,3:30am,GBP,BOE Credit Conditions Survey,Low,,,
2010-07-01,4:06am,EUR,French 10-y Bond Auction,Low,,3.05|2.3,
2010-07-01,6:30am,USD,Challenger Job Cuts y/y,Medium,,-65.1%,
2010-07-01,7:30am,USD,Unemployment Claims,High,454K,459K,
2010-07-01,9:00am,USD,ISM Manufacturing PMI,High,58.9,59.7,
2010-07-01,9:00am,USD,Pending Home Sales m/m,High,-7.4%,6.0%,
2010-07-01,9:00am,USD,Construction Spending m/m,Medium,-0.7%,2.3%,
2010-07-01,9:00am,USD,ISM Manufacturing Prices,Medium,72.2,77.5,
2010-07-01,9:30am,USD,Natural Gas Storage,Medium,65B,81B,
2010-07-01,All Day,USD,Total Vehicle Sales,Medium,11.4M,11.6M,
2010-07-01,6:50pm,JPY,Monetary Base y/y,Medium,3.8%,3.7%,
2010-07-02,3:30am,GBP,Construction PMI,Low,58.6,58.5,
2010-07-02,4:00am,EUR,Unemployment Rate,Low,10.1%,10.0%,
2010-07-02,4:00am,EUR,Italian Monthly Unemployment Rate,Medium,8.9%,8.7%,
2010-07-02,4:00am,EUR,PPI m/m,Medium,0.3%,1.0%,
2010-07-02,7:30am,USD,Non-Farm Employment Change,High,-106K,433K,
2010-07-02,7:30am,USD,Unemployment Rate,High,9.8%,9.7%,
2010-07-02,7:30am,USD,Average Hourly Earnings m/m,Low,0.1%,0.2%,
2010-07-02,9:00am,USD,Factory Orders m/m,Low,-0.5%,1.0%,
2010-07-05,MonJul 5,EUR,Spanish Services PMI,Medium,,52.3,
2010-07-05,2:45am,EUR,Italian Services PMI,Medium,53.6,53.7,
2010-07-05,2:50am,EUR,French Final Services PMI,Medium,61.6,61.6,
2010-07-05,2:55am,EUR,German Final Services PMI,Medium,54.6,54.6,
2010-07-05,3:00am,EUR,Final Services PMI,Medium,55.4,55.4,
2010-07-05,3:30am,EUR,Sentix Investor Confidence,Medium,-4.5,-4.1,
2010-07-05,3:30am,GBP,Final Services PMI,High,55.1,55.4,
2010-07-05,4:00am,EUR,Retail Sales m/m,Low,0.1%,-0.9%,
2010-07-05,All Day,USD,Bank Holiday,Low,,,
2010-07-05,10:45pm,JPY,10-y Bond Auction,Medium,,1.28|3.9,
2010-07-06,2:00am,CHF,Foreign Currency Reserves,High,,232B,
2010-07-06,2:15am,CHF,CPI m/m,Low,0.1%,-0.1%,
2010-07-06,4:37am,GBP,10-y Bond Auction,Low,,3.63|1.9,
2010-07-06,9:00am,USD,ISM Services PMI,High,55.1,55.4,
2010-07-06,6:01pm,GBP,BRC Shop Price Index y/y,Medium,,1.8%,
2010-07-07,4:00am,EUR,Final GDP q/q,Medium,0.2%,0.2%,
2010-07-07,4:05am,EUR,German 10-y Bond Auction,Low,,2.67|1.6,
2010-07-07,5:00am,EUR,German Factory Orders m/m,Low,0.5%,3.2%,
2010-07-07,6:50pm,JPY,Core Machinery Orders m/m,Low,-3.0%,4.0%,
2010-07-07,6:50pm,JPY,Bank Lending y/y,Medium,,-2.0%,
2010-07-07,6:50pm,JPY,Current Account,Medium,1.12T,1.38T,
2010-07-07,6:50pm,JPY,M2 Money Stock y/y,Medium,3.1%,3.1%,
2010-07-07,10:45pm,JPY,30-y Bond Auction,Medium,,2.04|2.3,
2010-07-08,12:45am,CHF,Unemployment Rate,Medium,3.9%,4.0%,
2010-07-08,1:00am,EUR,German Trade Balance,Medium,13.4B,12.8B,
2010-07-08,1:00am,JPY,Prelim Machine Tool Orders y/y,Medium,,192.5%,
2010-07-08,1:45am,EUR,French Gov Budget Balance,Medium,,-56.2B,
2010-07-08,3:00am,GBP,Halifax HPI m/m,High,0.6%,-0.5%,
2010-07-08,3:30am,GBP,Manufacturing Production m/m,High,0.4%,-0.8%,
2010-07-08,3:30am,GBP,Industrial Production m/m,Medium,0.4%,-0.7%,
2010-07-08,5:00am,EUR,German Industrial Production m/m,Low,0.8%,1.2%,
2010-07-08,6:00am,GBP,Asset Purchase Facility,High,200B,200B,
2010-07-08,6:00am,GBP,Official Bank Rate,High,0.50%,0.50%,
2010-07-08,6:45am,EUR,Main Refinancing Rate,High,1.00%,1.00%,
2010-07-08,7:30am,EUR,ECB Press Conference,High,,,
2010-07-08,7:30am,USD,Unemployment Claims,High,461K,475K,
2010-07-08,9:00am,GBP,NIESR GDP Estimate,Low,,0.9%,
2010-07-08,9:30am,USD,Natural Gas Storage,Medium,71B,60B,
2010-07-08,10:00am,USD,Crude Oil Inventories,Low,-1.8M,-2.0M,
2010-07-08,2:00pm,USD,Consumer Credit m/m,Medium,-1.9B,-14.9B,
2010-07-08,4:50pm,USD,Treasury Currency Report,Low,,,
2010-07-09,1:45am,EUR,French Industrial Production m/m,Low,0.3%,-0.5%,
2010-07-09,1:50am,EUR,ECB President Trichet Speaks,Low,,,
2010-07-09,3:00am,EUR,Italian Industrial Production m/m,Medium,0.7%,0.9%,
2010-07-09,3:30am,GBP,PPI Input m/m,High,0.1%,-0.2%,
2010-07-09,3:30am,GBP,Goods Trade Balance,Low,-7.1B,-7.4B,
2010-07-09,3:30am,GBP,PPI Output m/m,Medium,0.1%,0.1%,
2010-07-09,9:00am,USD,Final Wholesale Inventories m/m,Medium,0.4%,0.2%,
2010-07-11,6:50pm,JPY,PPI y/y,Medium,0.6%,0.5%,
2010-07-12,3:30am,GBP,Final GDP q/q,High,0.3%,0.3%,
2010-07-12,3:30am,GBP,Current Account,Low,-4.5B,0.5B,
2010-07-12,3:30am,GBP,Index of Services 3m/3m,Medium,0.4%,0.3%,
2010-07-12,9:00am,USD,Fed Chairman Bernanke Speaks,High,,,
2010-07-12,4:15pm,USD,FOMC Member Duke Speaks,Medium,,,
2010-07-12,6:01pm,GBP,BRC Retail Sales Monitor y/y,Low,,0.8%,
2010-07-12,6:01pm,GBP,RICS House Price Balance,Low,20%,21%,
2010-07-12,11:30pm,JPY,Revised Industrial Production m/m,Medium,-0.1%,-0.1%,
2010-07-13,1:00am,EUR,German WPI m/m,Medium,0.3%,0.3%,
2010-07-13,1:45am,EUR,French Final CPI m/m,Medium,0.0%,0.1%,
2010-07-13,2:15am,CHF,PPI m/m,Low,0.2%,0.3%,
2010-07-13,All Day,EUR,ECOFIN Meetings,Low,,,
2010-07-13,3:30am,GBP,CPI y/y,High,3.2%,3.4%,
2010-07-13,3:30am,GBP,Core CPI y/y,Low,2.7%,2.9%,
2010-07-13,3:30am,GBP,RPI y/y,Medium,4.9%,5.1%,
2010-07-13,3:34am,GBP,ONS HPI y/y,Medium,10.3%,10.1%,
2010-07-13,4:00am,EUR,German ZEW Economic Sentiment,High,25.2,28.7,
2010-07-13,4:00am,EUR,ZEW Economic Sentiment,Low,16.8,18.8,
2010-07-13,4:00am,GBP,CB Leading Index m/m,Medium,,0.6%,
2010-07-13,6:30am,USD,NFIB Small Business Index,Medium,91.3,92.2,
2010-07-13,7:30am,GBP,MPC Member Sentance Speaks,Low,,,
2010-07-13,7:30am,USD,Trade Balance,High,-39.3B,-40.3B,
2010-07-13,9:00am,USD,JOLTS Job Openings,Medium,,3.30M,
2010-07-13,9:00am,USD,RCM/TIPP Economic Optimism,Medium,45.9,46.2,
2010-07-13,12:00pm,USD,10-y Bond Auction,Low,,3.24|3.2,
2010-07-13,1:00pm,USD,Federal Budget Balance,Low,-70.0B,-135.9B,
2010-07-13,6:01pm,GBP,Nationwide Consumer Confidence,Low,63,66,
2010-07-14,3:30am,GBP,Claimant Count Change,High,-20.1K,-31.1K,
2010-07-14,3:30am,GBP,Average Earnings Index 3m/y,Low,3.1%,4.1%,
2010-07-14,3:30am,GBP,Unemployment Rate,Medium,7.9%,8.0%,
2010-07-14,4:00am,EUR,Final Core CPI y/y,Low,0.9%,0.8%,
2010-07-14,4:00am,EUR,Final CPI y/y,Low,1.4%,1.4%,
2010-07-14,4:00am,EUR,Industrial Production m/m,Low,1.2%,0.9%,
2010-07-14,7:30am,USD,Core Retail Sales m/m,High,-0.1%,-1.2%,
2010-07-14,7:30am,USD,Retail Sales m/m,High,-0.2%,-1.1%,
2010-07-14,7:30am,USD,Import Prices m/m,Low,-0.3%,-0.5%,
2010-07-14,9:00am,USD,Business Inventories m/m,Low,0.3%,0.4%,
2010-07-14,9:30am,USD,Crude Oil Inventories,Low,-1.1M,-5.0M,
2010-07-14,12:00pm,USD,30-y Bond Auction,Medium,,4.18|2.9,
2010-07-14,1:00pm,USD,FOMC Meeting Minutes,High,,,
2010-07-14,10:46pm,JPY,Monetary Policy Statement,Low,,,
2010-07-14,10:46pm,JPY,Overnight Call Rate,Low,0.10%,0.10%,
2010-07-15,2:14am,JPY,BOJ Press Conference,High,,,
2010-07-15,3:00am,EUR,ECB Monthly Bulletin,Low,,,
2010-07-15,3:35am,GBP,Housing Equity Withdrawal q/q,Medium,-3.3B,-3.4B,
2010-07-15,4:00am,CHF,UBS Economic Expectations,Low,,17.5,
2010-07-15,5:00am,GBP,MPC Member Miles Speaks,Low,,,
2010-07-15,7:30am,USD,PPI m/m,High,-0.2%,-0.3%,
2010-07-15,7:30am,USD,Unemployment Claims,High,448K,458K,
2010-07-15,7:30am,USD,Core PPI m/m,Low,0.1%,0.2%,
2010-07-15,7:30am,USD,Empire State Manufacturing Index,Low,18.3,19.6,
2010-07-15,8:15am,USD,Capacity Utilization Rate,Low,74.2%,74.1%,
2010-07-15,8:15am,USD,Industrial Production m/m,Low,0.0%,1.3%,
2010-07-15,9:00am,USD,Fed Gov Nomination Hearings,High,,,
2010-07-15,9:00am,USD,Philly Fed Manufacturing Index,High,10.2,8.0,
2010-07-15,9:30am,USD,Natural Gas Storage,Medium,74B,78B,
2010-07-15,6:50pm,JPY,Tertiary Industry Activity m/m,Low,-0.7%,2.4%,
2010-07-16,3:00am,EUR,Italian Trade Balance,Medium,-0.75B,-0.86B,
2010-07-16,4:00am,EUR,Trade Balance,Medium,0.8B,0.1B,
2010-07-16,7:30am,USD,Core CPI m/m,High,0.1%,0.1%,
2010-07-16,7:30am,USD,CPI y/y,High,1.2%,2.0%,
2010-07-16,7:30am,USD,CPI m/m,Low,0.0%,-0.2%,
2010-07-16,8:00am,USD,TIC Long-Term Purchases,High,38.7B,81.5B,
2010-07-16,8:55am,USD,Prelim UoM Consumer Sentiment,High,74.2,76.0,
2010-07-16,8:55am,USD,Prelim UoM Inflation Expectations,Medium,,2.8%,
2010-07-18,All Day,JPY,Bank Holiday,Low,,,
2010-07-19,5:00am,EUR,German Buba Monthly Report,Medium,,,
2010-07-19,8:00am,USD,FOMC Member Duke Speaks,Medium,,,
2010-07-19,9:00am,USD,NAHB Housing Market Index,Medium,16,16,
2010-07-20,1:15am,CHF,Trade Balance,Low,1.05B,0.80B,
2010-07-20,3:30am,GBP,Prelim Mortgage Approvals,Low,52K,51K,
2010-07-20,3:30am,GBP,Public Sector Net Borrowing,Low,13.2B,17.1B,
2010-07-20,3:30am,GBP,M4 Money Supply m/m,Medium,-0.1%,-0.1%,
2010-07-20,5:00am,GBP,CBI Industrial Order Expectations,Low,-24,-23,
2010-07-20,7:30am,USD,Building Permits,High,0.57M,0.57M,
2010-07-20,7:30am,USD,Housing Starts,Low,0.58M,0.58M,
2010-07-20,9:00am,USD,FOMC Member Tarullo Speaks,Medium,,,
2010-07-20,6:50pm,JPY,Monetary Policy Meeting Minutes,Low,,,
2010-07-21,WedJul 21,GBP,MPC Official Bank Rate Votes,High,1-0-7,1-0-7,
2010-07-21,4:05am,EUR,German 30-y Bond Auction,Medium,,3.83|1.1,
2010-07-21,9:30am,USD,Crude Oil Inventories,Low,-1.1M,-5.1M,
2010-07-21,1:00pm,USD,Fed Chairman Bernanke Testifies,High,,,
2010-07-21,1:00pm,USD,Fed Monetary Policy Report,Medium,,,
2010-07-21,11:30pm,JPY,All Industries Activity m/m,Medium,-0.4%,1.9%,
2010-07-22,ThuJul 22,EUR,French Flash Services PMI,Low,60.0,60.8,
2010-07-22,2:30am,EUR,German Flash Manufacturing PMI,Low,58.0,58.4,
2010-07-22,2:30am,EUR,German Flash Services PMI,Low,54.6,54.8,
2010-07-22,3:00am,EUR,Flash Manufacturing PMI,Low,55.2,55.6,
2010-07-22,3:00am,EUR,Flash Services PMI,Low,55.0,55.5,
2010-07-22,3:30am,GBP,Retail Sales m/m,High,0.5%,0.8%,
2010-07-22,4:00am,EUR,Industrial New Orders m/m,Low,-0.1%,0.6%,
2010-07-22,7:30am,USD,Unemployment Claims,High,449K,427K,
2010-07-22,8:30am,USD,Fed Chairman Bernanke Testifies,High,,,
2010-07-22,9:00am,EUR,Consumer Confidence,Medium,-17,-17,
2010-07-22,9:00am,USD,Existing Home Sales,High,5.18M,5.66M,
2010-07-22,9:00am,USD,CB Leading Index m/m,Medium,-0.3%,0.5%,
2010-07-22,9:00am,USD,FOMC Member Dudley Speaks,Medium,,,
2010-07-22,9:00am,USD,HPI m/m,Medium,-0.3%,0.9%,
2010-07-22,9:30am,USD,Natural Gas Storage,Medium,53B,78B,
2010-07-23,3:00am,EUR,German ifo Business Climate,High,101.5,101.8,
2010-07-23,3:00am,EUR,Italian Retail Sales m/m,Medium,0.2%,-0.5%,
2010-07-23,3:30am,GBP,Prelim GDP q/q,High,0.6%,0.3%,
2010-07-23,3:30am,GBP,High Street Lending,Low,37.0K,36.4K,
2010-07-23,3:30am,GBP,Index of Services 3m/3m,Medium,0.7%,0.6%,
2010-07-23,8:00am,EUR,Belgian NBB Business Climate,Low,-7.9,-7.7,
2010-07-23,11:00am,EUR,EBA Bank Stress Test Results,High,,,
2010-07-26,6:50pm,JPY,SPPI y/y,Medium,-0.9%,-0.8%,
2010-07-27,TueJul 27,EUR,German GfK Consumer Climate,Low,3.6,3.6,
2010-07-27,TueJul 27,EUR,German Import Prices m/m,Medium,0.7%,0.6%,
2010-07-27,3:00am,EUR,M3 Money Supply y/y,Low,-0.1%,-0.1%,
2010-07-27,3:00am,EUR,Private Loans y/y,Medium,0.3%,0.2%,
2010-07-27,5:00am,GBP,CBI Realized Sales,Low,2,-5,
2010-07-27,8:00am,USD,S&P/CS Composite-20 HPI y/y,Low,3.9%,3.8%,
2010-07-27,9:00am,USD,CB Consumer Confidence,High,51.3,54.3,
2010-07-27,9:00am,USD,Richmond Manufacturing Index,Medium,14,23,
2010-07-28,3:45am,GBP,BOE Gov King Speaks,High,,,
2010-07-28,7:30am,USD,Core Durable Goods Orders m/m,High,0.6%,1.2%,
2010-07-28,7:30am,USD,Durable Goods Orders m/m,Low,0.9%,-0.8%,
2010-07-28,9:30am,USD,Crude Oil Inventories,Low,-1.4M,0.4M,
2010-07-28,1:00pm,USD,Beige Book,Low,,,
2010-07-28,6:50pm,JPY,Retail Sales y/y,Low,3.3%,2.9%,
2010-07-29,2:55am,EUR,German Unemployment Change,Low,-18K,-20K,
2010-07-29,3:00am,EUR,Retail PMI,Medium,,50.4,
2010-07-29,3:30am,GBP,Net Lending to Individuals m/m,Low,1.3B,1.1B,
2010-07-29,3:30am,GBP,Mortgage Approvals,Medium,48K,49K,
2010-07-29,4:27am,EUR,Italian 10-y Bond Auction,Low,,4.09|1.3,
2010-07-29,7:30am,USD,Unemployment Claims,High,457K,468K,
2010-07-29,9:30am,USD,Natural Gas Storage,Medium,31B,51B,
2010-07-29,6:01pm,GBP,GfK Consumer Confidence,Low,-21,-19,
2010-07-29,6:15pm,JPY,Final Manufacturing PMI,Medium,,53.9,
2010-07-29,6:30pm,JPY,Household Spending y/y,Low,-0.8%,-0.7%,
2010-07-29,6:30pm,JPY,Tokyo Core CPI y/y,Low,-1.2%,-1.3%,
2010-07-29,6:30pm,JPY,National Core CPI y/y,Medium,-1.0%,-1.2%,
2010-07-29,6:30pm,JPY,Unemployment Rate,Medium,5.2%,5.2%,
2010-07-29,6:50pm,JPY,Prelim Industrial Production m/m,Low,0.2%,0.1%,
2010-07-30,1:00am,EUR,German Retail Sales m/m,Low,0.0%,3.0%,
2010-07-30,2:00am,EUR,Spanish Unemployment Rate,Low,20.0%,20.1%,
2010-07-30,4:00am,EUR,CPI Flash Estimate y/y,Low,1.8%,1.4%,
2010-07-30,4:00am,EUR,Unemployment Rate,Low,10.0%,10.0%,
2010-07-30,4:00am,EUR,Italian Prelim CPI m/m,Medium,0.2%,0.0%,
2010-07-30,4:30am,CHF,KOF Economic Barometer,High,2.32,2.23,
2010-07-30,5:00am,EUR,Italian Monthly Unemployment Rate,Medium,8.8%,8.6%,
2010-07-30,7:30am,USD,Advance GDP q/q,High,2.5%,2.7%,
2010-07-30,7:30am,USD,Advance GDP Price Index q/q,Low,1.1%,1.1%,
2010-07-30,7:30am,USD,Employment Cost Index q/q,Low,0.5%,0.6%,
2010-07-30,8:45am,USD,Chicago PMI,Low,56.3,59.1,
2010-07-30,8:55am,USD,Revised UoM Consumer Sentiment,Low,67.3,66.5,
2010-07-30,8:55am,USD,Revised UoM Inflation Expectations,Medium,,2.9%,
2010-08-01,8:30pm,JPY,Average Cash Earnings y/y,Low,0.7%,0.1%,
2010-08-02,MonAug 2,EUR,Spanish Manufacturing PMI,Low,,51.2,
2010-08-02,2:30am,CHF,Manufacturing PMI,Low,64.9,65.7,
2010-08-02,2:45am,EUR,Italian Manufacturing PMI,Low,54.7,54.3,
2010-08-02,2:50am,EUR,French Final Manufacturing PMI,Medium,53.7,53.7,
2010-08-02,2:55am,EUR,German Final Manufacturing PMI,Medium,61.2,61.2,
2010-08-02,3:00am,EUR,Final Manufacturing PMI,Medium,56.5,56.5,
2010-08-02,3:30am,GBP,Final Manufacturing PMI,High,57.1,57.6,
2010-08-02,9:00am,USD,ISM Manufacturing PMI,High,54.2,56.2,
2010-08-02,9:00am,USD,Construction Spending m/m,Medium,-0.4%,-1.0%,
2010-08-02,9:00am,USD,ISM Manufacturing Prices,Medium,55.2,57.0,
2010-08-02,9:15am,USD,Fed Chairman Bernanke Speaks,High,,,
2010-08-02,3:00pm,USD,Treasury Sec Geithner Speaks,Low,,,
2010-08-02,6:50pm,JPY,Monetary Base y/y,Medium,3.7%,3.6%,
2010-08-02,10:45pm,JPY,10-y Bond Auction,Medium,,1.12|2.8,
2010-08-03,2:00am,EUR,Spanish Unemployment Change,Low,,-83.8K,
2010-08-03,2:15am,CHF,CPI m/m,Low,-0.5%,-0.4%,
2010-08-03,3:30am,GBP,Construction PMI,Low,58.2,58.4,
2010-08-03,4:00am,EUR,PPI m/m,Medium,0.4%,0.3%,
2010-08-03,7:30am,USD,Core PCE Price Index m/m,Low,0.1%,0.1%,
2010-08-03,7:30am,USD,Personal Spending m/m,Low,0.1%,0.1%,
2010-08-03,7:30am,USD,Personal Income m/m,Medium,0.2%,0.3%,
2010-08-03,9:00am,USD,Pending Home Sales m/m,High,0.5%,-29.9%,
2010-08-03,9:00am,USD,Factory Orders m/m,Low,-0.2%,-1.8%,
2010-08-03,All Day,USD,Total Vehicle Sales,Medium,11.5M,11.1M,
2010-08-03,6:01pm,GBP,BRC Shop Price Index y/y,Medium,,1.5%,
2010-08-04,2:15am,EUR,Spanish Services PMI,Medium,,51.8,
2010-08-04,2:45am,EUR,Italian Services PMI,Medium,51.4,51.5,
2010-08-04,2:50am,EUR,French Final Services PMI,Medium,61.3,61.3,
2010-08-04,2:55am,EUR,German Final Services PMI,Medium,57.3,57.3,
2010-08-04,3:00am,EUR,Final Services PMI,Medium,56.0,56.0,
2010-08-04,3:30am,GBP,Final Services PMI,High,54.5,54.4,
2010-08-04,4:00am,EUR,Retail Sales m/m,Low,0.0%,0.4%,
2010-08-04,6:30am,USD,Challenger Job Cuts y/y,Medium,,-47.1%,
2010-08-04,7:15am,USD,ADP Non-Farm Employment Change,High,38K,19K,
2010-08-04,9:00am,USD,ISM Services PMI,High,53.2,53.8,
2010-08-04,9:30am,USD,Crude Oil Inventories,Low,-0.9M,7.3M,
2010-08-04,3:00pm,USD,Treasury Sec Geithner Speaks,Low,,,
2010-08-05,5:00am,EUR,German Factory Orders m/m,Low,1.5%,-0.1%,
2010-08-05,6:00am,GBP,Asset Purchase Facility,High,200B,200B,
2010-08-05,6:00am,GBP,Official Bank Rate,High,0.50%,0.50%,
2010-08-05,6:45am,EUR,Main Refinancing Rate,High,1.00%,1.00%,
2010-08-05,7:30am,EUR,ECB Press Conference,High,,,
2010-08-05,7:30am,USD,Unemployment Claims,High,456K,460K,
2010-08-05,9:30am,USD,Natural Gas Storage,Medium,32B,28B,
2010-08-05,11:00am,USD,Treasury Sec Geithner Speaks,Low,,,
2010-08-06,12:45am,CHF,Unemployment Rate,Medium,3.9%,3.9%,
2010-08-06,1:45am,EUR,French Gov Budget Balance,Medium,,-67.9B,
2010-08-06,1:45am,EUR,French Trade Balance,Medium,-4.6B,-5.2B,
2010-08-06,2:30am,EUR,ECB President Trichet Speaks,Low,,,
2010-08-06,3:00am,EUR,Italian Industrial Production m/m,Medium,0.4%,1.0%,
2010-08-06,3:30am,GBP,Manufacturing Production m/m,High,0.5%,0.3%,
2010-08-06,3:30am,GBP,PPI Input m/m,High,-0.4%,-0.3%,
2010-08-06,3:30am,GBP,Industrial Production m/m,Medium,0.3%,0.7%,
2010-08-06,3:30am,GBP,PPI Output m/m,Medium,0.1%,-0.3%,
2010-08-06,4:00am,EUR,Italian Prelim GDP q/q,Medium,0.4%,0.4%,
2010-08-06,5:00am,EUR,German Industrial Production m/m,Low,0.8%,2.9%,
2010-08-06,7:30am,USD,Non-Farm Employment Change,High,-63K,-221K,
2010-08-06,7:30am,USD,Unemployment Rate,High,9.6%,9.5%,
2010-08-06,7:30am,USD,Average Hourly Earnings m/m,Low,0.1%,0.0%,
2010-08-06,9:00am,GBP,NIESR GDP Estimate,Low,,1.1%,
2010-08-06,2:00pm,USD,Consumer Credit m/m,Medium,-5.2B,-5.3B,
2010-08-08,SunAug 8,JPY,Current Account,Medium,1.44T,0.90T,
2010-08-08,SunAug 8,JPY,M2 Money Stock y/y,Medium,2.9%,2.9%,
2010-08-09,1:00am,EUR,German Trade Balance,Medium,12.4B,10.6B,
2010-08-09,3:30am,EUR,Sentix Investor Confidence,Medium,2.1,-1.3,
2010-08-09,6:01pm,GBP,BRC Retail Sales Monitor y/y,Low,,1.2%,
2010-08-09,6:01pm,GBP,RICS House Price Balance,Low,5%,8%,
2010-08-09,10:28pm,JPY,Monetary Policy Statement,Low,,,
2010-08-09,10:28pm,JPY,Overnight Call Rate,Low,0.10%,0.10%,
2010-08-10,1:00am,EUR,German Final CPI m/m,Medium,0.2%,0.2%,
2010-08-10,1:00am,EUR,German WPI m/m,Medium,0.3%,-0.2%,
2010-08-10,1:06am,JPY,Prelim Machine Tool Orders y/y,Medium,,143.8%,
2010-08-10,1:45am,EUR,French Industrial Production m/m,Low,-0.1%,1.9%,
2010-08-10,2:13am,JPY,BOJ Press Conference,High,,,
2010-08-10,3:30am,GBP,Goods Trade Balance,Low,-7.7B,-8.0B,
2010-08-10,3:30am,GBP,ONS HPI y/y,Medium,11.9%,10.6%,
2010-08-10,4:00am,GBP,CB Leading Index m/m,Medium,,0.2%,
2010-08-10,6:30am,USD,NFIB Small Business Index,Medium,88.1,89.0,
2010-08-10,7:30am,USD,Prelim Nonfarm Productivity q/q,Low,0.3%,2.8%,
2010-08-10,7:30am,USD,Prelim Unit Labor Costs q/q,Low,1.4%,-1.3%,
2010-08-10,9:00am,USD,Final Wholesale Inventories m/m,Medium,0.5%,0.5%,
2010-08-10,9:00am,USD,RCM/TIPP Economic Optimism,Medium,45.6,44.7,
2010-08-10,1:15pm,USD,Federal Funds Rate,High,<0.25%,<0.25%,
2010-08-10,1:15pm,USD,FOMC Statement,High,,,
2010-08-10,6:01pm,GBP,Nationwide Consumer Confidence,Low,60,63,
2010-08-10,6:50pm,JPY,Core Machinery Orders m/m,Low,5.6%,-9.1%,
2010-08-10,6:50pm,JPY,PPI y/y,Medium,0.0%,0.4%,
2010-08-11,3:30am,GBP,Claimant Count Change,High,-17.0K,-15.9K,
2010-08-11,3:30am,GBP,Average Earnings Index 3m/y,Low,1.1%,2.7%,
2010-08-11,3:30am,GBP,Unemployment Rate,Medium,7.8%,7.8%,
2010-08-11,4:30am,GBP,BOE Gov King Speaks,High,,,
2010-08-11,4:30am,GBP,BOE Monetary Policy Report,High,,,
2010-08-11,7:30am,USD,Trade Balance,High,-42.0B,-42.0B,
2010-08-11,9:00am,USD,JOLTS Job Openings,Medium,,2.94M,
2010-08-11,9:30am,USD,Crude Oil Inventories,Low,-1.9M,-2.8M,
2010-08-11,12:00pm,USD,10-y Bond Auction,Low,,3.12|3.1,
2010-08-11,12:45pm,USD,Federal Budget Balance,Low,-168.2B,-68.4B,
2010-08-11,11:30pm,JPY,Revised Industrial Production m/m,Medium,-1.5%,-1.5%,
2010-08-12,3:00am,EUR,ECB Monthly Bulletin,Low,,,
2010-08-12,4:00am,EUR,Industrial Production m/m,Low,0.7%,1.1%,
2010-08-12,4:00am,EUR,Italian Trade Balance,Medium,-1.41B,-1.93B,
2010-08-12,4:41am,GBP,10-y Bond Auction,Low,,3.47|2.5,
2010-08-12,7:30am,USD,Unemployment Claims,High,465K,482K,
2010-08-12,7:30am,USD,Import Prices m/m,Low,0.4%,-1.3%,
2010-08-12,9:00am,USD,FOMC Member Duke Speaks,Medium,,,
2010-08-12,9:30am,USD,Natural Gas Storage,Medium,35B,29B,
2010-08-12,12:00pm,USD,30-y Bond Auction,Medium,,4.08|2.9,
2010-08-12,6:50pm,JPY,Monetary Policy Meeting Minutes,Low,,,
2010-08-13,1:45am,EUR,French Prelim Private Payrolls q/q,Low,0.3%,0.2%,
2010-08-13,1:45am,EUR,French Final CPI m/m,Medium,-0.4%,0.0%,
2010-08-13,1:45am,EUR,French Prelim GDP q/q,Medium,0.4%,0.2%,
2010-08-13,2:00am,EUR,Spanish Flash GDP q/q,Low,0.2%,0.1%,
2010-08-13,2:15am,CHF,PPI m/m,Low,0.2%,-0.4%,
2010-08-13,4:00am,EUR,Flash GDP q/q,Low,0.7%,0.2%,
2010-08-13,4:00am,EUR,Trade Balance,Medium,-2.3B,-2.7B,
2010-08-13,7:30am,USD,Core CPI m/m,High,0.1%,0.2%,
2010-08-13,7:30am,USD,Core Retail Sales m/m,High,0.3%,-0.1%,
2010-08-13,7:30am,USD,CPI y/y,High,1.2%,1.1%,
2010-08-13,7:30am,USD,Retail Sales m/m,High,0.5%,-0.3%,
2010-08-13,7:30am,USD,CPI m/m,Low,0.2%,-0.1%,
2010-08-13,8:55am,USD,Prelim UoM Consumer Sentiment,High,69.4,67.8,
2010-08-13,8:55am,USD,Prelim UoM Inflation Expectations,Medium,,2.7%,
2010-08-13,9:00am,USD,Business Inventories m/m,Low,0.3%,0.2%,
2010-08-13,10:30am,USD,FOMC Member Hoenig Speaks,Low,,,
2010-08-15,6:01pm,GBP,Rightmove HPI m/m,Low,,-0.6%,
2010-08-15,6:50pm,JPY,Prelim GDP q/q,High,0.6%,1.1%,
2010-08-15,6:50pm,JPY,Tertiary Industry Activity m/m,Low,0.0%,-0.9%,
2010-08-15,6:52pm,JPY,Prelim GDP Price Index y/y,Low,-1.8%,-2.8%,
2010-08-16,MonAug 16,EUR,Final CPI y/y,Low,1.7%,1.7%,
2010-08-16,7:30am,USD,Empire State Manufacturing Index,Low,8.1,5.1,
2010-08-16,8:00am,USD,TIC Long-Term Purchases,High,36.3B,35.3B,
2010-08-16,9:00am,USD,NAHB Housing Market Index,Medium,15,14,
2010-08-16,1:00pm,USD,Loan Officer Survey,Medium,,,
2010-08-17,3:30am,GBP,CPI y/y,High,3.1%,3.2%,
2010-08-17,3:30am,GBP,Core CPI y/y,Low,3.0%,3.1%,
2010-08-17,3:30am,GBP,RPI y/y,Medium,4.9%,5.0%,
2010-08-17,4:00am,EUR,German ZEW Economic Sentiment,High,20.9,21.2,
2010-08-17,4:00am,EUR,ZEW Economic Sentiment,Low,10.6,10.7,
2010-08-17,4:30am,GBP,BOE Inflation Letter,High,,,
2010-08-17,7:30am,USD,Building Permits,High,0.58M,0.58M,
2010-08-17,7:30am,USD,PPI m/m,High,0.2%,-0.5%,
2010-08-17,7:30am,USD,Core PPI m/m,Low,0.2%,0.1%,
2010-08-17,7:30am,USD,Housing Starts,Low,0.57M,0.54M,
2010-08-17,8:00am,USD,Treasury Sec Geithner Speaks,Low,,,
2010-08-17,8:15am,USD,Capacity Utilization Rate,Low,74.6%,74.1%,
2010-08-17,8:15am,USD,Industrial Production m/m,Low,0.5%,-0.1%,
2010-08-18,WedAug 18,GBP,MPC Official Bank Rate Votes,High,1-0-8,1-0-7,
2010-08-18,4:09am,EUR,German 10-y Bond Auction,Low,,2.56|1.4,
2010-08-18,9:30am,USD,Crude Oil Inventories,Low,-1.1M,-3.0M,
2010-08-18,11:30pm,JPY,All Industries Activity m/m,Medium,-0.2%,0.1%,
2010-08-19,1:15am,CHF,Trade Balance,Low,1.86B,1.77B,
2010-08-19,3:30am,GBP,Retail Sales m/m,High,0.4%,0.7%,
2010-08-19,3:30am,GBP,Prelim Mortgage Approvals,Low,47K,48K,
2010-08-19,3:30am,GBP,Public Sector Net Borrowing,Low,5.2B,13.9B,
2010-08-19,3:30am,GBP,M4 Money Supply m/m,Medium,0.2%,0.1%,
2010-08-19,4:00am,CHF,UBS Economic Expectations,Low,,2.2,
2010-08-19,5:00am,EUR,German Buba Monthly Report,Medium,,,
2010-08-19,5:00am,GBP,CBI Industrial Order Expectations,Low,-14,-16,
2010-08-19,7:30am,USD,Unemployment Claims,High,478K,488K,
2010-08-19,9:00am,USD,Philly Fed Manufacturing Index,High,7.1,5.1,
2010-08-19,9:00am,USD,CB Leading Index m/m,Medium,0.2%,-0.3%,
2010-08-19,9:30am,USD,Natural Gas Storage,Medium,32B,37B,
2010-08-19,11:30am,USD,FOMC Member Bullard Speaks,Low,,,
2010-08-23,MonAug 23,EUR,French Flash Services PMI,Low,60.7,61.1,
2010-08-23,2:30am,EUR,German Flash Manufacturing PMI,Low,60.9,61.2,
2010-08-23,2:30am,EUR,German Flash Services PMI,Low,56.3,56.5,
2010-08-23,3:00am,EUR,Flash Manufacturing PMI,Low,56.3,56.7,
2010-08-23,3:00am,EUR,Flash Services PMI,Low,55.6,55.8,
2010-08-23,9:03am,EUR,Consumer Confidence,Medium,-13,-14,
2010-08-23,9:30am,USD,FOMC Member Hoenig Speaks,Low,,,
2010-08-24,3:30am,GBP,High Street Lending,Low,35.3K,34.6K,
2010-08-24,4:00am,EUR,Industrial New Orders m/m,Low,1.6%,4.1%,
2010-08-24,8:00am,EUR,Belgian NBB Business Climate,Low,-6.1,-6.5,
2010-08-24,9:00am,USD,Existing Home Sales,High,4.68M,5.26M,
2010-08-24,9:02am,USD,Richmond Manufacturing Index,Medium,14,16,
2010-08-24,6:50pm,JPY,Trade Balance,Low,0.47T,0.51T,
2010-08-24,6:50pm,JPY,SPPI y/y,Medium,-0.9%,-1.0%,
2010-08-25,7:30am,USD,Core Durable Goods Orders m/m,High,0.6%,0.2%,
2010-08-25,7:30am,USD,Durable Goods Orders m/m,Low,2.9%,-0.1%,
2010-08-25,9:00am,USD,New Home Sales,High,333K,315K,
2010-08-25,9:00am,USD,HPI m/m,Medium,0.1%,0.5%,
2010-08-25,9:30am,USD,Crude Oil Inventories,Low,0.1M,-0.8M,
2010-08-26,2:15am,CHF,Employment Level,Low,3.97M,3.96M,
2010-08-26,3:00am,EUR,M3 Money Supply y/y,Low,0.4%,0.2%,
2010-08-26,3:00am,EUR,Private Loans y/y,Medium,0.4%,0.5%,
2010-08-26,5:00am,GBP,CBI Realized Sales,Low,23,33,
2010-08-26,7:30am,USD,Unemployment Claims,High,488K,504K,
2010-08-26,9:00am,USD,Mortgage Delinquencies,Low,,10.06%,
2010-08-26,9:30am,USD,Natural Gas Storage,Medium,38B,27B,
2010-08-26,6:30pm,JPY,Household Spending y/y,Low,1.5%,0.5%,
2010-08-26,6:30pm,JPY,Tokyo Core CPI y/y,Low,-1.2%,-1.3%,
2010-08-26,6:30pm,JPY,National Core CPI y/y,Medium,-1.1%,-1.0%,
2010-08-26,6:30pm,JPY,Unemployment Rate,Medium,5.3%,5.3%,
2010-08-27,All Day,EUR,German Prelim CPI m/m,Low,0.2%,0.3%,
2010-08-27,3:30am,GBP,Second Estimate GDP q/q,High,1.1%,1.1%,
2010-08-27,3:30am,GBP,Prelim Business Investment q/q,Low,2.3%,7.8%,
2010-08-27,3:30am,GBP,Index of Services 3m/3m,Medium,0.7%,1.0%,
2010-08-27,4:30am,CHF,KOF Economic Barometer,High,2.22,2.22,
2010-08-27,7:30am,USD,Prelim GDP q/q,High,1.5%,2.4%,
2010-08-27,7:30am,USD,Prelim GDP Price Index q/q,Medium,1.8%,1.8%,
2010-08-27,8:55am,USD,Revised UoM Consumer Sentiment,Low,69.8,69.6,
2010-08-27,8:55am,USD,Revised UoM Inflation Expectations,Medium,,2.8%,
2010-08-27,9:00am,USD,Fed Chairman Bernanke Speaks,High,,,
2010-08-27,11:50am,EUR,ECB President Trichet Speaks,Low,,,
2010-08-29,10:11pm,JPY,Monetary Policy Statement,High,,,
2010-08-29,10:11pm,JPY,Overnight Call Rate,Low,0.10%,0.10%,
2010-08-30,All Day,GBP,Bank Holiday,Low,,,
2010-08-30,3:00am,EUR,Retail PMI,Medium,,52.4,
2010-08-30,4:32am,EUR,Italian 10-y Bond Auction,Low,,3.92|1.3,
2010-08-30,7:30am,USD,Core PCE Price Index m/m,Low,0.1%,0.0%,
2010-08-30,7:30am,USD,Personal Spending m/m,Low,0.4%,0.0%,
2010-08-30,7:30am,USD,Personal Income m/m,Medium,0.3%,0.0%,
2010-08-30,11:30am,USD,President Obama Speaks,Medium,,,
2010-08-30,12:30pm,USD,FOMC Member Bullard Speaks,Low,,,
2010-08-30,6:01pm,GBP,GfK Consumer Confidence,Low,-23,-22,
2010-08-30,6:15pm,JPY,Final Manufacturing PMI,Medium,,52.8,
2010-08-30,6:50pm,JPY,Prelim Industrial Production m/m,Low,-0.3%,-1.1%,
2010-08-30,6:50pm,JPY,Retail Sales y/y,Low,3.6%,3.3%,
2010-08-30,8:30pm,JPY,Average Cash Earnings y/y,Low,0.9%,1.8%,
2010-08-31,1:00am,CHF,UBS Consumption Indicator,Low,,1.80,
2010-08-31,2:55am,EUR,German Unemployment Change,Low,-19K,-21K,
2010-08-31,3:00am,EUR,Italian Retail Sales m/m,Medium,0.2%,-0.1%,
2010-08-31,3:30am,GBP,Net Lending to Individuals m/m,Low,0.7B,0.5B,
2010-08-31,3:30am,GBP,Mortgage Approvals,Medium,47K,49K,
2010-08-31,4:00am,EUR,CPI Flash Estimate y/y,Low,1.6%,1.7%,
2010-08-31,4:00am,EUR,Unemployment Rate,Low,10.0%,10.0%,
2010-08-31,4:00am,EUR,Italian Prelim CPI m/m,Medium,0.2%,0.4%,
2010-08-31,5:00am,EUR,Italian Monthly Unemployment Rate,Medium,8.6%,8.5%,
2010-08-31,8:00am,USD,S&P/CS Composite-20 HPI y/y,Low,3.8%,4.6%,
2010-08-31,8:45am,USD,Chicago PMI,Low,57.3,62.3,
2010-08-31,9:00am,USD,CB Consumer Confidence,High,50.7,51.0,
2010-08-31,1:00pm,USD,FOMC Meeting Minutes,High,,,
2010-08-31,10:45pm,JPY,10-y Bond Auction,Medium,,1.06|4.2,
2010-09-01,2:15am,EUR,Spanish Manufacturing PMI,Low,,51.6,
2010-09-01,2:30am,CHF,Manufacturing PMI,Low,65.9,66.9,
2010-09-01,2:45am,EUR,Italian Manufacturing PMI,Low,53.6,54.4,
2010-09-01,2:50am,EUR,French Final Manufacturing PMI,Medium,54.7,54.7,
2010-09-01,2:55am,EUR,German Final Manufacturing PMI,Medium,58.2,58.2,
2010-09-01,3:00am,EUR,Final Manufacturing PMI,Medium,55.0,55.0,
2010-09-01,3:30am,GBP,Final Manufacturing PMI,High,57.1,56.9,
2010-09-01,6:30am,USD,Challenger Job Cuts y/y,Medium,,-57.2%,
2010-09-01,7:15am,USD,ADP Non-Farm Employment Change,High,20K,37K,
2010-09-01,9:00am,USD,ISM Manufacturing PMI,High,53.2,55.5,
2010-09-01,9:00am,USD,Construction Spending m/m,Medium,-0.4%,-0.8%,
2010-09-01,9:00am,USD,ISM Manufacturing Prices,Medium,55.5,57.5,
2010-09-01,9:30am,USD,Crude Oil Inventories,Low,1.3M,4.1M,
2010-09-01,9:45am,USD,FOMC Member Duke Speaks,Medium,,,
2010-09-01,All Day,USD,Total Vehicle Sales,Medium,11.6M,12.1M,
2010-09-01,6:50pm,JPY,Monetary Base y/y,Medium,6.3%,6.1%,
2010-09-02,1:00am,GBP,Nationwide HPI m/m,High,-0.3%,-0.5%,
2010-09-02,2:00am,EUR,Spanish Unemployment Change,Low,,-73.8K,
2010-09-02,2:15am,CHF,Retail Sales y/y,High,2.3%,1.0%,
2010-09-02,3:30am,GBP,Construction PMI,Low,53.5,54.1,
2010-09-02,4:00am,EUR,PPI m/m,Medium,0.2%,0.3%,
2010-09-02,4:00am,EUR,Revised GDP q/q,Medium,1.0%,1.0%,
2010-09-02,4:15am,EUR,French 10-y Bond Auction,Low,,3.04|3.5,
2010-09-02,6:45am,EUR,Main Refinancing Rate,High,1.00%,1.00%,
2010-09-02,7:30am,EUR,ECB Press Conference,High,,,
2010-09-02,7:30am,USD,Unemployment Claims,High,476K,478K,
2010-09-02,7:30am,USD,Revised Nonfarm Productivity q/q,Low,-1.9%,-0.9%,
2010-09-02,7:30am,USD,Revised Unit Labor Costs q/q,Medium,1.3%,0.2%,
2010-09-02,8:00am,USD,Fed Chairman Bernanke Testifies,High,,,
2010-09-02,9:00am,USD,Pending Home Sales m/m,High,-1.3%,-2.8%,
2010-09-02,9:00am,USD,Factory Orders m/m,Low,0.4%,-0.6%,
2010-09-02,9:30am,USD,Natural Gas Storage,Medium,56B,40B,
2010-09-02,6:50pm,JPY,Capital Spending q/y,Low,-6.6%,-11.5%,
2010-09-02,7:45pm,GBP,MPC Member Tucker Speaks,Low,,,
2010-09-03,FriSep 3,EUR,Spanish Services PMI,Medium,,51.3,
2010-09-03,2:45am,EUR,Italian Services PMI,Medium,50.1,49.6,
2010-09-03,2:50am,EUR,French Final Services PMI,Medium,59.9,59.9,
2010-09-03,2:55am,EUR,German Final Services PMI,Medium,58.5,58.5,
2010-09-03,3:00am,EUR,Final Services PMI,Medium,55.6,55.6,
2010-09-03,3:30am,GBP,Final Services PMI,High,53.0,53.1,
2010-09-03,4:00am,EUR,Retail Sales m/m,Low,0.3%,0.2%,
2010-09-03,7:30am,USD,Non-Farm Employment Change,High,-101K,-54K,
2010-09-03,7:30am,USD,Unemployment Rate,High,9.6%,9.5%,
2010-09-03,7:30am,USD,Average Hourly Earnings m/m,Low,0.1%,0.2%,
2010-09-03,9:00am,USD,ISM Services PMI,High,53.6,54.3,
2010-09-06,3:30am,EUR,Sentix Investor Confidence,Medium,8.7,8.5,
2010-09-06,All Day,USD,Bank Holiday,Low,,,
2010-09-06,2:10pm,USD,President Obama Speaks,Medium,,,
2010-09-06,6:00pm,GBP,BRC Retail Sales Monitor y/y,Low,,0.5%,
2010-09-06,10:39pm,JPY,Monetary Policy Statement,Low,,,
2010-09-06,10:39pm,JPY,Overnight Call Rate,Low,0.10%,0.10%,
2010-09-07,12:45am,CHF,Unemployment Rate,Medium,3.7%,3.8%,
2010-09-07,2:13am,JPY,BOJ Press Conference,High,,,
2010-09-07,All Day,EUR,ECOFIN Meetings,Low,,,
2010-09-07,5:00am,EUR,German Factory Orders m/m,Low,0.6%,3.6%,
2010-09-07,6:00pm,GBP,BRC Shop Price Index y/y,Medium,,1.5%,
2010-09-07,6:50pm,JPY,Core Machinery Orders m/m,Low,1.9%,1.6%,
2010-09-07,6:50pm,JPY,Bank Lending y/y,Medium,,-1.8%,
2010-09-07,6:50pm,JPY,Current Account,Medium,1.38T,1.36T,
2010-09-07,6:50pm,JPY,M2 Money Stock y/y,Medium,2.6%,2.7%,
2010-09-07,10:45pm,JPY,30-y Bond Auction,Medium,,1.95|4.1,
2010-09-08,WedSep 8,JPY,Economy Watchers Sentiment,Medium,50.3,49.8,
2010-09-08,1:00am,EUR,German Trade Balance,Medium,12.8B,12.4B,
2010-09-08,1:45am,EUR,French Gov Budget Balance,Medium,,-61.7B,
2010-09-08,1:45am,EUR,French Trade Balance,Medium,-4.1B,-3.7B,
2010-09-08,2:00am,GBP,Halifax HPI m/m,High,-0.3%,0.7%,
2010-09-08,2:45am,EUR,German Buba President Weber Speaks,Low,,,
2010-09-08,3:30am,GBP,Manufacturing Production m/m,High,0.3%,0.3%,
2010-09-08,3:30am,GBP,Industrial Production m/m,Medium,0.4%,-0.5%,
2010-09-08,5:00am,EUR,German Industrial Production m/m,Low,1.1%,-0.6%,
2010-09-08,8:57am,GBP,NIESR GDP Estimate,Low,,1.3%,
2010-09-08,9:00am,USD,JOLTS Job Openings,Medium,,2.86M,
2010-09-08,12:00pm,USD,10-y Bond Auction,Low,,2.73|3.0,
2010-09-08,1:00pm,USD,Beige Book,Low,,,
2010-09-08,2:00pm,USD,Consumer Credit m/m,Medium,-4.2B,-1.0B,
2010-09-08,6:50pm,JPY,BSI Manufacturing Index,Low,6.3,10.0,
2010-09-09,12:30am,EUR,French Final Private Payrolls q/q,Medium,0.2%,0.2%,
2010-09-09,1:00am,EUR,German Final CPI m/m,Medium,0.0%,0.0%,
2010-09-09,1:04am,JPY,Prelim Machine Tool Orders y/y,Medium,,144.9%,
2010-09-09,3:00am,EUR,ECB Monthly Bulletin,Low,,,
2010-09-09,3:30am,GBP,Goods Trade Balance,Low,-7.5B,-7.5B,
2010-09-09,6:00am,GBP,Asset Purchase Facility,High,200B,200B,
2010-09-09,6:00am,GBP,Official Bank Rate,High,0.50%,0.50%,
2010-09-09,7:30am,USD,Trade Balance,High,-47.4B,-49.8B,
2010-09-09,7:30am,USD,Unemployment Claims,High,470K,478K,
2010-09-09,9:00am,EUR,German Buba President Weber Speaks,Low,,,
2010-09-09,9:30am,USD,Natural Gas Storage,Medium,51B,54B,
2010-09-09,10:00am,USD,Crude Oil Inventories,Low,0.7M,3.4M,
2010-09-09,12:00pm,USD,30-y Bond Auction,Medium,,3.95|2.8,
2010-09-09,6:50pm,JPY,Final GDP q/q,Low,0.4%,0.1%,
2010-09-09,6:50pm,JPY,Monetary Policy Meeting Minutes,Low,,,
2010-09-09,6:50pm,JPY,PPI y/y,Medium,-0.2%,-0.1%,
2010-09-09,6:52pm,JPY,Final GDP Price Index y/y,Medium,-1.8%,-1.8%,
2010-09-10,3:00am,EUR,Italian Industrial Production m/m,Medium,0.4%,0.5%,
2010-09-10,3:30am,GBP,PPI Input m/m,High,0.2%,-1.0%,
2010-09-10,3:30am,GBP,PPI Output m/m,Medium,0.1%,0.1%,
2010-09-10,4:00am,GBP,CB Leading Index m/m,Medium,,0.5%,
2010-09-10,9:00am,USD,Final Wholesale Inventories m/m,Medium,0.4%,0.3%,
2010-09-13,7:00am,EUR,ECB President Trichet Speaks,High,,,
2010-09-13,1:00pm,USD,Federal Budget Balance,Low,-102.0B,-165.0B,
2010-09-13,6:01pm,GBP,Nationwide Consumer Confidence,Low,59,56,
2010-09-13,6:01pm,GBP,RICS House Price Balance,Low,-11%,-8%,
2010-09-13,11:30pm,JPY,Revised Industrial Production m/m,Medium,0.3%,0.3%,
2010-09-14,1:00am,EUR,German WPI m/m,Medium,0.3%,-0.3%,
2010-09-14,3:30am,GBP,CPI y/y,High,2.9%,3.1%,
2010-09-14,3:30am,GBP,Core CPI y/y,Low,2.6%,2.6%,
2010-09-14,3:30am,GBP,RPI y/y,Medium,4.6%,4.8%,
2010-09-14,3:32am,GBP,ONS HPI y/y,Medium,10.6%,9.9%,
2010-09-14,4:00am,EUR,German ZEW Economic Sentiment,High,10.7,14.0,
2010-09-14,4:00am,EUR,Industrial Production m/m,Low,0.2%,-0.2%,
2010-09-14,4:00am,EUR,ZEW Economic Sentiment,Low,14.9,15.8,
2010-09-14,5:00am,GBP,MPC Member Weale Speaks,Low,,,
2010-09-14,6:30am,USD,NFIB Small Business Index,Medium,89.1,88.1,
2010-09-14,7:30am,USD,Core Retail Sales m/m,High,0.3%,0.1%,
2010-09-14,7:30am,USD,Retail Sales m/m,High,0.4%,0.3%,
2010-09-14,9:00am,USD,Business Inventories m/m,Low,0.5%,0.5%,
2010-09-14,9:00am,USD,RCM/TIPP Economic Optimism,Medium,44.2,43.6,
2010-09-14,10:00am,EUR,German Buba President Weber Speaks,Low,,,
2010-09-15,WedSep 15,GBP,Average Earnings Index 3m/y,Low,1.6%,1.1%,
2010-09-15,WedSep 15,GBP,Unemployment Rate,Medium,7.8%,7.8%,
2010-09-15,4:00am,CHF,UBS Economic Expectations,Low,,9.1,
2010-09-15,4:00am,EUR,Final Core CPI y/y,Low,0.9%,1.0%,
2010-09-15,4:00am,EUR,Final CPI y/y,Low,1.6%,1.6%,
2010-09-15,4:00am,EUR,Final Employment Change q/q,Medium,0.0%,0.0%,
2010-09-15,4:08am,EUR,German 10-y Bond Auction,Low,,2.37|1.6,
2010-09-15,5:30am,GBP,BOE Gov King Speaks,High,,,
2010-09-15,7:30am,USD,Empire State Manufacturing Index,Low,8.7,7.1,
2010-09-15,7:30am,USD,Import Prices m/m,Low,0.2%,0.1%,
2010-09-15,8:15am,USD,Capacity Utilization Rate,Low,75.1%,74.6%,
2010-09-15,8:15am,USD,Industrial Production m/m,Low,0.3%,0.6%,
2010-09-15,9:30am,USD,Crude Oil Inventories,Low,-2.6M,-1.9M,
2010-09-15,6:50pm,JPY,Tertiary Industry Activity m/m,Low,0.7%,0.2%,
2010-09-16,1:00am,JPY,BOJ Gov Shirakawa Speaks,Low,,,
2010-09-16,2:15am,CHF,Industrial Production q/q,Low,3.3%,-7.9%,
2010-09-16,3:30am,GBP,Retail Sales m/m,High,0.3%,0.8%,
2010-09-16,3:30am,GBP,Consumer Inflation Expectations,Low,,3.3%,
2010-09-16,3:47am,EUR,Spanish 10-y Bond Auction,Low,,4.86|1.9,
2010-09-16,4:00am,EUR,Trade Balance,Medium,-0.7B,-1.4B,
2010-09-16,5:00am,GBP,CBI Industrial Order Expectations,Low,-12,-14,
2010-09-16,6:34am,GBP,10-y Bond Auction,Low,,3.49|1.7,
2010-09-16,6:59am,CHF,Libor Rate,High,0.25%,0.25%,
2010-09-16,6:59am,CHF,SNB Monetary Policy Assessment,High,,,
2010-09-16,7:30am,USD,PPI m/m,High,0.3%,0.2%,
2010-09-16,7:30am,USD,Unemployment Claims,High,463K,453K,
2010-09-16,7:30am,USD,Core PPI m/m,Low,0.1%,0.3%,
2010-09-16,7:30am,USD,Current Account,Low,-124B,-109B,
2010-09-16,8:00am,USD,TIC Long-Term Purchases,High,37.9B,44.4B,
2010-09-16,9:00am,USD,Philly Fed Manufacturing Index,High,0.9,-7.7,
2010-09-16,9:00am,USD,Treasury Sec Geithner Speaks,High,,,
2010-09-16,9:30am,USD,Natural Gas Storage,Medium,93B,58B,
2010-09-16,1:00pm,USD,Treasury Sec Geithner Speaks,Low,,,
2010-09-16,1:45pm,GBP,MPC Member Posen Speaks,Low,,,
2010-09-17,2:30am,EUR,German Buba President Weber Speaks,Low,,,
2010-09-17,3:00am,EUR,Current Account,Low,-3.7B,-3.8B,
2010-09-17,7:30am,USD,Core CPI m/m,High,0.1%,0.1%,
2010-09-17,7:30am,USD,CPI y/y,High,1.1%,1.2%,
2010-09-17,7:30am,USD,CPI m/m,Low,0.2%,0.3%,
2010-09-17,8:55am,USD,Prelim UoM Consumer Sentiment,High,70.2,68.9,
2010-09-17,8:55am,USD,Prelim UoM Inflation Expectations,Medium,,2.7%,
2010-09-17,10:30am,USD,FOMC Member Tarullo Speaks,Medium,,,
2010-09-19,6:01pm,GBP,Rightmove HPI m/m,Low,,-1.7%,
2010-09-19,All Day,JPY,Bank Holiday,Low,,,
2010-09-20,3:30am,GBP,Prelim Mortgage Approvals,Low,46K,47K,
2010-09-20,3:30am,GBP,M4 Money Supply m/m,Medium,0.3%,0.4%,
2010-09-20,5:00am,EUR,German Buba Monthly Report,Medium,,,
2010-09-20,9:00am,USD,NAHB Housing Market Index,Medium,14,13,
2010-09-21,3:30am,GBP,Public Sector Net Borrowing,High,12.3B,2.0B,
2010-09-21,7:30am,USD,Building Permits,High,0.56M,0.56M,
2010-09-21,7:30am,USD,Housing Starts,Low,0.55M,0.54M,
2010-09-21,1:15pm,USD,Federal Funds Rate,High,<0.25%,<0.25%,
2010-09-21,1:15pm,USD,FOMC Statement,High,,,
2010-09-21,11:30pm,JPY,All Industries Activity m/m,Medium,1.1%,0.2%,
2010-09-22,WedSep 22,GBP,MPC Official Bank Rate Votes,High,1-0-8,1-0-8,
2010-09-22,4:00am,EUR,Industrial New Orders m/m,Low,-1.2%,2.4%,
2010-09-22,8:00am,EUR,Belgian NBB Business Climate,Low,-5.0,-5.1,
2010-09-22,9:00am,EUR,Consumer Confidence,Medium,-10,-11,
2010-09-22,9:00am,USD,HPI m/m,Medium,-0.1%,-1.2%,
2010-09-22,9:30am,USD,Crude Oil Inventories,Low,-1.5M,-2.5M,
2010-09-22,1:00pm,USD,Treasury Sec Geithner Speaks,Low,,,
2010-09-22,All Day,JPY,Bank Holiday,Low,,,
2010-09-23,ThuSep 23,EUR,French Flash Services PMI,Low,60.1,60.4,
2010-09-23,2:30am,EUR,German Flash Manufacturing PMI,Low,57.7,58.2,
2010-09-23,2:30am,EUR,German Flash Services PMI,Low,57.2,57.2,
2010-09-23,3:00am,EUR,Flash Manufacturing PMI,Low,54.6,55.1,
2010-09-23,3:00am,EUR,Flash Services PMI,Low,55.5,55.9,
2010-09-23,3:30am,GBP,High Street Lending,Low,32.3K,34.2K,
2010-09-23,4:00am,EUR,Italian Quarterly Unemployment Rate,Medium,8.6%,8.4%,
2010-09-23,7:30am,USD,Unemployment Claims,High,451K,453K,
2010-09-23,9:00am,USD,Existing Home Sales,High,4.11M,3.84M,
2010-09-23,9:00am,USD,CB Leading Index m/m,Medium,0.1%,0.1%,
2010-09-23,9:30am,USD,Natural Gas Storage,Medium,82B,103B,
2010-09-24,3:00am,EUR,German ifo Business Climate,High,106.3,106.7,
2010-09-24,3:00am,EUR,Italian Retail Sales m/m,Medium,-0.4%,0.5%,
2010-09-24,4:00am,CHF,SNB Quarterly Bulletin,Medium,,,
2010-09-24,7:30am,USD,Core Durable Goods Orders m/m,High,0.9%,-2.8%,
2010-09-24,7:30am,USD,Durable Goods Orders m/m,Low,-0.9%,0.7%,
2010-09-24,8:00am,USD,FOMC Member Duke Speaks,Medium,,,
2010-09-24,9:00am,USD,New Home Sales,High,292K,288K,
2010-09-24,3:30pm,USD,Fed Chairman Bernanke Speaks,High,,,
2010-09-25,11:50am,JPY,BOJ Gov Shirakawa Speaks,Low,,,
2010-09-25,10:50pm,JPY,BOJ Gov Shirakawa Speaks,Low,,,
2010-09-26,SunSep 26,JPY,SPPI y/y,Medium,-1.2%,-1.1%,
2010-09-27,2:00am,EUR,ECB President Trichet Speaks,Low,,,
2010-09-27,3:00am,EUR,M3 Money Supply y/y,Low,0.4%,0.2%,
2010-09-27,3:00am,EUR,Private Loans y/y,Medium,1.2%,0.8%,
2010-09-27,8:00am,EUR,ECB President Trichet Speaks,High,,,
2010-09-28,TueSep 28,EUR,German GfK Consumer Climate,Low,4.3,4.3,
2010-09-28,All Day,EUR,German Prelim CPI m/m,Low,-0.2%,0.0%,
2010-09-28,Jul Data,EUR,French Consumer Spending m/m,Medium,0.5%,-1.5%,
2010-09-28,1:45am,EUR,French Consumer Spending m/m,Low,-0.1%,2.7%,
2010-09-28,3:30am,GBP,Current Account,High,-9.6B,-11.3B,
2010-09-28,3:30am,GBP,Final GDP q/q,Low,1.2%,1.2%,
2010-09-28,3:30am,GBP,Revised Business Investment q/q,Medium,-1.6%,-1.6%,
2010-09-28,5:00am,GBP,CBI Realized Sales,Low,27,35,
2010-09-28,8:00am,GBP,MPC Member Posen Speaks,Low,,,
2010-09-28,8:00am,USD,S&P/CS Composite-20 HPI y/y,Low,3.1%,4.2%,
2010-09-28,9:00am,USD,CB Consumer Confidence,High,52.5,53.2,
2010-09-28,9:00am,USD,Richmond Manufacturing Index,Medium,6,11,
2010-09-28,3:30pm,USD,FOMC Member Warsh Speaks,Low,,,
2010-09-28,6:50pm,JPY,Tankan Manufacturing Index,High,7,1,
2010-09-28,6:50pm,JPY,Tankan Non-Manufacturing Index,Low,-2,-5,
2010-09-29,3:30am,GBP,Net Lending to Individuals m/m,Low,0.5B,0.2B,
2010-09-29,3:30am,GBP,Index of Services 3m/3m,Medium,0.7%,0.6%,
2010-09-29,3:30am,GBP,Mortgage Approvals,Medium,47K,48K,
2010-09-29,4:30am,CHF,KOF Economic Barometer,High,2.12,2.22,
2010-09-29,4:32am,EUR,Italian 10-y Bond Auction,Low,,3.81|1.3,
2010-09-29,9:30am,USD,Crude Oil Inventories,Low,-0.4M,1.0M,
2010-09-29,12:15pm,USD,FOMC Member Rosengren Speaks,Low,,,
2010-09-29,6:01pm,GBP,GfK Consumer Confidence,Low,-19,-18,
2010-09-29,6:15pm,JPY,Final Manufacturing PMI,Medium,,50.1,
2010-09-29,6:50pm,JPY,Prelim Industrial Production m/m,Low,1.2%,-0.2%,
2010-09-29,6:50pm,JPY,Retail Sales y/y,Low,4.6%,3.8%,
2010-09-30,1:00am,GBP,Nationwide HPI m/m,High,-0.3%,-0.8%,
2010-09-30,2:00am,GBP,MPC Member Tucker Speaks,Low,,,
2010-09-30,2:55am,EUR,German Unemployment Change,Low,-20K,-20K,
2010-09-30,3:30am,GBP,BOE Credit Conditions Survey,Low,,,
2010-09-30,4:00am,EUR,CPI Flash Estimate y/y,Low,1.8%,1.6%,
2010-09-30,4:00am,EUR,Italian Prelim CPI m/m,Medium,0.0%,0.2%,
2010-09-30,4:05am,GBP,MPC Member Fisher Speaks,Low,,,
2010-09-30,7:30am,USD,Unemployment Claims,High,458K,469K,
2010-09-30,7:30am,USD,Final GDP q/q,Low,1.6%,1.6%,
2010-09-30,7:30am,USD,Final GDP Price Index q/q,Medium,1.9%,1.9%,
2010-09-30,8:45am,USD,Chicago PMI,Low,56.0,56.7,
2010-09-30,9:00am,USD,Fed Chairman Bernanke Testifies,High,,,
2010-09-30,9:30am,USD,Natural Gas Storage,Medium,68B,73B,
2010-09-30,1:30pm,USD,Fed Chairman Bernanke Speaks,High,,,
2010-09-30,6:30pm,JPY,Household Spending y/y,Low,1.4%,1.1%,
2010-09-30,6:30pm,JPY,Tokyo Core CPI y/y,Low,-1.0%,-1.1%,
2010-09-30,6:30pm,JPY,National Core CPI y/y,Medium,-1.0%,-1.1%,
2010-09-30,6:30pm,JPY,Unemployment Rate,Medium,5.1%,5.2%,
2010-10-01,2:15am,CHF,Retail Sales y/y,High,3.2%,4.7%,
2010-10-01,2:15am,EUR,Spanish Manufacturing PMI,Low,,51.2,
2010-10-01,2:30am,CHF,Manufacturing PMI,Low,60.8,61.4,
2010-10-01,2:45am,EUR,Italian Manufacturing PMI,Low,51.9,52.8,
2010-10-01,2:50am,EUR,French Final Manufacturing PMI,Medium,55.4,55.4,
2010-10-01,2:55am,EUR,German Final Manufacturing PMI,Medium,55.3,55.3,
2010-10-01,3:00am,EUR,Final Manufacturing PMI,Medium,53.6,53.6,
2010-10-01,3:00am,EUR,Italian Monthly Unemployment Rate,Medium,8.5%,8.4%,
2010-10-01,3:30am,GBP,Final Manufacturing PMI,High,53.9,53.7,
2010-10-01,3:30am,GBP,Housing Equity Withdrawal q/q,Medium,-3.2B,-5.3B,
2010-10-01,4:00am,EUR,Unemployment Rate,Low,10.0%,10.1%,
2010-10-01,7:30am,USD,Core PCE Price Index m/m,Low,0.1%,0.1%,
2010-10-01,7:30am,USD,Personal Spending m/m,Low,0.4%,0.4%,
2010-10-01,7:30am,USD,FOMC Member Dudley Speaks,Medium,,,
2010-10-01,7:30am,USD,Personal Income m/m,Medium,0.3%,0.2%,
2010-10-01,8:55am,USD,Revised UoM Consumer Sentiment,Low,67.1,66.6,
2010-10-01,8:55am,USD,Revised UoM Inflation Expectations,Medium,,2.2%,
2010-10-01,9:00am,USD,ISM Manufacturing PMI,High,54.6,56.3,
2010-10-01,9:00am,USD,Construction Spending m/m,Medium,-0.4%,-1.4%,
2010-10-01,9:00am,USD,ISM Manufacturing Prices,Medium,59.6,61.5,
2010-10-01,All Day,USD,Total Vehicle Sales,Medium,11.6M,11.5M,
2010-10-03,6:50pm,JPY,Monetary Base y/y,Medium,5.8%,5.4%,
2010-10-03,8:30pm,JPY,Average Cash Earnings y/y,Low,0.8%,1.4%,
2010-10-04,3:30am,EUR,Sentix Investor Confidence,Medium,8.3,7.6,
2010-10-04,3:30am,GBP,Construction PMI,Low,51.6,52.1,
2010-10-04,4:00am,EUR,PPI m/m,Medium,0.2%,0.2%,
2010-10-04,5:25am,GBP,MPC Member Tucker Speaks,Low,,,
2010-10-04,6:00am,GBP,Chancellor Osborne Speaks,Medium,,,
2010-10-04,9:00am,USD,Pending Home Sales m/m,High,2.8%,4.5%,
2010-10-04,9:00am,USD,Factory Orders m/m,Low,-0.3%,0.5%,
2010-10-04,2:00pm,USD,Fed Chairman Bernanke Speaks,High,,,
2010-10-04,6:30pm,USD,Fed Chairman Bernanke Speaks,High,,,
2010-10-04,11:38pm,JPY,Monetary Policy Statement,High,,,
2010-10-04,11:38pm,JPY,Overnight Call Rate,Low,0.10%,0.10%,
2010-10-05,TueOct 5,EUR,Spanish Services PMI,Medium,,49.2,
2010-10-05,2:29am,JPY,BOJ Press Conference,High,,,
2010-10-05,2:45am,EUR,Italian Services PMI,Medium,50.7,51.4,
2010-10-05,2:50am,EUR,French Final Services PMI,Medium,58.8,58.8,
2010-10-05,2:55am,EUR,German Final Services PMI,Medium,54.6,54.6,
2010-10-05,3:00am,EUR,Final Services PMI,Medium,53.6,53.6,
2010-10-05,3:30am,GBP,Final Services PMI,High,51.1,51.3,
2010-10-05,4:00am,EUR,Retail Sales m/m,Low,0.2%,0.1%,
2010-10-05,9:00am,USD,ISM Services PMI,High,52.1,51.5,
2010-10-05,6:00pm,GBP,BRC Shop Price Index y/y,Medium,,1.7%,
2010-10-06,2:00am,CHF,Foreign Currency Reserves,High,,218B,
2010-10-06,4:00am,EUR,Final GDP q/q,Medium,1.0%,1.0%,
2010-10-06,5:00am,EUR,German Factory Orders m/m,Low,0.9%,-1.6%,
2010-10-06,6:30am,USD,Challenger Job Cuts y/y,Medium,,-54.5%,
2010-10-06,7:15am,USD,ADP Non-Farm Employment Change,High,23K,10K,
2010-10-06,8:00am,USD,Treasury Sec Geithner Speaks,Low,,,
2010-10-06,9:30am,USD,Crude Oil Inventories,Low,0.5M,-0.5M,
2010-10-06,10:45pm,JPY,10-y Bond Auction,Medium,,1.05|3.2,
2010-10-07,1:00am,JPY,Prelim Machine Tool Orders y/y,Medium,,170.0%,
2010-10-07,1:45am,EUR,French Trade Balance,Medium,-4.0B,-4.4B,
2010-10-07,2:00am,GBP,Halifax HPI m/m,High,0.6%,0.4%,
2010-10-07,3:30am,GBP,Manufacturing Production m/m,High,0.1%,0.4%,
2010-10-07,3:30am,GBP,Industrial Production m/m,Medium,0.3%,0.3%,
2010-10-07,4:04am,EUR,French 10-y Bond Auction,Low,,2.55|2.2,
2010-10-07,5:00am,EUR,German Industrial Production m/m,Low,0.4%,0.1%,
2010-10-07,6:00am,GBP,Asset Purchase Facility,High,200B,200B,
2010-10-07,6:00am,GBP,Official Bank Rate,High,0.50%,0.50%,
2010-10-07,6:45am,EUR,Main Refinancing Rate,High,1.00%,1.00%,
2010-10-07,7:30am,EUR,ECB Press Conference,High,,,
2010-10-07,7:30am,USD,Unemployment Claims,High,454K,456K,
2010-10-07,9:00am,GBP,NIESR GDP Estimate,Low,,0.6%,
2010-10-07,9:00am,USD,JOLTS Job Openings,Medium,,3.14M,
2010-10-07,9:30am,USD,Natural Gas Storage,Medium,78B,74B,
2010-10-07,12:30pm,USD,FOMC Member Hoenig Speaks,Low,,,
2010-10-07,2:00pm,USD,Consumer Credit m/m,Medium,-2.9B,-4.1B,
2010-10-07,6:50pm,JPY,Monetary Policy Meeting Minutes,Low,,,
2010-10-07,6:50pm,JPY,Monetary Policy Meeting Minutes,Low,,,
2010-10-07,6:50pm,JPY,Current Account,Medium,1.09T,1.46T,
2010-10-08,12:45am,CHF,Unemployment Rate,Medium,3.7%,3.8%,
2010-10-08,1:00am,EUR,German Trade Balance,Medium,12.3B,12.6B,
2010-10-08,1:45am,EUR,French Gov Budget Balance,Medium,,-93.1B,
2010-10-08,3:30am,GBP,PPI Input m/m,High,0.3%,0.1%,
2010-10-08,3:30am,GBP,PPI Output m/m,Medium,0.2%,0.0%,
2010-10-08,7:30am,USD,Non-Farm Employment Change,High,1K,-57K,
2010-10-08,7:30am,USD,Unemployment Rate,High,9.7%,9.6%,
2010-10-08,7:30am,USD,Average Hourly Earnings m/m,Low,0.2%,0.3%,
2010-10-08,9:00am,USD,Final Wholesale Inventories m/m,Medium,0.6%,1.5%,
2010-10-08,1:25pm,EUR,ECB President Trichet Speaks,Low,,,
2010-10-08,1:25pm,USD,FOMC Member Tarullo Speaks,Medium,,,
2010-10-09,6:00pm,GBP,MPC Member Tucker Speaks,Low,,,
2010-10-10,6:00pm,GBP,BOE Gov King Speaks,High,,,
2010-10-10,All Day,JPY,Bank Holiday,Low,,,
2010-10-11,3:00am,EUR,Italian Industrial Production m/m,Medium,0.0%,0.3%,
2010-10-11,7:00am,GBP,MPC Member Tucker Speaks,Low,,,
2010-10-11,All Day,USD,Bank Holiday,Low,,,
2010-10-11,12:30pm,EUR,ECB President Trichet Speaks,Low,,,
2010-10-11,1:45pm,USD,FOMC Member Yellen Speaks,Low,,,
2010-10-11,6:00pm,GBP,BRC Retail Sales Monitor y/y,Low,,1.0%,
2010-10-11,6:01pm,GBP,RICS House Price Balance,Low,-34%,-32%,
2010-10-12,1:00am,EUR,German Final CPI m/m,Medium,-0.1%,-0.1%,
2010-10-12,1:00am,EUR,German WPI m/m,Medium,0.4%,1.6%,
2010-10-12,3:30am,GBP,CPI y/y,High,3.1%,3.1%,
2010-10-12,3:30am,GBP,Core CPI y/y,Low,2.6%,2.8%,
2010-10-12,3:30am,GBP,Goods Trade Balance,Low,-8.0B,-8.7B,
2010-10-12,3:30am,GBP,MPC Member Miles Speaks,Low,,,
2010-10-12,3:30am,GBP,ONS HPI y/y,Medium,9.4%,8.4%,
2010-10-12,3:30am,GBP,RPI y/y,Medium,4.4%,4.7%,
2010-10-12,6:30am,USD,NFIB Small Business Index,Medium,89.6,88.8,
2010-10-12,9:00am,USD,RCM/TIPP Economic Optimism,Medium,46.7,45.3,
2010-10-12,10:45am,USD,FOMC Member Hoenig Speaks,Low,,,
2010-10-12,11:20am,EUR,ECB President Trichet Speaks,Low,,,
2010-10-12,1:00pm,USD,FOMC Meeting Minutes,High,,,
2010-10-12,6:01pm,GBP,Nationwide Consumer Confidence,Low,64,62,
2010-10-12,6:50pm,JPY,Core Machinery Orders m/m,Low,-3.7%,8.8%,
2010-10-12,6:50pm,JPY,Bank Lending y/y,Medium,,-1.9%,
2010-10-12,6:50pm,JPY,M2 Money Stock y/y,Medium,2.8%,2.8%,
2010-10-13,2:15am,CHF,PPI m/m,Low,0.2%,0.1%,
2010-10-13,3:30am,GBP,Claimant Count Change,High,4.3K,3.8K,
2010-10-13,3:30am,GBP,Average Earnings Index 3m/y,Low,1.6%,1.3%,
2010-10-13,3:30am,GBP,Unemployment Rate,Medium,7.8%,7.8%,
2010-10-13,4:00am,EUR,Industrial Production m/m,Low,0.7%,0.1%,
2010-10-13,4:00am,GBP,CB Leading Index m/m,Medium,,0.2%,
2010-10-13,5:06am,EUR,German 10-y Bond Auction,Low,,2.39|1.8,
2010-10-13,7:30am,USD,Import Prices m/m,Low,-0.1%,0.6%,
2010-10-13,12:00pm,USD,10-y Bond Auction,Low,,2.67|3.2,
2010-10-13,12:40pm,GBP,MPC Member Sentance Speaks,Low,,,
2010-10-13,3:10pm,USD,Fed Chairman Bernanke Speaks,High,,,
2010-10-13,6:50pm,JPY,PPI y/y,Medium,0.0%,0.0%,
2010-10-13,10:45pm,JPY,30-y Bond Auction,Medium,,1.99|4.2,
2010-10-14,5:00am,EUR,German Buba President Weber Speaks,Low,,,
2010-10-14,7:30am,USD,PPI m/m,High,0.2%,0.4%,
2010-10-14,7:30am,USD,Trade Balance,High,-43.5B,-42.6B,
2010-10-14,7:30am,USD,Unemployment Claims,High,448K,449k,
2010-10-14,7:30am,USD,Core PPI m/m,Low,0.1%,0.1%,
2010-10-14,9:30am,USD,Natural Gas Storage,Medium,88B,85B,
2010-10-14,10:00am,USD,Crude Oil Inventories,Low,1.5M,3.1M,
2010-10-14,12:00pm,USD,30-y Bond Auction,Medium,,3.82|2.7,
2010-10-14,6:00pm,GBP,MPC Member Fisher Speaks,Low,,,
2010-10-14,11:30pm,JPY,Revised Industrial Production m/m,Medium,-0.3%,-0.3%,
2010-10-15,3:00am,EUR,Italian Trade Balance,Medium,-1.97B,1.75B,
2010-10-15,4:00am,EUR,Final Core CPI y/y,Low,1.0%,1.0%,
2010-10-15,4:00am,EUR,Final CPI y/y,Low,1.8%,1.8%,
2010-10-15,4:00am,EUR,Trade Balance,Medium,1.3B,-0.2B,
2010-10-15,7:15am,USD,Fed Chairman Bernanke Speaks,High,,,
2010-10-15,7:30am,USD,Core CPI m/m,High,0.1%,0.0%,
2010-10-15,7:30am,USD,Core Retail Sales m/m,High,0.4%,1.0%,
2010-10-15,7:30am,USD,CPI y/y,High,1.2%,1.1%,
2010-10-15,7:30am,USD,Retail Sales m/m,High,0.5%,0.7%,
2010-10-15,7:30am,USD,CPI m/m,Low,0.2%,0.3%,
2010-10-15,7:30am,USD,Empire State Manufacturing Index,Low,7.1,4.1,
2010-10-15,8:55am,USD,Prelim UoM Consumer Sentiment,High,68.8,68.2,
2010-10-15,8:55am,USD,Prelim UoM Inflation Expectations,Medium,,2.2%,
2010-10-15,9:00am,USD,Business Inventories m/m,Low,0.5%,1.1%,
2010-10-15,1:00pm,USD,Federal Budget Balance,Low,-32.3B,-90.5B,
2010-10-16,7:15am,USD,FOMC Member Rosengren Speaks,Low,,,
2010-10-17,6:01pm,GBP,Rightmove HPI m/m,Low,,-1.1%,
2010-10-17,6:50pm,JPY,Tertiary Industry Activity m/m,Low,-0.5%,1.6%,
2010-10-18,5:00am,EUR,German Buba Monthly Report,Medium,,,
2010-10-18,8:00am,USD,TIC Long-Term Purchases,High,47.5B,61.2B,
2010-10-18,8:15am,USD,Capacity Utilization Rate,Low,74.8%,74.8%,
2010-10-18,8:15am,USD,Industrial Production m/m,Low,0.3%,0.2%,
2010-10-18,8:58am,USD,NAHB Housing Market Index,Medium,14,13,
2010-10-18,3:00pm,USD,Treasury Sec Geithner Speaks,Low,,,
2010-10-19,All Day,EUR,ECOFIN Meetings,Low,,,
2010-10-19,4:00am,EUR,German ZEW Economic Sentiment,High,-7.0,-4.3,
2010-10-19,4:00am,EUR,ZEW Economic Sentiment,Low,-2.0,4.4,
2010-10-19,5:00am,GBP,CBI Industrial Order Expectations,Low,-19,-17,
2010-10-19,7:30am,EUR,ECB President Trichet Speaks,Low,,,
2010-10-19,7:30am,USD,Building Permits,High,0.58M,0.57M,
2010-10-19,7:30am,USD,Housing Starts,Low,0.59M,0.61M,
2010-10-19,8:00am,USD,FOMC Member Yellen Speaks,Low,,,
2010-10-19,9:00am,EUR,German Buba President Weber Speaks,Low,,,
2010-10-19,9:00am,USD,FOMC Member Dudley Speaks,Medium,,,
2010-10-19,1:50pm,GBP,BOE Gov King Speaks,High,,,
2010-10-19,3:00pm,USD,Fed Chairman Bernanke Speaks,Low,,,
2010-10-19,6:00pm,USD,FOMC Member Duke Speaks,Medium,,,
2010-10-20,3:30am,GBP,MPC Asset Purchase Facility Votes,High,0-0-9,0-0-9,
2010-10-20,3:30am,GBP,MPC Official Bank Rate Votes,High,1-0-8,1-0-8,
2010-10-20,3:30am,GBP,Public Sector Net Borrowing,High,14.2B,14.2B,
2010-10-20,3:30am,GBP,M4 Money Supply m/m,Medium,0.3%,-0.1%,
2010-10-20,6:30am,GBP,Government Spending Review,High,,,
2010-10-20,9:30am,USD,Crude Oil Inventories,Low,1.5M,-0.4M,
2010-10-20,1:00pm,USD,Beige Book,Low,,,
2010-10-20,11:30pm,JPY,All Industries Activity m/m,Medium,-0.3%,1.1%,
2010-10-21,2:00am,EUR,French Flash Manufacturing PMI,Low,55.6,56.0,
2010-10-21,2:00am,EUR,French Flash Services PMI,Low,57.5,58.2,
2010-10-21,2:30am,EUR,German Flash Manufacturing PMI,Low,54.6,55.1,
2010-10-21,2:30am,EUR,German Flash Services PMI,Low,55.0,54.9,
2010-10-21,3:00am,EUR,Flash Manufacturing PMI,Low,53.2,53.7,
2010-10-21,3:00am,EUR,Flash Services PMI,Low,53.8,54.1,
2010-10-21,3:30am,GBP,Retail Sales m/m,High,0.4%,-0.7%,
2010-10-21,3:30am,GBP,Prelim Mortgage Approvals,Low,44K,45K,
2010-10-21,4:00am,CHF,UBS Economic Expectations,Low,,-5.1,
2010-10-21,4:15am,GBP,MPC Member Posen Speaks,High,,,
2010-10-21,4:39am,GBP,10-y Bond Auction,Low,,3.22|1.7,
2010-10-21,7:30am,USD,Unemployment Claims,High,454K,475K,
2010-10-21,9:00am,EUR,Consumer Confidence,Medium,-10,-11,
2010-10-21,9:00am,USD,Philly Fed Manufacturing Index,High,2.3,-0.7,
2010-10-21,9:00am,USD,CB Leading Index m/m,Medium,0.4%,0.1%,
2010-10-21,9:30am,USD,Natural Gas Storage,Medium,87B,91B,
2010-10-21,1:00pm,USD,FOMC Member Bullard Speaks,Low,,,
2010-10-21,8:45pm,USD,FOMC Member Hoenig Speaks,Low,,,
2010-10-22,FriOct 22,EUR,Italian Retail Sales m/m,Medium,0.0%,0.1%,
2010-10-22,8:00am,EUR,Belgian NBB Business Climate,Low,-3.5,-3.4,
2010-10-24,6:50pm,JPY,Trade Balance,Low,0.50T,0.57T,
2010-10-25,4:00am,EUR,Industrial New Orders m/m,Low,2.1%,-1.8%,
2010-10-25,7:30am,USD,Fed Chairman Bernanke Speaks,High,,,
2010-10-25,9:00am,USD,Existing Home Sales,High,4.29M,4.12M,
2010-10-25,12:30pm,USD,FOMC Member Bullard Speaks,Low,,,
2010-10-25,2:00pm,GBP,BOE Gov King Speaks,High,,,
2010-10-25,3:30pm,USD,FOMC Member Dudley Speaks,Medium,,,
2010-10-25,6:50pm,JPY,SPPI y/y,Medium,-1.0%,-1.1%,
2010-10-25,7:00pm,USD,FOMC Member Hoenig Speaks,Low,,,
2010-10-26,TueOct 26,EUR,German GfK Consumer Climate,Low,5.2,4.9,
2010-10-26,TueOct 26,EUR,German Import Prices m/m,Medium,0.1%,0.2%,
2010-10-26,3:30am,GBP,Prelim GDP q/q,High,0.4%,1.2%,
2010-10-26,3:30am,GBP,Index of Services 3m/3m,Medium,0.6%,0.6%,
2010-10-26,8:00am,USD,S&P/CS Composite-20 HPI y/y,Low,2.4%,3.2%,
2010-10-26,8:59am,USD,Richmond Manufacturing Index,Medium,-1,-2,
2010-10-26,9:00am,USD,CB Consumer Confidence,High,49.3,48.6,
2010-10-26,9:00am,USD,HPI m/m,Medium,-0.2%,-0.7%,
2010-10-26,11:00am,GBP,MPC Member Posen Speaks,High,,,
2010-10-26,12:00pm,EUR,German Buba President Weber Speaks,Low,,,
2010-10-26,3:30pm,USD,FOMC Member Dudley Speaks,Medium,,,
2010-10-27,1:45am,EUR,French Consumer Spending m/m,Low,0.5%,-1.6%,
2010-10-27,3:00am,EUR,M3 Money Supply y/y,Low,1.4%,1.1%,
2010-10-27,3:00am,EUR,Private Loans y/y,Medium,1.5%,1.2%,
2010-10-27,4:20am,GBP,MPC Member Bean Speaks,Low,,,
2010-10-27,7:30am,USD,Core Durable Goods Orders m/m,High,0.4%,1.9%,
2010-10-27,7:30am,USD,Durable Goods Orders m/m,Low,1.7%,-1.0%,
2010-10-27,8:55am,EUR,German Unemployment Change,Low,-28K,-37K,
2010-10-27,9:00am,USD,New Home Sales,High,301K,288K,
2010-10-27,9:30am,USD,Crude Oil Inventories,Low,1.1M,0.7M,
2010-10-27,3:00pm,USD,FOMC Member Dudley Speaks,Medium,,,
2010-10-27,6:50pm,JPY,Retail Sales y/y,Low,3.2%,4.3%,
2010-10-27,11:31pm,JPY,Monetary Policy Statement,High,,,
2010-10-27,11:31pm,JPY,Overnight Call Rate,High,<0.10%,<0.10%,
2010-10-28,ThuOct 28,JPY,BOJ Outlook Report,Low,,,
2010-10-28,2:00am,EUR,German Buba President Weber Speaks,Low,,,
2010-10-28,2:22am,JPY,BOJ Press Conference,High,,,
2010-10-28,3:30am,EUR,ECB President Trichet Speaks,Low,,,
2010-10-28,4:00am,EUR,Retail PMI,Medium,,48.7,
2010-10-28,4:19am,EUR,Italian 10-y Bond Auction,Low,,3.90|1.5,
2010-10-28,5:00am,GBP,CBI Realized Sales,Low,40,49,
2010-10-28,7:30am,USD,Unemployment Claims,High,453K,455K,
2010-10-28,8:33am,CHF,Gov Board Member Danthine Speaks,Low,,,
2010-10-28,9:30am,USD,Natural Gas Storage,Medium,72B,93B,
2010-10-28,10:30am,CHF,SNB Chairman Hildebrand Speaks,Low,,,
2010-10-28,6:01pm,GBP,GfK Consumer Confidence,Low,-22,-20,
2010-10-28,6:15pm,JPY,Final Manufacturing PMI,Medium,,49.5,
2010-10-28,6:30pm,JPY,Household Spending y/y,Low,0.8%,1.7%,
2010-10-28,6:30pm,JPY,Tokyo Core CPI y/y,Low,-0.8%,-1.0%,
2010-10-28,6:30pm,JPY,National Core CPI y/y,Medium,-1.0%,-1.0%,
2010-10-28,6:30pm,JPY,Unemployment Rate,Medium,5.1%,5.1%,
2010-10-28,6:50pm,JPY,Prelim Industrial Production m/m,Low,-0.5%,-0.5%,
2010-10-29,1:00am,EUR,German Retail Sales m/m,Low,0.5%,-0.4%,
2010-10-29,2:00am,EUR,Spanish Unemployment Rate,Low,20.0%,20.1%,
2010-10-29,3:30am,GBP,Net Lending to Individuals m/m,Low,0.9B,1.6B,
2010-10-29,3:30am,GBP,Mortgage Approvals,Medium,46K,47K,
2010-10-29,4:00am,EUR,CPI Flash Estimate y/y,Low,1.7%,1.8%,
2010-10-29,4:00am,EUR,Unemployment Rate,Low,10.1%,10.0%,
2010-10-29,4:00am,EUR,Italian Prelim CPI m/m,Medium,0.1%,-0.2%,
2010-10-29,4:30am,CHF,KOF Economic Barometer,High,2.18,2.20,
2010-10-29,5:00am,EUR,Italian Monthly Unemployment Rate,Medium,8.3%,8.1%,
2010-10-29,7:30am,USD,Advance GDP q/q,High,2.1%,1.7%,
2010-10-29,7:30am,USD,Advance GDP Price Index q/q,Low,1.9%,1.9%,
2010-10-29,7:30am,USD,Employment Cost Index q/q,Low,0.6%,0.5%,
2010-10-29,8:45am,USD,Chicago PMI,Low,58.1,60.4,
2010-10-29,8:55am,USD,Revised UoM Consumer Sentiment,Low,68.2,67.9,
2010-10-29,8:55am,USD,Revised UoM Inflation Expectations,Medium,,2.6%,
2010-10-30,SatOct 30,EUR,Daylight Saving Time Shift,Low,,,
2010-10-30,SatOct 30,GBP,Daylight Saving Time Shift,Low,,,
2010-10-31,8:30pm,JPY,Average Cash Earnings y/y,Low,0.5%,0.4%,
2010-11-01,2:00am,EUR,Italian Bank Holiday,Low,,,
2010-11-01,All Day,EUR,French Bank Holiday,Low,,,
2010-11-01,3:30am,CHF,Manufacturing PMI,Low,59.5,59.7,
2010-11-01,4:30am,GBP,Final Manufacturing PMI,High,53.2,53.4,
2010-11-01,7:30am,USD,Core PCE Price Index m/m,Low,0.1%,0.1%,
2010-11-01,7:30am,USD,Personal Spending m/m,Low,0.4%,0.5%,
2010-11-01,7:30am,USD,Personal Income m/m,Medium,0.3%,0.4%,
2010-11-01,9:00am,USD,ISM Manufacturing PMI,High,54.2,54.4,
2010-11-01,9:00am,USD,Construction Spending m/m,Medium,-0.5%,-0.2%,
2010-11-01,9:00am,USD,ISM Manufacturing Prices,Medium,70.7,70.5,
2010-11-01,6:50pm,JPY,Monetary Policy Meeting Minutes,Low,,,
2010-11-01,6:50pm,JPY,Monetary Base y/y,Medium,5.6%,5.8%,
2010-11-01,10:45pm,JPY,10-y Bond Auction,Medium,,0.84|2.8,
2010-11-02,3:45am,EUR,Italian Manufacturing PMI,Low,52.9,52.6,
2010-11-02,3:50am,EUR,French Final Manufacturing PMI,Medium,55.2,55.2,
2010-11-02,3:55am,EUR,German Final Manufacturing PMI,Medium,56.1,56.1,
2010-11-02,4:00am,EUR,Final Manufacturing PMI,Medium,54.1,54.1,
2010-11-02,4:30am,GBP,Construction PMI,Low,53.1,53.8,
2010-11-02,All Day,USD,Congressional Elections,High,,,
2010-11-02,7:00pm,GBP,BRC Shop Price Index y/y,Medium,,1.9%,
2010-11-02,All Day,JPY,Bank Holiday,Low,,,
2010-11-03,3:15am,CHF,Retail Sales y/y,High,1.4%,0.1%,
2010-11-03,4:30am,GBP,Final Services PMI,High,52.4,52.8,
2010-11-03,6:30am,USD,Challenger Job Cuts y/y,Medium,,-44.1%,
2010-11-03,7:15am,USD,ADP Non-Farm Employment Change,High,21K,-2K,
2010-11-03,9:00am,USD,ISM Services PMI,High,53.5,53.2,
2010-11-03,9:00am,USD,Factory Orders m/m,Low,1.3%,0.0%,
2010-11-03,9:30am,USD,Crude Oil Inventories,Low,1.7M,5.0M,
2010-11-03,All Day,USD,Total Vehicle Sales,Medium,11.8M,11.8M,
2010-11-03,11:15am,CHF,Gov Board Member Jordan Speaks,Low,,,
2010-11-03,1:15pm,USD,Federal Funds Rate,High,<0.25%,<0.25%,
2010-11-03,1:15pm,USD,FOMC Statement,High,,,
2010-11-03,9:30pm,JPY,BOJ Gov Shirakawa Speaks,Low,,,
2010-11-04,3:00am,CHF,Foreign Currency Reserves,High,,215B,
2010-11-04,3:00am,GBP,Halifax HPI m/m,High,0.4%,-3.7%,
2010-11-04,3:15am,CHF,CPI m/m,Low,0.7%,0.0%,
2010-11-04,3:15am,EUR,Spanish Services PMI,Medium,,47.9,
2010-11-04,3:45am,EUR,Italian Services PMI,Medium,51.2,51.3,
2010-11-04,3:50am,EUR,French Final Services PMI,Medium,55.3,55.3,
2010-11-04,3:55am,EUR,German Final Services PMI,Medium,56.6,56.6,
2010-11-04,4:00am,EUR,Final Services PMI,Medium,53.2,53.2,
2010-11-04,5:00am,EUR,PPI m/m,Medium,0.3%,0.1%,
2010-11-04,7:00am,GBP,Asset Purchase Facility,High,200B,200B,
2010-11-04,7:00am,GBP,Official Bank Rate,High,0.50%,0.50%,
2010-11-04,7:30am,USD,Unemployment Claims,High,437K,437K,
2010-11-04,7:30am,USD,Prelim Nonfarm Productivity q/q,Low,0.9%,-1.8%,
2010-11-04,7:30am,USD,Prelim Unit Labor Costs q/q,Low,0.8%,1.1%,
2010-11-04,7:45am,EUR,Main Refinancing Rate,High,1.00%,1.00%,
2010-11-04,8:30am,EUR,ECB Press Conference,High,,,
2010-11-04,9:30am,USD,Natural Gas Storage,Medium,62B,71B,
2010-11-04,12:00pm,CHF,Gov Board Member Danthine Speaks,Medium,,,
2010-11-04,9:36pm,JPY,Monetary Policy Statement,High,,,
2010-11-04,9:36pm,JPY,Overnight Call Rate,High,<0.10%,<0.10%,
2010-11-05,4:30am,GBP,PPI Input m/m,High,0.9%,0.4%,
2010-11-05,4:30am,GBP,PPI Output m/m,Medium,0.2%,0.0%,
2010-11-05,5:00am,EUR,Retail Sales m/m,Low,0.3%,-0.2%,
2010-11-05,6:00am,EUR,German Factory Orders m/m,Low,0.5%,3.5%,
2010-11-05,7:30am,USD,Non-Farm Employment Change,High,63K,-41K,
2010-11-05,7:30am,USD,Unemployment Rate,High,9.6%,9.6%,
2010-11-05,7:30am,USD,Average Hourly Earnings m/m,Low,0.2%,0.1%,
2010-11-05,8:30am,USD,FOMC Member Hoenig Speaks,Low,,,
2010-11-05,11:30am,USD,Pending Home Sales m/m,High,3.2%,4.4%,
2010-11-05,12:20pm,USD,FOMC Member Bullard Speaks,Low,,,
2010-11-05,1:00pm,USD,Fed Chairman Bernanke Speaks,High,,,
2010-11-05,2:00pm,USD,Consumer Credit m/m,Medium,-3.1B,-4.9B,
2010-11-07,SunNov 7,USD,Daylight Saving Time Shift,Low,,,
2010-11-07,11:00pm,JPY,BOJ Monthly Report,Low,,,
2010-11-07,11:00pm,JPY,Leading Indicators,Medium,99.4%,99.5%,
2010-11-08,1:00am,EUR,German Trade Balance,Medium,13.2B,12.0B,
2010-11-08,3:30am,EUR,Sentix Investor Confidence,Medium,10.1,8.8,
2010-11-08,5:00am,EUR,German Industrial Production m/m,Low,0.6%,1.5%,
2010-11-08,11:30am,USD,FOMC Member Bullard Speaks,Low,,,
2010-11-08,1:00pm,USD,Loan Officer Survey,Medium,,,
2010-11-08,2:30pm,USD,FOMC Member Warsh Speaks,Low,,,
2010-11-08,5:50pm,JPY,Bank Lending y/y,Medium,,-1.8%,
2010-11-08,5:50pm,JPY,Current Account,Medium,1.23T,1.18T,
2010-11-08,5:50pm,JPY,M2 Money Stock y/y,Medium,2.8%,2.8%,
2010-11-08,6:00pm,GBP,BRC Retail Sales Monitor y/y,Low,,0.5%,
2010-11-08,6:01pm,GBP,RICS House Price Balance,Low,-39%,-36%,
2010-11-08,11:00pm,JPY,Economy Watchers Sentiment,Medium,41.7,41.2,
2010-11-09,12:45am,CHF,SECO Consumer Climate,Low,17,16,
2010-11-09,1:00am,EUR,German Final CPI m/m,Medium,0.1%,0.1%,
2010-11-09,1:45am,EUR,French Gov Budget Balance,Medium,,-122.1B,
2010-11-09,1:45am,EUR,French Trade Balance,Medium,-4.0B,-5.0B,
2010-11-09,3:30am,GBP,Manufacturing Production m/m,High,0.3%,0.4%,
2010-11-09,3:30am,GBP,Goods Trade Balance,Low,-7.9B,-8.5B,
2010-11-09,3:30am,GBP,Industrial Production m/m,Medium,0.5%,0.4%,
2010-11-09,6:30am,USD,NFIB Small Business Index,Medium,91.0,89.0,
2010-11-09,9:00am,GBP,NIESR GDP Estimate,Low,,0.8%,
2010-11-09,9:00am,USD,Final Wholesale Inventories m/m,Medium,0.6%,1.2%,
2010-11-09,9:00am,USD,JOLTS Job Openings,Medium,,3.09M,
2010-11-09,9:00am,USD,RCM/TIPP Economic Optimism,Medium,47.8,46.4,
2010-11-09,12:00pm,USD,10-y Bond Auction,Low,,2.48|3.0,
2010-11-09,11:00pm,JPY,Consumer Confidence,Medium,40.9,41.2,
2010-11-10,1:00am,EUR,German WPI m/m,Medium,0.7%,1.0%,
2010-11-10,1:45am,EUR,French Industrial Production m/m,Low,0.2%,0.0%,
2010-11-10,3:00am,EUR,Italian Industrial Production m/m,Medium,-0.5%,1.6%,
2010-11-10,4:30am,GBP,BOE Gov King Speaks,High,,,
2010-11-10,4:30am,GBP,BOE Monetary Policy Report,High,,,
2010-11-10,7:30am,USD,Trade Balance,High,-45.0B,-46.5B,
2010-11-10,7:30am,USD,Unemployment Claims,High,451K,459K,
2010-11-10,7:30am,USD,Import Prices m/m,Low,1.1%,-0.1%,
2010-11-10,9:30am,USD,Crude Oil Inventories,Low,1.1M,2.0M,
2010-11-10,11:00am,USD,Natural Gas Storage,Medium,24B,67B,
2010-11-10,12:00pm,EUR,ECB President Trichet Speaks,High,,,
2010-11-10,12:00pm,USD,30-y Bond Auction,Medium,,3.85|2.5,
2010-11-10,1:00pm,USD,Federal Budget Balance,Low,-151.5B,-34.5B,
2010-11-10,5:50pm,JPY,Core Machinery Orders m/m,Low,-9.5%,10.1%,
2010-11-10,5:50pm,JPY,PPI y/y,Medium,0.2%,-0.1%,
2010-11-11,2:00am,EUR,Spanish Flash GDP q/q,Low,0.1%,0.2%,
2010-11-11,3:00am,EUR,ECB Monthly Bulletin,Low,,,
2010-11-11,All Day,USD,Bank Holiday,Low,,,
2010-11-11,6:01pm,GBP,Nationwide Consumer Confidence,Low,55,53,
2010-11-12,1:00am,EUR,German Prelim GDP q/q,High,0.8%,2.3%,
2010-11-12,3:00am,EUR,Italian Prelim GDP q/q,Medium,0.4%,0.5%,
2010-11-12,4:00am,EUR,Flash GDP q/q,Low,0.5%,1.0%,
2010-11-12,4:00am,EUR,Industrial Production m/m,Low,0.4%,1.1%,
2010-11-12,4:00am,GBP,CB Leading Index m/m,Medium,,0.1%,
2010-11-12,7:35am,USD,FOMC Member Tarullo Speaks,Medium,,,
2010-11-12,8:55am,USD,Prelim UoM Consumer Sentiment,High,69.1,67.7,
2010-11-12,8:55am,USD,Prelim UoM Inflation Expectations,Medium,,2.7%,
2010-11-12,3:35pm,USD,FOMC Member Raskin Speaks,Low,,,
2010-11-14,5:50pm,JPY,Prelim GDP q/q,High,0.6%,0.4%,
2010-11-14,5:50pm,JPY,Prelim GDP Price Index y/y,Low,-1.5%,-1.7%,
2010-11-14,6:01pm,GBP,Rightmove HPI m/m,Low,,3.1%,
2010-11-14,10:30pm,JPY,Revised Industrial Production m/m,Medium,-1.9%,-1.9%,
2010-11-15,3:00am,EUR,Italian Trade Balance,Medium,-1.91B,-2.97B,
2010-11-15,4:00am,EUR,Trade Balance,Medium,1.3B,-1.7B,
2010-11-15,7:30am,USD,Core Retail Sales m/m,High,0.4%,0.5%,
2010-11-15,7:30am,USD,Retail Sales m/m,High,0.7%,0.7%,
2010-11-15,7:30am,USD,Empire State Manufacturing Index,Low,13.9,15.7,
2010-11-15,9:00am,USD,Business Inventories m/m,Low,0.6%,0.9%,
2010-11-15,5:50pm,JPY,Tertiary Industry Activity m/m,Low,-0.4%,0.1%,
2010-11-16,All Day,EUR,Eurogroup Meetings,Low,,,
2010-11-16,3:30am,GBP,CPI y/y,High,3.1%,3.1%,
2010-11-16,3:30am,GBP,Core CPI y/y,Low,2.7%,2.7%,
2010-11-16,3:30am,GBP,RPI y/y,Medium,4.5%,4.6%,
2010-11-16,3:32am,GBP,ONS HPI y/y,Medium,8.9%,8.1%,
2010-11-16,4:00am,EUR,German ZEW Economic Sentiment,High,-5.9,-7.2,
2010-11-16,4:00am,EUR,Final Core CPI y/y,Low,1.0%,1.0%,
2010-11-16,4:00am,EUR,Final CPI y/y,Low,1.9%,1.9%,
2010-11-16,4:00am,EUR,ZEW Economic Sentiment,Low,2.3,1.8,
2010-11-16,4:30am,GBP,BOE Inflation Letter,High,,,
2010-11-16,7:30am,USD,PPI m/m,High,0.7%,0.4%,
2010-11-16,7:30am,USD,Core PPI m/m,Low,0.2%,0.1%,
2010-11-16,8:00am,USD,TIC Long-Term Purchases,High,100.3B,128.7B,
2010-11-16,8:15am,USD,Capacity Utilization Rate,Low,74.9%,74.8%,
2010-11-16,8:15am,USD,Industrial Production m/m,Low,0.4%,-0.2%,
2010-11-16,9:00am,USD,NAHB Housing Market Index,Medium,17,15,
2010-11-16,9:30am,GBP,BOE Gov King Speaks,High,,,
2010-11-17,3:30am,GBP,Claimant Count Change,High,5.1K,1.3K,
2010-11-17,3:30am,GBP,MPC Asset Purchase Facility Votes,High,1-0-8,1-0-8,
2010-11-17,3:30am,GBP,MPC Official Bank Rate Votes,High,1-0-8,1-0-8,
2010-11-17,3:30am,GBP,Average Earnings Index 3m/y,Low,2.1%,1.7%,
2010-11-17,3:30am,GBP,Unemployment Rate,Medium,7.7%,7.7%,
2010-11-17,7:00am,USD,FOMC Member Rosengren Speaks,Low,,,
2010-11-17,7:30am,USD,Building Permits,High,0.57M,0.55M,
2010-11-17,7:30am,USD,Core CPI m/m,High,0.1%,0.0%,
2010-11-17,7:30am,USD,CPI y/y,High,1.2%,1.1%,
2010-11-17,7:30am,USD,CPI m/m,Low,0.3%,0.1%,
2010-11-17,7:30am,USD,Housing Starts,Low,0.59M,0.59M,
2010-11-17,8:15am,USD,FOMC Member Bullard Speaks,Low,,,
2010-11-17,9:30am,USD,Crude Oil Inventories,Low,-0.5M,-3.3M,
2010-11-18,3:00am,EUR,Current Account,Low,-2.2B,-6.9B,
2010-11-18,3:30am,GBP,Public Sector Net Borrowing,High,9.0B,14.4B,
2010-11-18,3:30am,GBP,Retail Sales m/m,High,0.5%,-0.5%,
2010-11-18,3:35am,GBP,Prelim Mortgage Approvals,Low,45K,44K,
2010-11-18,3:55am,EUR,Spanish 10-y Bond Auction,Low,,4.14|2.3,
2010-11-18,4:00am,CHF,UBS Economic Expectations,Low,,-27.5,
2010-11-18,4:37am,GBP,10-y Bond Auction,Low,,3.06|2.0,
2010-11-18,5:00am,EUR,German Buba Monthly Report,Medium,,,
2010-11-18,5:00am,GBP,CBI Industrial Order Expectations,Low,-24,-28,
2010-11-18,7:30am,EUR,ECB President Trichet Speaks,Low,,,
2010-11-18,7:30am,USD,Unemployment Claims,High,442K,437K,
2010-11-18,8:45am,GBP,MPC Member Posen Speaks,High,,,
2010-11-18,9:00am,USD,Philly Fed Manufacturing Index,High,5.1,1.0,
2010-11-18,9:00am,USD,Mortgage Delinquencies,Low,,9.85%,
2010-11-18,9:00am,USD,CB Leading Index m/m,Medium,0.5%,0.5%,
2010-11-18,9:00am,USD,FOMC Member Duke Speaks,Medium,,,
2010-11-18,9:30am,USD,Natural Gas Storage,Medium,11B,19B,
2010-11-18,11:00am,USD,FOMC Member Warsh Speaks,Low,,,
2010-11-18,10:30pm,JPY,All Industries Activity m/m,Medium,-0.5%,-0.2%,
2010-11-19,4:15am,USD,Fed Chairman Bernanke Speaks,High,,,
2010-11-19,4:45am,EUR,ECB President Trichet Speaks,Low,,,
2010-11-19,4:45am,USD,Fed Chairman Bernanke Speaks,High,,,
2010-11-19,6:30am,EUR,German Buba President Weber Speaks,Low,,,
2010-11-19,6:45am,GBP,MPC Member Tucker Speaks,Low,,,
2010-11-19,8:15am,EUR,ECB President Trichet Speaks,Low,,,
2010-11-22,10:00am,EUR,ECB President Trichet Speaks,High,,,
2010-11-22,All Day,JPY,Bank Holiday,Low,,,
2010-11-23,2:00am,EUR,French Flash Manufacturing PMI,Low,55.2,55.2,
2010-11-23,2:00am,EUR,French Flash Services PMI,Low,55.0,54.8,
2010-11-23,2:30am,EUR,German Flash Manufacturing PMI,Low,57.0,56.6,
2010-11-23,2:30am,EUR,German Flash Services PMI,Low,55.9,56.0,
2010-11-23,3:00am,EUR,Flash Manufacturing PMI,Low,54.4,54.6,
2010-11-23,3:00am,EUR,Flash Services PMI,Low,53.2,53.3,
2010-11-23,3:30am,GBP,High Street Lending,Low,31.3K,31.1K,
2010-11-23,4:30am,JPY,BOJ Gov Shirakawa Speaks,Low,,,
2010-11-23,5:30am,CHF,SNB Chairman Hildebrand Speaks,Low,,,
2010-11-23,6:00am,EUR,German GfK Consumer Climate,Low,5.1,5.1,
2010-11-23,7:30am,USD,Prelim GDP q/q,High,2.3%,2.0%,
2010-11-23,7:30am,USD,Prelim GDP Price Index q/q,Medium,2.3%,2.3%,
2010-11-23,8:30am,GBP,MPC Member Posen Speaks,High,,,
2010-11-23,8:59am,USD,Richmond Manufacturing Index,Medium,6,5,
2010-11-23,9:00am,USD,Existing Home Sales,High,4.51M,4.50M,
2010-11-23,1:00pm,USD,FOMC Meeting Minutes,High,,,
2010-11-24,WedNov 24,EUR,Italian Retail Sales m/m,Medium,0.3%,0.1%,
2010-11-24,3:30am,GBP,Second Estimate GDP q/q,High,0.8%,0.8%,
2010-11-24,3:30am,GBP,Prelim Business Investment q/q,Low,0.6%,0.7%,
2010-11-24,3:30am,GBP,Index of Services 3m/3m,Medium,0.5%,0.2%,
2010-11-24,4:00am,EUR,Industrial New Orders m/m,Low,-2.6%,5.1%,
2010-11-24,6:20am,GBP,MPC Member Sentance Speaks,Low,,,
2010-11-24,6:21am,EUR,German 10-y Bond Auction,Low,,2.29|1.4,
2010-11-24,7:30am,USD,Core Durable Goods Orders m/m,High,0.7%,1.3%,
2010-11-24,7:30am,USD,Unemployment Claims,High,434K,441K,
2010-11-24,7:30am,USD,Core PCE Price Index m/m,Low,0.1%,0.0%,
2010-11-24,7:30am,USD,Durable Goods Orders m/m,Low,0.2%,5.0%,
2010-11-24,7:30am,USD,Personal Spending m/m,Low,0.5%,0.3%,
2010-11-24,7:30am,USD,Personal Income m/m,Medium,0.4%,0.0%,
2010-11-24,8:00am,EUR,Belgian NBB Business Climate,Low,-2.7,-2.8,
2010-11-24,8:55am,USD,Revised UoM Consumer Sentiment,Low,69.5,69.3,
2010-11-24,8:55am,USD,Revised UoM Inflation Expectations,Medium,,3.0%,
2010-11-24,9:00am,USD,New Home Sales,High,311K,308K,
2010-11-24,9:00am,USD,HPI m/m,Medium,-0.1%,0.0%,
2010-11-24,9:30am,USD,Crude Oil Inventories,Low,-1.9M,-7.3M,
2010-11-24,11:00am,USD,Natural Gas Storage,Medium,-6B,3B,
2010-11-24,12:00pm,EUR,German Buba President Weber Speaks,Low,,,
2010-11-24,5:50pm,JPY,Trade Balance,Low,0.63T,0.61T,
2010-11-24,5:50pm,JPY,SPPI y/y,Medium,-1.0%,-1.1%,
2010-11-25,4:00am,GBP,Monetary Policy Report Hearings,High,,,
2010-11-25,5:00am,GBP,BOE Gov King Speaks,High,,,
2010-11-25,5:00am,GBP,CBI Realized Sales,Low,34,36,
2010-11-25,All Day,USD,Bank Holiday,Low,,,
2010-11-25,5:30pm,JPY,Tokyo Core CPI y/y,Low,-0.4%,-0.5%,
2010-11-25,5:30pm,JPY,National Core CPI y/y,Medium,-0.6%,-1.1%,
2010-11-26,All Day,EUR,German Prelim CPI m/m,Low,0.0%,0.1%,
2010-11-26,1:45am,EUR,French Consumer Spending m/m,Low,0.2%,1.6%,
2010-11-26,3:00am,EUR,M3 Money Supply y/y,Low,1.3%,1.1%,
2010-11-26,3:00am,EUR,Private Loans y/y,Medium,1.4%,1.2%,
2010-11-26,4:30am,CHF,KOF Economic Barometer,High,2.09,2.16,
2010-11-28,5:50pm,JPY,Retail Sales y/y,Low,0.8%,1.4%,
2010-11-28,7:00pm,JPY,BOJ Gov Shirakawa Speaks,Low,,,
2010-11-29,3:00am,EUR,Retail PMI,Medium,,48.0,
2010-11-29,3:30am,GBP,Net Lending to Individuals m/m,Low,0.8B,0.2B,
2010-11-29,3:30am,GBP,M4 Money Supply m/m,Medium,0.5%,-0.2%,
2010-11-29,3:30am,GBP,Mortgage Approvals,Medium,47K,47K,
2010-11-29,4:00am,EUR,EU Economic Forecasts,Medium,,,
2010-11-29,4:31am,EUR,Italian 10-y Bond Auction,Low,,3.89|1.4,
2010-11-29,9:30am,GBP,Autumn Forecast Statement,Low,,,
2010-11-29,5:15pm,JPY,Final Manufacturing PMI,Medium,,47.2,
2010-11-29,5:30pm,JPY,Household Spending y/y,Low,-0.4%,0.0%,
2010-11-29,5:30pm,JPY,Unemployment Rate,Medium,5.0%,5.0%,
2010-11-29,5:50pm,JPY,Prelim Industrial Production m/m,Low,-2.6%,-1.6%,
2010-11-29,6:01pm,GBP,GfK Consumer Confidence,Low,-19,-19,
2010-11-29,7:30pm,JPY,Average Cash Earnings y/y,Low,0.7%,0.9%,
2010-11-29,11:00pm,JPY,Housing Starts y/y,Medium,10.0%,17.7%,
2010-11-30,2:55am,EUR,German Unemployment Change,Low,-19K,-3K,
2010-11-30,4:00am,EUR,CPI Flash Estimate y/y,Low,1.9%,1.9%,
2010-11-30,4:00am,EUR,Unemployment Rate,Low,10.1%,10.0%,
2010-11-30,4:00am,EUR,Italian Prelim CPI m/m,Medium,0.1%,0.2%,
2010-11-30,5:00am,EUR,Italian Monthly Unemployment Rate,Medium,8.3%,8.3%,
2010-11-30,8:00am,USD,S&P/CS Composite-20 HPI y/y,Low,1.2%,1.7%,
2010-11-30,8:45am,USD,Chicago PMI,Low,60.1,60.6,
2010-11-30,9:00am,USD,CB Consumer Confidence,High,52.7,49.9,
2010-11-30,9:30am,EUR,ECB President Trichet Speaks,High,,,
2010-11-30,2:00pm,USD,Fed Chairman Bernanke Speaks,High,,,
2010-11-30,9:45pm,JPY,10-y Bond Auction,Medium,,0.97|3.9,
2010-12-01,WedDec 1,GBP,Nationwide HPI m/m,High,-0.3%,-0.7%,
2010-12-01,2:00am,GBP,MPC Member Tucker Speaks,Low,,,
2010-12-01,2:15am,EUR,Spanish Manufacturing PMI,Low,,51.2,
2010-12-01,2:30am,CHF,Manufacturing PMI,Low,60.6,59.2,
2010-12-01,2:45am,EUR,Italian Manufacturing PMI,Low,52.4,53.0,
2010-12-01,2:50am,EUR,French Final Manufacturing PMI,Medium,57.5,57.5,
2010-12-01,2:55am,EUR,German Final Manufacturing PMI,Medium,58.9,58.9,
2010-12-01,3:00am,EUR,Final Manufacturing PMI,Medium,55.5,55.5,
2010-12-01,3:30am,GBP,Final Manufacturing PMI,High,54.8,55.4,
2010-12-01,6:30am,USD,Challenger Job Cuts y/y,Medium,,-31.8%,
2010-12-01,7:15am,USD,ADP Non-Farm Employment Change,High,70K,82K,
2010-12-01,7:30am,USD,Revised Nonfarm Productivity q/q,Low,2.4%,1.9%,
2010-12-01,7:30am,USD,Revised Unit Labor Costs q/q,Medium,-0.2%,-0.1%,
2010-12-01,8:10am,USD,FOMC Member Yellen Speaks,Low,,,
2010-12-01,9:00am,USD,ISM Manufacturing PMI,High,56.4,56.9,
2010-12-01,9:00am,USD,Construction Spending m/m,Medium,-0.3%,0.7%,
2010-12-01,9:00am,USD,ISM Manufacturing Prices,Medium,70.9,71.0,
2010-12-01,9:30am,USD,Crude Oil Inventories,Low,-0.8M,1.0M,
2010-12-01,All Day,USD,Total Vehicle Sales,Medium,12.1M,12.3M,
2010-12-01,12:40pm,GBP,MPC Member Dale Speaks,Low,,,
2010-12-01,1:00pm,USD,Beige Book,Low,,,
2010-12-01,5:50pm,JPY,Capital Spending q/y,Low,6.1%,-1.7%,
2010-12-01,5:50pm,JPY,Monetary Base y/y,Medium,6.9%,6.4%,
2010-12-02,2:00am,EUR,Spanish Unemployment Change,Low,,68.2K,
2010-12-02,2:15am,CHF,Retail Sales y/y,High,4.9%,4.1%,
2010-12-02,3:30am,GBP,Construction PMI,Low,51.1,51.6,
2010-12-02,4:00am,EUR,PPI m/m,Medium,0.4%,0.3%,
2010-12-02,4:00am,EUR,Revised GDP q/q,Medium,0.4%,0.4%,
2010-12-02,6:45am,EUR,Main Refinancing Rate,High,1.00%,1.00%,
2010-12-02,7:30am,EUR,ECB Press Conference,High,,,
2010-12-02,7:30am,USD,Unemployment Claims,High,425K,410K,
2010-12-02,9:00am,EUR,German Buba President Weber Speaks,Low,,,
2010-12-02,9:00am,USD,Pending Home Sales m/m,High,-0.7%,-1.8%,
2010-12-02,9:30am,USD,Natural Gas Storage,Medium,-26B,-6B,
2010-12-02,11:30am,USD,FOMC Member Bullard Speaks,Low,,,
2010-12-02,1:00pm,USD,FOMC Member Duke Speaks,Medium,,,
2010-12-03,2:15am,CHF,CPI m/m,Low,0.1%,0.5%,
2010-12-03,2:15am,EUR,Spanish Services PMI,Medium,,46.5,
2010-12-03,2:45am,EUR,Italian Services PMI,Medium,51.4,51.0,
2010-12-03,2:50am,EUR,French Final Services PMI,Medium,55.7,55.7,
2010-12-03,2:55am,EUR,German Final Services PMI,Medium,58.6,58.6,
2010-12-03,3:00am,EUR,Final Services PMI,Medium,55.2,55.2,
2010-12-03,3:30am,GBP,Final Services PMI,High,53.2,53.2,
2010-12-03,4:00am,EUR,Retail Sales m/m,Low,0.4%,-0.1%,
2010-12-03,7:30am,USD,Non-Farm Employment Change,High,143K,172K,
2010-12-03,7:30am,USD,Unemployment Rate,High,9.6%,9.6%,
2010-12-03,7:30am,USD,Average Hourly Earnings m/m,Low,0.2%,0.3%,
2010-12-03,9:00am,USD,ISM Services PMI,High,54.7,54.3,
2010-12-03,9:00am,USD,Factory Orders m/m,Low,-0.7%,3.0%,
2010-12-05,6:00pm,USD,Fed Chairman Bernanke Speaks,High,,,
2010-12-06,All Day,EUR,Eurogroup Meetings,Low,,,
2010-12-06,3:30am,EUR,Sentix Investor Confidence,Medium,13.2,14.0,
2010-12-06,6:00pm,GBP,BRC Retail Sales Monitor y/y,Low,,0.8%,
2010-12-06,9:45pm,JPY,30-y Bond Auction,Medium,,1.98|5.4,
2010-12-06,11:00pm,JPY,Leading Indicators,Medium,97.6%,98.6%,
2010-12-07,All Day,EUR,ECOFIN Meetings,Low,,,
2010-12-07,3:30am,GBP,Manufacturing Production m/m,High,0.4%,0.2%,
2010-12-07,3:30am,GBP,Industrial Production m/m,Medium,0.3%,0.4%,
2010-12-07,5:00am,EUR,German Factory Orders m/m,Low,1.9%,-4.0%,
2010-12-07,9:00am,GBP,NIESR GDP Estimate,Low,,0.5%,
2010-12-07,9:00am,USD,JOLTS Job Openings,Medium,,3.01M,
2010-12-07,9:00am,USD,RCM/TIPP Economic Optimism,Medium,48.3,46.7,
2010-12-07,2:00pm,USD,Consumer Credit m/m,Medium,-0.9B,1.2B,
2010-12-07,5:50pm,JPY,Core Machinery Orders m/m,Low,0.0%,-10.3%,
2010-12-07,5:50pm,JPY,Bank Lending y/y,Medium,,-1.9%,
2010-12-07,5:50pm,JPY,Current Account,Medium,1.55T,1.66T,
2010-12-07,5:50pm,JPY,M2 Money Stock y/y,Medium,2.7%,2.8%,
2010-12-07,6:00pm,GBP,BRC Shop Price Index y/y,Medium,,2.2%,
2010-12-07,11:00pm,JPY,Economy Watchers Sentiment,Medium,42.1,40.2,
2010-12-08,All Day,EUR,Italian Bank Holiday,Low,,,
2010-12-08,1:45am,EUR,French Gov Budget Balance,Medium,,-124.2B,
2010-12-08,1:45am,EUR,French Trade Balance,Medium,-4.2B,-4.4B,
2010-12-08,5:00am,EUR,German Industrial Production m/m,Low,1.1%,-1.0%,
2010-12-08,5:00am,GBP,CBI Industrial Order Expectations,Low,-12,-15,
2010-12-08,9:30am,USD,Crude Oil Inventories,Low,-1.3M,1.1M,
2010-12-08,10:00am,EUR,German Buba President Weber Speaks,Low,,,
2010-12-08,12:00pm,USD,10-y Bond Auction,Low,,2.64|2.8,
2010-12-08,5:50pm,JPY,Final GDP q/q,Low,1.0%,0.9%,
2010-12-08,5:52pm,JPY,Final GDP Price Index y/y,Medium,-2.0%,-2.0%,
2010-12-09,12:30am,EUR,French Final Private Payrolls q/q,Medium,0.3%,0.3%,
2010-12-09,1:00am,EUR,German Final CPI m/m,Medium,0.1%,0.1%,
2010-12-09,2:00am,GBP,Halifax HPI m/m,High,0.3%,1.8%,
2010-12-09,3:00am,EUR,ECB Monthly Bulletin,Low,,,
2010-12-09,3:30am,GBP,Goods Trade Balance,Low,-8.1B,-8.4B,
2010-12-09,4:00am,GBP,CB Leading Index m/m,Medium,,0.5%,
2010-12-09,5:00am,EUR,ECB Financial Stability Review,Medium,,,
2010-12-09,6:00am,GBP,Asset Purchase Facility,High,200B,200B,
2010-12-09,6:00am,GBP,Official Bank Rate,High,0.50%,0.50%,
2010-12-09,7:30am,USD,Unemployment Claims,High,426K,438K,
2010-12-09,9:00am,USD,Final Wholesale Inventories m/m,Medium,0.9%,2.1%,
2010-12-09,9:30am,USD,Natural Gas Storage,Medium,-83B,-23B,
2010-12-09,12:00pm,USD,30-y Bond Auction,Medium,,4.32|2.3,
2010-12-09,5:50pm,JPY,BSI Manufacturing Index,Low,14.3,13.3,
2010-12-09,5:50pm,JPY,PPI y/y,Medium,1.1%,0.8%,
2010-12-09,11:00pm,JPY,Consumer Confidence,Medium,42.3,40.9,
2010-12-10,1:45am,EUR,French Industrial Production m/m,Low,0.4%,0.1%,
2010-12-10,3:00am,EUR,Italian Industrial Production m/m,Medium,0.8%,-2.1%,
2010-12-10,3:30am,GBP,PPI Output m/m,Medium,0.4%,0.6%,
2010-12-10,7:30am,USD,Trade Balance,High,-43.5B,-44.6B,
2010-12-10,7:30am,USD,Import Prices m/m,Low,0.9%,1.0%,
2010-12-10,8:55am,USD,Prelim UoM Consumer Sentiment,High,72.4,71.6,
2010-12-10,8:55am,USD,Prelim UoM Inflation Expectations,Medium,,3.0%,
2010-12-10,10:15am,EUR,ECB President Trichet Speaks,Low,,,
2010-12-10,1:00pm,USD,Federal Budget Balance,Low,-129.8B,-140.4B,
2010-12-12,5:15pm,GBP,Rightmove HPI m/m,Low,,-3.2%,
2010-12-13,3:30am,GBP,PPI Input m/m,High,0.7%,2.2%,
2010-12-13,5:30am,GBP,MPC Member Bean Speaks,Low,,,
2010-12-13,12:30pm,EUR,ECB President Trichet Speaks,Low,,,
2010-12-13,6:01pm,GBP,RICS House Price Balance,Low,-49%,-49%,
2010-12-13,10:30pm,JPY,Revised Industrial Production m/m,Medium,-1.8%,-1.8%,
2010-12-14,12:45am,CHF,SECO Economic Forecasts,Low,,,
2010-12-14,3:30am,GBP,CPI y/y,High,3.1%,3.2%,
2010-12-14,3:30am,GBP,Core CPI y/y,Low,2.6%,2.7%,
2010-12-14,3:30am,GBP,ONS HPI y/y,Medium,5.8%,6.1%,
2010-12-14,3:30am,GBP,RPI y/y,Medium,4.4%,4.5%,
2010-12-14,4:00am,EUR,German ZEW Economic Sentiment,High,3.8,1.8,
2010-12-14,4:00am,EUR,Industrial Production m/m,Low,1.4%,-0.7%,
2010-12-14,4:00am,EUR,ZEW Economic Sentiment,Low,10.3,13.8,
2010-12-14,6:30am,USD,NFIB Small Business Index,Medium,92.3,91.7,
2010-12-14,7:30am,USD,Core Retail Sales m/m,High,0.7%,0.8%,
2010-12-14,7:30am,USD,PPI m/m,High,0.6%,0.4%,
2010-12-14,7:30am,USD,Retail Sales m/m,High,0.6%,1.7%,
2010-12-14,7:30am,USD,Core PPI m/m,Low,0.2%,-0.6%,
2010-12-14,9:00am,USD,Business Inventories m/m,Low,0.9%,1.3%,
2010-12-14,1:15pm,USD,Federal Funds Rate,High,<0.25%,<0.25%,
2010-12-14,1:15pm,USD,FOMC Statement,High,,,
2010-12-14,5:50pm,JPY,Tankan Manufacturing Index,High,4,8,
2010-12-14,5:50pm,JPY,Tankan Non-Manufacturing Index,Low,0,2,
2010-12-14,5:50pm,JPY,Tertiary Industry Activity m/m,Low,0.4%,-0.8%,
2010-12-15,3:30am,GBP,Claimant Count Change,High,-2.9K,-5.2K,
2010-12-15,3:30am,GBP,Average Earnings Index 3m/y,Low,2.2%,2.1%,
2010-12-15,3:30am,GBP,Unemployment Rate,Medium,7.7%,7.7%,
2010-12-15,4:00am,CHF,UBS Economic Expectations,Low,,-30.9,
2010-12-15,4:00am,EUR,Final Employment Change q/q,Medium,0.2%,0.1%,
2010-12-15,5:00am,GBP,CBI Realized Sales,Low,38,43,
2010-12-15,7:30am,USD,Core CPI m/m,High,0.1%,0.0%,
2010-12-15,7:30am,USD,CPI y/y,High,1.1%,1.2%,
2010-12-15,7:30am,USD,CPI m/m,Low,0.2%,0.2%,
2010-12-15,7:30am,USD,Empire State Manufacturing Index,Low,4.7,-11.1,
2010-12-15,8:00am,USD,TIC Long-Term Purchases,High,82.3B,77.2B,
2010-12-15,8:15am,USD,Capacity Utilization Rate,Low,75.1%,74.9%,
2010-12-15,8:15am,USD,Industrial Production m/m,Low,0.4%,-0.2%,
2010-12-15,9:00am,USD,NAHB Housing Market Index,Medium,16,16,
2010-12-15,9:30am,USD,Crude Oil Inventories,Low,-2.7M,-3.8M,
2010-12-16,ThuDec 16,EUR,French Flash Services PMI,Low,55.4,55.0,
2010-12-16,2:19am,CHF,Industrial Production q/q,Low,1.1%,5.8%,
2010-12-16,2:20am,GBP,MPC Member Posen Speaks,High,,,
2010-12-16,2:30am,CHF,Libor Rate,High,0.25%,0.25%,
2010-12-16,2:30am,CHF,SNB Monetary Policy Assessment,High,,,
2010-12-16,2:30am,CHF,SNB Press Conference,High,,,
2010-12-16,2:30am,EUR,German Flash Manufacturing PMI,Low,58.2,58.1,
2010-12-16,2:30am,EUR,German Flash Services PMI,Low,59.1,59.2,
2010-12-16,3:00am,EUR,Flash Manufacturing PMI,Low,55.3,55.3,
2010-12-16,3:00am,EUR,Flash Services PMI,Low,55.3,55.4,
2010-12-16,Day 1,EUR,EU Economic Summit,High,,,
2010-12-16,All Day,EUR,ECOFIN Meetings,Low,,,
2010-12-16,3:30am,GBP,Retail Sales m/m,High,0.5%,0.7%,
2010-12-16,3:30am,GBP,Consumer Inflation Expectations,Low,,3.4%,
2010-12-16,3:40am,EUR,Spanish 10-y Bond Auction,Low,,4.62|1.8,
2010-12-16,4:00am,EUR,Final Core CPI y/y,Low,1.2%,1.1%,
2010-12-16,4:00am,EUR,Final CPI y/y,Low,1.9%,1.9%,
2010-12-16,7:30am,USD,Building Permits,High,0.57M,0.55M,
2010-12-16,7:30am,USD,Unemployment Claims,High,421K,423K,
2010-12-16,7:30am,USD,Current Account,Low,-126B,-123B,
2010-12-16,7:30am,USD,Housing Starts,Low,0.55M,0.53M,
2010-12-16,9:00am,USD,Philly Fed Manufacturing Index,High,14.8,22.5,
2010-12-16,9:30am,USD,Natural Gas Storage,Medium,-166B,-89B,
2010-12-16,6:01pm,GBP,Nationwide Consumer Confidence,Low,53,52,
2010-12-16,6:01pm,GBP,BOE Financial Stability Report,Medium,,,
2010-12-17,3:00am,EUR,German ifo Business Climate,High,109.2,109.3,
2010-12-17,Day 2,EUR,EU Economic Summit,High,,,
2010-12-17,4:00am,EUR,Trade Balance,Medium,2.9B,2.0B,
2010-12-17,9:00am,USD,CB Leading Index m/m,Medium,1.2%,0.4%,
2010-12-20,3:00am,EUR,Current Account,Low,-6.2B,-9.7B,
2010-12-20,3:34am,GBP,Prelim Mortgage Approvals,Low,47K,44K,
2010-12-20,5:00am,EUR,German Buba Monthly Report,Medium,,,
2010-12-20,9:00am,EUR,Consumer Confidence,Medium,-9,-10,
2010-12-20,6:00pm,GBP,GfK Consumer Confidence,Low,-21,-21,
2010-12-20,9:55pm,JPY,Monetary Policy Statement,High,,,
2010-12-20,9:55pm,JPY,Overnight Call Rate,High,<0.10%,<0.10%,
2010-12-20,10:30pm,JPY,All Industries Activity m/m,Medium,-0.1%,-0.8%,
2010-12-21,1:10am,JPY,BOJ Press Conference,High,,,
2010-12-21,1:15am,CHF,Trade Balance,Low,1.98B,2.05B,
2010-12-21,3:30am,GBP,Public Sector Net Borrowing,High,16.8B,8.6B,
2010-12-21,4:00am,EUR,Italian Quarterly Unemployment Rate,Medium,8.3%,8.4%,
2010-12-21,8:00am,USD,Fed Announcement,Low,,,
2010-12-21,5:50pm,JPY,Trade Balance,Low,0.63T,0.58T,
2010-12-21,11:00pm,JPY,BOJ Monthly Report,Low,,,
2010-12-22,3:00am,EUR,Italian Retail Sales m/m,Medium,0.2%,-0.3%,
2010-12-22,3:30am,GBP,Current Account,High,-8.1B,-5.2B,
2010-12-22,3:30am,GBP,MPC Asset Purchase Facility Votes,High,1-0-8,1-0-8,
2010-12-22,3:30am,GBP,MPC Official Bank Rate Votes,High,1-0-8,1-0-8,
2010-12-22,3:30am,GBP,Final GDP q/q,Low,0.8%,0.8%,
2010-12-22,3:30am,GBP,Revised Business Investment q/q,Medium,-0.1%,-0.2%,
2010-12-22,7:30am,USD,Final GDP q/q,Low,2.8%,2.5%,
2010-12-22,7:30am,USD,Final GDP Price Index q/q,Medium,2.3%,2.3%,
2010-12-22,8:00am,EUR,Belgian NBB Business Climate,Low,1.2,0.8,
2010-12-22,9:00am,USD,Existing Home Sales,High,4.72M,4.43M,
2010-12-22,9:00am,USD,HPI m/m,Medium,-0.1%,-1.2%,
2010-12-22,9:30am,USD,Crude Oil Inventories,Low,-1.1M,-9.9M,
2010-12-22,All Day,JPY,Bank Holiday,Low,,,
2010-12-23,3:30am,GBP,High Street Lending,Low,31.3K,30.7K,
2010-12-23,3:30am,GBP,Index of Services 3m/3m,Medium,0.4%,0.5%,
2010-12-23,7:30am,USD,Core Durable Goods Orders m/m,High,1.7%,-1.9%,
2010-12-23,7:30am,USD,Unemployment Claims,High,421K,423K,
2010-12-23,7:30am,USD,Core PCE Price Index m/m,Low,0.1%,0.0%,
2010-12-23,7:30am,USD,Durable Goods Orders m/m,Low,-0.5%,-3.1%,
2010-12-23,7:30am,USD,Personal Spending m/m,Low,0.5%,0.7%,
2010-12-23,7:30am,USD,Personal Income m/m,Medium,0.3%,0.4%,
2010-12-23,8:55am,USD,Revised UoM Consumer Sentiment,Low,74.7,74.2,
2010-12-23,8:55am,USD,Revised UoM Inflation Expectations,Medium,,2.9%,
2010-12-23,9:00am,USD,New Home Sales,High,301K,275K,
2010-12-23,9:30am,USD,Natural Gas Storage,Medium,-170B,-164B,
2010-12-24,4:00am,CHF,SNB Quarterly Bulletin,Medium,,,
2010-12-26,5:50pm,JPY,Monetary Policy Meeting Minutes,Low,,,
2010-12-26,5:50pm,JPY,Monetary Policy Meeting Minutes,Low,,,
2010-12-26,5:50pm,JPY,SPPI y/y,Medium,-1.1%,-1.3%,
2010-12-26,11:00pm,JPY,Housing Starts y/y,Medium,5.0%,6.4%,
2010-12-27,5:30pm,JPY,Household Spending y/y,Low,0.4%,-0.4%,
2010-12-27,5:30pm,JPY,Tokyo Core CPI y/y,Low,-0.4%,-0.5%,
2010-12-27,5:30pm,JPY,National Core CPI y/y,Medium,-0.5%,-0.6%,
2010-12-27,5:30pm,JPY,Unemployment Rate,Medium,5.1%,5.1%,
2010-12-27,5:50pm,JPY,Prelim Industrial Production m/m,Low,1.0%,-2.0%,
2010-12-27,5:50pm,JPY,Retail Sales y/y,Low,0.4%,-0.2%,
2010-12-27,7:30pm,JPY,Average Cash Earnings y/y,Low,0.6%,0.5%,
2010-12-28,All Day,GBP,Bank Holiday,Low,,,
2010-12-28,8:00am,USD,S&P/CS Composite-20 HPI y/y,Low,-0.1%,0.4%,
2010-12-28,8:59am,USD,Richmond Manufacturing Index,Medium,11,9,
2010-12-28,9:00am,USD,CB Consumer Confidence,High,56.2,54.3,
2010-12-29,3:00am,EUR,M3 Money Supply y/y,Low,1.6%,0.9%,
2010-12-29,3:00am,EUR,Private Loans y/y,Medium,1.7%,1.5%,
2010-12-29,3:30am,GBP,Housing Equity Withdrawal q/q,Medium,-5.5B,-5.8B,
2010-12-29,4:30am,CHF,KOF Economic Barometer,High,2.07,2.13,
2010-12-29,5:15pm,JPY,Final Manufacturing PMI,Medium,,47.3,
2010-12-30,4:32am,EUR,Italian 10-y Bond Auction,Low,,4.43|1.3,
2010-12-30,7:30am,USD,Unemployment Claims,High,416K,422K,
2010-12-30,8:45am,USD,Chicago PMI,Low,61.2,62.5,
2010-12-30,9:00am,USD,Pending Home Sales m/m,High,1.8%,10.1%,
2010-12-30,9:30am,USD,Natural Gas Storage,Medium,-171B,-184B,
2010-12-30,10:00am,USD,Crude Oil Inventories,Low,-2.8M,-5.3M,
2010-12-30,All Day,JPY,Bank Holiday,Low,,,
2010-12-31,All Day,EUR,German Bank Holiday,Low,,,
2010-01-02,All Day,JPY,Bank Holiday,Low,,,
