date,time,currency,event,impact,actual,forecast,previous
2011-01-03,All Day,EUR,Italian Bank Holiday,Low,,,
2011-01-03,All Day,EUR,French Bank Holiday,Low,,,
2011-01-03,All Day,GBP,Bank Holiday,Low,,,
2011-01-03,2:15am,EUR,Spanish Manufacturing PMI,Low,,50.0,
2011-01-03,2:30am,CHF,Manufacturing PMI,Low,61.7,61.8,
2011-01-03,2:45am,EUR,Italian Manufacturing PMI,Low,52.3,52.0,
2011-01-03,2:50am,EUR,French Final Manufacturing PMI,Medium,56.3,56.3,
2011-01-03,2:55am,EUR,German Final Manufacturing PMI,Medium,60.9,60.9,
2011-01-03,3:00am,EUR,Final Manufacturing PMI,Medium,56.9,56.8,
2011-01-03,9:00am,USD,ISM Manufacturing PMI,High,57.0,56.6,
2011-01-03,9:00am,USD,Construction Spending m/m,Medium,0.2%,0.7%,
2011-01-03,9:00am,USD,ISM Manufacturing Prices,Medium,71.2,69.5,
2011-01-04,2:55am,EUR,German Unemployment Change,Low,-12K,-8K,
2011-01-04,3:30am,GBP,Final Manufacturing PMI,High,57.3,57.5,
2011-01-04,3:30am,GBP,Net Lending to Individuals m/m,Low,0.9B,1.5B,
2011-01-04,3:30am,GBP,M4 Money Supply m/m,Medium,0.4%,0.7%,
2011-01-04,3:30am,GBP,Mortgage Approvals,Medium,47K,47K,
2011-01-04,4:00am,EUR,CPI Flash Estimate y/y,Low,2.0%,1.9%,
2011-01-04,4:00am,EUR,Italian Prelim CPI m/m,Medium,0.2%,0.0%,
2011-01-04,9:00am,USD,Factory Orders m/m,Low,-0.1%,-0.7%,
2011-01-04,All Day,USD,Total Vehicle Sales,Medium,12.3M,12.3M,
2011-01-04,1:00pm,USD,FOMC Meeting Minutes,High,,,
2011-01-04,5:50pm,JPY,Monetary Base y/y,Medium,7.9%,7.6%,
2011-01-05,2:45am,EUR,Italian Services PMI,Medium,53.6,54.4,
2011-01-05,2:50am,EUR,French Final Services PMI,Medium,54.1,54.1,
2011-01-05,2:55am,EUR,German Final Services PMI,Medium,58.3,58.3,
2011-01-05,3:00am,EUR,Final Services PMI,Medium,53.7,53.7,
2011-01-05,3:30am,GBP,Construction PMI,Low,51.1,51.8,
2011-01-05,4:00am,EUR,Industrial New Orders m/m,Low,1.3%,-4.2%,
2011-01-05,4:00am,EUR,PPI m/m,Medium,0.3%,0.4%,
2011-01-05,4:05am,EUR,German 10-y Bond Auction,Low,,2.59|1.2,
2011-01-05,6:30am,USD,Challenger Job Cuts y/y,Medium,,-3.3%,
2011-01-05,7:15am,USD,ADP Non-Farm Employment Change,High,101K,92K,
2011-01-05,9:00am,USD,ISM Services PMI,High,55.6,55.0,
2011-01-05,9:30am,USD,Crude Oil Inventories,Low,-1.4M,-1.3M,
2011-01-05,9:45pm,JPY,10-y Bond Auction,Medium,,1.19|2.4,
2011-01-06,2:15am,CHF,CPI m/m,Low,-0.1%,0.2%,
2011-01-06,3:27am,CHF,Foreign Currency Reserves,High,,212B,
2011-01-06,3:30am,GBP,Final Services PMI,High,52.9,53.0,
2011-01-06,3:30am,GBP,BOE Credit Conditions Survey,Low,,,
2011-01-06,4:00am,EUR,French 10-y Bond Auction,Low,,2.87|1.9,
2011-01-06,4:00am,EUR,Retail Sales m/m,Low,0.3%,0.0%,
2011-01-06,4:38am,GBP,10-y Bond Auction,Low,,3.45|1.8,
2011-01-06,5:00am,EUR,German Factory Orders m/m,Low,1.0%,1.6%,
2011-01-06,7:30am,USD,Unemployment Claims,High,400K,391K,
2011-01-06,9:30am,USD,Natural Gas Storage,Medium,-135B,-136B,
2011-01-07,1:00am,EUR,German Retail Sales m/m,Low,0.6%,0.1%,
2011-01-07,1:00am,EUR,German Trade Balance,Medium,14.5B,14.2B,
2011-01-07,1:45am,EUR,French Trade Balance,Medium,-4.0B,-3.7B,
2011-01-07,3:00am,EUR,ECB President Trichet Speaks,Low,,,
2011-01-07,3:00am,EUR,Italian Monthly Unemployment Rate,Medium,8.6%,8.7%,
2011-01-07,4:00am,EUR,Unemployment Rate,Low,10.1%,10.1%,
2011-01-07,4:00am,EUR,Final GDP q/q,Medium,0.4%,0.4%,
2011-01-07,5:00am,EUR,German Industrial Production m/m,Low,-0.1%,3.0%,
2011-01-07,7:30am,USD,Non-Farm Employment Change,High,159K,71K,
2011-01-07,7:30am,USD,Unemployment Rate,High,9.7%,9.8%,
2011-01-07,7:30am,USD,Average Hourly Earnings m/m,Low,0.2%,0.0%,
2011-01-07,8:30am,USD,Fed Chairman Bernanke Testifies,High,,,
2011-01-07,10:35am,USD,President Obama Speaks,Medium,,,
2011-01-07,12:30pm,USD,FOMC Member Duke Speaks,Medium,,,
2011-01-07,2:00pm,USD,Consumer Credit m/m,Medium,0.1B,7.0B,
2011-01-07,3:30pm,USD,FOMC Member Evans Speaks,Low,,,
2011-01-09,All Day,JPY,Bank Holiday,Low,,,
2011-01-10,2:00am,GBP,Halifax HPI m/m,High,-0.3%,-0.2%,
2011-01-10,2:15am,CHF,Retail Sales y/y,High,2.2%,3.5%,
2011-01-10,3:30am,EUR,Sentix Investor Confidence,Medium,11.9,9.7,
2011-01-10,6:00am,EUR,ECB President Trichet Speaks,High,,,
2011-01-10,6:00pm,GBP,BRC Retail Sales Monitor y/y,Low,,0.7%,
2011-01-10,11:00pm,JPY,Leading Indicators,Medium,100.9%,97.2%,
2011-01-11,7:30am,USD,FOMC Member Plosser Speaks,Low,,,
2011-01-11,9:00am,USD,Final Wholesale Inventories m/m,Medium,1.1%,1.7%,
2011-01-11,9:00am,USD,JOLTS Job Openings,Medium,,3.33M,
2011-01-11,1:00pm,USD,FOMC Member Kocherlakota Speaks,Low,,,
2011-01-11,5:50pm,JPY,Bank Lending y/y,Medium,,-2.0%,
2011-01-11,5:50pm,JPY,Current Account,Medium,0.99T,1.46T,
2011-01-11,5:50pm,JPY,M2 Money Stock y/y,Medium,2.6%,2.6%,
2011-01-11,6:01pm,GBP,BRC Shop Price Index y/y,Medium,,2.0%,
2011-01-11,6:22pm,USD,RCM/TIPP Economic Optimism,Medium,47.1,45.8,
2011-01-11,11:00pm,JPY,Economy Watchers Sentiment,Medium,44.9,43.6,
2011-01-12,3:00am,EUR,Italian Industrial Production m/m,Medium,0.7%,-0.1%,
2011-01-12,3:30am,GBP,Goods Trade Balance,Low,-8.2B,-8.6B,
2011-01-12,4:00am,EUR,Industrial Production m/m,Low,0.5%,0.7%,
2011-01-12,7:30am,USD,Import Prices m/m,Low,1.3%,1.5%,
2011-01-12,7:30am,USD,Treasury Sec Geithner Speaks,Low,,,
2011-01-12,9:30am,USD,Crude Oil Inventories,Low,0.4M,-4.2M,
2011-01-12,12:00pm,CHF,Gov Board Member Jordan Speaks,High,,,
2011-01-12,12:00pm,USD,10-y Bond Auction,Low,,3.34|2.9,
2011-01-12,12:00pm,USD,FOMC Member Fisher Speaks,Low,,,
2011-01-12,1:00pm,USD,Beige Book,Low,,,
2011-01-12,1:00pm,USD,Federal Budget Balance,Low,-81.1B,-150.4B,
2011-01-12,5:50pm,JPY,Core Machinery Orders m/m,Low,2.1%,-1.4%,
2011-01-12,9:45pm,JPY,30-y Bond Auction,Medium,,2.19|3.0,
2011-01-13,12:30am,EUR,French Final CPI m/m,Medium,0.4%,0.1%,
2011-01-13,1:00am,EUR,German WPI m/m,Medium,0.6%,0.7%,
2011-01-13,3:30am,GBP,Manufacturing Production m/m,High,0.5%,0.6%,
2011-01-13,3:30am,GBP,Industrial Production m/m,Medium,0.5%,-0.1%,
2011-01-13,6:00am,GBP,Asset Purchase Facility,High,200B,200B,
2011-01-13,6:00am,GBP,Official Bank Rate,High,0.50%,0.50%,
2011-01-13,6:45am,EUR,Main Refinancing Rate,High,1.00%,1.00%,
2011-01-13,7:30am,EUR,ECB Press Conference,High,,,
2011-01-13,7:30am,USD,PPI m/m,High,0.8%,0.8%,
2011-01-13,7:30am,USD,Trade Balance,High,-40.8B,-38.4B,
2011-01-13,7:30am,USD,Unemployment Claims,High,405K,410K,
2011-01-13,7:30am,USD,Core PPI m/m,Low,0.2%,0.3%,
2011-01-13,9:00am,GBP,NIESR GDP Estimate,Low,,0.6%,
2011-01-13,9:30am,USD,Natural Gas Storage,Medium,-146B,-135B,
2011-01-13,12:00pm,USD,Fed Chairman Bernanke Speaks,High,,,
2011-01-13,12:00pm,USD,30-y Bond Auction,Medium,,4.41|2.7,
2011-01-13,5:50pm,JPY,PPI y/y,Medium,1.0%,0.9%,
2011-01-14,2:15am,CHF,PPI m/m,Low,0.2%,-0.2%,
2011-01-14,3:00am,EUR,Italian Trade Balance,Medium,-1.96B,-2.01B,
2011-01-14,3:30am,GBP,PPI Input m/m,High,1.6%,0.9%,
2011-01-14,3:30am,GBP,PPI Output m/m,Medium,0.4%,0.4%,
2011-01-14,4:00am,EUR,Final Core CPI y/y,Low,1.1%,1.1%,
2011-01-14,4:00am,EUR,Final CPI y/y,Low,2.2%,2.2%,
2011-01-14,4:00am,EUR,Trade Balance,Medium,1.9B,3.5B,
2011-01-14,7:30am,USD,Core CPI m/m,High,0.1%,0.1%,
2011-01-14,7:30am,USD,Core Retail Sales m/m,High,0.7%,1.0%,
2011-01-14,7:30am,USD,CPI y/y,High,1.4%,1.1%,
2011-01-14,7:30am,USD,Retail Sales m/m,High,0.8%,0.8%,
2011-01-14,7:30am,USD,CPI m/m,Low,0.4%,0.1%,
2011-01-14,8:15am,USD,Capacity Utilization Rate,Low,75.6%,75.4%,
2011-01-14,8:15am,USD,Industrial Production m/m,Low,0.5%,0.3%,
2011-01-14,8:55am,USD,Prelim UoM Consumer Sentiment,High,75.5,74.5,
2011-01-14,8:55am,USD,Prelim UoM Inflation Expectations,Medium,,3.0%,
2011-01-14,9:00am,USD,Business Inventories m/m,Low,0.7%,0.8%,
2011-01-16,6:01pm,GBP,Rightmove HPI m/m,Low,,-3.0%,
2011-01-16,11:00pm,JPY,Consumer Confidence,Medium,41.7,40.4,
2011-01-17,5:00am,EUR,German Buba Monthly Report,Medium,,,
2011-01-17,6:15am,USD,FOMC Member Plosser Speaks,Low,,,
2011-01-17,All Day,USD,Bank Holiday,Low,,,
2011-01-17,6:01pm,GBP,Nationwide Consumer Confidence,Low,47,45,
2011-01-17,6:01pm,GBP,RICS House Price Balance,Low,-43%,-44%,
2011-01-17,10:30pm,JPY,Revised Industrial Production m/m,Medium,1.0%,1.0%,
2011-01-18,3:30am,GBP,CPI y/y,High,3.3%,3.3%,
2011-01-18,3:30am,GBP,RPI y/y,Low,4.8%,4.7%,
2011-01-18,3:30am,GBP,Core CPI y/y,Medium,2.6%,2.7%,
2011-01-18,3:38am,GBP,ONS HPI y/y,Medium,5.2%,5.5%,
2011-01-18,4:00am,EUR,German ZEW Economic Sentiment,High,6.5,4.3,
2011-01-18,4:00am,EUR,ZEW Economic Sentiment,Low,17.3,15.5,
2011-01-18,7:30am,USD,Empire State Manufacturing Index,Low,12.6,10.6,
2011-01-18,8:00am,USD,TIC Long-Term Purchases,High,43.4B,28.9B,
2011-01-18,9:00am,USD,NAHB Housing Market Index,Medium,17,16,
2011-01-18,5:50pm,JPY,Tertiary Industry Activity m/m,Low,0.6%,0.3%,
2011-01-19,3:30am,GBP,Claimant Count Change,High,-0.3K,-3.2K,
2011-01-19,3:30am,GBP,Average Earnings Index 3m/y,Low,2.2%,2.1%,
2011-01-19,3:30am,GBP,Unemployment Rate,Medium,7.9%,7.9%,
2011-01-19,4:00am,GBP,CB Leading Index m/m,Medium,,0.4%,
2011-01-19,7:30am,USD,Building Permits,High,0.56M,0.54M,
2011-01-19,7:30am,USD,Housing Starts,Low,0.55M,0.55M,
2011-01-19,11:00am,GBP,MPC Member Posen Speaks,Low,,,
2011-01-20,3:00am,EUR,ECB Monthly Bulletin,Low,,,
2011-01-20,4:00am,CHF,UBS Economic Expectations,Low,,-12.5,
2011-01-20,5:00am,GBP,CBI Industrial Order Expectations,Low,-1,-3,
2011-01-20,7:30am,USD,Unemployment Claims,High,422K,441K,
2011-01-20,9:00am,EUR,Consumer Confidence,Medium,-12,-11,
2011-01-20,9:00am,USD,Existing Home Sales,High,4.88M,4.70M,
2011-01-20,9:00am,USD,Philly Fed Manufacturing Index,High,20.7,24.3,
2011-01-20,9:00am,USD,CB Leading Index m/m,Medium,0.7%,1.1%,
2011-01-20,9:30am,USD,Natural Gas Storage,Medium,-223B,-138B,
2011-01-20,10:00am,USD,Crude Oil Inventories,Low,-1.1M,-2.2M,
2011-01-20,11:00am,CHF,SNB Chairman Hildebrand Speaks,High,,,
2011-01-20,10:30pm,JPY,All Industries Activity m/m,Low,0.2%,-0.3%,
2011-01-21,3:30am,GBP,Retail Sales m/m,High,-0.2%,0.4%,
2011-01-21,3:30am,GBP,Prelim Mortgage Approvals,Low,49K,45k,
2011-01-21,8:00am,EUR,Belgian NBB Business Climate,Low,3.3,3.1,
2011-01-21,12:05pm,USD,President Obama Speaks,Medium,,,
2011-01-24,MonJan 24,EUR,French Flash Services PMI,Low,55.2,54.9,
2011-01-24,2:30am,EUR,German Flash Manufacturing PMI,Low,61.1,60.7,
2011-01-24,2:30am,EUR,German Flash Services PMI,Low,59.2,59.2,
2011-01-24,3:00am,EUR,Flash Manufacturing PMI,Low,57.1,57.1,
2011-01-24,3:00am,EUR,Flash Services PMI,Low,54.2,54.2,
2011-01-24,4:00am,EUR,Industrial New Orders m/m,Low,2.3%,1.4%,
2011-01-24,12:00pm,GBP,MPC Member Sentance Speaks,Low,,,
2011-01-24,9:29pm,JPY,Monetary Policy Statement,High,,,
2011-01-24,9:29pm,JPY,Overnight Call Rate,High,<0.10%,<0.10%,
2011-01-25,TueJan 25,EUR,German GfK Consumer Climate,Low,5.5,5.5,
2011-01-25,1:12am,JPY,BOJ Press Conference,High,,,
2011-01-25,1:45am,EUR,French Consumer Spending m/m,Low,0.4%,2.7%,
2011-01-25,3:30am,GBP,Prelim GDP q/q,High,0.5%,0.7%,
2011-01-25,3:30am,GBP,Public Sector Net Borrowing,High,18.2B,19.7B,
2011-01-25,3:30am,GBP,Index of Services 3m/3m,Medium,0.6%,0.5%,
2011-01-25,8:00am,USD,S&P/CS Composite-20 HPI y/y,Low,-1.4%,-0.8%,
2011-01-25,8:59am,USD,Richmond Manufacturing Index,Medium,23,25,
2011-01-25,9:00am,USD,CB Consumer Confidence,High,54.4,53.3,
2011-01-25,9:00am,USD,HPI m/m,Medium,-0.1%,0.2%,
2011-01-25,1:40pm,GBP,BOE Gov King Speaks,High,,,
2011-01-25,5:50pm,JPY,SPPI y/y,Medium,-1.3%,-1.1%,
2011-01-25,8:00pm,USD,President Obama Speaks,Low,,,
2011-01-25,11:00pm,JPY,BOJ Monthly Report,Low,,,
2011-01-26,3:00am,EUR,Italian Retail Sales m/m,Medium,0.1%,0.3%,
2011-01-26,3:30am,GBP,MPC Asset Purchase Facility Votes,High,1-0-8,1-0-8,
2011-01-26,3:30am,GBP,MPC Official Bank Rate Votes,High,1-0-8,1-0-8,
2011-01-26,3:30am,GBP,High Street Lending,Low,29.9K,29.7K,
2011-01-26,4:05am,EUR,German 30-y Bond Auction,Medium,,3.33|1.2,
2011-01-26,9:00am,USD,New Home Sales,High,302K,280K,
2011-01-26,9:30am,USD,Crude Oil Inventories,Low,0.9M,2.6M,
2011-01-26,1:15pm,USD,Federal Funds Rate,High,<0.25%,<0.25%,
2011-01-26,1:15pm,USD,FOMC Statement,High,,,
2011-01-26,5:50pm,JPY,Trade Balance,Low,0.53T,0.54T,
2011-01-27,5:00am,GBP,CBI Realized Sales,Low,37,56,
2011-01-27,7:30am,USD,Core Durable Goods Orders m/m,High,0.9%,4.5%,
2011-01-27,7:30am,USD,Unemployment Claims,High,407K,403K,
2011-01-27,7:30am,USD,Durable Goods Orders m/m,Low,1.6%,-0.1%,
2011-01-27,9:00am,USD,Pending Home Sales m/m,High,0.9%,3.1%,
2011-01-27,9:30am,USD,Natural Gas Storage,Medium,-121B,-243B,
2011-01-27,5:30pm,JPY,Household Spending y/y,Low,-0.6%,-0.4%,
2011-01-27,5:30pm,JPY,Tokyo Core CPI y/y,Low,-0.3%,-0.4%,
2011-01-27,5:30pm,JPY,National Core CPI y/y,Medium,-0.4%,-0.5%,
2011-01-27,5:30pm,JPY,Unemployment Rate,Medium,5.1%,5.1%,
2011-01-27,5:50pm,JPY,Monetary Policy Meeting Minutes,Low,,,
2011-01-27,5:50pm,JPY,Retail Sales y/y,Low,0.6%,1.5%,
2011-01-27,6:01pm,GBP,GfK Consumer Confidence,Low,-20,-21,
2011-01-28,3:00am,EUR,M3 Money Supply y/y,Low,2.1%,2.1%,
2011-01-28,3:00am,EUR,Private Loans y/y,Medium,2.3%,2.0%,
2011-01-28,3:00am,EUR,Retail PMI,Medium,,52.9,
2011-01-28,4:19am,EUR,Italian 10-y Bond Auction,Low,,4.80|1.3,
2011-01-28,4:30am,CHF,KOF Economic Barometer,High,2.09,2.11,
2011-01-28,5:00am,USD,Treasury Sec Geithner Speaks,Low,,,
2011-01-28,7:30am,USD,Advance GDP q/q,High,3.5%,2.6%,
2011-01-28,7:30am,USD,Advance GDP Price Index q/q,Low,1.7%,2.1%,
2011-01-28,7:30am,USD,Employment Cost Index q/q,Low,0.5%,0.4%,
2011-01-28,8:55am,USD,Revised UoM Consumer Sentiment,Low,73.1,72.7,
2011-01-28,8:55am,USD,Revised UoM Inflation Expectations,Medium,,3.3%,
2011-01-30,5:15pm,JPY,Final Manufacturing PMI,Medium,,48.3,
2011-01-30,5:50pm,JPY,Prelim Industrial Production m/m,Low,2.9%,1.0%,
2011-01-30,11:00pm,JPY,Housing Starts y/y,Medium,4.8%,6.8%,
2011-01-31,4:00am,EUR,CPI Flash Estimate y/y,Low,2.4%,2.2%,
2011-01-31,7:30am,USD,Core PCE Price Index m/m,Low,0.1%,0.1%,
2011-01-31,7:30am,USD,Personal Spending m/m,Low,0.6%,0.3%,
2011-01-31,7:30am,USD,Personal Income m/m,Medium,0.5%,0.4%,
2011-01-31,8:45am,USD,Chicago PMI,Low,65.5,68.6,
2011-01-31,1:00pm,USD,Loan Officer Survey,Medium,,,
2011-01-31,7:30pm,JPY,Average Cash Earnings y/y,Low,0.9%,0.2%,
2011-01-31,9:45pm,JPY,10-y Bond Auction,Medium,,1.21|3.0,
2011-02-01,2:15am,CHF,Retail Sales y/y,High,2.6%,1.8%,
2011-02-01,2:15am,EUR,Spanish Manufacturing PMI,Low,,51.5,
2011-02-01,2:30am,CHF,Manufacturing PMI,Low,59.3,59.6,
2011-02-01,2:45am,EUR,Italian Manufacturing PMI,Low,54.9,54.7,
2011-02-01,2:50am,EUR,French Final Manufacturing PMI,Medium,54.3,54.3,
2011-02-01,2:55am,EUR,German Unemployment Change,Low,-11K,1K,
2011-02-01,2:55am,EUR,German Final Manufacturing PMI,Medium,60.2,60.2,
2011-02-01,3:00am,EUR,Final Manufacturing PMI,Medium,56.9,56.9,
2011-02-01,3:00am,EUR,Italian Monthly Unemployment Rate,Medium,8.7%,8.6%,
2011-02-01,3:30am,GBP,Final Manufacturing PMI,High,58.0,58.7,
2011-02-01,3:30am,GBP,Net Lending to Individuals m/m,Low,0.6B,0.4B,
2011-02-01,3:30am,GBP,M4 Money Supply m/m,Medium,0.3%,-0.6%,
2011-02-01,3:30am,GBP,Mortgage Approvals,Medium,47K,47K,
2011-02-01,4:00am,EUR,Unemployment Rate,Low,10.1%,10.0%,
2011-02-01,9:00am,USD,ISM Manufacturing PMI,High,57.8,57.0,
2011-02-01,9:00am,USD,Construction Spending m/m,Medium,0.1%,-0.2%,
2011-02-01,9:00am,USD,ISM Manufacturing Prices,Medium,73.6,72.5,
2011-02-01,10:15am,EUR,ECB President Trichet Speaks,Low,,,
2011-02-01,All Day,USD,Total Vehicle Sales,Medium,12.8M,12.6M,
2011-02-01,10:30am,CHF,Gov Board Member Jordan Speaks,Low,,,
2011-02-01,5:50pm,JPY,Monetary Base y/y,Medium,7.6%,7.0%,
2011-02-02,3:30am,GBP,Construction PMI,Low,49.8,49.1,
2011-02-02,4:00am,EUR,PPI m/m,Medium,0.8%,0.3%,
2011-02-02,6:30am,USD,Challenger Job Cuts y/y,Medium,,-29.0%,
2011-02-02,7:15am,USD,ADP Non-Farm Employment Change,High,148K,247K,
2011-02-02,9:30am,USD,Crude Oil Inventories,Low,2.5M,4.8M,
2011-02-02,4:30pm,USD,FOMC Member Duke Speaks,Medium,,,
2011-02-03,2:15am,EUR,Spanish Services PMI,Medium,,46.2,
2011-02-03,2:45am,EUR,Italian Services PMI,Medium,50.6,50.2,
2011-02-03,2:50am,EUR,French Final Services PMI,Medium,57.1,57.1,
2011-02-03,2:55am,EUR,German Final Services PMI,Medium,60.0,60.0,
2011-02-03,3:00am,EUR,Final Services PMI,Medium,55.2,55.2,
2011-02-03,3:30am,GBP,Final Services PMI,High,51.2,49.7,
2011-02-03,4:00am,EUR,Retail Sales m/m,Low,0.6%,-0.3%,
2011-02-03,4:04am,EUR,French 10-y Bond Auction,Low,,3.36|2.0,
2011-02-03,4:38am,GBP,30-y Bond Auction,Medium,,4.60|2.0,
2011-02-03,6:45am,EUR,Main Refinancing Rate,High,1.00%,1.00%,
2011-02-03,7:30am,EUR,ECB Press Conference,High,,,
2011-02-03,7:30am,USD,Unemployment Claims,High,420K,457K,
2011-02-03,7:30am,USD,Prelim Nonfarm Productivity q/q,Low,2.1%,2.3%,
2011-02-03,7:30am,USD,Prelim Unit Labor Costs q/q,Low,0.4%,-0.1%,
2011-02-03,9:00am,USD,ISM Services PMI,High,57.2,57.1,
2011-02-03,9:00am,USD,Factory Orders m/m,Low,-0.2%,1.3%,
2011-02-03,9:30am,USD,Natural Gas Storage,Medium,-185B,-174B,
2011-02-03,11:30am,USD,Fed Chairman Bernanke Speaks,High,,,
2011-02-03,7:00pm,USD,FOMC Member Kocherlakota Speaks,Low,,,
2011-02-04,FriFeb 4,GBP,Halifax HPI m/m,High,-0.2%,-1.1%,
2011-02-04,All Day,EUR,EU Economic Summit,Low,,,
2011-02-04,4:00am,EUR,Italian Prelim CPI m/m,Medium,0.3%,0.4%,
2011-02-04,5:30am,EUR,ECB President Trichet Speaks,Low,,,
2011-02-04,7:30am,USD,Non-Farm Employment Change,High,138K,121K,
2011-02-04,7:30am,USD,Unemployment Rate,High,9.5%,9.4%,
2011-02-04,7:30am,USD,Average Hourly Earnings m/m,Low,0.2%,0.1%,
2011-02-04,12:00pm,USD,FOMC Member Fisher Speaks,Low,,,
2011-02-04,3:00pm,USD,Treasury Currency Report,Low,,,
2011-02-06,9:30pm,JPY,BOJ Gov Shirakawa Speaks,Low,,,
2011-02-06,11:00pm,JPY,Leading Indicators,Medium,101.5%,100.6%,
2011-02-07,5:00am,EUR,German Factory Orders m/m,Low,-1.4%,5.2%,
2011-02-07,7:00am,EUR,German Buba President Weber Speaks,Low,,,
2011-02-07,8:00am,EUR,ECB President Trichet Speaks,High,,,
2011-02-07,2:00pm,USD,Consumer Credit m/m,Medium,2.2B,2.0B,
2011-02-07,5:50pm,JPY,Bank Lending y/y,Medium,,-2.0%,
2011-02-07,5:50pm,JPY,Current Account,Medium,1.55T,1.15T,
2011-02-07,5:50pm,JPY,M2 Money Stock y/y,Medium,2.3%,2.3%,
2011-02-07,6:00pm,GBP,BRC Retail Sales Monitor y/y,Low,,-0.3%,
2011-02-07,6:01pm,GBP,RICS House Price Balance,Low,-38%,-39%,
2011-02-07,11:00pm,JPY,Economy Watchers Sentiment,Medium,45.6,45.1,
2011-02-08,1:45am,EUR,French Gov Budget Balance,Medium,,-140.7B,
2011-02-08,1:45am,EUR,French Trade Balance,Medium,-4.1B,-4.1B,
2011-02-08,5:00am,EUR,German Industrial Production m/m,Low,0.2%,-0.6%,
2011-02-08,6:30am,USD,NFIB Small Business Index,Medium,94.0,92.6,
2011-02-08,9:00am,USD,JOLTS Job Openings,Medium,,3.20M,
2011-02-08,9:00am,USD,RCM/TIPP Economic Optimism,Medium,52.8,51.9,
2011-02-08,12:00pm,USD,FOMC Member Fisher Speaks,Low,,,
2011-02-08,5:48pm,GBP,BRC Shop Price Index y/y,Medium,,2.1%,
2011-02-08,11:00pm,JPY,Consumer Confidence,Medium,40.5,40.1,
2011-02-09,1:00am,EUR,German Trade Balance,Medium,11.9B,11.8B,
2011-02-09,3:30am,GBP,Goods Trade Balance,Low,-8.6B,-8.5B,
2011-02-09,9:00am,USD,Fed Chairman Bernanke Testifies,High,,,
2011-02-09,9:30am,USD,Crude Oil Inventories,Low,2.2M,2.6M,
2011-02-09,12:00pm,USD,10-y Bond Auction,Low,,3.39|3.3,
2011-02-09,5:50pm,JPY,Core Machinery Orders m/m,Low,5.1%,-3.0%,
2011-02-09,5:50pm,JPY,PPI y/y,Medium,1.4%,1.2%,
2011-02-10,1:45am,EUR,French Industrial Production m/m,Low,-0.3%,2.3%,
2011-02-10,2:15am,CHF,CPI m/m,Low,-0.1%,0.0%,
2011-02-10,3:00am,EUR,ECB Monthly Bulletin,Low,,,
2011-02-10,3:00am,EUR,Italian Industrial Production m/m,Medium,0.4%,1.3%,
2011-02-10,3:30am,GBP,Manufacturing Production m/m,High,0.5%,0.6%,
2011-02-10,3:30am,GBP,Industrial Production m/m,Medium,0.5%,0.6%,
2011-02-10,6:00am,GBP,Asset Purchase Facility,High,200B,200B,
2011-02-10,6:00am,GBP,Official Bank Rate,High,0.50%,0.50%,
2011-02-10,6:28am,EUR,German Buba President Weber Speaks,High,,,
2011-02-10,7:30am,USD,Unemployment Claims,High,411K,419K,
2011-02-10,9:00am,GBP,NIESR GDP Estimate,Low,,-0.5%,
2011-02-10,9:00am,USD,Final Wholesale Inventories m/m,Medium,0.7%,0.0%,
2011-02-10,9:30am,USD,Natural Gas Storage,Medium,-191B,-189B,
2011-02-10,12:00pm,USD,30-y Bond Auction,Medium,,4.52|2.7,
2011-02-10,12:55pm,USD,Federal Budget Balance,Low,-69.5B,-80.0B,
2011-02-10,All Day,JPY,Bank Holiday,Low,,,
2011-02-11,FriFeb 11,EUR,German WPI m/m,Medium,0.9%,1.8%,
2011-02-11,1:45am,EUR,French Prelim Private Payrolls q/q,Low,0.2%,0.1%,
2011-02-11,2:00am,EUR,Spanish Flash GDP q/q,Low,0.1%,0.0%,
2011-02-11,3:30am,GBP,PPI Input m/m,High,1.3%,3.9%,
2011-02-11,3:30am,GBP,PPI Output m/m,Medium,0.4%,0.4%,
2011-02-11,7:30am,USD,Trade Balance,High,-40.4B,-38.3B,
2011-02-11,8:55am,USD,Prelim UoM Consumer Sentiment,High,74.8,74.2,
2011-02-11,8:55am,USD,Prelim UoM Inflation Expectations,Medium,,3.4%,
2011-02-11,11:30am,EUR,ECB President Trichet Speaks,Low,,,
2011-02-11,8:00pm,USD,FOMC Member Raskin Speaks,Low,,,
2011-02-13,5:50pm,JPY,Prelim GDP q/q,High,-0.5%,0.8%,
2011-02-13,5:50pm,JPY,Prelim GDP Price Index y/y,Low,-1.5%,-2.1%,
2011-02-14,4:00am,EUR,Industrial Production m/m,Low,-0.1%,1.4%,
2011-02-14,9:00am,USD,FOMC Member Dudley Speaks,Medium,,,
2011-02-14,9:37pm,JPY,Monetary Policy Statement,High,,,
2011-02-14,9:37pm,JPY,Overnight Call Rate,High,<0.10%,<0.10%,
2011-02-14,10:30pm,JPY,Revised Industrial Production m/m,Medium,3.1%,3.1%,
2011-02-15,1:00am,EUR,German Prelim GDP q/q,High,0.5%,0.7%,
2011-02-15,1:13am,JPY,BOJ Press Conference,High,,,
2011-02-15,3:00am,EUR,Italian Prelim GDP q/q,Medium,0.2%,0.2%,
2011-02-15,All Day,EUR,ECOFIN Meetings,Low,,,
2011-02-15,3:30am,GBP,CPI y/y,High,4.0%,3.7%,
2011-02-15,3:30am,GBP,RPI y/y,Low,5.1%,4.8%,
2011-02-15,3:30am,GBP,Core CPI y/y,Medium,3.0%,2.9%,
2011-02-15,3:30am,GBP,ONS HPI y/y,Medium,4.3%,4.0%,
2011-02-15,4:00am,EUR,German ZEW Economic Sentiment,High,20.1,15.4,
2011-02-15,4:00am,EUR,Flash GDP q/q,Low,0.4%,0.3%,
2011-02-15,4:00am,EUR,ZEW Economic Sentiment,Low,31.3,25.4,
2011-02-15,4:00am,EUR,Trade Balance,Medium,-0.9B,-3.2B,
2011-02-15,4:00am,EUR,Italian Trade Balance,Medium,-2.83B,-3.38B,
2011-02-15,4:00am,GBP,CB Leading Index m/m,Medium,,0.0%,
2011-02-15,4:30am,GBP,BOE Inflation Letter,High,,,
2011-02-15,7:30am,USD,Core Retail Sales m/m,High,0.6%,0.3%,
2011-02-15,7:30am,USD,Retail Sales m/m,High,0.5%,0.5%,
2011-02-15,7:30am,USD,Empire State Manufacturing Index,Low,14.7,11.9,
2011-02-15,7:30am,USD,Import Prices m/m,Low,0.9%,1.2%,
2011-02-15,8:00am,USD,TIC Long-Term Purchases,High,91.3B,85.1B,
2011-02-15,9:00am,USD,Business Inventories m/m,Low,0.7%,0.4%,
2011-02-15,9:00am,USD,NAHB Housing Market Index,Medium,16,16,
2011-02-15,12:00pm,USD,Treasury Sec Geithner Speaks,Medium,,,
2011-02-15,5:50pm,JPY,Tertiary Industry Activity m/m,Low,-0.5%,0.5%,
2011-02-15,6:01pm,GBP,Nationwide Consumer Confidence,Low,49,54,
2011-02-15,11:00pm,JPY,BOJ Monthly Report,Low,,,
2011-02-16,WedFeb 16,GBP,Average Earnings Index 3m/y,Low,2.0%,2.1%,
2011-02-16,WedFeb 16,GBP,Unemployment Rate,Medium,7.9%,7.9%,
2011-02-16,4:04am,EUR,German 10-y Bond Auction,Low,,2.87|1.6,
2011-02-16,4:30am,GBP,BOE Gov King Speaks,High,,,
2011-02-16,4:30am,GBP,BOE Monetary Policy Report,High,,,
2011-02-16,7:30am,USD,Building Permits,High,0.57M,0.63M,
2011-02-16,7:30am,USD,PPI m/m,High,0.9%,1.1%,
2011-02-16,7:30am,USD,Core PPI m/m,Low,0.2%,0.2%,
2011-02-16,7:30am,USD,Housing Starts,Low,0.55M,0.52M,
2011-02-16,8:15am,USD,Capacity Utilization Rate,Low,76.4%,76.2%,
2011-02-16,8:15am,USD,Industrial Production m/m,Low,0.5%,1.2%,
2011-02-16,9:00am,USD,Treasury Sec Geithner Speaks,Medium,,,
2011-02-16,9:30am,USD,Crude Oil Inventories,Low,1.8M,1.9M,
2011-02-16,1:00pm,USD,FOMC Meeting Minutes,High,,,
2011-02-16,1:00pm,USD,Treasury Sec Geithner Speaks,Medium,,,
2011-02-17,3:35am,GBP,MPC Member Sentance Speaks,Low,,,
2011-02-17,3:37am,GBP,10-y Bond Auction,Low,,3.69|2.0,
2011-02-17,3:50am,EUR,Spanish 10-y Bond Auction,Low,,5.45|1.7,
2011-02-17,4:00am,CHF,UBS Economic Expectations,Low,,-18.4,
2011-02-17,5:00am,GBP,CBI Industrial Order Expectations,Low,-11,-16,
2011-02-17,7:30am,USD,Core CPI m/m,High,0.1%,0.1%,
2011-02-17,7:30am,USD,CPI y/y,High,1.6%,1.5%,
2011-02-17,7:30am,USD,Unemployment Claims,High,401K,385K,
2011-02-17,7:30am,USD,CPI m/m,Low,0.3%,0.5%,
2011-02-17,9:00am,EUR,Consumer Confidence,Medium,-11,-11,
2011-02-17,9:00am,USD,Fed Chairman Bernanke Testifies,High,,,
2011-02-17,9:00am,USD,Philly Fed Manufacturing Index,High,20.8,19.3,
2011-02-17,9:00am,USD,FOMC Member Raskin Speaks,Low,,,
2011-02-17,9:00am,USD,Mortgage Delinquencies,Low,,9.13%,
2011-02-17,9:00am,USD,CB Leading Index m/m,Medium,0.3%,0.8%,
2011-02-17,9:30am,USD,Natural Gas Storage,Medium,-233B,-209B,
2011-02-17,11:20am,USD,FOMC Member Evans Speaks,Low,,,
2011-02-17,12:10pm,USD,FOMC Member Fisher Speaks,Low,,,
2011-02-17,5:50pm,JPY,Monetary Policy Meeting Minutes,Low,,,
2011-02-18,3:30am,GBP,Retail Sales m/m,High,0.6%,-1.4%,
2011-02-18,3:34am,GBP,Prelim Mortgage Approvals,Low,46K,41K,
2011-02-18,7:00am,USD,Fed Chairman Bernanke Speaks,High,,,
2011-02-18,7:20am,GBP,BOE Gov King Speaks,High,,,
2011-02-18,8:45am,USD,Treasury Sec Geithner Speaks,Low,,,
2011-02-18,12:30pm,GBP,MPC Member Tucker Speaks,Low,,,
2011-02-19,9:30am,USD,Treasury Sec Geithner Speaks,Low,,,
2011-02-20,5:54pm,GBP,Rightmove HPI m/m,Low,,0.3%,
2011-02-20,10:30pm,JPY,All Industries Activity m/m,Medium,0.1%,-0.2%,
2011-02-21,MonFeb 21,EUR,French Flash Services PMI,Low,58.0,57.8,
2011-02-21,2:30am,EUR,German Flash Manufacturing PMI,Low,60.3,60.5,
2011-02-21,2:30am,EUR,German Flash Services PMI,Low,60.3,60.3,
2011-02-21,3:00am,EUR,German ifo Business Climate,High,110.3,110.3,
2011-02-21,3:00am,EUR,Flash Manufacturing PMI,Low,57.3,57.3,
2011-02-21,3:00am,EUR,Flash Services PMI,Low,56.0,55.9,
2011-02-21,5:00am,EUR,German Buba Monthly Report,Medium,,,
2011-02-21,All Day,USD,Bank Holiday,Low,,,
2011-02-22,TueFeb 22,CHF,UBS Consumption Indicator,Low,,1.83,
2011-02-22,TueFeb 22,EUR,German GfK Consumer Climate,Low,5.8,5.8,
2011-02-22,3:30am,GBP,Public Sector Net Borrowing,High,-0.2B,14.5B,
2011-02-22,8:00am,EUR,Belgian NBB Business Climate,Low,4.6,4.5,
2011-02-22,8:00am,USD,S&P/CS Composite-20 HPI y/y,Low,-2.2%,-1.6%,
2011-02-22,8:59am,USD,Richmond Manufacturing Index,Medium,18,18,
2011-02-22,9:00am,USD,CB Consumer Confidence,High,65.1,64.8,
2011-02-22,11:00am,GBP,MPC Member Posen Speaks,Low,,,
2011-02-22,12:00pm,USD,FOMC Member Kocherlakota Speaks,Low,,,
2011-02-22,5:50pm,JPY,Trade Balance,Low,0.70T,0.58T,
2011-02-22,5:50pm,JPY,SPPI y/y,Medium,-1.3%,-1.3%,
2011-02-23,2:15am,CHF,PPI m/m,Low,0.1%,0.3%,
2011-02-23,3:30am,GBP,MPC Asset Purchase Facility Votes,High,1-0-8,1-0-8,
2011-02-23,3:30am,GBP,MPC Official Bank Rate Votes,High,3-0-6,2-0-7,
2011-02-23,3:30am,GBP,High Street Lending,Low,29.0K,28.9K,
2011-02-23,4:00am,EUR,Industrial New Orders m/m,Low,-0.8%,2.2%,
2011-02-23,9:00am,USD,Existing Home Sales,High,5.27M,5.22M,
2011-02-23,11:00am,EUR,ECB President Trichet Speaks,Low,,,
2011-02-23,11:15am,EUR,German Buba President Weber Speaks,Low,,,
2011-02-23,12:30pm,GBP,MPC Member Miles Speaks,Low,,,
2011-02-23,12:30pm,USD,FOMC Member Plosser Speaks,Low,,,
2011-02-24,2:15am,CHF,Employment Level,Low,4.10M,4.08M,
2011-02-24,3:00am,EUR,Italian Retail Sales m/m,Medium,0.2%,-0.3%,
2011-02-24,5:00am,GBP,CBI Realized Sales,Low,30,37,
2011-02-24,7:30am,USD,Core Durable Goods Orders m/m,High,0.4%,3.0%,
2011-02-24,7:30am,USD,Unemployment Claims,High,403K,413K,
2011-02-24,7:30am,USD,Durable Goods Orders m/m,Low,2.5%,-0.4%,
2011-02-24,9:00am,USD,New Home Sales,High,330K,325K,
2011-02-24,9:06am,USD,HPI m/m,Medium,-0.2%,-0.3%,
2011-02-24,9:30am,GBP,MPC Member Weale Speaks,Low,,,
2011-02-24,9:30am,USD,Natural Gas Storage,Medium,-73B,-233B,
2011-02-24,10:00am,USD,Crude Oil Inventories,Low,1.1M,0.9M,
2011-02-24,12:30pm,GBP,MPC Member Sentance Speaks,Low,,,
2011-02-24,5:30pm,JPY,Tokyo Core CPI y/y,Low,-0.3%,-0.2%,
2011-02-24,5:30pm,JPY,National Core CPI y/y,Medium,-0.3%,-0.4%,
2011-02-24,6:01pm,GBP,GfK Consumer Confidence,Low,-27,-29,
2011-02-24,10:00pm,GBP,MPC Member Posen Speaks,Low,,,
2011-02-25,1:45am,EUR,French Consumer Spending m/m,Low,-0.7%,0.4%,
2011-02-25,3:00am,EUR,M3 Money Supply y/y,Low,2.1%,1.7%,
2011-02-25,3:00am,EUR,Private Loans y/y,Medium,2.1%,1.9%,
2011-02-25,3:00am,EUR,Retail PMI,Medium,,55.8,
2011-02-25,3:30am,GBP,Second Estimate GDP q/q,High,-0.5%,-0.5%,
2011-02-25,3:30am,GBP,Prelim Business Investment q/q,Low,-0.3%,4.0%,
2011-02-25,3:30am,GBP,Index of Services 3m/3m,Medium,-0.4%,0.3%,
2011-02-25,4:19am,EUR,Italian 10-y Bond Auction,Low,,4.73|1.5,
2011-02-25,4:30am,CHF,KOF Economic Barometer,High,2.08,2.16,
2011-02-25,7:30am,USD,Prelim GDP q/q,High,3.3%,3.2%,
2011-02-25,7:30am,USD,Prelim GDP Price Index q/q,Medium,0.3%,0.3%,
2011-02-25,8:55am,USD,Revised UoM Consumer Sentiment,Low,75.5,75.1,
2011-02-25,8:55am,USD,Revised UoM Inflation Expectations,Medium,,3.4%,
2011-02-25,12:30pm,USD,FOMC Member Yellen Speaks,Low,,,
2011-02-27,5:15pm,JPY,Final Manufacturing PMI,Medium,,51.4,
2011-02-27,5:50pm,JPY,Prelim Industrial Production m/m,Low,4.1%,3.3%,
2011-02-27,5:50pm,JPY,Retail Sales y/y,Low,-1.5%,-2.1%,
2011-02-27,11:00pm,JPY,Housing Starts y/y,Medium,5.6%,7.5%,
2011-02-28,4:00am,EUR,Final Core CPI y/y,Low,1.2%,1.0%,
2011-02-28,4:00am,EUR,Final CPI y/y,Low,2.4%,2.4%,
2011-02-28,7:30am,USD,Core PCE Price Index m/m,Low,0.1%,0.0%,
2011-02-28,7:30am,USD,Personal Spending m/m,Low,0.5%,0.5%,
2011-02-28,7:30am,USD,FOMC Member Dudley Speaks,Medium,,,
2011-02-28,7:30am,USD,Personal Income m/m,Medium,0.4%,0.4%,
2011-02-28,8:45am,USD,Chicago PMI,Low,67.9,68.8,
2011-02-28,9:00am,USD,Pending Home Sales m/m,High,-2.2%,-3.2%,
2011-02-28,5:30pm,JPY,Household Spending y/y,Low,-1.3%,-3.3%,
2011-02-28,5:30pm,JPY,Unemployment Rate,Medium,4.9%,4.9%,
2011-02-28,7:30pm,JPY,Average Cash Earnings y/y,Low,0.4%,0.1%,
2011-02-28,9:45pm,JPY,10-y Bond Auction,Medium,,1.24|2.7,
2011-03-01,1:00am,GBP,Nationwide HPI m/m,High,-0.2%,-0.1%,
2011-03-01,2:15am,EUR,Spanish Manufacturing PMI,Low,,52.0,
2011-03-01,2:30am,CHF,Manufacturing PMI,Low,60.8,60.5,
2011-03-01,2:45am,EUR,Italian Manufacturing PMI,Low,57.3,56.6,
2011-03-01,2:50am,EUR,French Final Manufacturing PMI,Medium,55.3,55.3,
2011-03-01,2:55am,EUR,German Unemployment Change,Low,-13K,-18K,
2011-03-01,2:55am,EUR,German Final Manufacturing PMI,Medium,62.6,62.6,
2011-03-01,3:00am,EUR,Final Manufacturing PMI,Medium,59.0,59.0,
2011-03-01,3:00am,EUR,Italian Monthly Unemployment Rate,Medium,8.6%,8.6%,
2011-03-01,3:30am,GBP,Final Manufacturing PMI,High,61.5,61.5,
2011-03-01,3:30am,GBP,Net Lending to Individuals m/m,Low,0.3B,0.5B,
2011-03-01,3:30am,GBP,M4 Money Supply m/m,Medium,0.4%,-1.3%,
2011-03-01,3:30am,GBP,Mortgage Approvals,Medium,43K,43K,
2011-03-01,4:00am,EUR,CPI Flash Estimate y/y,Low,2.4%,2.3%,
2011-03-01,4:00am,EUR,Unemployment Rate,Low,10.0%,10.0%,
2011-03-01,4:00am,EUR,Italian Prelim CPI m/m,Medium,0.2%,0.4%,
2011-03-01,4:00am,GBP,Monetary Policy Report Hearings,High,,,
2011-03-01,9:00am,USD,Fed Chairman Bernanke Testifies,High,,,
2011-03-01,9:00am,USD,ISM Manufacturing PMI,High,60.9,60.8,
2011-03-01,9:00am,USD,Construction Spending m/m,Medium,-0.4%,-1.6%,
2011-03-01,9:00am,USD,Fed Monetary Policy Report,Medium,,,
2011-03-01,9:00am,USD,ISM Manufacturing Prices,Medium,82.7,81.5,
2011-03-01,All Day,USD,Total Vehicle Sales,Medium,12.7M,12.6M,
2011-03-01,5:50pm,JPY,Monetary Base y/y,Medium,6.4%,5.5%,
2011-03-02,3:30am,GBP,Construction PMI,High,53.0,53.7,
2011-03-02,4:00am,EUR,PPI m/m,Medium,1.1%,0.8%,
2011-03-02,6:30am,USD,Challenger Job Cuts y/y,Medium,,-46.0%,
2011-03-02,7:15am,USD,ADP Non-Farm Employment Change,High,178K,189K,
2011-03-02,9:00am,USD,Fed Chairman Bernanke Testifies,High,,,
2011-03-02,9:30am,USD,Crude Oil Inventories,Low,1.1M,0.8M,
2011-03-02,1:00pm,USD,Beige Book,Low,,,
2011-03-02,5:50pm,JPY,Capital Spending q/y,Low,5.9%,5.0%,
2011-03-02,7:00pm,USD,Fed Chairman Bernanke Speaks,High,,,
2011-03-03,2:15am,CHF,Retail Sales y/y,High,1.7%,-0.8%,
2011-03-03,2:15am,EUR,Spanish Services PMI,Medium,,49.3,
2011-03-03,2:45am,EUR,Italian Services PMI,Medium,51.2,49.9,
2011-03-03,2:50am,EUR,French Final Services PMI,Medium,60.8,60.8,
2011-03-03,2:55am,EUR,German Final Services PMI,Medium,59.5,59.5,
2011-03-03,3:00am,EUR,Final Services PMI,Medium,57.2,57.2,
2011-03-03,3:30am,GBP,Final Services PMI,High,53.8,54.5,
2011-03-03,4:00am,EUR,Retail Sales m/m,Low,0.4%,-0.4%,
2011-03-03,4:00am,EUR,Revised GDP q/q,Medium,0.3%,0.3%,
2011-03-03,4:06am,EUR,French 10-y Bond Auction,Low,,3.61|2.8,
2011-03-03,6:45am,EUR,Main Refinancing Rate,High,1.00%,1.00%,
2011-03-03,7:00am,GBP,MPC Member Bean Speaks,High,,,
2011-03-03,7:30am,EUR,ECB Press Conference,High,,,
2011-03-03,7:30am,USD,Unemployment Claims,High,394K,388K,
2011-03-03,7:30am,USD,Revised Nonfarm Productivity q/q,Low,2.6%,2.6%,
2011-03-03,7:30am,USD,Revised Unit Labor Costs q/q,Medium,-0.6%,-0.6%,
2011-03-03,8:00am,USD,FOMC Member Kocherlakota Speaks,Low,,,
2011-03-03,9:00am,USD,ISM Services PMI,High,59.6,59.4,
2011-03-03,9:30am,USD,Natural Gas Storage,Medium,-89B,-81B,
2011-03-04,FriMar 4,GBP,Halifax HPI m/m,High,-0.6%,0.8%,
2011-03-04,All Day,EUR,EU Economic Summit,Low,,,
2011-03-04,7:30am,USD,Non-Farm Employment Change,High,191K,63K,
2011-03-04,7:30am,USD,Unemployment Rate,High,9.1%,9.0%,
2011-03-04,7:30am,USD,Average Hourly Earnings m/m,Low,0.2%,0.4%,
2011-03-04,9:00am,USD,Factory Orders m/m,Low,2.1%,1.4%,
2011-03-04,9:00am,USD,FOMC Member Yellen Speaks,Low,,,
2011-03-04,9:25am,EUR,ECB President Trichet Speaks,Low,,,
2011-03-06,11:00pm,JPY,Leading Indicators,Medium,102.4%,101.0%,
2011-03-07,6:00am,EUR,ECB President Trichet Speaks,Low,,,
2011-03-07,8:15am,USD,FOMC Member Fisher Speaks,Low,,,
2011-03-07,9:00am,USD,FOMC Member Evans Speaks,Low,,,
2011-03-07,2:00pm,USD,Consumer Credit m/m,Medium,3.7B,4.1B,
2011-03-07,5:50pm,JPY,Bank Lending y/y,Medium,,-1.8%,
2011-03-07,5:50pm,JPY,Current Account,Medium,1.19T,1.52T,
2011-03-07,5:50pm,JPY,M2 Money Stock y/y,Medium,2.3%,2.3%,
2011-03-07,6:01pm,GBP,BRC Retail Sales Monitor y/y,Low,,2.3%,
2011-03-07,6:01pm,GBP,RICS House Price Balance,Low,-25%,-31%,
2011-03-07,9:45pm,JPY,30-y Bond Auction,Medium,,2.16|5.8,
2011-03-07,11:00pm,JPY,Economy Watchers Sentiment,Medium,45.7,44.3,
2011-03-08,1:45am,EUR,French Trade Balance,Medium,-4.9B,-5.1B,
2011-03-08,4:00am,EUR,German Buba President Weber Speaks,Low,,,
2011-03-08,5:00am,EUR,German Factory Orders m/m,Low,2.6%,-3.6%,
2011-03-08,6:30am,USD,NFIB Small Business Index,Medium,95.0,94.1,
2011-03-08,9:00am,USD,RCM/TIPP Economic Optimism,Medium,51.8,50.9,
2011-03-08,10:00am,JPY,BOJ Gov Shirakawa Speaks,Low,,,
2011-03-08,2:40pm,GBP,BOE Gov King Speaks,High,,,
2011-03-08,5:50pm,JPY,Core Machinery Orders m/m,Low,2.7%,1.7%,
2011-03-08,6:00pm,GBP,BRC Shop Price Index y/y,Medium,,2.5%,
2011-03-09,2:15am,CHF,CPI m/m,High,0.3%,-0.4%,
2011-03-09,3:30am,GBP,Goods Trade Balance,Low,-8.5B,-9.7B,
2011-03-09,5:00am,EUR,German Industrial Production m/m,Low,1.8%,-0.6%,
2011-03-09,9:00am,USD,Final Wholesale Inventories m/m,Medium,0.9%,1.3%,
2011-03-09,9:30am,USD,Crude Oil Inventories,Low,0.8M,-0.4M,
2011-03-09,12:00pm,USD,10-y Bond Auction,Low,,3.67|3.2,
2011-03-09,12:30pm,USD,Treasury Sec Geithner Speaks,Low,,,
2011-03-09,3:00pm,EUR,German Buba President Weber Speaks,Low,,,
2011-03-09,5:50pm,JPY,Final GDP q/q,Low,-0.3%,-0.3%,
2011-03-09,5:50pm,JPY,Final GDP Price Index y/y,Medium,-1.6%,-1.6%,
2011-03-09,5:50pm,JPY,PPI y/y,Medium,1.8%,1.6%,
2011-03-10,12:30am,EUR,French Final Private Payrolls q/q,Medium,0.2%,0.2%,
2011-03-10,1:00am,EUR,German Trade Balance,Medium,13.7B,14.2B,
2011-03-10,1:45am,EUR,French Industrial Production m/m,Low,0.6%,0.2%,
2011-03-10,3:00am,EUR,ECB Monthly Bulletin,Low,,,
2011-03-10,3:00am,EUR,Italian Industrial Production m/m,Medium,0.6%,0.2%,
2011-03-10,3:30am,GBP,Manufacturing Production m/m,High,0.8%,-0.1%,
2011-03-10,3:30am,GBP,Industrial Production m/m,Medium,0.5%,0.6%,
2011-03-10,6:00am,GBP,Asset Purchase Facility,High,200B,200B,
2011-03-10,6:00am,GBP,Official Bank Rate,High,0.50%,0.50%,
2011-03-10,7:30am,USD,Trade Balance,High,-41.4B,-40.3B,
2011-03-10,7:30am,USD,Unemployment Claims,High,375K,371K,
2011-03-10,9:00am,EUR,German Buba President Weber Speaks,Low,,,
2011-03-10,9:00am,GBP,NIESR GDP Estimate,Low,,-0.2%,
2011-03-10,9:30am,USD,Natural Gas Storage,Medium,-72B,-85B,
2011-03-10,12:00pm,USD,30-y Bond Auction,Medium,,4.75|2.5,
2011-03-10,1:00pm,USD,Federal Budget Balance,Low,-232.1B,-49.8B,
2011-03-11,FriMar 11,EUR,German WPI m/m,Medium,1.0%,1.2%,
2011-03-11,All Day,EUR,EU Economic Summit,Low,,,
2011-03-11,3:30am,GBP,PPI Input m/m,High,1.4%,2.3%,
2011-03-11,3:30am,GBP,PPI Output m/m,Medium,0.7%,1.1%,
2011-03-11,7:30am,USD,Core Retail Sales m/m,High,0.7%,0.6%,
2011-03-11,7:30am,USD,Retail Sales m/m,High,0.8%,0.7%,
2011-03-11,7:30am,USD,FOMC Member Dudley Speaks,Medium,,,
2011-03-11,8:55am,USD,Prelim UoM Consumer Sentiment,High,77.0,77.5,
2011-03-11,8:55am,USD,Prelim UoM Inflation Expectations,Medium,,3.4%,
2011-03-11,9:00am,USD,Business Inventories m/m,Low,0.6%,1.1%,
2011-03-11,9:00am,USD,JOLTS Job Openings,Medium,,2.92M,
2011-03-11,2:45pm,GBP,BOE Gov King Speaks,High,,,
2011-03-13,SunMar 13,USD,Daylight Saving Time Shift,Low,,,
2011-03-13,9:30pm,GBP,BOE Gov King Speaks,High,,,
2011-03-13,11:30pm,JPY,Revised Industrial Production m/m,Medium,2.4%,2.4%,
2011-03-14,12:48am,JPY,Monetary Policy Statement,High,,,
2011-03-14,12:48am,JPY,Overnight Call Rate,High,<0.10%,<0.10%,
2011-03-14,2:16am,JPY,BOJ Press Conference,High,,,
2011-03-14,All Day,EUR,Eurogroup Meetings,Low,,,
2011-03-14,5:00am,EUR,Industrial Production m/m,Low,0.4%,0.3%,
2011-03-14,7:00am,EUR,German Buba President Weber Speaks,Low,,,
2011-03-15,All Day,EUR,ECOFIN Meetings,Low,,,
2011-03-15,4:30am,GBP,ONS HPI y/y,Medium,3.5%,3.8%,
2011-03-15,5:00am,EUR,German ZEW Economic Sentiment,High,16.2,15.7,
2011-03-15,5:00am,EUR,ZEW Economic Sentiment,Low,34.5,29.5,
2011-03-15,5:00am,EUR,Final Employment Change q/q,Medium,0.2%,0.0%,
2011-03-15,5:00am,GBP,CB Leading Index m/m,Medium,,0.6%,
2011-03-15,7:30am,USD,Empire State Manufacturing Index,Low,16.2,15.4,
2011-03-15,7:30am,USD,Import Prices m/m,Low,0.9%,1.3%,
2011-03-15,8:00am,USD,TIC Long-Term Purchases,High,59.3B,62.5B,
2011-03-15,9:00am,USD,NAHB Housing Market Index,Medium,17,16,
2011-03-15,1:14pm,USD,Federal Funds Rate,High,<0.25%,<0.25%,
2011-03-15,1:14pm,USD,FOMC Statement,High,,,
2011-03-15,6:50pm,JPY,BSI Manufacturing Index,Low,-7.3,-8.0,
2011-03-16,2:00am,GBP,BOE Gov King Speaks,High,,,
2011-03-16,4:30am,GBP,Claimant Count Change,High,1.2K,1.5K,
2011-03-16,4:30am,GBP,Average Earnings Index 3m/y,Low,2.2%,1.8%,
2011-03-16,4:30am,GBP,Unemployment Rate,Medium,7.9%,7.9%,
2011-03-16,5:00am,CHF,UBS Economic Expectations,Low,,-17.2,
2011-03-16,5:00am,EUR,Final Core CPI y/y,Low,1.1%,1.1%,
2011-03-16,5:00am,EUR,Final CPI y/y,Low,2.4%,2.4%,
2011-03-16,7:30am,USD,Building Permits,High,0.58M,0.56M,
2011-03-16,7:30am,USD,PPI m/m,High,0.7%,0.8%,
2011-03-16,7:30am,USD,Core PPI m/m,Low,0.2%,0.5%,
2011-03-16,7:30am,USD,Current Account,Low,-111B,-126B,
2011-03-16,7:30am,USD,Housing Starts,Low,0.58M,0.62M,
2011-03-16,9:30am,USD,Crude Oil Inventories,Low,1.8M,2.5M,
2011-03-16,6:50pm,JPY,Monetary Policy Meeting Minutes,Low,,,
2011-03-16,6:50pm,JPY,Tertiary Industry Activity m/m,Low,1.5%,-0.9%,
2011-03-17,All Day,EUR,Italian Bank Holiday,Low,,,
2011-03-17,3:15am,CHF,Industrial Production q/q,Low,4.7%,1.4%,
2011-03-17,3:30am,CHF,Libor Rate,High,0.25%,0.25%,
2011-03-17,3:30am,CHF,SNB Monetary Policy Assessment,High,,,
2011-03-17,4:30am,GBP,Consumer Inflation Expectations,Low,,3.9%,
2011-03-17,5:43am,EUR,Spanish 10-y Bond Auction,Low,,5.20|1.5,
2011-03-17,6:39am,GBP,10-y Bond Auction,Low,,3.89|2.1,
2011-03-17,7:30am,USD,Core CPI m/m,High,0.1%,0.2%,
2011-03-17,7:30am,USD,CPI y/y,High,2.0%,1.6%,
2011-03-17,7:30am,USD,Unemployment Claims,High,388K,401K,
2011-03-17,7:30am,USD,CPI m/m,Low,0.5%,0.4%,
2011-03-17,8:15am,USD,Capacity Utilization Rate,Low,76.6%,76.4%,
2011-03-17,8:15am,USD,Industrial Production m/m,Low,0.7%,0.3%,
2011-03-17,9:00am,USD,Philly Fed Manufacturing Index,High,29.9,35.9,
2011-03-17,9:00am,USD,CB Leading Index m/m,Medium,0.9%,0.1%,
2011-03-17,9:30am,USD,Natural Gas Storage,Medium,-41B,-71B,
2011-03-17,7:01pm,GBP,Nationwide Consumer Confidence,Low,48,48,
2011-03-18,3:15am,CHF,PPI m/m,Low,0.4%,0.1%,
2011-03-18,4:00am,EUR,Current Account,Low,-10.6B,-12.5B,
2011-03-18,4:00am,EUR,Italian Trade Balance,Medium,-1.98B,-2.78B,
2011-03-18,4:36am,GBP,Prelim Mortgage Approvals,Low,47K,41K,
2011-03-18,5:00am,EUR,Trade Balance,Medium,-2.0B,-1.1B,
2011-03-18,11:00am,EUR,ECB President Trichet Speaks,Low,,,
2011-03-20,All Day,JPY,Bank Holiday,Low,,,
2011-03-21,6:00am,EUR,German Buba Monthly Report,Medium,,,
2011-03-21,9:00am,EUR,ECB President Trichet Speaks,High,,,
2011-03-21,9:00am,USD,Existing Home Sales,High,5.15M,5.40M,
2011-03-21,11:30pm,JPY,All Industries Activity m/m,Medium,2.7%,-0.3%,
2011-03-22,4:30am,GBP,CPI y/y,High,4.2%,4.0%,
2011-03-22,4:30am,GBP,Public Sector Net Borrowing,High,6.8B,-6.3B,
2011-03-22,4:30am,GBP,RPI y/y,Low,5.2%,5.1%,
2011-03-22,4:30am,GBP,Core CPI y/y,Medium,3.2%,3.0%,
2011-03-22,5:30am,CHF,SNB Chairman Hildebrand Speaks,Low,,,
2011-03-22,6:00am,GBP,CBI Industrial Order Expectations,Low,-5,-8,
2011-03-22,6:35am,USD,FOMC Member Fisher Speaks,Low,,,
2011-03-22,7:30am,USD,Treasury Sec Geithner Speaks,Low,,,
2011-03-22,8:59am,USD,Richmond Manufacturing Index,Medium,23,25,
2011-03-22,9:00am,GBP,MPC Member Sentance Speaks,Low,,,
2011-03-22,9:00am,USD,HPI m/m,Medium,-0.2%,-1.0%,
2011-03-22,1:00pm,GBP,MPC Member Sentance Speaks,Low,,,
2011-03-23,WedMar 23,GBP,MPC Official Bank Rate Votes,High,3-0-6,3-0-6,
2011-03-23,WedMar 23,GBP,High Street Lending,Low,29.4K,29.2K,
2011-03-23,5:00am,EUR,Industrial New Orders m/m,Low,1.4%,2.7%,
2011-03-23,6:00am,USD,FOMC Member Fisher Speaks,Low,,,
2011-03-23,6:04am,EUR,German 10-y Bond Auction,Low,,3.28|1.9,
2011-03-23,7:30am,GBP,Annual Budget Release,High,,,
2011-03-23,9:00am,EUR,Belgian NBB Business Climate,Low,5.1,5.8,
2011-03-23,9:00am,USD,New Home Sales,High,291K,301K,
2011-03-23,9:30am,USD,Crude Oil Inventories,Low,2.0M,1.7M,
2011-03-23,10:00am,EUR,Consumer Confidence,Medium,-11,-10,
2011-03-23,11:00am,USD,Fed Chairman Bernanke Speaks,High,,,
2011-03-23,7:28pm,JPY,Trade Balance,Low,0.68T,0.27T,
2011-03-24,ThuMar 24,EUR,French Flash Services PMI,Low,59.6,59.7,
2011-03-24,3:30am,EUR,German Flash Manufacturing PMI,Low,62.1,62.7,
2011-03-24,3:30am,EUR,German Flash Services PMI,Low,58.5,58.6,
2011-03-24,4:00am,EUR,Flash Manufacturing PMI,Low,58.3,59.0,
2011-03-24,4:00am,EUR,Flash Services PMI,Low,56.4,56.8,
2011-03-24,4:00am,GBP,MPC Member Dale Speaks,Low,,,
2011-03-24,Day 1,EUR,EU Economic Summit,Low,,,
2011-03-24,4:30am,GBP,Retail Sales m/m,High,-0.5%,1.5%,
2011-03-24,7:30am,USD,Core Durable Goods Orders m/m,High,2.1%,-3.0%,
2011-03-24,7:30am,USD,Unemployment Claims,High,388K,387K,
2011-03-24,7:30am,USD,Durable Goods Orders m/m,Low,1.2%,3.6%,
2011-03-24,9:30am,USD,Natural Gas Storage,Medium,-11B,-56B,
2011-03-24,12:00pm,CHF,Gov Board Member Danthine Speaks,Medium,,,
2011-03-24,6:30pm,JPY,Tokyo Core CPI y/y,Low,-0.3%,-0.4%,
2011-03-24,6:30pm,JPY,National Core CPI y/y,Medium,-0.3%,-0.2%,
2011-03-24,6:30pm,USD,FOMC Member Duke Speaks,Medium,,,
2011-03-24,6:50pm,JPY,SPPI y/y,Medium,-1.1%,-1.1%,
2011-03-25,4:00am,EUR,German ifo Business Climate,High,110.6,111.3,
2011-03-25,4:00am,EUR,M3 Money Supply y/y,Low,1.7%,1.5%,
2011-03-25,4:00am,EUR,Private Loans y/y,Medium,2.6%,2.4%,
2011-03-25,4:00am,EUR,Italian Retail Sales m/m,Medium,0.4%,0.2%,
2011-03-25,4:00am,USD,FOMC Member Kocherlakota Speaks,Low,,,
2011-03-25,Day 2,EUR,EU Economic Summit,High,,,
2011-03-25,5:00am,CHF,SNB Quarterly Bulletin,Medium,,,
2011-03-25,6:30am,USD,FOMC Member Fisher Speaks,Low,,,
2011-03-25,7:30am,USD,Final GDP q/q,Low,3.0%,2.8%,
2011-03-25,7:30am,USD,Final GDP Price Index q/q,Medium,0.4%,0.4%,
2011-03-25,8:55am,USD,Revised UoM Consumer Sentiment,Low,68.1,68.2,
2011-03-25,8:55am,USD,Revised UoM Inflation Expectations,Medium,,4.6%,
2011-03-25,11:15am,USD,FOMC Member Plosser Speaks,Low,,,
2011-03-26,8:00pm,CHF,Daylight Saving Time Shift,Low,,,
2011-03-26,8:00pm,EUR,Daylight Saving Time Shift,Low,,,
2011-03-26,8:00pm,GBP,Daylight Saving Time Shift,Low,,,
2011-03-28,MonMar 28,USD,Personal Spending m/m,Low,0.6%,0.3%,
2011-03-28,MonMar 28,USD,Personal Income m/m,Medium,0.5%,1.2%,
2011-03-28,9:00am,USD,Pending Home Sales m/m,High,-0.5%,-2.8%,
2011-03-28,10:00am,EUR,ECB President Trichet Speaks,Low,,,
2011-03-28,2:40pm,USD,FOMC Member Evans Speaks,Low,,,
2011-03-28,6:30pm,JPY,Household Spending y/y,Low,0.1%,-1.0%,
2011-03-28,6:30pm,JPY,Unemployment Rate,Medium,4.9%,4.9%,
2011-03-28,6:50pm,JPY,Retail Sales y/y,Low,-0.4%,0.1%,
2011-03-29,TueMar 29,EUR,German GfK Consumer Climate,Low,5.9,6.0,
2011-03-29,All Day,EUR,German Prelim CPI m/m,Low,0.4%,0.5%,
2011-03-29,1:45am,EUR,French Consumer Spending m/m,Low,0.6%,-0.3%,
2011-03-29,3:30am,GBP,Current Account,High,-10.3B,-8.7B,
2011-03-29,3:30am,GBP,Final GDP q/q,Low,-0.6%,-0.6%,
2011-03-29,3:30am,GBP,Net Lending to Individuals m/m,Low,1.2B,1.6B,
2011-03-29,3:30am,GBP,M4 Money Supply m/m,Medium,0.7%,0.8%,
2011-03-29,3:30am,GBP,Mortgage Approvals,Medium,47K,46K,
2011-03-29,3:30am,GBP,Revised Business Investment q/q,Medium,-2.3%,-2.5%,
2011-03-29,8:00am,USD,S&P/CS Composite-20 HPI y/y,Low,-3.1%,-2.4%,
2011-03-29,9:00am,USD,CB Consumer Confidence,High,64.9,72.0,
2011-03-29,10:00am,GBP,MPC Member Weale Speaks,Low,,,
2011-03-29,6:50pm,JPY,Prelim Industrial Production m/m,Low,-0.1%,1.3%,
2011-03-30,3:30am,GBP,Index of Services 3m/3m,Medium,-0.6%,-0.6%,
2011-03-30,4:00am,EUR,Retail PMI,Medium,,49.9,
2011-03-30,4:30am,CHF,KOF Economic Barometer,High,2.16,2.19,
2011-03-30,5:00am,GBP,CBI Realized Sales,Low,-1,6,
2011-03-30,5:28am,EUR,Italian 10-y Bond Auction,Low,,4.84|1.3,
2011-03-30,6:30am,USD,Challenger Job Cuts y/y,Medium,,20.0%,
2011-03-30,7:15am,USD,ADP Non-Farm Employment Change,High,205K,208K,
2011-03-30,9:30am,USD,Crude Oil Inventories,Low,1.6M,2.1M,
2011-03-30,10:30am,GBP,MPC Member Fisher Speaks,Low,,,
2011-03-30,6:01pm,GBP,GfK Consumer Confidence,Low,-29,-28,
2011-03-30,6:15pm,JPY,Final Manufacturing PMI,Medium,,52.9,
2011-03-30,8:30pm,JPY,Average Cash Earnings y/y,Low,0.3%,0.4%,
2011-03-30,10:15pm,EUR,ECB President Trichet Speaks,Low,,,
2011-03-31,1:00am,EUR,German Retail Sales m/m,Low,0.4%,0.4%,
2011-03-31,1:00am,GBP,Nationwide HPI m/m,High,-0.1%,0.7%,
2011-03-31,2:55am,EUR,German Unemployment Change,Low,-23K,-54K,
2011-03-31,3:30am,GBP,BOE Credit Conditions Survey,Low,,,
2011-03-31,4:00am,EUR,CPI Flash Estimate y/y,Low,2.4%,2.4%,
2011-03-31,4:00am,EUR,Italian Prelim CPI m/m,Medium,0.4%,0.3%,
2011-03-31,5:15am,GBP,MPC Member Miles Speaks,Low,,,
2011-03-31,7:30am,USD,Unemployment Claims,High,379K,394K,
2011-03-31,8:45am,USD,Chicago PMI,Low,70.1,71.2,
2011-03-31,9:00am,USD,Factory Orders m/m,Low,0.7%,3.3%,
2011-03-31,9:30am,USD,Natural Gas Storage,Medium,-2B,-6B,
2011-03-31,11:45am,USD,FOMC Member Tarullo Speaks,Medium,,,
2011-03-31,6:50pm,JPY,Tankan Manufacturing Index,High,6,5,
2011-03-31,6:50pm,JPY,Tankan Non-Manufacturing Index,Low,2,1,
2011-04-01,2:15am,CHF,Retail Sales y/y,High,-0.8%,-2.4%,
2011-04-01,2:15am,EUR,Spanish Manufacturing PMI,Low,,52.1,
2011-04-01,2:30am,CHF,Manufacturing PMI,Low,62.2,63.5,
2011-04-01,2:45am,EUR,Italian Manufacturing PMI,Low,58.0,59.0,
2011-04-01,2:50am,EUR,French Final Manufacturing PMI,Medium,56.6,56.6,
2011-04-01,2:55am,EUR,German Final Manufacturing PMI,Medium,60.9,60.9,
2011-04-01,3:00am,EUR,Final Manufacturing PMI,Medium,57.7,57.7,
2011-04-01,3:00am,EUR,Italian Monthly Unemployment Rate,Medium,8.5%,8.6%,
2011-04-01,3:00am,EUR,Italian Quarterly Unemployment Rate,Medium,8.3%,8.4%,
2011-04-01,3:30am,GBP,Final Manufacturing PMI,High,60.7,60.9,
2011-04-01,4:00am,EUR,Unemployment Rate,Low,9.9%,10.0%,
2011-04-01,7:15am,USD,FOMC Member Plosser Speaks,Low,,,
2011-04-01,7:30am,USD,Non-Farm Employment Change,High,191K,194K,
2011-04-01,7:30am,USD,Unemployment Rate,High,8.9%,8.9%,
2011-04-01,7:30am,USD,Average Hourly Earnings m/m,Low,0.2%,0.0%,
2011-04-01,9:00am,USD,ISM Manufacturing PMI,High,61.1,61.4,
2011-04-01,9:00am,USD,Construction Spending m/m,Medium,-0.1%,-1.8%,
2011-04-01,9:00am,USD,FOMC Member Dudley Speaks,Medium,,,
2011-04-01,9:00am,USD,ISM Manufacturing Prices,Medium,83.1,82.0,
2011-04-01,All Day,USD,Total Vehicle Sales,Medium,13.3M,13.4M,
2011-04-04,3:30am,EUR,Sentix Investor Confidence,Medium,16.1,17.1,
2011-04-04,3:30am,GBP,Construction PMI,High,54.7,56.5,
2011-04-04,3:30am,GBP,Housing Equity Withdrawal q/q,Medium,-5.6B,-6.6B,
2011-04-04,4:00am,EUR,PPI m/m,Medium,0.7%,1.3%,
2011-04-04,8:30am,USD,FOMC Member Evans Speaks,Low,,,
2011-04-04,6:15pm,USD,Fed Chairman Bernanke Speaks,High,,,
2011-04-04,10:45pm,JPY,10-y Bond Auction,Medium,,1.31|2.9,
2011-04-05,2:45am,EUR,Italian Services PMI,Medium,52.3,53.1,
2011-04-05,2:50am,EUR,French Final Services PMI,Medium,60.7,60.7,
2011-04-05,2:55am,EUR,German Final Services PMI,Medium,60.1,60.1,
2011-04-05,3:00am,EUR,Final Services PMI,Medium,56.9,56.9,
2011-04-05,3:30am,GBP,Final Services PMI,High,52.5,52.6,
2011-04-05,4:00am,EUR,Retail Sales m/m,Low,0.1%,0.2%,
2011-04-05,5:38am,GBP,10-y Bond Auction,Low,,3.66|2.0,
2011-04-05,9:00am,USD,ISM Services PMI,High,59.8,59.7,
2011-04-05,10:15am,USD,FOMC Member Plosser Speaks,Low,,,
2011-04-05,1:00pm,USD,FOMC Meeting Minutes,High,,,
2011-04-05,6:01pm,GBP,BRC Shop Price Index y/y,Medium,,2.7%,
2011-04-06,2:00am,CHF,Foreign Currency Reserves,High,,208B,
2011-04-06,2:00am,GBP,Halifax HPI m/m,High,0.2%,-0.9%,
2011-04-06,2:15am,CHF,CPI m/m,Low,0.2%,0.4%,
2011-04-06,3:30am,GBP,Manufacturing Production m/m,High,0.6%,0.9%,
2011-04-06,3:30am,GBP,Industrial Production m/m,Medium,0.4%,0.3%,
2011-04-06,4:00am,EUR,Final GDP q/q,Medium,0.3%,0.3%,
2011-04-06,5:00am,EUR,German Factory Orders m/m,Low,0.6%,3.1%,
2011-04-06,9:00am,GBP,NIESR GDP Estimate,Low,,0.1%,
2011-04-06,9:30am,USD,Crude Oil Inventories,Low,1.3M,2.9M,
2011-04-06,11:10pm,JPY,Monetary Policy Statement,High,,,
2011-04-06,11:10pm,JPY,Overnight Call Rate,High,<0.10%,<0.10%,
2011-04-07,2:32am,JPY,BOJ Press Conference,High,,,
2011-04-07,Day 1,EUR,ECOFIN Meetings,Low,,,
2011-04-07,5:00am,EUR,German Industrial Production m/m,Low,0.6%,2.0%,
2011-04-07,5:04am,EUR,French 10-y Bond Auction,Low,,3.61|2.3,
2011-04-07,6:00am,GBP,Asset Purchase Facility,High,200B,200B,
2011-04-07,6:00am,GBP,Official Bank Rate,High,0.50%,0.50%,
2011-04-07,6:45am,EUR,Main Refinancing Rate,High,1.25%,1.00%,
2011-04-07,7:30am,EUR,ECB Press Conference,High,,,
2011-04-07,7:30am,USD,Unemployment Claims,High,385K,392K,
2011-04-07,9:30am,USD,Natural Gas Storage,Medium,-51B,12B,
2011-04-07,2:00pm,USD,Consumer Credit m/m,Medium,4.8B,4.4B,
2011-04-07,6:50pm,JPY,Current Account,Medium,1.33T,1.09T,
2011-04-08,FriApr 8,JPY,Economy Watchers Sentiment,Medium,49.6,48.4,
2011-04-08,12:45am,CHF,Unemployment Rate,Medium,3.3%,3.4%,
2011-04-08,1:00am,EUR,German Trade Balance,Medium,13.3B,11.8B,
2011-04-08,1:45am,EUR,French Gov Budget Balance,Medium,,-13.4B,
2011-04-08,Day 2,EUR,ECOFIN Meetings,Low,,,
2011-04-08,3:30am,GBP,PPI Input m/m,High,2.2%,1.4%,
2011-04-08,3:30am,GBP,PPI Output m/m,Medium,0.7%,0.5%,
2011-04-08,4:00am,GBP,CB Leading Index m/m,Medium,,0.4%,
2011-04-08,9:00am,USD,Final Wholesale Inventories m/m,Medium,1.1%,1.0%,
2011-04-08,9:15am,USD,FOMC Member Fisher Speaks,Low,,,
2011-04-09,1:00pm,USD,FOMC Member Yellen Speaks,Low,,,
2011-04-11,3:00am,EUR,Italian Industrial Production m/m,Medium,1.4%,-1.7%,
2011-04-11,4:15am,USD,FOMC Member Dudley Speaks,Low,,,
2011-04-11,10:00am,USD,FOMC Member Evans Speaks,Low,,,
2011-04-11,10:30am,EUR,German Buba President Weber Speaks,Low,,,
2011-04-11,11:15am,USD,FOMC Member Yellen Speaks,Low,,,
2011-04-11,6:01pm,GBP,BRC Retail Sales Monitor y/y,Low,,-0.4%,
2011-04-11,6:01pm,GBP,RICS House Price Balance,Low,-23%,-26%,
2011-04-11,6:50pm,JPY,Monetary Policy Meeting Minutes,Low,,,
2011-04-11,6:50pm,JPY,Bank Lending y/y,Medium,,-1.9%,
2011-04-11,6:50pm,JPY,M2 Money Stock y/y,Medium,2.6%,2.4%,
2011-04-11,10:45pm,JPY,30-y Bond Auction,Medium,,2.18|3.6,
2011-04-12,TueApr 12,JPY,Prelim Machine Tool Orders y/y,Medium,,73.9%,
2011-04-12,3:30am,GBP,CPI y/y,High,4.4%,4.4%,
2011-04-12,3:30am,GBP,Goods Trade Balance,Low,-8.1B,-7.8B,
2011-04-12,3:30am,GBP,RPI y/y,Low,5.5%,5.5%,
2011-04-12,3:30am,GBP,Core CPI y/y,Medium,3.4%,3.4%,
2011-04-12,3:30am,GBP,ONS HPI y/y,Medium,1.3%,0.5%,
2011-04-12,4:00am,EUR,German ZEW Economic Sentiment,High,11.7,14.1,
2011-04-12,4:00am,EUR,ZEW Economic Sentiment,Low,29.8,31.0,
2011-04-12,5:15am,USD,FOMC Member Dudley Speaks,Low,,,
2011-04-12,6:30am,USD,NFIB Small Business Index,Medium,95.0,94.5,
2011-04-12,7:30am,USD,Trade Balance,High,-44.1B,-47.0B,
2011-04-12,7:30am,USD,Import Prices m/m,Low,2.1%,1.4%,
2011-04-12,9:00am,USD,RCM/TIPP Economic Optimism,Medium,45.7,43.0,
2011-04-12,1:00pm,USD,Federal Budget Balance,Low,-163.5B,-222.5B,
2011-04-12,1:45pm,USD,FOMC Member Tarullo Speaks,Medium,,,
2011-04-12,1:50pm,USD,FOMC Member Fisher Speaks,Low,,,
2011-04-12,6:50pm,JPY,PPI y/y,Medium,1.9%,1.7%,
2011-04-13,1:00am,EUR,German WPI m/m,Medium,1.3%,1.4%,
2011-04-13,2:15am,CHF,PPI m/m,Low,0.4%,0.2%,
2011-04-13,3:30am,GBP,Claimant Count Change,High,-3.6K,-8.5K,
2011-04-13,3:30am,GBP,Average Earnings Index 3m/y,Low,2.6%,2.3%,
2011-04-13,3:30am,GBP,Unemployment Rate,Medium,8.0%,8.0%,
2011-04-13,4:00am,EUR,Industrial Production m/m,Low,0.8%,0.2%,
2011-04-13,5:06am,EUR,German 30-y Bond Auction,Medium,,3.58|1.2,
2011-04-13,7:30am,USD,Core Retail Sales m/m,High,0.7%,1.1%,
2011-04-13,7:30am,USD,Retail Sales m/m,High,0.6%,1.1%,
2011-04-13,9:00am,USD,Business Inventories m/m,Low,0.8%,1.0%,
2011-04-13,9:00am,USD,JOLTS Job Openings,Medium,,2.74M,
2011-04-13,9:30am,USD,Crude Oil Inventories,Low,0.9M,2.0M,
2011-04-13,12:30pm,USD,President Obama Speaks,Medium,,,
2011-04-13,1:00pm,USD,10-y Bond Auction,Low,,3.50|3.3,
2011-04-13,1:00pm,USD,Beige Book,Low,,,
2011-04-13,4:00pm,EUR,German Buba President Weber Speaks,Low,,,
2011-04-13,5:00pm,GBP,MPC Member Posen Speaks,Low,,,
2011-04-13,6:01pm,GBP,Nationwide Consumer Confidence,Low,40,39,
2011-04-14,3:00am,EUR,ECB Monthly Bulletin,Low,,,
2011-04-14,4:00am,CHF,UBS Economic Expectations,Low,,-13.5,
2011-04-14,5:38am,GBP,30-y Bond Auction,Medium,,4.52|1.9,
2011-04-14,7:30am,CHF,Gov Board Member Danthine Speaks,Low,,,
2011-04-14,7:30am,USD,PPI m/m,High,1.1%,1.6%,
2011-04-14,7:30am,USD,Unemployment Claims,High,379K,385K,
2011-04-14,7:30am,USD,Core PPI m/m,Low,0.2%,0.2%,
2011-04-14,8:00am,USD,FOMC Member Duke Speaks,Medium,,,
2011-04-14,8:20am,USD,FOMC Member Kocherlakota Speaks,Low,,,
2011-04-14,9:30am,USD,Natural Gas Storage,Medium,34B,-45B,
2011-04-14,11:30am,USD,FOMC Member Plosser Speaks,Low,,,
2011-04-14,12:00pm,USD,30-y Bond Auction,Medium,,4.57|3.0,
2011-04-14,12:15pm,USD,FOMC Member Tarullo Speaks,Low,,,
2011-04-14,6:05pm,GBP,MPC Member Tucker Speaks,Low,,,
2011-04-14,11:30pm,JPY,Revised Industrial Production m/m,Medium,0.4%,0.4%,
2011-04-15,4:00am,EUR,Final Core CPI y/y,Low,1.1%,1.0%,
2011-04-15,4:00am,EUR,Final CPI y/y,Low,2.6%,2.6%,
2011-04-15,4:00am,EUR,Trade Balance,Medium,-3.4B,-3.1B,
2011-04-15,7:30am,USD,Core CPI m/m,High,0.2%,0.2%,
2011-04-15,7:30am,USD,CPI y/y,High,2.6%,2.1%,
2011-04-15,7:30am,USD,CPI m/m,Low,0.5%,0.5%,
2011-04-15,7:30am,USD,Empire State Manufacturing Index,Low,17.1,17.5,
2011-04-15,8:00am,USD,TIC Long-Term Purchases,High,59.4B,51.1B,
2011-04-15,8:15am,USD,Capacity Utilization Rate,Low,77.5%,76.9%,
2011-04-15,8:15am,USD,Industrial Production m/m,Low,0.5%,0.1%,
2011-04-15,8:55am,USD,Prelim UoM Consumer Sentiment,High,68.7,67.5,
2011-04-15,8:55am,USD,Prelim UoM Inflation Expectations,Medium,,4.6%,
2011-04-15,9:00am,USD,FOMC Member Evans Speaks,Low,,,
2011-04-17,6:01pm,GBP,Rightmove HPI m/m,Low,,0.8%,
2011-04-18,9:00am,USD,NAHB Housing Market Index,Medium,17,17,
2011-04-18,9:30am,USD,FOMC Member Fisher Speaks,Low,,,
2011-04-18,11:30am,USD,FOMC Member Fisher Speaks,Low,,,
2011-04-19,2:00am,EUR,French Flash Manufacturing PMI,Low,55.2,55.4,
2011-04-19,2:00am,EUR,French Flash Services PMI,Low,60.1,60.4,
2011-04-19,2:30am,EUR,German Flash Manufacturing PMI,Low,60.1,60.9,
2011-04-19,2:30am,EUR,German Flash Services PMI,Low,59.9,60.1,
2011-04-19,2:30am,EUR,Consumer Confidence,Medium,-10,-11,
2011-04-19,3:00am,EUR,Current Account,Low,-2.3B,-5.6B,
2011-04-19,3:00am,EUR,Flash Manufacturing PMI,Low,57.2,57.5,
2011-04-19,3:00am,EUR,Flash Services PMI,Low,57.0,57.2,
2011-04-19,7:30am,USD,Building Permits,High,0.55M,0.53M,
2011-04-19,7:30am,USD,Housing Starts,Low,0.53M,0.51M,
2011-04-19,6:50pm,JPY,Tertiary Industry Activity m/m,Low,0.2%,-0.1%,
2011-04-19,6:50pm,JPY,Trade Balance,Low,0.33T,0.48T,
2011-04-20,3:30am,GBP,MPC Asset Purchase Facility Votes,High,1-0-8,1-0-8,
2011-04-20,3:30am,GBP,MPC Official Bank Rate Votes,High,3-0-6,3-0-6,
2011-04-20,3:45am,EUR,Spanish 10-y Bond Auction,Low,,5.16|1.8,
2011-04-20,9:00am,USD,Existing Home Sales,High,5.02M,4.92M,
2011-04-20,9:30am,USD,Crude Oil Inventories,Low,0.7M,1.6M,
2011-04-20,11:30am,USD,Fed Chairman Bernanke Testifies,High,,,
2011-04-21,3:30am,GBP,Public Sector Net Borrowing,High,18.8B,7.9B,
2011-04-21,3:30am,GBP,Retail Sales m/m,High,-0.5%,-0.9%,
2011-04-21,3:35am,GBP,Prelim Mortgage Approvals,Low,48K,43K,
2011-04-21,7:30am,USD,Unemployment Claims,High,394K,416K,
2011-04-21,8:00am,EUR,Belgian NBB Business Climate,Low,5.9,6.2,
2011-04-21,9:00am,USD,Philly Fed Manufacturing Index,High,37.1,43.4,
2011-04-21,9:00am,USD,CB Leading Index m/m,Medium,0.3%,1.0%,
2011-04-21,9:00am,USD,HPI m/m,Medium,0.2%,-1.0%,
2011-04-21,9:30am,USD,Natural Gas Storage,Medium,53B,28B,
2011-04-22,All Day,EUR,German Bank Holiday,Low,,,
2011-04-22,All Day,GBP,Bank Holiday,Low,,,
2011-04-22,3:00am,EUR,Italian Retail Sales m/m,Medium,0.2%,-0.3%,
2011-04-22,9:15am,GBP,MPC Member Posen Speaks,Low,,,
2011-04-24,6:50pm,JPY,SPPI y/y,Medium,-1.1%,-1.1%,
2011-04-24,11:30pm,JPY,All Industries Activity m/m,Medium,0.4%,-0.5%,
2011-04-25,All Day,EUR,French Bank Holiday,Low,,,
2011-04-25,All Day,EUR,German Bank Holiday,Low,,,
2011-04-25,All Day,EUR,Italian Bank Holiday,Low,,,
2011-04-25,All Day,GBP,Bank Holiday,Low,,,
2011-04-25,9:00am,USD,New Home Sales,High,280K,270K,
2011-04-26,TueApr 26,CHF,UBS Consumption Indicator,Low,,1.45,
2011-04-26,5:00am,GBP,CBI Industrial Order Expectations,Low,4,5,
2011-04-26,7:50am,GBP,MPC Member Sentance Speaks,Low,,,
2011-04-26,8:00am,USD,S&P/CS Composite-20 HPI y/y,Low,-3.2%,-3.1%,
2011-04-26,9:00am,USD,CB Consumer Confidence,High,64.6,63.8,
2011-04-26,9:00am,USD,Richmond Manufacturing Index,Medium,20,20,
2011-04-26,6:50pm,JPY,Retail Sales y/y,Low,-5.7%,0.1%,
2011-04-27,All Day,EUR,German Prelim CPI m/m,Low,0.2%,0.5%,
2011-04-27,3:30am,GBP,Prelim GDP q/q,High,0.5%,-0.5%,
2011-04-27,3:30am,GBP,High Street Lending,Low,30.6K,30.2K,
2011-04-27,3:30am,GBP,Index of Services 3m/3m,Medium,-0.3%,-0.6%,
2011-04-27,4:00am,EUR,Industrial New Orders m/m,Low,1.3%,1.2%,
2011-04-27,4:07am,EUR,German 10-y Bond Auction,Low,,3.24|2.2,
2011-04-27,7:30am,USD,Core Durable Goods Orders m/m,High,1.7%,0.6%,
2011-04-27,7:30am,USD,Durable Goods Orders m/m,Low,2.1%,0.7%,
2011-04-27,9:30am,USD,Crude Oil Inventories,Low,1.4M,-2.3M,
2011-04-27,11:32am,USD,Federal Funds Rate,High,<0.25%,<0.25%,
2011-04-27,11:32am,USD,FOMC Statement,High,,,
2011-04-27,1:00pm,USD,FOMC Economic Projections,Low,,,
2011-04-27,1:15pm,USD,FOMC Press Conference,High,,,
2011-04-27,6:01pm,GBP,GfK Consumer Confidence,Low,-28,-28,
2011-04-27,6:15pm,JPY,Final Manufacturing PMI,Medium,,46.4,
2011-04-27,6:30pm,JPY,Household Spending y/y,Low,-6.6%,-0.2%,
2011-04-27,6:30pm,JPY,Tokyo Core CPI y/y,Low,0.2%,-0.3%,
2011-04-27,6:30pm,JPY,National Core CPI y/y,Medium,-0.2%,-0.3%,
2011-04-27,6:30pm,JPY,Unemployment Rate,Medium,4.8%,4.6%,
2011-04-27,6:50pm,JPY,Prelim Industrial Production m/m,Low,-10.5%,1.8%,
2011-04-27,11:31pm,JPY,Monetary Policy Statement,High,,,
2011-04-27,11:31pm,JPY,Overnight Call Rate,High,<0.10%,<0.10%,
2011-04-28,1:00am,EUR,German Import Prices m/m,Medium,1.0%,1.1%,
2011-04-28,1:00am,JPY,BOJ Outlook Report,Low,,,
2011-04-28,1:45am,EUR,French Consumer Spending m/m,Low,0.3%,0.9%,
2011-04-28,2:18am,JPY,BOJ Press Conference,High,,,
2011-04-28,2:55am,EUR,German Unemployment Change,Low,-33K,-55K,
2011-04-28,3:00am,EUR,Retail PMI,Medium,,53.5,
2011-04-28,4:27am,EUR,Italian 10-y Bond Auction,Low,,4.80|1.5,
2011-04-28,7:30am,USD,Advance GDP q/q,High,1.9%,3.1%,
2011-04-28,7:30am,USD,Unemployment Claims,High,392K,404K,
2011-04-28,7:30am,USD,Advance GDP Price Index q/q,Low,2.2%,0.4%,
2011-04-28,7:30am,USD,FOMC Member Duke Speaks,Medium,,,
2011-04-28,9:00am,USD,Pending Home Sales m/m,High,1.6%,0.7%,
2011-04-28,9:30am,USD,Natural Gas Storage,Medium,38B,47B,
2011-04-28,All Day,JPY,Bank Holiday,Low,,,
2011-04-29,2:00am,EUR,Spanish Unemployment Rate,Low,20.7%,20.3%,
2011-04-29,2:00am,EUR,Spanish Flash CPI y/y,Medium,,3.6%,
2011-04-29,All Day,GBP,Bank Holiday,Low,,,
2011-04-29,3:00am,CHF,SNB Chairman Hildebrand Speaks,Low,,,
2011-04-29,3:00am,EUR,M3 Money Supply y/y,Low,2.2%,2.1%,
2011-04-29,3:00am,EUR,Italian Monthly Unemployment Rate,Medium,8.4%,8.2%,
2011-04-29,3:00am,EUR,Private Loans y/y,Medium,2.9%,2.6%,
2011-04-29,4:00am,EUR,CPI Flash Estimate y/y,Low,2.7%,2.7%,
2011-04-29,4:00am,EUR,Unemployment Rate,Low,9.9%,9.9%,
2011-04-29,4:00am,EUR,Italian Prelim CPI m/m,Medium,0.3%,0.4%,
2011-04-29,4:30am,CHF,KOF Economic Barometer,High,2.20,2.25,
2011-04-29,7:30am,USD,Core PCE Price Index m/m,Low,0.1%,0.2%,
2011-04-29,7:30am,USD,Employment Cost Index q/q,Low,0.5%,0.4%,
2011-04-29,7:30am,USD,Personal Spending m/m,Low,0.6%,0.9%,
2011-04-29,7:30am,USD,Personal Income m/m,Medium,0.3%,0.4%,
2011-04-29,8:45am,USD,Chicago PMI,Low,68.7,70.6,
2011-04-29,8:55am,USD,Revised UoM Consumer Sentiment,Low,70.0,69.6,
2011-04-29,8:55am,USD,Revised UoM Inflation Expectations,Medium,,4.6%,
2011-04-29,11:30am,USD,Fed Chairman Bernanke Speaks,High,,,
2011-05-01,8:30pm,JPY,Average Cash Earnings y/y,Low,-0.1%,0.3%,
2011-05-01,10:35pm,USD,President Obama Speaks,Medium,,,
2011-05-02,All Day,EUR,French Bank Holiday,Low,,,
2011-05-02,All Day,EUR,Italian Bank Holiday,Low,,,
2011-05-02,All Day,GBP,Bank Holiday,Low,,,
2011-05-02,2:15am,CHF,Retail Sales y/y,High,2.3%,1.8%,
2011-05-02,2:15am,EUR,Spanish Manufacturing PMI,Low,,51.6,
2011-05-02,2:30am,CHF,Manufacturing PMI,Low,58.8,59.3,
2011-05-02,2:45am,EUR,Italian Manufacturing PMI,Low,56.1,56.2,
2011-05-02,2:50am,EUR,French Final Manufacturing PMI,Medium,56.9,56.9,
2011-05-02,2:55am,EUR,German Final Manufacturing PMI,Medium,61.7,61.7,
2011-05-02,3:00am,EUR,Final Manufacturing PMI,Medium,57.7,57.7,
2011-05-02,4:00am,EUR,ECB President Trichet Speaks,Low,,,
2011-05-02,8:00am,GBP,BOE Gov King Speaks,High,,,
2011-05-02,9:00am,USD,ISM Manufacturing PMI,High,59.9,61.2,
2011-05-02,9:00am,USD,Construction Spending m/m,Medium,0.4%,-2.4%,
2011-05-02,9:00am,USD,ISM Manufacturing Prices,Medium,83.3,85.0,
2011-05-02,1:00pm,USD,Loan Officer Survey,Medium,,,
2011-05-02,All Day,JPY,Bank Holiday,Low,,,
2011-05-03,4:00am,EUR,PPI m/m,Medium,0.7%,0.8%,
2011-05-03,5:00am,GBP,CBI Realized Sales,Low,14,15,
2011-05-03,9:00am,USD,Factory Orders m/m,Low,1.9%,0.7%,
2011-05-03,All Day,USD,Total Vehicle Sales,Medium,13.0M,13.1M,
2011-05-03,3:31pm,GBP,BRC Shop Price Index y/y,Medium,,2.4%,
2011-05-03,All Day,JPY,Bank Holiday,Low,,,
2011-05-04,2:00am,EUR,Spanish Unemployment Change,Low,,34.4K,
2011-05-04,2:15am,EUR,Spanish Services PMI,Medium,,48.7,
2011-05-04,2:45am,EUR,Italian Services PMI,Medium,53.1,53.3,
2011-05-04,2:50am,EUR,French Final Services PMI,Medium,63.4,63.4,
2011-05-04,2:55am,EUR,German Final Services PMI,Medium,57.7,57.7,
2011-05-04,3:00am,EUR,Final Services PMI,Medium,56.9,56.9,
2011-05-04,3:30am,GBP,Construction PMI,High,55.6,56.4,
2011-05-04,3:30am,GBP,Net Lending to Individuals m/m,Low,1.7B,1.7B,
2011-05-04,3:30am,GBP,M4 Money Supply m/m,Medium,0.4%,-0.3%,
2011-05-04,3:30am,GBP,Mortgage Approvals,Medium,44K,47K,
2011-05-04,4:00am,EUR,Retail Sales m/m,Low,0.2%,0.3%,
2011-05-04,6:30am,USD,Challenger Job Cuts y/y,Medium,,-38.6%,
2011-05-04,7:15am,USD,ADP Non-Farm Employment Change,High,200K,207K,
2011-05-04,9:00am,USD,ISM Services PMI,High,57.9,57.3,
2011-05-04,9:30am,USD,Crude Oil Inventories,Low,1.9M,6.2M,
2011-05-04,3:00pm,USD,FOMC Member Fisher Speaks,Low,,,
2011-05-04,All Day,JPY,Bank Holiday,Low,,,
2011-05-05,3:30am,GBP,Final Services PMI,High,55.8,57.1,
2011-05-05,5:00am,EUR,German Factory Orders m/m,Low,0.4%,1.9%,
2011-05-05,5:05am,EUR,French 10-y Bond Auction,Low,,3.77|2.5,
2011-05-05,6:00am,GBP,Asset Purchase Facility,High,200B,200B,
2011-05-05,6:00am,GBP,Official Bank Rate,High,0.50%,0.50%,
2011-05-05,6:45am,EUR,Main Refinancing Rate,High,1.25%,1.25%,
2011-05-05,7:30am,EUR,ECB Press Conference,High,,,
2011-05-05,7:30am,USD,Unemployment Claims,High,415K,431K,
2011-05-05,7:30am,USD,Prelim Nonfarm Productivity q/q,Low,1.1%,2.6%,
2011-05-05,7:30am,USD,Prelim Unit Labor Costs q/q,Low,0.8%,-0.6%,
2011-05-05,8:15am,USD,FOMC Member Evans Speaks,Low,,,
2011-05-05,8:23am,USD,Fed Chairman Bernanke Speaks,High,,,
2011-05-05,9:30am,USD,Natural Gas Storage,Medium,68B,31B,
2011-05-05,11:45am,EUR,ECB President Trichet Speaks,Low,,,
2011-05-05,12:15pm,USD,FOMC Member Kocherlakota Speaks,Low,,,
2011-05-05,6:50pm,JPY,Monetary Base y/y,Medium,14.3%,16.9%,
2011-05-06,1:45am,EUR,French Gov Budget Balance,Medium,,-28.0B,
2011-05-06,1:45am,EUR,French Trade Balance,Medium,-6.2B,-6.4B,
2011-05-06,3:30am,GBP,PPI Input m/m,High,1.7%,3.8%,
2011-05-06,3:30am,GBP,PPI Output m/m,Medium,0.7%,1.1%,
2011-05-06,4:30am,GBP,BOE Gov King Speaks,High,,,
2011-05-06,5:00am,EUR,German Industrial Production m/m,Low,0.6%,1.7%,
2011-05-06,6:30am,USD,FOMC Member Yellen Speaks,Low,,,
2011-05-06,7:30am,USD,Non-Farm Employment Change,High,185K,221K,
2011-05-06,7:30am,USD,Unemployment Rate,High,8.8%,8.8%,
2011-05-06,7:30am,USD,Average Hourly Earnings m/m,Low,0.2%,0.2%,
2011-05-06,9:00am,USD,FOMC Member Dudley Speaks,Medium,,,
2011-05-06,2:00pm,USD,Consumer Credit m/m,Medium,5.2B,7.6B,
2011-05-09,2:00am,GBP,Halifax HPI m/m,High,0.2%,0.0%,
2011-05-09,3:30am,EUR,Sentix Investor Confidence,Medium,14.3,14.2,
2011-05-09,6:01pm,GBP,BRC Retail Sales Monitor y/y,Low,,-3.5%,
2011-05-09,6:01pm,GBP,RICS House Price Balance,Low,-22%,-23%,
2011-05-10,1:45am,EUR,French Industrial Production m/m,Low,0.5%,0.5%,
2011-05-10,2:15am,CHF,CPI m/m,Low,0.5%,0.6%,
2011-05-10,3:00am,EUR,Italian Industrial Production m/m,Medium,0.6%,1.5%,
2011-05-10,6:30am,USD,NFIB Small Business Index,Medium,91.9,91.9,
2011-05-10,7:30am,USD,Import Prices m/m,Low,1.8%,2.6%,
2011-05-10,8:30am,USD,FOMC Member Duke Speaks,Medium,,,
2011-05-10,9:00am,USD,Final Wholesale Inventories m/m,Medium,1.0%,1.0%,
2011-05-10,9:00am,USD,RCM/TIPP Economic Optimism,Medium,41.5,40.8,
2011-05-11,1:00am,EUR,German Final CPI m/m,Medium,0.2%,0.2%,
2011-05-11,1:00am,EUR,German WPI m/m,Medium,1.1%,1.3%,
2011-05-11,3:30am,GBP,Goods Trade Balance,Low,-7.4B,-7.0B,
2011-05-11,4:30am,GBP,BOE Gov King Speaks,High,,,
2011-05-11,4:30am,GBP,BOE Monetary Policy Report,High,,,
2011-05-11,7:30am,USD,Trade Balance,High,-46.8B,-45.4B,
2011-05-11,9:00am,USD,JOLTS Job Openings,Medium,,3.03M,
2011-05-11,9:30am,USD,Crude Oil Inventories,Low,1.1M,3.4M,
2011-05-11,12:00pm,USD,FOMC Member Kocherlakota Speaks,Low,,,
2011-05-11,1:00pm,USD,10-y Bond Auction,Low,,3.49|3.1,
2011-05-11,1:00pm,USD,Federal Budget Balance,Low,-50.5B,-188.2B,
2011-05-11,6:50pm,JPY,Bank Lending y/y,Medium,,-1.7%,
2011-05-11,6:50pm,JPY,M2 Money Stock y/y,Medium,2.7%,2.6%,
2011-05-11,6:55pm,JPY,Current Account,Medium,1.02T,1.22T,
2011-05-11,10:45pm,JPY,10-y Bond Auction,Medium,,1.30|4.0,
2011-05-12,1:00am,JPY,Economy Watchers Sentiment,Medium,24.3,27.7,
2011-05-12,1:00am,JPY,Prelim Machine Tool Orders y/y,Medium,,49.6%,
2011-05-12,3:00am,EUR,ECB Monthly Bulletin,Low,,,
2011-05-12,3:30am,GBP,Manufacturing Production m/m,High,0.3%,0.0%,
2011-05-12,3:30am,GBP,Industrial Production m/m,Medium,0.9%,-1.2%,
2011-05-12,4:00am,EUR,Industrial Production m/m,Low,0.4%,0.6%,
2011-05-12,4:38am,GBP,30-y Bond Auction,Medium,,4.32|1.7,
2011-05-12,7:30am,USD,Core Retail Sales m/m,High,0.7%,1.2%,
2011-05-12,7:30am,USD,PPI m/m,High,0.6%,0.7%,
2011-05-12,7:30am,USD,Retail Sales m/m,High,0.5%,0.9%,
2011-05-12,7:30am,USD,Unemployment Claims,High,430K,478K,
2011-05-12,7:30am,USD,Core PPI m/m,Low,0.2%,0.3%,
2011-05-12,7:30am,USD,FOMC Member Plosser Speaks,Low,,,
2011-05-12,9:00am,GBP,NIESR GDP Estimate,Low,,0.5%,
2011-05-12,9:00am,USD,Fed Chairman Bernanke Testifies,High,,,
2011-05-12,9:00am,USD,Business Inventories m/m,Low,0.8%,0.7%,
2011-05-12,9:30am,USD,Natural Gas Storage,Medium,69B,72B,
2011-05-12,12:00pm,USD,30-y Bond Auction,Medium,,4.53|2.8,
2011-05-12,7:00pm,USD,Fed Chairman Bernanke Speaks,Low,,,
2011-05-13,1:00am,EUR,German Prelim GDP q/q,Low,0.9%,0.4%,
2011-05-13,1:45am,EUR,French Prelim Private Payrolls q/q,Low,0.4%,0.2%,
2011-05-13,2:00am,EUR,Spanish Flash GDP q/q,Low,0.3%,0.2%,
2011-05-13,2:15am,CHF,PPI m/m,Low,0.4%,0.4%,
2011-05-13,3:00am,EUR,ECB President Trichet Speaks,High,,,
2011-05-13,3:00am,EUR,Italian Prelim GDP q/q,Medium,0.3%,0.1%,
2011-05-13,4:00am,EUR,EU Economic Forecasts,Low,,,
2011-05-13,4:00am,EUR,Flash GDP q/q,Low,0.6%,0.3%,
2011-05-13,7:30am,USD,Core CPI m/m,High,0.2%,0.1%,
2011-05-13,7:30am,USD,CPI y/y,High,3.1%,2.7%,
2011-05-13,7:30am,USD,CPI m/m,Low,0.4%,0.5%,
2011-05-13,8:55am,USD,Prelim UoM Consumer Sentiment,High,70.0,69.8,
2011-05-13,8:55am,USD,Prelim UoM Inflation Expectations,Medium,,4.6%,
2011-05-15,6:01pm,GBP,Rightmove HPI m/m,Low,,1.7%,
2011-05-15,6:50pm,JPY,Core Machinery Orders m/m,Low,-9.7%,-2.3%,
2011-05-15,6:50pm,JPY,PPI y/y,Medium,2.1%,2.0%,
2011-05-16,3:00am,EUR,Italian Trade Balance,Medium,-2.29B,-3.64B,
2011-05-16,All Day,EUR,Eurogroup Meetings,Low,,,
2011-05-16,4:00am,EUR,Final Core CPI y/y,Low,1.5%,1.3%,
2011-05-16,4:00am,EUR,Final CPI y/y,Low,2.8%,2.8%,
2011-05-16,4:00am,EUR,Trade Balance,Medium,1.7B,-2.1B,
2011-05-16,7:30am,USD,Empire State Manufacturing Index,Low,20.7,21.7,
2011-05-16,8:00am,USD,Fed Chairman Bernanke Speaks,High,,,
2011-05-16,8:00am,USD,TIC Long-Term Purchases,High,57.7B,27.2B,
2011-05-16,9:00am,USD,NAHB Housing Market Index,Medium,17,16,
2011-05-17,3:30am,GBP,CPI y/y,High,4.2%,4.0%,
2011-05-17,3:30am,GBP,RPI y/y,Low,5.3%,5.3%,
2011-05-17,3:30am,GBP,Core CPI y/y,Medium,3.4%,3.2%,
2011-05-17,3:33am,GBP,ONS HPI y/y,Medium,0.9%,0.5%,
2011-05-17,4:00am,EUR,German ZEW Economic Sentiment,High,4.8,7.6,
2011-05-17,4:00am,EUR,ZEW Economic Sentiment,Low,17.9,19.7,
2011-05-17,4:00am,GBP,CB Leading Index m/m,Medium,,0.5%,
2011-05-17,4:30am,GBP,BOE Inflation Letter,High,,,
2011-05-17,5:00am,GBP,MPC Member Posen Speaks,Low,,,
2011-05-17,7:30am,USD,Building Permits,High,0.59M,0.57M,
2011-05-17,7:30am,USD,Housing Starts,Low,0.58M,0.59M,
2011-05-17,8:15am,USD,Capacity Utilization Rate,Low,77.7%,77.0%,
2011-05-17,8:15am,USD,Industrial Production m/m,Low,0.5%,0.7%,
2011-05-17,11:30am,CHF,Gov Board Member Jordan Speaks,Low,,,
2011-05-17,6:50pm,JPY,Tertiary Industry Activity m/m,Low,-5.4%,1.0%,
2011-05-18,WedMay 18,GBP,MPC Asset Purchase Facility Votes,High,1-0-8,1-0-8,
2011-05-18,WedMay 18,GBP,MPC Official Bank Rate Votes,High,3-0-6,3-0-6,
2011-05-18,WedMay 18,GBP,Average Earnings Index 3m/y,Low,2.0%,2.1%,
2011-05-18,WedMay 18,GBP,Unemployment Rate,Medium,7.9%,7.8%,
2011-05-18,9:30am,USD,Crude Oil Inventories,Low,1.4M,3.8M,
2011-05-18,12:30pm,USD,FOMC Member Fisher Speaks,Low,,,
2011-05-18,1:00pm,USD,FOMC Meeting Minutes,High,,,
2011-05-18,6:01pm,GBP,Nationwide Consumer Confidence,Low,48,45,
2011-05-18,6:50pm,JPY,Prelim GDP q/q,High,-0.5%,-0.8%,
2011-05-18,6:50pm,JPY,Prelim GDP Price Index y/y,Low,-1.9%,-1.6%,
2011-05-18,11:30pm,JPY,Revised Industrial Production m/m,Medium,-15.1%,-15.3%,
2011-05-19,3:30am,GBP,Retail Sales m/m,High,0.9%,0.3%,
2011-05-19,3:45am,EUR,Spanish 10-y Bond Auction,Low,,5.47|2.1,
2011-05-19,4:00am,CHF,UBS Economic Expectations,Low,,8.8,
2011-05-19,5:00am,GBP,CBI Industrial Order Expectations,Low,-5,-11,
2011-05-19,6:20am,GBP,MPC Member Bean Speaks,Low,,,
2011-05-19,7:30am,USD,Unemployment Claims,High,421K,438K,
2011-05-19,7:30am,USD,FOMC Member Dudley Speaks,Medium,,,
2011-05-19,9:00am,USD,Existing Home Sales,High,5.21M,5.09M,
2011-05-19,9:00am,USD,Philly Fed Manufacturing Index,High,20.2,18.5,
2011-05-19,9:00am,USD,Mortgage Delinquencies,Low,,8.22%,
2011-05-19,9:00am,USD,CB Leading Index m/m,Medium,0.2%,0.7%,
2011-05-19,9:30am,USD,Natural Gas Storage,Medium,91B,70B,
2011-05-19,11:00am,USD,FOMC Member Dudley Speaks,Medium,,,
2011-05-19,12:30pm,USD,FOMC Member Evans Speaks,Low,,,
2011-05-19,10:14pm,JPY,Monetary Policy Statement,High,,,
2011-05-19,10:14pm,JPY,Overnight Call Rate,High,<0.10%,<0.10%,
2011-05-19,11:30pm,JPY,All Industries Activity m/m,Medium,-5.5%,0.7%,
2011-05-20,2:13am,JPY,BOJ Press Conference,High,,,
2011-05-20,3:00am,EUR,Current Account,Low,-5.7B,-6.5B,
2011-05-20,5:00am,EUR,German Buba Monthly Report,Medium,,,
2011-05-20,6:00am,EUR,German Buba President Weidmann Speaks,Low,,,
2011-05-20,7:00am,USD,FOMC Member Dudley Speaks,Medium,,,
2011-05-20,8:30am,CHF,Gov Board Member Danthine Speaks,Medium,,,
2011-05-20,8:46am,EUR,Consumer Confidence,Medium,-12,-12,
2011-05-23,2:00am,EUR,French Flash Manufacturing PMI,Low,57.0,57.5,
2011-05-23,2:00am,EUR,French Flash Services PMI,Low,62.2,62.9,
2011-05-23,2:30am,EUR,German Flash Manufacturing PMI,Low,61.2,62.0,
2011-05-23,2:30am,EUR,German Flash Services PMI,Low,57.1,56.8,
2011-05-23,3:00am,EUR,Flash Manufacturing PMI,Low,57.6,58.0,
2011-05-23,3:00am,EUR,Flash Services PMI,Low,56.6,56.7,
2011-05-23,7:30am,GBP,MPC Member Tucker Speaks,Low,,,
2011-05-24,3:00am,EUR,German ifo Business Climate,High,113.9,114.2,
2011-05-24,3:30am,GBP,Public Sector Net Borrowing,High,5.0B,15.6B,
2011-05-24,4:00am,EUR,Industrial New Orders m/m,Low,-1.2%,0.5%,
2011-05-24,6:00am,GBP,MPC Member Fisher Speaks,Low,,,
2011-05-24,6:30am,GBP,CBI Realized Sales,Low,11,21,
2011-05-24,7:25am,USD,FOMC Member Duke Speaks,Medium,,,
2011-05-24,8:00am,EUR,Belgian NBB Business Climate,Low,2.8,2.8,
2011-05-24,8:50am,USD,FOMC Member Plosser Speaks,Low,,,
2011-05-24,9:00am,USD,New Home Sales,High,305K,301K,
2011-05-24,9:00am,USD,Richmond Manufacturing Index,Medium,10,10,
2011-05-24,6:50pm,JPY,Monetary Policy Meeting Minutes,Low,,,
2011-05-24,6:50pm,JPY,Trade Balance,Low,-0.59T,0.00T,
2011-05-24,11:30pm,JPY,BOJ Gov Shirakawa Speaks,Low,,,
2011-05-25,2:30am,USD,FOMC Member Plosser Speaks,Low,,,
2011-05-25,3:00am,EUR,Italian Retail Sales m/m,Medium,-0.1%,0.1%,
2011-05-25,3:30am,GBP,Second Estimate GDP q/q,High,0.5%,0.5%,
2011-05-25,3:30am,GBP,High Street Lending,Low,32.2K,31.2K,
2011-05-25,3:30am,GBP,Prelim Business Investment q/q,Low,2.4%,0.0%,
2011-05-25,3:30am,GBP,Index of Services 3m/3m,Medium,0.2%,-0.4%,
2011-05-25,4:06am,EUR,German 10-y Bond Auction,Low,,3.28|1.4,
2011-05-25,7:30am,USD,Core Durable Goods Orders m/m,High,0.7%,2.5%,
2011-05-25,7:30am,USD,Durable Goods Orders m/m,Low,-2.0%,4.4%,
2011-05-25,7:40am,GBP,MPC Member Sentance Speaks,Medium,,,
2011-05-25,9:00am,USD,HPI m/m,Medium,-0.7%,-1.5%,
2011-05-25,9:30am,USD,Crude Oil Inventories,Low,-1.6M,0.0M,
2011-05-25,12:30pm,USD,FOMC Member Kocherlakota Speaks,Low,,,
2011-05-25,6:50pm,JPY,SPPI y/y,Medium,-1.0%,-1.2%,
2011-05-26,ThuMay 26,EUR,German Import Prices m/m,Medium,0.8%,1.1%,
2011-05-26,2:15am,CHF,Employment Level,Low,4.10M,4.09M,
2011-05-26,4:20am,EUR,ECB President Trichet Speaks,Low,,,
2011-05-26,7:20am,GBP,MPC Member Tucker Speaks,Low,,,
2011-05-26,7:30am,USD,Prelim GDP q/q,High,2.2%,1.8%,
2011-05-26,7:30am,USD,Unemployment Claims,High,403K,414K,
2011-05-26,7:30am,USD,Prelim GDP Price Index q/q,Medium,1.9%,1.9%,
2011-05-26,9:30am,USD,Natural Gas Storage,Medium,93B,92B,
2011-05-26,6:01pm,GBP,GfK Consumer Confidence,Low,-31,-31,
2011-05-26,6:30pm,JPY,Tokyo Core CPI y/y,Low,0.2%,0.2%,
2011-05-26,6:30pm,JPY,National Core CPI y/y,Medium,0.6%,-0.1%,
2011-05-26,6:50pm,JPY,Retail Sales y/y,Low,-6.1%,-8.3%,
2011-05-27,All Day,EUR,German Prelim CPI m/m,Low,0.1%,0.2%,
2011-05-27,3:00am,EUR,M3 Money Supply y/y,Low,2.5%,2.3%,
2011-05-27,3:00am,EUR,Private Loans y/y,Medium,2.7%,2.5%,
2011-05-27,4:30am,CHF,KOF Economic Barometer,High,2.22,2.30,
2011-05-27,7:30am,USD,Core PCE Price Index m/m,Low,0.2%,0.1%,
2011-05-27,7:30am,USD,Personal Spending m/m,Low,0.5%,0.5%,
2011-05-27,7:30am,USD,Personal Income m/m,Medium,0.4%,0.4%,
2011-05-27,8:55am,USD,Revised UoM Consumer Sentiment,Low,72.5,72.4,
2011-05-27,8:55am,USD,Revised UoM Inflation Expectations,Medium,,4.4%,
2011-05-27,9:00am,USD,Pending Home Sales m/m,High,-0.9%,3.5%,
2011-05-27,3:00pm,USD,Treasury Currency Report,Low,,,
2011-05-30,All Day,GBP,Bank Holiday,Low,,,
2011-05-30,3:00am,EUR,Retail PMI,Medium,,52.2,
2011-05-30,4:22am,EUR,Italian 10-y Bond Auction,Low,,4.84|1.4,
2011-05-30,All Day,USD,Bank Holiday,Low,,,
2011-05-30,6:15pm,JPY,Final Manufacturing PMI,Medium,,45.7,
2011-05-30,6:30pm,JPY,Household Spending y/y,Low,-2.7%,-8.5%,
2011-05-30,6:30pm,JPY,Unemployment Rate,Medium,4.7%,4.6%,
2011-05-30,6:50pm,JPY,Prelim Industrial Production m/m,Low,2.6%,-15.5%,
2011-05-30,8:30pm,JPY,Average Cash Earnings y/y,Low,-0.2%,-0.1%,
2011-05-31,12:45am,CHF,GDP q/q,Low,0.6%,0.8%,
2011-05-31,1:00am,CHF,UBS Consumption Indicator,Low,,1.69,
2011-05-31,1:00am,EUR,German Retail Sales m/m,Low,1.7%,-2.7%,
2011-05-31,1:45am,EUR,French Consumer Spending m/m,Low,-0.3%,-1.0%,
2011-05-31,2:55am,EUR,German Unemployment Change,Low,-31K,-33K,
2011-05-31,3:00am,EUR,Italian Monthly Unemployment Rate,Medium,8.3%,8.3%,
2011-05-31,4:00am,EUR,CPI Flash Estimate y/y,Low,2.8%,2.8%,
2011-05-31,4:00am,EUR,Unemployment Rate,Low,9.9%,9.9%,
2011-05-31,4:00am,EUR,Italian Prelim CPI m/m,Medium,0.2%,0.5%,
2011-05-31,8:00am,USD,S&P/CS Composite-20 HPI y/y,Low,-3.4%,-3.4%,
2011-05-31,8:45am,USD,Chicago PMI,Low,63.8,67.6,
2011-05-31,9:00am,USD,CB Consumer Confidence,High,66.3,66.0,
2011-05-31,7:29pm,JPY,BOJ Gov Shirakawa Speaks,Low,,,
2011-05-31,10:45pm,JPY,10-y Bond Auction,Medium,,1.13|2.7,
2011-06-01,2:15am,EUR,Spanish Manufacturing PMI,Low,,50.6,
2011-06-01,2:19am,CHF,Retail Sales y/y,High,1.9%,-0.2%,
2011-06-01,2:30am,CHF,Manufacturing PMI,Low,57.9,58.4,
2011-06-01,2:45am,EUR,Italian Manufacturing PMI,Low,53.6,55.5,
2011-06-01,2:50am,EUR,French Final Manufacturing PMI,Medium,55.1,55.0,
2011-06-01,2:55am,EUR,German Final Manufacturing PMI,Medium,58.2,58.2,
2011-06-01,3:00am,EUR,Final Manufacturing PMI,Medium,54.8,54.8,
2011-06-01,3:30am,GBP,Final Manufacturing PMI,High,54.2,54.4,
2011-06-01,3:30am,GBP,Net Lending to Individuals m/m,Low,1.1B,1.1B,
2011-06-01,3:30am,GBP,M4 Money Supply m/m,Medium,0.3%,0.1%,
2011-06-01,3:30am,GBP,Mortgage Approvals,Medium,48K,47K,
2011-06-01,4:03am,EUR,French 10-y Bond Auction,Low,,3.64|3.3,
2011-06-01,6:30am,USD,Challenger Job Cuts y/y,Medium,,-4.8%,
2011-06-01,7:15am,USD,ADP Non-Farm Employment Change,High,177K,177K,
2011-06-01,8:00am,EUR,ECB President Trichet Speaks,Low,,,
2011-06-01,9:00am,USD,ISM Manufacturing PMI,High,58.1,60.4,
2011-06-01,9:00am,USD,Treasury Sec Geithner Speaks,Low,,,
2011-06-01,9:00am,USD,Construction Spending m/m,Medium,0.4%,0.1%,
2011-06-01,9:00am,USD,ISM Manufacturing Prices,Medium,81.9,85.5,
2011-06-01,All Day,USD,Total Vehicle Sales,Medium,12.9M,13.2M,
2011-06-01,12:35pm,GBP,MPC Member Tucker Speaks,Low,,,
2011-06-01,6:50pm,JPY,Capital Spending q/y,Low,3.2%,3.8%,
2011-06-01,6:50pm,JPY,Monetary Base y/y,Medium,24.7%,23.9%,
2011-06-02,All Day,EUR,German Bank Holiday,Low,,,
2011-06-02,All Day,EUR,French Bank Holiday,Low,,,
2011-06-02,All Day,EUR,Italian Bank Holiday,Low,,,
2011-06-02,2:00am,EUR,Spanish Unemployment Change,Low,,-64.3K,
2011-06-02,3:30am,GBP,Construction PMI,High,53.7,53.3,
2011-06-02,4:15am,EUR,ECB President Trichet Speaks,Low,,,
2011-06-02,4:36am,GBP,10-y Bond Auction,Low,,3.88|1.7,
2011-06-02,7:30am,USD,Unemployment Claims,High,416K,428K,
2011-06-02,7:30am,USD,Revised Nonfarm Productivity q/q,Low,1.8%,1.6%,
2011-06-02,7:30am,USD,Revised Unit Labor Costs q/q,Medium,0.8%,1.0%,
2011-06-02,9:00am,USD,Factory Orders m/m,Low,-0.7%,3.8%,
2011-06-02,9:30am,USD,Natural Gas Storage,Medium,92B,105B,
2011-06-02,10:00am,USD,Crude Oil Inventories,Low,-1.5M,0.6M,
2011-06-03,2:45am,EUR,Italian Services PMI,Medium,51.9,52.2,
2011-06-03,2:50am,EUR,French Final Services PMI,Medium,62.8,62.8,
2011-06-03,2:55am,EUR,German Final Services PMI,Medium,54.9,54.9,
2011-06-03,3:00am,EUR,Final Services PMI,Medium,55.4,55.4,
2011-06-03,3:30am,GBP,Final Services PMI,High,54.4,54.3,
2011-06-03,7:30am,USD,Non-Farm Employment Change,High,161K,232K,
2011-06-03,7:30am,USD,Unemployment Rate,High,9.0%,9.0%,
2011-06-03,7:30am,USD,Average Hourly Earnings m/m,Low,0.2%,0.1%,
2011-06-03,9:00am,USD,ISM Services PMI,High,53.8,52.8,
2011-06-03,11:30am,USD,FOMC Member Tarullo Speaks,Medium,,,
2011-06-06,2:30am,USD,FOMC Member Plosser Speaks,Low,,,
2011-06-06,3:30am,EUR,Sentix Investor Confidence,Medium,9.4,10.9,
2011-06-06,4:00am,EUR,PPI m/m,Medium,0.8%,0.8%,
2011-06-06,12:15pm,USD,Treasury Sec Geithner Speaks,Low,,,
2011-06-06,4:30pm,USD,FOMC Member Fisher Speaks,Low,,,
2011-06-06,6:01pm,GBP,BRC Retail Sales Monitor y/y,Low,,5.2%,
2011-06-06,10:45pm,JPY,30-y Bond Auction,Medium,,2.24|3.4,
2011-06-07,2:00am,GBP,Halifax HPI m/m,High,0.4%,-1.4%,
2011-06-07,2:15am,CHF,CPI m/m,Low,0.0%,0.1%,
2011-06-07,4:00am,EUR,Retail Sales m/m,Low,0.4%,-0.9%,
2011-06-07,5:00am,EUR,German Factory Orders m/m,Low,2.1%,-2.7%,
2011-06-07,9:00am,USD,JOLTS Job Openings,Medium,,3.12M,
2011-06-07,9:00am,USD,RCM/TIPP Economic Optimism,Medium,42.1,42.8,
2011-06-07,2:00pm,USD,Consumer Credit m/m,Medium,5.2B,4.8B,
2011-06-07,2:45pm,USD,Fed Chairman Bernanke Speaks,High,,,
2011-06-07,6:01pm,GBP,BRC Shop Price Index y/y,Medium,,2.5%,
2011-06-07,6:50pm,JPY,Bank Lending y/y,Medium,,-0.9%,
2011-06-07,6:50pm,JPY,M2 Money Stock y/y,Medium,2.7%,2.7%,
2011-06-07,6:52pm,JPY,Current Account,Medium,0.28T,0.75T,
2011-06-07,8:00pm,USD,FOMC Member Dudley Speaks,Medium,,,
2011-06-08,12:45am,CHF,Unemployment Rate,Medium,3.0%,3.1%,
2011-06-08,1:00am,EUR,German Trade Balance,Medium,14.0B,15.1B,
2011-06-08,1:45am,EUR,French Gov Budget Balance,Medium,,-33.6B,
2011-06-08,1:45am,EUR,French Trade Balance,Medium,-5.6B,-5.9B,
2011-06-08,4:00am,EUR,Revised GDP q/q,Medium,0.8%,0.8%,
2011-06-08,5:00am,EUR,German Industrial Production m/m,Low,0.1%,1.2%,
2011-06-08,9:30am,USD,Crude Oil Inventories,Low,-1.4M,2.9M,
2011-06-08,12:00pm,USD,10-y Bond Auction,Low,,3.21|3.0,
2011-06-08,1:00pm,USD,Beige Book,Low,,,
2011-06-08,6:50pm,JPY,Final GDP q/q,Low,-0.8%,-0.9%,
2011-06-08,6:50pm,JPY,Final GDP Price Index y/y,Medium,-1.9%,-1.9%,
2011-06-09,12:30am,EUR,French Final Private Payrolls q/q,Medium,0.4%,0.4%,
2011-06-09,1:02am,JPY,Prelim Machine Tool Orders y/y,Medium,,32.3%,
2011-06-09,3:30am,GBP,Goods Trade Balance,Low,-7.5B,-7.7B,
2011-06-09,6:00am,GBP,Asset Purchase Facility,High,200B,200B,
2011-06-09,6:00am,GBP,Official Bank Rate,High,0.50%,0.50%,
2011-06-09,6:45am,EUR,Main Refinancing Rate,High,1.25%,1.25%,
2011-06-09,7:30am,EUR,ECB Press Conference,High,,,
2011-06-09,7:30am,USD,Trade Balance,High,-48.6B,-46.8B,
2011-06-09,7:30am,USD,Unemployment Claims,High,424K,426K,
2011-06-09,9:00am,USD,Final Wholesale Inventories m/m,Medium,1.0%,1.3%,
2011-06-09,9:30am,USD,Natural Gas Storage,Medium,77B,83B,
2011-06-09,10:30am,USD,FOMC Member Yellen Speaks,Low,,,
2011-06-09,12:00pm,USD,30-y Bond Auction,Medium,,4.38|2.4,
2011-06-09,1:00pm,USD,FOMC Member Plosser Speaks,Low,,,
2011-06-09,6:50pm,JPY,Tertiary Industry Activity m/m,Low,2.8%,-5.9%,
2011-06-09,6:50pm,JPY,PPI y/y,Medium,2.4%,2.5%,
2011-06-10,FriJun 10,EUR,German WPI m/m,Medium,0.5%,0.2%,
2011-06-10,1:45am,EUR,French Industrial Production m/m,Low,0.4%,-1.1%,
2011-06-10,1:50am,EUR,ECB President Trichet Speaks,Low,,,
2011-06-10,3:30am,GBP,Manufacturing Production m/m,High,0.0%,0.2%,
2011-06-10,3:30am,GBP,PPI Input m/m,High,-1.2%,2.8%,
2011-06-10,3:30am,GBP,Consumer Inflation Expectations,Low,,4.0%,
2011-06-10,3:30am,GBP,Industrial Production m/m,Medium,0.1%,0.2%,
2011-06-10,3:30am,GBP,PPI Output m/m,Medium,0.3%,1.0%,
2011-06-10,7:30am,USD,Import Prices m/m,Low,-0.6%,2.1%,
2011-06-10,8:00am,USD,FOMC Member Dudley Speaks,Low,,,
2011-06-10,9:00am,GBP,NIESR GDP Estimate,Low,,0.1%,
2011-06-10,1:00pm,USD,Federal Budget Balance,Low,-123.2B,-40.5B,
2011-06-12,6:50pm,JPY,Core Machinery Orders m/m,Low,2.0%,2.9%,
2011-06-13,All Day,EUR,German Bank Holiday,Low,,,
2011-06-13,All Day,EUR,French Bank Holiday,Low,,,
2011-06-13,3:00am,EUR,Italian Industrial Production m/m,Medium,0.2%,0.7%,
2011-06-13,8:00am,EUR,ECB President Trichet Speaks,Low,,,
2011-06-13,12:45pm,USD,President Obama Speaks,Medium,,,
2011-06-13,1:00pm,GBP,MPC Member Weale Speaks,Low,,,
2011-06-13,6:00pm,USD,FOMC Member Fisher Speaks,Low,,,
2011-06-13,6:01pm,GBP,RICS House Price Balance,Low,-20%,-21%,
2011-06-13,6:50pm,JPY,BSI Manufacturing Index,Low,-2.1,-3.2,
2011-06-13,10:42pm,JPY,Monetary Policy Statement,High,,,
2011-06-13,10:42pm,JPY,Overnight Call Rate,High,<0.10%,<0.10%,
2011-06-13,11:30pm,JPY,Revised Industrial Production m/m,Low,1.0%,1.0%,
2011-06-14,2:17am,JPY,BOJ Press Conference,High,,,
2011-06-14,3:30am,GBP,CPI y/y,High,4.5%,4.5%,
2011-06-14,3:30am,GBP,RPI y/y,Low,5.3%,5.2%,
2011-06-14,3:30am,GBP,Core CPI y/y,Medium,3.6%,3.7%,
2011-06-14,3:30am,GBP,ONS HPI y/y,Medium,1.2%,0.9%,
2011-06-14,4:00am,GBP,CB Leading Index m/m,Medium,,0.4%,
2011-06-14,6:30am,USD,NFIB Small Business Index,Medium,90.6,91.2,
2011-06-14,7:30am,USD,Core Retail Sales m/m,High,0.3%,0.5%,
2011-06-14,7:30am,USD,PPI m/m,High,0.1%,0.8%,
2011-06-14,7:30am,USD,Retail Sales m/m,High,-0.3%,0.3%,
2011-06-14,7:30am,USD,Core PPI m/m,Low,0.2%,0.3%,
2011-06-14,9:00am,USD,Business Inventories m/m,Low,0.9%,1.3%,
2011-06-14,1:30pm,USD,Fed Chairman Bernanke Speaks,High,,,
2011-06-14,6:01pm,GBP,Nationwide Consumer Confidence,Low,41,44,
2011-06-15,12:30am,EUR,French Final CPI m/m,Medium,0.1%,0.3%,
2011-06-15,2:15am,CHF,PPI m/m,Low,0.1%,0.3%,
2011-06-15,3:30am,GBP,Claimant Count Change,High,7.1K,16.9K,
2011-06-15,3:30am,GBP,Average Earnings Index 3m/y,Low,2.1%,2.4%,
2011-06-15,3:30am,GBP,Unemployment Rate,Medium,7.7%,7.7%,
2011-06-15,4:00am,EUR,Industrial Production m/m,Low,-0.1%,0.0%,
2011-06-15,5:00am,EUR,ECB Financial Stability Review,Medium,,,
2011-06-15,7:30am,USD,Core CPI m/m,High,0.2%,0.2%,
2011-06-15,7:30am,USD,CPI y/y,High,3.4%,3.2%,
2011-06-15,7:30am,USD,CPI m/m,Low,0.2%,0.4%,
2011-06-15,7:30am,USD,Empire State Manufacturing Index,Low,13.0,11.9,
2011-06-15,8:00am,USD,TIC Long-Term Purchases,High,45.3B,24.0B,
2011-06-15,8:15am,USD,Capacity Utilization Rate,Low,77.1%,76.7%,
2011-06-15,8:15am,USD,Industrial Production m/m,Low,0.3%,0.0%,
2011-06-15,9:00am,USD,NAHB Housing Market Index,Medium,16,16,
2011-06-15,9:30am,USD,Crude Oil Inventories,Low,-0.9M,-4.8M,
2011-06-15,2:45pm,GBP,BOE Gov King Speaks,High,,,
2011-06-16,2:30am,CHF,Libor Rate,High,0.25%,0.25%,
2011-06-16,2:30am,CHF,SNB Monetary Policy Assessment,High,,,
2011-06-16,2:30am,CHF,SNB Press Conference,High,,,
2011-06-16,3:00am,CHF,SNB Financial Stability Report,Low,,,
2011-06-16,3:00am,EUR,ECB Monthly Bulletin,Low,,,
2011-06-16,3:30am,GBP,Retail Sales m/m,High,-0.5%,1.1%,
2011-06-16,4:00am,EUR,Final Core CPI y/y,Low,1.6%,1.6%,
2011-06-16,4:00am,EUR,Final CPI y/y,Low,2.7%,2.7%,
2011-06-16,4:00am,EUR,Final Employment Change q/q,Medium,0.2%,0.2%,
2011-06-16,7:30am,USD,Building Permits,High,0.55M,0.56M,
2011-06-16,7:30am,USD,Unemployment Claims,High,421K,430K,
2011-06-16,7:30am,USD,Current Account,Low,-126B,-112B,
2011-06-16,7:30am,USD,Housing Starts,Low,0.54M,0.54M,
2011-06-16,9:00am,USD,Philly Fed Manufacturing Index,High,7.1,3.9,
2011-06-16,9:30am,USD,Natural Gas Storage,Medium,65B,80B,
2011-06-16,12:10pm,USD,FOMC Member Fisher Speaks,Low,,,
2011-06-16,6:50pm,JPY,Monetary Policy Meeting Minutes,Low,,,
2011-06-16,7:00pm,EUR,ECB President Trichet Speaks,Low,,,
2011-06-17,4:00am,EUR,Trade Balance,Medium,-2.0B,-2.2B,
2011-06-17,8:55am,USD,Prelim UoM Consumer Sentiment,High,74.2,74.3,
2011-06-17,8:55am,USD,Prelim UoM Inflation Expectations,Medium,,4.1%,
2011-06-17,9:00am,USD,CB Leading Index m/m,Medium,0.3%,-0.4%,
2011-06-19,6:01pm,GBP,Rightmove HPI m/m,Low,,1.3%,
2011-06-19,6:50pm,JPY,Trade Balance,Low,-0.54T,-0.47T,
2011-06-20,3:00am,EUR,Current Account,Low,-4.8B,-3.0B,
2011-06-20,All Day,EUR,Eurogroup Meetings,High,,,
2011-06-20,All Day,EUR,ECOFIN Meetings,Low,,,
2011-06-20,4:00am,GBP,MPC Member Posen Speaks,Low,,,
2011-06-20,5:00am,EUR,German Buba Monthly Report,Medium,,,
2011-06-20,11:30pm,JPY,All Industries Activity m/m,Medium,1.9%,-6.4%,
2011-06-21,3:30am,GBP,Public Sector Net Borrowing,High,16.1B,7.7B,
2011-06-21,4:00am,EUR,German ZEW Economic Sentiment,High,-1.7,3.1,
2011-06-21,4:00am,EUR,ZEW Economic Sentiment,Low,9.4,13.6,
2011-06-21,5:00am,GBP,CBI Industrial Order Expectations,Low,-5,-2,
2011-06-21,9:00am,USD,Existing Home Sales,High,4.82M,5.00M,
2011-06-21,12:00pm,CHF,SNB Chairman Hildebrand Speaks,Low,,,
2011-06-21,4:50pm,EUR,Greek Gov Debt Crisis Vote,High,Pass,,
2011-06-22,WedJun 22,GBP,MPC Official Bank Rate Votes,High,2-0-7,3-0-6,
2011-06-22,4:00am,CHF,UBS Economic Expectations,Low,,-11.5,
2011-06-22,4:00am,EUR,Industrial New Orders m/m,Low,1.1%,-1.5%,
2011-06-22,4:05am,EUR,German 10-y Bond Auction,Low,,3.04|1.7,
2011-06-22,9:00am,EUR,Consumer Confidence,Medium,-10,-10,
2011-06-22,9:07am,USD,HPI m/m,Medium,-0.2%,-0.4%,
2011-06-22,9:30am,USD,Crude Oil Inventories,Low,-0.1M,-3.4M,
2011-06-22,11:27am,USD,Federal Funds Rate,High,<0.25%,<0.25%,
2011-06-22,11:27am,USD,FOMC Statement,High,,,
2011-06-22,1:00pm,USD,FOMC Economic Projections,Low,,,
2011-06-22,1:15pm,USD,FOMC Press Conference,High,,,
2011-06-23,2:00am,EUR,French Flash Manufacturing PMI,Low,54.2,54.9,
2011-06-23,2:00am,EUR,French Flash Services PMI,Low,61.1,62.5,
2011-06-23,2:30am,EUR,German Flash Manufacturing PMI,Low,57.1,57.7,
2011-06-23,2:30am,EUR,German Flash Services PMI,Low,55.8,56.1,
2011-06-23,3:00am,EUR,Flash Manufacturing PMI,Low,53.9,54.6,
2011-06-23,3:00am,EUR,Flash Services PMI,Low,55.5,56.0,
2011-06-23,3:30am,GBP,High Street Lending,Low,30.0K,29.7K,
2011-06-23,Day 1,EUR,EU Economic Summit,Low,,,
2011-06-23,5:00am,GBP,CBI Realized Sales,Low,11,18,
2011-06-23,7:30am,USD,Unemployment Claims,High,414K,420K,
2011-06-23,8:00am,EUR,Belgian NBB Business Climate,Low,-1.1,-0.5,
2011-06-23,9:00am,USD,New Home Sales,High,311K,326K,
2011-06-23,9:30am,USD,Natural Gas Storage,Medium,91B,69B,
2011-06-23,11:00am,EUR,ECB President Trichet Speaks,Low,,,
2011-06-23,11:00am,GBP,MPC Member Posen Speaks,Low,,,
2011-06-23,6:50pm,JPY,SPPI y/y,Medium,-0.7%,-0.7%,
2011-06-24,3:00am,EUR,German ifo Business Climate,High,113.6,114.2,
2011-06-24,3:00am,EUR,Italian Retail Sales m/m,Medium,-0.1%,-0.2%,
2011-06-24,3:30am,GBP,FPC Meeting Minutes,Medium,,,
2011-06-24,3:30am,GBP,FPC Statement,Medium,,,
2011-06-24,Day 2,EUR,EU Economic Summit,Low,,,
2011-06-24,4:30am,GBP,BOE Gov King Speaks,High,,,
2011-06-24,4:30am,GBP,BOE Financial Stability Report,Medium,,,
2011-06-24,7:30am,USD,Core Durable Goods Orders m/m,High,1.0%,-0.4%,
2011-06-24,7:30am,USD,Durable Goods Orders m/m,Low,1.6%,-2.7%,
2011-06-24,7:30am,USD,Final GDP q/q,Low,1.9%,1.8%,
2011-06-24,7:30am,USD,Final GDP Price Index q/q,Medium,1.9%,1.9%,
2011-06-27,MonJun 27,USD,Personal Spending m/m,Low,0.2%,0.3%,
2011-06-27,MonJun 27,USD,Personal Income m/m,Medium,0.4%,0.3%,
2011-06-27,10:00am,USD,FOMC Member Kocherlakota Speaks,Low,,,
2011-06-27,6:50pm,JPY,Retail Sales y/y,Low,-2.3%,-4.8%,
2011-06-28,TueJun 28,EUR,German GfK Consumer Climate,Low,5.4,5.6,
2011-06-28,TueJun 28,EUR,German Import Prices m/m,Medium,-0.4%,0.3%,
2011-06-28,All Day,EUR,German Prelim CPI m/m,Low,0.1%,0.0%,
2011-06-28,3:30am,GBP,Current Account,High,-5.0B,-13.0B,
2011-06-28,3:30am,GBP,Final GDP q/q,Low,0.5%,0.5%,
2011-06-28,3:30am,GBP,Revised Business Investment q/q,Medium,-7.1%,-7.1%,
2011-06-28,4:00am,GBP,Monetary Policy Report Hearings,High,,,
2011-06-28,4:24am,EUR,Italian 10-y Bond Auction,Low,,4.73|1.5,
2011-06-28,8:00am,USD,S&P/CS Composite-20 HPI y/y,Low,-3.9%,-3.8%,
2011-06-28,8:43am,USD,CB Consumer Confidence,High,60.8,61.7,
2011-06-28,9:00am,USD,Richmond Manufacturing Index,Medium,2,-6,
2011-06-28,11:00am,USD,FOMC Member Fisher Speaks,Low,,,
2011-06-28,1:45pm,EUR,ECB President Trichet Speaks,Low,,,
2011-06-28,6:50pm,JPY,Prelim Industrial Production m/m,Low,5.6%,1.6%,
2011-06-29,3:00am,EUR,Retail PMI,Medium,,48.8,
2011-06-29,3:30am,GBP,Net Lending to Individuals m/m,Low,1.2B,1.6B,
2011-06-29,3:30am,GBP,Index of Services 3m/3m,Medium,0.7%,0.9%,
2011-06-29,3:30am,GBP,M4 Money Supply m/m,Medium,0.3%,0.1%,
2011-06-29,3:30am,GBP,Mortgage Approvals,Medium,46K,45K,
2011-06-29,4:30am,CHF,KOF Economic Barometer,High,2.23,2.30,
2011-06-29,8:00am,USD,Fed Announcement,Low,,,
2011-06-29,8:03am,EUR,Greek Gov Debt Crisis Vote,High,Pass,,
2011-06-29,9:00am,USD,Pending Home Sales m/m,High,2.4%,-11.3%,
2011-06-29,9:30am,USD,Crude Oil Inventories,Low,-1.5M,-1.7M,
2011-06-29,11:00am,USD,FOMC Member Raskin Speaks,Low,,,
2011-06-29,6:00pm,GBP,GfK Consumer Confidence,Low,-23,-21,
2011-06-29,6:15pm,JPY,Final Manufacturing PMI,Medium,,51.3,
2011-06-30,1:00am,EUR,German Retail Sales m/m,Low,0.6%,0.0%,
2011-06-30,1:00am,GBP,Nationwide HPI m/m,High,0.1%,0.3%,
2011-06-30,1:45am,EUR,French Consumer Spending m/m,Low,1.0%,-1.4%,
2011-06-30,2:00am,EUR,ECB President Trichet Speaks,High,,,
2011-06-30,2:00am,EUR,Spanish Flash CPI y/y,Medium,3.5%,3.5%,
2011-06-30,2:55am,EUR,German Unemployment Change,Low,-17K,-8K,
2011-06-30,3:00am,EUR,M3 Money Supply y/y,Low,2.2%,2.0%,
2011-06-30,3:00am,EUR,Private Loans y/y,Medium,2.8%,2.6%,
2011-06-30,3:30am,GBP,BOE Credit Conditions Survey,Low,,,
2011-06-30,4:00am,EUR,CPI Flash Estimate y/y,Low,2.8%,2.7%,
2011-06-30,4:00am,EUR,Italian Prelim CPI m/m,Medium,0.2%,0.1%,
2011-06-30,7:30am,USD,Unemployment Claims,High,419K,429K,
2011-06-30,8:45am,USD,Chicago PMI,Low,54.1,56.6,
2011-06-30,8:57am,EUR,Greek Gov Debt Crisis Vote,High,Pass,,
2011-06-30,9:30am,USD,Natural Gas Storage,Medium,80B,98B,
2011-06-30,6:30pm,JPY,Household Spending y/y,Low,-1.7%,-3.0%,
2011-06-30,6:30pm,JPY,Tokyo Core CPI y/y,Low,0.2%,0.1%,
2011-06-30,6:30pm,JPY,National Core CPI y/y,Medium,0.5%,0.6%,
2011-06-30,6:30pm,JPY,Unemployment Rate,Medium,4.8%,4.7%,
2011-06-30,6:50pm,JPY,Tankan Manufacturing Index,High,-7,6,
2011-06-30,6:50pm,JPY,Tankan Non-Manufacturing Index,Low,-3,3,
2011-07-01,2:15am,EUR,Spanish Manufacturing PMI,Low,,48.2,
2011-07-01,2:30am,CHF,Manufacturing PMI,Low,57.9,59.2,
2011-07-01,2:45am,EUR,Italian Manufacturing PMI,Low,50.7,52.8,
2011-07-01,2:50am,EUR,French Final Manufacturing PMI,Medium,52.5,52.5,
2011-07-01,2:55am,EUR,German Final Manufacturing PMI,Medium,54.9,54.9,
2011-07-01,3:00am,EUR,Final Manufacturing PMI,Medium,52.0,52.0,
2011-07-01,3:00am,EUR,Italian Monthly Unemployment Rate,Medium,8.1%,8.0%,
2011-07-01,3:00am,EUR,Italian Quarterly Unemployment Rate,Medium,8.4%,8.4%,
2011-07-01,3:30am,GBP,Final Manufacturing PMI,High,52.2,52.0,
2011-07-01,4:00am,EUR,Unemployment Rate,Low,9.9%,9.9%,
2011-07-01,8:55am,USD,Revised UoM Consumer Sentiment,Low,72.0,71.8,
2011-07-01,8:55am,USD,Revised UoM Inflation Expectations,Medium,,4.0%,
2011-07-01,9:00am,USD,ISM Manufacturing PMI,High,51.9,53.5,
2011-07-01,9:00am,USD,Construction Spending m/m,Medium,0.1%,-0.6%,
2011-07-01,9:00am,USD,ISM Manufacturing Prices,Medium,72.3,76.5,
2011-07-01,All Day,USD,Total Vehicle Sales,Medium,12.0M,11.8M,
2011-07-04,2:15am,CHF,Retail Sales y/y,High,4.6%,7.8%,
2011-07-04,3:30am,EUR,Sentix Investor Confidence,Medium,1.1,3.5,
2011-07-04,3:30am,GBP,Construction PMI,High,53.6,54.0,
2011-07-04,3:30am,GBP,Housing Equity Withdrawal q/q,Medium,-6.2B,-7.1B,
2011-07-04,4:00am,EUR,PPI m/m,Medium,-0.1%,0.9%,
2011-07-04,All Day,USD,Bank Holiday,Low,,,
2011-07-04,8:30pm,JPY,Average Cash Earnings y/y,Low,-0.4%,-1.4%,
2011-07-04,10:45pm,JPY,10-y Bond Auction,Medium,,1.17|2.7,
2011-07-05,2:45am,EUR,Italian Services PMI,Medium,49.7,50.1,
2011-07-05,2:50am,EUR,French Final Services PMI,Medium,56.7,56.7,
2011-07-05,2:55am,EUR,German Final Services PMI,Medium,58.3,58.3,
2011-07-05,3:00am,EUR,Final Services PMI,Medium,54.2,54.2,
2011-07-05,3:30am,GBP,Final Services PMI,High,53.6,53.8,
2011-07-05,4:00am,EUR,Retail Sales m/m,Low,-0.9%,0.7%,
2011-07-05,4:37am,GBP,10-y Bond Auction,Low,,3.42|1.6,
2011-07-05,9:00am,USD,Factory Orders m/m,Low,1.1%,-0.9%,
2011-07-05,6:01pm,GBP,BRC Shop Price Index y/y,Medium,,2.3%,
2011-07-06,2:00am,CHF,Foreign Currency Reserves,High,,196B,
2011-07-06,2:00am,GBP,Halifax HPI m/m,High,0.1%,0.4%,
2011-07-06,4:00am,EUR,Final GDP q/q,Medium,0.8%,0.8%,
2011-07-06,5:00am,EUR,German Factory Orders m/m,Low,-0.5%,2.9%,
2011-07-06,6:30am,USD,Challenger Job Cuts y/y,Medium,,-4.3%,
2011-07-06,9:00am,USD,ISM Services PMI,High,53.9,54.6,
2011-07-06,6:50pm,JPY,Core Machinery Orders m/m,Low,3.1%,-3.3%,
2011-07-06,10:45pm,JPY,30-y Bond Auction,Medium,,2.04|3.2,
2011-07-07,2:15am,CHF,CPI m/m,Low,-0.1%,0.0%,
2011-07-07,3:30am,GBP,Manufacturing Production m/m,High,1.1%,-1.6%,
2011-07-07,3:30am,GBP,Industrial Production m/m,Medium,1.1%,-1.7%,
2011-07-07,4:04am,EUR,French 10-y Bond Auction,Low,,3.50|2.5,
2011-07-07,5:00am,EUR,German Industrial Production m/m,Low,0.7%,-0.8%,
2011-07-07,6:00am,GBP,Asset Purchase Facility,High,200B,200B,
2011-07-07,6:00am,GBP,Official Bank Rate,High,0.50%,0.50%,
2011-07-07,6:45am,EUR,Main Refinancing Rate,High,1.50%,1.25%,
2011-07-07,7:15am,USD,ADP Non-Farm Employment Change,High,67K,36K,
2011-07-07,7:30am,EUR,ECB Press Conference,High,,,
2011-07-07,7:30am,USD,Unemployment Claims,High,421K,432K,
2011-07-07,9:00am,GBP,NIESR GDP Estimate,Low,,0.5%,
2011-07-07,9:30am,USD,Natural Gas Storage,Medium,80B,78B,
2011-07-07,10:00am,USD,Crude Oil Inventories,Low,-2.4M,-4.4M,
2011-07-07,6:50pm,JPY,Bank Lending y/y,Medium,,-0.8%,
2011-07-07,6:50pm,JPY,Current Account,Medium,0.19T,0.55T,
2011-07-08,12:45am,CHF,Unemployment Rate,Medium,3.0%,3.0%,
2011-07-08,1:00am,EUR,German Trade Balance,Medium,12.8B,11.9B,
2011-07-08,1:45am,EUR,French Gov Budget Balance,Medium,,-61.4B,
2011-07-08,3:00am,EUR,Italian Industrial Production m/m,Medium,-0.2%,1.1%,
2011-07-08,3:30am,GBP,PPI Input m/m,High,0.1%,-1.7%,
2011-07-08,3:30am,GBP,PPI Output m/m,Medium,0.1%,0.2%,
2011-07-08,7:30am,USD,Non-Farm Employment Change,High,97K,25K,
2011-07-08,7:30am,USD,Unemployment Rate,High,9.1%,9.1%,
2011-07-08,7:30am,USD,Average Hourly Earnings m/m,Low,0.2%,0.3%,
2011-07-08,9:00am,USD,Final Wholesale Inventories m/m,Low,0.6%,1.1%,
2011-07-08,9:30am,USD,President Obama Speaks,Medium,,,
2011-07-08,2:00pm,USD,Consumer Credit m/m,Medium,5.1B,5.7B,
2011-07-10,6:50pm,JPY,M2 Money Stock y/y,Medium,2.8%,2.7%,
2011-07-11,1:08am,JPY,Prelim Machine Tool Orders y/y,Medium,,34.0%,
2011-07-11,1:45am,EUR,French Industrial Production m/m,Low,0.5%,-0.5%,
2011-07-11,Day 1,EUR,ECOFIN Meetings,Low,,,
2011-07-11,10:00am,USD,President Obama Speaks,Medium,,,
2011-07-11,6:01pm,GBP,BRC Retail Sales Monitor y/y,Low,,-2.1%,
2011-07-11,6:01pm,GBP,RICS House Price Balance,Low,-24%,-28%,
2011-07-11,6:50pm,JPY,Tertiary Industry Activity m/m,Low,0.8%,2.5%,
2011-07-11,6:50pm,JPY,PPI y/y,Medium,2.4%,2.2%,
2011-07-11,11:20pm,JPY,Monetary Policy Statement,High,,,
2011-07-11,11:20pm,JPY,Overnight Call Rate,High,<0.10%,<0.10%,
2011-07-12,1:00am,EUR,German Final CPI m/m,Medium,0.1%,0.1%,
2011-07-12,2:09am,JPY,BOJ Press Conference,High,,,
2011-07-12,2:30am,GBP,MPC Member Bean Speaks,Low,,,
2011-07-12,Day 2,EUR,ECOFIN Meetings,Low,,,
2011-07-12,3:30am,GBP,CPI y/y,High,4.5%,4.5%,
2011-07-12,3:30am,GBP,Goods Trade Balance,Low,-7.3B,-7.6B,
2011-07-12,3:30am,GBP,ONS HPI y/y,Low,-0.2%,-0.3%,
2011-07-12,3:30am,GBP,RPI y/y,Low,5.2%,5.2%,
2011-07-12,3:30am,GBP,Core CPI y/y,Medium,3.4%,3.3%,
2011-07-12,4:00am,GBP,CB Leading Index m/m,Medium,,0.4%,
2011-07-12,6:30am,USD,NFIB Small Business Index,Medium,91.3,90.9,
2011-07-12,7:30am,USD,Trade Balance,High,-44.1B,-43.6B,
2011-07-12,9:00am,USD,JOLTS Job Openings,Medium,,2.95M,
2011-07-12,9:00am,USD,RCM/TIPP Economic Optimism,Medium,45.7,44.6,
2011-07-12,1:00pm,USD,FOMC Meeting Minutes,High,,,
2011-07-12,11:30pm,JPY,Revised Industrial Production m/m,Medium,5.7%,5.7%,
2011-07-13,1:00am,EUR,German WPI m/m,Medium,-0.3%,0.0%,
2011-07-13,2:15am,CHF,PPI m/m,Low,-0.3%,-0.2%,
2011-07-13,3:30am,GBP,Claimant Count Change,High,15.1K,22.5K,
2011-07-13,3:30am,GBP,Average Earnings Index 3m/y,Low,2.0%,2.0%,
2011-07-13,3:30am,GBP,Unemployment Rate,Medium,7.7%,7.7%,
2011-07-13,4:00am,EUR,Industrial Production m/m,Low,0.5%,0.2%,
2011-07-13,4:08am,EUR,German 10-y Bond Auction,Low,,2.96|1.6,
2011-07-13,7:30am,USD,Import Prices m/m,Low,-0.7%,0.1%,
2011-07-13,9:00am,USD,Fed Chairman Bernanke Testifies,High,,,
2011-07-13,9:00am,USD,Fed Monetary Policy Report,Medium,,,
2011-07-13,9:30am,USD,Crude Oil Inventories,Low,-2.3M,-0.9M,
2011-07-13,12:00pm,USD,10-y Bond Auction,Low,,2.97|3.2,
2011-07-13,1:00pm,USD,Federal Budget Balance,Low,-68.0B,-57.6B,
2011-07-14,3:00am,EUR,ECB Monthly Bulletin,Low,,,
2011-07-14,4:00am,EUR,Final Core CPI y/y,Low,1.5%,1.5%,
2011-07-14,4:00am,EUR,Final CPI y/y,Low,2.7%,2.7%,
2011-07-14,5:39am,GBP,30-y Bond Auction,Medium,,4.21|1.5,
2011-07-14,7:30am,USD,Core Retail Sales m/m,High,0.1%,0.2%,
2011-07-14,7:30am,USD,PPI m/m,High,-0.2%,0.2%,
2011-07-14,7:30am,USD,Retail Sales m/m,High,-0.1%,-0.1%,
2011-07-14,7:30am,USD,Unemployment Claims,High,413K,427K,
2011-07-14,7:30am,USD,Core PPI m/m,Low,0.2%,0.2%,
2011-07-14,9:00am,USD,Fed Chairman Bernanke Testifies,High,,,
2011-07-14,9:00am,USD,Business Inventories m/m,Low,0.7%,1.0%,
2011-07-14,9:30am,USD,Natural Gas Storage,Medium,79B,95B,
2011-07-14,12:00pm,USD,30-y Bond Auction,Medium,,4.24|2.6,
2011-07-14,6:50pm,JPY,Monetary Policy Meeting Minutes,Low,,,
2011-07-15,4:00am,EUR,Trade Balance,Medium,-3.2B,-2.5B,
2011-07-15,7:30am,USD,Core CPI m/m,High,0.2%,0.3%,
2011-07-15,7:30am,USD,CPI y/y,High,3.6%,3.6%,
2011-07-15,7:30am,USD,CPI m/m,Low,-0.1%,0.2%,
2011-07-15,7:30am,USD,Empire State Manufacturing Index,Low,4.5,-7.8,
2011-07-15,8:15am,USD,Capacity Utilization Rate,Low,77.0%,76.7%,
2011-07-15,8:15am,USD,Industrial Production m/m,Low,0.4%,-0.1%,
2011-07-15,8:55am,USD,Prelim UoM Consumer Sentiment,High,72.5,71.5,
2011-07-15,8:55am,USD,Prelim UoM Inflation Expectations,Medium,,3.8%,
2011-07-15,10:00am,USD,President Obama Speaks,Medium,,,
2011-07-15,11:00am,EUR,EBA Bank Stress Test Results,High,,,
2011-07-15,12:10pm,GBP,MPC Member Tucker Speaks,Low,,,
2011-07-17,6:01pm,GBP,Rightmove HPI m/m,Low,,0.6%,
2011-07-17,All Day,JPY,Bank Holiday,Low,,,
2011-07-18,8:00am,USD,TIC Long-Term Purchases,High,48.4B,30.6B,
2011-07-18,9:00am,USD,NAHB Housing Market Index,Medium,15,13,
2011-07-19,TueJul 19,EUR,ZEW Economic Sentiment,Low,-7.4,-5.9,
2011-07-19,7:30am,USD,Building Permits,High,0.61M,0.61M,
2011-07-19,7:30am,USD,Housing Starts,Low,0.58M,0.55M,
2011-07-19,12:30pm,USD,President Obama Speaks,Medium,,,
2011-07-20,3:30am,GBP,MPC Asset Purchase Facility Votes,High,1-0-8,1-0-8,
2011-07-20,3:30am,GBP,MPC Official Bank Rate Votes,High,2-0-7,2-0-7,
2011-07-20,4:07am,EUR,German 30-y Bond Auction,Medium,,3.93|1.5,
2011-07-20,9:00am,EUR,Consumer Confidence,Medium,-10,-10,
2011-07-20,9:00am,USD,Existing Home Sales,High,4.92M,4.81M,
2011-07-20,9:30am,USD,Crude Oil Inventories,Low,-1.5M,-3.1M,
2011-07-20,6:01pm,GBP,Nationwide Consumer Confidence,Low,51,55,
2011-07-20,6:50pm,JPY,Trade Balance,Low,-0.25T,-0.45T,
2011-07-20,11:30pm,JPY,All Industries Activity m/m,Medium,1.9%,1.4%,
2011-07-21,2:00am,EUR,French Flash Manufacturing PMI,Low,52.3,52.5,
2011-07-21,2:00am,EUR,French Flash Services PMI,Low,55.8,56.1,
2011-07-21,2:30am,EUR,German Flash Manufacturing PMI,Low,54.1,54.6,
2011-07-21,2:30am,EUR,German Flash Services PMI,Low,56.1,56.7,
2011-07-21,3:00am,EUR,Current Account,Low,-4.8B,-5.4B,
2011-07-21,3:00am,EUR,Flash Manufacturing PMI,Low,51.6,52.0,
2011-07-21,3:00am,EUR,Flash Services PMI,Low,53.2,53.7,
2011-07-21,3:30am,GBP,Public Sector Net Borrowing,High,11.8B,14.6B,
2011-07-21,3:30am,GBP,Retail Sales m/m,High,0.5%,-1.3%,
2011-07-21,3:48am,EUR,Spanish 10-y Bond Auction,Low,,5.40|1.8,
2011-07-21,4:00am,CHF,UBS Economic Expectations,Low,,-24.3,
2011-07-21,All Day,EUR,EU Economic Summit,High,,,
2011-07-21,7:30am,USD,Unemployment Claims,High,409K,408K,
2011-07-21,7:30am,USD,FOMC Member Evans Speaks,Low,,,
2011-07-21,9:00am,USD,Fed Chairman Bernanke Testifies,High,,,
2011-07-21,9:00am,USD,Philly Fed Manufacturing Index,High,2.7,-7.7,
2011-07-21,9:00am,USD,CB Leading Index m/m,Medium,0.2%,0.8%,
2011-07-21,9:00am,USD,HPI m/m,Medium,0.4%,0.2%,
2011-07-21,9:30am,USD,Natural Gas Storage,Medium,67B,84B,
2011-07-22,FriJul 22,EUR,Italian Retail Sales m/m,Medium,0.3%,0.2%,
2011-07-22,4:00am,EUR,Industrial New Orders m/m,Low,0.7%,-0.1%,
2011-07-24,9:30pm,JPY,BOJ Gov Shirakawa Speaks,Low,,,
2011-07-25,8:00am,EUR,Belgian NBB Business Climate,Low,-2.2,-1.1,
2011-07-25,6:50pm,JPY,SPPI y/y,Medium,-0.9%,-0.9%,
2011-07-26,TueJul 26,EUR,German GfK Consumer Climate,Low,5.6,5.5,
2011-07-26,3:30am,GBP,Prelim GDP q/q,High,0.2%,0.5%,
2011-07-26,3:30am,GBP,Index of Services 3m/3m,Medium,0.9%,0.9%,
2011-07-26,8:00am,USD,S&P/CS Composite-20 HPI y/y,Low,-4.6%,-4.2%,
2011-07-26,9:00am,USD,CB Consumer Confidence,High,57.1,57.6,
2011-07-26,9:00am,USD,New Home Sales,High,321K,315K,
2011-07-26,9:00am,USD,Richmond Manufacturing Index,Medium,5,3,
2011-07-27,All Day,EUR,German Prelim CPI m/m,Low,0.3%,0.1%,
2011-07-27,3:00am,EUR,M3 Money Supply y/y,Low,2.4%,2.5%,
2011-07-27,3:00am,EUR,Private Loans y/y,Medium,2.8%,2.7%,
2011-07-27,4:30am,CHF,KOF Economic Barometer,High,2.12,2.23,
2011-07-27,5:00am,GBP,CBI Industrial Order Expectations,Low,-2,1,
2011-07-27,7:30am,USD,Core Durable Goods Orders m/m,High,0.5%,0.7%,
2011-07-27,7:30am,USD,Durable Goods Orders m/m,Low,0.4%,1.9%,
2011-07-27,9:30am,USD,Crude Oil Inventories,Low,-1.2M,-3.7M,
2011-07-27,12:30pm,GBP,MPC Member Miles Speaks,Low,,,
2011-07-27,1:00pm,USD,Beige Book,Low,,,
2011-07-27,6:50pm,JPY,Retail Sales y/y,Low,-0.6%,-1.3%,
2011-07-28,3:00am,EUR,Retail PMI,Medium,,48.8,
2011-07-28,4:22am,EUR,Italian 10-y Bond Auction,Low,,4.94|1.3,
2011-07-28,5:00am,GBP,CBI Realized Sales,Low,1,-2,
2011-07-28,7:30am,USD,Unemployment Claims,High,413K,422K,
2011-07-28,9:00am,USD,Pending Home Sales m/m,High,-1.5%,8.2%,
2011-07-28,9:30am,USD,Natural Gas Storage,Medium,38B,60B,
2011-07-28,6:01pm,GBP,Nationwide HPI m/m,High,-0.1%,0.0%,
2011-07-28,6:01pm,GBP,GfK Consumer Confidence,Low,-26,-25,
2011-07-28,6:15pm,JPY,Final Manufacturing PMI,Medium,,50.7,
2011-07-28,6:30pm,JPY,Household Spending y/y,Low,-2.2%,-1.9%,
2011-07-28,6:30pm,JPY,Tokyo Core CPI y/y,Low,0.2%,0.1%,
2011-07-28,6:30pm,JPY,National Core CPI y/y,Medium,0.5%,0.6%,
2011-07-28,6:30pm,JPY,Unemployment Rate,Medium,4.6%,4.5%,
2011-07-28,6:50pm,JPY,Prelim Industrial Production m/m,Low,4.6%,6.2%,
2011-07-29,1:00am,EUR,German Retail Sales m/m,Low,1.6%,-2.8%,
2011-07-29,1:45am,EUR,French Consumer Spending m/m,Low,0.4%,-0.3%,
2011-07-29,2:00am,EUR,Spanish Unemployment Rate,Low,21.0%,21.3%,
2011-07-29,2:00am,EUR,Spanish Flash CPI y/y,Medium,2.9%,3.2%,
2011-07-29,3:30am,GBP,Net Lending to Individuals m/m,Low,1.3B,1.4B,
2011-07-29,3:30am,GBP,M4 Money Supply m/m,Medium,0.3%,0.1%,
2011-07-29,3:30am,GBP,Mortgage Approvals,Medium,46K,46K,
2011-07-29,4:00am,EUR,CPI Flash Estimate y/y,Low,2.7%,2.7%,
2011-07-29,4:00am,EUR,Italian Prelim CPI m/m,Medium,0.2%,0.1%,
2011-07-29,7:30am,USD,Advance GDP q/q,High,1.7%,1.9%,
2011-07-29,7:30am,USD,Advance GDP Price Index q/q,Low,2.0%,2.0%,
2011-07-29,7:30am,USD,Employment Cost Index q/q,Low,0.5%,0.6%,
2011-07-29,8:45am,USD,Chicago PMI,Low,60.1,61.1,
2011-07-29,8:55am,USD,Revised UoM Consumer Sentiment,Low,64.1,63.8,
2011-07-29,8:55am,USD,Revised UoM Inflation Expectations,Medium,,3.4%,
2011-07-29,9:20am,USD,President Obama Speaks,Medium,,,
2011-08-01,2:15am,EUR,Spanish Manufacturing PMI,Low,,47.3,
2011-08-01,2:45am,EUR,Italian Manufacturing PMI,Low,50.6,49.9,
2011-08-01,2:50am,EUR,French Final Manufacturing PMI,Medium,50.2,50.1,
2011-08-01,2:55am,EUR,German Final Manufacturing PMI,Medium,52.1,52.1,
2011-08-01,3:00am,EUR,Final Manufacturing PMI,Medium,50.4,50.4,
2011-08-01,3:00am,EUR,Italian Monthly Unemployment Rate,Medium,8.0%,8.1%,
2011-08-01,3:30am,GBP,Final Manufacturing PMI,High,51.1,51.4,
2011-08-01,4:00am,EUR,Unemployment Rate,Low,9.9%,9.9%,
2011-08-01,9:00am,USD,ISM Manufacturing PMI,High,55.0,55.3,
2011-08-01,9:00am,USD,Construction Spending m/m,Medium,-0.1%,0.3%,
2011-08-01,9:00am,USD,ISM Manufacturing Prices,Medium,64.4,68.0,
2011-08-01,6:50pm,JPY,Monetary Base y/y,Medium,18.1%,17.0%,
2011-08-01,8:30pm,JPY,Average Cash Earnings y/y,Low,0.4%,1.0%,
2011-08-01,10:45pm,JPY,10-y Bond Auction,Medium,,1.17|3.2,
2011-08-02,2:00am,EUR,Spanish Unemployment Change,Low,,-67.9K,
2011-08-02,2:15am,CHF,Retail Sales y/y,High,1.6%,-3.9%,
2011-08-02,2:30am,CHF,Manufacturing PMI,Low,52.3,53.4,
2011-08-02,3:30am,GBP,Construction PMI,High,53.2,53.6,
2011-08-02,4:00am,EUR,PPI m/m,Medium,0.1%,-0.2%,
2011-08-02,7:30am,USD,Core PCE Price Index m/m,Low,0.2%,0.2%,
2011-08-02,7:30am,USD,Personal Spending m/m,Low,0.2%,0.1%,
2011-08-02,7:30am,USD,Personal Income m/m,Medium,0.3%,0.2%,
2011-08-02,All Day,USD,Total Vehicle Sales,Medium,11.9M,11.5M,
2011-08-02,11:15am,USD,President Obama Speaks,Medium,,,
2011-08-02,6:01pm,GBP,BRC Shop Price Index y/y,Medium,,2.9%,
2011-08-03,2:15am,EUR,Spanish Services PMI,Medium,,50.2,
2011-08-03,2:45am,EUR,Italian Services PMI,Medium,47.0,47.4,
2011-08-03,2:50am,EUR,French Final Services PMI,Medium,54.2,54.2,
2011-08-03,2:55am,EUR,German Final Services PMI,Medium,52.9,52.9,
2011-08-03,3:00am,EUR,Final Services PMI,Medium,51.4,51.4,
2011-08-03,3:30am,GBP,Final Services PMI,High,53.3,53.9,
2011-08-03,4:00am,EUR,Retail Sales m/m,Low,0.5%,-1.3%,
2011-08-03,6:30am,USD,Challenger Job Cuts y/y,Medium,,5.3%,
2011-08-03,7:15am,USD,ADP Non-Farm Employment Change,High,101K,145K,
2011-08-03,9:00am,USD,ISM Services PMI,High,53.8,53.3,
2011-08-03,9:00am,USD,Factory Orders m/m,Low,-0.4%,0.6%,
2011-08-03,9:30am,USD,Crude Oil Inventories,Low,1.3M,2.3M,
2011-08-04,ThuAug 4,JPY,Overnight Call Rate,High,<0.10%,<0.10%,
2011-08-04,2:47am,JPY,BOJ Press Conference,High,,,
2011-08-04,5:00am,EUR,German Factory Orders m/m,Low,-0.4%,1.5%,
2011-08-04,6:00am,GBP,Asset Purchase Facility,High,200B,200B,
2011-08-04,6:00am,GBP,Official Bank Rate,High,0.50%,0.50%,
2011-08-04,6:45am,EUR,Main Refinancing Rate,High,1.50%,1.50%,
2011-08-04,7:30am,EUR,ECB Press Conference,High,,,
2011-08-04,7:30am,USD,Unemployment Claims,High,404K,401K,
2011-08-04,9:30am,USD,Natural Gas Storage,Medium,39B,43B,
2011-08-05,FriAug 5,JPY,Leading Indicators,Medium,103.6%,99.4%,
2011-08-05,1:45am,EUR,French Trade Balance,Medium,-6.3B,-6.4B,
2011-08-05,2:00am,CHF,Foreign Currency Reserves,High,,196B,
2011-08-05,2:00am,GBP,Halifax HPI m/m,High,0.1%,1.5%,
2011-08-05,2:15am,CHF,CPI m/m,Low,-0.5%,-0.2%,
2011-08-05,3:00am,EUR,Italian Industrial Production m/m,Medium,0.4%,-0.6%,
2011-08-05,3:30am,GBP,PPI Input m/m,High,0.6%,0.2%,
2011-08-05,3:30am,GBP,PPI Output m/m,Medium,0.2%,0.1%,
2011-08-05,4:00am,EUR,Italian Prelim GDP q/q,Medium,0.2%,0.1%,
2011-08-05,5:00am,EUR,German Industrial Production m/m,Low,0.1%,0.9%,
2011-08-05,7:30am,USD,Non-Farm Employment Change,High,89K,46K,
2011-08-05,7:30am,USD,Unemployment Rate,High,9.2%,9.2%,
2011-08-05,7:30am,USD,Average Hourly Earnings m/m,Low,0.2%,0.0%,
2011-08-05,10:00am,USD,President Obama Speaks,Medium,,,
2011-08-05,2:00pm,USD,Consumer Credit m/m,Medium,5.0B,5.1B,
2011-08-05,4:30pm,USD,RCM/TIPP Economic Optimism,Medium,43.1,41.4,
2011-08-05,8:30pm,USD,Fed Announcement,Medium,,,
2011-08-07,6:50pm,JPY,Bank Lending y/y,Medium,,-0.6%,
2011-08-07,6:50pm,JPY,Current Account,Medium,0.96T,0.39T,
2011-08-08,12:45am,CHF,Unemployment Rate,Medium,3.0%,3.0%,
2011-08-08,3:30am,EUR,Sentix Investor Confidence,Medium,3.6,5.3,
2011-08-08,12:30pm,USD,President Obama Speaks,Medium,,,
2011-08-08,6:01pm,GBP,BRC Retail Sales Monitor y/y,Low,,-0.6%,
2011-08-08,6:01pm,GBP,RICS House Price Balance,Low,-25%,-26%,
2011-08-08,6:50pm,JPY,Monetary Policy Meeting Minutes,Low,,,
2011-08-08,6:50pm,JPY,M2 Money Stock y/y,Medium,2.9%,2.9%,
2011-08-09,12:45am,CHF,SECO Consumer Climate,Low,-7,-1,
2011-08-09,1:00am,EUR,German Trade Balance,Medium,12.9B,12.9B,
2011-08-09,1:00am,JPY,Prelim Machine Tool Orders y/y,Medium,,53.5%,
2011-08-09,1:45am,EUR,French Gov Budget Balance,Medium,,-68.4B,
2011-08-09,3:30am,GBP,Manufacturing Production m/m,High,0.3%,1.8%,
2011-08-09,3:30am,GBP,Goods Trade Balance,Low,-8.2B,-8.5B,
2011-08-09,3:30am,GBP,Industrial Production m/m,Medium,0.4%,0.8%,
2011-08-09,6:30am,USD,NFIB Small Business Index,Medium,89.8,90.8,
2011-08-09,7:30am,USD,Prelim Nonfarm Productivity q/q,Low,-0.6%,1.8%,
2011-08-09,7:30am,USD,Prelim Unit Labor Costs q/q,Low,2.1%,0.7%,
2011-08-09,9:00am,GBP,NIESR GDP Estimate,Low,,0.2%,
2011-08-09,1:19pm,USD,Federal Funds Rate,High,<0.25%,<0.25%,
2011-08-09,1:19pm,USD,FOMC Statement,High,,,
2011-08-09,6:50pm,JPY,Tertiary Industry Activity m/m,Low,1.1%,0.8%,
2011-08-09,6:50pm,JPY,PPI y/y,Medium,2.6%,2.6%,
2011-08-10,1:45am,EUR,French Industrial Production m/m,Low,-0.1%,1.9%,
2011-08-10,4:30am,GBP,BOE Gov King Speaks,High,,,
2011-08-10,4:30am,GBP,BOE Monetary Policy Report,High,,,
2011-08-10,9:00am,USD,Final Wholesale Inventories m/m,Medium,0.9%,1.7%,
2011-08-10,9:00am,USD,JOLTS Job Openings,Medium,,3.03M,
2011-08-10,9:30am,USD,Crude Oil Inventories,Low,1.7M,1.0M,
2011-08-10,12:00pm,USD,10-y Bond Auction,Low,,2.92|3.2,
2011-08-10,12:57pm,USD,Federal Budget Balance,Low,-137.4B,-43.1B,
2011-08-10,6:50pm,JPY,Core Machinery Orders m/m,Low,1.9%,3.0%,
2011-08-11,3:00am,EUR,ECB Monthly Bulletin,Low,,,
2011-08-11,4:00am,GBP,CB Leading Index m/m,Medium,,0.6%,
2011-08-11,7:00am,GBP,Chancellor Osborne Speaks,Medium,,,
2011-08-11,7:30am,USD,Trade Balance,High,-47.9B,-50.8B,
2011-08-11,7:30am,USD,Unemployment Claims,High,401K,402K,
2011-08-11,9:30am,USD,Natural Gas Storage,Medium,33B,44B,
2011-08-11,12:00pm,USD,30-y Bond Auction,Medium,,4.20|2.8,
2011-08-11,11:30pm,JPY,Revised Industrial Production m/m,Medium,3.9%,3.9%,
2011-08-12,FriAug 12,EUR,French Final CPI m/m,Medium,-0.2%,0.1%,
2011-08-12,1:45am,EUR,French Prelim Private Payrolls q/q,Low,0.2%,0.4%,
2011-08-12,3:00am,EUR,Italian Trade Balance,Medium,-2.50B,-2.40B,
2011-08-12,4:00am,EUR,Industrial Production m/m,Low,0.1%,0.2%,
2011-08-12,7:30am,USD,Core Retail Sales m/m,High,0.2%,0.2%,
2011-08-12,7:30am,USD,Retail Sales m/m,High,0.4%,0.3%,
2011-08-12,8:55am,USD,Prelim UoM Consumer Sentiment,High,63.2,63.7,
2011-08-12,8:55am,USD,Prelim UoM Inflation Expectations,Medium,,3.4%,
2011-08-12,9:00am,USD,Business Inventories m/m,Low,0.6%,0.9%,
2011-08-12,9:00am,USD,FOMC Member Dudley Speaks,Medium,,,
2011-08-14,6:01pm,GBP,Rightmove HPI m/m,Low,,-1.6%,
2011-08-14,6:50pm,JPY,Prelim GDP q/q,High,-0.6%,-0.9%,
2011-08-14,6:50pm,JPY,Prelim GDP Price Index y/y,Low,-1.7%,-1.9%,
2011-08-15,All Day,EUR,French Bank Holiday,Low,,,
2011-08-15,2:15am,CHF,PPI m/m,Low,-0.5%,-0.5%,
2011-08-15,7:30am,USD,Empire State Manufacturing Index,Low,0.5,-3.8,
2011-08-15,8:00am,USD,TIC Long-Term Purchases,High,30.4B,24.2B,
2011-08-15,9:00am,USD,NAHB Housing Market Index,Medium,15,15,
2011-08-15,1:00pm,USD,Loan Officer Survey,Medium,,,
2011-08-16,2:00am,EUR,Spanish Flash GDP q/q,Low,0.2%,0.3%,
2011-08-16,3:30am,GBP,CPI y/y,High,4.3%,4.2%,
2011-08-16,3:30am,GBP,RPI y/y,Low,5.0%,5.0%,
2011-08-16,3:30am,GBP,Core CPI y/y,Medium,3.1%,2.8%,
2011-08-16,3:32am,GBP,ONS HPI y/y,Medium,0.9%,-2.2%,
2011-08-16,4:00am,EUR,Flash GDP q/q,Low,0.3%,0.8%,
2011-08-16,4:00am,EUR,Trade Balance,Medium,0.3B,-0.8B,
2011-08-16,4:30am,GBP,BOE Inflation Letter,High,,,
2011-08-16,7:30am,USD,Building Permits,High,0.61M,0.62M,
2011-08-16,7:30am,USD,Housing Starts,Low,0.60M,0.61M,
2011-08-16,7:30am,USD,Import Prices m/m,Low,0.0%,-0.6%,
2011-08-16,8:15am,USD,Capacity Utilization Rate,Low,77.0%,76.9%,
2011-08-16,8:15am,USD,Industrial Production m/m,Low,0.5%,0.4%,
2011-08-17,3:30am,GBP,Claimant Count Change,High,20.1K,31.3K,
2011-08-17,3:30am,GBP,MPC Asset Purchase Facility Votes,High,1-0-8,1-0-8,
2011-08-17,3:30am,GBP,MPC Official Bank Rate Votes,High,2-0-7,2-0-7,
2011-08-17,3:30am,GBP,Average Earnings Index 3m/y,Low,2.3%,2.3%,
2011-08-17,3:30am,GBP,Unemployment Rate,Medium,7.7%,7.7%,
2011-08-17,4:00am,EUR,Final Core CPI y/y,Low,1.7%,1.6%,
2011-08-17,4:00am,EUR,Final CPI y/y,Low,2.5%,2.5%,
2011-08-17,7:30am,USD,PPI m/m,High,0.0%,-0.4%,
2011-08-17,7:30am,USD,Core PPI m/m,Low,0.2%,0.3%,
2011-08-17,9:30am,USD,Crude Oil Inventories,Low,-0.4M,-5.2M,
2011-08-17,12:20pm,USD,FOMC Member Fisher Speaks,Low,,,
2011-08-17,6:50pm,JPY,Trade Balance,Low,-0.12T,-0.20T,
2011-08-18,7:30am,USD,Core CPI m/m,High,0.2%,0.3%,
2011-08-18,7:30am,USD,CPI y/y,High,3.4%,3.6%,
2011-08-18,7:30am,USD,Unemployment Claims,High,402K,399K,
2011-08-18,7:30am,USD,CPI m/m,Low,0.2%,-0.2%,
2011-08-18,7:35am,USD,FOMC Member Dudley Speaks,Medium,,,
2011-08-18,9:00am,USD,Existing Home Sales,High,4.91M,4.84M,
2011-08-18,9:00am,USD,Philly Fed Manufacturing Index,High,4.0,3.2,
2011-08-18,9:00am,USD,CB Leading Index m/m,Medium,0.2%,0.3%,
2011-08-18,9:30am,USD,Natural Gas Storage,Medium,49B,25B,
2011-08-18,11:30pm,JPY,All Industries Activity m/m,Medium,2.3%,1.8%,
2011-08-19,3:30am,GBP,Public Sector Net Borrowing,High,0.4B,12.4B,
2011-08-19,5:00am,EUR,German Buba Monthly Report,Medium,,,
2011-08-19,7:30am,USD,FOMC Member Dudley Speaks,Medium,,,
2011-08-23,2:00am,EUR,French Flash Manufacturing PMI,Low,50.1,50.5,
2011-08-23,2:00am,EUR,French Flash Services PMI,Low,53.3,53.2,
2011-08-23,2:30am,EUR,German Flash Manufacturing PMI,Low,50.9,52.0,
2011-08-23,2:30am,EUR,German Flash Services PMI,Low,52.1,52.9,
2011-08-23,3:00am,EUR,Flash Manufacturing PMI,Low,49.6,50.4,
2011-08-23,3:00am,EUR,Flash Services PMI,Low,51.0,51.6,
2011-08-23,3:30am,GBP,High Street Lending,Low,32.3K,32.1K,
2011-08-23,4:00am,EUR,German ZEW Economic Sentiment,High,-24.8,-15.1,
2011-08-23,4:00am,EUR,ZEW Economic Sentiment,Low,-6.2,-7.0,
2011-08-23,5:00am,GBP,CBI Industrial Order Expectations,Low,-13,-10,
2011-08-23,9:00am,EUR,Consumer Confidence,Medium,-12,-11,
2011-08-23,9:00am,GBP,MPC Member Weale Speaks,Low,,,
2011-08-23,9:00am,USD,New Home Sales,High,313K,300K,
2011-08-23,9:00am,USD,Richmond Manufacturing Index,Medium,-7,-1,
2011-08-23,6:50pm,JPY,SPPI y/y,Medium,-0.4%,-0.8%,
2011-08-24,4:00am,EUR,Industrial New Orders m/m,Low,0.6%,3.6%,
2011-08-24,4:10am,EUR,German 10-y Bond Auction,Low,,2.70|1.2,
2011-08-24,7:30am,USD,Core Durable Goods Orders m/m,High,-0.3%,0.6%,
2011-08-24,7:30am,USD,Durable Goods Orders m/m,Low,2.1%,-1.3%,
2011-08-24,8:00am,EUR,Belgian NBB Business Climate,Low,-3.4,-2.5,
2011-08-24,9:00am,USD,HPI m/m,Medium,0.2%,0.4%,
2011-08-24,9:30am,USD,Crude Oil Inventories,Low,0.7M,4.2M,
2011-08-24,6:01pm,GBP,Nationwide Consumer Confidence,Low,46,51,
2011-08-25,4:00am,CHF,UBS Economic Expectations,Low,,-58.9,
2011-08-25,5:00am,GBP,CBI Realized Sales,Low,-10,-5,
2011-08-25,6:00am,GBP,MPC Member Weale Speaks,Low,,,
2011-08-25,7:30am,USD,Unemployment Claims,High,403K,412K,
2011-08-25,9:30am,USD,Natural Gas Storage,Medium,75B,50B,
2011-08-25,6:30pm,JPY,Tokyo Core CPI y/y,Low,-0.1%,0.0%,
2011-08-25,6:30pm,JPY,National Core CPI y/y,Medium,-0.1%,-0.2%,
2011-08-26,3:00am,EUR,M3 Money Supply y/y,Low,2.2%,1.9%,
2011-08-26,3:00am,EUR,Private Loans y/y,Medium,2.6%,2.5%,
2011-08-26,3:30am,GBP,Second Estimate GDP q/q,High,0.2%,0.2%,
2011-08-26,3:30am,GBP,Index of Services 3m/3m,Medium,0.6%,1.2%,
2011-08-26,4:30am,CHF,KOF Economic Barometer,High,1.84,1.98,
2011-08-26,7:30am,USD,Prelim GDP q/q,High,1.1%,1.3%,
2011-08-26,7:30am,USD,Prelim GDP Price Index q/q,Medium,2.3%,2.3%,
2011-08-26,8:55am,USD,Revised UoM Consumer Sentiment,Low,56.2,54.9,
2011-08-26,8:55am,USD,Revised UoM Inflation Expectations,Medium,,3.4%,
2011-08-26,9:00am,USD,Fed Chairman Bernanke Speaks,High,,,
2011-08-29,All Day,GBP,Bank Holiday,Low,,,
2011-08-29,7:30am,USD,Core PCE Price Index m/m,Low,0.2%,0.2%,
2011-08-29,7:30am,USD,Personal Spending m/m,Low,0.5%,-0.1%,
2011-08-29,7:30am,USD,Personal Income m/m,Medium,0.3%,0.2%,
2011-08-29,8:00am,EUR,ECB President Trichet Speaks,High,,,
2011-08-29,9:00am,USD,Pending Home Sales m/m,High,-0.8%,2.4%,
2011-08-29,6:30pm,JPY,Household Spending y/y,Low,-2.9%,-4.2%,
2011-08-29,6:30pm,JPY,Unemployment Rate,Medium,4.6%,4.6%,
2011-08-29,6:50pm,JPY,Retail Sales y/y,Low,1.1%,1.2%,
2011-08-30,2:00am,EUR,Spanish Flash CPI y/y,Medium,2.8%,3.1%,
2011-08-30,3:00am,EUR,Retail PMI,Medium,,48.2,
2011-08-30,3:00am,EUR,Italian Retail Sales m/m,Medium,0.2%,-0.2%,
2011-08-30,3:30am,GBP,Net Lending to Individuals m/m,Low,1.1B,0.4B,
2011-08-30,3:30am,GBP,M4 Money Supply m/m,Medium,0.4%,-0.4%,
2011-08-30,3:30am,GBP,Mortgage Approvals,Medium,49K,49K,
2011-08-30,4:20am,EUR,Italian 10-y Bond Auction,Low,,5.77|1.4,
2011-08-30,8:00am,USD,S&P/CS Composite-20 HPI y/y,Low,-4.7%,-4.6%,
2011-08-30,9:00am,USD,CB Consumer Confidence,High,52.1,59.2,
2011-08-30,11:15am,USD,FOMC Member Kocherlakota Speaks,Low,,,
2011-08-30,1:00pm,USD,FOMC Meeting Minutes,High,,,
2011-08-30,6:01pm,GBP,GfK Consumer Confidence,Low,-32,-30,
2011-08-30,6:15pm,JPY,Final Manufacturing PMI,Medium,,52.1,
2011-08-30,6:50pm,JPY,Prelim Industrial Production m/m,Low,1.6%,3.8%,
2011-08-30,8:30pm,JPY,Average Cash Earnings y/y,Low,-0.4%,-0.7%,
2011-08-31,1:00am,EUR,German Retail Sales m/m,Low,-1.5%,4.5%,
2011-08-31,2:55am,EUR,German Unemployment Change,Low,-10K,-10K,
2011-08-31,3:00am,EUR,Italian Monthly Unemployment Rate,Medium,8.1%,8.0%,
2011-08-31,4:00am,EUR,CPI Flash Estimate y/y,Low,2.5%,2.5%,
2011-08-31,4:00am,EUR,Unemployment Rate,Low,9.9%,10.0%,
2011-08-31,4:00am,EUR,Italian Prelim CPI m/m,Medium,0.3%,0.3%,
2011-08-31,6:30am,USD,Challenger Job Cuts y/y,Medium,,59.4%,
2011-08-31,7:15am,USD,ADP Non-Farm Employment Change,High,102K,109K,
2011-08-31,8:45am,USD,Chicago PMI,Low,54.3,58.8,
2011-08-31,9:00am,USD,Factory Orders m/m,Low,1.8%,-0.4%,
2011-08-31,9:30am,USD,Crude Oil Inventories,Low,0.5M,-2.2M,
2011-08-31,10:45pm,JPY,10-y Bond Auction,Medium,,1.04|3.1,
2011-09-01,1:00am,EUR,German Final GDP q/q,Medium,0.1%,0.1%,
2011-09-01,1:00am,GBP,Nationwide HPI m/m,High,0.1%,0.3%,
2011-09-01,2:15am,CHF,Retail Sales y/y,High,4.6%,7.9%,
2011-09-01,2:15am,EUR,Spanish Manufacturing PMI,Low,,45.6,
2011-09-01,2:30am,CHF,Manufacturing PMI,Low,51.1,53.5,
2011-09-01,2:45am,EUR,Italian Manufacturing PMI,Low,49.2,50.1,
2011-09-01,2:50am,EUR,French Final Manufacturing PMI,Medium,49.4,49.3,
2011-09-01,2:55am,EUR,German Final Manufacturing PMI,Medium,52.0,52.0,
2011-09-01,3:00am,EUR,Final Manufacturing PMI,Medium,49.7,49.7,
2011-09-01,3:15am,GBP,MPC Member Fisher Speaks,Low,,,
2011-09-01,3:30am,GBP,Final Manufacturing PMI,High,48.9,49.4,
2011-09-01,4:02am,EUR,French 10-y Bond Auction,Low,,3.49|1.9,
2011-09-01,4:37am,GBP,10-y Bond Auction,Low,,3.51|2.2,
2011-09-01,7:30am,USD,Unemployment Claims,High,409K,421K,
2011-09-01,7:30am,USD,Revised Nonfarm Productivity q/q,Low,-0.4%,-0.3%,
2011-09-01,7:30am,USD,Revised Unit Labor Costs q/q,Medium,2.3%,2.2%,
2011-09-01,9:00am,USD,ISM Manufacturing PMI,High,48.7,50.9,
2011-09-01,9:00am,USD,Construction Spending m/m,Medium,0.2%,1.6%,
2011-09-01,9:00am,USD,ISM Manufacturing Prices,Medium,55.1,59.0,
2011-09-01,9:30am,USD,Natural Gas Storage,Medium,61B,73B,
2011-09-01,All Day,USD,Total Vehicle Sales,Medium,12.1M,12.2M,
2011-09-01,11:00am,USD,FOMC Member Duke Speaks,Medium,,,
2011-09-01,6:50pm,JPY,Capital Spending q/y,Low,1.1%,3.3%,
2011-09-01,6:50pm,JPY,Monetary Base y/y,Medium,14.2%,15.0%,
2011-09-02,3:30am,GBP,Construction PMI,High,52.9,53.5,
2011-09-02,4:00am,EUR,PPI m/m,Medium,0.6%,0.0%,
2011-09-02,7:30am,USD,Non-Farm Employment Change,High,74K,85K,
2011-09-02,7:30am,USD,Unemployment Rate,High,9.1%,9.1%,
2011-09-02,7:30am,USD,Average Hourly Earnings m/m,Low,0.2%,0.5%,
2011-09-05,2:45am,EUR,Italian Services PMI,Medium,48.4,48.6,
2011-09-05,2:50am,EUR,French Final Services PMI,Medium,56.1,56.1,
2011-09-05,2:55am,EUR,German Final Services PMI,Medium,50.4,50.4,
2011-09-05,3:00am,EUR,Final Services PMI,Medium,51.5,51.5,
2011-09-05,3:30am,EUR,Sentix Investor Confidence,Medium,-17.5,-13.5,
2011-09-05,3:30am,GBP,Final Services PMI,High,54.3,55.4,
2011-09-05,4:00am,EUR,Retail Sales m/m,Low,0.1%,0.7%,
2011-09-05,All Day,USD,Bank Holiday,Low,,,
2011-09-05,6:01pm,GBP,BRC Retail Sales Monitor y/y,Low,,0.6%,
2011-09-05,10:45pm,JPY,30-y Bond Auction,Medium,,2.09|3.7,
2011-09-06,2:15am,CHF,CPI m/m,Low,-0.1%,-0.8%,
2011-09-06,4:00am,EUR,Revised GDP q/q,Medium,0.2%,0.2%,
2011-09-06,5:00am,EUR,German Factory Orders m/m,Low,-1.4%,1.8%,
2011-09-06,9:00am,USD,ISM Services PMI,High,51.2,52.7,
2011-09-06,12:10pm,USD,FOMC Member Kocherlakota Speaks,Low,,,
2011-09-06,6:00pm,GBP,BRC Shop Price Index y/y,Medium,,2.8%,
2011-09-06,10:21pm,JPY,Monetary Policy Statement,High,,,
2011-09-06,10:21pm,JPY,Overnight Call Rate,High,<0.10%,<0.10%,
2011-09-07,2:00am,GBP,Halifax HPI m/m,High,0.5%,0.2%,
2011-09-07,2:17am,JPY,BOJ Press Conference,High,,,
2011-09-07,3:00am,EUR,German Constitutional Court Ruling,High,,,
2011-09-07,3:30am,GBP,Manufacturing Production m/m,High,0.1%,-0.4%,
2011-09-07,3:30am,GBP,Industrial Production m/m,Medium,0.0%,0.0%,
2011-09-07,5:00am,EUR,German Industrial Production m/m,Low,0.6%,-1.0%,
2011-09-07,9:00am,GBP,NIESR GDP Estimate,Low,,0.6%,
2011-09-07,9:00am,USD,JOLTS Job Openings,Medium,,3.17M,
2011-09-07,10:15am,USD,FOMC Member Evans Speaks,Low,,,
2011-09-07,1:00pm,USD,Beige Book,Low,,,
2011-09-07,6:50pm,JPY,Core Machinery Orders m/m,Low,-3.9%,7.7%,
2011-09-07,6:50pm,JPY,Bank Lending y/y,Medium,,-0.6%,
2011-09-07,6:50pm,JPY,Current Account,Medium,0.99T,0.92T,
2011-09-08,ThuSep 8,JPY,Economy Watchers Sentiment,Medium,54.3,52.6,
2011-09-08,12:30am,EUR,French Final Private Payrolls q/q,Medium,0.4%,0.4%,
2011-09-08,12:45am,CHF,Unemployment Rate,Medium,3.0%,3.0%,
2011-09-08,1:00am,EUR,German Trade Balance,Medium,11.0B,11.5B,
2011-09-08,1:00am,JPY,Prelim Machine Tool Orders y/y,Medium,,34.6%,
2011-09-08,1:45am,EUR,French Trade Balance,Medium,-5.8B,-5.4B,
2011-09-08,6:00am,GBP,Asset Purchase Facility,High,200B,200B,
2011-09-08,6:00am,GBP,Official Bank Rate,High,0.50%,0.50%,
2011-09-08,6:45am,EUR,Main Refinancing Rate,High,1.50%,1.50%,
2011-09-08,7:30am,EUR,ECB Press Conference,High,,,
2011-09-08,7:30am,USD,Trade Balance,High,-50.6B,-51.6B,
2011-09-08,7:30am,USD,Unemployment Claims,High,407K,412K,
2011-09-08,9:30am,USD,Natural Gas Storage,Medium,60B,55B,
2011-09-08,10:00am,USD,Crude Oil Inventories,Low,-1.9M,5.3M,
2011-09-08,12:30pm,USD,Fed Chairman Bernanke Speaks,High,,,
2011-09-08,2:00pm,USD,Consumer Credit m/m,Medium,6.3B,11.3B,
2011-09-08,6:00pm,USD,President Obama Speaks,Medium,,,
2011-09-08,6:50pm,JPY,Final GDP q/q,Low,-0.5%,-0.3%,
2011-09-08,6:50pm,JPY,Final GDP Price Index y/y,Medium,-2.2%,-2.2%,
2011-09-08,6:50pm,JPY,M2 Money Stock y/y,Medium,2.9%,3.0%,
2011-09-09,1:00am,EUR,German Final CPI m/m,Medium,-0.1%,-0.1%,
2011-09-09,1:00am,EUR,German WPI m/m,Medium,0.3%,-0.6%,
2011-09-09,1:45am,EUR,French Industrial Production m/m,Low,0.4%,-1.5%,
2011-09-09,1:45am,EUR,French Gov Budget Balance,Medium,,-61.3B,
2011-09-09,3:30am,GBP,PPI Input m/m,High,-1.6%,0.5%,
2011-09-09,3:30am,GBP,PPI Output m/m,Medium,0.2%,0.3%,
2011-09-09,4:00am,GBP,CB Leading Index m/m,Medium,,0.0%,
2011-09-09,9:00am,USD,Final Wholesale Inventories m/m,Medium,0.8%,0.6%,
2011-09-11,6:50pm,JPY,BSI Manufacturing Index,Low,11.4,-23.3,
2011-09-11,6:50pm,JPY,Monetary Policy Meeting Minutes,Low,,,
2011-09-11,6:50pm,JPY,Tertiary Industry Activity m/m,Low,0.3%,1.8%,
2011-09-11,6:50pm,JPY,PPI y/y,Medium,2.7%,2.9%,
2011-09-12,3:00pm,USD,FOMC Member Fisher Speaks,Low,,,
2011-09-12,6:01pm,GBP,RICS House Price Balance,Low,-22%,-22%,
2011-09-13,3:30am,GBP,CPI y/y,High,4.5%,4.4%,
2011-09-13,3:30am,GBP,Goods Trade Balance,Low,-8.5B,-8.9B,
2011-09-13,3:30am,GBP,RPI y/y,Low,5.0%,5.0%,
2011-09-13,3:30am,GBP,Core CPI y/y,Medium,3.0%,3.1%,
2011-09-13,3:30am,GBP,ONS HPI y/y,Medium,-1.1%,-2.0%,
2011-09-13,6:00am,GBP,MPC Member Posen Speaks,Low,,,
2011-09-13,6:30am,USD,NFIB Small Business Index,Medium,88.0,89.9,
2011-09-13,7:30am,USD,Import Prices m/m,Low,-0.7%,0.3%,
2011-09-13,9:00am,USD,RCM/TIPP Economic Optimism,Medium,36.5,35.8,
2011-09-13,10:30am,EUR,German Buba President Weidmann Speaks,Low,,,
2011-09-13,12:00pm,USD,10-y Bond Auction,Low,,2.14|3.2,
2011-09-13,12:54pm,USD,Federal Budget Balance,Low,-128.4B,-129.4B,
2011-09-13,11:30pm,JPY,Revised Industrial Production m/m,Medium,0.6%,0.6%,
2011-09-14,2:15am,CHF,PPI m/m,Low,-0.3%,-0.7%,
2011-09-14,3:30am,GBP,Claimant Count Change,High,34.8K,33.7K,
2011-09-14,3:30am,GBP,Average Earnings Index 3m/y,Low,2.7%,2.7%,
2011-09-14,3:30am,GBP,Unemployment Rate,Medium,7.9%,7.9%,
2011-09-14,4:00am,EUR,Industrial Production m/m,Low,1.5%,-0.8%,
2011-09-14,7:30am,USD,Core Retail Sales m/m,High,0.2%,0.3%,
2011-09-14,7:30am,USD,PPI m/m,High,-0.1%,0.2%,
2011-09-14,7:30am,USD,Retail Sales m/m,High,0.2%,0.3%,
2011-09-14,7:30am,USD,Core PPI m/m,Low,0.2%,0.4%,
2011-09-14,7:30am,USD,Treasury Sec Geithner Speaks,Low,,,
2011-09-14,9:00am,USD,Business Inventories m/m,Low,0.4%,0.4%,
2011-09-14,9:30am,USD,Crude Oil Inventories,Low,-3.1M,-4.0M,
2011-09-14,12:00pm,USD,30-y Bond Auction,Medium,,3.75|2.1,
2011-09-15,2:30am,CHF,Libor Rate,High,<0.25%,<0.25%,
2011-09-15,2:30am,CHF,SNB Monetary Policy Assessment,High,,,
2011-09-15,3:00am,EUR,ECB Monthly Bulletin,Low,,,
2011-09-15,3:30am,GBP,Retail Sales m/m,High,-0.2%,0.2%,
2011-09-15,3:30am,GBP,Consumer Inflation Expectations,Low,,3.9%,
2011-09-15,3:51am,EUR,Spanish 10-y Bond Auction,Low,,5.90|1.9,
2011-09-15,4:00am,EUR,Final Core CPI y/y,Low,1.2%,1.2%,
2011-09-15,4:00am,EUR,Final CPI y/y,Low,2.5%,2.5%,
2011-09-15,4:00am,EUR,Final Employment Change q/q,Medium,0.2%,0.1%,
2011-09-15,7:30am,USD,Core CPI m/m,High,0.2%,0.2%,
2011-09-15,7:30am,USD,CPI y/y,High,3.6%,3.6%,
2011-09-15,7:30am,USD,Unemployment Claims,High,410K,417K,
2011-09-15,7:30am,USD,CPI m/m,Low,0.2%,0.5%,
2011-09-15,7:30am,USD,Current Account,Low,-122B,-120B,
2011-09-15,7:30am,USD,Empire State Manufacturing Index,Low,-3.9,-7.7,
2011-09-15,7:45am,USD,Fed Chairman Bernanke Speaks,Low,,,
2011-09-15,8:15am,USD,Capacity Utilization Rate,Low,77.5%,77.3%,
2011-09-15,8:15am,USD,Industrial Production m/m,Low,0.1%,0.9%,
2011-09-15,9:00am,USD,Philly Fed Manufacturing Index,High,-14.7,-30.7,
2011-09-15,9:30am,USD,Natural Gas Storage,Medium,85B,64B,
2011-09-15,12:45pm,USD,FOMC Member Tarullo Speaks,Medium,,,
2011-09-15,1:00pm,EUR,ECB President Trichet Speaks,High,,,
2011-09-16,FriSep 16,EUR,Italian Trade Balance,Medium,-1.97B,-1.75B,
2011-09-16,Day 1,EUR,ECOFIN Meetings,High,,,
2011-09-16,3:35am,GBP,Chancellor Osborne Speaks,Medium,,,
2011-09-16,4:00am,EUR,Trade Balance,Medium,1.7B,-2.5B,
2011-09-16,8:00am,USD,TIC Long-Term Purchases,High,31.3B,3.4B,
2011-09-16,8:55am,USD,Prelim UoM Consumer Sentiment,High,57.3,55.7,
2011-09-16,8:55am,USD,Prelim UoM Inflation Expectations,Medium,,3.5%,
2011-09-18,6:01pm,GBP,Rightmove HPI m/m,Low,,-2.1%,
2011-09-18,All Day,JPY,Bank Holiday,Low,,,
2011-09-19,9:30am,USD,President Obama Speaks,Medium,,,
2011-09-20,1:00am,CHF,Trade Balance,Low,1.97B,2.81B,
2011-09-20,1:00am,EUR,German PPI m/m,Low,0.1%,0.7%,
2011-09-20,4:00am,EUR,German ZEW Economic Sentiment,High,-44.3,-37.6,
2011-09-20,4:00am,EUR,ZEW Economic Sentiment,Low,-42.3,-40.0,
2011-09-20,5:00am,EUR,German Buba Monthly Report,Medium,,,
2011-09-20,7:30am,USD,Building Permits,High,0.60M,0.60M,
2011-09-20,7:30am,USD,Housing Starts,Low,0.59M,0.60M,
2011-09-20,6:01pm,GBP,Nationwide Consumer Confidence,Low,47,49,
2011-09-20,6:50pm,JPY,Trade Balance,Low,-0.01T,-0.16T,
2011-09-20,11:30pm,JPY,All Industries Activity m/m,Medium,0.9%,2.2%,
2011-09-21,WedSep 21,GBP,MPC Official Bank Rate Votes,High,0-0-9,0-0-9,
2011-09-21,WedSep 21,GBP,Public Sector Net Borrowing,High,11.3B,-5.2B,
2011-09-21,4:11am,EUR,German 10-y Bond Auction,Low,,2.15|1.4,
2011-09-21,6:35am,GBP,MPC Member Dale Speaks,Low,,,
2011-09-21,9:00am,USD,Existing Home Sales,High,4.76M,4.67M,
2011-09-21,9:30am,USD,Crude Oil Inventories,Low,-1.6M,-6.7M,
2011-09-21,1:23pm,USD,FOMC Statement,High,,,
2011-09-21,1:23pm,USD,Federal Funds Rate,Low,<0.25%,<0.25%,
2011-09-22,2:00am,EUR,French Flash Manufacturing PMI,Low,48.6,49.1,
2011-09-22,2:00am,EUR,French Flash Services PMI,Low,54.4,56.8,
2011-09-22,2:30am,EUR,German Flash Manufacturing PMI,Low,50.2,50.9,
2011-09-22,2:30am,EUR,German Flash Services PMI,Low,50.6,51.1,
2011-09-22,3:00am,EUR,Flash Manufacturing PMI,Low,48.6,49.0,
2011-09-22,3:00am,EUR,Flash Services PMI,Low,51.1,51.5,
2011-09-22,4:00am,CHF,UBS Economic Expectations,Low,,-71.4,
2011-09-22,4:00am,EUR,Industrial New Orders m/m,Low,-1.1%,-1.2%,
2011-09-22,5:00am,GBP,CBI Industrial Order Expectations,Low,-5,1,
2011-09-22,7:30am,USD,Unemployment Claims,High,419K,432K,
2011-09-22,9:00am,EUR,Consumer Confidence,Medium,-18,-17,
2011-09-22,9:00am,USD,CB Leading Index m/m,Medium,0.2%,0.6%,
2011-09-22,9:00am,USD,HPI m/m,Medium,0.0%,0.7%,
2011-09-22,9:30am,USD,Natural Gas Storage,Medium,91B,87B,
2011-09-22,All Day,JPY,Bank Holiday,Low,,,
2011-09-23,3:00am,EUR,Italian Retail Sales m/m,Medium,0.3%,-0.3%,
2011-09-23,3:30am,GBP,High Street Lending,Low,33.2K,33.7K,
2011-09-23,8:00am,EUR,Belgian NBB Business Climate,Low,-8.9,-7.8,
2011-09-23,12:30pm,USD,FOMC Member Dudley Speaks,Medium,,,
2011-09-23,3:30pm,EUR,ECB President Trichet Speaks,Low,,,
2011-09-24,6:00pm,EUR,ECB President Trichet Speaks,Low,,,
2011-09-26,3:30am,GBP,MPC Member Broadbent Speaks,Low,,,
2011-09-26,8:15am,USD,FOMC Member Raskin Speaks,Low,,,
2011-09-26,9:00am,USD,New Home Sales,High,296K,302K,
2011-09-26,10:00am,EUR,German Buba President Weidmann Speaks,Low,,,
2011-09-26,6:50pm,JPY,SPPI y/y,Medium,-0.4%,-0.3%,
2011-09-27,TueSep 27,EUR,German GfK Consumer Climate,Low,5.1,5.2,
2011-09-27,2:30am,GBP,MPC Member Posen Speaks,Low,,,
2011-09-27,3:00am,EUR,M3 Money Supply y/y,Low,2.0%,2.1%,
2011-09-27,3:00am,EUR,Private Loans y/y,Medium,2.5%,2.4%,
2011-09-27,5:00am,GBP,CBI Realized Sales,Low,-14,-14,
2011-09-27,8:00am,USD,S&P/CS Composite-20 HPI y/y,Low,-4.4%,-4.4%,
2011-09-27,8:59am,USD,Richmond Manufacturing Index,Medium,-8,-10,
2011-09-27,9:00am,USD,CB Consumer Confidence,High,46.2,45.2,
2011-09-27,12:20pm,USD,FOMC Member Fisher Speaks,Low,,,
2011-09-28,All Day,EUR,German Prelim CPI m/m,Low,-0.1%,0.0%,
2011-09-28,3:30am,GBP,BOE Credit Conditions Survey,Low,,,
2011-09-28,3:30am,GBP,FPC Statement,Medium,,,
2011-09-28,7:30am,USD,Core Durable Goods Orders m/m,High,0.1%,2.0%,
2011-09-28,7:30am,USD,Durable Goods Orders m/m,Low,-0.2%,4.1%,
2011-09-28,9:30am,USD,Crude Oil Inventories,Low,1.1M,-7.3M,
2011-09-28,11:15am,CHF,Gov Board Member Jordan Speaks,Low,,,
2011-09-28,4:00pm,USD,Fed Chairman Bernanke Speaks,High,,,
2011-09-28,6:50pm,JPY,Retail Sales y/y,Low,-0.6%,0.6%,
2011-09-29,1:15am,JPY,BOJ Gov Shirakawa Speaks,Low,,,
2011-09-29,2:00am,EUR,Spanish Flash CPI y/y,Medium,3.0%,3.0%,
2011-09-29,2:00am,GBP,MPC Member Miles Speaks,Low,,,
2011-09-29,2:55am,EUR,German Unemployment Change,Low,-9K,-9K,
2011-09-29,3:00am,EUR,Retail PMI,Medium,,48.0,
2011-09-29,3:30am,GBP,Net Lending to Individuals m/m,Low,0.8B,1.0B,
2011-09-29,3:30am,GBP,M4 Money Supply m/m,Medium,0.3%,0.0%,
2011-09-29,3:30am,GBP,Mortgage Approvals,Medium,50K,50K,
2011-09-29,4:30am,EUR,Italian 10-y Bond Auction,Low,,5.22|1.3,
2011-09-29,7:30am,USD,Unemployment Claims,High,420K,428K,
2011-09-29,7:30am,USD,Final GDP q/q,Low,1.2%,1.0%,
2011-09-29,7:30am,USD,Final GDP Price Index q/q,Medium,2.4%,2.4%,
2011-09-29,9:00am,USD,Pending Home Sales m/m,High,-1.7%,-1.3%,
2011-09-29,9:30am,USD,Natural Gas Storage,Medium,97B,89B,
2011-09-29,6:01pm,GBP,GfK Consumer Confidence,Low,-33,-31,
2011-09-29,6:15pm,JPY,Final Manufacturing PMI,Medium,,51.9,
2011-09-29,6:30pm,JPY,Household Spending y/y,Low,-2.7%,-2.1%,
2011-09-29,6:30pm,JPY,Tokyo Core CPI y/y,Low,-0.1%,-0.2%,
2011-09-29,6:30pm,JPY,National Core CPI y/y,Medium,0.1%,0.1%,
2011-09-29,6:30pm,JPY,Unemployment Rate,Medium,4.7%,4.7%,
2011-09-29,6:50pm,JPY,Prelim Industrial Production m/m,Low,1.5%,0.4%,
2011-09-30,1:00am,EUR,German Retail Sales m/m,Low,-0.4%,0.3%,
2011-09-30,Jul Data,EUR,French Consumer Spending m/m,Medium,0.2%,0.9%,
2011-09-30,1:45am,EUR,French Consumer Spending m/m,Low,0.4%,-0.2%,
2011-09-30,3:00am,EUR,Italian Monthly Unemployment Rate,Medium,8.0%,8.0%,
2011-09-30,3:00am,EUR,Italian Quarterly Unemployment Rate,Medium,8.0%,8.1%,
2011-09-30,4:00am,EUR,CPI Flash Estimate y/y,Low,2.5%,2.5%,
2011-09-30,4:00am,EUR,Unemployment Rate,Low,10.0%,10.0%,
2011-09-30,4:00am,EUR,Italian Prelim CPI m/m,Medium,-0.1%,0.3%,
2011-09-30,4:30am,CHF,KOF Economic Barometer,High,1.41,1.61,
2011-09-30,7:30am,USD,Core PCE Price Index m/m,Low,0.2%,0.2%,
2011-09-30,7:30am,USD,Personal Spending m/m,Low,0.2%,0.7%,
2011-09-30,7:30am,USD,Personal Income m/m,Medium,0.1%,0.1%,
2011-09-30,8:45am,USD,Chicago PMI,Low,55.8,56.5,
2011-09-30,8:55am,USD,Revised UoM Consumer Sentiment,Low,57.9,57.8,
2011-09-30,8:55am,USD,Revised UoM Inflation Expectations,Medium,,3.7%,
2011-10-02,6:50pm,JPY,Tankan Manufacturing Index,High,2,-9,
2011-10-02,6:50pm,JPY,Tankan Non-Manufacturing Index,Low,3,-5,
2011-10-03,2:15am,CHF,Retail Sales y/y,High,4.5%,2.9%,
2011-10-03,2:15am,EUR,Spanish Manufacturing PMI,Low,,45.3,
2011-10-03,2:30am,CHF,Manufacturing PMI,Low,50.3,51.7,
2011-10-03,2:45am,EUR,Italian Manufacturing PMI,Low,46.5,47.0,
2011-10-03,2:50am,EUR,French Final Manufacturing PMI,Medium,47.3,47.3,
2011-10-03,2:55am,EUR,German Final Manufacturing PMI,Medium,50.0,50.0,
2011-10-03,3:00am,EUR,Final Manufacturing PMI,Medium,48.4,48.4,
2011-10-03,All Day,EUR,Eurogroup Meetings,Low,,,
2011-10-03,3:30am,GBP,Final Manufacturing PMI,High,48.9,49.4,
2011-10-03,3:30am,GBP,FPC Meeting Minutes,Medium,,,
2011-10-03,9:00am,USD,ISM Manufacturing PMI,High,50.5,50.6,
2011-10-03,9:00am,USD,Construction Spending m/m,Medium,-0.1%,-1.4%,
2011-10-03,9:00am,USD,ISM Manufacturing Prices,Medium,54.3,55.5,
2011-10-03,All Day,USD,Total Vehicle Sales,Medium,12.3M,12.1M,
2011-10-03,6:50pm,JPY,Monetary Base y/y,Medium,16.3%,15.9%,
2011-10-03,8:30pm,JPY,Average Cash Earnings y/y,Low,0.7%,-0.2%,
2011-10-03,10:45pm,JPY,10-y Bond Auction,Medium,,1.08|3.0,
2011-10-04,2:00am,EUR,Spanish Unemployment Change,Low,,51.2K,
2011-10-04,All Day,EUR,ECOFIN Meetings,Low,,,
2011-10-04,3:30am,GBP,Construction PMI,High,51.7,52.6,
2011-10-04,3:30am,GBP,MPC Member Miles Speaks,Low,,,
2011-10-04,4:00am,EUR,PPI m/m,Medium,-0.2%,0.5%,
2011-10-04,4:40am,GBP,10-y Bond Auction,Low,,2.76|2.0,
2011-10-04,8:00am,EUR,ECB President Trichet Speaks,High,,,
2011-10-04,8:00am,USD,FOMC Member Raskin Speaks,Low,,,
2011-10-04,9:00am,USD,Fed Chairman Bernanke Testifies,High,,,
2011-10-04,9:00am,USD,Factory Orders m/m,Low,0.2%,2.1%,
2011-10-04,6:00pm,GBP,BRC Shop Price Index y/y,Medium,,2.7%,
2011-10-05,2:45am,EUR,Italian Services PMI,Medium,47.1,48.4,
2011-10-05,2:50am,EUR,French Final Services PMI,Medium,52.5,52.5,
2011-10-05,2:55am,EUR,German Final Services PMI,Medium,50.3,50.3,
2011-10-05,3:00am,EUR,Final Services PMI,Medium,49.1,49.1,
2011-10-05,3:30am,GBP,Final Services PMI,High,50.6,51.1,
2011-10-05,3:30am,GBP,Final GDP q/q,Low,0.2%,0.2%,
2011-10-05,3:30am,GBP,Revised Business Investment q/q,Medium,0.7%,-10.0%,
2011-10-05,4:00am,EUR,Retail Sales m/m,Low,-0.2%,0.2%,
2011-10-05,4:11am,EUR,Final GDP q/q,Medium,0.2%,0.2%,
2011-10-05,6:30am,USD,Challenger Job Cuts y/y,Medium,,47.0%,
2011-10-05,7:15am,USD,ADP Non-Farm Employment Change,High,76K,89K,
2011-10-05,9:00am,USD,ISM Services PMI,High,53.0,53.3,
2011-10-05,9:30am,USD,Crude Oil Inventories,Low,1.0M,1.9M,
2011-10-06,ThuOct 6,GBP,Halifax HPI m/m,High,0.3%,-1.1%,
2011-10-06,2:15am,CHF,CPI m/m,Low,0.0%,-0.3%,
2011-10-06,3:30am,GBP,Index of Services 3m/3m,Medium,0.9%,0.2%,
2011-10-06,4:08am,EUR,French 10-y Bond Auction,Low,,2.90|1.3,
2011-10-06,5:00am,EUR,German Factory Orders m/m,Low,0.2%,-2.6%,
2011-10-06,6:00am,GBP,Asset Purchase Facility,High,200B,200B,
2011-10-06,6:00am,GBP,MPC Rate Statement,High,,,
2011-10-06,6:00am,GBP,Official Bank Rate,High,0.50%,0.50%,
2011-10-06,6:45am,EUR,Main Refinancing Rate,High,1.50%,1.50%,
2011-10-06,7:30am,EUR,ECB Press Conference,High,,,
2011-10-06,7:30am,USD,Unemployment Claims,High,411K,395K,
2011-10-06,9:00am,USD,Treasury Sec Geithner Speaks,Low,,,
2011-10-06,9:30am,USD,Natural Gas Storage,Medium,98B,111B,
2011-10-06,10:00am,USD,FOMC Member Fisher Speaks,Low,,,
2011-10-06,11:00am,GBP,BOE Gov King Speaks,High,,,
2011-10-06,1:00pm,USD,Treasury Sec Geithner Speaks,Low,,,
2011-10-06,10:37pm,JPY,Monetary Policy Statement,High,,,
2011-10-06,10:37pm,JPY,Overnight Call Rate,High,<0.10%,<0.10%,
2011-10-07,12:45am,CHF,Unemployment Rate,Medium,3.0%,3.0%,
2011-10-07,1:45am,EUR,French Gov Budget Balance,Medium,,-86.6B,
2011-10-07,1:45am,EUR,French Trade Balance,Medium,-6.3B,-6.4B,
2011-10-07,2:30am,JPY,BOJ Press Conference,High,,,
2011-10-07,3:30am,GBP,PPI Input m/m,High,1.3%,-1.8%,
2011-10-07,3:30am,GBP,PPI Output m/m,Medium,0.2%,0.1%,
2011-10-07,5:00am,EUR,German Industrial Production m/m,Low,-1.5%,3.9%,
2011-10-07,7:30am,USD,Non-Farm Employment Change,High,55K,57K,
2011-10-07,7:30am,USD,Unemployment Rate,High,9.1%,9.1%,
2011-10-07,7:30am,USD,Average Hourly Earnings m/m,Low,0.2%,-0.2%,
2011-10-07,8:30am,USD,FOMC Member Fisher Speaks,Low,,,
2011-10-07,9:00am,USD,Final Wholesale Inventories m/m,Medium,0.6%,0.8%,
2011-10-07,2:00pm,USD,Consumer Credit m/m,Medium,8.0B,11.9B,
2011-10-10,1:45am,EUR,French Industrial Production m/m,Low,-0.7%,1.8%,
2011-10-10,3:00am,EUR,Italian Industrial Production m/m,Medium,0.2%,-0.3%,
2011-10-10,3:30am,EUR,Sentix Investor Confidence,Low,-19.2,-15.4,
2011-10-10,All Day,USD,Bank Holiday,Low,,,
2011-10-10,6:01pm,GBP,BRC Retail Sales Monitor y/y,Low,,-0.6%,
2011-10-10,6:01pm,GBP,RICS House Price Balance,Low,-23%,-23%,
2011-10-10,6:50pm,JPY,Current Account,Medium,0.51T,0.75T,
2011-10-11,TueOct 11,JPY,Consumer Confidence,Medium,37.4,37.0,
2011-10-11,1:00am,JPY,Economy Watchers Sentiment,Medium,46.9,47.3,
2011-10-11,2:30am,EUR,ECB President Trichet Speaks,High,,,
2011-10-11,3:30am,GBP,Manufacturing Production m/m,High,-0.1%,-0.2%,
2011-10-11,3:30am,GBP,Industrial Production m/m,Medium,-0.2%,-0.4%,
2011-10-11,3:33am,GBP,ONS HPI y/y,Medium,2.3%,-1.5%,
2011-10-11,6:30am,USD,NFIB Small Business Index,Medium,88.8,88.1,
2011-10-11,9:00am,GBP,NIESR GDP Estimate,Low,,0.4%,
2011-10-11,9:00am,USD,RCM/TIPP Economic Optimism,Medium,43.2,39.9,
2011-10-11,6:50pm,JPY,Core Machinery Orders m/m,Low,4.7%,-8.2%,
2011-10-12,1:00am,EUR,German WPI m/m,Medium,-0.1%,0.1%,
2011-10-12,1:00am,JPY,Prelim Machine Tool Orders y/y,Medium,,15.3%,
2011-10-12,3:30am,GBP,Claimant Count Change,High,24.7K,19.1K,
2011-10-12,3:30am,GBP,Average Earnings Index 3m/y,Low,2.7%,2.9%,
2011-10-12,3:30am,GBP,Unemployment Rate,Medium,7.9%,7.9%,
2011-10-12,4:00am,EUR,Industrial Production m/m,Low,-0.8%,1.1%,
2011-10-12,4:00am,GBP,CB Leading Index m/m,Medium,,0.3%,
2011-10-12,4:08am,EUR,German 30-y Bond Auction,Medium,,3.43|1.3,
2011-10-12,9:00am,USD,JOLTS Job Openings,Medium,,3.21M,
2011-10-12,12:00pm,USD,10-y Bond Auction,Low,,2.00|3.0,
2011-10-12,12:20pm,USD,FOMC Member Fisher Speaks,Low,,,
2011-10-12,12:30pm,USD,FOMC Member Plosser Speaks,Low,,,
2011-10-12,1:00pm,USD,FOMC Meeting Minutes,High,,,
2011-10-12,1:30pm,EUR,ECB President Trichet Speaks,Low,,,
2011-10-12,6:50pm,JPY,Monetary Policy Meeting Minutes,Low,,,
2011-10-12,6:50pm,JPY,Tertiary Industry Activity m/m,Low,-0.3%,-0.3%,
2011-10-12,6:50pm,JPY,Bank Lending y/y,Medium,,-0.5%,
2011-10-12,10:45pm,JPY,30-y Bond Auction,Medium,,2.01|3.6,
2011-10-13,2:15am,CHF,PPI m/m,Low,0.2%,-1.2%,
2011-10-13,3:00am,EUR,ECB Monthly Bulletin,Low,,,
2011-10-13,3:30am,GBP,Goods Trade Balance,Low,-8.8B,-8.2B,
2011-10-13,7:30am,USD,Trade Balance,High,-46.0B,-45.6B,
2011-10-13,7:30am,USD,Unemployment Claims,High,406K,405K,
2011-10-13,9:30am,USD,Natural Gas Storage,Medium,103B,97B,
2011-10-13,10:00am,USD,Crude Oil Inventories,Low,0.4M,-4.7M,
2011-10-13,12:00pm,USD,30-y Bond Auction,Medium,,3.31|2.9,
2011-10-13,6:50pm,JPY,M2 Money Stock y/y,Medium,2.7%,2.7%,
2011-10-13,6:50pm,JPY,PPI y/y,Medium,2.5%,2.6%,
2011-10-14,3:00am,EUR,Italian Trade Balance,Medium,0.74B,1.44B,
2011-10-14,4:00am,EUR,Final Core CPI y/y,Low,1.5%,1.2%,
2011-10-14,4:00am,EUR,Final CPI y/y,Low,3.0%,3.0%,
2011-10-14,4:00am,EUR,Trade Balance,Medium,-1.1B,-3.7B,
2011-10-14,7:30am,USD,Core Retail Sales m/m,High,0.2%,0.5%,
2011-10-14,7:30am,USD,Retail Sales m/m,High,0.5%,0.3%,
2011-10-14,7:30am,USD,Import Prices m/m,Low,-0.3%,-0.2%,
2011-10-14,8:55am,USD,Prelim UoM Consumer Sentiment,High,60.2,59.4,
2011-10-14,8:55am,USD,Prelim UoM Inflation Expectations,Medium,,3.3%,
2011-10-14,9:00am,USD,Business Inventories m/m,Low,0.4%,0.5%,
2011-10-14,12:53pm,USD,Federal Budget Balance,Low,-65.0B,-134.2B,
2011-10-16,6:01pm,GBP,Rightmove HPI m/m,Low,,0.7%,
2011-10-16,11:30pm,JPY,Revised Industrial Production m/m,Medium,0.8%,0.8%,
2011-10-17,7:30am,USD,Empire State Manufacturing Index,Low,-3.9,-8.8,
2011-10-17,8:15am,USD,Capacity Utilization Rate,Low,77.5%,77.3%,
2011-10-17,8:15am,USD,Industrial Production m/m,Low,0.2%,0.0%,
2011-10-17,6:00pm,USD,FOMC Member Evans Speaks,Low,,,
2011-10-18,TueOct 18,GBP,RPI y/y,Low,5.4%,5.2%,
2011-10-18,TueOct 18,GBP,Core CPI y/y,Medium,3.2%,3.1%,
2011-10-18,4:00am,EUR,German ZEW Economic Sentiment,High,-44.8,-43.3,
2011-10-18,4:00am,EUR,ZEW Economic Sentiment,Low,-45.1,-44.6,
2011-10-18,7:30am,USD,PPI m/m,High,0.2%,0.0%,
2011-10-18,7:30am,USD,Core PPI m/m,Low,0.1%,0.1%,
2011-10-18,8:00am,USD,TIC Long-Term Purchases,High,27.8B,9.1B,
2011-10-18,9:00am,USD,NAHB Housing Market Index,Medium,15,14,
2011-10-18,12:15pm,USD,Fed Chairman Bernanke Speaks,High,,,
2011-10-18,12:30pm,GBP,BOE Gov King Speaks,High,,,
2011-10-18,11:30pm,JPY,All Industries Activity m/m,Medium,-0.2%,0.4%,
2011-10-19,3:30am,GBP,MPC Asset Purchase Facility Votes,High,9-0-0,1-0-8,
2011-10-19,3:30am,GBP,MPC Official Bank Rate Votes,High,0-0-9,0-0-9,
2011-10-19,4:10am,EUR,German 10-y Bond Auction,Low,,1.80|1.5,
2011-10-19,7:30am,USD,Building Permits,High,0.61M,0.63M,
2011-10-19,7:30am,USD,Core CPI m/m,High,0.2%,0.2%,
2011-10-19,7:30am,USD,CPI y/y,High,3.8%,3.8%,
2011-10-19,7:30am,USD,CPI m/m,Low,0.3%,0.4%,
2011-10-19,7:30am,USD,Housing Starts,Low,0.59M,0.57M,
2011-10-19,9:30am,USD,Crude Oil Inventories,Low,1.3M,1.3M,
2011-10-19,1:00pm,USD,Beige Book,Low,,,
2011-10-20,ThuOct 20,EUR,German PPI m/m,Low,0.2%,-0.3%,
2011-10-20,1:35am,JPY,BOJ Gov Shirakawa Speaks,Low,,,
2011-10-20,3:30am,GBP,Retail Sales m/m,High,0.0%,-0.4%,
2011-10-20,3:51am,EUR,Spanish 10-y Bond Auction,Low,,5.16|2.0,
2011-10-20,4:00am,CHF,UBS Economic Expectations,Low,,-75.7,
2011-10-20,7:30am,USD,Unemployment Claims,High,401K,409K,
2011-10-20,9:00am,EUR,Consumer Confidence,Medium,-20,-19,
2011-10-20,9:00am,USD,Existing Home Sales,High,4.94M,5.06M,
2011-10-20,9:00am,USD,Philly Fed Manufacturing Index,High,-9.0,-17.5,
2011-10-20,9:00am,USD,CB Leading Index m/m,Medium,0.3%,0.3%,
2011-10-20,9:30am,USD,Natural Gas Storage,Medium,111B,112B,
2011-10-20,5:00pm,USD,FOMC Member Tarullo Speaks,Medium,,,
2011-10-20,6:01pm,GBP,Nationwide Consumer Confidence,Low,50,48,
2011-10-20,7:00pm,USD,FOMC Member Kocherlakota Speaks,Low,,,
2011-10-21,3:00am,EUR,German ifo Business Climate,High,106.3,107.4,
2011-10-21,3:30am,GBP,Public Sector Net Borrowing,High,12.0B,10.9B,
2011-10-21,12:00pm,USD,FOMC Member Kocherlakota Speaks,Low,,,
2011-10-21,12:20pm,USD,FOMC Member Fisher Speaks,Low,,,
2011-10-21,2:00pm,USD,FOMC Member Yellen Speaks,Low,,,
2011-10-22,9:00am,USD,FOMC Member Duke Speaks,Medium,,,
2011-10-23,6:50pm,JPY,Trade Balance,Low,-0.11T,-0.27T,
2011-10-24,MonOct 24,EUR,French Flash Services PMI,Low,50.6,51.5,
2011-10-24,2:30am,EUR,German Flash Manufacturing PMI,Low,50.0,50.3,
2011-10-24,2:30am,EUR,German Flash Services PMI,Low,49.8,49.7,
2011-10-24,3:00am,EUR,Flash Manufacturing PMI,Low,48.1,48.5,
2011-10-24,3:00am,EUR,Flash Services PMI,Low,48.6,48.8,
2011-10-24,3:05am,GBP,MPC Member Tucker Speaks,Low,,,
2011-10-24,4:00am,EUR,Industrial New Orders m/m,Low,0.1%,-1.6%,
2011-10-24,7:45am,USD,FOMC Member Dudley Speaks,Medium,,,
2011-10-24,11:15am,EUR,ECB President Trichet Speaks,Low,,,
2011-10-24,12:00pm,USD,FOMC Member Dudley Speaks,Medium,,,
2011-10-25,TueOct 25,EUR,German GfK Consumer Climate,Low,5.1,5.2,
2011-10-25,3:00am,EUR,Italian Retail Sales m/m,Medium,0.1%,-0.1%,
2011-10-25,3:30am,GBP,Current Account,High,-9.7B,-4.1B,
2011-10-25,3:30am,GBP,High Street Lending,Low,36.3K,35.1K,
2011-10-25,3:45am,GBP,BOE Gov King Speaks,High,,,
2011-10-25,8:00am,EUR,Belgian NBB Business Climate,Low,-10.0,-9.4,
2011-10-25,8:00am,USD,S&P/CS Composite-20 HPI y/y,Low,-3.6%,-4.2%,
2011-10-25,8:59am,USD,Richmond Manufacturing Index,Medium,2,-6,
2011-10-25,9:00am,USD,CB Consumer Confidence,High,46.1,46.4,
2011-10-25,9:00am,USD,HPI m/m,Medium,0.1%,0.0%,
2011-10-25,11:30am,GBP,MPC Member Bean Speaks,Low,,,
2011-10-25,6:50pm,JPY,SPPI y/y,Medium,-0.4%,-0.3%,
2011-10-26,All Day,EUR,EU Economic Summit,High,,,
2011-10-26,5:00am,GBP,CBI Industrial Order Expectations,Low,-8,-9,
2011-10-26,7:30am,USD,Core Durable Goods Orders m/m,High,0.5%,-0.4%,
2011-10-26,7:30am,USD,Durable Goods Orders m/m,Low,-0.7%,-0.1%,
2011-10-26,9:00am,USD,New Home Sales,High,302K,296K,
2011-10-26,9:30am,USD,Crude Oil Inventories,Low,0.5M,-4.7M,
2011-10-26,1:00pm,GBP,MPC Member Posen Speaks,Low,,,
2011-10-26,6:50pm,JPY,Retail Sales y/y,Low,0.0%,-2.6%,
2011-10-26,11:31pm,JPY,Monetary Policy Statement,High,,,
2011-10-26,11:31pm,JPY,Overnight Call Rate,High,<0.10%,<0.10%,
2011-10-27,All Day,EUR,German Prelim CPI m/m,Low,0.1%,0.1%,
2011-10-27,2:16am,JPY,BOJ Press Conference,High,,,
2011-10-27,3:00am,EUR,M3 Money Supply y/y,Low,2.8%,2.7%,
2011-10-27,3:00am,EUR,Private Loans y/y,Medium,2.7%,2.5%,
2011-10-27,5:00am,GBP,CBI Realized Sales,Low,-15,-15,
2011-10-27,7:30am,USD,Advance GDP q/q,High,2.4%,1.3%,
2011-10-27,7:30am,USD,Unemployment Claims,High,400K,404K,
2011-10-27,7:30am,USD,Advance GDP Price Index q/q,Low,2.4%,2.5%,
2011-10-27,9:00am,USD,Pending Home Sales m/m,High,0.2%,-1.2%,
2011-10-27,9:30am,USD,Natural Gas Storage,Medium,88B,103B,
2011-10-27,6:01pm,GBP,GfK Consumer Confidence,Low,-30,-30,
2011-10-27,6:30pm,JPY,Household Spending y/y,Low,-3.4%,-4.1%,
2011-10-27,6:30pm,JPY,Tokyo Core CPI y/y,Low,-0.4%,-0.1%,
2011-10-27,6:30pm,JPY,National Core CPI y/y,Medium,0.2%,0.2%,
2011-10-27,6:30pm,JPY,Unemployment Rate,Medium,4.5%,4.3%,
2011-10-27,6:50pm,JPY,Prelim Industrial Production m/m,Low,-2.0%,0.6%,
2011-10-28,2:00am,EUR,Spanish Unemployment Rate,Low,21.0%,20.9%,
2011-10-28,3:00am,EUR,Spanish Flash CPI y/y,Medium,2.9%,3.1%,
2011-10-28,3:10am,EUR,Retail PMI,Medium,,49.6,
2011-10-28,4:21am,EUR,Italian 10-y Bond Auction,Low,,5.86|1.4,
2011-10-28,4:30am,CHF,KOF Economic Barometer,High,1.00,1.21,
2011-10-28,7:30am,USD,Core PCE Price Index m/m,Low,0.1%,0.2%,
2011-10-28,7:30am,USD,Employment Cost Index q/q,Low,0.6%,0.7%,
2011-10-28,7:30am,USD,Personal Spending m/m,Low,0.6%,0.2%,
2011-10-28,7:30am,USD,Personal Income m/m,Medium,0.4%,-0.1%,
2011-10-28,8:55am,USD,Revised UoM Consumer Sentiment,Low,58.1,57.5,
2011-10-28,8:55am,USD,Revised UoM Inflation Expectations,Medium,,3.2%,
2011-10-29,SatOct 29,EUR,Daylight Saving Time Shift,Low,,,
2011-10-29,SatOct 29,GBP,Daylight Saving Time Shift,Low,,,
2011-10-30,6:15pm,JPY,Final Manufacturing PMI,Medium,,49.3,
2011-10-31,2:00am,EUR,German Retail Sales m/m,Low,1.1%,-2.7%,
2011-10-31,2:13am,JPY,BOJ Gov Shirakawa Speaks,Low,,,
2011-10-31,4:00am,EUR,Italian Monthly Unemployment Rate,Medium,7.9%,8.0%,
2011-10-31,4:16am,CHF,Retail Sales y/y,High,2.3%,-0.8%,
2011-10-31,4:30am,GBP,Net Lending to Individuals m/m,Low,0.9B,1.0B,
2011-10-31,4:30am,GBP,M4 Money Supply m/m,Medium,0.3%,-0.4%,
2011-10-31,4:30am,GBP,Mortgage Approvals,Medium,51K,52K,
2011-10-31,5:00am,EUR,CPI Flash Estimate y/y,Low,2.9%,3.0%,
2011-10-31,5:00am,EUR,Unemployment Rate,Low,10.0%,10.1%,
2011-10-31,5:00am,EUR,Italian Prelim CPI m/m,Medium,0.2%,0.0%,
2011-10-31,8:45am,USD,Chicago PMI,Low,59.2,60.4,
2011-10-31,6:50pm,JPY,Monetary Policy Meeting Minutes,Low,,,
2011-10-31,8:30pm,JPY,Average Cash Earnings y/y,Low,-0.3%,-0.4%,
2011-10-31,10:45pm,JPY,10-y Bond Auction,Medium,,1.00|3.2,
2011-11-01,2:00am,GBP,Nationwide HPI m/m,High,0.1%,0.1%,
2011-11-01,All Day,EUR,French Bank Holiday,Low,,,
2011-11-01,All Day,EUR,Italian Bank Holiday,Low,,,
2011-11-01,3:30am,CHF,Manufacturing PMI,Low,47.8,48.2,
2011-11-01,4:30am,GBP,Final Manufacturing PMI,High,50.0,50.8,
2011-11-01,4:30am,GBP,Prelim GDP q/q,High,0.4%,0.1%,
2011-11-01,4:30am,GBP,Index of Services 3m/3m,Medium,1.4%,0.8%,
2011-11-01,9:00am,USD,ISM Manufacturing PMI,High,52.1,51.6,
2011-11-01,9:00am,USD,Construction Spending m/m,Medium,0.4%,1.6%,
2011-11-01,9:00am,USD,ISM Manufacturing Prices,Medium,55.1,56.0,
2011-11-01,All Day,USD,Total Vehicle Sales,Medium,13.1M,13.1M,
2011-11-01,6:50pm,JPY,Monetary Base y/y,Medium,17.3%,16.7%,
2011-11-02,3:45am,EUR,Italian Manufacturing PMI,Low,47.3,48.3,
2011-11-02,3:50am,EUR,French Final Manufacturing PMI,Medium,49.0,49.0,
2011-11-02,3:55am,EUR,German Unemployment Change,Low,-10K,-22K,
2011-11-02,3:55am,EUR,German Final Manufacturing PMI,Medium,48.9,48.9,
2011-11-02,4:00am,EUR,Final Manufacturing PMI,Medium,47.3,47.3,
2011-11-02,4:30am,GBP,Construction PMI,High,50.1,50.1,
2011-11-02,6:30am,USD,Challenger Job Cuts y/y,Medium,,211.5%,
2011-11-02,7:15am,USD,ADP Non-Farm Employment Change,High,102K,116K,
2011-11-02,9:30am,USD,Crude Oil Inventories,Low,1.4M,4.7M,
2011-11-02,11:32am,USD,FOMC Statement,High,,,
2011-11-02,11:32am,USD,Federal Funds Rate,Low,<0.25%,<0.25%,
2011-11-02,1:00pm,USD,FOMC Economic Projections,Low,,,
2011-11-02,1:15pm,USD,FOMC Press Conference,High,,,
2011-11-02,1:30pm,GBP,MPC Member Fisher Speaks,Low,,,
2011-11-02,All Day,JPY,Bank Holiday,Low,,,
2011-11-03,3:00am,EUR,Spanish Unemployment Change,Low,,95.8K,
2011-11-03,4:30am,GBP,Final Services PMI,High,51.9,52.9,
2011-11-03,4:45am,GBP,BOE Gov King Speaks,Low,,,
2011-11-03,5:15am,GBP,MPC Member Bean Speaks,Low,,,
2011-11-03,6:04am,EUR,French 10-y Bond Auction,Low,,2.72|2.0,
2011-11-03,7:30am,USD,Unemployment Claims,High,401K,406K,
2011-11-03,7:30am,USD,Prelim Nonfarm Productivity q/q,Low,2.6%,-0.7%,
2011-11-03,7:30am,USD,Prelim Unit Labor Costs q/q,Low,-0.8%,3.3%,
2011-11-03,7:45am,EUR,Main Refinancing Rate,High,1.50%,1.50%,
2011-11-03,8:30am,EUR,ECB Press Conference,High,,,
2011-11-03,9:00am,USD,ISM Services PMI,High,53.7,53.0,
2011-11-03,9:00am,USD,Factory Orders m/m,Low,0.0%,0.1%,
2011-11-03,9:30am,USD,Natural Gas Storage,Medium,71B,92B,
2011-11-03,12:30pm,CHF,Gov Board Member Danthine Speaks,Medium,,,
2011-11-04,3:00am,CHF,Foreign Currency Reserves,High,,282B,
2011-11-04,3:15am,EUR,Spanish Services PMI,Medium,,44.8,
2011-11-04,3:45am,EUR,Italian Services PMI,Medium,45.5,45.8,
2011-11-04,3:50am,EUR,French Final Services PMI,Medium,46.0,46.0,
2011-11-04,3:55am,EUR,German Final Services PMI,Medium,52.1,52.1,
2011-11-04,4:00am,EUR,Final Services PMI,Medium,47.2,47.2,
2011-11-04,5:00am,EUR,PPI m/m,Medium,0.3%,-0.2%,
2011-11-04,6:00am,EUR,German Factory Orders m/m,Low,0.1%,-1.4%,
2011-11-04,7:30am,USD,Non-Farm Employment Change,High,97K,158K,
2011-11-04,7:30am,USD,Unemployment Rate,High,9.1%,9.1%,
2011-11-04,7:30am,USD,Average Hourly Earnings m/m,Low,0.2%,0.3%,
2011-11-04,12:00pm,USD,FOMC Member Tarullo Speaks,Medium,,,
2011-11-06,SunNov 6,USD,Daylight Saving Time Shift,Low,,,
2011-11-06,11:00pm,JPY,Leading Indicators,Medium,96.3%,93.8%,
2011-11-07,2:00am,GBP,Halifax HPI m/m,High,0.1%,-0.3%,
2011-11-07,2:15am,CHF,CPI m/m,Low,0.2%,0.3%,
2011-11-07,All Day,EUR,Eurogroup Meetings,Low,,,
2011-11-07,3:30am,EUR,Sentix Investor Confidence,Low,-19.7,-18.5,
2011-11-07,4:00am,EUR,Retail Sales m/m,Low,0.0%,0.1%,
2011-11-07,5:00am,EUR,German Industrial Production m/m,Low,-0.7%,-0.4%,
2011-11-07,11:45am,CHF,Gov Board Member Jordan Speaks,Low,,,
2011-11-07,1:00pm,USD,Loan Officer Survey,Medium,,,
2011-11-07,2:00pm,USD,Consumer Credit m/m,Medium,5.1B,-9.7B,
2011-11-07,6:01pm,GBP,BRC Retail Sales Monitor y/y,Low,,0.3%,
2011-11-07,6:01pm,GBP,RICS House Price Balance,Low,-23%,-23%,
2011-11-08,1:00am,EUR,German Trade Balance,Medium,12.9B,13.8B,
2011-11-08,1:45am,EUR,French Trade Balance,Medium,-5.6B,-4.3B,
2011-11-08,All Day,EUR,ECOFIN Meetings,Low,,,
2011-11-08,3:30am,GBP,Manufacturing Production m/m,High,0.2%,-0.3%,
2011-11-08,3:30am,GBP,Industrial Production m/m,Medium,0.1%,0.3%,
2011-11-08,3:40am,CHF,Gov Board Member Jordan Speaks,Low,,,
2011-11-08,6:30am,USD,NFIB Small Business Index,Medium,90.0,88.9,
2011-11-08,7:30am,CHF,SNB Chairman Hildebrand Speaks,High,,,
2011-11-08,7:30am,EUR,German Buba President Weidmann Speaks,Low,,,
2011-11-08,9:00am,GBP,NIESR GDP Estimate,Low,,0.5%,
2011-11-08,9:00am,USD,JOLTS Job Openings,Medium,,3.13M,
2011-11-08,9:00am,USD,RCM/TIPP Economic Optimism,Medium,42.5,40.3,
2011-11-08,12:00pm,USD,FOMC Member Kocherlakota Speaks,Low,,,
2011-11-08,12:30pm,USD,FOMC Member Plosser Speaks,Low,,,
2011-11-08,5:50pm,JPY,Bank Lending y/y,Medium,,-0.3%,
2011-11-08,5:50pm,JPY,Current Account,Medium,0.96T,0.65T,
2011-11-08,6:01pm,GBP,BRC Shop Price Index y/y,Medium,,2.7%,
2011-11-08,11:00pm,JPY,Economy Watchers Sentiment,Medium,46.7,45.3,
2011-11-09,3:30am,GBP,Goods Trade Balance,Low,-8.0B,-8.6B,
2011-11-09,8:30am,USD,Fed Chairman Bernanke Speaks,Low,,,
2011-11-09,9:00am,USD,Final Wholesale Inventories m/m,Medium,0.5%,0.1%,
2011-11-09,9:30am,USD,Crude Oil Inventories,Low,0.7M,1.8M,
2011-11-09,11:15am,USD,FOMC Member Tarullo Speaks,Medium,,,
2011-11-09,12:00pm,USD,10-y Bond Auction,Low,,2.27|2.9,
2011-11-09,5:50pm,JPY,Core Machinery Orders m/m,Low,-7.3%,11.0%,
2011-11-09,5:50pm,JPY,M2 Money Stock y/y,Medium,2.7%,2.7%,
2011-11-09,11:00pm,JPY,Consumer Confidence,Medium,39.3,38.6,
2011-11-10,12:30am,EUR,French Final CPI m/m,Medium,0.1%,-0.1%,
2011-11-10,1:00am,EUR,German Final CPI m/m,Medium,0.0%,0.0%,
2011-11-10,1:00am,EUR,German WPI m/m,Medium,0.2%,0.3%,
2011-11-10,1:45am,EUR,French Industrial Production m/m,Low,-0.6%,0.5%,
2011-11-10,3:00am,EUR,ECB Monthly Bulletin,Low,,,
2011-11-10,3:00am,EUR,Italian Industrial Production m/m,Medium,-2.6%,3.9%,
2011-11-10,4:00am,EUR,EU Economic Forecasts,Low,,,
2011-11-10,4:00am,GBP,CB Leading Index m/m,Medium,,-0.5%,
2011-11-10,6:00am,GBP,Asset Purchase Facility,High,275B,275B,
2011-11-10,6:00am,GBP,Official Bank Rate,High,0.50%,0.50%,
2011-11-10,7:30am,USD,Trade Balance,High,-46.1B,-44.9B,
2011-11-10,7:30am,USD,Unemployment Claims,High,401K,400K,
2011-11-10,7:30am,USD,Import Prices m/m,Low,0.1%,0.0%,
2011-11-10,9:30am,USD,Natural Gas Storage,Medium,31B,78B,
2011-11-10,9:40am,USD,FOMC Member Evans Speaks,Low,,,
2011-11-10,10:45am,USD,Fed Chairman Bernanke Speaks,Low,,,
2011-11-10,12:00pm,USD,30-y Bond Auction,Medium,,3.12|2.9,
2011-11-10,1:00pm,USD,Federal Budget Balance,Low,-107.5B,-64.6B,
2011-11-10,5:50pm,JPY,Tertiary Industry Activity m/m,Low,-0.4%,0.0%,
2011-11-10,5:50pm,JPY,PPI y/y,Medium,2.3%,2.5%,
2011-11-11,2:00am,EUR,Spanish Flash GDP q/q,Low,0.1%,0.2%,
2011-11-11,3:30am,GBP,PPI Input m/m,High,0.0%,1.8%,
2011-11-11,3:30am,GBP,PPI Output m/m,Medium,0.2%,0.3%,
2011-11-11,All Day,USD,Bank Holiday,Low,,,
2011-11-11,8:55am,USD,Prelim UoM Consumer Sentiment,High,61.3,60.9,
2011-11-11,8:55am,USD,Prelim UoM Inflation Expectations,Medium,,3.2%,
2011-11-11,12:15pm,USD,FOMC Member Yellen Speaks,Low,,,
2011-11-13,5:50pm,JPY,Prelim GDP q/q,High,1.5%,-0.5%,
2011-11-13,5:50pm,JPY,Prelim GDP Price Index y/y,Low,-2.2%,-2.2%,
2011-11-13,10:30pm,JPY,Revised Industrial Production m/m,Medium,-3.8%,-4.0%,
2011-11-14,4:00am,EUR,Industrial Production m/m,Low,-2.1%,1.4%,
2011-11-15,1:00am,EUR,German Prelim GDP q/q,High,0.5%,0.3%,
2011-11-15,1:45am,EUR,French Prelim Private Payrolls q/q,Low,0.3%,0.2%,
2011-11-15,3:00am,EUR,Italian Trade Balance,Medium,-2.23B,-2.91B,
2011-11-15,3:30am,GBP,CPI y/y,High,5.1%,5.2%,
2011-11-15,3:30am,GBP,RPI y/y,Low,5.5%,5.6%,
2011-11-15,3:30am,GBP,Core CPI y/y,Medium,3.3%,3.3%,
2011-11-15,3:38am,GBP,ONS HPI y/y,Medium,-1.4%,-1.3%,
2011-11-15,4:00am,EUR,German ZEW Economic Sentiment,High,-51.8,-48.3,
2011-11-15,4:00am,EUR,Flash GDP q/q,Low,0.2%,0.2%,
2011-11-15,4:00am,EUR,ZEW Economic Sentiment,Low,-52.7,-51.2,
2011-11-15,4:00am,EUR,Trade Balance,Medium,-0.8B,-1.2B,
2011-11-15,4:30am,GBP,BOE Inflation Letter,High,,,
2011-11-15,7:00am,USD,FOMC Member Evans Speaks,Low,,,
2011-11-15,7:30am,USD,Core Retail Sales m/m,High,0.2%,0.5%,
2011-11-15,7:30am,USD,PPI m/m,High,-0.1%,0.8%,
2011-11-15,7:30am,USD,Retail Sales m/m,High,0.3%,1.1%,
2011-11-15,7:30am,USD,Core PPI m/m,Low,0.1%,0.2%,
2011-11-15,7:30am,USD,Empire State Manufacturing Index,Low,-2.0,-8.5,
2011-11-15,9:00am,USD,Business Inventories m/m,Low,0.2%,0.4%,
2011-11-15,11:30am,USD,FOMC Member Fisher Speaks,Low,,,
2011-11-15,9:49pm,JPY,Monetary Policy Statement,High,,,
2011-11-15,9:49pm,JPY,Overnight Call Rate,High,<0.10%,<0.10%,
2011-11-16,3:30am,GBP,Claimant Count Change,High,20.4K,13.4K,
2011-11-16,3:30am,GBP,Average Earnings Index 3m/y,Low,2.5%,2.7%,
2011-11-16,3:30am,GBP,Unemployment Rate,Medium,8.2%,8.1%,
2011-11-16,4:00am,EUR,Final Core CPI y/y,Low,1.6%,1.6%,
2011-11-16,4:00am,EUR,Final CPI y/y,Low,3.0%,3.0%,
2011-11-16,4:30am,GBP,BOE Gov King Speaks,High,,,
2011-11-16,4:30am,GBP,BOE Monetary Policy Report,High,,,
2011-11-16,7:30am,USD,Core CPI m/m,High,0.1%,0.1%,
2011-11-16,7:30am,USD,CPI y/y,High,3.7%,3.9%,
2011-11-16,7:30am,USD,CPI m/m,Low,0.0%,0.3%,
2011-11-16,8:00am,USD,TIC Long-Term Purchases,High,63.4B,58.0B,
2011-11-16,8:15am,USD,Capacity Utilization Rate,Low,77.6%,77.3%,
2011-11-16,8:15am,USD,Industrial Production m/m,Low,0.4%,-0.1%,
2011-11-16,9:00am,USD,NAHB Housing Market Index,Medium,17,17,
2011-11-16,9:30am,USD,Crude Oil Inventories,Low,-1.3M,-1.4M,
2011-11-16,6:01pm,GBP,Nationwide Consumer Confidence,Low,46,45,
2011-11-16,11:00pm,JPY,BOJ Monthly Report,Low,,,
2011-11-17,3:43am,EUR,Spanish 10-y Bond Auction,Low,,5.43|1.8,
2011-11-17,4:00am,CHF,UBS Economic Expectations,Low,,-54.4,
2011-11-17,7:30am,USD,Building Permits,High,0.60M,0.59M,
2011-11-17,7:30am,USD,Unemployment Claims,High,396K,393K,
2011-11-17,7:30am,USD,Housing Starts,Low,0.61M,0.63M,
2011-11-17,9:00am,USD,Philly Fed Manufacturing Index,High,8.7,8.7,
2011-11-17,9:00am,USD,Mortgage Delinquencies,Low,,8.44%,
2011-11-17,9:30am,USD,Natural Gas Storage,Medium,25B,37B,
2011-11-17,11:50am,USD,FOMC Member Dudley Speaks,Medium,,,
2011-11-18,2:00am,EUR,ECB President Draghi Speaks,Low,,,
2011-11-18,3:00am,EUR,German Buba President Weidmann Speaks,Low,,,
2011-11-18,7:15am,USD,FOMC Member Dudley Speaks,Medium,,,
2011-11-18,9:00am,USD,CB Leading Index m/m,Medium,0.5%,0.1%,
2011-11-18,12:15pm,USD,FOMC Member Fisher Speaks,Low,,,
2011-11-20,5:47pm,GBP,Rightmove HPI m/m,Low,,2.8%,
2011-11-20,5:50pm,JPY,Monetary Policy Meeting Minutes,Low,,,
2011-11-20,5:50pm,JPY,Trade Balance,Low,-0.20T,-0.10T,
2011-11-20,10:30pm,JPY,All Industries Activity m/m,Medium,-0.9%,-0.3%,
2011-11-21,5:00am,EUR,German Buba Monthly Report,Medium,,,
2011-11-21,9:00am,USD,Existing Home Sales,High,4.82M,4.90M,
2011-11-22,3:30am,GBP,Public Sector Net Borrowing,High,4.1B,10.2B,
2011-11-22,4:30am,GBP,MPC Member Miles Speaks,Low,,,
2011-11-22,7:30am,USD,Prelim GDP q/q,High,2.4%,2.5%,
2011-11-22,7:30am,USD,Prelim GDP Price Index q/q,Medium,2.5%,2.5%,
2011-11-22,8:59am,USD,Richmond Manufacturing Index,Medium,-2,-6,
2011-11-22,9:00am,EUR,Consumer Confidence,Medium,-20,-20,
2011-11-22,12:00pm,USD,FOMC Member Kocherlakota Speaks,Low,,,
2011-11-22,12:28pm,USD,FOMC Meeting Minutes,High,,,
2011-11-22,All Day,JPY,Bank Holiday,Low,,,
2011-11-23,WedNov 23,EUR,French Flash Services PMI,Low,44.5,44.6,
2011-11-23,2:30am,EUR,German Flash Manufacturing PMI,Low,48.4,49.1,
2011-11-23,2:30am,EUR,German Flash Services PMI,Low,50.1,50.6,
2011-11-23,3:00am,EUR,Flash Manufacturing PMI,Low,46.6,47.1,
2011-11-23,3:00am,EUR,Flash Services PMI,Low,46.1,46.4,
2011-11-23,3:30am,GBP,MPC Asset Purchase Facility Votes,High,0-0-9,9-0-0,
2011-11-23,3:30am,GBP,MPC Official Bank Rate Votes,High,0-0-9,0-0-9,
2011-11-23,3:30am,GBP,High Street Lending,Low,32.3K,33.5K,
2011-11-23,4:00am,EUR,Industrial New Orders m/m,Low,-2.4%,1.4%,
2011-11-23,4:08am,EUR,German 10-y Bond Auction,Low,,2.09|1.1,
2011-11-23,7:30am,USD,Core Durable Goods Orders m/m,High,0.1%,0.6%,
2011-11-23,7:30am,USD,Unemployment Claims,High,389K,391K,
2011-11-23,7:30am,USD,Core PCE Price Index m/m,Low,0.1%,0.0%,
2011-11-23,7:30am,USD,Durable Goods Orders m/m,Low,-1.1%,-1.5%,
2011-11-23,7:30am,USD,Personal Spending m/m,Low,0.4%,0.7%,
2011-11-23,7:30am,USD,Personal Income m/m,Medium,0.3%,0.1%,
2011-11-23,8:55am,USD,Revised UoM Consumer Sentiment,Low,64.6,64.2,
2011-11-23,8:55am,USD,Revised UoM Inflation Expectations,Medium,,3.2%,
2011-11-23,9:30am,USD,Crude Oil Inventories,Low,-0.3M,-1.1M,
2011-11-23,11:00am,USD,Natural Gas Storage,Medium,17B,19B,
2011-11-24,3:00am,EUR,German ifo Business Climate,High,105.3,106.4,
2011-11-24,3:30am,GBP,Second Estimate GDP q/q,High,0.5%,0.5%,
2011-11-24,3:30am,GBP,Prelim Business Investment q/q,Low,-0.5%,11.6%,
2011-11-24,3:30am,GBP,Index of Services 3m/3m,Medium,0.3%,0.6%,
2011-11-24,6:00am,GBP,CBI Industrial Order Expectations,Low,-19,-18,
2011-11-24,All Day,USD,Bank Holiday,Low,,,
2011-11-24,8:00am,EUR,Belgian NBB Business Climate,Low,-11.3,-10.4,
2011-11-24,5:30pm,JPY,Tokyo Core CPI y/y,Low,-0.3%,-0.4%,
2011-11-24,5:30pm,JPY,National Core CPI y/y,Medium,-0.1%,0.2%,
2011-11-24,5:50pm,JPY,SPPI y/y,Medium,0.0%,0.0%,
2011-11-25,12:57am,EUR,German Import Prices m/m,Medium,-0.1%,0.6%,
2011-11-25,3:00am,EUR,Italian Retail Sales m/m,Medium,-0.2%,-0.1%,
2011-11-25,6:00am,GBP,MPC Member Weale Speaks,Low,,,
2011-11-27,8:30pm,JPY,BOJ Gov Shirakawa Speaks,Low,,,
2011-11-28,3:00am,EUR,M3 Money Supply y/y,Low,3.4%,3.0%,
2011-11-28,3:00am,EUR,Private Loans y/y,Medium,2.6%,2.5%,
2011-11-28,5:00am,GBP,CBI Realized Sales,Low,-12,-11,
2011-11-28,6:00am,EUR,German GfK Consumer Climate,Low,5.2,5.4,
2011-11-28,9:00am,GBP,Monetary Policy Report Hearings,High,,,
2011-11-28,9:00am,USD,New Home Sales,High,313K,303K,
2011-11-28,5:30pm,JPY,Household Spending y/y,Low,-1.4%,-1.9%,
2011-11-28,5:30pm,JPY,Unemployment Rate,Medium,4.2%,4.1%,
2011-11-28,5:50pm,JPY,Retail Sales y/y,Low,0.7%,-1.1%,
2011-11-29,2:00am,EUR,Spanish Flash CPI y/y,Medium,2.7%,3.0%,
2011-11-29,3:00am,CHF,UBS Consumption Indicator,Low,,0.82,
2011-11-29,3:00am,EUR,Retail PMI,Medium,,50.2,
2011-11-29,All Day,EUR,Eurogroup Meetings,Low,,,
2011-11-29,3:30am,GBP,Net Lending to Individuals m/m,Low,1.0B,1.1B,
2011-11-29,3:30am,GBP,M4 Money Supply m/m,Medium,-0.2%,-0.4%,
2011-11-29,3:30am,GBP,Mortgage Approvals,Medium,52K,51K,
2011-11-29,4:18am,EUR,Italian 10-y Bond Auction,Low,,6.06|1.3,
2011-11-29,6:30am,GBP,Autumn Forecast Statement,Low,,,
2011-11-29,8:00am,USD,S&P/CS Composite-20 HPI y/y,Low,-3.0%,-3.8%,
2011-11-29,9:00am,USD,CB Consumer Confidence,High,43.9,40.9,
2011-11-29,9:00am,USD,HPI m/m,Medium,0.1%,-0.2%,
2011-11-29,10:30am,USD,FOMC Member Yellen Speaks,Low,,,
2011-11-29,11:15am,USD,FOMC Member Raskin Speaks,Low,,,
2011-11-29,5:15pm,JPY,Final Manufacturing PMI,Medium,,50.6,
2011-11-29,5:50pm,JPY,Prelim Industrial Production m/m,Low,1.1%,-3.3%,
2011-11-29,6:01pm,GBP,GfK Consumer Confidence,Low,-33,-32,
2011-11-29,7:00pm,USD,FOMC Member Kocherlakota Speaks,Low,,,
2011-11-29,7:30pm,JPY,Average Cash Earnings y/y,Low,0.0%,-0.4%,
2011-11-29,11:00pm,JPY,Housing Starts y/y,Medium,-6.1%,-10.8%,
2011-11-30,1:45am,EUR,French Consumer Spending m/m,Low,0.1%,-0.2%,
2011-11-30,2:55am,EUR,German Unemployment Change,Low,-6K,6K,
2011-11-30,3:00am,EUR,Italian Monthly Unemployment Rate,Medium,8.2%,8.3%,
2011-11-30,All Day,EUR,ECOFIN Meetings,High,,,
2011-11-30,3:30am,GBP,Housing Equity Withdrawal q/q,Medium,-5.9B,-8.9B,
2011-11-30,4:00am,EUR,CPI Flash Estimate y/y,Low,3.0%,3.0%,
2011-11-30,4:00am,EUR,Unemployment Rate,Low,10.2%,10.2%,
2011-11-30,4:00am,EUR,Italian Prelim CPI m/m,Medium,0.3%,0.6%,
2011-11-30,4:30am,CHF,KOF Economic Barometer,High,0.65,0.75,
2011-11-30,6:30am,USD,Challenger Job Cuts y/y,Medium,,12.6%,
2011-11-30,7:00am,USD,Fed Announcement,High,,,
2011-11-30,7:15am,USD,ADP Non-Farm Employment Change,High,131K,130K,
2011-11-30,7:30am,USD,Revised Nonfarm Productivity q/q,Low,2.6%,3.1%,
2011-11-30,7:30am,USD,Revised Unit Labor Costs q/q,Medium,-2.1%,-2.4%,
2011-11-30,8:45am,USD,Chicago PMI,Low,58.5,58.4,
2011-11-30,9:00am,USD,Pending Home Sales m/m,High,1.4%,-4.6%,
2011-11-30,9:30am,USD,Crude Oil Inventories,Low,-0.2M,-6.2M,
2011-11-30,10:00am,GBP,MPC Member Miles Speaks,Low,,,
2011-11-30,1:00pm,USD,Beige Book,Low,,,
2011-11-30,9:45pm,JPY,10-y Bond Auction,Medium,,1.03|3.3,
2011-12-01,2:00am,EUR,ECB President Draghi Speaks,Low,,,
2011-12-01,2:15am,EUR,Spanish Manufacturing PMI,Low,,43.9,
2011-12-01,2:30am,CHF,Manufacturing PMI,Low,46.6,46.9,
2011-12-01,2:45am,EUR,Italian Manufacturing PMI,Low,42.8,43.3,
2011-12-01,2:50am,EUR,French Final Manufacturing PMI,Medium,47.6,47.6,
2011-12-01,2:55am,EUR,German Final Manufacturing PMI,Medium,48.0,47.9,
2011-12-01,3:00am,EUR,Final Manufacturing PMI,Medium,46.4,46.4,
2011-12-01,3:30am,GBP,Final Manufacturing PMI,High,47.1,47.8,
2011-12-01,3:30am,GBP,FPC Statement,Medium,,,
2011-12-01,4:01am,EUR,French 10-y Bond Auction,Low,,3.22|2.2,
2011-12-01,4:30am,GBP,BOE Financial Stability Report,Low,,,
2011-12-01,4:36am,GBP,10-y Bond Auction,Low,,2.24|1.8,
2011-12-01,7:30am,USD,Unemployment Claims,High,390K,396K,
2011-12-01,9:00am,USD,ISM Manufacturing PMI,High,51.6,50.8,
2011-12-01,9:00am,USD,Construction Spending m/m,Medium,0.4%,0.2%,
2011-12-01,9:00am,USD,ISM Manufacturing Prices,Medium,45.2,41.0,
2011-12-01,9:30am,USD,Natural Gas Storage,Medium,11B,9B,
2011-12-01,All Day,USD,Total Vehicle Sales,Medium,13.4M,13.3M,
2011-12-01,5:50pm,JPY,Capital Spending q/y,Low,-4.1%,-7.8%,
2011-12-01,5:50pm,JPY,Monetary Base y/y,Medium,17.7%,17.0%,
2011-12-02,2:15am,CHF,Retail Sales y/y,High,1.2%,-1.4%,
2011-12-02,3:30am,GBP,Construction PMI,High,52.1,53.9,
2011-12-02,4:00am,EUR,PPI m/m,Medium,0.2%,0.3%,
2011-12-02,7:30am,USD,Non-Farm Employment Change,High,126K,100K,
2011-12-02,7:30am,USD,Unemployment Rate,High,9.0%,9.0%,
2011-12-02,7:30am,USD,Average Hourly Earnings m/m,Low,0.2%,0.3%,
2011-12-02,8:00am,USD,FOMC Member Fisher Speaks,Low,,,
2011-12-02,9:00am,USD,FOMC Member Plosser Speaks,Low,,,
2011-12-05,2:45am,EUR,Italian Services PMI,Medium,44.1,43.9,
2011-12-05,2:50am,EUR,French Final Services PMI,Medium,49.3,49.3,
2011-12-05,2:55am,EUR,German Final Services PMI,Medium,51.4,51.4,
2011-12-05,3:00am,EUR,Final Services PMI,Medium,47.8,47.8,
2011-12-05,3:30am,EUR,Sentix Investor Confidence,Low,-21.4,-21.2,
2011-12-05,3:30am,GBP,Final Services PMI,High,50.6,51.3,
2011-12-05,4:00am,EUR,Retail Sales m/m,Low,0.2%,-0.6%,
2011-12-05,9:00am,USD,ISM Services PMI,High,53.6,52.9,
2011-12-05,9:00am,USD,Factory Orders m/m,Low,-0.2%,-0.1%,
2011-12-05,11:10am,USD,FOMC Member Evans Speaks,Low,,,
2011-12-05,6:00pm,GBP,BRC Retail Sales Monitor y/y,Low,,-0.6%,
2011-12-06,TueDec 6,GBP,Halifax HPI m/m,High,-0.6%,1.2%,
2011-12-06,2:15am,CHF,CPI m/m,High,0.1%,-0.1%,
2011-12-06,3:30am,GBP,FPC Meeting Minutes,Medium,,,
2011-12-06,4:00am,EUR,Revised GDP q/q,Medium,0.2%,0.2%,
2011-12-06,4:39am,GBP,30-y Bond Auction,Medium,,4.18|2.0,
2011-12-06,5:00am,EUR,German Factory Orders m/m,Low,0.9%,-4.6%,
2011-12-06,9:00am,USD,FOMC Member Tarullo Speaks,Medium,,,
2011-12-06,6:00pm,GBP,BRC Shop Price Index y/y,Medium,,2.1%,
2011-12-06,11:00pm,JPY,Leading Indicators,Medium,91.8%,91.6%,
2011-12-07,1:45am,EUR,French Trade Balance,Medium,-5.9B,-6.6B,
2011-12-07,3:00am,EUR,Italian Industrial Production m/m,Medium,-0.3%,-4.6%,
2011-12-07,3:30am,GBP,Manufacturing Production m/m,High,-0.1%,0.1%,
2011-12-07,3:30am,GBP,Industrial Production m/m,Medium,-0.3%,0.0%,
2011-12-07,5:00am,EUR,German Industrial Production m/m,Low,0.3%,-2.8%,
2011-12-07,7:30am,USD,FOMC Member Raskin Speaks,Medium,,,
2011-12-07,9:00am,GBP,NIESR GDP Estimate,Low,,0.4%,
2011-12-07,9:30am,USD,Crude Oil Inventories,Low,-0.8M,3.9M,
2011-12-07,2:00pm,USD,Consumer Credit m/m,Medium,7.0B,6.9B,
2011-12-07,5:50pm,JPY,Core Machinery Orders m/m,Low,0.2%,-8.2%,
2011-12-07,5:50pm,JPY,Bank Lending y/y,Medium,,0.0%,
2011-12-07,5:50pm,JPY,Current Account,Medium,0.54T,1.19T,
2011-12-07,9:45pm,JPY,30-y Bond Auction,Medium,,1.94|3.3,
2011-12-07,11:00pm,JPY,Economy Watchers Sentiment,Medium,47.1,45.9,
2011-12-08,All Day,EUR,Italian Bank Holiday,Low,,,
2011-12-08,6:00am,GBP,Asset Purchase Facility,High,275B,275B,
2011-12-08,6:00am,GBP,Official Bank Rate,High,0.50%,0.50%,
2011-12-08,6:45am,EUR,Main Refinancing Rate,High,1.00%,1.25%,
2011-12-08,7:30am,EUR,ECB Press Conference,High,,,
2011-12-08,7:30am,USD,Unemployment Claims,High,397K,404K,
2011-12-08,9:00am,USD,Final Wholesale Inventories m/m,Medium,0.4%,0.0%,
2011-12-08,9:30am,USD,Natural Gas Storage,Medium,-10B,-1B,
2011-12-08,11:00am,EUR,EBA Bank Stress Test Results,Low,,,
2011-12-08,5:50pm,JPY,BSI Manufacturing Index,Low,11.4,10.3,
2011-12-08,5:50pm,JPY,Final GDP q/q,Low,1.3%,1.5%,
2011-12-08,5:50pm,JPY,M2 Money Stock y/y,Medium,2.7%,2.8%,
2011-12-08,6:04pm,JPY,Final GDP Price Index y/y,Medium,-1.9%,-1.9%,
2011-12-09,FriDec 9,EUR,German Trade Balance,Medium,14.5B,15.1B,
2011-12-09,1:45am,EUR,French Industrial Production m/m,Low,-0.1%,-2.1%,
2011-12-09,1:45am,EUR,French Gov Budget Balance,Medium,,-92.7B,
2011-12-09,All Day,EUR,EU Economic Summit,High,,,
2011-12-09,3:30am,GBP,PPI Input m/m,High,0.3%,-0.8%,
2011-12-09,3:30am,GBP,Goods Trade Balance,Low,-9.5B,-10.2B,
2011-12-09,3:30am,GBP,PPI Output m/m,Medium,0.2%,0.0%,
2011-12-09,4:00am,GBP,CB Leading Index m/m,Medium,,-0.4%,
2011-12-09,7:30am,USD,Trade Balance,High,-43.5B,-44.2B,
2011-12-09,8:55am,USD,Prelim UoM Consumer Sentiment,High,65.6,64.1,
2011-12-09,8:55am,USD,Prelim UoM Inflation Expectations,Medium,,3.2%,
2011-12-11,11:00pm,JPY,Consumer Confidence,Medium,38.5,38.6,
2011-12-12,1:00am,EUR,German WPI m/m,Medium,0.2%,-1.0%,
2011-12-12,Q2 Data,CHF,Employment Level,Medium,4.11M,4.11M,
2011-12-12,2:15am,CHF,Employment Level,Low,4.03M,4.02M,
2011-12-12,7:00am,GBP,BOE Gov King Speaks,High,,,
2011-12-12,1:00pm,USD,Federal Budget Balance,Low,-138.5B,-98.5B,
2011-12-12,5:50pm,JPY,Tertiary Industry Activity m/m,Low,0.5%,-0.7%,
2011-12-12,6:01pm,GBP,RICS House Price Balance,Low,-25%,-24%,
2011-12-13,12:45am,CHF,SECO Economic Forecasts,Low,,,
2011-12-13,3:30am,GBP,CPI y/y,High,4.8%,5.0%,
2011-12-13,3:30am,GBP,RPI y/y,Low,5.1%,5.4%,
2011-12-13,3:30am,GBP,Core CPI y/y,Medium,3.3%,3.4%,
2011-12-13,3:30am,GBP,ONS HPI y/y,Medium,-0.9%,-1.4%,
2011-12-13,4:00am,EUR,German ZEW Economic Sentiment,High,-56.1,-55.2,
2011-12-13,4:00am,EUR,ZEW Economic Sentiment,Low,-60.3,-59.1,
2011-12-13,6:30am,USD,NFIB Small Business Index,Medium,91.6,90.2,
2011-12-13,7:30am,USD,Core Retail Sales m/m,High,0.5%,0.6%,
2011-12-13,7:30am,USD,Retail Sales m/m,High,0.6%,0.6%,
2011-12-13,9:00am,USD,Business Inventories m/m,Low,0.7%,0.0%,
2011-12-13,9:00am,USD,JOLTS Job Openings,Medium,,3.38M,
2011-12-13,9:00am,USD,RCM/TIPP Economic Optimism,Medium,42.5,40.6,
2011-12-13,12:00pm,USD,10-y Bond Auction,Low,,2.03|2.6,
2011-12-13,1:13pm,USD,FOMC Statement,High,,,
2011-12-13,1:13pm,USD,Federal Funds Rate,Low,<0.25%,<0.25%,
2011-12-13,10:30pm,JPY,Revised Industrial Production m/m,Medium,2.4%,2.4%,
2011-12-14,2:15am,CHF,PPI m/m,Low,-0.2%,-0.2%,
2011-12-14,3:30am,GBP,Claimant Count Change,High,16.1K,2.5K,
2011-12-14,3:30am,GBP,Unemployment Rate,Low,8.4%,8.3%,
2011-12-14,3:30am,GBP,Average Earnings Index 3m/y,Medium,2.0%,2.3%,
2011-12-14,4:00am,CHF,UBS Economic Expectations,Low,,-64.3,
2011-12-14,4:00am,EUR,Industrial Production m/m,Low,0.1%,-2.0%,
2011-12-14,4:36am,GBP,10-y Bond Auction,Low,,2.38|1.6,
2011-12-14,7:30am,USD,Import Prices m/m,Low,1.0%,-0.5%,
2011-12-14,9:30am,USD,Crude Oil Inventories,Low,-2.2M,1.3M,
2011-12-14,12:00pm,USD,30-y Bond Auction,Medium,,3.20|2.4,
2011-12-14,5:50pm,JPY,Tankan Manufacturing Index,Low,-2,2,
2011-12-14,5:50pm,JPY,Tankan Non-Manufacturing Index,Low,1,1,
2011-12-15,ThuDec 15,EUR,French Flash Services PMI,Low,49.1,49.6,
2011-12-15,2:15am,CHF,Industrial Production q/q,Low,-0.7%,2.9%,
2011-12-15,2:30am,CHF,Libor Rate,High,<0.25%,<0.25%,
2011-12-15,2:30am,CHF,SNB Monetary Policy Assessment,High,,,
2011-12-15,2:30am,CHF,SNB Press Conference,High,,,
2011-12-15,2:30am,EUR,German Flash Manufacturing PMI,Low,47.6,47.9,
2011-12-15,2:30am,EUR,German Flash Services PMI,Low,50.1,50.3,
2011-12-15,3:00am,EUR,ECB Monthly Bulletin,Low,,,
2011-12-15,3:00am,EUR,Flash Manufacturing PMI,Low,46.1,46.4,
2011-12-15,3:00am,EUR,Flash Services PMI,Low,47.1,47.5,
2011-12-15,3:30am,GBP,Retail Sales m/m,High,-0.3%,1.0%,
2011-12-15,3:30am,GBP,Consumer Inflation Expectations,Low,,4.2%,
2011-12-15,4:00am,EUR,Spanish 10-y Bond Auction,Low,,6.98|1.5,
2011-12-15,4:00am,EUR,Final Core CPI y/y,Low,1.7%,1.6%,
2011-12-15,4:00am,EUR,Final CPI y/y,Low,3.0%,3.0%,
2011-12-15,4:00am,EUR,Final Employment Change q/q,Medium,0.2%,0.2%,
2011-12-15,5:00am,GBP,CBI Industrial Order Expectations,Low,-20,-19,
2011-12-15,5:25am,EUR,ECB President Draghi Speaks,High,,,
2011-12-15,7:30am,USD,PPI m/m,High,0.3%,-0.3%,
2011-12-15,7:30am,USD,Unemployment Claims,High,389K,385K,
2011-12-15,7:30am,USD,Core PPI m/m,Low,0.2%,0.0%,
2011-12-15,7:30am,USD,Current Account,Low,-108B,-125B,
2011-12-15,7:30am,USD,Empire State Manufacturing Index,Low,3.1,0.6,
2011-12-15,8:00am,USD,TIC Long-Term Purchases,High,53.4B,68.3B,
2011-12-15,8:15am,USD,Capacity Utilization Rate,Low,77.9%,78.0%,
2011-12-15,8:15am,USD,Industrial Production m/m,Low,0.3%,0.7%,
2011-12-15,9:00am,USD,Philly Fed Manufacturing Index,High,5.1,3.6,
2011-12-15,9:30am,USD,Natural Gas Storage,Medium,-89B,-20B,
2011-12-16,4:00am,EUR,Trade Balance,Medium,1.3B,2.2B,
2011-12-16,7:30am,USD,Core CPI m/m,High,0.1%,0.1%,
2011-12-16,7:30am,USD,CPI y/y,High,3.5%,3.5%,
2011-12-16,7:30am,USD,CPI m/m,Low,0.1%,-0.1%,
2011-12-16,10:15am,USD,FOMC Member Evans Speaks,Low,,,
2011-12-16,11:00am,USD,FOMC Member Fisher Speaks,Low,,,
2011-12-18,5:47pm,GBP,Rightmove HPI m/m,Low,,-3.1%,
2011-12-19,MonDec 19,EUR,Italian Trade Balance,Medium,-0.97B,-1.88B,
2011-12-19,5:00am,EUR,ECB Financial Stability Review,Medium,,,
2011-12-19,9:00am,USD,NAHB Housing Market Index,Medium,21,19,
2011-12-19,9:30am,EUR,ECB President Draghi Speaks,High,,,
2011-12-19,6:01pm,GBP,Nationwide Consumer Confidence,Low,34,36,
2011-12-19,10:30pm,JPY,All Industries Activity m/m,Medium,1.2%,-0.7%,
2011-12-20,TueDec 20,EUR,German GfK Consumer Climate,Low,5.5,5.6,
2011-12-20,TueDec 20,EUR,German PPI m/m,Low,0.1%,0.2%,
2011-12-20,3:00am,EUR,German ifo Business Climate,High,106.2,106.6,
2011-12-20,5:00am,GBP,CBI Realized Sales,Low,-14,-19,
2011-12-20,7:30am,USD,Building Permits,High,0.63M,0.64M,
2011-12-20,7:30am,USD,Housing Starts,Low,0.64M,0.63M,
2011-12-20,5:50pm,JPY,Trade Balance,Low,-0.28T,-0.50T,
2011-12-20,6:01pm,GBP,GfK Consumer Confidence,Low,-31,-31,
2011-12-20,9:16pm,JPY,Monetary Policy Statement,High,,,
2011-12-20,9:16pm,JPY,Overnight Call Rate,High,<0.10%,<0.10%,
2011-12-21,1:19am,EUR,German Import Prices m/m,Medium,0.6%,-0.3%,
2011-12-21,3:00am,EUR,Italian Prelim GDP q/q,Medium,0.0%,0.3%,
2011-12-21,3:30am,GBP,MPC Asset Purchase Facility Votes,High,0-0-9,0-0-9,
2011-12-21,3:30am,GBP,MPC Official Bank Rate Votes,High,0-0-9,0-0-9,
2011-12-21,3:30am,GBP,Public Sector Net Borrowing,High,15.5B,3.0B,
2011-12-21,4:15am,EUR,Long Term Refinancing Operation,High,,,
2011-12-21,8:00am,EUR,Belgian NBB Business Climate,Low,-11.8,-12.2,
2011-12-21,9:00am,EUR,Consumer Confidence,Medium,-21,-20,
2011-12-21,9:00am,USD,Existing Home Sales,High,5.04M,4.25M,
2011-12-21,9:30am,USD,Crude Oil Inventories,Low,-2.8M,-1.9M,
2011-12-21,10:30pm,JPY,BOJ Gov Shirakawa Speaks,Low,,,
2011-12-21,11:00pm,JPY,BOJ Monthly Report,Low,,,
2011-12-22,3:30am,GBP,Current Account,High,-5.6B,-7.4B,
2011-12-22,3:30am,GBP,Final GDP q/q,Low,0.5%,0.5%,
2011-12-22,3:30am,GBP,Revised Business Investment q/q,Medium,-1.3%,-1.4%,
2011-12-22,7:30am,USD,Unemployment Claims,High,376K,368K,
2011-12-22,7:30am,USD,Final GDP q/q,Low,2.0%,2.0%,
2011-12-22,7:30am,USD,Final GDP Price Index q/q,Medium,2.5%,2.5%,
2011-12-22,8:55am,USD,Revised UoM Consumer Sentiment,Low,68.1,67.7,
2011-12-22,8:55am,USD,Revised UoM Inflation Expectations,Medium,,3.1%,
2011-12-22,9:00am,USD,CB Leading Index m/m,Medium,0.3%,0.9%,
2011-12-22,9:00am,USD,HPI m/m,Medium,0.3%,0.4%,
2011-12-22,9:30am,USD,Natural Gas Storage,Medium,-103B,-102B,
2011-12-22,10:00am,EUR,ECB President Draghi Speaks,High,,,
2011-12-22,12:00pm,USD,President Obama Speaks,Medium,,,
2011-12-22,All Day,JPY,Bank Holiday,Low,,,
2011-12-23,3:30am,GBP,High Street Lending,Low,36.3K,35.2K,
2011-12-23,3:30am,GBP,Index of Services 3m/3m,Medium,0.3%,0.7%,
2011-12-23,7:30am,USD,Core Durable Goods Orders m/m,High,0.5%,1.5%,
2011-12-23,7:30am,USD,Core PCE Price Index m/m,Low,0.1%,0.1%,
2011-12-23,7:30am,USD,Durable Goods Orders m/m,Low,2.2%,0.0%,
2011-12-23,7:30am,USD,Personal Spending m/m,Low,0.3%,0.1%,
2011-12-23,7:30am,USD,Personal Income m/m,Medium,0.3%,0.4%,
2011-12-23,9:00am,USD,New Home Sales,High,314K,310K,
2011-12-23,11:15am,USD,President Obama Speaks,Medium,,,
2011-12-26,All Day,EUR,Italian Bank Holiday,Low,,,
2011-12-26,All Day,EUR,German Bank Holiday,Low,,,
2011-12-26,All Day,GBP,Bank Holiday,Low,,,
2011-12-26,All Day,USD,Bank Holiday,Low,,,
2011-12-26,5:50pm,JPY,Monetary Policy Meeting Minutes,Low,,,
2011-12-26,5:50pm,JPY,SPPI y/y,Medium,0.1%,0.1%,
2011-12-26,11:00pm,JPY,Housing Starts y/y,Medium,-4.8%,-5.8%,
2011-12-27,All Day,GBP,Bank Holiday,Low,,,
2011-12-27,8:00am,USD,S&P/CS Composite-20 HPI y/y,Low,-3.2%,-3.5%,
2011-12-27,8:59am,USD,Richmond Manufacturing Index,Medium,6,0,
2011-12-27,9:00am,USD,CB Consumer Confidence,High,58.5,55.2,
2011-12-27,3:00pm,USD,Treasury Currency Report,Low,,,
2011-12-27,5:30pm,JPY,Household Spending y/y,Low,-1.1%,-0.4%,
2011-12-27,5:30pm,JPY,Tokyo Core CPI y/y,Low,-0.4%,-0.5%,
2011-12-27,5:30pm,JPY,National Core CPI y/y,Medium,-0.2%,-0.1%,
2011-12-27,5:30pm,JPY,Unemployment Rate,Medium,4.5%,4.5%,
2011-12-27,5:50pm,JPY,Prelim Industrial Production m/m,Low,-0.7%,2.2%,
2011-12-27,5:50pm,JPY,Retail Sales y/y,Low,0.1%,1.9%,
2011-12-27,7:30pm,JPY,Average Cash Earnings y/y,Low,0.1%,0.0%,
2011-12-29,3:00am,EUR,M3 Money Supply y/y,Low,2.5%,2.6%,
2011-12-29,3:00am,EUR,Private Loans y/y,Medium,2.7%,2.7%,
2011-12-29,4:32am,EUR,Italian 10-y Bond Auction,Low,,7.56|1.3,
2011-12-29,7:30am,USD,Unemployment Claims,High,372K,366K,
2011-12-29,8:45am,USD,Chicago PMI,Low,60.4,62.6,
2011-12-29,9:00am,USD,Pending Home Sales m/m,High,1.7%,10.4%,
2011-12-29,9:30am,USD,Natural Gas Storage,Medium,-88B,-100B,
2011-12-29,10:00am,USD,Crude Oil Inventories,Low,-2.9M,-10.6M,
2011-12-29,5:15pm,JPY,Final Manufacturing PMI,Medium,,49.1,
2011-12-30,2:00am,EUR,Spanish Flash CPI y/y,Medium,2.5%,2.9%,
2011-12-30,3:00am,EUR,Retail PMI,Medium,,46.0,
2011-12-30,3:30am,GBP,Housing Equity Withdrawal q/q,Medium,-7.3B,-9.6B,
2011-12-30,5:00am,EUR,German Buba Monthly Report,Medium,,,
2011-01-01,All Day,JPY,Bank Holiday,Low,,,
