date,time,currency,event,impact,actual,forecast,previous
2012-01-02,All Day,EUR,French Bank Holiday,Low,,,
2012-01-02,All Day,EUR,Italian Bank Holiday,Low,,,
2012-01-02,All Day,GBP,Bank Holiday,Low,,,
2012-01-02,2:45am,EUR,Italian Manufacturing PMI,Low,43.8,44.0,
2012-01-02,2:50am,EUR,French Final Manufacturing PMI,Medium,48.7,48.7,
2012-01-02,2:55am,EUR,German Final Manufacturing PMI,Medium,48.1,48.1,
2012-01-02,3:00am,EUR,Final Manufacturing PMI,Medium,46.9,46.9,
2012-01-02,All Day,USD,Bank Holiday,Low,,,
2012-01-02,All Day,JPY,Bank Holiday,Low,,,
2012-01-03,2:30am,CHF,Manufacturing PMI,Low,44.5,44.8,
2012-01-03,2:55am,EUR,German Unemployment Change,Low,-9K,-23K,
2012-01-03,3:30am,GBP,Final Manufacturing PMI,High,47.4,47.7,
2012-01-03,9:00am,USD,ISM Manufacturing PMI,High,53.3,52.7,
2012-01-03,9:00am,USD,Construction Spending m/m,Medium,0.6%,-0.2%,
2012-01-03,9:00am,USD,ISM Manufacturing Prices,Medium,47.6,45.0,
2012-01-03,1:00pm,USD,FOMC Meeting Minutes,High,,,
2012-01-04,2:15am,EUR,Spanish Manufacturing PMI,Low,,43.8,
2012-01-04,2:15am,EUR,Spanish Services PMI,Medium,,36.8,
2012-01-04,2:45am,EUR,Italian Services PMI,Medium,45.3,45.8,
2012-01-04,2:50am,EUR,French Final Services PMI,Medium,50.2,50.2,
2012-01-04,2:55am,EUR,German Final Services PMI,Medium,52.7,52.7,
2012-01-04,3:00am,EUR,Final Services PMI,Medium,48.3,48.3,
2012-01-04,3:30am,GBP,Construction PMI,High,51.8,52.3,
2012-01-04,3:30am,GBP,Net Lending to Individuals m/m,Low,1.0B,1.3B,
2012-01-04,3:30am,GBP,M4 Money Supply m/m,Medium,0.1%,-0.3%,
2012-01-04,3:30am,GBP,Mortgage Approvals,Medium,53K,53K,
2012-01-04,4:00am,EUR,CPI Flash Estimate y/y,Low,2.8%,3.0%,
2012-01-04,4:00am,EUR,Italian Prelim CPI m/m,Medium,0.3%,-0.1%,
2012-01-04,4:43am,EUR,German 10-y Bond Auction,Low,,1.98|1.1,
2012-01-04,9:00am,USD,Factory Orders m/m,Low,1.9%,-0.2%,
2012-01-04,All Day,USD,Total Vehicle Sales,Medium,13.5M,13.6M,
2012-01-04,5:50pm,JPY,Monetary Base y/y,Medium,20.3%,19.5%,
2012-01-05,3:00am,EUR,Italian Monthly Unemployment Rate,Medium,8.5%,8.5%,
2012-01-05,3:00am,EUR,Italian Quarterly Unemployment Rate,Medium,8.1%,8.0%,
2012-01-05,3:30am,GBP,Final Services PMI,High,51.6,52.1,
2012-01-05,3:30am,GBP,BOE Credit Conditions Survey,Low,,,
2012-01-05,4:00am,EUR,Industrial New Orders m/m,Low,2.4%,-7.8%,
2012-01-05,4:00am,EUR,PPI m/m,Medium,0.1%,0.1%,
2012-01-05,4:04am,EUR,French 10-y Bond Auction,Low,,3.18|3.1,
2012-01-05,6:30am,USD,Challenger Job Cuts y/y,Medium,,-12.8%,
2012-01-05,7:15am,USD,ADP Non-Farm Employment Change,High,176K,204K,
2012-01-05,7:30am,USD,Unemployment Claims,High,375K,387K,
2012-01-05,9:00am,CHF,SNB Chairman Hildebrand Speaks,High,,,
2012-01-05,9:00am,USD,ISM Services PMI,High,53.0,52.0,
2012-01-05,9:30am,USD,Natural Gas Storage,Medium,-78B,-81B,
2012-01-05,10:00am,USD,Crude Oil Inventories,Low,-1.4M,3.9M,
2012-01-06,2:00am,GBP,Halifax HPI m/m,High,-0.1%,-1.0%,
2012-01-06,2:10am,CHF,Foreign Currency Reserves,High,,232B,
2012-01-06,2:15am,CHF,CPI m/m,High,0.0%,-0.2%,
2012-01-06,4:00am,EUR,Retail Sales m/m,Low,-0.2%,0.1%,
2012-01-06,4:00am,EUR,Unemployment Rate,Low,10.3%,10.3%,
2012-01-06,5:00am,EUR,German Factory Orders m/m,Low,-1.6%,5.0%,
2012-01-06,7:30am,USD,Non-Farm Employment Change,High,152K,100K,
2012-01-06,7:30am,USD,Unemployment Rate,High,8.7%,8.6%,
2012-01-06,7:30am,USD,Average Hourly Earnings m/m,Low,0.2%,0.0%,
2012-01-06,8:00am,USD,FOMC Member Dudley Speaks,Medium,,,
2012-01-06,11:40am,USD,FOMC Member Duke Speaks,Medium,,,
2012-01-06,12:00pm,USD,FOMC Member Raskin Speaks,Medium,,,
2012-01-08,All Day,JPY,Bank Holiday,Low,,,
2012-01-09,1:00am,EUR,German Trade Balance,Medium,12.3B,12.5B,
2012-01-09,1:45am,EUR,French Trade Balance,Medium,-5.8B,-5.6B,
2012-01-09,2:15am,CHF,Retail Sales y/y,High,0.6%,0.1%,
2012-01-09,3:30am,EUR,Sentix Investor Confidence,Low,-23.8,-24.0,
2012-01-09,5:00am,EUR,German Industrial Production m/m,Low,-0.5%,0.8%,
2012-01-09,11:40am,USD,FOMC Member Lockhart Speaks,Low,,,
2012-01-09,2:00pm,USD,Consumer Credit m/m,Medium,7.1B,6.0B,
2012-01-09,6:00pm,GBP,BRC Retail Sales Monitor y/y,Low,,-1.6%,
2012-01-09,6:01pm,GBP,RICS House Price Balance,Low,-18%,-17%,
2012-01-10,6:30am,USD,NFIB Small Business Index,Medium,93.9,92.0,
2012-01-10,9:00am,USD,Final Wholesale Inventories m/m,Medium,0.5%,1.2%,
2012-01-10,9:00am,USD,JOLTS Job Openings,Medium,,3.22M,
2012-01-10,9:00am,USD,RCM/TIPP Economic Optimism,Medium,45.3,42.8,
2012-01-10,9:30am,USD,FOMC Member Williams Speaks,Low,,,
2012-01-10,10:10am,USD,FOMC Member Pianalto Speaks,Low,,,
2012-01-10,6:00pm,GBP,BRC Shop Price Index y/y,Medium,,2.0%,
2012-01-10,11:00pm,JPY,Leading Indicators,Medium,92.9%,92.0%,
2012-01-11,4:39am,GBP,10-y Bond Auction,Low,,2.21|1.8,
2012-01-11,5:10am,EUR,Final GDP q/q,Medium,0.2%,0.2%,
2012-01-11,8:00am,USD,FOMC Member Lockhart Speaks,Low,,,
2012-01-11,9:30am,USD,Crude Oil Inventories,Low,0.9M,2.2M,
2012-01-11,12:00pm,USD,10-y Bond Auction,Low,,2.02|3.5,
2012-01-11,1:00pm,USD,Beige Book,Low,,,
2012-01-11,5:50pm,JPY,Bank Lending y/y,Medium,,0.2%,
2012-01-11,5:50pm,JPY,Current Account,Medium,0.44T,0.52T,
2012-01-11,9:45pm,JPY,10-y Bond Auction,Medium,,1.09|2.5,
2012-01-11,11:00pm,JPY,Economy Watchers Sentiment,Medium,46.3,45.0,
2012-01-12,12:30am,EUR,French Final CPI m/m,Medium,0.2%,0.3%,
2012-01-12,1:00am,EUR,German Final CPI m/m,Medium,0.7%,0.7%,
2012-01-12,1:45am,EUR,French Gov Budget Balance,Medium,,-99.4B,
2012-01-12,3:00am,EUR,Italian Industrial Production m/m,Medium,-0.2%,-0.9%,
2012-01-12,3:30am,GBP,Manufacturing Production m/m,High,0.0%,-0.9%,
2012-01-12,3:30am,GBP,Industrial Production m/m,Medium,0.1%,-1.0%,
2012-01-12,4:00am,EUR,Industrial Production m/m,Low,-0.2%,-0.3%,
2012-01-12,6:00am,GBP,Asset Purchase Facility,High,275B,275B,
2012-01-12,6:00am,GBP,Official Bank Rate,High,0.50%,0.50%,
2012-01-12,6:45am,EUR,Main Refinancing Rate,High,1.00%,1.00%,
2012-01-12,7:30am,EUR,ECB Press Conference,High,,,
2012-01-12,7:30am,USD,Core Retail Sales m/m,High,0.3%,0.3%,
2012-01-12,7:30am,USD,Retail Sales m/m,High,0.3%,0.4%,
2012-01-12,7:30am,USD,Unemployment Claims,High,373K,375K,
2012-01-12,9:00am,GBP,NIESR GDP Estimate,Low,,0.3%,
2012-01-12,9:00am,USD,Business Inventories m/m,Low,0.4%,0.8%,
2012-01-12,9:30am,USD,Natural Gas Storage,Medium,-87B,-76B,
2012-01-12,12:00pm,USD,30-y Bond Auction,Medium,,2.93|3.0,
2012-01-12,12:57pm,USD,Federal Budget Balance,Low,-79.0B,-137.3B,
2012-01-12,5:50pm,JPY,M2 Money Stock y/y,Medium,3.1%,3.0%,
2012-01-13,FriJan 13,GBP,PPI Output m/m,Medium,0.1%,0.2%,
2012-01-13,4:00am,EUR,Trade Balance,Medium,0.7B,0.5B,
2012-01-13,7:30am,USD,Trade Balance,High,-44.8B,-43.3B,
2012-01-13,7:30am,USD,Import Prices m/m,Low,0.0%,0.8%,
2012-01-13,8:55am,USD,Prelim UoM Consumer Sentiment,High,71.2,69.9,
2012-01-13,8:55am,USD,Prelim UoM Inflation Expectations,Medium,,3.1%,
2012-01-13,10:10am,USD,FOMC Member Duke Speaks,Medium,,,
2012-01-15,5:50pm,JPY,Core Machinery Orders m/m,Low,5.8%,-6.9%,
2012-01-15,5:50pm,JPY,PPI y/y,Medium,1.3%,1.6%,
2012-01-15,5:55pm,GBP,Rightmove HPI m/m,Low,,-2.7%,
2012-01-15,11:00pm,JPY,Consumer Confidence,Medium,38.9,38.1,
2012-01-16,2:15am,CHF,PPI m/m,Low,-0.3%,-0.8%,
2012-01-16,All Day,USD,Bank Holiday,Low,,,
2012-01-16,12:00pm,EUR,ECB President Draghi Speaks,High,,,
2012-01-16,5:00pm,USD,FOMC Member Duke Speaks,Medium,,,
2012-01-16,5:50pm,JPY,Tertiary Industry Activity m/m,Low,-0.3%,0.7%,
2012-01-16,9:45pm,JPY,30-y Bond Auction,Medium,,1.96|3.0,
2012-01-17,TueJan 17,GBP,RPI y/y,Low,4.7%,5.2%,
2012-01-17,TueJan 17,GBP,Core CPI y/y,Medium,3.0%,3.2%,
2012-01-17,TueJan 17,GBP,ONS HPI y/y,Medium,-0.2%,-0.4%,
2012-01-17,3:45am,GBP,BOE Gov King Speaks,High,,,
2012-01-17,4:00am,EUR,German ZEW Economic Sentiment,High,-49.7,-53.8,
2012-01-17,4:00am,EUR,Final Core CPI y/y,Low,1.6%,1.6%,
2012-01-17,4:00am,EUR,Final CPI y/y,Low,2.8%,2.8%,
2012-01-17,4:00am,EUR,ZEW Economic Sentiment,Low,-48.7,-54.1,
2012-01-17,4:00am,GBP,CB Leading Index m/m,Medium,,-0.3%,
2012-01-17,7:30am,USD,Empire State Manufacturing Index,Low,10.8,9.5,
2012-01-17,12:30pm,GBP,MPC Member Posen Speaks,Low,,,
2012-01-17,10:30pm,JPY,Revised Industrial Production m/m,Medium,-2.4%,-2.6%,
2012-01-18,3:30am,GBP,Claimant Count Change,High,9.1K,0.2K,
2012-01-18,3:30am,GBP,Unemployment Rate,Low,8.3%,8.3%,
2012-01-18,3:30am,GBP,Average Earnings Index 3m/y,Medium,2.0%,2.1%,
2012-01-18,4:00am,CHF,UBS Economic Expectations,Low,,-72.0,
2012-01-18,7:30am,USD,PPI m/m,High,0.1%,0.3%,
2012-01-18,7:30am,USD,Core PPI m/m,Low,0.1%,0.1%,
2012-01-18,7:56am,USD,TIC Long-Term Purchases,High,27.3B,8.3B,
2012-01-18,8:15am,USD,Capacity Utilization Rate,Low,78.2%,77.8%,
2012-01-18,8:15am,USD,Industrial Production m/m,Low,0.5%,-0.3%,
2012-01-18,8:30am,USD,FOMC Member Tarullo Speaks,Medium,,,
2012-01-18,9:00am,USD,NAHB Housing Market Index,Medium,22,21,
2012-01-18,6:01pm,GBP,Nationwide Consumer Confidence,Low,41,40,
2012-01-19,ThuJan 19,EUR,ECB Monthly Bulletin,Low,,,
2012-01-19,4:00am,EUR,Spanish 10-y Bond Auction,High,,5.55|2.2,
2012-01-19,7:30am,USD,Building Permits,High,0.68M,0.68M,
2012-01-19,7:30am,USD,Core CPI m/m,High,0.1%,0.2%,
2012-01-19,7:30am,USD,CPI y/y,High,3.0%,3.4%,
2012-01-19,7:30am,USD,Unemployment Claims,High,387K,402K,
2012-01-19,7:30am,USD,CPI m/m,Low,0.1%,0.0%,
2012-01-19,7:30am,USD,Housing Starts,Low,0.69M,0.69M,
2012-01-19,9:00am,USD,Philly Fed Manufacturing Index,High,10.7,10.3,
2012-01-19,9:30am,USD,Natural Gas Storage,Medium,-88B,-95B,
2012-01-19,10:00am,USD,Crude Oil Inventories,Low,2.9M,5.0M,
2012-01-19,10:30pm,JPY,All Industries Activity m/m,Medium,-0.6%,0.8%,
2012-01-20,3:30am,GBP,Retail Sales m/m,High,0.6%,-0.5%,
2012-01-20,9:00am,USD,Existing Home Sales,High,4.65M,4.39M,
2012-01-23,9:00am,EUR,Consumer Confidence,Medium,-20,-21,
2012-01-23,12:00pm,GBP,MPC Member Posen Speaks,Low,,,
2012-01-23,9:31pm,JPY,Monetary Policy Statement,High,,,
2012-01-23,9:31pm,JPY,Overnight Call Rate,High,<0.10%,<0.10%,
2012-01-24,2:00am,EUR,French Flash Manufacturing PMI,Low,49.2,48.9,
2012-01-24,2:00am,EUR,French Flash Services PMI,Low,50.5,50.3,
2012-01-24,2:30am,EUR,German Flash Manufacturing PMI,Low,49.1,48.4,
2012-01-24,2:30am,EUR,German Flash Services PMI,Low,52.6,52.4,
2012-01-24,3:00am,EUR,Flash Manufacturing PMI,Low,47.4,46.9,
2012-01-24,3:00am,EUR,Flash Services PMI,Low,49.1,48.8,
2012-01-24,All Day,EUR,ECOFIN Meetings,Low,,,
2012-01-24,All Day,EUR,Eurogroup Meetings,Low,,,
2012-01-24,3:30am,GBP,Public Sector Net Borrowing,High,12.4B,15.1B,
2012-01-24,4:00am,EUR,Industrial New Orders m/m,Low,-2.1%,1.5%,
2012-01-24,8:00am,EUR,Belgian NBB Business Climate,Low,-10.1,-10.6,
2012-01-24,8:59am,USD,Richmond Manufacturing Index,Medium,6,3,
2012-01-24,10:15am,CHF,Gov Board Member Danthine Speaks,Low,,,
2012-01-24,2:00pm,GBP,BOE Gov King Speaks,High,,,
2012-01-24,5:56pm,JPY,Trade Balance,Low,-0.36T,-0.53T,
2012-01-24,8:00pm,USD,President Obama Speaks,Medium,,,
2012-01-24,11:00pm,JPY,BOJ Monthly Report,Low,,,
2012-01-25,3:00am,EUR,German ifo Business Climate,High,107.6,107.3,
2012-01-25,3:00am,EUR,Italian Retail Sales m/m,Medium,-0.1%,0.2%,
2012-01-25,3:30am,GBP,MPC Asset Purchase Facility Votes,High,0-0-9,0-0-9,
2012-01-25,3:30am,GBP,MPC Official Bank Rate Votes,High,0-0-9,0-0-9,
2012-01-25,3:30am,GBP,Prelim GDP q/q,High,-0.1%,0.6%,
2012-01-25,3:30am,GBP,High Street Lending,Low,35.3K,34.8K,
2012-01-25,3:30am,GBP,Index of Services 3m/3m,Medium,0.0%,0.2%,
2012-01-25,4:36am,EUR,German 30-y Bond Auction,Medium,,2.82|1.1,
2012-01-25,5:00am,GBP,CBI Industrial Order Expectations,Low,-19,-23,
2012-01-25,7:15am,EUR,ECB President Draghi Speaks,Low,,,
2012-01-25,9:00am,USD,Pending Home Sales m/m,High,-0.6%,7.3%,
2012-01-25,9:00am,USD,HPI m/m,Medium,0.3%,-0.7%,
2012-01-25,9:30am,USD,Crude Oil Inventories,Low,0.9M,-3.4M,
2012-01-25,11:28am,USD,FOMC Statement,High,,,
2012-01-25,11:28am,USD,Federal Funds Rate,Low,<0.25%,<0.25%,
2012-01-25,1:00pm,USD,FOMC Economic Projections,High,,,
2012-01-25,1:15pm,USD,FOMC Press Conference,High,,,
2012-01-25,5:50pm,JPY,SPPI y/y,Medium,0.0%,-0.1%,
2012-01-26,5:00am,GBP,CBI Realized Sales,Low,-2,9,
2012-01-26,7:30am,USD,Core Durable Goods Orders m/m,High,0.9%,0.5%,
2012-01-26,7:30am,USD,Unemployment Claims,High,371K,356K,
2012-01-26,7:30am,USD,Durable Goods Orders m/m,Low,2.1%,4.3%,
2012-01-26,9:00am,USD,New Home Sales,High,321K,314K,
2012-01-26,9:00am,USD,CB Leading Index m/m,Medium,0.7%,0.2%,
2012-01-26,9:30am,USD,Natural Gas Storage,Medium,-91B,-87B,
2012-01-26,5:30pm,JPY,Tokyo Core CPI y/y,Low,-0.3%,-0.3%,
2012-01-26,5:30pm,JPY,National Core CPI y/y,Medium,-0.1%,-0.2%,
2012-01-26,5:50pm,JPY,Monetary Policy Meeting Minutes,Low,,,
2012-01-26,5:50pm,JPY,Retail Sales y/y,Low,2.3%,-2.2%,
2012-01-27,2:00am,CHF,KOF Economic Barometer,High,-0.06,0.01,
2012-01-27,2:00am,EUR,Spanish Unemployment Rate,Low,22.1%,21.5%,
2012-01-27,3:00am,EUR,M3 Money Supply y/y,Low,2.2%,2.0%,
2012-01-27,3:00am,EUR,Private Loans y/y,Medium,2.1%,1.7%,
2012-01-27,7:15am,EUR,ECB President Draghi Speaks,Low,,,
2012-01-27,7:30am,USD,Advance GDP q/q,High,3.0%,1.8%,
2012-01-27,7:30am,USD,Advance GDP Price Index q/q,Low,2.0%,2.6%,
2012-01-27,8:55am,USD,Revised UoM Consumer Sentiment,Low,74.2,74.0,
2012-01-27,8:55am,USD,Revised UoM Inflation Expectations,Medium,,3.2%,
2012-01-27,9:00am,USD,FOMC Member Dudley Speaks,Medium,,,
2012-01-30,2:00am,EUR,Spanish Flash GDP q/q,Low,-0.2%,0.0%,
2012-01-30,3:00am,EUR,Retail PMI,Medium,,43.9,
2012-01-30,All Day,EUR,EU Economic Summit,Low,,,
2012-01-30,4:24am,EUR,Italian 10-y Bond Auction,High,,6.98|1.4,
2012-01-30,7:30am,USD,Core PCE Price Index m/m,Low,0.1%,0.1%,
2012-01-30,7:30am,USD,Personal Spending m/m,Low,0.2%,0.1%,
2012-01-30,7:30am,USD,Personal Income m/m,Medium,0.4%,0.1%,
2012-01-30,1:00pm,USD,Loan Officer Survey,Medium,,,
2012-01-30,5:15pm,JPY,Final Manufacturing PMI,Medium,,50.2,
2012-01-30,5:30pm,JPY,Household Spending y/y,Low,-0.1%,-3.2%,
2012-01-30,5:30pm,JPY,Unemployment Rate,Medium,4.5%,4.5%,
2012-01-30,5:50pm,JPY,Prelim Industrial Production m/m,Low,2.8%,-2.7%,
2012-01-30,6:01pm,GBP,GfK Consumer Confidence,Low,-31,-33,
2012-01-30,11:00pm,JPY,Housing Starts y/y,Medium,-1.4%,-0.3%,
2012-01-31,TueJan 31,EUR,German Retail Sales m/m,Low,0.9%,-1.0%,
2012-01-31,1:45am,EUR,French Consumer Spending m/m,Low,0.3%,0.1%,
2012-01-31,2:00am,EUR,Spanish Flash CPI y/y,Medium,2.3%,2.4%,
2012-01-31,2:55am,EUR,German Unemployment Change,Low,-8K,-25K,
2012-01-31,3:00am,EUR,Italian Monthly Unemployment Rate,Medium,8.6%,8.8%,
2012-01-31,3:30am,GBP,Net Lending to Individuals m/m,Low,1.2B,1.0B,
2012-01-31,3:30am,GBP,M4 Money Supply m/m,Medium,0.3%,-0.5%,
2012-01-31,3:30am,GBP,Mortgage Approvals,Medium,54K,53K,
2012-01-31,4:00am,EUR,Unemployment Rate,Low,10.4%,10.4%,
2012-01-31,7:30am,USD,Employment Cost Index q/q,Low,0.4%,0.3%,
2012-01-31,8:00am,USD,S&P/CS Composite-20 HPI y/y,Low,-3.3%,-3.4%,
2012-01-31,8:45am,USD,Chicago PMI,Low,63.1,62.5,
2012-01-31,9:00am,USD,CB Consumer Confidence,High,68.2,64.8,
2012-01-31,7:30pm,JPY,Average Cash Earnings y/y,Low,-0.3%,-0.2%,
2012-02-01,2:15am,CHF,Retail Sales y/y,High,1.6%,1.8%,
2012-02-01,2:15am,EUR,Spanish Manufacturing PMI,Low,,43.7,
2012-02-01,2:30am,CHF,Manufacturing PMI,Low,51.7,50.7,
2012-02-01,2:45am,EUR,Italian Manufacturing PMI,Low,45.4,44.3,
2012-02-01,2:50am,EUR,French Final Manufacturing PMI,Medium,48.5,48.5,
2012-02-01,2:55am,EUR,German Final Manufacturing PMI,Medium,50.9,50.9,
2012-02-01,3:00am,EUR,Final Manufacturing PMI,Medium,48.7,48.7,
2012-02-01,3:30am,GBP,Final Manufacturing PMI,High,50.1,49.7,
2012-02-01,4:00am,EUR,CPI Flash Estimate y/y,Low,2.7%,2.7%,
2012-02-01,4:34am,EUR,German 10-y Bond Auction,Low,,1.93|1.3,
2012-02-01,7:15am,USD,ADP Non-Farm Employment Change,High,189K,292K,
2012-02-01,9:00am,USD,ISM Manufacturing PMI,High,54.6,53.9,
2012-02-01,9:00am,USD,Construction Spending m/m,Medium,0.7%,0.4%,
2012-02-01,9:00am,USD,ISM Manufacturing Prices,Medium,49.5,47.5,
2012-02-01,9:30am,USD,Crude Oil Inventories,Low,3.2M,3.6M,
2012-02-01,10:04am,USD,President Obama Speaks,Medium,,,
2012-02-01,All Day,USD,Total Vehicle Sales,Medium,13.4M,13.6M,
2012-02-01,5:50pm,JPY,Monetary Base y/y,Medium,14.6%,13.5%,
2012-02-01,9:45pm,JPY,10-y Bond Auction,Medium,,0.97|3.0,
2012-02-02,2:00am,EUR,Spanish Unemployment Change,Low,,1.9K,
2012-02-02,3:30am,GBP,Construction PMI,High,52.8,53.2,
2012-02-02,4:00am,EUR,PPI m/m,Medium,-0.1%,0.2%,
2012-02-02,4:02am,EUR,French 10-y Bond Auction,Low,,3.29|1.6,
2012-02-02,6:30am,USD,Challenger Job Cuts y/y,Medium,,30.6%,
2012-02-02,7:30am,USD,Unemployment Claims,High,373K,379K,
2012-02-02,7:30am,USD,Prelim Nonfarm Productivity q/q,Low,1.0%,2.3%,
2012-02-02,7:30am,USD,Prelim Unit Labor Costs q/q,Low,0.9%,-2.5%,
2012-02-02,8:00am,GBP,MPC Member Posen Speaks,Low,,,
2012-02-02,9:00am,USD,Fed Chairman Bernanke Testifies,High,,,
2012-02-02,9:30am,USD,Natural Gas Storage,Medium,-129B,-192B,
2012-02-03,2:45am,EUR,Italian Services PMI,Medium,45.5,44.5,
2012-02-03,2:50am,EUR,French Final Services PMI,Medium,51.7,51.7,
2012-02-03,2:55am,EUR,German Final Services PMI,Medium,54.5,54.5,
2012-02-03,3:00am,EUR,Final Services PMI,Medium,50.5,50.5,
2012-02-03,3:30am,GBP,Final Services PMI,High,53.5,54.0,
2012-02-03,4:00am,EUR,Retail Sales m/m,Low,0.4%,-0.4%,
2012-02-03,4:00am,EUR,Italian Prelim CPI m/m,Medium,0.2%,0.4%,
2012-02-03,7:30am,USD,Non-Farm Employment Change,High,150K,203K,
2012-02-03,7:30am,USD,Unemployment Rate,High,8.5%,8.5%,
2012-02-03,7:30am,USD,Average Hourly Earnings m/m,Low,0.2%,0.1%,
2012-02-03,9:00am,USD,ISM Services PMI,High,53.1,52.6,
2012-02-03,9:00am,USD,Factory Orders m/m,Low,1.5%,2.2%,
2012-02-06,3:30am,EUR,Sentix Investor Confidence,Low,-14.8,-21.1,
2012-02-06,5:00am,EUR,German Factory Orders m/m,Low,0.7%,-4.9%,
2012-02-06,6:01pm,GBP,BRC Retail Sales Monitor y/y,Low,,2.2%,
2012-02-06,11:00pm,JPY,Leading Indicators,Medium,93.9%,93.7%,
2012-02-07,2:00am,CHF,Foreign Currency Reserves,High,,254B,
2012-02-07,5:00am,EUR,German Industrial Production m/m,Low,-0.1%,0.0%,
2012-02-07,5:15am,CHF,Gov Board Member Jordan Speaks,High,,,
2012-02-07,9:00am,USD,Fed Chairman Bernanke Testifies,High,,,
2012-02-07,9:00am,USD,JOLTS Job Openings,Medium,,3.12M,
2012-02-07,9:00am,USD,RCM/TIPP Economic Optimism,Medium,48.1,47.5,
2012-02-07,2:00pm,USD,Consumer Credit m/m,Medium,7.7B,20.4B,
2012-02-07,5:50pm,JPY,Bank Lending y/y,Medium,,0.4%,
2012-02-07,5:50pm,JPY,Current Account,Medium,0.63T,0.48T,
2012-02-07,6:00pm,GBP,BRC Shop Price Index y/y,Medium,,1.7%,
2012-02-07,11:00pm,JPY,Economy Watchers Sentiment,Medium,47.6,47.0,
2012-02-08,1:00am,EUR,German Trade Balance,Medium,14.1B,14.9B,
2012-02-08,1:45am,EUR,French Gov Budget Balance,Medium,,-97.2B,
2012-02-08,9:30am,USD,Crude Oil Inventories,Low,2.9M,4.2M,
2012-02-08,9:40am,USD,FOMC Member Williams Speaks,Low,,,
2012-02-08,12:00pm,USD,10-y Bond Auction,Low,,1.90|3.3,
2012-02-08,5:50pm,JPY,Core Machinery Orders m/m,Low,-4.8%,14.8%,
2012-02-08,5:50pm,JPY,M2 Money Stock y/y,Medium,3.1%,3.2%,
2012-02-08,11:00pm,JPY,Consumer Confidence,Medium,38.6,38.9,
2012-02-09,12:45am,CHF,SECO Consumer Climate,Low,-23,-24,
2012-02-09,All Day,EUR,Eurogroup Meetings,Low,,,
2012-02-09,3:30am,GBP,Manufacturing Production m/m,High,0.3%,-0.1%,
2012-02-09,3:30am,GBP,Goods Trade Balance,Low,-8.5B,-8.9B,
2012-02-09,3:30am,GBP,Industrial Production m/m,Medium,0.2%,-0.5%,
2012-02-09,6:00am,GBP,Asset Purchase Facility,High,325B,275B,
2012-02-09,6:00am,GBP,MPC Rate Statement,High,,,
2012-02-09,6:00am,GBP,Official Bank Rate,High,0.50%,0.50%,
2012-02-09,6:45am,EUR,Main Refinancing Rate,High,1.00%,1.00%,
2012-02-09,7:30am,EUR,ECB Press Conference,High,,,
2012-02-09,7:30am,USD,Unemployment Claims,High,369K,373K,
2012-02-09,9:00am,GBP,NIESR GDP Estimate,Low,,-0.2%,
2012-02-09,9:00am,USD,Final Wholesale Inventories m/m,Medium,0.4%,0.0%,
2012-02-09,9:30am,USD,Natural Gas Storage,Medium,-82B,-132B,
2012-02-09,12:00pm,USD,30-y Bond Auction,Medium,,2.99|2.6,
2012-02-09,5:50pm,JPY,PPI y/y,Medium,0.9%,1.2%,
2012-02-10,1:45am,EUR,French Industrial Production m/m,Low,-0.8%,1.1%,
2012-02-10,2:15am,CHF,CPI m/m,High,-0.3%,-0.2%,
2012-02-10,3:02am,EUR,Italian Industrial Production m/m,Medium,-0.5%,0.3%,
2012-02-10,3:30am,GBP,PPI Input m/m,High,0.4%,-0.6%,
2012-02-10,3:30am,GBP,PPI Output m/m,Medium,0.1%,-0.2%,
2012-02-10,7:30am,USD,Trade Balance,High,-48.1B,-47.1B,
2012-02-10,8:55am,USD,Prelim UoM Consumer Sentiment,High,74.4,75.0,
2012-02-10,8:55am,USD,Prelim UoM Inflation Expectations,Medium,,3.3%,
2012-02-10,11:30am,USD,Fed Chairman Bernanke Speaks,High,,,
2012-02-10,11:50am,USD,FOMC Member Pianalto Speaks,Low,,,
2012-02-10,12:59pm,USD,Federal Budget Balance,Low,-58.5B,-86.0B,
2012-02-12,SunFeb 12,JPY,Prelim GDP Price Index y/y,Low,-1.6%,-2.1%,
2012-02-12,SunFeb 12,JPY,Tertiary Industry Activity m/m,Low,0.9%,-0.6%,
2012-02-13,2:15am,CHF,PPI m/m,Low,0.2%,0.3%,
2012-02-13,5:32pm,GBP,RICS House Price Balance,Low,-16%,-16%,
2012-02-13,8:45pm,USD,FOMC Member Williams Speaks,Low,,,
2012-02-13,9:43pm,JPY,Monetary Policy Statement,High,,,
2012-02-13,9:43pm,JPY,Overnight Call Rate,High,<0.10%,<0.10%,
2012-02-13,10:30pm,JPY,Revised Industrial Production m/m,Medium,4.0%,4.0%,
2012-02-14,1:45am,EUR,French Prelim Private Payrolls q/q,Low,0.2%,0.0%,
2012-02-14,3:30am,GBP,CPI y/y,High,3.6%,4.2%,
2012-02-14,3:30am,GBP,RPI y/y,Low,4.1%,4.8%,
2012-02-14,3:30am,GBP,Core CPI y/y,Medium,2.7%,3.0%,
2012-02-14,3:30am,GBP,ONS HPI y/y,Medium,-0.1%,-0.3%,
2012-02-14,4:00am,EUR,German ZEW Economic Sentiment,High,-11.8,-21.6,
2012-02-14,4:00am,EUR,Industrial Production m/m,Low,-1.1%,0.0%,
2012-02-14,4:00am,EUR,ZEW Economic Sentiment,Low,-21.1,-32.5,
2012-02-14,4:00am,GBP,CB Leading Index m/m,Medium,,-0.6%,
2012-02-14,4:30am,GBP,BOE Inflation Letter,High,,,
2012-02-14,6:30am,USD,NFIB Small Business Index,Medium,95.1,93.8,
2012-02-14,7:30am,USD,Core Retail Sales m/m,High,0.6%,-0.5%,
2012-02-14,7:30am,USD,Retail Sales m/m,High,0.8%,0.0%,
2012-02-14,7:30am,USD,Import Prices m/m,Low,0.3%,-0.1%,
2012-02-14,9:00am,USD,Business Inventories m/m,Low,0.4%,0.3%,
2012-02-14,9:00am,USD,Treasury Sec Geithner Speaks,Low,,,
2012-02-14,4:40pm,USD,FOMC Member Lockhart Speaks,Low,,,
2012-02-14,11:00pm,JPY,BOJ Monthly Report,Low,,,
2012-02-15,1:00am,EUR,German Prelim GDP q/q,High,-0.3%,0.6%,
2012-02-15,3:00am,EUR,Italian Prelim GDP q/q,Medium,-0.6%,-0.2%,
2012-02-15,3:30am,GBP,Claimant Count Change,High,3.2K,1.9K,
2012-02-15,3:30am,GBP,Unemployment Rate,Low,8.4%,8.4%,
2012-02-15,3:30am,GBP,Average Earnings Index 3m/y,Medium,1.8%,2.0%,
2012-02-15,4:00am,CHF,UBS Economic Expectations,Low,,-50.1,
2012-02-15,4:00am,EUR,Flash GDP q/q,Low,-0.3%,0.1%,
2012-02-15,4:00am,EUR,Trade Balance,Medium,3.5B,6.1B,
2012-02-15,4:30am,GBP,BOE Gov King Speaks,High,,,
2012-02-15,4:30am,GBP,BOE Monetary Policy Report,High,,,
2012-02-15,7:30am,USD,Empire State Manufacturing Index,Low,14.7,13.5,
2012-02-15,7:54am,USD,TIC Long-Term Purchases,High,45.4B,61.3B,
2012-02-15,8:15am,USD,Capacity Utilization Rate,Low,78.6%,78.6%,
2012-02-15,8:15am,USD,Industrial Production m/m,Low,0.7%,1.0%,
2012-02-15,9:00am,USD,NAHB Housing Market Index,Medium,26,25,
2012-02-15,9:30am,USD,Crude Oil Inventories,Low,1.8M,0.3M,
2012-02-15,1:00pm,USD,FOMC Meeting Minutes,High,,,
2012-02-15,6:01pm,GBP,Nationwide Consumer Confidence,Low,40,38,
2012-02-16,ThuFeb 16,EUR,Italian Trade Balance,Medium,-1.21B,-1.58B,
2012-02-16,7:30am,USD,Building Permits,High,0.68M,0.67M,
2012-02-16,7:30am,USD,PPI m/m,High,0.3%,-0.1%,
2012-02-16,7:30am,USD,Unemployment Claims,High,364K,361K,
2012-02-16,7:30am,USD,Core PPI m/m,Low,0.1%,0.3%,
2012-02-16,7:30am,USD,Housing Starts,Low,0.68M,0.69M,
2012-02-16,8:00am,USD,Fed Chairman Bernanke Speaks,High,,,
2012-02-16,9:00am,USD,Philly Fed Manufacturing Index,High,9.0,7.3,
2012-02-16,9:00am,USD,Mortgage Delinquencies,Low,,7.99%,
2012-02-16,9:30am,USD,Natural Gas Storage,Medium,-126B,-78B,
2012-02-16,5:50pm,JPY,Monetary Policy Meeting Minutes,Low,,,
2012-02-17,3:00am,EUR,Current Account,Low,2.3B,-0.9B,
2012-02-17,3:30am,GBP,Retail Sales m/m,High,-0.3%,0.6%,
2012-02-17,7:30am,USD,Core CPI m/m,High,0.2%,0.1%,
2012-02-17,7:30am,USD,CPI y/y,High,2.8%,3.0%,
2012-02-17,7:30am,USD,CPI m/m,Low,0.3%,0.0%,
2012-02-17,9:00am,USD,CB Leading Index m/m,Medium,0.6%,0.5%,
2012-02-17,1:00pm,GBP,MPC Member Posen Speaks,Low,,,
2012-02-19,5:40pm,GBP,Rightmove HPI m/m,Low,,-0.8%,
2012-02-19,5:50pm,JPY,Trade Balance,Low,-0.83T,-0.57T,
2012-02-20,All Day,USD,Bank Holiday,Low,,,
2012-02-20,10:30pm,JPY,All Industries Activity m/m,Medium,1.6%,-1.0%,
2012-02-21,All Day,EUR,ECOFIN Meetings,Low,,,
2012-02-21,All Day,EUR,Eurogroup Meetings,Low,,,
2012-02-21,3:30am,GBP,Public Sector Net Borrowing,High,-8.9B,11.1B,
2012-02-21,9:00am,EUR,Consumer Confidence,Medium,-20,-21,
2012-02-21,1:30pm,GBP,MPC Member Bean Speaks,Low,,,
2012-02-22,2:00am,EUR,French Flash Manufacturing PMI,Low,49.1,48.5,
2012-02-22,2:00am,EUR,French Flash Services PMI,Low,52.3,52.3,
2012-02-22,2:30am,EUR,German Flash Manufacturing PMI,Low,51.6,51.0,
2012-02-22,2:30am,EUR,German Flash Services PMI,Low,53.8,53.7,
2012-02-22,3:00am,EUR,Flash Manufacturing PMI,Low,49.4,48.8,
2012-02-22,3:00am,EUR,Flash Services PMI,Low,50.7,50.4,
2012-02-22,3:30am,GBP,MPC Asset Purchase Facility Votes,High,9-0-0,0-0-9,
2012-02-22,3:30am,GBP,MPC Official Bank Rate Votes,High,0-0-9,0-0-9,
2012-02-22,4:00am,EUR,Industrial New Orders m/m,Low,0.6%,-1.1%,
2012-02-22,8:00am,EUR,Belgian NBB Business Climate,Low,-8.2,-9.5,
2012-02-22,9:00am,USD,Existing Home Sales,High,4.66M,4.38M,
2012-02-23,3:30am,GBP,High Street Lending,Low,37.3K,36.6K,
2012-02-23,4:00am,EUR,EU Economic Forecasts,Low,,,
2012-02-23,5:00am,GBP,CBI Industrial Order Expectations,Low,-14,-16,
2012-02-23,7:30am,USD,Unemployment Claims,High,352K,351K,
2012-02-23,9:00am,USD,HPI m/m,Medium,0.2%,0.7%,
2012-02-23,9:30am,USD,Natural Gas Storage,Medium,-146B,-127B,
2012-02-23,10:00am,USD,Crude Oil Inventories,Low,0.9M,-0.2M,
2012-02-23,5:50pm,JPY,SPPI y/y,Medium,0.1%,0.1%,
2012-02-24,3:00am,EUR,Italian Retail Sales m/m,Medium,-0.2%,-0.7%,
2012-02-24,3:30am,GBP,Second Estimate GDP q/q,High,-0.2%,-0.2%,
2012-02-24,3:30am,GBP,Prelim Business Investment q/q,Low,-0.3%,1.0%,
2012-02-24,3:30am,GBP,Index of Services 3m/3m,Medium,0.2%,0.2%,
2012-02-24,8:55am,USD,Revised UoM Consumer Sentiment,Low,72.8,72.5,
2012-02-24,8:55am,USD,Revised UoM Inflation Expectations,Medium,,3.2%,
2012-02-24,9:00am,USD,New Home Sales,High,316K,324K,
2012-02-24,9:45am,USD,FOMC Member Williams Speaks,Low,,,
2012-02-24,12:30pm,USD,FOMC Member Dudley Speaks,Medium,,,
2012-02-24,2:00pm,EUR,German Buba President Weidmann Speaks,Low,,,
2012-02-27,MonFeb 27,EUR,Private Loans y/y,Medium,1.2%,1.0%,
2012-02-27,9:00am,USD,Pending Home Sales m/m,High,1.1%,-1.9%,
2012-02-27,5:50pm,JPY,Retail Sales y/y,Low,-0.2%,2.5%,
2012-02-28,TueFeb 28,EUR,German GfK Consumer Climate,Low,6.1,5.9,
2012-02-28,All Day,EUR,German Prelim CPI m/m,Low,0.5%,-0.4%,
2012-02-28,2:15am,CHF,Employment Level,Low,4.03M,4.05M,
2012-02-28,3:00am,EUR,Retail PMI,Medium,,42.9,
2012-02-28,4:14am,EUR,Italian 10-y Bond Auction,High,,6.08|1.4,
2012-02-28,5:00am,GBP,CBI Realized Sales,Low,-17,-22,
2012-02-28,7:30am,USD,Core Durable Goods Orders m/m,High,0.0%,3.5%,
2012-02-28,7:30am,USD,Durable Goods Orders m/m,Low,-0.8%,3.2%,
2012-02-28,8:00am,USD,S&P/CS Composite-20 HPI y/y,Low,-3.6%,-3.9%,
2012-02-28,8:59am,USD,Richmond Manufacturing Index,Medium,11,12,
2012-02-28,9:00am,USD,CB Consumer Confidence,High,63.1,61.5,
2012-02-28,9:00am,USD,FOMC Member Duke Speaks,Medium,,,
2012-02-28,11:30am,CHF,Gov Board Member Jordan Speaks,High,,,
2012-02-28,1:00pm,GBP,MPC Member Tucker Speaks,Low,,,
2012-02-28,5:15pm,JPY,Final Manufacturing PMI,Medium,,50.7,
2012-02-28,5:50pm,JPY,Prelim Industrial Production m/m,Low,1.6%,3.8%,
2012-02-28,6:01pm,GBP,GfK Consumer Confidence,Low,-27,-29,
2012-02-28,6:15pm,USD,FOMC Member Pianalto Speaks,Low,,,
2012-02-28,11:00pm,JPY,Housing Starts y/y,Medium,-3.4%,-7.3%,
2012-02-29,1:45am,EUR,French Consumer Spending m/m,Low,0.3%,-0.2%,
2012-02-29,2:00am,CHF,KOF Economic Barometer,High,-0.11,-0.15,
2012-02-29,2:00am,EUR,Spanish Flash CPI y/y,Medium,2.0%,2.0%,
2012-02-29,2:55am,EUR,German Unemployment Change,Low,-5K,-26K,
2012-02-29,3:30am,GBP,Net Lending to Individuals m/m,Low,0.9B,0.9B,
2012-02-29,3:30am,GBP,M4 Money Supply m/m,Medium,-0.8%,-1.4%,
2012-02-29,3:30am,GBP,Mortgage Approvals,Medium,54K,55K,
2012-02-29,3:45am,GBP,Monetary Policy Report Hearings,High,,,
2012-02-29,4:00am,EUR,Final Core CPI y/y,Low,1.8%,1.6%,
2012-02-29,4:00am,EUR,Final CPI y/y,Low,2.7%,2.7%,
2012-02-29,4:25am,EUR,Long Term Refinancing Operation,High,,489B,
2012-02-29,4:34am,EUR,German 10-y Bond Auction,Low,,1.82|1.4,
2012-02-29,7:30am,USD,Prelim GDP q/q,High,2.8%,2.8%,
2012-02-29,7:30am,USD,Prelim GDP Price Index q/q,Medium,0.4%,0.4%,
2012-02-29,8:45am,USD,Chicago PMI,Low,61.6,60.2,
2012-02-29,9:00am,USD,Fed Chairman Bernanke Testifies,High,,,
2012-02-29,9:00am,USD,Fed Monetary Policy Report,Medium,,,
2012-02-29,9:30am,USD,Crude Oil Inventories,Low,1.4M,1.6M,
2012-02-29,12:30pm,GBP,MPC Member Weale Speaks,Low,,,
2012-02-29,1:00pm,USD,Beige Book,Low,,,
2012-02-29,5:50pm,JPY,Capital Spending q/y,Low,-6.4%,-9.8%,
2012-02-29,9:45pm,JPY,10-y Bond Auction,Medium,,0.96|3.7,
2012-03-01,1:00am,GBP,Nationwide HPI m/m,Low,0.3%,-0.3%,
2012-03-01,2:15am,EUR,Spanish Manufacturing PMI,Low,,45.1,
2012-03-01,2:30am,CHF,Manufacturing PMI,Low,48.6,47.3,
2012-03-01,2:45am,EUR,Italian Manufacturing PMI,Low,47.2,46.8,
2012-03-01,2:50am,EUR,French Final Manufacturing PMI,Medium,50.3,50.2,
2012-03-01,2:55am,EUR,German Final Manufacturing PMI,Medium,50.1,50.1,
2012-03-01,3:00am,EUR,Final Manufacturing PMI,Low,49.0,49.0,
2012-03-01,3:00am,EUR,Italian Monthly Unemployment Rate,Medium,8.9%,8.9%,
2012-03-01,Day 1,EUR,EU Economic Summit,Low,,,
2012-03-01,3:30am,GBP,Final Manufacturing PMI,High,51.9,52.0,
2012-03-01,3:59am,EUR,French 10-y Bond Auction,Low,,3.13|1.7,
2012-03-01,4:00am,EUR,CPI Flash Estimate y/y,Low,2.6%,2.6%,
2012-03-01,4:00am,EUR,Unemployment Rate,Low,10.4%,10.6%,
2012-03-01,4:00am,EUR,Italian Prelim CPI m/m,Medium,0.2%,0.3%,
2012-03-01,4:00am,GBP,MPC Member Miles Speaks,Low,,,
2012-03-01,4:35am,GBP,10-y Bond Auction,Low,,2.09|2.2,
2012-03-01,7:00am,USD,FOMC Member Pianalto Speaks,Low,,,
2012-03-01,7:30am,USD,Unemployment Claims,High,350K,353K,
2012-03-01,7:30am,USD,Core PCE Price Index m/m,Low,0.2%,0.1%,
2012-03-01,7:30am,USD,Personal Spending m/m,Low,0.4%,0.0%,
2012-03-01,7:30am,USD,Personal Income m/m,Medium,0.5%,0.5%,
2012-03-01,9:00am,USD,Fed Chairman Bernanke Testifies,High,,,
2012-03-01,9:00am,USD,ISM Manufacturing PMI,High,54.6,54.1,
2012-03-01,9:00am,USD,Construction Spending m/m,Medium,1.1%,1.4%,
2012-03-01,9:00am,USD,ISM Manufacturing Prices,Medium,57.6,55.5,
2012-03-01,9:30am,USD,FOMC Member Raskin Speaks,Low,,,
2012-03-01,9:30am,USD,Natural Gas Storage,Medium,-89B,-166B,
2012-03-01,All Day,USD,Total Vehicle Sales,Medium,14.0M,14.2M,
2012-03-01,11:30am,USD,FOMC Member Lockhart Speaks,Low,,,
2012-03-01,5:30pm,JPY,Household Spending y/y,Low,-0.7%,0.5%,
2012-03-01,5:30pm,JPY,Tokyo Core CPI y/y,Low,-0.4%,-0.4%,
2012-03-01,5:30pm,JPY,National Core CPI y/y,Medium,-0.2%,-0.1%,
2012-03-01,5:30pm,JPY,Unemployment Rate,Medium,4.5%,4.6%,
2012-03-01,5:50pm,JPY,Monetary Base y/y,Medium,15.6%,15.0%,
2012-03-02,2:00am,EUR,Spanish Unemployment Change,Low,,177.5K,
2012-03-02,Day 2,EUR,EU Economic Summit,Low,,,
2012-03-02,3:30am,GBP,Construction PMI,High,51.3,51.4,
2012-03-02,4:00am,EUR,PPI m/m,Medium,0.6%,-0.2%,
2012-03-05,MonMar 5,EUR,Spanish Services PMI,Medium,,46.1,
2012-03-05,2:45am,EUR,Italian Services PMI,Medium,45.3,44.8,
2012-03-05,2:50am,EUR,French Final Services PMI,Medium,50.3,50.3,
2012-03-05,2:55am,EUR,German Final Services PMI,Medium,52.6,52.6,
2012-03-05,3:00am,EUR,Final Services PMI,Low,49.5,49.4,
2012-03-05,3:30am,EUR,Sentix Investor Confidence,Low,-5.4,-11.1,
2012-03-05,3:30am,GBP,Final Services PMI,High,55.0,56.0,
2012-03-05,4:00am,EUR,Retail Sales m/m,Low,0.0%,-0.5%,
2012-03-05,9:00am,USD,ISM Services PMI,High,56.1,56.8,
2012-03-05,9:00am,USD,Factory Orders m/m,Low,-1.3%,1.4%,
2012-03-05,6:00pm,GBP,BRC Retail Sales Monitor y/y,Low,,-0.3%,
2012-03-05,7:30pm,JPY,Average Cash Earnings y/y,Low,-0.3%,0.1%,
2012-03-05,9:45pm,JPY,30-y Bond Auction,Medium,,1.92|3.5,
2012-03-06,4:00am,EUR,Revised GDP q/q,Medium,-0.3%,-0.3%,
2012-03-06,6:00pm,GBP,BRC Shop Price Index y/y,Medium,,1.4%,
2012-03-06,11:00pm,JPY,Leading Indicators,Medium,95.1%,93.8%,
2012-03-07,2:00am,CHF,Foreign Currency Reserves,High,,229B,
2012-03-07,5:00am,EUR,German Factory Orders m/m,Low,0.6%,1.6%,
2012-03-07,7:15am,USD,ADP Non-Farm Employment Change,High,204K,173K,
2012-03-07,7:30am,USD,Revised Nonfarm Productivity q/q,Low,0.8%,0.7%,
2012-03-07,7:30am,USD,Revised Unit Labor Costs q/q,Medium,1.2%,1.2%,
2012-03-07,9:30am,USD,Crude Oil Inventories,Low,1.0M,4.2M,
2012-03-07,2:00pm,USD,Consumer Credit m/m,Medium,10.0B,16.3B,
2012-03-07,5:50pm,JPY,Final GDP q/q,Low,-0.2%,-0.6%,
2012-03-07,5:50pm,JPY,Bank Lending y/y,Medium,,0.6%,
2012-03-07,5:50pm,JPY,Current Account,Medium,0.33T,0.78T,
2012-03-07,5:52pm,JPY,Final GDP Price Index y/y,Medium,-1.6%,-1.6%,
2012-03-07,11:00pm,JPY,Economy Watchers Sentiment,Medium,46.3,44.1,
2012-03-08,12:30am,EUR,French Final Private Payrolls q/q,Medium,-0.1%,-0.2%,
2012-03-08,1:45am,EUR,French Trade Balance,Medium,-5.2B,-5.1B,
2012-03-08,2:15am,CHF,CPI m/m,High,0.2%,-0.4%,
2012-03-08,5:00am,EUR,German Industrial Production m/m,Low,1.1%,-2.6%,
2012-03-08,6:00am,GBP,Asset Purchase Facility,High,325B,325B,
2012-03-08,6:00am,GBP,Official Bank Rate,High,0.50%,0.50%,
2012-03-08,6:30am,USD,Challenger Job Cuts y/y,Medium,,38.9%,
2012-03-08,6:45am,EUR,Main Refinancing Rate,High,1.00%,1.00%,
2012-03-08,7:30am,EUR,ECB Press Conference,High,,,
2012-03-08,7:30am,USD,Unemployment Claims,High,352K,354K,
2012-03-08,9:30am,USD,Natural Gas Storage,Medium,-85B,-82B,
2012-03-08,5:50pm,JPY,M2 Money Stock y/y,Medium,3.1%,3.1%,
2012-03-09,FriMar 9,EUR,German Trade Balance,Medium,13.8B,13.9B,
2012-03-09,1:45am,EUR,French Industrial Production m/m,Low,0.6%,-1.3%,
2012-03-09,1:45am,EUR,French Gov Budget Balance,Medium,,-90.8B,
2012-03-09,3:00am,EUR,Italian Industrial Production m/m,Medium,-0.7%,1.2%,
2012-03-09,3:30am,GBP,Manufacturing Production m/m,High,0.3%,1.1%,
2012-03-09,3:30am,GBP,PPI Input m/m,High,0.9%,0.1%,
2012-03-09,3:30am,GBP,Consumer Inflation Expectations,Low,,4.1%,
2012-03-09,3:30am,GBP,Industrial Production m/m,Medium,0.4%,0.4%,
2012-03-09,3:30am,GBP,PPI Output m/m,Medium,0.4%,0.4%,
2012-03-09,7:30am,USD,Non-Farm Employment Change,High,209K,284K,
2012-03-09,7:30am,USD,Trade Balance,High,-48.9B,-50.4B,
2012-03-09,7:30am,USD,Unemployment Rate,High,8.3%,8.3%,
2012-03-09,7:30am,USD,Average Hourly Earnings m/m,Low,0.2%,0.1%,
2012-03-09,9:00am,GBP,NIESR GDP Estimate,Low,,-0.2%,
2012-03-09,9:00am,USD,Final Wholesale Inventories m/m,Medium,0.7%,1.1%,
2012-03-11,SunMar 11,USD,Daylight Saving Time Shift,Low,,,
2012-03-11,6:50pm,JPY,Core Machinery Orders m/m,Low,1.9%,-7.1%,
2012-03-11,6:50pm,JPY,PPI y/y,Medium,0.6%,0.5%,
2012-03-12,2:00am,EUR,German WPI m/m,Medium,1.1%,1.2%,
2012-03-12,All Day,EUR,Eurogroup Meetings,Low,,,
2012-03-12,12:59pm,USD,Federal Budget Balance,Low,-229.2B,-27.4B,
2012-03-12,6:50pm,JPY,Tertiary Industry Activity m/m,Low,0.4%,1.8%,
2012-03-12,7:01pm,GBP,RICS House Price Balance,Low,-14%,-16%,
2012-03-13,TueMar 13,JPY,Overnight Call Rate,High,<0.10%,<0.10%,
2012-03-13,1:30am,EUR,French Final CPI m/m,Medium,0.4%,-0.4%,
2012-03-13,2:19am,JPY,BOJ Press Conference,High,,,
2012-03-13,3:15am,CHF,PPI m/m,Low,0.4%,0.0%,
2012-03-13,3:35am,GBP,MPC Member Tucker Speaks,Low,,,
2012-03-13,All Day,EUR,ECOFIN Meetings,Low,,,
2012-03-13,4:30am,GBP,Goods Trade Balance,Low,-7.8B,-7.2B,
2012-03-13,4:30am,GBP,ONS HPI y/y,Medium,0.2%,0.1%,
2012-03-13,5:00am,EUR,German ZEW Economic Sentiment,High,10.6,5.4,
2012-03-13,5:00am,EUR,ZEW Economic Sentiment,Low,3.8,-8.1,
2012-03-13,5:00am,GBP,CB Leading Index m/m,Medium,,-0.5%,
2012-03-13,6:30am,EUR,ECB President Draghi Speaks,High,,,
2012-03-13,7:30am,USD,Core Retail Sales m/m,High,0.8%,1.1%,
2012-03-13,7:30am,USD,Retail Sales m/m,High,1.1%,0.6%,
2012-03-13,7:30am,USD,NFIB Small Business Index,Medium,94.5,93.9,
2012-03-13,9:00am,USD,Business Inventories m/m,Low,0.5%,0.6%,
2012-03-13,9:00am,USD,RCM/TIPP Economic Optimism,Medium,53.2,49.4,
2012-03-13,10:00am,USD,JOLTS Job Openings,Medium,,3.54M,
2012-03-13,12:00pm,USD,10-y Bond Auction,Low,,2.02|3.1,
2012-03-13,1:15pm,USD,FOMC Statement,High,,,
2012-03-13,1:15pm,USD,Federal Funds Rate,Low,<0.25%,<0.25%,
2012-03-13,3:30pm,USD,Bank Stress Test Results,High,,,
2012-03-13,6:50pm,JPY,BSI Manufacturing Index,Low,1.3,-6.1,
2012-03-13,11:30pm,JPY,Revised Industrial Production m/m,Medium,2.1%,2.0%,
2012-03-14,4:30am,GBP,Claimant Count Change,High,6.5K,7.0K,
2012-03-14,4:30am,GBP,Unemployment Rate,Low,8.4%,8.4%,
2012-03-14,4:30am,GBP,Average Earnings Index 3m/y,Medium,1.9%,1.9%,
2012-03-14,5:00am,CHF,UBS Economic Expectations,Low,,-21.2,
2012-03-14,5:00am,EUR,Final Core CPI y/y,Low,1.6%,1.5%,
2012-03-14,5:00am,EUR,Final CPI y/y,Low,2.7%,2.7%,
2012-03-14,5:00am,EUR,Industrial Production m/m,Low,0.8%,-1.1%,
2012-03-14,7:30am,USD,Current Account,Low,-114B,-108B,
2012-03-14,7:30am,USD,Import Prices m/m,Low,0.6%,0.0%,
2012-03-14,9:00am,USD,Fed Chairman Bernanke Speaks,High,,,
2012-03-14,9:30am,USD,Crude Oil Inventories,Low,2.2M,0.8M,
2012-03-14,12:00pm,USD,30-y Bond Auction,Medium,,3.24|2.5,
2012-03-15,3:30am,CHF,Libor Rate,High,<0.25%,<0.25%,
2012-03-15,3:30am,CHF,SNB Monetary Policy Assessment,High,,,
2012-03-15,4:00am,EUR,ECB Monthly Bulletin,Low,,,
2012-03-15,5:00am,EUR,Final Employment Change q/q,Medium,-0.2%,-0.2%,
2012-03-15,5:37am,GBP,30-y Bond Auction,Medium,,3.29|2.0,
2012-03-15,6:30am,GBP,MPC Member Broadbent Speaks,Low,,,
2012-03-15,7:30am,USD,PPI m/m,High,0.5%,0.1%,
2012-03-15,7:30am,USD,Unemployment Claims,High,357K,365K,
2012-03-15,7:30am,USD,Core PPI m/m,Low,0.2%,0.4%,
2012-03-15,7:30am,USD,Empire State Manufacturing Index,Low,17.6,19.5,
2012-03-15,8:00am,USD,TIC Long-Term Purchases,High,38.9B,19.1B,
2012-03-15,9:00am,USD,Philly Fed Manufacturing Index,High,11.9,10.2,
2012-03-15,9:30am,USD,Natural Gas Storage,Medium,-58B,-80B,
2012-03-15,6:50pm,JPY,Monetary Policy Meeting Minutes,Low,,,
2012-03-16,5:00am,EUR,Trade Balance,Medium,6.2B,7.4B,
2012-03-16,7:30am,USD,Core CPI m/m,High,0.2%,0.2%,
2012-03-16,7:30am,USD,CPI y/y,High,2.8%,2.9%,
2012-03-16,7:30am,USD,CPI m/m,Low,0.4%,0.2%,
2012-03-16,8:15am,USD,Capacity Utilization Rate,Low,78.9%,78.8%,
2012-03-16,8:15am,USD,Industrial Production m/m,Low,0.4%,0.4%,
2012-03-16,8:55am,USD,Prelim UoM Consumer Sentiment,High,75.8,75.3,
2012-03-16,8:55am,USD,Prelim UoM Inflation Expectations,Medium,,3.3%,
2012-03-18,6:48pm,GBP,Rightmove HPI m/m,Low,,4.1%,
2012-03-19,6:00am,EUR,German Buba Monthly Report,Medium,,,
2012-03-19,7:35am,USD,FOMC Member Dudley Speaks,Low,,,
2012-03-19,9:00am,USD,NAHB Housing Market Index,Medium,30,28,
2012-03-19,12:40pm,USD,FOMC Member Dudley Speaks,Medium,,,
2012-03-19,All Day,JPY,Bank Holiday,Low,,,
2012-03-20,3:15am,CHF,Industrial Production q/q,Low,0.4%,-2.0%,
2012-03-20,4:30am,GBP,CPI y/y,High,3.4%,3.6%,
2012-03-20,4:30am,GBP,RPI y/y,Low,3.4%,3.9%,
2012-03-20,4:30am,GBP,Core CPI y/y,Medium,2.4%,2.6%,
2012-03-20,5:30am,EUR,German Buba President Weidmann Speaks,Low,,,
2012-03-20,6:00am,GBP,CBI Industrial Order Expectations,Low,-5,-3,
2012-03-20,7:30am,USD,Building Permits,High,0.69M,0.68M,
2012-03-20,7:30am,USD,Housing Starts,Low,0.70M,0.71M,
2012-03-20,9:00am,USD,Treasury Sec Geithner Speaks,Low,,,
2012-03-20,11:45am,USD,Fed Chairman Bernanke Speaks,Low,,,
2012-03-20,11:30pm,JPY,All Industries Activity m/m,Medium,-0.5%,1.6%,
2012-03-21,WedMar 21,GBP,MPC Official Bank Rate Votes,High,0-0-9,0-0-9,
2012-03-21,WedMar 21,GBP,Public Sector Net Borrowing,High,5.2B,-10.2B,
2012-03-21,7:30am,GBP,Annual Budget Release,High,,,
2012-03-21,8:30am,USD,Fed Chairman Bernanke Testifies,High,,,
2012-03-21,9:00am,USD,Existing Home Sales,High,4.61M,4.63M,
2012-03-21,9:30am,USD,Crude Oil Inventories,Low,2.4M,1.8M,
2012-03-21,6:50pm,JPY,Trade Balance,Low,-0.34T,-0.49T,
2012-03-22,3:00am,EUR,French Flash Manufacturing PMI,Low,50.4,50.0,
2012-03-22,3:00am,EUR,French Flash Services PMI,Low,50.6,50.0,
2012-03-22,3:30am,EUR,German Flash Manufacturing PMI,Low,51.1,50.2,
2012-03-22,3:30am,EUR,German Flash Services PMI,Low,53.1,52.8,
2012-03-22,4:00am,EUR,Flash Manufacturing PMI,Low,49.6,49.0,
2012-03-22,4:00am,EUR,Flash Services PMI,Low,49.3,48.8,
2012-03-22,4:30am,GBP,Retail Sales m/m,High,-0.5%,0.3%,
2012-03-22,5:07am,EUR,Industrial New Orders m/m,Low,-2.0%,3.5%,
2012-03-22,7:30am,USD,Unemployment Claims,High,353K,353K,
2012-03-22,9:00am,EUR,Belgian NBB Business Climate,Low,-6.6,-7.7,
2012-03-22,9:00am,USD,CB Leading Index m/m,Medium,0.6%,0.2%,
2012-03-22,9:00am,USD,FOMC Member Tarullo Speaks,Medium,,,
2012-03-22,9:00am,USD,HPI m/m,Medium,0.2%,0.1%,
2012-03-22,9:30am,USD,Natural Gas Storage,Medium,10B,-64B,
2012-03-22,10:00am,EUR,Consumer Confidence,Medium,-20,-20,
2012-03-22,11:00am,EUR,ECB President Draghi Speaks,High,,,
2012-03-22,11:45am,USD,Fed Chairman Bernanke Speaks,Low,,,
2012-03-22,12:00pm,CHF,Gov Board Member Danthine Speaks,Low,,,
2012-03-22,6:30pm,USD,FOMC Member Dudley Speaks,Medium,,,
2012-03-22,7:01pm,GBP,Nationwide Consumer Confidence,Low,49,47,
2012-03-23,4:00am,EUR,Italian Retail Sales m/m,Medium,0.2%,-0.8%,
2012-03-23,4:30am,GBP,High Street Lending,Low,39.1K,38.0K,
2012-03-23,4:30am,GBP,FPC Statement,Medium,,,
2012-03-23,9:00am,USD,New Home Sales,High,326K,318K,
2012-03-23,12:45pm,USD,Fed Chairman Bernanke Speaks,Low,,,
2012-03-23,1:30pm,USD,FOMC Member Lockhart Speaks,Low,,,
2012-03-24,3:30pm,USD,FOMC Member Yellen Speaks,Low,,,
2012-03-24,8:00pm,CHF,Daylight Saving Time Shift,Low,,,
2012-03-24,8:00pm,EUR,Daylight Saving Time Shift,Low,,,
2012-03-24,8:00pm,GBP,Daylight Saving Time Shift,Low,,,
2012-03-26,7:00am,USD,Fed Chairman Bernanke Speaks,High,,,
2012-03-26,9:00am,USD,Pending Home Sales m/m,High,1.0%,2.0%,
2012-03-26,11:00am,EUR,ECB President Draghi Speaks,Low,,,
2012-03-26,3:45pm,GBP,MPC Member Miles Speaks,Low,,,
2012-03-26,6:50pm,JPY,SPPI y/y,Medium,-0.3%,-0.4%,
2012-03-27,TueMar 27,EUR,German GfK Consumer Climate,Low,6.2,6.0,
2012-03-27,TueMar 27,EUR,German Import Prices m/m,Medium,0.9%,1.3%,
2012-03-27,5:00am,GBP,CBI Realized Sales,Low,-4,-2,
2012-03-27,8:00am,USD,S&P/CS Composite-20 HPI y/y,Low,-3.8%,-4.1%,
2012-03-27,8:59am,USD,Richmond Manufacturing Index,Medium,18,20,
2012-03-27,9:00am,USD,CB Consumer Confidence,High,70.3,71.6,
2012-03-27,9:00am,USD,FOMC Member Dudley Speaks,Medium,,,
2012-03-27,9:30am,GBP,BOE Gov King Speaks,High,,,
2012-03-27,11:45am,USD,Fed Chairman Bernanke Speaks,Low,,,
2012-03-27,12:00pm,GBP,MPC Member Posen Speaks,Low,,,
2012-03-27,2:45pm,USD,FOMC Member Duke Speaks,Medium,,,
2012-03-28,3:00am,EUR,M3 Money Supply y/y,Low,2.5%,2.5%,
2012-03-28,3:00am,EUR,Private Loans y/y,Medium,1.3%,1.1%,
2012-03-28,3:30am,GBP,Current Account,High,-8.5B,-10.5B,
2012-03-28,3:30am,GBP,Final GDP q/q,Low,-0.2%,-0.2%,
2012-03-28,3:30am,GBP,FPC Meeting Minutes,Medium,,,
2012-03-28,3:30am,GBP,Revised Business Investment q/q,Medium,-5.4%,-5.6%,
2012-03-28,7:00am,EUR,German Buba President Weidmann Speaks,Low,,,
2012-03-28,7:30am,USD,Core Durable Goods Orders m/m,High,1.6%,-3.0%,
2012-03-28,7:30am,USD,Durable Goods Orders m/m,Low,3.0%,-3.6%,
2012-03-28,9:30am,USD,Crude Oil Inventories,Low,2.8M,-1.2M,
2012-03-28,6:50pm,JPY,Retail Sales y/y,Low,1.4%,1.8%,
2012-03-29,2:00am,EUR,Spanish Flash CPI y/y,Medium,1.9%,2.0%,
2012-03-29,2:55am,EUR,German Unemployment Change,Low,-10K,-3K,
2012-03-29,3:10am,GBP,MPC Member Fisher Speaks,Low,,,
2012-03-29,3:30am,GBP,BOE Credit Conditions Survey,Low,,,
2012-03-29,3:30am,GBP,Index of Services 3m/3m,Medium,0.2%,-0.1%,
2012-03-29,3:30am,GBP,M4 Money Supply m/m,Medium,1.2%,1.5%,
2012-03-29,3:30am,GBP,Mortgage Approvals,Medium,59K,58K,
2012-03-29,3:32am,GBP,Net Lending to Individuals m/m,Low,1.5B,1.8B,
2012-03-29,4:00am,EUR,Retail PMI,Medium,,47.9,
2012-03-29,4:18am,EUR,Italian 10-y Bond Auction,High,,5.50|1.4,
2012-03-29,7:30am,USD,Unemployment Claims,High,351K,364K,
2012-03-29,7:30am,USD,Final GDP q/q,Low,3.0%,3.0%,
2012-03-29,7:30am,USD,Final GDP Price Index q/q,Medium,0.9%,0.9%,
2012-03-29,9:30am,USD,Natural Gas Storage,Medium,49B,11B,
2012-03-29,11:15am,USD,FOMC Member Lockhart Speaks,Low,,,
2012-03-29,11:45am,USD,Fed Chairman Bernanke Speaks,Low,,,
2012-03-29,5:45pm,USD,FOMC Member Lacker Speaks,Low,,,
2012-03-29,6:01pm,GBP,GfK Consumer Confidence,Low,-29,-29,
2012-03-29,6:15pm,JPY,Final Manufacturing PMI,Medium,,50.5,
2012-03-29,6:30pm,JPY,Household Spending y/y,Low,-0.3%,-2.3%,
2012-03-29,6:30pm,JPY,Tokyo Core CPI y/y,Low,-0.3%,-0.3%,
2012-03-29,6:30pm,JPY,National Core CPI y/y,Medium,-0.1%,-0.1%,
2012-03-29,6:30pm,JPY,Unemployment Rate,Medium,4.6%,4.6%,
2012-03-29,6:50pm,JPY,Prelim Industrial Production m/m,Low,1.3%,1.9%,
2012-03-30,1:00am,EUR,German Retail Sales m/m,Low,1.3%,-1.2%,
2012-03-30,1:45am,EUR,French Consumer Spending m/m,Low,0.2%,-0.4%,
2012-03-30,2:00am,CHF,KOF Economic Barometer,Low,0.06,-0.11,
2012-03-30,4:00am,EUR,CPI Flash Estimate y/y,Low,2.5%,2.7%,
2012-03-30,4:00am,EUR,Italian Prelim CPI m/m,Medium,0.2%,0.4%,
2012-03-30,Day 1,EUR,ECOFIN Meetings,Low,,,
2012-03-30,7:30am,USD,Core PCE Price Index m/m,Low,0.1%,0.2%,
2012-03-30,7:30am,USD,Personal Spending m/m,Low,0.6%,0.4%,
2012-03-30,7:30am,USD,Personal Income m/m,Medium,0.4%,0.2%,
2012-03-30,8:45am,USD,Chicago PMI,Low,63.2,64.0,
2012-03-30,8:55am,USD,Revised UoM Consumer Sentiment,Low,74.9,74.3,
2012-03-30,8:55am,USD,Revised UoM Inflation Expectations,Medium,,4.0%,
2012-04-01,6:50pm,JPY,Tankan Manufacturing Index,Low,0,-4,
2012-04-01,6:50pm,JPY,Tankan Non-Manufacturing Index,Low,5,4,
2012-04-02,2:15am,CHF,Retail Sales y/y,High,3.2%,4.7%,
2012-04-02,2:15am,EUR,Spanish Manufacturing PMI,Low,,45.0,
2012-04-02,2:30am,CHF,Manufacturing PMI,Low,49.5,49.0,
2012-04-02,2:45am,EUR,Italian Manufacturing PMI,Low,47.8,47.8,
2012-04-02,2:50am,EUR,French Final Manufacturing PMI,Medium,47.6,47.6,
2012-04-02,2:55am,EUR,German Final Manufacturing PMI,Medium,48.1,48.1,
2012-04-02,3:00am,EUR,Final Manufacturing PMI,Medium,47.7,47.7,
2012-04-02,3:30am,GBP,Final Manufacturing PMI,High,50.6,51.5,
2012-04-02,3:30am,GBP,Housing Equity Withdrawal q/q,Medium,-7.4B,-8.5B,
2012-04-02,4:00am,EUR,Unemployment Rate,Low,10.8%,10.7%,
2012-04-02,4:00am,EUR,Italian Monthly Unemployment Rate,Medium,9.2%,9.1%,
2012-04-02,4:00am,EUR,Italian Quarterly Unemployment Rate,Medium,8.6%,8.4%,
2012-04-02,9:00am,USD,ISM Manufacturing PMI,High,53.3,52.4,
2012-04-02,9:00am,USD,Construction Spending m/m,Medium,0.7%,-0.8%,
2012-04-02,9:00am,USD,ISM Manufacturing Prices,Medium,63.2,61.5,
2012-04-02,11:35am,USD,FOMC Member Pianalto Speaks,Low,,,
2012-04-02,6:50pm,JPY,Monetary Base y/y,Medium,12.6%,11.3%,
2012-04-02,8:30pm,JPY,Average Cash Earnings y/y,Low,0.2%,-0.9%,
2012-04-02,10:45pm,JPY,10-y Bond Auction,Medium,,0.97|3.3,
2012-04-03,3:30am,GBP,Construction PMI,High,53.6,54.3,
2012-04-03,4:00am,EUR,PPI m/m,Medium,0.5%,0.8%,
2012-04-03,4:08am,EUR,Final GDP q/q,Medium,-0.3%,-0.3%,
2012-04-03,4:36am,GBP,10-y Bond Auction,Low,,2.18|2.1,
2012-04-03,9:00am,USD,Factory Orders m/m,Low,1.5%,-1.1%,
2012-04-03,All Day,USD,Total Vehicle Sales,Medium,14.6M,15.1M,
2012-04-03,1:00pm,USD,FOMC Meeting Minutes,High,,,
2012-04-03,3:05pm,USD,FOMC Member Williams Speaks,Low,,,
2012-04-03,6:00pm,GBP,BRC Shop Price Index y/y,Medium,,1.2%,
2012-04-04,2:15am,EUR,Spanish Services PMI,Medium,,41.9,
2012-04-04,2:45am,EUR,Italian Services PMI,Medium,44.5,44.1,
2012-04-04,2:50am,EUR,French Final Services PMI,Medium,50.0,50.0,
2012-04-04,2:55am,EUR,German Final Services PMI,Medium,51.8,51.8,
2012-04-04,3:00am,EUR,Final Services PMI,Medium,48.7,48.7,
2012-04-04,3:30am,GBP,Final Services PMI,High,53.5,53.8,
2012-04-04,3:45am,EUR,Spanish 10-y Bond Auction,High,,5.40|2.2,
2012-04-04,4:00am,EUR,Retail Sales m/m,Low,0.1%,1.1%,
2012-04-04,5:00am,EUR,German Factory Orders m/m,Low,1.2%,-1.8%,
2012-04-04,6:45am,EUR,Main Refinancing Rate,High,1.00%,1.00%,
2012-04-04,7:00am,USD,Treasury Sec Geithner Speaks,Low,,,
2012-04-04,7:15am,USD,ADP Non-Farm Employment Change,High,205K,230K,
2012-04-04,7:30am,EUR,ECB Press Conference,High,,,
2012-04-04,9:00am,USD,ISM Services PMI,High,56.9,57.3,
2012-04-04,9:30am,USD,Crude Oil Inventories,Low,2.1M,7.1M,
2012-04-04,10:00am,USD,FOMC Member Williams Speaks,Low,,,
2012-04-05,2:15am,CHF,CPI m/m,High,0.4%,0.3%,
2012-04-05,3:30am,GBP,Manufacturing Production m/m,High,0.1%,-0.3%,
2012-04-05,3:30am,GBP,Industrial Production m/m,Medium,0.4%,-0.6%,
2012-04-05,4:02am,EUR,French 10-y Bond Auction,Low,,2.91|2.2,
2012-04-05,5:00am,EUR,German Industrial Production m/m,Low,-0.3%,1.2%,
2012-04-05,6:00am,GBP,Asset Purchase Facility,High,325B,325B,
2012-04-05,6:00am,GBP,Official Bank Rate,High,0.50%,0.50%,
2012-04-05,6:30am,USD,Challenger Job Cuts y/y,Medium,,2.0%,
2012-04-05,7:30am,USD,Unemployment Claims,High,355K,363K,
2012-04-05,9:00am,GBP,NIESR GDP Estimate,Low,,0.0%,
2012-04-05,9:30am,USD,Natural Gas Storage,Medium,35B,57B,
2012-04-06,All Day,CHF,Bank Holiday,Low,,,
2012-04-06,All Day,EUR,German Bank Holiday,Low,,,
2012-04-06,1:45am,EUR,French Gov Budget Balance,Medium,,-12.5B,
2012-04-06,1:45am,EUR,French Trade Balance,Medium,-5.1B,-5.6B,
2012-04-06,All Day,GBP,Bank Holiday,Low,,,
2012-04-06,7:30am,USD,Non-Farm Employment Change,High,207K,240K,
2012-04-06,7:30am,USD,Unemployment Rate,High,8.3%,8.3%,
2012-04-06,7:30am,USD,Average Hourly Earnings m/m,Low,0.2%,0.3%,
2012-04-06,2:00pm,USD,Consumer Credit m/m,Medium,12.5B,18.6B,
2012-04-08,6:50pm,JPY,Current Account,High,0.66T,0.14T,
2012-04-09,All Day,CHF,Bank Holiday,Low,,,
2012-04-09,All Day,EUR,Italian Bank Holiday,Low,,,
2012-04-09,All Day,EUR,French Bank Holiday,Low,,,
2012-04-09,All Day,EUR,German Bank Holiday,Low,,,
2012-04-09,All Day,GBP,Bank Holiday,Low,,,
2012-04-09,6:01pm,GBP,RICS House Price Balance,Low,-12%,-13%,
2012-04-09,6:15pm,USD,Fed Chairman Bernanke Speaks,High,,,
2012-04-09,6:30pm,GBP,MPC Member Posen Speaks,Low,,,
2012-04-09,10:09pm,JPY,Monetary Policy Statement,High,,,
2012-04-09,10:09pm,JPY,Overnight Call Rate,High,<0.10%,<0.10%,
2012-04-10,1:00am,EUR,German Trade Balance,Medium,13.6B,15.1B,
2012-04-10,1:00am,JPY,Prelim Machine Tool Orders y/y,Medium,,-8.4%,
2012-04-10,1:45am,EUR,French Industrial Production m/m,Low,0.2%,0.2%,
2012-04-10,2:31am,JPY,BOJ Press Conference,High,,,
2012-04-10,3:30am,EUR,Sentix Investor Confidence,Low,-7.7,-8.2,
2012-04-10,4:00am,GBP,CB Leading Index m/m,Medium,,0.7%,
2012-04-10,6:30am,USD,NFIB Small Business Index,Medium,94.9,94.3,
2012-04-10,9:00am,USD,Final Wholesale Inventories m/m,Medium,0.5%,0.6%,
2012-04-10,9:00am,USD,JOLTS Job Openings,Medium,,3.48M,
2012-04-10,9:00am,USD,RCM/TIPP Economic Optimism,Medium,49.1,47.5,
2012-04-10,11:45am,USD,FOMC Member Lockhart Speaks,Low,,,
2012-04-10,6:01pm,GBP,BRC Retail Sales Monitor y/y,Low,,-0.3%,
2012-04-10,6:50pm,JPY,Core Machinery Orders m/m,Low,-0.7%,3.4%,
2012-04-10,6:50pm,JPY,Bank Lending y/y,Medium,,0.6%,
2012-04-11,1:00am,EUR,German WPI m/m,Medium,0.9%,1.0%,
2012-04-11,4:33am,EUR,German 10-y Bond Auction,Low,,1.83|1.4,
2012-04-11,7:30am,USD,Import Prices m/m,Low,0.8%,-0.1%,
2012-04-11,9:30am,USD,Crude Oil Inventories,Low,2.1M,9.0M,
2012-04-11,12:00pm,USD,10-y Bond Auction,Low,,2.08|3.2,
2012-04-11,12:54pm,USD,Federal Budget Balance,Low,-202.5B,-231.7B,
2012-04-11,1:00pm,USD,Beige Book,Low,,,
2012-04-11,4:30pm,USD,FOMC Member Yellen Speaks,Low,,,
2012-04-11,6:50pm,JPY,M2 Money Stock y/y,Medium,2.8%,2.9%,
2012-04-11,6:50pm,JPY,PPI y/y,Medium,0.4%,0.6%,
2012-04-11,10:45pm,JPY,30-y Bond Auction,Medium,,1.96|4.0,
2012-04-12,3:00am,EUR,ECB Monthly Bulletin,Low,,,
2012-04-12,3:30am,GBP,Goods Trade Balance,Low,-7.7B,-7.9B,
2012-04-12,4:00am,EUR,Industrial Production m/m,Low,-0.2%,0.0%,
2012-04-12,4:32am,EUR,Italian 10-y Bond Auction,High,,5.24|1.7,
2012-04-12,6:15am,USD,FOMC Member Dudley Speaks,Medium,,,
2012-04-12,7:30am,USD,PPI m/m,High,0.3%,0.4%,
2012-04-12,7:30am,USD,Trade Balance,High,-51.9B,-52.5B,
2012-04-12,7:30am,USD,Unemployment Claims,High,355K,367K,
2012-04-12,7:30am,USD,Core PPI m/m,Low,0.2%,0.2%,
2012-04-12,8:00am,USD,FOMC Member Lockhart Speaks,Low,,,
2012-04-12,9:30am,USD,Natural Gas Storage,Medium,22B,42B,
2012-04-12,10:00am,USD,FOMC Member Dudley Speaks,Medium,,,
2012-04-12,12:00pm,USD,30-y Bond Auction,Medium,,3.38|2.7,
2012-04-12,1:00pm,GBP,MPC Member Posen Speaks,Low,,,
2012-04-12,2:30pm,USD,FOMC Member Raskin Speaks,Low,,,
2012-04-12,6:50pm,JPY,Monetary Policy Meeting Minutes,Low,,,
2012-04-13,3:00am,EUR,Italian Industrial Production m/m,Medium,0.2%,-2.6%,
2012-04-13,3:30am,GBP,PPI Input m/m,High,1.2%,2.5%,
2012-04-13,3:30am,GBP,PPI Output m/m,Medium,0.5%,0.6%,
2012-04-13,7:00am,USD,FOMC Member Dudley Speaks,Medium,,,
2012-04-13,7:30am,USD,Core CPI m/m,High,0.2%,0.1%,
2012-04-13,7:30am,USD,CPI y/y,High,2.7%,2.9%,
2012-04-13,7:30am,USD,CPI m/m,Low,0.2%,0.4%,
2012-04-13,8:55am,USD,Prelim UoM Consumer Sentiment,High,76.4,76.2,
2012-04-13,8:55am,USD,Prelim UoM Inflation Expectations,Medium,,3.9%,
2012-04-13,12:00pm,USD,Fed Chairman Bernanke Speaks,High,,,
2012-04-15,6:01pm,GBP,Rightmove HPI m/m,Low,,1.6%,
2012-04-16,2:15am,CHF,PPI m/m,Low,0.5%,0.8%,
2012-04-16,3:00am,EUR,Italian Trade Balance,Medium,-1.85B,-4.35B,
2012-04-16,4:00am,EUR,Trade Balance,Medium,4.7B,5.3B,
2012-04-16,7:30am,USD,Core Retail Sales m/m,High,0.6%,0.9%,
2012-04-16,7:30am,USD,Retail Sales m/m,High,0.4%,1.0%,
2012-04-16,7:30am,USD,Empire State Manufacturing Index,Low,18.1,20.2,
2012-04-16,7:56am,USD,TIC Long-Term Purchases,High,40.7B,102.4B,
2012-04-16,9:00am,USD,Business Inventories m/m,Low,0.7%,0.8%,
2012-04-16,9:00am,USD,NAHB Housing Market Index,Medium,28,28,
2012-04-16,11:30am,USD,FOMC Member Pianalto Speaks,Low,,,
2012-04-16,11:30pm,JPY,Revised Industrial Production m/m,Medium,-1.2%,-1.2%,
2012-04-17,3:30am,GBP,CPI y/y,High,3.5%,3.4%,
2012-04-17,3:30am,GBP,RPI y/y,Low,3.6%,3.7%,
2012-04-17,3:30am,GBP,Core CPI y/y,Medium,2.4%,2.4%,
2012-04-17,3:30am,GBP,ONS HPI y/y,Medium,0.3%,0.0%,
2012-04-17,4:00am,EUR,German ZEW Economic Sentiment,High,19.7,22.3,
2012-04-17,4:00am,EUR,Final Core CPI y/y,Low,1.5%,1.5%,
2012-04-17,4:00am,EUR,Final CPI y/y,Low,2.6%,2.6%,
2012-04-17,4:00am,EUR,ZEW Economic Sentiment,Low,10.7,11.0,
2012-04-17,7:30am,EUR,ECB President Draghi Speaks,Low,,,
2012-04-17,7:30am,USD,Building Permits,High,0.71M,0.72M,
2012-04-17,7:30am,USD,Housing Starts,Low,0.71M,0.69M,
2012-04-17,8:15am,USD,Capacity Utilization Rate,Low,78.6%,78.4%,
2012-04-17,8:15am,USD,Industrial Production m/m,Low,0.4%,0.0%,
2012-04-17,9:30am,GBP,MPC Member Posen Speaks,Low,,,
2012-04-17,10:00am,USD,President Obama Speaks,Medium,,,
2012-04-18,WedApr 18,GBP,MPC Member Tucker Speaks,Low,,,
2012-04-18,3:30am,GBP,Claimant Count Change,High,6.6K,4.5K,
2012-04-18,3:30am,GBP,MPC Asset Purchase Facility Votes,High,2-0-7,2-0-7,
2012-04-18,3:30am,GBP,MPC Official Bank Rate Votes,High,0-0-9,0-0-9,
2012-04-18,3:30am,GBP,Unemployment Rate,Low,8.4%,8.4%,
2012-04-18,3:30am,GBP,Average Earnings Index 3m/y,Medium,1.3%,1.3%,
2012-04-18,4:00am,CHF,UBS Economic Expectations,Low,,0.0,
2012-04-18,9:30am,USD,Crude Oil Inventories,Low,1.5M,2.8M,
2012-04-18,5:30pm,JPY,BOJ Gov Shirakawa Speaks,Low,,,
2012-04-18,6:50pm,JPY,Trade Balance,Low,-0.44T,-0.32T,
2012-04-19,7:30am,USD,Unemployment Claims,High,370K,388K,
2012-04-19,9:00am,EUR,Consumer Confidence,Medium,-19,-19,
2012-04-19,9:00am,USD,Existing Home Sales,High,4.62M,4.60M,
2012-04-19,9:00am,USD,Philly Fed Manufacturing Index,High,12.1,12.5,
2012-04-19,9:00am,USD,CB Leading Index m/m,Medium,0.2%,0.7%,
2012-04-19,9:30am,USD,Natural Gas Storage,Medium,10B,8B,
2012-04-19,12:00pm,GBP,MPC Member Posen Speaks,Low,,,
2012-04-19,6:50pm,JPY,Tertiary Industry Activity m/m,Low,0.8%,-0.6%,
2012-04-20,3:00am,EUR,German ifo Business Climate,High,109.6,109.8,
2012-04-20,3:30am,GBP,Retail Sales m/m,High,0.4%,-0.8%,
2012-04-23,MonApr 23,EUR,French Flash Services PMI,Low,50.3,50.1,
2012-04-23,2:30am,EUR,German Flash Manufacturing PMI,Low,49.0,48.4,
2012-04-23,2:30am,EUR,German Flash Services PMI,Low,52.4,52.1,
2012-04-23,3:00am,EUR,Flash Manufacturing PMI,Low,48.1,47.7,
2012-04-23,3:00am,EUR,Flash Services PMI,Low,49.4,49.2,
2012-04-23,4:00am,GBP,MPC Member Fisher Speaks,Low,,,
2012-04-23,5:00am,EUR,German Buba Monthly Report,Medium,,,
2012-04-23,6:50pm,JPY,SPPI y/y,Medium,-0.6%,-0.6%,
2012-04-24,TueApr 24,CHF,UBS Consumption Indicator,Medium,,0.90,
2012-04-24,3:30am,GBP,Public Sector Net Borrowing,High,15.0B,9.9B,
2012-04-24,4:00am,EUR,Industrial New Orders m/m,Low,1.4%,-2.8%,
2012-04-24,8:00am,EUR,Belgian NBB Business Climate,Low,-8.3,-9.6,
2012-04-24,8:00am,USD,S&P/CS Composite-20 HPI y/y,Low,-3.5%,-3.9%,
2012-04-24,8:59am,USD,Richmond Manufacturing Index,Medium,7,7,
2012-04-24,9:00am,USD,CB Consumer Confidence,High,69.9,69.5,
2012-04-24,9:00am,USD,New Home Sales,High,321K,353K,
2012-04-24,9:00am,USD,HPI m/m,Medium,0.1%,-0.5%,
2012-04-24,10:00am,EUR,German Buba President Weidmann Speaks,Low,,,
2012-04-25,2:00am,EUR,ECB President Draghi Speaks,High,,,
2012-04-25,3:30am,GBP,Prelim GDP q/q,High,0.1%,-0.3%,
2012-04-25,3:30am,GBP,Index of Services 3m/3m,Medium,0.6%,0.2%,
2012-04-25,4:34am,EUR,German 30-y Bond Auction,Medium,,2.62|2.1,
2012-04-25,5:00am,GBP,CBI Industrial Order Expectations,Low,-6,-8,
2012-04-25,7:30am,USD,Core Durable Goods Orders m/m,High,0.6%,1.9%,
2012-04-25,7:30am,USD,Durable Goods Orders m/m,Low,-1.5%,1.9%,
2012-04-25,9:30am,USD,Crude Oil Inventories,Low,2.7M,3.9M,
2012-04-25,11:30am,USD,FOMC Statement,High,,,
2012-04-25,11:30am,USD,Federal Funds Rate,Low,<0.25%,<0.25%,
2012-04-25,1:00pm,USD,FOMC Economic Projections,High,,,
2012-04-25,1:15pm,USD,FOMC Press Conference,High,,,
2012-04-25,4:15pm,USD,Treasury Sec Geithner Speaks,Low,,,
2012-04-25,6:01pm,GBP,Nationwide Consumer Confidence,Low,42,44,
2012-04-25,11:30pm,JPY,All Industries Activity m/m,Medium,0.0%,-1.0%,
2012-04-26,2:30am,EUR,ECB President Draghi Speaks,Low,,,
2012-04-26,3:30am,GBP,High Street Lending,Low,34.3K,32.8K,
2012-04-26,5:00am,GBP,CBI Realized Sales,Low,-4,0,
2012-04-26,7:30am,USD,Unemployment Claims,High,374K,389K,
2012-04-26,9:00am,USD,Pending Home Sales m/m,High,1.2%,0.4%,
2012-04-26,9:30am,USD,Natural Gas Storage,Medium,46B,25B,
2012-04-26,6:01pm,GBP,GfK Consumer Confidence,Low,-29,-31,
2012-04-26,6:15pm,JPY,Final Manufacturing PMI,Medium,,51.1,
2012-04-26,6:30pm,JPY,Household Spending y/y,Low,3.7%,2.3%,
2012-04-26,6:30pm,JPY,Tokyo Core CPI y/y,Low,-0.3%,-0.3%,
2012-04-26,6:30pm,JPY,National Core CPI y/y,Medium,0.1%,0.1%,
2012-04-26,6:30pm,JPY,Unemployment Rate,Medium,4.5%,4.5%,
2012-04-26,6:50pm,JPY,Prelim Industrial Production m/m,Low,2.3%,-1.6%,
2012-04-26,6:50pm,JPY,Retail Sales y/y,Low,10.6%,3.4%,
2012-04-26,10:46pm,JPY,Monetary Policy Statement,High,,,
2012-04-26,10:46pm,JPY,Overnight Call Rate,High,<0.10%,<0.10%,
2012-04-27,1:00am,EUR,German GfK Consumer Climate,Low,5.9,5.8,
2012-04-27,1:00am,EUR,German Import Prices m/m,Medium,0.9%,1.0%,
2012-04-27,1:00am,JPY,BOJ Outlook Report,Low,,,
2012-04-27,1:45am,EUR,French Consumer Spending m/m,Low,-1.6%,2.9%,
2012-04-27,2:00am,CHF,KOF Economic Barometer,Low,0.26,0.09,
2012-04-27,2:00am,EUR,Spanish Unemployment Rate,Low,23.7%,22.9%,
2012-04-27,2:00am,EUR,Spanish Flash CPI y/y,Medium,1.8%,1.9%,
2012-04-27,2:34am,JPY,BOJ Press Conference,High,,,
2012-04-27,2:40am,GBP,MPC Member Tucker Speaks,Low,,,
2012-04-27,3:00am,CHF,SNB Chairman Jordan Speaks,High,,,
2012-04-27,3:00am,EUR,Retail PMI,Medium,,49.1,
2012-04-27,3:00am,EUR,Italian Retail Sales m/m,Medium,-0.1%,1.1%,
2012-04-27,4:17am,EUR,Italian 10-y Bond Auction,High,,5.57|1.8,
2012-04-27,7:30am,USD,Advance GDP q/q,High,2.6%,3.0%,
2012-04-27,7:30am,USD,Advance GDP Price Index q/q,Low,2.3%,0.9%,
2012-04-27,7:30am,USD,Employment Cost Index q/q,Low,0.5%,0.4%,
2012-04-27,8:55am,USD,Revised UoM Consumer Sentiment,Low,75.8,75.7,
2012-04-27,8:55am,USD,Revised UoM Inflation Expectations,Medium,,3.4%,
2012-04-29,All Day,JPY,Bank Holiday,Low,,,
2012-04-30,2:00am,EUR,Spanish Flash GDP q/q,Low,-0.5%,-0.3%,
2012-04-30,3:00am,EUR,M3 Money Supply y/y,Low,2.8%,2.8%,
2012-04-30,3:00am,EUR,Private Loans y/y,Medium,0.8%,0.8%,
2012-04-30,4:00am,EUR,CPI Flash Estimate y/y,Low,2.5%,2.7%,
2012-04-30,4:00am,EUR,Italian Prelim CPI m/m,Medium,0.3%,0.5%,
2012-04-30,7:30am,USD,Core PCE Price Index m/m,Low,0.2%,0.1%,
2012-04-30,7:30am,USD,Personal Spending m/m,Low,0.4%,0.9%,
2012-04-30,7:30am,USD,Personal Income m/m,Medium,0.3%,0.3%,
2012-04-30,8:45am,USD,Chicago PMI,Low,60.9,62.2,
2012-04-30,1:00pm,USD,Loan Officer Survey,Medium,,,
2012-05-01,All Day,EUR,French Bank Holiday,Low,,,
2012-05-01,All Day,EUR,Italian Bank Holiday,Low,,,
2012-05-01,All Day,EUR,German Bank Holiday,Low,,,
2012-05-01,3:30am,GBP,Final Manufacturing PMI,High,51.4,51.9,
2012-05-01,9:00am,USD,ISM Manufacturing PMI,High,53.0,53.4,
2012-05-01,9:00am,USD,Construction Spending m/m,Medium,0.5%,-1.4%,
2012-05-01,9:00am,USD,ISM Manufacturing Prices,Medium,59.1,61.0,
2012-05-01,10:00am,USD,FOMC Member Williams Speaks,Low,,,
2012-05-01,All Day,USD,Total Vehicle Sales,Medium,14.5M,14.4M,
2012-05-01,10:30am,USD,FOMC Member Lacker Speaks,Low,,,
2012-05-01,11:30am,USD,FOMC Member Lockhart Speaks,Low,,,
2012-05-01,6:50pm,JPY,Monetary Base y/y,Medium,4.1%,-0.2%,
2012-05-01,8:30pm,JPY,Average Cash Earnings y/y,Low,0.4%,0.1%,
2012-05-02,2:30am,CHF,Manufacturing PMI,Low,51.6,51.1,
2012-05-02,2:45am,EUR,Italian Manufacturing PMI,Low,47.2,47.9,
2012-05-02,2:50am,EUR,French Final Manufacturing PMI,Medium,47.3,47.3,
2012-05-02,2:55am,EUR,German Unemployment Change,Low,-9K,-13K,
2012-05-02,2:55am,EUR,German Final Manufacturing PMI,Medium,46.3,46.3,
2012-05-02,3:00am,EUR,Final Manufacturing PMI,Medium,46.0,46.0,
2012-05-02,3:00am,EUR,Italian Monthly Unemployment Rate,Medium,9.3%,9.6%,
2012-05-02,3:30am,GBP,Construction PMI,High,54.1,56.7,
2012-05-02,3:30am,GBP,M4 Money Supply m/m,Medium,0.4%,-1.9%,
2012-05-02,3:30am,GBP,Mortgage Approvals,Medium,48K,49K,
2012-05-02,3:33am,GBP,Net Lending to Individuals m/m,Low,1.5B,1.3B,
2012-05-02,4:00am,EUR,Unemployment Rate,Low,10.9%,10.8%,
2012-05-02,All Day,EUR,ECOFIN Meetings,Low,,,
2012-05-02,7:00am,USD,FOMC Member Tarullo Speaks,Medium,,,
2012-05-02,7:15am,USD,ADP Non-Farm Employment Change,High,178K,201K,
2012-05-02,9:00am,USD,Factory Orders m/m,Low,-1.5%,1.1%,
2012-05-02,9:30am,USD,Crude Oil Inventories,Low,2.3M,4.0M,
2012-05-02,11:30am,USD,FOMC Member Lacker Speaks,Low,,,
2012-05-02,All Day,JPY,Bank Holiday,Low,,,
2012-05-03,3:30am,GBP,Final Services PMI,High,54.4,55.3,
2012-05-03,3:58am,EUR,French 10-y Bond Auction,Low,,2.98|2.6,
2012-05-03,4:00am,EUR,PPI m/m,Medium,0.6%,0.6%,
2012-05-03,6:30am,USD,Challenger Job Cuts y/y,Medium,,-8.8%,
2012-05-03,6:45am,EUR,Main Refinancing Rate,High,1.00%,1.00%,
2012-05-03,7:30am,EUR,ECB Press Conference,High,,,
2012-05-03,7:30am,USD,Unemployment Claims,High,381K,392K,
2012-05-03,7:30am,USD,Prelim Nonfarm Productivity q/q,Low,-0.4%,0.9%,
2012-05-03,7:30am,USD,Prelim Unit Labor Costs q/q,Low,2.7%,2.8%,
2012-05-03,9:00am,USD,ISM Services PMI,High,55.5,56.0,
2012-05-03,9:30am,USD,Natural Gas Storage,Medium,31B,47B,
2012-05-03,10:00am,USD,FOMC Member Williams Speaks,Low,,,
2012-05-03,12:00pm,USD,FOMC Member Lockhart Speaks,Low,,,
2012-05-03,All Day,JPY,Bank Holiday,Low,,,
2012-05-04,FriMay 4,GBP,Halifax HPI m/m,Low,-0.4%,2.2%,
2012-05-04,2:15am,CHF,Retail Sales y/y,High,1.2%,0.8%,
2012-05-04,2:15am,EUR,Spanish Services PMI,Medium,,46.3,
2012-05-04,2:45am,EUR,Italian Services PMI,Medium,43.7,44.3,
2012-05-04,2:50am,EUR,French Final Services PMI,Medium,46.4,46.4,
2012-05-04,2:55am,EUR,German Final Services PMI,Medium,52.6,52.6,
2012-05-04,3:00am,EUR,Final Services PMI,Medium,47.9,47.9,
2012-05-04,4:00am,EUR,Retail Sales m/m,Low,0.1%,-0.2%,
2012-05-04,7:30am,USD,Non-Farm Employment Change,High,173K,154K,
2012-05-04,7:30am,USD,Unemployment Rate,High,8.2%,8.2%,
2012-05-04,7:30am,USD,Average Hourly Earnings m/m,Low,0.2%,0.2%,
2012-05-04,10:25am,USD,FOMC Member Williams Speaks,Low,,,
2012-05-06,All Day,EUR,French Presidential Election,High,,,
2012-05-06,6:50pm,JPY,Monetary Policy Meeting Minutes,Low,,,
2012-05-07,2:00am,CHF,Foreign Currency Reserves,High,,238B,
2012-05-07,All Day,GBP,Bank Holiday,Low,,,
2012-05-07,2:15am,CHF,CPI m/m,High,0.2%,0.6%,
2012-05-07,3:30am,EUR,Sentix Investor Confidence,Low,-15.3,-14.7,
2012-05-07,5:00am,EUR,German Factory Orders m/m,Low,0.5%,0.6%,
2012-05-07,2:00pm,USD,Consumer Credit m/m,Medium,9.6B,9.3B,
2012-05-07,6:01pm,GBP,RICS House Price Balance,Low,-10%,-11%,
2012-05-07,6:01pm,GBP,BRC Shop Price Index y/y,Medium,,1.5%,
2012-05-07,6:15pm,USD,FOMC Member Lacker Speaks,Low,,,
2012-05-07,10:45pm,JPY,10-y Bond Auction,Medium,,1.01|2.7,
2012-05-08,3:45am,USD,FOMC Member Dudley Speaks,Medium,,,
2012-05-08,5:00am,EUR,German Industrial Production m/m,Low,0.8%,-0.3%,
2012-05-08,6:30am,USD,NFIB Small Business Index,Medium,93.1,92.5,
2012-05-08,7:30am,EUR,ECB President Draghi Speaks,Low,,,
2012-05-08,8:45am,USD,FOMC Member Lacker Speaks,Low,,,
2012-05-08,9:00am,USD,JOLTS Job Openings,Medium,,3.57M,
2012-05-08,9:00am,USD,RCM/TIPP Economic Optimism,Medium,50.3,49.3,
2012-05-08,6:01pm,GBP,BRC Retail Sales Monitor y/y,Low,,1.3%,
2012-05-09,1:00am,EUR,German Trade Balance,Medium,13.4B,13.7B,
2012-05-09,1:45am,EUR,French Trade Balance,Medium,-5.8B,-6.3B,
2012-05-09,4:38am,GBP,30-y Bond Auction,Medium,,3.43|1.7,
2012-05-09,9:00am,USD,Final Wholesale Inventories m/m,Medium,0.6%,0.9%,
2012-05-09,9:30am,USD,Crude Oil Inventories,Low,2.0M,2.8M,
2012-05-09,9:45am,USD,FOMC Member Pianalto Speaks,Low,,,
2012-05-09,12:00pm,USD,10-y Bond Auction,Low,,2.04|3.1,
2012-05-09,6:50pm,JPY,Current Account,High,0.65T,0.86T,
2012-05-09,6:50pm,JPY,Bank Lending y/y,Medium,,0.8%,
2012-05-10,1:45am,EUR,French Industrial Production m/m,Low,-0.4%,0.9%,
2012-05-10,1:45am,EUR,French Gov Budget Balance,Medium,,-24.2B,
2012-05-10,3:00am,EUR,ECB Monthly Bulletin,Low,,,
2012-05-10,3:00am,EUR,Italian Industrial Production m/m,Medium,0.0%,-0.7%,
2012-05-10,3:30am,GBP,Manufacturing Production m/m,High,0.5%,-1.1%,
2012-05-10,3:30am,GBP,Industrial Production m/m,Medium,-0.2%,0.4%,
2012-05-10,6:00am,GBP,Asset Purchase Facility,High,325B,325B,
2012-05-10,6:00am,GBP,Official Bank Rate,High,0.50%,0.50%,
2012-05-10,7:30am,USD,Trade Balance,High,-49.8B,-45.4B,
2012-05-10,7:30am,USD,Unemployment Claims,High,371K,368K,
2012-05-10,7:30am,USD,Import Prices m/m,Low,-0.1%,1.5%,
2012-05-10,8:30am,USD,Fed Chairman Bernanke Speaks,High,,,
2012-05-10,9:00am,GBP,NIESR GDP Estimate,Low,,-0.2%,
2012-05-10,9:30am,USD,Natural Gas Storage,Medium,33B,28B,
2012-05-10,12:00pm,USD,30-y Bond Auction,Medium,,3.23|2.8,
2012-05-10,12:59pm,USD,Federal Budget Balance,Low,30.5B,-198.2B,
2012-05-10,6:01pm,GBP,Nationwide Consumer Confidence,Low,52,53,
2012-05-10,6:50pm,JPY,M2 Money Stock y/y,Medium,3.0%,3.0%,
2012-05-11,1:00am,EUR,German Final CPI m/m,Medium,0.1%,0.1%,
2012-05-11,3:30am,GBP,PPI Input m/m,High,-0.9%,1.7%,
2012-05-11,3:30am,GBP,PPI Output m/m,Medium,0.4%,0.6%,
2012-05-11,4:00am,EUR,EU Economic Forecasts,Low,,,
2012-05-11,7:30am,USD,PPI m/m,High,0.0%,0.0%,
2012-05-11,7:30am,USD,Core PPI m/m,Low,0.2%,0.3%,
2012-05-11,8:55am,USD,Prelim UoM Consumer Sentiment,High,76.4,76.4,
2012-05-11,8:55am,USD,Prelim UoM Inflation Expectations,Medium,,3.2%,
2012-05-13,6:50pm,JPY,PPI y/y,Medium,-0.2%,0.5%,
2012-05-14,1:05am,JPY,Prelim Machine Tool Orders y/y,Medium,,2.4%,
2012-05-14,2:15am,CHF,PPI m/m,Low,0.4%,0.3%,
2012-05-14,All Day,EUR,Eurogroup Meetings,Low,,,
2012-05-14,4:00am,EUR,Industrial Production m/m,Low,0.5%,0.8%,
2012-05-14,4:28am,EUR,Italian 10-y Bond Auction,High,,5.84|1.5,
2012-05-14,10:45am,CHF,SNB Chairman Jordan Speaks,High,,,
2012-05-15,12:30am,EUR,French Prelim GDP q/q,Low,0.0%,0.1%,
2012-05-15,12:30am,EUR,French Final CPI m/m,Medium,0.3%,0.8%,
2012-05-15,1:00am,EUR,German Prelim GDP q/q,Low,0.1%,-0.2%,
2012-05-15,1:45am,EUR,French Prelim Private Payrolls q/q,Low,-0.2%,-0.1%,
2012-05-15,3:00am,EUR,Italian Prelim GDP q/q,Low,-0.6%,-0.7%,
2012-05-15,3:30am,GBP,Goods Trade Balance,Low,-8.4B,-8.6B,
2012-05-15,4:00am,EUR,German ZEW Economic Sentiment,High,19.1,23.4,
2012-05-15,4:00am,EUR,Flash GDP q/q,Low,-0.2%,-0.3%,
2012-05-15,4:00am,EUR,ZEW Economic Sentiment,Low,11.7,13.1,
2012-05-15,4:00am,GBP,CB Leading Index m/m,Medium,,1.0%,
2012-05-15,All Day,EUR,ECOFIN Meetings,Low,,,
2012-05-15,7:30am,USD,Core CPI m/m,High,0.2%,0.2%,
2012-05-15,7:30am,USD,Core Retail Sales m/m,High,0.3%,0.8%,
2012-05-15,7:30am,USD,CPI y/y,High,2.3%,2.7%,
2012-05-15,7:30am,USD,Retail Sales m/m,High,0.2%,0.7%,
2012-05-15,7:30am,USD,CPI m/m,Low,0.1%,0.3%,
2012-05-15,7:30am,USD,Empire State Manufacturing Index,Low,9.3,6.6,
2012-05-15,8:00am,USD,TIC Long-Term Purchases,Low,19.4B,10.1B,
2012-05-15,8:30am,USD,FOMC Member Duke Speaks,Medium,,,
2012-05-15,9:00am,USD,Business Inventories m/m,Low,0.5%,0.6%,
2012-05-15,9:00am,USD,NAHB Housing Market Index,Medium,26,24,
2012-05-15,6:50pm,JPY,Core Machinery Orders m/m,Low,-3.4%,4.8%,
2012-05-15,6:50pm,JPY,Tertiary Industry Activity m/m,Low,-0.3%,0.0%,
2012-05-16,3:30am,GBP,Claimant Count Change,High,4.9K,-5.4K,
2012-05-16,3:30am,GBP,Unemployment Rate,Low,8.3%,8.3%,
2012-05-16,3:30am,GBP,Average Earnings Index 3m/y,Medium,1.1%,1.1%,
2012-05-16,4:00am,CHF,UBS Economic Expectations,Low,,2.1,
2012-05-16,4:00am,EUR,Final Core CPI y/y,Low,1.5%,1.6%,
2012-05-16,4:00am,EUR,Final CPI y/y,Low,2.6%,2.6%,
2012-05-16,4:00am,EUR,Trade Balance,Medium,4.3B,4.0B,
2012-05-16,4:30am,GBP,BOE Gov King Speaks,High,,,
2012-05-16,4:30am,GBP,BOE Monetary Policy Report,High,,,
2012-05-16,4:35am,EUR,German 10-y Bond Auction,Low,,1.77|1.1,
2012-05-16,7:30am,USD,Building Permits,High,0.73M,0.77M,
2012-05-16,7:30am,USD,Housing Starts,Low,0.69M,0.70M,
2012-05-16,8:00am,EUR,ECB President Draghi Speaks,Low,,,
2012-05-16,8:15am,USD,Capacity Utilization Rate,Low,78.9%,78.4%,
2012-05-16,8:15am,USD,Industrial Production m/m,Low,0.6%,-0.6%,
2012-05-16,9:00am,USD,Mortgage Delinquencies,Low,,7.58%,
2012-05-16,9:30am,USD,Crude Oil Inventories,Low,1.5M,3.7M,
2012-05-16,1:00pm,USD,FOMC Meeting Minutes,High,,,
2012-05-16,6:50pm,JPY,Prelim GDP q/q,High,0.9%,0.0%,
2012-05-16,6:50pm,JPY,Prelim GDP Price Index y/y,Medium,-1.4%,-1.9%,
2012-05-16,11:30pm,JPY,Revised Industrial Production m/m,Medium,1.1%,1.0%,
2012-05-17,All Day,EUR,French Bank Holiday,Low,,,
2012-05-17,All Day,EUR,German Bank Holiday,Low,,,
2012-05-17,6:00am,GBP,MPC Member Weale Speaks,Low,,,
2012-05-17,7:30am,USD,Unemployment Claims,High,368K,370K,
2012-05-17,7:30am,USD,Treasury Sec Geithner Speaks,Medium,,,
2012-05-17,9:00am,USD,Philly Fed Manufacturing Index,High,10.3,8.5,
2012-05-17,9:00am,USD,CB Leading Index m/m,Medium,0.1%,0.3%,
2012-05-17,9:30am,USD,Natural Gas Storage,Medium,25B,30B,
2012-05-20,6:01pm,GBP,Rightmove HPI m/m,Low,,2.9%,
2012-05-20,11:30pm,JPY,All Industries Activity m/m,Medium,0.0%,-0.1%,
2012-05-21,2:00am,GBP,MPC Member Posen Speaks,Low,,,
2012-05-21,4:15am,USD,FOMC Member Lockhart Speaks,Low,,,
2012-05-22,TueMay 22,GBP,Public Sector Net Borrowing,High,-8.5B,14.6B,
2012-05-22,TueMay 22,GBP,RPI y/y,Low,3.5%,3.6%,
2012-05-22,TueMay 22,GBP,Core CPI y/y,Medium,2.2%,2.5%,
2012-05-22,TueMay 22,GBP,ONS HPI y/y,Medium,0.5%,1.0%,
2012-05-22,5:15am,USD,FOMC Member Lockhart Speaks,Low,,,
2012-05-22,9:00am,EUR,Consumer Confidence,Medium,-20,-20,
2012-05-22,9:00am,USD,Existing Home Sales,High,4.62M,4.47M,
2012-05-22,9:00am,USD,Richmond Manufacturing Index,Medium,12,14,
2012-05-22,6:50pm,JPY,Trade Balance,Low,-0.60T,-0.62T,
2012-05-22,9:37pm,JPY,Monetary Policy Statement,High,,,
2012-05-22,9:37pm,JPY,Overnight Call Rate,High,<0.10%,<0.10%,
2012-05-23,3:00am,EUR,Current Account,Low,4.7B,-1.2B,
2012-05-23,All Day,EUR,EU Economic Summit,High,,,
2012-05-23,3:30am,GBP,MPC Asset Purchase Facility Votes,High,1-0-8,1-0-8,
2012-05-23,3:30am,GBP,MPC Official Bank Rate Votes,High,0-0-9,0-0-9,
2012-05-23,3:30am,GBP,Retail Sales m/m,High,-0.8%,2.0%,
2012-05-23,4:01am,EUR,Industrial New Orders m/m,Low,-0.1%,-0.4%,
2012-05-23,4:15am,GBP,MPC Member Bean Speaks,Low,,,
2012-05-23,5:00am,EUR,German Buba Monthly Report,Medium,,,
2012-05-23,5:00am,GBP,CBI Industrial Order Expectations,Low,-9,-8,
2012-05-23,9:00am,USD,New Home Sales,High,335K,332K,
2012-05-23,9:00am,USD,HPI m/m,Medium,0.4%,0.3%,
2012-05-23,9:30am,USD,Crude Oil Inventories,Low,0.8M,2.1M,
2012-05-24,1:00am,CHF,Trade Balance,Low,1.75B,1.58B,
2012-05-24,1:00am,EUR,German Final GDP q/q,Medium,0.5%,0.5%,
2012-05-24,2:00am,EUR,French Flash Manufacturing PMI,Low,47.1,46.9,
2012-05-24,2:00am,EUR,French Flash Services PMI,Low,45.8,45.2,
2012-05-24,2:30am,EUR,German Flash Manufacturing PMI,High,47.1,46.2,
2012-05-24,2:30am,EUR,German Flash Services PMI,Low,51.9,52.2,
2012-05-24,3:00am,EUR,German ifo Business Climate,High,109.4,109.9,
2012-05-24,3:00am,EUR,Flash Manufacturing PMI,Low,46.1,45.9,
2012-05-24,3:00am,EUR,Flash Services PMI,Low,46.9,46.9,
2012-05-24,3:30am,GBP,Second Estimate GDP q/q,High,-0.2%,-0.2%,
2012-05-24,3:30am,GBP,High Street Lending,Low,32.3K,31.9K,
2012-05-24,3:30am,GBP,Prelim Business Investment q/q,Low,3.2%,-3.3%,
2012-05-24,3:30am,GBP,Index of Services 3m/3m,Medium,0.2%,0.1%,
2012-05-24,6:15am,GBP,MPC Member Miles Speaks,Low,,,
2012-05-24,7:30am,USD,Core Durable Goods Orders m/m,High,1.1%,-0.8%,
2012-05-24,7:30am,USD,Unemployment Claims,High,372K,372K,
2012-05-24,7:30am,USD,Durable Goods Orders m/m,Low,0.5%,-3.7%,
2012-05-24,8:00am,EUR,ECB President Draghi Speaks,High,,,
2012-05-24,8:00am,EUR,Belgian NBB Business Climate,Low,-10.6,-10.7,
2012-05-24,8:00am,USD,Flash Manufacturing PMI,Low,,,
2012-05-24,9:30am,USD,FOMC Member Dudley Speaks,Low,,,
2012-05-24,9:30am,USD,Natural Gas Storage,Medium,77B,61B,
2012-05-24,12:00pm,USD,FOMC Member Dudley Speaks,Medium,,,
2012-05-24,2:00pm,USD,Treasury Sec Geithner Speaks,Low,,,
2012-05-24,6:30pm,JPY,Tokyo Core CPI y/y,Low,-0.6%,-0.5%,
2012-05-24,6:30pm,JPY,National Core CPI y/y,Medium,0.1%,0.2%,
2012-05-25,2:15am,CHF,Employment Level,Low,4.05M,4.04M,
2012-05-25,3:00am,EUR,Italian Retail Sales m/m,Medium,-0.1%,0.9%,
2012-05-25,8:00am,USD,Treasury Currency Report,Low,,,
2012-05-25,8:55am,USD,Revised UoM Consumer Sentiment,Low,77.7,77.8,
2012-05-25,8:55am,USD,Revised UoM Inflation Expectations,Medium,,3.1%,
2012-05-27,6:50pm,JPY,Monetary Policy Meeting Minutes,Low,,,
2012-05-27,6:50pm,JPY,SPPI y/y,Medium,-0.1%,-0.2%,
2012-05-28,All Day,EUR,French Bank Holiday,Low,,,
2012-05-28,All Day,EUR,German Bank Holiday,Low,,,
2012-05-28,All Day,USD,Bank Holiday,Low,,,
2012-05-28,10:00am,GBP,MPC Member Broadbent Speaks,Low,,,
2012-05-28,6:30pm,JPY,Household Spending y/y,Low,2.5%,3.4%,
2012-05-28,6:30pm,JPY,Unemployment Rate,Medium,4.5%,4.5%,
2012-05-28,6:50pm,JPY,Retail Sales y/y,Low,6.2%,10.3%,
2012-05-29,TueMay 29,EUR,German Import Prices m/m,Medium,-0.2%,0.7%,
2012-05-29,All Day,EUR,German Prelim CPI m/m,Low,-0.1%,0.2%,
2012-05-29,5:00am,GBP,CBI Realized Sales,Low,-7,-6,
2012-05-29,8:00am,USD,S&P/CS Composite-20 HPI y/y,Low,-2.7%,-3.5%,
2012-05-29,9:00am,USD,CB Consumer Confidence,High,69.8,68.7,
2012-05-29,6:15pm,JPY,Final Manufacturing PMI,Medium,,50.7,
2012-05-29,7:33pm,JPY,BOJ Gov Shirakawa Speaks,Low,,,
2012-05-30,WedMay 30,EUR,Spanish Flash CPI y/y,Medium,2.1%,2.1%,
2012-05-30,3:00am,EUR,M3 Money Supply y/y,Low,3.4%,3.1%,
2012-05-30,3:00am,EUR,Private Loans y/y,Medium,0.7%,0.6%,
2012-05-30,3:10am,EUR,Retail PMI,Medium,,41.3,
2012-05-30,3:30am,GBP,Net Lending to Individuals m/m,Low,1.2B,1.7B,
2012-05-30,3:30am,GBP,M4 Money Supply m/m,Medium,0.3%,-0.7%,
2012-05-30,3:30am,GBP,Mortgage Approvals,Medium,50K,51K,
2012-05-30,4:17am,EUR,Italian 10-y Bond Auction,High,,5.66|2.3,
2012-05-30,9:00am,USD,Pending Home Sales m/m,High,0.0%,3.8%,
2012-05-30,10:30am,EUR,ECB President Draghi Speaks,High,,,
2012-05-30,12:30pm,USD,FOMC Member Dudley Speaks,Medium,,,
2012-05-30,6:01pm,GBP,GfK Consumer Confidence,Low,-32,-31,
2012-05-30,6:50pm,JPY,Prelim Industrial Production m/m,Low,0.6%,1.3%,
2012-05-30,8:30pm,JPY,Average Cash Earnings y/y,Low,1.1%,0.9%,
2012-05-31,12:45am,CHF,GDP q/q,Low,0.0%,0.5%,
2012-05-31,1:00am,EUR,German Retail Sales m/m,Low,0.1%,1.6%,
2012-05-31,1:00am,GBP,Nationwide HPI m/m,Low,0.1%,-0.3%,
2012-05-31,1:45am,EUR,French Consumer Spending m/m,Low,0.3%,-2.6%,
2012-05-31,2:00am,EUR,ECB President Draghi Speaks,Low,,,
2012-05-31,2:55am,EUR,German Unemployment Change,Low,-6K,18K,
2012-05-31,3:00am,CHF,Gov Board Member Danthine Speaks,Low,,,
2012-05-31,4:00am,EUR,CPI Flash Estimate y/y,Low,2.5%,2.6%,
2012-05-31,4:00am,EUR,Italian Prelim CPI m/m,Medium,0.1%,0.5%,
2012-05-31,6:30am,USD,Challenger Job Cuts y/y,Medium,,11.2%,
2012-05-31,7:00am,USD,FOMC Member Pianalto Speaks,Low,,,
2012-05-31,7:15am,USD,ADP Non-Farm Employment Change,High,145K,113K,
2012-05-31,7:30am,USD,Prelim GDP q/q,High,1.9%,2.2%,
2012-05-31,7:30am,USD,Unemployment Claims,High,369K,373K,
2012-05-31,7:30am,USD,Prelim GDP Price Index q/q,Medium,1.5%,1.5%,
2012-05-31,8:45am,USD,Chicago PMI,Low,56.7,56.2,
2012-05-31,9:30am,USD,Natural Gas Storage,Medium,75B,77B,
2012-05-31,All Day,EUR,Irish Stability Treaty Vote,High,Yes,,
2012-05-31,10:00am,USD,Crude Oil Inventories,Low,0.2M,0.9M,
2012-05-31,6:50pm,JPY,Capital Spending q/y,Low,1.3%,7.6%,
2012-06-01,2:15am,CHF,Retail Sales y/y,High,3.6%,4.7%,
2012-06-01,2:15am,EUR,Spanish Manufacturing PMI,Low,,43.5,
2012-06-01,2:30am,CHF,Manufacturing PMI,Low,46.7,46.9,
2012-06-01,2:45am,EUR,Italian Manufacturing PMI,Low,43.5,43.8,
2012-06-01,2:50am,EUR,French Final Manufacturing PMI,Medium,44.4,44.4,
2012-06-01,2:55am,EUR,German Final Manufacturing PMI,Medium,45.0,45.0,
2012-06-01,3:00am,EUR,Final Manufacturing PMI,Medium,45.0,45.0,
2012-06-01,3:00am,EUR,Italian Monthly Unemployment Rate,Medium,9.9%,10.1%,
2012-06-01,3:00am,EUR,Italian Quarterly Unemployment Rate,Medium,9.6%,9.1%,
2012-06-01,3:30am,GBP,Final Manufacturing PMI,High,49.7,50.2,
2012-06-01,4:00am,EUR,Unemployment Rate,Low,11.0%,11.0%,
2012-06-01,7:30am,USD,Non-Farm Employment Change,High,151K,77K,
2012-06-01,7:30am,USD,Unemployment Rate,High,8.1%,8.1%,
2012-06-01,7:30am,USD,Average Hourly Earnings m/m,Low,0.2%,0.1%,
2012-06-01,7:30am,USD,Core PCE Price Index m/m,Low,0.2%,0.2%,
2012-06-01,7:30am,USD,Personal Spending m/m,Low,0.3%,0.2%,
2012-06-01,7:30am,USD,Personal Income m/m,Medium,0.4%,0.4%,
2012-06-01,8:00am,USD,Final Manufacturing PMI,Medium,,53.9,
2012-06-01,9:00am,USD,ISM Manufacturing PMI,High,54.0,54.8,
2012-06-01,9:00am,USD,Construction Spending m/m,Medium,0.4%,0.3%,
2012-06-01,9:00am,USD,ISM Manufacturing Prices,Medium,57.1,61.0,
2012-06-01,All Day,USD,Total Vehicle Sales,Medium,14.4M,14.4M,
2012-06-01,12:10pm,USD,President Obama Speaks,Medium,,,
2012-06-03,6:50pm,JPY,Monetary Base y/y,Medium,0.2%,-0.3%,
2012-06-03,10:30pm,JPY,BOJ Gov Shirakawa Speaks,Low,,,
2012-06-04,All Day,GBP,Bank Holiday,Low,,,
2012-06-04,3:30am,EUR,Sentix Investor Confidence,Low,-29.1,-24.5,
2012-06-04,4:00am,EUR,PPI m/m,Medium,0.3%,0.5%,
2012-06-04,9:00am,USD,Factory Orders m/m,Low,0.3%,-2.1%,
2012-06-04,10:45pm,JPY,10-y Bond Auction,Medium,,0.86|3.7,
2012-06-05,2:15am,EUR,Spanish Services PMI,Medium,,42.1,
2012-06-05,2:45am,EUR,Italian Services PMI,Medium,41.8,42.3,
2012-06-05,2:50am,EUR,French Final Services PMI,Medium,45.2,45.2,
2012-06-05,2:55am,EUR,German Final Services PMI,Medium,52.2,52.2,
2012-06-05,3:00am,EUR,Final Services PMI,Low,46.5,46.5,
2012-06-05,4:00am,EUR,Retail Sales m/m,Low,-0.1%,0.3%,
2012-06-05,5:00am,EUR,German Factory Orders m/m,Low,-1.0%,3.2%,
2012-06-05,9:00am,USD,ISM Services PMI,High,53.6,53.5,
2012-06-05,6:01pm,GBP,BRC Shop Price Index y/y,Medium,,1.3%,
2012-06-06,4:00am,EUR,Revised GDP q/q,Medium,0.0%,0.0%,
2012-06-06,5:00am,EUR,German Industrial Production m/m,Low,-0.9%,2.2%,
2012-06-06,6:45am,EUR,Main Refinancing Rate,High,1.00%,1.00%,
2012-06-06,7:15am,USD,FOMC Member Lockhart Speaks,Low,,,
2012-06-06,7:30am,EUR,ECB Press Conference,High,,,
2012-06-06,7:30am,USD,Revised Nonfarm Productivity q/q,Low,-0.6%,-0.5%,
2012-06-06,7:30am,USD,Revised Unit Labor Costs q/q,Medium,2.3%,2.0%,
2012-06-06,8:30am,USD,FOMC Member Lockhart Speaks,Low,,,
2012-06-06,9:00am,USD,FOMC Member Tarullo Speaks,Medium,,,
2012-06-06,9:30am,USD,Crude Oil Inventories,Low,-1.1M,2.2M,
2012-06-06,1:00pm,USD,Beige Book,Low,,,
2012-06-06,2:30pm,USD,FOMC Member Williams Speaks,Low,,,
2012-06-06,6:00pm,USD,FOMC Member Yellen Speaks,Low,,,
2012-06-06,6:01pm,GBP,BRC Retail Sales Monitor y/y,Low,,-3.3%,
2012-06-06,10:45pm,JPY,30-y Bond Auction,Medium,,1.91|4.1,
2012-06-07,12:45am,CHF,Unemployment Rate,Medium,3.2%,3.2%,
2012-06-07,2:00am,CHF,Foreign Currency Reserves,High,,238B,
2012-06-07,2:00am,GBP,Halifax HPI m/m,Low,0.3%,-2.3%,
2012-06-07,2:15am,CHF,CPI m/m,High,0.1%,0.1%,
2012-06-07,3:30am,GBP,Final Services PMI,High,52.6,53.3,
2012-06-07,3:43am,EUR,Spanish 10-y Bond Auction,High,,5.74|2.4,
2012-06-07,3:59am,EUR,French 10-y Bond Auction,Low,,2.96|2.0,
2012-06-07,6:00am,GBP,Asset Purchase Facility,High,325B,325B,
2012-06-07,6:00am,GBP,Official Bank Rate,High,0.50%,0.50%,
2012-06-07,7:30am,USD,Unemployment Claims,High,381K,389K,
2012-06-07,9:00am,USD,Fed Chairman Bernanke Testifies,High,,,
2012-06-07,9:30am,USD,Natural Gas Storage,Medium,57B,71B,
2012-06-07,11:10am,USD,FOMC Member Lockhart Speaks,Low,,,
2012-06-07,2:00pm,USD,Consumer Credit m/m,Medium,10.9B,12.4B,
2012-06-07,6:50pm,JPY,Current Account,High,0.62T,0.79T,
2012-06-07,6:50pm,JPY,Final GDP q/q,Low,1.1%,1.0%,
2012-06-07,6:50pm,JPY,Bank Lending y/y,Medium,,0.3%,
2012-06-07,7:01pm,JPY,Final GDP Price Index y/y,Medium,-1.2%,-1.2%,
2012-06-08,1:00am,EUR,German Trade Balance,Medium,13.3B,14.0B,
2012-06-08,1:45am,EUR,French Gov Budget Balance,Medium,,-29.4B,
2012-06-08,1:45am,EUR,French Trade Balance,Medium,-5.7B,-5.6B,
2012-06-08,3:00am,EUR,Italian Industrial Production m/m,Medium,-0.4%,0.6%,
2012-06-08,3:30am,GBP,PPI Input m/m,High,-1.2%,-1.4%,
2012-06-08,3:30am,GBP,Consumer Inflation Expectations,Low,,3.5%,
2012-06-08,3:30am,GBP,PPI Output m/m,Medium,0.2%,0.6%,
2012-06-08,7:30am,USD,Trade Balance,High,-49.4B,-52.6B,
2012-06-08,9:00am,USD,Final Wholesale Inventories m/m,Medium,0.5%,0.3%,
2012-06-08,9:15am,USD,President Obama Speaks,Medium,,,
2012-06-10,6:50pm,JPY,BSI Manufacturing Index,Low,-2.4,-7.3,
2012-06-10,6:50pm,JPY,M2 Money Stock y/y,Medium,2.5%,2.6%,
2012-06-11,1:00am,JPY,Prelim Machine Tool Orders y/y,Medium,,0.4%,
2012-06-11,1:45am,EUR,French Industrial Production m/m,Low,0.1%,-1.0%,
2012-06-11,11:00am,USD,FOMC Member Lockhart Speaks,Low,,,
2012-06-11,5:00pm,USD,FOMC Member Pianalto Speaks,Low,,,
2012-06-11,6:01pm,GBP,RICS House Price Balance,Low,-17%,-19%,
2012-06-11,6:50pm,JPY,Tertiary Industry Activity m/m,Low,0.4%,-0.6%,
2012-06-11,6:50pm,JPY,PPI y/y,Medium,-0.3%,-0.3%,
2012-06-11,7:00pm,JPY,BOJ Gov Shirakawa Speaks,Low,,,
2012-06-12,12:45am,CHF,SECO Economic Forecasts,Low,,,
2012-06-12,3:30am,GBP,Manufacturing Production m/m,High,0.0%,0.9%,
2012-06-12,3:30am,GBP,Industrial Production m/m,Medium,0.2%,-0.3%,
2012-06-12,5:00am,EUR,ECB Financial Stability Review,Medium,,,
2012-06-12,6:30am,USD,NFIB Small Business Index,Medium,94.0,94.5,
2012-06-12,7:30am,USD,Import Prices m/m,Low,-1.0%,0.0%,
2012-06-12,9:00am,GBP,NIESR GDP Estimate,Low,,-0.1%,
2012-06-12,9:00am,USD,RCM/TIPP Economic Optimism,Medium,49.0,48.5,
2012-06-12,12:59pm,USD,Federal Budget Balance,Low,-112.7B,59.1B,
2012-06-12,6:50pm,JPY,Core Machinery Orders m/m,Low,2.0%,-2.8%,
2012-06-13,1:00am,EUR,German Final CPI m/m,Medium,-0.2%,-0.2%,
2012-06-13,2:15am,CHF,PPI m/m,Low,-0.1%,-0.1%,
2012-06-13,4:00am,EUR,Industrial Production m/m,Low,-0.9%,-0.1%,
2012-06-13,4:34am,EUR,German 10-y Bond Auction,Low,,1.47|1.5,
2012-06-13,7:30am,USD,Core Retail Sales m/m,High,0.1%,-0.3%,
2012-06-13,7:30am,USD,PPI m/m,High,-0.6%,-0.2%,
2012-06-13,7:30am,USD,Retail Sales m/m,High,-0.1%,-0.2%,
2012-06-13,7:30am,USD,Core PPI m/m,Low,0.2%,0.2%,
2012-06-13,9:00am,USD,Business Inventories m/m,Low,0.4%,0.3%,
2012-06-13,9:30am,USD,Crude Oil Inventories,Low,-1.6M,-0.1M,
2012-06-13,12:00pm,USD,10-y Bond Auction,Low,,1.86|2.9,
2012-06-13,11:30pm,JPY,Revised Industrial Production m/m,Medium,0.2%,0.2%,
2012-06-14,2:30am,CHF,Libor Rate,High,<0.25%,<0.25%,
2012-06-14,2:30am,CHF,SNB Monetary Policy Assessment,High,,,
2012-06-14,2:30am,CHF,SNB Press Conference,High,,,
2012-06-14,3:00am,CHF,SNB Financial Stability Report,Low,,,
2012-06-14,3:00am,EUR,ECB Monthly Bulletin,Low,,,
2012-06-14,4:00am,EUR,Final Core CPI y/y,Low,1.6%,1.6%,
2012-06-14,4:00am,EUR,Final CPI y/y,Low,2.4%,2.4%,
2012-06-14,4:00am,GBP,CB Leading Index m/m,Medium,,1.1%,
2012-06-14,7:30am,USD,Core CPI m/m,High,0.2%,0.2%,
2012-06-14,7:30am,USD,CPI y/y,High,1.8%,2.3%,
2012-06-14,7:30am,USD,Unemployment Claims,High,377K,380K,
2012-06-14,7:30am,USD,CPI m/m,Low,-0.2%,0.0%,
2012-06-14,7:30am,USD,Current Account,Low,-132B,-119B,
2012-06-14,8:30am,EUR,German Buba President Weidmann Speaks,Low,,,
2012-06-14,9:30am,USD,Natural Gas Storage,Medium,55B,62B,
2012-06-14,12:00pm,USD,30-y Bond Auction,Medium,,3.09|2.7,
2012-06-14,3:00pm,GBP,BOE Gov King Speaks,High,,,
2012-06-14,6:01pm,GBP,Nationwide Consumer Confidence,Low,45,44,
2012-06-14,9:52pm,JPY,Monetary Policy Statement,High,,,
2012-06-14,9:52pm,JPY,Overnight Call Rate,High,<0.10%,<0.10%,
2012-06-15,2:20am,JPY,BOJ Press Conference,High,,,
2012-06-15,3:00am,EUR,Italian Trade Balance,Medium,1.34B,2.07B,
2012-06-15,3:30am,GBP,Goods Trade Balance,Low,-8.5B,-8.7B,
2012-06-15,4:00am,EUR,Final Employment Change q/q,Medium,-0.2%,-0.3%,
2012-06-15,4:00am,EUR,Trade Balance,Medium,4.2B,3.7B,
2012-06-15,7:30am,USD,Empire State Manufacturing Index,Low,13.6,17.1,
2012-06-15,7:56am,USD,TIC Long-Term Purchases,Low,45.3B,36.0B,
2012-06-15,8:15am,USD,Capacity Utilization Rate,Low,79.2%,79.2%,
2012-06-15,8:15am,USD,Industrial Production m/m,Low,0.1%,1.0%,
2012-06-15,8:55am,USD,Prelim UoM Consumer Sentiment,High,77.5,79.3,
2012-06-15,8:55am,USD,Prelim UoM Inflation Expectations,Medium,,3.0%,
2012-06-17,All Day,EUR,Greek Parliamentary Election,High,,,
2012-06-17,6:01pm,GBP,Rightmove HPI m/m,Low,,0.0%,
2012-06-18,5:00am,EUR,German Buba Monthly Report,Medium,,,
2012-06-18,6:30am,GBP,MPC Member Tucker Speaks,Low,,,
2012-06-18,9:00am,USD,NAHB Housing Market Index,Medium,28,28,
2012-06-19,TueJun 19,GBP,RPI y/y,Low,3.3%,3.5%,
2012-06-19,TueJun 19,GBP,Core CPI y/y,Medium,2.3%,2.1%,
2012-06-19,TueJun 19,GBP,ONS HPI y/y,Medium,-0.1%,-0.4%,
2012-06-19,4:00am,EUR,German ZEW Economic Sentiment,High,3.8,10.8,
2012-06-19,4:00am,EUR,ZEW Economic Sentiment,Low,-5.7,-2.4,
2012-06-19,7:30am,USD,Building Permits,High,0.73M,0.72M,
2012-06-19,7:30am,USD,Housing Starts,Low,0.72M,0.74M,
2012-06-19,9:00am,USD,JOLTS Job Openings,Medium,3.69M,3.74M,
2012-06-19,6:50pm,JPY,Monetary Policy Meeting Minutes,Low,,,
2012-06-19,6:50pm,JPY,Trade Balance,Low,-0.36T,-0.51T,
2012-06-19,11:30pm,JPY,All Industries Activity m/m,Medium,0.2%,-0.3%,
2012-06-20,1:35am,JPY,BOJ Gov Shirakawa Speaks,Low,,,
2012-06-20,3:30am,GBP,Claimant Count Change,High,-3.1K,-12.8K,
2012-06-20,3:30am,GBP,MPC Asset Purchase Facility Votes,High,1-0-8,1-0-8,
2012-06-20,3:30am,GBP,MPC Official Bank Rate Votes,High,0-0-9,0-0-9,
2012-06-20,3:30am,GBP,Unemployment Rate,Low,8.2%,8.2%,
2012-06-20,3:30am,GBP,Average Earnings Index 3m/y,Medium,0.8%,0.9%,
2012-06-20,4:00am,CHF,UBS Economic Expectations,Low,,-4.0,
2012-06-20,9:30am,USD,Crude Oil Inventories,Low,-1.0M,-0.2M,
2012-06-20,11:32am,USD,FOMC Statement,High,,,
2012-06-20,11:32am,USD,Federal Funds Rate,Low,<0.25%,<0.25%,
2012-06-20,1:00pm,USD,FOMC Economic Projections,High,,,
2012-06-20,1:15pm,USD,FOMC Press Conference,High,,,
2012-06-21,2:00am,EUR,French Flash Manufacturing PMI,Low,44.6,44.7,
2012-06-21,2:00am,EUR,French Flash Services PMI,Low,45.1,45.1,
2012-06-21,2:30am,EUR,German Flash Manufacturing PMI,High,45.3,45.2,
2012-06-21,2:30am,EUR,German Flash Services PMI,Low,51.6,51.8,
2012-06-21,3:00am,EUR,Current Account,Low,7.3B,10.3B,
2012-06-21,3:00am,EUR,Flash Manufacturing PMI,Low,44.9,45.1,
2012-06-21,3:00am,EUR,Flash Services PMI,Low,46.5,46.7,
2012-06-21,All Day,EUR,Eurogroup Meetings,Low,,,
2012-06-21,3:30am,GBP,Retail Sales m/m,High,1.1%,-2.4%,
2012-06-21,4:36am,GBP,10-y Bond Auction,Low,,2.22|1.9,
2012-06-21,5:00am,GBP,CBI Industrial Order Expectations,Low,-19,-17,
2012-06-21,7:30am,USD,Unemployment Claims,High,381K,389K,
2012-06-21,8:00am,USD,Flash Manufacturing PMI,Low,53.4,54.0,
2012-06-21,9:00am,EUR,Consumer Confidence,Medium,-20,-19,
2012-06-21,9:00am,USD,Existing Home Sales,High,4.58M,4.62M,
2012-06-21,9:00am,USD,Philly Fed Manufacturing Index,High,0.7,-5.8,
2012-06-21,9:00am,USD,CB Leading Index m/m,Medium,0.2%,-0.1%,
2012-06-21,9:00am,USD,HPI m/m,Medium,0.5%,1.6%,
2012-06-21,9:30am,USD,Natural Gas Storage,Medium,64B,67B,
2012-06-21,11:00am,EUR,ECB President Draghi Speaks,Low,,,
2012-06-21,12:30pm,GBP,MPC Member Weale Speaks,Low,,,
2012-06-22,3:00am,EUR,German ifo Business Climate,High,106.1,106.9,
2012-06-22,All Day,EUR,ECOFIN Meetings,Low,,,
2012-06-22,8:00am,EUR,Belgian NBB Business Climate,Low,-11.8,-11.2,
2012-06-22,11:30am,USD,FOMC Member Pianalto Speaks,Low,,,
2012-06-25,6:50pm,JPY,SPPI y/y,Medium,0.3%,0.2%,
2012-06-26,TueJun 26,EUR,German GfK Consumer Climate,Low,5.7,5.7,
2012-06-26,3:00am,EUR,Italian Retail Sales m/m,Medium,-0.6%,-0.8%,
2012-06-26,3:30am,GBP,Public Sector Net Borrowing,High,13.6B,-19.9B,
2012-06-26,4:00am,GBP,Monetary Policy Report Hearings,High,,,
2012-06-26,8:00am,USD,S&P/CS Composite-20 HPI y/y,Low,-2.4%,-2.6%,
2012-06-26,8:59am,USD,Richmond Manufacturing Index,Medium,5,4,
2012-06-26,9:00am,USD,CB Consumer Confidence,High,63.8,64.4,
2012-06-27,All Day,EUR,German Prelim CPI m/m,Low,0.0%,-0.2%,
2012-06-27,3:30am,GBP,High Street Lending,Low,32.8K,32.1K,
2012-06-27,5:00am,GBP,CBI Realized Sales,Low,12,21,
2012-06-27,7:30am,USD,Core Durable Goods Orders m/m,High,0.9%,-0.6%,
2012-06-27,7:30am,USD,Durable Goods Orders m/m,Low,0.5%,-0.2%,
2012-06-27,9:00am,USD,Pending Home Sales m/m,High,1.2%,-5.5%,
2012-06-27,9:30am,USD,Crude Oil Inventories,Low,-0.5M,2.9M,
2012-06-27,6:50pm,JPY,Retail Sales y/y,Low,3.1%,5.7%,
2012-06-27,11:30pm,CHF,Gov Board Member Danthine Speaks,Low,,,
2012-06-28,2:00am,EUR,Spanish Flash CPI y/y,Medium,1.9%,1.9%,
2012-06-28,2:55am,EUR,German Unemployment Change,Low,4K,1K,
2012-06-28,3:10am,EUR,Retail PMI,Medium,,43.3,
2012-06-28,All Day,EUR,EU Economic Summit,High,,,
2012-06-28,3:30am,GBP,Current Account,High,-8.9B,-7.2B,
2012-06-28,3:30am,GBP,BOE Credit Conditions Survey,Low,,,
2012-06-28,3:30am,GBP,Final GDP q/q,Low,-0.3%,-0.3%,
2012-06-28,3:30am,GBP,Revised Business Investment q/q,Medium,3.6%,3.6%,
2012-06-28,4:00am,EUR,Italian Prelim CPI m/m,Medium,0.2%,0.0%,
2012-06-28,4:15am,EUR,Italian 10-y Bond Auction,High,,6.03|1.4,
2012-06-28,7:30am,USD,Unemployment Claims,High,385K,392K,
2012-06-28,7:30am,USD,Final GDP q/q,Low,1.9%,1.9%,
2012-06-28,7:30am,USD,Final GDP Price Index q/q,Medium,1.7%,1.7%,
2012-06-28,9:30am,USD,Natural Gas Storage,Medium,55B,62B,
2012-06-28,10:30am,USD,FOMC Member Pianalto Speaks,Low,,,
2012-06-28,12:00pm,GBP,MPC Member Weale Speaks,Low,,,
2012-06-28,6:01pm,GBP,GfK Consumer Confidence,Low,-30,-29,
2012-06-28,6:15pm,JPY,Final Manufacturing PMI,Medium,,50.7,
2012-06-28,6:30pm,JPY,Household Spending y/y,Low,2.5%,2.6%,
2012-06-28,6:30pm,JPY,Tokyo Core CPI y/y,Low,-0.7%,-0.8%,
2012-06-28,6:30pm,JPY,National Core CPI y/y,Medium,0.1%,0.2%,
2012-06-28,6:30pm,JPY,Unemployment Rate,Medium,4.6%,4.6%,
2012-06-28,6:50pm,JPY,Prelim Industrial Production m/m,Low,-2.7%,-0.2%,
2012-06-29,1:00am,EUR,German Retail Sales m/m,Low,0.1%,-0.2%,
2012-06-29,All Day,EUR,Italian Bank Holiday,Low,,,
2012-06-29,1:45am,EUR,French Consumer Spending m/m,Low,0.0%,0.7%,
2012-06-29,2:00am,CHF,KOF Economic Barometer,Low,0.87,0.80,
2012-06-29,3:00am,EUR,M3 Money Supply y/y,Low,2.4%,2.5%,
2012-06-29,3:00am,EUR,Private Loans y/y,Medium,0.3%,0.2%,
2012-06-29,All Day,EUR,EU Economic Summit,Low,,,
2012-06-29,3:30am,GBP,FPC Statement,Medium,,,
2012-06-29,3:30am,GBP,Index of Services 3m/3m,Medium,0.3%,0.2%,
2012-06-29,4:00am,EUR,CPI Flash Estimate y/y,Low,2.4%,2.4%,
2012-06-29,4:30am,GBP,BOE Gov King Speaks,High,,,
2012-06-29,4:30am,GBP,BOE Financial Stability Report,Low,,,
2012-06-29,7:30am,USD,Core PCE Price Index m/m,Low,0.2%,0.1%,
2012-06-29,7:30am,USD,Personal Spending m/m,Low,0.1%,0.1%,
2012-06-29,7:30am,USD,Personal Income m/m,Medium,0.3%,0.2%,
2012-06-29,8:45am,USD,Chicago PMI,Low,52.8,52.7,
2012-06-29,8:55am,USD,Revised UoM Consumer Sentiment,Low,74.2,74.1,
2012-06-29,8:55am,USD,Revised UoM Inflation Expectations,Medium,,3.0%,
2012-07-01,6:50pm,JPY,Tankan Manufacturing Index,Low,-4,-4,
2012-07-01,6:50pm,JPY,Tankan Non-Manufacturing Index,Low,6,5,
2012-07-02,2:15am,CHF,Retail Sales y/y,High,2.1%,0.2%,
2012-07-02,2:15am,EUR,Spanish Manufacturing PMI,Low,,42.0,
2012-07-02,2:30am,CHF,Manufacturing PMI,Low,44.8,45.4,
2012-07-02,2:45am,EUR,Italian Manufacturing PMI,Low,44.6,44.8,
2012-07-02,2:50am,EUR,French Final Manufacturing PMI,Medium,45.3,45.3,
2012-07-02,2:55am,EUR,German Final Manufacturing PMI,Medium,44.7,44.7,
2012-07-02,3:00am,EUR,Final Manufacturing PMI,Medium,44.8,44.8,
2012-07-02,3:00am,EUR,Italian Monthly Unemployment Rate,Medium,10.4%,10.2%,
2012-07-02,3:30am,GBP,Final Manufacturing PMI,High,46.6,45.9,
2012-07-02,4:00am,EUR,Unemployment Rate,Low,11.1%,11.0%,
2012-07-02,8:00am,USD,Final Manufacturing PMI,Medium,53.0,52.9,
2012-07-02,9:00am,USD,ISM Manufacturing PMI,High,52.1,53.5,
2012-07-02,9:00am,USD,Construction Spending m/m,Medium,0.3%,0.6%,
2012-07-02,9:00am,USD,ISM Manufacturing Prices,Medium,45.8,47.5,
2012-07-02,12:15pm,USD,FOMC Member Williams Speaks,Low,,,
2012-07-02,6:50pm,JPY,Monetary Base y/y,Medium,3.6%,2.4%,
2012-07-02,8:30pm,JPY,Average Cash Earnings y/y,Low,0.6%,0.2%,
2012-07-02,10:45pm,JPY,10-y Bond Auction,Medium,,0.86|3.0,
2012-07-03,3:30am,GBP,Construction PMI,High,53.1,54.4,
2012-07-03,3:30am,GBP,Net Lending to Individuals m/m,Low,1.1B,1.4B,
2012-07-03,3:30am,GBP,M4 Money Supply m/m,Medium,1.4%,0.9%,
2012-07-03,3:30am,GBP,Mortgage Approvals,Medium,51K,52K,
2012-07-03,4:00am,EUR,PPI m/m,Medium,-0.2%,0.1%,
2012-07-03,9:00am,USD,Factory Orders m/m,Low,0.1%,-0.7%,
2012-07-03,All Day,USD,Total Vehicle Sales,Medium,14.0M,13.8M,
2012-07-03,6:01pm,GBP,BRC Shop Price Index y/y,Medium,,1.5%,
2012-07-04,2:45am,EUR,Italian Services PMI,Medium,42.6,42.8,
2012-07-04,2:50am,EUR,French Final Services PMI,Medium,47.3,47.3,
2012-07-04,2:55am,EUR,German Final Services PMI,Medium,50.3,50.3,
2012-07-04,3:00am,EUR,Final Services PMI,Low,46.8,46.8,
2012-07-04,3:30am,GBP,Final Services PMI,High,52.9,53.3,
2012-07-04,3:30am,GBP,Housing Equity Withdrawal q/q,Medium,-7.9B,-8.6B,
2012-07-04,4:00am,EUR,Retail Sales m/m,Low,0.2%,-1.4%,
2012-07-04,4:07am,EUR,Final GDP q/q,Medium,0.0%,0.0%,
2012-07-04,All Day,USD,Bank Holiday,Low,,,
2012-07-05,3:43am,EUR,Spanish 10-y Bond Auction,High,,6.04|3.3,
2012-07-05,4:02am,EUR,French 10-y Bond Auction,Low,,2.46|2.0,
2012-07-05,5:00am,EUR,German Factory Orders m/m,Low,0.1%,-1.4%,
2012-07-05,6:00am,GBP,Asset Purchase Facility,High,375B,325B,
2012-07-05,6:00am,GBP,MPC Rate Statement,High,,,
2012-07-05,6:00am,GBP,Official Bank Rate,High,0.50%,0.50%,
2012-07-05,6:30am,USD,Challenger Job Cuts y/y,Medium,,66.7%,
2012-07-05,6:45am,EUR,Main Refinancing Rate,High,0.75%,1.00%,
2012-07-05,7:15am,USD,ADP Non-Farm Employment Change,High,103K,136K,
2012-07-05,7:30am,EUR,ECB Press Conference,High,,,
2012-07-05,7:30am,USD,Unemployment Claims,High,385K,388K,
2012-07-05,9:00am,USD,ISM Services PMI,High,53.1,53.7,
2012-07-05,10:00am,USD,Crude Oil Inventories,Low,-1.6M,-0.1M,
2012-07-06,1:45am,EUR,French Gov Budget Balance,Medium,,-59.9B,
2012-07-06,1:45am,EUR,French Trade Balance,Medium,-5.4B,-5.8B,
2012-07-06,2:00am,CHF,Foreign Currency Reserves,High,,309B,
2012-07-06,2:15am,CHF,CPI m/m,High,-0.3%,0.0%,
2012-07-06,3:30am,GBP,PPI Input m/m,High,-2.1%,-2.6%,
2012-07-06,3:30am,GBP,FPC Meeting Minutes,Medium,,,
2012-07-06,3:30am,GBP,PPI Output m/m,Medium,-0.2%,-0.2%,
2012-07-06,5:00am,EUR,German Industrial Production m/m,Low,0.2%,-2.1%,
2012-07-06,7:30am,USD,Non-Farm Employment Change,High,97K,77K,
2012-07-06,7:30am,USD,Unemployment Rate,High,8.2%,8.2%,
2012-07-06,7:30am,USD,Average Hourly Earnings m/m,Low,0.2%,0.2%,
2012-07-06,9:30am,USD,Natural Gas Storage,Medium,44B,57B,
2012-07-08,SunJul 8,JPY,Core Machinery Orders m/m,Low,-2.4%,5.7%,
2012-07-08,SunJul 8,JPY,Bank Lending y/y,Medium,,0.2%,
2012-07-09,12:45am,CHF,Unemployment Rate,Medium,3.2%,2.9%,
2012-07-09,1:00am,EUR,German Trade Balance,Medium,15.7B,16.2B,
2012-07-09,All Day,EUR,Eurogroup Meetings,High,,,
2012-07-09,3:30am,EUR,Sentix Investor Confidence,Low,-26.3,-28.9,
2012-07-09,7:30am,EUR,ECB President Draghi Speaks,High,,,
2012-07-09,10:30am,GBP,MPC Member Tucker Speaks,High,,,
2012-07-09,10:55am,USD,FOMC Member Williams Speaks,Low,,,
2012-07-09,2:00pm,USD,Consumer Credit m/m,Medium,8.7B,10.0B,
2012-07-09,6:01pm,GBP,BRC Retail Sales Monitor y/y,Low,,1.3%,
2012-07-09,6:01pm,GBP,RICS House Price Balance,Low,-15%,-17%,
2012-07-09,6:50pm,JPY,M2 Money Stock y/y,Medium,2.2%,2.2%,
2012-07-09,10:45pm,JPY,30-y Bond Auction,Medium,,1.86|3.2,
2012-07-10,1:45am,EUR,French Industrial Production m/m,Low,-0.9%,1.4%,
2012-07-10,3:00am,EUR,Italian Industrial Production m/m,Low,-0.3%,-2.0%,
2012-07-10,All Day,EUR,ECOFIN Meetings,Low,,,
2012-07-10,3:30am,GBP,Manufacturing Production m/m,High,0.1%,-0.8%,
2012-07-10,3:30am,GBP,Goods Trade Balance,Low,-9.0B,-9.7B,
2012-07-10,3:30am,GBP,Industrial Production m/m,Medium,-0.1%,-0.4%,
2012-07-10,6:30am,USD,NFIB Small Business Index,Medium,93.3,94.4,
2012-07-10,9:00am,GBP,NIESR GDP Estimate,Low,,0.1%,
2012-07-10,9:00am,USD,JOLTS Job Openings,Medium,3.59M,3.45M,
2012-07-10,9:00am,USD,RCM/TIPP Economic Optimism,Medium,46.9,46.7,
2012-07-10,6:50pm,JPY,Tertiary Industry Activity m/m,Low,0.2%,-0.2%,
2012-07-10,6:50pm,JPY,PPI y/y,Medium,-0.9%,-0.7%,
2012-07-11,WedJul 11,JPY,Prelim Machine Tool Orders y/y,Medium,,-3.0%,
2012-07-11,4:36am,EUR,German 10-y Bond Auction,Low,,1.52|1.4,
2012-07-11,7:30am,USD,Trade Balance,High,-48.5B,-50.6B,
2012-07-11,9:00am,USD,Final Wholesale Inventories m/m,Medium,0.4%,0.5%,
2012-07-11,9:30am,USD,Crude Oil Inventories,Low,-1.3M,-4.3M,
2012-07-11,12:00pm,USD,10-y Bond Auction,Low,,1.62|3.1,
2012-07-11,1:00pm,USD,FOMC Meeting Minutes,High,,,
2012-07-11,10:51pm,JPY,Monetary Policy Statement,High,,,
2012-07-11,10:51pm,JPY,Overnight Call Rate,High,<0.10%,<0.10%,
2012-07-12,1:00am,EUR,German WPI m/m,Medium,-0.5%,-0.7%,
2012-07-12,2:31am,JPY,BOJ Press Conference,High,,,
2012-07-12,3:00am,EUR,ECB Monthly Bulletin,Low,,,
2012-07-12,4:00am,EUR,Industrial Production m/m,Low,0.0%,-1.1%,
2012-07-12,4:35am,GBP,10-y Bond Auction,Low,,1.92|1.6,
2012-07-12,7:00am,EUR,ECB President Draghi Speaks,Low,,,
2012-07-12,7:30am,USD,Unemployment Claims,High,376K,376K,
2012-07-12,7:30am,USD,Import Prices m/m,Low,-1.5%,-1.2%,
2012-07-12,9:30am,USD,Natural Gas Storage,Medium,27B,39B,
2012-07-12,12:00pm,USD,30-y Bond Auction,Medium,,2.72|2.4,
2012-07-12,12:54pm,USD,Federal Budget Balance,Low,-91.7B,-124.6B,
2012-07-12,2:40pm,USD,FOMC Member Williams Speaks,Low,,,
2012-07-12,11:30pm,JPY,Revised Industrial Production m/m,Medium,-3.1%,-3.1%,
2012-07-13,2:15am,CHF,PPI m/m,Low,-0.2%,-0.2%,
2012-07-13,4:00am,GBP,CB Leading Index m/m,Medium,,0.2%,
2012-07-13,4:29am,EUR,Italian 10-y Bond Auction,High,,6.19|1.3,
2012-07-13,7:30am,USD,PPI m/m,High,-0.5%,-1.0%,
2012-07-13,7:30am,USD,Core PPI m/m,Low,0.3%,0.2%,
2012-07-13,8:55am,USD,Prelim UoM Consumer Sentiment,High,73.5,73.2,
2012-07-13,8:55am,USD,Prelim UoM Inflation Expectations,Medium,,3.1%,
2012-07-13,12:20pm,USD,FOMC Member Lockhart Speaks,Low,,,
2012-07-15,6:01pm,GBP,Rightmove HPI m/m,Low,,1.0%,
2012-07-15,All Day,JPY,Bank Holiday,Low,,,
2012-07-16,4:00am,EUR,Final Core CPI y/y,Low,1.6%,1.6%,
2012-07-16,4:00am,EUR,Final CPI y/y,Low,2.4%,2.4%,
2012-07-16,4:00am,EUR,Trade Balance,Medium,4.8B,4.5B,
2012-07-16,7:30am,USD,Core Retail Sales m/m,High,0.1%,-0.4%,
2012-07-16,7:30am,USD,Retail Sales m/m,High,0.1%,-0.2%,
2012-07-16,7:30am,USD,Empire State Manufacturing Index,Low,3.9,2.3,
2012-07-16,9:00am,USD,Business Inventories m/m,Low,0.2%,0.3%,
2012-07-17,TueJul 17,GBP,RPI y/y,Low,3.0%,3.1%,
2012-07-17,TueJul 17,GBP,Core CPI y/y,Medium,2.3%,2.2%,
2012-07-17,TueJul 17,GBP,ONS HPI y/y,Medium,1.3%,1.4%,
2012-07-17,4:00am,EUR,German ZEW Economic Sentiment,High,-17.3,-16.9,
2012-07-17,4:00am,EUR,ZEW Economic Sentiment,Low,-18.3,-20.1,
2012-07-17,4:00am,GBP,BOE Gov King Speaks,High,,,
2012-07-17,7:30am,USD,Core CPI m/m,High,0.2%,0.2%,
2012-07-17,7:30am,USD,CPI y/y,High,1.6%,1.7%,
2012-07-17,7:30am,USD,CPI m/m,Low,0.0%,-0.3%,
2012-07-17,7:55am,USD,TIC Long-Term Purchases,Low,45.7B,27.2B,
2012-07-17,8:15am,USD,Capacity Utilization Rate,Low,79.2%,78.7%,
2012-07-17,8:15am,USD,Industrial Production m/m,Low,0.4%,-0.2%,
2012-07-17,9:00am,USD,Fed Chairman Bernanke Testifies,High,,,
2012-07-17,9:00am,USD,Fed Monetary Policy Report,Medium,,,
2012-07-17,9:00am,USD,NAHB Housing Market Index,Medium,30,29,
2012-07-17,12:15pm,USD,FOMC Member Pianalto Speaks,Low,,,
2012-07-17,6:50pm,JPY,Monetary Policy Meeting Minutes,Low,,,
2012-07-18,WedJul 18,GBP,MPC Asset Purchase Facility Votes,High,9-0-0,4-0-5,
2012-07-18,WedJul 18,GBP,MPC Official Bank Rate Votes,High,0-0-9,0-0-9,
2012-07-18,WedJul 18,GBP,Unemployment Rate,Low,8.2%,8.2%,
2012-07-18,WedJul 18,GBP,Average Earnings Index 3m/y,Medium,1.4%,1.4%,
2012-07-18,4:00am,CHF,UBS Economic Expectations,Low,,-43.4,
2012-07-18,7:30am,USD,Building Permits,High,0.77M,0.78M,
2012-07-18,7:30am,USD,Housing Starts,Low,0.74M,0.71M,
2012-07-18,9:00am,USD,Fed Chairman Bernanke Testifies,High,,,
2012-07-18,9:30am,USD,Crude Oil Inventories,Low,0.5M,-4.7M,
2012-07-18,1:00pm,USD,Beige Book,Low,,,
2012-07-18,11:30pm,JPY,All Industries Activity m/m,Medium,-0.2%,0.1%,
2012-07-19,3:00am,EUR,Current Account,Low,5.3B,5.5B,
2012-07-19,3:30am,GBP,Retail Sales m/m,High,0.6%,1.5%,
2012-07-19,7:30am,USD,Unemployment Claims,High,367K,352K,
2012-07-19,9:00am,USD,Existing Home Sales,High,4.64M,4.62M,
2012-07-19,9:00am,USD,Philly Fed Manufacturing Index,High,-7.9,-16.6,
2012-07-19,9:00am,USD,CB Leading Index m/m,Medium,-0.1%,0.4%,
2012-07-19,9:30am,USD,Natural Gas Storage,Medium,34B,33B,
2012-07-20,3:30am,GBP,Public Sector Net Borrowing,High,11.8B,16.1B,
2012-07-20,All Day,EUR,Eurogroup Meetings,High,,,
2012-07-23,9:00am,EUR,Consumer Confidence,Medium,-20,-20,
2012-07-23,6:00pm,USD,FOMC Member Raskin Speaks,Low,,,
2012-07-24,TueJul 24,EUR,French Flash Services PMI,Low,47.7,47.9,
2012-07-24,2:30am,EUR,German Flash Manufacturing PMI,High,45.3,45.0,
2012-07-24,2:30am,EUR,German Flash Services PMI,Low,50.1,49.9,
2012-07-24,3:00am,EUR,Flash Manufacturing PMI,Low,45.3,45.1,
2012-07-24,3:00am,EUR,Flash Services PMI,Low,47.3,47.1,
2012-07-24,3:30am,GBP,High Street Lending,Low,31.4K,29.6K,
2012-07-24,7:45am,USD,Fed Chairman Bernanke Speaks,Low,,,
2012-07-24,8:00am,USD,Flash Manufacturing PMI,Low,52.1,52.5,
2012-07-24,8:59am,USD,Richmond Manufacturing Index,Medium,0,-3,
2012-07-24,9:00am,USD,HPI m/m,Medium,0.5%,0.7%,
2012-07-24,6:50pm,JPY,Trade Balance,Low,-0.39T,-0.62T,
2012-07-25,3:30am,GBP,Prelim GDP q/q,High,-0.2%,-0.3%,
2012-07-25,3:30am,GBP,Index of Services 3m/3m,Medium,0.3%,-0.1%,
2012-07-25,4:35am,EUR,German 30-y Bond Auction,Medium,,2.41|1.1,
2012-07-25,5:00am,GBP,CBI Industrial Order Expectations,Low,-11,-11,
2012-07-25,8:00am,EUR,Belgian NBB Business Climate,Low,-13.5,-13.2,
2012-07-25,9:00am,USD,New Home Sales,High,372K,382K,
2012-07-25,9:00am,USD,Treasury Sec Geithner Speaks,Low,,,
2012-07-25,9:30am,USD,Crude Oil Inventories,Low,-0.1M,-0.8M,
2012-07-25,6:50pm,JPY,SPPI y/y,Medium,0.0%,0.1%,
2012-07-25,7:10pm,JPY,BOJ Gov Shirakawa Speaks,Low,,,
2012-07-26,ThuJul 26,EUR,German Import Prices m/m,Medium,-0.6%,-0.7%,
2012-07-26,3:00am,EUR,M3 Money Supply y/y,Low,2.9%,3.1%,
2012-07-26,3:00am,EUR,Private Loans y/y,Medium,-0.2%,-0.1%,
2012-07-26,3:00am,EUR,Italian Retail Sales m/m,Medium,-0.1%,-1.7%,
2012-07-26,4:30am,EUR,ECB President Draghi Speaks,High,,,
2012-07-26,7:30am,USD,Core Durable Goods Orders m/m,High,0.1%,0.8%,
2012-07-26,7:30am,USD,Unemployment Claims,High,381K,388K,
2012-07-26,7:30am,USD,Durable Goods Orders m/m,Low,0.4%,1.6%,
2012-07-26,9:00am,USD,Pending Home Sales m/m,High,0.6%,5.4%,
2012-07-26,9:00am,USD,Treasury Sec Geithner Speaks,Low,,,
2012-07-26,9:30am,USD,Natural Gas Storage,Medium,26B,28B,
2012-07-26,6:30pm,JPY,Tokyo Core CPI y/y,Low,-0.6%,-0.6%,
2012-07-26,6:30pm,JPY,National Core CPI y/y,Medium,0.0%,-0.1%,
2012-07-26,6:50pm,JPY,Retail Sales y/y,Low,1.2%,3.6%,
2012-07-27,2:00am,CHF,KOF Economic Barometer,Low,1.24,1.15,
2012-07-27,2:00am,EUR,Spanish Unemployment Rate,Low,24.7%,24.4%,
2012-07-27,7:30am,USD,Advance GDP q/q,High,1.5%,1.9%,
2012-07-27,7:30am,USD,Advance GDP Price Index q/q,Low,1.6%,2.0%,
2012-07-27,8:55am,USD,Revised UoM Consumer Sentiment,Low,72.0,72.0,
2012-07-27,8:55am,USD,Revised UoM Inflation Expectations,Medium,,2.8%,
2012-07-29,6:50pm,JPY,Prelim Industrial Production m/m,Low,1.6%,-3.4%,
2012-07-30,MonJul 30,EUR,Spanish Flash CPI y/y,Medium,1.7%,1.9%,
2012-07-30,3:10am,EUR,Retail PMI,Medium,,48.3,
2012-07-30,3:30am,GBP,Net Lending to Individuals m/m,Low,0.8B,1.1B,
2012-07-30,3:30am,GBP,M4 Money Supply m/m,Medium,0.3%,-0.1%,
2012-07-30,3:30am,GBP,Mortgage Approvals,Medium,49K,51K,
2012-07-30,4:19am,EUR,Italian 10-y Bond Auction,High,,5.82|1.7,
2012-07-30,5:00am,GBP,CBI Realized Sales,Low,17,42,
2012-07-30,6:01pm,GBP,GfK Consumer Confidence,Low,-28,-29,
2012-07-30,6:15pm,JPY,Final Manufacturing PMI,Medium,,49.9,
2012-07-30,6:30pm,JPY,Household Spending y/y,Low,3.0%,4.0%,
2012-07-30,6:30pm,JPY,Unemployment Rate,Medium,4.4%,4.4%,
2012-07-30,8:30pm,JPY,Average Cash Earnings y/y,Low,0.1%,-1.1%,
2012-07-31,1:00am,CHF,UBS Consumption Indicator,Medium,,1.02,
2012-07-31,1:00am,EUR,German Retail Sales m/m,Low,0.6%,-0.3%,
2012-07-31,1:45am,EUR,French Consumer Spending m/m,Low,0.2%,0.5%,
2012-07-31,2:55am,EUR,German Unemployment Change,Low,9K,7K,
2012-07-31,3:00am,EUR,Italian Monthly Unemployment Rate,Medium,10.2%,10.6%,
2012-07-31,4:00am,EUR,CPI Flash Estimate y/y,Low,2.4%,2.4%,
2012-07-31,4:00am,EUR,Unemployment Rate,Low,11.2%,11.2%,
2012-07-31,4:00am,EUR,Italian Prelim CPI m/m,Medium,0.3%,0.2%,
2012-07-31,7:30am,USD,Core PCE Price Index m/m,Low,0.2%,0.1%,
2012-07-31,7:30am,USD,Employment Cost Index q/q,Low,0.5%,0.4%,
2012-07-31,7:30am,USD,Personal Spending m/m,Low,0.1%,-0.1%,
2012-07-31,7:30am,USD,Personal Income m/m,Medium,0.5%,0.3%,
2012-07-31,8:00am,USD,S&P/CS Composite-20 HPI y/y,Low,-1.5%,-1.8%,
2012-07-31,8:45am,USD,Chicago PMI,Low,52.6,52.9,
2012-07-31,9:00am,USD,CB Consumer Confidence,High,61.5,62.7,
2012-07-31,3:00pm,USD,Treasury Sec Geithner Speaks,Low,,,
2012-07-31,6:01pm,GBP,BRC Shop Price Index y/y,Medium,,1.1%,
2012-08-01,All Day,CHF,Bank Holiday,Low,,,
2012-08-01,2:15am,EUR,Spanish Manufacturing PMI,Low,,41.1,
2012-08-01,2:45am,EUR,Italian Manufacturing PMI,Low,44.2,44.6,
2012-08-01,2:50am,EUR,French Final Manufacturing PMI,Medium,43.6,43.6,
2012-08-01,2:55am,EUR,German Final Manufacturing PMI,Medium,43.4,43.3,
2012-08-01,3:00am,EUR,Final Manufacturing PMI,Medium,44.1,44.1,
2012-08-01,3:30am,GBP,Final Manufacturing PMI,High,48.6,48.4,
2012-08-01,7:15am,USD,ADP Non-Farm Employment Change,High,121K,172K,
2012-08-01,8:00am,USD,Final Manufacturing PMI,Medium,51.9,51.8,
2012-08-01,9:00am,USD,ISM Manufacturing PMI,High,50.3,49.7,
2012-08-01,9:00am,USD,Construction Spending m/m,Medium,0.5%,1.6%,
2012-08-01,9:00am,USD,ISM Manufacturing Prices,Medium,39.3,37.0,
2012-08-01,9:30am,USD,Crude Oil Inventories,Low,-1.5M,2.7M,
2012-08-01,All Day,USD,Total Vehicle Sales,Medium,14.0M,14.1M,
2012-08-01,1:13pm,USD,FOMC Statement,High,,,
2012-08-01,1:13pm,USD,Federal Funds Rate,Low,<0.25%,<0.25%,
2012-08-01,6:50pm,JPY,Monetary Base y/y,Medium,6.2%,5.9%,
2012-08-01,10:45pm,JPY,10-y Bond Auction,Medium,,0.84|3.1,
2012-08-02,2:15am,CHF,Retail Sales y/y,High,2.8%,6.4%,
2012-08-02,2:30am,CHF,Manufacturing PMI,Low,47.1,48.1,
2012-08-02,3:30am,GBP,Construction PMI,High,48.2,48.2,
2012-08-02,3:46am,EUR,Spanish 10-y Bond Auction,High,,6.43|3.2,
2012-08-02,4:00am,EUR,PPI m/m,Medium,-0.3%,-0.5%,
2012-08-02,6:00am,GBP,Asset Purchase Facility,High,375B,375B,
2012-08-02,6:00am,GBP,Official Bank Rate,High,0.50%,0.50%,
2012-08-02,6:30am,USD,Challenger Job Cuts y/y,Medium,,-9.4%,
2012-08-02,6:45am,EUR,Main Refinancing Rate,High,0.75%,0.75%,
2012-08-02,7:30am,EUR,ECB Press Conference,High,,,
2012-08-02,7:30am,USD,Unemployment Claims,High,375K,357K,
2012-08-02,9:00am,USD,Factory Orders m/m,Low,0.4%,0.5%,
2012-08-02,9:30am,USD,Natural Gas Storage,Medium,22B,26B,
2012-08-03,2:45am,EUR,Italian Services PMI,Medium,43.5,43.1,
2012-08-03,2:50am,EUR,French Final Services PMI,Medium,50.2,50.2,
2012-08-03,2:55am,EUR,German Final Services PMI,Medium,49.7,49.7,
2012-08-03,3:00am,EUR,Final Services PMI,Medium,47.6,47.6,
2012-08-03,3:30am,GBP,Final Services PMI,High,51.6,51.3,
2012-08-03,4:00am,EUR,Retail Sales m/m,Low,0.1%,0.8%,
2012-08-03,7:30am,USD,Non-Farm Employment Change,High,101K,64K,
2012-08-03,7:30am,USD,Unemployment Rate,High,8.2%,8.2%,
2012-08-03,7:30am,USD,Average Hourly Earnings m/m,Low,0.2%,0.3%,
2012-08-03,9:00am,USD,ISM Services PMI,High,52.1,52.1,
2012-08-06,2:00am,GBP,Halifax HPI m/m,Low,-0.5%,0.8%,
2012-08-06,3:30am,EUR,Sentix Investor Confidence,Low,-30.8,-29.6,
2012-08-06,8:00am,USD,Fed Chairman Bernanke Speaks,High,,,
2012-08-06,1:00pm,USD,Loan Officer Survey,Medium,,,
2012-08-06,6:00pm,GBP,BRC Retail Sales Monitor y/y,Low,,1.4%,
2012-08-07,2:00am,CHF,Foreign Currency Reserves,High,,365B,
2012-08-07,2:15am,CHF,CPI m/m,High,-0.5%,-0.3%,
2012-08-07,3:00am,EUR,Italian Industrial Production m/m,Low,-1.0%,1.0%,
2012-08-07,3:30am,GBP,Manufacturing Production m/m,High,-4.0%,1.2%,
2012-08-07,3:30am,GBP,Industrial Production m/m,Medium,-3.3%,1.0%,
2012-08-07,3:59am,EUR,Italian Prelim GDP q/q,Low,-0.7%,-0.8%,
2012-08-07,5:00am,EUR,German Factory Orders m/m,Low,-0.9%,0.7%,
2012-08-07,9:00am,GBP,NIESR GDP Estimate,Low,,-0.7%,
2012-08-07,9:00am,USD,JOLTS Job Openings,Medium,3.72M,3.66M,
2012-08-07,1:30pm,USD,Fed Chairman Bernanke Speaks,Low,,,
2012-08-07,2:00pm,USD,Consumer Credit m/m,Medium,11.5B,16.7B,
2012-08-07,6:50pm,JPY,Current Account,High,0.75T,0.28T,
2012-08-07,6:50pm,JPY,Bank Lending y/y,Medium,,0.6%,
2012-08-08,12:44am,CHF,SECO Consumer Climate,Low,-4,-8,
2012-08-08,1:00am,EUR,German Trade Balance,Medium,14.9B,15.3B,
2012-08-08,1:45am,EUR,French Trade Balance,Medium,-5.1B,-5.5B,
2012-08-08,4:30am,GBP,BOE Gov King Speaks,High,,,
2012-08-08,4:30am,GBP,BOE Monetary Policy Report,High,,,
2012-08-08,4:34am,EUR,German 10-y Bond Auction,Low,,1.31|1.5,
2012-08-08,5:00am,EUR,German Industrial Production m/m,Low,-0.8%,1.7%,
2012-08-08,7:30am,USD,Prelim Nonfarm Productivity q/q,Low,1.5%,-0.9%,
2012-08-08,7:30am,USD,Prelim Unit Labor Costs q/q,Low,0.5%,1.3%,
2012-08-08,9:30am,USD,Crude Oil Inventories,Low,-0.6M,-6.5M,
2012-08-08,12:00pm,USD,10-y Bond Auction,Low,,1.46|3.6,
2012-08-08,6:50pm,JPY,Core Machinery Orders m/m,Low,11.1%,-14.8%,
2012-08-08,6:50pm,JPY,M2 Money Stock y/y,Medium,2.3%,2.2%,
2012-08-08,10:19pm,JPY,Monetary Policy Statement,High,,,
2012-08-08,10:19pm,JPY,Overnight Call Rate,High,<0.10%,<0.10%,
2012-08-09,1:02am,JPY,Prelim Machine Tool Orders y/y,Medium,,-15.5%,
2012-08-09,2:39am,JPY,BOJ Press Conference,High,,,
2012-08-09,3:00am,EUR,ECB Monthly Bulletin,Low,,,
2012-08-09,3:00am,EUR,Italian Trade Balance,Medium,0.97B,1.01B,
2012-08-09,3:30am,GBP,Goods Trade Balance,Low,-8.5B,-8.4B,
2012-08-09,4:00am,GBP,CB Leading Index m/m,Medium,,-0.8%,
2012-08-09,7:30am,USD,Trade Balance,High,-47.4B,-48.0B,
2012-08-09,7:30am,USD,Unemployment Claims,High,371K,367K,
2012-08-09,9:00am,USD,Mortgage Delinquencies,Low,,7.40%,
2012-08-09,9:00am,USD,Final Wholesale Inventories m/m,Medium,0.3%,0.0%,
2012-08-09,9:30am,USD,Natural Gas Storage,Medium,30B,28B,
2012-08-09,12:00pm,USD,30-y Bond Auction,Medium,,2.58|2.7,
2012-08-09,6:50pm,JPY,PPI y/y,Medium,-1.5%,-1.4%,
2012-08-09,11:30pm,JPY,Revised Industrial Production m/m,Medium,-0.1%,-0.1%,
2012-08-10,FriAug 10,JPY,BOJ Monthly Report,Medium,,,
2012-08-10,1:00am,EUR,German Final CPI m/m,Medium,0.4%,0.4%,
2012-08-10,1:45am,EUR,French Industrial Production m/m,Low,0.4%,-2.1%,
2012-08-10,1:45am,EUR,French Gov Budget Balance,Medium,,-69.6B,
2012-08-10,3:30am,GBP,PPI Input m/m,High,1.4%,-2.9%,
2012-08-10,3:30am,GBP,PPI Output m/m,Medium,0.1%,-0.6%,
2012-08-10,7:30am,USD,Import Prices m/m,Low,0.1%,-2.4%,
2012-08-10,12:59pm,USD,Federal Budget Balance,Low,-103.0B,-59.7B,
2012-08-12,6:50pm,JPY,Prelim GDP q/q,Low,0.6%,1.2%,
2012-08-12,6:50pm,JPY,Prelim GDP Price Index y/y,Medium,-0.8%,-1.3%,
2012-08-13,6:01pm,GBP,RICS House Price Balance,Low,-23%,-22%,
2012-08-13,6:50pm,JPY,Monetary Policy Meeting Minutes,Low,,,
2012-08-13,6:50pm,JPY,Tertiary Industry Activity m/m,Low,-0.3%,0.9%,
2012-08-14,TueAug 14,EUR,French Final CPI m/m,Medium,-0.2%,0.0%,
2012-08-14,1:00am,EUR,German Prelim GDP q/q,Low,0.2%,0.5%,
2012-08-14,1:45am,EUR,French Prelim Private Payrolls q/q,Low,-0.1%,0.1%,
2012-08-14,2:15am,CHF,PPI m/m,Low,-0.2%,-0.3%,
2012-08-14,3:30am,GBP,CPI y/y,High,2.3%,2.4%,
2012-08-14,3:30am,GBP,RPI y/y,Low,2.8%,2.8%,
2012-08-14,3:30am,GBP,Core CPI y/y,Medium,2.1%,2.1%,
2012-08-14,3:30am,GBP,ONS HPI y/y,Medium,2.7%,2.3%,
2012-08-14,4:00am,EUR,German ZEW Economic Sentiment,High,-19.4,-19.6,
2012-08-14,4:00am,EUR,Flash GDP q/q,Low,-0.2%,0.0%,
2012-08-14,4:00am,EUR,Industrial Production m/m,Low,-0.5%,0.9%,
2012-08-14,4:00am,EUR,ZEW Economic Sentiment,Low,-19.1,-22.3,
2012-08-14,6:30am,USD,NFIB Small Business Index,Medium,91.7,91.4,
2012-08-14,7:30am,USD,Core Retail Sales m/m,High,0.4%,-0.8%,
2012-08-14,7:30am,USD,PPI m/m,High,0.3%,0.1%,
2012-08-14,7:30am,USD,Retail Sales m/m,High,0.3%,-0.7%,
2012-08-14,7:30am,USD,Core PPI m/m,Low,0.2%,0.2%,
2012-08-14,9:00am,USD,Business Inventories m/m,Low,0.2%,0.3%,
2012-08-14,9:00am,USD,RCM/TIPP Economic Optimism,Medium,47.4,47.0,
2012-08-15,All Day,EUR,Italian Bank Holiday,Low,,,
2012-08-15,3:30am,GBP,Claimant Count Change,High,6.2K,1.0K,
2012-08-15,3:30am,GBP,MPC Asset Purchase Facility Votes,High,0-0-9,7-0-2,
2012-08-15,3:30am,GBP,MPC Official Bank Rate Votes,High,0-0-9,0-0-9,
2012-08-15,3:30am,GBP,Unemployment Rate,Low,8.1%,8.1%,
2012-08-15,3:30am,GBP,Average Earnings Index 3m/y,Medium,1.8%,1.5%,
2012-08-15,7:30am,USD,Core CPI m/m,High,0.2%,0.2%,
2012-08-15,7:30am,USD,CPI y/y,High,1.7%,1.7%,
2012-08-15,7:30am,USD,CPI m/m,Low,0.2%,0.0%,
2012-08-15,7:30am,USD,Empire State Manufacturing Index,Low,6.6,7.4,
2012-08-15,8:00am,USD,TIC Long-Term Purchases,Low,41.5B,55.9B,
2012-08-15,8:15am,USD,Capacity Utilization Rate,Low,79.3%,78.9%,
2012-08-15,8:15am,USD,Industrial Production m/m,Low,0.5%,0.1%,
2012-08-15,9:00am,USD,NAHB Housing Market Index,Medium,34,35,
2012-08-15,9:30am,USD,Crude Oil Inventories,Low,-2.0M,-3.7M,
2012-08-16,3:30am,GBP,Retail Sales m/m,High,0.0%,0.8%,
2012-08-16,4:00am,CHF,UBS Economic Expectations,Low,,-42.5,
2012-08-16,4:00am,EUR,Final Core CPI y/y,Low,1.7%,1.6%,
2012-08-16,4:00am,EUR,Final CPI y/y,Low,2.4%,2.4%,
2012-08-16,7:30am,USD,Building Permits,High,0.77M,0.76M,
2012-08-16,7:30am,USD,Unemployment Claims,High,365K,364K,
2012-08-16,7:30am,USD,Housing Starts,Low,0.76M,0.75M,
2012-08-16,9:00am,USD,Philly Fed Manufacturing Index,High,-4.7,-12.9,
2012-08-16,9:30am,USD,Natural Gas Storage,Medium,25B,24B,
2012-08-17,3:00am,EUR,Current Account,Low,7.8B,10.3B,
2012-08-17,4:00am,EUR,Trade Balance,Medium,5.4B,6.8B,
2012-08-17,8:55am,USD,Prelim UoM Consumer Sentiment,High,72.5,72.3,
2012-08-17,8:55am,USD,Prelim UoM Inflation Expectations,Medium,,3.0%,
2012-08-17,9:00am,USD,CB Leading Index m/m,Medium,0.2%,-0.4%,
2012-08-19,6:01pm,GBP,Rightmove HPI m/m,Low,,-1.7%,
2012-08-20,11:30pm,JPY,All Industries Activity m/m,Medium,0.3%,-0.2%,
2012-08-21,5:00am,GBP,CBI Industrial Order Expectations,Low,-8,-6,
2012-08-21,7:00am,USD,FOMC Member Lockhart Speaks,Low,,,
2012-08-21,6:50pm,JPY,Trade Balance,Low,-0.46T,-0.32T,
2012-08-22,8:20am,USD,Existing Home Sales,High,4.52M,4.37M,
2012-08-22,9:30am,USD,Crude Oil Inventories,Low,0.1M,-3.7M,
2012-08-22,1:00pm,USD,FOMC Meeting Minutes,High,,,
2012-08-23,ThuAug 23,EUR,German Final GDP q/q,Medium,0.3%,0.3%,
2012-08-23,2:00am,EUR,French Flash Manufacturing PMI,Low,43.7,43.4,
2012-08-23,2:00am,EUR,French Flash Services PMI,Low,50.0,50.0,
2012-08-23,2:30am,EUR,German Flash Manufacturing PMI,High,43.5,43.0,
2012-08-23,2:30am,EUR,German Flash Services PMI,Low,50.1,50.3,
2012-08-23,3:00am,EUR,Flash Manufacturing PMI,Low,44.2,44.0,
2012-08-23,3:00am,EUR,Flash Services PMI,Low,47.7,47.9,
2012-08-23,3:30am,GBP,High Street Lending,Low,28.2K,25.9K,
2012-08-23,5:00am,GBP,CBI Realized Sales,Low,16,11,
2012-08-23,7:30am,USD,Unemployment Claims,High,365K,368K,
2012-08-23,8:00am,USD,Flash Manufacturing PMI,Low,51.3,51.4,
2012-08-23,9:00am,EUR,Consumer Confidence,Medium,-22,-22,
2012-08-23,9:00am,USD,New Home Sales,High,363K,359K,
2012-08-23,9:00am,USD,HPI m/m,Medium,0.6%,0.6%,
2012-08-23,9:30am,USD,Natural Gas Storage,Medium,40B,20B,
2012-08-23,6:50pm,JPY,SPPI y/y,Medium,-0.2%,-0.4%,
2012-08-24,3:30am,GBP,Second Estimate GDP q/q,High,-0.5%,-0.7%,
2012-08-24,3:30am,GBP,Prelim Business Investment q/q,Low,2.8%,1.9%,
2012-08-24,3:30am,GBP,Index of Services 3m/3m,Medium,0.0%,0.4%,
2012-08-24,7:30am,USD,Core Durable Goods Orders m/m,High,0.5%,-2.2%,
2012-08-24,7:30am,USD,Durable Goods Orders m/m,Low,2.6%,1.6%,
2012-08-24,8:00am,EUR,Belgian NBB Business Climate,Low,-11.6,-11.3,
2012-08-27,All Day,GBP,Bank Holiday,Low,,,
2012-08-27,3:00am,EUR,German ifo Business Climate,High,102.7,103.2,
2012-08-27,11:15am,USD,FOMC Member Pianalto Speaks,Low,,,
2012-08-28,TueAug 28,EUR,German GfK Consumer Climate,Low,5.8,5.9,
2012-08-28,2:15am,CHF,Employment Level,Low,4.04M,4.05M,
2012-08-28,3:00am,EUR,M3 Money Supply y/y,Low,3.3%,3.2%,
2012-08-28,3:00am,EUR,Private Loans y/y,Medium,-0.1%,-0.2%,
2012-08-28,8:00am,USD,S&P/CS Composite-20 HPI y/y,Low,-0.3%,-0.7%,
2012-08-28,8:59am,USD,Richmond Manufacturing Index,Medium,-11,-17,
2012-08-28,9:00am,USD,CB Consumer Confidence,High,65.8,65.4,
2012-08-29,2:00am,CHF,KOF Economic Barometer,Low,1.51,1.41,
2012-08-29,3:00am,EUR,Italian Retail Sales m/m,Medium,-0.1%,0.1%,
2012-08-29,7:30am,USD,Prelim GDP q/q,High,1.7%,1.5%,
2012-08-29,7:30am,USD,Prelim GDP Price Index q/q,Medium,1.6%,1.6%,
2012-08-29,9:00am,USD,Pending Home Sales m/m,High,1.1%,-1.4%,
2012-08-29,9:30am,USD,Crude Oil Inventories,Low,-1.1M,-5.4M,
2012-08-29,1:00pm,USD,Beige Book,Low,,,
2012-08-29,6:50pm,JPY,Retail Sales y/y,Low,-0.1%,0.2%,
2012-08-30,2:55am,EUR,German Unemployment Change,Low,7K,9K,
2012-08-30,3:10am,EUR,Retail PMI,Medium,,46.4,
2012-08-30,3:30am,GBP,Net Lending to Individuals m/m,Low,0.9B,-0.1B,
2012-08-30,3:30am,GBP,M4 Money Supply m/m,Medium,0.4%,-1.6%,
2012-08-30,3:30am,GBP,Mortgage Approvals,Medium,47K,44K,
2012-08-30,4:19am,EUR,Italian 10-y Bond Auction,High,,5.96|1.3,
2012-08-30,7:30am,USD,Unemployment Claims,High,370K,374K,
2012-08-30,7:30am,USD,Core PCE Price Index m/m,Low,0.1%,0.2%,
2012-08-30,7:30am,USD,Personal Spending m/m,Low,0.4%,0.0%,
2012-08-30,7:30am,USD,Personal Income m/m,Medium,0.4%,0.3%,
2012-08-30,9:30am,USD,Natural Gas Storage,Medium,65B,47B,
2012-08-30,6:01pm,GBP,GfK Consumer Confidence,Low,-27,-29,
2012-08-30,6:15pm,JPY,Final Manufacturing PMI,Medium,,47.9,
2012-08-30,6:30pm,JPY,Household Spending y/y,Low,1.2%,1.6%,
2012-08-30,6:30pm,JPY,Tokyo Core CPI y/y,Low,-0.6%,-0.6%,
2012-08-30,6:30pm,JPY,National Core CPI y/y,Medium,-0.3%,-0.2%,
2012-08-30,6:30pm,JPY,Unemployment Rate,Medium,4.3%,4.3%,
2012-08-30,6:50pm,JPY,Prelim Industrial Production m/m,Low,1.7%,0.4%,
2012-08-31,1:00am,EUR,German Retail Sales m/m,Low,0.2%,0.5%,
2012-08-31,1:00am,GBP,Nationwide HPI m/m,Low,0.1%,-0.8%,
2012-08-31,3:00am,EUR,Italian Monthly Unemployment Rate,Medium,10.9%,10.7%,
2012-08-31,3:00am,EUR,Italian Quarterly Unemployment Rate,Medium,10.6%,10.1%,
2012-08-31,4:00am,EUR,CPI Flash Estimate y/y,Low,2.5%,2.4%,
2012-08-31,4:00am,EUR,Unemployment Rate,Low,11.3%,11.3%,
2012-08-31,4:00am,EUR,Italian Prelim CPI m/m,Medium,0.3%,0.1%,
2012-08-31,8:45am,USD,Chicago PMI,Low,53.6,53.7,
2012-08-31,8:55am,USD,Revised UoM Consumer Sentiment,Low,73.7,73.6,
2012-08-31,8:55am,USD,Revised UoM Inflation Expectations,Medium,,3.6%,
2012-08-31,9:00am,USD,Fed Chairman Bernanke Speaks,High,,,
2012-08-31,9:00am,USD,Factory Orders m/m,Low,1.7%,-0.5%,
2012-08-31,12:10pm,GBP,MPC Member Posen Speaks,Medium,,,
2012-09-02,6:50pm,JPY,Capital Spending q/y,Low,8.9%,3.3%,
2012-09-03,2:00am,CHF,SNB Chairman Jordan Speaks,High,,,
2012-09-03,2:15am,CHF,Retail Sales y/y,High,3.5%,3.3%,
2012-09-03,2:15am,EUR,Spanish Manufacturing PMI,Low,,42.3,
2012-09-03,2:30am,CHF,Manufacturing PMI,Low,49.2,48.6,
2012-09-03,2:45am,EUR,Italian Manufacturing PMI,Low,44.9,44.3,
2012-09-03,2:50am,EUR,French Final Manufacturing PMI,Medium,46.2,46.2,
2012-09-03,2:55am,EUR,German Final Manufacturing PMI,Medium,45.1,45.1,
2012-09-03,3:00am,EUR,Final Manufacturing PMI,Medium,45.3,45.3,
2012-09-03,3:30am,GBP,Final Manufacturing PMI,High,46.1,45.2,
2012-09-03,All Day,USD,Bank Holiday,Low,,,
2012-09-03,8:30am,EUR,ECB President Draghi Speaks,Low,,,
2012-09-03,6:00pm,GBP,BRC Retail Sales Monitor y/y,Low,,0.1%,
2012-09-03,6:50pm,JPY,Monetary Base y/y,Medium,9.4%,8.6%,
2012-09-03,8:30pm,JPY,Average Cash Earnings y/y,Low,-0.3%,-0.4%,
2012-09-03,10:45pm,JPY,10-y Bond Auction,Medium,,0.77|2.6,
2012-09-04,2:00am,EUR,Spanish Unemployment Change,Low,,-27.8K,
2012-09-04,3:30am,GBP,Construction PMI,High,50.1,50.9,
2012-09-04,4:00am,EUR,PPI m/m,Medium,0.3%,-0.5%,
2012-09-04,8:00am,USD,Final Manufacturing PMI,Medium,51.9,51.9,
2012-09-04,9:00am,USD,ISM Manufacturing PMI,High,50.0,49.8,
2012-09-04,9:00am,USD,Construction Spending m/m,Medium,0.4%,0.4%,
2012-09-04,9:00am,USD,ISM Manufacturing Prices,Medium,46.4,39.5,
2012-09-04,9:37am,GBP,Final Services PMI,High,51.3,51.0,
2012-09-04,All Day,USD,Total Vehicle Sales,Medium,14.1M,14.1M,
2012-09-04,6:01pm,GBP,BRC Shop Price Index y/y,Medium,,1.0%,
2012-09-05,2:15am,CHF,CPI m/m,High,0.1%,-0.5%,
2012-09-05,2:15am,EUR,Spanish Services PMI,Medium,,43.7,
2012-09-05,2:45am,EUR,Italian Services PMI,Medium,43.3,43.0,
2012-09-05,2:50am,EUR,French Final Services PMI,Medium,50.2,50.2,
2012-09-05,2:55am,EUR,German Final Services PMI,Medium,48.3,48.3,
2012-09-05,3:00am,EUR,Final Services PMI,Medium,47.5,47.5,
2012-09-05,4:00am,EUR,Retail Sales m/m,Low,-0.2%,0.1%,
2012-09-05,4:35am,EUR,German 10-y Bond Auction,Low,,1.42|1.8,
2012-09-05,4:36am,GBP,30-y Bond Auction,Medium,,3.22|2.2,
2012-09-05,7:30am,USD,Revised Nonfarm Productivity q/q,Low,1.8%,1.6%,
2012-09-05,7:30am,USD,Revised Unit Labor Costs q/q,Medium,1.5%,1.7%,
2012-09-05,10:40pm,JPY,BOJ Gov Shirakawa Speaks,Low,,,
2012-09-05,10:45pm,JPY,30-y Bond Auction,Medium,,1.85|4.1,
2012-09-06,4:00am,EUR,Revised GDP q/q,Medium,-0.2%,-0.2%,
2012-09-06,4:01am,EUR,French 10-y Bond Auction,Low,,2.53|1.9,
2012-09-06,5:00am,EUR,German Factory Orders m/m,Low,0.3%,-1.6%,
2012-09-06,6:00am,GBP,Asset Purchase Facility,High,375B,375B,
2012-09-06,6:00am,GBP,Official Bank Rate,High,0.50%,0.50%,
2012-09-06,6:30am,USD,Challenger Job Cuts y/y,Medium,,-44.5%,
2012-09-06,6:45am,EUR,Main Refinancing Rate,High,0.75%,0.75%,
2012-09-06,7:15am,USD,ADP Non-Farm Employment Change,High,142K,173K,
2012-09-06,7:30am,EUR,ECB Press Conference,High,,,
2012-09-06,7:30am,USD,Unemployment Claims,High,369K,377K,
2012-09-06,9:00am,USD,ISM Services PMI,High,52.5,52.6,
2012-09-06,9:30am,USD,Natural Gas Storage,Medium,40B,66B,
2012-09-06,10:00am,USD,Crude Oil Inventories,Low,-4.9M,3.8M,
2012-09-06,11:30am,EUR,ECB President Draghi Speaks,High,,,
2012-09-07,12:45am,CHF,Unemployment Rate,Medium,2.9%,2.9%,
2012-09-07,1:00am,EUR,German Trade Balance,Medium,15.5B,16.3B,
2012-09-07,1:45am,EUR,French Gov Budget Balance,Medium,,-56.7B,
2012-09-07,1:45am,EUR,French Trade Balance,Medium,-5.7B,-6.1B,
2012-09-07,2:00am,CHF,Foreign Currency Reserves,High,,409B,
2012-09-07,3:30am,GBP,Manufacturing Production m/m,High,2.1%,-2.9%,
2012-09-07,3:30am,GBP,PPI Input m/m,High,1.6%,0.4%,
2012-09-07,3:30am,GBP,Consumer Inflation Expectations,Low,,3.7%,
2012-09-07,3:30am,GBP,Industrial Production m/m,Medium,1.6%,-2.4%,
2012-09-07,3:30am,GBP,PPI Output m/m,Medium,0.2%,0.1%,
2012-09-07,5:00am,EUR,German Industrial Production m/m,Low,0.1%,-0.4%,
2012-09-07,7:30am,USD,Non-Farm Employment Change,High,123K,141K,
2012-09-07,7:30am,USD,Unemployment Rate,High,8.3%,8.3%,
2012-09-07,7:30am,USD,Average Hourly Earnings m/m,Low,0.2%,0.1%,
2012-09-07,9:00am,GBP,NIESR GDP Estimate,Low,,0.3%,
2012-09-09,6:50pm,JPY,Current Account,High,0.39T,0.77T,
2012-09-09,6:50pm,JPY,Final GDP q/q,Low,0.3%,0.3%,
2012-09-09,6:50pm,JPY,Bank Lending y/y,Medium,,0.7%,
2012-09-09,6:50pm,JPY,Final GDP Price Index y/y,Medium,-1.1%,-1.1%,
2012-09-10,1:00am,JPY,Economy Watchers Sentiment,Medium,43.6,44.2,
2012-09-10,1:45am,EUR,French Industrial Production m/m,Low,-0.5%,0.0%,
2012-09-10,3:30am,EUR,Sentix Investor Confidence,Low,-30.4,-30.3,
2012-09-10,2:00pm,USD,Consumer Credit m/m,Medium,9.1B,9.8B,
2012-09-10,6:01pm,GBP,RICS House Price Balance,Low,-22%,-23%,
2012-09-10,6:50pm,JPY,BSI Manufacturing Index,Low,-6.1,-5.7,
2012-09-10,6:50pm,JPY,M2 Money Stock y/y,Medium,2.3%,2.2%,
2012-09-11,1:00am,EUR,German WPI m/m,Medium,0.3%,0.3%,
2012-09-11,1:00am,JPY,Prelim Machine Tool Orders y/y,Medium,,-6.7%,
2012-09-11,3:30am,GBP,Goods Trade Balance,Low,-8.9B,-10.1B,
2012-09-11,4:00am,GBP,MPC Member McCafferty Speaks,Low,,,
2012-09-11,6:30am,USD,NFIB Small Business Index,Medium,91.5,91.2,
2012-09-11,7:30am,USD,Trade Balance,High,-44.2B,-41.9B,
2012-09-11,9:00am,USD,JOLTS Job Openings,Medium,3.74M,3.72M,
2012-09-11,9:00am,USD,RCM/TIPP Economic Optimism,Medium,47.3,45.6,
2012-09-11,12:15pm,GBP,MPC Member Miles Speaks,Low,,,
2012-09-11,6:50pm,JPY,Core Machinery Orders m/m,Low,1.7%,5.6%,
2012-09-11,6:50pm,JPY,Tertiary Industry Activity m/m,Low,-0.4%,0.2%,
2012-09-11,6:50pm,JPY,PPI y/y,Medium,-1.9%,-2.2%,
2012-09-12,1:00am,EUR,German Final CPI m/m,Medium,0.3%,0.3%,
2012-09-12,3:00am,EUR,German Constitutional Court Ruling,High,,,
2012-09-12,3:00am,EUR,Italian Industrial Production m/m,Low,-0.5%,-1.3%,
2012-09-12,3:30am,GBP,Claimant Count Change,High,0.1K,-13.6K,
2012-09-12,3:30am,GBP,Unemployment Rate,Low,8.0%,8.0%,
2012-09-12,3:30am,GBP,Average Earnings Index 3m/y,Medium,1.5%,1.8%,
2012-09-12,All Day,EUR,Dutch Parliamentary Election,High,,,
2012-09-12,4:00am,EUR,Industrial Production m/m,Low,0.0%,-0.6%,
2012-09-12,4:00am,GBP,CB Leading Index m/m,Medium,,-0.4%,
2012-09-12,6:00am,GBP,MPC Member Broadbent Speaks,Low,,,
2012-09-12,7:30am,USD,Import Prices m/m,Low,1.4%,-0.7%,
2012-09-12,9:00am,USD,Final Wholesale Inventories m/m,Medium,0.3%,-0.2%,
2012-09-12,9:30am,USD,Crude Oil Inventories,Low,-1.8M,-7.4M,
2012-09-12,12:00pm,USD,10-y Bond Auction,Low,,1.68|2.5,
2012-09-13,2:30am,CHF,Libor Rate,High,<0.25%,<0.25%,
2012-09-13,2:30am,CHF,SNB Monetary Policy Assessment,High,,,
2012-09-13,3:00am,EUR,ECB Monthly Bulletin,Low,,,
2012-09-13,4:40am,GBP,10-y Bond Auction,Low,,1.72|2.2,
2012-09-13,7:30am,USD,PPI m/m,High,1.1%,0.3%,
2012-09-13,7:30am,USD,Unemployment Claims,High,370K,367K,
2012-09-13,7:30am,USD,Core PPI m/m,Low,0.2%,0.4%,
2012-09-13,9:30am,USD,Natural Gas Storage,Medium,26B,28B,
2012-09-13,10:30am,USD,30-y Bond Auction,Medium,,2.83|2.4,
2012-09-13,11:30am,USD,FOMC Statement,High,,,
2012-09-13,11:30am,USD,Federal Funds Rate,Low,<0.25%,<0.25%,
2012-09-13,12:54pm,USD,Federal Budget Balance,Low,-156.1B,-69.6B,
2012-09-13,1:00pm,USD,FOMC Economic Projections,High,,,
2012-09-13,1:15pm,USD,FOMC Press Conference,High,,,
2012-09-13,11:30pm,JPY,Revised Industrial Production m/m,Medium,-1.2%,-1.2%,
2012-09-14,FriSep 14,EUR,Final CPI y/y,Low,2.6%,2.6%,
2012-09-14,FriSep 14,EUR,Final Employment Change q/q,Medium,-0.2%,-0.3%,
2012-09-14,All Day,EUR,ECOFIN Meetings,Low,,,
2012-09-14,7:30am,USD,Core CPI m/m,High,0.2%,0.1%,
2012-09-14,7:30am,USD,Core Retail Sales m/m,High,0.7%,0.8%,
2012-09-14,7:30am,USD,CPI y/y,High,1.7%,1.4%,
2012-09-14,7:30am,USD,Retail Sales m/m,High,0.7%,0.6%,
2012-09-14,7:30am,USD,CPI m/m,Low,0.5%,0.0%,
2012-09-14,8:15am,USD,Capacity Utilization Rate,Low,79.3%,79.2%,
2012-09-14,8:15am,USD,Industrial Production m/m,Low,0.1%,0.5%,
2012-09-14,8:55am,USD,Prelim UoM Consumer Sentiment,High,74.1,74.3,
2012-09-14,8:55am,USD,Prelim UoM Inflation Expectations,Medium,,3.6%,
2012-09-14,9:00am,USD,Business Inventories m/m,Low,0.3%,0.1%,
2012-09-14,12:00pm,USD,FOMC Member Lockhart Speaks,Medium,,,
2012-09-14,12:45pm,USD,FOMC Member Raskin Speaks,Medium,,,
2012-09-16,6:01pm,GBP,Rightmove HPI m/m,Low,,-2.4%,
2012-09-16,All Day,JPY,Bank Holiday,Low,,,
2012-09-17,MonSep 17,EUR,Italian Trade Balance,Medium,1.97B,2.52B,
2012-09-17,4:00am,EUR,Trade Balance,Medium,10.2B,9.3B,
2012-09-17,7:30am,USD,Empire State Manufacturing Index,Low,-1.9,-5.9,
2012-09-18,3:30am,GBP,CPI y/y,High,2.5%,2.6%,
2012-09-18,3:30am,GBP,RPI y/y,Low,3.1%,3.2%,
2012-09-18,3:30am,GBP,Core CPI y/y,Medium,2.2%,2.3%,
2012-09-18,3:30am,GBP,ONS HPI y/y,Medium,2.2%,2.3%,
2012-09-18,4:00am,EUR,German ZEW Economic Sentiment,High,-19.2,-25.5,
2012-09-18,4:00am,EUR,ZEW Economic Sentiment,Low,-16.3,-21.2,
2012-09-18,7:30am,USD,Current Account,Low,-126B,-134B,
2012-09-18,7:38am,USD,TIC Long-Term Purchases,Low,37.3B,9.3B,
2012-09-18,9:00am,USD,NAHB Housing Market Index,Medium,38,37,
2012-09-18,11:45am,USD,FOMC Member Dudley Speaks,Medium,,,
2012-09-18,3:30pm,USD,FOMC Member Dudley Speaks,Medium,,,
2012-09-18,6:15pm,USD,FOMC Member Lacker Speaks,Low,,,
2012-09-18,10:44pm,JPY,Monetary Policy Statement,High,,,
2012-09-18,10:44pm,JPY,Overnight Call Rate,High,<0.10%,<0.10%,
2012-09-19,3:30am,GBP,MPC Asset Purchase Facility Votes,High,0-0-9,0-0-9,
2012-09-19,3:30am,GBP,MPC Official Bank Rate Votes,High,0-0-9,0-0-9,
2012-09-19,4:00am,CHF,UBS Economic Expectations,Low,,-33.3,
2012-09-19,7:30am,USD,Building Permits,High,0.79M,0.81M,
2012-09-19,7:30am,USD,Housing Starts,Low,0.77M,0.73M,
2012-09-19,9:00am,USD,Existing Home Sales,High,4.57M,4.47M,
2012-09-19,9:30am,USD,Crude Oil Inventories,Low,-0.2M,2.0M,
2012-09-19,6:50pm,JPY,Trade Balance,Low,-0.37T,-0.37T,
2012-09-19,11:30pm,JPY,All Industries Activity m/m,Medium,-0.5%,0.3%,
2012-09-20,1:00am,CHF,Trade Balance,Low,2.45B,2.88B,
2012-09-20,1:00am,EUR,German PPI m/m,Low,0.4%,0.0%,
2012-09-20,1:35am,JPY,BOJ Gov Shirakawa Speaks,Low,,,
2012-09-20,2:00am,EUR,French Flash Manufacturing PMI,Low,46.5,46.0,
2012-09-20,2:00am,EUR,French Flash Services PMI,Low,49.5,49.2,
2012-09-20,2:30am,EUR,German Flash Manufacturing PMI,High,45.4,44.7,
2012-09-20,2:30am,EUR,German Flash Services PMI,Low,48.5,48.3,
2012-09-20,3:00am,EUR,Flash Manufacturing PMI,Low,45.6,45.1,
2012-09-20,3:00am,EUR,Flash Services PMI,Low,47.6,47.2,
2012-09-20,3:30am,GBP,Retail Sales m/m,High,-0.3%,0.3%,
2012-09-20,3:41am,EUR,Spanish 10-y Bond Auction,High,,6.65|2.4,
2012-09-20,5:00am,GBP,CBI Industrial Order Expectations,Low,-14,-21,
2012-09-20,7:30am,USD,Unemployment Claims,High,374K,385K,
2012-09-20,8:00am,USD,Flash Manufacturing PMI,Low,51.6,51.5,
2012-09-20,8:30am,USD,FOMC Member Lockhart Speaks,Low,,,
2012-09-20,9:00am,EUR,Consumer Confidence,Medium,-24,-25,
2012-09-20,9:00am,USD,Philly Fed Manufacturing Index,High,-4.1,-7.1,
2012-09-20,9:00am,USD,CB Leading Index m/m,Medium,-0.1%,0.5%,
2012-09-20,9:30am,USD,Natural Gas Storage,Medium,66B,27B,
2012-09-20,1:00pm,GBP,BOE Gov King Speaks,High,,,
2012-09-20,4:00pm,USD,FOMC Member Pianalto Speaks,Low,,,
2012-09-21,3:30am,GBP,Public Sector Net Borrowing,High,13.2B,-1.9B,
2012-09-21,8:00am,EUR,Belgian NBB Business Climate,Low,-11.1,-11.8,
2012-09-21,11:40am,USD,FOMC Member Lockhart Speaks,Low,,,
2012-09-24,3:30am,GBP,FPC Statement,Medium,,,
2012-09-24,5:00am,EUR,German Buba Monthly Report,Medium,,,
2012-09-24,2:30pm,USD,FOMC Member Williams Speaks,Low,,,
2012-09-24,6:50pm,JPY,SPPI y/y,Medium,-0.2%,-0.3%,
2012-09-25,TueSep 25,EUR,German GfK Consumer Climate,Low,6.0,5.9,
2012-09-25,3:06am,CHF,SNB Chairman Jordan Speaks,High,,,
2012-09-25,3:30am,GBP,High Street Lending,Low,28.4K,28.8K,
2012-09-25,4:30am,GBP,MPC Member Fisher Speaks,Low,,,
2012-09-25,8:00am,EUR,ECB President Draghi Speaks,High,,,
2012-09-25,8:00am,USD,S&P/CS Composite-20 HPI y/y,Low,1.3%,0.6%,
2012-09-25,8:59am,USD,Richmond Manufacturing Index,Medium,-6,-9,
2012-09-25,9:00am,USD,CB Consumer Confidence,High,63.1,61.3,
2012-09-25,9:00am,USD,HPI m/m,Medium,0.4%,0.7%,
2012-09-25,12:30pm,USD,Treasury Sec Geithner Speaks,Low,,,
2012-09-26,3:00am,EUR,Italian Retail Sales m/m,Medium,-0.1%,0.4%,
2012-09-26,3:30am,GBP,BOE Credit Conditions Survey,Low,,,
2012-09-26,4:34am,EUR,German 10-y Bond Auction,Low,,1.42|1.1,
2012-09-26,5:00am,GBP,CBI Realized Sales,Low,5,-3,
2012-09-26,9:00am,USD,New Home Sales,High,381K,374K,
2012-09-26,9:30am,USD,Crude Oil Inventories,Low,1.7M,8.5M,
2012-09-27,2:55am,EUR,German Unemployment Change,Low,10K,11K,
2012-09-27,3:00am,EUR,M3 Money Supply y/y,Low,3.3%,3.6%,
2012-09-27,3:00am,EUR,Private Loans y/y,Medium,0.1%,-0.4%,
2012-09-27,3:10am,EUR,Retail PMI,Medium,,44.4,
2012-09-27,3:30am,GBP,Current Account,High,-12.3B,-15.4B,
2012-09-27,3:30am,GBP,Final GDP q/q,Low,-0.5%,-0.5%,
2012-09-27,3:30am,GBP,FPC Meeting Minutes,Medium,,,
2012-09-27,3:30am,GBP,Revised Business Investment q/q,Medium,-1.5%,-1.5%,
2012-09-27,4:24am,EUR,Italian 10-y Bond Auction,High,,5.82|1.4,
2012-09-27,7:30am,USD,Core Durable Goods Orders m/m,High,0.2%,-1.3%,
2012-09-27,7:30am,USD,Unemployment Claims,High,378K,385K,
2012-09-27,7:30am,USD,Durable Goods Orders m/m,Low,-4.7%,3.3%,
2012-09-27,7:30am,USD,Final GDP q/q,Low,1.7%,1.7%,
2012-09-27,7:30am,USD,Final GDP Price Index q/q,Medium,1.6%,1.6%,
2012-09-27,9:00am,USD,Pending Home Sales m/m,High,-0.4%,2.6%,
2012-09-27,9:30am,USD,Natural Gas Storage,Medium,75B,67B,
2012-09-27,6:01pm,GBP,GfK Consumer Confidence,Medium,-27,-29,
2012-09-27,6:15pm,JPY,Final Manufacturing PMI,Medium,,47.7,
2012-09-27,6:30pm,JPY,Household Spending y/y,Low,1.1%,1.7%,
2012-09-27,6:30pm,JPY,Tokyo Core CPI y/y,Low,-0.2%,-0.5%,
2012-09-27,6:30pm,JPY,National Core CPI y/y,Medium,-0.3%,-0.3%,
2012-09-27,6:30pm,JPY,Unemployment Rate,Medium,4.3%,4.3%,
2012-09-27,6:50pm,JPY,Prelim Industrial Production m/m,Low,-0.4%,-1.0%,
2012-09-27,6:50pm,JPY,Retail Sales y/y,Low,-0.3%,-0.7%,
2012-09-28,1:00am,EUR,German Retail Sales m/m,Low,0.5%,-1.0%,
2012-09-28,Jul Data,EUR,French Consumer Spending m/m,Medium,0.1%,0.4%,
2012-09-28,1:45am,EUR,French Consumer Spending m/m,Low,-0.4%,0.4%,
2012-09-28,2:00am,CHF,KOF Economic Barometer,Low,1.54,1.59,
2012-09-28,2:00am,EUR,Spanish Flash CPI y/y,Medium,3.0%,2.7%,
2012-09-28,3:30am,GBP,Index of Services 3m/3m,Medium,0.2%,-0.1%,
2012-09-28,4:00am,EUR,CPI Flash Estimate y/y,Low,2.4%,2.6%,
2012-09-28,4:00am,EUR,Italian Prelim CPI m/m,Medium,-0.1%,0.4%,
2012-09-28,7:30am,USD,Core PCE Price Index m/m,Low,0.1%,0.1%,
2012-09-28,7:30am,USD,Personal Spending m/m,Low,0.5%,0.4%,
2012-09-28,7:30am,USD,Personal Income m/m,Medium,0.2%,0.1%,
2012-09-28,8:45am,USD,Chicago PMI,Low,52.9,53.0,
2012-09-28,8:55am,USD,Revised UoM Consumer Sentiment,Low,79.0,79.2,
2012-09-28,8:55am,USD,Revised UoM Inflation Expectations,Medium,,3.5%,
2012-09-28,11:00am,EUR,Spanish Bank Stress Test Results,High,,,
2012-09-30,6:50pm,JPY,Tankan Manufacturing Index,Low,-4,-1,
2012-09-30,6:50pm,JPY,Tankan Non-Manufacturing Index,Low,7,8,
2012-10-01,MonOct 1,EUR,Spanish Manufacturing PMI,Low,,44.0,
2012-10-01,2:30am,CHF,Manufacturing PMI,Low,47.6,46.7,
2012-10-01,2:45am,EUR,Italian Manufacturing PMI,Low,44.1,43.6,
2012-10-01,2:50am,EUR,French Final Manufacturing PMI,Medium,42.6,42.6,
2012-10-01,2:55am,EUR,German Final Manufacturing PMI,Medium,47.3,47.3,
2012-10-01,3:00am,EUR,Italian Monthly Unemployment Rate,Low,10.8%,10.7%,
2012-10-01,3:00am,EUR,Final Manufacturing PMI,Medium,46.0,46.0,
2012-10-01,3:30am,GBP,Final Manufacturing PMI,High,49.5,49.6,
2012-10-01,3:30am,GBP,Net Lending to Individuals m/m,Low,0.7B,0.6B,
2012-10-01,3:30am,GBP,M4 Money Supply m/m,Medium,0.7%,0.5%,
2012-10-01,3:30am,GBP,Mortgage Approvals,Medium,50K,48K,
2012-10-01,4:00am,EUR,Unemployment Rate,Low,11.4%,11.4%,
2012-10-01,8:00am,USD,Final Manufacturing PMI,Medium,51.5,51.5,
2012-10-01,9:00am,USD,ISM Manufacturing PMI,High,49.8,49.6,
2012-10-01,9:00am,USD,Construction Spending m/m,Medium,0.6%,-0.4%,
2012-10-01,9:00am,USD,ISM Manufacturing Prices,Medium,55.6,54.0,
2012-10-01,11:00am,USD,FOMC Member Williams Speaks,Medium,,,
2012-10-01,11:30am,USD,Fed Chairman Bernanke Speaks,High,,,
2012-10-01,6:50pm,JPY,Monetary Base y/y,Medium,7.8%,6.5%,
2012-10-01,8:30pm,JPY,Average Cash Earnings y/y,Low,-0.9%,-1.6%,
2012-10-02,2:00am,EUR,Spanish Unemployment Change,Low,,38.2K,
2012-10-02,3:30am,GBP,Construction PMI,High,50.0,49.0,
2012-10-02,4:00am,EUR,PPI m/m,Medium,0.6%,0.3%,
2012-10-02,4:35am,GBP,10-y Bond Auction,Low,,1.83|1.8,
2012-10-02,All Day,USD,Total Vehicle Sales,Medium,14.4M,14.5M,
2012-10-02,6:00pm,GBP,BRC Shop Price Index y/y,Medium,,1.1%,
2012-10-03,2:15am,EUR,Spanish Services PMI,Medium,,44.0,
2012-10-03,2:45am,EUR,Italian Services PMI,Medium,43.6,44.0,
2012-10-03,2:50am,EUR,French Final Services PMI,Medium,46.1,46.1,
2012-10-03,2:55am,EUR,German Final Services PMI,Medium,50.6,50.6,
2012-10-03,3:00am,EUR,Final Services PMI,Medium,46.0,46.0,
2012-10-03,3:30am,GBP,Final Services PMI,High,53.1,53.7,
2012-10-03,3:30am,GBP,Housing Equity Withdrawal q/q,Medium,-8.6B,-9.6B,
2012-10-03,4:00am,EUR,Retail Sales m/m,Low,-0.1%,0.1%,
2012-10-03,7:15am,USD,ADP Non-Farm Employment Change,High,145K,189K,
2012-10-03,9:00am,USD,ISM Services PMI,High,53.2,53.7,
2012-10-03,9:30am,USD,Crude Oil Inventories,Low,1.6M,-2.4M,
2012-10-03,10:45pm,JPY,10-y Bond Auction,Medium,,0.81|2.8,
2012-10-04,4:00am,EUR,French 10-y Bond Auction,Low,,2.21|2.1,
2012-10-04,6:00am,GBP,Asset Purchase Facility,High,375B,375B,
2012-10-04,6:00am,GBP,Official Bank Rate,High,0.50%,0.50%,
2012-10-04,6:30am,USD,Challenger Job Cuts y/y,Medium,,-36.9%,
2012-10-04,6:45am,EUR,Main Refinancing Rate,High,0.75%,0.75%,
2012-10-04,7:30am,EUR,ECB Press Conference,High,,,
2012-10-04,7:30am,USD,Unemployment Claims,High,371K,363K,
2012-10-04,9:00am,USD,Factory Orders m/m,Low,-6.0%,2.8%,
2012-10-04,9:30am,USD,Natural Gas Storage,Medium,72B,80B,
2012-10-04,1:00pm,USD,FOMC Meeting Minutes,High,,,
2012-10-04,10:14pm,JPY,Monetary Policy Statement,High,,,
2012-10-04,10:14pm,JPY,Overnight Call Rate,High,<0.10%,<0.10%,
2012-10-05,2:00am,CHF,Foreign Currency Reserves,High,,421B,
2012-10-05,2:27am,JPY,BOJ Press Conference,High,,,
2012-10-05,4:05am,EUR,Final GDP q/q,Medium,-0.2%,-0.2%,
2012-10-05,5:00am,EUR,German Factory Orders m/m,Low,-0.5%,0.3%,
2012-10-05,7:30am,USD,Non-Farm Employment Change,High,114K,142K,
2012-10-05,7:30am,USD,Unemployment Rate,High,8.2%,8.1%,
2012-10-05,7:30am,USD,Average Hourly Earnings m/m,Low,0.2%,0.0%,
2012-10-05,12:00pm,USD,FOMC Member Duke Speaks,Medium,,,
2012-10-05,2:00pm,USD,Consumer Credit m/m,Medium,6.8B,-2.5B,
2012-10-07,All Day,JPY,Bank Holiday,Low,,,
2012-10-08,1:00am,EUR,German Trade Balance,Medium,15.8B,16.3B,
2012-10-08,2:15am,CHF,CPI m/m,High,0.3%,0.0%,
2012-10-08,All Day,EUR,Eurogroup Meetings,High,,,
2012-10-08,3:30am,EUR,Sentix Investor Confidence,Low,-20.6,-23.2,
2012-10-08,5:00am,EUR,German Industrial Production m/m,Low,-0.7%,1.2%,
2012-10-08,All Day,USD,Bank Holiday,Low,,,
2012-10-08,6:01pm,GBP,BRC Retail Sales Monitor y/y,Low,,-0.4%,
2012-10-08,6:01pm,GBP,RICS House Price Balance,Low,-20%,-18%,
2012-10-08,6:50pm,JPY,Current Account,High,0.52T,0.34T,
2012-10-08,7:13pm,JPY,BOJ Gov Shirakawa Speaks,Low,,,
2012-10-09,TueOct 9,JPY,Economy Watchers Sentiment,Medium,44.2,43.6,
2012-10-09,1:45am,EUR,French Gov Budget Balance,Medium,,-85.5B,
2012-10-09,1:45am,EUR,French Trade Balance,Medium,-4.9B,-4.1B,
2012-10-09,2:30am,EUR,ECB President Draghi Speaks,High,,,
2012-10-09,All Day,EUR,ECOFIN Meetings,Low,,,
2012-10-09,3:30am,GBP,Manufacturing Production m/m,High,-0.6%,3.1%,
2012-10-09,3:30am,GBP,Goods Trade Balance,Low,-8.3B,-7.3B,
2012-10-09,3:30am,GBP,Industrial Production m/m,Medium,-0.5%,2.8%,
2012-10-09,6:30am,USD,NFIB Small Business Index,Medium,93.6,92.9,
2012-10-09,9:00am,GBP,NIESR GDP Estimate,Low,,0.1%,
2012-10-09,9:00am,USD,RCM/TIPP Economic Optimism,Medium,52.3,51.8,
2012-10-09,7:30pm,USD,FOMC Member Yellen Speaks,Low,,,
2012-10-09,10:00pm,CHF,SNB Chairman Jordan Speaks,High,,,
2012-10-10,1:00am,EUR,German WPI m/m,Medium,0.4%,1.1%,
2012-10-10,1:00am,JPY,Prelim Machine Tool Orders y/y,Medium,,-2.7%,
2012-10-10,1:45am,EUR,French Industrial Production m/m,Low,-0.2%,0.6%,
2012-10-10,3:00am,EUR,Italian Industrial Production m/m,Low,-0.5%,-0.1%,
2012-10-10,9:00am,USD,JOLTS Job Openings,Low,3.73M,3.59M,
2012-10-10,9:00am,USD,Final Wholesale Inventories m/m,Medium,0.5%,0.6%,
2012-10-10,12:00pm,USD,10-y Bond Auction,Low,,1.76|2.9,
2012-10-10,1:00pm,USD,Beige Book,Low,,,
2012-10-10,3:30pm,USD,FOMC Member Tarullo Speaks,Medium,,,
2012-10-10,6:50pm,JPY,Core Machinery Orders m/m,Low,-2.4%,4.6%,
2012-10-10,6:50pm,JPY,Monetary Policy Meeting Minutes,Low,,,
2012-10-10,6:50pm,JPY,Bank Lending y/y,Medium,,0.8%,
2012-10-10,10:45pm,JPY,30-y Bond Auction,Medium,,1.90|4.5,
2012-10-11,1:00am,EUR,German Final CPI m/m,Medium,0.0%,0.0%,
2012-10-11,1:45am,EUR,French Final CPI m/m,Medium,0.1%,0.7%,
2012-10-11,2:30am,USD,FOMC Member Yellen Speaks,Low,,,
2012-10-11,3:00am,EUR,ECB Monthly Bulletin,Low,,,
2012-10-11,7:30am,USD,Trade Balance,High,-44.1B,-42.5B,
2012-10-11,7:30am,USD,Unemployment Claims,High,368K,369K,
2012-10-11,7:30am,USD,Import Prices m/m,Low,0.7%,1.1%,
2012-10-11,9:00am,USD,FOMC Member Stein Speaks,Low,,,
2012-10-11,9:30am,USD,Natural Gas Storage,Medium,79B,77B,
2012-10-11,10:00am,USD,Crude Oil Inventories,Low,1.3M,-0.5M,
2012-10-11,12:00pm,USD,30-y Bond Auction,Medium,,2.90|2.7,
2012-10-11,6:50pm,JPY,Tertiary Industry Activity m/m,Low,0.5%,-0.7%,
2012-10-11,6:50pm,JPY,M2 Money Stock y/y,Medium,2.4%,2.4%,
2012-10-11,6:50pm,JPY,PPI y/y,Medium,-1.4%,-1.9%,
2012-10-12,4:00am,EUR,Industrial Production m/m,Low,-0.4%,0.6%,
2012-10-12,4:00am,GBP,CB Leading Index m/m,Medium,,0.1%,
2012-10-12,7:30am,USD,PPI m/m,High,0.8%,1.7%,
2012-10-12,7:30am,USD,Core PPI m/m,Low,0.2%,0.2%,
2012-10-12,8:30am,JPY,BOJ Gov Shirakawa Speaks,Low,,,
2012-10-12,8:55am,USD,Prelim UoM Consumer Sentiment,High,78.1,78.3,
2012-10-12,8:55am,USD,Prelim UoM Inflation Expectations,Medium,,3.3%,
2012-10-12,11:35am,USD,FOMC Member Lacker Speaks,Low,,,
2012-10-12,1:54pm,USD,Federal Budget Balance,Low,59.0B,-190.5B,
2012-10-13,4:30am,JPY,BOJ Gov Shirakawa Speaks,Low,,,
2012-10-14,6:01pm,GBP,Rightmove HPI m/m,Low,,-0.6%,
2012-10-14,11:30pm,JPY,Revised Industrial Production m/m,Medium,-1.3%,-1.3%,
2012-10-15,7:00am,USD,FOMC Member Dudley Speaks,Medium,,,
2012-10-15,7:30am,USD,Core Retail Sales m/m,High,0.6%,1.0%,
2012-10-15,7:30am,USD,Retail Sales m/m,High,0.7%,1.2%,
2012-10-15,7:30am,USD,Empire State Manufacturing Index,Low,-4.5,-10.4,
2012-10-15,9:00am,USD,Business Inventories m/m,Low,0.5%,0.8%,
2012-10-15,11:45am,USD,FOMC Member Lacker Speaks,Low,,,
2012-10-15,7:30pm,USD,FOMC Member Williams Speaks,Low,,,
2012-10-16,3:30am,GBP,CPI y/y,High,2.2%,2.5%,
2012-10-16,3:30am,GBP,PPI Input m/m,Low,0.0%,1.9%,
2012-10-16,3:30am,GBP,RPI y/y,Low,2.6%,2.9%,
2012-10-16,3:30am,GBP,Core CPI y/y,Medium,2.1%,2.1%,
2012-10-16,3:30am,GBP,ONS HPI y/y,Medium,1.9%,2.0%,
2012-10-16,3:30am,GBP,PPI Output m/m,Medium,0.3%,0.5%,
2012-10-16,4:00am,EUR,German ZEW Economic Sentiment,High,-14.6,-18.2,
2012-10-16,4:00am,EUR,Final Core CPI y/y,Low,1.6%,1.5%,
2012-10-16,4:00am,EUR,Final CPI y/y,Low,2.7%,2.7%,
2012-10-16,4:00am,EUR,ZEW Economic Sentiment,Low,-1.1,-3.8,
2012-10-16,4:00am,EUR,Trade Balance,Medium,8.4B,7.2B,
2012-10-16,7:30am,USD,Core CPI m/m,High,0.2%,0.1%,
2012-10-16,7:30am,USD,CPI y/y,High,2.0%,1.7%,
2012-10-16,7:30am,USD,CPI m/m,Low,0.4%,0.6%,
2012-10-16,8:00am,USD,TIC Long-Term Purchases,Low,45.3B,67.2B,
2012-10-16,8:15am,USD,Capacity Utilization Rate,Low,78.4%,78.0%,
2012-10-16,8:15am,USD,Industrial Production m/m,Low,0.2%,-1.4%,
2012-10-16,9:00am,USD,NAHB Housing Market Index,Medium,41,40,
2012-10-17,WedOct 17,GBP,MPC Asset Purchase Facility Votes,High,0-0-9,0-0-9,
2012-10-17,WedOct 17,GBP,MPC Official Bank Rate Votes,High,0-0-9,0-0-9,
2012-10-17,WedOct 17,GBP,Unemployment Rate,Low,8.1%,8.1%,
2012-10-17,WedOct 17,GBP,Average Earnings Index 3m/y,Medium,1.6%,1.6%,
2012-10-17,4:00am,CHF,UBS Economic Expectations,Low,,-34.9,
2012-10-17,4:15am,GBP,MPC Member Tucker Speaks,Low,,,
2012-10-17,7:30am,USD,Building Permits,High,0.81M,0.80M,
2012-10-17,7:30am,USD,Housing Starts,Low,0.77M,0.76M,
2012-10-17,9:30am,USD,Crude Oil Inventories,Low,1.4M,1.7M,
2012-10-18,Day 1,EUR,EU Economic Summit,High,,,
2012-10-18,3:30am,GBP,Retail Sales m/m,High,0.4%,-0.1%,
2012-10-18,3:47am,EUR,Spanish 10-y Bond Auction,High,,5.67|2.8,
2012-10-18,7:30am,USD,Unemployment Claims,High,367K,342K,
2012-10-18,9:00am,USD,Philly Fed Manufacturing Index,High,1.3,-1.9,
2012-10-18,9:00am,USD,CB Leading Index m/m,Medium,0.1%,-0.4%,
2012-10-18,9:30am,USD,Natural Gas Storage,Medium,46B,72B,
2012-10-18,11:30pm,JPY,All Industries Activity m/m,Medium,0.2%,-0.6%,
2012-10-19,1:35am,JPY,BOJ Gov Shirakawa Speaks,Low,,,
2012-10-19,3:00am,EUR,Current Account,Low,11.3B,8.1B,
2012-10-19,Day 2,EUR,EU Economic Summit,Low,,,
2012-10-19,3:30am,GBP,Public Sector Net Borrowing,High,11.9B,10.8B,
2012-10-19,9:00am,USD,Existing Home Sales,High,4.73M,4.83M,
2012-10-21,6:50pm,JPY,Trade Balance,Low,-0.74T,-0.46T,
2012-10-21,7:30pm,JPY,BOJ Gov Shirakawa Speaks,Low,,,
2012-10-22,12:30pm,USD,FOMC Member Pianalto Speaks,Low,,,
2012-10-23,8:00am,EUR,Belgian NBB Business Climate,Low,-10.8,-11.6,
2012-10-23,8:59am,USD,Richmond Manufacturing Index,Medium,3,4,
2012-10-23,9:00am,EUR,Consumer Confidence,Medium,-26,-26,
2012-10-23,2:00pm,GBP,BOE Gov King Speaks,High,,,
2012-10-23,7:25pm,USD,HPI m/m,Medium,0.4%,0.1%,
2012-10-24,WedOct 24,EUR,French Flash Services PMI,Low,45.6,45.0,
2012-10-24,2:30am,EUR,German Flash Manufacturing PMI,High,48.1,47.4,
2012-10-24,2:30am,EUR,German Flash Services PMI,Low,50.1,49.7,
2012-10-24,3:00am,EUR,German ifo Business Climate,High,101.5,101.4,
2012-10-24,3:00am,EUR,Flash Manufacturing PMI,Low,46.6,46.1,
2012-10-24,3:00am,EUR,Flash Services PMI,Low,46.5,46.1,
2012-10-24,4:32am,EUR,German 10-y Bond Auction,Low,,1.52|1.2,
2012-10-24,5:00am,GBP,CBI Industrial Order Expectations,Low,-6,-8,
2012-10-24,6:45am,EUR,ECB President Draghi Speaks,High,,,
2012-10-24,8:00am,USD,Flash Manufacturing PMI,Low,51.6,51.1,
2012-10-24,9:00am,EUR,ECB President Draghi Speaks,High,,,
2012-10-24,9:00am,USD,New Home Sales,High,386K,368K,
2012-10-24,9:30am,USD,Crude Oil Inventories,Low,2.0M,2.9M,
2012-10-24,1:15pm,USD,FOMC Statement,High,,,
2012-10-24,1:15pm,USD,Federal Funds Rate,Low,<0.25%,<0.25%,
2012-10-24,6:50pm,JPY,SPPI y/y,Medium,-0.4%,-0.3%,
2012-10-25,ThuOct 25,EUR,Private Loans y/y,Medium,-0.4%,-0.6%,
2012-10-25,3:30am,GBP,Prelim GDP q/q,High,0.6%,-0.4%,
2012-10-25,3:30am,GBP,Index of Services 3m/3m,Medium,0.5%,0.3%,
2012-10-25,4:00am,EUR,Italian Retail Sales m/m,Medium,0.3%,-0.2%,
2012-10-25,5:15am,GBP,MPC Member Tucker Speaks,Low,,,
2012-10-25,7:30am,USD,Core Durable Goods Orders m/m,High,0.8%,-2.1%,
2012-10-25,7:30am,USD,Unemployment Claims,High,371K,392K,
2012-10-25,7:30am,USD,Durable Goods Orders m/m,Low,7.1%,-13.1%,
2012-10-25,9:00am,USD,Pending Home Sales m/m,High,2.3%,-2.6%,
2012-10-25,9:30am,USD,Natural Gas Storage,Medium,66B,51B,
2012-10-25,6:30pm,JPY,Tokyo Core CPI y/y,Low,-0.5%,-0.4%,
2012-10-25,6:30pm,JPY,National Core CPI y/y,Medium,-0.2%,-0.3%,
2012-10-26,FriOct 26,EUR,German Import Prices m/m,Medium,0.3%,1.3%,
2012-10-26,2:00am,CHF,KOF Economic Barometer,Low,1.66,1.68,
2012-10-26,2:00am,EUR,Spanish Unemployment Rate,Low,25.2%,24.6%,
2012-10-26,7:30am,USD,Advance GDP q/q,High,1.9%,1.3%,
2012-10-26,7:30am,USD,Advance GDP Price Index q/q,Low,2.0%,1.6%,
2012-10-26,8:55am,USD,Revised UoM Consumer Sentiment,Low,82.7,83.1,
2012-10-26,8:55am,USD,Revised UoM Inflation Expectations,Medium,,3.1%,
2012-10-27,SatOct 27,EUR,Daylight Saving Time Shift,Low,,,
2012-10-27,SatOct 27,GBP,Daylight Saving Time Shift,Low,,,
2012-10-29,4:30am,GBP,Net Lending to Individuals m/m,Low,0.6B,-0.3B,
2012-10-29,4:30am,GBP,M4 Money Supply m/m,Medium,0.4%,0.3%,
2012-10-29,4:30am,GBP,Mortgage Approvals,Medium,49K,48K,
2012-10-29,7:30am,USD,Personal Spending m/m,Low,0.6%,0.5%,
2012-10-29,7:30am,USD,Personal Income m/m,Medium,0.5%,0.1%,
2012-10-29,7:32am,USD,Core PCE Price Index m/m,Low,0.1%,0.1%,
2012-10-29,6:30pm,JPY,Household Spending y/y,Low,0.8%,1.8%,
2012-10-29,6:30pm,JPY,Unemployment Rate,Medium,4.2%,4.2%,
2012-10-29,6:50pm,JPY,Prelim Industrial Production m/m,Low,-3.1%,-1.6%,
2012-10-30,TueOct 30,JPY,Overnight Call Rate,High,<0.10%,<0.10%,
2012-10-30,1:30am,JPY,BOJ Outlook Report,Low,,,
2012-10-30,2:00am,CHF,UBS Consumption Indicator,Medium,,1.02,
2012-10-30,3:00am,EUR,ECB President Draghi Speaks,High,,,
2012-10-30,3:00am,EUR,Spanish Flash GDP q/q,Low,-0.4%,-0.4%,
2012-10-30,3:00am,EUR,Spanish Flash CPI y/y,Medium,3.5%,3.4%,
2012-10-30,3:04am,JPY,BOJ Press Conference,High,,,
2012-10-30,3:55am,EUR,German Unemployment Change,Low,10K,12K,
2012-10-30,4:10am,EUR,Retail PMI,Medium,,47.1,
2012-10-30,5:12am,EUR,Italian 10-y Bond Auction,High,,5.24|1.3,
2012-10-30,6:00am,GBP,CBI Realized Sales,Low,7,6,
2012-10-30,8:00am,USD,S&P/CS Composite-20 HPI y/y,Low,1.9%,1.2%,
2012-10-30,6:15pm,JPY,Final Manufacturing PMI,Medium,,48.0,
2012-10-30,7:01pm,GBP,GfK Consumer Confidence,Medium,-28,-28,
2012-10-30,8:30pm,JPY,Average Cash Earnings y/y,Low,-0.3%,0.0%,
2012-10-31,2:00am,EUR,German Retail Sales m/m,Low,0.4%,0.1%,
2012-10-31,2:45am,EUR,French Consumer Spending m/m,Low,0.2%,-0.8%,
2012-10-31,4:00am,EUR,Italian Monthly Unemployment Rate,Medium,10.8%,10.6%,
2012-10-31,All Day,EUR,Eurogroup Meetings,Low,,,
2012-10-31,4:58am,EUR,French 10-y Bond Auction,Medium,,2.28|2.2,
2012-10-31,5:00am,EUR,CPI Flash Estimate y/y,Low,2.5%,2.6%,
2012-10-31,5:00am,EUR,Unemployment Rate,Low,11.4%,11.5%,
2012-10-31,5:00am,EUR,Italian Prelim CPI m/m,Medium,0.2%,0.0%,
2012-10-31,5:33am,EUR,German 30-y Bond Auction,Medium,,2.17|1.5,
2012-10-31,7:30am,USD,Employment Cost Index q/q,Low,0.5%,0.5%,
2012-10-31,8:45am,USD,Chicago PMI,Low,51.0,49.7,
2012-10-31,1:00pm,GBP,MPC Member Bean Speaks,Low,,,
2012-10-31,1:00pm,USD,Loan Officer Survey,Medium,,,
2012-10-31,10:45pm,JPY,10-y Bond Auction,Medium,,0.77|3.1,
2012-11-01,2:00am,GBP,Nationwide HPI m/m,Low,0.2%,-0.4%,
2012-11-01,All Day,EUR,French Bank Holiday,Low,,,
2012-11-01,All Day,EUR,Italian Bank Holiday,Low,,,
2012-11-01,3:15am,CHF,Retail Sales y/y,Low,4.5%,6.0%,
2012-11-01,3:30am,CHF,Manufacturing PMI,Low,44.6,43.6,
2012-11-01,4:30am,GBP,Final Manufacturing PMI,High,48.1,48.1,
2012-11-01,6:30am,USD,Challenger Job Cuts y/y,Medium,,-70.8%,
2012-11-01,7:15am,USD,ADP Non-Farm Employment Change,High,138K,114K,
2012-11-01,7:30am,USD,Unemployment Claims,High,371K,372K,
2012-11-01,7:30am,USD,Prelim Nonfarm Productivity q/q,Low,1.3%,2.2%,
2012-11-01,7:30am,USD,Prelim Unit Labor Costs q/q,Low,1.3%,1.5%,
2012-11-01,8:00am,USD,Final Manufacturing PMI,Medium,51.5,51.3,
2012-11-01,9:00am,USD,CB Consumer Confidence,High,72.4,68.4,
2012-11-01,9:00am,USD,ISM Manufacturing PMI,High,51.2,51.5,
2012-11-01,9:00am,USD,Construction Spending m/m,Medium,0.7%,-0.1%,
2012-11-01,9:00am,USD,ISM Manufacturing Prices,Medium,56.2,58.0,
2012-11-01,9:30am,USD,Natural Gas Storage,Medium,68B,67B,
2012-11-01,10:00am,USD,Crude Oil Inventories,Low,1.9M,5.9M,
2012-11-01,All Day,USD,Total Vehicle Sales,Medium,15.0M,15.0M,
2012-11-01,11:30am,USD,FOMC Member Lockhart Speaks,Low,,,
2012-11-01,6:50pm,JPY,Monetary Policy Meeting Minutes,Low,,,
2012-11-01,6:50pm,JPY,Monetary Base y/y,Medium,10.2%,9.0%,
2012-11-02,3:45am,EUR,Italian Manufacturing PMI,Low,45.9,45.7,
2012-11-02,3:50am,EUR,French Final Manufacturing PMI,Medium,43.5,43.5,
2012-11-02,3:55am,EUR,German Final Manufacturing PMI,Medium,45.7,45.7,
2012-11-02,4:00am,EUR,Final Manufacturing PMI,Medium,45.3,45.3,
2012-11-02,4:30am,GBP,Construction PMI,High,49.1,49.5,
2012-11-02,7:30am,USD,Non-Farm Employment Change,High,123K,148K,
2012-11-02,7:30am,USD,Unemployment Rate,High,7.9%,7.8%,
2012-11-02,7:30am,USD,Average Hourly Earnings m/m,Low,0.2%,0.3%,
2012-11-02,9:00am,USD,Factory Orders m/m,Low,4.7%,-5.1%,
2012-11-02,1:25pm,USD,FOMC Member Williams Speaks,Low,,,
2012-11-04,SunNov 4,USD,Daylight Saving Time Shift,Low,,,
2012-11-05,3:30am,EUR,Sentix Investor Confidence,Low,-20.7,-22.2,
2012-11-05,3:30am,GBP,Final Services PMI,High,52.0,52.2,
2012-11-05,9:00am,USD,ISM Services PMI,High,54.6,55.1,
2012-11-05,6:01pm,GBP,BRC Retail Sales Monitor y/y,Low,,1.5%,
2012-11-05,7:00pm,USD,FOMC Member Williams Speaks,Low,,,
2012-11-05,11:00pm,JPY,Leading Indicators,Medium,91.8%,93.2%,
2012-11-06,2:00am,GBP,Halifax HPI m/m,Low,0.5%,-0.4%,
2012-11-06,2:15am,EUR,Spanish Services PMI,High,40.2,40.2,
2012-11-06,2:45am,EUR,Italian Services PMI,Low,46.4,44.5,
2012-11-06,2:50am,EUR,French Final Services PMI,Medium,46.2,46.2,
2012-11-06,2:55am,EUR,German Final Services PMI,Medium,49.3,49.3,
2012-11-06,3:00am,EUR,Final Services PMI,Medium,46.2,46.2,
2012-11-06,3:30am,GBP,Manufacturing Production m/m,High,0.3%,-1.2%,
2012-11-06,3:30am,GBP,Industrial Production m/m,Medium,-0.6%,-0.5%,
2012-11-06,4:00am,EUR,PPI m/m,Medium,0.3%,0.9%,
2012-11-06,4:34am,GBP,10-y Bond Auction,Medium,,1.76|1.9,
2012-11-06,5:00am,EUR,German Factory Orders m/m,Low,-0.3%,-0.8%,
2012-11-06,8:55am,GBP,NIESR GDP Estimate,Low,,1.0%,
2012-11-06,9:00am,USD,JOLTS Job Openings,Low,3.65M,3.66M,
2012-11-06,All Day,USD,Presidential Election,Low,,,
2012-11-06,All Day,USD,Congressional Elections,Low,,,
2012-11-06,6:01pm,GBP,BRC Shop Price Index y/y,Medium,,1.0%,
2012-11-07,2:15am,CHF,CPI m/m,High,0.3%,0.3%,
2012-11-07,4:00am,EUR,EU Economic Forecasts,Low,,,
2012-11-07,4:00am,EUR,Retail Sales m/m,Low,0.0%,0.2%,
2012-11-07,5:00am,EUR,German Industrial Production m/m,Low,-0.4%,-0.4%,
2012-11-07,6:10am,EUR,ECB President Draghi Speaks,High,,,
2012-11-07,9:30am,USD,Crude Oil Inventories,Low,1.8M,-2.0M,
2012-11-07,12:00pm,USD,10-y Bond Auction,Low,,1.70|3.3,
2012-11-07,2:00pm,USD,Consumer Credit m/m,Medium,10.1B,18.4B,
2012-11-07,4:15pm,EUR,Greek Gov Debt Crisis Vote,High,Pass,,
2012-11-07,5:50pm,JPY,Core Machinery Orders m/m,Low,-1.9%,-3.3%,
2012-11-07,5:50pm,JPY,Current Account,Low,0.21T,0.72T,
2012-11-07,5:50pm,JPY,Bank Lending y/y,Medium,,0.9%,
2012-11-07,11:00pm,JPY,Economy Watchers Sentiment,Medium,40.6,41.2,
2012-11-08,1:00am,EUR,German Trade Balance,Low,17.2B,18.1B,
2012-11-08,1:45am,EUR,French Trade Balance,Medium,-5.0B,-5.3B,
2012-11-08,6:00am,GBP,Asset Purchase Facility,High,375B,375B,
2012-11-08,6:00am,GBP,Official Bank Rate,High,0.50%,0.50%,
2012-11-08,6:45am,EUR,Main Refinancing Rate,High,0.75%,0.75%,
2012-11-08,7:30am,EUR,ECB Press Conference,High,,,
2012-11-08,7:30am,USD,Trade Balance,High,-44.9B,-43.8B,
2012-11-08,7:30am,USD,Unemployment Claims,High,367K,363K,
2012-11-08,9:30am,USD,Natural Gas Storage,Medium,27B,65B,
2012-11-08,12:00pm,USD,30-y Bond Auction,Medium,,2.90|2.5,
2012-11-08,5:50pm,JPY,M2 Money Stock y/y,Medium,2.4%,2.4%,
2012-11-08,11:00pm,JPY,Consumer Confidence,Medium,39.7,40.1,
2012-11-09,1:45am,EUR,French Industrial Production m/m,Low,-0.9%,1.9%,
2012-11-09,1:45am,EUR,French Gov Budget Balance,Medium,,-97.7B,
2012-11-09,3:00am,EUR,Italian Industrial Production m/m,Low,-1.4%,1.7%,
2012-11-09,3:30am,GBP,Goods Trade Balance,Low,-9.1B,-10.0B,
2012-11-09,4:00am,GBP,CB Leading Index m/m,Medium,,0.2%,
2012-11-09,7:30am,USD,Import Prices m/m,Low,0.0%,1.1%,
2012-11-09,8:55am,USD,Prelim UoM Consumer Sentiment,High,82.6,82.6,
2012-11-09,8:55am,USD,Prelim UoM Inflation Expectations,Medium,,3.1%,
2012-11-09,9:00am,USD,Final Wholesale Inventories m/m,Medium,0.4%,0.8%,
2012-11-09,12:05pm,USD,President Obama Speaks,Medium,,,
2012-11-11,SunNov 11,JPY,Tertiary Industry Activity m/m,Low,0.0%,0.3%,
2012-11-11,SunNov 11,JPY,PPI y/y,Medium,-0.8%,-1.5%,
2012-11-11,SunNov 11,JPY,Prelim GDP Price Index y/y,Medium,-0.7%,-0.9%,
2012-11-11,8:30pm,JPY,BOJ Gov Shirakawa Speaks,Low,,,
2012-11-12,1:00am,EUR,German WPI m/m,Medium,0.5%,1.3%,
2012-11-12,All Day,EUR,Eurogroup Meetings,High,,,
2012-11-12,All Day,USD,Bank Holiday,Low,,,
2012-11-12,6:01pm,GBP,RICS House Price Balance,Low,-15%,-14%,
2012-11-12,10:30pm,JPY,Revised Industrial Production m/m,Medium,-4.1%,-4.1%,
2012-11-13,2:15am,CHF,PPI m/m,Low,0.2%,0.3%,
2012-11-13,All Day,EUR,ECOFIN Meetings,Low,,,
2012-11-13,3:30am,GBP,CPI y/y,High,2.3%,2.2%,
2012-11-13,3:30am,GBP,PPI Input m/m,Low,-0.4%,-0.1%,
2012-11-13,3:30am,GBP,RPI y/y,Low,2.9%,2.6%,
2012-11-13,3:30am,GBP,Core CPI y/y,Medium,2.2%,2.1%,
2012-11-13,3:30am,GBP,ONS HPI y/y,Medium,2.1%,1.9%,
2012-11-13,3:30am,GBP,PPI Output m/m,Medium,0.2%,0.5%,
2012-11-13,4:00am,EUR,German ZEW Economic Sentiment,High,-9.9,-11.5,
2012-11-13,4:00am,EUR,ZEW Economic Sentiment,Low,0.2,-1.4,
2012-11-13,6:30am,USD,NFIB Small Business Index,Medium,93.0,92.8,
2012-11-13,9:00am,USD,RCM/TIPP Economic Optimism,Medium,53.8,54.0,
2012-11-13,1:00pm,USD,Federal Budget Balance,Low,-113.5B,75.0B,
2012-11-13,2:30pm,USD,FOMC Member Yellen Speaks,Low,,,
2012-11-14,3:30am,GBP,Claimant Count Change,High,-0.5K,0.8K,
2012-11-14,3:30am,GBP,Unemployment Rate,Low,7.9%,7.9%,
2012-11-14,3:30am,GBP,Average Earnings Index 3m/y,Medium,1.8%,1.7%,
2012-11-14,4:00am,CHF,UBS Economic Expectations,Low,,-28.9,
2012-11-14,4:00am,EUR,Industrial Production m/m,Low,-1.6%,0.9%,
2012-11-14,4:26am,EUR,Italian 10-y Bond Auction,Low,,4.92|1.4,
2012-11-14,4:30am,GBP,BOE Gov King Speaks,High,,,
2012-11-14,4:30am,GBP,BOE Monetary Policy Report,High,,,
2012-11-14,7:30am,USD,Core Retail Sales m/m,High,0.2%,1.2%,
2012-11-14,7:30am,USD,PPI m/m,High,0.2%,1.1%,
2012-11-14,7:30am,USD,Retail Sales m/m,High,-0.2%,1.3%,
2012-11-14,7:30am,USD,Core PPI m/m,Low,0.1%,0.0%,
2012-11-14,9:00am,USD,Business Inventories m/m,Low,0.5%,0.6%,
2012-11-14,1:00pm,USD,FOMC Meeting Minutes,High,,,
2012-11-14,7:45pm,USD,FOMC Member Williams Speaks,Low,,,
2012-11-15,1:00am,EUR,German Prelim GDP q/q,Low,0.1%,0.3%,
2012-11-15,3:00am,EUR,ECB Monthly Bulletin,Low,,,
2012-11-15,3:00am,EUR,Italian Prelim GDP q/q,Low,-0.4%,-0.7%,
2012-11-15,3:30am,GBP,Retail Sales m/m,High,-0.1%,0.5%,
2012-11-15,4:00am,EUR,Final Core CPI y/y,Low,1.5%,1.5%,
2012-11-15,4:00am,EUR,Final CPI y/y,Low,2.5%,2.5%,
2012-11-15,4:00am,EUR,Flash GDP q/q,Low,-0.2%,-0.2%,
2012-11-15,7:30am,USD,Core CPI m/m,High,0.1%,0.1%,
2012-11-15,7:30am,USD,CPI y/y,High,2.1%,2.0%,
2012-11-15,7:30am,USD,Unemployment Claims,High,372K,361K,
2012-11-15,7:30am,USD,CPI m/m,Low,0.1%,0.6%,
2012-11-15,7:30am,USD,Empire State Manufacturing Index,Low,-7.2,-6.2,
2012-11-15,8:00am,USD,FOMC Member Lacker Speaks,Low,,,
2012-11-15,9:00am,USD,Philly Fed Manufacturing Index,High,1.1,5.7,
2012-11-15,9:00am,USD,Mortgage Delinquencies,Low,,7.58%,
2012-11-15,9:30am,USD,Natural Gas Storage,Medium,-13B,21B,
2012-11-15,10:00am,USD,Crude Oil Inventories,Low,2.5M,1.8M,
2012-11-15,12:20pm,USD,Fed Chairman Bernanke Speaks,High,,,
2012-11-15,5:30pm,USD,FOMC Member Dudley Speaks,Medium,,,
2012-11-16,3:00am,EUR,Current Account,Low,9.2B,10.9B,
2012-11-16,3:00am,EUR,Italian Trade Balance,Medium,-0.54B,-0.48B,
2012-11-16,4:00am,EUR,Trade Balance,Medium,10.6B,8.9B,
2012-11-16,4:30am,EUR,German Buba President Weidmann Speaks,Low,,,
2012-11-16,8:00am,USD,TIC Long-Term Purchases,Low,75.0B,90.3B,
2012-11-16,8:15am,USD,Capacity Utilization Rate,Low,78.4%,78.2%,
2012-11-16,8:15am,USD,Industrial Production m/m,Low,0.2%,0.2%,
2012-11-16,2:45pm,USD,FOMC Member Lockhart Speaks,Low,,,
2012-11-18,5:22pm,GBP,Rightmove HPI m/m,Low,,3.5%,
2012-11-19,5:00am,EUR,German Buba Monthly Report,Medium,,,
2012-11-19,9:00am,USD,Existing Home Sales,High,4.76M,4.69M,
2012-11-19,9:00am,USD,NAHB Housing Market Index,Medium,41,41,
2012-11-19,9:14pm,JPY,Monetary Policy Statement,High,,,
2012-11-19,9:14pm,JPY,Overnight Call Rate,High,<0.10%,<0.10%,
2012-11-19,10:30pm,JPY,All Industries Activity m/m,Medium,-0.4%,0.0%,
2012-11-20,TueNov 20,CHF,Trade Balance,Low,2.36B,1.93B,
2012-11-20,TueNov 20,EUR,German PPI m/m,Low,0.1%,0.3%,
2012-11-20,1:29am,JPY,BOJ Press Conference,High,,,
2012-11-20,All Day,EUR,Eurogroup Meetings,High,,,
2012-11-20,7:30am,USD,Building Permits,High,0.87M,0.89M,
2012-11-20,7:30am,USD,Housing Starts,Low,0.84M,0.86M,
2012-11-20,8:00am,USD,FOMC Member Lacker Speaks,Low,,,
2012-11-20,11:15am,USD,Fed Chairman Bernanke Speaks,High,,,
2012-11-20,5:50pm,JPY,Trade Balance,Low,-0.46T,-0.96T,
2012-11-20,11:00pm,JPY,BOJ Monthly Report,Medium,,,
2012-11-21,WedNov 21,GBP,MPC Official Bank Rate Votes,High,0-0-9,0-0-9,
2012-11-21,WedNov 21,GBP,Public Sector Net Borrowing,High,4.1B,9.9B,
2012-11-21,4:35am,EUR,German 10-y Bond Auction,Low,,1.56|1.5,
2012-11-21,7:30am,USD,Unemployment Claims,High,415K,451K,
2012-11-21,8:00am,USD,Flash Manufacturing PMI,Low,51.2,51.0,
2012-11-21,8:30am,GBP,MPC Member Weale Speaks,Low,,,
2012-11-21,8:55am,USD,Revised UoM Consumer Sentiment,Low,84.3,84.9,
2012-11-21,8:55am,USD,Revised UoM Inflation Expectations,Medium,,3.0%,
2012-11-21,9:00am,USD,CB Leading Index m/m,Medium,0.2%,0.5%,
2012-11-21,9:30am,USD,Crude Oil Inventories,Low,0.8M,1.1M,
2012-11-21,11:00am,CHF,Gov Board Member Zurbrugg Speaks,Low,,,
2012-11-21,11:00am,USD,Natural Gas Storage,Medium,-27B,-18B,
2012-11-22,ThuNov 22,EUR,French Flash Services PMI,Low,45.3,44.6,
2012-11-22,2:30am,EUR,German Flash Manufacturing PMI,High,45.9,46.0,
2012-11-22,2:30am,EUR,German Flash Services PMI,Low,48.5,48.4,
2012-11-22,3:00am,EUR,Flash Manufacturing PMI,Low,45.6,45.4,
2012-11-22,3:00am,EUR,Flash Services PMI,Low,46.1,46.0,
2012-11-22,Day 1,EUR,EU Economic Summit,High,,,
2012-11-22,3:46am,EUR,Spanish 10-y Bond Auction,Low,,5.46|1.9,
2012-11-22,5:00am,GBP,CBI Industrial Order Expectations,Low,-19,-23,
2012-11-22,All Day,USD,Bank Holiday,Low,,,
2012-11-22,9:00am,EUR,Consumer Confidence,Medium,-26,-26,
2012-11-22,All Day,JPY,Bank Holiday,Low,,,
2012-11-23,3:00am,EUR,ECB President Draghi Speaks,High,,,
2012-11-23,3:00am,EUR,Italian Retail Sales m/m,Medium,0.3%,0.0%,
2012-11-23,3:02am,EUR,German ifo Business Climate,High,99.6,100.0,
2012-11-23,Day 2,EUR,EU Economic Summit,High,,,
2012-11-23,3:30am,GBP,High Street Lending,Low,32.3K,31.5K,
2012-11-23,8:00am,EUR,Belgian NBB Business Climate,Medium,-13.2,-13.5,
2012-11-25,7:00pm,JPY,BOJ Gov Shirakawa Speaks,Low,,,
2012-11-26,All Day,EUR,Eurogroup Meetings,High,,,
2012-11-26,6:00am,EUR,German GfK Consumer Climate,Low,6.3,6.1,
2012-11-26,5:50pm,JPY,SPPI y/y,Medium,-0.6%,-0.5%,
2012-11-27,TueNov 27,EUR,German Import Prices m/m,Medium,-0.5%,-0.7%,
2012-11-27,3:30am,GBP,Second Estimate GDP q/q,High,1.0%,1.0%,
2012-11-27,3:30am,GBP,Prelim Business Investment q/q,Low,1.3%,0.9%,
2012-11-27,3:30am,GBP,Index of Services 3m/3m,Medium,-1.0%,0.3%,
2012-11-27,4:00am,GBP,Monetary Policy Report Hearings,High,,,
2012-11-27,5:30am,USD,FOMC Member Lockhart Speaks,Low,,,
2012-11-27,7:30am,USD,Core Durable Goods Orders m/m,High,-0.6%,1.7%,
2012-11-27,7:30am,USD,Durable Goods Orders m/m,Low,-0.6%,9.2%,
2012-11-27,7:30am,USD,Fed Chairman Bernanke Speaks,Low,,,
2012-11-27,8:00am,USD,S&P/CS Composite-20 HPI y/y,Low,2.9%,2.0%,
2012-11-27,8:59am,USD,Richmond Manufacturing Index,Medium,-2,-7,
2012-11-27,9:00am,USD,CB Consumer Confidence,High,73.1,73.1,
2012-11-27,9:00am,USD,HPI m/m,Medium,0.4%,0.5%,
2012-11-27,3:00pm,USD,Treasury Currency Report,Low,,,
2012-11-28,3:00am,EUR,M3 Money Supply y/y,Low,2.8%,2.6%,
2012-11-28,3:00am,EUR,Private Loans y/y,Medium,-0.8%,-0.9%,
2012-11-28,9:00am,USD,New Home Sales,High,387K,369K,
2012-11-28,9:30am,USD,Crude Oil Inventories,Low,0.5M,-1.5M,
2012-11-28,10:30am,USD,President Obama Speaks,Medium,,,
2012-11-28,11:00am,GBP,Net Lending to Individuals m/m,Low,0.9B,1.7B,
2012-11-28,11:00am,GBP,Mortgage Approvals,Medium,52K,50K,
2012-11-28,11:15am,CHF,SNB Chairman Jordan Speaks,High,,,
2012-11-28,11:15am,USD,FOMC Member Tarullo Speaks,Medium,,,
2012-11-28,1:00pm,USD,Beige Book,Low,,,
2012-11-28,5:50pm,JPY,Retail Sales y/y,Low,-0.7%,0.4%,
2012-11-29,1:00am,GBP,Nationwide HPI m/m,Low,0.2%,0.6%,
2012-11-29,2:55am,EUR,German Unemployment Change,Low,15K,19K,
2012-11-29,3:10am,EUR,Retail PMI,Medium,,45.3,
2012-11-29,3:30am,GBP,FPC Statement,Medium,,,
2012-11-29,3:30am,GBP,M4 Money Supply m/m,Medium,0.4%,0.2%,
2012-11-29,4:15am,EUR,Italian 10-y Bond Auction,Low,,4.81|1.5,
2012-11-29,4:30am,GBP,BOE Gov King Speaks,High,,,
2012-11-29,4:30am,GBP,BOE Financial Stability Report,Low,,,
2012-11-29,5:00am,GBP,CBI Realized Sales,Low,19,30,
2012-11-29,7:30am,USD,Prelim GDP q/q,High,2.8%,2.0%,
2012-11-29,7:30am,USD,Unemployment Claims,High,392K,416K,
2012-11-29,7:30am,USD,Prelim GDP Price Index q/q,Medium,2.8%,2.8%,
2012-11-29,8:00am,USD,FOMC Member Dudley Speaks,Medium,,,
2012-11-29,9:00am,USD,Pending Home Sales m/m,High,0.9%,0.4%,
2012-11-29,9:30am,USD,Natural Gas Storage,Medium,-5B,-38B,
2012-11-29,10:20am,EUR,German Buba President Weidmann Speaks,Low,,,
2012-11-29,5:15pm,JPY,Final Manufacturing PMI,Medium,,46.9,
2012-11-29,5:30pm,JPY,Household Spending y/y,Low,-0.8%,-0.9%,
2012-11-29,5:30pm,JPY,Tokyo Core CPI y/y,Low,-0.4%,-0.4%,
2012-11-29,5:30pm,JPY,National Core CPI y/y,Medium,-0.1%,-0.1%,
2012-11-29,5:30pm,JPY,Unemployment Rate,Medium,4.2%,4.2%,
2012-11-29,5:50pm,JPY,Prelim Industrial Production m/m,Low,-1.8%,-4.1%,
2012-11-29,6:01pm,GBP,GfK Consumer Confidence,Medium,-30,-30,
2012-11-29,11:00pm,JPY,Housing Starts y/y,Medium,10.3%,15.5%,
2012-11-30,1:45am,EUR,French Consumer Spending m/m,Low,-0.1%,0.0%,
2012-11-30,2:00am,CHF,KOF Economic Barometer,Low,1.61,1.64,
2012-11-30,2:00am,EUR,ECB President Draghi Speaks,High,,,
2012-11-30,2:00am,EUR,Spanish Flash CPI y/y,Medium,3.2%,3.5%,
2012-11-30,3:00am,EUR,Italian Monthly Unemployment Rate,Medium,10.9%,10.8%,
2012-11-30,3:00am,EUR,Italian Quarterly Unemployment Rate,Medium,10.6%,10.5%,
2012-11-30,4:00am,EUR,CPI Flash Estimate y/y,Low,2.4%,2.5%,
2012-11-30,4:00am,EUR,Unemployment Rate,Low,11.7%,11.6%,
2012-11-30,4:00am,EUR,Italian Prelim CPI m/m,Medium,0.0%,0.0%,
2012-11-30,7:30am,USD,Core PCE Price Index m/m,Low,0.2%,0.1%,
2012-11-30,7:30am,USD,Personal Spending m/m,Low,0.1%,0.8%,
2012-11-30,7:30am,USD,Personal Income m/m,Medium,0.2%,0.4%,
2012-11-30,8:45am,USD,Chicago PMI,Low,50.7,49.9,
2012-11-30,4:00pm,USD,FOMC Member Stein Speaks,Low,,,
2012-12-02,5:50pm,JPY,Capital Spending q/y,Low,3.7%,7.7%,
2012-12-02,10:00pm,JPY,BOJ Gov Shirakawa Speaks,Low,,,
2012-12-03,MonDec 3,EUR,Spanish Manufacturing PMI,Low,43.9,43.5,
2012-12-03,2:30am,CHF,Manufacturing PMI,Low,47.3,46.1,
2012-12-03,2:45am,EUR,Italian Manufacturing PMI,Low,45.9,45.5,
2012-12-03,2:50am,EUR,French Final Manufacturing PMI,Medium,44.7,44.7,
2012-12-03,2:55am,EUR,German Final Manufacturing PMI,Medium,46.8,46.8,
2012-12-03,3:00am,EUR,Final Manufacturing PMI,Medium,46.2,46.2,
2012-12-03,All Day,EUR,Eurogroup Meetings,Low,,,
2012-12-03,3:30am,GBP,Final Manufacturing PMI,High,48.1,47.3,
2012-12-03,8:00am,USD,Final Manufacturing PMI,Medium,51.7,52.4,
2012-12-03,9:00am,USD,ISM Manufacturing PMI,High,51.5,51.7,
2012-12-03,9:00am,USD,Construction Spending m/m,Medium,0.5%,0.5%,
2012-12-03,9:00am,USD,ISM Manufacturing Prices,Medium,54.3,55.0,
2012-12-03,All Day,USD,Total Vehicle Sales,Medium,14.8M,14.3M,
2012-12-03,5:50pm,JPY,Monetary Base y/y,Medium,11.4%,10.8%,
2012-12-03,6:00pm,GBP,BRC Retail Sales Monitor y/y,Low,,-0.1%,
2012-12-03,7:30pm,JPY,Average Cash Earnings y/y,Low,0.4%,-0.5%,
2012-12-03,9:45pm,JPY,10-y Bond Auction,Medium,,0.78|4.1,
2012-12-04,All Day,EUR,ECOFIN Meetings,Low,,,
2012-12-04,3:30am,GBP,Construction PMI,High,50.7,50.9,
2012-12-04,3:30am,GBP,FPC Meeting Minutes,Medium,,,
2012-12-04,4:00am,EUR,PPI m/m,Medium,0.0%,0.2%,
2012-12-04,9:45am,USD,FOMC Member Tarullo Speaks,Medium,,,
2012-12-04,6:01pm,GBP,BRC Shop Price Index y/y,Medium,,1.5%,
2012-12-05,2:45am,EUR,Italian Services PMI,Low,46.0,46.0,
2012-12-05,2:50am,EUR,French Final Services PMI,Medium,46.1,46.1,
2012-12-05,2:55am,EUR,German Final Services PMI,Medium,48.0,48.0,
2012-12-05,3:00am,EUR,Final Services PMI,Medium,45.7,45.7,
2012-12-05,3:30am,GBP,Final Services PMI,High,51.1,50.6,
2012-12-05,3:45am,EUR,Spanish 10-y Bond Auction,Low,,5.52|1.8,
2012-12-05,4:00am,EUR,Retail Sales m/m,Low,-0.1%,-0.6%,
2012-12-05,6:30am,GBP,Autumn Forecast Statement,High,,,
2012-12-05,7:15am,USD,ADP Non-Farm Employment Change,High,129K,157K,
2012-12-05,7:30am,USD,Revised Nonfarm Productivity q/q,Low,2.7%,1.9%,
2012-12-05,7:30am,USD,Revised Unit Labor Costs q/q,Medium,-0.9%,-0.1%,
2012-12-05,9:00am,USD,ISM Services PMI,High,53.6,54.2,
2012-12-05,9:00am,USD,Factory Orders m/m,Low,0.0%,4.5%,
2012-12-05,9:30am,USD,Crude Oil Inventories,Low,-0.4M,-0.3M,
2012-12-05,9:45pm,JPY,30-y Bond Auction,Medium,,1.93|5.1,
2012-12-06,2:00am,GBP,Halifax HPI m/m,Low,0.2%,-0.1%,
2012-12-06,2:15am,CHF,CPI m/m,High,0.0%,0.1%,
2012-12-06,3:30am,GBP,Goods Trade Balance,Low,-8.7B,-8.4B,
2012-12-06,4:00am,EUR,Revised GDP q/q,Medium,-0.1%,-0.1%,
2012-12-06,5:00am,EUR,German Factory Orders m/m,Low,0.9%,-2.4%,
2012-12-06,6:00am,GBP,Asset Purchase Facility,High,375B,375B,
2012-12-06,6:00am,GBP,Official Bank Rate,High,0.50%,0.50%,
2012-12-06,6:30am,USD,Challenger Job Cuts y/y,Medium,,11.6%,
2012-12-06,6:45am,EUR,Main Refinancing Rate,High,0.75%,0.75%,
2012-12-06,7:30am,EUR,ECB Press Conference,High,,,
2012-12-06,7:30am,USD,Unemployment Claims,High,378K,395K,
2012-12-06,9:30am,USD,Natural Gas Storage,Medium,-70B,4B,
2012-12-06,11:00pm,JPY,Leading Indicators,Medium,92.0%,91.6%,
2012-12-07,FriDec 7,EUR,French Trade Balance,Medium,-4.9B,-5.0B,
2012-12-07,2:00am,CHF,Foreign Currency Reserves,High,,427B,
2012-12-07,3:30am,GBP,Manufacturing Production m/m,High,-0.2%,0.0%,
2012-12-07,3:30am,GBP,Consumer Inflation Expectations,Low,,3.2%,
2012-12-07,3:30am,GBP,Industrial Production m/m,Medium,0.9%,-2.1%,
2012-12-07,4:00am,EUR,ECB President Draghi Speaks,High,,,
2012-12-07,5:00am,EUR,German Industrial Production m/m,Low,-0.4%,-1.3%,
2012-12-07,7:30am,USD,Non-Farm Employment Change,High,89K,138K,
2012-12-07,7:30am,USD,Unemployment Rate,High,7.9%,7.9%,
2012-12-07,7:30am,USD,Average Hourly Earnings m/m,Low,0.2%,0.0%,
2012-12-07,8:55am,USD,Prelim UoM Consumer Sentiment,High,82.4,82.7,
2012-12-07,8:55am,USD,Prelim UoM Inflation Expectations,Medium,,3.1%,
2012-12-07,9:00am,EUR,German Buba President Weidmann Speaks,Low,,,
2012-12-07,9:00am,GBP,NIESR GDP Estimate,Low,,0.1%,
2012-12-07,2:00pm,USD,Consumer Credit m/m,Medium,10.4B,12.2B,
2012-12-09,5:50pm,JPY,BSI Manufacturing Index,Low,4.3,2.5,
2012-12-09,5:50pm,JPY,Current Account,Low,0.25T,-0.14T,
2012-12-09,5:50pm,JPY,Final GDP q/q,Low,-0.8%,-0.9%,
2012-12-09,5:50pm,JPY,Bank Lending y/y,Medium,,0.8%,
2012-12-09,5:50pm,JPY,Final GDP Price Index y/y,Medium,-0.7%,-0.7%,
2012-12-09,11:00pm,JPY,Consumer Confidence,Medium,40.3,39.7,
2012-12-10,MonDec 10,JPY,Prelim Machine Tool Orders y/y,Medium,,-6.7%,
2012-12-10,1:00am,EUR,German Trade Balance,Medium,15.9B,16.9B,
2012-12-10,1:45am,EUR,French Industrial Production m/m,Low,0.4%,-2.7%,
2012-12-10,3:00am,EUR,Italian Industrial Production m/m,Low,-0.2%,-1.3%,
2012-12-10,3:30am,EUR,Sentix Investor Confidence,Low,-16.2,-18.8,
2012-12-10,11:15am,GBP,BOE Gov King Speaks,High,,,
2012-12-10,5:50pm,JPY,M2 Money Stock y/y,Medium,2.3%,2.3%,
2012-12-10,6:01pm,GBP,RICS House Price Balance,Low,-5%,-7%,
2012-12-11,1:00am,EUR,German WPI m/m,Medium,0.4%,-0.6%,
2012-12-11,All Day,EUR,Eurogroup Meetings,Low,,,
2012-12-11,4:00am,EUR,German ZEW Economic Sentiment,High,-11.4,-15.7,
2012-12-11,4:00am,EUR,ZEW Economic Sentiment,Low,0.1,-2.6,
2012-12-11,4:00am,GBP,CB Leading Index m/m,Medium,,0.1%,
2012-12-11,4:35am,GBP,10-y Bond Auction,Medium,,1.82|1.9,
2012-12-11,6:30am,USD,NFIB Small Business Index,Medium,92.5,93.1,
2012-12-11,7:30am,USD,Trade Balance,High,-42.7B,-40.3B,
2012-12-11,9:00am,USD,JOLTS Job Openings,Low,3.62M,3.55M,
2012-12-11,9:00am,USD,Final Wholesale Inventories m/m,Medium,0.5%,1.1%,
2012-12-11,9:00am,USD,RCM/TIPP Economic Optimism,Medium,51.6,48.6,
2012-12-11,5:50pm,JPY,Core Machinery Orders m/m,Low,3.1%,-4.3%,
2012-12-11,5:50pm,JPY,Tertiary Industry Activity m/m,Low,-0.3%,0.2%,
2012-12-11,5:50pm,JPY,PPI y/y,Medium,-0.9%,-1.0%,
2012-12-12,1:45am,EUR,French Final CPI m/m,Medium,0.0%,0.2%,
2012-12-12,All Day,EUR,ECOFIN Meetings,Low,,,
2012-12-12,3:30am,GBP,Claimant Count Change,High,5.9K,6.0K,
2012-12-12,3:30am,GBP,Unemployment Rate,Low,7.9%,7.8%,
2012-12-12,3:30am,GBP,Average Earnings Index 3m/y,Medium,1.9%,1.8%,
2012-12-12,4:00am,CHF,UBS Economic Expectations,Low,,-27.9,
2012-12-12,4:00am,EUR,Industrial Production m/m,Low,0.3%,-2.3%,
2012-12-12,4:45am,GBP,MPC Member Dale Speaks,Low,,,
2012-12-12,7:30am,USD,Import Prices m/m,Low,-0.4%,0.3%,
2012-12-12,9:30am,USD,Crude Oil Inventories,Low,-2.6M,-2.4M,
2012-12-12,10:30am,USD,10-y Bond Auction,Low,,1.68|2.6,
2012-12-12,11:30am,USD,FOMC Statement,High,,,
2012-12-12,11:30am,USD,Federal Funds Rate,Low,<0.25%,<0.25%,
2012-12-12,12:27pm,USD,Federal Budget Balance,Low,-160.0B,-120.0B,
2012-12-12,1:00pm,USD,FOMC Economic Projections,High,,,
2012-12-12,1:15pm,USD,FOMC Press Conference,High,,,
2012-12-13,2:15am,CHF,PPI m/m,Low,-0.3%,-0.1%,
2012-12-13,2:30am,CHF,Libor Rate,High,<0.25%,<0.25%,
2012-12-13,2:30am,CHF,SNB Monetary Policy Assessment,High,,,
2012-12-13,2:30am,CHF,SNB Press Conference,High,,,
2012-12-13,3:00am,EUR,ECB Monthly Bulletin,Low,,,
2012-12-13,Day 1,EUR,EU Economic Summit,Low,,,
2012-12-13,All Day,EUR,Eurogroup Meetings,Low,,,
2012-12-13,5:00am,GBP,CBI Industrial Order Expectations,Low,-17,-21,
2012-12-13,7:30am,USD,Core Retail Sales m/m,High,0.0%,0.0%,
2012-12-13,7:30am,USD,PPI m/m,High,-0.5%,-0.2%,
2012-12-13,7:30am,USD,Retail Sales m/m,High,0.5%,-0.3%,
2012-12-13,7:30am,USD,Unemployment Claims,High,368K,372K,
2012-12-13,7:30am,USD,Core PPI m/m,Low,0.2%,-0.2%,
2012-12-13,7:30am,USD,Fed Announcement,Low,,,
2012-12-13,9:00am,USD,Business Inventories m/m,Low,0.4%,0.7%,
2012-12-13,9:30am,USD,Natural Gas Storage,Medium,-4B,-73B,
2012-12-13,12:00pm,USD,30-y Bond Auction,Medium,,2.82|2.8,
2012-12-13,5:50pm,JPY,Tankan Manufacturing Index,Low,-9,-3,
2012-12-13,5:50pm,JPY,Tankan Non-Manufacturing Index,Low,4,8,
2012-12-13,8:00pm,GBP,MPC Member Weale Speaks,Low,,,
2012-12-13,10:30pm,JPY,Revised Industrial Production m/m,Medium,1.8%,1.8%,
2012-12-14,FriDec 14,EUR,French Flash Services PMI,Low,45.8,45.8,
2012-12-14,2:30am,EUR,German Flash Manufacturing PMI,High,47.1,46.8,
2012-12-14,2:30am,EUR,German Flash Services PMI,Low,50.0,49.7,
2012-12-14,3:00am,EUR,Flash Manufacturing PMI,Low,46.6,46.2,
2012-12-14,3:00am,EUR,Flash Services PMI,Low,47.0,46.7,
2012-12-14,Day 2,EUR,EU Economic Summit,Low,,,
2012-12-14,4:00am,EUR,Final Core CPI y/y,Low,1.5%,1.5%,
2012-12-14,4:00am,EUR,Final CPI y/y,Low,2.2%,2.2%,
2012-12-14,4:00am,EUR,Final Employment Change q/q,Medium,0.0%,0.0%,
2012-12-14,5:00am,EUR,ECB Financial Stability Review,Medium,,,
2012-12-14,7:30am,USD,Core CPI m/m,High,0.2%,0.2%,
2012-12-14,7:30am,USD,CPI y/y,High,1.9%,2.2%,
2012-12-14,7:30am,USD,CPI m/m,Low,-0.2%,0.1%,
2012-12-14,8:00am,USD,Flash Manufacturing PMI,Low,52.6,52.8,
2012-12-14,8:15am,USD,Capacity Utilization Rate,Low,77.9%,77.7%,
2012-12-14,8:15am,USD,Industrial Production m/m,Low,0.3%,-0.7%,
2012-12-16,5:22pm,GBP,Rightmove HPI m/m,Low,,-2.6%,
2012-12-17,4:00am,EUR,Trade Balance,Medium,10.8B,11.0B,
2012-12-17,5:00am,EUR,German Buba Monthly Report,Medium,,,
2012-12-17,7:30am,USD,Empire State Manufacturing Index,Low,-0.7,-5.2,
2012-12-17,8:00am,USD,TIC Long-Term Purchases,Low,24.3B,3.2B,
2012-12-17,8:30am,EUR,ECB President Draghi Speaks,High,,,
2012-12-17,10:00am,USD,FOMC Member Stein Speaks,Low,,,
2012-12-17,12:00pm,USD,FOMC Member Lacker Speaks,Low,,,
2012-12-18,TueDec 18,GBP,PPI Input m/m,Low,0.1%,0.1%,
2012-12-18,TueDec 18,GBP,RPI y/y,Low,3.2%,3.2%,
2012-12-18,TueDec 18,GBP,Core CPI y/y,Medium,2.7%,2.6%,
2012-12-18,TueDec 18,GBP,ONS HPI y/y,Medium,1.6%,1.7%,
2012-12-18,TueDec 18,GBP,PPI Output m/m,Medium,0.2%,0.2%,
2012-12-18,7:30am,USD,Current Account,Low,-105B,-118B,
2012-12-18,9:00am,USD,NAHB Housing Market Index,Medium,47,45,
2012-12-18,5:50pm,JPY,Trade Balance,Low,-0.81T,-0.62T,
2012-12-18,10:30pm,JPY,All Industries Activity m/m,Medium,0.4%,-0.4%,
2012-12-19,WedDec 19,EUR,Current Account,Low,5.8B,2.4B,
2012-12-19,3:30am,GBP,MPC Asset Purchase Facility Votes,High,1-0-8,1-0-8,
2012-12-19,3:30am,GBP,MPC Official Bank Rate Votes,High,0-0-9,0-0-9,
2012-12-19,5:00am,GBP,CBI Realized Sales,Low,26,33,
2012-12-19,7:30am,USD,Building Permits,High,0.88M,0.87M,
2012-12-19,7:30am,USD,Housing Starts,Low,0.87M,0.89M,
2012-12-19,9:30am,USD,Crude Oil Inventories,Low,-0.9M,0.8M,
2012-12-19,10:01pm,JPY,Monetary Policy Statement,High,,,
2012-12-19,10:01pm,JPY,Overnight Call Rate,High,<0.10%,<0.10%,
2012-12-20,ThuDec 20,EUR,German PPI m/m,Low,-0.1%,0.0%,
2012-12-20,ThuDec 20,EUR,German Import Prices m/m,Medium,0.0%,-0.6%,
2012-12-20,1:41am,JPY,BOJ Press Conference,High,,,
2012-12-20,3:00am,EUR,Italian Retail Sales m/m,Medium,0.0%,-0.1%,
2012-12-20,3:30am,GBP,Retail Sales m/m,High,0.3%,-0.7%,
2012-12-20,7:30am,USD,Unemployment Claims,High,358K,344K,
2012-12-20,7:30am,USD,Final GDP q/q,Low,2.8%,2.7%,
2012-12-20,7:30am,USD,Final GDP Price Index q/q,Medium,2.7%,2.7%,
2012-12-20,8:00am,EUR,Belgian NBB Business Climate,Medium,-13.1,-13.4,
2012-12-20,9:00am,EUR,Consumer Confidence,Medium,-26,-27,
2012-12-20,9:00am,USD,Existing Home Sales,High,4.88M,4.76M,
2012-12-20,9:00am,USD,Philly Fed Manufacturing Index,High,-2.2,-10.7,
2012-12-20,9:00am,USD,CB Leading Index m/m,Medium,-0.2%,0.3%,
2012-12-20,9:00am,USD,HPI m/m,Medium,0.2%,0.0%,
2012-12-20,9:30am,USD,Natural Gas Storage,Medium,-73B,2B,
2012-12-20,6:01pm,GBP,GfK Consumer Confidence,Medium,-26,-22,
2012-12-20,11:00pm,JPY,BOJ Monthly Report,Medium,,,
2012-12-21,2:30am,CHF,SNB Quarterly Bulletin,Medium,,,
2012-12-21,3:30am,GBP,Current Account,High,-14.1B,-17.4B,
2012-12-21,3:30am,GBP,Public Sector Net Borrowing,High,14.3B,6.0B,
2012-12-21,3:30am,GBP,Final GDP q/q,Low,1.0%,1.0%,
2012-12-21,3:30am,GBP,Index of Services 3m/3m,Medium,1.1%,1.2%,
2012-12-21,3:30am,GBP,Revised Business Investment q/q,Medium,3.5%,3.7%,
2012-12-21,7:30am,USD,Core Durable Goods Orders m/m,High,-0.2%,1.9%,
2012-12-21,7:30am,USD,Core PCE Price Index m/m,Low,0.1%,0.1%,
2012-12-21,7:30am,USD,Durable Goods Orders m/m,Low,0.2%,1.1%,
2012-12-21,7:30am,USD,Personal Spending m/m,Low,0.4%,-0.1%,
2012-12-21,7:30am,USD,Personal Income m/m,Medium,0.3%,0.1%,
2012-12-21,8:55am,USD,Revised UoM Consumer Sentiment,Low,74.9,74.5,
2012-12-21,8:55am,USD,Revised UoM Inflation Expectations,Medium,,3.3%,
2012-12-24,5:50pm,JPY,SPPI y/y,Medium,-0.6%,-0.7%,
2012-12-25,All Day,EUR,French Bank Holiday,Low,,,
2012-12-25,All Day,EUR,Italian Bank Holiday,Low,,,
2012-12-25,All Day,EUR,German Bank Holiday,Low,,,
2012-12-25,All Day,GBP,Bank Holiday,Low,,,
2012-12-25,All Day,USD,Bank Holiday,Low,,,
2012-12-25,5:50pm,JPY,Monetary Policy Meeting Minutes,Low,,,
2012-12-26,All Day,EUR,Italian Bank Holiday,Low,,,
2012-12-26,All Day,EUR,German Bank Holiday,Low,,,
2012-12-26,All Day,GBP,Bank Holiday,Low,,,
2012-12-26,8:00am,USD,S&P/CS Composite-20 HPI y/y,Low,3.9%,3.0%,
2012-12-26,8:59am,USD,Richmond Manufacturing Index,Medium,12,9,
2012-12-26,11:00pm,JPY,Housing Starts y/y,Medium,10.4%,25.2%,
2012-12-27,3:30am,GBP,High Street Lending,Low,34.6K,33.1K,
2012-12-27,7:30am,USD,Unemployment Claims,High,365K,362K,
2012-12-27,9:00am,USD,CB Consumer Confidence,High,70.3,71.5,
2012-12-27,9:00am,USD,New Home Sales,High,382K,361K,
2012-12-27,5:15pm,JPY,Final Manufacturing PMI,Medium,,46.5,
2012-12-27,5:30pm,JPY,Household Spending y/y,Low,0.8%,-0.1%,
2012-12-27,5:30pm,JPY,Tokyo Core CPI y/y,Low,-0.5%,-0.5%,
2012-12-27,5:30pm,JPY,National Core CPI y/y,Medium,-0.1%,0.0%,
2012-12-27,5:30pm,JPY,Unemployment Rate,Medium,4.2%,4.2%,
2012-12-27,5:50pm,JPY,Prelim Industrial Production m/m,Low,-0.5%,1.6%,
2012-12-27,5:50pm,JPY,Retail Sales y/y,Low,1.2%,-1.2%,
2012-12-27,7:30pm,JPY,Average Cash Earnings y/y,Low,-0.4%,-0.4%,
2012-12-28,3:10am,EUR,Retail PMI,Medium,,45.8,
2012-12-28,4:13am,EUR,Italian 10-y Bond Auction,Low,,4.45|1.2,
2012-12-28,8:45am,USD,Chicago PMI,Low,51.2,50.4,
2012-12-28,9:00am,USD,Pending Home Sales m/m,High,-0.3%,5.0%,
2012-12-28,9:30am,USD,Natural Gas Storage,Medium,-73B,-82B,
2012-12-28,10:00am,USD,Crude Oil Inventories,Low,-1.6M,-1.0M,
2012-12-31,3:30am,GBP,Housing Equity Withdrawal q/q,Medium,-9.1B,-9.4B,
2012-12-31,All Day,JPY,Bank Holiday,Low,,,
2012-01-01,All Day,EUR,German Bank Holiday,Low,,,
2012-01-01,All Day,EUR,French Bank Holiday,Low,,,
2012-01-01,All Day,EUR,Italian Bank Holiday,Low,,,
2012-01-01,All Day,GBP,Bank Holiday,Low,,,
2012-01-01,All Day,USD,Bank Holiday,Low,,,
2012-01-01,All Day,JPY,Bank Holiday,Low,,,
2012-01-02,All Day,EUR,German Prelim CPI m/m,Low,0.7%,-0.1%,
2012-01-02,2:00am,EUR,Spanish Flash CPI y/y,Medium,2.9%,2.9%,
2012-01-02,2:15am,EUR,Spanish Manufacturing PMI,Low,44.9,45.3,
2012-01-02,2:45am,EUR,Italian Manufacturing PMI,Low,45.4,45.1,
2012-01-02,2:50am,EUR,French Final Manufacturing PMI,Medium,44.6,44.6,
2012-01-02,2:55am,EUR,German Final Manufacturing PMI,Medium,46.3,46.3,
2012-01-02,3:00am,EUR,Final Manufacturing PMI,Medium,46.3,46.3,
2012-01-02,3:30am,GBP,Final Manufacturing PMI,High,49.2,49.2,
2012-01-02,8:00am,USD,Final Manufacturing PMI,Medium,53.2,54.2,
2012-01-02,9:00am,USD,ISM Manufacturing PMI,High,50.2,49.5,
2012-01-02,9:00am,USD,Construction Spending m/m,Medium,0.6%,0.7%,
2012-01-02,9:00am,USD,ISM Manufacturing Prices,Medium,51.4,52.5,
2012-01-02,All Day,JPY,Bank Holiday,Low,,,
2012-01-03,2:00am,CHF,KOF Economic Barometer,Low,1.39,1.50,
2012-01-03,2:00am,EUR,Spanish Unemployment Change,Low,50.3K,74.3K,
2012-01-03,2:30am,CHF,Manufacturing PMI,Low,48.7,48.5,
2012-01-03,2:55am,EUR,German Unemployment Change,Low,11K,5K,
2012-01-03,3:00am,EUR,M3 Money Supply y/y,Low,3.8%,3.9%,
2012-01-03,3:00am,EUR,Private Loans y/y,Medium,-0.5%,-0.8%,
2012-01-03,3:30am,GBP,Construction PMI,High,49.6,49.3,
2012-01-03,3:30am,GBP,BOE Credit Conditions Survey,Low,,,
2012-01-03,4:00am,EUR,French 10-y Bond Auction,Low,,2.22|2.0,
2012-01-03,6:30am,USD,Challenger Job Cuts y/y,Medium,,34.4%,
2012-01-03,7:15am,USD,ADP Non-Farm Employment Change,High,134K,148K,
2012-01-03,7:30am,USD,Unemployment Claims,High,356K,362K,
2012-01-03,All Day,USD,Total Vehicle Sales,Medium,15.3M,15.5M,
2012-01-03,1:00pm,USD,FOMC Meeting Minutes,High,,,
2012-01-04,2:15am,EUR,Spanish Services PMI,Low,42.7,42.4,
2012-01-04,2:45am,EUR,Italian Services PMI,Low,45.1,44.6,
2012-01-04,2:50am,EUR,French Final Services PMI,Medium,46.0,46.0,
2012-01-04,2:55am,EUR,German Final Services PMI,Medium,52.1,52.1,
2012-01-04,3:00am,EUR,Final Services PMI,Medium,47.8,47.8,
2012-01-04,3:30am,GBP,Final Services PMI,High,50.4,50.2,
2012-01-04,3:30am,GBP,Net Lending to Individuals m/m,Low,0.4B,-0.2B,
2012-01-04,3:30am,GBP,M4 Money Supply m/m,Medium,0.3%,0.2%,
2012-01-04,3:30am,GBP,Mortgage Approvals,Medium,54K,53K,
2012-01-04,4:00am,EUR,CPI Flash Estimate y/y,Low,2.1%,2.2%,
2012-01-04,4:00am,EUR,Italian Prelim CPI m/m,Medium,0.2%,-0.2%,
2012-01-04,7:30am,USD,Non-Farm Employment Change,High,150K,161K,
2012-01-04,7:30am,USD,Unemployment Rate,High,7.7%,7.7%,
2012-01-04,7:30am,USD,Average Hourly Earnings m/m,Low,0.2%,0.3%,
2012-01-04,9:00am,USD,ISM Services PMI,High,54.2,54.7,
2012-01-04,9:00am,USD,Factory Orders m/m,Low,0.3%,0.8%,
2012-01-04,9:30am,USD,Natural Gas Storage,Medium,-129B,-72B,
2012-01-04,10:00am,USD,Crude Oil Inventories,Low,-0.7M,-0.6M,
2012-01-04,2:30pm,USD,FOMC Member Yellen Speaks,Low,,,
