date,time,currency,event,impact,actual,forecast,previous
2013-01-07,MonJan 7,GBP,Halifax HPI m/m,Low,0.2%,1.6%,
2013-01-07,3:30am,EUR,Sentix Investor Confidence,Medium,-13.7,-16.8,
2013-01-07,4:00am,EUR,PPI m/m,Medium,-0.1%,0.1%,
2013-01-07,6:00pm,GBP,BRC Retail Sales Monitor y/y,Low,,0.4%,
2013-01-07,9:45pm,JPY,10-y Bond Auction,Medium,,0.73|3.8,
2013-01-08,1:00am,EUR,German Trade Balance,Medium,15.4B,14.9B,
2013-01-08,1:45am,EUR,French Trade Balance,Medium,-4.8B,-4.7B,
2013-01-08,3:00am,EUR,Italian Monthly Unemployment Rate,Medium,11.2%,11.1%,
2013-01-08,4:00am,EUR,Retail Sales m/m,Low,0.3%,-0.7%,
2013-01-08,4:00am,EUR,Unemployment Rate,Low,11.8%,11.7%,
2013-01-08,5:00am,EUR,German Factory Orders m/m,Low,-1.4%,3.8%,
2013-01-08,6:30am,USD,NFIB Small Business Index,Medium,87.2,87.5,
2013-01-08,9:00am,USD,RCM/TIPP Economic Optimism,Medium,46.3,45.1,
2013-01-08,2:00pm,USD,Consumer Credit m/m,Medium,12.9B,14.1B,
2013-01-08,6:01pm,GBP,BRC Shop Price Index y/y,Medium,,1.5%,
2013-01-09,4:00am,EUR,Final GDP q/q,Medium,-0.1%,-0.1%,
2013-01-09,5:00am,EUR,German Industrial Production m/m,Low,1.1%,-2.0%,
2013-01-09,9:30am,USD,Crude Oil Inventories,Low,0.9M,-11.1M,
2013-01-09,12:00pm,USD,10-y Bond Auction,Low,,1.65|3.0,
2013-01-09,9:45pm,JPY,30-y Bond Auction,Medium,,1.93|4.1,
2013-01-09,11:00pm,JPY,Leading Indicators,Medium,93.1%,92.8%,
2013-01-10,ThuJan 10,EUR,French Final CPI m/m,Medium,0.4%,-0.2%,
2013-01-10,6:00am,GBP,Asset Purchase Facility,High,375B,375B,
2013-01-10,6:00am,GBP,Official Bank Rate,High,0.50%,0.50%,
2013-01-10,6:45am,EUR,Main Refinancing Rate,High,0.75%,0.75%,
2013-01-10,7:30am,EUR,ECB Press Conference,High,,,
2013-01-10,7:30am,USD,Unemployment Claims,High,361K,367K,
2013-01-10,9:00am,USD,JOLTS Job Openings,Low,3.68M,3.67M,
2013-01-10,9:00am,USD,Final Wholesale Inventories m/m,Medium,0.2%,0.3%,
2013-01-10,9:30am,USD,Natural Gas Storage,Medium,-185B,-135B,
2013-01-10,12:00pm,USD,30-y Bond Auction,Medium,,2.92|2.5,
2013-01-10,12:10pm,USD,FOMC Member George Speaks,Low,,,
2013-01-10,1:00pm,USD,FOMC Member Bullard Speaks,Low,,,
2013-01-10,5:50pm,JPY,Current Account,High,0.31T,0.41T,
2013-01-10,5:50pm,JPY,Bank Lending y/y,Medium,,1.0%,
2013-01-10,11:00pm,JPY,Economy Watchers Sentiment,Medium,41.1,40.0,
2013-01-11,3:30am,GBP,Manufacturing Production m/m,High,0.5%,-1.3%,
2013-01-11,3:30am,GBP,Industrial Production m/m,Medium,0.8%,-0.9%,
2013-01-11,7:30am,USD,Trade Balance,High,-41.1B,-42.1B,
2013-01-11,7:30am,USD,Import Prices m/m,Low,0.1%,-0.8%,
2013-01-11,8:54am,GBP,NIESR GDP Estimate,Low,,0.1%,
2013-01-11,1:00pm,USD,Federal Budget Balance,Low,-11.6B,-172.1B,
2013-01-13,All Day,JPY,Bank Holiday,Low,,,
2013-01-13,7:20pm,USD,FOMC Member Evans Speaks,Low,,,
2013-01-14,3:00am,EUR,Italian Industrial Production m/m,Low,-0.1%,-1.1%,
2013-01-14,4:00am,EUR,Industrial Production m/m,Low,0.2%,-1.0%,
2013-01-14,3:00pm,USD,Fed Chairman Bernanke Speaks,High,,,
2013-01-14,5:50pm,JPY,M2 Money Stock y/y,Medium,2.1%,2.1%,
2013-01-14,6:01pm,GBP,RICS House Price Balance,Low,-8%,-9%,
2013-01-15,1:00am,EUR,German Final CPI m/m,Medium,0.9%,0.9%,
2013-01-15,1:45am,EUR,French Gov Budget Balance,Medium,,-94.6B,
2013-01-15,3:30am,GBP,CPI y/y,High,2.7%,2.7%,
2013-01-15,3:30am,GBP,PPI Input m/m,Low,0.0%,0.1%,
2013-01-15,3:30am,GBP,RPI y/y,Low,3.0%,3.0%,
2013-01-15,3:30am,GBP,Core CPI y/y,Medium,2.6%,2.6%,
2013-01-15,3:30am,GBP,ONS HPI y/y,Medium,1.7%,1.5%,
2013-01-15,3:30am,GBP,PPI Output m/m,Medium,0.0%,-0.3%,
2013-01-15,4:00am,EUR,Trade Balance,Medium,8.2B,7.4B,
2013-01-15,4:00am,GBP,BOE Gov King Speaks,High,,,
2013-01-15,4:00am,GBP,CB Leading Index m/m,Medium,,-0.3%,
2013-01-15,7:00am,USD,FOMC Member Rosengren Speaks,Low,,,
2013-01-15,7:30am,USD,Core Retail Sales m/m,High,0.2%,-0.1%,
2013-01-15,7:30am,USD,PPI m/m,High,-0.1%,-0.8%,
2013-01-15,7:30am,USD,Retail Sales m/m,High,0.2%,0.4%,
2013-01-15,7:30am,USD,Core PPI m/m,Low,0.2%,0.1%,
2013-01-15,7:30am,USD,Empire State Manufacturing Index,Low,1.9,-8.1,
2013-01-15,9:00am,USD,Business Inventories m/m,Low,0.3%,0.3%,
2013-01-15,5:50pm,JPY,Core Machinery Orders m/m,Low,0.4%,2.6%,
2013-01-15,5:50pm,JPY,PPI y/y,Medium,-0.7%,-0.9%,
2013-01-15,11:00pm,JPY,Consumer Confidence,Medium,40.7,39.4,
2013-01-16,3:00am,EUR,Italian Trade Balance,Medium,1.91B,2.42B,
2013-01-16,4:00am,EUR,Final Core CPI y/y,Low,1.5%,1.4%,
2013-01-16,4:00am,EUR,Final CPI y/y,Low,2.2%,2.2%,
2013-01-16,4:33am,EUR,German 10-y Bond Auction,Low,,1.40|1.5,
2013-01-16,7:30am,USD,Core CPI m/m,High,0.2%,0.1%,
2013-01-16,7:30am,USD,CPI y/y,High,1.8%,1.8%,
2013-01-16,7:30am,USD,CPI m/m,Low,0.0%,-0.3%,
2013-01-16,8:00am,USD,TIC Long-Term Purchases,Low,19.8B,-1.0B,
2013-01-16,8:15am,USD,Capacity Utilization Rate,Low,78.6%,78.7%,
2013-01-16,8:15am,USD,Industrial Production m/m,Low,0.2%,1.0%,
2013-01-16,9:00am,USD,NAHB Housing Market Index,Medium,48,47,
2013-01-16,9:30am,USD,Crude Oil Inventories,Low,2.0M,1.3M,
2013-01-16,1:00pm,USD,Beige Book,Low,,,
2013-01-16,5:50pm,JPY,Tertiary Industry Activity m/m,Low,0.1%,0.1%,
2013-01-17,3:00am,EUR,ECB Monthly Bulletin,Low,,,
2013-01-17,7:30am,USD,Building Permits,High,0.91M,0.90M,
2013-01-17,7:30am,USD,Unemployment Claims,High,369K,372K,
2013-01-17,7:30am,USD,Housing Starts,Low,0.89M,0.85M,
2013-01-17,9:00am,USD,Philly Fed Manufacturing Index,High,7.1,8.1,
2013-01-17,9:30am,USD,Natural Gas Storage,Medium,-131B,-201B,
2013-01-17,10:30pm,JPY,Revised Industrial Production m/m,Medium,-1.7%,-1.7%,
2013-01-18,8:55am,USD,Prelim UoM Consumer Sentiment,High,75.1,72.9,
2013-01-18,8:55am,USD,Prelim UoM Inflation Expectations,Medium,,3.2%,
2013-01-21,All Day,EUR,Eurogroup Meetings,High,,,
2013-01-21,5:00am,EUR,German Buba Monthly Report,Low,,,
2013-01-21,All Day,USD,Bank Holiday,Low,,,
2013-01-21,12:00pm,EUR,German Buba President Weidmann Speaks,Low,,,
2013-01-21,9:47pm,JPY,Monetary Policy Statement,High,,,
2013-01-21,9:47pm,JPY,Overnight Call Rate,High,<0.10%,<0.10%,
2013-01-21,10:32pm,JPY,All Industries Activity m/m,Medium,-0.3%,0.2%,
2013-01-22,All Day,EUR,ECOFIN Meetings,Low,,,
2013-01-22,3:30am,GBP,Public Sector Net Borrowing,Low,13.4B,14.3B,
2013-01-22,4:00am,EUR,German ZEW Economic Sentiment,High,12.2,6.9,
2013-01-22,4:00am,EUR,ZEW Economic Sentiment,Low,14.1,7.6,
2013-01-22,4:34am,GBP,10-y Bond Auction,Low,,1.80|1.7,
2013-01-22,5:00am,GBP,CBI Industrial Order Expectations,Low,-10,-12,
2013-01-22,8:59am,USD,Richmond Manufacturing Index,Medium,4,5,
2013-01-22,9:00am,USD,Existing Home Sales,High,5.09M,4.99M,
2013-01-22,12:00pm,EUR,ECB President Draghi Speaks,High,,,
2013-01-22,1:45pm,GBP,BOE Gov King Speaks,High,,,
2013-01-22,11:00pm,JPY,BOJ Monthly Report,Medium,,,
2013-01-23,3:30am,GBP,Claimant Count Change,High,0.4K,-8.9K,
2013-01-23,3:30am,GBP,MPC Asset Purchase Facility Votes,High,1-0-8,1-0-8,
2013-01-23,3:30am,GBP,MPC Official Bank Rate Votes,High,0-0-9,0-0-9,
2013-01-23,3:30am,GBP,Unemployment Rate,Low,7.8%,7.8%,
2013-01-23,3:30am,GBP,Average Earnings Index 3m/y,Medium,1.6%,1.8%,
2013-01-23,4:00am,CHF,UBS Economic Expectations,Low,,-15.5,
2013-01-23,8:00am,USD,HPI m/m,Medium,0.7%,0.6%,
2013-01-23,9:15am,EUR,Consumer Confidence,Medium,-26,-26,
2013-01-23,5:50pm,JPY,Trade Balance,Low,-0.71T,-0.85T,
2013-01-24,ThuJan 24,EUR,French Flash Services PMI,Low,45.6,45.2,
2013-01-24,ThuJan 24,EUR,Spanish Unemployment Rate,Low,25.9%,25.0%,
2013-01-24,2:30am,EUR,German Flash Manufacturing PMI,High,47.1,46.0,
2013-01-24,2:30am,EUR,German Flash Services PMI,Low,52.0,52.0,
2013-01-24,3:00am,EUR,Current Account,Low,6.5B,8.0B,
2013-01-24,3:00am,EUR,Flash Manufacturing PMI,Low,46.6,46.1,
2013-01-24,3:00am,EUR,Flash Services PMI,Low,48.1,47.8,
2013-01-24,3:00am,EUR,Italian Retail Sales m/m,Medium,0.2%,-1.3%,
2013-01-24,3:30am,GBP,High Street Lending,Low,34.1K,33.6K,
2013-01-24,5:00am,GBP,CBI Realized Sales,Low,14,19,
2013-01-24,7:30am,USD,Unemployment Claims,High,359K,335K,
2013-01-24,8:00am,EUR,Belgian NBB Business Climate,Low,-10.9,-11.8,
2013-01-24,8:00am,USD,Flash Manufacturing PMI,Low,53.2,54.0,
2013-01-24,9:00am,USD,CB Leading Index m/m,Medium,0.4%,0.0%,
2013-01-24,9:30am,USD,Natural Gas Storage,Medium,-167B,-148B,
2013-01-24,10:00am,USD,Crude Oil Inventories,Low,1.9M,-1.0M,
2013-01-24,12:30pm,GBP,MPC Member Weale Speaks,Low,,,
2013-01-24,5:30pm,JPY,Tokyo Core CPI y/y,Low,-0.5%,-0.6%,
2013-01-24,5:30pm,JPY,National Core CPI y/y,Medium,-0.2%,-0.1%,
2013-01-24,5:50pm,JPY,Monetary Policy Meeting Minutes,Low,,,
2013-01-25,3:30am,GBP,Prelim GDP q/q,High,-0.1%,0.9%,
2013-01-25,3:30am,GBP,Index of Services 3m/3m,Medium,0.5%,1.1%,
2013-01-25,9:00am,USD,New Home Sales,High,387K,398K,
2013-01-27,5:50pm,JPY,SPPI y/y,Medium,-0.5%,-0.5%,
2013-01-28,MonJan 28,EUR,Private Loans y/y,Medium,-0.7%,-0.8%,
2013-01-28,7:30am,USD,Core Durable Goods Orders m/m,High,0.8%,1.2%,
2013-01-28,7:30am,USD,Durable Goods Orders m/m,Low,1.8%,0.8%,
2013-01-28,9:00am,USD,Pending Home Sales m/m,High,0.5%,1.6%,
2013-01-29,TueJan 29,EUR,German Import Prices m/m,Medium,-0.1%,-0.2%,
2013-01-29,8:00am,USD,S&P/CS Composite-20 HPI y/y,Low,5.5%,4.2%,
2013-01-29,9:00am,USD,CB Consumer Confidence,High,64.8,66.7,
2013-01-29,5:50pm,JPY,Retail Sales y/y,Low,0.4%,1.2%,
2013-01-30,2:00am,CHF,KOF Economic Barometer,Low,1.21,1.29,
2013-01-30,2:00am,EUR,Spanish Flash GDP q/q,Low,-0.6%,-0.3%,
2013-01-30,3:10am,EUR,Retail PMI,Medium,,44.5,
2013-01-30,3:30am,GBP,Net Lending to Individuals m/m,Low,0.9B,0.1B,
2013-01-30,3:30am,GBP,M4 Money Supply m/m,Medium,0.2%,-0.2%,
2013-01-30,3:30am,GBP,Mortgage Approvals,Medium,55K,54K,
2013-01-30,4:11am,EUR,Italian 10-y Bond Auction,High,,4.48|1.5,
2013-01-30,4:34am,EUR,German 30-y Bond Auction,Medium,,2.34|2.7,
2013-01-30,7:15am,USD,ADP Non-Farm Employment Change,High,164K,185K,
2013-01-30,7:30am,USD,Advance GDP q/q,High,1.1%,3.1%,
2013-01-30,7:30am,USD,Advance GDP Price Index q/q,Low,1.5%,2.7%,
2013-01-30,9:30am,USD,Crude Oil Inventories,Low,2.9M,2.8M,
2013-01-30,12:00pm,EUR,German Buba President Weidmann Speaks,Low,,,
2013-01-30,1:15pm,USD,FOMC Statement,High,,,
2013-01-30,1:15pm,USD,Federal Funds Rate,Low,<0.25%,<0.25%,
2013-01-30,5:15pm,JPY,Final Manufacturing PMI,Medium,,45.0,
2013-01-30,5:50pm,JPY,Prelim Industrial Production m/m,Low,4.2%,-1.4%,
2013-01-30,6:01pm,GBP,GfK Consumer Confidence,Medium,-27,-29,
2013-01-30,7:30pm,JPY,Average Cash Earnings y/y,Low,1.1%,-0.8%,
2013-01-30,11:00pm,JPY,Housing Starts y/y,Medium,13.6%,10.3%,
2013-01-31,ThuJan 31,GBP,Nationwide HPI m/m,Low,0.3%,0.0%,
2013-01-31,All Day,EUR,German Prelim CPI m/m,Low,-0.5%,0.9%,
2013-01-31,1:45am,EUR,French Consumer Spending m/m,Low,0.3%,0.2%,
2013-01-31,2:00am,EUR,Spanish Flash CPI y/y,Medium,3.0%,2.9%,
2013-01-31,2:55am,EUR,German Unemployment Change,Low,9K,-2K,
2013-01-31,6:30am,USD,Challenger Job Cuts y/y,Medium,,-22.1%,
2013-01-31,7:30am,USD,Unemployment Claims,High,362K,330K,
2013-01-31,7:30am,USD,Core PCE Price Index m/m,Low,0.1%,0.0%,
2013-01-31,7:30am,USD,Employment Cost Index q/q,Low,0.6%,0.4%,
2013-01-31,7:30am,USD,Personal Spending m/m,Low,0.4%,0.4%,
2013-01-31,7:30am,USD,Personal Income m/m,Medium,0.7%,1.0%,
2013-01-31,8:45am,USD,Chicago PMI,Low,51.1,51.6,
2013-01-31,9:30am,USD,Natural Gas Storage,Medium,-202B,-172B,
2013-01-31,5:30pm,JPY,Household Spending y/y,Low,-0.2%,0.2%,
2013-01-31,5:30pm,JPY,Unemployment Rate,Medium,4.1%,4.1%,
2013-02-01,2:30am,CHF,Manufacturing PMI,Low,50.5,49.5,
2013-02-01,2:45am,EUR,Italian Manufacturing PMI,Low,47.6,46.7,
2013-02-01,2:50am,EUR,French Final Manufacturing PMI,Medium,42.9,42.9,
2013-02-01,2:55am,EUR,German Final Manufacturing PMI,Medium,48.8,48.8,
2013-02-01,3:00am,EUR,Final Manufacturing PMI,Medium,47.5,47.5,
2013-02-01,3:00am,EUR,Italian Monthly Unemployment Rate,Medium,11.3%,11.2%,
2013-02-01,3:30am,GBP,Final Manufacturing PMI,High,51.0,51.2,
2013-02-01,4:00am,EUR,CPI Flash Estimate y/y,Low,2.2%,2.2%,
2013-02-01,4:00am,EUR,Unemployment Rate,Low,11.9%,11.7%,
2013-02-01,7:30am,USD,Non-Farm Employment Change,High,161K,196K,
2013-02-01,7:30am,USD,Unemployment Rate,High,7.8%,7.8%,
2013-02-01,7:30am,USD,Average Hourly Earnings m/m,Low,0.2%,0.3%,
2013-02-01,7:30am,USD,FOMC Member Dudley Speaks,Medium,,,
2013-02-01,8:00am,USD,Final Manufacturing PMI,Medium,56.1,56.1,
2013-02-01,8:55am,USD,Revised UoM Consumer Sentiment,Low,71.4,71.3,
2013-02-01,8:55am,USD,Revised UoM Inflation Expectations,Medium,,3.3%,
2013-02-01,9:00am,USD,ISM Manufacturing PMI,High,50.8,50.7,
2013-02-01,9:00am,USD,Construction Spending m/m,Medium,0.6%,0.1%,
2013-02-01,9:00am,USD,ISM Manufacturing Prices,Medium,56.3,55.5,
2013-02-01,All Day,USD,Total Vehicle Sales,Medium,15.2M,15.4M,
2013-02-03,5:50pm,JPY,Monetary Base y/y,Medium,13.2%,11.8%,
2013-02-04,3:30am,EUR,Sentix Investor Confidence,Medium,-2.2,-7.0,
2013-02-04,3:30am,GBP,Construction PMI,High,49.7,48.7,
2013-02-04,4:00am,EUR,PPI m/m,Medium,-0.2%,-0.2%,
2013-02-04,9:00am,USD,Factory Orders m/m,Low,2.3%,-0.3%,
2013-02-04,1:00pm,USD,Loan Officer Survey,Medium,,,
2013-02-04,6:01pm,GBP,BRC Retail Sales Monitor y/y,Low,,0.3%,
2013-02-04,9:45pm,JPY,10-y Bond Auction,Medium,,0.82|3.6,
2013-02-05,2:15am,EUR,Spanish Services PMI,Low,44.7,44.3,
2013-02-05,2:45am,EUR,Italian Services PMI,Low,45.9,45.6,
2013-02-05,2:50am,EUR,French Final Services PMI,Medium,43.6,43.6,
2013-02-05,2:55am,EUR,German Final Services PMI,Medium,55.3,55.3,
2013-02-05,3:00am,EUR,Final Services PMI,Medium,48.3,48.3,
2013-02-05,3:30am,GBP,Final Services PMI,High,49.8,48.9,
2013-02-05,4:00am,EUR,Retail Sales m/m,Low,-0.5%,-0.1%,
2013-02-05,4:00am,EUR,Italian Prelim CPI m/m,Medium,0.2%,0.3%,
2013-02-05,6:30am,CHF,Gov Board Member Zurbrugg Speaks,Low,,,
2013-02-05,7:00am,JPY,BOJ Gov Shirakawa Speaks,High,,,
2013-02-05,7:30am,USD,FOMC Member Duke Speaks,Medium,,,
2013-02-05,9:00am,USD,ISM Services PMI,High,55.2,56.1,
2013-02-05,9:00am,USD,RCM/TIPP Economic Optimism,Medium,46.1,46.5,
2013-02-05,12:15pm,USD,President Obama Speaks,Medium,,,
2013-02-05,6:00pm,GBP,BRC Shop Price Index y/y,Medium,,1.5%,
2013-02-06,5:00am,EUR,German Factory Orders m/m,Low,0.8%,-1.8%,
2013-02-06,9:30am,USD,Crude Oil Inventories,Low,2.7M,5.9M,
2013-02-06,5:50pm,JPY,Core Machinery Orders m/m,Low,-0.7%,3.9%,
2013-02-06,11:00pm,JPY,Leading Indicators,Medium,93.8%,92.1%,
2013-02-07,1:45am,EUR,French Trade Balance,Medium,-4.2B,-4.3B,
2013-02-07,2:00am,CHF,Foreign Currency Reserves,High,,427B,
2013-02-07,Day 1,EUR,EU Economic Summit,High,,,
2013-02-07,3:30am,GBP,Manufacturing Production m/m,High,0.7%,-0.3%,
2013-02-07,3:30am,GBP,Goods Trade Balance,Low,-8.9B,-9.3B,
2013-02-07,3:30am,GBP,Industrial Production m/m,Medium,0.7%,0.2%,
2013-02-07,3:45am,GBP,BOE Gov Carney Speaks,High,,,
2013-02-07,4:04am,EUR,French 10-y Bond Auction,Low,,2.07|1.7,
2013-02-07,5:00am,EUR,German Industrial Production m/m,Low,0.2%,-0.2%,
2013-02-07,6:00am,GBP,Asset Purchase Facility,High,375B,375B,
2013-02-07,6:00am,GBP,MPC Rate Statement,High,,,
2013-02-07,6:00am,GBP,Official Bank Rate,High,0.50%,0.50%,
2013-02-07,6:45am,EUR,Main Refinancing Rate,High,0.75%,0.75%,
2013-02-07,7:30am,EUR,ECB Press Conference,High,,,
2013-02-07,7:30am,USD,Unemployment Claims,High,361K,371K,
2013-02-07,7:30am,USD,Prelim Nonfarm Productivity q/q,Low,-1.3%,2.9%,
2013-02-07,7:30am,USD,Prelim Unit Labor Costs q/q,Low,3.1%,-1.9%,
2013-02-07,8:30am,USD,FOMC Member Stein Speaks,Low,,,
2013-02-07,9:00am,GBP,NIESR GDP Estimate,Low,,-0.3%,
2013-02-07,9:30am,USD,Natural Gas Storage,Medium,-135B,-194B,
2013-02-07,2:00pm,USD,Consumer Credit m/m,Medium,14.1B,15.9B,
2013-02-07,5:50pm,JPY,Current Account,High,0.18T,0.23T,
2013-02-07,5:50pm,JPY,Bank Lending y/y,Medium,,1.1%,
2013-02-07,7:00pm,USD,FOMC Member Evans Speaks,Low,,,
2013-02-07,11:00pm,JPY,Economy Watchers Sentiment,Medium,48.2,45.8,
2013-02-08,1:00am,EUR,German Trade Balance,Medium,13.7B,14.6B,
2013-02-08,1:45am,EUR,French Gov Budget Balance,Medium,,-103.4B,
2013-02-08,2:15am,CHF,Retail Sales y/y,Low,3.2%,3.0%,
2013-02-08,3:00am,EUR,Italian Industrial Production m/m,Medium,0.2%,-1.1%,
2013-02-08,Day 2,EUR,EU Economic Summit,High,,,
2013-02-08,7:30am,USD,Trade Balance,High,-45.7B,-48.6B,
2013-02-08,9:00am,USD,Final Wholesale Inventories m/m,Medium,0.5%,0.4%,
2013-02-11,All Day,EUR,Eurogroup Meetings,High,,,
2013-02-11,12:00pm,USD,FOMC Member Yellen Speaks,Low,,,
2013-02-11,5:50pm,JPY,M2 Money Stock y/y,Medium,2.6%,2.6%,
2013-02-11,6:01pm,GBP,RICS House Price Balance,Low,0%,-1%,
2013-02-11,11:00pm,JPY,Consumer Confidence,Medium,40.5,39.2,
2013-02-12,2:15am,CHF,CPI m/m,High,-0.3%,-0.2%,
2013-02-12,All Day,EUR,ECOFIN Meetings,Low,,,
2013-02-12,3:30am,GBP,CPI y/y,High,2.7%,2.7%,
2013-02-12,3:30am,GBP,PPI Input m/m,Low,0.9%,0.0%,
2013-02-12,3:30am,GBP,RPI y/y,Low,3.2%,3.1%,
2013-02-12,3:30am,GBP,Core CPI y/y,Medium,2.4%,2.4%,
2013-02-12,3:30am,GBP,ONS HPI y/y,Medium,2.1%,2.2%,
2013-02-12,3:30am,GBP,PPI Output m/m,Medium,0.2%,-0.1%,
2013-02-12,4:00am,CHF,SNB Chairman Jordan Speaks,High,,,
2013-02-12,4:00am,GBP,CB Leading Index m/m,Medium,,0.2%,
2013-02-12,6:30am,USD,NFIB Small Business Index,Medium,89.0,88.0,
2013-02-12,8:30am,EUR,ECB President Draghi Speaks,High,,,
2013-02-12,9:00am,USD,JOLTS Job Openings,Low,3.73M,3.79M,
2013-02-12,10:30am,USD,FOMC Member George Speaks,Low,,,
2013-02-12,12:46pm,USD,Federal Budget Balance,Low,-4.6B,-0.3B,
2013-02-12,5:50pm,JPY,Tertiary Industry Activity m/m,Low,0.8%,-0.4%,
2013-02-12,5:50pm,JPY,PPI y/y,Medium,-0.3%,-0.7%,
2013-02-12,8:00pm,USD,President Obama Speaks,Medium,,,
2013-02-13,2:15am,CHF,PPI m/m,Low,0.2%,0.1%,
2013-02-13,4:00am,EUR,Industrial Production m/m,Low,0.3%,-0.7%,
2013-02-13,4:30am,GBP,BOE Gov King Speaks,High,,,
2013-02-13,4:30am,GBP,BOE Monetary Policy Report,High,,,
2013-02-13,7:30am,USD,Core Retail Sales m/m,High,0.1%,0.3%,
2013-02-13,7:30am,USD,Retail Sales m/m,High,0.1%,0.5%,
2013-02-13,7:30am,USD,Import Prices m/m,Low,0.8%,-0.5%,
2013-02-13,9:00am,USD,Treasury Sec Lew Speaks,High,,,
2013-02-13,9:00am,USD,Business Inventories m/m,Low,0.3%,0.2%,
2013-02-13,9:30am,USD,Crude Oil Inventories,Low,2.4M,2.6M,
2013-02-13,10:10am,USD,FOMC Member Bullard Speaks,Low,,,
2013-02-13,12:00pm,USD,10-y Bond Auction,Low,,1.86|2.8,
2013-02-13,5:50pm,JPY,Prelim GDP q/q,Low,0.1%,-0.9%,
2013-02-13,5:50pm,JPY,Prelim GDP Price Index y/y,Medium,-0.5%,-0.8%,
2013-02-13,9:39pm,JPY,Monetary Policy Statement,High,,,
2013-02-13,9:39pm,JPY,Overnight Call Rate,High,<0.10%,<0.10%,
2013-02-14,1:00am,EUR,German Prelim GDP q/q,Low,-0.5%,0.2%,
2013-02-14,1:24am,JPY,BOJ Press Conference,High,,,
2013-02-14,1:45am,EUR,French Prelim Private Payrolls q/q,Low,-0.2%,-0.3%,
2013-02-14,3:00am,EUR,ECB Monthly Bulletin,Low,,,
2013-02-14,3:00am,EUR,Italian Prelim GDP q/q,Low,-0.5%,-0.2%,
2013-02-14,4:00am,EUR,Flash GDP q/q,Low,-0.4%,-0.1%,
2013-02-14,7:30am,USD,Unemployment Claims,High,361K,368K,
2013-02-14,9:30am,USD,FOMC Member Tarullo Speaks,Medium,,,
2013-02-14,9:30am,USD,Natural Gas Storage,Medium,-166B,-118B,
2013-02-14,11:50am,USD,FOMC Member Bullard Speaks,Low,,,
2013-02-14,12:00pm,USD,30-y Bond Auction,Medium,,3.07|2.8,
2013-02-14,10:30pm,JPY,Revised Industrial Production m/m,Medium,2.5%,2.5%,
2013-02-14,11:00pm,JPY,BOJ Monthly Report,Medium,,,
2013-02-15,3:00am,EUR,Italian Trade Balance,Medium,2.22B,2.36B,
2013-02-15,3:30am,GBP,Retail Sales m/m,High,0.5%,-0.3%,
2013-02-15,4:00am,EUR,Trade Balance,Medium,10.7B,10.5B,
2013-02-15,7:30am,USD,Empire State Manufacturing Index,Low,-2.1,-7.8,
2013-02-15,8:00am,USD,TIC Long-Term Purchases,Low,34.3B,52.4B,
2013-02-15,8:15am,USD,Capacity Utilization Rate,Low,78.9%,79.3%,
2013-02-15,8:15am,USD,Industrial Production m/m,Low,0.2%,0.4%,
2013-02-15,8:55am,USD,Prelim UoM Consumer Sentiment,High,74.8,71.3,
2013-02-15,8:55am,USD,Prelim UoM Inflation Expectations,Medium,,3.4%,
2013-02-16,9:50am,GBP,MPC Member Weale Speaks,Low,,,
2013-02-16,11:30am,USD,FOMC Member Dudley Speaks,Medium,,,
2013-02-17,6:01pm,GBP,Rightmove HPI m/m,Medium,,0.2%,
2013-02-18,5:00am,EUR,German Buba Monthly Report,Low,,,
2013-02-18,All Day,USD,Bank Holiday,Low,,,
2013-02-18,8:30am,EUR,ECB President Draghi Speaks,High,,,
2013-02-18,5:50pm,JPY,Monetary Policy Meeting Minutes,Low,,,
2013-02-19,TueFeb 19,EUR,ZEW Economic Sentiment,Low,35.5,31.2,
2013-02-19,9:00am,USD,NAHB Housing Market Index,Medium,48,47,
2013-02-19,11:15am,CHF,SNB Chairman Jordan Speaks,High,,,
2013-02-19,5:50pm,JPY,Trade Balance,Low,-0.59T,-0.78T,
2013-02-19,10:30pm,JPY,All Industries Activity m/m,Medium,1.6%,-0.4%,
2013-02-20,WedFeb 20,EUR,German Final CPI m/m,Medium,-0.5%,-0.5%,
2013-02-20,1:45am,EUR,French Final CPI m/m,Medium,-0.2%,0.3%,
2013-02-20,3:30am,GBP,Claimant Count Change,High,-5.3K,-15.8K,
2013-02-20,3:30am,GBP,MPC Asset Purchase Facility Votes,High,1-0-8,1-0-8,
2013-02-20,3:30am,GBP,MPC Official Bank Rate Votes,High,0-0-9,0-0-9,
2013-02-20,3:30am,GBP,Unemployment Rate,Low,7.7%,7.7%,
2013-02-20,3:30am,GBP,Average Earnings Index 3m/y,Medium,1.4%,1.5%,
2013-02-20,4:00am,CHF,UBS Economic Expectations,Low,,-6.9,
2013-02-20,4:38am,EUR,German 10-y Bond Auction,Low,,1.56|1.7,
2013-02-20,7:30am,USD,Building Permits,High,0.92M,0.91M,
2013-02-20,7:30am,USD,PPI m/m,High,0.3%,-0.2%,
2013-02-20,7:30am,USD,Core PPI m/m,Low,0.2%,0.1%,
2013-02-20,7:30am,USD,Housing Starts,Low,0.93M,0.97M,
2013-02-20,8:55am,EUR,Consumer Confidence,Medium,-23,-24,
2013-02-20,1:00pm,USD,FOMC Meeting Minutes,High,,,
2013-02-21,2:00am,EUR,French Flash Manufacturing PMI,High,43.9,42.9,
2013-02-21,2:00am,EUR,French Flash Services PMI,Low,44.5,43.6,
2013-02-21,2:30am,EUR,German Flash Manufacturing PMI,High,50.4,49.8,
2013-02-21,2:30am,EUR,German Flash Services PMI,Low,55.5,55.7,
2013-02-21,3:00am,EUR,Flash Manufacturing PMI,Low,48.4,47.9,
2013-02-21,3:00am,EUR,Flash Services PMI,Low,49.2,48.6,
2013-02-21,3:30am,GBP,Public Sector Net Borrowing,Low,-9.0B,12.4B,
2013-02-21,3:43am,EUR,Spanish 10-y Bond Auction,High,,5.29|2.3,
2013-02-21,4:38am,GBP,10-y Bond Auction,Low,,1.90|2.9,
2013-02-21,5:00am,GBP,CBI Industrial Order Expectations,Low,-16,-20,
2013-02-21,7:30am,USD,Core CPI m/m,High,0.2%,0.1%,
2013-02-21,7:30am,USD,CPI y/y,High,1.7%,1.7%,
2013-02-21,7:30am,USD,Unemployment Claims,High,353K,342K,
2013-02-21,7:30am,USD,CPI m/m,Low,0.1%,0.0%,
2013-02-21,8:00am,USD,Flash Manufacturing PMI,Low,55.6,55.8,
2013-02-21,9:00am,USD,Existing Home Sales,High,4.89M,4.90M,
2013-02-21,9:00am,USD,Philly Fed Manufacturing Index,High,1.1,-5.8,
2013-02-21,9:00am,USD,Mortgage Delinquencies,Low,,7.40%,
2013-02-21,9:00am,USD,CB Leading Index m/m,Medium,0.2%,0.5%,
2013-02-21,9:30am,USD,Natural Gas Storage,Medium,-119B,-157B,
2013-02-21,10:00am,USD,Crude Oil Inventories,Low,1.9M,0.6M,
2013-02-21,11:30am,USD,FOMC Member Bullard Speaks,Low,,,
2013-02-22,3:00am,EUR,German ifo Business Climate,High,104.9,104.3,
2013-02-22,4:00am,EUR,EU Economic Forecasts,Low,,,
2013-02-22,5:00am,EUR,Italian Retail Sales m/m,Medium,0.3%,-0.4%,
2013-02-22,8:00am,EUR,Belgian NBB Business Climate,Medium,-11.1,-13.2,
2013-02-22,9:30am,USD,FOMC Member Powell Speaks,Low,,,
2013-02-22,5:30pm,USD,FOMC Member Tarullo Speaks,Medium,,,
2013-02-24,5:50pm,JPY,SPPI y/y,Medium,-0.2%,-0.4%,
2013-02-25,3:30am,GBP,High Street Lending,Low,34.2K,33.4K,
2013-02-25,9:30am,EUR,German Buba President Weidmann Speaks,Low,,,
2013-02-25,9:30am,GBP,Chancellor Osborne Speaks,Medium,,,
2013-02-26,2:15am,CHF,Employment Level,Low,4.11M,4.12M,
2013-02-26,4:00am,GBP,Monetary Policy Report Hearings,High,,,
2013-02-26,5:00am,GBP,CBI Realized Sales,Low,15,17,
2013-02-26,8:00am,USD,S&P/CS Composite-20 HPI y/y,Low,6.7%,5.4%,
2013-02-26,8:00am,USD,HPI m/m,Medium,0.6%,0.4%,
2013-02-26,8:59am,USD,Richmond Manufacturing Index,Medium,-4,-12,
2013-02-26,9:00am,USD,CB Consumer Confidence,High,60.8,58.4,
2013-02-26,9:00am,USD,Fed Chairman Bernanke Testifies,High,,,
2013-02-26,9:00am,USD,New Home Sales,High,381K,378K,
2013-02-26,9:00am,USD,Fed Monetary Policy Report,Medium,,,
2013-02-26,12:30pm,GBP,MPC Member Fisher Speaks,Low,,,
2013-02-26,5:50pm,JPY,Retail Sales y/y,Low,-1.4%,0.3%,
2013-02-27,WedFeb 27,EUR,German GfK Consumer Climate,Low,5.9,5.8,
2013-02-27,WedFeb 27,EUR,German Import Prices m/m,Medium,0.5%,-0.5%,
2013-02-27,2:00am,CHF,KOF Economic Barometer,Low,1.00,1.12,
2013-02-27,3:00am,EUR,M3 Money Supply y/y,Low,3.2%,3.4%,
2013-02-27,3:00am,EUR,Private Loans y/y,Medium,-0.6%,-0.7%,
2013-02-27,3:10am,EUR,Retail PMI,Medium,,45.9,
2013-02-27,3:20am,GBP,MPC Member Bean Speaks,Low,,,
2013-02-27,3:30am,GBP,Second Estimate GDP q/q,High,-0.3%,-0.3%,
2013-02-27,3:30am,GBP,Prelim Business Investment q/q,Low,2.2%,0.5%,
2013-02-27,3:30am,GBP,Index of Services 3m/3m,Medium,0.1%,0.6%,
2013-02-27,4:12am,EUR,Italian 10-y Bond Auction,High,,4.17|1.3,
2013-02-27,7:30am,USD,Core Durable Goods Orders m/m,High,0.3%,1.0%,
2013-02-27,7:30am,USD,Durable Goods Orders m/m,Low,-4.8%,4.3%,
2013-02-27,9:00am,USD,Fed Chairman Bernanke Testifies,High,,,
2013-02-27,9:00am,USD,Pending Home Sales m/m,High,1.7%,-1.9%,
2013-02-27,9:30am,USD,Crude Oil Inventories,Low,2.4M,4.1M,
2013-02-27,11:30am,EUR,ECB President Draghi Speaks,High,,,
2013-02-27,5:15pm,JPY,Final Manufacturing PMI,Medium,,47.7,
2013-02-27,5:50pm,JPY,Prelim Industrial Production m/m,Low,1.6%,2.5%,
2013-02-27,6:01pm,GBP,GfK Consumer Confidence,Medium,-26,-26,
2013-02-27,11:00pm,JPY,Housing Starts y/y,Medium,8.9%,10.0%,
2013-02-28,All Day,EUR,German Prelim CPI m/m,Low,0.7%,-0.5%,
2013-02-28,1:45am,EUR,French Consumer Spending m/m,Low,-0.1%,0.2%,
2013-02-28,2:00am,EUR,Spanish Flash CPI y/y,Medium,2.6%,2.7%,
2013-02-28,2:55am,EUR,German Unemployment Change,Low,-5K,-14K,
2013-02-28,4:00am,EUR,Final Core CPI y/y,Low,1.5%,1.5%,
2013-02-28,4:00am,EUR,Final CPI y/y,Low,2.0%,2.0%,
2013-02-28,7:30am,USD,Prelim GDP q/q,High,0.5%,-0.1%,
2013-02-28,7:30am,USD,Unemployment Claims,High,361K,366K,
2013-02-28,7:30am,USD,Prelim GDP Price Index q/q,Medium,0.6%,0.6%,
2013-02-28,8:45am,USD,Chicago PMI,Low,54.6,55.6,
2013-02-28,9:30am,USD,Natural Gas Storage,Medium,-165B,-127B,
2013-02-28,11:30am,USD,FOMC Member Raskin Speaks,Low,,,
2013-02-28,5:30pm,JPY,Household Spending y/y,Low,0.4%,-0.7%,
2013-02-28,5:30pm,JPY,Tokyo Core CPI y/y,Low,-0.6%,-0.5%,
2013-02-28,5:30pm,JPY,National Core CPI y/y,Medium,-0.2%,-0.2%,
2013-02-28,5:30pm,JPY,Unemployment Rate,Medium,4.2%,4.2%,
2013-02-28,5:50pm,JPY,Capital Spending q/y,Low,-7.0%,2.2%,
2013-02-28,7:00pm,USD,FOMC Member Evans Speaks,Low,,,
2013-03-01,FriMar 1,GBP,Nationwide HPI m/m,Low,0.2%,0.5%,
2013-03-01,2:15am,EUR,Spanish Manufacturing PMI,Low,46.3,46.1,
2013-03-01,2:30am,CHF,Manufacturing PMI,Low,52.2,52.5,
2013-03-01,2:45am,EUR,Italian Manufacturing PMI,Low,47.6,47.8,
2013-03-01,2:50am,EUR,French Final Manufacturing PMI,Medium,43.6,43.6,
2013-03-01,2:55am,EUR,German Final Manufacturing PMI,Medium,50.1,50.1,
2013-03-01,3:00am,EUR,Final Manufacturing PMI,Medium,47.8,47.8,
2013-03-01,3:00am,EUR,Italian Monthly Unemployment Rate,Medium,11.1%,11.3%,
2013-03-01,3:00am,EUR,Italian Quarterly Unemployment Rate,Medium,10.8%,10.7%,
2013-03-01,3:30am,GBP,Final Manufacturing PMI,High,51.0,50.8,
2013-03-01,3:30am,GBP,Net Lending to Individuals m/m,Low,1.1B,1.8B,
2013-03-01,3:30am,GBP,M4 Money Supply m/m,Medium,0.3%,0.7%,
2013-03-01,3:30am,GBP,Mortgage Approvals,Medium,57K,56K,
2013-03-01,4:00am,EUR,CPI Flash Estimate y/y,Low,2.0%,2.0%,
2013-03-01,4:00am,EUR,Unemployment Rate,Low,11.8%,11.8%,
2013-03-01,4:00am,EUR,Italian Prelim CPI m/m,Medium,0.3%,0.2%,
2013-03-01,7:30am,USD,Core PCE Price Index m/m,Low,0.1%,0.0%,
2013-03-01,7:30am,USD,Personal Spending m/m,Low,0.2%,0.1%,
2013-03-01,7:30am,USD,Personal Income m/m,Medium,-2.3%,2.6%,
2013-03-01,8:00am,USD,Final Manufacturing PMI,Medium,55.2,55.2,
2013-03-01,8:55am,USD,Revised UoM Consumer Sentiment,Low,76.3,76.3,
2013-03-01,8:55am,USD,Revised UoM Inflation Expectations,Medium,,3.3%,
2013-03-01,9:00am,USD,ISM Manufacturing PMI,High,52.7,53.1,
2013-03-01,9:00am,USD,Construction Spending m/m,Medium,0.6%,1.1%,
2013-03-01,9:00am,USD,ISM Manufacturing Prices,Medium,57.3,56.5,
2013-03-01,All Day,USD,Total Vehicle Sales,Medium,15.1M,15.3M,
2013-03-01,10:35am,USD,President Obama Speaks,Medium,,,
2013-03-01,9:00pm,USD,Fed Chairman Bernanke Speaks,High,,,
2013-03-03,5:50pm,JPY,Monetary Base y/y,Medium,11.5%,10.9%,
2013-03-04,All Day,EUR,Eurogroup Meetings,Low,,,
2013-03-04,3:30am,EUR,Sentix Investor Confidence,Medium,-4.5,-3.9,
2013-03-04,3:30am,GBP,Construction PMI,High,49.2,48.7,
2013-03-04,4:00am,EUR,PPI m/m,Medium,0.5%,-0.2%,
2013-03-04,7:00am,USD,FOMC Member Yellen Speaks,Low,,,
2013-03-04,12:15pm,USD,FOMC Member Powell Speaks,Low,,,
2013-03-04,6:00pm,GBP,BRC Retail Sales Monitor y/y,Low,,1.9%,
2013-03-04,7:30pm,JPY,Average Cash Earnings y/y,Low,-0.3%,-1.7%,
2013-03-04,9:45pm,JPY,10-y Bond Auction,Medium,,0.80|2.8,
2013-03-05,2:45am,EUR,Italian Services PMI,High,43.6,43.9,
2013-03-05,2:50am,EUR,French Final Services PMI,Medium,42.7,42.7,
2013-03-05,2:55am,EUR,German Final Services PMI,Medium,54.1,54.1,
2013-03-05,3:00am,EUR,Final Services PMI,Medium,47.3,47.3,
2013-03-05,All Day,EUR,ECOFIN Meetings,Low,,,
2013-03-05,3:30am,GBP,Final Services PMI,High,51.1,51.5,
2013-03-05,4:00am,EUR,Retail Sales m/m,Low,0.3%,-0.8%,
2013-03-05,9:00am,USD,ISM Services PMI,High,55.0,55.2,
2013-03-05,9:00am,USD,RCM/TIPP Economic Optimism,Medium,47.8,47.3,
2013-03-05,6:01pm,GBP,BRC Shop Price Index y/y,Medium,,0.6%,
2013-03-06,3:45am,GBP,BOE Gov King Speaks,High,,,
2013-03-06,4:00am,EUR,Revised GDP q/q,Medium,-0.6%,-0.6%,
2013-03-06,7:15am,USD,ADP Non-Farm Employment Change,High,172K,215K,
2013-03-06,9:00am,USD,Factory Orders m/m,Low,-2.2%,1.3%,
2013-03-06,9:30am,USD,Crude Oil Inventories,Low,0.9M,1.1M,
2013-03-06,1:00pm,USD,Beige Book,Low,,,
2013-03-06,9:24pm,JPY,Monetary Policy Statement,High,,,
2013-03-06,9:24pm,JPY,Overnight Call Rate,High,<0.10%,<0.10%,
2013-03-06,11:00pm,JPY,Leading Indicators,Medium,96.2%,93.2%,
2013-03-07,1:32am,JPY,BOJ Press Conference,High,,,
2013-03-07,1:45am,EUR,French Trade Balance,Medium,-4.8B,-5.4B,
2013-03-07,2:00am,CHF,Foreign Currency Reserves,High,,430B,
2013-03-07,3:00am,CHF,SNB Chairman Jordan Speaks,High,,,
2013-03-07,3:45am,EUR,Spanish 10-y Bond Auction,High,,5.20|1.6,
2013-03-07,3:59am,EUR,French 10-y Bond Auction,Low,,2.30|3.1,
2013-03-07,5:00am,EUR,German Factory Orders m/m,Low,0.6%,1.1%,
2013-03-07,6:00am,GBP,Asset Purchase Facility,High,375B,375B,
2013-03-07,6:00am,GBP,Official Bank Rate,High,0.50%,0.50%,
2013-03-07,6:30am,USD,Challenger Job Cuts y/y,Medium,,-24.4%,
2013-03-07,6:45am,EUR,Main Refinancing Rate,High,0.75%,0.75%,
2013-03-07,7:30am,EUR,ECB Press Conference,High,,,
2013-03-07,7:30am,USD,Trade Balance,High,-42.8B,-38.1B,
2013-03-07,7:30am,USD,Unemployment Claims,High,354K,347K,
2013-03-07,7:30am,USD,Revised Nonfarm Productivity q/q,Low,-1.6%,-2.0%,
2013-03-07,7:30am,USD,Revised Unit Labor Costs q/q,Medium,4.4%,4.5%,
2013-03-07,9:30am,USD,Natural Gas Storage,Medium,-135B,-171B,
2013-03-07,12:15pm,USD,FOMC Member Powell Speaks,Low,,,
2013-03-07,2:00pm,USD,Consumer Credit m/m,Medium,15.2B,15.1B,
2013-03-07,3:30pm,USD,Bank Stress Test Results,Low,,,
2013-03-07,5:50pm,JPY,Current Account,High,0.11T,0.11T,
2013-03-07,5:50pm,JPY,Final GDP q/q,Low,-0.1%,-0.1%,
2013-03-07,5:50pm,JPY,Bank Lending y/y,Medium,,1.3%,
2013-03-07,5:50pm,JPY,Final GDP Price Index y/y,Medium,-0.6%,-0.6%,
2013-03-07,9:45pm,JPY,30-y Bond Auction,Medium,,1.99|3.5,
2013-03-07,11:00pm,JPY,BOJ Monthly Report,Medium,,,
2013-03-07,11:00pm,JPY,Economy Watchers Sentiment,Medium,51.2,49.5,
2013-03-08,2:15am,CHF,CPI m/m,High,-0.3%,-0.3%,
2013-03-08,3:30am,GBP,Consumer Inflation Expectations,Low,,3.5%,
2013-03-08,5:00am,EUR,German Industrial Production m/m,Low,0.6%,0.6%,
2013-03-08,7:30am,USD,Non-Farm Employment Change,High,162K,119K,
2013-03-08,7:30am,USD,Unemployment Rate,High,7.9%,7.9%,
2013-03-08,7:30am,USD,Average Hourly Earnings m/m,Low,0.2%,0.1%,
2013-03-08,9:00am,USD,Final Wholesale Inventories m/m,Medium,0.4%,0.1%,
2013-03-08,7:00pm,USD,FOMC Member Duke Speaks,Medium,,,
2013-03-10,SunMar 10,USD,Daylight Saving Time Shift,Low,,,
2013-03-10,6:50pm,JPY,Core Machinery Orders m/m,Low,-1.6%,2.8%,
2013-03-10,6:50pm,JPY,M2 Money Stock y/y,Medium,2.7%,2.7%,
2013-03-11,2:00am,EUR,German Trade Balance,Medium,17.9B,16.9B,
2013-03-11,2:45am,EUR,French Industrial Production m/m,Low,-0.1%,0.9%,
2013-03-11,3:15am,CHF,Retail Sales y/y,Low,3.7%,4.7%,
2013-03-11,6:50pm,JPY,BSI Manufacturing Index,Low,-6.2,-10.3,
2013-03-11,6:50pm,JPY,Monetary Policy Meeting Minutes,Low,,,
2013-03-11,6:50pm,JPY,Tertiary Industry Activity m/m,Low,-0.1%,1.1%,
2013-03-11,6:50pm,JPY,PPI y/y,Medium,-0.1%,-0.3%,
2013-03-11,7:01pm,GBP,RICS House Price Balance,Low,-1%,-4%,
2013-03-12,2:00am,EUR,German Final CPI m/m,Medium,0.6%,0.6%,
2013-03-12,2:00am,EUR,German WPI m/m,Medium,0.4%,0.3%,
2013-03-12,4:30am,GBP,Manufacturing Production m/m,High,0.0%,1.5%,
2013-03-12,4:30am,GBP,Goods Trade Balance,Low,-8.8B,-8.7B,
2013-03-12,4:30am,GBP,Industrial Production m/m,Medium,0.1%,1.1%,
2013-03-12,6:30am,USD,NFIB Small Business Index,Medium,91.3,88.9,
2013-03-12,9:57am,GBP,NIESR GDP Estimate,Low,,-0.2%,
2013-03-12,10:00am,USD,JOLTS Job Openings,Low,3.67M,3.61M,
2013-03-13,2:45am,EUR,French Final CPI m/m,Medium,0.5%,-0.5%,
2013-03-13,5:00am,EUR,Industrial Production m/m,Low,-0.1%,0.9%,
2013-03-13,7:30am,USD,Core Retail Sales m/m,High,0.5%,0.4%,
2013-03-13,7:30am,USD,Retail Sales m/m,High,0.5%,0.2%,
2013-03-13,7:30am,USD,Import Prices m/m,Low,0.5%,0.6%,
2013-03-13,9:00am,USD,Business Inventories m/m,Low,0.5%,0.3%,
2013-03-13,9:30am,USD,Crude Oil Inventories,Low,2.3M,3.8M,
2013-03-13,12:00pm,USD,10-y Bond Auction,Low,,2.05|2.7,
2013-03-13,12:20pm,USD,Federal Budget Balance,Low,-200.0B,2.9B,
2013-03-13,11:30pm,JPY,Revised Industrial Production m/m,Medium,1.0%,1.0%,
2013-03-14,3:30am,CHF,Libor Rate,High,<0.25%,<0.25%,
2013-03-14,3:30am,CHF,SNB Monetary Policy Assessment,High,,,
2013-03-14,4:00am,EUR,ECB Monthly Bulletin,Low,,,
2013-03-14,Day 1,EUR,EU Economic Summit,High,,,
2013-03-14,5:00am,EUR,Final Employment Change q/q,Medium,-0.1%,-0.1%,
2013-03-14,7:30am,USD,PPI m/m,High,0.7%,0.2%,
2013-03-14,7:30am,USD,Unemployment Claims,High,348K,342K,
2013-03-14,7:30am,USD,Core PPI m/m,Low,0.2%,0.2%,
2013-03-14,7:30am,USD,Current Account,Low,-111B,-112B,
2013-03-14,8:00am,USD,FOMC Member Raskin Speaks,Low,,,
2013-03-14,9:30am,USD,Natural Gas Storage,Medium,-136B,-146B,
2013-03-14,12:00pm,USD,30-y Bond Auction,Medium,,3.18|2.7,
2013-03-14,3:30pm,USD,Bank Stress Test Results,Medium,,,
2013-03-15,Day 2,EUR,EU Economic Summit,Low,,,
2013-03-15,All Day,EUR,Eurogroup Meetings,Low,,,
2013-03-15,5:00am,EUR,Final Core CPI y/y,Low,1.3%,1.3%,
2013-03-15,5:00am,EUR,Final CPI y/y,Low,1.8%,1.8%,
2013-03-15,5:00am,GBP,CB Leading Index m/m,Medium,,0.0%,
2013-03-15,6:00am,GBP,MPC Member Dale Speaks,Low,,,
2013-03-15,7:30am,USD,Core CPI m/m,High,0.2%,0.3%,
2013-03-15,7:30am,USD,CPI y/y,High,1.9%,1.6%,
2013-03-15,7:30am,USD,CPI m/m,Low,0.6%,0.0%,
2013-03-15,7:30am,USD,Empire State Manufacturing Index,Low,9.8,10.0,
2013-03-15,8:00am,USD,TIC Long-Term Purchases,Low,39.3B,64.2B,
2013-03-15,8:12am,USD,Capacity Utilization Rate,Low,79.4%,79.2%,
2013-03-15,8:12am,USD,Industrial Production m/m,Low,0.4%,0.0%,
2013-03-15,8:55am,USD,Prelim UoM Consumer Sentiment,High,78.2,77.6,
2013-03-15,8:55am,USD,Prelim UoM Inflation Expectations,Medium,,3.3%,
2013-03-17,7:01pm,GBP,Rightmove HPI m/m,Medium,,2.8%,
2013-03-18,4:00am,EUR,Italian Trade Balance,Medium,2.11B,2.11B,
2013-03-18,All Day,EUR,Eurogroup Meetings,High,,,
2013-03-18,5:00am,EUR,ZEW Economic Sentiment,Low,,,
2013-03-18,5:00am,EUR,Trade Balance,Medium,10.4B,10.3B,
2013-03-18,6:00am,EUR,German Buba Monthly Report,Low,,,
2013-03-18,9:00am,USD,NAHB Housing Market Index,Medium,48,46,
2013-03-19,4:30am,GBP,CPI y/y,High,2.8%,2.7%,
2013-03-19,4:30am,GBP,PPI Input m/m,High,1.7%,1.3%,
2013-03-19,4:30am,GBP,RPI y/y,Low,3.3%,3.3%,
2013-03-19,4:30am,GBP,Core CPI y/y,Medium,2.2%,2.3%,
2013-03-19,4:30am,GBP,ONS HPI y/y,Medium,2.6%,3.3%,
2013-03-19,4:30am,GBP,PPI Output m/m,Medium,0.2%,0.2%,
2013-03-19,5:00am,EUR,German ZEW Economic Sentiment,High,47.9,48.2,
2013-03-19,5:00am,EUR,ZEW Economic Sentiment,Low,43.7,42.4,
2013-03-19,7:30am,USD,Building Permits,High,0.93M,0.90M,
2013-03-19,7:30am,USD,Housing Starts,Low,0.92M,0.91M,
2013-03-19,All Day,JPY,Bank Holiday,Low,,,
2013-03-20,4:00am,EUR,Current Account,Low,7.9B,16.0B,
2013-03-20,4:30am,GBP,Claimant Count Change,High,-5.2K,-10.0K,
2013-03-20,4:30am,GBP,MPC Asset Purchase Facility Votes,High,3-0-6,3-0-6,
2013-03-20,4:30am,GBP,MPC Official Bank Rate Votes,High,0-0-9,0-0-9,
2013-03-20,4:30am,GBP,Unemployment Rate,Low,7.8%,7.8%,
2013-03-20,4:30am,GBP,Average Earnings Index 3m/y,Medium,1.5%,1.3%,
2013-03-20,5:00am,CHF,UBS Economic Expectations,Low,,10.0,
2013-03-20,5:34am,EUR,German 10-y Bond Auction,Low,,1.66|1.2,
2013-03-20,7:30am,GBP,Annual Budget Release,High,,,
2013-03-20,9:30am,USD,Crude Oil Inventories,Low,1.8M,2.6M,
2013-03-20,10:00am,EUR,Consumer Confidence,Medium,-23,-24,
2013-03-20,1:00pm,USD,FOMC Economic Projections,High,,,
2013-03-20,1:00pm,USD,FOMC Statement,High,,,
2013-03-20,1:00pm,USD,Federal Funds Rate,Low,<0.25%,<0.25%,
2013-03-20,1:30pm,USD,FOMC Press Conference,High,,,
2013-03-20,6:50pm,JPY,Trade Balance,Low,-1.01T,-0.74T,
2013-03-20,11:30pm,JPY,All Industries Activity m/m,Medium,-1.1%,1.6%,
2013-03-21,3:00am,EUR,French Flash Manufacturing PMI,High,44.4,43.9,
2013-03-21,3:00am,EUR,French Flash Services PMI,Low,44.1,42.7,
2013-03-21,3:30am,EUR,German Flash Manufacturing PMI,High,50.8,50.3,
2013-03-21,3:30am,EUR,German Flash Services PMI,Low,54.9,54.1,
2013-03-21,4:00am,EUR,Flash Manufacturing PMI,Low,48.2,47.9,
2013-03-21,4:00am,EUR,Flash Services PMI,Low,48.2,47.3,
2013-03-21,All Day,EUR,Eurogroup Meetings,High,,,
2013-03-21,4:30am,GBP,Retail Sales m/m,High,0.5%,-0.7%,
2013-03-21,4:30am,GBP,Public Sector Net Borrowing,Low,8.4B,-10.3B,
2013-03-21,4:45am,EUR,Spanish 10-y Bond Auction,High,,4.92|2.3,
2013-03-21,5:00am,JPY,BOJ Gov Kuroda Speaks,High,,,
2013-03-21,6:00am,GBP,CBI Industrial Order Expectations,Low,-16,-14,
2013-03-21,7:30am,USD,Unemployment Claims,High,343K,334K,
2013-03-21,8:00am,USD,Flash Manufacturing PMI,Low,55.1,54.3,
2013-03-21,8:00am,USD,HPI m/m,Medium,0.7%,0.5%,
2013-03-21,9:00am,USD,Existing Home Sales,High,5.02M,4.94M,
2013-03-21,9:00am,USD,Philly Fed Manufacturing Index,High,-1.6,-12.5,
2013-03-21,9:00am,USD,CB Leading Index m/m,Medium,0.3%,0.5%,
2013-03-21,9:30am,USD,Natural Gas Storage,Medium,-70B,-145B,
2013-03-21,10:00am,CHF,SNB Quarterly Bulletin,Medium,,,
2013-03-21,12:00pm,CHF,Gov Board Member Zurbrugg Speaks,Low,,,
2013-03-22,9:00am,EUR,Belgian NBB Business Climate,Medium,-10.3,-11.0,
2013-03-25,10:45am,CHF,Gov Board Member Danthine Speaks,Low,,,
2013-03-25,11:15am,USD,FOMC Member Dudley Speaks,Medium,,,
2013-03-25,12:15pm,USD,Fed Chairman Bernanke Speaks,High,,,
2013-03-25,6:50pm,JPY,SPPI y/y,Medium,0.0%,-0.2%,
2013-03-25,7:00pm,JPY,BOJ Gov Kuroda Speaks,High,,,
2013-03-26,6:00am,GBP,CBI Realized Sales,Low,12,8,
2013-03-26,7:30am,USD,Core Durable Goods Orders m/m,High,0.7%,2.3%,
2013-03-26,7:30am,USD,Durable Goods Orders m/m,Low,3.9%,-4.9%,
2013-03-26,8:00am,USD,S&P/CS Composite-20 HPI y/y,Low,7.9%,6.8%,
2013-03-26,8:59am,USD,Richmond Manufacturing Index,Medium,8,6,
2013-03-26,9:00am,USD,CB Consumer Confidence,High,67.9,68.0,
2013-03-26,9:00am,USD,New Home Sales,High,426K,431K,
2013-03-27,WedMar 27,EUR,German GfK Consumer Climate,Low,5.9,5.9,
2013-03-27,WedMar 27,EUR,German Import Prices m/m,Medium,0.2%,0.1%,
2013-03-27,3:00am,CHF,KOF Economic Barometer,Low,1.07,1.04,
2013-03-27,3:00am,EUR,Spanish Flash CPI y/y,Medium,2.7%,2.8%,
2013-03-27,4:30am,GBP,Current Account,High,-12.8B,-15.1B,
2013-03-27,4:30am,GBP,Final GDP q/q,Low,-0.3%,-0.3%,
2013-03-27,4:30am,GBP,FPC Statement,Medium,,,
2013-03-27,4:30am,GBP,Revised Business Investment q/q,Medium,-1.2%,-1.2%,
2013-03-27,5:00am,EUR,Italian Retail Sales m/m,Medium,0.4%,-0.1%,
2013-03-27,5:13am,EUR,Italian 10-y Bond Auction,High,,4.83|1.7,
2013-03-27,9:00am,USD,Pending Home Sales m/m,High,-0.3%,3.8%,
2013-03-27,9:30am,USD,Crude Oil Inventories,Low,1.5M,-1.3M,
2013-03-27,10:00am,USD,FOMC Member Evans Speaks,Low,,,
2013-03-27,10:30am,USD,FOMC Member Rosengren Speaks,Low,,,
2013-03-27,6:50pm,JPY,Retail Sales y/y,Low,0.9%,-1.1%,
2013-03-27,7:01pm,GBP,GfK Consumer Confidence,Medium,-27,-26,
2013-03-28,ThuMar 28,GBP,Nationwide HPI m/m,Low,0.2%,0.2%,
2013-03-28,3:55am,EUR,German Unemployment Change,Low,-2K,0K,
2013-03-28,4:00am,EUR,M3 Money Supply y/y,Low,3.2%,3.5%,
2013-03-28,4:00am,EUR,Private Loans y/y,Medium,-0.7%,-0.9%,
2013-03-28,4:10am,EUR,Retail PMI,Medium,,44.5,
2013-03-28,4:30am,GBP,Index of Services 3m/3m,Medium,-0.2%,0.0%,
2013-03-28,7:30am,USD,Unemployment Claims,High,340K,341K,
2013-03-28,7:30am,USD,Final GDP q/q,Low,0.5%,0.1%,
2013-03-28,7:30am,USD,Final GDP Price Index q/q,Medium,0.9%,0.9%,
2013-03-28,8:45am,USD,Chicago PMI,Low,56.5,56.8,
2013-03-28,9:30am,USD,Natural Gas Storage,Medium,-85B,-62B,
2013-03-28,6:15pm,JPY,Final Manufacturing PMI,Medium,,48.5,
2013-03-28,6:30pm,JPY,Household Spending y/y,Low,0.4%,2.4%,
2013-03-28,6:30pm,JPY,Tokyo Core CPI y/y,Low,-0.6%,-0.6%,
2013-03-28,6:30pm,JPY,National Core CPI y/y,Medium,-0.4%,-0.2%,
2013-03-28,6:30pm,JPY,Unemployment Rate,Medium,4.2%,4.2%,
2013-03-28,6:50pm,JPY,Prelim Industrial Production m/m,Low,2.6%,0.3%,
2013-03-29,All Day,CHF,Bank Holiday,Low,,,
2013-03-29,All Day,EUR,German Bank Holiday,Low,,,
2013-03-29,2:45am,EUR,French Consumer Spending m/m,Low,0.3%,-0.9%,
2013-03-29,All Day,GBP,Bank Holiday,Low,,,
2013-03-29,5:00am,EUR,Italian Prelim CPI m/m,Medium,0.3%,0.1%,
2013-03-29,7:30am,USD,Core PCE Price Index m/m,Low,0.1%,0.2%,
2013-03-29,7:30am,USD,Personal Spending m/m,Low,0.6%,0.4%,
2013-03-29,7:30am,USD,Personal Income m/m,Medium,1.0%,-3.7%,
2013-03-29,8:55am,USD,Revised UoM Consumer Sentiment,Low,73.2,71.8,
2013-03-29,8:55am,USD,Revised UoM Inflation Expectations,Medium,,3.3%,
2013-03-30,SatMar 30,EUR,Daylight Saving Time Shift,Low,,,
2013-03-30,SatMar 30,GBP,Daylight Saving Time Shift,Low,,,
2013-03-31,6:50pm,JPY,Tankan Manufacturing Index,Low,-7,-12,
2013-03-31,6:50pm,JPY,Tankan Non-Manufacturing Index,Low,8,4,
2013-04-01,All Day,EUR,German Bank Holiday,Low,,,
2013-04-01,All Day,EUR,French Bank Holiday,Low,,,
2013-04-01,All Day,EUR,Italian Bank Holiday,Low,,,
2013-04-01,All Day,GBP,Bank Holiday,Low,,,
2013-04-01,8:00am,USD,Final Manufacturing PMI,Medium,55.0,54.9,
2013-04-01,9:00am,USD,ISM Manufacturing PMI,High,54.2,54.2,
2013-04-01,9:00am,USD,Construction Spending m/m,Medium,1.1%,-2.1%,
2013-04-01,9:00am,USD,ISM Manufacturing Prices,Medium,60.1,61.5,
2013-04-01,6:50pm,JPY,Monetary Base y/y,Medium,16.3%,15.0%,
2013-04-01,8:30pm,JPY,Average Cash Earnings y/y,Low,-0.1%,0.1%,
2013-04-01,10:45pm,JPY,10-y Bond Auction,Medium,,0.64|2.8,
2013-04-02,All Day,EUR,German Prelim CPI m/m,Low,0.4%,0.6%,
2013-04-02,2:00am,EUR,Spanish Unemployment Change,Low,30.2K,59.4K,
2013-04-02,2:15am,EUR,Spanish Manufacturing PMI,Low,46.2,46.8,
2013-04-02,2:30am,CHF,Manufacturing PMI,Low,50.5,50.8,
2013-04-02,2:45am,EUR,Italian Manufacturing PMI,High,45.4,45.8,
2013-04-02,2:50am,EUR,French Final Manufacturing PMI,Medium,43.9,43.9,
2013-04-02,2:55am,EUR,German Final Manufacturing PMI,Medium,48.9,48.9,
2013-04-02,3:00am,EUR,Final Manufacturing PMI,Medium,46.6,46.6,
2013-04-02,3:00am,EUR,Italian Monthly Unemployment Rate,Medium,11.8%,11.7%,
2013-04-02,3:30am,GBP,Final Manufacturing PMI,High,48.9,47.9,
2013-04-02,3:30am,GBP,Net Lending to Individuals m/m,Low,0.9B,0.8B,
2013-04-02,3:30am,GBP,M4 Money Supply m/m,Medium,1.1%,0.9%,
2013-04-02,3:30am,GBP,Mortgage Approvals,Medium,54K,54K,
2013-04-02,4:00am,EUR,Unemployment Rate,Low,12.0%,12.0%,
2013-04-02,9:00am,USD,Factory Orders m/m,Low,3.1%,-1.0%,
2013-04-02,9:00am,USD,RCM/TIPP Economic Optimism,Medium,46.1,42.2,
2013-04-02,All Day,USD,Total Vehicle Sales,Medium,15.3M,15.4M,
2013-04-02,6:01pm,GBP,BRC Shop Price Index y/y,Medium,,1.1%,
2013-04-02,6:30pm,USD,FOMC Member Evans Speaks,Low,,,
2013-04-03,WedApr 3,GBP,BOE Credit Conditions Survey,Low,,,
2013-04-03,3:32am,GBP,Housing Equity Withdrawal q/q,Medium,-7.4B,-7.9B,
2013-04-03,4:00am,EUR,CPI Flash Estimate y/y,Low,1.6%,1.8%,
2013-04-03,7:15am,USD,ADP Non-Farm Employment Change,High,203K,237K,
2013-04-03,9:00am,USD,ISM Services PMI,High,55.9,56.0,
2013-04-03,9:30am,USD,Crude Oil Inventories,Low,1.8M,3.3M,
2013-04-03,4:00pm,USD,FOMC Member Bullard Speaks,Low,,,
2013-04-03,11:40pm,JPY,Monetary Policy Statement,High,,,
2013-04-03,11:40pm,JPY,Overnight Call Rate,High,<0.10%,<0.10%,
2013-04-04,2:34am,JPY,BOJ Press Conference,High,,,
2013-04-04,2:45am,EUR,Italian Services PMI,Low,43.4,43.6,
2013-04-04,2:50am,EUR,French Final Services PMI,Medium,41.9,41.9,
2013-04-04,2:55am,EUR,German Final Services PMI,Medium,51.6,51.6,
2013-04-04,3:00am,EUR,Final Services PMI,Medium,46.5,46.5,
2013-04-04,3:30am,GBP,Final Services PMI,High,51.4,51.8,
2013-04-04,3:45am,EUR,Spanish 10-y Bond Auction,Low,,4.90|1.9,
2013-04-04,4:00am,EUR,PPI m/m,Medium,0.2%,0.4%,
2013-04-04,4:02am,EUR,French 10-y Bond Auction,Low,,2.10|2.2,
2013-04-04,6:00am,GBP,Asset Purchase Facility,High,375B,375B,
2013-04-04,6:00am,GBP,Official Bank Rate,High,0.50%,0.50%,
2013-04-04,6:30am,USD,Challenger Job Cuts y/y,Medium,,7.0%,
2013-04-04,6:45am,EUR,Main Refinancing Rate,High,0.75%,0.75%,
2013-04-04,7:30am,EUR,ECB Press Conference,High,,,
2013-04-04,7:30am,USD,Unemployment Claims,High,352K,357K,
2013-04-04,7:45am,USD,FOMC Member Evans Speaks,Low,,,
2013-04-04,9:30am,USD,Fed Chairman Bernanke Speaks,High,,,
2013-04-04,9:30am,USD,Natural Gas Storage,Medium,-89B,-95B,
2013-04-04,11:30am,USD,FOMC Member George Speaks,Low,,,
2013-04-04,4:00pm,USD,FOMC Member Yellen Speaks,Low,,,
2013-04-04,8:00pm,JPY,BOJ Gov Kuroda Speaks,High,,,
2013-04-05,FriApr 5,JPY,Leading Indicators,Medium,97.2%,95.0%,
2013-04-05,2:00am,CHF,Foreign Currency Reserves,High,,430B,
2013-04-05,2:00am,GBP,Halifax HPI m/m,Low,0.2%,0.5%,
2013-04-05,3:00am,GBP,MPC Member Dale Speaks,Low,,,
2013-04-05,3:30am,GBP,FPC Meeting Minutes,Medium,,,
2013-04-05,4:00am,EUR,Retail Sales m/m,Low,-0.3%,0.9%,
2013-04-05,4:00am,EUR,Final GDP q/q,Medium,-0.6%,-0.6%,
2013-04-05,5:00am,EUR,German Factory Orders m/m,Low,1.2%,-1.6%,
2013-04-05,7:30am,USD,Non-Farm Employment Change,High,198K,268K,
2013-04-05,7:30am,USD,Trade Balance,High,-44.8B,-44.5B,
2013-04-05,7:30am,USD,Unemployment Rate,High,7.7%,7.7%,
2013-04-05,7:30am,USD,Average Hourly Earnings m/m,Low,0.2%,0.1%,
2013-04-05,2:00pm,USD,Consumer Credit m/m,Medium,15.5B,12.7B,
2013-04-07,6:50pm,JPY,Current Account,High,0.46T,0.36T,
2013-04-08,3:30am,EUR,Sentix Investor Confidence,Medium,-12.6,-10.6,
2013-04-08,5:00am,EUR,German Industrial Production m/m,Low,0.4%,-0.6%,
2013-04-08,6:00pm,GBP,BRC Retail Sales Monitor y/y,Low,,2.7%,
2013-04-08,6:01pm,GBP,RICS House Price Balance,Medium,-5%,-7%,
2013-04-08,6:15pm,USD,Fed Chairman Bernanke Speaks,High,,,
2013-04-08,6:50pm,JPY,Monetary Policy Meeting Minutes,Low,,,
2013-04-09,1:00am,EUR,German Trade Balance,Medium,16.2B,15.6B,
2013-04-09,1:00am,JPY,Prelim Machine Tool Orders y/y,Medium,,-21.5%,
2013-04-09,1:45am,EUR,French Gov Budget Balance,Medium,,-12.8B,
2013-04-09,1:45am,EUR,French Trade Balance,Medium,-5.3B,-5.7B,
2013-04-09,2:15am,CHF,CPI m/m,High,0.3%,0.3%,
2013-04-09,2:15am,CHF,Retail Sales y/y,Low,2.9%,2.0%,
2013-04-09,3:30am,GBP,Manufacturing Production m/m,High,0.4%,-1.9%,
2013-04-09,3:30am,GBP,Goods Trade Balance,Low,-8.7B,-8.2B,
2013-04-09,3:30am,GBP,Industrial Production m/m,Medium,0.4%,-1.3%,
2013-04-09,4:35am,GBP,10-y Bond Auction,Medium,,2.15|2.3,
2013-04-09,6:30am,USD,NFIB Small Business Index,Medium,92.3,90.8,
2013-04-09,9:00am,GBP,NIESR GDP Estimate,Low,,0.1%,
2013-04-09,9:00am,USD,JOLTS Job Openings,Low,3.74M,3.61M,
2013-04-09,9:00am,USD,Final Wholesale Inventories m/m,Medium,0.5%,0.8%,
2013-04-09,6:50pm,JPY,Bank Lending y/y,Medium,,1.5%,
2013-04-10,3:00am,EUR,Italian Industrial Production m/m,Medium,-0.4%,1.0%,
2013-04-10,8:00am,USD,FOMC Meeting Minutes,High,,,
2013-04-10,9:30am,USD,Crude Oil Inventories,Low,1.6M,2.7M,
2013-04-10,12:00pm,USD,10-y Bond Auction,Low,,2.03|3.2,
2013-04-10,2:50pm,USD,Federal Budget Balance,Low,-110.3B,-203.5B,
2013-04-10,6:50pm,JPY,Core Machinery Orders m/m,Low,6.9%,-13.1%,
2013-04-10,6:50pm,JPY,M2 Money Stock y/y,Medium,2.9%,2.9%,
2013-04-10,6:50pm,JPY,PPI y/y,Medium,-0.4%,-0.1%,
2013-04-10,10:45pm,JPY,30-y Bond Auction,Medium,,1.82|3.3,
2013-04-11,1:45am,EUR,French Final CPI m/m,Medium,0.7%,0.3%,
2013-04-11,3:00am,EUR,ECB Monthly Bulletin,Low,,,
2013-04-11,7:30am,USD,Unemployment Claims,High,362K,388K,
2013-04-11,7:30am,USD,FOMC Member Bullard Speaks,Low,,,
2013-04-11,7:30am,USD,Import Prices m/m,Low,-0.4%,0.6%,
2013-04-11,8:00am,GBP,MPC Member Tucker Speaks,Low,,,
2013-04-11,9:00am,USD,Treasury Sec Lew Speaks,Low,,,
2013-04-11,9:30am,USD,Natural Gas Storage,Medium,-12B,-94B,
2013-04-11,12:00pm,USD,30-y Bond Auction,Medium,,3.25|2.4,
2013-04-11,1:30pm,USD,Treasury Sec Lew Speaks,Low,,,
2013-04-11,6:50pm,JPY,Tertiary Industry Activity m/m,Low,0.8%,-1.5%,
2013-04-11,10:10pm,JPY,BOJ Gov Kuroda Speaks,High,,,
2013-04-12,4:00am,EUR,Industrial Production m/m,Low,0.3%,-0.6%,
2013-04-12,4:00am,GBP,CB Leading Index m/m,Medium,,0.2%,
2013-04-12,Day 1,EUR,ECOFIN Meetings,Low,,,
2013-04-12,All Day,EUR,Eurogroup Meetings,Low,,,
2013-04-12,7:30am,USD,Core Retail Sales m/m,High,-0.1%,1.0%,
2013-04-12,7:30am,USD,PPI m/m,High,-0.2%,0.7%,
2013-04-12,7:30am,USD,Retail Sales m/m,High,0.0%,1.0%,
2013-04-12,7:30am,USD,Core PPI m/m,Low,0.2%,0.2%,
2013-04-12,7:45am,USD,FOMC Member Rosengren Speaks,Low,,,
2013-04-12,8:55am,USD,Prelim UoM Consumer Sentiment,High,79.1,78.6,
2013-04-12,8:55am,USD,Prelim UoM Inflation Expectations,Medium,,3.2%,
2013-04-12,9:00am,USD,Business Inventories m/m,Low,0.4%,0.9%,
2013-04-12,11:30am,USD,Fed Chairman Bernanke Speaks,High,,,
2013-04-12,3:25pm,USD,Treasury Currency Report,Low,,,
2013-04-13,11:30am,USD,FOMC Member Evans Speaks,Low,,,
2013-04-14,6:01pm,GBP,Rightmove HPI m/m,Medium,,1.7%,
2013-04-14,7:30pm,JPY,BOJ Gov Kuroda Speaks,High,,,
2013-04-14,11:30pm,JPY,Revised Industrial Production m/m,Medium,-0.1%,-0.1%,
2013-04-15,4:00am,EUR,Trade Balance,Medium,9.9B,8.7B,
2013-04-15,7:30am,USD,Empire State Manufacturing Index,Low,7.2,9.2,
2013-04-15,8:00am,EUR,ECB President Draghi Speaks,High,,,
2013-04-15,8:00am,USD,TIC Long-Term Purchases,Low,41.3B,25.7B,
2013-04-15,9:00am,USD,NAHB Housing Market Index,Medium,45,44,
2013-04-15,5:10pm,USD,President Obama Speaks,Medium,,,
2013-04-16,3:00am,EUR,Italian Trade Balance,Medium,-1.41B,-1.61B,
2013-04-16,3:30am,GBP,CPI y/y,High,2.8%,2.8%,
2013-04-16,3:30am,GBP,PPI Input m/m,Low,-0.3%,2.8%,
2013-04-16,3:30am,GBP,RPI y/y,Low,3.3%,3.2%,
2013-04-16,3:30am,GBP,Core CPI y/y,Medium,2.3%,2.3%,
2013-04-16,3:30am,GBP,ONS HPI y/y,Medium,2.8%,2.2%,
2013-04-16,3:30am,GBP,PPI Output m/m,Medium,0.3%,0.8%,
2013-04-16,4:00am,EUR,German ZEW Economic Sentiment,High,41.5,48.5,
2013-04-16,4:00am,EUR,Final Core CPI y/y,Low,1.4%,1.3%,
2013-04-16,4:00am,EUR,Final CPI y/y,Low,1.7%,1.7%,
2013-04-16,4:00am,EUR,ZEW Economic Sentiment,Low,31.5,33.4,
2013-04-16,7:00am,USD,FOMC Member Dudley Speaks,Medium,,,
2013-04-16,7:30am,USD,Building Permits,High,0.94M,0.94M,
2013-04-16,7:30am,USD,Core CPI m/m,High,0.2%,0.2%,
2013-04-16,7:30am,USD,CPI y/y,High,1.7%,2.0%,
2013-04-16,7:30am,USD,CPI m/m,Low,0.0%,0.7%,
2013-04-16,7:30am,USD,Housing Starts,Low,0.93M,0.97M,
2013-04-16,8:00am,EUR,ECB President Draghi Speaks,High,,,
2013-04-16,8:15am,USD,Capacity Utilization Rate,Low,78.4%,79.6%,
2013-04-16,8:15am,USD,Industrial Production m/m,Low,0.3%,0.7%,
2013-04-16,9:00am,USD,Treasury Sec Lew Speaks,Low,,,
2013-04-16,11:00am,USD,FOMC Member Duke Speaks,Medium,,,
2013-04-16,11:30am,CHF,Gov Board Member Danthine Speaks,Low,,,
2013-04-16,2:00pm,USD,FOMC Member Yellen Speaks,Low,,,
2013-04-16,2:00pm,USD,Treasury Sec Lew Speaks,Low,,,
2013-04-17,3:30am,GBP,Claimant Count Change,High,0.0K,-5.3K,
2013-04-17,3:30am,GBP,MPC Asset Purchase Facility Votes,High,3-0-6,3-0-6,
2013-04-17,3:30am,GBP,MPC Official Bank Rate Votes,High,0-0-9,0-0-9,
2013-04-17,3:30am,GBP,Unemployment Rate,Low,7.8%,7.8%,
2013-04-17,3:30am,GBP,Average Earnings Index 3m/y,Medium,1.4%,1.2%,
2013-04-17,4:00am,CHF,UBS Economic Expectations,Low,,2.3,
2013-04-17,4:33am,EUR,German 10-y Bond Auction,Low,,1.36|1.6,
2013-04-17,8:30am,USD,FOMC Member Bullard Speaks,Low,,,
2013-04-17,9:30am,USD,Crude Oil Inventories,Low,1.2M,0.3M,
2013-04-17,11:00am,USD,FOMC Member Rosengren Speaks,Low,,,
2013-04-17,1:00pm,USD,Beige Book,Low,,,
2013-04-17,3:00pm,USD,Treasury Sec Lew Speaks,Low,,,
2013-04-17,6:50pm,JPY,Trade Balance,Low,-0.92T,-1.09T,
2013-04-18,3:44am,EUR,Spanish 10-y Bond Auction,Low,,4.48|2.1,
2013-04-18,4:00am,CHF,Gov Board Member Zurbrugg Speaks,Low,,,
2013-04-18,4:35am,GBP,30-y Bond Auction,Medium,,2.95|1.5,
2013-04-18,7:30am,USD,Unemployment Claims,High,349K,348K,
2013-04-18,9:00am,USD,Philly Fed Manufacturing Index,High,2.7,2.0,
2013-04-18,9:00am,USD,CB Leading Index m/m,Medium,0.1%,0.5%,
2013-04-18,9:30am,USD,Natural Gas Storage,Medium,35B,-14B,
2013-04-18,2:15pm,USD,FOMC Member Raskin Speaks,Low,,,
2013-04-18,11:30pm,JPY,All Industries Activity m/m,Medium,-0.6%,-1.6%,
2013-04-19,3:00am,EUR,Current Account,Low,14.9B,13.8B,
2013-04-19,5:30am,EUR,German Buba President Weidmann Speaks,High,,,
2013-04-19,11:00am,USD,FOMC Member Stein Speaks,Low,,,
2013-04-20,5:40pm,CHF,SNB Chairman Jordan Speaks,High,,,
2013-04-21,12:30pm,EUR,German Buba President Weidmann Speaks,High,,,
2013-04-22,7:30am,USD,FOMC Member Dudley Speaks,Medium,,,
2013-04-22,9:00am,EUR,Consumer Confidence,Medium,-24,-24,
2013-04-22,9:00am,USD,Existing Home Sales,High,5.02M,4.95M,
2013-04-22,1:30pm,GBP,MPC Member Tucker Speaks,Low,,,
2013-04-23,2:00am,EUR,French Flash Manufacturing PMI,High,44.2,44.0,
2013-04-23,2:00am,EUR,French Flash Services PMI,Low,42.3,41.3,
2013-04-23,2:30am,EUR,German Flash Manufacturing PMI,High,49.0,49.0,
2013-04-23,2:30am,EUR,German Flash Services PMI,Low,51.1,50.9,
2013-04-23,3:00am,EUR,Flash Manufacturing PMI,Low,46.8,46.8,
2013-04-23,3:00am,EUR,Flash Services PMI,Low,46.7,46.4,
2013-04-23,3:30am,GBP,Public Sector Net Borrowing,Low,14.3B,7.2B,
2013-04-23,5:00am,GBP,CBI Industrial Order Expectations,Low,-14,-15,
2013-04-23,6:00am,GBP,MPC Member McCafferty Speaks,Low,,,
2013-04-23,8:00am,USD,Flash Manufacturing PMI,Low,53.8,54.6,
2013-04-23,8:00am,USD,HPI m/m,Medium,0.7%,0.6%,
2013-04-23,9:00am,USD,New Home Sales,High,416K,411K,
2013-04-23,9:00am,USD,Richmond Manufacturing Index,Medium,3,3,
2013-04-23,6:50pm,JPY,SPPI y/y,Medium,-0.4%,0.0%,
2013-04-24,3:00am,EUR,German ifo Business Climate,High,106.4,106.7,
2013-04-24,3:00am,EUR,Italian Retail Sales m/m,Medium,0.4%,-0.4%,
2013-04-24,3:30am,GBP,High Street Lending,Low,31.2K,30.6K,
2013-04-24,4:33am,EUR,German 30-y Bond Auction,Medium,,2.45|1.8,
2013-04-24,5:00am,GBP,CBI Realized Sales,Low,7,0,
2013-04-24,7:30am,USD,Core Durable Goods Orders m/m,High,0.5%,-0.7%,
2013-04-24,7:30am,USD,Durable Goods Orders m/m,Low,-2.9%,5.6%,
2013-04-24,8:00am,EUR,Belgian NBB Business Climate,Medium,-14.3,-15.0,
2013-04-24,8:30am,USD,Treasury Sec Lew Speaks,Low,,,
2013-04-24,9:30am,USD,Crude Oil Inventories,Low,1.8M,-1.2M,
2013-04-25,2:00am,EUR,Spanish Unemployment Rate,Low,26.5%,26.0%,
2013-04-25,3:30am,GBP,Prelim GDP q/q,High,0.1%,-0.3%,
2013-04-25,3:30am,GBP,Index of Services 3m/3m,Medium,0.0%,-0.3%,
2013-04-25,7:30am,USD,Unemployment Claims,High,352K,355K,
2013-04-25,9:00am,USD,Treasury Sec Lew Speaks,Low,,,
2013-04-25,9:30am,USD,Natural Gas Storage,Medium,33B,31B,
2013-04-25,6:30pm,JPY,Tokyo Core CPI y/y,Low,-0.4%,-0.5%,
2013-04-25,6:30pm,JPY,National Core CPI y/y,Medium,-0.4%,-0.3%,
2013-04-25,11:35pm,JPY,Monetary Policy Statement,High,,,
2013-04-26,FriApr 26,JPY,BOJ Outlook Report,Low,,,
2013-04-26,2:00am,CHF,KOF Economic Barometer,Low,0.98,1.00,
2013-04-26,2:40am,JPY,BOJ Press Conference,High,,,
2013-04-26,3:00am,CHF,SNB Chairman Jordan Speaks,High,,,
2013-04-26,3:00am,EUR,M3 Money Supply y/y,Low,3.0%,3.1%,
2013-04-26,3:00am,EUR,Private Loans y/y,Medium,-0.8%,-0.8%,
2013-04-26,7:30am,USD,Advance GDP q/q,High,3.1%,0.4%,
2013-04-26,7:30am,USD,Advance GDP Price Index q/q,Low,1.3%,1.0%,
2013-04-26,8:55am,USD,Revised UoM Consumer Sentiment,Low,73.3,72.3,
2013-04-26,8:55am,USD,Revised UoM Inflation Expectations,Medium,,3.0%,
2013-04-29,2:00am,EUR,Spanish Flash CPI y/y,Medium,2.0%,2.4%,
2013-04-29,3:10am,EUR,Retail PMI,Medium,,43.7,
2013-04-29,4:12am,EUR,Italian 10-y Bond Auction,High,,4.66|1.3,
2013-04-29,7:30am,USD,Core PCE Price Index m/m,Low,0.1%,0.1%,
2013-04-29,7:30am,USD,Personal Spending m/m,Low,0.2%,0.7%,
2013-04-29,7:30am,USD,Personal Income m/m,Medium,0.4%,1.1%,
2013-04-29,9:00am,USD,Pending Home Sales m/m,High,1.1%,-1.0%,
2013-04-29,6:01pm,GBP,GfK Consumer Confidence,Medium,-26,-26,
2013-04-29,6:15pm,JPY,Final Manufacturing PMI,Medium,,50.4,
2013-04-29,6:30pm,JPY,Household Spending y/y,Low,1.8%,0.8%,
2013-04-29,6:30pm,JPY,Unemployment Rate,Medium,4.2%,4.3%,
2013-04-29,6:50pm,JPY,Prelim Industrial Production m/m,Low,0.4%,0.6%,
2013-04-29,6:50pm,JPY,Retail Sales y/y,Low,0.5%,-2.2%,
2013-04-30,1:00am,EUR,German GfK Consumer Climate,Low,5.9,6.0,
2013-04-30,1:00am,EUR,German Retail Sales m/m,Low,-0.2%,-0.6%,
2013-04-30,1:45am,EUR,French Consumer Spending m/m,Low,0.2%,-0.2%,
2013-04-30,2:00am,EUR,Spanish Flash GDP q/q,Low,-0.5%,-0.8%,
2013-04-30,2:55am,EUR,German Unemployment Change,Low,2K,12K,
2013-04-30,3:00am,EUR,Italian Monthly Unemployment Rate,Medium,11.7%,11.5%,
2013-04-30,3:30am,GBP,Net Lending to Individuals m/m,Low,0.9B,1.3B,
2013-04-30,3:30am,GBP,M4 Money Supply m/m,Medium,0.4%,-0.5%,
2013-04-30,3:30am,GBP,Mortgage Approvals,Medium,53K,52K,
2013-04-30,4:00am,EUR,CPI Flash Estimate y/y,Low,1.6%,1.7%,
2013-04-30,4:00am,EUR,Unemployment Rate,Low,12.1%,12.0%,
2013-04-30,4:00am,EUR,Core CPI Flash Estimate y/y,Medium,,1.5%,
2013-04-30,4:00am,EUR,Italian Prelim CPI m/m,Medium,0.3%,0.2%,
2013-04-30,7:30am,USD,Employment Cost Index q/q,Low,0.5%,0.5%,
2013-04-30,8:00am,USD,S&P/CS Composite-20 HPI y/y,Low,9.1%,8.1%,
2013-04-30,8:45am,USD,Chicago PMI,Low,52.5,52.4,
2013-04-30,9:00am,USD,CB Consumer Confidence,High,61.4,61.9,
2013-04-30,8:30pm,JPY,Average Cash Earnings y/y,Low,-1.0%,-0.8%,
2013-04-30,10:45pm,JPY,10-y Bond Auction,Medium,,0.55|3.2,
2013-05-01,All Day,CHF,Bank Holiday,Low,,,
2013-05-01,All Day,EUR,German Bank Holiday,Low,,,
2013-05-01,All Day,EUR,French Bank Holiday,Low,,,
2013-05-01,All Day,EUR,Italian Bank Holiday,Low,,,
2013-05-01,3:30am,GBP,Final Manufacturing PMI,High,48.6,48.6,
2013-05-01,7:15am,USD,ADP Non-Farm Employment Change,High,154K,131K,
2013-05-01,8:00am,USD,Final Manufacturing PMI,Medium,52.1,52.0,
2013-05-01,9:00am,USD,ISM Manufacturing PMI,High,51.0,51.3,
2013-05-01,9:00am,USD,Construction Spending m/m,Medium,0.7%,1.5%,
2013-05-01,9:00am,USD,ISM Manufacturing Prices,Medium,52.6,54.5,
2013-05-01,9:30am,USD,Crude Oil Inventories,Low,1.2M,0.9M,
2013-05-01,All Day,USD,Total Vehicle Sales,Medium,15.2M,15.3M,
2013-05-01,1:00pm,GBP,MPC Member Broadbent Speaks,Low,,,
2013-05-01,1:00pm,USD,FOMC Statement,High,,,
2013-05-01,1:00pm,USD,Federal Funds Rate,Low,<0.25%,<0.25%,
2013-05-01,6:50pm,JPY,Monetary Policy Meeting Minutes,High,,,
2013-05-01,6:50pm,JPY,Monetary Base y/y,Low,21.0%,19.8%,
2013-05-02,2:30am,CHF,Manufacturing PMI,Low,49.1,48.3,
2013-05-02,2:45am,EUR,Italian Manufacturing PMI,Low,44.9,44.5,
2013-05-02,2:50am,EUR,French Final Manufacturing PMI,Medium,44.4,44.4,
2013-05-02,2:55am,EUR,German Final Manufacturing PMI,Medium,47.9,47.9,
2013-05-02,3:00am,EUR,Final Manufacturing PMI,Medium,46.5,46.5,
2013-05-02,3:30am,GBP,Construction PMI,High,48.1,47.2,
2013-05-02,4:00am,EUR,French 10-y Bond Auction,Low,,1.94|3.1,
2013-05-02,6:30am,USD,Challenger Job Cuts y/y,Medium,,30.0%,
2013-05-02,6:45am,EUR,Main Refinancing Rate,High,0.50%,0.75%,
2013-05-02,7:30am,EUR,ECB Press Conference,High,,,
2013-05-02,7:30am,USD,Trade Balance,High,-42.1B,-43.6B,
2013-05-02,7:30am,USD,Unemployment Claims,High,346K,342K,
2013-05-02,7:30am,USD,Prelim Nonfarm Productivity q/q,Low,1.8%,-1.9%,
2013-05-02,7:30am,USD,Prelim Unit Labor Costs q/q,Low,0.8%,4.6%,
2013-05-02,9:30am,USD,Natural Gas Storage,Medium,27B,30B,
2013-05-02,All Day,JPY,Bank Holiday,Low,,,
2013-05-03,4:00am,EUR,EU Economic Forecasts,Low,,,
2013-05-03,4:00am,EUR,PPI m/m,Medium,-0.1%,0.2%,
2013-05-03,7:30am,USD,Non-Farm Employment Change,High,146K,138K,
2013-05-03,7:30am,USD,Unemployment Rate,High,7.6%,7.6%,
2013-05-03,7:30am,USD,Average Hourly Earnings m/m,Low,0.2%,0.0%,
2013-05-03,9:00am,USD,ISM Services PMI,High,54.1,54.4,
2013-05-03,9:00am,USD,Factory Orders m/m,Low,-2.8%,1.9%,
2013-05-03,11:30am,USD,FOMC Member Tarullo Speaks,Medium,,,
2013-05-06,All Day,GBP,Bank Holiday,Low,,,
2013-05-06,2:15am,EUR,Spanish Services PMI,Low,45.8,45.3,
2013-05-06,2:45am,EUR,Italian Services PMI,Low,46.3,45.5,
2013-05-06,2:50am,EUR,French Final Services PMI,Medium,44.1,44.1,
2013-05-06,2:55am,EUR,German Final Services PMI,Medium,49.2,49.2,
2013-05-06,3:00am,EUR,Final Services PMI,Medium,46.6,46.6,
2013-05-06,3:30am,EUR,Sentix Investor Confidence,Medium,-14.6,-17.3,
2013-05-06,4:00am,EUR,Retail Sales m/m,Low,-0.1%,-0.2%,
2013-05-06,8:00am,EUR,ECB President Draghi Speaks,High,,,
2013-05-06,1:00pm,USD,Loan Officer Survey,Medium,,,
2013-05-06,6:00pm,GBP,BRC Shop Price Index y/y,Medium,,1.4%,
2013-05-07,TueMay 7,CHF,Unemployment Rate,Medium,3.1%,3.1%,
2013-05-07,1:45am,EUR,French Industrial Production m/m,Low,-0.2%,0.8%,
2013-05-07,1:45am,EUR,French Gov Budget Balance,Medium,,-27.1B,
2013-05-07,1:45am,EUR,French Trade Balance,Medium,-5.3B,-5.6B,
2013-05-07,2:00am,CHF,Foreign Currency Reserves,High,,438B,
2013-05-07,5:00am,EUR,German Factory Orders m/m,Low,-0.4%,2.2%,
2013-05-07,9:00am,USD,JOLTS Job Openings,Low,3.79M,3.90M,
2013-05-07,9:00am,USD,RCM/TIPP Economic Optimism,Medium,47.1,46.2,
2013-05-07,2:00pm,USD,Consumer Credit m/m,Medium,16.2B,18.6B,
2013-05-07,3:00pm,USD,Treasury Sec Lew Speaks,Low,,,
2013-05-07,6:00pm,GBP,BRC Retail Sales Monitor y/y,Low,,1.9%,
2013-05-08,2:00am,GBP,Halifax HPI m/m,Low,0.2%,0.4%,
2013-05-08,2:15am,CHF,CPI m/m,High,0.1%,0.2%,
2013-05-08,5:00am,EUR,German Industrial Production m/m,Low,-0.1%,0.6%,
2013-05-08,7:30am,USD,FOMC Member Stein Speaks,Low,,,
2013-05-08,9:30am,USD,Crude Oil Inventories,Low,2.1M,6.7M,
2013-05-08,12:00pm,USD,10-y Bond Auction,Low,,1.80|2.8,
2013-05-08,2:00pm,USD,Treasury Sec Lew Speaks,Low,,,
2013-05-09,All Day,CHF,Bank Holiday,Low,,,
2013-05-09,All Day,EUR,German Bank Holiday,Low,,,
2013-05-09,All Day,EUR,French Bank Holiday,Low,,,
2013-05-09,3:00am,EUR,ECB Monthly Bulletin,Low,,,
2013-05-09,3:30am,GBP,Manufacturing Production m/m,High,0.4%,0.7%,
2013-05-09,3:30am,GBP,Industrial Production m/m,Medium,0.3%,0.9%,
2013-05-09,6:00am,GBP,Asset Purchase Facility,High,375B,375B,
2013-05-09,6:00am,GBP,Official Bank Rate,High,0.50%,0.50%,
2013-05-09,7:30am,USD,Unemployment Claims,High,333K,327K,
2013-05-09,9:00am,GBP,NIESR GDP Estimate,Low,,0.3%,
2013-05-09,9:00am,USD,Mortgage Delinquencies,Low,,7.09%,
2013-05-09,9:00am,USD,Final Wholesale Inventories m/m,Medium,0.3%,-0.3%,
2013-05-09,9:30am,USD,Natural Gas Storage,Medium,80B,43B,
2013-05-09,12:00pm,USD,30-y Bond Auction,Medium,,3.00|2.5,
2013-05-09,6:50pm,JPY,Current Account,High,0.48T,-0.03T,
2013-05-09,6:50pm,JPY,Bank Lending y/y,Medium,,1.5%,
2013-05-10,1:00am,EUR,German Trade Balance,Low,18.0B,17.7B,
2013-05-10,3:00am,EUR,Italian Industrial Production m/m,Medium,-0.2%,-0.9%,
2013-05-10,3:30am,GBP,Goods Trade Balance,Low,-8.9B,-9.2B,
2013-05-10,7:25am,USD,FOMC Member Evans Speaks,Low,,,
2013-05-10,8:30am,USD,Fed Chairman Bernanke Speaks,High,,,
2013-05-10,12:59pm,USD,Federal Budget Balance,Low,108.3B,-106.5B,
2013-05-10,1:00pm,USD,FOMC Member George Speaks,Low,,,
2013-05-12,6:50pm,JPY,M2 Money Stock y/y,Medium,3.1%,3.1%,
2013-05-13,2:15am,CHF,Retail Sales y/y,Low,1.0%,2.3%,
2013-05-13,All Day,EUR,Eurogroup Meetings,High,,,
2013-05-13,7:30am,USD,Core Retail Sales m/m,High,-0.1%,-0.4%,
2013-05-13,7:30am,USD,Retail Sales m/m,High,-0.3%,-0.5%,
2013-05-13,9:00am,USD,Business Inventories m/m,Low,0.3%,0.0%,
2013-05-13,6:01pm,GBP,RICS House Price Balance,Medium,2%,-2%,
2013-05-13,6:50pm,JPY,PPI y/y,Medium,-0.2%,-0.5%,
2013-05-13,10:45pm,JPY,30-y Bond Auction,Medium,,1.49|3.6,
2013-05-14,TueMay 14,EUR,German WPI m/m,Medium,-0.3%,-0.2%,
2013-05-14,TueMay 14,JPY,Prelim Machine Tool Orders y/y,Medium,,-21.5%,
2013-05-14,4:00am,EUR,German ZEW Economic Sentiment,High,39.5,36.3,
2013-05-14,4:00am,EUR,Industrial Production m/m,Low,0.6%,0.3%,
2013-05-14,4:00am,EUR,ZEW Economic Sentiment,Low,27.3,24.9,
2013-05-14,4:00am,GBP,CB Leading Index m/m,Medium,,0.4%,
2013-05-14,All Day,EUR,ECOFIN Meetings,Low,,,
2013-05-14,6:30am,USD,NFIB Small Business Index,Medium,89.9,89.5,
2013-05-14,7:30am,USD,Import Prices m/m,Low,-0.5%,-0.2%,
2013-05-14,6:50pm,JPY,Tertiary Industry Activity m/m,Low,-0.6%,1.2%,
2013-05-15,12:30am,EUR,French Prelim GDP q/q,Low,-0.1%,-0.2%,
2013-05-15,1:00am,EUR,German Prelim GDP q/q,High,0.3%,-0.7%,
2013-05-15,1:45am,EUR,French Final CPI m/m,Medium,0.1%,0.8%,
2013-05-15,2:15am,CHF,PPI m/m,Low,-0.2%,0.0%,
2013-05-15,3:00am,EUR,Italian Prelim GDP q/q,Low,-0.4%,-0.9%,
2013-05-15,3:30am,GBP,Claimant Count Change,High,-3.1K,-9.9K,
2013-05-15,3:30am,GBP,Average Earnings Index 3m/y,Low,0.7%,1.0%,
2013-05-15,3:30am,GBP,Unemployment Rate,Low,7.9%,7.9%,
2013-05-15,4:00am,CHF,UBS Economic Expectations,Low,,20.0,
2013-05-15,4:00am,EUR,Flash GDP q/q,High,-0.1%,-0.6%,
2013-05-15,4:30am,GBP,BOE Gov King Speaks,High,,,
2013-05-15,4:30am,GBP,BOE Monetary Policy Report,High,,,
2013-05-15,7:30am,USD,PPI m/m,High,-0.6%,-0.6%,
2013-05-15,7:30am,USD,Core PPI m/m,Low,0.1%,0.2%,
2013-05-15,7:30am,USD,Empire State Manufacturing Index,Low,3.6,3.1,
2013-05-15,8:00am,USD,TIC Long-Term Purchases,Low,33.8B,-13.3B,
2013-05-15,8:15am,USD,Capacity Utilization Rate,Low,78.4%,78.3%,
2013-05-15,8:15am,USD,Industrial Production m/m,Low,-0.1%,0.3%,
2013-05-15,9:00am,USD,NAHB Housing Market Index,Medium,43,41,
2013-05-15,9:30am,USD,Crude Oil Inventories,Low,0.5M,0.2M,
2013-05-15,6:50pm,JPY,Prelim GDP q/q,Low,0.7%,0.0%,
2013-05-15,6:50pm,JPY,Prelim GDP Price Index y/y,Medium,-1.0%,-0.7%,
2013-05-15,11:30pm,JPY,Revised Industrial Production m/m,Medium,0.2%,0.2%,
2013-05-16,3:00am,EUR,Italian Trade Balance,Medium,1.72B,1.09B,
2013-05-16,4:00am,EUR,Final CPI y/y,Low,1.2%,1.2%,
2013-05-16,4:00am,EUR,Final Core CPI y/y,Medium,1.0%,1.0%,
2013-05-16,4:00am,EUR,Trade Balance,Medium,11.8B,12.7B,
2013-05-16,4:39am,GBP,30-y Bond Auction,Medium,,3.12|1.7,
2013-05-16,6:45am,USD,FOMC Member Rosengren Speaks,Low,,,
2013-05-16,7:30am,USD,Building Permits,High,0.94M,0.89M,
2013-05-16,7:30am,USD,Core CPI m/m,High,0.2%,0.1%,
2013-05-16,7:30am,USD,CPI y/y,High,1.3%,1.5%,
2013-05-16,7:30am,USD,Unemployment Claims,High,332K,328K,
2013-05-16,7:30am,USD,CPI m/m,Low,-0.3%,-0.2%,
2013-05-16,7:30am,USD,Housing Starts,Low,0.98M,1.02M,
2013-05-16,9:00am,USD,Philly Fed Manufacturing Index,High,2.5,1.3,
2013-05-16,9:30am,USD,Natural Gas Storage,Medium,96B,88B,
2013-05-16,11:30am,USD,FOMC Member Raskin Speaks,Low,,,
2013-05-16,6:50pm,JPY,Core Machinery Orders m/m,Low,3.1%,7.5%,
2013-05-17,8:55am,USD,Prelim UoM Consumer Sentiment,High,77.9,76.4,
2013-05-17,8:55am,USD,Prelim UoM Inflation Expectations,Medium,,3.1%,
2013-05-17,9:00am,USD,CB Leading Index m/m,Medium,0.3%,-0.2%,
2013-05-19,6:01pm,GBP,Rightmove HPI m/m,Medium,,2.1%,
2013-05-20,All Day,EUR,German Bank Holiday,Low,,,
2013-05-20,All Day,EUR,French Bank Holiday,Low,,,
2013-05-20,12:00pm,USD,FOMC Member Evans Speaks,Low,,,
2013-05-20,11:33pm,JPY,All Industries Activity m/m,Medium,-0.3%,0.6%,
2013-05-21,3:30am,GBP,CPI y/y,High,2.6%,2.8%,
2013-05-21,3:30am,GBP,PPI Input m/m,Low,-1.2%,0.1%,
2013-05-21,3:30am,GBP,RPI y/y,Low,3.1%,3.3%,
2013-05-21,3:30am,GBP,Core CPI y/y,Medium,2.3%,2.4%,
2013-05-21,3:30am,GBP,ONS HPI y/y,Medium,2.3%,1.9%,
2013-05-21,3:30am,GBP,PPI Output m/m,Medium,0.2%,0.2%,
2013-05-21,5:00am,EUR,German Buba Monthly Report,Low,,,
2013-05-21,9:00am,USD,Treasury Sec Lew Speaks,Low,,,
2013-05-21,10:30am,USD,FOMC Member Bullard Speaks,Low,,,
2013-05-21,12:00pm,USD,FOMC Member Dudley Speaks,Medium,,,
2013-05-21,6:50pm,JPY,Trade Balance,Low,-0.63T,-0.92T,
2013-05-21,10:07pm,JPY,Monetary Policy Statement,High,,,
2013-05-22,3:00am,EUR,Current Account,Low,14.2B,14.6B,
2013-05-22,3:30am,GBP,MPC Asset Purchase Facility Votes,High,3-0-6,3-0-6,
2013-05-22,3:30am,GBP,MPC Official Bank Rate Votes,High,0-0-9,0-0-9,
2013-05-22,3:30am,GBP,Retail Sales m/m,High,0.0%,-0.6%,
2013-05-22,3:30am,GBP,Public Sector Net Borrowing,Low,7.6B,12.6B,
2013-05-22,All Day,EUR,EU Economic Summit,Low,,,
2013-05-22,4:33am,EUR,German 10-y Bond Auction,Low,,1.28|1.6,
2013-05-22,5:00am,CHF,SNB Chairman Jordan Speaks,High,,,
2013-05-22,5:00am,GBP,CBI Industrial Order Expectations,Low,-18,-25,
2013-05-22,6:00am,GBP,MPC Member Bean Speaks,Low,,,
2013-05-22,9:00am,USD,Existing Home Sales,High,4.99M,4.94M,
2013-05-22,9:00am,USD,Fed Chairman Bernanke Testifies,High,,,
2013-05-22,9:00am,USD,Treasury Sec Lew Speaks,Medium,,,
2013-05-22,9:30am,USD,Crude Oil Inventories,Low,-0.4M,-0.6M,
2013-05-22,1:00pm,USD,FOMC Meeting Minutes,High,,,
2013-05-23,2:00am,EUR,French Flash Manufacturing PMI,High,44.8,44.4,
2013-05-23,2:00am,EUR,French Flash Services PMI,Low,44.7,44.3,
2013-05-23,2:30am,EUR,German Flash Manufacturing PMI,High,48.6,48.1,
2013-05-23,2:30am,EUR,German Flash Services PMI,Low,50.2,49.6,
2013-05-23,3:00am,EUR,Flash Manufacturing PMI,Low,47.1,46.7,
2013-05-23,3:00am,EUR,Flash Services PMI,Low,47.4,47.0,
2013-05-23,3:00am,EUR,Italian Retail Sales m/m,Medium,0.3%,-0.2%,
2013-05-23,3:30am,GBP,Second Estimate GDP q/q,High,0.3%,0.3%,
2013-05-23,3:30am,GBP,Prelim Business Investment q/q,Low,1.7%,-0.8%,
2013-05-23,3:30am,GBP,Index of Services 3m/3m,Medium,0.7%,0.1%,
2013-05-23,5:05am,USD,FOMC Member Bullard Speaks,Low,,,
2013-05-23,7:30am,USD,Unemployment Claims,High,347K,363K,
2013-05-23,8:00am,USD,Flash Manufacturing PMI,Low,51.6,52.1,
2013-05-23,8:00am,USD,HPI m/m,Medium,0.9%,0.9%,
2013-05-23,9:00am,EUR,Consumer Confidence,Medium,-22,-22,
2013-05-23,9:00am,USD,New Home Sales,High,429K,444K,
2013-05-23,9:30am,USD,Natural Gas Storage,Medium,90B,99B,
2013-05-23,4:30pm,EUR,ECB President Draghi Speaks,High,,,
2013-05-23,9:55pm,JPY,BOJ Gov Kuroda Speaks,High,,,
2013-05-24,FriMay 24,EUR,German Final GDP q/q,Medium,0.1%,0.1%,
2013-05-24,2:00am,GBP,MPC Member Fisher Speaks,Low,,,
2013-05-24,3:00am,EUR,German ifo Business Climate,High,104.6,104.4,
2013-05-24,3:30am,GBP,High Street Lending,Low,32.7K,31.4K,
2013-05-24,5:00am,EUR,German Buba President Weidmann Speaks,Low,,,
2013-05-24,7:30am,USD,Core Durable Goods Orders m/m,High,0.6%,-1.5%,
2013-05-24,7:30am,USD,Durable Goods Orders m/m,Low,1.6%,-6.9%,
2013-05-24,8:00am,EUR,Belgian NBB Business Climate,Medium,-13.4,-14.7,
2013-05-27,All Day,USD,Bank Holiday,Low,,,
2013-05-27,6:50pm,JPY,SPPI y/y,Medium,-0.2%,-0.2%,
2013-05-28,TueMay 28,EUR,German Import Prices m/m,Medium,-0.2%,-0.1%,
2013-05-28,2:15am,CHF,Employment Level,Low,4.11M,4.12M,
2013-05-28,8:00am,USD,S&P/CS Composite-20 HPI y/y,Low,10.2%,9.4%,
2013-05-28,9:00am,USD,CB Consumer Confidence,High,70.7,69.0,
2013-05-28,9:00am,USD,Richmond Manufacturing Index,Medium,2,-6,
2013-05-28,12:00pm,GBP,MPC Member Tucker Speaks,Low,,,
2013-05-28,6:50pm,JPY,Retail Sales y/y,Low,-0.4%,-0.3%,
2013-05-28,7:00pm,JPY,BOJ Gov Kuroda Speaks,High,,,
2013-05-29,All Day,EUR,German Prelim CPI m/m,Low,0.2%,-0.5%,
2013-05-29,2:55am,EUR,German Unemployment Change,Low,4K,6K,
2013-05-29,3:00am,EUR,M3 Money Supply y/y,Low,2.9%,2.6%,
2013-05-29,3:02am,EUR,Private Loans y/y,Medium,-0.4%,-0.7%,
2013-05-29,4:30am,GBP,MPC Member Bean Speaks,Low,,,
2013-05-29,5:00am,EUR,ECB Financial Stability Review,Medium,,,
2013-05-29,5:00am,GBP,CBI Realized Sales,Low,4,-1,
2013-05-29,12:00pm,USD,FOMC Member Rosengren Speaks,Low,,,
2013-05-30,1:00am,GBP,Nationwide HPI m/m,Low,0.5%,0.0%,
2013-05-30,2:00am,EUR,Spanish Flash CPI y/y,Medium,1.6%,1.4%,
2013-05-30,3:10am,EUR,Retail PMI,Medium,,44.2,
2013-05-30,4:13am,EUR,Italian 10-y Bond Auction,Low,,3.94|1.4,
2013-05-30,7:30am,USD,Prelim GDP q/q,High,2.5%,2.5%,
2013-05-30,7:30am,USD,Unemployment Claims,High,342K,344K,
2013-05-30,7:30am,USD,Prelim GDP Price Index q/q,Medium,1.2%,1.2%,
2013-05-30,9:00am,USD,Pending Home Sales m/m,High,1.3%,1.5%,
2013-05-30,9:30am,USD,Natural Gas Storage,Medium,85B,89B,
2013-05-30,10:00am,USD,Crude Oil Inventories,Low,-0.8M,-0.3M,
2013-05-30,6:01pm,GBP,GfK Consumer Confidence,Medium,-25,-27,
2013-05-30,6:15pm,JPY,Final Manufacturing PMI,Medium,,51.1,
2013-05-30,6:30pm,JPY,Household Spending y/y,Low,3.1%,5.2%,
2013-05-30,6:30pm,JPY,Tokyo Core CPI y/y,Low,-0.2%,-0.3%,
2013-05-30,6:30pm,JPY,National Core CPI y/y,Medium,-0.4%,-0.5%,
2013-05-30,6:30pm,JPY,Unemployment Rate,Medium,4.1%,4.1%,
2013-05-30,6:50pm,JPY,Prelim Industrial Production m/m,Low,0.8%,0.2%,
2013-05-31,1:00am,EUR,German Retail Sales m/m,Low,0.3%,-0.5%,
2013-05-31,1:45am,EUR,French Consumer Spending m/m,Low,-0.5%,1.3%,
2013-05-31,2:00am,CHF,KOF Economic Barometer,Low,1.08,1.04,
2013-05-31,3:00am,EUR,Italian Quarterly Unemployment Rate,Low,11.2%,11.4%,
2013-05-31,3:00am,EUR,Italian Monthly Unemployment Rate,Medium,11.6%,11.9%,
2013-05-31,3:30am,GBP,M4 Money Supply m/m,Medium,0.1%,-0.9%,
2013-05-31,3:30am,GBP,Mortgage Approvals,Medium,55K,54K,
2013-05-31,3:33am,GBP,Net Lending to Individuals m/m,Low,0.9B,1.1B,
2013-05-31,4:00am,EUR,CPI Flash Estimate y/y,Low,1.4%,1.2%,
2013-05-31,4:00am,EUR,Unemployment Rate,Low,12.2%,12.1%,
2013-05-31,4:00am,EUR,Core CPI Flash Estimate y/y,Medium,,1.0%,
2013-05-31,4:00am,EUR,Italian Prelim CPI m/m,Medium,0.1%,0.0%,
2013-05-31,7:30am,USD,Core PCE Price Index m/m,Low,0.1%,0.1%,
2013-05-31,7:30am,USD,Personal Spending m/m,Low,0.2%,0.1%,
2013-05-31,7:30am,USD,Personal Income m/m,Medium,0.2%,0.3%,
2013-05-31,8:45am,USD,Chicago PMI,Low,50.3,49.0,
2013-05-31,8:55am,USD,Revised UoM Consumer Sentiment,Low,84.1,83.7,
2013-05-31,8:55am,USD,Revised UoM Inflation Expectations,Medium,,3.2%,
2013-06-02,6:50pm,JPY,Capital Spending q/y,Low,-5.5%,-8.7%,
2013-06-02,8:50pm,USD,FOMC Member Yellen Speaks,Low,,,
2013-06-03,2:15am,EUR,Spanish Manufacturing PMI,Low,45.5,44.7,
2013-06-03,2:30am,CHF,Manufacturing PMI,Low,50.9,50.2,
2013-06-03,2:45am,EUR,Italian Manufacturing PMI,Low,46.2,45.5,
2013-06-03,2:50am,EUR,French Final Manufacturing PMI,Medium,45.5,45.5,
2013-06-03,2:55am,EUR,German Final Manufacturing PMI,Medium,49.0,49.0,
2013-06-03,3:00am,EUR,Final Manufacturing PMI,Medium,47.8,47.8,
2013-06-03,3:30am,GBP,Final Manufacturing PMI,High,50.3,50.2,
2013-06-03,8:00am,USD,Final Manufacturing PMI,Medium,52.0,51.9,
2013-06-03,9:00am,USD,ISM Manufacturing PMI,High,50.6,50.7,
2013-06-03,9:00am,USD,Construction Spending m/m,Medium,1.1%,-0.8%,
2013-06-03,9:00am,USD,ISM Manufacturing Prices,Medium,49.6,50.0,
2013-06-03,All Day,USD,Total Vehicle Sales,Medium,15.2M,14.9M,
2013-06-03,6:01pm,GBP,BRC Retail Sales Monitor y/y,Low,,-2.2%,
2013-06-03,6:50pm,JPY,Monetary Base y/y,Medium,24.3%,23.1%,
2013-06-03,8:30pm,JPY,Average Cash Earnings y/y,Low,0.6%,-0.9%,
2013-06-03,10:45pm,JPY,10-y Bond Auction,Medium,,0.60|3.7,
2013-06-04,3:30am,GBP,Construction PMI,High,49.7,49.4,
2013-06-04,4:00am,EUR,PPI m/m,Medium,-0.2%,-0.2%,
2013-06-04,7:30am,USD,Trade Balance,High,-41.1B,-37.1B,
2013-06-04,9:00am,USD,RCM/TIPP Economic Optimism,Medium,50.2,45.1,
2013-06-04,11:30am,USD,FOMC Member Raskin Speaks,Low,,,
2013-06-04,1:15pm,USD,FOMC Member George Speaks,Low,,,
2013-06-04,6:00pm,GBP,BRC Shop Price Index y/y,Medium,,0.4%,
2013-06-05,2:45am,EUR,Italian Services PMI,Low,47.5,47.0,
2013-06-05,2:50am,EUR,French Final Services PMI,Medium,44.3,44.3,
2013-06-05,2:55am,EUR,German Final Services PMI,Medium,49.8,49.8,
2013-06-05,3:00am,EUR,Final Services PMI,Medium,47.5,47.5,
2013-06-05,3:30am,GBP,Final Services PMI,High,53.1,52.9,
2013-06-05,4:00am,EUR,Retail Sales m/m,Low,-0.2%,-0.2%,
2013-06-05,4:00am,EUR,Revised GDP q/q,Medium,-0.2%,-0.2%,
2013-06-05,7:15am,USD,ADP Non-Farm Employment Change,High,171K,113K,
2013-06-05,7:30am,USD,Revised Nonfarm Productivity q/q,Low,0.7%,0.7%,
2013-06-05,7:30am,USD,Revised Unit Labor Costs q/q,Medium,0.5%,0.5%,
2013-06-05,9:00am,USD,ISM Services PMI,High,53.4,53.1,
2013-06-05,9:00am,USD,Factory Orders m/m,Low,1.6%,-4.9%,
2013-06-05,9:30am,USD,Crude Oil Inventories,Low,-0.8M,3.0M,
2013-06-05,1:00pm,USD,Beige Book,Low,,,
2013-06-05,10:45pm,JPY,30-y Bond Auction,Medium,,1.78|3.6,
2013-06-06,2:15am,CHF,CPI m/m,High,0.1%,0.0%,
2013-06-06,3:43am,EUR,Spanish 10-y Bond Auction,Low,,4.61|2.6,
2013-06-06,3:59am,EUR,French 10-y Bond Auction,Low,,1.81|2.0,
2013-06-06,5:00am,EUR,German Factory Orders m/m,Low,-1.0%,2.3%,
2013-06-06,6:00am,GBP,Asset Purchase Facility,High,375B,375B,
2013-06-06,6:00am,GBP,Official Bank Rate,High,0.50%,0.50%,
2013-06-06,6:30am,USD,Challenger Job Cuts y/y,Medium,,-6.0%,
2013-06-06,6:45am,EUR,Main Refinancing Rate,High,0.50%,0.50%,
2013-06-06,7:30am,EUR,ECB Press Conference,High,,,
2013-06-06,7:30am,USD,Unemployment Claims,High,345K,357K,
2013-06-06,9:30am,USD,Natural Gas Storage,Medium,101B,88B,
2013-06-07,1:00am,EUR,German Trade Balance,Low,16.5B,17.6B,
2013-06-07,1:45am,EUR,French Gov Budget Balance,Medium,,-31.0B,
2013-06-07,1:45am,EUR,French Trade Balance,Medium,-4.4B,-4.5B,
2013-06-07,2:00am,CHF,Foreign Currency Reserves,Low,,436B,
2013-06-07,3:30am,GBP,Consumer Inflation Expectations,Low,,3.6%,
2013-06-07,3:30am,GBP,Goods Trade Balance,Low,-8.8B,-9.2B,
2013-06-07,5:00am,EUR,German Industrial Production m/m,Low,0.0%,1.2%,
2013-06-07,7:30am,USD,Non-Farm Employment Change,High,167K,149K,
2013-06-07,7:30am,USD,Unemployment Rate,High,7.5%,7.5%,
2013-06-07,7:30am,USD,Average Hourly Earnings m/m,Low,0.2%,0.2%,
2013-06-07,2:00pm,USD,Consumer Credit m/m,Medium,13.4B,8.4B,
2013-06-09,6:50pm,JPY,Current Account,High,0.39T,0.34T,
2013-06-09,6:50pm,JPY,Final GDP q/q,Low,0.9%,0.9%,
2013-06-09,6:50pm,JPY,Bank Lending y/y,Medium,,1.7%,
2013-06-09,6:50pm,JPY,Final GDP Price Index y/y,Medium,-1.2%,-1.2%,
2013-06-10,12:45am,CHF,Unemployment Rate,Medium,3.2%,3.1%,
2013-06-10,1:00am,JPY,Economy Watchers Sentiment,Medium,56.3,56.5,
2013-06-10,1:45am,EUR,French Industrial Production m/m,Low,0.2%,-0.6%,
2013-06-10,2:15am,CHF,Retail Sales y/y,Low,2.5%,-0.8%,
2013-06-10,3:00am,EUR,Italian Industrial Production m/m,Medium,0.1%,-0.9%,
2013-06-10,3:30am,EUR,Sentix Investor Confidence,Medium,-10.0,-15.6,
2013-06-10,8:50am,USD,FOMC Member Bullard Speaks,Low,,,
2013-06-10,2:00pm,CHF,Gov Board Member Danthine Speaks,Low,,,
2013-06-10,6:01pm,GBP,RICS House Price Balance,Medium,2%,1%,
2013-06-10,6:50pm,JPY,BSI Manufacturing Index,Low,-2.1,-4.6,
2013-06-10,6:50pm,JPY,M2 Money Stock y/y,Medium,3.5%,3.2%,
2013-06-10,9:48pm,JPY,Monetary Policy Statement,High,,,
2013-06-11,1:04am,JPY,Prelim Machine Tool Orders y/y,Medium,,-23.6%,
2013-06-11,2:37am,JPY,BOJ Press Conference,High,,,
2013-06-11,Day 1,EUR,German Constitutional Court Ruling,High,,,
2013-06-11,3:30am,GBP,Manufacturing Production m/m,High,0.0%,1.1%,
2013-06-11,3:30am,GBP,Industrial Production m/m,Medium,-0.4%,0.7%,
2013-06-11,4:35am,GBP,10-y Bond Auction,Medium,,1.73|1.7,
2013-06-11,6:30am,USD,NFIB Small Business Index,Medium,93.4,92.1,
2013-06-11,9:00am,GBP,NIESR GDP Estimate,Low,,1.0%,
2013-06-11,9:00am,USD,JOLTS Job Openings,Low,3.88M,3.88M,
2013-06-11,9:00am,USD,Final Wholesale Inventories m/m,Medium,0.1%,0.3%,
2013-06-11,6:50pm,JPY,Core Machinery Orders m/m,Low,-8.3%,14.2%,
2013-06-11,6:50pm,JPY,PPI y/y,Medium,0.7%,0.1%,
2013-06-12,12:30am,EUR,French Final Private Payrolls q/q,Medium,-0.1%,-0.1%,
2013-06-12,1:00am,EUR,German Final CPI m/m,Medium,0.4%,0.4%,
2013-06-12,1:45am,EUR,French Final CPI m/m,Medium,0.3%,-0.1%,
2013-06-12,Day 2,EUR,German Constitutional Court Ruling,High,,,
2013-06-12,3:30am,GBP,Claimant Count Change,High,-6.8K,-11.8K,
2013-06-12,3:30am,GBP,Average Earnings Index 3m/y,Low,0.3%,0.6%,
2013-06-12,3:30am,GBP,Unemployment Rate,Low,7.8%,7.8%,
2013-06-12,4:00am,EUR,Industrial Production m/m,Low,-0.2%,0.9%,
2013-06-12,4:00am,GBP,MPC Member Fisher Speaks,Low,,,
2013-06-12,9:30am,USD,Crude Oil Inventories,Low,-1.4M,-6.3M,
2013-06-12,12:00pm,USD,10-y Bond Auction,Low,,1.81|2.7,
2013-06-12,12:52pm,USD,Federal Budget Balance,Low,-110.2B,112.9B,
2013-06-13,2:15am,CHF,PPI m/m,Low,0.1%,0.2%,
2013-06-13,3:00am,EUR,ECB Monthly Bulletin,Low,,,
2013-06-13,7:15am,GBP,MPC Member Tucker Speaks,Low,,,
2013-06-13,7:30am,USD,Core Retail Sales m/m,High,0.3%,0.0%,
2013-06-13,7:30am,USD,Retail Sales m/m,High,0.4%,0.1%,
2013-06-13,7:30am,USD,Unemployment Claims,High,354K,346K,
2013-06-13,7:30am,USD,Import Prices m/m,Low,0.0%,-0.7%,
2013-06-13,9:00am,USD,Business Inventories m/m,Low,0.3%,-0.1%,
2013-06-13,9:30am,USD,Natural Gas Storage,Medium,96B,111B,
2013-06-13,12:00pm,EUR,German Buba President Weidmann Speaks,Low,,,
2013-06-13,12:00pm,USD,30-y Bond Auction,Low,,2.98|2.5,
2013-06-13,6:50pm,JPY,Monetary Policy Meeting Minutes,Low,,,
2013-06-14,FriJun 14,EUR,Final Core CPI y/y,Medium,1.2%,1.2%,
2013-06-14,FriJun 14,EUR,Final Employment Change q/q,Medium,-0.2%,-0.3%,
2013-06-14,FriJun 14,GBP,CB Leading Index m/m,Medium,,0.4%,
2013-06-14,4:50am,GBP,MPC Member McCafferty Speaks,Low,,,
2013-06-14,7:30am,USD,PPI m/m,High,0.1%,-0.7%,
2013-06-14,7:30am,USD,Core PPI m/m,Low,0.1%,0.1%,
2013-06-14,7:30am,USD,Current Account,Low,-110B,-102B,
2013-06-14,8:00am,USD,TIC Long-Term Purchases,Low,35.0B,-13.4B,
2013-06-14,8:15am,USD,Capacity Utilization Rate,Low,77.9%,77.7%,
2013-06-14,8:15am,USD,Industrial Production m/m,Low,0.3%,-0.4%,
2013-06-14,8:55am,USD,Prelim UoM Consumer Sentiment,High,84.9,84.5,
2013-06-14,8:55am,USD,Prelim UoM Inflation Expectations,Medium,,3.1%,
2013-06-16,6:01pm,GBP,Rightmove HPI m/m,Medium,,2.1%,
2013-06-16,6:50pm,JPY,Tertiary Industry Activity m/m,Low,0.2%,-0.2%,
2013-06-17,4:00am,EUR,Trade Balance,Medium,21.2B,18.1B,
2013-06-17,5:00am,EUR,German Buba Monthly Report,Low,,,
2013-06-17,7:30am,USD,Empire State Manufacturing Index,Low,0.4,-1.4,
2013-06-17,9:00am,USD,NAHB Housing Market Index,Medium,45,44,
2013-06-17,10:10am,EUR,German Buba President Weidmann Speaks,Low,,,
2013-06-17,11:30pm,JPY,Revised Industrial Production m/m,Medium,1.7%,1.7%,
2013-06-18,3:30am,GBP,CPI y/y,High,2.6%,2.4%,
2013-06-18,3:30am,GBP,PPI Input m/m,Low,0.1%,-2.3%,
2013-06-18,3:30am,GBP,RPI y/y,Low,3.1%,2.9%,
2013-06-18,3:30am,GBP,Core CPI y/y,Medium,2.1%,2.0%,
2013-06-18,3:30am,GBP,ONS HPI y/y,Medium,2.6%,2.7%,
2013-06-18,3:30am,GBP,PPI Output m/m,Medium,0.0%,-0.2%,
2013-06-18,4:00am,EUR,German ZEW Economic Sentiment,High,38.2,36.4,
2013-06-18,4:00am,EUR,ZEW Economic Sentiment,Low,29.4,27.6,
2013-06-18,7:30am,USD,Building Permits,High,0.98M,1.01M,
2013-06-18,7:30am,USD,Core CPI m/m,High,0.2%,0.1%,
2013-06-18,7:30am,USD,CPI y/y,High,1.4%,1.1%,
2013-06-18,7:30am,USD,CPI m/m,Low,0.1%,-0.4%,
2013-06-18,7:30am,USD,Housing Starts,Low,0.95M,0.86M,
2013-06-18,6:50pm,JPY,Trade Balance,Low,-0.89T,-0.70T,
2013-06-19,WedJun 19,GBP,MPC Official Bank Rate Votes,High,0-0-9,0-0-9,
2013-06-19,4:00am,CHF,UBS Economic Expectations,Low,,2.2,
2013-06-19,4:33am,EUR,German 10-y Bond Auction,Low,,1.41|1.6,
2013-06-19,9:30am,USD,Crude Oil Inventories,Low,0.5M,2.5M,
2013-06-19,1:00pm,USD,FOMC Economic Projections,High,,,
2013-06-19,1:00pm,USD,FOMC Statement,High,,,
2013-06-19,1:00pm,USD,Federal Funds Rate,Low,<0.25%,<0.25%,
2013-06-19,1:30pm,USD,FOMC Press Conference,High,,,
2013-06-19,3:00pm,GBP,BOE Gov King Speaks,Low,,,
2013-06-19,11:30pm,CHF,SNB Financial Stability Report,Low,,,
2013-06-20,ThuJun 20,EUR,German PPI m/m,Low,0.0%,-0.2%,
2013-06-20,2:00am,EUR,French Flash Manufacturing PMI,High,47.1,46.4,
2013-06-20,2:00am,EUR,French Flash Services PMI,Low,45.0,44.3,
2013-06-20,2:30am,CHF,Libor Rate,High,<0.25%,<0.25%,
2013-06-20,2:30am,CHF,SNB Monetary Policy Assessment,High,,,
2013-06-20,2:30am,CHF,SNB Press Conference,High,,,
2013-06-20,2:30am,EUR,German Flash Manufacturing PMI,High,49.9,49.4,
2013-06-20,2:30am,EUR,German Flash Services PMI,Low,50.1,49.7,
2013-06-20,3:00am,EUR,Flash Manufacturing PMI,Low,48.6,48.3,
2013-06-20,3:00am,EUR,Flash Services PMI,Low,47.7,47.2,
2013-06-20,3:30am,GBP,Retail Sales m/m,High,0.8%,-1.1%,
2013-06-20,3:46am,EUR,Spanish 10-y Bond Auction,Low,,4.52|2.5,
2013-06-20,All Day,EUR,Eurogroup Meetings,High,,,
2013-06-20,5:00am,GBP,CBI Industrial Order Expectations,Low,-15,-20,
2013-06-20,7:30am,USD,Unemployment Claims,High,343K,336K,
2013-06-20,8:00am,USD,Flash Manufacturing PMI,Low,52.5,52.3,
2013-06-20,8:15am,GBP,MPC Member Fisher Speaks,Low,,,
2013-06-20,9:00am,EUR,Consumer Confidence,Medium,-22,-22,
2013-06-20,9:00am,USD,Existing Home Sales,High,5.01M,4.97M,
2013-06-20,9:00am,USD,Philly Fed Manufacturing Index,High,-0.6,-5.2,
2013-06-20,9:00am,USD,CB Leading Index m/m,Medium,0.2%,0.8%,
2013-06-20,9:30am,USD,Natural Gas Storage,Medium,89B,95B,
2013-06-21,3:00am,EUR,Current Account,Low,15.1B,25.9B,
2013-06-21,3:30am,GBP,Public Sector Net Borrowing,Low,12.7B,6.6B,
2013-06-21,All Day,EUR,ECOFIN Meetings,Low,,,
2013-06-24,8:00am,EUR,Belgian NBB Business Climate,Medium,-11.1,-12.4,
2013-06-24,6:50pm,JPY,SPPI y/y,Medium,0.1%,-0.3%,
2013-06-25,3:30am,GBP,Monetary Policy Report Hearings,High,,,
2013-06-25,3:30am,GBP,High Street Lending,Low,33.1K,33.0K,
2013-06-25,5:00am,GBP,CBI Realized Sales,Low,1,-11,
2013-06-25,6:30am,CHF,Gov Board Member Zurbrugg Speaks,Low,,,
2013-06-25,7:15am,EUR,ECB President Draghi Speaks,High,,,
2013-06-25,7:30am,USD,Core Durable Goods Orders m/m,High,0.0%,1.5%,
2013-06-25,7:30am,USD,Durable Goods Orders m/m,Low,3.0%,3.5%,
2013-06-25,8:00am,USD,S&P/CS Composite-20 HPI y/y,Low,10.6%,10.9%,
2013-06-25,8:00am,USD,HPI m/m,Medium,1.2%,1.5%,
2013-06-25,8:59am,USD,Richmond Manufacturing Index,Medium,0,-2,
2013-06-25,9:00am,USD,CB Consumer Confidence,High,75.2,74.3,
2013-06-25,9:00am,USD,New Home Sales,High,462K,466K,
2013-06-25,4:00pm,USD,Treasury Sec Lew Speaks,Low,,,
2013-06-26,WedJun 26,EUR,German GfK Consumer Climate,Low,6.6,6.5,
2013-06-26,2:48am,EUR,ECB President Draghi Speaks,High,,,
2013-06-26,All Day,EUR,ECOFIN Meetings,Low,,,
2013-06-26,4:30am,GBP,BOE Gov King Speaks,High,,,
2013-06-26,4:30am,GBP,BOE Financial Stability Report,Low,,,
2013-06-26,4:30am,GBP,FPC Statement,Medium,,,
2013-06-26,6:30am,GBP,Government Spending Review,Low,,,
2013-06-26,7:30am,USD,Final GDP q/q,Low,2.4%,2.4%,
2013-06-26,7:30am,USD,Final GDP Price Index q/q,Medium,1.1%,1.1%,
2013-06-26,9:30am,USD,Crude Oil Inventories,Low,-1.9M,0.3M,
2013-06-26,11:30pm,JPY,All Industries Activity m/m,Medium,0.5%,0.2%,
2013-06-27,2:00am,EUR,Spanish Flash CPI y/y,Medium,1.9%,1.7%,
2013-06-27,2:55am,EUR,German Unemployment Change,Low,7K,17K,
2013-06-27,3:00am,EUR,M3 Money Supply y/y,Low,2.9%,3.2%,
2013-06-27,3:00am,EUR,Private Loans y/y,Medium,-0.8%,-0.9%,
2013-06-27,3:10am,EUR,Retail PMI,Medium,,46.8,
2013-06-27,3:30am,GBP,Current Account,High,-11.9B,-13.6B,
2013-06-27,3:30am,GBP,Final GDP q/q,Low,0.3%,0.3%,
2013-06-27,3:30am,GBP,Revised Business Investment q/q,Medium,-0.4%,-0.4%,
2013-06-27,4:14am,EUR,Italian 10-y Bond Auction,High,,4.14|1.4,
2013-06-27,Day 1,EUR,EU Economic Summit,Low,,,
2013-06-27,7:30am,USD,Unemployment Claims,High,347K,355K,
2013-06-27,7:30am,USD,Core PCE Price Index m/m,Low,0.1%,0.0%,
2013-06-27,7:30am,USD,Personal Spending m/m,Low,0.3%,-0.3%,
2013-06-27,7:30am,USD,Personal Income m/m,Medium,0.2%,0.1%,
2013-06-27,8:00am,CHF,SNB Quarterly Bulletin,Medium,,,
2013-06-27,9:00am,USD,Pending Home Sales m/m,High,1.1%,-0.5%,
2013-06-27,9:00am,USD,FOMC Member Dudley Speaks,Low,,,
2013-06-27,9:30am,USD,FOMC Member Powell Speaks,Low,,,
2013-06-27,9:30am,USD,Natural Gas Storage,Medium,89B,91B,
2013-06-27,6:05pm,GBP,GfK Consumer Confidence,Medium,-21,-22,
2013-06-27,6:15pm,JPY,Final Manufacturing PMI,Medium,,51.5,
2013-06-27,6:30pm,JPY,Household Spending y/y,Low,1.5%,1.5%,
2013-06-27,6:30pm,JPY,Tokyo Core CPI y/y,Low,0.2%,0.1%,
2013-06-27,6:30pm,JPY,National Core CPI y/y,Medium,0.0%,-0.4%,
2013-06-27,6:30pm,JPY,Unemployment Rate,Medium,4.0%,4.1%,
2013-06-27,6:50pm,JPY,Prelim Industrial Production m/m,Low,0.2%,1.7%,
2013-06-27,6:50pm,JPY,Retail Sales y/y,Low,0.1%,-0.2%,
2013-06-28,1:00am,EUR,German Retail Sales m/m,Low,0.4%,-0.1%,
2013-06-28,1:00am,GBP,Nationwide HPI m/m,Low,0.4%,0.4%,
2013-06-28,All Day,EUR,German Prelim CPI m/m,Low,0.0%,0.4%,
2013-06-28,1:45am,EUR,French Consumer Spending m/m,Low,0.0%,-0.5%,
2013-06-28,2:00am,CHF,KOF Economic Barometer,Low,1.21,1.09,
2013-06-28,3:30am,GBP,Index of Services 3m/3m,Medium,0.2%,0.5%,
2013-06-28,4:00am,EUR,Italian Prelim CPI m/m,Medium,0.1%,0.0%,
2013-06-28,Day 2,EUR,EU Economic Summit,Low,,,
2013-06-28,7:00am,USD,FOMC Member Stein Speaks,Low,,,
2013-06-28,8:45am,USD,Chicago PMI,Low,55.5,58.7,
2013-06-28,8:55am,USD,Revised UoM Consumer Sentiment,Low,83.1,82.7,
2013-06-28,8:55am,USD,Revised UoM Inflation Expectations,Medium,,3.2%,
2013-06-30,SunJun 30,USD,Treasury Sec Lew Speaks,Low,,,
2013-06-30,6:50pm,JPY,Tankan Manufacturing Index,Low,3,-8,
2013-06-30,6:50pm,JPY,Tankan Non-Manufacturing Index,Low,12,6,
2013-07-01,2:15am,EUR,Spanish Manufacturing PMI,Low,48.9,48.1,
2013-07-01,2:30am,CHF,Manufacturing PMI,Low,52.5,52.2,
2013-07-01,2:45am,EUR,Italian Manufacturing PMI,Low,47.8,47.3,
2013-07-01,2:50am,EUR,French Final Manufacturing PMI,Medium,48.3,48.3,
2013-07-01,2:55am,EUR,German Final Manufacturing PMI,Medium,48.7,48.7,
2013-07-01,3:00am,EUR,Final Manufacturing PMI,Medium,48.7,48.7,
2013-07-01,3:00am,EUR,Italian Monthly Unemployment Rate,Medium,12.1%,12.0%,
2013-07-01,3:30am,GBP,Final Manufacturing PMI,High,51.3,51.5,
2013-07-01,3:30am,GBP,Net Lending to Individuals m/m,Low,1.4B,1.3B,
2013-07-01,3:30am,GBP,FPC Meeting Minutes,Medium,,,
2013-07-01,3:30am,GBP,M4 Money Supply m/m,Medium,0.0%,0.3%,
2013-07-01,3:30am,GBP,Mortgage Approvals,Medium,56K,54K,
2013-07-01,4:00am,EUR,CPI Flash Estimate y/y,Low,1.6%,1.4%,
2013-07-01,4:00am,EUR,Unemployment Rate,Low,12.3%,12.0%,
2013-07-01,4:00am,EUR,Core CPI Flash Estimate y/y,Medium,,1.2%,
2013-07-01,8:00am,USD,Final Manufacturing PMI,Medium,52.4,52.2,
2013-07-01,9:00am,USD,ISM Manufacturing PMI,High,50.6,49.0,
2013-07-01,9:00am,USD,Construction Spending m/m,Medium,0.6%,0.1%,
2013-07-01,9:00am,USD,ISM Manufacturing Prices,Medium,50.5,49.5,
2013-07-01,6:50pm,JPY,Monetary Base y/y,Medium,41.2%,31.6%,
2013-07-01,8:30pm,JPY,Average Cash Earnings y/y,Low,0.6%,0.0%,
2013-07-01,10:45pm,JPY,10-y Bond Auction,Medium,,0.86|3.1,
2013-07-02,3:30am,GBP,Construction PMI,High,51.3,50.8,
2013-07-02,4:00am,EUR,PPI m/m,Medium,-0.2%,-0.6%,
2013-07-02,4:00am,GBP,MPC Member Tucker Speaks,Low,,,
2013-07-02,4:38am,GBP,10-y Bond Auction,Low,,2.37|1.5,
2013-07-02,9:00am,USD,Factory Orders m/m,Low,2.0%,1.3%,
2013-07-02,9:00am,USD,RCM/TIPP Economic Optimism,Medium,49.3,49.0,
2013-07-02,All Day,USD,Total Vehicle Sales,Medium,15.3M,15.3M,
2013-07-02,11:30am,USD,FOMC Member Dudley Speaks,Low,,,
2013-07-02,4:45pm,USD,FOMC Member Powell Speaks,Low,,,
2013-07-02,6:01pm,GBP,BRC Shop Price Index y/y,Medium,,-0.1%,
2013-07-03,2:45am,EUR,Italian Services PMI,Low,47.1,46.5,
2013-07-03,2:50am,EUR,French Final Services PMI,Medium,46.5,46.5,
2013-07-03,2:55am,EUR,German Final Services PMI,Medium,51.3,51.3,
2013-07-03,3:00am,EUR,Final Services PMI,Medium,48.6,48.6,
2013-07-03,3:30am,GBP,Final Services PMI,High,54.6,54.9,
2013-07-03,3:30am,GBP,BOE Credit Conditions Survey,Low,,,
2013-07-03,3:30am,GBP,Housing Equity Withdrawal q/q,Medium,-8.5B,-8.3B,
2013-07-03,4:00am,EUR,Retail Sales m/m,Low,0.4%,-0.2%,
2013-07-03,6:30am,USD,Challenger Job Cuts y/y,Medium,,-41.2%,
2013-07-03,7:15am,USD,ADP Non-Farm Employment Change,High,161K,134K,
2013-07-03,7:30am,USD,Trade Balance,High,-40.3B,-40.1B,
2013-07-03,7:30am,USD,Unemployment Claims,High,345K,348K,
2013-07-03,9:00am,USD,ISM Services PMI,High,54.3,53.7,
2013-07-03,9:00am,USD,Treasury Sec Lew Speaks,Low,,,
2013-07-03,9:30am,USD,Crude Oil Inventories,Low,-2.6M,0.0M,
2013-07-03,11:00am,USD,Natural Gas Storage,Medium,75B,95B,
2013-07-03,7:30pm,JPY,BOJ Gov Kuroda Speaks,High,,,
2013-07-03,10:45pm,JPY,30-y Bond Auction,Medium,,1.87|4.1,
2013-07-04,3:57am,EUR,French 10-y Bond Auction,Low,,2.04|1.6,
2013-07-04,4:00am,EUR,Final GDP q/q,Medium,-0.2%,-0.2%,
2013-07-04,6:00am,GBP,Asset Purchase Facility,High,375B,375B,
2013-07-04,6:00am,GBP,MPC Rate Statement,High,,,
2013-07-04,6:00am,GBP,Official Bank Rate,High,0.50%,0.50%,
2013-07-04,6:45am,EUR,Main Refinancing Rate,High,0.50%,0.50%,
2013-07-04,All Day,USD,Bank Holiday,Low,,,
2013-07-04,7:30am,EUR,ECB Press Conference,High,,,
2013-07-05,1:45am,EUR,French Trade Balance,Medium,-4.5B,-4.5B,
2013-07-05,2:00am,CHF,Foreign Currency Reserves,Low,,441B,
2013-07-05,2:15am,CHF,CPI m/m,High,-0.1%,0.1%,
2013-07-05,5:00am,EUR,German Factory Orders m/m,Low,1.3%,-2.2%,
2013-07-05,7:30am,USD,Non-Farm Employment Change,High,163K,195K,
2013-07-05,7:30am,USD,Unemployment Rate,High,7.5%,7.6%,
2013-07-05,7:30am,USD,Average Hourly Earnings m/m,Low,0.2%,0.1%,
2013-07-07,6:50pm,JPY,Current Account,High,0.62T,0.85T,
2013-07-07,6:50pm,JPY,Bank Lending y/y,Medium,,1.8%,
2013-07-08,12:45am,CHF,Unemployment Rate,Medium,3.2%,3.2%,
2013-07-08,1:00am,EUR,German Trade Balance,Low,17.4B,17.5B,
2013-07-08,3:30am,EUR,Sentix Investor Confidence,Medium,-11.5,-11.6,
2013-07-08,All Day,EUR,Eurogroup Meetings,High,,,
2013-07-08,5:00am,EUR,German Industrial Production m/m,Low,-0.5%,2.0%,
2013-07-08,7:30am,EUR,ECB President Draghi Speaks,High,,,
2013-07-08,8:30am,EUR,ECB President Draghi Speaks,High,,,
2013-07-08,2:00pm,USD,Consumer Credit m/m,Medium,13.2B,10.9B,
2013-07-08,6:01pm,GBP,BRC Retail Sales Monitor y/y,Low,,1.8%,
2013-07-08,6:01pm,GBP,RICS House Price Balance,Medium,9%,5%,
2013-07-08,6:50pm,JPY,M2 Money Stock y/y,Medium,3.4%,3.5%,
2013-07-09,1:45am,EUR,French Gov Budget Balance,Medium,,-66.8B,
2013-07-09,2:15am,CHF,Retail Sales y/y,Low,3.7%,3.1%,
2013-07-09,3:30am,GBP,Manufacturing Production m/m,High,0.3%,-0.2%,
2013-07-09,3:30am,GBP,Goods Trade Balance,Low,-8.4B,-8.4B,
2013-07-09,3:30am,GBP,Industrial Production m/m,Medium,0.3%,-0.1%,
2013-07-09,All Day,EUR,ECOFIN Meetings,Low,,,
2013-07-09,6:30am,USD,NFIB Small Business Index,Medium,96.2,94.4,
2013-07-09,9:00am,GBP,NIESR GDP Estimate,Low,,0.6%,
2013-07-09,9:00am,USD,JOLTS Job Openings,Low,3.81M,3.80M,
2013-07-09,6:50pm,JPY,Tertiary Industry Activity m/m,Low,0.9%,-0.5%,
2013-07-09,6:50pm,JPY,PPI y/y,Medium,1.2%,0.5%,
2013-07-10,1:00am,EUR,German Final CPI m/m,Medium,0.1%,0.1%,
2013-07-10,1:45am,EUR,French Industrial Production m/m,Low,-0.5%,2.2%,
2013-07-10,3:00am,EUR,Italian Industrial Production m/m,Medium,0.4%,-0.3%,
2013-07-10,9:00am,USD,Final Wholesale Inventories m/m,Medium,0.3%,-0.1%,
2013-07-10,9:30am,USD,Crude Oil Inventories,Low,-2.9M,-10.3M,
2013-07-10,12:00pm,USD,10-y Bond Auction,High,,2.21|2.5,
2013-07-10,1:00pm,USD,FOMC Meeting Minutes,High,,,
2013-07-10,3:10pm,USD,Fed Chairman Bernanke Speaks,High,,,
2013-07-10,6:50pm,JPY,Core Machinery Orders m/m,Low,1.9%,-8.8%,
2013-07-10,9:48pm,JPY,Monetary Policy Statement,High,,,
2013-07-11,1:45am,EUR,French Final CPI m/m,Medium,0.1%,0.1%,
2013-07-11,2:38am,JPY,BOJ Press Conference,High,,,
2013-07-11,3:00am,EUR,German Buba President Weidmann Speaks,Low,,,
2013-07-11,3:00am,EUR,ECB Monthly Bulletin,Low,,,
2013-07-11,3:30am,GBP,MPC Member Miles Speaks,Low,,,
2013-07-11,4:42am,GBP,30-y Bond Auction,Medium,,3.29|2.0,
2013-07-11,7:30am,USD,Unemployment Claims,High,342K,344K,
2013-07-11,7:30am,USD,Import Prices m/m,Low,0.1%,-0.7%,
2013-07-11,9:30am,USD,Natural Gas Storage,Medium,80B,72B,
2013-07-11,10:00am,USD,FOMC Member Tarullo Speaks,Medium,,,
2013-07-11,12:00pm,USD,30-y Bond Auction,Medium,,3.36|2.5,
2013-07-11,12:54pm,USD,Federal Budget Balance,Low,42.1B,-138.7B,
2013-07-11,11:30pm,JPY,Revised Industrial Production m/m,Medium,2.0%,2.0%,
2013-07-12,3:30am,GBP,Construction Output m/m,Medium,,4.6%,
2013-07-12,4:00am,EUR,Industrial Production m/m,Low,-0.2%,0.5%,
2013-07-12,4:00am,GBP,CB Leading Index m/m,Medium,,0.2%,
2013-07-12,7:30am,USD,PPI m/m,High,0.5%,0.5%,
2013-07-12,7:30am,USD,Core PPI m/m,Low,0.2%,0.1%,
2013-07-12,8:55am,USD,Prelim UoM Consumer Sentiment,High,85.3,84.1,
2013-07-12,8:55am,USD,Prelim UoM Inflation Expectations,Medium,,3.2%,
2013-07-12,12:00pm,USD,FOMC Member Bullard Speaks,Low,,,
2013-07-14,6:01pm,GBP,Rightmove HPI m/m,Medium,,1.2%,
2013-07-14,All Day,JPY,Bank Holiday,Low,,,
2013-07-15,7:00am,USD,FOMC Member Tarullo Speaks,Medium,,,
2013-07-15,7:30am,USD,Core Retail Sales m/m,High,0.5%,0.3%,
2013-07-15,7:30am,USD,Retail Sales m/m,High,0.7%,0.5%,
2013-07-15,7:30am,USD,Empire State Manufacturing Index,Low,5.2,7.8,
2013-07-15,9:00am,USD,Business Inventories m/m,Low,0.2%,0.2%,
2013-07-16,3:30am,GBP,CPI y/y,High,3.0%,2.7%,
2013-07-16,3:30am,GBP,PPI Input m/m,Low,-0.2%,-0.6%,
2013-07-16,3:30am,GBP,RPI y/y,Low,3.3%,3.1%,
2013-07-16,3:30am,GBP,Core CPI y/y,Medium,2.3%,2.2%,
2013-07-16,3:30am,GBP,ONS HPI y/y,Medium,2.9%,2.6%,
2013-07-16,3:30am,GBP,PPI Output m/m,Medium,0.1%,0.0%,
2013-07-16,4:00am,EUR,German ZEW Economic Sentiment,High,39.8,38.5,
2013-07-16,4:00am,EUR,ZEW Economic Sentiment,Low,31.8,30.6,
2013-07-16,4:00am,EUR,Final Core CPI y/y,Medium,1.2%,1.2%,
2013-07-16,4:00am,EUR,Final CPI y/y,Medium,1.6%,1.6%,
2013-07-16,4:00am,EUR,Trade Balance,Medium,15.8B,15.2B,
2013-07-16,5:30am,GBP,MPC Member Fisher Speaks,Low,,,
2013-07-16,7:30am,USD,Core CPI m/m,High,0.2%,0.2%,
2013-07-16,7:30am,USD,CPI y/y,High,1.6%,1.4%,
2013-07-16,7:30am,USD,CPI m/m,Low,0.3%,0.1%,
2013-07-16,8:00am,USD,TIC Long-Term Purchases,Low,14.3B,-21.8B,
2013-07-16,8:15am,USD,Capacity Utilization Rate,Low,77.8%,77.7%,
2013-07-16,8:15am,USD,Industrial Production m/m,Low,0.2%,0.0%,
2013-07-16,9:00am,USD,NAHB Housing Market Index,Medium,51,51,
2013-07-16,1:15pm,USD,FOMC Member George Speaks,Low,,,
2013-07-16,6:50pm,JPY,Monetary Policy Meeting Minutes,Low,,,
2013-07-17,WedJul 17,GBP,MPC Asset Purchase Facility Votes,High,2-0-7,3-0-6,
2013-07-17,WedJul 17,GBP,MPC Official Bank Rate Votes,High,0-0-9,0-0-9,
2013-07-17,WedJul 17,GBP,Average Earnings Index 3m/y,Low,1.4%,1.3%,
2013-07-17,WedJul 17,GBP,Unemployment Rate,Low,7.8%,7.8%,
2013-07-17,4:00am,CHF,UBS Economic Expectations,Low,,2.2,
2013-07-17,4:32am,EUR,German 10-y Bond Auction,Low,,1.55|1.5,
2013-07-17,7:30am,USD,Building Permits,High,1.00M,0.99M,
2013-07-17,7:30am,USD,Housing Starts,Low,0.96M,0.93M,
2013-07-17,9:00am,USD,Fed Chairman Bernanke Testifies,High,,,
2013-07-17,9:00am,USD,Fed Monetary Policy Report,Medium,,,
2013-07-17,9:30am,USD,Crude Oil Inventories,Low,-1.9M,-9.9M,
2013-07-17,11:30am,USD,FOMC Member Raskin Speaks,Low,,,
2013-07-17,1:00pm,USD,Beige Book,Low,,,
2013-07-18,3:00am,EUR,Current Account,Low,21.3B,23.8B,
2013-07-18,3:30am,GBP,Retail Sales m/m,High,0.2%,2.1%,
2013-07-18,3:54am,EUR,Spanish 10-y Bond Auction,Low,,4.77|1.8,
2013-07-18,7:30am,USD,Unemployment Claims,High,344K,358K,
2013-07-18,9:00am,USD,Philly Fed Manufacturing Index,High,8.5,12.5,
2013-07-18,9:00am,USD,CB Leading Index m/m,Medium,0.3%,0.2%,
2013-07-18,9:30am,USD,Fed Chairman Bernanke Testifies,High,,,
2013-07-18,9:30am,USD,Natural Gas Storage,Medium,63B,82B,
2013-07-18,11:32pm,JPY,All Industries Activity m/m,Medium,1.3%,0.1%,
2013-07-19,3:30am,GBP,Public Sector Net Borrowing,Low,9.4B,12.8B,
2013-07-20,All Day,JPY,Upper House Elections,High,,,
2013-07-22,9:00am,USD,Existing Home Sales,High,5.27M,5.14M,
2013-07-23,8:00am,USD,HPI m/m,Medium,0.9%,0.5%,
2013-07-23,8:59am,USD,Richmond Manufacturing Index,Medium,7,8,
2013-07-23,9:00am,EUR,Consumer Confidence,Medium,-18,-19,
2013-07-23,6:50pm,JPY,Trade Balance,Low,-0.58T,-0.78T,
2013-07-24,WedJul 24,EUR,French Flash Services PMI,Low,47.7,47.2,
2013-07-24,2:30am,EUR,German Flash Manufacturing PMI,High,49.3,48.6,
2013-07-24,2:30am,EUR,German Flash Services PMI,Low,50.9,50.4,
2013-07-24,3:00am,EUR,Flash Manufacturing PMI,Low,49.1,48.8,
2013-07-24,3:00am,EUR,Flash Services PMI,Low,48.9,48.3,
2013-07-24,3:00am,EUR,Italian Retail Sales m/m,Medium,0.4%,-0.1%,
2013-07-24,5:00am,GBP,CBI Industrial Order Expectations,Low,-12,-18,
2013-07-24,8:00am,USD,Flash Manufacturing PMI,Low,52.5,51.9,
2013-07-24,9:00am,USD,New Home Sales,High,482K,459K,
2013-07-24,9:30am,USD,Crude Oil Inventories,Low,-2.5M,-6.9M,
2013-07-24,6:50pm,JPY,SPPI y/y,Medium,0.7%,0.3%,
2013-07-25,3:00am,EUR,German ifo Business Climate,High,106.3,105.9,
2013-07-25,3:00am,EUR,M3 Money Supply y/y,Low,3.0%,2.9%,
2013-07-25,3:00am,EUR,Private Loans y/y,Medium,-0.9%,-1.1%,
2013-07-25,3:30am,GBP,Prelim GDP q/q,High,0.6%,0.3%,
2013-07-25,3:30am,GBP,Index of Services 3m/3m,Medium,0.7%,0.8%,
2013-07-25,7:30am,USD,Core Durable Goods Orders m/m,High,0.5%,0.5%,
2013-07-25,7:30am,USD,Unemployment Claims,High,339K,336K,
2013-07-25,7:30am,USD,Durable Goods Orders m/m,Low,1.1%,3.7%,
2013-07-25,7:45am,USD,Treasury Sec Lew Speaks,Low,,,
2013-07-25,8:00am,EUR,Belgian NBB Business Climate,Medium,-11.2,-12.8,
2013-07-25,9:30am,USD,Natural Gas Storage,Medium,44B,58B,
2013-07-25,6:30pm,JPY,Tokyo Core CPI y/y,Low,0.3%,0.2%,
2013-07-25,6:30pm,JPY,National Core CPI y/y,Medium,0.3%,0.0%,
2013-07-26,8:55am,USD,Revised UoM Consumer Sentiment,Low,84.0,83.9,
2013-07-26,8:55am,USD,Revised UoM Inflation Expectations,Medium,,3.3%,
2013-07-28,11:16pm,JPY,BOJ Gov Kuroda Speaks,High,,,
2013-07-29,MonJul 29,GBP,M4 Money Supply m/m,Medium,0.2%,0.0%,
2013-07-29,MonJul 29,GBP,Mortgage Approvals,Medium,60K,58K,
2013-07-29,5:00am,GBP,CBI Realized Sales,Low,11,1,
2013-07-29,9:00am,USD,Pending Home Sales m/m,High,-1.1%,5.8%,
2013-07-29,6:30pm,JPY,Household Spending y/y,Low,1.2%,-1.6%,
2013-07-29,6:30pm,JPY,Unemployment Rate,Medium,4.0%,4.1%,
2013-07-29,6:50pm,JPY,Prelim Industrial Production m/m,Low,-1.4%,1.9%,
2013-07-30,All Day,EUR,German Prelim CPI m/m,Low,0.3%,0.1%,
2013-07-30,2:00am,EUR,Spanish Flash GDP q/q,Low,-0.1%,-0.5%,
2013-07-30,2:00am,EUR,Spanish Flash CPI y/y,Medium,1.8%,2.1%,
2013-07-30,3:10am,EUR,Retail PMI,Medium,,49.1,
2013-07-30,4:13am,EUR,Italian 10-y Bond Auction,Low,,4.55|1.5,
2013-07-30,8:00am,USD,S&P/CS Composite-20 HPI y/y,Low,12.4%,12.1%,
2013-07-30,9:00am,USD,CB Consumer Confidence,High,81.1,82.1,
2013-07-30,11:06am,GBP,GfK Consumer Confidence,Medium,-19,-21,
2013-07-30,1:00pm,USD,President Obama Speaks,Low,,,
2013-07-30,6:01pm,GBP,BRC Shop Price Index y/y,Medium,,-0.2%,
2013-07-30,6:15pm,JPY,Final Manufacturing PMI,Medium,,52.3,
2013-07-30,8:30pm,JPY,Average Cash Earnings y/y,Low,0.2%,-0.1%,
2013-07-31,1:00am,CHF,UBS Consumption Indicator,Medium,,1.45,
2013-07-31,1:00am,EUR,German Retail Sales m/m,Low,0.1%,0.7%,
2013-07-31,1:45am,EUR,French Consumer Spending m/m,Low,0.1%,0.7%,
2013-07-31,2:00am,CHF,KOF Economic Barometer,Low,1.21,1.15,
2013-07-31,2:55am,EUR,German Unemployment Change,Low,-1K,-13K,
2013-07-31,3:00am,EUR,Italian Monthly Unemployment Rate,Medium,12.3%,12.2%,
2013-07-31,4:00am,EUR,CPI Flash Estimate y/y,Low,1.6%,1.6%,
2013-07-31,4:00am,EUR,Unemployment Rate,Low,12.2%,12.1%,
2013-07-31,4:00am,EUR,Core CPI Flash Estimate y/y,Medium,,1.2%,
2013-07-31,4:00am,EUR,Italian Prelim CPI m/m,Medium,0.3%,0.3%,
2013-07-31,4:34am,EUR,German 30-y Bond Auction,Medium,,2.16|1.5,
2013-07-31,7:15am,USD,ADP Non-Farm Employment Change,High,179K,198K,
2013-07-31,7:30am,USD,Advance GDP q/q,High,1.1%,1.8%,
2013-07-31,7:30am,USD,Advance GDP Price Index q/q,Low,1.1%,1.2%,
2013-07-31,7:30am,USD,Employment Cost Index q/q,Low,0.4%,0.3%,
2013-07-31,8:45am,USD,Chicago PMI,Low,53.7,51.6,
2013-07-31,9:30am,USD,Crude Oil Inventories,Low,-2.1M,-2.8M,
2013-07-31,1:00pm,USD,FOMC Statement,High,,,
2013-07-31,1:00pm,USD,Federal Funds Rate,Low,<0.25%,<0.25%,
2013-07-31,10:45pm,JPY,10-y Bond Auction,Medium,,0.88|2.4,
2013-08-01,2:15am,EUR,Spanish Manufacturing PMI,Low,50.7,50.0,
2013-08-01,2:45am,EUR,Italian Manufacturing PMI,Low,49.8,49.1,
2013-08-01,2:50am,EUR,French Final Manufacturing PMI,Medium,49.8,49.8,
2013-08-01,2:55am,EUR,German Final Manufacturing PMI,Medium,50.3,50.3,
2013-08-01,3:00am,EUR,Final Manufacturing PMI,Medium,50.1,50.1,
2013-08-01,3:30am,GBP,Final Manufacturing PMI,High,52.8,52.9,
2013-08-01,6:00am,GBP,Asset Purchase Facility,High,375B,375B,
2013-08-01,6:00am,GBP,Official Bank Rate,High,0.50%,0.50%,
2013-08-01,6:30am,USD,Challenger Job Cuts y/y,Medium,,4.8%,
2013-08-01,6:45am,EUR,Main Refinancing Rate,High,0.50%,0.50%,
2013-08-01,7:30am,EUR,ECB Press Conference,High,,,
2013-08-01,7:30am,USD,Unemployment Claims,High,346K,345K,
2013-08-01,8:00am,USD,Final Manufacturing PMI,Medium,53.1,53.2,
2013-08-01,9:00am,USD,ISM Manufacturing PMI,High,52.1,50.9,
2013-08-01,9:00am,USD,Construction Spending m/m,Medium,0.4%,1.3%,
2013-08-01,9:00am,USD,ISM Manufacturing Prices,Medium,53.0,52.5,
2013-08-01,9:30am,USD,Natural Gas Storage,Medium,55B,41B,
2013-08-01,All Day,USD,Total Vehicle Sales,Medium,15.8M,16.0M,
2013-08-01,6:50pm,JPY,Monetary Base y/y,Medium,43.2%,36.0%,
2013-08-02,2:00am,EUR,Spanish Unemployment Change,Low,-80.0K,-127.2K,
2013-08-02,2:30am,CHF,Manufacturing PMI,Low,53.1,51.9,
2013-08-02,3:30am,GBP,Construction PMI,High,51.6,51.0,
2013-08-02,4:00am,EUR,PPI m/m,Medium,0.1%,-0.2%,
2013-08-02,7:30am,USD,Non-Farm Employment Change,High,184K,188K,
2013-08-02,7:30am,USD,Unemployment Rate,High,7.5%,7.6%,
2013-08-02,7:30am,USD,Average Hourly Earnings m/m,Low,0.2%,0.4%,
2013-08-02,7:30am,USD,Core PCE Price Index m/m,Low,0.1%,0.1%,
2013-08-02,7:30am,USD,Personal Income m/m,Medium,0.5%,0.4%,
2013-08-02,7:30am,USD,Personal Spending m/m,Medium,0.5%,0.2%,
2013-08-02,9:00am,USD,Factory Orders m/m,Low,2.3%,3.0%,
2013-08-02,11:15am,USD,FOMC Member Bullard Speaks,High,,,
2013-08-05,2:45am,EUR,Italian Services PMI,Low,46.6,45.8,
2013-08-05,2:50am,EUR,French Final Services PMI,Medium,48.3,48.3,
2013-08-05,2:55am,EUR,German Final Services PMI,Medium,52.5,52.5,
2013-08-05,3:00am,EUR,Final Services PMI,Medium,49.6,49.6,
2013-08-05,3:30am,EUR,Sentix Investor Confidence,Medium,9.8,-12.6,
2013-08-05,3:30am,GBP,Final Services PMI,High,57.4,56.9,
2013-08-05,4:00am,EUR,Retail Sales m/m,Low,-0.6%,1.1%,
2013-08-05,9:00am,USD,ISM Services PMI,High,53.2,52.2,
2013-08-05,1:00pm,USD,Loan Officer Survey,Medium,,,
2013-08-05,6:01pm,GBP,BRC Retail Sales Monitor y/y,Low,,1.4%,
2013-08-06,2:00am,GBP,Halifax HPI m/m,Low,0.3%,0.7%,
2013-08-06,3:00am,EUR,Italian Industrial Production m/m,Medium,0.5%,0.1%,
2013-08-06,3:30am,GBP,Manufacturing Production m/m,High,0.9%,-0.7%,
2013-08-06,3:30am,GBP,Industrial Production m/m,Medium,0.7%,0.0%,
2013-08-06,4:00am,EUR,Italian Prelim GDP q/q,Low,-0.4%,-0.6%,
2013-08-06,5:00am,EUR,German Factory Orders m/m,Low,1.1%,-0.5%,
2013-08-06,7:30am,USD,Trade Balance,High,-43.1B,-44.1B,
2013-08-06,9:00am,GBP,NIESR GDP Estimate,Low,,0.6%,
2013-08-06,9:00am,USD,JOLTS Job Openings,Low,3.91M,3.91M,
2013-08-06,9:00am,USD,RCM/TIPP Economic Optimism,Medium,47.9,47.1,
2013-08-06,12:00pm,USD,FOMC Member Evans Speaks,Low,,,
2013-08-07,1:45am,EUR,French Trade Balance,Medium,-5.0B,-5.7B,
2013-08-07,2:00am,CHF,Foreign Currency Reserves,Low,,435B,
2013-08-07,2:15am,CHF,CPI m/m,High,-0.3%,0.1%,
2013-08-07,4:30am,GBP,BOE Gov Carney Speaks,High,,,
2013-08-07,4:30am,GBP,BOE Monetary Policy Report,High,,,
2013-08-07,5:00am,EUR,German Industrial Production m/m,Low,0.3%,-0.8%,
2013-08-07,9:30am,USD,Crude Oil Inventories,Low,-1.2M,0.4M,
2013-08-07,12:00pm,USD,10-y Bond Auction,Low,,2.67|2.6,
2013-08-07,2:00pm,USD,Consumer Credit m/m,Medium,15.3B,17.5B,
2013-08-07,6:50pm,JPY,Current Account,High,0.73T,0.62T,
2013-08-07,6:50pm,JPY,Bank Lending y/y,Medium,,1.9%,
2013-08-07,9:59pm,JPY,Monetary Policy Statement,High,,,
2013-08-08,12:45am,CHF,Unemployment Rate,Medium,3.2%,3.2%,
2013-08-08,1:00am,EUR,German Trade Balance,Low,15.2B,14.6B,
2013-08-08,2:31am,JPY,BOJ Press Conference,High,,,
2013-08-08,3:00am,EUR,ECB Monthly Bulletin,Low,,,
2013-08-08,7:30am,USD,Unemployment Claims,High,336K,328K,
2013-08-08,9:00am,USD,Mortgage Delinquencies,Low,,7.25%,
2013-08-08,9:30am,USD,Natural Gas Storage,Medium,74B,59B,
2013-08-08,12:00pm,USD,30-y Bond Auction,Medium,,3.66|2.3,
2013-08-08,6:50pm,JPY,Tertiary Industry Activity m/m,Low,-0.2%,1.3%,
2013-08-08,6:50pm,JPY,M2 Money Stock y/y,Medium,3.8%,3.8%,
2013-08-08,10:45pm,JPY,30-y Bond Auction,Medium,,1.89|4.0,
2013-08-09,FriAug 9,JPY,Consumer Confidence,Medium,45.3,44.3,
2013-08-09,1:45am,EUR,French Industrial Production m/m,Low,0.3%,-0.3%,
2013-08-09,1:45am,EUR,French Gov Budget Balance,Medium,,-72.6B,
2013-08-09,3:00am,EUR,Italian Trade Balance,Medium,4.22B,3.93B,
2013-08-09,3:30am,GBP,Goods Trade Balance,Low,-8.4B,-8.7B,
2013-08-09,3:30am,GBP,Construction Output m/m,Medium,-1.1%,-0.2%,
2013-08-09,4:00am,GBP,CB Leading Index m/m,Medium,,0.4%,
2013-08-09,9:00am,USD,Final Wholesale Inventories m/m,Medium,0.5%,-0.6%,
2013-08-11,6:50pm,JPY,Prelim GDP q/q,High,0.9%,1.0%,
2013-08-11,6:50pm,JPY,PPI y/y,Medium,1.9%,1.2%,
2013-08-11,6:50pm,JPY,Prelim GDP Price Index y/y,Medium,-0.7%,-1.1%,
2013-08-11,11:30pm,JPY,Revised Industrial Production m/m,Medium,-3.1%,-3.3%,
2013-08-12,2:15am,CHF,Retail Sales y/y,Low,1.9%,1.5%,
2013-08-12,12:54pm,USD,Federal Budget Balance,Low,-95.3B,116.5B,
2013-08-12,6:01pm,GBP,RICS House Price Balance,Medium,25%,21%,
2013-08-12,6:50pm,JPY,Core Machinery Orders m/m,Low,-7.1%,10.5%,
2013-08-12,6:50pm,JPY,Monetary Policy Meeting Minutes,Low,,,
2013-08-13,TueAug 13,EUR,German WPI m/m,Medium,0.2%,-0.4%,
2013-08-13,3:30am,GBP,CPI y/y,High,2.8%,2.9%,
2013-08-13,3:30am,GBP,PPI Input m/m,Low,1.2%,0.2%,
2013-08-13,3:30am,GBP,RPI y/y,Low,3.1%,3.3%,
2013-08-13,3:30am,GBP,Core CPI y/y,Medium,2.3%,2.3%,
2013-08-13,3:30am,GBP,ONS HPI y/y,Medium,3.6%,2.9%,
2013-08-13,3:30am,GBP,PPI Output m/m,Medium,0.3%,0.1%,
2013-08-13,4:00am,EUR,German ZEW Economic Sentiment,High,40.3,36.3,
2013-08-13,4:00am,EUR,Industrial Production m/m,Low,1.1%,-0.2%,
2013-08-13,4:00am,EUR,ZEW Economic Sentiment,Low,37.4,32.8,
2013-08-13,6:30am,USD,NFIB Small Business Index,Medium,95.4,93.5,
2013-08-13,7:30am,USD,Core Retail Sales m/m,High,0.4%,0.1%,
2013-08-13,7:30am,USD,Retail Sales m/m,High,0.2%,0.6%,
2013-08-13,7:30am,USD,Import Prices m/m,Low,0.9%,-0.4%,
2013-08-13,9:00am,USD,Business Inventories m/m,Low,0.3%,-0.1%,
2013-08-14,1:00am,EUR,German Prelim GDP q/q,High,0.6%,0.1%,
2013-08-14,1:45am,EUR,French Prelim Private Payrolls q/q,Low,0.0%,-0.1%,
2013-08-14,1:45am,EUR,French Final CPI m/m,Medium,-0.1%,0.2%,
2013-08-14,2:15am,CHF,PPI m/m,Low,0.4%,0.1%,
2013-08-14,3:30am,GBP,Claimant Count Change,High,-14.3K,-29.4K,
2013-08-14,3:30am,GBP,MPC Asset Purchase Facility Votes,High,0-0-9,0-0-9,
2013-08-14,3:30am,GBP,MPC Official Bank Rate Votes,High,0-0-9,0-0-9,
2013-08-14,3:30am,GBP,Average Earnings Index 3m/y,Low,2.1%,1.8%,
2013-08-14,3:30am,GBP,Unemployment Rate,Low,7.8%,7.8%,
2013-08-14,4:00am,CHF,UBS Economic Expectations,Low,,4.8,
2013-08-14,4:00am,EUR,Flash GDP q/q,High,0.2%,-0.3%,
2013-08-14,4:34am,EUR,German 10-y Bond Auction,Low,,1.57|1.6,
2013-08-14,7:30am,USD,PPI m/m,High,0.4%,0.8%,
2013-08-14,7:30am,USD,Core PPI m/m,Low,0.2%,0.2%,
2013-08-14,9:30am,USD,Crude Oil Inventories,Low,-1.4M,-1.3M,
2013-08-14,12:20pm,USD,FOMC Member Bullard Speaks,Low,,,
2013-08-14,2:15pm,USD,FOMC Member Bullard Speaks,Low,,,
2013-08-15,All Day,EUR,Italian Bank Holiday,Low,,,
2013-08-15,3:30am,GBP,Retail Sales m/m,High,0.7%,0.2%,
2013-08-15,7:15am,USD,FOMC Member Bullard Speaks,Low,,,
2013-08-15,7:30am,USD,Core CPI m/m,High,0.2%,0.2%,
2013-08-15,7:30am,USD,CPI y/y,High,2.0%,1.8%,
2013-08-15,7:30am,USD,Unemployment Claims,High,334K,335K,
2013-08-15,7:30am,USD,CPI m/m,Low,0.2%,0.5%,
2013-08-15,7:30am,USD,Empire State Manufacturing Index,Low,10.2,9.5,
2013-08-15,8:00am,USD,TIC Long-Term Purchases,Low,31.3B,-27.0B,
2013-08-15,8:15am,USD,Capacity Utilization Rate,Low,77.9%,77.7%,
2013-08-15,8:15am,USD,Industrial Production m/m,Low,0.5%,0.2%,
2013-08-15,9:00am,USD,Philly Fed Manufacturing Index,High,15.6,19.8,
2013-08-15,9:00am,USD,NAHB Housing Market Index,Low,57,56,
2013-08-15,9:30am,USD,Natural Gas Storage,Medium,73B,96B,
2013-08-16,4:00am,EUR,Final CPI y/y,Low,1.6%,1.6%,
2013-08-16,4:00am,EUR,Final Core CPI y/y,Medium,1.1%,1.1%,
2013-08-16,4:00am,EUR,Trade Balance,Medium,15.3B,13.8B,
2013-08-16,7:30am,USD,Building Permits,High,0.95M,0.92M,
2013-08-16,7:30am,USD,Housing Starts,Low,0.91M,0.85M,
2013-08-16,7:30am,USD,Prelim Nonfarm Productivity q/q,Low,0.5%,0.5%,
2013-08-16,7:30am,USD,Prelim Unit Labor Costs q/q,Low,1.4%,-4.3%,
2013-08-16,8:55am,USD,Prelim UoM Consumer Sentiment,High,85.6,85.1,
2013-08-16,8:55am,USD,Prelim UoM Inflation Expectations,Medium,,3.1%,
2013-08-18,6:01pm,GBP,Rightmove HPI m/m,Medium,,0.3%,
2013-08-18,6:50pm,JPY,Trade Balance,Low,-0.73T,-0.66T,
2013-08-19,11:30pm,JPY,All Industries Activity m/m,Medium,-0.6%,1.2%,
2013-08-21,5:00am,GBP,CBI Industrial Order Expectations,Low,-8,-12,
2013-08-21,9:00am,USD,Existing Home Sales,High,5.15M,5.06M,
2013-08-21,9:30am,USD,Crude Oil Inventories,Low,-1.6M,-2.8M,
2013-08-21,1:00pm,USD,FOMC Meeting Minutes,High,,,
2013-08-22,2:00am,EUR,French Flash Manufacturing PMI,High,50.4,49.7,
2013-08-22,2:00am,EUR,French Flash Services PMI,Low,49.3,48.6,
2013-08-22,2:30am,EUR,German Flash Manufacturing PMI,High,51.1,50.7,
2013-08-22,2:30am,EUR,German Flash Services PMI,Low,51.7,51.3,
2013-08-22,3:00am,EUR,Flash Manufacturing PMI,Low,50.9,50.3,
2013-08-22,3:00am,EUR,Flash Services PMI,Low,50.2,49.8,
2013-08-22,7:30am,USD,Unemployment Claims,High,329K,323K,
2013-08-22,8:00am,USD,Flash Manufacturing PMI,Low,54.1,53.7,
2013-08-22,8:00am,USD,HPI m/m,Medium,0.6%,0.8%,
2013-08-22,9:00am,USD,CB Leading Index m/m,Medium,0.5%,0.0%,
2013-08-22,9:30am,USD,Natural Gas Storage,Medium,68B,65B,
2013-08-22,2:15pm,USD,Treasury Sec Lew Speaks,Low,,,
2013-08-23,3:30am,GBP,Second Estimate GDP q/q,High,0.6%,0.6%,
2013-08-23,3:30am,GBP,High Street Lending,Low,38.8K,37.3K,
2013-08-23,3:30am,GBP,Prelim Business Investment q/q,Low,0.6%,-1.9%,
2013-08-23,3:30am,GBP,Index of Services 3m/3m,Medium,0.7%,0.7%,
2013-08-23,8:00am,EUR,Belgian NBB Business Climate,Low,-11.1,-12.0,
2013-08-23,9:00am,EUR,Consumer Confidence,Medium,-17,-17,
2013-08-23,9:00am,USD,New Home Sales,High,487K,455K,
2013-08-25,6:50pm,JPY,SPPI y/y,Medium,0.4%,0.4%,
2013-08-26,7:30am,USD,Core Durable Goods Orders m/m,High,0.6%,-0.1%,
2013-08-26,7:30am,USD,Durable Goods Orders m/m,Low,-3.0%,3.9%,
2013-08-27,8:00am,USD,S&P/CS Composite-20 HPI y/y,Low,11.9%,12.2%,
2013-08-27,8:59am,USD,Richmond Manufacturing Index,Medium,-7,-11,
2013-08-27,9:00am,USD,CB Consumer Confidence,High,79.6,81.0,
2013-08-28,WedAug 28,EUR,German GfK Consumer Climate,Low,7.1,7.0,
2013-08-28,WedAug 28,EUR,German Import Prices m/m,Medium,0.3%,-0.8%,
2013-08-28,3:00am,EUR,M3 Money Supply y/y,Low,2.0%,2.4%,
2013-08-28,3:00am,EUR,Private Loans y/y,Medium,-1.5%,-1.6%,
2013-08-28,3:00am,EUR,Italian Retail Sales m/m,Medium,0.1%,0.1%,
2013-08-28,5:00am,GBP,CBI Realized Sales,Low,19,17,
2013-08-28,7:45am,GBP,BOE Gov Carney Speaks,High,,,
2013-08-28,9:00am,USD,Pending Home Sales m/m,High,0.2%,-0.4%,
2013-08-28,9:30am,USD,Crude Oil Inventories,Low,0.5M,-1.4M,
2013-08-28,6:50pm,JPY,Retail Sales y/y,Low,0.0%,1.6%,
2013-08-29,2:00am,EUR,Spanish Flash CPI y/y,Medium,1.5%,1.8%,
2013-08-29,2:15am,CHF,Employment Level,Low,4.14M,4.15M,
2013-08-29,2:55am,EUR,German Unemployment Change,Low,-5K,-7K,
2013-08-29,3:10am,EUR,Retail PMI,Medium,,49.5,
2013-08-29,4:10am,EUR,Italian 10-y Bond Auction,Low,,4.46|1.3,
2013-08-29,7:30am,USD,Prelim GDP q/q,High,2.2%,1.7%,
2013-08-29,7:30am,USD,Unemployment Claims,High,330K,337K,
2013-08-29,7:30am,USD,Prelim GDP Price Index q/q,Medium,0.7%,0.7%,
2013-08-29,7:50am,USD,FOMC Member Bullard Speaks,Low,,,
2013-08-29,9:30am,USD,Natural Gas Storage,Medium,65B,57B,
2013-08-29,11:00am,EUR,German Buba President Weidmann Speaks,Low,,,
2013-08-29,6:05pm,GBP,GfK Consumer Confidence,Medium,-14,-16,
2013-08-29,6:15pm,JPY,Final Manufacturing PMI,Medium,,50.7,
2013-08-29,6:30pm,JPY,Household Spending y/y,Low,0.4%,-0.4%,
2013-08-29,6:30pm,JPY,National Core CPI y/y,Low,0.6%,0.4%,
2013-08-29,6:30pm,JPY,Tokyo Core CPI y/y,Low,0.4%,0.3%,
2013-08-29,6:30pm,JPY,Unemployment Rate,Medium,3.9%,3.9%,
2013-08-29,6:45pm,USD,FOMC Member Bullard Speaks,Low,,,
2013-08-29,6:50pm,JPY,Prelim Industrial Production m/m,Low,3.9%,-3.1%,
2013-08-30,1:00am,EUR,German Retail Sales m/m,Low,0.5%,-0.8%,
2013-08-30,1:00am,GBP,Nationwide HPI m/m,Low,0.6%,0.9%,
2013-08-30,2:00am,CHF,KOF Economic Barometer,Low,1.34,1.25,
2013-08-30,3:00am,EUR,Italian Quarterly Unemployment Rate,Low,12.1%,11.9%,
2013-08-30,3:00am,EUR,Italian Monthly Unemployment Rate,Medium,12.2%,12.1%,
2013-08-30,3:30am,GBP,Net Lending to Individuals m/m,Low,1.7B,1.4B,
2013-08-30,3:30am,GBP,M4 Money Supply m/m,Medium,0.4%,0.1%,
2013-08-30,3:30am,GBP,Mortgage Approvals,Medium,59K,58K,
2013-08-30,4:00am,EUR,CPI Flash Estimate y/y,Low,1.4%,1.6%,
2013-08-30,4:00am,EUR,Unemployment Rate,Low,12.1%,12.1%,
2013-08-30,4:00am,EUR,Core CPI Flash Estimate y/y,Medium,,1.1%,
2013-08-30,4:00am,EUR,Italian Prelim CPI m/m,Medium,0.2%,0.1%,
2013-08-30,7:30am,USD,Core PCE Price Index m/m,Low,0.2%,0.2%,
2013-08-30,7:30am,USD,Personal Spending m/m,Low,0.3%,0.6%,
2013-08-30,7:30am,USD,Personal Income m/m,Medium,0.3%,0.3%,
2013-08-30,8:00am,USD,FOMC Member Bullard Speaks,Low,,,
2013-08-30,8:45am,USD,Chicago PMI,Low,53.2,52.3,
2013-08-30,8:55am,USD,Revised UoM Consumer Sentiment,Low,81.2,80.0,
2013-08-30,8:55am,USD,Revised UoM Inflation Expectations,Medium,,3.1%,
2013-09-01,6:50pm,JPY,Capital Spending q/y,Low,-2.0%,-3.9%,
2013-09-02,2:15am,EUR,Spanish Manufacturing PMI,Low,50.1,49.8,
2013-09-02,2:30am,CHF,Manufacturing PMI,Low,55.9,57.4,
2013-09-02,2:45am,EUR,Italian Manufacturing PMI,Low,50.7,50.4,
2013-09-02,2:50am,EUR,French Final Manufacturing PMI,Medium,49.7,49.7,
2013-09-02,2:55am,EUR,German Final Manufacturing PMI,Medium,52.0,52.0,
2013-09-02,3:00am,EUR,Final Manufacturing PMI,Medium,51.3,51.3,
2013-09-02,3:30am,GBP,Final Manufacturing PMI,High,55.2,54.8,
2013-09-02,All Day,USD,Bank Holiday,Low,,,
2013-09-02,6:01pm,GBP,BRC Retail Sales Monitor y/y,Low,,2.2%,
2013-09-02,6:50pm,JPY,Monetary Base y/y,Medium,41.3%,38.0%,
2013-09-02,8:30pm,JPY,Average Cash Earnings y/y,Low,0.8%,0.6%,
2013-09-02,10:45pm,JPY,10-y Bond Auction,Medium,,0.80|3.5,
2013-09-03,2:00am,EUR,Spanish Unemployment Change,Low,-5.2K,-64.9K,
2013-09-03,3:30am,GBP,Construction PMI,High,58.4,57.0,
2013-09-03,4:00am,EUR,PPI m/m,Medium,0.2%,0.0%,
2013-09-03,8:00am,USD,Final Manufacturing PMI,Medium,53.9,53.9,
2013-09-03,9:00am,USD,ISM Manufacturing PMI,High,54.2,55.4,
2013-09-03,9:00am,USD,Construction Spending m/m,Medium,0.3%,0.0%,
2013-09-03,9:00am,USD,ISM Manufacturing Prices,Medium,51.6,49.0,
2013-09-03,6:01pm,GBP,BRC Shop Price Index y/y,Medium,,-0.5%,
2013-09-04,2:45am,EUR,Italian Services PMI,Low,49.2,48.7,
2013-09-04,2:50am,EUR,French Final Services PMI,Medium,47.7,47.7,
2013-09-04,2:55am,EUR,German Final Services PMI,Medium,52.4,52.4,
2013-09-04,3:00am,EUR,Final Services PMI,Medium,51.0,51.0,
2013-09-04,3:30am,GBP,Final Services PMI,High,59.3,60.2,
2013-09-04,4:00am,EUR,Retail Sales m/m,Low,0.5%,-0.7%,
2013-09-04,4:00am,EUR,Revised GDP q/q,Medium,0.3%,0.3%,
2013-09-04,7:30am,USD,Trade Balance,High,-38.7B,-34.5B,
2013-09-04,9:00am,USD,RCM/TIPP Economic Optimism,Medium,46.2,45.1,
2013-09-04,All Day,USD,Total Vehicle Sales,Medium,15.8M,15.7M,
2013-09-04,1:00pm,USD,Beige Book,Low,,,
2013-09-04,9:42pm,JPY,Monetary Policy Statement,High,,,
2013-09-05,3:41am,EUR,Spanish 10-y Bond Auction,Low,,4.72|2.3,
2013-09-05,4:00am,EUR,French 10-y Bond Auction,Medium,,2.32|1.7,
2013-09-05,5:00am,EUR,German Factory Orders m/m,Low,-0.7%,5.0%,
2013-09-05,6:00am,GBP,Asset Purchase Facility,High,375B,375B,
2013-09-05,6:00am,GBP,Official Bank Rate,High,0.50%,0.50%,
2013-09-05,6:30am,USD,Challenger Job Cuts y/y,Medium,,2.3%,
2013-09-05,6:45am,EUR,Main Refinancing Rate,High,0.50%,0.50%,
2013-09-05,7:15am,USD,ADP Non-Farm Employment Change,High,175K,198K,
2013-09-05,7:30am,EUR,ECB Press Conference,High,,,
2013-09-05,7:30am,USD,Unemployment Claims,High,332K,332K,
2013-09-05,7:30am,USD,Revised Nonfarm Productivity q/q,Low,1.6%,0.9%,
2013-09-05,7:30am,USD,Revised Unit Labor Costs q/q,Medium,0.9%,1.4%,
2013-09-05,9:00am,USD,ISM Services PMI,High,55.2,56.0,
2013-09-05,9:00am,USD,Factory Orders m/m,Low,-3.4%,1.6%,
2013-09-05,9:30am,USD,Natural Gas Storage,Medium,55B,67B,
2013-09-05,10:00am,USD,Crude Oil Inventories,Low,-1.9M,3.0M,
2013-09-06,FriSep 6,JPY,Leading Indicators,Medium,107.9%,107.2%,
2013-09-06,1:00am,EUR,German Trade Balance,Low,15.9B,15.8B,
2013-09-06,1:45am,EUR,French Gov Budget Balance,Medium,,-59.3B,
2013-09-06,1:45am,EUR,French Trade Balance,Medium,-4.5B,-4.5B,
2013-09-06,2:00am,CHF,Foreign Currency Reserves,Low,,434B,
2013-09-06,2:00am,GBP,Halifax HPI m/m,Low,0.7%,0.9%,
2013-09-06,2:15am,CHF,CPI m/m,High,0.0%,-0.4%,
2013-09-06,3:30am,GBP,Manufacturing Production m/m,High,0.3%,2.0%,
2013-09-06,3:30am,GBP,Consumer Inflation Expectations,Low,,3.6%,
2013-09-06,3:30am,GBP,Goods Trade Balance,Low,-8.2B,-8.2B,
2013-09-06,3:30am,GBP,Industrial Production m/m,Medium,0.2%,1.3%,
2013-09-06,5:00am,EUR,German Industrial Production m/m,Low,-0.3%,2.0%,
2013-09-06,7:00am,USD,FOMC Member Evans Speaks,Low,,,
2013-09-06,7:30am,USD,Non-Farm Employment Change,High,178K,104K,
2013-09-06,7:30am,USD,Unemployment Rate,High,7.4%,7.4%,
2013-09-06,7:30am,USD,Average Hourly Earnings m/m,Low,0.2%,0.0%,
2013-09-06,8:57am,GBP,NIESR GDP Estimate,Low,,0.7%,
2013-09-06,12:30pm,USD,FOMC Member George Speaks,Low,,,
2013-09-08,6:50pm,JPY,Current Account,Low,0.32T,0.65T,
2013-09-08,6:50pm,JPY,Final GDP q/q,Low,1.0%,0.6%,
2013-09-08,6:50pm,JPY,Bank Lending y/y,Medium,,2.0%,
2013-09-08,6:50pm,JPY,Final GDP Price Index y/y,Medium,-0.3%,-0.3%,
2013-09-09,12:45am,CHF,Unemployment Rate,Medium,3.2%,3.2%,
2013-09-09,1:00am,JPY,Economy Watchers Sentiment,Medium,53.8,52.3,
2013-09-09,2:15am,CHF,Retail Sales y/y,Low,3.2%,2.3%,
2013-09-09,3:30am,EUR,Sentix Investor Confidence,Medium,-4.0,-4.9,
2013-09-09,2:00pm,USD,Consumer Credit m/m,Medium,12.7B,11.9B,
2013-09-09,6:01pm,GBP,RICS House Price Balance,Medium,38%,37%,
2013-09-09,6:50pm,JPY,Monetary Policy Meeting Minutes,Low,,,
2013-09-09,6:50pm,JPY,Tertiary Industry Activity m/m,Low,-0.4%,-0.5%,
2013-09-09,6:50pm,JPY,M2 Money Stock y/y,Medium,3.8%,3.7%,
2013-09-09,10:45pm,JPY,30-y Bond Auction,Medium,,1.79|4.1,
2013-09-10,1:00am,JPY,Prelim Machine Tool Orders y/y,Medium,,-12.1%,
2013-09-10,1:45am,EUR,French Industrial Production m/m,Low,0.7%,-1.4%,
2013-09-10,4:34am,GBP,30-y Bond Auction,Medium,,3.55|1.7,
2013-09-10,6:30am,USD,NFIB Small Business Index,Medium,94.8,94.1,
2013-09-10,9:00am,USD,JOLTS Job Openings,Low,3.96M,3.87M,
2013-09-10,6:50pm,JPY,BSI Manufacturing Index,Low,7.2,5.0,
2013-09-10,6:50pm,JPY,PPI y/y,Medium,2.3%,2.3%,
2013-09-10,8:00pm,USD,President Obama Speaks,Low,,,
2013-09-11,1:00am,EUR,German Final CPI m/m,Medium,0.0%,0.0%,
2013-09-11,3:30am,GBP,Claimant Count Change,High,-21.2K,-36.3K,
2013-09-11,3:30am,GBP,Average Earnings Index 3m/y,Low,1.3%,2.2%,
2013-09-11,3:30am,GBP,Unemployment Rate,Low,7.8%,7.8%,
2013-09-11,4:00am,GBP,CB Leading Index m/m,Medium,,-0.3%,
2013-09-11,4:33am,EUR,German 10-y Bond Auction,Low,,1.80|1.3,
2013-09-11,9:00am,USD,Final Wholesale Inventories m/m,Medium,0.3%,-0.2%,
2013-09-11,9:30am,USD,Crude Oil Inventories,Low,-2.2M,-1.8M,
2013-09-11,10:30am,GBP,MPC Member Miles Speaks,Low,,,
2013-09-11,12:00pm,USD,10-y Bond Auction,Low,,2.62|2.5,
2013-09-11,6:50pm,JPY,Core Machinery Orders m/m,Low,2.5%,-2.7%,
2013-09-12,1:45am,EUR,French Final CPI m/m,Medium,0.5%,-0.3%,
2013-09-12,3:00am,EUR,ECB Monthly Bulletin,Low,,,
2013-09-12,3:00am,EUR,Italian Industrial Production m/m,Medium,0.3%,0.2%,
2013-09-12,4:00am,EUR,Industrial Production m/m,Low,-0.1%,0.6%,
2013-09-12,4:00am,GBP,Monetary Policy Report Hearings,High,,,
2013-09-12,4:34am,GBP,10-y Bond Auction,Low,,2.58|1.8,
2013-09-12,6:40am,EUR,ECB President Draghi Speaks,High,,,
2013-09-12,7:30am,USD,Unemployment Claims,High,332K,323K,
2013-09-12,7:30am,USD,Import Prices m/m,Low,0.6%,0.1%,
2013-09-12,8:00am,USD,FOMC Member Dudley Speaks,Low,,,
2013-09-12,9:30am,USD,Natural Gas Storage,Medium,65B,58B,
2013-09-12,12:00pm,USD,30-y Bond Auction,Medium,,3.65|2.1,
2013-09-12,12:38pm,USD,Federal Budget Balance,Low,-155.3B,-97.6B,
2013-09-12,11:30pm,JPY,Revised Industrial Production m/m,Medium,3.2%,3.2%,
2013-09-13,3:30am,GBP,Construction Output m/m,Medium,2.0%,-1.1%,
2013-09-13,4:00am,EUR,Final Employment Change q/q,Medium,-0.2%,-0.4%,
2013-09-13,All Day,EUR,ECOFIN Meetings,Low,,,
2013-09-13,Day 1,EUR,Eurogroup Meetings,Low,,,
2013-09-13,7:30am,USD,Core Retail Sales m/m,High,0.3%,0.6%,
2013-09-13,7:30am,USD,PPI m/m,High,0.2%,0.0%,
2013-09-13,7:30am,USD,Retail Sales m/m,High,0.5%,0.4%,
2013-09-13,7:30am,USD,Core PPI m/m,Low,0.2%,0.1%,
2013-09-13,8:55am,USD,Prelim UoM Consumer Sentiment,High,82.6,82.1,
2013-09-13,8:55am,USD,Prelim UoM Inflation Expectations,Medium,,3.0%,
2013-09-13,9:00am,USD,Business Inventories m/m,Low,0.4%,0.1%,
2013-09-15,6:01pm,GBP,Rightmove HPI m/m,Medium,,-1.8%,
2013-09-15,All Day,JPY,Bank Holiday,Low,,,
2013-09-16,MonSep 16,EUR,Italian Trade Balance,Medium,4.13B,3.62B,
2013-09-16,4:00am,EUR,Final CPI y/y,Low,1.3%,1.3%,
2013-09-16,4:00am,EUR,Final Core CPI y/y,Medium,1.1%,1.1%,
2013-09-16,7:30am,USD,Empire State Manufacturing Index,Low,9.2,8.2,
2013-09-16,8:15am,USD,Capacity Utilization Rate,Low,77.8%,77.6%,
2013-09-16,8:15am,USD,Industrial Production m/m,Low,0.5%,0.0%,
2013-09-17,3:30am,GBP,CPI y/y,High,2.7%,2.8%,
2013-09-17,3:30am,GBP,PPI Input m/m,Low,0.3%,1.2%,
2013-09-17,3:30am,GBP,RPI y/y,Low,3.2%,3.1%,
2013-09-17,3:30am,GBP,Core CPI y/y,Medium,2.1%,2.0%,
2013-09-17,3:30am,GBP,ONS HPI y/y,Medium,3.4%,3.1%,
2013-09-17,3:30am,GBP,PPI Output m/m,Medium,0.2%,0.2%,
2013-09-17,4:00am,EUR,German ZEW Economic Sentiment,High,45.3,42.0,
2013-09-17,4:00am,EUR,ZEW Economic Sentiment,Low,47.2,44.0,
2013-09-17,4:00am,EUR,Trade Balance,Medium,15.3B,13.5B,
2013-09-17,7:15am,USD,Treasury Sec Lew Speaks,Low,,,
2013-09-17,7:30am,USD,Core CPI m/m,High,0.1%,0.2%,
2013-09-17,7:30am,USD,CPI y/y,High,1.6%,2.0%,
2013-09-17,7:30am,USD,CPI m/m,Low,0.2%,0.2%,
2013-09-17,8:00am,USD,TIC Long-Term Purchases,Low,-45.3B,-67.0B,
2013-09-17,9:00am,USD,NAHB Housing Market Index,Low,59,58,
2013-09-18,WedSep 18,GBP,MPC Official Bank Rate Votes,High,0-0-9,0-0-9,
2013-09-18,4:00am,CHF,UBS Economic Expectations,Low,,7.2,
2013-09-18,7:30am,USD,Building Permits,High,0.95M,0.95M,
2013-09-18,7:30am,USD,Housing Starts,Low,0.93M,0.88M,
2013-09-18,9:30am,USD,Crude Oil Inventories,Low,-1.2M,-0.2M,
2013-09-18,1:00pm,USD,FOMC Economic Projections,High,,,
2013-09-18,1:00pm,USD,FOMC Statement,High,,,
2013-09-18,1:00pm,USD,Federal Funds Rate,Low,<0.25%,<0.25%,
2013-09-18,1:30pm,USD,FOMC Press Conference,High,,,
2013-09-18,6:50pm,JPY,Trade Balance,Low,-0.83T,-0.91T,
2013-09-18,11:30pm,JPY,All Industries Activity m/m,Medium,0.3%,-0.7%,
2013-09-19,1:00am,CHF,Trade Balance,Medium,2.74B,2.49B,
2013-09-19,1:32am,JPY,BOJ Gov Kuroda Speaks,High,,,
2013-09-19,2:30am,CHF,Libor Rate,High,<0.25%,<0.25%,
2013-09-19,2:30am,CHF,SNB Monetary Policy Assessment,High,,,
2013-09-19,3:30am,GBP,Retail Sales m/m,High,0.4%,1.1%,
2013-09-19,5:00am,GBP,CBI Industrial Order Expectations,Low,2,0,
2013-09-19,7:30am,USD,Unemployment Claims,High,331K,294K,
2013-09-19,7:30am,USD,Current Account,Low,-96B,-105B,
2013-09-19,9:00am,USD,Existing Home Sales,High,5.27M,5.39M,
2013-09-19,9:00am,USD,Philly Fed Manufacturing Index,High,10.2,9.3,
2013-09-19,9:00am,USD,CB Leading Index m/m,Medium,0.6%,0.5%,
2013-09-19,9:30am,USD,Natural Gas Storage,Medium,60B,65B,
2013-09-19,9:30pm,JPY,BOJ Gov Kuroda Speaks,High,,,
2013-09-20,6:30am,EUR,German Buba President Weidmann Speaks,Low,,,
2013-09-20,9:00am,EUR,Consumer Confidence,Medium,-14,-16,
2013-09-20,11:30am,USD,FOMC Member George Speaks,Low,,,
2013-09-20,11:40am,USD,FOMC Member Tarullo Speaks,Medium,,,
2013-09-20,11:55am,USD,FOMC Member Bullard Speaks,High,,,
2013-09-22,All Day,JPY,Bank Holiday,Low,,,
2013-09-23,MonSep 23,EUR,French Flash Services PMI,Low,49.3,48.9,
2013-09-23,2:30am,EUR,German Flash Manufacturing PMI,High,52.3,51.8,
2013-09-23,2:30am,EUR,German Flash Services PMI,Low,53.2,52.8,
2013-09-23,3:00am,EUR,Flash Manufacturing PMI,Low,51.8,51.4,
2013-09-23,3:00am,EUR,Flash Services PMI,Low,51.1,50.7,
2013-09-23,5:00am,EUR,German Buba Monthly Report,Low,,,
2013-09-23,8:00am,EUR,ECB President Draghi Speaks,High,,,
2013-09-23,8:00am,USD,Flash Manufacturing PMI,Low,54.2,53.1,
2013-09-23,8:30am,USD,FOMC Member Dudley Speaks,Low,,,
2013-09-23,10:15am,CHF,SNB Chairman Jordan Speaks,High,,,
2013-09-23,1:00pm,GBP,MPC Member Broadbent Speaks,Low,,,
2013-09-24,3:30am,GBP,High Street Lending,Low,38.6K,37.4K,
2013-09-24,5:30am,GBP,MPC Member Miles Speaks,Low,,,
2013-09-24,7:45am,GBP,MPC Member Tucker Speaks,Low,,,
2013-09-24,8:00am,USD,S&P/CS Composite-20 HPI y/y,Low,12.5%,12.1%,
2013-09-24,8:00am,USD,HPI m/m,Medium,0.9%,0.7%,
2013-09-24,8:30am,EUR,Belgian NBB Business Climate,Medium,-7.1,-8.6,
2013-09-24,8:59am,USD,Richmond Manufacturing Index,Medium,17,14,
2013-09-24,9:00am,USD,CB Consumer Confidence,High,79.9,81.8,
2013-09-24,12:00pm,GBP,MPC Member Bean Speaks,Low,,,
2013-09-24,12:00pm,USD,FOMC Member George Speaks,Low,,,
2013-09-24,6:50pm,JPY,SPPI y/y,Medium,0.5%,0.6%,
2013-09-25,WedSep 25,EUR,German GfK Consumer Climate,Low,7.1,7.0,
2013-09-25,3:30am,GBP,FPC Statement,Medium,,,
2013-09-25,5:00am,GBP,CBI Realized Sales,Low,24,27,
2013-09-25,7:30am,USD,Core Durable Goods Orders m/m,High,1.1%,-0.8%,
2013-09-25,7:30am,USD,Durable Goods Orders m/m,Low,0.0%,-7.4%,
2013-09-25,9:00am,USD,New Home Sales,High,422K,390K,
2013-09-25,9:30am,USD,Crude Oil Inventories,Low,-1.0M,-4.4M,
2013-09-26,ThuSep 26,EUR,Private Loans y/y,Medium,-1.7%,-1.9%,
2013-09-26,ThuSep 26,EUR,Italian Retail Sales m/m,Medium,0.3%,-0.2%,
2013-09-26,3:30am,GBP,Current Account,High,-11.2B,-21.8B,
2013-09-26,3:30am,GBP,Final GDP q/q,Low,0.7%,0.7%,
2013-09-26,3:30am,GBP,Revised Business Investment q/q,Medium,0.9%,0.9%,
2013-09-26,7:30am,USD,Unemployment Claims,High,319K,310K,
2013-09-26,7:30am,USD,Final GDP q/q,Low,2.7%,2.5%,
2013-09-26,7:30am,USD,Final GDP Price Index q/q,Medium,0.8%,0.8%,
2013-09-26,8:00am,CHF,SNB Quarterly Bulletin,Medium,,,
2013-09-26,9:00am,USD,Pending Home Sales m/m,High,-0.9%,-1.4%,
2013-09-26,9:10am,USD,FOMC Member Stein Speaks,Low,,,
2013-09-26,9:30am,USD,Natural Gas Storage,Medium,60B,46B,
2013-09-26,6:05pm,GBP,GfK Consumer Confidence,Medium,-10,-13,
2013-09-26,6:30pm,JPY,National Core CPI y/y,Low,0.7%,0.7%,
2013-09-26,6:30pm,JPY,Tokyo Core CPI y/y,Low,0.3%,0.4%,
2013-09-26,8:15pm,USD,FOMC Member George Speaks,Low,,,
2013-09-27,All Day,EUR,German Prelim CPI m/m,Low,0.0%,0.0%,
2013-09-27,Jul Data,EUR,French Consumer Spending m/m,Medium,0.3%,-0.8%,
2013-09-27,1:45am,EUR,French Consumer Spending m/m,Low,0.1%,0.4%,
2013-09-27,2:00am,CHF,KOF Economic Barometer,Low,1.46,1.37,
2013-09-27,2:00am,EUR,Spanish Flash CPI y/y,Medium,0.9%,1.5%,
2013-09-27,3:10am,EUR,Retail PMI,Medium,,50.3,
2013-09-27,3:30am,GBP,Index of Services 3m/3m,Medium,0.6%,0.6%,
2013-09-27,4:00am,EUR,ECB President Draghi Speaks,High,,,
2013-09-27,4:15am,EUR,Italian 10-y Bond Auction,High,,4.46|1.5,
2013-09-27,4:45am,USD,FOMC Member Evans Speaks,High,,,
2013-09-27,7:30am,USD,Core PCE Price Index m/m,Low,0.1%,0.1%,
2013-09-27,7:30am,USD,FOMC Member Rosengren Speaks,Low,,,
2013-09-27,7:30am,USD,Personal Spending m/m,Low,0.3%,0.2%,
2013-09-27,7:30am,USD,Personal Income m/m,Medium,0.5%,0.2%,
2013-09-27,8:55am,USD,Revised UoM Consumer Sentiment,Low,78.2,76.8,
2013-09-27,8:55am,USD,Revised UoM Inflation Expectations,Medium,,3.2%,
2013-09-27,9:45am,USD,FOMC Member Evans Speaks,Low,,,
2013-09-27,1:00pm,USD,FOMC Member Dudley Speaks,Low,,,
2013-09-27,2:30pm,USD,President Obama Speaks,Medium,,,
2013-09-29,6:15pm,JPY,Final Manufacturing PMI,Medium,,52.2,
2013-09-29,6:50pm,JPY,Prelim Industrial Production m/m,Low,-0.2%,3.4%,
2013-09-29,6:50pm,JPY,Retail Sales y/y,Low,1.1%,-0.3%,
2013-09-30,1:00am,EUR,German Retail Sales m/m,Low,0.9%,-0.2%,
2013-09-30,3:30am,GBP,Net Lending to Individuals m/m,Low,1.6B,1.5B,
2013-09-30,3:30am,GBP,M4 Money Supply m/m,Medium,0.7%,0.6%,
2013-09-30,3:30am,GBP,Mortgage Approvals,Medium,61K,61K,
2013-09-30,4:00am,EUR,CPI Flash Estimate y/y,Low,1.3%,1.3%,
2013-09-30,4:00am,EUR,Core CPI Flash Estimate y/y,Medium,,1.1%,
2013-09-30,4:00am,EUR,Italian Prelim CPI m/m,Medium,0.3%,0.4%,
2013-09-30,8:45am,USD,Chicago PMI,Low,54.5,53.0,
2013-09-30,6:30pm,JPY,Household Spending y/y,Low,0.2%,0.1%,
2013-09-30,6:30pm,JPY,Unemployment Rate,Medium,3.8%,3.8%,
2013-09-30,6:50pm,JPY,Tankan Manufacturing Index,Low,7,4,
2013-09-30,6:50pm,JPY,Tankan Non-Manufacturing Index,Low,14,12,
2013-09-30,8:30pm,JPY,Average Cash Earnings y/y,Low,-0.2%,0.1%,
2013-09-30,10:45pm,JPY,10-y Bond Auction,Medium,,0.77|3.5,
2013-10-01,2:15am,EUR,Spanish Manufacturing PMI,Low,51.6,51.1,
2013-10-01,2:30am,CHF,Manufacturing PMI,Low,54.9,54.6,
2013-10-01,2:45am,EUR,Italian Manufacturing PMI,Low,51.2,51.3,
2013-10-01,2:50am,EUR,French Final Manufacturing PMI,Medium,49.5,49.5,
2013-10-01,2:55am,EUR,German Unemployment Change,Low,-5K,9K,
2013-10-01,2:55am,EUR,German Final Manufacturing PMI,Medium,51.3,51.3,
2013-10-01,3:00am,EUR,Final Manufacturing PMI,Medium,51.1,51.1,
2013-10-01,3:00am,EUR,Italian Monthly Unemployment Rate,Medium,12.0%,12.1%,
2013-10-01,3:30am,GBP,Final Manufacturing PMI,High,57.5,57.1,
2013-10-01,3:30am,GBP,FPC Meeting Minutes,Medium,,,
2013-10-01,4:00am,EUR,Unemployment Rate,Low,12.1%,12.0%,
2013-10-01,8:00am,USD,Final Manufacturing PMI,Medium,52.8,52.8,
2013-10-01,9:00am,USD,ISM Manufacturing PMI,High,55.3,55.7,
2013-10-01,9:00am,USD,ISM Manufacturing Prices,Medium,55.2,54.0,
2013-10-01,All Day,USD,Total Vehicle Sales,Medium,16.1M,16.1M,
2013-10-01,12:02pm,USD,President Obama Speaks,Low,,,
2013-10-01,6:50pm,JPY,Monetary Base y/y,Medium,45.3%,42.0%,
2013-10-02,3:30am,GBP,Construction PMI,High,60.1,59.1,
2013-10-02,3:30am,GBP,Housing Equity Withdrawal q/q,Medium,-7.2B,-13.4B,
2013-10-02,4:34am,EUR,German 10-y Bond Auction,Low,,2.06|1.3,
2013-10-02,6:00am,GBP,MPC Member Fisher Speaks,Low,,,
2013-10-02,6:45am,EUR,Main Refinancing Rate,High,0.50%,0.50%,
2013-10-02,7:15am,USD,ADP Non-Farm Employment Change,High,177K,159K,
2013-10-02,7:30am,EUR,ECB Press Conference,High,,,
2013-10-02,9:30am,USD,Crude Oil Inventories,Low,2.4M,2.6M,
2013-10-02,11:00am,USD,FOMC Member Rosengren Speaks,Low,,,
2013-10-02,2:20pm,USD,FOMC Member Bullard Speaks,Medium,,,
2013-10-02,2:30pm,USD,Fed Chairman Bernanke Speaks,High,,,
2013-10-03,2:00am,GBP,Halifax HPI m/m,Low,0.6%,0.3%,
2013-10-03,2:15am,EUR,Spanish Services PMI,Low,50.9,50.4,
2013-10-03,2:45am,EUR,Italian Services PMI,Low,49.3,48.8,
2013-10-03,2:50am,EUR,French Final Services PMI,Medium,50.7,50.7,
2013-10-03,2:55am,EUR,German Final Services PMI,Medium,54.4,54.4,
2013-10-03,3:00am,EUR,Final Services PMI,Medium,52.1,52.1,
2013-10-03,3:30am,GBP,Final Services PMI,High,60.4,60.5,
2013-10-03,3:44am,EUR,Spanish 10-y Bond Auction,Low,,4.50|2.0,
2013-10-03,3:57am,EUR,French 10-y Bond Auction,Low,,2.57|1.9,
2013-10-03,4:00am,EUR,Retail Sales m/m,Low,0.3%,0.5%,
2013-10-03,4:36am,GBP,10-y Bond Auction,Medium,,2.98|1.6,
2013-10-03,6:30am,USD,Challenger Job Cuts y/y,Medium,,56.5%,
2013-10-03,7:30am,USD,Unemployment Claims,High,315K,307K,
2013-10-03,9:00am,USD,ISM Services PMI,High,57.2,58.6,
2013-10-03,9:30am,USD,Natural Gas Storage,Medium,96B,87B,
2013-10-03,12:30pm,USD,FOMC Member Powell Speaks,Low,,,
2013-10-03,9:49pm,JPY,Monetary Policy Statement,High,,,
2013-10-04,2:19am,JPY,BOJ Press Conference,High,,,
2013-10-04,4:00am,EUR,PPI m/m,Medium,0.1%,0.2%,
2013-10-04,8:15am,USD,FOMC Member Dudley Speaks,Low,,,
2013-10-04,8:30am,USD,FOMC Member Stein Speaks,Low,,,
2013-10-07,MonOct 7,JPY,Leading Indicators,Medium,106.9%,107.8%,
2013-10-07,2:00am,CHF,Foreign Currency Reserves,Low,,434B,
2013-10-07,3:30am,EUR,Sentix Investor Confidence,Medium,10.9,6.5,
2013-10-07,4:00am,EUR,Final GDP q/q,Medium,0.3%,0.3%,
2013-10-07,2:00pm,USD,Consumer Credit m/m,Medium,12.6B,10.4B,
2013-10-07,6:01pm,GBP,BRC Retail Sales Monitor y/y,Low,,1.8%,
2013-10-07,6:01pm,GBP,RICS House Price Balance,Medium,45%,41%,
2013-10-07,6:50pm,JPY,Current Account,Low,0.65T,0.33T,
2013-10-08,12:45am,CHF,Unemployment Rate,Medium,3.2%,3.2%,
2013-10-08,1:00am,EUR,German Trade Balance,Low,15.1B,15.0B,
2013-10-08,1:45am,EUR,French Gov Budget Balance,Medium,,-80.8B,
2013-10-08,1:45am,EUR,French Trade Balance,Medium,-4.8B,-5.1B,
2013-10-08,2:15am,CHF,CPI m/m,High,0.2%,-0.1%,
2013-10-08,2:15am,CHF,Retail Sales y/y,Low,1.7%,0.6%,
2013-10-08,5:00am,EUR,German Factory Orders m/m,Low,1.2%,-1.9%,
2013-10-08,6:30am,USD,NFIB Small Business Index,Medium,95.2,94.1,
2013-10-08,9:00am,USD,RCM/TIPP Economic Optimism,Medium,46.2,46.0,
2013-10-08,11:00am,CHF,SNB Chairman Jordan Speaks,High,,,
2013-10-08,1:00pm,USD,President Obama Speaks,Medium,,,
2013-10-08,6:01pm,GBP,BRC Shop Price Index y/y,Medium,,-0.5%,
2013-10-08,6:50pm,JPY,Monetary Policy Meeting Minutes,Low,,,
2013-10-09,3:30am,GBP,Manufacturing Production m/m,High,0.3%,0.2%,
2013-10-09,3:30am,GBP,BOE Credit Conditions Survey,Low,,,
2013-10-09,3:30am,GBP,Goods Trade Balance,Low,-8.9B,-9.9B,
2013-10-09,3:30am,GBP,Industrial Production m/m,Medium,0.2%,0.1%,
2013-10-09,5:00am,EUR,German Industrial Production m/m,Low,1.1%,-1.1%,
2013-10-09,9:00am,GBP,NIESR GDP Estimate,Low,,0.9%,
2013-10-09,9:00am,USD,FOMC Member Evans Speaks,Low,,,
2013-10-09,9:30am,USD,Crude Oil Inventories,Low,0.9M,5.5M,
2013-10-09,12:01pm,USD,10-y Bond Auction,High,,2.95|2.9,
2013-10-09,1:00pm,USD,FOMC Meeting Minutes,High,,,
2013-10-09,2:15pm,USD,President Obama Speaks,Low,,,
2013-10-09,5:00pm,EUR,ECB President Draghi Speaks,High,,,
2013-10-09,6:50pm,JPY,Core Machinery Orders m/m,Low,2.9%,0.0%,
2013-10-09,6:50pm,JPY,Tertiary Industry Activity m/m,Low,0.5%,-0.4%,
2013-10-09,6:50pm,JPY,Bank Lending y/y,Medium,,2.0%,
2013-10-09,10:45pm,JPY,30-y Bond Auction,Medium,,1.80|3.9,
2013-10-10,1:45am,EUR,French Industrial Production m/m,Low,0.7%,-0.6%,
2013-10-10,3:00am,EUR,ECB Monthly Bulletin,Low,,,
2013-10-10,3:00am,EUR,Italian Industrial Production m/m,Medium,0.6%,-1.0%,
2013-10-10,6:00am,GBP,Asset Purchase Facility,High,375B,375B,
2013-10-10,6:00am,GBP,Official Bank Rate,High,0.50%,0.50%,
2013-10-10,7:00am,USD,Treasury Sec Lew Speaks,High,,,
2013-10-10,7:30am,USD,Unemployment Claims,High,307K,308K,
2013-10-10,8:45am,USD,FOMC Member Bullard Speaks,Low,,,
2013-10-10,9:30am,USD,Natural Gas Storage,Medium,96B,101B,
2013-10-10,11:00am,JPY,BOJ Gov Kuroda Speaks,High,,,
2013-10-10,11:20am,EUR,ECB President Draghi Speaks,High,,,
2013-10-10,12:01pm,USD,30-y Bond Auction,Medium,,3.82|2.4,
2013-10-10,12:45pm,USD,FOMC Member Tarullo Speaks,Medium,,,
2013-10-10,6:50pm,JPY,M2 Money Stock y/y,Medium,3.7%,3.8%,
2013-10-10,6:50pm,JPY,PPI y/y,Medium,2.4%,2.3%,
2013-10-11,FriOct 11,EUR,German WPI m/m,Medium,0.5%,-0.6%,
2013-10-11,3:30am,GBP,Construction Output m/m,Medium,0.7%,2.8%,
2013-10-11,4:00am,GBP,CB Leading Index m/m,Medium,,0.7%,
2013-10-11,8:55am,USD,Prelim UoM Consumer Sentiment,High,77.2,77.5,
2013-10-11,8:55am,USD,Prelim UoM Inflation Expectations,Medium,,3.3%,
2013-10-11,10:00am,USD,FOMC Member Powell Speaks,Low,,,
2013-10-11,1:00pm,CHF,Gov Board Member Danthine Speaks,Low,,,
2013-10-12,12:00pm,EUR,German Buba President Weidmann Speaks,Low,,,
2013-10-12,3:00pm,JPY,BOJ Gov Kuroda Speaks,High,,,
2013-10-13,All Day,JPY,Bank Holiday,Low,,,
2013-10-14,4:00am,EUR,Industrial Production m/m,Low,0.8%,-1.0%,
2013-10-14,All Day,EUR,Eurogroup Meetings,Low,,,
2013-10-14,All Day,USD,Bank Holiday,Low,,,
2013-10-14,8:00pm,USD,Fed Chairman Bernanke Speaks,High,,,
2013-10-14,11:30pm,JPY,Revised Industrial Production m/m,Medium,-0.7%,-0.7%,
2013-10-15,1:45am,EUR,French Final CPI m/m,Medium,-0.3%,0.5%,
2013-10-15,3:30am,GBP,CPI y/y,High,2.6%,2.7%,
2013-10-15,3:30am,GBP,PPI Input m/m,Low,-0.1%,-0.7%,
2013-10-15,3:30am,GBP,RPI y/y,Low,3.2%,3.3%,
2013-10-15,3:30am,GBP,Core CPI y/y,Medium,2.0%,2.0%,
2013-10-15,3:30am,GBP,ONS HPI y/y,Medium,3.6%,3.3%,
2013-10-15,3:30am,GBP,PPI Output m/m,Medium,0.3%,0.2%,
2013-10-15,4:00am,EUR,German ZEW Economic Sentiment,High,49.2,49.6,
2013-10-15,4:00am,EUR,ZEW Economic Sentiment,Low,59.4,58.6,
2013-10-15,4:00am,GBP,MPC Member Weale Speaks,Low,,,
2013-10-15,All Day,EUR,ECOFIN Meetings,Low,,,
2013-10-15,7:30am,USD,Empire State Manufacturing Index,Low,8.2,6.3,
2013-10-15,9:00am,USD,FOMC Member Dudley Speaks,Low,,,
2013-10-16,3:30am,GBP,Claimant Count Change,High,-24.3K,-41.6K,
2013-10-16,3:30am,GBP,Unemployment Rate,High,7.7%,7.7%,
2013-10-16,3:30am,GBP,Average Earnings Index 3m/y,Low,1.0%,1.2%,
2013-10-16,4:00am,CHF,UBS Economic Expectations,Low,,16.3,
2013-10-16,4:00am,EUR,Final CPI y/y,Low,1.1%,1.1%,
2013-10-16,4:00am,EUR,Final Core CPI y/y,Medium,1.0%,1.0%,
2013-10-16,4:00am,EUR,Trade Balance,Medium,12.4B,11.0B,
2013-10-16,4:00am,GBP,MPC Member Dale Speaks,Low,,,
2013-10-16,9:00am,USD,NAHB Housing Market Index,Low,58,57,
2013-10-16,1:00pm,EUR,ECB President Draghi Speaks,High,,,
2013-10-16,1:00pm,USD,Beige Book,Low,,,
2013-10-16,4:30pm,USD,FOMC Member George Speaks,Low,,,
2013-10-17,3:30am,GBP,Retail Sales m/m,High,0.5%,-0.8%,
2013-10-17,7:30am,USD,Unemployment Claims,High,357K,373K,
2013-10-17,9:00am,USD,Philly Fed Manufacturing Index,High,15.4,22.3,
2013-10-17,11:45am,USD,FOMC Member Evans Speaks,Low,,,
2013-10-17,11:45am,USD,FOMC Member George Speaks,Low,,,
2013-10-18,11:30am,USD,FOMC Member Tarullo Speaks,Medium,,,
2013-10-18,1:00pm,USD,FOMC Member Evans Speaks,Low,,,
2013-10-18,2:40pm,USD,FOMC Member Dudley Speaks,Low,,,
2013-10-18,3:30pm,USD,FOMC Member Stein Speaks,Low,,,
2013-10-20,6:01pm,GBP,Rightmove HPI m/m,Medium,,-1.5%,
2013-10-20,6:50pm,JPY,Trade Balance,Low,-1.06T,-0.82T,
2013-10-20,11:30pm,JPY,All Industries Activity m/m,Medium,0.3%,0.4%,
2013-10-21,5:00am,EUR,German Buba Monthly Report,Low,,,
2013-10-21,7:00am,USD,FOMC Member Evans Speaks,Low,,,
2013-10-21,9:00am,USD,Existing Home Sales,High,5.31M,5.39M,
2013-10-21,9:30am,USD,Crude Oil Inventories,Low,3.4M,6.8M,
2013-10-22,3:00am,GBP,MPC Member Bean Speaks,Low,,,
2013-10-22,3:30am,GBP,Public Sector Net Borrowing,Low,10.4B,10.8B,
2013-10-22,7:30am,USD,Non-Farm Employment Change,High,182K,193K,
2013-10-22,7:30am,USD,Unemployment Rate,High,7.3%,7.3%,
2013-10-22,7:30am,USD,Average Hourly Earnings m/m,Low,0.2%,0.3%,
2013-10-22,8:00am,USD,TIC Long-Term Purchases,Low,30.9B,31.0B,
2013-10-22,8:59am,USD,Richmond Manufacturing Index,Medium,0,0,
2013-10-22,9:00am,USD,Construction Spending m/m,Medium,0.5%,1.4%,
2013-10-22,9:30am,USD,Natural Gas Storage,Medium,81B,90B,
2013-10-23,WedOct 23,GBP,MPC Official Bank Rate Votes,High,0-0-9,0-0-9,
2013-10-23,WedOct 23,GBP,High Street Lending,Medium,39.4K,38.8K,
2013-10-23,4:33am,EUR,German 30-y Bond Auction,Medium,,2.47|1.6,
2013-10-23,7:30am,USD,Import Prices m/m,Low,0.3%,0.2%,
2013-10-23,8:00am,EUR,Belgian NBB Business Climate,Low,-4.1,-6.7,
2013-10-23,8:00am,USD,HPI m/m,Medium,0.8%,0.8%,
2013-10-23,9:00am,EUR,Consumer Confidence,Medium,-14,-15,
2013-10-23,9:30am,USD,Crude Oil Inventories,Low,2.7M,4.0M,
2013-10-24,2:00am,EUR,French Flash Manufacturing PMI,High,50.3,49.8,
2013-10-24,2:00am,EUR,French Flash Services PMI,Low,51.2,51.0,
2013-10-24,2:00am,EUR,Spanish Unemployment Rate,Low,26.1%,26.3%,
2013-10-24,2:30am,EUR,German Flash Manufacturing PMI,High,51.6,51.1,
2013-10-24,2:30am,EUR,German Flash Services PMI,Low,53.8,53.7,
2013-10-24,3:00am,EUR,Flash Manufacturing PMI,Low,51.4,51.1,
2013-10-24,3:00am,EUR,Flash Services PMI,Low,52.3,52.2,
2013-10-24,Day 1,EUR,EU Economic Summit,Low,,,
2013-10-24,5:00am,GBP,CBI Industrial Order Expectations,Low,10,9,
2013-10-24,7:30am,USD,Trade Balance,High,-39.4B,-38.6B,
2013-10-24,7:30am,USD,Unemployment Claims,High,343K,362K,
2013-10-24,8:00am,USD,Flash Manufacturing PMI,Low,52.8,52.8,
2013-10-24,9:00am,USD,JOLTS Job Openings,Low,3.77M,3.81M,
2013-10-24,9:30am,USD,Natural Gas Storage,Medium,80B,77B,
2013-10-24,11:45am,GBP,BOE Gov Carney Speaks,High,,,
2013-10-24,6:30pm,JPY,Tokyo Core CPI y/y,Low,0.4%,0.2%,
2013-10-24,6:30pm,JPY,National Core CPI y/y,Medium,0.7%,0.8%,
2013-10-24,6:50pm,JPY,SPPI y/y,Medium,0.8%,0.7%,
2013-10-25,FriOct 25,EUR,M3 Money Supply y/y,Low,2.3%,2.3%,
2013-10-25,FriOct 25,EUR,Private Loans y/y,Medium,-1.9%,-2.0%,
2013-10-25,FriOct 25,EUR,Italian Retail Sales m/m,Medium,0.2%,-0.2%,
2013-10-25,3:30am,GBP,Prelim GDP q/q,High,0.8%,0.7%,
2013-10-25,3:30am,GBP,Index of Services 3m/3m,Medium,0.5%,0.5%,
2013-10-25,Day 2,EUR,EU Economic Summit,Low,,,
2013-10-25,7:30am,USD,Core Durable Goods Orders m/m,High,0.6%,-0.4%,
2013-10-25,7:30am,USD,Durable Goods Orders m/m,Low,1.7%,0.2%,
2013-10-25,8:55am,USD,Revised UoM Consumer Sentiment,Low,75.8,75.2,
2013-10-25,8:55am,USD,Revised UoM Inflation Expectations,Medium,,2.9%,
2013-10-25,9:00am,USD,Final Wholesale Inventories m/m,Medium,0.3%,0.2%,
2013-10-26,SatOct 26,EUR,Daylight Saving Time Shift,Low,,,
2013-10-26,SatOct 26,GBP,Daylight Saving Time Shift,Low,,,
2013-10-28,8:15am,USD,Capacity Utilization Rate,Low,78.1%,77.9%,
2013-10-28,8:15am,USD,Industrial Production m/m,Low,0.5%,0.4%,
2013-10-28,8:20am,GBP,MPC Member Dale Speaks,Low,,,
2013-10-28,9:00am,USD,Pending Home Sales m/m,High,0.5%,-1.6%,
2013-10-28,6:30pm,JPY,Household Spending y/y,Low,0.7%,-1.6%,
2013-10-28,6:30pm,JPY,Unemployment Rate,Medium,4.0%,4.1%,
2013-10-28,6:50pm,JPY,Retail Sales y/y,Low,1.9%,1.1%,
2013-10-29,TueOct 29,GBP,M4 Money Supply m/m,Medium,0.6%,0.7%,
2013-10-29,TueOct 29,GBP,Mortgage Approvals,Medium,65K,63K,
2013-10-29,7:30am,USD,Core Retail Sales m/m,High,0.4%,0.1%,
2013-10-29,7:30am,USD,PPI m/m,High,0.2%,0.3%,
2013-10-29,7:30am,USD,Retail Sales m/m,High,0.2%,0.2%,
2013-10-29,7:30am,USD,Core PPI m/m,Low,0.1%,0.0%,
2013-10-29,8:00am,USD,S&P/CS Composite-20 HPI y/y,Low,12.4%,12.3%,
2013-10-29,9:00am,USD,CB Consumer Confidence,High,75.2,80.2,
2013-10-29,9:00am,USD,Business Inventories m/m,Medium,0.3%,0.4%,
2013-10-29,6:50pm,JPY,Prelim Industrial Production m/m,Low,1.8%,-0.9%,
2013-10-30,1:52am,CHF,UBS Consumption Indicator,Medium,,1.32,
2013-10-30,3:00am,CHF,KOF Economic Barometer,Low,1.56,1.54,
2013-10-30,3:00am,EUR,Spanish Flash GDP q/q,Low,0.1%,-0.1%,
2013-10-30,3:00am,EUR,Spanish Flash CPI y/y,Medium,0.3%,0.3%,
2013-10-30,3:55am,EUR,German Unemployment Change,Low,1K,24K,
2013-10-30,4:10am,EUR,Retail PMI,Medium,,48.6,
2013-10-30,5:12am,EUR,Italian 10-y Bond Auction,Low,,4.50|1.4,
2013-10-30,5:34am,EUR,German 10-y Bond Auction,Low,,1.79|1.3,
2013-10-30,7:15am,USD,ADP Non-Farm Employment Change,High,151K,145K,
2013-10-30,7:30am,USD,Core CPI m/m,High,0.2%,0.1%,
2013-10-30,7:30am,USD,CPI y/y,High,1.2%,1.5%,
2013-10-30,7:30am,USD,CPI m/m,Low,0.2%,0.1%,
2013-10-30,9:30am,USD,Crude Oil Inventories,Low,1.9M,5.2M,
2013-10-30,1:00pm,USD,FOMC Statement,High,,,
2013-10-30,1:00pm,USD,Federal Funds Rate,Low,<0.25%,<0.25%,
2013-10-30,3:30pm,USD,Federal Budget Balance,Low,62.0B,-147.9B,
2013-10-30,4:15pm,USD,Treasury Currency Report,Low,,,
2013-10-30,6:15pm,JPY,Final Manufacturing PMI,Medium,,52.5,
2013-10-30,7:05pm,GBP,GfK Consumer Confidence,Medium,-8,-10,
2013-10-30,8:30pm,JPY,Average Cash Earnings y/y,Low,-0.5%,-0.9%,
2013-10-30,11:14pm,JPY,Monetary Policy Statement,High,,,
2013-10-31,1:00am,JPY,BOJ Outlook Report,Low,,,
2013-10-31,2:00am,EUR,German GfK Consumer Climate,Low,7.3,7.1,
2013-10-31,2:00am,EUR,German Retail Sales m/m,Low,0.5%,-0.2%,
2013-10-31,2:00am,EUR,German Import Prices m/m,Medium,0.2%,0.1%,
2013-10-31,2:00am,GBP,Nationwide HPI m/m,Low,0.7%,0.9%,
2013-10-31,2:24am,JPY,BOJ Press Conference,High,,,
2013-10-31,2:45am,EUR,French Consumer Spending m/m,Low,0.2%,-0.3%,
2013-10-31,4:00am,EUR,Italian Monthly Unemployment Rate,Medium,12.4%,12.4%,
2013-10-31,5:00am,EUR,CPI Flash Estimate y/y,Low,1.1%,1.1%,
2013-10-31,5:00am,EUR,Unemployment Rate,Low,12.0%,12.2%,
2013-10-31,5:00am,EUR,Core CPI Flash Estimate y/y,Medium,,1.0%,
2013-10-31,5:00am,EUR,Italian Prelim CPI m/m,Medium,0.4%,-0.3%,
2013-10-31,7:30am,USD,Unemployment Claims,High,341K,350K,
2013-10-31,8:00am,USD,Treasury Sec Lew Speaks,Low,,,
2013-10-31,8:45am,USD,Chicago PMI,Low,55.1,55.7,
2013-10-31,9:30am,USD,Natural Gas Storage,Medium,35B,87B,
2013-11-01,All Day,EUR,French Bank Holiday,Low,,,
2013-11-01,All Day,EUR,Italian Bank Holiday,Low,,,
2013-11-01,3:30am,CHF,Manufacturing PMI,Low,55.4,55.3,
2013-11-01,4:30am,GBP,Final Manufacturing PMI,High,56.3,56.3,
2013-11-01,8:00am,USD,Final Manufacturing PMI,Medium,51.1,51.1,
2013-11-01,8:10am,USD,FOMC Member Bullard Speaks,High,,,
2013-11-01,9:00am,USD,ISM Manufacturing PMI,High,55.3,56.2,
2013-11-01,9:00am,USD,ISM Manufacturing Prices,Medium,55.1,56.5,
2013-11-01,All Day,USD,Total Vehicle Sales,Medium,15.5M,15.3M,
2013-11-03,SunNov 3,USD,Daylight Saving Time Shift,Low,,,
2013-11-03,All Day,JPY,Bank Holiday,Low,,,
2013-11-04,2:45am,EUR,Italian Manufacturing PMI,Low,51.1,50.8,
2013-11-04,2:50am,EUR,French Final Manufacturing PMI,Medium,49.4,49.4,
2013-11-04,2:55am,EUR,German Final Manufacturing PMI,Medium,51.5,51.5,
2013-11-04,3:00am,EUR,Final Manufacturing PMI,Medium,51.3,51.3,
2013-11-04,3:30am,EUR,Sentix Investor Confidence,Medium,6.6,6.1,
2013-11-04,3:30am,GBP,Construction PMI,High,58.9,58.9,
2013-11-04,Aug Data,USD,Factory Orders m/m,Medium,0.2%,-2.8%,
2013-11-04,9:00am,USD,Factory Orders m/m,Low,1.9%,-0.1%,
2013-11-04,10:40am,USD,FOMC Member Powell Speaks,Low,,,
2013-11-04,1:00pm,USD,Loan Officer Survey,Medium,,,
2013-11-04,3:00pm,USD,FOMC Member Rosengren Speaks,Low,,,
2013-11-04,5:50pm,JPY,Monetary Base y/y,Medium,48.3%,46.1%,
2013-11-04,6:00pm,GBP,BRC Retail Sales Monitor y/y,Low,,0.7%,
2013-11-04,11:30pm,JPY,BOJ Gov Kuroda Speaks,High,,,
2013-11-05,2:15am,CHF,CPI m/m,High,0.1%,0.3%,
2013-11-05,3:30am,EUR,EU Economic Forecasts,Low,,,
2013-11-05,3:30am,GBP,Final Services PMI,High,60.4,60.3,
2013-11-05,4:00am,EUR,PPI m/m,Medium,0.3%,0.0%,
2013-11-05,9:00am,USD,ISM Services PMI,High,54.2,54.4,
2013-11-05,9:00am,USD,RCM/TIPP Economic Optimism,Medium,41.1,38.4,
2013-11-05,5:50pm,JPY,Monetary Policy Meeting Minutes,Low,,,
2013-11-05,6:01pm,GBP,BRC Shop Price Index y/y,Medium,,-0.2%,
2013-11-05,9:45pm,JPY,10-y Bond Auction,Medium,,0.68|3.7,
2013-11-06,2:15am,EUR,Spanish Services PMI,Low,48.1,49.0,
2013-11-06,2:45am,EUR,Italian Services PMI,Low,51.6,52.7,
2013-11-06,2:50am,EUR,French Final Services PMI,Medium,50.2,50.2,
2013-11-06,2:55am,EUR,German Final Services PMI,Medium,52.3,52.3,
2013-11-06,3:00am,EUR,Final Services PMI,Medium,50.9,50.9,
2013-11-06,3:30am,GBP,Manufacturing Production m/m,High,1.2%,-1.2%,
2013-11-06,3:30am,GBP,Industrial Production m/m,Medium,0.7%,-1.1%,
2013-11-06,4:00am,EUR,Retail Sales m/m,Low,-0.3%,0.5%,
2013-11-06,5:00am,EUR,German Factory Orders m/m,Low,0.6%,-0.3%,
2013-11-06,6:30am,USD,Challenger Job Cuts y/y,Medium,,19.1%,
2013-11-06,9:00am,GBP,NIESR GDP Estimate,Low,,0.8%,
2013-11-06,9:00am,USD,CB Leading Index m/m,Medium,0.7%,0.7%,
2013-11-06,9:30am,USD,Crude Oil Inventories,Low,1.7M,4.1M,
2013-11-06,11:00pm,JPY,Leading Indicators,Medium,109.4%,106.8%,
2013-11-07,2:00am,CHF,Foreign Currency Reserves,Low,,433B,
2013-11-07,3:43am,EUR,Spanish 10-y Bond Auction,Low,,4.27|2.0,
2013-11-07,3:58am,EUR,French 10-y Bond Auction,Low,,2.37|1.9,
2013-11-07,5:00am,EUR,German Industrial Production m/m,Low,0.2%,1.6%,
2013-11-07,6:00am,GBP,Asset Purchase Facility,High,375B,375B,
2013-11-07,6:00am,GBP,Official Bank Rate,High,0.50%,0.50%,
2013-11-07,6:45am,EUR,Main Refinancing Rate,High,0.50%,0.50%,
2013-11-07,7:30am,EUR,ECB Press Conference,High,,,
2013-11-07,7:30am,USD,Advance GDP q/q,High,2.0%,2.5%,
2013-11-07,7:30am,USD,Unemployment Claims,High,336K,345K,
2013-11-07,7:30am,USD,Advance GDP Price Index q/q,Low,1.5%,0.6%,
2013-11-07,9:00am,USD,Mortgage Delinquencies,Low,,6.96%,
2013-11-07,9:30am,USD,Natural Gas Storage,Medium,40B,38B,
2013-11-07,12:30pm,USD,FOMC Member Dudley Speaks,Low,,,
2013-11-07,12:50pm,USD,FOMC Member Stein Speaks,Low,,,
2013-11-07,1:00pm,EUR,ECB President Draghi Speaks,High,,,
2013-11-07,2:00pm,USD,Consumer Credit m/m,Medium,13.0B,14.2B,
2013-11-08,1:00am,EUR,German Trade Balance,Low,17.2B,15.8B,
2013-11-08,1:45am,EUR,French Industrial Production m/m,Low,0.4%,0.7%,
2013-11-08,1:45am,EUR,French Gov Budget Balance,Medium,,-93.6B,
2013-11-08,1:45am,EUR,French Trade Balance,Medium,-4.7B,-5.1B,
2013-11-08,2:15am,CHF,Retail Sales y/y,Low,2.6%,2.5%,
2013-11-08,3:30am,GBP,Goods Trade Balance,Low,-9.1B,-9.6B,
2013-11-08,3:30am,GBP,Construction Output m/m,Medium,1.3%,0.1%,
2013-11-08,7:30am,USD,Non-Farm Employment Change,High,121K,163K,
2013-11-08,7:30am,USD,Unemployment Rate,High,7.3%,7.2%,
2013-11-08,7:30am,USD,Average Hourly Earnings m/m,Low,0.2%,0.1%,
2013-11-08,7:30am,USD,Core PCE Price Index m/m,Low,0.1%,0.1%,
2013-11-08,7:30am,USD,Personal Spending m/m,Low,0.3%,0.3%,
2013-11-08,7:30am,USD,Personal Income m/m,Medium,0.3%,0.5%,
2013-11-08,8:55am,USD,Prelim UoM Consumer Sentiment,High,74.6,73.2,
2013-11-08,8:55am,USD,Prelim UoM Inflation Expectations,Medium,,3.0%,
2013-11-08,12:10pm,USD,President Obama Speaks,Medium,,,
2013-11-08,2:30pm,USD,Fed Chairman Bernanke Speaks,High,,,
2013-11-10,SunNov 10,JPY,Bank Lending y/y,Medium,,2.0%,
2013-11-10,11:00pm,JPY,Economy Watchers Sentiment,Medium,54.2,52.8,
2013-11-11,3:00am,EUR,Italian Industrial Production m/m,Medium,0.2%,-0.2%,
2013-11-11,All Day,USD,Bank Holiday,Low,,,
2013-11-11,11:00am,EUR,German Buba President Weidmann Speaks,Low,,,
2013-11-11,1:25pm,USD,NFIB Small Business Index,Medium,93.5,93.9,
2013-11-11,5:50pm,JPY,Tertiary Industry Activity m/m,Low,0.2%,0.6%,
2013-11-11,5:50pm,JPY,M2 Money Stock y/y,Medium,3.9%,3.9%,
2013-11-11,6:01pm,GBP,RICS House Price Balance,Medium,59%,53%,
2013-11-11,9:45pm,JPY,30-y Bond Auction,Medium,,1.63|4.1,
2013-11-11,11:00pm,JPY,Consumer Confidence,Medium,46.3,45.4,
2013-11-12,1:00am,EUR,German Final CPI m/m,Medium,-0.2%,-0.2%,
2013-11-12,1:00am,EUR,German WPI m/m,Medium,0.3%,0.7%,
2013-11-12,3:30am,GBP,CPI y/y,High,2.5%,2.7%,
2013-11-12,3:30am,GBP,PPI Input m/m,Low,-0.8%,-1.0%,
2013-11-12,3:30am,GBP,RPI y/y,Low,3.0%,3.2%,
2013-11-12,3:30am,GBP,Core CPI y/y,Medium,2.0%,2.2%,
2013-11-12,3:30am,GBP,ONS HPI y/y,Medium,4.1%,3.7%,
2013-11-12,3:30am,GBP,PPI Output m/m,Medium,0.0%,0.0%,
2013-11-12,4:00am,GBP,CB Leading Index m/m,Medium,,1.2%,
2013-11-12,5:50pm,JPY,Core Machinery Orders m/m,Low,-1.8%,5.4%,
2013-11-12,5:50pm,JPY,PPI y/y,Medium,2.5%,2.2%,
2013-11-13,WedNov 13,GBP,Unemployment Rate,High,7.6%,7.7%,
2013-11-13,WedNov 13,GBP,Average Earnings Index 3m/y,Low,0.7%,0.8%,
2013-11-13,4:00am,EUR,Industrial Production m/m,Low,-0.2%,1.0%,
2013-11-13,4:30am,GBP,BOE Gov Carney Speaks,High,,,
2013-11-13,4:30am,GBP,BOE Monetary Policy Report,High,,,
2013-11-13,6:10am,EUR,German Buba President Weidmann Speaks,Low,,,
2013-11-13,12:01pm,USD,10-y Bond Auction,Low,,2.66|2.6,
2013-11-13,1:00pm,USD,Federal Budget Balance,Low,-104.3B,75.1B,
2013-11-13,5:50pm,JPY,Prelim GDP q/q,High,0.4%,0.9%,
2013-11-13,5:50pm,JPY,Prelim GDP Price Index y/y,Medium,-0.5%,-0.5%,
2013-11-13,6:00pm,USD,Fed Chairman Bernanke Speaks,High,,,
2013-11-13,10:30pm,JPY,Revised Industrial Production m/m,Medium,1.5%,1.5%,
2013-11-14,1:00am,EUR,German Prelim GDP q/q,Low,0.3%,0.7%,
2013-11-14,1:45am,EUR,French Prelim Private Payrolls q/q,Low,-0.1%,-0.2%,
2013-11-14,1:45am,EUR,French Final CPI m/m,Medium,0.0%,-0.2%,
2013-11-14,2:15am,CHF,PPI m/m,Low,0.3%,0.1%,
2013-11-14,3:00am,EUR,ECB Monthly Bulletin,Low,,,
2013-11-14,3:00am,EUR,Italian Prelim GDP q/q,Low,-0.2%,-0.3%,
2013-11-14,3:30am,GBP,Retail Sales m/m,High,0.0%,0.6%,
2013-11-14,4:00am,EUR,Flash GDP q/q,Low,0.2%,0.3%,
2013-11-14,All Day,EUR,Eurogroup Meetings,Low,,,
2013-11-14,7:30am,USD,Trade Balance,High,-38.7B,-38.7B,
2013-11-14,7:30am,USD,Unemployment Claims,High,331K,341K,
2013-11-14,7:30am,USD,Prelim Nonfarm Productivity q/q,Low,1.3%,2.3%,
2013-11-14,7:30am,USD,Prelim Unit Labor Costs q/q,Low,1.1%,0.0%,
2013-11-14,9:00am,USD,Fed Chair Yellen Testifies,High,,,
2013-11-14,9:30am,USD,Natural Gas Storage,Medium,21B,35B,
2013-11-14,10:00am,USD,Crude Oil Inventories,Low,0.7M,1.6M,
2013-11-14,12:01pm,USD,30-y Bond Auction,Medium,,3.76|2.6,
2013-11-14,12:45pm,GBP,MPC Member Miles Speaks,Low,,,
2013-11-15,4:00am,EUR,Final CPI y/y,Low,0.7%,0.7%,
2013-11-15,4:00am,EUR,Final Core CPI y/y,Medium,0.8%,0.8%,
2013-11-15,All Day,EUR,ECOFIN Meetings,Low,,,
2013-11-15,7:30am,USD,Empire State Manufacturing Index,Low,5.2,1.5,
2013-11-15,7:30am,USD,Import Prices m/m,Low,-0.4%,0.1%,
2013-11-15,8:15am,USD,Capacity Utilization Rate,Low,78.3%,78.3%,
2013-11-15,8:15am,USD,Industrial Production m/m,Low,0.1%,0.7%,
2013-11-15,9:00am,USD,Final Wholesale Inventories m/m,Medium,0.5%,0.8%,
2013-11-17,5:48pm,GBP,Rightmove HPI m/m,Medium,,2.8%,
2013-11-18,3:00am,EUR,Current Account,Low,18.3B,17.9B,
2013-11-18,4:00am,EUR,Trade Balance,Medium,14.3B,12.3B,
2013-11-18,5:00am,EUR,German Buba Monthly Report,Low,,,
2013-11-18,8:00am,USD,TIC Long-Term Purchases,Low,21.3B,-9.8B,
2013-11-18,9:00am,USD,NAHB Housing Market Index,Low,56,54,
2013-11-18,11:15am,USD,FOMC Member Dudley Speaks,Low,,,
2013-11-19,TueNov 19,EUR,ZEW Economic Sentiment,Low,63.1,59.1,
2013-11-19,4:34am,GBP,10-y Bond Auction,Medium,,2.74|1.8,
2013-11-19,7:30am,USD,Employment Cost Index q/q,Low,0.5%,0.5%,
2013-11-19,7:45am,USD,Treasury Sec Lew Speaks,Low,,,
2013-11-19,9:00am,USD,FOMC Member Dudley Speaks,Low,,,
2013-11-19,1:15pm,USD,FOMC Member Evans Speaks,Low,,,
2013-11-19,2:00pm,USD,President Obama Speaks,Medium,,,
2013-11-19,5:50pm,JPY,Trade Balance,Low,-0.88T,-1.13T,
2013-11-19,6:00pm,USD,Fed Chairman Bernanke Speaks,High,,,
2013-11-19,10:30pm,JPY,All Industries Activity m/m,Medium,0.5%,0.3%,
2013-11-20,3:30am,GBP,MPC Asset Purchase Facility Votes,High,0-0-9,0-0-9,
2013-11-20,3:30am,GBP,MPC Official Bank Rate Votes,High,0-0-9,0-0-9,
2013-11-20,4:00am,CHF,UBS Economic Expectations,Low,,24.9,
2013-11-20,4:20am,GBP,MPC Member Dale Speaks,Low,,,
2013-11-20,7:30am,USD,Core CPI m/m,High,0.1%,0.1%,
2013-11-20,7:30am,USD,Core Retail Sales m/m,High,0.1%,0.3%,
2013-11-20,7:30am,USD,CPI y/y,High,1.0%,1.2%,
2013-11-20,7:30am,USD,Retail Sales m/m,High,0.1%,0.0%,
2013-11-20,7:30am,USD,CPI m/m,Low,0.0%,0.2%,
2013-11-20,9:00am,USD,Existing Home Sales,High,5.17M,5.29M,
2013-11-20,9:00am,USD,Business Inventories m/m,Low,0.3%,0.4%,
2013-11-20,9:00am,USD,FOMC Member Dudley Speaks,Low,,,
2013-11-20,9:30am,USD,Crude Oil Inventories,Low,-0.2M,2.6M,
2013-11-20,11:10am,USD,FOMC Member Bullard Speaks,Low,,,
2013-11-20,12:30pm,GBP,MPC Member Weale Speaks,Low,,,
2013-11-20,1:00pm,USD,FOMC Meeting Minutes,High,,,
2013-11-20,9:15pm,JPY,Monetary Policy Statement,High,,,
2013-11-21,1:19am,JPY,BOJ Press Conference,High,,,
2013-11-21,2:00am,EUR,French Flash Manufacturing PMI,High,49.6,49.1,
2013-11-21,2:00am,EUR,French Flash Services PMI,Low,51.3,50.9,
2013-11-21,2:30am,EUR,German Flash Manufacturing PMI,High,52.3,51.7,
2013-11-21,2:30am,EUR,German Flash Services PMI,Low,53.1,52.9,
2013-11-21,3:00am,EUR,Flash Manufacturing PMI,Low,51.6,51.3,
2013-11-21,3:00am,EUR,Flash Services PMI,Low,51.9,51.6,
2013-11-21,3:30am,GBP,Public Sector Net Borrowing,Low,4.8B,8.6B,
2013-11-21,5:00am,GBP,CBI Industrial Order Expectations,Low,0,-4,
2013-11-21,5:30am,EUR,ECB President Draghi Speaks,High,,,
2013-11-21,7:30am,USD,PPI m/m,High,-0.2%,-0.1%,
2013-11-21,7:30am,USD,Unemployment Claims,High,333K,344K,
2013-11-21,7:30am,USD,Core PPI m/m,Low,0.1%,0.1%,
2013-11-21,8:00am,USD,Flash Manufacturing PMI,Low,52.6,51.8,
2013-11-21,8:45am,USD,FOMC Member Powell Speaks,Low,,,
2013-11-21,9:00am,EUR,Consumer Confidence,Medium,-14,-15,
2013-11-21,9:00am,USD,Philly Fed Manufacturing Index,High,15.8,19.8,
2013-11-21,9:30am,USD,Natural Gas Storage,Medium,-34B,20B,
2013-11-21,10:00am,EUR,German Buba President Weidmann Speaks,High,,,
2013-11-21,12:00pm,USD,FOMC Member Bullard Speaks,Low,,,
2013-11-21,11:00pm,JPY,BOJ Monthly Report,Medium,,,
2013-11-22,2:55am,EUR,ECB President Draghi Speaks,High,,,
2013-11-22,3:00am,EUR,German ifo Business Climate,High,107.9,107.4,
2013-11-22,3:00am,EUR,Italian Retail Sales m/m,Medium,0.4%,0.0%,
2013-11-22,All Day,EUR,Eurogroup Meetings,Low,,,
2013-11-22,7:40am,USD,FOMC Member George Speaks,Low,,,
2013-11-22,8:00am,EUR,Belgian NBB Business Climate,Medium,-6.9,-7.7,
2013-11-22,9:00am,USD,JOLTS Job Openings,Low,3.89M,3.84M,
2013-11-22,11:15am,USD,FOMC Member Tarullo Speaks,Medium,,,
2013-11-25,3:30am,GBP,High Street Lending,Low,45.2K,43.2K,
2013-11-25,8:00am,USD,Flash Services PMI,Medium,,49.3,
2013-11-25,9:00am,USD,Pending Home Sales m/m,High,2.2%,-4.6%,
2013-11-25,10:30am,CHF,SNB Chairman Jordan Speaks,High,,,
2013-11-25,3:15pm,EUR,German Buba President Weidmann Speaks,Low,,,
2013-11-25,5:50pm,JPY,Monetary Policy Meeting Minutes,Low,,,
2013-11-25,5:50pm,JPY,SPPI y/y,Medium,0.9%,0.7%,
2013-11-26,Sep Data,USD,Building Permits,Medium,0.94M,0.93M,
2013-11-26,7:30am,USD,Building Permits,High,0.94M,0.97M,
2013-11-26,8:00am,USD,S&P/CS Composite-20 HPI y/y,Low,13.0%,12.8%,
2013-11-26,8:00am,USD,HPI m/m,Medium,0.5%,0.4%,
2013-11-26,8:59am,USD,Richmond Manufacturing Index,Medium,3,1,
2013-11-26,9:00am,USD,CB Consumer Confidence,High,72.2,72.4,
2013-11-27,3:00am,EUR,German GfK Consumer Climate,Low,7.1,7.1,
2013-11-27,3:30am,GBP,Second Estimate GDP q/q,High,0.8%,0.8%,
2013-11-27,3:30am,GBP,Prelim Business Investment q/q,Low,2.3%,-2.7%,
2013-11-27,3:30am,GBP,Index of Services 3m/3m,Medium,0.4%,0.6%,
2013-11-27,4:33am,EUR,German 10-y Bond Auction,Low,,1.71|1.7,
2013-11-27,5:00am,EUR,ECB Financial Stability Review,Medium,,,
2013-11-27,5:00am,GBP,CBI Realized Sales,Low,12,2,
2013-11-27,7:30am,USD,Core Durable Goods Orders m/m,High,0.5%,-0.2%,
2013-11-27,7:30am,USD,Unemployment Claims,High,331K,326K,
2013-11-27,7:30am,USD,Durable Goods Orders m/m,Low,-1.5%,3.8%,
2013-11-27,8:45am,USD,Chicago PMI,Low,60.6,65.9,
2013-11-27,8:55am,USD,Revised UoM Consumer Sentiment,Low,73.1,72.0,
2013-11-27,8:55am,USD,Revised UoM Inflation Expectations,Medium,,3.1%,
2013-11-27,9:00am,USD,CB Leading Index m/m,Medium,0.1%,0.9%,
2013-11-27,9:30am,USD,Crude Oil Inventories,Low,0.5M,0.4M,
2013-11-27,11:00am,USD,Natural Gas Storage,Medium,-11B,-45B,
2013-11-27,5:50pm,JPY,Retail Sales y/y,Low,2.2%,3.0%,
2013-11-28,1:00am,EUR,German Import Prices m/m,Medium,-0.2%,0.0%,
2013-11-28,All Day,EUR,German Prelim CPI m/m,Low,0.1%,-0.2%,
2013-11-28,2:00am,EUR,Spanish Flash CPI y/y,Low,0.1%,-0.1%,
2013-11-28,2:55am,EUR,German Unemployment Change,Low,0K,3K,
2013-11-28,3:00am,EUR,M3 Money Supply y/y,Low,1.8%,2.0%,
2013-11-28,3:00am,EUR,Private Loans y/y,Medium,-1.9%,-2.0%,
2013-11-28,3:10am,EUR,Retail PMI,Medium,,47.7,
2013-11-28,4:10am,EUR,Italian 10-y Bond Auction,Low,,4.11|1.5,
2013-11-28,4:30am,GBP,BOE Gov Carney Speaks,High,,,
2013-11-28,4:30am,GBP,BOE Financial Stability Report,Low,,,
2013-11-28,4:30am,GBP,FPC Statement,Medium,,,
2013-11-28,4:33am,GBP,30-y Bond Auction,Medium,,3.74|1.5,
2013-11-28,All Day,USD,Bank Holiday,Low,,,
2013-11-28,5:15pm,JPY,Final Manufacturing PMI,Medium,,54.2,
2013-11-28,5:30pm,JPY,Household Spending y/y,Low,1.2%,3.7%,
2013-11-28,5:30pm,JPY,Tokyo Core CPI y/y,Low,0.4%,0.3%,
2013-11-28,5:30pm,JPY,National Core CPI y/y,Medium,0.9%,0.7%,
2013-11-28,5:30pm,JPY,Unemployment Rate,Medium,3.9%,4.0%,
2013-11-28,5:50pm,JPY,Prelim Industrial Production m/m,Low,2.1%,1.5%,
2013-11-28,6:05pm,GBP,GfK Consumer Confidence,Medium,-8,-11,
2013-11-28,11:00pm,JPY,Housing Starts y/y,Medium,5.5%,19.4%,
2013-11-29,FriNov 29,GBP,Nationwide HPI m/m,Low,0.6%,1.0%,
2013-11-29,1:45am,EUR,French Consumer Spending m/m,Low,0.3%,-0.1%,
2013-11-29,2:00am,CHF,KOF Economic Barometer,Low,1.82,1.71,
2013-11-29,3:00am,EUR,Italian Monthly Unemployment Rate,Medium,12.5%,12.5%,
2013-11-29,3:00am,EUR,Italian Quarterly Unemployment Rate,Medium,12.2%,12.1%,
2013-11-29,3:30am,GBP,Net Lending to Individuals m/m,Low,2.1B,2.2B,
2013-11-29,3:30am,GBP,M4 Money Supply m/m,Medium,1.1%,0.5%,
2013-11-29,3:30am,GBP,Mortgage Approvals,Medium,68K,67K,
2013-11-29,4:00am,EUR,CPI Flash Estimate y/y,High,0.8%,0.7%,
2013-11-29,4:00am,EUR,Core CPI Flash Estimate y/y,Low,,0.8%,
2013-11-29,4:00am,EUR,Unemployment Rate,Low,12.2%,12.2%,
2013-11-29,4:00am,EUR,Italian Prelim CPI m/m,Medium,0.2%,-0.2%,
2013-12-01,5:50pm,JPY,Capital Spending q/y,Low,3.1%,0.0%,
2013-12-01,8:30pm,JPY,BOJ Gov Kuroda Speaks,High,,,
2013-12-02,2:30am,CHF,Manufacturing PMI,Low,55.1,54.2,
2013-12-02,2:45am,EUR,Italian Manufacturing PMI,Low,51.4,50.7,
2013-12-02,2:50am,EUR,French Final Manufacturing PMI,Medium,47.8,47.8,
2013-12-02,2:55am,EUR,German Final Manufacturing PMI,Medium,52.5,52.5,
2013-12-02,3:00am,EUR,Final Manufacturing PMI,Medium,51.5,51.5,
2013-12-02,3:30am,GBP,Final Manufacturing PMI,High,56.5,56.5,
2013-12-02,7:30am,USD,Fed Chairman Bernanke Speaks,High,,,
2013-12-02,8:00am,USD,Final Manufacturing PMI,Medium,54.3,54.3,
2013-12-02,Sep Data,USD,Construction Spending m/m,Medium,0.5%,0.6%,
2013-12-02,9:00am,USD,ISM Manufacturing PMI,High,55.2,56.4,
2013-12-02,9:00am,USD,Construction Spending m/m,Medium,0.4%,-0.3%,
2013-12-02,9:00am,USD,ISM Manufacturing Prices,Medium,55.0,55.5,
2013-12-02,5:50pm,JPY,Monetary Base y/y,Medium,47.2%,45.8%,
2013-12-02,6:01pm,GBP,BRC Retail Sales Monitor y/y,Low,,0.8%,
2013-12-02,7:30pm,JPY,Average Cash Earnings y/y,Low,0.1%,-0.2%,
2013-12-03,3:30am,GBP,Construction PMI,High,59.3,59.4,
2013-12-03,3:30am,GBP,FPC Meeting Minutes,Medium,,,
2013-12-03,4:00am,EUR,PPI m/m,Medium,-0.1%,0.2%,
2013-12-03,9:00am,USD,RCM/TIPP Economic Optimism,Medium,43.2,41.4,
2013-12-03,All Day,USD,Total Vehicle Sales,Medium,15.8M,15.2M,
2013-12-03,6:01pm,GBP,BRC Shop Price Index y/y,Medium,,-0.5%,
2013-12-04,2:45am,EUR,Italian Services PMI,Low,51.2,50.5,
2013-12-04,2:50am,EUR,French Final Services PMI,Medium,48.8,48.8,
2013-12-04,2:55am,EUR,German Final Services PMI,Medium,54.5,54.5,
2013-12-04,3:00am,EUR,Final Services PMI,Medium,50.9,50.9,
2013-12-04,3:30am,GBP,Final Services PMI,High,62.1,62.5,
2013-12-04,4:00am,EUR,Retail Sales m/m,Low,0.2%,-0.6%,
2013-12-04,4:00am,EUR,Revised GDP q/q,Medium,0.1%,0.1%,
2013-12-04,7:15am,USD,ADP Non-Farm Employment Change,High,172K,184K,
2013-12-04,7:30am,USD,Trade Balance,High,-40.3B,-43.0B,
2013-12-04,8:00am,USD,Final Services PMI,Medium,57.1,57.1,
2013-12-04,Sep Data,USD,New Home Sales,Medium,427K,379K,
2013-12-04,9:00am,USD,ISM Services PMI,High,55.4,55.4,
2013-12-04,9:00am,USD,New Home Sales,High,432K,354K,
2013-12-04,9:30am,USD,Crude Oil Inventories,Low,-0.5M,3.0M,
2013-12-04,10:20am,USD,President Obama Speaks,Medium,,,
2013-12-04,1:00pm,USD,Beige Book,Low,,,
2013-12-04,9:45pm,JPY,10-y Bond Auction,Medium,,0.61|3.7,
2013-12-05,6:00am,GBP,Asset Purchase Facility,High,375B,375B,
2013-12-05,6:00am,GBP,Official Bank Rate,High,0.50%,0.50%,
2013-12-05,6:30am,USD,Challenger Job Cuts y/y,Medium,,-4.2%,
2013-12-05,6:45am,EUR,Main Refinancing Rate,High,0.25%,0.25%,
2013-12-05,7:30am,EUR,ECB Press Conference,High,,,
2013-12-05,7:30am,USD,Prelim GDP q/q,High,3.0%,2.8%,
2013-12-05,7:30am,USD,Unemployment Claims,High,328K,321K,
2013-12-05,7:30am,USD,Treasury Sec Lew Speaks,Low,,,
2013-12-05,7:30am,USD,Prelim GDP Price Index q/q,Medium,1.9%,1.9%,
2013-12-05,9:00am,USD,Factory Orders m/m,Low,-0.9%,1.8%,
2013-12-05,9:30am,USD,Natural Gas Storage,Medium,-141B,-13B,
2013-12-05,11:00pm,JPY,Leading Indicators,Medium,109.9%,109.2%,
2013-12-06,FriDec 6,EUR,French Trade Balance,Medium,-5.1B,-5.6B,
2013-12-06,2:00am,CHF,Foreign Currency Reserves,Low,,435B,
2013-12-06,2:00am,GBP,Halifax HPI m/m,Low,0.8%,1.3%,
2013-12-06,2:15am,CHF,CPI m/m,High,-0.2%,-0.1%,
2013-12-06,3:30am,GBP,Consumer Inflation Expectations,Low,,3.2%,
2013-12-06,5:00am,EUR,German Factory Orders m/m,Low,-0.4%,3.1%,
2013-12-06,7:30am,USD,Non-Farm Employment Change,High,180K,200K,
2013-12-06,7:30am,USD,Unemployment Rate,High,7.2%,7.3%,
2013-12-06,7:30am,USD,Average Hourly Earnings m/m,Low,0.2%,0.1%,
2013-12-06,7:30am,USD,Core PCE Price Index m/m,Low,0.1%,0.1%,
2013-12-06,7:30am,USD,Personal Spending m/m,Low,0.3%,0.2%,
2013-12-06,7:30am,USD,Personal Income m/m,Medium,0.3%,0.5%,
2013-12-06,8:55am,USD,Prelim UoM Consumer Sentiment,High,76.2,75.1,
2013-12-06,8:55am,USD,Prelim UoM Inflation Expectations,Medium,,2.9%,
2013-12-06,2:00pm,USD,FOMC Member Evans Speaks,Low,,,
2013-12-06,2:00pm,USD,Consumer Credit m/m,Medium,14.6B,16.3B,
2013-12-06,8:00pm,JPY,BOJ Gov Kuroda Speaks,High,,,
2013-12-08,5:50pm,JPY,Current Account,Low,0.12T,-0.13T,
2013-12-08,5:50pm,JPY,Final GDP q/q,Low,0.4%,0.5%,
2013-12-08,5:50pm,JPY,Bank Lending y/y,Medium,,2.0%,
2013-12-08,5:50pm,JPY,Final GDP Price Index y/y,Medium,-0.3%,-0.3%,
2013-12-08,11:00pm,JPY,Economy Watchers Sentiment,Medium,52.3,51.8,
2013-12-09,1:00am,EUR,German Trade Balance,Low,17.4B,18.7B,
2013-12-09,2:15am,CHF,Retail Sales y/y,Low,1.7%,1.0%,
2013-12-09,3:30am,EUR,Sentix Investor Confidence,Medium,10.5,9.3,
2013-12-09,All Day,EUR,Eurogroup Meetings,Low,,,
2013-12-09,5:00am,EUR,German Industrial Production m/m,Low,0.8%,-0.7%,
2013-12-09,11:15am,GBP,BOE Gov Carney Speaks,High,,,
2013-12-09,12:05pm,USD,FOMC Member Bullard Speaks,High,,,
2013-12-09,5:50pm,JPY,BSI Manufacturing Index,Low,17.2,15.2,
2013-12-09,5:50pm,JPY,Tertiary Industry Activity m/m,Low,0.3%,0.0%,
2013-12-09,5:50pm,JPY,M2 Money Stock y/y,Medium,4.3%,4.1%,
2013-12-09,6:01pm,GBP,RICS House Price Balance,Medium,59%,57%,
2013-12-09,9:45pm,JPY,30-y Bond Auction,Medium,,1.62|4.4,
2013-12-09,11:00pm,JPY,Consumer Confidence,Medium,44.2,41.2,
2013-12-10,1:45am,EUR,French Industrial Production m/m,Low,0.2%,-0.3%,
2013-12-10,3:00am,EUR,Italian Industrial Production m/m,Medium,0.3%,0.2%,
2013-12-10,3:30am,GBP,Manufacturing Production m/m,High,0.4%,1.2%,
2013-12-10,3:30am,GBP,Goods Trade Balance,Low,-9.3B,-10.1B,
2013-12-10,3:30am,GBP,Industrial Production m/m,Medium,0.4%,0.9%,
2013-12-10,All Day,EUR,ECOFIN Meetings,Low,,,
2013-12-10,6:00am,EUR,ECB President Draghi Speaks,High,,,
2013-12-10,6:30am,USD,NFIB Small Business Index,Medium,92.7,91.6,
2013-12-10,9:00am,GBP,NIESR GDP Estimate,Low,,0.7%,
2013-12-10,9:00am,USD,JOLTS Job Openings,Low,3.96M,3.88M,
2013-12-10,9:00am,USD,Final Wholesale Inventories m/m,Medium,0.3%,0.5%,
2013-12-10,5:50pm,JPY,Core Machinery Orders m/m,Low,0.9%,-2.1%,
2013-12-10,5:50pm,JPY,PPI y/y,Medium,2.7%,2.5%,
2013-12-11,1:00am,EUR,German Final CPI m/m,Medium,0.2%,0.2%,
2013-12-11,7:00am,GBP,MPC Member Weale Speaks,Low,,,
2013-12-11,9:00am,USD,Treasury Sec Lew Speaks,Low,,,
2013-12-11,9:30am,USD,Crude Oil Inventories,Low,-2.2M,-5.6M,
2013-12-11,12:01pm,USD,10-y Bond Auction,Low,,2.75|2.7,
2013-12-11,12:59pm,USD,Federal Budget Balance,Low,-142.6B,-91.6B,
2013-12-12,2:00am,EUR,ECB President Draghi Speaks,High,,,
2013-12-12,2:30am,CHF,Libor Rate,High,<0.25%,<0.25%,
2013-12-12,2:30am,CHF,SNB Monetary Policy Assessment,High,,,
2013-12-12,3:00am,CHF,SNB Press Conference,High,,,
2013-12-12,3:00am,EUR,ECB Monthly Bulletin,Low,,,
2013-12-12,4:00am,EUR,Industrial Production m/m,Low,0.4%,-0.2%,
2013-12-12,4:00am,GBP,CB Leading Index m/m,Medium,,1.7%,
2013-12-12,7:30am,USD,Core Retail Sales m/m,High,0.2%,0.5%,
2013-12-12,7:30am,USD,Retail Sales m/m,High,0.6%,0.6%,
2013-12-12,7:30am,USD,Unemployment Claims,High,321K,300K,
2013-12-12,7:30am,USD,Import Prices m/m,Low,-0.7%,-0.6%,
2013-12-12,9:00am,USD,Business Inventories m/m,Low,0.4%,0.6%,
2013-12-12,9:30am,USD,Natural Gas Storage,Medium,-85B,-162B,
2013-12-12,12:01pm,USD,30-y Bond Auction,Medium,,3.81|2.2,
2013-12-12,10:30pm,JPY,Revised Industrial Production m/m,Medium,0.5%,0.5%,
2013-12-13,2:15am,CHF,PPI m/m,Low,0.3%,-0.4%,
2013-12-13,3:30am,GBP,Construction Output m/m,Medium,1.6%,-0.5%,
2013-12-13,4:00am,EUR,Final Employment Change q/q,Medium,0.0%,0.0%,
2013-12-13,6:30am,GBP,MPC Member Dale Speaks,Low,,,
2013-12-13,7:30am,USD,PPI m/m,High,0.0%,-0.2%,
2013-12-13,7:30am,USD,Core PPI m/m,Low,0.1%,0.2%,
2013-12-15,5:14pm,GBP,Rightmove HPI m/m,Medium,,-2.4%,
2013-12-15,5:50pm,JPY,Tankan Manufacturing Index,Low,15,12,
2013-12-15,5:50pm,JPY,Tankan Non-Manufacturing Index,Low,16,14,
2013-12-16,MonDec 16,EUR,French Flash Services PMI,Low,48.9,48.0,
2013-12-16,2:30am,EUR,German Flash Manufacturing PMI,High,53.1,52.7,
2013-12-16,2:30am,EUR,German Flash Services PMI,Low,55.2,55.7,
2013-12-16,3:00am,EUR,Flash Manufacturing PMI,Low,51.9,51.6,
2013-12-16,3:00am,EUR,Flash Services PMI,Low,51.5,51.2,
2013-12-16,3:00am,EUR,Italian Trade Balance,Medium,1.24B,0.83B,
2013-12-16,4:00am,EUR,Trade Balance,Medium,15.2B,12.4B,
2013-12-16,5:00am,EUR,German Buba Monthly Report,Low,,,
2013-12-16,7:30am,USD,Empire State Manufacturing Index,Low,4.9,-2.2,
2013-12-16,7:30am,USD,Revised Nonfarm Productivity q/q,Low,2.9%,1.9%,
2013-12-16,7:30am,USD,Revised Unit Labor Costs q/q,Medium,-1.5%,-0.6%,
2013-12-16,8:00am,EUR,ECB President Draghi Speaks,High,,,
2013-12-16,8:00am,USD,Flash Manufacturing PMI,Low,54.9,54.7,
2013-12-16,8:00am,USD,TIC Long-Term Purchases,Low,31.4B,31.3B,
2013-12-16,8:15am,USD,Capacity Utilization Rate,Low,78.5%,78.2%,
2013-12-16,8:15am,USD,Industrial Production m/m,Low,0.6%,0.1%,
2013-12-16,11:00am,CHF,Gov Board Member Zurbrugg Speaks,Low,,,
2013-12-17,TueDec 17,GBP,PPI Input m/m,Low,-0.5%,-0.4%,
2013-12-17,TueDec 17,GBP,RPI y/y,Low,2.7%,2.6%,
2013-12-17,TueDec 17,GBP,Core CPI y/y,Medium,1.8%,1.7%,
2013-12-17,TueDec 17,GBP,ONS HPI y/y,Medium,4.2%,3.8%,
2013-12-17,TueDec 17,GBP,PPI Output m/m,Medium,-1.2%,-0.3%,
2013-12-17,4:00am,EUR,German ZEW Economic Sentiment,High,55.3,54.6,
2013-12-17,4:00am,EUR,Final CPI y/y,Low,0.9%,0.9%,
2013-12-17,4:00am,EUR,ZEW Economic Sentiment,Low,60.9,60.2,
2013-12-17,4:00am,EUR,Final Core CPI y/y,Medium,1.0%,1.0%,
2013-12-17,All Day,EUR,Eurogroup Meetings,Low,,,
2013-12-17,5:00am,GBP,CBI Industrial Order Expectations,Low,12,11,
2013-12-17,7:30am,USD,Core CPI m/m,High,0.1%,0.1%,
2013-12-17,7:30am,USD,CPI y/y,High,1.2%,1.0%,
2013-12-17,7:30am,USD,CPI m/m,Low,0.1%,-0.1%,
2013-12-17,7:30am,USD,Current Account,Low,-101B,-97B,
2013-12-17,9:00am,USD,NAHB Housing Market Index,Low,55,54,
2013-12-17,9:30am,GBP,BOE Gov Carney Speaks,High,,,
2013-12-17,5:50pm,JPY,Trade Balance,Low,-1.13T,-1.09T,
2013-12-18,3:30am,GBP,Claimant Count Change,High,-35.2K,-42.8K,
2013-12-18,3:30am,GBP,MPC Asset Purchase Facility Votes,High,0-0-9,0-0-9,
2013-12-18,3:30am,GBP,MPC Official Bank Rate Votes,High,0-0-9,0-0-9,
2013-12-18,3:30am,GBP,Unemployment Rate,High,7.6%,7.6%,
2013-12-18,3:30am,GBP,Average Earnings Index 3m/y,Low,0.8%,0.8%,
2013-12-18,4:00am,CHF,UBS Economic Expectations,Low,,31.6,
2013-12-18,All Day,EUR,ECOFIN Meetings,Low,,,
2013-12-18,5:00am,GBP,CBI Realized Sales,Low,9,1,
2013-12-18,Sep Data,USD,Housing Starts,Medium,0.91M,0.88M,
2013-12-18,Oct Data,USD,Housing Starts,Medium,0.92M,0.87M,
2013-12-18,7:30am,USD,Building Permits,High,0.99M,1.04M,
2013-12-18,7:30am,USD,Housing Starts,Low,0.95M,0.89M,
2013-12-18,8:00am,USD,Flash Services PMI,Medium,56.4,55.9,
2013-12-18,9:30am,USD,Crude Oil Inventories,Low,-2.4M,-10.6M,
2013-12-18,1:00pm,USD,FOMC Economic Projections,High,,,
2013-12-18,1:00pm,USD,FOMC Statement,High,,,
2013-12-18,1:00pm,USD,Federal Funds Rate,Low,<0.25%,<0.25%,
2013-12-18,1:30pm,USD,FOMC Press Conference,High,,,
2013-12-18,10:30pm,JPY,All Industries Activity m/m,Medium,-0.2%,0.5%,
2013-12-19,1:00am,CHF,Trade Balance,Medium,2.57B,2.28B,
2013-12-19,3:00am,EUR,Current Account,Low,14.2B,14.9B,
2013-12-19,Day 1,EUR,EU Economic Summit,Low,,,
2013-12-19,3:30am,GBP,Retail Sales m/m,High,0.3%,-0.9%,
2013-12-19,3:42am,EUR,Spanish 10-y Bond Auction,Low,,4.16|2.6,
2013-12-19,7:30am,USD,Unemployment Claims,High,336K,369K,
2013-12-19,8:00am,CHF,SNB Quarterly Bulletin,Medium,,,
2013-12-19,9:00am,USD,Existing Home Sales,High,5.04M,5.12M,
2013-12-19,9:00am,USD,Philly Fed Manufacturing Index,High,10.3,6.5,
2013-12-19,9:00am,USD,CB Leading Index m/m,Medium,0.7%,0.1%,
2013-12-19,9:30am,USD,Natural Gas Storage,Medium,-260B,-81B,
2013-12-19,5:45pm,GBP,GfK Consumer Confidence,Medium,-11,-12,
2013-12-19,8:58pm,JPY,Monetary Policy Statement,High,,,
2013-12-20,FriDec 20,EUR,German PPI m/m,Low,0.0%,-0.2%,
2013-12-20,1:30am,JPY,BOJ Press Conference,High,,,
2013-12-20,Day 2,EUR,EU Economic Summit,Low,,,
2013-12-20,3:30am,GBP,Current Account,High,-13.8B,-6.2B,
2013-12-20,3:30am,GBP,Final GDP q/q,Low,0.8%,0.8%,
2013-12-20,3:30am,GBP,Public Sector Net Borrowing,Low,6.6B,7.4B,
2013-12-20,3:30am,GBP,Index of Services 3m/3m,Medium,0.4%,0.8%,
2013-12-20,3:30am,GBP,Revised Business Investment q/q,Medium,1.6%,1.4%,
2013-12-20,4:00am,EUR,Italian Retail Sales m/m,Medium,0.2%,-0.3%,
2013-12-20,7:30am,USD,Final GDP q/q,Low,3.6%,3.6%,
2013-12-20,7:30am,USD,Final GDP Price Index q/q,Medium,2.0%,2.0%,
2013-12-20,8:00am,EUR,Belgian NBB Business Climate,Medium,-3.9,-4.3,
2013-12-20,9:00am,EUR,Consumer Confidence,Medium,-15,-15,
2013-12-23,MonDec 23,EUR,German Import Prices m/m,Medium,0.4%,-0.7%,
2013-12-23,7:30am,USD,Core PCE Price Index m/m,Low,0.1%,0.1%,
2013-12-23,7:30am,USD,Personal Spending m/m,Low,0.5%,0.4%,
2013-12-23,7:30am,USD,Personal Income m/m,Medium,0.4%,-0.1%,
2013-12-23,8:55am,USD,Revised UoM Consumer Sentiment,Low,82.9,82.5,
2013-12-23,8:55am,USD,Revised UoM Inflation Expectations,Medium,,3.0%,
2013-12-23,11:00pm,JPY,BOJ Monthly Report,Medium,,,
2013-12-24,1:45am,EUR,French Consumer Spending m/m,Low,0.3%,-0.1%,
2013-12-24,3:30am,GBP,High Street Lending,Low,44.5K,43.3K,
2013-12-24,7:30am,USD,Core Durable Goods Orders m/m,High,0.9%,0.4%,
2013-12-24,7:30am,USD,Durable Goods Orders m/m,Low,1.7%,-1.6%,
2013-12-24,8:00am,USD,HPI m/m,Medium,0.5%,0.2%,
2013-12-24,8:59am,USD,Richmond Manufacturing Index,Medium,15,13,
2013-12-24,9:00am,USD,New Home Sales,High,449K,474K,
2013-12-24,5:50pm,JPY,SPPI y/y,Medium,0.8%,0.8%,
2013-12-24,10:00pm,JPY,BOJ Gov Kuroda Speaks,Low,,,
2013-12-25,All Day,EUR,Italian Bank Holiday,Low,,,
2013-12-25,All Day,EUR,German Bank Holiday,Low,,,
2013-12-25,All Day,EUR,French Bank Holiday,Low,,,
2013-12-25,All Day,GBP,Bank Holiday,Low,,,
2013-12-25,All Day,USD,Bank Holiday,Low,,,
2013-12-25,5:50pm,JPY,Monetary Policy Meeting Minutes,Low,,,
2013-12-25,11:00pm,JPY,Housing Starts y/y,Medium,9.5%,7.1%,
2013-12-26,All Day,EUR,German Bank Holiday,Low,,,
2013-12-26,All Day,EUR,Italian Bank Holiday,Low,,,
2013-12-26,All Day,GBP,Bank Holiday,Low,,,
2013-12-26,7:30am,USD,Unemployment Claims,High,346K,380K,
2013-12-26,5:15pm,JPY,Final Manufacturing PMI,Medium,,55.1,
2013-12-26,5:30pm,JPY,Household Spending y/y,Low,1.9%,0.9%,
2013-12-26,5:30pm,JPY,Tokyo Core CPI y/y,Low,0.7%,0.6%,
2013-12-26,5:30pm,JPY,National Core CPI y/y,Medium,1.1%,0.9%,
2013-12-26,5:30pm,JPY,Unemployment Rate,Medium,3.9%,4.0%,
2013-12-26,5:50pm,JPY,Prelim Industrial Production m/m,Low,0.6%,0.5%,
2013-12-26,5:50pm,JPY,Retail Sales y/y,Low,2.9%,2.4%,
2013-12-26,7:30pm,JPY,Average Cash Earnings y/y,Low,0.4%,-0.1%,
2013-12-27,10:00am,USD,Crude Oil Inventories,Low,-1.9M,-2.9M,
2013-12-30,3:30am,GBP,Housing Equity Withdrawal q/q,Medium,-7.2B,-12.5B,
2013-12-30,4:12am,EUR,Italian 10-y Bond Auction,Low,,4.01|1.5,
2013-12-30,9:00am,USD,Pending Home Sales m/m,High,1.1%,-1.2%,
2013-12-30,All Day,JPY,Bank Holiday,Low,,,
2013-12-31,8:00am,USD,S&P/CS Composite-20 HPI y/y,Low,13.4%,13.3%,
2013-12-31,8:45am,USD,Chicago PMI,Low,61.3,63.0,
2013-12-31,9:00am,USD,CB Consumer Confidence,High,76.5,72.0,
2013-12-31,All Day,JPY,Bank Holiday,Low,,,
2013-01-01,All Day,EUR,French Bank Holiday,Low,,,
2013-01-01,All Day,EUR,German Bank Holiday,Low,,,
2013-01-01,All Day,EUR,Italian Bank Holiday,Low,,,
2013-01-01,All Day,GBP,Bank Holiday,Low,,,
2013-01-01,All Day,USD,Bank Holiday,Low,,,
2013-01-01,All Day,JPY,Bank Holiday,Low,,,
2013-01-02,2:15am,EUR,Spanish Manufacturing PMI,Low,49.9,48.6,
2013-01-02,2:45am,EUR,Italian Manufacturing PMI,Low,51.8,51.4,
2013-01-02,2:50am,EUR,French Final Manufacturing PMI,Medium,47.1,47.1,
2013-01-02,2:55am,EUR,German Final Manufacturing PMI,Medium,54.2,54.2,
2013-01-02,3:00am,EUR,Final Manufacturing PMI,Medium,52.7,52.7,
2013-01-02,3:30am,GBP,Final Manufacturing PMI,High,58.3,58.1,
2013-01-02,7:30am,USD,Unemployment Claims,High,334K,341K,
2013-01-02,8:00am,USD,Final Manufacturing PMI,Medium,54.4,54.4,
2013-01-02,9:00am,USD,ISM Manufacturing PMI,High,56.8,57.3,
2013-01-02,9:00am,USD,Construction Spending m/m,Medium,0.7%,0.9%,
2013-01-02,9:00am,USD,ISM Manufacturing Prices,Medium,53.0,52.5,
2013-01-02,All Day,JPY,Bank Holiday,Low,,,
2013-01-03,2:00am,CHF,KOF Economic Barometer,Low,1.92,1.85,
2013-01-03,2:00am,EUR,Spanish Flash CPI y/y,Low,0.2%,0.2%,
2013-01-03,2:00am,EUR,Spanish Unemployment Change,Low,24.3K,-2.5K,
2013-01-03,2:30am,CHF,Manufacturing PMI,Low,56.4,56.5,
2013-01-03,3:00am,EUR,M3 Money Supply y/y,Low,1.5%,1.4%,
2013-01-03,3:00am,EUR,Private Loans y/y,Medium,-1.9%,-2.2%,
2013-01-03,3:30am,GBP,Construction PMI,High,62.3,62.6,
2013-01-03,3:30am,GBP,Net Lending to Individuals m/m,Low,2.0B,1.6B,
2013-01-03,3:30am,GBP,M4 Money Supply m/m,Medium,0.3%,0.1%,
2013-01-03,3:30am,GBP,Mortgage Approvals,Medium,70K,68K,
2013-01-03,4:00am,EUR,Italian Prelim CPI m/m,Medium,0.3%,-0.3%,
2013-01-03,9:30am,USD,Natural Gas Storage,Medium,-125B,-177B,
2013-01-03,10:00am,USD,Crude Oil Inventories,Low,-2.3M,-4.7M,
2013-01-03,All Day,USD,Total Vehicle Sales,Medium,16.0M,16.4M,
2013-01-03,11:45am,USD,FOMC Member Plosser Speaks,Low,,,
2013-01-03,12:15pm,USD,FOMC Member Stein Speaks,Low,,,
2013-01-03,1:30pm,USD,Fed Chairman Bernanke Speaks,High,,,
2013-01-04,4:00pm,USD,FOMC Member Plosser Speaks,Low,,,
