date,time,currency,event,impact,actual,forecast,previous
2014-01-06,All Day,EUR,German Prelim CPI m/m,Low,0.4%,0.2%,
2014-01-06,2:15am,EUR,Spanish Services PMI,Low,51.1,51.5,
2014-01-06,2:45am,EUR,Italian Services PMI,Low,48.9,47.2,
2014-01-06,2:50am,EUR,French Final Services PMI,Medium,47.4,47.4,
2014-01-06,2:55am,EUR,German Final Services PMI,Medium,54.0,54.0,
2014-01-06,3:00am,EUR,Final Services PMI,Medium,51.2,51.0,
2014-01-06,3:30am,EUR,Sentix Investor Confidence,Medium,9.7,8.0,
2014-01-06,3:30am,GBP,Final Services PMI,High,60.4,60.0,
2014-01-06,8:00am,USD,Final Services PMI,Medium,56.0,56.0,
2014-01-06,9:00am,USD,ISM Services PMI,High,54.6,53.9,
2014-01-06,9:00am,USD,Factory Orders m/m,Low,1.8%,-0.5%,
2014-01-06,5:00pm,USD,Fed Chair Nomination Vote,High,Pass,,
2014-01-06,5:50pm,JPY,Monetary Base y/y,Medium,55.2%,52.5%,
2014-01-06,9:45pm,JPY,10-y Bond Auction,Medium,,0.65|4.0,
2014-01-07,2:00am,CHF,Foreign Currency Reserves,Low,,436B,
2014-01-07,2:55am,EUR,German Unemployment Change,Low,-1K,9K,
2014-01-07,4:00am,EUR,CPI Flash Estimate y/y,High,0.9%,0.9%,
2014-01-07,4:00am,EUR,Core CPI Flash Estimate y/y,Low,,0.9%,
2014-01-07,4:00am,EUR,PPI m/m,Medium,-0.1%,-0.5%,
2014-01-07,7:30am,USD,Trade Balance,High,-40.2B,-39.3B,
2014-01-07,6:01pm,GBP,BRC Shop Price Index y/y,Medium,,-0.3%,
2014-01-08,1:59am,GBP,Halifax HPI m/m,Low,0.6%,0.9%,
2014-01-08,3:00am,EUR,Italian Monthly Unemployment Rate,Medium,12.6%,12.5%,
2014-01-08,3:30am,GBP,BOE Credit Conditions Survey,Low,,,
2014-01-08,4:00am,EUR,Retail Sales m/m,Low,0.2%,-0.4%,
2014-01-08,4:00am,EUR,Unemployment Rate,Low,12.1%,12.1%,
2014-01-08,5:00am,EUR,German Factory Orders m/m,Low,1.2%,-2.1%,
2014-01-08,7:15am,USD,ADP Non-Farm Employment Change,High,199K,229K,
2014-01-08,9:30am,USD,Crude Oil Inventories,Low,-1.6M,-7.0M,
2014-01-08,12:01pm,USD,10-y Bond Auction,Low,,2.82|2.6,
2014-01-08,1:00pm,USD,FOMC Meeting Minutes,High,,,
2014-01-08,2:00pm,USD,Consumer Credit m/m,Medium,14.8B,17.9B,
2014-01-09,3:30am,GBP,Goods Trade Balance,Low,-9.4B,-9.7B,
2014-01-09,4:01am,EUR,French 10-y Bond Auction,Low,,2.41|2.0,
2014-01-09,5:00am,EUR,German Industrial Production m/m,Low,1.6%,-1.2%,
2014-01-09,6:00am,GBP,Asset Purchase Facility,High,375B,375B,
2014-01-09,6:00am,GBP,Official Bank Rate,High,0.50%,0.50%,
2014-01-09,6:30am,USD,Challenger Job Cuts y/y,Medium,,-20.6%,
2014-01-09,6:45am,EUR,Main Refinancing Rate,High,0.25%,0.25%,
2014-01-09,7:30am,EUR,ECB Press Conference,High,,,
2014-01-09,7:30am,USD,Unemployment Claims,High,337K,345K,
2014-01-09,9:30am,USD,Natural Gas Storage,Medium,-147B,-97B,
2014-01-09,12:01pm,USD,30-y Bond Auction,Medium,,3.90|2.3,
2014-01-09,6:01pm,GBP,BRC Retail Sales Monitor y/y,Low,,0.6%,
2014-01-09,11:00pm,JPY,Leading Indicators,Medium,110.9%,109.8%,
2014-01-10,1:45am,EUR,French Industrial Production m/m,Low,0.6%,-0.5%,
2014-01-10,2:15am,CHF,CPI m/m,High,-0.1%,0.0%,
2014-01-10,3:30am,GBP,Manufacturing Production m/m,High,0.4%,0.2%,
2014-01-10,3:30am,GBP,Construction Output m/m,Medium,0.9%,2.0%,
2014-01-10,3:30am,GBP,Industrial Production m/m,Medium,0.4%,0.3%,
2014-01-10,4:00am,EUR,Final GDP q/q,Medium,0.1%,0.1%,
2014-01-10,7:30am,USD,Non-Farm Employment Change,High,196K,241K,
2014-01-10,7:30am,USD,Unemployment Rate,High,7.0%,7.0%,
2014-01-10,7:30am,USD,Average Hourly Earnings m/m,Low,0.2%,0.2%,
2014-01-10,9:00am,GBP,NIESR GDP Estimate,Low,,0.8%,
2014-01-10,9:00am,USD,Final Wholesale Inventories m/m,Medium,0.4%,1.3%,
2014-01-10,9:00am,USD,RCM/TIPP Economic Optimism,Medium,45.3,43.1,
2014-01-13,1:00pm,USD,Federal Budget Balance,Low,44.3B,-135.2B,
2014-01-13,5:50pm,JPY,Current Account,Low,-0.02T,-0.06T,
2014-01-13,5:50pm,JPY,Bank Lending y/y,Medium,,2.2%,
2014-01-13,11:00pm,JPY,Economy Watchers Sentiment,Medium,54.2,53.5,
2014-01-14,1:45am,EUR,French Final CPI m/m,Medium,0.4%,0.0%,
2014-01-14,3:30am,GBP,CPI y/y,High,2.1%,2.1%,
2014-01-14,3:30am,GBP,PPI Input m/m,Low,-0.2%,-0.7%,
2014-01-14,3:30am,GBP,RPI y/y,Low,2.7%,2.6%,
2014-01-14,3:30am,GBP,Core CPI y/y,Medium,1.8%,1.8%,
2014-01-14,3:30am,GBP,ONS HPI y/y,Medium,5.9%,5.5%,
2014-01-14,3:30am,GBP,PPI Output m/m,Medium,0.2%,-0.2%,
2014-01-14,4:00am,EUR,Industrial Production m/m,Low,1.6%,-0.8%,
2014-01-14,6:30am,USD,NFIB Small Business Index,Medium,93.2,92.5,
2014-01-14,7:30am,USD,Core Retail Sales m/m,High,0.4%,0.1%,
2014-01-14,7:30am,USD,Retail Sales m/m,High,0.2%,0.4%,
2014-01-14,7:30am,USD,Import Prices m/m,Low,0.3%,-0.9%,
2014-01-14,9:00am,USD,Business Inventories m/m,Low,0.4%,0.8%,
2014-01-14,11:45am,USD,FOMC Member Plosser Speaks,Low,,,
2014-01-14,12:20pm,USD,FOMC Member Fisher Speaks,Low,,,
2014-01-14,5:50pm,JPY,M2 Money Stock y/y,Medium,4.5%,4.4%,
2014-01-14,9:45pm,JPY,30-y Bond Auction,Medium,,1.70|4.2,
2014-01-14,11:59pm,JPY,Prelim Machine Tool Orders y/y,Medium,,15.4%,
2014-01-15,4:00am,EUR,Trade Balance,Medium,16.7B,14.3B,
2014-01-15,4:00am,GBP,CB Leading Index m/m,Medium,,0.4%,
2014-01-15,7:30am,USD,PPI m/m,High,0.5%,-0.1%,
2014-01-15,7:30am,USD,Core PPI m/m,Low,0.1%,0.1%,
2014-01-15,7:30am,USD,Empire State Manufacturing Index,Low,3.2,1.0,
2014-01-15,8:15am,GBP,BOE Gov Carney Speaks,High,,,
2014-01-15,9:30am,USD,Crude Oil Inventories,Low,-0.7M,-2.7M,
2014-01-15,1:00pm,USD,Beige Book,Low,,,
2014-01-15,5:50pm,JPY,Core Machinery Orders m/m,Low,1.2%,0.6%,
2014-01-15,5:50pm,JPY,Tertiary Industry Activity m/m,Low,0.8%,-0.9%,
2014-01-15,5:50pm,JPY,PPI y/y,Medium,2.7%,2.6%,
2014-01-15,6:01pm,GBP,RICS House Price Balance,Medium,59%,58%,
2014-01-16,3:00am,EUR,ECB Monthly Bulletin,Low,,,
2014-01-16,3:00am,EUR,Italian Trade Balance,Medium,3.88B,4.06B,
2014-01-16,4:00am,EUR,German Buba President Weidmann Speaks,Low,,,
2014-01-16,4:00am,EUR,Final CPI y/y,Low,0.8%,0.8%,
2014-01-16,4:00am,EUR,Final Core CPI y/y,Medium,0.9%,0.7%,
2014-01-16,4:35am,GBP,30-y Bond Auction,Medium,,3.61|1.7,
2014-01-16,7:30am,USD,Core CPI m/m,High,0.1%,0.2%,
2014-01-16,7:30am,USD,CPI y/y,High,1.5%,1.2%,
2014-01-16,7:30am,USD,Unemployment Claims,High,327K,328K,
2014-01-16,7:30am,USD,CPI m/m,Low,0.3%,0.0%,
2014-01-16,7:30am,USD,Treasury Sec Lew Speaks,Low,,,
2014-01-16,8:00am,USD,TIC Long-Term Purchases,Low,42.3B,28.7B,
2014-01-16,9:00am,USD,Philly Fed Manufacturing Index,High,8.8,7.0,
2014-01-16,9:00am,USD,NAHB Housing Market Index,Low,58,57,
2014-01-16,9:30am,USD,Natural Gas Storage,Medium,-296B,-157B,
2014-01-16,10:10am,USD,Fed Chairman Bernanke Speaks,High,,,
2014-01-16,11:00am,CHF,SNB Chairman Jordan Speaks,High,,,
2014-01-16,11:00pm,JPY,Consumer Confidence,Medium,43.4,42.5,
2014-01-17,2:15am,CHF,PPI m/m,Low,0.2%,-0.1%,
2014-01-17,3:30am,GBP,Retail Sales m/m,High,0.5%,0.1%,
2014-01-17,6:15am,GBP,MPC Member Broadbent Speaks,Low,,,
2014-01-17,7:30am,USD,Building Permits,High,1.01M,1.02M,
2014-01-17,7:30am,USD,Housing Starts,Low,0.99M,1.11M,
2014-01-17,8:15am,USD,Capacity Utilization Rate,Low,79.2%,79.1%,
2014-01-17,8:15am,USD,Industrial Production m/m,Low,0.4%,1.0%,
2014-01-17,8:55am,USD,Prelim UoM Consumer Sentiment,High,83.4,82.5,
2014-01-17,8:55am,USD,Prelim UoM Inflation Expectations,Medium,,3.0%,
2014-01-17,9:00am,USD,JOLTS Job Openings,High,3.97M,3.93M,
2014-01-19,10:30pm,JPY,Revised Industrial Production m/m,Medium,0.1%,0.1%,
2014-01-20,All Day,USD,Bank Holiday,Low,,,
2014-01-21,TueJan 21,EUR,ZEW Economic Sentiment,Low,70.2,68.3,
2014-01-21,5:00am,GBP,CBI Industrial Order Expectations,Low,10,12,
2014-01-21,9:20pm,JPY,Monetary Policy Statement,High,,,
2014-01-21,10:33pm,JPY,All Industries Activity m/m,Medium,0.4%,-0.4%,
2014-01-22,3:30am,GBP,Claimant Count Change,High,-33.8K,-34.3K,
2014-01-22,3:30am,GBP,MPC Asset Purchase Facility Votes,High,0-0-9,0-0-9,
2014-01-22,3:30am,GBP,MPC Official Bank Rate Votes,High,0-0-9,0-0-9,
2014-01-22,3:30am,GBP,Unemployment Rate,High,7.3%,7.4%,
2014-01-22,3:30am,GBP,Average Earnings Index 3m/y,Low,1.1%,0.9%,
2014-01-22,3:30am,GBP,Public Sector Net Borrowing,Low,12.1B,15.1B,
2014-01-22,4:00am,CHF,UBS Economic Expectations,Low,,39.4,
2014-01-22,12:00pm,GBP,MPC Member McCafferty Speaks,Low,,,
2014-01-22,11:00pm,JPY,BOJ Monthly Report,Medium,,,
2014-01-23,ThuJan 23,EUR,French Flash Services PMI,Low,48.2,47.8,
2014-01-23,ThuJan 23,EUR,Spanish Unemployment Rate,Low,26.0%,26.0%,
2014-01-23,2:30am,EUR,German Flash Manufacturing PMI,High,54.7,54.3,
2014-01-23,2:30am,EUR,German Flash Services PMI,Low,54.1,53.5,
2014-01-23,3:00am,EUR,Current Account,Low,19.2B,22.2B,
2014-01-23,3:00am,EUR,Flash Manufacturing PMI,Low,53.2,52.7,
2014-01-23,3:00am,EUR,Flash Services PMI,Low,51.5,51.0,
2014-01-23,3:00am,GBP,MPC Member Fisher Speaks,Low,,,
2014-01-23,4:34am,GBP,10-y Bond Auction,Medium,,2.73|1.8,
2014-01-23,5:00am,GBP,CBI Realized Sales,High,28,34,
2014-01-23,7:30am,USD,Unemployment Claims,High,331K,325K,
2014-01-23,8:00am,USD,Flash Manufacturing PMI,Low,55.2,54.4,
2014-01-23,8:00am,USD,HPI m/m,Medium,0.4%,0.5%,
2014-01-23,9:00am,EUR,Consumer Confidence,Medium,-13,-14,
2014-01-23,9:00am,USD,Existing Home Sales,High,4.94M,4.82M,
2014-01-23,9:00am,USD,CB Leading Index m/m,Medium,0.2%,1.0%,
2014-01-23,9:30am,USD,Natural Gas Storage,Medium,-112B,-287B,
2014-01-23,10:00am,USD,Crude Oil Inventories,Low,0.7M,-7.7M,
2014-01-24,3:30am,GBP,High Street Lending,Low,47.2K,45.4K,
2014-01-24,6:05am,GBP,BOE Gov Carney Speaks,High,,,
2014-01-24,8:00am,EUR,Belgian NBB Business Climate,Low,-4.4,-6.4,
2014-01-24,11:00am,EUR,ECB President Draghi Speaks,High,,,
2014-01-26,5:50pm,JPY,Monetary Policy Meeting Minutes,Low,,,
2014-01-26,5:50pm,JPY,Trade Balance,Low,-1.33T,-1.29T,
2014-01-27,All Day,EUR,Eurogroup Meetings,Low,,,
2014-01-27,5:00am,EUR,German Buba Monthly Report,Low,,,
2014-01-27,8:00am,USD,Flash Services PMI,Medium,56.2,55.7,
2014-01-27,9:00am,USD,New Home Sales,High,457K,445K,
2014-01-27,12:00pm,EUR,German Buba President Weidmann Speaks,Low,,,
2014-01-27,5:50pm,JPY,SPPI y/y,Medium,1.1%,1.2%,
2014-01-28,3:30am,GBP,Prelim GDP q/q,High,0.7%,0.8%,
2014-01-28,3:30am,GBP,Index of Services 3m/3m,Medium,0.7%,0.8%,
2014-01-28,All Day,EUR,ECOFIN Meetings,Low,,,
2014-01-28,7:30am,USD,Core Durable Goods Orders m/m,High,0.7%,2.4%,
2014-01-28,7:30am,USD,Durable Goods Orders m/m,Low,1.9%,3.4%,
2014-01-28,8:00am,USD,S&P/CS Composite-20 HPI y/y,Low,13.7%,13.6%,
2014-01-28,8:59am,USD,Richmond Manufacturing Index,Medium,13,13,
2014-01-28,9:00am,USD,CB Consumer Confidence,High,78.3,77.5,
2014-01-28,8:00pm,USD,President Obama Speaks,Medium,,,
2014-01-29,WedJan 29,EUR,German GfK Consumer Climate,Low,7.8,7.7,
2014-01-29,WedJan 29,GBP,Nationwide HPI m/m,Low,0.7%,1.4%,
2014-01-29,3:00am,EUR,M3 Money Supply y/y,Low,1.7%,1.5%,
2014-01-29,3:00am,EUR,Private Loans y/y,Medium,-2.3%,-2.3%,
2014-01-29,4:33am,EUR,German 10-y Bond Auction,Low,,1.69|1.7,
2014-01-29,7:15am,GBP,BOE Gov Carney Speaks,High,,,
2014-01-29,9:30am,USD,Crude Oil Inventories,Low,2.2M,1.0M,
2014-01-29,1:00pm,USD,FOMC Statement,High,,,
2014-01-29,1:00pm,USD,Federal Funds Rate,Low,<0.25%,<0.25%,
2014-01-29,5:50pm,JPY,Retail Sales y/y,Low,3.9%,4.1%,
2014-01-30,2:00am,CHF,KOF Economic Barometer,Low,2.02,1.95,
2014-01-30,2:00am,EUR,Spanish Flash GDP q/q,Low,0.3%,0.1%,
2014-01-30,2:55am,EUR,German Unemployment Change,Low,-5K,-19K,
2014-01-30,3:30am,GBP,Net Lending to Individuals m/m,Low,1.9B,1.8B,
2014-01-30,3:30am,GBP,M4 Money Supply m/m,Medium,0.3%,0.1%,
2014-01-30,3:30am,GBP,Mortgage Approvals,Medium,73K,71K,
2014-01-30,4:16am,EUR,Italian 10-y Bond Auction,Low,,4.11|1.3,
2014-01-30,7:30am,USD,Advance GDP q/q,High,3.3%,4.1%,
2014-01-30,7:30am,USD,Unemployment Claims,High,331K,329K,
2014-01-30,7:30am,USD,Advance GDP Price Index q/q,Low,1.2%,2.0%,
2014-01-30,9:00am,USD,Pending Home Sales m/m,High,-0.1%,-0.3%,
2014-01-30,9:30am,USD,Natural Gas Storage,Medium,-225B,-107B,
2014-01-30,5:15pm,JPY,Final Manufacturing PMI,Medium,,55.2,
2014-01-30,5:30pm,JPY,Household Spending y/y,Low,1.2%,0.2%,
2014-01-30,5:30pm,JPY,Tokyo Core CPI y/y,Low,0.7%,0.7%,
2014-01-30,5:30pm,JPY,National Core CPI y/y,Medium,1.2%,1.2%,
2014-01-30,5:30pm,JPY,Unemployment Rate,Medium,3.9%,4.0%,
2014-01-30,5:50pm,JPY,Prelim Industrial Production m/m,Low,1.3%,-0.1%,
2014-01-30,5:58pm,GBP,GfK Consumer Confidence,Medium,-12,-13,
2014-01-30,11:00pm,JPY,Housing Starts y/y,Medium,13.9%,14.1%,
2014-01-31,1:45am,EUR,French Consumer Spending m/m,Low,-0.2%,1.4%,
2014-01-31,2:00am,EUR,Spanish Flash CPI y/y,Low,0.2%,0.3%,
2014-01-31,3:00am,EUR,Italian Monthly Unemployment Rate,Medium,12.7%,12.8%,
2014-01-31,4:00am,EUR,CPI Flash Estimate y/y,High,0.9%,0.8%,
2014-01-31,4:00am,EUR,Core CPI Flash Estimate y/y,Low,,0.7%,
2014-01-31,4:00am,EUR,Unemployment Rate,Low,12.1%,12.0%,
2014-01-31,7:30am,USD,Core PCE Price Index m/m,Low,0.1%,0.1%,
2014-01-31,7:30am,USD,Employment Cost Index q/q,Low,0.4%,0.4%,
2014-01-31,7:30am,USD,Personal Spending m/m,Low,0.2%,0.6%,
2014-01-31,7:30am,USD,Personal Income m/m,Medium,0.2%,0.2%,
2014-01-31,8:45am,USD,Chicago PMI,Low,59.8,59.1,
2014-01-31,8:55am,USD,Revised UoM Consumer Sentiment,Low,81.1,80.4,
2014-01-31,8:55am,USD,Revised UoM Inflation Expectations,Medium,,3.0%,
2014-01-31,12:15pm,USD,FOMC Member Fisher Speaks,Low,,,
2014-02-03,2:30am,CHF,Manufacturing PMI,Low,55.1,53.9,
2014-02-03,2:45am,EUR,Italian Manufacturing PMI,Low,54.2,53.3,
2014-02-03,2:50am,EUR,French Final Manufacturing PMI,Medium,48.8,48.8,
2014-02-03,2:55am,EUR,German Final Manufacturing PMI,Medium,56.3,56.3,
2014-02-03,3:00am,EUR,Final Manufacturing PMI,Medium,53.9,53.9,
2014-02-03,3:30am,GBP,Final Manufacturing PMI,High,57.1,57.2,
2014-02-03,8:00am,USD,Treasury Sec Lew Speaks,Low,,,
2014-02-03,8:00am,USD,Final Manufacturing PMI,Medium,53.8,53.7,
2014-02-03,9:00am,USD,ISM Manufacturing PMI,High,56.2,57.0,
2014-02-03,9:00am,USD,Construction Spending m/m,Medium,0.3%,0.8%,
2014-02-03,9:00am,USD,ISM Manufacturing Prices,Medium,54.2,53.5,
2014-02-03,All Day,USD,Total Vehicle Sales,Medium,15.6M,15.4M,
2014-02-03,1:00pm,USD,Loan Officer Survey,Medium,,,
2014-02-03,5:50pm,JPY,Monetary Base y/y,Medium,47.2%,46.6%,
2014-02-03,9:45pm,JPY,10-y Bond Auction,Medium,,0.72|3.8,
2014-02-04,3:30am,GBP,Construction PMI,High,61.6,62.1,
2014-02-04,4:00am,EUR,PPI m/m,Medium,0.3%,-0.1%,
2014-02-04,4:00am,EUR,Italian Prelim CPI m/m,Medium,0.3%,0.2%,
2014-02-04,9:00am,USD,Factory Orders m/m,Low,-1.9%,1.5%,
2014-02-04,9:00am,USD,RCM/TIPP Economic Optimism,Medium,46.1,45.2,
2014-02-04,6:01pm,GBP,BRC Shop Price Index y/y,Medium,,-0.8%,
2014-02-04,7:30pm,JPY,Average Cash Earnings y/y,Low,0.7%,0.6%,
2014-02-05,2:45am,EUR,Italian Services PMI,Low,48.2,47.9,
2014-02-05,2:50am,EUR,French Final Services PMI,Medium,48.6,48.6,
2014-02-05,2:55am,EUR,German Final Services PMI,Medium,53.6,53.6,
2014-02-05,3:00am,EUR,Final Services PMI,Medium,51.9,51.9,
2014-02-05,3:30am,GBP,Final Services PMI,High,59.1,58.8,
2014-02-05,4:00am,EUR,Retail Sales m/m,Low,-0.7%,0.9%,
2014-02-05,7:15am,USD,ADP Non-Farm Employment Change,High,191K,227K,
2014-02-05,8:00am,USD,Final Services PMI,Medium,56.6,56.6,
2014-02-05,9:00am,USD,ISM Services PMI,High,53.6,53.0,
2014-02-05,9:00am,USD,FOMC Member Tarullo Speaks,Medium,,,
2014-02-05,9:30am,USD,Crude Oil Inventories,Low,2.2M,6.4M,
2014-02-05,11:30am,USD,FOMC Member Plosser Speaks,Low,,,
2014-02-05,9:45pm,JPY,30-y Bond Auction,Medium,,1.67|3.3,
2014-02-06,1:00am,CHF,Trade Balance,Medium,2.41B,2.03B,
2014-02-06,2:00am,GBP,Halifax HPI m/m,Low,1.1%,-0.5%,
2014-02-06,3:10am,EUR,Retail PMI,Medium,,47.7,
2014-02-06,3:59am,EUR,French 10-y Bond Auction,Low,,2.51|1.5,
2014-02-06,5:00am,EUR,German Factory Orders m/m,Low,0.3%,2.4%,
2014-02-06,6:00am,GBP,Asset Purchase Facility,High,375B,375B,
2014-02-06,6:00am,GBP,Official Bank Rate,High,0.50%,0.50%,
2014-02-06,6:30am,USD,Challenger Job Cuts y/y,Medium,,-5.9%,
2014-02-06,6:45am,EUR,Main Refinancing Rate,High,0.25%,0.25%,
2014-02-06,7:30am,EUR,ECB Press Conference,High,,,
2014-02-06,7:30am,USD,Trade Balance,High,-35.8B,-34.6B,
2014-02-06,7:30am,USD,Unemployment Claims,High,337K,351K,
2014-02-06,7:30am,USD,Prelim Nonfarm Productivity q/q,Low,2.8%,3.0%,
2014-02-06,7:30am,USD,Prelim Unit Labor Costs q/q,Low,-0.7%,-1.4%,
2014-02-06,9:00am,USD,FOMC Member Tarullo Speaks,Medium,,,
2014-02-06,9:30am,USD,Natural Gas Storage,Medium,-270B,-230B,
2014-02-06,11:00pm,JPY,Leading Indicators,Medium,111.9%,111.1%,
2014-02-07,1:45am,EUR,French Gov Budget Balance,Medium,,-87.0B,
2014-02-07,1:45am,EUR,French Trade Balance,Medium,-5.6B,-5.7B,
2014-02-07,2:00am,CHF,Foreign Currency Reserves,Low,,435B,
2014-02-07,2:15am,CHF,Retail Sales y/y,Low,3.9%,4.2%,
2014-02-07,2:31am,EUR,German Constitutional Court Ruling,High,,,
2014-02-07,3:30am,GBP,Manufacturing Production m/m,High,0.6%,-0.1%,
2014-02-07,3:30am,GBP,Goods Trade Balance,Low,-9.3B,-9.8B,
2014-02-07,3:30am,GBP,Industrial Production m/m,Medium,0.7%,-0.1%,
2014-02-07,5:00am,EUR,German Industrial Production m/m,Low,0.5%,2.4%,
2014-02-07,7:30am,USD,Non-Farm Employment Change,High,185K,75K,
2014-02-07,7:30am,USD,Unemployment Rate,High,6.7%,6.7%,
2014-02-07,7:30am,USD,Average Hourly Earnings m/m,Low,0.2%,0.0%,
2014-02-07,9:00am,GBP,NIESR GDP Estimate,Low,,0.7%,
2014-02-07,2:00pm,USD,Consumer Credit m/m,Medium,12.4B,12.4B,
2014-02-09,SunFeb 9,JPY,Bank Lending y/y,Medium,,2.3%,
2014-02-09,11:00pm,JPY,Consumer Confidence,Medium,43.9,41.3,
2014-02-10,12:45am,CHF,Unemployment Rate,Medium,3.2%,3.2%,
2014-02-10,1:45am,EUR,French Industrial Production m/m,Low,-0.1%,1.2%,
2014-02-10,3:00am,EUR,Italian Industrial Production m/m,Medium,0.0%,0.3%,
2014-02-10,3:30am,EUR,Sentix Investor Confidence,Medium,10.3,11.9,
2014-02-10,All Day,JPY,Bank Holiday,Low,,,
2014-02-10,6:01pm,GBP,BRC Retail Sales Monitor y/y,Low,,0.4%,
2014-02-11,8:00am,USD,FOMC Member Plosser Speaks,Low,,,
2014-02-11,9:00am,USD,Fed Chair Yellen Testifies,High,,,
2014-02-11,9:00am,USD,JOLTS Job Openings,High,4.04M,4.03M,
2014-02-11,9:00am,USD,Fed Monetary Policy Report,Medium,,,
2014-02-11,9:00am,USD,Final Wholesale Inventories m/m,Medium,0.5%,0.5%,
2014-02-11,5:50pm,JPY,Core Machinery Orders m/m,Low,-4.1%,9.3%,
2014-02-11,5:50pm,JPY,Tertiary Industry Activity m/m,Low,-0.2%,0.8%,
2014-02-11,5:50pm,JPY,M2 Money Stock y/y,Medium,4.2%,4.3%,
2014-02-12,2:15am,CHF,CPI m/m,Low,-0.3%,-0.2%,
2014-02-12,4:00am,EUR,Industrial Production m/m,Low,-0.2%,1.6%,
2014-02-12,4:00am,GBP,CB Leading Index m/m,Medium,,0.5%,
2014-02-12,4:30am,GBP,BOE Gov Carney Speaks,High,,,
2014-02-12,4:30am,GBP,BOE Monetary Policy Report,High,,,
2014-02-12,9:30am,EUR,ECB President Draghi Speaks,High,,,
2014-02-12,9:30am,USD,Crude Oil Inventories,Low,2.5M,0.4M,
2014-02-12,12:01pm,USD,10-y Bond Auction,Low,,3.01|2.7,
2014-02-12,12:59pm,USD,Federal Budget Balance,Low,-16.4B,53.2B,
2014-02-12,5:50pm,JPY,PPI y/y,Medium,2.4%,2.5%,
2014-02-12,6:01pm,GBP,RICS House Price Balance,Medium,58%,56%,
2014-02-13,2:15am,CHF,PPI m/m,Low,-0.1%,0.0%,
2014-02-13,3:00am,EUR,ECB Monthly Bulletin,Low,,,
2014-02-13,7:30am,USD,Core Retail Sales m/m,High,0.1%,0.3%,
2014-02-13,7:30am,USD,Retail Sales m/m,High,0.0%,-0.1%,
2014-02-13,7:30am,USD,Unemployment Claims,High,331K,331K,
2014-02-13,9:00am,USD,Business Inventories m/m,Low,0.4%,0.4%,
2014-02-13,9:30am,USD,Natural Gas Storage,Medium,-234B,-262B,
2014-02-13,12:01pm,USD,30-y Bond Auction,Medium,,3.90|2.6,
2014-02-14,1:00am,EUR,German Prelim GDP q/q,Low,0.3%,0.3%,
2014-02-14,1:45am,EUR,French Prelim Private Payrolls q/q,Low,-0.1%,-0.1%,
2014-02-14,3:00am,EUR,Italian Prelim GDP q/q,Low,0.1%,-0.1%,
2014-02-14,3:30am,GBP,Construction Output m/m,Medium,2.2%,-4.0%,
2014-02-14,4:00am,EUR,Flash GDP q/q,Low,0.2%,0.1%,
2014-02-14,7:30am,USD,Import Prices m/m,Low,-0.1%,0.2%,
2014-02-14,8:15am,USD,Capacity Utilization Rate,Low,79.4%,78.9%,
2014-02-14,8:15am,USD,Industrial Production m/m,Low,0.2%,0.3%,
2014-02-14,8:55am,USD,Prelim UoM Consumer Sentiment,High,80.6,81.2,
2014-02-14,8:55am,USD,Prelim UoM Inflation Expectations,Medium,,3.1%,
2014-02-16,5:50pm,JPY,Prelim GDP q/q,Low,0.7%,0.3%,
2014-02-16,5:50pm,JPY,Prelim GDP Price Index y/y,Medium,-0.2%,-0.3%,
2014-02-16,5:52pm,GBP,Rightmove HPI m/m,Medium,,1.0%,
2014-02-16,10:30pm,JPY,Revised Industrial Production m/m,Medium,1.1%,1.1%,
2014-02-17,5:00am,EUR,German Buba Monthly Report,Low,,,
2014-02-17,All Day,USD,Bank Holiday,Low,,,
2014-02-17,9:28pm,JPY,Monetary Policy Statement,High,,,
2014-02-18,3:00am,EUR,Current Account,Low,19.8B,23.3B,
2014-02-18,3:00am,EUR,Italian Trade Balance,Medium,2.79B,3.09B,
2014-02-18,3:30am,GBP,CPI y/y,High,2.0%,2.0%,
2014-02-18,3:30am,GBP,PPI Input m/m,Low,-0.4%,0.2%,
2014-02-18,3:30am,GBP,RPI y/y,Low,2.7%,2.7%,
2014-02-18,3:30am,GBP,Core CPI y/y,Medium,1.9%,1.7%,
2014-02-18,3:30am,GBP,ONS HPI y/y,Medium,5.8%,5.4%,
2014-02-18,3:30am,GBP,PPI Output m/m,Medium,0.2%,0.0%,
2014-02-18,4:00am,EUR,German ZEW Economic Sentiment,High,61.3,61.7,
2014-02-18,4:00am,EUR,ZEW Economic Sentiment,Low,73.9,73.3,
2014-02-18,All Day,EUR,ECOFIN Meetings,Low,,,
2014-02-18,7:30am,USD,Empire State Manufacturing Index,Low,9.9,12.5,
2014-02-18,8:00am,USD,TIC Long-Term Purchases,Low,28.9B,-28.0B,
2014-02-18,9:00am,USD,NAHB Housing Market Index,Low,56,56,
2014-02-18,10:30pm,JPY,All Industries Activity m/m,Medium,0.2%,0.4%,
2014-02-18,11:00pm,JPY,BOJ Monthly Report,Medium,,,
2014-02-19,WedFeb 19,GBP,MPC Asset Purchase Facility Votes,High,0-0-9,0-0-9,
2014-02-19,WedFeb 19,GBP,MPC Official Bank Rate Votes,High,0-0-9,0-0-9,
2014-02-19,WedFeb 19,GBP,Unemployment Rate,High,7.1%,7.1%,
2014-02-19,WedFeb 19,GBP,Average Earnings Index 3m/y,Low,0.9%,0.9%,
2014-02-19,4:00am,CHF,UBS Economic Expectations,Low,,36.4,
2014-02-19,4:34am,EUR,German 10-y Bond Auction,Low,,1.77|1.8,
2014-02-19,7:30am,USD,Building Permits,High,0.98M,0.99M,
2014-02-19,7:30am,USD,PPI m/m,High,0.2%,0.1%,
2014-02-19,7:30am,USD,Core PPI m/m,Low,0.2%,0.0%,
2014-02-19,7:30am,USD,Housing Starts,Low,0.95M,1.05M,
2014-02-19,1:00pm,USD,FOMC Meeting Minutes,High,,,
2014-02-19,5:50pm,JPY,Trade Balance,Low,-1.56T,-1.26T,
2014-02-20,ThuFeb 20,EUR,German PPI m/m,Low,0.3%,0.1%,
2014-02-20,1:45am,EUR,French Final CPI m/m,Medium,-0.3%,0.3%,
2014-02-20,2:00am,EUR,French Flash Manufacturing PMI,High,49.6,49.3,
2014-02-20,2:00am,EUR,French Flash Services PMI,Low,49.5,48.9,
2014-02-20,2:30am,EUR,German Flash Manufacturing PMI,High,56.4,56.5,
2014-02-20,2:30am,EUR,German Flash Services PMI,Low,53.4,53.1,
2014-02-20,3:00am,EUR,Flash Manufacturing PMI,Low,54.2,54.0,
2014-02-20,3:00am,EUR,Flash Services PMI,Low,51.9,51.6,
2014-02-20,3:42am,EUR,Spanish 10-y Bond Auction,Low,,4.10|3.6,
2014-02-20,4:34am,GBP,10-y Bond Auction,Medium,,2.87|1.7,
2014-02-20,5:00am,GBP,CBI Industrial Order Expectations,Low,6,-2,
2014-02-20,7:30am,USD,Core CPI m/m,High,0.1%,0.1%,
2014-02-20,7:30am,USD,CPI y/y,High,1.6%,1.5%,
2014-02-20,7:30am,USD,Unemployment Claims,High,335K,339K,
2014-02-20,7:30am,USD,CPI m/m,Low,0.1%,0.3%,
2014-02-20,8:00am,USD,Flash Manufacturing PMI,Low,53.6,53.7,
2014-02-20,9:00am,EUR,Consumer Confidence,Medium,-11,-12,
2014-02-20,9:00am,USD,Philly Fed Manufacturing Index,High,9.2,9.4,
2014-02-20,9:00am,USD,Mortgage Delinquencies,Low,,6.41%,
2014-02-20,9:00am,USD,CB Leading Index m/m,Medium,0.5%,0.0%,
2014-02-20,9:30am,USD,Natural Gas Storage,Medium,-255B,-237B,
2014-02-20,10:00am,USD,Crude Oil Inventories,Low,2.1M,3.3M,
2014-02-20,5:50pm,JPY,Monetary Policy Meeting Minutes,Low,,,
2014-02-21,FriFeb 21,GBP,Public Sector Net Borrowing,Low,-9.3B,9.0B,
2014-02-21,9:00am,USD,Existing Home Sales,High,4.73M,4.87M,
2014-02-21,12:45pm,USD,FOMC Member Fisher Speaks,Low,,,
2014-02-24,4:00am,EUR,Final CPI y/y,Low,0.7%,0.7%,
2014-02-24,4:00am,EUR,Final Core CPI y/y,Medium,0.8%,0.8%,
2014-02-24,8:00am,USD,Flash Services PMI,Medium,56.9,56.7,
2014-02-24,8:12am,EUR,Belgian NBB Business Climate,Medium,-5.4,-5.6,
2014-02-24,5:50pm,JPY,SPPI y/y,Medium,1.2%,1.1%,
2014-02-25,3:00am,EUR,Italian Retail Sales m/m,Medium,0.4%,0.0%,
2014-02-25,3:30am,GBP,High Street Lending,Low,47.9K,47.1K,
2014-02-25,5:00am,GBP,CBI Realized Sales,Low,15,14,
2014-02-25,6:45am,EUR,EU Economic Forecasts,Low,,,
2014-02-25,8:00am,USD,S&P/CS Composite-20 HPI y/y,Low,13.3%,13.7%,
2014-02-25,8:00am,USD,HPI m/m,Medium,0.4%,-0.1%,
2014-02-25,8:59am,USD,Richmond Manufacturing Index,Medium,13,12,
2014-02-25,9:00am,USD,CB Consumer Confidence,High,80.2,79.4,
2014-02-25,9:10am,USD,FOMC Member Tarullo Speaks,Medium,,,
2014-02-26,WedFeb 26,EUR,German GfK Consumer Climate,Low,8.3,8.3,
2014-02-26,3:25am,GBP,MPC Member Broadbent Speaks,Low,,,
2014-02-26,3:30am,GBP,Second Estimate GDP q/q,High,0.7%,0.7%,
2014-02-26,3:30am,GBP,Prelim Business Investment q/q,Low,2.6%,2.0%,
2014-02-26,3:30am,GBP,Index of Services 3m/3m,Medium,0.8%,0.9%,
2014-02-26,4:34am,EUR,German 30-y Bond Auction,Medium,,2.64|1.4,
2014-02-26,9:00am,USD,New Home Sales,High,406K,427K,
2014-02-26,9:30am,USD,Crude Oil Inventories,Low,1.1M,1.0M,
2014-02-26,6:30pm,USD,FOMC Member Pianalto Speaks,Low,,,
2014-02-27,1:00am,EUR,German Import Prices m/m,Medium,-0.1%,0.0%,
2014-02-27,All Day,EUR,German Prelim CPI m/m,Low,0.6%,-0.6%,
2014-02-27,2:15am,CHF,Employment Level,Low,4.22M,4.20M,
2014-02-27,2:55am,EUR,German Unemployment Change,Low,-10K,-28K,
2014-02-27,3:00am,EUR,M3 Money Supply y/y,Low,1.1%,1.0%,
2014-02-27,3:00am,EUR,Private Loans y/y,Low,-2.2%,-2.3%,
2014-02-27,4:17am,EUR,Italian 10-y Bond Auction,Low,,3.81|1.3,
2014-02-27,7:00am,EUR,German Buba President Weidmann Speaks,Low,,,
2014-02-27,7:30am,USD,Core Durable Goods Orders m/m,High,-0.1%,-1.3%,
2014-02-27,7:30am,USD,Unemployment Claims,High,333K,334K,
2014-02-27,7:30am,USD,Durable Goods Orders m/m,Low,-0.7%,-4.2%,
2014-02-27,9:00am,USD,Fed Chair Yellen Testifies,High,,,
2014-02-27,9:30am,USD,FOMC Member Fisher Speaks,Low,,,
2014-02-27,9:30am,USD,Natural Gas Storage,Medium,-110B,-250B,
2014-02-27,5:05pm,GBP,GfK Consumer Confidence,Medium,-6,-7,
2014-02-27,5:15pm,JPY,Final Manufacturing PMI,Medium,,56.6,
2014-02-27,5:30pm,JPY,Household Spending y/y,Low,0.5%,0.7%,
2014-02-27,5:30pm,JPY,Tokyo Core CPI y/y,Low,0.8%,0.7%,
2014-02-27,5:30pm,JPY,National Core CPI y/y,Medium,1.3%,1.3%,
2014-02-27,5:30pm,JPY,Unemployment Rate,Medium,3.7%,3.7%,
2014-02-27,5:50pm,JPY,Prelim Industrial Production m/m,Low,3.1%,0.9%,
2014-02-27,5:50pm,JPY,Retail Sales y/y,Low,3.9%,2.5%,
2014-02-27,11:00pm,JPY,Housing Starts y/y,Medium,15.3%,18.0%,
2014-02-28,FriFeb 28,GBP,Nationwide HPI m/m,Low,0.6%,0.8%,
2014-02-28,1:45am,EUR,French Consumer Spending m/m,Low,-0.8%,0.2%,
2014-02-28,2:00am,CHF,KOF Economic Barometer,Low,2.03,2.01,
2014-02-28,2:00am,EUR,Spanish Flash CPI y/y,Low,0.1%,0.2%,
2014-02-28,3:00am,EUR,Italian Monthly Unemployment Rate,Medium,12.7%,12.7%,
2014-02-28,3:00am,EUR,Italian Quarterly Unemployment Rate,Medium,12.4%,12.3%,
2014-02-28,4:00am,EUR,CPI Flash Estimate y/y,High,0.7%,0.8%,
2014-02-28,4:00am,EUR,Core CPI Flash Estimate y/y,Low,,0.8%,
2014-02-28,4:00am,EUR,Unemployment Rate,Low,12.0%,12.0%,
2014-02-28,4:00am,EUR,Italian Prelim CPI m/m,Medium,0.5%,0.2%,
2014-02-28,4:00am,USD,FOMC Member Fisher Speaks,Low,,,
2014-02-28,7:30am,USD,Prelim GDP q/q,High,2.6%,3.2%,
2014-02-28,7:30am,USD,Prelim GDP Price Index q/q,Medium,1.3%,1.3%,
2014-02-28,8:45am,USD,Chicago PMI,High,57.9,59.6,
2014-02-28,8:55am,USD,Revised UoM Consumer Sentiment,Low,81.4,81.2,
2014-02-28,8:55am,USD,Revised UoM Inflation Expectations,Medium,,3.3%,
2014-02-28,9:00am,USD,Pending Home Sales m/m,High,2.9%,-5.8%,
2014-02-28,9:15am,USD,FOMC Member Kocherlakota Speaks,Low,,,
2014-02-28,9:15am,USD,FOMC Member Stein Speaks,Low,,,
2014-02-28,9:30am,GBP,BOE Gov Carney Speaks,High,,,
2014-03-02,5:50pm,JPY,Capital Spending q/y,Low,5.1%,1.5%,
2014-03-03,2:30am,CHF,Manufacturing PMI,Low,57.2,56.1,
2014-03-03,2:45am,EUR,Italian Manufacturing PMI,Low,53.7,53.1,
2014-03-03,2:50am,EUR,French Final Manufacturing PMI,Medium,48.5,48.5,
2014-03-03,2:55am,EUR,German Final Manufacturing PMI,Medium,54.7,54.7,
2014-03-03,3:00am,EUR,Final Manufacturing PMI,Medium,53.2,53.0,
2014-03-03,3:30am,GBP,Final Manufacturing PMI,High,56.9,56.6,
2014-03-03,3:30am,GBP,Net Lending to Individuals m/m,Low,2.5B,2.3B,
2014-03-03,3:30am,GBP,M4 Money Supply m/m,Medium,0.3%,-1.4%,
2014-03-03,3:30am,GBP,Mortgage Approvals,Medium,74K,73K,
2014-03-03,7:30am,USD,Core PCE Price Index m/m,Low,0.1%,0.1%,
2014-03-03,7:30am,USD,Personal Spending m/m,Low,0.2%,0.1%,
2014-03-03,7:30am,USD,Personal Income m/m,Medium,0.2%,0.0%,
2014-03-03,8:00am,EUR,ECB President Draghi Speaks,High,,,
2014-03-03,8:00am,USD,Final Manufacturing PMI,Medium,56.7,56.7,
2014-03-03,9:00am,USD,ISM Manufacturing PMI,High,52.3,51.3,
2014-03-03,9:00am,USD,Construction Spending m/m,Medium,0.0%,1.5%,
2014-03-03,9:00am,USD,ISM Manufacturing Prices,Medium,57.2,60.5,
2014-03-03,All Day,USD,Total Vehicle Sales,Medium,15.3M,15.2M,
2014-03-03,5:50pm,JPY,Monetary Base y/y,Medium,54.2%,51.9%,
2014-03-03,7:30pm,JPY,Average Cash Earnings y/y,Low,0.3%,0.5%,
2014-03-03,9:45pm,JPY,10-y Bond Auction,Medium,,0.60|3.2,
2014-03-04,3:30am,GBP,Construction PMI,High,63.6,64.6,
2014-03-04,4:00am,EUR,PPI m/m,Medium,0.0%,0.2%,
2014-03-04,4:30am,GBP,MPC Member Cunliffe Speaks,Low,,,
2014-03-04,9:00am,USD,RCM/TIPP Economic Optimism,Medium,45.6,44.9,
2014-03-04,6:01pm,GBP,BRC Shop Price Index y/y,Medium,,-1.0%,
2014-03-05,2:45am,EUR,Italian Services PMI,Low,50.6,49.4,
2014-03-05,2:50am,EUR,French Final Services PMI,Medium,46.9,46.9,
2014-03-05,2:55am,EUR,German Final Services PMI,Medium,55.4,55.4,
2014-03-05,3:00am,EUR,Final Services PMI,Medium,51.7,51.7,
2014-03-05,3:30am,GBP,Final Services PMI,High,58.0,58.3,
2014-03-05,4:00am,EUR,Retail Sales m/m,Low,0.9%,-1.3%,
2014-03-05,4:00am,EUR,Revised GDP q/q,Medium,0.3%,0.3%,
2014-03-05,7:15am,USD,ADP Non-Farm Employment Change,High,159K,127K,
2014-03-05,8:00am,USD,Final Services PMI,Medium,52.7,52.7,
2014-03-05,8:57am,USD,ISM Services PMI,High,53.8,54.0,
2014-03-05,9:30am,USD,Crude Oil Inventories,Low,0.9M,0.1M,
2014-03-05,1:00pm,USD,Beige Book,Low,,,
2014-03-05,6:00pm,USD,FOMC Member Fisher Speaks,Low,,,
2014-03-05,9:45pm,JPY,30-y Bond Auction,Medium,,1.59|3.4,
2014-03-06,3:10am,EUR,Retail PMI,Medium,,50.5,
2014-03-06,3:45am,EUR,Spanish 10-y Bond Auction,Medium,,3.56|1.9,
2014-03-06,4:00am,EUR,French 10-y Bond Auction,Medium,,2.25|2.1,
2014-03-06,5:00am,EUR,German Factory Orders m/m,Low,1.1%,-0.2%,
2014-03-06,6:00am,GBP,Asset Purchase Facility,High,375B,375B,
2014-03-06,6:00am,GBP,Official Bank Rate,High,0.50%,0.50%,
2014-03-06,6:30am,USD,Challenger Job Cuts y/y,Medium,,11.6%,
2014-03-06,6:45am,EUR,Main Refinancing Rate,High,0.25%,0.25%,
2014-03-06,7:15am,USD,FOMC Member Dudley Speaks,High,,,
2014-03-06,7:30am,EUR,ECB Press Conference,High,,,
2014-03-06,7:30am,USD,Unemployment Claims,High,336K,349K,
2014-03-06,7:30am,USD,Revised Nonfarm Productivity q/q,Low,2.6%,3.2%,
2014-03-06,7:30am,USD,Revised Unit Labor Costs q/q,Medium,-1.0%,-1.6%,
2014-03-06,9:00am,USD,Factory Orders m/m,Low,-0.4%,-2.0%,
2014-03-06,9:30am,USD,Natural Gas Storage,Medium,-134B,-95B,
2014-03-06,12:00pm,USD,FOMC Member Plosser Speaks,Low,,,
2014-03-06,11:00pm,JPY,Leading Indicators,Medium,112.4%,111.7%,
2014-03-07,1:00am,EUR,German WPI m/m,Medium,0.6%,0.3%,
2014-03-07,1:45am,EUR,French Gov Budget Balance,Medium,,-74.9B,
2014-03-07,1:45am,EUR,French Trade Balance,Medium,-5.3B,-5.2B,
2014-03-07,2:00am,CHF,Foreign Currency Reserves,Low,,438B,
2014-03-07,2:15am,CHF,CPI m/m,Low,0.4%,-0.3%,
2014-03-07,3:30am,GBP,Consumer Inflation Expectations,Low,,3.6%,
2014-03-07,5:00am,EUR,German Industrial Production m/m,Low,0.7%,0.1%,
2014-03-07,7:30am,USD,Non-Farm Employment Change,High,151K,129K,
2014-03-07,7:30am,USD,Trade Balance,High,-39.1B,-39.0B,
2014-03-07,7:30am,USD,Unemployment Rate,High,6.6%,6.6%,
2014-03-07,7:30am,USD,Average Hourly Earnings m/m,Low,0.2%,0.2%,
2014-03-07,11:00am,USD,FOMC Member Dudley Speaks,Low,,,
2014-03-07,2:00pm,USD,Consumer Credit m/m,Medium,14.6B,15.9B,
2014-03-09,SunMar 9,USD,Daylight Saving Time Shift,Low,,,
2014-03-09,6:50pm,JPY,Current Account,Low,-0.59T,0.07T,
2014-03-09,6:50pm,JPY,Final GDP q/q,Low,0.2%,0.3%,
2014-03-09,6:50pm,JPY,Bank Lending y/y,Medium,,2.3%,
2014-03-09,6:50pm,JPY,Final GDP Price Index y/y,Medium,-0.4%,-0.4%,
2014-03-10,2:45am,EUR,French Industrial Production m/m,Low,0.6%,-0.6%,
2014-03-10,3:15am,CHF,Retail Sales y/y,Low,2.7%,2.5%,
2014-03-10,4:00am,EUR,Italian Industrial Production m/m,Medium,0.4%,-0.8%,
2014-03-10,4:30am,EUR,Sentix Investor Confidence,Medium,14.3,13.3,
2014-03-10,5:15am,USD,FOMC Member Plosser Speaks,Low,,,
2014-03-10,All Day,EUR,Eurogroup Meetings,Low,,,
2014-03-10,9:15am,GBP,MPC Member Bean Speaks,Low,,,
2014-03-10,6:50pm,JPY,M2 Money Stock y/y,Medium,4.4%,4.3%,
2014-03-10,7:01pm,GBP,BRC Retail Sales Monitor y/y,Low,,3.9%,
2014-03-10,10:00pm,JPY,Monetary Policy Statement,High,,,
2014-03-11,2:00am,EUR,German Trade Balance,Low,19.3B,18.3B,
2014-03-11,2:26am,JPY,BOJ Press Conference,High,,,
2014-03-11,4:30am,GBP,Manufacturing Production m/m,High,0.3%,0.4%,
2014-03-11,4:30am,GBP,Monetary Policy Report Hearings,High,,,
2014-03-11,4:30am,GBP,Industrial Production m/m,Medium,0.3%,0.5%,
2014-03-11,All Day,EUR,ECOFIN Meetings,Low,,,
2014-03-11,5:35am,GBP,10-y Bond Auction,Medium,,2.73|1.8,
2014-03-11,6:30am,USD,NFIB Small Business Index,Medium,95.3,94.1,
2014-03-11,9:00am,USD,JOLTS Job Openings,High,4.02M,3.91M,
2014-03-11,9:00am,USD,Final Wholesale Inventories m/m,Medium,0.5%,0.4%,
2014-03-11,10:00am,GBP,NIESR GDP Estimate,Low,,0.7%,
2014-03-11,6:50pm,JPY,BSI Manufacturing Index,Low,11.3,9.7,
2014-03-11,6:50pm,JPY,Tertiary Industry Activity m/m,Low,0.7%,-0.5%,
2014-03-11,6:50pm,JPY,PPI y/y,Medium,2.2%,2.5%,
2014-03-12,WedMar 12,JPY,Consumer Confidence,Medium,40.3,40.5,
2014-03-12,1:30am,EUR,French Final Private Payrolls q/q,Medium,0.1%,0.1%,
2014-03-12,5:00am,EUR,Industrial Production m/m,Low,0.6%,-0.4%,
2014-03-12,5:00am,EUR,Trade Balance,Medium,14.5B,16.0B,
2014-03-12,9:30am,USD,Crude Oil Inventories,Low,2.1M,1.4M,
2014-03-12,12:01pm,USD,10-y Bond Auction,Low,,2.80|2.5,
2014-03-12,1:00pm,USD,Treasury Sec Lew Speaks,Medium,,,
2014-03-12,6:50pm,JPY,Core Machinery Orders m/m,Low,7.3%,-15.7%,
2014-03-12,7:01pm,GBP,RICS House Price Balance,Medium,52%,52%,
2014-03-13,2:45am,EUR,French Final CPI m/m,Medium,0.4%,-0.6%,
2014-03-13,4:00am,EUR,ECB Monthly Bulletin,Low,,,
2014-03-13,7:30am,USD,Core Retail Sales m/m,High,0.2%,-0.3%,
2014-03-13,7:30am,USD,Retail Sales m/m,High,0.3%,-0.6%,
2014-03-13,7:30am,USD,Unemployment Claims,High,334K,324K,
2014-03-13,7:30am,USD,Import Prices m/m,Low,0.6%,0.4%,
2014-03-13,9:00am,USD,Business Inventories m/m,Low,0.4%,0.5%,
2014-03-13,9:00am,USD,Fed Gov Nomination Hearings,Low,,,
2014-03-13,9:30am,USD,Natural Gas Storage,Medium,-199B,-152B,
2014-03-13,12:01pm,USD,30-y Bond Auction,Medium,,3.69|2.3,
2014-03-13,12:52pm,USD,Federal Budget Balance,Low,-223.2B,-10.4B,
2014-03-13,6:50pm,JPY,Monetary Policy Meeting Minutes,Low,,,
2014-03-13,11:30pm,JPY,Revised Industrial Production m/m,Medium,4.0%,4.0%,
2014-03-14,3:15am,CHF,PPI m/m,Low,0.3%,0.0%,
2014-03-14,4:30am,GBP,Goods Trade Balance,Low,-8.7B,-7.7B,
2014-03-14,4:30am,GBP,Construction Output m/m,Medium,1.4%,2.0%,
2014-03-14,5:00am,EUR,Final Employment Change q/q,Medium,0.0%,0.0%,
2014-03-14,5:00am,GBP,CB Leading Index m/m,Medium,,-0.1%,
2014-03-14,7:30am,USD,PPI m/m,High,0.2%,0.2%,
2014-03-14,7:30am,USD,Core PPI m/m,Low,0.1%,0.2%,
2014-03-14,8:55am,USD,Prelim UoM Consumer Sentiment,High,81.9,81.6,
2014-03-14,8:55am,USD,Prelim UoM Inflation Expectations,Medium,,3.2%,
2014-03-16,6:04pm,GBP,Rightmove HPI m/m,Medium,,3.3%,
2014-03-17,5:00am,EUR,Final CPI y/y,Low,0.8%,0.8%,
2014-03-17,5:00am,EUR,Final Core CPI y/y,Medium,1.0%,1.0%,
2014-03-17,7:30am,USD,Empire State Manufacturing Index,Low,6.6,4.5,
2014-03-17,8:15am,USD,Capacity Utilization Rate,Low,78.7%,78.5%,
2014-03-17,8:15am,USD,Industrial Production m/m,Low,0.2%,-0.2%,
2014-03-17,9:00am,USD,NAHB Housing Market Index,Low,50,46,
2014-03-17,10:00am,EUR,German Buba President Weidmann Speaks,Low,,,
2014-03-18,2:00am,EUR,German WPI m/m,Medium,0.2%,-0.1%,
2014-03-18,4:00am,EUR,Italian Trade Balance,Medium,2.47B,3.61B,
2014-03-18,4:15am,EUR,German Constitutional Court Ruling,Low,,,
2014-03-18,5:00am,EUR,German ZEW Economic Sentiment,High,52.8,55.7,
2014-03-18,5:00am,EUR,ZEW Economic Sentiment,Low,67.3,68.5,
2014-03-18,7:30am,USD,Building Permits,High,0.97M,0.95M,
2014-03-18,7:30am,USD,Core CPI m/m,High,0.1%,0.1%,
2014-03-18,7:30am,USD,CPI y/y,High,1.2%,1.6%,
2014-03-18,7:30am,USD,CPI m/m,Low,0.1%,0.1%,
2014-03-18,7:30am,USD,Housing Starts,Low,0.92M,0.91M,
2014-03-18,8:00am,USD,TIC Long-Term Purchases,Low,23.4B,-45.9B,
2014-03-18,12:45pm,GBP,BOE Gov Carney Speaks,High,,,
2014-03-18,6:50pm,JPY,Trade Balance,Low,-0.89T,-1.76T,
2014-03-18,11:30pm,JPY,All Industries Activity m/m,Medium,1.3%,-0.3%,
2014-03-19,4:30am,GBP,Claimant Count Change,High,-23.3K,-33.9K,
2014-03-19,4:30am,GBP,MPC Asset Purchase Facility Votes,High,0-0-9,0-0-9,
2014-03-19,4:30am,GBP,MPC Official Bank Rate Votes,High,0-0-9,0-0-9,
2014-03-19,4:30am,GBP,Unemployment Rate,High,7.2%,7.2%,
2014-03-19,4:30am,GBP,Average Earnings Index 3m/y,Low,1.3%,1.2%,
2014-03-19,5:00am,CHF,UBS Economic Expectations,Low,,28.7,
2014-03-19,5:43am,EUR,German 10-y Bond Auction,Low,,1.64|1.1,
2014-03-19,7:30am,GBP,Annual Budget Release,High,,,
2014-03-19,7:30am,USD,Current Account,Low,-88B,-96B,
2014-03-19,9:30am,USD,Crude Oil Inventories,Low,2.4M,6.2M,
2014-03-19,12:45pm,CHF,SNB Chairman Jordan Speaks,High,,,
2014-03-19,1:00pm,USD,FOMC Economic Projections,High,,,
2014-03-19,1:00pm,USD,FOMC Statement,High,,,
2014-03-19,1:00pm,USD,Federal Funds Rate,Low,<0.25%,<0.25%,
2014-03-19,1:30pm,USD,FOMC Press Conference,High,,,
2014-03-20,ThuMar 20,EUR,German PPI m/m,Low,0.2%,-0.1%,
2014-03-20,2:15am,JPY,BOJ Gov Kuroda Speaks,High,,,
2014-03-20,3:30am,CHF,Libor Rate,High,<0.25%,<0.25%,
2014-03-20,3:30am,CHF,SNB Monetary Policy Assessment,High,,,
2014-03-20,Day 1,EUR,EU Economic Summit,Low,,,
2014-03-20,6:00am,GBP,CBI Industrial Order Expectations,Low,5,3,
2014-03-20,7:30am,USD,Unemployment Claims,High,327K,315K,
2014-03-20,9:00am,USD,Existing Home Sales,High,4.65M,4.62M,
2014-03-20,9:00am,USD,Philly Fed Manufacturing Index,High,4.2,-6.3,
2014-03-20,9:00am,USD,CB Leading Index m/m,Medium,0.3%,0.1%,
2014-03-20,9:30am,USD,Natural Gas Storage,Medium,-58B,-195B,
2014-03-20,11:30am,GBP,MPC Member Weale Speaks,Low,,,
2014-03-20,3:00pm,USD,Bank Stress Test Results,Low,,,
2014-03-20,All Day,JPY,Bank Holiday,Low,,,
2014-03-21,Day 2,EUR,EU Economic Summit,Low,,,
2014-03-21,4:30am,GBP,Public Sector Net Borrowing,Low,7.8B,-6.8B,
2014-03-21,10:00am,EUR,Consumer Confidence,Medium,-12,-13,
2014-03-21,12:45pm,USD,FOMC Member Fisher Speaks,High,,,
2014-03-21,3:30pm,GBP,MPC Member Dale Speaks,Low,,,
2014-03-21,3:30pm,USD,FOMC Member Kocherlakota Speaks,Low,,,
2014-03-21,5:30pm,USD,FOMC Member Stein Speaks,Low,,,
2014-03-24,MonMar 24,EUR,French Flash Services PMI,Low,47.9,47.2,
2014-03-24,3:30am,EUR,German Flash Manufacturing PMI,High,54.7,54.8,
2014-03-24,3:30am,EUR,German Flash Services PMI,Low,55.8,55.9,
2014-03-24,4:00am,EUR,Flash Manufacturing PMI,Low,53.2,53.2,
2014-03-24,4:00am,EUR,Flash Services PMI,Low,52.6,52.6,
2014-03-24,6:00am,EUR,German Buba Monthly Report,Low,,,
2014-03-24,8:45am,USD,Flash Manufacturing PMI,Low,56.6,57.1,
2014-03-24,9:00am,EUR,Belgian NBB Business Climate,Medium,-5.1,-4.0,
2014-03-25,4:30am,GBP,CPI y/y,High,1.7%,1.9%,
2014-03-25,4:30am,GBP,High Street Lending,Low,50.0K,49.3K,
2014-03-25,4:30am,GBP,PPI Input m/m,Low,0.4%,-0.9%,
2014-03-25,4:30am,GBP,RPI y/y,Low,2.6%,2.8%,
2014-03-25,4:30am,GBP,Core CPI y/y,Medium,1.6%,1.6%,
2014-03-25,4:30am,GBP,ONS HPI y/y,Medium,5.7%,5.5%,
2014-03-25,4:30am,GBP,PPI Output m/m,Medium,0.2%,0.3%,
2014-03-25,6:00am,GBP,CBI Realized Sales,Low,30,37,
2014-03-25,8:00am,USD,S&P/CS Composite-20 HPI y/y,Low,13.3%,13.4%,
2014-03-25,8:00am,USD,HPI m/m,Medium,0.7%,0.7%,
2014-03-25,8:59am,USD,Richmond Manufacturing Index,Medium,-1,-6,
2014-03-25,9:00am,USD,CB Consumer Confidence,High,78.7,78.3,
2014-03-25,9:00am,USD,New Home Sales,High,447K,455K,
2014-03-25,11:00am,EUR,ECB President Draghi Speaks,High,,,
2014-03-25,11:30am,EUR,German Buba President Weidmann Speaks,Low,,,
2014-03-25,6:00pm,USD,FOMC Member Plosser Speaks,Low,,,
2014-03-25,6:50pm,JPY,SPPI y/y,Medium,0.8%,0.7%,
2014-03-26,WedMar 26,EUR,German GfK Consumer Climate,Low,8.5,8.5,
2014-03-26,4:00am,EUR,Italian Retail Sales m/m,Medium,0.4%,-0.3%,
2014-03-26,7:30am,USD,Core Durable Goods Orders m/m,High,0.3%,0.9%,
2014-03-26,7:30am,USD,Durable Goods Orders m/m,Low,1.1%,-1.3%,
2014-03-26,8:45am,USD,Flash Services PMI,Medium,54.2,53.3,
2014-03-26,9:00am,CHF,SNB Quarterly Bulletin,Medium,,,
2014-03-26,9:30am,USD,Crude Oil Inventories,Low,2.9M,5.9M,
2014-03-26,3:00pm,USD,Bank Stress Test Results,Medium,,,
2014-03-27,ThuMar 27,EUR,Private Loans y/y,Low,-2.1%,-2.3%,
2014-03-27,4:30am,GBP,Retail Sales m/m,High,0.5%,-2.0%,
2014-03-27,4:30am,GBP,FPC Statement,Medium,,,
2014-03-27,7:30am,USD,Unemployment Claims,High,326K,321K,
2014-03-27,7:30am,USD,Final GDP q/q,Low,2.7%,2.4%,
2014-03-27,7:30am,USD,FOMC Member Pianalto Speaks,Low,,,
2014-03-27,7:30am,USD,Final GDP Price Index q/q,Medium,1.6%,1.6%,
2014-03-27,9:00am,USD,Pending Home Sales m/m,High,0.1%,-0.2%,
2014-03-27,9:30am,USD,Natural Gas Storage,Medium,-49B,-48B,
2014-03-27,12:00pm,CHF,Gov Board Member Zurbrugg Speaks,Low,,,
2014-03-27,6:30pm,JPY,Household Spending y/y,Low,0.2%,1.1%,
2014-03-27,6:30pm,JPY,Tokyo Core CPI y/y,Low,0.9%,0.9%,
2014-03-27,6:30pm,JPY,National Core CPI y/y,Medium,1.3%,1.3%,
2014-03-27,6:30pm,JPY,Unemployment Rate,Medium,3.7%,3.7%,
2014-03-27,6:50pm,JPY,Retail Sales y/y,Low,3.4%,4.4%,
2014-03-27,7:05pm,GBP,GfK Consumer Confidence,Medium,-6,-7,
2014-03-27,7:20pm,USD,FOMC Member Tarullo Speaks,Medium,,,
2014-03-28,All Day,EUR,German Prelim CPI m/m,Low,0.4%,0.5%,
2014-03-28,2:45am,EUR,French Consumer Spending m/m,Low,1.0%,-2.1%,
2014-03-28,3:00am,EUR,Spanish Flash CPI y/y,Low,-0.1%,-0.1%,
2014-03-28,4:30am,GBP,Current Account,High,-13.5B,-22.8B,
2014-03-28,4:30am,GBP,Final GDP q/q,Low,0.7%,0.7%,
2014-03-28,4:30am,GBP,Index of Services 3m/3m,Medium,0.6%,0.8%,
2014-03-28,4:30am,GBP,Revised Business Investment q/q,Medium,2.4%,2.4%,
2014-03-28,5:21am,EUR,Italian 10-y Bond Auction,Low,,3.42|1.6,
2014-03-28,7:30am,USD,Core PCE Price Index m/m,Low,0.1%,0.1%,
2014-03-28,7:30am,USD,Personal Spending m/m,Low,0.3%,0.2%,
2014-03-28,7:30am,USD,Personal Income m/m,Medium,0.4%,0.3%,
2014-03-28,8:55am,USD,Revised UoM Consumer Sentiment,Low,80.6,79.9,
2014-03-28,8:55am,USD,Revised UoM Inflation Expectations,Medium,,3.2%,
2014-03-28,12:30pm,EUR,German Buba President Weidmann Speaks,Low,,,
2014-03-29,SatMar 29,EUR,Daylight Saving Time Shift,Low,,,
2014-03-29,SatMar 29,GBP,Daylight Saving Time Shift,Low,,,
2014-03-30,6:15pm,JPY,Final Manufacturing PMI,Medium,,55.5,
2014-03-30,6:50pm,JPY,Prelim Industrial Production m/m,Low,3.6%,3.8%,
2014-03-31,1:00am,EUR,German Retail Sales m/m,Low,-0.3%,1.7%,
2014-03-31,2:00am,CHF,KOF Economic Barometer,Low,2.08,2.03,
2014-03-31,3:30am,GBP,Net Lending to Individuals m/m,Low,2.3B,2.1B,
2014-03-31,3:30am,GBP,M4 Money Supply m/m,Medium,0.5%,0.3%,
2014-03-31,3:30am,GBP,Mortgage Approvals,Medium,75K,77K,
2014-03-31,4:00am,EUR,CPI Flash Estimate y/y,High,0.6%,0.7%,
2014-03-31,4:00am,EUR,Core CPI Flash Estimate y/y,Low,,1.0%,
2014-03-31,4:00am,EUR,Italian Prelim CPI m/m,Medium,0.2%,-0.1%,
2014-03-31,8:45am,USD,Chicago PMI,Low,59.2,59.8,
2014-03-31,8:55am,USD,Fed Chair Yellen Speaks,High,,,
2014-03-31,12:15pm,GBP,BOE Gov Carney Speaks,High,,,
2014-03-31,6:50pm,JPY,Tankan Manufacturing Index,Low,19,16,
2014-03-31,6:50pm,JPY,Tankan Non-Manufacturing Index,Low,24,20,
2014-03-31,8:30pm,JPY,Average Cash Earnings y/y,Low,-0.1%,-0.2%,
2014-03-31,10:45pm,JPY,10-y Bond Auction,Medium,,0.60|3.5,
2014-04-01,2:15am,EUR,Spanish Manufacturing PMI,Low,52.9,52.5,
2014-04-01,2:30am,CHF,Manufacturing PMI,Low,56.9,57.6,
2014-04-01,2:45am,EUR,Italian Manufacturing PMI,Low,52.2,52.3,
2014-04-01,2:50am,EUR,French Final Manufacturing PMI,Medium,51.9,51.9,
2014-04-01,2:55am,EUR,German Unemployment Change,Low,-9K,-15K,
2014-04-01,2:55am,EUR,German Final Manufacturing PMI,Medium,53.8,53.8,
2014-04-01,3:00am,EUR,Final Manufacturing PMI,Medium,53.0,53.0,
2014-04-01,3:00am,EUR,Italian Monthly Unemployment Rate,Medium,12.9%,12.9%,
2014-04-01,3:30am,GBP,Final Manufacturing PMI,High,56.7,56.2,
2014-04-01,3:30am,GBP,FPC Meeting Minutes,Medium,,,
2014-04-01,4:00am,EUR,Unemployment Rate,Low,12.0%,11.9%,
2014-04-01,Day 1,EUR,ECOFIN Meetings,Low,,,
2014-04-01,8:45am,USD,Final Manufacturing PMI,Medium,55.9,55.5,
2014-04-01,9:00am,USD,ISM Manufacturing PMI,High,54.2,53.2,
2014-04-01,9:00am,USD,Construction Spending m/m,Medium,0.2%,-0.2%,
2014-04-01,9:00am,USD,ISM Manufacturing Prices,Medium,59.2,60.0,
2014-04-01,9:00am,USD,RCM/TIPP Economic Optimism,Medium,46.3,45.1,
2014-04-01,All Day,USD,Total Vehicle Sales,Medium,15.8M,15.3M,
2014-04-01,6:50pm,JPY,Monetary Base y/y,Medium,60.2%,55.7%,
2014-04-02,2:00am,EUR,Spanish Unemployment Change,Low,-5.3K,-1.9K,
2014-04-02,3:30am,GBP,Construction PMI,High,63.1,62.6,
2014-04-02,4:00am,EUR,Final GDP q/q,Medium,0.3%,0.3%,
2014-04-02,4:00am,EUR,PPI m/m,Medium,0.0%,-0.3%,
2014-04-02,Day 2,EUR,ECOFIN Meetings,Low,,,
2014-04-02,4:34am,GBP,30-y Bond Auction,Medium,,3.59|1.9,
2014-04-02,6:45am,GBP,MPC Member Cunliffe Speaks,Low,,,
2014-04-02,7:15am,USD,ADP Non-Farm Employment Change,High,192K,178K,
2014-04-02,9:00am,USD,Factory Orders m/m,Low,1.3%,-1.0%,
2014-04-02,9:30am,USD,Crude Oil Inventories,Low,1.3M,6.6M,
2014-04-03,2:45am,EUR,Italian Services PMI,Low,52.3,52.9,
2014-04-03,2:50am,EUR,French Final Services PMI,Medium,51.4,51.4,
2014-04-03,2:55am,EUR,German Final Services PMI,Medium,54.0,54.0,
2014-04-03,3:00am,EUR,Final Services PMI,Medium,52.4,52.4,
2014-04-03,3:30am,GBP,Final Services PMI,High,58.2,58.2,
2014-04-03,3:30am,GBP,BOE Credit Conditions Survey,Low,,,
2014-04-03,3:30am,GBP,Housing Equity Withdrawal q/q,Medium,-9.4B,-10.6B,
2014-04-03,3:42am,EUR,Spanish 10-y Bond Auction,Medium,,3.34|2.8,
2014-04-03,4:00am,EUR,Retail Sales m/m,Low,-0.3%,1.0%,
2014-04-03,4:02am,EUR,French 10-y Bond Auction,Medium,,2.20|2.1,
2014-04-03,6:30am,USD,Challenger Job Cuts y/y,Medium,,-24.4%,
2014-04-03,6:45am,EUR,Main Refinancing Rate,High,0.25%,0.25%,
2014-04-03,7:30am,EUR,ECB Press Conference,High,,,
2014-04-03,7:30am,USD,Trade Balance,High,-38.3B,-39.3B,
2014-04-03,7:30am,USD,Unemployment Claims,High,319K,310K,
2014-04-03,8:45am,USD,Final Services PMI,Medium,55.5,55.5,
2014-04-03,9:00am,EUR,ECB President Draghi Speaks,High,,,
2014-04-03,9:00am,USD,ISM Services PMI,High,53.5,51.6,
2014-04-03,9:30am,USD,Natural Gas Storage,Medium,-75B,-57B,
2014-04-04,1:58am,GBP,Halifax HPI m/m,Low,0.7%,2.5%,
2014-04-04,3:10am,EUR,Retail PMI,Medium,,48.5,
2014-04-04,7:30am,USD,Non-Farm Employment Change,High,199K,197K,
2014-04-04,7:30am,USD,Unemployment Rate,High,6.6%,6.7%,
2014-04-04,7:30am,USD,Average Hourly Earnings m/m,Low,0.2%,0.4%,
2014-04-07,1:00am,EUR,German Industrial Production m/m,Medium,0.3%,0.7%,
2014-04-07,2:00am,CHF,Foreign Currency Reserves,Low,,434B,
2014-04-07,2:15am,CHF,CPI m/m,Low,0.2%,0.1%,
2014-04-07,3:30am,EUR,Sentix Investor Confidence,Medium,14.1,13.9,
2014-04-07,2:00pm,USD,Consumer Credit m/m,Medium,14.1B,13.8B,
2014-04-07,6:50pm,JPY,Current Account,Low,-0.04T,-0.59T,
2014-04-07,9:50pm,JPY,Monetary Policy Statement,High,,,
2014-04-08,12:45am,CHF,Unemployment Rate,Medium,3.2%,3.2%,
2014-04-08,1:33am,JPY,BOJ Press Conference,High,,,
2014-04-08,1:45am,EUR,French Gov Budget Balance,Medium,,-12.7B,
2014-04-08,1:45am,EUR,French Trade Balance,Medium,-4.9B,-5.6B,
2014-04-08,2:15am,CHF,Retail Sales y/y,Low,0.9%,-0.1%,
2014-04-08,3:30am,GBP,Manufacturing Production m/m,High,0.3%,0.3%,
2014-04-08,3:30am,GBP,Industrial Production m/m,Medium,0.3%,0.0%,
2014-04-08,6:30am,USD,NFIB Small Business Index,Medium,92.3,91.4,
2014-04-08,9:00am,GBP,NIESR GDP Estimate,Low,,0.9%,
2014-04-08,9:00am,USD,JOLTS Job Openings,High,3.99M,3.87M,
2014-04-08,12:30pm,USD,FOMC Member Kocherlakota Speaks,Low,,,
2014-04-08,1:45pm,USD,FOMC Member Plosser Speaks,Low,,,
2014-04-08,6:01pm,GBP,BRC Shop Price Index y/y,Medium,,-1.4%,
2014-04-09,1:00am,EUR,German Trade Balance,Low,18.0B,17.3B,
2014-04-09,3:30am,GBP,Goods Trade Balance,Low,-9.3B,-9.5B,
2014-04-09,9:00am,USD,Final Wholesale Inventories m/m,Medium,0.5%,0.8%,
2014-04-09,9:30am,USD,Crude Oil Inventories,Low,1.0M,-2.4M,
2014-04-09,12:01pm,USD,10-y Bond Auction,Low,,2.73|2.9,
2014-04-09,1:00pm,USD,FOMC Meeting Minutes,High,,,
2014-04-09,6:00pm,USD,FOMC Member Tarullo Speaks,Medium,,,
2014-04-09,6:01pm,GBP,RICS House Price Balance,Medium,44%,47%,
2014-04-09,6:50pm,JPY,Core Machinery Orders m/m,Low,-3.2%,13.4%,
2014-04-09,6:50pm,JPY,Bank Lending y/y,Medium,,2.2%,
2014-04-10,1:45am,EUR,French Industrial Production m/m,Low,0.2%,-0.3%,
2014-04-10,1:45am,EUR,French Final CPI m/m,Medium,0.6%,0.6%,
2014-04-10,3:00am,EUR,ECB Monthly Bulletin,Low,,,
2014-04-10,3:00am,EUR,Italian Industrial Production m/m,Medium,-0.2%,1.1%,
2014-04-10,6:00am,GBP,Asset Purchase Facility,High,375B,375B,
2014-04-10,6:00am,GBP,Official Bank Rate,High,0.50%,0.50%,
2014-04-10,7:30am,USD,Unemployment Claims,High,314K,332K,
2014-04-10,7:30am,USD,Import Prices m/m,Low,0.2%,0.9%,
2014-04-10,9:30am,USD,Natural Gas Storage,Medium,15B,-74B,
2014-04-10,12:01pm,USD,30-y Bond Auction,Medium,,3.63|2.4,
2014-04-10,12:59pm,USD,Federal Budget Balance,Low,-76.5B,-193.5B,
2014-04-10,6:50pm,JPY,Monetary Policy Meeting Minutes,Low,,,
2014-04-10,6:50pm,JPY,M2 Money Stock y/y,Medium,3.9%,4.0%,
2014-04-10,6:50pm,JPY,PPI y/y,Medium,1.8%,1.8%,
2014-04-10,10:45pm,JPY,30-y Bond Auction,Medium,,1.64|4.3,
2014-04-11,FriApr 11,EUR,German WPI m/m,Medium,0.1%,-0.1%,
2014-04-11,3:30am,GBP,Construction Output m/m,Medium,-1.1%,2.1%,
2014-04-11,4:00am,GBP,CB Leading Index m/m,Medium,,0.6%,
2014-04-11,7:30am,USD,PPI m/m,High,0.1%,-0.1%,
2014-04-11,7:30am,USD,Core PPI m/m,Low,0.2%,-0.2%,
2014-04-11,8:55am,USD,Prelim UoM Consumer Sentiment,High,81.2,80.0,
2014-04-11,8:55am,USD,Prelim UoM Inflation Expectations,Medium,,3.2%,
2014-04-12,11:00am,EUR,ECB President Draghi Speaks,High,,,
2014-04-13,12:30pm,USD,FOMC Member Stein Speaks,Low,,,
2014-04-13,6:01pm,GBP,Rightmove HPI m/m,Medium,,1.6%,
2014-04-14,7:30am,USD,Core Retail Sales m/m,High,0.5%,0.3%,
2014-04-14,7:30am,USD,Retail Sales m/m,High,0.8%,0.7%,
2014-04-14,9:00am,USD,Business Inventories m/m,Low,0.5%,0.4%,
2014-04-14,11:45am,USD,FOMC Member Tarullo Speaks,Medium,,,
2014-04-14,6:01pm,GBP,BRC Retail Sales Monitor y/y,Low,,-1.0%,
2014-04-15,3:30am,GBP,CPI y/y,High,1.6%,1.7%,
2014-04-15,3:30am,GBP,PPI Input m/m,Low,-0.1%,-0.5%,
2014-04-15,3:30am,GBP,RPI y/y,Low,2.5%,2.7%,
2014-04-15,3:30am,GBP,Core CPI y/y,Medium,1.6%,1.7%,
2014-04-15,3:30am,GBP,ONS HPI y/y,Medium,7.2%,6.8%,
2014-04-15,3:30am,GBP,PPI Output m/m,Medium,0.1%,0.1%,
2014-04-15,Jan Data,EUR,Trade Balance,Medium,13.9B,14.7B,
2014-04-15,4:00am,EUR,German ZEW Economic Sentiment,High,46.3,46.6,
2014-04-15,4:00am,EUR,ZEW Economic Sentiment,Low,60.7,61.5,
2014-04-15,4:00am,EUR,Trade Balance,Medium,14.8B,13.9B,
2014-04-15,7:30am,USD,Core CPI m/m,High,0.1%,0.1%,
2014-04-15,7:30am,USD,CPI y/y,High,1.5%,1.1%,
2014-04-15,7:30am,USD,CPI m/m,Low,0.1%,0.1%,
2014-04-15,7:30am,USD,Empire State Manufacturing Index,Low,8.2,5.6,
2014-04-15,7:45am,USD,Fed Chair Yellen Speaks,High,,,
2014-04-15,8:00am,USD,TIC Long-Term Purchases,Low,31.6B,7.7B,
2014-04-15,9:00am,USD,NAHB Housing Market Index,Low,50,46,
2014-04-15,2:00pm,USD,FOMC Member Plosser Speaks,Low,,,
2014-04-15,4:15pm,USD,Treasury Currency Report,Low,,,
2014-04-15,7:00pm,USD,FOMC Member Kocherlakota Speaks,Low,,,
2014-04-15,11:30pm,JPY,Revised Industrial Production m/m,Medium,-2.3%,-2.3%,
2014-04-16,3:00am,EUR,Current Account,Low,22.3B,25.4B,
2014-04-16,3:00am,EUR,Italian Trade Balance,Medium,1.27B,0.36B,
2014-04-16,3:30am,GBP,Claimant Count Change,High,-30.2K,-37.0K,
2014-04-16,3:30am,GBP,Unemployment Rate,High,7.2%,7.2%,
2014-04-16,3:30am,GBP,Average Earnings Index 3m/y,Low,1.8%,1.4%,
2014-04-16,4:00am,CHF,UBS Economic Expectations,Low,,19.0,
2014-04-16,4:00am,EUR,Final CPI y/y,Low,0.5%,0.5%,
2014-04-16,4:00am,EUR,Final Core CPI y/y,Medium,0.8%,0.8%,
2014-04-16,4:34am,EUR,German 10-y Bond Auction,Low,,1.58|1.6,
2014-04-16,7:30am,USD,Building Permits,High,1.00M,1.01M,
2014-04-16,7:30am,USD,FOMC Member Stein Speaks,Low,,,
2014-04-16,7:30am,USD,Housing Starts,Low,0.97M,0.92M,
2014-04-16,8:15am,USD,Capacity Utilization Rate,Low,78.8%,78.8%,
2014-04-16,8:15am,USD,Industrial Production m/m,Low,0.5%,1.2%,
2014-04-16,9:30am,USD,Crude Oil Inventories,Low,1.3M,4.0M,
2014-04-16,11:15am,USD,Fed Chair Yellen Speaks,High,,,
2014-04-16,12:25pm,USD,FOMC Member Fisher Speaks,Low,,,
2014-04-16,1:00pm,USD,Beige Book,Low,,,
2014-04-16,7:30pm,JPY,BOJ Gov Kuroda Speaks,High,,,
2014-04-17,1:00am,EUR,German PPI m/m,Low,0.1%,0.0%,
2014-04-17,7:30am,USD,Unemployment Claims,High,316K,302K,
2014-04-17,9:00am,USD,Philly Fed Manufacturing Index,High,9.6,9.0,
2014-04-17,9:30am,USD,Natural Gas Storage,Medium,35B,4B,
2014-04-17,6:50pm,JPY,Tertiary Industry Activity m/m,Low,0.2%,1.6%,
2014-04-18,All Day,EUR,German Bank Holiday,Low,,,
2014-04-18,All Day,GBP,Bank Holiday,Low,,,
2014-04-20,6:50pm,JPY,Trade Balance,Low,-1.27T,-1.18T,
2014-04-21,All Day,EUR,Italian Bank Holiday,Low,,,
2014-04-21,All Day,EUR,German Bank Holiday,Low,,,
2014-04-21,All Day,EUR,French Bank Holiday,Low,,,
2014-04-21,All Day,GBP,Bank Holiday,Low,,,
2014-04-21,9:00am,USD,CB Leading Index m/m,Medium,0.8%,0.5%,
2014-04-22,8:04am,USD,HPI m/m,Medium,0.6%,0.4%,
2014-04-22,8:59am,USD,Richmond Manufacturing Index,Medium,0,-7,
2014-04-22,9:00am,EUR,Consumer Confidence,Medium,-9,-9,
2014-04-22,9:00am,USD,Existing Home Sales,High,4.57M,4.60M,
2014-04-23,WedApr 23,EUR,French Flash Services PMI,Low,51.5,51.5,
2014-04-23,2:30am,EUR,German Flash Manufacturing PMI,High,53.9,53.7,
2014-04-23,2:30am,EUR,German Flash Services PMI,Low,53.5,53.0,
2014-04-23,3:00am,EUR,Flash Manufacturing PMI,Low,53.0,53.0,
2014-04-23,3:00am,EUR,Flash Services PMI,Low,52.7,52.2,
2014-04-23,3:30am,GBP,MPC Asset Purchase Facility Votes,High,0-0-9,0-0-9,
2014-04-23,3:30am,GBP,MPC Official Bank Rate Votes,High,0-0-9,0-0-9,
2014-04-23,3:30am,GBP,Public Sector Net Borrowing,Low,8.9B,7.0B,
2014-04-23,5:00am,GBP,CBI Industrial Order Expectations,Low,7,6,
2014-04-23,8:45am,USD,Flash Manufacturing PMI,Low,56.2,55.5,
2014-04-23,9:00am,USD,New Home Sales,High,455K,449K,
2014-04-23,9:30am,USD,Crude Oil Inventories,Low,2.6M,10.0M,
2014-04-23,6:50pm,JPY,SPPI y/y,Medium,0.8%,0.7%,
2014-04-24,3:00am,EUR,German ifo Business Climate,High,110.5,110.7,
2014-04-24,3:43am,EUR,Spanish 10-y Bond Auction,Medium,,3.29|2.1,
2014-04-24,4:00am,EUR,ECB President Draghi Speaks,High,,,
2014-04-24,5:00am,GBP,CBI Realized Sales,Low,18,13,
2014-04-24,7:30am,USD,Core Durable Goods Orders m/m,High,0.6%,0.1%,
2014-04-24,7:30am,USD,Unemployment Claims,High,309K,305K,
2014-04-24,7:30am,USD,Durable Goods Orders m/m,Low,2.1%,2.1%,
2014-04-24,9:30am,USD,Natural Gas Storage,Medium,40B,24B,
2014-04-24,6:30pm,JPY,Tokyo Core CPI y/y,Low,2.8%,1.0%,
2014-04-24,6:30pm,JPY,National Core CPI y/y,Medium,1.4%,1.3%,
2014-04-24,11:30pm,JPY,All Industries Activity m/m,Medium,-0.5%,1.7%,
2014-04-25,3:00am,CHF,SNB Chairman Jordan Speaks,High,,,
2014-04-25,3:30am,GBP,Retail Sales m/m,High,-0.4%,1.3%,
2014-04-25,3:30am,GBP,High Street Lending,Low,48.9K,47.2K,
2014-04-25,8:00am,EUR,Belgian NBB Business Climate,Medium,-2.3,-4.4,
2014-04-25,8:45am,USD,Flash Services PMI,Medium,56.2,55.5,
2014-04-25,8:55am,USD,Revised UoM Consumer Sentiment,Low,83.2,82.6,
2014-04-25,8:55am,USD,Revised UoM Inflation Expectations,Medium,,3.1%,
2014-04-28,5:00am,EUR,German Buba Monthly Report,Low,,,
2014-04-28,9:00am,USD,Pending Home Sales m/m,High,1.0%,-0.5%,
2014-04-28,All Day,JPY,Bank Holiday,Low,,,
2014-04-29,All Day,EUR,German Prelim CPI m/m,High,-0.1%,0.3%,
2014-04-29,2:00am,EUR,Spanish Unemployment Rate,Low,25.6%,25.7%,
2014-04-29,3:00am,EUR,M3 Money Supply y/y,Low,1.4%,1.3%,
2014-04-29,3:00am,EUR,Private Loans y/y,Low,-2.0%,-2.2%,
2014-04-29,3:00am,EUR,Italian Retail Sales m/m,Medium,0.4%,0.0%,
2014-04-29,3:30am,GBP,Prelim GDP q/q,High,0.9%,0.7%,
2014-04-29,3:30am,GBP,Index of Services 3m/3m,Medium,0.9%,0.9%,
2014-04-29,4:23am,EUR,Italian 10-y Bond Auction,Medium,,3.29|1.3,
2014-04-29,4:35am,GBP,10-y Bond Auction,Medium,,2.93|2.2,
2014-04-29,8:00am,USD,S&P/CS Composite-20 HPI y/y,Low,12.9%,13.2%,
2014-04-29,9:00am,USD,CB Consumer Confidence,High,82.9,83.9,
2014-04-29,6:05pm,GBP,GfK Consumer Confidence,Medium,-4,-5,
2014-04-29,6:15pm,JPY,Final Manufacturing PMI,Medium,,53.9,
2014-04-29,6:50pm,JPY,Prelim Industrial Production m/m,Low,0.6%,-2.3%,
2014-04-29,8:30pm,JPY,Average Cash Earnings y/y,Low,0.2%,-0.1%,
2014-04-29,10:51pm,JPY,Monetary Policy Statement,High,,,
2014-04-30,1:00am,CHF,UBS Consumption Indicator,Medium,,1.52,
2014-04-30,1:00am,EUR,German Retail Sales m/m,Low,-0.6%,0.4%,
2014-04-30,1:00am,JPY,BOJ Outlook Report,Low,,,
2014-04-30,1:32am,JPY,BOJ Press Conference,High,,,
2014-04-30,1:45am,EUR,French Consumer Spending m/m,Low,0.3%,-0.1%,
2014-04-30,2:00am,CHF,KOF Economic Barometer,Low,106.0,106.3,
2014-04-30,2:00am,EUR,Spanish Flash CPI y/y,Low,0.2%,-0.2%,
2014-04-30,2:00am,EUR,Spanish Flash GDP q/q,Low,0.4%,0.2%,
2014-04-30,2:55am,EUR,German Unemployment Change,Low,-10K,-14K,
2014-04-30,3:00am,EUR,Italian Monthly Unemployment Rate,Medium,13.0%,12.7%,
2014-04-30,3:57am,EUR,French 10-y Bond Auction,Medium,,2.15|2.0,
2014-04-30,4:00am,EUR,CPI Flash Estimate y/y,High,0.8%,0.5%,
2014-04-30,4:00am,EUR,Core CPI Flash Estimate y/y,Low,,0.7%,
2014-04-30,4:00am,EUR,Italian Prelim CPI m/m,Medium,0.1%,0.1%,
2014-04-30,7:15am,USD,ADP Non-Farm Employment Change,High,203K,209K,
2014-04-30,7:30am,USD,Advance GDP q/q,High,1.2%,2.6%,
2014-04-30,7:30am,USD,Advance GDP Price Index q/q,Low,1.6%,1.6%,
2014-04-30,7:30am,USD,Employment Cost Index q/q,Low,0.5%,0.5%,
2014-04-30,8:41am,USD,Chicago PMI,Low,56.6,55.9,
2014-04-30,9:30am,USD,Crude Oil Inventories,Low,1.3M,3.5M,
2014-04-30,10:30am,GBP,MPC Member Dale Speaks,Low,,,
2014-04-30,1:00pm,USD,FOMC Statement,High,,,
2014-04-30,1:00pm,USD,Federal Funds Rate,Low,<0.25%,<0.25%,
2014-05-01,All Day,CHF,Bank Holiday,Low,,,
2014-05-01,All Day,EUR,Italian Bank Holiday,Low,,,
2014-05-01,All Day,EUR,French Bank Holiday,Low,,,
2014-05-01,All Day,EUR,German Bank Holiday,Low,,,
2014-05-01,3:30am,GBP,Final Manufacturing PMI,High,55.4,55.8,
2014-05-01,3:30am,GBP,Net Lending to Individuals m/m,Low,2.3B,2.1B,
2014-05-01,3:30am,GBP,M4 Money Supply m/m,Medium,0.9%,0.7%,
2014-05-01,3:30am,GBP,Mortgage Approvals,Medium,73K,70K,
2014-05-01,6:30am,USD,Challenger Job Cuts y/y,Medium,,-30.2%,
2014-05-01,7:25am,USD,Fed Chair Yellen Speaks,High,,,
2014-05-01,7:30am,USD,Unemployment Claims,High,317K,330K,
2014-05-01,7:30am,USD,Core PCE Price Index m/m,Low,0.1%,0.1%,
2014-05-01,7:30am,USD,Personal Spending m/m,Low,0.7%,0.5%,
2014-05-01,7:30am,USD,Personal Income m/m,Medium,0.4%,0.4%,
2014-05-01,8:45am,USD,Final Manufacturing PMI,Medium,55.8,55.4,
2014-05-01,9:00am,USD,ISM Manufacturing PMI,High,54.3,53.7,
2014-05-01,9:00am,USD,Construction Spending m/m,Medium,0.5%,-0.2%,
2014-05-01,9:00am,USD,ISM Manufacturing Prices,Medium,59.4,59.0,
2014-05-01,9:30am,USD,Natural Gas Storage,Medium,75B,49B,
2014-05-01,All Day,USD,Total Vehicle Sales,Medium,16.2M,16.4M,
2014-05-01,12:30pm,GBP,MPC Member Cunliffe Speaks,Low,,,
2014-05-01,6:30pm,JPY,Household Spending y/y,Low,1.7%,-2.5%,
2014-05-01,6:30pm,JPY,Unemployment Rate,Medium,3.6%,3.6%,
2014-05-01,6:50pm,JPY,Monetary Base y/y,Medium,55.3%,54.8%,
2014-05-02,2:30am,CHF,Manufacturing PMI,Low,55.1,54.4,
2014-05-02,2:45am,EUR,Italian Manufacturing PMI,Low,53.0,52.4,
2014-05-02,2:50am,EUR,French Final Manufacturing PMI,Medium,50.9,50.9,
2014-05-02,2:55am,EUR,German Final Manufacturing PMI,Medium,54.2,54.2,
2014-05-02,3:00am,EUR,Final Manufacturing PMI,Medium,53.3,53.3,
2014-05-02,3:30am,GBP,Construction PMI,High,62.2,62.5,
2014-05-02,4:00am,EUR,Unemployment Rate,Low,11.9%,11.8%,
2014-05-02,7:30am,USD,Non-Farm Employment Change,High,216K,203K,
2014-05-02,7:30am,USD,Unemployment Rate,High,6.6%,6.7%,
2014-05-02,7:30am,USD,Average Hourly Earnings m/m,Low,0.2%,0.1%,
2014-05-02,9:00am,USD,Factory Orders m/m,Low,1.5%,1.5%,
2014-05-04,All Day,JPY,Bank Holiday,Low,,,
2014-05-05,3:30am,EUR,Sentix Investor Confidence,Medium,14.2,14.1,
2014-05-05,4:00am,EUR,EU Economic Forecasts,Low,,,
2014-05-05,4:00am,EUR,PPI m/m,Medium,-0.2%,-0.2%,
2014-05-05,All Day,EUR,Eurogroup Meetings,Low,,,
2014-05-05,8:45am,USD,Final Services PMI,Medium,54.2,54.2,
2014-05-05,9:00am,USD,ISM Services PMI,High,54.3,53.1,
2014-05-05,1:00pm,USD,Loan Officer Survey,Medium,,,
2014-05-05,All Day,JPY,Bank Holiday,Low,,,
2014-05-06,2:15am,EUR,Spanish Services PMI,Low,54.3,54.0,
2014-05-06,2:45am,EUR,Italian Services PMI,Low,51.2,49.5,
2014-05-06,2:50am,EUR,French Final Services PMI,Medium,50.3,50.3,
2014-05-06,2:55am,EUR,German Final Services PMI,Medium,55.0,55.0,
2014-05-06,3:00am,EUR,Final Services PMI,Medium,53.1,53.1,
2014-05-06,3:30am,GBP,Final Services PMI,High,57.9,57.6,
2014-05-06,4:00am,EUR,Retail Sales m/m,Low,-0.2%,0.1%,
2014-05-06,All Day,EUR,ECOFIN Meetings,Low,,,
2014-05-06,7:30am,USD,Trade Balance,High,-40.1B,-41.9B,
2014-05-06,9:00am,USD,RCM/TIPP Economic Optimism,Medium,47.6,48.0,
2014-05-06,4:30pm,USD,FOMC Member Stein Speaks,Low,,,
2014-05-06,6:01pm,GBP,BRC Shop Price Index y/y,Medium,,-1.7%,
2014-05-06,6:50pm,JPY,Monetary Policy Meeting Minutes,Low,,,
2014-05-07,1:00am,EUR,German Factory Orders m/m,Low,0.3%,0.9%,
2014-05-07,1:45am,EUR,French Industrial Production m/m,Low,0.3%,0.1%,
2014-05-07,1:45am,EUR,French Trade Balance,Medium,-4.0B,-3.8B,
2014-05-07,2:00am,CHF,Foreign Currency Reserves,Low,,438B,
2014-05-07,3:10am,EUR,Retail PMI,Medium,,49.2,
2014-05-07,7:30am,USD,Prelim Nonfarm Productivity q/q,Low,-0.9%,1.8%,
2014-05-07,7:30am,USD,Prelim Unit Labor Costs q/q,Low,2.3%,-0.1%,
2014-05-07,9:00am,USD,Fed Chair Yellen Testifies,High,,,
2014-05-07,9:30am,USD,Crude Oil Inventories,Low,0.9M,1.7M,
2014-05-07,12:01pm,USD,10-y Bond Auction,Low,,2.72|2.8,
2014-05-07,2:00pm,USD,Consumer Credit m/m,Medium,15.4B,13.0B,
2014-05-07,6:01pm,GBP,RICS House Price Balance,Medium,55%,57%,
2014-05-07,10:45pm,JPY,10-y Bond Auction,Medium,,0.63|4.8,
2014-05-08,1:00am,EUR,German Industrial Production m/m,Medium,0.2%,0.6%,
2014-05-08,All Day,EUR,French Bank Holiday,Low,,,
2014-05-08,1:59am,GBP,Halifax HPI m/m,Low,0.8%,-1.2%,
2014-05-08,2:15am,CHF,CPI m/m,Low,0.1%,0.4%,
2014-05-08,6:00am,GBP,Asset Purchase Facility,High,375B,375B,
2014-05-08,6:00am,GBP,Official Bank Rate,High,0.50%,0.50%,
2014-05-08,6:45am,EUR,Main Refinancing Rate,High,0.25%,0.25%,
2014-05-08,7:30am,EUR,ECB Press Conference,High,,,
2014-05-08,7:30am,USD,Unemployment Claims,High,328K,345K,
2014-05-08,8:30am,USD,Fed Chair Yellen Testifies,High,,,
2014-05-08,8:30am,USD,FOMC Member Tarullo Speaks,Medium,,,
2014-05-08,9:00am,USD,Treasury Sec Lew Speaks,Low,,,
2014-05-08,9:30am,USD,Natural Gas Storage,Medium,71B,82B,
2014-05-08,11:30am,CHF,Gov Board Member Danthine Speaks,Low,,,
2014-05-08,12:01pm,USD,30-y Bond Auction,Medium,,3.53|2.5,
2014-05-09,1:00am,EUR,German Trade Balance,Low,16.9B,15.8B,
2014-05-09,1:45am,EUR,French Gov Budget Balance,Medium,,-25.7B,
2014-05-09,3:00am,EUR,Italian Industrial Production m/m,Medium,0.2%,-0.4%,
2014-05-09,3:30am,GBP,Manufacturing Production m/m,High,0.3%,1.0%,
2014-05-09,3:30am,GBP,Goods Trade Balance,Low,-9.0B,-8.7B,
2014-05-09,3:30am,GBP,Construction Output m/m,Medium,1.1%,-2.0%,
2014-05-09,3:30am,GBP,Industrial Production m/m,Medium,-0.1%,0.8%,
2014-05-09,9:00am,GBP,NIESR GDP Estimate,Low,,0.8%,
2014-05-09,9:00am,USD,JOLTS Job Openings,High,4.21M,4.13M,
2014-05-09,9:00am,USD,Final Wholesale Inventories m/m,Medium,0.5%,0.7%,
2014-05-09,5:00pm,USD,FOMC Member Kocherlakota Speaks,Low,,,
2014-05-11,SunMay 11,JPY,Bank Lending y/y,Medium,,2.1%,
2014-05-12,2:15am,CHF,Retail Sales y/y,Low,1.9%,1.2%,
2014-05-12,11:00am,USD,FOMC Member Plosser Speaks,Low,,,
2014-05-12,12:59pm,USD,Federal Budget Balance,Low,112.6B,-36.9B,
2014-05-12,6:01pm,GBP,BRC Retail Sales Monitor y/y,Low,,-1.7%,
2014-05-12,6:50pm,JPY,M2 Money Stock y/y,Medium,3.4%,3.6%,
2014-05-12,10:45pm,JPY,30-y Bond Auction,Medium,,1.70|2.9,
2014-05-13,1:00am,EUR,German WPI m/m,Medium,0.1%,0.0%,
2014-05-13,3:10am,GBP,MPC Member Cunliffe Speaks,Low,,,
2014-05-13,4:00am,EUR,German ZEW Economic Sentiment,High,41.3,43.2,
2014-05-13,4:00am,EUR,ZEW Economic Sentiment,Low,63.5,61.2,
2014-05-13,6:30am,USD,NFIB Small Business Index,Medium,94.6,93.4,
2014-05-13,7:30am,USD,Core Retail Sales m/m,High,0.6%,1.0%,
2014-05-13,7:30am,USD,Retail Sales m/m,High,0.5%,1.5%,
2014-05-13,7:30am,USD,Import Prices m/m,Low,0.4%,0.4%,
2014-05-13,9:00am,USD,Business Inventories m/m,Low,0.4%,0.5%,
2014-05-13,6:50pm,JPY,PPI y/y,Medium,4.1%,1.7%,
2014-05-14,WedMay 14,JPY,Prelim Machine Tool Orders y/y,Medium,,41.8%,
2014-05-14,1:45am,EUR,French Final CPI m/m,Medium,0.2%,0.4%,
2014-05-14,3:30am,GBP,Claimant Count Change,High,-30.7K,-30.6K,
2014-05-14,3:30am,GBP,Unemployment Rate,High,6.8%,6.9%,
2014-05-14,3:30am,GBP,Average Earnings Index 3m/y,Low,2.2%,1.7%,
2014-05-14,4:00am,CHF,UBS Economic Expectations,Low,,7.0,
2014-05-14,4:00am,EUR,Industrial Production m/m,Low,-0.3%,0.2%,
2014-05-14,4:30am,GBP,BOE Gov Carney Speaks,High,,,
2014-05-14,4:30am,GBP,BOE Monetary Policy Report,High,,,
2014-05-14,7:30am,USD,PPI m/m,High,0.2%,0.5%,
2014-05-14,7:30am,USD,Core PPI m/m,Low,0.2%,0.6%,
2014-05-14,9:30am,EUR,German Buba President Weidmann Speaks,High,,,
2014-05-14,9:30am,USD,Crude Oil Inventories,Low,-0.4M,-1.8M,
2014-05-14,6:50pm,JPY,Prelim GDP q/q,Low,1.0%,0.2%,
2014-05-14,6:50pm,JPY,Tertiary Industry Activity m/m,Low,2.5%,-0.9%,
2014-05-14,6:50pm,JPY,Prelim GDP Price Index y/y,Medium,-0.1%,-0.3%,
2014-05-14,11:25pm,JPY,BOJ Gov Kuroda Speaks,High,,,
2014-05-15,12:30am,EUR,French Prelim GDP q/q,Low,0.4%,0.2%,
2014-05-15,1:00am,EUR,German Prelim GDP q/q,High,0.7%,0.4%,
2014-05-15,2:15am,CHF,PPI m/m,Low,0.3%,0.0%,
2014-05-15,3:00am,EUR,ECB Monthly Bulletin,Low,,,
2014-05-15,3:00am,EUR,Italian Prelim GDP q/q,Low,0.2%,0.1%,
2014-05-15,4:00am,EUR,Final CPI y/y,Low,0.7%,0.7%,
2014-05-15,4:00am,EUR,Flash GDP q/q,Low,0.4%,0.2%,
2014-05-15,4:00am,EUR,Final Core CPI y/y,Medium,1.0%,1.0%,
2014-05-15,4:00am,GBP,CB Leading Index m/m,Medium,,0.4%,
2014-05-15,7:30am,USD,Core CPI m/m,High,0.1%,0.2%,
2014-05-15,7:30am,USD,CPI y/y,High,2.0%,1.5%,
2014-05-15,7:30am,USD,Unemployment Claims,High,321K,321K,
2014-05-15,7:30am,USD,CPI m/m,Low,0.3%,0.2%,
2014-05-15,7:30am,USD,Empire State Manufacturing Index,Low,5.5,1.3,
2014-05-15,8:00am,USD,TIC Long-Term Purchases,Low,32.3B,90.3B,
2014-05-15,8:15am,USD,Capacity Utilization Rate,Low,79.2%,79.3%,
2014-05-15,8:15am,USD,Industrial Production m/m,Low,0.4%,0.9%,
2014-05-15,9:00am,USD,Philly Fed Manufacturing Index,High,13.9,16.6,
2014-05-15,9:00am,USD,Mortgage Delinquencies,Low,,6.41%,
2014-05-15,9:00am,USD,NAHB Housing Market Index,Low,49,46,
2014-05-15,9:30am,USD,Natural Gas Storage,Medium,99B,74B,
2014-05-15,6:00pm,USD,Fed Chair Yellen Speaks,High,,,
2014-05-15,11:30pm,JPY,Revised Industrial Production m/m,Medium,0.3%,0.3%,
2014-05-16,3:00am,EUR,Italian Trade Balance,Medium,2.47B,2.63B,
2014-05-16,4:00am,EUR,Trade Balance,Medium,17.3B,15.0B,
2014-05-16,7:30am,USD,Building Permits,High,1.01M,1.00M,
2014-05-16,7:30am,USD,Housing Starts,Low,0.98M,0.95M,
2014-05-16,8:55am,USD,Prelim UoM Consumer Sentiment,High,84.7,84.1,
2014-05-16,8:55am,USD,Prelim UoM Inflation Expectations,Medium,,3.2%,
2014-05-18,6:01pm,GBP,Rightmove HPI m/m,Medium,,2.6%,
2014-05-18,6:50pm,JPY,Core Machinery Orders m/m,Low,6.1%,-8.8%,
2014-05-19,5:00am,EUR,German Buba Monthly Report,Low,,,
2014-05-19,11:30pm,JPY,All Industries Activity m/m,Medium,1.6%,-1.1%,
2014-05-20,3:30am,GBP,CPI y/y,High,1.7%,1.6%,
2014-05-20,3:30am,GBP,PPI Input m/m,Low,0.0%,-0.4%,
2014-05-20,3:30am,GBP,RPI y/y,Low,2.6%,2.5%,
2014-05-20,3:30am,GBP,Core CPI y/y,Medium,1.8%,1.6%,
2014-05-20,3:30am,GBP,ONS HPI y/y,Medium,10.7%,9.2%,
2014-05-20,3:30am,GBP,PPI Output m/m,Medium,0.2%,0.2%,
2014-05-20,11:30am,USD,FOMC Member Plosser Speaks,Low,,,
2014-05-20,12:00pm,USD,FOMC Member Dudley Speaks,Low,,,
2014-05-20,12:30pm,GBP,MPC Member Bean Speaks,Low,,,
2014-05-20,6:50pm,JPY,Trade Balance,Low,-0.60T,-1.63T,
2014-05-20,9:42pm,JPY,Monetary Policy Statement,High,,,
2014-05-21,3:00am,EUR,Current Account,Low,24.2B,21.8B,
2014-05-21,3:30am,GBP,MPC Asset Purchase Facility Votes,High,0-0-9,0-0-9,
2014-05-21,3:30am,GBP,MPC Official Bank Rate Votes,High,0-0-9,0-0-9,
2014-05-21,3:30am,GBP,Retail Sales m/m,High,0.4%,0.5%,
2014-05-21,4:33am,EUR,German 10-y Bond Auction,Low,,1.49|1.3,
2014-05-21,9:00am,EUR,Consumer Confidence,Medium,-8,-9,
2014-05-21,9:00am,USD,FOMC Member Dudley Speaks,Low,,,
2014-05-21,9:30am,USD,Crude Oil Inventories,Low,-0.1M,0.9M,
2014-05-21,10:30am,USD,Fed Chair Yellen Speaks,Low,,,
2014-05-21,12:30pm,USD,FOMC Member Kocherlakota Speaks,Low,,,
2014-05-21,1:00pm,USD,FOMC Meeting Minutes,High,,,
2014-05-21,8:35pm,JPY,Flash Manufacturing PMI,Medium,,49.4,
2014-05-22,2:00am,EUR,French Flash Manufacturing PMI,High,51.1,51.2,
2014-05-22,2:00am,EUR,French Flash Services PMI,Low,50.3,50.4,
2014-05-22,2:30am,EUR,German Flash Manufacturing PMI,High,54.0,54.1,
2014-05-22,2:30am,EUR,German Flash Services PMI,Low,54.8,54.7,
2014-05-22,3:00am,EUR,Flash Manufacturing PMI,Low,53.2,53.4,
2014-05-22,3:00am,EUR,Flash Services PMI,Low,53.0,53.1,
2014-05-22,3:30am,GBP,Second Estimate GDP q/q,High,0.8%,0.8%,
2014-05-22,3:30am,GBP,Prelim Business Investment q/q,Low,2.3%,2.4%,
2014-05-22,3:30am,GBP,Public Sector Net Borrowing,Low,3.6B,6.1B,
2014-05-22,3:30am,GBP,Index of Services 3m/3m,Medium,0.9%,0.8%,
2014-05-22,3:39am,EUR,Spanish 10-y Bond Auction,Low,,3.06|1.8,
2014-05-22,5:00am,GBP,CBI Industrial Order Expectations,Low,4,-1,
2014-05-22,Day 1,EUR,European Parliamentary Elections,Medium,,,
2014-05-22,7:30am,USD,Unemployment Claims,High,312K,298K,
2014-05-22,8:45am,USD,Flash Manufacturing PMI,Low,55.6,55.4,
2014-05-22,9:00am,USD,Existing Home Sales,High,4.71M,4.59M,
2014-05-22,9:00am,USD,CB Leading Index m/m,Medium,0.4%,1.0%,
2014-05-22,9:30am,USD,Natural Gas Storage,Medium,104B,105B,
2014-05-23,3:00am,EUR,German ifo Business Climate,High,111.0,111.2,
2014-05-23,3:00am,EUR,Italian Retail Sales m/m,Medium,0.3%,0.0%,
2014-05-23,Day 2,EUR,European Parliamentary Elections,Medium,,,
2014-05-23,8:00am,EUR,Belgian NBB Business Climate,Medium,-4.7,-4.6,
2014-05-23,9:00am,USD,New Home Sales,High,426K,407K,
2014-05-25,12:30pm,EUR,ECB President Draghi Speaks,High,,,
2014-05-25,6:50pm,JPY,Monetary Policy Meeting Minutes,Low,,,
2014-05-26,All Day,GBP,Bank Holiday,Low,,,
2014-05-26,3:00am,EUR,ECB President Draghi Speaks,High,,,
2014-05-26,All Day,USD,Bank Holiday,Low,,,
2014-05-26,6:50pm,JPY,SPPI y/y,Medium,3.3%,0.7%,
2014-05-27,2:15am,CHF,Employment Level,Low,4.21M,4.19M,
2014-05-27,3:30am,GBP,High Street Lending,Low,45.2K,45.0K,
2014-05-27,7:30am,USD,Core Durable Goods Orders m/m,High,0.2%,2.4%,
2014-05-27,7:30am,USD,Durable Goods Orders m/m,Low,-0.5%,2.9%,
2014-05-27,8:00am,USD,S&P/CS Composite-20 HPI y/y,Low,11.9%,12.9%,
2014-05-27,8:05am,USD,HPI m/m,Medium,0.5%,0.6%,
2014-05-27,8:30am,EUR,ECB President Draghi Speaks,High,,,
2014-05-27,8:45am,USD,Flash Services PMI,Medium,55.6,55.0,
2014-05-27,8:59am,USD,Richmond Manufacturing Index,Medium,5,7,
2014-05-27,9:00am,USD,CB Consumer Confidence,High,83.2,81.7,
2014-05-27,2:00pm,GBP,BOE Gov Carney Speaks,High,,,
2014-05-27,7:00pm,JPY,BOJ Gov Kuroda Speaks,High,,,
2014-05-28,1:00am,CHF,UBS Consumption Indicator,Medium,,1.84,
2014-05-28,1:00am,EUR,German Import Prices m/m,Medium,0.3%,-0.6%,
2014-05-28,1:45am,EUR,French Consumer Spending m/m,Low,0.5%,0.6%,
2014-05-28,2:55am,EUR,German Unemployment Change,Low,-14K,-25K,
2014-05-28,3:00am,EUR,M3 Money Supply y/y,Low,1.2%,1.0%,
2014-05-28,3:00am,EUR,Private Loans y/y,Low,-2.1%,-2.2%,
2014-05-28,4:34am,EUR,German 30-y Bond Auction,Medium,,2.53|1.1,
2014-05-28,5:00am,EUR,ECB Financial Stability Review,Medium,,,
2014-05-28,5:00am,GBP,CBI Realized Sales,Low,36,30,
2014-05-28,6:50pm,JPY,Retail Sales y/y,Low,-3.2%,11.0%,
2014-05-29,All Day,EUR,French Bank Holiday,Low,,,
2014-05-29,All Day,EUR,German Bank Holiday,Low,,,
2014-05-29,4:21am,EUR,Italian 10-y Bond Auction,Low,,3.22|1.3,
2014-05-29,7:30am,USD,Prelim GDP q/q,High,-0.6%,0.1%,
2014-05-29,7:30am,USD,Unemployment Claims,High,321K,327K,
2014-05-29,7:30am,USD,Prelim GDP Price Index q/q,Medium,1.3%,1.3%,
2014-05-29,9:00am,USD,Pending Home Sales m/m,High,1.1%,3.4%,
2014-05-29,9:30am,USD,Natural Gas Storage,Medium,110B,106B,
2014-05-29,10:00am,USD,Crude Oil Inventories,Low,-0.1M,-7.2M,
2014-05-29,5:15pm,GBP,GfK Consumer Confidence,Medium,-2,-3,
2014-05-29,6:30pm,JPY,Household Spending y/y,Low,-3.4%,7.2%,
2014-05-29,6:30pm,JPY,National Core CPI y/y,Low,3.1%,1.3%,
2014-05-29,6:30pm,JPY,Tokyo Core CPI y/y,Low,2.9%,2.7%,
2014-05-29,6:30pm,JPY,Unemployment Rate,Medium,3.6%,3.6%,
2014-05-29,6:50pm,JPY,Prelim Industrial Production m/m,Low,-1.9%,0.7%,
2014-05-30,1:00am,EUR,German Retail Sales m/m,Low,0.4%,0.1%,
2014-05-30,2:00am,CHF,KOF Economic Barometer,Low,102.1,101.8,
2014-05-30,2:00am,EUR,Spanish Flash CPI y/y,Low,0.3%,0.4%,
2014-05-30,4:00am,EUR,Italian Prelim CPI m/m,Medium,0.0%,0.2%,
2014-05-30,7:30am,USD,Core PCE Price Index m/m,Low,0.2%,0.2%,
2014-05-30,7:30am,USD,FOMC Member Pianalto Speaks,Low,,,
2014-05-30,7:30am,USD,Personal Spending m/m,Low,0.2%,1.0%,
2014-05-30,7:30am,USD,Personal Income m/m,Medium,0.3%,0.5%,
2014-05-30,8:43am,USD,Chicago PMI,Low,60.8,63.0,
2014-05-30,8:55am,USD,Revised UoM Consumer Sentiment,Low,82.9,81.8,
2014-05-30,8:55am,USD,Revised UoM Inflation Expectations,Medium,,3.2%,
2014-05-30,11:30am,USD,FOMC Member Mester Speaks,Low,,,
2014-05-30,4:00pm,USD,FOMC Member Plosser Speaks,Low,,,
2014-06-01,6:50pm,JPY,Capital Spending q/y,Low,5.7%,4.0%,
2014-06-01,8:35pm,JPY,Final Manufacturing PMI,Medium,49.9,49.9,
2014-06-02,All Day,EUR,German Prelim CPI m/m,High,0.1%,-0.2%,
2014-06-02,2:15am,EUR,Spanish Manufacturing PMI,Low,52.6,52.7,
2014-06-02,2:30am,CHF,Manufacturing PMI,Low,55.7,55.8,
2014-06-02,2:45am,EUR,Italian Manufacturing PMI,Low,54.3,54.0,
2014-06-02,2:50am,EUR,French Final Manufacturing PMI,Medium,49.3,49.3,
2014-06-02,2:55am,EUR,German Final Manufacturing PMI,Medium,52.9,52.9,
2014-06-02,3:00am,EUR,Final Manufacturing PMI,Medium,52.5,52.5,
2014-06-02,3:30am,GBP,Final Manufacturing PMI,High,57.1,57.3,
2014-06-02,3:30am,GBP,Net Lending to Individuals m/m,Low,2.7B,2.8B,
2014-06-02,3:30am,GBP,M4 Money Supply m/m,Medium,0.3%,-2.3%,
2014-06-02,3:30am,GBP,Mortgage Approvals,Medium,64K,67K,
2014-06-02,7:40am,USD,Treasury Sec Lew Speaks,Low,,,
2014-06-02,8:45am,USD,Final Manufacturing PMI,Medium,56.2,56.2,
2014-06-02,9:00am,USD,ISM Manufacturing PMI,High,55.7,54.9,
2014-06-02,9:00am,USD,Construction Spending m/m,Medium,0.8%,0.6%,
2014-06-02,9:00am,USD,ISM Manufacturing Prices,Medium,56.8,56.5,
2014-06-02,6:50pm,JPY,Monetary Base y/y,Medium,51.2%,48.5%,
2014-06-02,8:30pm,JPY,Average Cash Earnings y/y,Low,0.6%,0.7%,
2014-06-02,10:45pm,JPY,10-y Bond Auction,Medium,,0.60|3.5,
2014-06-03,2:00am,EUR,Spanish Unemployment Change,Low,-112.3K,-111.6K,
2014-06-03,3:00am,EUR,Italian Monthly Unemployment Rate,Medium,12.7%,12.6%,
2014-06-03,3:00am,EUR,Italian Quarterly Unemployment Rate,Medium,12.7%,12.5%,
2014-06-03,3:30am,GBP,Construction PMI,High,61.2,60.8,
2014-06-03,4:00am,EUR,CPI Flash Estimate y/y,High,0.7%,0.7%,
2014-06-03,4:00am,EUR,Core CPI Flash Estimate y/y,Low,0.9%,1.0%,
2014-06-03,4:00am,EUR,Unemployment Rate,Low,11.8%,11.8%,
2014-06-03,9:00am,USD,Factory Orders m/m,Low,0.6%,1.5%,
2014-06-03,9:00am,USD,RCM/TIPP Economic Optimism,Medium,46.5,45.8,
2014-06-03,All Day,USD,Total Vehicle Sales,Medium,16.0M,16.0M,
2014-06-03,6:01pm,GBP,BRC Shop Price Index y/y,Medium,,-1.4%,
2014-06-04,2:45am,EUR,Italian Services PMI,Low,51.4,51.1,
2014-06-04,2:50am,EUR,French Final Services PMI,Medium,49.2,49.2,
2014-06-04,2:55am,EUR,German Final Services PMI,Medium,56.4,56.4,
2014-06-04,3:00am,EUR,Final Services PMI,Medium,53.5,53.5,
2014-06-04,3:30am,GBP,Final Services PMI,High,58.3,58.7,
2014-06-04,4:00am,EUR,PPI m/m,Medium,-0.1%,-0.2%,
2014-06-04,4:00am,EUR,Revised GDP q/q,Medium,0.2%,0.2%,
2014-06-04,7:15am,USD,ADP Non-Farm Employment Change,High,217K,215K,
2014-06-04,7:30am,USD,Trade Balance,High,-40.8B,-44.2B,
2014-06-04,7:30am,USD,Revised Nonfarm Productivity q/q,Low,-2.2%,-1.7%,
2014-06-04,7:30am,USD,Revised Unit Labor Costs q/q,Medium,4.8%,4.2%,
2014-06-04,8:45am,USD,Final Services PMI,Medium,58.4,58.4,
2014-06-04,9:00am,USD,ISM Services PMI,High,55.6,55.2,
2014-06-04,9:30am,USD,Crude Oil Inventories,Low,-0.2M,1.7M,
2014-06-04,1:00pm,USD,Beige Book,Low,,,
2014-06-04,10:45pm,JPY,30-y Bond Auction,Medium,,1.71|4.6,
2014-06-05,2:00am,GBP,Halifax HPI m/m,Low,0.7%,-0.3%,
2014-06-05,3:10am,EUR,Retail PMI,Medium,,51.2,
2014-06-05,3:58am,EUR,French 10-y Bond Auction,Medium,,2.00|2.2,
2014-06-05,4:00am,EUR,Retail Sales m/m,Low,0.1%,0.1%,
2014-06-05,6:00am,GBP,Asset Purchase Facility,High,375B,375B,
2014-06-05,6:00am,GBP,Official Bank Rate,High,0.50%,0.50%,
2014-06-05,6:30am,USD,Challenger Job Cuts y/y,Medium,,5.7%,
2014-06-05,6:45am,EUR,Main Refinancing Rate,High,0.10%,0.25%,
2014-06-05,7:30am,EUR,ECB Press Conference,High,,,
2014-06-05,7:30am,USD,Unemployment Claims,High,309K,304K,
2014-06-05,9:30am,USD,Natural Gas Storage,Medium,116B,114B,
2014-06-05,12:30pm,USD,FOMC Member Kocherlakota Speaks,Low,,,
2014-06-06,1:00am,EUR,German Trade Balance,Low,15.1B,15.0B,
2014-06-06,1:00am,EUR,German Industrial Production m/m,Medium,0.4%,-0.6%,
2014-06-06,1:45am,EUR,French Gov Budget Balance,Medium,,-28.0B,
2014-06-06,1:45am,EUR,French Trade Balance,Medium,-5.0B,-4.9B,
2014-06-06,2:00am,CHF,Foreign Currency Reserves,Low,,439B,
2014-06-06,2:15am,CHF,CPI m/m,Low,0.2%,0.1%,
2014-06-06,3:30am,GBP,Consumer Inflation Expectations,Low,,2.8%,
2014-06-06,3:30am,GBP,Goods Trade Balance,Low,-8.7B,-8.3B,
2014-06-06,7:30am,USD,Non-Farm Employment Change,High,214K,282K,
2014-06-06,7:30am,USD,Unemployment Rate,High,6.4%,6.3%,
2014-06-06,7:30am,USD,Average Hourly Earnings m/m,Low,0.2%,0.0%,
2014-06-06,2:00pm,USD,Consumer Credit m/m,Medium,15.3B,19.5B,
2014-06-08,6:50pm,JPY,Current Account,Low,0.23T,-0.78T,
2014-06-08,6:50pm,JPY,Final GDP q/q,Low,1.4%,1.5%,
2014-06-08,6:50pm,JPY,Bank Lending y/y,Medium,,2.1%,
2014-06-08,6:50pm,JPY,Final GDP Price Index y/y,Medium,0.0%,0.0%,
2014-06-09,1:00am,JPY,Economy Watchers Sentiment,Medium,45.2,41.6,
2014-06-09,All Day,CHF,Bank Holiday,Low,,,
2014-06-09,All Day,EUR,French Bank Holiday,Low,,,
2014-06-09,All Day,EUR,German Bank Holiday,Low,,,
2014-06-09,3:30am,EUR,Sentix Investor Confidence,Medium,13.5,12.8,
2014-06-09,6:01pm,GBP,BRC Retail Sales Monitor y/y,Low,,4.2%,
2014-06-09,6:50pm,JPY,Tertiary Industry Activity m/m,Low,-3.3%,2.4%,
2014-06-09,6:50pm,JPY,M2 Money Stock y/y,Medium,3.2%,3.5%,
2014-06-10,12:59am,JPY,Prelim Machine Tool Orders y/y,Medium,,48.7%,
2014-06-10,1:45am,EUR,French Industrial Production m/m,Low,0.3%,-0.4%,
2014-06-10,2:15am,CHF,Retail Sales y/y,Low,2.2%,3.4%,
2014-06-10,3:00am,EUR,Italian Industrial Production m/m,Medium,0.4%,-0.4%,
2014-06-10,3:30am,GBP,Manufacturing Production m/m,High,0.4%,0.5%,
2014-06-10,3:30am,GBP,Industrial Production m/m,Medium,0.4%,0.1%,
2014-06-10,4:36am,GBP,10-y Bond Auction,Medium,,2.82|1.7,
2014-06-10,6:30am,USD,NFIB Small Business Index,Medium,96.1,95.2,
2014-06-10,9:00am,GBP,NIESR GDP Estimate,Low,,1.1%,
2014-06-10,9:00am,USD,JOLTS Job Openings,Low,4.04M,4.17M,
2014-06-10,9:00am,USD,Final Wholesale Inventories m/m,Medium,0.6%,1.1%,
2014-06-10,6:50pm,JPY,BSI Manufacturing Index,Low,14.1,12.5,
2014-06-10,6:50pm,JPY,PPI y/y,Medium,4.1%,4.2%,
2014-06-11,3:30am,GBP,Claimant Count Change,High,-25.0K,-28.4K,
2014-06-11,3:30am,GBP,Unemployment Rate,High,6.7%,6.8%,
2014-06-11,3:30am,GBP,Average Earnings Index 3m/y,Low,1.2%,1.9%,
2014-06-11,8:45am,GBP,MPC Member Broadbent Speaks,Low,,,
2014-06-11,9:30am,USD,Crude Oil Inventories,Low,-1.3M,-3.4M,
2014-06-11,12:01pm,USD,10-y Bond Auction,Low,,2.61|2.6,
2014-06-11,1:00pm,USD,Federal Budget Balance,Low,-132.8B,106.9B,
2014-06-11,6:01pm,GBP,RICS House Price Balance,Medium,52%,55%,
2014-06-11,6:50pm,JPY,Core Machinery Orders m/m,Low,-11.5%,19.1%,
2014-06-12,1:45am,EUR,French Final CPI m/m,Medium,0.1%,0.0%,
2014-06-12,3:00am,EUR,ECB Monthly Bulletin,Low,,,
2014-06-12,4:00am,EUR,Industrial Production m/m,Low,0.5%,-0.4%,
2014-06-12,7:30am,USD,Core Retail Sales m/m,High,0.4%,0.4%,
2014-06-12,7:30am,USD,Retail Sales m/m,High,0.5%,0.5%,
2014-06-12,7:30am,USD,Unemployment Claims,High,306K,313K,
2014-06-12,7:30am,USD,Import Prices m/m,Low,0.2%,-0.5%,
2014-06-12,9:00am,USD,Business Inventories m/m,Low,0.4%,0.4%,
2014-06-12,9:30am,USD,Natural Gas Storage,Medium,111B,119B,
2014-06-12,12:01pm,USD,30-y Bond Auction,Medium,,3.44|2.1,
2014-06-12,1:00pm,EUR,German Buba President Weidmann Speaks,Low,,,
2014-06-12,1:00pm,GBP,Chancellor Osborne Speaks,Medium,,,
2014-06-12,3:00pm,GBP,BOE Gov Carney Speaks,High,,,
2014-06-12,9:41pm,JPY,Monetary Policy Statement,High,,,
2014-06-12,11:30pm,JPY,Revised Industrial Production m/m,Medium,-2.5%,-2.5%,
2014-06-13,FriJun 13,EUR,French Final Private Payrolls q/q,Medium,-0.1%,-0.1%,
2014-06-13,1:00am,EUR,German Final CPI m/m,Medium,-0.1%,-0.1%,
2014-06-13,1:32am,JPY,BOJ Press Conference,High,,,
2014-06-13,3:30am,GBP,Construction Output m/m,Medium,0.7%,-0.2%,
2014-06-13,4:00am,EUR,Final Employment Change q/q,Medium,0.1%,0.1%,
2014-06-13,4:00am,EUR,Trade Balance,Medium,15.9B,15.4B,
2014-06-13,4:00am,GBP,CB Leading Index m/m,Medium,,0.3%,
2014-06-13,7:30am,USD,PPI m/m,High,0.1%,0.6%,
2014-06-13,7:30am,USD,Core PPI m/m,Low,0.2%,0.5%,
2014-06-13,8:55am,USD,Prelim UoM Consumer Sentiment,High,83.2,81.9,
2014-06-13,8:55am,USD,Prelim UoM Inflation Expectations,Medium,,3.3%,
2014-06-15,6:01pm,GBP,Rightmove HPI m/m,Medium,,3.6%,
2014-06-16,4:00am,EUR,Final CPI y/y,Low,0.5%,0.5%,
2014-06-16,4:00am,EUR,Final Core CPI y/y,Medium,0.7%,0.7%,
2014-06-16,5:00am,EUR,German Buba Monthly Report,Low,,,
2014-06-16,7:30am,USD,Empire State Manufacturing Index,Low,15.2,19.0,
2014-06-16,8:00am,USD,TIC Long-Term Purchases,Low,41.3B,4.1B,
2014-06-16,8:15am,USD,Capacity Utilization Rate,Low,78.9%,78.9%,
2014-06-16,8:15am,USD,Industrial Production m/m,Low,0.6%,-0.3%,
2014-06-16,9:00am,USD,NAHB Housing Market Index,Low,47,45,
2014-06-17,2:15am,CHF,PPI m/m,Low,0.0%,-0.3%,
2014-06-17,3:00am,EUR,Italian Trade Balance,Medium,4.27B,3.89B,
2014-06-17,3:30am,GBP,CPI y/y,High,1.7%,1.8%,
2014-06-17,3:30am,GBP,PPI Input m/m,Low,0.1%,-0.9%,
2014-06-17,3:30am,GBP,RPI y/y,Low,2.5%,2.5%,
2014-06-17,3:30am,GBP,Core CPI y/y,Medium,1.7%,2.0%,
2014-06-17,3:30am,GBP,ONS HPI y/y,Medium,9.1%,8.0%,
2014-06-17,3:30am,GBP,PPI Output m/m,Medium,0.1%,0.1%,
2014-06-17,4:00am,EUR,German ZEW Economic Sentiment,High,35.2,33.1,
2014-06-17,4:00am,EUR,ZEW Economic Sentiment,Low,59.6,55.2,
2014-06-17,7:30am,USD,Building Permits,High,1.07M,1.06M,
2014-06-17,7:30am,USD,Core CPI m/m,High,0.2%,0.2%,
2014-06-17,7:30am,USD,CPI y/y,High,2.0%,2.0%,
2014-06-17,7:30am,USD,CPI m/m,Low,0.2%,0.3%,
2014-06-17,7:30am,USD,Housing Starts,Low,1.04M,1.07M,
2014-06-17,6:50pm,JPY,Monetary Policy Meeting Minutes,Low,,,
2014-06-17,6:50pm,JPY,Trade Balance,Low,-1.01T,-0.88T,
2014-06-18,WedJun 18,GBP,MPC Official Bank Rate Votes,High,0-0-9,0-0-9,
2014-06-18,4:00am,CHF,UBS Economic Expectations,Low,,7.4,
2014-06-18,4:34am,EUR,German 10-y Bond Auction,Low,,1.41|1.1,
2014-06-18,6:15am,GBP,MPC Member Weale Speaks,High,,,
2014-06-18,7:30am,USD,Current Account,Low,-96B,-87B,
2014-06-18,9:30am,USD,Crude Oil Inventories,Low,-0.6M,-2.6M,
2014-06-18,12:30pm,GBP,MPC Member Haldane Speaks,High,,,
2014-06-18,1:00pm,USD,FOMC Economic Projections,High,,,
2014-06-18,1:00pm,USD,FOMC Statement,High,,,
2014-06-18,1:00pm,USD,Federal Funds Rate,Low,<0.25%,<0.25%,
2014-06-18,1:30pm,USD,FOMC Press Conference,High,,,
2014-06-18,11:30pm,CHF,SNB Financial Stability Report,Low,,,
2014-06-18,11:30pm,JPY,All Industries Activity m/m,Medium,-3.7%,1.5%,
2014-06-19,ThuJun 19,CHF,SNB Monetary Policy Assessment,High,,,
2014-06-19,ThuJun 19,CHF,SNB Press Conference,High,,,
2014-06-19,3:30am,GBP,Retail Sales m/m,High,-0.5%,1.0%,
2014-06-19,All Day,EUR,Eurogroup Meetings,Low,,,
2014-06-19,5:00am,GBP,CBI Industrial Order Expectations,Low,3,0,
2014-06-19,6:30am,GBP,MPC Member McCafferty Speaks,Low,,,
2014-06-19,7:30am,USD,Unemployment Claims,High,316K,318K,
2014-06-19,9:00am,USD,Philly Fed Manufacturing Index,High,14.3,15.4,
2014-06-19,9:00am,USD,CB Leading Index m/m,Medium,0.6%,0.3%,
2014-06-19,9:30am,USD,Natural Gas Storage,Medium,112B,107B,
2014-06-20,1:35am,JPY,BOJ Gov Kuroda Speaks,High,,,
2014-06-20,3:00am,EUR,Current Account,Low,19.4B,19.6B,
2014-06-20,3:30am,GBP,Public Sector Net Borrowing,Low,11.8B,9.0B,
2014-06-20,All Day,EUR,ECOFIN Meetings,Low,,,
2014-06-20,9:00am,EUR,Consumer Confidence,Medium,-6,-7,
2014-06-22,8:35pm,JPY,Flash Manufacturing PMI,Medium,,49.9,
2014-06-23,2:00am,EUR,French Flash Manufacturing PMI,High,49.6,49.6,
2014-06-23,2:00am,EUR,French Flash Services PMI,Low,49.5,49.1,
2014-06-23,2:30am,EUR,German Flash Manufacturing PMI,High,52.7,52.3,
2014-06-23,2:30am,EUR,German Flash Services PMI,Low,55.8,56.0,
2014-06-23,3:00am,EUR,Flash Manufacturing PMI,Low,52.2,52.2,
2014-06-23,3:00am,EUR,Flash Services PMI,Low,53.4,53.2,
2014-06-23,3:30am,GBP,BOE Credit Conditions Survey,Low,,,
2014-06-23,8:45am,USD,Flash Manufacturing PMI,Low,56.1,56.4,
2014-06-23,9:00am,USD,Existing Home Sales,High,4.74M,4.66M,
2014-06-24,3:00am,EUR,German ifo Business Climate,High,110.3,110.4,
2014-06-24,3:30am,GBP,Monetary Policy Report Hearings,High,,,
2014-06-24,3:30am,GBP,High Street Lending,Low,41.3K,41.9K,
2014-06-24,7:05am,USD,FOMC Member Plosser Speaks,Low,,,
2014-06-24,8:00am,EUR,Belgian NBB Business Climate,Medium,-4.1,-6.8,
2014-06-24,8:00am,USD,S&P/CS Composite-20 HPI y/y,Low,11.7%,12.4%,
2014-06-24,8:03am,USD,HPI m/m,Medium,0.6%,0.7%,
2014-06-24,8:59am,USD,Richmond Manufacturing Index,Medium,6,7,
2014-06-24,9:00am,USD,CB Consumer Confidence,High,83.6,82.2,
2014-06-24,9:00am,USD,New Home Sales,High,442K,425K,
2014-06-24,9:00am,USD,Treasury Sec Lew Speaks,Medium,,,
2014-06-24,6:50pm,JPY,SPPI y/y,Medium,3.2%,3.4%,
2014-06-25,WedJun 25,EUR,German GfK Consumer Climate,Low,8.6,8.6,
2014-06-25,3:00am,EUR,Italian Retail Sales m/m,Medium,0.2%,-0.2%,
2014-06-25,5:00am,GBP,CBI Realized Sales,Low,25,16,
2014-06-25,7:30am,USD,Core Durable Goods Orders m/m,High,0.3%,0.3%,
2014-06-25,7:30am,USD,Final GDP q/q,High,-1.8%,-1.0%,
2014-06-25,7:30am,USD,Durable Goods Orders m/m,Low,-0.1%,0.6%,
2014-06-25,7:30am,USD,Final GDP Price Index q/q,Medium,1.3%,1.3%,
2014-06-25,8:00am,CHF,SNB Quarterly Bulletin,Medium,,,
2014-06-25,8:45am,USD,Flash Services PMI,Medium,58.6,58.1,
2014-06-25,9:30am,USD,Crude Oil Inventories,Low,-1.2M,-0.6M,
2014-06-26,4:30am,GBP,BOE Gov Carney Speaks,High,,,
2014-06-26,4:30am,GBP,BOE Financial Stability Report,Low,,,
2014-06-26,4:30am,GBP,FPC Statement,Low,,,
2014-06-26,7:30am,USD,Unemployment Claims,High,314K,314K,
2014-06-26,7:30am,USD,Core PCE Price Index m/m,Low,0.2%,0.2%,
2014-06-26,7:30am,USD,Personal Spending m/m,Low,0.4%,0.0%,
2014-06-26,7:30am,USD,Personal Income m/m,Medium,0.5%,0.3%,
2014-06-26,9:30am,USD,Natural Gas Storage,Medium,101B,113B,
2014-06-26,6:05pm,GBP,GfK Consumer Confidence,Medium,2,0,
2014-06-26,6:30pm,JPY,Household Spending y/y,Low,-1.9%,-4.6%,
2014-06-26,6:30pm,JPY,Tokyo Core CPI y/y,Low,2.8%,2.8%,
2014-06-26,6:30pm,JPY,National Core CPI y/y,Medium,3.4%,3.2%,
2014-06-26,6:30pm,JPY,Unemployment Rate,Medium,3.6%,3.6%,
2014-06-26,6:50pm,JPY,Retail Sales y/y,Low,-1.9%,-4.3%,
2014-06-27,All Day,EUR,German Prelim CPI m/m,High,0.2%,-0.1%,
2014-06-27,1:45am,EUR,French Consumer Spending m/m,Low,0.3%,-0.2%,
2014-06-27,2:00am,CHF,KOF Economic Barometer,Low,100.2,100.1,
2014-06-27,2:00am,EUR,Spanish Flash CPI y/y,Low,0.3%,0.2%,
2014-06-27,3:30am,GBP,Current Account,High,-17.1B,-23.5B,
2014-06-27,3:30am,GBP,Final GDP q/q,Low,0.8%,0.8%,
2014-06-27,3:30am,GBP,Index of Services 3m/3m,Medium,0.9%,0.8%,
2014-06-27,3:30am,GBP,Revised Business Investment q/q,Medium,2.7%,2.7%,
2014-06-27,Day 2,EUR,EU Economic Summit,Low,,,
2014-06-27,4:21am,EUR,Italian 10-y Bond Auction,Medium,,3.01|1.3,
2014-06-27,8:55am,USD,Revised UoM Consumer Sentiment,Low,82.2,81.2,
2014-06-27,8:55am,USD,Revised UoM Inflation Expectations,Medium,,3.0%,
2014-06-29,6:50pm,JPY,Prelim Industrial Production m/m,Low,0.9%,-2.8%,
2014-06-30,1:00am,EUR,German Retail Sales m/m,Low,0.8%,-1.5%,
2014-06-30,3:00am,EUR,M3 Money Supply y/y,Low,0.7%,0.7%,
2014-06-30,3:00am,EUR,Private Loans y/y,Low,-1.7%,-1.8%,
2014-06-30,3:30am,GBP,Net Lending to Individuals m/m,Low,2.5B,2.4B,
2014-06-30,3:30am,GBP,M4 Money Supply m/m,Medium,0.2%,-0.2%,
2014-06-30,3:30am,GBP,Mortgage Approvals,Medium,62K,63K,
2014-06-30,4:00am,EUR,CPI Flash Estimate y/y,High,0.6%,0.5%,
2014-06-30,4:00am,EUR,Core CPI Flash Estimate y/y,Low,0.7%,0.7%,
2014-06-30,4:00am,EUR,Italian Prelim CPI m/m,Medium,0.2%,-0.1%,
2014-06-30,8:45am,USD,Chicago PMI,Low,63.2,65.5,
2014-06-30,9:00am,USD,Pending Home Sales m/m,High,1.4%,0.5%,
2014-06-30,6:50pm,JPY,Tankan Manufacturing Index,Low,16,17,
2014-06-30,6:50pm,JPY,Tankan Non-Manufacturing Index,Low,19,24,
2014-06-30,8:30pm,JPY,Average Cash Earnings y/y,Low,0.8%,0.7%,
2014-06-30,8:35pm,JPY,Final Manufacturing PMI,Medium,51.2,51.1,
2014-07-01,2:15am,EUR,Spanish Manufacturing PMI,Low,53.2,52.9,
2014-07-01,2:30am,CHF,Manufacturing PMI,Low,52.6,52.5,
2014-07-01,2:45am,EUR,Italian Manufacturing PMI,Low,53.5,53.2,
2014-07-01,2:50am,EUR,French Final Manufacturing PMI,Medium,47.8,47.8,
2014-07-01,2:55am,EUR,German Unemployment Change,Low,-9K,26K,
2014-07-01,2:55am,EUR,German Final Manufacturing PMI,Medium,52.4,52.4,
2014-07-01,3:00am,EUR,Final Manufacturing PMI,Medium,51.9,51.9,
2014-07-01,3:00am,EUR,Italian Monthly Unemployment Rate,Medium,12.6%,12.5%,
2014-07-01,3:30am,GBP,Final Manufacturing PMI,High,56.7,57.0,
2014-07-01,3:30am,GBP,FPC Meeting Minutes,Medium,,,
2014-07-01,4:00am,EUR,Unemployment Rate,Low,11.7%,11.6%,
2014-07-01,7:00am,USD,Treasury Sec Lew Speaks,Low,,,
2014-07-01,8:45am,USD,Final Manufacturing PMI,Medium,57.5,57.5,
2014-07-01,9:00am,USD,ISM Manufacturing PMI,High,55.6,55.4,
2014-07-01,9:00am,USD,Construction Spending m/m,Medium,0.5%,0.8%,
2014-07-01,9:00am,USD,ISM Manufacturing Prices,Medium,60.0,60.0,
2014-07-01,9:00am,USD,RCM/TIPP Economic Optimism,Medium,48.9,47.7,
2014-07-01,All Day,USD,Total Vehicle Sales,Medium,16.5M,16.8M,
2014-07-01,6:50pm,JPY,Monetary Base y/y,Medium,48.3%,45.6%,
2014-07-02,2:00am,EUR,Spanish Unemployment Change,Low,-147.3K,-111.9K,
2014-07-02,3:30am,GBP,Construction PMI,High,59.7,60.0,
2014-07-02,4:00am,EUR,Final GDP q/q,Medium,0.2%,0.2%,
2014-07-02,4:00am,EUR,PPI m/m,Medium,0.1%,-0.1%,
2014-07-02,7:15am,USD,ADP Non-Farm Employment Change,High,207K,179K,
2014-07-02,9:00am,USD,Factory Orders m/m,Low,-0.4%,0.8%,
2014-07-02,9:30am,USD,Crude Oil Inventories,Low,-2.2M,1.7M,
2014-07-02,10:00am,USD,Fed Chair Yellen Speaks,High,,,
2014-07-02,10:45pm,JPY,10-y Bond Auction,Medium,,0.61|3.7,
2014-07-03,2:45am,EUR,Italian Services PMI,Low,52.3,51.6,
2014-07-03,2:50am,EUR,French Final Services PMI,Medium,48.2,48.2,
2014-07-03,2:55am,EUR,German Final Services PMI,Medium,54.8,54.8,
2014-07-03,3:00am,EUR,Final Services PMI,Medium,52.8,52.8,
2014-07-03,3:30am,GBP,Final Services PMI,High,58.1,58.6,
2014-07-03,3:30am,GBP,Housing Equity Withdrawal q/q,Medium,-10.2B,-11.4B,
2014-07-03,4:00am,EUR,Retail Sales m/m,Low,0.3%,-0.2%,
2014-07-03,4:01am,EUR,French 10-y Bond Auction,Medium,,1.96|1.7,
2014-07-03,6:30am,USD,Challenger Job Cuts y/y,Medium,,45.5%,
2014-07-03,6:45am,EUR,Main Refinancing Rate,High,0.15%,0.15%,
2014-07-03,7:30am,EUR,ECB Press Conference,High,,,
2014-07-03,7:30am,USD,Non-Farm Employment Change,High,214K,224K,
2014-07-03,7:30am,USD,Trade Balance,High,-45.1B,-47.0B,
2014-07-03,7:30am,USD,Unemployment Claims,High,314K,313K,
2014-07-03,7:30am,USD,Unemployment Rate,High,6.3%,6.3%,
2014-07-03,7:30am,USD,Average Hourly Earnings m/m,Low,0.2%,0.2%,
2014-07-03,8:45am,USD,Final Services PMI,Medium,61.1,61.2,
2014-07-03,9:00am,USD,ISM Services PMI,High,56.2,56.3,
2014-07-03,9:30am,USD,Natural Gas Storage,Medium,100B,110B,
2014-07-04,3:10am,EUR,Retail PMI,Medium,,49.9,
2014-07-04,All Day,USD,Bank Holiday,Low,,,
2014-07-07,12:45am,CHF,Unemployment Rate,Medium,3.2%,3.2%,
2014-07-07,1:00am,EUR,German Industrial Production m/m,Medium,0.3%,-0.3%,
2014-07-07,2:00am,CHF,Foreign Currency Reserves,Low,,444B,
2014-07-07,3:30am,EUR,Sentix Investor Confidence,Medium,7.5,8.5,
2014-07-07,All Day,EUR,Eurogroup Meetings,Low,,,
2014-07-07,6:50pm,JPY,Current Account,Low,0.17T,0.13T,
2014-07-07,6:50pm,JPY,Bank Lending y/y,Medium,,2.2%,
2014-07-08,1:00am,EUR,German Trade Balance,Low,15.7B,17.2B,
2014-07-08,1:45am,EUR,French Gov Budget Balance,Medium,,-64.2B,
2014-07-08,1:45am,EUR,French Trade Balance,Medium,-4.1B,-4.1B,
2014-07-08,2:15am,CHF,CPI m/m,Low,0.1%,0.3%,
2014-07-08,2:15am,CHF,Retail Sales y/y,Low,1.5%,0.8%,
2014-07-08,3:30am,GBP,Manufacturing Production m/m,High,0.4%,0.3%,
2014-07-08,3:30am,GBP,Industrial Production m/m,Medium,0.3%,0.3%,
2014-07-08,All Day,EUR,ECOFIN Meetings,Low,,,
2014-07-08,6:30am,USD,NFIB Small Business Index,Medium,97.3,96.6,
2014-07-08,9:00am,GBP,NIESR GDP Estimate,Low,,0.7%,
2014-07-08,9:00am,USD,JOLTS Job Openings,Low,4.53M,4.46M,
2014-07-08,12:45pm,USD,FOMC Member Kocherlakota Speaks,Low,,,
2014-07-08,2:00pm,USD,Consumer Credit m/m,Medium,21.3B,26.1B,
2014-07-08,6:01pm,GBP,BRC Shop Price Index y/y,Medium,,-1.4%,
2014-07-08,6:50pm,JPY,M2 Money Stock y/y,Medium,3.1%,3.3%,
2014-07-09,1:44am,GBP,Halifax HPI m/m,Low,-0.3%,4.0%,
2014-07-09,9:30am,USD,Crude Oil Inventories,Low,-1.7M,-3.2M,
2014-07-09,12:01pm,USD,10-y Bond Auction,Low,,2.65|2.9,
2014-07-09,1:00pm,USD,FOMC Meeting Minutes,High,,,
2014-07-09,1:30pm,EUR,ECB President Draghi Speaks,High,,,
2014-07-09,6:01pm,GBP,RICS House Price Balance,Medium,55%,56%,
2014-07-09,6:50pm,JPY,Core Machinery Orders m/m,Low,0.9%,-9.1%,
2014-07-09,6:50pm,JPY,Tertiary Industry Activity m/m,Low,1.9%,-5.7%,
2014-07-09,6:50pm,JPY,PPI y/y,Medium,4.5%,4.4%,
2014-07-09,10:45pm,JPY,30-y Bond Auction,Medium,,1.71|3.0,
2014-07-10,1:45am,EUR,French Industrial Production m/m,Low,0.5%,0.3%,
2014-07-10,1:45am,EUR,French Final CPI m/m,Medium,0.2%,0.0%,
2014-07-10,3:00am,EUR,ECB Monthly Bulletin,Low,,,
2014-07-10,3:00am,EUR,Italian Industrial Production m/m,Medium,0.6%,0.5%,
2014-07-10,3:30am,GBP,Goods Trade Balance,Low,-9.0B,-8.8B,
2014-07-10,6:00am,GBP,Asset Purchase Facility,High,375B,375B,
2014-07-10,6:00am,GBP,Official Bank Rate,High,0.50%,0.50%,
2014-07-10,7:30am,USD,Unemployment Claims,High,316K,315K,
2014-07-10,9:00am,USD,Final Wholesale Inventories m/m,Medium,0.6%,1.0%,
2014-07-10,9:30am,USD,Natural Gas Storage,Medium,92B,100B,
2014-07-10,12:01pm,USD,30-y Bond Auction,Medium,,3.44|2.7,
2014-07-10,3:30pm,USD,FOMC Member Fischer Speaks,Low,,,
2014-07-11,FriJul 11,EUR,German WPI m/m,Medium,0.2%,-0.1%,
2014-07-11,3:30am,GBP,Construction Output m/m,Medium,0.8%,1.2%,
2014-07-11,4:00am,GBP,CB Leading Index m/m,Medium,,0.5%,
2014-07-11,12:01pm,USD,Federal Budget Balance,Medium,79.5B,-130.0B,
2014-07-13,11:30pm,JPY,Revised Industrial Production m/m,Medium,0.5%,0.5%,
2014-07-14,4:00am,EUR,Industrial Production m/m,Low,0.3%,0.7%,
2014-07-14,12:00pm,EUR,ECB President Draghi Speaks,High,,,
2014-07-14,6:01pm,GBP,BRC Retail Sales Monitor y/y,Low,,0.5%,
2014-07-14,9:58pm,JPY,Monetary Policy Statement,High,,,
2014-07-15,2:15am,CHF,PPI m/m,Low,0.1%,0.1%,
2014-07-15,3:30am,GBP,CPI y/y,High,1.6%,1.5%,
2014-07-15,3:30am,GBP,PPI Input m/m,Low,0.2%,0.3%,
2014-07-15,3:30am,GBP,RPI y/y,Low,2.5%,2.4%,
2014-07-15,3:30am,GBP,Core CPI y/y,Medium,1.7%,1.6%,
2014-07-15,3:30am,GBP,ONS HPI y/y,Medium,10.2%,9.9%,
2014-07-15,3:30am,GBP,PPI Output m/m,Medium,0.1%,-0.1%,
2014-07-15,4:00am,EUR,German ZEW Economic Sentiment,High,28.9,29.8,
2014-07-15,4:00am,EUR,ZEW Economic Sentiment,Low,62.3,58.4,
2014-07-15,4:00am,GBP,BOE Gov Carney Speaks,High,,,
2014-07-15,7:30am,USD,Core Retail Sales m/m,High,0.5%,0.4%,
2014-07-15,7:30am,USD,Retail Sales m/m,High,0.6%,0.5%,
2014-07-15,7:30am,USD,Empire State Manufacturing Index,Low,17.2,19.3,
2014-07-15,7:30am,USD,Import Prices m/m,Low,0.5%,0.3%,
2014-07-15,9:00am,USD,Fed Chair Yellen Testifies,High,,,
2014-07-15,9:00am,USD,Business Inventories m/m,Low,0.6%,0.6%,
2014-07-15,9:00am,USD,Fed Monetary Policy Report,Medium,,,
2014-07-16,3:00am,EUR,Italian Trade Balance,Medium,3.23B,3.52B,
2014-07-16,3:30am,GBP,Average Earnings Index 3m/y,High,0.5%,0.8%,
2014-07-16,3:30am,GBP,Claimant Count Change,High,-27.1K,-32.8K,
2014-07-16,3:30am,GBP,Unemployment Rate,High,6.5%,6.6%,
2014-07-16,4:00am,CHF,UBS Economic Expectations,Low,,4.8,
2014-07-16,4:00am,EUR,Trade Balance,Medium,16.3B,15.2B,
2014-07-16,4:33am,EUR,German 10-y Bond Auction,Low,,1.39|1.2,
2014-07-16,7:30am,USD,PPI m/m,High,0.2%,-0.2%,
2014-07-16,7:30am,USD,Core PPI m/m,Low,0.2%,-0.1%,
2014-07-16,8:00am,USD,TIC Long-Term Purchases,Low,27.4B,-41.2B,
2014-07-16,8:15am,USD,Capacity Utilization Rate,Low,79.4%,79.1%,
2014-07-16,8:15am,USD,Industrial Production m/m,Low,0.4%,0.5%,
2014-07-16,9:00am,USD,Fed Chair Yellen Testifies,High,,,
2014-07-16,9:00am,USD,NAHB Housing Market Index,Low,51,49,
2014-07-16,9:30am,USD,Crude Oil Inventories,Low,-2.1M,-2.4M,
2014-07-16,11:00am,USD,FOMC Member Fisher Speaks,Low,,,
2014-07-16,1:00pm,USD,Beige Book,Low,,,
2014-07-17,4:00am,EUR,Final CPI y/y,Low,0.5%,0.5%,
2014-07-17,4:00am,EUR,Final Core CPI y/y,Medium,0.8%,0.8%,
2014-07-17,7:30am,USD,Building Permits,High,1.04M,1.01M,
2014-07-17,7:30am,USD,Unemployment Claims,High,310K,305K,
2014-07-17,7:30am,USD,Housing Starts,Low,1.02M,0.99M,
2014-07-17,9:00am,USD,Philly Fed Manufacturing Index,High,15.6,17.8,
2014-07-17,9:30am,USD,Natural Gas Storage,Medium,99B,93B,
2014-07-17,6:50pm,JPY,Monetary Policy Meeting Minutes,Low,,,
2014-07-18,5:30am,EUR,German Buba President Weidmann Speaks,Low,,,
2014-07-18,8:55am,USD,Prelim UoM Consumer Sentiment,High,83.5,82.5,
2014-07-18,8:55am,USD,Prelim UoM Inflation Expectations,Medium,,3.1%,
2014-07-18,9:00am,USD,CB Leading Index m/m,Medium,0.6%,0.7%,
2014-07-18,10:30am,USD,President Obama Speaks,Medium,,,
2014-07-20,6:01pm,GBP,Rightmove HPI m/m,Medium,,0.1%,
2014-07-20,All Day,JPY,Bank Holiday,Low,,,
2014-07-21,5:00am,EUR,German Buba Monthly Report,Low,,,
2014-07-21,11:30pm,JPY,All Industries Activity m/m,Medium,0.7%,-4.6%,
2014-07-22,3:30am,GBP,Public Sector Net Borrowing,Low,10.3B,11.9B,
2014-07-22,4:35am,GBP,10-y Bond Auction,Medium,,2.82|2.0,
2014-07-22,5:00am,GBP,CBI Industrial Order Expectations,Low,9,11,
2014-07-22,7:30am,USD,Core CPI m/m,High,0.2%,0.3%,
2014-07-22,7:30am,USD,CPI y/y,High,2.1%,2.1%,
2014-07-22,7:30am,USD,CPI m/m,Low,0.3%,0.4%,
2014-07-22,8:02am,USD,HPI m/m,Medium,0.4%,0.1%,
2014-07-22,8:59am,USD,Richmond Manufacturing Index,Medium,5,3,
2014-07-22,9:00am,USD,Existing Home Sales,High,4.98M,4.91M,
2014-07-23,WedJul 23,GBP,MPC Official Bank Rate Votes,High,0-0-9,0-0-9,
2014-07-23,WedJul 23,GBP,High Street Lending,Low,43.4K,41.9K,
2014-07-23,5:00am,GBP,CBI Realized Sales,Low,18,4,
2014-07-23,6:45am,GBP,BOE Gov Carney Speaks,High,,,
2014-07-23,9:00am,EUR,Consumer Confidence,Medium,-6,-8,
2014-07-23,9:30am,USD,Crude Oil Inventories,Low,-2.1M,-7.5M,
2014-07-23,6:57pm,JPY,Trade Balance,Low,-1.11T,-0.86T,
2014-07-23,8:35pm,JPY,Flash Manufacturing PMI,Medium,51.9,51.5,
2014-07-24,ThuJul 24,EUR,French Flash Services PMI,Low,48.9,48.2,
2014-07-24,ThuJul 24,EUR,Spanish Unemployment Rate,Low,25.9%,25.9%,
2014-07-24,2:30am,EUR,German Flash Manufacturing PMI,High,52.2,52.0,
2014-07-24,2:30am,EUR,German Flash Services PMI,Low,54.7,54.6,
2014-07-24,3:00am,EUR,Flash Manufacturing PMI,Low,52.0,51.8,
2014-07-24,3:00am,EUR,Flash Services PMI,Low,52.7,52.8,
2014-07-24,3:00am,EUR,Italian Retail Sales m/m,Medium,0.4%,0.3%,
2014-07-24,3:30am,GBP,Retail Sales m/m,High,0.2%,-0.5%,
2014-07-24,7:30am,USD,Unemployment Claims,High,310K,303K,
2014-07-24,8:45am,USD,Flash Manufacturing PMI,Low,57.5,57.3,
2014-07-24,9:00am,USD,New Home Sales,High,485K,442K,
2014-07-24,9:30am,USD,Natural Gas Storage,Medium,95B,107B,
2014-07-24,6:30pm,JPY,Tokyo Core CPI y/y,Low,2.7%,2.8%,
2014-07-24,6:30pm,JPY,National Core CPI y/y,Medium,3.3%,3.4%,
2014-07-24,6:50pm,JPY,SPPI y/y,Medium,3.6%,3.6%,
2014-07-25,3:00am,EUR,German ifo Business Climate,High,109.6,109.7,
2014-07-25,3:00am,EUR,M3 Money Supply y/y,Low,1.1%,1.0%,
2014-07-25,3:00am,EUR,Private Loans y/y,Low,-1.8%,-2.0%,
2014-07-25,3:30am,GBP,Prelim GDP q/q,High,0.8%,0.8%,
2014-07-25,3:30am,GBP,Index of Services 3m/3m,Medium,1.0%,0.9%,
2014-07-25,7:30am,USD,Core Durable Goods Orders m/m,High,0.6%,0.0%,
2014-07-25,7:30am,USD,Durable Goods Orders m/m,Low,0.4%,-0.9%,
2014-07-25,8:00am,EUR,Belgian NBB Business Climate,Medium,-6.5,-6.2,
2014-07-28,9:00am,USD,Pending Home Sales m/m,High,-0.2%,6.0%,
2014-07-28,6:30pm,JPY,Household Spending y/y,Low,-3.7%,-8.0%,
2014-07-28,6:30pm,JPY,Unemployment Rate,Medium,3.5%,3.5%,
2014-07-28,6:50pm,JPY,Retail Sales y/y,Low,-0.4%,-0.4%,
2014-07-29,2:00am,GBP,MPC Member Broadbent Speaks,Low,,,
2014-07-29,3:30am,GBP,Net Lending to Individuals m/m,Low,2.6B,3.0B,
2014-07-29,3:30am,GBP,M4 Money Supply m/m,Medium,0.0%,-0.1%,
2014-07-29,3:30am,GBP,Mortgage Approvals,Medium,63K,62K,
2014-07-29,8:00am,USD,S&P/CS Composite-20 HPI y/y,Low,9.8%,10.8%,
2014-07-29,9:00am,USD,CB Consumer Confidence,High,85.5,86.4,
2014-07-29,6:50pm,JPY,Prelim Industrial Production m/m,Low,-1.0%,0.7%,
2014-07-30,All Day,EUR,German Prelim CPI m/m,High,0.2%,0.3%,
2014-07-30,2:00am,CHF,KOF Economic Barometer,Low,101.1,100.5,
2014-07-30,2:00am,EUR,Spanish Flash CPI y/y,Low,0.2%,0.1%,
2014-07-30,2:00am,EUR,Spanish Flash GDP q/q,Low,0.5%,0.4%,
2014-07-30,4:21am,EUR,Italian 10-y Bond Auction,Medium,,2.81|1.4,
2014-07-30,7:15am,USD,ADP Non-Farm Employment Change,High,234K,281K,
2014-07-30,7:30am,USD,Advance GDP q/q,High,3.1%,-2.9%,
2014-07-30,7:30am,USD,Advance GDP Price Index q/q,Low,1.8%,1.3%,
2014-07-30,9:30am,USD,Crude Oil Inventories,Low,-0.5M,-4.0M,
2014-07-30,1:00pm,USD,FOMC Statement,High,,,
2014-07-30,1:00pm,USD,Federal Funds Rate,Low,<0.25%,<0.25%,
2014-07-30,6:01pm,GBP,GfK Consumer Confidence,Medium,2,1,
2014-07-30,8:30pm,JPY,Average Cash Earnings y/y,Low,0.7%,0.6%,
2014-07-31,12:59am,GBP,Nationwide HPI m/m,Low,0.6%,1.0%,
2014-07-31,1:00am,EUR,German Retail Sales m/m,Low,1.1%,-0.6%,
2014-07-31,1:45am,EUR,French Consumer Spending m/m,Low,0.3%,0.7%,
2014-07-31,2:55am,EUR,German Unemployment Change,Low,-5K,7K,
2014-07-31,3:00am,EUR,Italian Monthly Unemployment Rate,Medium,12.6%,12.6%,
2014-07-31,4:00am,EUR,CPI Flash Estimate y/y,High,0.5%,0.5%,
2014-07-31,4:00am,EUR,Core CPI Flash Estimate y/y,Low,0.8%,0.8%,
2014-07-31,4:00am,EUR,Unemployment Rate,Low,11.6%,11.6%,
2014-07-31,4:00am,EUR,Italian Prelim CPI m/m,Medium,0.1%,0.1%,
2014-07-31,6:30am,USD,Challenger Job Cuts y/y,Medium,,-20.2%,
2014-07-31,7:30am,USD,Unemployment Claims,High,303K,279K,
2014-07-31,7:30am,USD,Employment Cost Index q/q,Low,0.5%,0.3%,
2014-07-31,8:45am,USD,Chicago PMI,Low,63.2,62.6,
2014-07-31,9:30am,USD,Natural Gas Storage,Medium,92B,90B,
2014-07-31,8:35pm,JPY,Final Manufacturing PMI,Medium,50.8,50.8,
2014-07-31,10:30pm,JPY,BOJ Gov Kuroda Speaks,High,,,
2014-08-01,2:15am,EUR,Spanish Manufacturing PMI,Low,54.8,54.6,
2014-08-01,2:45am,EUR,Italian Manufacturing PMI,Low,52.8,52.6,
2014-08-01,2:50am,EUR,French Final Manufacturing PMI,Medium,47.6,47.6,
2014-08-01,2:55am,EUR,German Final Manufacturing PMI,Medium,52.9,52.9,
2014-08-01,3:00am,EUR,Final Manufacturing PMI,Medium,51.9,51.9,
2014-08-01,3:30am,GBP,Final Manufacturing PMI,High,57.2,57.2,
2014-08-01,7:30am,USD,Non-Farm Employment Change,High,231K,298K,
2014-08-01,7:30am,USD,Unemployment Rate,High,6.1%,6.1%,
2014-08-01,7:30am,USD,Average Hourly Earnings m/m,Low,0.2%,0.2%,
2014-08-01,7:30am,USD,Core PCE Price Index m/m,Low,0.2%,0.2%,
2014-08-01,7:30am,USD,Personal Spending m/m,Low,0.5%,0.3%,
2014-08-01,7:30am,USD,Personal Income m/m,Medium,0.4%,0.4%,
2014-08-01,8:45am,USD,Final Manufacturing PMI,Medium,56.3,56.3,
2014-08-01,8:55am,USD,Revised UoM Consumer Sentiment,Low,81.5,81.3,
2014-08-01,8:55am,USD,Revised UoM Inflation Expectations,Medium,,3.3%,
2014-08-01,9:00am,USD,ISM Manufacturing PMI,High,56.1,55.3,
2014-08-01,9:00am,USD,Construction Spending m/m,Medium,0.4%,0.8%,
2014-08-01,9:00am,USD,ISM Manufacturing Prices,Medium,58.6,58.0,
2014-08-01,All Day,USD,Total Vehicle Sales,Medium,16.8M,17.0M,
2014-08-03,6:50pm,JPY,Monetary Base y/y,Medium,41.2%,42.6%,
2014-08-04,2:30am,CHF,Manufacturing PMI,Low,56.2,54.0,
2014-08-04,3:30am,EUR,Sentix Investor Confidence,Medium,9.1,10.1,
2014-08-04,3:30am,GBP,Construction PMI,High,62.1,62.6,
2014-08-04,4:00am,EUR,PPI m/m,Medium,0.0%,-0.1%,
2014-08-04,1:00pm,USD,Loan Officer Survey,Medium,,,
2014-08-04,10:45pm,JPY,10-y Bond Auction,Medium,,0.56|3.4,
2014-08-05,2:45am,EUR,Italian Services PMI,Low,53.2,53.9,
2014-08-05,2:50am,EUR,French Final Services PMI,Medium,50.4,50.4,
2014-08-05,2:55am,EUR,German Final Services PMI,Medium,56.6,56.6,
2014-08-05,3:00am,EUR,Final Services PMI,Medium,54.4,54.4,
2014-08-05,3:30am,GBP,Final Services PMI,High,58.1,57.7,
2014-08-05,4:00am,EUR,Retail Sales m/m,Low,0.4%,0.3%,
2014-08-05,8:45am,USD,Final Services PMI,Medium,61.0,61.0,
2014-08-05,9:00am,USD,ISM Services PMI,High,56.6,56.0,
2014-08-05,9:00am,USD,Factory Orders m/m,Low,0.6%,-0.6%,
2014-08-05,9:00am,USD,RCM/TIPP Economic Optimism,Medium,46.2,45.6,
2014-08-05,6:01pm,GBP,BRC Shop Price Index y/y,Medium,,-1.8%,
2014-08-06,1:00am,EUR,German Factory Orders m/m,Low,0.5%,-1.6%,
2014-08-06,2:00am,GBP,Halifax HPI m/m,Low,0.5%,-0.4%,
2014-08-06,2:15am,CHF,CPI m/m,Low,-0.5%,-0.1%,
2014-08-06,3:00am,EUR,Italian Industrial Production m/m,Medium,0.9%,-1.2%,
2014-08-06,3:10am,EUR,Retail PMI,Medium,,50.0,
2014-08-06,3:30am,GBP,Manufacturing Production m/m,High,0.7%,-1.3%,
2014-08-06,3:30am,GBP,Industrial Production m/m,Medium,0.6%,-0.6%,
2014-08-06,4:00am,EUR,Italian Prelim GDP q/q,Low,0.1%,-0.1%,
2014-08-06,7:30am,USD,Trade Balance,High,-44.2B,-44.7B,
2014-08-06,8:55am,GBP,NIESR GDP Estimate,Low,,0.8%,
2014-08-06,9:30am,USD,Crude Oil Inventories,Low,-1.1M,-3.7M,
2014-08-07,1:00am,EUR,German Industrial Production m/m,Low,1.4%,-1.7%,
2014-08-07,1:45am,EUR,French Trade Balance,Medium,-5.0B,-5.1B,
2014-08-07,2:00am,CHF,Foreign Currency Reserves,Low,,450B,
2014-08-07,3:40am,EUR,Spanish 10-y Bond Auction,Medium,,2.09|2.3,
2014-08-07,6:00am,GBP,Asset Purchase Facility,High,375B,375B,
2014-08-07,6:00am,GBP,Official Bank Rate,High,0.50%,0.50%,
2014-08-07,6:45am,EUR,Main Refinancing Rate,High,0.15%,0.15%,
2014-08-07,7:30am,EUR,ECB Press Conference,High,,,
2014-08-07,7:30am,USD,Unemployment Claims,High,305K,303K,
2014-08-07,9:00am,USD,Mortgage Delinquencies,Low,,6.11%,
2014-08-07,9:30am,USD,Natural Gas Storage,Medium,89B,88B,
2014-08-07,2:00pm,USD,Consumer Credit m/m,Medium,18.3B,19.6B,
2014-08-07,6:50pm,JPY,Current Account,Low,0.11T,0.38T,
2014-08-07,6:50pm,JPY,Bank Lending y/y,Medium,,2.3%,
2014-08-07,10:08pm,JPY,Monetary Policy Statement,High,,,
2014-08-08,12:45am,CHF,Unemployment Rate,Medium,3.2%,3.2%,
2014-08-08,1:00am,EUR,German Trade Balance,Low,19.8B,18.8B,
2014-08-08,1:30am,JPY,BOJ Press Conference,High,,,
2014-08-08,1:45am,EUR,French Industrial Production m/m,Low,1.1%,-1.6%,
2014-08-08,1:45am,EUR,French Gov Budget Balance,Medium,,-64.3B,
2014-08-08,3:30am,GBP,Goods Trade Balance,Low,-8.9B,-9.2B,
2014-08-08,3:30am,GBP,Construction Output m/m,Medium,1.1%,-1.2%,
2014-08-08,7:30am,USD,Prelim Nonfarm Productivity q/q,Low,1.4%,-3.2%,
2014-08-08,7:30am,USD,Prelim Unit Labor Costs q/q,Low,1.3%,5.7%,
2014-08-08,9:00am,USD,Final Wholesale Inventories m/m,Medium,0.6%,0.3%,
2014-08-10,SunAug 10,JPY,M2 Money Stock y/y,Medium,3.0%,3.0%,
2014-08-11,MonAug 11,JPY,Consumer Confidence,Medium,42.3,41.1,
2014-08-11,1:00am,JPY,Prelim Machine Tool Orders y/y,Medium,,34.1%,
2014-08-11,2:15am,CHF,Retail Sales y/y,Low,0.7%,-0.5%,
2014-08-11,2:15am,USD,FOMC Member Fischer Speaks,Low,,,
2014-08-11,4:00am,GBP,CB Leading Index m/m,Medium,,0.5%,
2014-08-11,6:01pm,GBP,BRC Retail Sales Monitor y/y,Low,,-0.8%,
2014-08-11,6:50pm,JPY,PPI y/y,Medium,4.4%,4.6%,
2014-08-11,10:45pm,JPY,30-y Bond Auction,Medium,,1.70|3.1,
2014-08-11,11:30pm,JPY,Revised Industrial Production m/m,Medium,0.5%,-3.3%,
2014-08-12,TueAug 12,EUR,ZEW Economic Sentiment,Low,41.3,48.1,
2014-08-12,6:30am,USD,NFIB Small Business Index,Medium,96.3,95.0,
2014-08-12,9:00am,USD,JOLTS Job Openings,Low,4.74M,4.58M,
2014-08-12,12:55pm,USD,Federal Budget Balance,Medium,-98.2B,70.5B,
2014-08-12,6:50pm,JPY,Prelim GDP q/q,High,-1.7%,1.6%,
2014-08-12,6:50pm,JPY,Monetary Policy Meeting Minutes,Low,,,
2014-08-12,6:50pm,JPY,Prelim GDP Price Index y/y,Medium,1.7%,-0.1%,
2014-08-13,1:00am,EUR,German Final CPI m/m,Medium,0.3%,0.3%,
2014-08-13,1:00am,EUR,German WPI m/m,Medium,0.3%,-0.1%,
2014-08-13,1:45am,EUR,French Final CPI m/m,Medium,-0.2%,0.0%,
2014-08-13,3:30am,GBP,Average Earnings Index 3m/y,High,-0.1%,0.4%,
2014-08-13,3:30am,GBP,Claimant Count Change,High,-29.7K,-39.5K,
2014-08-13,3:30am,GBP,Unemployment Rate,Low,6.4%,6.5%,
2014-08-13,4:00am,CHF,UBS Economic Expectations,Low,,0.1,
2014-08-13,4:00am,EUR,Industrial Production m/m,Low,0.5%,-1.1%,
2014-08-13,4:30am,GBP,BOE Gov Carney Speaks,High,,,
2014-08-13,4:30am,GBP,BOE Monetary Policy Report,High,,,
2014-08-13,4:33am,EUR,German 10-y Bond Auction,Low,,1.20|1.6,
2014-08-13,7:30am,USD,Core Retail Sales m/m,High,0.4%,0.4%,
2014-08-13,7:30am,USD,Retail Sales m/m,High,0.2%,0.2%,
2014-08-13,8:05am,USD,FOMC Member Dudley Speaks,Low,,,
2014-08-13,9:00am,USD,Business Inventories m/m,Low,0.4%,0.5%,
2014-08-13,9:30am,USD,Crude Oil Inventories,Low,-0.8M,-1.8M,
2014-08-13,12:01pm,USD,10-y Bond Auction,Low,,2.60|2.6,
2014-08-13,6:01pm,GBP,RICS House Price Balance,Medium,51%,52%,
2014-08-13,6:50pm,JPY,Core Machinery Orders m/m,Low,15.5%,-19.5%,
2014-08-14,1:00am,EUR,German Prelim GDP q/q,High,-0.1%,0.8%,
2014-08-14,1:45am,EUR,French Prelim Private Payrolls q/q,Low,-0.1%,-0.1%,
2014-08-14,2:15am,CHF,PPI m/m,Low,0.0%,0.0%,
2014-08-14,3:00am,EUR,ECB Monthly Bulletin,Low,,,
2014-08-14,4:00am,EUR,Final CPI y/y,Low,0.4%,0.4%,
2014-08-14,4:00am,EUR,Flash GDP q/q,Low,0.1%,0.2%,
2014-08-14,4:00am,EUR,Final Core CPI y/y,Medium,0.8%,0.8%,
2014-08-14,7:30am,USD,Unemployment Claims,High,307K,290K,
2014-08-14,7:30am,USD,Import Prices m/m,Low,-0.2%,0.1%,
2014-08-14,9:30am,USD,Natural Gas Storage,Medium,81B,82B,
2014-08-14,12:01pm,USD,30-y Bond Auction,Medium,,3.37|2.4,
2014-08-15,All Day,EUR,French Bank Holiday,Low,,,
2014-08-15,3:30am,GBP,Second Estimate GDP q/q,High,0.8%,0.8%,
2014-08-15,3:30am,GBP,Index of Services 3m/3m,Medium,1.0%,1.0%,
2014-08-15,7:30am,USD,PPI m/m,High,0.1%,0.4%,
2014-08-15,7:30am,USD,Core PPI m/m,Low,0.2%,0.2%,
2014-08-15,7:30am,USD,Empire State Manufacturing Index,Low,20.3,25.6,
2014-08-15,8:00am,USD,TIC Long-Term Purchases,Low,27.3B,18.6B,
2014-08-15,8:15am,USD,Capacity Utilization Rate,Low,79.2%,79.1%,
2014-08-15,8:15am,USD,Industrial Production m/m,Low,0.3%,0.4%,
2014-08-15,8:55am,USD,Prelim UoM Consumer Sentiment,High,82.7,81.8,
2014-08-15,8:55am,USD,Prelim UoM Inflation Expectations,Medium,,3.3%,
2014-08-17,6:01pm,GBP,Rightmove HPI m/m,Medium,,-0.8%,
2014-08-18,5:00am,EUR,German Buba Monthly Report,Low,,,
2014-08-18,9:00am,USD,NAHB Housing Market Index,Low,53,53,
2014-08-19,3:30am,GBP,CPI y/y,High,1.8%,1.9%,
2014-08-19,3:30am,GBP,PPI Input m/m,Low,-1.0%,-0.9%,
2014-08-19,3:30am,GBP,RPI y/y,Low,2.6%,2.6%,
2014-08-19,3:30am,GBP,Core CPI y/y,Medium,1.9%,2.0%,
2014-08-19,3:30am,GBP,ONS HPI y/y,Medium,11.2%,10.4%,
2014-08-19,3:30am,GBP,PPI Output m/m,Medium,0.1%,-0.1%,
2014-08-19,7:30am,USD,Building Permits,High,1.00M,0.97M,
2014-08-19,7:30am,USD,Core CPI m/m,High,0.2%,0.1%,
2014-08-19,7:30am,USD,CPI m/m,High,0.1%,0.3%,
2014-08-19,7:30am,USD,CPI y/y,High,2.0%,2.1%,
2014-08-19,7:30am,USD,Housing Starts,Low,0.97M,0.95M,
2014-08-19,6:50pm,JPY,Trade Balance,Low,-0.77T,-1.07T,
2014-08-19,11:30pm,JPY,All Industries Activity m/m,Medium,-0.2%,0.6%,
2014-08-20,3:30am,GBP,MPC Asset Purchase Facility Votes,High,0-0-9,0-0-9,
2014-08-20,3:30am,GBP,MPC Official Bank Rate Votes,High,0-0-9,0-0-9,
2014-08-20,5:00am,GBP,CBI Industrial Order Expectations,Low,4,2,
2014-08-20,9:30am,USD,Crude Oil Inventories,Low,-1.3M,1.4M,
2014-08-20,1:00pm,USD,FOMC Meeting Minutes,High,,,
2014-08-20,8:35pm,JPY,Flash Manufacturing PMI,Medium,51.7,50.5,
2014-08-21,2:00am,EUR,French Flash Manufacturing PMI,High,47.9,47.8,
2014-08-21,2:00am,EUR,French Flash Services PMI,Low,50.3,50.4,
2014-08-21,2:30am,EUR,German Flash Manufacturing PMI,High,51.7,52.4,
2014-08-21,2:30am,EUR,German Flash Services PMI,Low,55.5,56.7,
2014-08-21,3:00am,EUR,Flash Manufacturing PMI,Low,51.4,51.8,
2014-08-21,3:00am,EUR,Flash Services PMI,Low,53.6,54.2,
2014-08-21,3:30am,GBP,Retail Sales m/m,High,0.4%,0.2%,
2014-08-21,3:30am,GBP,Public Sector Net Borrowing,Low,-1.9B,9.8B,
2014-08-21,4:37am,GBP,10-y Bond Auction,Medium,,2.70|1.8,
2014-08-21,7:30am,USD,Unemployment Claims,High,302K,312K,
2014-08-21,8:45am,USD,Flash Manufacturing PMI,Low,55.7,55.8,
2014-08-21,9:00am,EUR,Consumer Confidence,Medium,-9,-8,
2014-08-21,9:00am,USD,Philly Fed Manufacturing Index,High,19.7,23.9,
2014-08-21,9:00am,USD,Existing Home Sales,Low,5.01M,5.03M,
2014-08-21,9:00am,USD,CB Leading Index m/m,Medium,0.6%,0.6%,
2014-08-21,9:30am,USD,Natural Gas Storage,Medium,83B,78B,
2014-08-22,9:00am,USD,Fed Chair Yellen Speaks,High,,,
2014-08-22,1:30pm,EUR,ECB President Draghi Speaks,High,,,
2014-08-25,3:00am,EUR,German ifo Business Climate,High,107.1,108.0,
2014-08-25,8:00am,EUR,Belgian NBB Business Climate,Medium,-8.3,-7.5,
2014-08-25,8:45am,USD,Flash Services PMI,Medium,59.2,60.8,
2014-08-25,9:00am,USD,New Home Sales,High,426K,422K,
2014-08-25,6:50pm,JPY,SPPI y/y,Medium,3.7%,3.7%,
2014-08-26,7:30am,USD,Core Durable Goods Orders m/m,High,0.5%,1.9%,
2014-08-26,7:30am,USD,Durable Goods Orders m/m,Low,7.8%,1.7%,
2014-08-26,8:00am,USD,HPI m/m,Medium,0.3%,0.2%,
2014-08-26,8:00am,USD,S&P/CS Composite-20 HPI y/y,Medium,8.2%,9.4%,
2014-08-26,8:59am,USD,Richmond Manufacturing Index,Medium,8,7,
2014-08-26,9:00am,USD,CB Consumer Confidence,High,89.1,90.3,
2014-08-27,WedAug 27,EUR,German GfK Consumer Climate,Low,8.9,8.9,
2014-08-27,WedAug 27,EUR,German Import Prices m/m,Medium,-0.1%,0.2%,
2014-08-27,9:30am,USD,Crude Oil Inventories,Low,1.1M,-4.5M,
2014-08-28,2:00am,EUR,Spanish Flash CPI y/y,Low,-0.2%,-0.3%,
2014-08-28,2:15am,CHF,Employment Level,Low,4.21M,4.19M,
2014-08-28,2:55am,EUR,German Unemployment Change,Low,-6K,-12K,
2014-08-28,3:00am,EUR,M3 Money Supply y/y,Low,1.5%,1.5%,
2014-08-28,3:00am,EUR,Private Loans y/y,Low,-1.5%,-1.7%,
2014-08-28,3:00am,EUR,Italian Retail Sales m/m,Medium,-0.2%,-0.6%,
2014-08-28,4:20am,EUR,Italian 10-y Bond Auction,Medium,,2.60|1.5,
2014-08-28,5:00am,GBP,CBI Realized Sales,Low,27,21,
2014-08-28,7:30am,USD,Prelim GDP q/q,High,3.9%,4.0%,
2014-08-28,7:30am,USD,Unemployment Claims,High,299K,299K,
2014-08-28,7:30am,USD,Prelim GDP Price Index q/q,Medium,2.0%,2.0%,
2014-08-28,9:00am,USD,Pending Home Sales m/m,High,0.6%,-1.3%,
2014-08-28,9:30am,USD,Natural Gas Storage,Medium,79B,88B,
2014-08-28,6:05pm,GBP,GfK Consumer Confidence,Medium,-1,-2,
2014-08-28,6:30pm,JPY,Household Spending y/y,Low,-2.7%,-3.0%,
2014-08-28,6:30pm,JPY,Tokyo Core CPI y/y,Low,2.7%,2.8%,
2014-08-28,6:30pm,JPY,National Core CPI y/y,Medium,3.3%,3.3%,
2014-08-28,6:30pm,JPY,Unemployment Rate,Medium,3.7%,3.7%,
2014-08-28,6:50pm,JPY,Prelim Industrial Production m/m,Low,1.2%,-3.4%,
2014-08-28,6:50pm,JPY,Retail Sales y/y,Low,-0.1%,-0.6%,
2014-08-29,1:00am,EUR,German Retail Sales m/m,Low,0.1%,1.0%,
2014-08-29,1:00am,GBP,Nationwide HPI m/m,Low,0.1%,0.2%,
2014-08-29,2:00am,CHF,KOF Economic Barometer,Low,97.9,97.9,
2014-08-29,3:00am,EUR,Italian Monthly Unemployment Rate,Medium,12.2%,12.3%,
2014-08-29,3:00am,EUR,Italian Quarterly Unemployment Rate,Medium,12.5%,12.6%,
2014-08-29,4:00am,EUR,CPI Flash Estimate y/y,High,0.3%,0.4%,
2014-08-29,4:00am,EUR,Core CPI Flash Estimate y/y,Low,0.8%,0.8%,
2014-08-29,4:00am,EUR,Unemployment Rate,Low,11.5%,11.5%,
2014-08-29,4:00am,EUR,Italian Prelim CPI m/m,Medium,0.1%,-0.1%,
2014-08-29,7:30am,USD,Core PCE Price Index m/m,Low,0.1%,0.1%,
2014-08-29,7:30am,USD,Personal Spending m/m,Low,0.2%,0.4%,
2014-08-29,7:30am,USD,Personal Income m/m,Medium,0.3%,0.5%,
2014-08-29,8:45am,USD,Chicago PMI,High,56.8,52.6,
2014-08-29,8:55am,USD,Revised UoM Consumer Sentiment,Low,80.2,79.2,
2014-08-29,8:55am,USD,Revised UoM Inflation Expectations,Medium,,3.4%,
2014-08-31,6:50pm,JPY,Capital Spending q/y,Low,3.8%,7.4%,
2014-08-31,8:35pm,JPY,Final Manufacturing PMI,Medium,52.4,52.4,
2014-09-01,2:15am,EUR,Spanish Manufacturing PMI,Low,53.4,53.9,
2014-09-01,2:30am,CHF,Manufacturing PMI,Medium,53.8,54.3,
2014-09-01,2:45am,EUR,Italian Manufacturing PMI,Low,51.0,51.9,
2014-09-01,2:50am,EUR,French Final Manufacturing PMI,Medium,46.5,46.5,
2014-09-01,2:55am,EUR,German Final Manufacturing PMI,Low,52.0,52.0,
2014-09-01,3:00am,EUR,Final Manufacturing PMI,Medium,50.8,50.8,
2014-09-01,3:30am,GBP,Final Manufacturing PMI,High,55.1,54.8,
2014-09-01,3:30am,GBP,Net Lending to Individuals m/m,Low,2.4B,2.8B,
2014-09-01,3:30am,GBP,M4 Money Supply m/m,Medium,0.5%,0.1%,
2014-09-01,3:30am,GBP,Mortgage Approvals,Medium,66K,67K,
2014-09-01,All Day,USD,Bank Holiday,Low,,,
2014-09-01,6:50pm,JPY,Monetary Base y/y,Medium,43.7%,42.7%,
2014-09-01,8:35pm,JPY,Average Cash Earnings y/y,Low,0.9%,1.0%,
2014-09-01,10:45pm,JPY,10-y Bond Auction,Medium,,0.52|4.3,
2014-09-02,2:00am,EUR,Spanish Unemployment Change,Low,25.5K,-29.8K,
2014-09-02,3:30am,GBP,Construction PMI,High,61.5,62.4,
2014-09-02,4:00am,EUR,PPI m/m,Medium,0.0%,0.2%,
2014-09-02,8:45am,USD,Final Manufacturing PMI,Medium,58.0,58.0,
2014-09-02,9:00am,USD,ISM Manufacturing PMI,High,57.0,57.1,
2014-09-02,9:00am,USD,Construction Spending m/m,Medium,0.9%,-0.9%,
2014-09-02,9:00am,USD,ISM Manufacturing Prices,Medium,59.0,59.5,
2014-09-02,9:00am,USD,RCM/TIPP Economic Optimism,Medium,46.2,44.5,
2014-09-02,6:01pm,GBP,BRC Shop Price Index y/y,Medium,,-1.9%,
2014-09-03,2:45am,EUR,Italian Services PMI,Low,51.7,52.8,
2014-09-03,2:50am,EUR,French Final Services PMI,Medium,51.1,51.1,
2014-09-03,2:55am,EUR,German Final Services PMI,Low,56.4,56.4,
2014-09-03,3:00am,EUR,Final Services PMI,Medium,53.5,53.5,
2014-09-03,3:30am,GBP,Final Services PMI,High,58.6,59.1,
2014-09-03,4:00am,EUR,Retail Sales m/m,Low,-0.3%,0.3%,
2014-09-03,9:00am,USD,Factory Orders m/m,Low,10.9%,1.5%,
2014-09-03,All Day,USD,Total Vehicle Sales,Medium,16.5M,16.5M,
2014-09-03,1:00pm,USD,Beige Book,Low,,,
2014-09-03,10:07pm,JPY,Monetary Policy Statement,High,,,
2014-09-04,1:31am,JPY,BOJ Press Conference,High,,,
2014-09-04,3:10am,EUR,Retail PMI,Medium,,47.6,
2014-09-04,3:40am,EUR,Spanish 10-y Bond Auction,Medium,,2.69|2.1,
2014-09-04,4:00am,EUR,French 10-y Bond Auction,Medium,,1.77|2.7,
2014-09-04,6:00am,GBP,Asset Purchase Facility,High,375B,375B,
2014-09-04,6:00am,GBP,Official Bank Rate,High,0.50%,0.50%,
2014-09-04,6:30am,USD,Challenger Job Cuts y/y,Medium,,24.4%,
2014-09-04,6:45am,EUR,Main Refinancing Rate,High,0.15%,0.15%,
2014-09-04,7:15am,USD,ADP Non-Farm Employment Change,High,218K,212K,
2014-09-04,7:30am,EUR,ECB Press Conference,High,,,
2014-09-04,7:30am,USD,Trade Balance,High,-42.5B,-40.8B,
2014-09-04,7:30am,USD,Unemployment Claims,High,298K,298K,
2014-09-04,7:30am,USD,Revised Nonfarm Productivity q/q,Low,2.5%,2.5%,
2014-09-04,7:30am,USD,Revised Unit Labor Costs q/q,Medium,0.6%,0.6%,
2014-09-04,8:45am,USD,Final Services PMI,Medium,58.5,58.5,
2014-09-04,9:00am,USD,ISM Services PMI,High,57.3,58.7,
2014-09-04,9:30am,USD,Natural Gas Storage,Medium,72B,75B,
2014-09-04,10:00am,USD,Crude Oil Inventories,Low,-0.9M,-2.1M,
2014-09-04,11:30am,USD,FOMC Member Mester Speaks,Low,,,
2014-09-04,6:00pm,USD,FOMC Member Powell Speaks,Low,,,
2014-09-04,7:15pm,USD,FOMC Member Fisher Speaks,Low,,,
2014-09-04,8:00pm,USD,FOMC Member Kocherlakota Speaks,Low,,,
2014-09-05,FriSep 5,JPY,Leading Indicators,Medium,107.2%,105.9%,
2014-09-05,1:00am,EUR,German Industrial Production m/m,Low,0.5%,0.4%,
2014-09-05,2:00am,CHF,Foreign Currency Reserves,Low,,453B,
2014-09-05,3:30am,GBP,Consumer Inflation Expectations,Medium,,2.6%,
2014-09-05,4:00am,EUR,Revised GDP q/q,Medium,0.0%,0.0%,
2014-09-05,7:30am,USD,Non-Farm Employment Change,High,226K,212K,
2014-09-05,7:30am,USD,Unemployment Rate,High,6.1%,6.2%,
2014-09-05,7:30am,USD,Average Hourly Earnings m/m,Low,0.2%,0.1%,
2014-09-07,6:50pm,JPY,Current Account,Low,0.18T,0.13T,
2014-09-07,6:50pm,JPY,Final GDP q/q,Low,-1.8%,-1.7%,
2014-09-07,6:50pm,JPY,Bank Lending y/y,Medium,,2.2%,
2014-09-07,6:55pm,JPY,Final GDP Price Index y/y,Medium,2.0%,2.0%,
2014-09-08,12:45am,CHF,Unemployment Rate,Medium,3.2%,3.2%,
2014-09-08,1:00am,EUR,German Trade Balance,Low,17.3B,16.4B,
2014-09-08,1:57am,GBP,Halifax HPI m/m,Low,0.2%,1.2%,
2014-09-08,2:15am,CHF,CPI m/m,Low,-0.1%,-0.4%,
2014-09-08,2:15am,CHF,Retail Sales y/y,Low,3.7%,3.3%,
2014-09-08,3:30am,EUR,Sentix Investor Confidence,Medium,3.2,2.7,
2014-09-08,7:45am,USD,Treasury Sec Lew Speaks,Low,,,
2014-09-08,2:00pm,USD,Consumer Credit m/m,Medium,17.4B,18.8B,
2014-09-08,6:01pm,GBP,BRC Retail Sales Monitor y/y,Medium,,-0.3%,
2014-09-08,6:50pm,JPY,Monetary Policy Meeting Minutes,Low,,,
2014-09-08,6:50pm,JPY,Tertiary Industry Activity m/m,Low,0.3%,0.0%,
2014-09-08,6:50pm,JPY,M2 Money Stock y/y,Medium,2.9%,3.0%,
2014-09-08,10:45pm,JPY,30-y Bond Auction,Medium,,1.68|4.1,
2014-09-09,12:58am,JPY,Prelim Machine Tool Orders y/y,Medium,,37.7%,
2014-09-09,1:45am,EUR,French Gov Budget Balance,Medium,,-59.4B,
2014-09-09,1:45am,EUR,French Trade Balance,Medium,-5.0B,-5.6B,
2014-09-09,3:30am,GBP,Manufacturing Production m/m,High,0.3%,0.3%,
2014-09-09,3:30am,GBP,Goods Trade Balance,Low,-9.1B,-9.4B,
2014-09-09,3:30am,GBP,Industrial Production m/m,Medium,0.2%,0.3%,
2014-09-09,5:45am,GBP,BOE Gov Carney Speaks,High,,,
2014-09-09,6:30am,USD,NFIB Small Business Index,Medium,95.9,95.7,
2014-09-09,8:55am,GBP,NIESR GDP Estimate,Low,,0.5%,
2014-09-09,9:00am,USD,JOLTS Job Openings,Low,4.72M,4.68M,
2014-09-09,9:00am,USD,FOMC Member Tarullo Speaks,Medium,,,
2014-09-09,12:00pm,GBP,MPC Member Haldane Speaks,Low,,,
2014-09-09,6:50pm,JPY,Core Machinery Orders m/m,Low,4.1%,8.8%,
2014-09-09,6:50pm,JPY,PPI y/y,Medium,4.1%,4.3%,
2014-09-10,1:45am,EUR,French Industrial Production m/m,Low,-0.4%,1.2%,
2014-09-10,4:33am,EUR,German 10-y Bond Auction,Low,,1.08|1.6,
2014-09-10,8:45am,GBP,Monetary Policy Report Hearings,High,,,
2014-09-10,9:00am,USD,Final Wholesale Inventories m/m,Medium,0.5%,0.2%,
2014-09-10,9:30am,USD,Crude Oil Inventories,Low,-1.0M,-0.9M,
2014-09-10,12:01pm,USD,10-y Bond Auction,Low,,2.44|2.8,
2014-09-10,6:01pm,GBP,RICS House Price Balance,Medium,47%,48%,
2014-09-10,6:50pm,JPY,BSI Manufacturing Index,Low,-10.3,-13.9,
2014-09-10,8:00pm,USD,President Obama Speaks,Medium,,,
2014-09-11,1:45am,EUR,French Final CPI m/m,Medium,0.4%,-0.3%,
2014-09-11,3:00am,EUR,ECB Monthly Bulletin,Low,,,
2014-09-11,4:34am,GBP,30-y Bond Auction,Medium,,3.53|1.8,
2014-09-11,7:30am,USD,Unemployment Claims,High,306K,304K,
2014-09-11,9:30am,USD,Natural Gas Storage,Medium,84B,79B,
2014-09-11,12:01pm,USD,30-y Bond Auction,Medium,,3.22|2.6,
2014-09-11,1:00pm,USD,Federal Budget Balance,Medium,-132.8B,-94.6B,
2014-09-11,2:00pm,EUR,ECB President Draghi Speaks,High,,,
2014-09-11,11:30pm,JPY,Revised Industrial Production m/m,Medium,0.2%,0.2%,
2014-09-12,1:05am,JPY,BOJ Gov Kuroda Speaks,High,,,
2014-09-12,3:00am,EUR,Italian Industrial Production m/m,Medium,-0.1%,0.8%,
2014-09-12,3:30am,GBP,Construction Output m/m,Low,0.7%,1.2%,
2014-09-12,4:00am,EUR,Industrial Production m/m,Low,0.6%,-0.3%,
2014-09-12,4:00am,EUR,Final Employment Change q/q,Medium,0.1%,0.1%,
2014-09-12,4:00am,GBP,CB Leading Index m/m,Medium,,0.6%,
2014-09-12,All Day,EUR,Eurogroup Meetings,Low,,,
2014-09-12,7:30am,USD,Core Retail Sales m/m,High,0.2%,0.3%,
2014-09-12,7:30am,USD,Retail Sales m/m,High,0.3%,0.3%,
2014-09-12,7:30am,USD,Import Prices m/m,Low,-0.8%,-0.3%,
2014-09-12,8:55am,USD,Prelim UoM Consumer Sentiment,High,83.2,82.5,
2014-09-12,8:55am,USD,Prelim UoM Inflation Expectations,Medium,,3.2%,
2014-09-12,9:00am,USD,Business Inventories m/m,Low,0.5%,0.4%,
2014-09-13,All Day,EUR,ECOFIN Meetings,Low,,,
2014-09-14,6:01pm,GBP,Rightmove HPI m/m,Medium,,-2.9%,
2014-09-14,All Day,JPY,Bank Holiday,Low,,,
2014-09-15,4:00am,EUR,Trade Balance,Medium,15.9B,13.8B,
2014-09-15,7:30am,USD,Empire State Manufacturing Index,Low,16.4,14.7,
2014-09-15,8:15am,USD,Capacity Utilization Rate,Low,79.3%,79.1%,
2014-09-15,8:15am,USD,Industrial Production m/m,Low,0.4%,0.2%,
2014-09-16,3:30am,GBP,CPI y/y,High,1.5%,1.6%,
2014-09-16,3:30am,GBP,PPI Input m/m,Low,0.1%,-1.7%,
2014-09-16,3:30am,GBP,RPI y/y,Low,2.5%,2.5%,
2014-09-16,3:30am,GBP,Core CPI y/y,Medium,1.8%,1.8%,
2014-09-16,3:30am,GBP,ONS HPI y/y,Medium,10.6%,10.2%,
2014-09-16,3:30am,GBP,PPI Output m/m,Medium,-0.1%,-0.1%,
2014-09-16,4:00am,EUR,German ZEW Economic Sentiment,High,5.2,8.6,
2014-09-16,4:00am,EUR,ZEW Economic Sentiment,Low,21.3,23.7,
2014-09-16,7:30am,USD,PPI m/m,High,0.1%,0.1%,
2014-09-16,7:30am,USD,Core PPI m/m,Low,0.1%,0.2%,
2014-09-16,3:00pm,USD,TIC Long-Term Purchases,Low,24.3B,-18.7B,
2014-09-17,3:00am,EUR,Italian Trade Balance,Medium,1.33B,3.24B,
2014-09-17,3:30am,GBP,Average Earnings Index 3m/y,High,0.5%,-0.1%,
2014-09-17,3:30am,GBP,Claimant Count Change,High,-29.7K,-37.4K,
2014-09-17,3:30am,GBP,MPC Asset Purchase Facility Votes,High,0-0-9,0-0-9,
2014-09-17,3:30am,GBP,MPC Official Bank Rate Votes,High,2-0-7,2-0-7,
2014-09-17,3:30am,GBP,Unemployment Rate,Low,6.3%,6.4%,
2014-09-17,4:00am,CHF,UBS Economic Expectations,Medium,,2.5,
2014-09-17,4:00am,EUR,Final CPI y/y,Low,0.3%,0.3%,
2014-09-17,4:00am,EUR,Final Core CPI y/y,Medium,0.9%,0.9%,
2014-09-17,7:30am,USD,Core CPI m/m,High,0.2%,0.1%,
2014-09-17,7:30am,USD,CPI m/m,High,0.1%,0.1%,
2014-09-17,7:30am,USD,CPI y/y,High,1.9%,2.0%,
2014-09-17,7:30am,USD,Current Account,Low,-114B,-102B,
2014-09-17,9:00am,USD,NAHB Housing Market Index,Low,56,55,
2014-09-17,9:30am,USD,Crude Oil Inventories,Low,-0.9M,-1.0M,
2014-09-17,1:00pm,USD,Federal Funds Rate,High,<0.25%,<0.25%,
2014-09-17,1:00pm,USD,FOMC Economic Projections,High,,,
2014-09-17,1:00pm,USD,FOMC Statement,High,,,
2014-09-17,1:30pm,USD,FOMC Press Conference,High,,,
2014-09-17,6:50pm,JPY,Trade Balance,Low,-0.99T,-1.02T,
2014-09-18,1:35am,JPY,BOJ Gov Kuroda Speaks,High,,,
2014-09-18,2:30am,CHF,Libor Rate,High,<0.25%,<0.25%,
2014-09-18,2:30am,CHF,SNB Monetary Policy Assessment,High,,,
2014-09-18,3:30am,GBP,Retail Sales m/m,High,0.4%,0.0%,
2014-09-18,4:20am,EUR,Long Term Refinancing Operation,High,,530B,
2014-09-18,5:00am,GBP,CBI Industrial Order Expectations,Low,9,11,
2014-09-18,All Day,GBP,Scottish Independence Vote,High,No,,
2014-09-18,7:30am,USD,Building Permits,High,1.04M,1.06M,
2014-09-18,7:30am,USD,Unemployment Claims,High,312K,316K,
2014-09-18,7:30am,USD,Housing Starts,Low,1.04M,1.12M,
2014-09-18,7:45am,USD,Fed Chair Yellen Speaks,High,,,
2014-09-18,9:00am,USD,Philly Fed Manufacturing Index,High,22.8,28.0,
2014-09-18,9:30am,USD,Natural Gas Storage,Medium,91B,92B,
2014-09-18,11:30pm,JPY,All Industries Activity m/m,Medium,0.4%,-0.3%,
2014-09-19,3:00am,EUR,Current Account,Medium,14.3B,18.6B,
2014-09-19,9:00am,USD,CB Leading Index m/m,Medium,0.4%,1.1%,
2014-09-22,8:00am,EUR,ECB President Draghi Speaks,High,,,
2014-09-22,9:00am,EUR,Consumer Confidence,Medium,-11,-10,
2014-09-22,9:00am,USD,FOMC Member Dudley Speaks,High,,,
2014-09-22,9:00am,USD,Existing Home Sales,Low,5.21M,5.14M,
2014-09-22,6:30pm,USD,FOMC Member Kocherlakota Speaks,Low,,,
2014-09-22,All Day,JPY,Bank Holiday,Low,,,
2014-09-23,TueSep 23,EUR,French Flash Services PMI,Low,50.2,50.3,
2014-09-23,2:30am,EUR,German Flash Manufacturing PMI,High,51.3,51.4,
2014-09-23,2:30am,EUR,German Flash Services PMI,Low,54.6,54.9,
2014-09-23,3:00am,EUR,Flash Manufacturing PMI,Low,50.6,50.7,
2014-09-23,3:00am,EUR,Flash Services PMI,Low,53.2,53.1,
2014-09-23,3:30am,GBP,High Street Lending,Low,42.9K,42.7K,
2014-09-23,3:30am,GBP,Public Sector Net Borrowing,Low,10.3B,-0.5B,
2014-09-23,8:00am,USD,HPI m/m,Medium,0.4%,0.3%,
2014-09-23,8:20am,USD,FOMC Member Powell Speaks,Low,,,
2014-09-23,8:45am,USD,Flash Manufacturing PMI,Medium,58.1,57.9,
2014-09-23,8:59am,USD,Richmond Manufacturing Index,Medium,10,12,
2014-09-23,1:00pm,USD,FOMC Member Kocherlakota Speaks,Low,,,
2014-09-23,8:35pm,JPY,Flash Manufacturing PMI,Medium,52.5,52.2,
2014-09-24,3:00am,EUR,German ifo Business Climate,High,105.9,106.3,
2014-09-24,8:00am,CHF,SNB Quarterly Bulletin,Medium,,,
2014-09-24,8:00am,EUR,Belgian NBB Business Climate,Medium,-7.1,-7.3,
2014-09-24,9:00am,USD,New Home Sales,High,432K,427K,
2014-09-24,9:30am,USD,Crude Oil Inventories,Low,0.7M,3.7M,
2014-09-24,11:05am,USD,FOMC Member Mester Speaks,Low,,,
2014-09-24,6:50pm,JPY,SPPI y/y,Medium,3.7%,3.4%,
2014-09-25,3:00am,EUR,M3 Money Supply y/y,Low,1.9%,1.8%,
2014-09-25,3:00am,EUR,Private Loans y/y,Low,-1.5%,-1.6%,
2014-09-25,5:00am,EUR,Italian Retail Sales m/m,Medium,0.2%,-0.1%,
2014-09-25,5:00am,GBP,CBI Realized Sales,Low,34,37,
2014-09-25,7:30am,USD,Core Durable Goods Orders m/m,High,0.7%,-0.7%,
2014-09-25,7:30am,USD,Durable Goods Orders m/m,High,-17.7%,22.6%,
2014-09-25,7:30am,USD,Unemployment Claims,High,294K,281K,
2014-09-25,7:40am,GBP,BOE Gov Carney Speaks,High,,,
2014-09-25,8:45am,USD,Flash Services PMI,Medium,59.4,59.5,
2014-09-25,9:30am,USD,Natural Gas Storage,Medium,98B,90B,
2014-09-25,6:30pm,JPY,Tokyo Core CPI y/y,Low,2.7%,2.7%,
2014-09-25,6:30pm,JPY,National Core CPI y/y,Medium,3.2%,3.3%,
2014-09-26,FriSep 26,EUR,German Import Prices m/m,Medium,-0.2%,-0.4%,
2014-09-26,7:30am,USD,Final GDP q/q,High,4.6%,4.2%,
2014-09-26,7:30am,USD,Final GDP Price Index q/q,Medium,2.1%,2.1%,
2014-09-26,8:55am,USD,Revised UoM Consumer Sentiment,Low,85.1,84.6,
2014-09-26,8:55am,USD,Revised UoM Inflation Expectations,Medium,,3.0%,
2014-09-29,2:00am,EUR,Spanish Flash CPI y/y,Low,-0.3%,-0.5%,
2014-09-29,3:30am,GBP,Net Lending to Individuals m/m,Low,3.1B,3.4B,
2014-09-29,3:30am,GBP,M4 Money Supply m/m,Medium,0.4%,0.2%,
2014-09-29,3:30am,GBP,Mortgage Approvals,Medium,66K,66K,
2014-09-29,4:21am,EUR,Italian 10-y Bond Auction,Low,,2.39|1.3,
2014-09-29,7:30am,USD,Core PCE Price Index m/m,Low,0.0%,0.1%,
2014-09-29,7:30am,USD,Personal Spending m/m,Low,0.5%,0.0%,
2014-09-29,7:30am,USD,Personal Income m/m,Medium,0.3%,0.2%,
2014-09-29,9:00am,USD,Pending Home Sales m/m,Low,-0.4%,3.2%,
2014-09-29,6:05pm,GBP,GfK Consumer Confidence,Medium,0,1,
2014-09-29,6:30pm,JPY,Household Spending y/y,Low,-3.5%,-5.9%,
2014-09-29,6:30pm,JPY,Unemployment Rate,Medium,3.8%,3.8%,
2014-09-29,6:50pm,JPY,Prelim Industrial Production m/m,Low,0.2%,0.4%,
2014-09-29,6:50pm,JPY,Retail Sales y/y,Low,0.4%,0.6%,
2014-09-29,8:30pm,JPY,Average Cash Earnings y/y,Low,1.1%,2.4%,
2014-09-30,1:00am,EUR,German Retail Sales m/m,Low,0.6%,-1.1%,
2014-09-30,1:00am,GBP,Nationwide HPI m/m,Low,0.6%,0.8%,
2014-09-30,Jul Data,EUR,French Consumer Spending m/m,Medium,-0.3%,0.8%,
2014-09-30,1:45am,EUR,French Consumer Spending m/m,Low,-0.2%,-0.7%,
2014-09-30,2:00am,CHF,KOF Economic Barometer,Low,99.1,99.6,
2014-09-30,2:55am,EUR,German Unemployment Change,Low,-2K,3K,
2014-09-30,3:00am,EUR,Italian Monthly Unemployment Rate,Medium,12.6%,12.6%,
2014-09-30,3:30am,GBP,Current Account,High,-16.9B,-20.5B,
2014-09-30,3:30am,GBP,Final GDP q/q,Low,0.8%,0.8%,
2014-09-30,3:30am,GBP,Index of Services 3m/3m,Medium,1.0%,1.1%,
2014-09-30,3:30am,GBP,Revised Business Investment q/q,Medium,4.0%,5.0%,
2014-09-30,4:00am,EUR,CPI Flash Estimate y/y,High,0.3%,0.4%,
2014-09-30,4:00am,EUR,Core CPI Flash Estimate y/y,Low,0.9%,0.9%,
2014-09-30,4:00am,EUR,Unemployment Rate,Low,11.5%,11.5%,
2014-09-30,4:00am,EUR,Italian Prelim CPI m/m,Medium,-0.3%,0.2%,
2014-09-30,8:00am,USD,S&P/CS Composite-20 HPI y/y,Medium,7.5%,8.1%,
2014-09-30,8:45am,USD,Chicago PMI,Low,61.6,64.3,
2014-09-30,9:00am,USD,CB Consumer Confidence,High,92.2,93.4,
2014-09-30,12:30pm,GBP,MPC Member Miles Speaks,Low,,,
2014-09-30,6:50pm,JPY,Tankan Manufacturing Index,Low,10,12,
2014-09-30,6:50pm,JPY,Tankan Non-Manufacturing Index,Low,17,19,
2014-09-30,8:35pm,JPY,Final Manufacturing PMI,Medium,51.7,51.7,
2014-10-01,2:15am,EUR,Spanish Manufacturing PMI,Low,52.3,52.8,
2014-10-01,2:30am,CHF,Manufacturing PMI,Medium,52.1,52.9,
2014-10-01,2:45am,EUR,Italian Manufacturing PMI,Low,49.4,49.8,
2014-10-01,2:50am,EUR,French Final Manufacturing PMI,Medium,48.8,48.8,
2014-10-01,2:55am,EUR,German Final Manufacturing PMI,Low,50.3,50.3,
2014-10-01,3:00am,EUR,Final Manufacturing PMI,Medium,50.5,50.5,
2014-10-01,3:30am,GBP,Final Manufacturing PMI,High,52.6,52.2,
2014-10-01,4:33am,EUR,German 10-y Bond Auction,Low,,1.05|1.4,
2014-10-01,7:15am,USD,ADP Non-Farm Employment Change,High,207K,202K,
2014-10-01,8:45am,USD,Final Manufacturing PMI,Medium,58.0,57.9,
2014-10-01,9:00am,USD,ISM Manufacturing PMI,High,58.6,59.0,
2014-10-01,9:00am,USD,Construction Spending m/m,Medium,0.5%,1.2%,
2014-10-01,9:00am,USD,ISM Manufacturing Prices,Medium,56.8,58.0,
2014-10-01,9:30am,USD,Crude Oil Inventories,Low,0.6M,-4.3M,
2014-10-01,All Day,USD,Total Vehicle Sales,Medium,16.9M,17.5M,
2014-10-01,12:30pm,GBP,MPC Member Forbes Speaks,Low,,,
2014-10-01,6:50pm,JPY,Monetary Base y/y,Medium,38.9%,40.5%,
2014-10-01,10:45pm,JPY,10-y Bond Auction,Medium,,0.52|3.6,
2014-10-02,2:00am,EUR,Spanish Unemployment Change,Low,31.3K,8.1K,
2014-10-02,3:30am,GBP,Construction PMI,High,63.7,64.0,
2014-10-02,3:30am,GBP,FPC Statement,Low,,,
2014-10-02,3:42am,EUR,Spanish 10-y Bond Auction,Medium,,2.27|1.8,
2014-10-02,3:58am,EUR,French 10-y Bond Auction,Medium,,1.32|2.8,
2014-10-02,4:00am,EUR,PPI m/m,Medium,-0.2%,-0.2%,
2014-10-02,6:30am,USD,Challenger Job Cuts y/y,Medium,,-20.7%,
2014-10-02,6:45am,EUR,Main Refinancing Rate,High,0.05%,0.05%,
2014-10-02,7:30am,EUR,ECB Press Conference,High,,,
2014-10-02,7:30am,USD,Unemployment Claims,High,299K,295K,
2014-10-02,9:00am,USD,Factory Orders m/m,Low,-9.4%,10.5%,
2014-10-02,9:30am,USD,Natural Gas Storage,Medium,107B,97B,
2014-10-03,2:15am,EUR,Spanish Services PMI,Low,56.9,58.1,
2014-10-03,2:45am,EUR,Italian Services PMI,Low,49.6,49.8,
2014-10-03,2:50am,EUR,French Final Services PMI,Medium,49.4,49.4,
2014-10-03,2:55am,EUR,German Final Services PMI,Low,55.4,55.4,
2014-10-03,3:00am,EUR,Final Services PMI,Medium,52.8,52.8,
2014-10-03,3:30am,GBP,Final Services PMI,High,59.1,60.5,
2014-10-03,4:00am,EUR,Retail Sales m/m,Low,0.1%,-0.4%,
2014-10-03,7:30am,USD,Non-Farm Employment Change,High,216K,180K,
2014-10-03,7:30am,USD,Trade Balance,High,-41.0B,-40.3B,
2014-10-03,7:30am,USD,Unemployment Rate,High,6.1%,6.1%,
2014-10-03,7:30am,USD,Average Hourly Earnings m/m,Low,0.2%,0.3%,
2014-10-03,8:45am,USD,Final Services PMI,Medium,58.5,58.5,
2014-10-03,9:00am,USD,ISM Services PMI,High,58.5,59.6,
2014-10-06,3:10am,EUR,Retail PMI,Medium,,45.8,
2014-10-06,3:30am,EUR,Sentix Investor Confidence,Medium,-11.8,-9.8,
2014-10-06,3:30am,GBP,Housing Equity Withdrawal q/q,Medium,-11.3B,-11.5B,
2014-10-06,9:00am,USD,Labor Market Conditions Index m/m,Medium,,,
2014-10-06,11:54pm,JPY,Monetary Policy Statement,High,,,
2014-10-07,1:00am,EUR,German Industrial Production m/m,Medium,-1.4%,1.6%,
2014-10-07,1:32am,JPY,BOJ Press Conference,High,,,
2014-10-07,1:45am,EUR,French Gov Budget Balance,Medium,,-84.1B,
2014-10-07,2:00am,CHF,Foreign Currency Reserves,Low,,454B,
2014-10-07,2:15am,CHF,CPI m/m,Low,0.2%,0.0%,
2014-10-07,2:15am,CHF,Retail Sales y/y,Low,0.8%,-0.3%,
2014-10-07,3:30am,GBP,Manufacturing Production m/m,High,0.2%,0.3%,
2014-10-07,3:30am,GBP,BOE Credit Conditions Survey,Low,,,
2014-10-07,3:30am,GBP,Industrial Production m/m,Medium,0.2%,0.4%,
2014-10-07,4:34am,GBP,30-y Bond Auction,Medium,,3.17|2.0,
2014-10-07,8:50am,GBP,NIESR GDP Estimate,Low,,0.8%,
2014-10-07,9:00am,USD,JOLTS Job Openings,Low,4.71M,4.61M,
2014-10-07,9:00am,USD,RCM/TIPP Economic Optimism,Medium,46.3,45.2,
2014-10-07,12:20pm,USD,FOMC Member Kocherlakota Speaks,Low,,,
2014-10-07,2:00pm,USD,FOMC Member Dudley Speaks,Low,,,
2014-10-07,2:00pm,USD,Consumer Credit m/m,Medium,20.3B,21.6B,
2014-10-07,6:01pm,GBP,BRC Shop Price Index y/y,Medium,,-1.6%,
2014-10-07,6:50pm,JPY,Current Account,Low,0.19T,0.10T,
2014-10-08,WedOct 8,JPY,Economy Watchers Sentiment,Medium,48.2,47.4,
2014-10-08,12:45am,CHF,Unemployment Rate,Medium,3.1%,3.2%,
2014-10-08,2:05am,GBP,Halifax HPI m/m,Low,0.2%,0.0%,
2014-10-08,9:30am,USD,Crude Oil Inventories,Low,2.1M,-1.4M,
2014-10-08,12:01pm,USD,10-y Bond Auction,Low,,2.54|2.7,
2014-10-08,1:00pm,USD,FOMC Meeting Minutes,High,,,
2014-10-08,6:01pm,GBP,RICS House Price Balance,Medium,38%,39%,
2014-10-08,6:50pm,JPY,Core Machinery Orders m/m,Low,1.1%,3.5%,
2014-10-09,ThuOct 9,JPY,Prelim Machine Tool Orders y/y,Medium,,35.5%,
2014-10-09,1:45am,EUR,French Trade Balance,Medium,-5.7B,-5.5B,
2014-10-09,3:00am,EUR,ECB Monthly Bulletin,Medium,,,
2014-10-09,6:00am,GBP,Asset Purchase Facility,High,375B,375B,
2014-10-09,6:00am,GBP,Official Bank Rate,High,0.50%,0.50%,
2014-10-09,7:30am,USD,Unemployment Claims,High,291K,288K,
2014-10-09,9:00am,USD,Final Wholesale Inventories m/m,Medium,0.3%,0.3%,
2014-10-09,9:30am,USD,Natural Gas Storage,Medium,108B,112B,
2014-10-09,10:00am,EUR,ECB President Draghi Speaks,High,,,
2014-10-09,12:01pm,USD,30-y Bond Auction,Medium,,3.24|2.7,
2014-10-09,12:10pm,USD,FOMC Member Tarullo Speaks,Medium,,,
2014-10-09,12:30pm,USD,FOMC Member Fischer Speaks,Low,,,
2014-10-09,6:50pm,JPY,Monetary Policy Meeting Minutes,Low,,,
2014-10-09,6:50pm,JPY,Tertiary Industry Activity m/m,Low,0.2%,-0.3%,
2014-10-09,6:50pm,JPY,Bank Lending y/y,Medium,,2.2%,
2014-10-10,1:45am,EUR,French Industrial Production m/m,Low,-0.2%,0.3%,
2014-10-10,3:00am,EUR,Italian Industrial Production m/m,Medium,0.6%,-1.0%,
2014-10-10,3:30am,GBP,Goods Trade Balance,Low,-9.6B,-10.4B,
2014-10-10,3:30am,GBP,Construction Output m/m,Medium,0.5%,1.9%,
2014-10-10,3:30am,GBP,FPC Meeting Minutes,Medium,,,
2014-10-10,4:00am,GBP,CB Leading Index m/m,Medium,,0.1%,
2014-10-10,7:30am,USD,Import Prices m/m,Low,-0.5%,-0.6%,
2014-10-10,8:00am,USD,FOMC Member Plosser Speaks,Low,,,
2014-10-10,2:30pm,USD,FOMC Member Fisher Speaks,Low,,,
2014-10-11,11:00am,EUR,ECB President Draghi Speaks,High,,,
2014-10-11,4:00pm,USD,FOMC Member Fischer Speaks,Low,,,
2014-10-12,All Day,JPY,Bank Holiday,Low,,,
2014-10-13,All Day,EUR,Eurogroup Meetings,Low,,,
2014-10-13,All Day,USD,Bank Holiday,Low,,,
2014-10-13,6:01pm,GBP,BRC Retail Sales Monitor y/y,Medium,,1.3%,
2014-10-13,6:50pm,JPY,M2 Money Stock y/y,Medium,2.9%,3.0%,
2014-10-13,6:50pm,JPY,PPI y/y,Medium,3.6%,3.9%,
2014-10-14,2:15am,CHF,PPI m/m,Low,0.3%,-0.2%,
2014-10-14,3:30am,GBP,CPI y/y,High,1.4%,1.5%,
2014-10-14,3:30am,GBP,PPI Input m/m,Low,-0.4%,-1.2%,
2014-10-14,3:30am,GBP,RPI y/y,Low,2.3%,2.4%,
2014-10-14,3:30am,GBP,Core CPI y/y,Medium,1.8%,1.9%,
2014-10-14,3:30am,GBP,ONS HPI y/y,Medium,12.3%,11.7%,
2014-10-14,3:30am,GBP,PPI Output m/m,Medium,-0.1%,-0.1%,
2014-10-14,4:00am,EUR,German ZEW Economic Sentiment,High,0.2,6.9,
2014-10-14,4:00am,EUR,Industrial Production m/m,Low,-1.5%,0.9%,
2014-10-14,4:00am,EUR,ZEW Economic Sentiment,Low,7.1,14.2,
2014-10-14,All Day,EUR,ECOFIN Meetings,Low,,,
2014-10-14,6:30am,USD,NFIB Small Business Index,Medium,97.2,96.1,
2014-10-14,10:45pm,JPY,30-y Bond Auction,Medium,,1.68|3.6,
2014-10-14,11:30pm,JPY,Revised Industrial Production m/m,Medium,-1.5%,-1.5%,
2014-10-15,2:00am,EUR,ECB President Draghi Speaks,High,,,
2014-10-15,3:30am,GBP,Average Earnings Index 3m/y,High,0.7%,0.6%,
2014-10-15,3:30am,GBP,Claimant Count Change,High,-34.2K,-33.2K,
2014-10-15,3:30am,GBP,Unemployment Rate,Low,6.1%,6.2%,
2014-10-15,4:00am,CHF,UBS Economic Expectations,Medium,,-7.7,
2014-10-15,7:30am,USD,Core Retail Sales m/m,High,0.2%,0.3%,
2014-10-15,7:30am,USD,PPI m/m,High,0.1%,0.0%,
2014-10-15,7:30am,USD,Retail Sales m/m,High,-0.1%,0.6%,
2014-10-15,7:30am,USD,Core PPI m/m,Low,0.1%,0.1%,
2014-10-15,7:30am,USD,Empire State Manufacturing Index,Low,20.3,27.5,
2014-10-15,9:00am,USD,Business Inventories m/m,Low,0.4%,0.4%,
2014-10-15,9:55am,USD,Federal Budget Balance,Medium,82.3B,-128.7B,
2014-10-15,1:00pm,EUR,ECB President Draghi Speaks,High,,,
2014-10-15,1:00pm,USD,Beige Book,Low,,,
2014-10-15,3:30pm,USD,Treasury Currency Report,Low,,,
2014-10-16,3:00am,EUR,Italian Trade Balance,Medium,3.24B,6.92B,
2014-10-16,3:56am,EUR,Spanish 10-y Bond Auction,Low,,2.08|1.5,
2014-10-16,4:00am,EUR,Final CPI y/y,Low,0.3%,0.3%,
2014-10-16,4:00am,EUR,Final Core CPI y/y,Medium,0.7%,0.7%,
2014-10-16,4:00am,EUR,Trade Balance,Medium,13.5B,12.7B,
2014-10-16,7:00am,USD,FOMC Member Plosser Speaks,Low,,,
2014-10-16,7:30am,USD,Unemployment Claims,High,286K,287K,
2014-10-16,8:15am,USD,Industrial Production m/m,High,0.4%,-0.2%,
2014-10-16,8:15am,USD,Capacity Utilization Rate,Low,79.0%,78.7%,
2014-10-16,8:59am,USD,Philly Fed Manufacturing Index,High,19.9,22.5,
2014-10-16,9:00am,USD,FOMC Member Kocherlakota Speaks,Low,,,
2014-10-16,9:00am,USD,NAHB Housing Market Index,Low,59,59,
2014-10-16,9:30am,USD,Natural Gas Storage,Medium,91B,105B,
2014-10-16,10:00am,USD,Crude Oil Inventories,Low,2.3M,5.0M,
2014-10-16,3:00pm,USD,TIC Long-Term Purchases,Medium,23.3B,-18.6B,
2014-10-17,7:30am,USD,Building Permits,High,1.04M,1.00M,
2014-10-17,7:30am,USD,Fed Chair Yellen Speaks,High,,,
2014-10-17,7:30am,USD,Housing Starts,Low,1.02M,0.96M,
2014-10-17,8:55am,USD,Prelim UoM Consumer Sentiment,High,84.3,84.6,
2014-10-17,8:55am,USD,Prelim UoM Inflation Expectations,Medium,,3.0%,
2014-10-19,6:01pm,GBP,Rightmove HPI m/m,Medium,,0.9%,
2014-10-20,3:00am,EUR,Current Account,Medium,21.3B,21.6B,
2014-10-20,5:00am,EUR,German Buba Monthly Report,Low,,,
2014-10-20,9:00am,USD,FOMC Member Powell Speaks,Low,,,
2014-10-20,3:30pm,USD,FOMC Member Dudley Speaks,Low,,,
2014-10-20,11:30pm,JPY,All Industries Activity m/m,Medium,-0.3%,-0.4%,
2014-10-21,3:30am,GBP,Public Sector Net Borrowing,Low,9.3B,11.0B,
2014-10-21,4:35am,GBP,10-y Bond Auction,Medium,,2.57|1.7,
2014-10-21,9:00am,USD,Existing Home Sales,Low,5.11M,5.05M,
2014-10-21,6:50pm,JPY,Trade Balance,Low,-0.91T,-0.91T,
2014-10-22,WedOct 22,GBP,MPC Official Bank Rate Votes,High,2-0-7,2-0-7,
2014-10-22,4:37am,EUR,German 30-y Bond Auction,Medium,,2.25|1.1,
2014-10-22,7:30am,USD,Core CPI m/m,High,0.2%,0.0%,
2014-10-22,7:30am,USD,CPI m/m,High,0.0%,-0.2%,
2014-10-22,7:30am,USD,CPI y/y,High,1.6%,1.7%,
2014-10-22,9:30am,USD,Crude Oil Inventories,Low,2.8M,8.9M,
2014-10-22,2:00pm,GBP,MPC Member Weale Speaks,Low,,,
2014-10-22,8:35pm,JPY,Flash Manufacturing PMI,Medium,52.1,51.7,
2014-10-23,ThuOct 23,EUR,French Flash Services PMI,Low,48.2,48.4,
2014-10-23,ThuOct 23,EUR,Spanish Unemployment Rate,Low,24.1%,24.5%,
2014-10-23,2:30am,EUR,German Flash Manufacturing PMI,High,49.6,49.9,
2014-10-23,2:30am,EUR,German Flash Services PMI,Low,55.0,55.7,
2014-10-23,3:00am,EUR,Flash Manufacturing PMI,Low,50.0,50.3,
2014-10-23,3:00am,EUR,Flash Services PMI,Low,52.0,52.4,
2014-10-23,3:10am,GBP,MPC Member Broadbent Speaks,Low,,,
2014-10-23,3:30am,GBP,Retail Sales m/m,High,-0.1%,0.4%,
2014-10-23,3:30am,GBP,High Street Lending,Low,41.5K,41.4K,
2014-10-23,Day 1,EUR,EU Economic Summit,Low,,,
2014-10-23,5:00am,GBP,CBI Industrial Order Expectations,Low,-3,-4,
2014-10-23,7:30am,USD,Unemployment Claims,High,269K,266K,
2014-10-23,8:00am,USD,HPI m/m,Medium,0.4%,0.2%,
2014-10-23,8:45am,USD,Flash Manufacturing PMI,Low,57.2,57.5,
2014-10-23,9:00am,EUR,Consumer Confidence,Medium,-12,-11,
2014-10-23,9:00am,USD,CB Leading Index m/m,Medium,0.8%,0.0%,
2014-10-23,9:30am,USD,Natural Gas Storage,Medium,97B,94B,
2014-10-24,3:00am,EUR,Italian Retail Sales m/m,Medium,0.2%,-0.1%,
2014-10-24,3:30am,GBP,Prelim GDP q/q,High,0.7%,0.9%,
2014-10-24,3:30am,GBP,Index of Services 3m/3m,Medium,0.9%,1.0%,
2014-10-24,Day 2,EUR,EU Economic Summit,Low,,,
2014-10-24,7:59am,EUR,Belgian NBB Business Climate,Medium,-7.8,-7.2,
2014-10-24,9:00am,USD,New Home Sales,High,473K,466K,
2014-10-25,SatOct 25,EUR,Daylight Saving Time Shift,Low,,,
2014-10-25,SatOct 25,GBP,Daylight Saving Time Shift,Low,,,
2014-10-26,SunOct 26,EUR,ECB Stress Test Results,High,,,
2014-10-26,6:50pm,JPY,SPPI y/y,Medium,3.5%,3.5%,
2014-10-27,MonOct 27,EUR,M3 Money Supply y/y,Low,2.2%,2.1%,
2014-10-27,MonOct 27,EUR,Private Loans y/y,Low,-1.3%,-1.5%,
2014-10-27,6:00am,GBP,CBI Realized Sales,Low,29,31,
2014-10-27,8:45am,USD,Flash Services PMI,Medium,57.9,58.9,
2014-10-27,9:00am,USD,Pending Home Sales m/m,Low,1.1%,-1.0%,
2014-10-27,1:30pm,GBP,MPC Member Shafik Speaks,Low,,,
2014-10-27,6:50pm,JPY,Retail Sales y/y,Low,0.9%,1.2%,
2014-10-28,7:30am,USD,Core Durable Goods Orders m/m,High,0.5%,0.4%,
2014-10-28,7:30am,USD,Durable Goods Orders m/m,Low,0.4%,-18.4%,
2014-10-28,8:00am,USD,S&P/CS Composite-20 HPI y/y,Medium,5.7%,6.7%,
2014-10-28,8:59am,USD,Richmond Manufacturing Index,Medium,11,14,
2014-10-28,9:00am,USD,CB Consumer Confidence,High,87.4,89.0,
2014-10-28,12:30pm,GBP,MPC Member Cunliffe Speaks,Low,,,
2014-10-28,6:50pm,JPY,Prelim Industrial Production m/m,Low,2.3%,-1.9%,
2014-10-29,WedOct 29,GBP,M4 Money Supply m/m,Medium,0.5%,0.3%,
2014-10-29,WedOct 29,GBP,Mortgage Approvals,Medium,63K,64K,
2014-10-29,5:33am,EUR,German 10-y Bond Auction,Low,,0.93|1.1,
2014-10-29,9:30am,USD,Crude Oil Inventories,Low,3.3M,7.1M,
2014-10-29,12:30pm,GBP,MPC Member Haldane Speaks,Low,,,
2014-10-29,1:00pm,USD,Federal Funds Rate,High,<0.25%,<0.25%,
2014-10-29,1:00pm,USD,FOMC Statement,High,,,
2014-10-30,ThuOct 30,GBP,Nationwide HPI m/m,Low,0.4%,-0.1%,
2014-10-30,All Day,EUR,German Prelim CPI m/m,High,-0.1%,0.0%,
2014-10-30,2:45am,GBP,MPC Member Cunliffe Speaks,Low,,,
2014-10-30,3:00am,CHF,KOF Economic Barometer,Low,99.2,99.3,
2014-10-30,3:00am,EUR,Spanish Flash CPI y/y,Low,0.0%,-0.2%,
2014-10-30,3:00am,EUR,Spanish Flash GDP q/q,Low,0.5%,0.6%,
2014-10-30,3:55am,EUR,German Unemployment Change,Low,4K,9K,
2014-10-30,5:22am,EUR,Italian 10-y Bond Auction,Low,,2.45|1.3,
2014-10-30,7:30am,USD,Advance GDP q/q,High,3.1%,4.6%,
2014-10-30,7:30am,USD,Unemployment Claims,High,284K,284K,
2014-10-30,7:30am,USD,Advance GDP Price Index q/q,Low,2.0%,2.1%,
2014-10-30,8:00am,USD,Fed Chair Yellen Speaks,High,,,
2014-10-30,9:30am,USD,Natural Gas Storage,Medium,83B,94B,
2014-10-30,6:30pm,JPY,Household Spending y/y,Low,-4.0%,-4.7%,
2014-10-30,6:30pm,JPY,Tokyo Core CPI y/y,Low,2.5%,2.6%,
2014-10-30,6:30pm,JPY,National Core CPI y/y,Medium,3.0%,3.1%,
2014-10-30,6:30pm,JPY,Unemployment Rate,Medium,3.6%,3.5%,
2014-10-30,7:05pm,GBP,GfK Consumer Confidence,Medium,-1,-1,
2014-10-30,11:44pm,JPY,Monetary Policy Statement,High,,,
2014-10-31,1:00am,JPY,BOJ Outlook Report,Low,,,
2014-10-31,1:31am,JPY,BOJ Press Conference,High,,,
2014-10-31,2:00am,EUR,German Retail Sales m/m,Low,-0.8%,1.5%,
2014-10-31,2:45am,EUR,French Consumer Spending m/m,Low,-0.3%,0.9%,
2014-10-31,4:00am,EUR,Italian Monthly Unemployment Rate,Medium,12.4%,12.5%,
2014-10-31,5:00am,EUR,CPI Flash Estimate y/y,High,0.4%,0.3%,
2014-10-31,5:00am,EUR,Core CPI Flash Estimate y/y,Low,0.8%,0.8%,
2014-10-31,5:00am,EUR,Unemployment Rate,Low,11.5%,11.5%,
2014-10-31,5:00am,EUR,Italian Prelim CPI m/m,Medium,-0.1%,-0.4%,
2014-10-31,7:30am,USD,Core PCE Price Index m/m,Low,0.1%,0.1%,
2014-10-31,7:30am,USD,Employment Cost Index q/q,Low,0.6%,0.7%,
2014-10-31,7:30am,USD,Personal Spending m/m,Low,0.2%,0.5%,
2014-10-31,7:30am,USD,Personal Income m/m,Medium,0.3%,0.3%,
2014-10-31,8:45am,USD,Chicago PMI,Low,60.2,60.5,
2014-10-31,8:55am,USD,Revised UoM Consumer Sentiment,Low,86.4,86.4,
2014-10-31,8:55am,USD,Revised UoM Inflation Expectations,Medium,,2.8%,
2014-11-02,SunNov 2,USD,Daylight Saving Time Shift,Low,,,
2014-11-02,All Day,JPY,Bank Holiday,Low,,,
2014-11-03,2:30am,CHF,Manufacturing PMI,Medium,51.3,50.4,
2014-11-03,2:45am,EUR,Italian Manufacturing PMI,Low,50.6,50.7,
2014-11-03,2:50am,EUR,French Final Manufacturing PMI,Medium,47.3,47.3,
2014-11-03,2:55am,EUR,German Final Manufacturing PMI,Low,51.8,51.8,
2014-11-03,3:00am,EUR,Final Manufacturing PMI,Medium,50.7,50.7,
2014-11-03,3:30am,GBP,Final Manufacturing PMI,High,51.5,51.5,
2014-11-03,8:45am,USD,Final Manufacturing PMI,Medium,56.1,56.2,
2014-11-03,9:00am,USD,ISM Manufacturing PMI,High,56.5,56.6,
2014-11-03,9:00am,USD,Construction Spending m/m,Medium,0.8%,-0.5%,
2014-11-03,9:00am,USD,ISM Manufacturing Prices,Medium,58.3,59.5,
2014-11-03,All Day,USD,Total Vehicle Sales,Medium,16.6M,16.4M,
2014-11-03,1:00pm,USD,Loan Officer Survey,Medium,,,
2014-11-03,7:35pm,JPY,Final Manufacturing PMI,Medium,52.8,52.8,
2014-11-04,3:30am,GBP,Construction PMI,High,63.5,64.2,
2014-11-04,4:00am,EUR,EU Economic Forecasts,Low,,,
2014-11-04,4:00am,EUR,PPI m/m,Medium,0.0%,-0.2%,
2014-11-04,7:30am,USD,Trade Balance,High,-40.0B,-40.0B,
2014-11-04,9:00am,USD,Factory Orders m/m,Low,-0.4%,-10.0%,
2014-11-04,9:00am,USD,RCM/TIPP Economic Optimism,Medium,46.6,45.2,
2014-11-04,All Day,USD,Congressional Elections,Low,,,
2014-11-04,5:50pm,JPY,Monetary Base y/y,Medium,36.2%,35.3%,
2014-11-04,6:01pm,GBP,BRC Shop Price Index y/y,Medium,,-1.8%,
2014-11-04,7:30pm,JPY,Average Cash Earnings y/y,Low,0.9%,0.9%,
2014-11-04,8:30pm,JPY,BOJ Gov Kuroda Speaks,High,,,
2014-11-04,9:45pm,JPY,10-y Bond Auction,Medium,,0.52|3.5,
2014-11-05,WedNov 5,EUR,Spanish Services PMI,Low,56.2,55.8,
2014-11-05,2:45am,EUR,Italian Services PMI,Low,49.6,48.8,
2014-11-05,2:50am,EUR,French Final Services PMI,Medium,48.1,48.1,
2014-11-05,2:55am,EUR,German Final Services PMI,Low,54.8,54.8,
2014-11-05,3:00am,EUR,Final Services PMI,Medium,52.4,52.4,
2014-11-05,3:30am,GBP,Final Services PMI,High,58.5,58.7,
2014-11-05,4:00am,EUR,Retail Sales m/m,Low,-0.6%,0.9%,
2014-11-05,7:15am,USD,ADP Non-Farm Employment Change,High,214K,225K,
2014-11-05,8:15am,USD,FOMC Member Kocherlakota Speaks,Low,,,
2014-11-05,8:45am,USD,Final Services PMI,Medium,57.3,57.3,
2014-11-05,9:00am,USD,ISM Services PMI,High,58.2,58.6,
2014-11-05,9:30am,USD,Crude Oil Inventories,Low,1.8M,2.1M,
2014-11-05,5:50pm,JPY,Monetary Policy Meeting Minutes,Low,,,
2014-11-05,11:00pm,JPY,Leading Indicators,Medium,105.5%,104.4%,
2014-11-06,1:00am,EUR,German Factory Orders m/m,Low,2.2%,-4.2%,
2014-11-06,1:59am,GBP,Halifax HPI m/m,Low,0.5%,0.4%,
2014-11-06,3:10am,EUR,Retail PMI,Medium,,44.8,
2014-11-06,All Day,EUR,Eurogroup Meetings,Low,,,
2014-11-06,3:30am,GBP,Manufacturing Production m/m,High,0.3%,0.2%,
2014-11-06,3:30am,GBP,Industrial Production m/m,Medium,0.5%,-0.1%,
2014-11-06,3:46am,EUR,Spanish 10-y Bond Auction,Low,,2.20|1.6,
2014-11-06,4:00am,EUR,French 10-y Bond Auction,Medium,,1.23|2.0,
2014-11-06,6:00am,GBP,Asset Purchase Facility,High,375B,375B,
2014-11-06,6:00am,GBP,Official Bank Rate,High,0.50%,0.50%,
2014-11-06,6:30am,USD,Challenger Job Cuts y/y,Medium,,-24.4%,
2014-11-06,6:45am,EUR,Main Refinancing Rate,High,0.05%,0.05%,
2014-11-06,7:30am,EUR,ECB Press Conference,High,,,
2014-11-06,7:30am,USD,Unemployment Claims,High,285K,288K,
2014-11-06,7:30am,USD,Prelim Nonfarm Productivity q/q,Low,0.9%,2.3%,
2014-11-06,7:30am,USD,Prelim Unit Labor Costs q/q,Low,1.0%,-0.1%,
2014-11-06,9:00am,GBP,NIESR GDP Estimate,Low,,0.7%,
2014-11-06,9:30am,USD,Natural Gas Storage,Medium,86B,87B,
2014-11-06,12:30pm,USD,FOMC Member Powell Speaks,Low,,,
2014-11-06,6:05pm,USD,FOMC Member Mester Speaks,Low,,,
2014-11-07,1:00am,EUR,German Industrial Production m/m,Medium,2.1%,-3.1%,
2014-11-07,1:00am,EUR,German Trade Balance,Medium,18.3B,17.5B,
2014-11-07,1:45am,EUR,French Industrial Production m/m,Low,-0.1%,-0.2%,
2014-11-07,1:45am,EUR,French Gov Budget Balance,Medium,,-94.1B,
2014-11-07,1:45am,EUR,French Trade Balance,Medium,-5.2B,-5.0B,
2014-11-07,2:00am,CHF,Foreign Currency Reserves,Low,,462B,
2014-11-07,2:15am,CHF,Retail Sales y/y,Low,2.2%,1.4%,
2014-11-07,3:30am,GBP,Goods Trade Balance,Low,-9.4B,-9.0B,
2014-11-07,4:15am,GBP,BOE Gov Carney Speaks,High,,,
2014-11-07,All Day,EUR,ECOFIN Meetings,Low,,,
2014-11-07,7:30am,USD,Non-Farm Employment Change,High,235K,256K,
2014-11-07,7:30am,USD,Unemployment Rate,High,5.9%,5.9%,
2014-11-07,7:30am,USD,Average Hourly Earnings m/m,Low,0.2%,0.0%,
2014-11-07,9:15am,USD,Fed Chair Yellen Speaks,High,,,
2014-11-07,1:30pm,USD,FOMC Member Tarullo Speaks,Medium,,,
2014-11-07,2:00pm,USD,Consumer Credit m/m,Medium,16.6B,14.0B,
2014-11-10,3:30am,EUR,Sentix Investor Confidence,Medium,-6.9,-13.7,
2014-11-10,9:01am,USD,Labor Market Conditions Index m/m,Medium,,4.0,
2014-11-10,5:50pm,JPY,Current Account,Low,0.03T,0.13T,
2014-11-10,5:50pm,JPY,Bank Lending y/y,Medium,,2.3%,
2014-11-10,6:01pm,GBP,BRC Retail Sales Monitor y/y,Medium,,-2.1%,
2014-11-10,9:45pm,JPY,30-y Bond Auction,Medium,,1.63|2.6,
2014-11-10,11:00pm,JPY,Consumer Confidence,Medium,40.6,39.9,
2014-11-11,TueNov 11,JPY,Prelim Machine Tool Orders y/y,Medium,,34.7%,
2014-11-11,All Day,EUR,French Bank Holiday,Low,,,
2014-11-11,6:30am,USD,NFIB Small Business Index,Medium,95.1,95.3,
2014-11-11,All Day,USD,Bank Holiday,Low,,,
2014-11-11,5:50pm,JPY,Tertiary Industry Activity m/m,Low,0.9%,-0.1%,
2014-11-11,5:50pm,JPY,M2 Money Stock y/y,Medium,2.5%,3.1%,
2014-11-12,2:00am,USD,FOMC Member Plosser Speaks,Low,,,
2014-11-12,3:30am,GBP,Average Earnings Index 3m/y,High,0.9%,0.7%,
2014-11-12,3:30am,GBP,Claimant Count Change,High,-24.9K,-18.4K,
2014-11-12,3:30am,GBP,Unemployment Rate,Low,5.9%,6.0%,
2014-11-12,4:00am,EUR,Industrial Production m/m,Low,0.6%,-1.4%,
2014-11-12,4:00am,GBP,CB Leading Index m/m,Medium,,0.4%,
2014-11-12,4:30am,GBP,BOE Gov Carney Speaks,High,,,
2014-11-12,4:30am,GBP,BOE Monetary Policy Report,High,,,
2014-11-12,9:00am,USD,Final Wholesale Inventories m/m,Medium,0.3%,0.6%,
2014-11-12,11:00am,USD,FOMC Member Kocherlakota Speaks,Low,,,
2014-11-12,12:01pm,USD,10-y Bond Auction,Low,,2.38|2.5,
2014-11-12,5:50pm,JPY,Core Machinery Orders m/m,Low,-1.0%,4.7%,
2014-11-12,5:50pm,JPY,PPI y/y,Medium,3.4%,3.6%,
2014-11-12,6:01pm,GBP,RICS House Price Balance,Medium,25%,30%,
2014-11-12,10:30pm,JPY,Revised Industrial Production m/m,Medium,2.7%,2.7%,
2014-11-13,1:45am,EUR,French Final CPI m/m,Medium,-0.1%,-0.4%,
2014-11-13,2:15am,CHF,PPI m/m,Low,-0.2%,-0.1%,
2014-11-13,3:00am,EUR,ECB Monthly Bulletin,Medium,,,
2014-11-13,4:35am,GBP,10-y Bond Auction,Medium,,2.15|1.7,
2014-11-13,7:30am,USD,Unemployment Claims,High,282K,278K,
2014-11-13,9:00am,USD,JOLTS Job Openings,Low,4.81M,4.85M,
2014-11-13,10:00am,USD,Crude Oil Inventories,Low,0.7M,0.5M,
2014-11-13,11:30am,USD,FOMC Member Plosser Speaks,Low,,,
2014-11-13,11:45am,USD,Fed Chair Yellen Speaks,High,,,
2014-11-13,12:01pm,USD,30-y Bond Auction,Medium,,3.07|2.4,
2014-11-13,12:59pm,USD,Federal Budget Balance,Medium,-111.5B,105.8B,
2014-11-13,2:30pm,USD,FOMC Member Kocherlakota Speaks,Low,,,
2014-11-14,1:00am,EUR,German Prelim GDP q/q,High,0.1%,-0.2%,
2014-11-14,1:45am,EUR,French Prelim Private Payrolls q/q,Low,0.2%,0.1%,
2014-11-14,3:00am,EUR,Italian Prelim GDP q/q,Low,-0.1%,-0.2%,
2014-11-14,3:30am,GBP,Construction Output m/m,Low,3.7%,-3.0%,
2014-11-14,4:00am,EUR,Final CPI y/y,Low,0.4%,0.4%,
2014-11-14,4:00am,EUR,Flash GDP q/q,Low,0.1%,0.1%,
2014-11-14,4:00am,EUR,Final Core CPI y/y,Medium,0.7%,0.7%,
2014-11-14,7:30am,USD,Core Retail Sales m/m,High,0.2%,0.0%,
2014-11-14,7:30am,USD,Retail Sales m/m,High,0.2%,-0.3%,
2014-11-14,7:30am,USD,Import Prices m/m,Low,-1.7%,-0.6%,
2014-11-14,8:55am,USD,Prelim UoM Consumer Sentiment,High,87.3,86.9,
2014-11-14,8:55am,USD,Prelim UoM Inflation Expectations,Medium,,2.9%,
2014-11-14,9:00am,USD,Business Inventories m/m,Low,0.3%,0.1%,
2014-11-14,9:00am,USD,Mortgage Delinquencies,Low,,6.04%,
2014-11-14,9:30am,USD,Natural Gas Storage,Medium,37B,91B,
2014-11-14,3:00pm,USD,FOMC Member Fischer Speaks,Low,,,
2014-11-16,5:50pm,JPY,Prelim GDP q/q,High,0.5%,-1.8%,
2014-11-16,5:50pm,JPY,Prelim GDP Price Index y/y,Medium,1.9%,2.0%,
2014-11-16,5:54pm,GBP,Rightmove HPI m/m,Medium,,2.6%,
2014-11-17,3:30am,GBP,MPC Member Haldane Speaks,Low,,,
2014-11-17,4:00am,EUR,Trade Balance,Medium,16.2B,15.4B,
2014-11-17,5:00am,EUR,German Buba Monthly Report,Low,,,
2014-11-17,7:30am,USD,Empire State Manufacturing Index,Low,12.1,6.2,
2014-11-17,8:00am,EUR,ECB President Draghi Speaks,High,,,
2014-11-17,8:15am,USD,Capacity Utilization Rate,Low,79.3%,79.2%,
2014-11-17,8:15am,USD,Industrial Production m/m,Low,0.2%,0.8%,
2014-11-18,3:30am,GBP,CPI y/y,High,1.2%,1.2%,
2014-11-18,3:30am,GBP,PPI Input m/m,Low,-1.4%,-0.6%,
2014-11-18,3:30am,GBP,RPI y/y,Low,2.3%,2.3%,
2014-11-18,3:30am,GBP,Core CPI y/y,Medium,1.6%,1.5%,
2014-11-18,3:30am,GBP,ONS HPI y/y,Medium,12.1%,11.7%,
2014-11-18,3:30am,GBP,PPI Output m/m,Medium,-0.2%,-0.2%,
2014-11-18,4:00am,EUR,German ZEW Economic Sentiment,High,0.9,-3.6,
2014-11-18,4:00am,EUR,ZEW Economic Sentiment,Low,4.3,4.1,
2014-11-18,7:30am,USD,PPI m/m,High,-0.1%,-0.1%,
2014-11-18,7:30am,USD,Core PPI m/m,Low,0.2%,0.0%,
2014-11-18,9:00am,USD,NAHB Housing Market Index,Low,55,54,
2014-11-18,12:30pm,GBP,MPC Member Forbes Speaks,Low,,,
2014-11-18,12:30pm,USD,FOMC Member Kocherlakota Speaks,Low,,,
2014-11-18,3:00pm,USD,TIC Long-Term Purchases,Medium,41.3B,52.1B,
2014-11-18,9:24pm,JPY,Monetary Policy Statement,High,,,
2014-11-18,10:30pm,JPY,All Industries Activity m/m,Medium,1.2%,0.0%,
2014-11-19,3:00am,EUR,Current Account,Medium,21.3B,22.8B,
2014-11-19,3:30am,GBP,MPC Official Bank Rate Votes,High,2-0-7,2-0-7,
2014-11-19,3:30am,GBP,MPC Asset Purchase Facility Votes,Low,0-0-9,0-0-9,
2014-11-19,4:00am,CHF,UBS Economic Expectations,Medium,,-30.7,
2014-11-19,7:30am,USD,Building Permits,High,1.04M,1.03M,
2014-11-19,7:30am,USD,Housing Starts,Low,1.03M,1.04M,
2014-11-19,9:30am,USD,Crude Oil Inventories,Low,-0.7M,-1.7M,
2014-11-19,1:00pm,USD,FOMC Meeting Minutes,High,,,
2014-11-19,5:50pm,JPY,Trade Balance,Low,-1.02T,-1.07T,
2014-11-19,7:35pm,JPY,Flash Manufacturing PMI,Medium,52.7,52.4,
2014-11-19,11:00pm,JPY,BOJ Monthly Report,Medium,,,
2014-11-20,ThuNov 20,EUR,German PPI m/m,Medium,-0.1%,0.0%,
2014-11-20,2:00am,EUR,French Flash Manufacturing PMI,High,48.9,48.5,
2014-11-20,2:00am,EUR,French Flash Services PMI,Low,48.6,48.3,
2014-11-20,2:30am,EUR,German Flash Manufacturing PMI,High,51.5,51.4,
2014-11-20,2:30am,EUR,German Flash Services PMI,Low,54.5,54.4,
2014-11-20,3:00am,EUR,Flash Manufacturing PMI,Low,50.9,50.6,
2014-11-20,3:00am,EUR,Flash Services PMI,Low,52.3,52.3,
2014-11-20,3:30am,GBP,Retail Sales m/m,High,0.4%,-0.4%,
2014-11-20,5:00am,GBP,CBI Industrial Order Expectations,Low,-3,-6,
2014-11-20,6:45am,USD,FOMC Member Tarullo Speaks,Medium,,,
2014-11-20,7:30am,USD,Core CPI m/m,High,0.2%,0.1%,
2014-11-20,7:30am,USD,CPI m/m,High,-0.1%,0.1%,
2014-11-20,7:30am,USD,CPI y/y,High,1.6%,1.7%,
2014-11-20,7:30am,USD,Unemployment Claims,High,286K,293K,
2014-11-20,8:45am,USD,Flash Manufacturing PMI,Low,56.2,55.9,
2014-11-20,9:00am,EUR,Consumer Confidence,Medium,-11,-11,
2014-11-20,9:00am,USD,Philly Fed Manufacturing Index,High,18.9,20.7,
2014-11-20,9:00am,USD,Existing Home Sales,Low,5.16M,5.18M,
2014-11-20,9:00am,USD,CB Leading Index m/m,Medium,0.6%,0.7%,
2014-11-20,9:30am,USD,Natural Gas Storage,Medium,-12B,40B,
2014-11-20,11:00am,CHF,Gov Board Member Zurbrugg Speaks,Low,,,
2014-11-20,12:30pm,USD,FOMC Member Mester Speaks,Low,,,
2014-11-21,3:30am,GBP,Public Sector Net Borrowing,Low,6.9B,10.6B,
2014-11-21,4:15am,EUR,German Buba President Weidmann Speaks,Low,,,
2014-11-21,1:45pm,GBP,MPC Member Miles Speaks,Low,,,
2014-11-23,All Day,JPY,Bank Holiday,Low,,,
2014-11-24,3:00am,EUR,German ifo Business Climate,High,103.0,103.2,
2014-11-24,8:00am,EUR,Belgian NBB Business Climate,Medium,-5.3,-6.8,
2014-11-24,8:45am,USD,Flash Services PMI,Medium,57.3,57.1,
2014-11-24,5:50pm,JPY,Monetary Policy Meeting Minutes,Low,,,
2014-11-24,5:50pm,JPY,SPPI y/y,Medium,3.6%,3.5%,
2014-11-24,7:00pm,JPY,BOJ Gov Kuroda Speaks,High,,,
2014-11-25,3:00am,EUR,Italian Retail Sales m/m,Medium,0.2%,-0.2%,
2014-11-25,3:30am,GBP,High Street Lending,Low,38.5K,39.1K,
2014-11-25,4:00am,GBP,Monetary Policy Report Hearings,High,,,
2014-11-25,7:30am,USD,Prelim GDP q/q,High,3.3%,3.5%,
2014-11-25,7:30am,USD,Prelim GDP Price Index q/q,Medium,1.3%,1.3%,
2014-11-25,8:00am,USD,S&P/CS Composite-20 HPI y/y,Medium,4.7%,5.6%,
2014-11-25,8:05am,USD,HPI m/m,Medium,0.5%,0.4%,
2014-11-25,8:59am,USD,Richmond Manufacturing Index,Medium,17,20,
2014-11-25,9:00am,USD,CB Consumer Confidence,High,95.9,94.1,
2014-11-26,WedNov 26,EUR,German Import Prices m/m,Medium,-0.3%,0.3%,
2014-11-26,3:30am,GBP,Second Estimate GDP q/q,High,0.7%,0.7%,
2014-11-26,3:30am,GBP,Prelim Business Investment q/q,Low,2.3%,3.3%,
2014-11-26,3:30am,GBP,Index of Services 3m/3m,Medium,0.7%,0.8%,
2014-11-26,4:33am,EUR,German 10-y Bond Auction,Low,,0.87|1.2,
2014-11-26,5:00am,GBP,CBI Realized Sales,Low,28,31,
2014-11-26,7:30am,USD,Core Durable Goods Orders m/m,High,0.5%,-0.1%,
2014-11-26,7:30am,USD,Unemployment Claims,High,287K,292K,
2014-11-26,7:30am,USD,Core PCE Price Index m/m,Low,0.1%,0.1%,
2014-11-26,7:30am,USD,Durable Goods Orders m/m,Low,-0.4%,-1.1%,
2014-11-26,7:30am,USD,Personal Spending m/m,Low,0.4%,0.0%,
2014-11-26,7:30am,USD,Personal Income m/m,Medium,0.4%,0.2%,
2014-11-26,8:45am,USD,Chicago PMI,Low,63.1,66.2,
2014-11-26,8:55am,USD,Revised UoM Consumer Sentiment,Low,90.2,89.4,
2014-11-26,8:55am,USD,Revised UoM Inflation Expectations,Medium,,2.6%,
2014-11-26,9:00am,USD,New Home Sales,High,471K,455K,
2014-11-26,9:00am,USD,Pending Home Sales m/m,Low,0.9%,0.6%,
2014-11-26,9:30am,USD,Crude Oil Inventories,Low,0.4M,2.6M,
2014-11-26,11:00am,USD,Natural Gas Storage,Medium,-145B,-17B,
2014-11-27,2:00am,EUR,Spanish Flash CPI y/y,Low,-0.3%,-0.1%,
2014-11-27,2:55am,EUR,German Unemployment Change,Low,-1K,-23K,
2014-11-27,3:00am,EUR,M3 Money Supply y/y,Low,2.6%,2.5%,
2014-11-27,3:00am,EUR,Private Loans y/y,Low,-1.0%,-1.2%,
2014-11-27,4:24am,EUR,Italian 10-y Bond Auction,Medium,,2.44|1.5,
2014-11-27,5:00am,EUR,ECB Financial Stability Review,Medium,,,
2014-11-27,5:30am,EUR,ECB President Draghi Speaks,High,,,
2014-11-27,6:00am,EUR,German GfK Consumer Climate,Low,8.6,8.5,
2014-11-27,All Day,USD,Bank Holiday,Low,,,
2014-11-27,5:30pm,JPY,Household Spending y/y,Low,-4.8%,-5.6%,
2014-11-27,5:30pm,JPY,Tokyo Core CPI y/y,Low,2.3%,2.5%,
2014-11-27,5:30pm,JPY,National Core CPI y/y,Medium,2.9%,3.0%,
2014-11-27,5:30pm,JPY,Unemployment Rate,Medium,3.6%,3.6%,
2014-11-27,5:50pm,GBP,GfK Consumer Confidence,Medium,-1,-2,
2014-11-27,5:50pm,JPY,Prelim Industrial Production m/m,Low,-0.4%,2.9%,
2014-11-27,5:50pm,JPY,Retail Sales y/y,Low,1.5%,2.3%,
2014-11-27,11:00pm,JPY,Housing Starts y/y,Medium,-14.5%,-14.3%,
2014-11-28,1:00am,EUR,German Retail Sales m/m,Low,1.7%,-2.8%,
2014-11-28,1:45am,EUR,French Consumer Spending m/m,Low,0.2%,-0.5%,
2014-11-28,2:00am,CHF,KOF Economic Barometer,Low,100.1,99.5,
2014-11-28,3:00am,EUR,Italian Monthly Unemployment Rate,Medium,12.6%,12.9%,
2014-11-28,3:00am,EUR,Italian Quarterly Unemployment Rate,Medium,12.4%,12.6%,
2014-11-28,4:00am,EUR,CPI Flash Estimate y/y,High,0.3%,0.4%,
2014-11-28,4:00am,EUR,Core CPI Flash Estimate y/y,Low,0.7%,0.7%,
2014-11-28,4:00am,EUR,Unemployment Rate,Low,11.5%,11.5%,
2014-11-28,4:00am,EUR,Italian Prelim CPI m/m,Medium,-0.3%,0.1%,
2014-11-30,5:50pm,JPY,Capital Spending q/y,Medium,2.1%,3.0%,
2014-11-30,7:35pm,JPY,Final Manufacturing PMI,Medium,52.1,52.1,
2014-12-01,2:30am,CHF,Manufacturing PMI,Medium,52.9,55.3,
2014-12-01,2:45am,EUR,Italian Manufacturing PMI,Low,49.5,49.0,
2014-12-01,2:50am,EUR,French Final Manufacturing PMI,Medium,47.6,47.6,
2014-12-01,2:55am,EUR,German Final Manufacturing PMI,Low,50.0,50.0,
2014-12-01,3:00am,EUR,Final Manufacturing PMI,Medium,50.4,50.4,
2014-12-01,3:30am,GBP,Final Manufacturing PMI,High,53.1,53.3,
2014-12-01,3:30am,GBP,Net Lending to Individuals m/m,Low,2.8B,2.7B,
2014-12-01,3:30am,GBP,M4 Money Supply m/m,Medium,0.2%,-0.7%,
2014-12-01,3:30am,GBP,Mortgage Approvals,Medium,59K,61K,
2014-12-01,8:45am,USD,Final Manufacturing PMI,Medium,55.0,54.7,
2014-12-01,9:00am,USD,ISM Manufacturing PMI,High,57.9,59.0,
2014-12-01,9:00am,USD,ISM Manufacturing Prices,Medium,52.6,53.5,
2014-12-01,11:15am,USD,FOMC Member Dudley Speaks,Low,,,
2014-12-01,12:00pm,USD,FOMC Member Fischer Speaks,Low,,,
2014-12-01,5:50pm,JPY,Monetary Base y/y,Medium,37.2%,36.9%,
2014-12-01,7:30pm,JPY,Average Cash Earnings y/y,Low,0.8%,0.7%,
2014-12-01,9:45pm,JPY,10-y Bond Auction,Medium,,0.44|3.5,
2014-12-02,3:30am,GBP,Construction PMI,High,61.1,61.4,
2014-12-02,4:00am,EUR,PPI m/m,Medium,0.3%,0.2%,
2014-12-02,7:10am,USD,FOMC Member Fischer Speaks,Low,,,
2014-12-02,7:30am,USD,Fed Chair Yellen Speaks,Low,,,
2014-12-02,9:00am,USD,Construction Spending m/m,Medium,0.6%,-0.1%,
2014-12-02,All Day,USD,Total Vehicle Sales,Medium,16.6M,16.5M,
2014-12-02,11:00am,USD,FOMC Member Brainard Speaks,Low,,,
2014-12-02,6:01pm,GBP,BRC Shop Price Index y/y,Medium,,-1.9%,
2014-12-03,2:15am,EUR,Spanish Services PMI,Low,56.2,55.9,
2014-12-03,2:45am,EUR,Italian Services PMI,Low,50.9,50.8,
2014-12-03,2:50am,EUR,French Final Services PMI,Medium,48.8,48.8,
2014-12-03,2:55am,EUR,German Final Services PMI,Low,52.1,52.1,
2014-12-03,3:00am,EUR,Final Services PMI,Medium,51.3,51.3,
2014-12-03,3:30am,GBP,Final Services PMI,High,56.6,56.2,
2014-12-03,4:00am,EUR,Retail Sales m/m,Low,0.6%,-1.2%,
2014-12-03,6:30am,GBP,Autumn Forecast Statement,High,,,
2014-12-03,7:15am,USD,ADP Non-Farm Employment Change,High,223K,233K,
2014-12-03,7:30am,USD,Revised Nonfarm Productivity q/q,Low,2.3%,2.0%,
2014-12-03,7:30am,USD,Revised Unit Labor Costs q/q,Medium,0.3%,0.3%,
2014-12-03,8:45am,USD,Final Services PMI,Medium,56.3,56.3,
2014-12-03,9:00am,USD,ISM Services PMI,High,57.5,57.1,
2014-12-03,9:30am,USD,Crude Oil Inventories,Low,1.1M,1.9M,
2014-12-03,11:30am,USD,FOMC Member Plosser Speaks,Low,,,
2014-12-03,1:00pm,USD,Beige Book,Low,,,
2014-12-03,1:00pm,USD,FOMC Member Brainard Speaks,Low,,,
2014-12-03,6:30pm,USD,FOMC Member Fisher Speaks,Low,,,
2014-12-04,3:10am,EUR,Retail PMI,Medium,,47.0,
2014-12-04,3:42am,EUR,Spanish 10-y Bond Auction,Medium,,2.12|3.0,
2014-12-04,4:02am,EUR,French 10-y Bond Auction,Medium,,1.18|1.4,
2014-12-04,6:00am,GBP,Official Bank Rate,High,0.50%,0.50%,
2014-12-04,6:00am,GBP,Asset Purchase Facility,Low,375B,375B,
2014-12-04,6:30am,USD,Challenger Job Cuts y/y,Medium,,11.9%,
2014-12-04,6:45am,EUR,Main Refinancing Rate,High,0.05%,0.05%,
2014-12-04,7:30am,EUR,ECB Press Conference,High,,,
2014-12-04,7:30am,USD,Unemployment Claims,High,296K,314K,
2014-12-04,7:30am,USD,FOMC Member Mester Speaks,Low,,,
2014-12-04,9:30am,USD,Natural Gas Storage,Medium,-51B,-162B,
2014-12-04,11:30am,USD,FOMC Member Brainard Speaks,Low,,,
2014-12-04,11:00pm,JPY,Leading Indicators,Medium,104.2%,105.6%,
2014-12-05,2:00am,CHF,Foreign Currency Reserves,High,,461B,
2014-12-05,3:30am,GBP,Consumer Inflation Expectations,Medium,,2.8%,
2014-12-05,4:00am,EUR,Revised GDP q/q,Medium,0.2%,0.2%,
2014-12-05,7:30am,USD,Non-Farm Employment Change,High,231K,243K,
2014-12-05,7:30am,USD,Trade Balance,High,-41.3B,-43.6B,
2014-12-05,7:30am,USD,Unemployment Rate,High,5.8%,5.8%,
2014-12-05,7:30am,USD,Average Hourly Earnings m/m,Low,0.2%,0.1%,
2014-12-05,7:45am,USD,FOMC Member Mester Speaks,Low,,,
2014-12-05,9:00am,USD,Factory Orders m/m,Low,0.0%,-0.5%,
2014-12-05,1:45pm,USD,FOMC Member Fischer Speaks,Low,,,
2014-12-05,2:00pm,USD,Consumer Credit m/m,Medium,16.5B,15.4B,
2014-12-07,5:50pm,JPY,Current Account,Low,0.46T,0.41T,
2014-12-07,5:50pm,JPY,Final GDP q/q,Low,-0.1%,-0.4%,
2014-12-07,5:50pm,JPY,Bank Lending y/y,Medium,,2.3%,
2014-12-07,5:54pm,JPY,Final GDP Price Index y/y,Medium,2.1%,2.1%,
2014-12-07,11:00pm,JPY,Economy Watchers Sentiment,Medium,45.9,44.0,
2014-12-08,All Day,EUR,Italian Bank Holiday,Low,,,
2014-12-08,2:15am,CHF,CPI m/m,Low,0.0%,0.0%,
2014-12-08,2:15am,CHF,Retail Sales y/y,Low,0.9%,0.5%,
2014-12-08,3:30am,EUR,Sentix Investor Confidence,Medium,-9.9,-11.9,
2014-12-08,All Day,EUR,Eurogroup Meetings,Low,,,
2014-12-08,9:00am,USD,Labor Market Conditions Index m/m,Medium,,3.9,
2014-12-08,5:50pm,JPY,M2 Money Stock y/y,Medium,3.2%,3.2%,
2014-12-08,6:01pm,GBP,BRC Retail Sales Monitor y/y,Medium,,0.0%,
2014-12-08,9:45pm,JPY,30-y Bond Auction,Medium,,1.48|3.0,
2014-12-09,12:45am,CHF,Unemployment Rate,Medium,3.2%,3.1%,
2014-12-09,1:00am,EUR,German Trade Balance,Medium,18.1B,18.6B,
2014-12-09,1:45am,EUR,French Gov Budget Balance,Medium,,-80.5B,
2014-12-09,1:45am,EUR,French Trade Balance,Medium,-4.5B,-4.7B,
2014-12-09,3:30am,GBP,Manufacturing Production m/m,High,0.2%,0.6%,
2014-12-09,3:30am,GBP,Industrial Production m/m,Medium,0.3%,0.7%,
2014-12-09,All Day,EUR,ECOFIN Meetings,Low,,,
2014-12-09,4:34am,GBP,30-y Bond Auction,Medium,,3.04|2.0,
2014-12-09,6:30am,USD,NFIB Small Business Index,Medium,96.6,96.1,
2014-12-09,9:00am,GBP,NIESR GDP Estimate,Low,,0.7%,
2014-12-09,9:00am,USD,JOLTS Job Openings,Low,4.81M,4.69M,
2014-12-09,9:00am,USD,Final Wholesale Inventories m/m,Medium,0.1%,0.4%,
2014-12-09,9:00am,USD,RCM/TIPP Economic Optimism,Medium,47.2,46.4,
2014-12-09,5:50pm,JPY,BSI Manufacturing Index,Low,13.1,12.7,
2014-12-09,5:50pm,JPY,PPI y/y,Medium,2.7%,2.9%,
2014-12-09,11:00pm,JPY,Consumer Confidence,Medium,39.6,38.9,
2014-12-10,1:45am,EUR,French Industrial Production m/m,Low,0.2%,0.0%,
2014-12-10,3:30am,GBP,Goods Trade Balance,Low,-9.5B,-10.5B,
2014-12-10,9:30am,USD,Crude Oil Inventories,Low,-2.6M,-3.7M,
2014-12-10,12:01pm,USD,10-y Bond Auction,Low,,2.37|2.5,
2014-12-10,1:00pm,USD,Federal Budget Balance,Medium,-68.3B,-121.7B,
2014-12-10,5:50pm,JPY,Core Machinery Orders m/m,Low,-2.1%,2.9%,
2014-12-10,5:50pm,JPY,Tertiary Industry Activity m/m,Low,-0.1%,1.3%,
2014-12-10,6:01pm,GBP,RICS House Price Balance,Medium,16%,20%,
2014-12-11,1:45am,EUR,French Final CPI m/m,Medium,0.2%,0.0%,
2014-12-11,2:30am,CHF,Libor Rate,High,<0.25%,<0.25%,
2014-12-11,2:30am,CHF,SNB Monetary Policy Assessment,High,,,
2014-12-11,2:30am,CHF,SNB Press Conference,High,,,
2014-12-11,3:00am,EUR,ECB Monthly Bulletin,Medium,,,
2014-12-11,3:00am,EUR,Italian Industrial Production m/m,Medium,0.3%,-0.9%,
2014-12-11,4:19am,EUR,Long Term Refinancing Operation,High,148.2B,82.6B,
2014-12-11,7:30am,USD,Core Retail Sales m/m,High,0.1%,0.4%,
2014-12-11,7:30am,USD,Retail Sales m/m,High,0.4%,0.5%,
2014-12-11,7:30am,USD,Unemployment Claims,High,299K,297K,
2014-12-11,7:30am,USD,Import Prices m/m,Low,-1.7%,-1.2%,
2014-12-11,9:00am,USD,Business Inventories m/m,Low,0.2%,0.3%,
2014-12-11,9:30am,USD,Natural Gas Storage,Medium,-45B,-22B,
2014-12-11,12:01pm,USD,30-y Bond Auction,Medium,,3.09|2.3,
2014-12-11,10:33pm,JPY,Revised Industrial Production m/m,Medium,0.2%,0.2%,
2014-12-12,3:30am,GBP,Construction Output m/m,Low,0.8%,2.2%,
2014-12-12,4:00am,EUR,Industrial Production m/m,Low,0.2%,0.5%,
2014-12-12,4:00am,EUR,Final Employment Change q/q,Medium,0.2%,0.3%,
2014-12-12,4:00am,GBP,CB Leading Index m/m,Medium,,-0.3%,
2014-12-12,7:30am,USD,PPI m/m,High,-0.1%,0.2%,
2014-12-12,7:30am,USD,Core PPI m/m,Low,0.1%,0.4%,
2014-12-12,8:55am,USD,Prelim UoM Consumer Sentiment,High,89.6,88.8,
2014-12-12,8:55am,USD,Prelim UoM Inflation Expectations,Medium,,2.8%,
2014-12-14,5:16pm,GBP,Rightmove HPI m/m,Medium,,-1.7%,
2014-12-14,5:50pm,JPY,Tankan Manufacturing Index,Low,13,13,
2014-12-14,5:50pm,JPY,Tankan Non-Manufacturing Index,Low,14,13,
2014-12-15,5:00am,EUR,German Buba Monthly Report,Low,,,
2014-12-15,5:00am,GBP,CBI Industrial Order Expectations,Low,3,3,
2014-12-15,7:30am,USD,Empire State Manufacturing Index,Low,12.1,10.2,
2014-12-15,8:15am,USD,Capacity Utilization Rate,Low,79.4%,79.3%,
2014-12-15,8:15am,USD,Industrial Production m/m,Low,0.8%,0.1%,
2014-12-15,9:00am,USD,NAHB Housing Market Index,Low,59,58,
2014-12-15,3:00pm,USD,TIC Long-Term Purchases,Medium,72.8B,164.3B,
2014-12-15,7:35pm,JPY,Flash Manufacturing PMI,Medium,52.3,52.0,
2014-12-16,TueDec 16,GBP,BOE Financial Stability Report,Low,,,
2014-12-16,TueDec 16,GBP,FPC Statement,Low,,,
2014-12-16,2:00am,EUR,French Flash Manufacturing PMI,High,48.7,48.4,
2014-12-16,2:00am,EUR,French Flash Services PMI,Low,48.6,47.9,
2014-12-16,2:30am,EUR,German Flash Manufacturing PMI,High,50.4,49.5,
2014-12-16,2:30am,EUR,German Flash Services PMI,Low,52.6,52.1,
2014-12-16,3:00am,EUR,Flash Manufacturing PMI,Low,50.5,50.1,
2014-12-16,3:00am,EUR,Flash Services PMI,Low,51.6,51.1,
2014-12-16,3:00am,EUR,Italian Trade Balance,Medium,1.97B,2.02B,
2014-12-16,3:15am,GBP,BOE Gov Carney Speaks,High,,,
2014-12-16,3:30am,GBP,CPI y/y,High,1.2%,1.3%,
2014-12-16,3:30am,GBP,PPI Input m/m,Low,-1.1%,-1.5%,
2014-12-16,3:30am,GBP,RPI y/y,Low,2.2%,2.3%,
2014-12-16,3:30am,GBP,Core CPI y/y,Medium,1.5%,1.5%,
2014-12-16,3:30am,GBP,ONS HPI y/y,Medium,13.2%,12.1%,
2014-12-16,3:30am,GBP,PPI Output m/m,Medium,-0.3%,-0.3%,
2014-12-16,4:00am,EUR,German ZEW Economic Sentiment,High,19.8,11.5,
2014-12-16,4:00am,EUR,ZEW Economic Sentiment,Low,20.1,11.0,
2014-12-16,4:00am,EUR,Trade Balance,Medium,18.2B,17.9B,
2014-12-16,7:30am,USD,Building Permits,High,1.06M,1.09M,
2014-12-16,7:30am,USD,Housing Starts,Low,1.04M,1.05M,
2014-12-16,8:45am,USD,Flash Manufacturing PMI,Low,56.1,54.8,
2014-12-16,5:50pm,JPY,Trade Balance,Low,-0.99T,-0.99T,
2014-12-17,WedDec 17,GBP,Claimant Count Change,High,-19.8K,-25.1K,
2014-12-17,WedDec 17,GBP,MPC Official Bank Rate Votes,High,2-0-7,2-0-7,
2014-12-17,WedDec 17,GBP,MPC Asset Purchase Facility Votes,Low,0-0-9,0-0-9,
2014-12-17,WedDec 17,GBP,Unemployment Rate,Low,5.9%,6.0%,
2014-12-17,4:00am,CHF,UBS Economic Expectations,Medium,,-7.6,
2014-12-17,4:00am,EUR,Final CPI y/y,Low,0.3%,0.3%,
2014-12-17,4:00am,EUR,Final Core CPI y/y,Medium,0.7%,0.7%,
2014-12-17,All Day,EUR,Greek Presidential Elections,Medium,,,
2014-12-17,7:30am,USD,Core CPI m/m,High,0.1%,0.2%,
2014-12-17,7:30am,USD,CPI m/m,High,-0.1%,0.0%,
2014-12-17,7:30am,USD,CPI y/y,High,1.4%,1.7%,
2014-12-17,7:30am,USD,Current Account,Low,-98B,-98B,
2014-12-17,8:00am,CHF,SNB Quarterly Bulletin,Medium,,,
2014-12-17,9:30am,USD,Crude Oil Inventories,Low,-2.6M,1.5M,
2014-12-17,1:00pm,USD,Federal Funds Rate,High,<0.25%,<0.25%,
2014-12-17,1:00pm,USD,FOMC Economic Projections,High,,,
2014-12-17,1:00pm,USD,FOMC Statement,High,,,
2014-12-17,1:30pm,USD,FOMC Press Conference,High,,,
2014-12-18,1:00am,CHF,Libor Rate,High,,<0.25%,
2014-12-18,1:00am,CHF,Trade Balance,Low,2.41B,3.23B,
2014-12-18,3:00am,EUR,German ifo Business Climate,High,105.6,104.7,
2014-12-18,Day 1,EUR,EU Economic Summit,Low,,,
2014-12-18,3:30am,GBP,Retail Sales m/m,High,0.3%,1.0%,
2014-12-18,3:46am,EUR,Spanish 10-y Bond Auction,Medium,,1.84|2.2,
2014-12-18,7:30am,USD,Unemployment Claims,High,297K,295K,
2014-12-18,8:45am,USD,Flash Services PMI,Medium,57.1,56.2,
2014-12-18,9:00am,USD,Philly Fed Manufacturing Index,High,26.3,40.8,
2014-12-18,9:00am,USD,CB Leading Index m/m,Medium,0.6%,0.6%,
2014-12-18,9:30am,USD,Natural Gas Storage,Medium,-61B,-51B,
2014-12-18,5:37pm,GBP,GfK Consumer Confidence,Medium,-1,-2,
2014-12-18,9:28pm,JPY,Monetary Policy Statement,High,,,
2014-12-18,10:30pm,JPY,All Industries Activity m/m,Medium,0.2%,1.4%,
2014-12-19,1:00am,EUR,German GfK Consumer Climate,Low,8.9,8.7,
2014-12-19,1:00am,EUR,German PPI m/m,Medium,-0.2%,-0.2%,
2014-12-19,3:00am,EUR,Current Account,Medium,27.8B,32.0B,
2014-12-19,Day 2,EUR,EU Economic Summit,Low,,,
2014-12-19,3:30am,GBP,Public Sector Net Borrowing,Low,14.8B,6.4B,
2014-12-19,5:00am,GBP,CBI Realized Sales,Low,30,27,
2014-12-21,11:00pm,JPY,BOJ Monthly Report,Medium,,,
2014-12-22,3:30am,GBP,FPC Meeting Minutes,Medium,,,
2014-12-22,9:00am,EUR,Consumer Confidence,Medium,-11,-12,
2014-12-22,9:00am,USD,Existing Home Sales,Low,5.21M,5.25M,
2014-12-22,All Day,JPY,Bank Holiday,Low,,,
2014-12-23,3:00am,EUR,Italian Retail Sales m/m,Medium,0.2%,0.0%,
2014-12-23,3:30am,GBP,Current Account,High,-21.1B,-24.3B,
2014-12-23,3:30am,GBP,Final GDP q/q,Low,0.7%,0.7%,
2014-12-23,3:30am,GBP,High Street Lending,Low,37.3K,37.2K,
2014-12-23,3:30am,GBP,Index of Services 3m/3m,Medium,0.7%,0.8%,
2014-12-23,3:30am,GBP,Revised Business Investment q/q,Medium,-0.7%,-0.7%,
2014-12-23,All Day,EUR,Greek Presidential Elections,Medium,,,
2014-12-23,7:30am,USD,Core Durable Goods Orders m/m,High,1.1%,-1.1%,
2014-12-23,7:30am,USD,Final GDP q/q,High,4.3%,3.9%,
2014-12-23,7:30am,USD,Durable Goods Orders m/m,Low,3.0%,0.3%,
2014-12-23,7:30am,USD,Final GDP Price Index q/q,Medium,1.4%,1.4%,
2014-12-23,8:00am,EUR,Belgian NBB Business Climate,Medium,-5.8,-6.1,
2014-12-23,8:00am,USD,HPI m/m,Medium,0.3%,0.0%,
2014-12-23,8:55am,USD,Revised UoM Consumer Sentiment,Low,93.5,93.8,
2014-12-23,8:55am,USD,Revised UoM Inflation Expectations,Medium,,2.9%,
2014-12-23,8:59am,USD,Richmond Manufacturing Index,Medium,8,4,
2014-12-23,9:00am,USD,New Home Sales,High,461K,445K,
2014-12-23,9:00am,USD,Core PCE Price Index m/m,Low,0.1%,0.2%,
2014-12-23,9:00am,USD,Personal Spending m/m,Low,0.5%,0.3%,
2014-12-23,9:00am,USD,Personal Income m/m,Medium,0.6%,0.3%,
2014-12-24,2:00am,CHF,KOF Economic Barometer,Low,99.2,98.9,
2014-12-24,7:30am,USD,Unemployment Claims,High,291K,289K,
2014-12-24,9:30am,USD,Crude Oil Inventories,Low,-2.4M,-0.8M,
2014-12-24,11:00am,USD,Natural Gas Storage,Medium,-81B,-64B,
2014-12-24,5:50pm,JPY,Monetary Policy Meeting Minutes,Low,,,
2014-12-24,5:50pm,JPY,SPPI y/y,Medium,3.5%,3.6%,
2014-12-24,9:45pm,JPY,BOJ Gov Kuroda Speaks,High,,,
2014-12-24,11:00pm,JPY,Housing Starts y/y,Medium,-12.6%,-12.3%,
2014-12-25,All Day,EUR,Italian Bank Holiday,Low,,,
2014-12-25,All Day,EUR,French Bank Holiday,Low,,,
2014-12-25,All Day,EUR,German Bank Holiday,Low,,,
2014-12-25,All Day,GBP,Bank Holiday,Low,,,
2014-12-25,All Day,USD,Bank Holiday,Low,,,
2014-12-25,5:30pm,JPY,Household Spending y/y,Low,-3.5%,-4.0%,
2014-12-25,5:30pm,JPY,Tokyo Core CPI y/y,Low,2.3%,2.4%,
2014-12-25,5:30pm,JPY,National Core CPI y/y,Medium,2.7%,2.9%,
2014-12-25,5:30pm,JPY,Unemployment Rate,Medium,3.5%,3.5%,
2014-12-25,5:50pm,JPY,Prelim Industrial Production m/m,Low,1.0%,0.4%,
2014-12-25,5:50pm,JPY,Retail Sales y/y,Low,1.2%,1.4%,
2014-12-25,7:30pm,JPY,Average Cash Earnings y/y,Low,0.5%,0.2%,
2014-12-26,All Day,EUR,Italian Bank Holiday,Low,,,
2014-12-26,All Day,EUR,German Bank Holiday,Low,,,
2014-12-26,All Day,GBP,Bank Holiday,Low,,,
2014-12-29,All Day,EUR,Greek Presidential Elections,High,,,
2014-12-30,2:00am,EUR,Spanish Flash CPI y/y,Low,-0.7%,-0.4%,
2014-12-30,3:00am,EUR,M3 Money Supply y/y,Low,2.6%,2.5%,
2014-12-30,3:00am,EUR,Private Loans y/y,Low,-0.9%,-1.1%,
2014-12-30,4:20am,EUR,Italian 10-y Bond Auction,Low,,2.08|1.6,
2014-12-30,8:00am,USD,S&P/CS Composite-20 HPI y/y,Medium,4.4%,4.8%,
2014-12-30,9:00am,USD,CB Consumer Confidence,High,94.6,91.0,
2014-12-30,All Day,JPY,Bank Holiday,Low,,,
2014-12-31,3:30am,GBP,Housing Equity Withdrawal q/q,Medium,-9.2B,-10.6B,
2014-12-31,7:30am,USD,Unemployment Claims,High,287K,281K,
2014-12-31,8:45am,USD,Chicago PMI,Low,60.2,60.8,
2014-12-31,9:00am,USD,Pending Home Sales m/m,Low,0.6%,-1.2%,
2014-12-31,9:30am,USD,Crude Oil Inventories,Low,0.2M,7.3M,
2014-12-31,11:00am,USD,Natural Gas Storage,Medium,-37B,-49B,
2014-12-31,All Day,JPY,Bank Holiday,Low,,,
2014-01-01,All Day,EUR,Italian Bank Holiday,Low,,,
2014-01-01,All Day,EUR,German Bank Holiday,Low,,,
2014-01-01,All Day,EUR,French Bank Holiday,Low,,,
2014-01-01,All Day,GBP,Bank Holiday,Low,,,
2014-01-01,All Day,USD,Bank Holiday,Low,,,
2014-01-01,All Day,JPY,Bank Holiday,Low,,,
2014-01-02,2:15am,EUR,Spanish Manufacturing PMI,Low,54.9,54.7,
2014-01-02,2:45am,EUR,Italian Manufacturing PMI,Low,49.6,49.0,
2014-01-02,2:50am,EUR,French Final Manufacturing PMI,Medium,47.9,47.9,
2014-01-02,2:55am,EUR,German Final Manufacturing PMI,Low,51.2,51.2,
2014-01-02,3:00am,EUR,Final Manufacturing PMI,Medium,50.8,50.8,
2014-01-02,3:30am,GBP,Final Manufacturing PMI,High,53.7,53.3,
2014-01-02,3:30am,GBP,Net Lending to Individuals m/m,Low,2.5B,2.7B,
2014-01-02,3:30am,GBP,M4 Money Supply m/m,Medium,0.2%,0.0%,
2014-01-02,3:30am,GBP,Mortgage Approvals,Medium,59K,60K,
2014-01-02,8:45am,USD,Final Manufacturing PMI,Medium,54.1,53.7,
2014-01-02,9:00am,USD,ISM Manufacturing PMI,High,57.6,58.7,
2014-01-02,9:00am,USD,Construction Spending m/m,Medium,0.4%,1.2%,
2014-01-02,9:00am,USD,ISM Manufacturing Prices,Medium,43.1,44.5,
2014-01-04,7:35pm,JPY,Final Manufacturing PMI,Medium,52.1,52.1,
