date,time,currency,event,impact,actual,forecast,previous
2015-01-05,2:00am,EUR,Spanish Unemployment Change,Low,-72.0K,-14.7K,
2015-01-05,2:30am,CHF,Manufacturing PMI,Medium,52.9,52.1,
2015-01-05,3:30am,EUR,Sentix Investor Confidence,Medium,-0.9,-2.5,
2015-01-05,3:30am,GBP,Construction PMI,High,59.2,59.4,
2015-01-05,7:00am,USD,FOMC Member Williams Speaks,Low,,,
2015-01-05,All Day,USD,Total Vehicle Sales,Medium,16.9M,17.2M,
2015-01-05,5:50pm,JPY,Monetary Base y/y,Medium,34.3%,36.7%,
2015-01-05,9:45pm,JPY,10-y Bond Auction,Medium,,0.47|3.0,
2015-01-06,2:15am,EUR,Spanish Services PMI,Low,52.9,52.7,
2015-01-06,2:45am,EUR,Italian Services PMI,Low,51.4,51.8,
2015-01-06,2:50am,EUR,French Final Services PMI,Medium,49.8,49.8,
2015-01-06,2:55am,EUR,German Final Services PMI,Low,51.4,51.4,
2015-01-06,3:00am,EUR,Final Services PMI,Medium,51.9,51.9,
2015-01-06,3:30am,GBP,Final Services PMI,High,58.9,58.6,
2015-01-06,3:30am,GBP,BOE Credit Conditions Survey,Low,,,
2015-01-06,4:35am,GBP,10-y Bond Auction,Medium,,2.21|1.5,
2015-01-06,8:45am,USD,Final Services PMI,Medium,53.8,53.6,
2015-01-06,9:00am,USD,ISM Services PMI,High,58.2,59.3,
2015-01-06,9:00am,USD,Factory Orders m/m,Low,-0.3%,-0.7%,
2015-01-06,6:01pm,GBP,BRC Shop Price Index y/y,Medium,,-1.9%,
2015-01-07,2:00am,CHF,Foreign Currency Reserves,Low,,463B,
2015-01-07,2:55am,EUR,German Unemployment Change,Low,-6K,-16K,
2015-01-07,3:00am,EUR,Italian Monthly Unemployment Rate,Medium,13.3%,13.3%,
2015-01-07,3:10am,EUR,Retail PMI,Medium,,48.9,
2015-01-07,4:00am,EUR,CPI Flash Estimate y/y,High,0.0%,0.3%,
2015-01-07,4:00am,EUR,Core CPI Flash Estimate y/y,Low,0.6%,0.7%,
2015-01-07,4:00am,EUR,Unemployment Rate,Low,11.5%,11.5%,
2015-01-07,4:00am,EUR,Italian Prelim CPI m/m,Medium,-0.2%,-0.2%,
2015-01-07,7:15am,USD,ADP Non-Farm Employment Change,High,227K,227K,
2015-01-07,7:30am,USD,Trade Balance,High,-42.3B,-42.2B,
2015-01-07,9:30am,USD,Crude Oil Inventories,Low,0.9M,-1.8M,
2015-01-07,1:00pm,USD,FOMC Meeting Minutes,High,,,
2015-01-07,5:30pm,USD,FOMC Member Evans Speaks,Low,,,
2015-01-08,2:00am,GBP,Halifax HPI m/m,Low,0.3%,0.5%,
2015-01-08,3:59am,EUR,French 10-y Bond Auction,Medium,,1.11|2.4,
2015-01-08,4:00am,EUR,Retail Sales m/m,Low,0.3%,0.6%,
2015-01-08,4:00am,EUR,PPI m/m,Medium,-0.2%,-0.3%,
2015-01-08,6:00am,GBP,Official Bank Rate,High,0.50%,0.50%,
2015-01-08,6:00am,GBP,Asset Purchase Facility,Low,375B,375B,
2015-01-08,6:30am,USD,Challenger Job Cuts y/y,Medium,,-20.7%,
2015-01-08,7:30am,USD,Unemployment Claims,High,291K,298K,
2015-01-08,9:30am,USD,Natural Gas Storage,Medium,-120B,-26B,
2015-01-08,2:00pm,USD,Consumer Credit m/m,Medium,15.1B,16.0B,
2015-01-08,11:00pm,JPY,Leading Indicators,Medium,104.9%,104.5%,
2015-01-09,1:00am,EUR,German Industrial Production m/m,Medium,0.4%,0.6%,
2015-01-09,1:00am,EUR,German Trade Balance,Medium,19.4B,20.6B,
2015-01-09,1:45am,EUR,French Industrial Production m/m,Low,0.4%,-0.7%,
2015-01-09,1:45am,EUR,French Trade Balance,Medium,-4.5B,-4.3B,
2015-01-09,2:15am,CHF,CPI m/m,Low,-0.3%,0.0%,
2015-01-09,3:30am,GBP,Manufacturing Production m/m,High,0.4%,-0.7%,
2015-01-09,3:30am,GBP,Goods Trade Balance,Low,-9.5B,-9.8B,
2015-01-09,3:30am,GBP,Construction Output m/m,Medium,1.3%,-1.9%,
2015-01-09,3:30am,GBP,Industrial Production m/m,Medium,0.2%,-0.3%,
2015-01-09,7:30am,USD,Non-Farm Employment Change,High,241K,353K,
2015-01-09,7:30am,USD,Unemployment Rate,High,5.7%,5.8%,
2015-01-09,7:30am,USD,Average Hourly Earnings m/m,Low,0.2%,0.2%,
2015-01-09,8:49am,GBP,NIESR GDP Estimate,Low,,0.7%,
2015-01-09,9:00am,USD,Final Wholesale Inventories m/m,Medium,0.4%,0.6%,
2015-01-09,12:20pm,USD,FOMC Member Lacker Speaks,Low,,,
2015-01-12,11:40am,USD,FOMC Member Lockhart Speaks,Low,,,
2015-01-12,5:50pm,JPY,Current Account,Low,0.69T,0.95T,
2015-01-12,5:50pm,JPY,Bank Lending y/y,Medium,,2.7%,
2015-01-12,6:01pm,GBP,BRC Retail Sales Monitor y/y,Medium,,0.9%,
2015-01-12,11:03pm,JPY,Economy Watchers Sentiment,Medium,44.3,41.5,
2015-01-13,3:00am,EUR,Italian Industrial Production m/m,Medium,0.1%,0.0%,
2015-01-13,3:30am,GBP,CPI y/y,High,0.7%,1.0%,
2015-01-13,3:30am,GBP,PPI Input m/m,Low,-2.5%,-0.7%,
2015-01-13,3:30am,GBP,RPI y/y,Low,1.7%,2.0%,
2015-01-13,3:30am,GBP,Core CPI y/y,Medium,1.4%,1.2%,
2015-01-13,3:30am,GBP,ONS HPI y/y,Medium,10.1%,10.4%,
2015-01-13,3:30am,GBP,PPI Output m/m,Medium,-0.1%,-0.2%,
2015-01-13,8:00am,USD,NFIB Small Business Index,Medium,98.6,98.1,
2015-01-13,9:00am,USD,JOLTS Job Openings,Low,4.86M,4.83M,
2015-01-13,9:00am,USD,RCM/TIPP Economic Optimism,Medium,48.9,48.4,
2015-01-13,12:01pm,USD,10-y Bond Auction,Low,,2.21|3.0,
2015-01-13,1:00pm,USD,Federal Budget Balance,Medium,3.8B,-56.8B,
2015-01-13,5:50pm,JPY,M2 Money Stock y/y,Medium,3.6%,3.6%,
2015-01-13,9:45pm,JPY,30-y Bond Auction,Medium,,1.46|3.1,
2015-01-14,1:45am,EUR,French Final CPI m/m,Medium,0.0%,-0.2%,
2015-01-14,2:35am,EUR,European Court of Justice Ruling,High,,,
2015-01-14,4:00am,EUR,Industrial Production m/m,Medium,0.0%,0.3%,
2015-01-14,4:00am,GBP,CB Leading Index m/m,Medium,,-0.3%,
2015-01-14,4:33am,EUR,German 10-y Bond Auction,Low,,0.74|1.1,
2015-01-14,7:30am,USD,Core Retail Sales m/m,High,0.1%,0.1%,
2015-01-14,7:30am,USD,Retail Sales m/m,High,0.2%,0.4%,
2015-01-14,7:30am,USD,Import Prices m/m,Low,-2.7%,-1.8%,
2015-01-14,8:15am,GBP,BOE Gov Carney Speaks,High,,,
2015-01-14,9:00am,USD,Business Inventories m/m,Low,0.2%,0.2%,
2015-01-14,9:30am,USD,Crude Oil Inventories,Low,1.2M,-3.1M,
2015-01-14,12:01pm,USD,30-y Bond Auction,Medium,,2.85|2.8,
2015-01-14,1:00pm,USD,Beige Book,Medium,,,
2015-01-14,5:50pm,JPY,Core Machinery Orders m/m,Low,4.8%,-6.4%,
2015-01-14,5:50pm,JPY,PPI y/y,Medium,2.2%,2.6%,
2015-01-14,6:01pm,GBP,RICS House Price Balance,Medium,11%,13%,
2015-01-15,4:00am,EUR,Trade Balance,Medium,21.3B,19.6B,
2015-01-15,6:15am,CHF,SNB Chairman Jordan Speaks,High,,,
2015-01-15,7:30am,USD,PPI m/m,High,-0.3%,-0.2%,
2015-01-15,7:30am,USD,Unemployment Claims,High,299K,297K,
2015-01-15,7:30am,USD,Core PPI m/m,Low,0.2%,0.0%,
2015-01-15,7:30am,USD,Empire State Manufacturing Index,Low,5.3,-3.6,
2015-01-15,9:00am,USD,Philly Fed Manufacturing Index,High,20.3,24.5,
2015-01-15,9:30am,USD,Natural Gas Storage,Medium,-224B,-131B,
2015-01-15,10:15am,EUR,German Buba President Weidmann Speaks,High,,,
2015-01-15,5:50pm,JPY,Tertiary Industry Activity m/m,Low,0.3%,-0.1%,
2015-01-16,1:45am,EUR,French Gov Budget Balance,Medium,,-84.7B,
2015-01-16,2:15am,CHF,Retail Sales y/y,Low,1.1%,0.6%,
2015-01-16,4:00am,EUR,Final CPI y/y,Low,-0.2%,-0.2%,
2015-01-16,4:00am,EUR,Final Core CPI y/y,Medium,0.8%,0.8%,
2015-01-16,7:30am,USD,Core CPI m/m,High,0.1%,0.1%,
2015-01-16,7:30am,USD,CPI m/m,High,-0.3%,-0.3%,
2015-01-16,7:30am,USD,CPI y/y,High,0.7%,1.3%,
2015-01-16,8:15am,USD,Capacity Utilization Rate,Low,80.2%,80.0%,
2015-01-16,8:15am,USD,Industrial Production m/m,Low,0.1%,1.3%,
2015-01-16,9:00am,USD,Prelim UoM Consumer Sentiment,High,94.2,93.6,
2015-01-16,9:00am,USD,Prelim UoM Inflation Expectations,Medium,,2.8%,
2015-01-16,10:00am,USD,FOMC Member Williams Speaks,Low,,,
2015-01-16,3:00pm,USD,TIC Long-Term Purchases,Medium,27.3B,-1.4B,
2015-01-18,10:30pm,JPY,Revised Industrial Production m/m,Medium,-0.5%,-0.6%,
2015-01-18,11:00pm,JPY,Consumer Confidence,Medium,38.6,37.7,
2015-01-19,3:00am,EUR,Current Account,Medium,22.7B,19.5B,
2015-01-19,5:00am,EUR,German Buba Monthly Report,Low,,,
2015-01-19,All Day,USD,Bank Holiday,Low,,,
2015-01-20,3:03am,EUR,Italian Trade Balance,Medium,4.32B,5.40B,
2015-01-20,4:00am,EUR,German ZEW Economic Sentiment,High,40.1,34.9,
2015-01-20,4:00am,EUR,ZEW Economic Sentiment,Low,37.6,31.8,
2015-01-20,9:00am,USD,FOMC Member Powell Speaks,Low,,,
2015-01-20,9:00am,USD,NAHB Housing Market Index,Low,58,58,
2015-01-20,8:00pm,USD,President Obama Speaks,Medium,,,
2015-01-20,9:29pm,JPY,Monetary Policy Statement,High,,,
2015-01-20,10:30pm,JPY,All Industries Activity m/m,Medium,0.1%,0.1%,
2015-01-21,3:30am,GBP,Average Earnings Index 3m/y,High,1.7%,1.4%,
2015-01-21,3:30am,GBP,Claimant Count Change,High,-24.2K,-29.6K,
2015-01-21,3:30am,GBP,MPC Official Bank Rate Votes,High,2-0-7,2-0-7,
2015-01-21,3:30am,GBP,MPC Asset Purchase Facility Votes,Low,0-0-9,0-0-9,
2015-01-21,3:30am,GBP,Unemployment Rate,Low,5.9%,6.0%,
2015-01-21,4:00am,CHF,UBS Economic Expectations,Medium,,-4.9,
2015-01-21,7:30am,USD,Building Permits,High,1.06M,1.05M,
2015-01-21,7:30am,USD,Housing Starts,Low,1.04M,1.04M,
2015-01-21,11:00pm,JPY,BOJ Monthly Report,Medium,,,
2015-01-22,3:00am,GBP,MPC Member Miles Speaks,Low,,,
2015-01-22,3:30am,GBP,Public Sector Net Borrowing,Low,9.2B,11.7B,
2015-01-22,4:00am,EUR,Italian Retail Sales m/m,Medium,0.1%,0.0%,
2015-01-22,5:00am,GBP,CBI Industrial Order Expectations,Low,6,5,
2015-01-22,6:45am,EUR,Main Refinancing Rate,High,0.05%,0.05%,
2015-01-22,7:30am,EUR,ECB Press Conference,High,,,
2015-01-22,7:30am,USD,Unemployment Claims,High,301K,317K,
2015-01-22,8:00am,USD,HPI m/m,Medium,0.4%,0.4%,
2015-01-22,9:00am,EUR,Consumer Confidence,Medium,-11,-11,
2015-01-22,9:30am,USD,Natural Gas Storage,Medium,-231B,-236B,
2015-01-22,10:00am,USD,Crude Oil Inventories,Low,2.5M,5.4M,
2015-01-22,7:35pm,JPY,Flash Manufacturing PMI,Medium,52.0,52.0,
2015-01-23,FriJan 23,EUR,French Flash Services PMI,Low,50.9,50.6,
2015-01-23,2:30am,EUR,German Flash Manufacturing PMI,High,51.8,51.2,
2015-01-23,2:30am,EUR,German Flash Services PMI,Low,52.6,52.1,
2015-01-23,3:00am,EUR,Flash Manufacturing PMI,Low,51.0,50.6,
2015-01-23,3:00am,EUR,Flash Services PMI,Low,52.1,51.6,
2015-01-23,3:30am,GBP,Retail Sales m/m,High,-0.6%,1.6%,
2015-01-23,8:00am,EUR,Belgian NBB Business Climate,Medium,-6.1,-6.9,
2015-01-23,8:45am,USD,Flash Manufacturing PMI,Low,54.1,53.9,
2015-01-23,9:00am,USD,Existing Home Sales,Low,5.08M,4.92M,
2015-01-23,9:00am,USD,CB Leading Index m/m,Medium,0.5%,0.4%,
2015-01-25,5:50pm,JPY,Monetary Policy Meeting Minutes,Low,,,
2015-01-25,5:50pm,JPY,Trade Balance,Low,-0.74T,-0.83T,
2015-01-26,All Day,EUR,Eurogroup Meetings,Low,,,
2015-01-26,5:50pm,JPY,SPPI y/y,Medium,3.6%,3.6%,
2015-01-27,TueJan 27,GBP,High Street Lending,Low,36.6K,36.7K,
2015-01-27,TueJan 27,GBP,Index of Services 3m/3m,Medium,1.0%,0.7%,
2015-01-27,All Day,EUR,ECOFIN Meetings,Low,,,
2015-01-27,7:30am,USD,Core Durable Goods Orders m/m,High,0.6%,-0.7%,
2015-01-27,7:30am,USD,Durable Goods Orders m/m,Low,0.6%,-0.9%,
2015-01-27,8:00am,USD,S&P/CS Composite-20 HPI y/y,Medium,4.4%,4.5%,
2015-01-27,8:45am,USD,Flash Services PMI,Medium,53.9,53.3,
2015-01-27,8:59am,USD,Richmond Manufacturing Index,Medium,6,7,
2015-01-27,9:00am,USD,CB Consumer Confidence,High,95.3,93.1,
2015-01-27,9:00am,USD,New Home Sales,High,452K,431K,
2015-01-28,WedJan 28,EUR,German GfK Consumer Climate,Low,9.2,9.0,
2015-01-28,WedJan 28,EUR,German Import Prices m/m,Medium,-1.4%,-0.8%,
2015-01-28,4:34am,EUR,German 30-y Bond Auction,Medium,,1.77|1.2,
2015-01-28,9:30am,USD,Crude Oil Inventories,Low,4.2M,10.1M,
2015-01-28,12:50pm,GBP,BOE Gov Carney Speaks,High,,,
2015-01-28,1:00pm,USD,Federal Funds Rate,High,<0.25%,<0.25%,
2015-01-28,1:00pm,USD,FOMC Statement,High,,,
2015-01-28,5:50pm,JPY,Retail Sales y/y,Low,1.1%,0.5%,
2015-01-29,All Day,EUR,German Prelim CPI m/m,High,-0.8%,0.0%,
2015-01-29,2:55am,EUR,German Unemployment Change,Low,-9K,-25K,
2015-01-29,3:00am,EUR,M3 Money Supply y/y,Low,3.6%,3.1%,
2015-01-29,3:00am,EUR,Private Loans y/y,Low,-0.5%,-0.9%,
2015-01-29,4:19am,EUR,Italian 10-y Bond Auction,Low,,1.89|1.3,
2015-01-29,5:00am,GBP,CBI Realized Sales,Low,31,61,
2015-01-29,7:30am,USD,Unemployment Claims,High,301K,308K,
2015-01-29,9:00am,USD,Pending Home Sales m/m,Low,0.6%,0.6%,
2015-01-29,9:30am,USD,Natural Gas Storage,Medium,-113B,-216B,
2015-01-29,5:30pm,JPY,Household Spending y/y,Low,-2.3%,-2.5%,
2015-01-29,5:30pm,JPY,Tokyo Core CPI y/y,Low,2.2%,2.3%,
2015-01-29,5:30pm,JPY,National Core CPI y/y,Medium,2.6%,2.7%,
2015-01-29,5:30pm,JPY,Unemployment Rate,Medium,3.5%,3.5%,
2015-01-29,5:50pm,JPY,Prelim Industrial Production m/m,Low,1.3%,-0.5%,
2015-01-29,6:05pm,GBP,GfK Consumer Confidence,Medium,-2,-4,
2015-01-29,11:00pm,JPY,Housing Starts y/y,Medium,-14.6%,-14.3%,
2015-01-30,1:45am,EUR,French Consumer Spending m/m,Low,0.3%,0.2%,
2015-01-30,2:00am,CHF,KOF Economic Barometer,Low,94.8,98.8,
2015-01-30,2:00am,EUR,Spanish Flash CPI y/y,Low,-1.5%,-1.0%,
2015-01-30,2:00am,EUR,Spanish Flash GDP q/q,Low,0.5%,0.5%,
2015-01-30,3:00am,EUR,Italian Monthly Unemployment Rate,Medium,13.5%,13.3%,
2015-01-30,3:30am,GBP,Net Lending to Individuals m/m,Low,3.2B,3.1B,
2015-01-30,3:30am,GBP,M4 Money Supply m/m,Medium,0.5%,0.1%,
2015-01-30,3:30am,GBP,Mortgage Approvals,Medium,60K,59K,
2015-01-30,4:00am,EUR,CPI Flash Estimate y/y,High,-0.5%,-0.2%,
2015-01-30,4:00am,EUR,Core CPI Flash Estimate y/y,Low,0.6%,0.7%,
2015-01-30,4:00am,EUR,Unemployment Rate,Low,11.5%,11.5%,
2015-01-30,7:30am,USD,Advance GDP q/q,High,3.0%,5.0%,
2015-01-30,7:30am,USD,Advance GDP Price Index q/q,Low,0.9%,1.4%,
2015-01-30,7:30am,USD,Employment Cost Index q/q,Low,0.6%,0.7%,
2015-01-30,8:45am,USD,Chicago PMI,Low,57.7,58.3,
2015-01-30,9:00am,USD,Revised UoM Consumer Sentiment,Low,98.5,98.2,
2015-01-30,9:00am,USD,Revised UoM Inflation Expectations,Medium,,2.4%,
2015-02-01,7:35pm,JPY,Final Manufacturing PMI,Medium,52.1,52.1,
2015-02-02,2:30am,CHF,Manufacturing PMI,Medium,54.5,54.0,
2015-02-02,2:45am,EUR,Italian Manufacturing PMI,Low,49.3,48.4,
2015-02-02,2:50am,EUR,French Final Manufacturing PMI,Medium,49.5,49.5,
2015-02-02,2:55am,EUR,German Final Manufacturing PMI,Low,51.0,51.0,
2015-02-02,3:00am,EUR,Final Manufacturing PMI,Medium,51.0,51.0,
2015-02-02,3:30am,GBP,Final Manufacturing PMI,High,52.9,52.7,
2015-02-02,7:30am,USD,Core PCE Price Index m/m,Low,0.0%,0.0%,
2015-02-02,7:30am,USD,Personal Spending m/m,Low,-0.1%,0.5%,
2015-02-02,7:30am,USD,Personal Income m/m,Medium,0.2%,0.3%,
2015-02-02,8:45am,USD,Final Manufacturing PMI,Medium,54.1,53.7,
2015-02-02,9:00am,USD,ISM Manufacturing PMI,High,54.9,55.5,
2015-02-02,9:00am,USD,Construction Spending m/m,Medium,0.9%,-0.2%,
2015-02-02,9:00am,USD,ISM Manufacturing Prices,Medium,40.1,38.5,
2015-02-02,1:00pm,USD,Loan Officer Survey,Medium,,,
2015-02-02,5:50pm,JPY,Monetary Base y/y,Medium,40.1%,38.2%,
2015-02-02,9:45pm,JPY,10-y Bond Auction,Medium,,0.30|3.4,
2015-02-03,2:00am,EUR,Spanish Unemployment Change,High,83.4K,-64.4K,
2015-02-03,3:30am,GBP,Construction PMI,High,56.9,57.6,
2015-02-03,4:00am,EUR,PPI m/m,Medium,-0.7%,-0.3%,
2015-02-03,4:00am,EUR,Italian Prelim CPI m/m,Medium,-0.1%,0.0%,
2015-02-03,9:00am,USD,Factory Orders m/m,Low,-1.8%,-1.7%,
2015-02-03,All Day,USD,Total Vehicle Sales,Medium,17.0M,16.9M,
2015-02-03,6:01pm,GBP,BRC Shop Price Index y/y,Medium,,-1.7%,
2015-02-03,7:30pm,JPY,Average Cash Earnings y/y,Low,1.6%,0.1%,
2015-02-04,2:45am,EUR,Italian Services PMI,Low,49.9,49.4,
2015-02-04,2:50am,EUR,French Final Services PMI,Medium,49.5,49.5,
2015-02-04,2:55am,EUR,German Final Services PMI,Low,52.7,52.7,
2015-02-04,3:00am,EUR,Final Services PMI,Medium,52.3,52.3,
2015-02-04,3:30am,GBP,Final Services PMI,High,56.6,55.8,
2015-02-04,4:00am,EUR,Retail Sales m/m,Low,-0.1%,0.7%,
2015-02-04,7:15am,USD,ADP Non-Farm Employment Change,High,224K,253K,
2015-02-04,8:45am,USD,Final Services PMI,Medium,54.3,54.0,
2015-02-04,9:00am,USD,ISM Services PMI,High,56.6,56.2,
2015-02-04,9:30am,USD,Crude Oil Inventories,Low,4.0M,8.9M,
2015-02-04,9:45pm,JPY,30-y Bond Auction,Medium,,1.12|3.6,
2015-02-05,1:00am,EUR,German Factory Orders m/m,Low,1.4%,-2.4%,
2015-02-05,2:00am,GBP,Halifax HPI m/m,Low,0.1%,1.1%,
2015-02-05,3:00am,EUR,ECB Economic Bulletin,Low,,,
2015-02-05,3:10am,EUR,Retail PMI,Medium,,47.6,
2015-02-05,4:00am,EUR,EU Economic Forecasts,Low,,,
2015-02-05,4:00am,EUR,French 10-y Bond Auction,Medium,,0.79|2.0,
2015-02-05,6:00am,GBP,Official Bank Rate,High,0.50%,0.50%,
2015-02-05,6:00am,GBP,Asset Purchase Facility,Low,375B,375B,
2015-02-05,6:30am,USD,Challenger Job Cuts y/y,Medium,,6.6%,
2015-02-05,7:30am,USD,Trade Balance,High,-38.2B,-39.8B,
2015-02-05,7:30am,USD,Unemployment Claims,High,287K,267K,
2015-02-05,7:30am,USD,Prelim Nonfarm Productivity q/q,Low,0.3%,2.3%,
2015-02-05,7:30am,USD,Prelim Unit Labor Costs q/q,Low,1.3%,-1.0%,
2015-02-05,9:30am,USD,Natural Gas Storage,Medium,-119B,-94B,
2015-02-05,11:00pm,JPY,Leading Indicators,Medium,105.5%,103.9%,
2015-02-06,1:45am,EUR,French Gov Budget Balance,Medium,,-90.8B,
2015-02-06,1:45am,EUR,French Trade Balance,Medium,-3.1B,-3.1B,
2015-02-06,2:00am,CHF,Foreign Currency Reserves,High,,495B,
2015-02-06,2:15am,CHF,Retail Sales y/y,Low,0.4%,-0.6%,
2015-02-06,3:30am,GBP,Goods Trade Balance,Low,-9.0B,-9.3B,
2015-02-06,7:30am,USD,Non-Farm Employment Change,High,236K,329K,
2015-02-06,7:30am,USD,Unemployment Rate,High,5.6%,5.6%,
2015-02-06,7:30am,USD,Average Hourly Earnings m/m,Low,0.3%,-0.2%,
2015-02-06,11:45am,USD,FOMC Member Lockhart Speaks,Low,,,
2015-02-06,2:00pm,USD,Consumer Credit m/m,Medium,14.6B,13.5B,
2015-02-08,SunFeb 8,JPY,Bank Lending y/y,Medium,,2.6%,
2015-02-08,11:00pm,JPY,Consumer Confidence,Medium,39.4,38.8,
2015-02-09,1:00am,EUR,German Trade Balance,Medium,18.2B,17.9B,
2015-02-09,3:30am,EUR,Sentix Investor Confidence,Medium,3.4,0.9,
2015-02-09,9:00am,USD,Labor Market Conditions Index m/m,Medium,,7.3,
2015-02-09,3:00pm,USD,FOMC Member Powell Speaks,Low,,,
2015-02-09,5:50pm,JPY,Tertiary Industry Activity m/m,Low,0.1%,0.2%,
2015-02-09,5:50pm,JPY,M2 Money Stock y/y,Medium,3.6%,3.6%,
2015-02-09,6:01pm,GBP,BRC Retail Sales Monitor y/y,Medium,,-0.4%,
2015-02-10,1:45am,EUR,French Industrial Production m/m,Low,0.3%,-0.2%,
2015-02-10,2:15am,CHF,CPI m/m,Low,-0.4%,-0.5%,
2015-02-10,3:00am,EUR,Italian Industrial Production m/m,Medium,0.1%,0.3%,
2015-02-10,3:30am,GBP,Manufacturing Production m/m,High,0.3%,0.8%,
2015-02-10,3:30am,GBP,Industrial Production m/m,Medium,0.3%,-0.1%,
2015-02-10,7:20am,USD,FOMC Member Lacker Speaks,Low,,,
2015-02-10,8:00am,USD,NFIB Small Business Index,Medium,101.3,100.4,
2015-02-10,8:35am,GBP,NIESR GDP Estimate,Low,,0.5%,
2015-02-10,9:00am,USD,JOLTS Job Openings,Low,5.03M,4.85M,
2015-02-10,9:00am,USD,Final Wholesale Inventories m/m,Medium,0.2%,0.8%,
2015-02-10,9:00am,USD,RCM/TIPP Economic Optimism,Medium,51.4,51.5,
2015-02-10,All Day,JPY,Bank Holiday,Low,,,
2015-02-11,4:35am,GBP,30-y Bond Auction,Medium,,2.70|1.8,
2015-02-11,9:30am,USD,Crude Oil Inventories,Low,3.7M,6.3M,
2015-02-11,12:01pm,USD,10-y Bond Auction,Low,,1.93|2.6,
2015-02-11,1:00pm,USD,Federal Budget Balance,Medium,-2.6B,1.9B,
2015-02-11,5:50pm,JPY,Core Machinery Orders m/m,Low,2.4%,1.3%,
2015-02-11,5:50pm,JPY,PPI y/y,Medium,1.2%,1.8%,
2015-02-11,6:01pm,GBP,RICS House Price Balance,Medium,10%,12%,
2015-02-11,11:59pm,JPY,Prelim Machine Tool Orders y/y,Medium,,33.9%,
2015-02-12,2:28am,CHF,PPI m/m,Low,-0.6%,-0.4%,
2015-02-12,4:00am,EUR,Industrial Production m/m,Medium,0.3%,0.1%,
2015-02-12,All Day,EUR,EU Economic Summit,High,,,
2015-02-12,4:30am,GBP,BOE Gov Carney Speaks,High,,,
2015-02-12,4:30am,GBP,BOE Monetary Policy Report,High,,,
2015-02-12,4:30am,GBP,BOE Inflation Letter,Low,,,
2015-02-12,7:30am,USD,Core Retail Sales m/m,High,-0.4%,-0.9%,
2015-02-12,7:30am,USD,Retail Sales m/m,High,-0.4%,-0.9%,
2015-02-12,7:30am,USD,Unemployment Claims,High,282K,279K,
2015-02-12,9:00am,USD,Business Inventories m/m,Low,0.2%,0.2%,
2015-02-12,9:30am,USD,Natural Gas Storage,Medium,-165B,-115B,
2015-02-12,12:01pm,USD,30-y Bond Auction,Medium,,2.43|2.3,
2015-02-13,1:00am,EUR,German Prelim GDP q/q,Low,0.3%,0.1%,
2015-02-13,1:00am,EUR,German WPI m/m,Medium,0.4%,-1.0%,
2015-02-13,1:45am,EUR,French Prelim Private Payrolls q/q,Low,-0.1%,-0.3%,
2015-02-13,3:00am,EUR,Italian Prelim GDP q/q,Low,0.0%,-0.1%,
2015-02-13,3:30am,GBP,Construction Output m/m,Medium,2.6%,-1.8%,
2015-02-13,4:00am,EUR,Flash GDP q/q,Low,0.2%,0.2%,
2015-02-13,7:30am,USD,Import Prices m/m,Low,-3.1%,-1.9%,
2015-02-13,8:30am,GBP,CB Leading Index m/m,Medium,,-0.3%,
2015-02-13,9:00am,USD,Prelim UoM Consumer Sentiment,High,98.2,98.1,
2015-02-13,9:00am,USD,Prelim UoM Inflation Expectations,Medium,,2.5%,
2015-02-15,5:16pm,GBP,Rightmove HPI m/m,Medium,,1.4%,
2015-02-15,5:50pm,JPY,Prelim GDP q/q,High,0.9%,-0.5%,
2015-02-15,5:50pm,JPY,Prelim GDP Price Index y/y,Medium,1.9%,2.0%,
2015-02-15,10:30pm,JPY,Revised Industrial Production m/m,Medium,1.0%,1.0%,
2015-02-16,All Day,EUR,Eurogroup Meetings,High,,,
2015-02-16,5:00am,EUR,German Buba Monthly Report,Medium,,,
2015-02-16,All Day,USD,Bank Holiday,Low,,,
2015-02-17,3:30am,GBP,CPI y/y,High,0.3%,0.5%,
2015-02-17,3:30am,GBP,PPI Input m/m,Low,-2.5%,-3.3%,
2015-02-17,3:30am,GBP,RPI y/y,Low,1.2%,1.6%,
2015-02-17,3:30am,GBP,Core CPI y/y,Medium,1.3%,1.3%,
2015-02-17,3:30am,GBP,ONS HPI y/y,Medium,10.3%,9.9%,
2015-02-17,3:30am,GBP,PPI Output m/m,Medium,-0.2%,-0.5%,
2015-02-17,4:00am,EUR,German ZEW Economic Sentiment,High,55.4,48.4,
2015-02-17,4:00am,EUR,ZEW Economic Sentiment,Low,51.3,45.2,
2015-02-17,All Day,EUR,ECOFIN Meetings,Low,,,
2015-02-17,7:30am,USD,Empire State Manufacturing Index,Low,8.9,10.0,
2015-02-17,9:00am,USD,NAHB Housing Market Index,Low,58,57,
2015-02-17,11:00am,CHF,SNB Chairman Jordan Speaks,High,,,
2015-02-17,8:49pm,JPY,Monetary Policy Statement,High,,,
2015-02-18,3:30am,GBP,Average Earnings Index 3m/y,High,1.7%,1.8%,
2015-02-18,3:30am,GBP,Claimant Count Change,High,-25.2K,-35.8K,
2015-02-18,3:30am,GBP,MPC Official Bank Rate Votes,High,0-0-9,0-0-9,
2015-02-18,3:30am,GBP,MPC Asset Purchase Facility Votes,Low,0-0-9,0-0-9,
2015-02-18,3:30am,GBP,Unemployment Rate,Low,5.8%,5.8%,
2015-02-18,4:00am,CHF,UBS Economic Expectations,Medium,,-10.8,
2015-02-18,All Day,EUR,Greek Presidential Elections,Medium,,,
2015-02-18,4:33am,EUR,German 10-y Bond Auction,Low,,0.52|1.3,
2015-02-18,7:30am,USD,Building Permits,High,1.08M,1.06M,
2015-02-18,7:30am,USD,PPI m/m,High,-0.4%,-0.3%,
2015-02-18,7:30am,USD,Core PPI m/m,Low,0.1%,0.3%,
2015-02-18,7:30am,USD,Housing Starts,Low,1.07M,1.09M,
2015-02-18,8:15am,USD,Capacity Utilization Rate,Low,79.9%,79.4%,
2015-02-18,8:15am,USD,Industrial Production m/m,Low,0.5%,-0.3%,
2015-02-18,1:00pm,USD,FOMC Meeting Minutes,High,,,
2015-02-18,3:00pm,USD,TIC Long-Term Purchases,Medium,41.3B,33.5B,
2015-02-18,4:00pm,USD,FOMC Member Powell Speaks,Low,,,
2015-02-18,5:50pm,JPY,Trade Balance,Low,-0.95T,-0.62T,
2015-02-18,10:30pm,JPY,All Industries Activity m/m,Medium,-0.2%,0.0%,
2015-02-18,11:00pm,JPY,BOJ Monthly Report,Medium,,,
2015-02-19,1:45am,EUR,French Final CPI m/m,Medium,-0.9%,0.1%,
2015-02-19,3:00am,EUR,Current Account,Medium,23.3B,19.9B,
2015-02-19,3:43am,EUR,Spanish 10-y Bond Auction,Medium,,1.73|1.8,
2015-02-19,5:00am,GBP,CBI Industrial Order Expectations,Low,7,4,
2015-02-19,6:30am,EUR,ECB Monetary Policy Meeting Accounts,High,,,
2015-02-19,7:30am,USD,Unemployment Claims,High,293K,304K,
2015-02-19,8:59am,EUR,Consumer Confidence,Medium,-8,-9,
2015-02-19,9:00am,USD,Philly Fed Manufacturing Index,High,8.8,6.3,
2015-02-19,9:00am,USD,CB Leading Index m/m,Medium,0.4%,0.4%,
2015-02-19,9:30am,USD,Natural Gas Storage,Medium,-110B,-160B,
2015-02-19,10:00am,USD,Crude Oil Inventories,Low,-1.8M,4.9M,
2015-02-19,10:30am,EUR,German Buba President Weidmann Speaks,Low,,,
2015-02-19,7:35pm,JPY,Flash Manufacturing PMI,Medium,52.6,52.2,
2015-02-20,2:00am,EUR,French Flash Manufacturing PMI,High,49.7,49.2,
2015-02-20,2:00am,EUR,French Flash Services PMI,Low,49.9,49.4,
2015-02-20,2:30am,EUR,German Flash Manufacturing PMI,High,51.8,50.9,
2015-02-20,2:30am,EUR,German Flash Services PMI,Low,54.3,54.0,
2015-02-20,3:00am,EUR,Flash Manufacturing PMI,Low,51.6,51.0,
2015-02-20,3:00am,EUR,Flash Services PMI,Low,53.2,52.7,
2015-02-20,3:30am,GBP,Retail Sales m/m,High,-0.1%,0.2%,
2015-02-20,3:30am,GBP,Public Sector Net Borrowing,Low,-9.5B,9.9B,
2015-02-20,All Day,EUR,Eurogroup Meetings,High,,,
2015-02-20,8:45am,USD,Flash Manufacturing PMI,Low,53.7,53.9,
2015-02-23,5:00am,GBP,CBI Realized Sales,Low,42,39,
2015-02-23,9:00am,USD,Existing Home Sales,Low,5.03M,5.07M,
2015-02-23,5:50pm,JPY,SPPI y/y,Medium,3.6%,3.5%,
2015-02-24,2:15am,CHF,Employment Level,Low,4.22M,4.23M,
2015-02-24,3:10am,GBP,MPC Member Forbes Speaks,Low,,,
2015-02-24,4:00am,EUR,Final CPI y/y,Low,-0.6%,-0.6%,
2015-02-24,4:00am,EUR,Final Core CPI y/y,Medium,0.6%,0.6%,
2015-02-24,4:00am,GBP,Monetary Policy Report Hearings,High,,,
2015-02-24,All Day,EUR,Eurogroup Meetings,High,,,
2015-02-24,8:00am,EUR,ECB President Draghi Speaks,High,,,
2015-02-24,8:00am,EUR,Belgian NBB Business Climate,Medium,-8.4,-8.8,
2015-02-24,8:00am,USD,S&P/CS Composite-20 HPI y/y,Medium,4.5%,4.3%,
2015-02-24,8:45am,USD,Flash Services PMI,Medium,54.5,54.2,
2015-02-24,8:59am,USD,Richmond Manufacturing Index,Medium,7,6,
2015-02-24,9:00am,USD,CB Consumer Confidence,High,99.6,103.8,
2015-02-24,9:00am,USD,Fed Chair Yellen Testifies,High,,,
2015-02-24,9:00am,USD,Fed Monetary Policy Report,Medium,,,
2015-02-25,3:30am,GBP,High Street Lending,Low,36.2K,35.8K,
2015-02-25,4:00am,GBP,BOE Gov Carney Speaks,High,,,
2015-02-25,9:00am,USD,Fed Chair Yellen Testifies,High,,,
2015-02-25,9:00am,USD,New Home Sales,High,471K,482K,
2015-02-25,9:00am,USD,Mortgage Delinquencies,Low,,5.85%,
2015-02-25,9:30am,USD,Crude Oil Inventories,Low,3.6M,7.7M,
2015-02-25,10:30am,EUR,ECB President Draghi Speaks,High,,,
2015-02-26,2:55am,EUR,German Unemployment Change,Low,-10K,-10K,
2015-02-26,3:00am,EUR,M3 Money Supply y/y,Low,3.7%,3.6%,
2015-02-26,3:00am,EUR,Private Loans y/y,Low,-0.3%,-0.5%,
2015-02-26,3:00am,EUR,Italian Retail Sales m/m,Medium,0.0%,0.1%,
2015-02-26,3:30am,GBP,Second Estimate GDP q/q,High,0.5%,0.5%,
2015-02-26,3:30am,GBP,Prelim Business Investment q/q,Low,2.0%,-1.4%,
2015-02-26,3:30am,GBP,Index of Services 3m/3m,Medium,0.7%,0.7%,
2015-02-26,4:23am,EUR,Italian 10-y Bond Auction,Medium,,1.62|1.4,
2015-02-26,7:30am,USD,Core CPI m/m,High,0.1%,0.0%,
2015-02-26,7:30am,USD,CPI m/m,High,-0.6%,-0.4%,
2015-02-26,7:30am,USD,CPI y/y,High,-0.1%,0.8%,
2015-02-26,7:30am,USD,Unemployment Claims,High,288K,282K,
2015-02-26,7:30am,USD,Core Durable Goods Orders m/m,Low,0.6%,-0.9%,
2015-02-26,7:30am,USD,Durable Goods Orders m/m,Medium,1.7%,-3.3%,
2015-02-26,8:00am,USD,HPI m/m,Medium,0.5%,0.7%,
2015-02-26,9:30am,USD,Natural Gas Storage,Medium,-241B,-111B,
2015-02-26,11:30am,GBP,MPC Member Shafik Speaks,Low,,,
2015-02-26,12:00pm,USD,FOMC Member Lockhart Speaks,Low,,,
2015-02-26,5:05pm,GBP,GfK Consumer Confidence,Medium,2,1,
2015-02-26,5:30pm,JPY,Household Spending y/y,Low,-4.0%,-3.4%,
2015-02-26,5:30pm,JPY,Tokyo Core CPI y/y,Low,2.2%,2.2%,
2015-02-26,5:30pm,JPY,National Core CPI y/y,Medium,2.4%,2.5%,
2015-02-26,5:30pm,JPY,Unemployment Rate,Medium,3.4%,3.4%,
2015-02-26,5:50pm,JPY,Prelim Industrial Production m/m,Low,2.9%,0.8%,
2015-02-26,5:50pm,JPY,Retail Sales y/y,Low,-1.2%,0.1%,
2015-02-26,11:00pm,JPY,Housing Starts y/y,Medium,-11.1%,-14.7%,
2015-02-27,All Day,EUR,German Prelim CPI m/m,High,0.6%,-1.1%,
2015-02-27,1:45am,EUR,French Consumer Spending m/m,Low,-0.3%,1.6%,
2015-02-27,2:00am,CHF,KOF Economic Barometer,Low,89.1,96.1,
2015-02-27,2:00am,EUR,Spanish Flash CPI y/y,Low,-1.5%,-1.3%,
2015-02-27,4:00am,EUR,Italian Prelim CPI m/m,Medium,0.2%,-0.4%,
2015-02-27,7:30am,USD,Prelim GDP q/q,High,2.1%,2.6%,
2015-02-27,7:30am,USD,Prelim GDP Price Index q/q,Medium,0.0%,0.0%,
2015-02-27,8:45am,USD,Chicago PMI,Low,58.4,59.4,
2015-02-27,9:00am,USD,Pending Home Sales m/m,Low,2.5%,-1.5%,
2015-02-27,9:00am,USD,Revised UoM Consumer Sentiment,Low,94.2,93.6,
2015-02-27,9:00am,USD,Revised UoM Inflation Expectations,Medium,,2.8%,
2015-02-27,9:15am,USD,FOMC Member Dudley Speaks,Low,,,
2015-02-27,12:30pm,USD,FOMC Member Fischer Speaks,Low,,,
2015-03-01,5:50pm,JPY,Capital Spending q/y,Medium,4.1%,5.5%,
2015-03-01,7:35pm,JPY,Final Manufacturing PMI,Medium,51.5,51.5,
2015-03-02,2:15am,EUR,Spanish Manufacturing PMI,Low,55.2,54.7,
2015-03-02,2:30am,CHF,Manufacturing PMI,Medium,47.4,48.2,
2015-03-02,2:45am,EUR,Italian Manufacturing PMI,Low,50.2,49.9,
2015-03-02,2:50am,EUR,French Final Manufacturing PMI,Medium,47.7,47.7,
2015-03-02,2:55am,EUR,German Final Manufacturing PMI,Low,50.9,50.9,
2015-03-02,3:00am,EUR,Final Manufacturing PMI,Medium,51.1,51.1,
2015-03-02,3:00am,EUR,Italian Monthly Unemployment Rate,Medium,12.9%,12.7%,
2015-03-02,3:00am,EUR,Italian Quarterly Unemployment Rate,Medium,12.8%,12.8%,
2015-03-02,3:30am,GBP,Final Manufacturing PMI,High,53.5,53.1,
2015-03-02,3:30am,GBP,Net Lending to Individuals m/m,Low,2.7B,2.1B,
2015-03-02,3:30am,GBP,M4 Money Supply m/m,Medium,0.3%,0.1%,
2015-03-02,3:30am,GBP,Mortgage Approvals,Medium,61K,60K,
2015-03-02,4:00am,EUR,CPI Flash Estimate y/y,High,-0.5%,-0.6%,
2015-03-02,4:00am,EUR,Core CPI Flash Estimate y/y,Low,0.6%,0.6%,
2015-03-02,4:00am,EUR,Unemployment Rate,Low,11.4%,11.3%,
2015-03-02,7:30am,USD,Core PCE Price Index m/m,Low,0.1%,0.0%,
2015-03-02,7:30am,USD,Personal Spending m/m,Low,0.0%,-0.3%,
2015-03-02,7:30am,USD,Personal Income m/m,Medium,0.4%,0.3%,
2015-03-02,8:45am,USD,Final Manufacturing PMI,Medium,54.3,54.3,
2015-03-02,9:00am,USD,ISM Manufacturing PMI,High,53.4,53.5,
2015-03-02,9:00am,USD,Construction Spending m/m,Medium,0.4%,0.8%,
2015-03-02,9:00am,USD,ISM Manufacturing Prices,Medium,36.2,35.0,
2015-03-02,5:50pm,JPY,Monetary Base y/y,Medium,34.3%,37.4%,
2015-03-02,7:30pm,JPY,Average Cash Earnings y/y,Low,0.6%,1.3%,
2015-03-02,9:45pm,JPY,10-y Bond Auction,Medium,,0.31|2.7,
2015-03-03,1:00am,EUR,German Retail Sales m/m,Low,0.5%,0.6%,
2015-03-03,2:00am,EUR,Spanish Unemployment Change,High,10.5K,78.0K,
2015-03-03,3:30am,GBP,Construction PMI,High,59.0,59.1,
2015-03-03,4:00am,EUR,PPI m/m,Medium,-0.5%,-1.0%,
2015-03-03,4:00am,GBP,BOE Gov Carney Speaks,High,,,
2015-03-03,9:00am,USD,RCM/TIPP Economic Optimism,Medium,48.3,47.5,
2015-03-03,All Day,USD,Total Vehicle Sales,Medium,16.8M,16.7M,
2015-03-03,6:01pm,GBP,BRC Shop Price Index y/y,Medium,,-1.3%,
2015-03-03,7:15pm,USD,Fed Chair Yellen Speaks,High,,,
2015-03-04,2:45am,EUR,Italian Services PMI,Low,51.8,51.2,
2015-03-04,2:50am,EUR,French Final Services PMI,Medium,53.4,53.4,
2015-03-04,2:55am,EUR,German Final Services PMI,Low,55.5,55.5,
2015-03-04,3:00am,EUR,Final Services PMI,Medium,53.9,53.9,
2015-03-04,3:30am,GBP,Final Services PMI,High,57.6,57.2,
2015-03-04,4:00am,EUR,Retail Sales m/m,Low,0.2%,0.4%,
2015-03-04,7:15am,USD,ADP Non-Farm Employment Change,High,219K,250K,
2015-03-04,8:00am,USD,FOMC Member Evans Speaks,Low,,,
2015-03-04,8:45am,USD,Final Services PMI,Medium,54.8,57.0,
2015-03-04,9:00am,USD,ISM Services PMI,High,56.5,56.7,
2015-03-04,9:30am,USD,Crude Oil Inventories,Low,4.0M,8.4M,
2015-03-04,1:00pm,USD,Beige Book,Medium,,,
2015-03-04,9:45pm,JPY,30-y Bond Auction,Medium,,1.46|2.7,
2015-03-05,1:58am,GBP,Halifax HPI m/m,Low,-0.2%,1.9%,
2015-03-05,3:10am,EUR,Retail PMI,Medium,,46.6,
2015-03-05,3:59am,EUR,French 10-y Bond Auction,Medium,,0.61|1.9,
2015-03-05,6:00am,GBP,Official Bank Rate,High,0.50%,0.50%,
2015-03-05,6:00am,GBP,Asset Purchase Facility,Low,375B,375B,
2015-03-05,6:30am,USD,Challenger Job Cuts y/y,Medium,,17.6%,
2015-03-05,6:45am,EUR,Main Refinancing Rate,High,0.05%,0.05%,
2015-03-05,7:30am,EUR,ECB Press Conference,High,,,
2015-03-05,7:30am,USD,Unemployment Claims,High,293K,313K,
2015-03-05,7:30am,USD,Revised Nonfarm Productivity q/q,Low,-2.3%,-1.8%,
2015-03-05,7:30am,USD,Revised Unit Labor Costs q/q,Medium,3.3%,2.7%,
2015-03-05,9:00am,USD,Factory Orders m/m,Low,0.2%,-3.5%,
2015-03-05,9:00am,USD,FOMC Member Williams Speaks,Low,,,
2015-03-05,9:30am,USD,Natural Gas Storage,Medium,-224B,-219B,
2015-03-05,3:30pm,USD,Bank Stress Test Results,Low,,,
2015-03-05,11:00pm,JPY,Leading Indicators,Medium,105.9%,105.6%,
2015-03-06,1:45am,EUR,French Gov Budget Balance,Medium,,-85.6B,
2015-03-06,1:45am,EUR,French Trade Balance,Medium,-3.0B,-3.3B,
2015-03-06,2:00am,CHF,Foreign Currency Reserves,High,,499B,
2015-03-06,2:15am,CHF,CPI m/m,Low,0.0%,-0.4%,
2015-03-06,3:30am,GBP,Consumer Inflation Expectations,Medium,,2.5%,
2015-03-06,4:00am,EUR,Revised GDP q/q,Medium,0.3%,0.3%,
2015-03-06,7:30am,USD,Non-Farm Employment Change,High,240K,239K,
2015-03-06,7:30am,USD,Unemployment Rate,High,5.6%,5.7%,
2015-03-06,7:30am,USD,Average Hourly Earnings m/m,Low,0.2%,0.5%,
2015-03-06,7:30am,USD,Trade Balance,Low,-41.3B,-45.6B,
2015-03-06,2:00pm,USD,Consumer Credit m/m,Medium,14.7B,17.9B,
2015-03-08,SunMar 8,USD,Daylight Saving Time Shift,Low,,,
2015-03-08,6:50pm,JPY,Current Account,Low,1.16T,0.85T,
2015-03-08,6:50pm,JPY,Final GDP q/q,Low,0.5%,0.6%,
2015-03-08,6:50pm,JPY,Bank Lending y/y,Medium,,2.5%,
2015-03-08,6:50pm,JPY,Final GDP Price Index y/y,Medium,2.3%,2.3%,
2015-03-09,2:00am,EUR,German Trade Balance,Medium,20.4B,21.6B,
2015-03-09,4:30am,EUR,Sentix Investor Confidence,Medium,15.3,12.4,
2015-03-09,All Day,EUR,Eurogroup Meetings,High,,,
2015-03-09,9:00am,USD,Labor Market Conditions Index m/m,Medium,,4.8,
2015-03-09,12:30pm,EUR,German Buba President Weidmann Speaks,Low,,,
2015-03-09,6:50pm,JPY,M2 Money Stock y/y,Medium,3.5%,3.4%,
2015-03-09,7:01pm,GBP,BRC Retail Sales Monitor y/y,Medium,,0.2%,
2015-03-10,1:45am,CHF,Unemployment Rate,Medium,3.2%,3.2%,
2015-03-10,2:45am,EUR,French Industrial Production m/m,Low,-0.2%,1.4%,
2015-03-10,4:00am,EUR,Italian Industrial Production m/m,Medium,0.2%,0.4%,
2015-03-10,All Day,EUR,ECOFIN Meetings,Low,,,
2015-03-10,8:00am,USD,NFIB Small Business Index,Medium,99.2,97.9,
2015-03-10,9:00am,USD,JOLTS Job Openings,Low,5.04M,4.88M,
2015-03-10,9:00am,USD,Final Wholesale Inventories m/m,Medium,0.0%,0.0%,
2015-03-10,9:35am,GBP,BOE Gov Carney Speaks,High,,,
2015-03-10,1:30pm,GBP,MPC Member McCafferty Speaks,Low,,,
2015-03-10,6:50pm,JPY,Core Machinery Orders m/m,Low,-3.9%,8.3%,
2015-03-10,6:50pm,JPY,PPI y/y,Medium,0.5%,0.3%,
2015-03-11,1:30am,EUR,French Final Private Payrolls q/q,Medium,0.0%,0.0%,
2015-03-11,3:00am,EUR,ECB President Draghi Speaks,High,,,
2015-03-11,4:30am,GBP,Manufacturing Production m/m,High,0.2%,0.1%,
2015-03-11,4:30am,GBP,Industrial Production m/m,Medium,0.2%,-0.2%,
2015-03-11,9:30am,USD,Crude Oil Inventories,Low,4.5M,10.3M,
2015-03-11,9:57am,GBP,NIESR GDP Estimate,Low,,0.6%,
2015-03-11,10:00am,GBP,MPC Member Weale Speaks,Low,,,
2015-03-11,12:01pm,USD,10-y Bond Auction,Low,,2.00|2.6,
2015-03-11,3:30pm,USD,Bank Stress Test Results,Low,,,
2015-03-11,6:50pm,JPY,BSI Manufacturing Index,Low,5.7,8.1,
2015-03-11,6:50pm,JPY,Tertiary Industry Activity m/m,Medium,0.6%,0.0%,
2015-03-11,7:01pm,GBP,RICS House Price Balance,Medium,6%,7%,
2015-03-12,2:00am,EUR,German Final CPI m/m,Medium,0.9%,0.9%,
2015-03-12,2:45am,EUR,French Final CPI m/m,Medium,0.6%,-1.0%,
2015-03-12,4:30am,GBP,Goods Trade Balance,Low,-9.7B,-9.9B,
2015-03-12,4:43am,EUR,Spanish 10-y Bond Auction,Medium,,1.62|2.0,
2015-03-12,5:00am,EUR,German Buba President Weidmann Speaks,Low,,,
2015-03-12,5:00am,EUR,Industrial Production m/m,Medium,0.3%,0.3%,
2015-03-12,7:30am,USD,Core Retail Sales m/m,High,0.6%,-1.1%,
2015-03-12,7:30am,USD,Retail Sales m/m,High,0.3%,-0.8%,
2015-03-12,7:30am,USD,Unemployment Claims,High,306K,325K,
2015-03-12,7:30am,USD,Import Prices m/m,Low,0.2%,-3.1%,
2015-03-12,7:45am,GBP,BOE Gov Carney Speaks,High,,,
2015-03-12,9:00am,USD,Business Inventories m/m,Low,0.2%,0.0%,
2015-03-12,9:30am,USD,Natural Gas Storage,Medium,-189B,-228B,
2015-03-12,12:01pm,USD,30-y Bond Auction,Medium,,2.56|2.3,
2015-03-12,1:00pm,USD,Federal Budget Balance,Medium,-188.9B,-17.5B,
2015-03-12,11:30pm,JPY,Revised Industrial Production m/m,Medium,4.0%,4.0%,
2015-03-13,4:00am,GBP,MPC Member Shafik Speaks,Low,,,
2015-03-13,4:30am,GBP,Construction Output m/m,Medium,1.4%,0.6%,
2015-03-13,7:30am,USD,PPI m/m,High,0.2%,-0.8%,
2015-03-13,7:30am,USD,Core PPI m/m,Low,0.1%,-0.1%,
2015-03-13,9:00am,USD,Prelim UoM Consumer Sentiment,High,95.6,95.4,
2015-03-13,9:00am,USD,Prelim UoM Inflation Expectations,Medium,,2.8%,
2015-03-13,10:15am,GBP,MPC Member Haldane Speaks,Low,,,
2015-03-15,6:01pm,GBP,Rightmove HPI m/m,Medium,,2.1%,
2015-03-16,MonMar 16,CHF,Retail Sales y/y,Low,2.6%,1.9%,
2015-03-16,7:30am,USD,Empire State Manufacturing Index,Low,8.1,7.8,
2015-03-16,8:15am,USD,Capacity Utilization Rate,Low,79.5%,79.1%,
2015-03-16,8:15am,USD,Industrial Production m/m,Low,0.3%,-0.3%,
2015-03-16,8:30am,GBP,CB Leading Index m/m,Medium,,0.0%,
2015-03-16,9:00am,USD,NAHB Housing Market Index,Low,57,55,
2015-03-16,1:45pm,EUR,ECB President Draghi Speaks,High,,,
2015-03-16,3:00pm,USD,TIC Long-Term Purchases,Medium,27.2B,39.2B,
2015-03-16,10:04pm,JPY,Monetary Policy Statement,High,,,
2015-03-17,5:00am,EUR,German ZEW Economic Sentiment,High,58.9,53.0,
2015-03-17,5:00am,EUR,Final CPI y/y,Low,-0.3%,-0.3%,
2015-03-17,5:00am,EUR,ZEW Economic Sentiment,Low,58.2,52.7,
2015-03-17,5:00am,EUR,Final Core CPI y/y,Medium,0.6%,0.6%,
2015-03-17,5:00am,EUR,Final Employment Change q/q,Medium,0.1%,0.4%,
2015-03-17,7:30am,USD,Building Permits,High,1.07M,1.06M,
2015-03-17,7:30am,USD,Housing Starts,Low,1.05M,1.08M,
2015-03-17,9:00am,USD,Treasury Sec Lew Speaks,Low,,,
2015-03-17,6:50pm,JPY,Trade Balance,Low,-1.21T,-0.41T,
2015-03-18,4:00am,EUR,Italian Trade Balance,Medium,4.32B,5.74B,
2015-03-18,4:30am,GBP,Average Earnings Index 3m/y,High,2.2%,2.1%,
2015-03-18,4:30am,GBP,Claimant Count Change,High,-30.6K,-39.4K,
2015-03-18,4:30am,GBP,MPC Official Bank Rate Votes,High,0-0-9,0-0-9,
2015-03-18,4:30am,GBP,MPC Asset Purchase Facility Votes,Low,0-0-9,0-0-9,
2015-03-18,4:30am,GBP,Unemployment Rate,Low,5.6%,5.7%,
2015-03-18,5:00am,CHF,UBS Economic Expectations,Medium,,-73.0,
2015-03-18,5:33am,EUR,German 10-y Bond Auction,Medium,,0.37|1.4,
2015-03-18,7:30am,GBP,Annual Budget Release,High,,,
2015-03-18,9:30am,USD,Crude Oil Inventories,Low,4.0M,4.5M,
2015-03-18,1:00pm,USD,Federal Funds Rate,High,<0.25%,<0.25%,
2015-03-18,1:00pm,USD,FOMC Economic Projections,High,,,
2015-03-18,1:00pm,USD,FOMC Statement,High,,,
2015-03-18,1:00pm,USD,Treasury Sec Lew Speaks,Low,,,
2015-03-18,1:30pm,USD,FOMC Press Conference,High,,,
2015-03-18,11:30pm,JPY,All Industries Activity m/m,Medium,1.9%,-0.1%,
2015-03-19,2:00am,CHF,Trade Balance,Low,2.87B,3.41B,
2015-03-19,3:30am,CHF,Libor Rate,High,-0.75%,-0.75%,
2015-03-19,3:30am,CHF,SNB Monetary Policy Assessment,High,,,
2015-03-19,3:30am,CHF,SNB Press Conference,High,,,
2015-03-19,4:00am,EUR,ECB Economic Bulletin,Medium,,,
2015-03-19,Day 1,EUR,EU Economic Summit,High,,,
2015-03-19,5:20am,EUR,Long Term Refinancing Operation,High,40.0B,129.8B,
2015-03-19,5:36am,GBP,10-y Bond Auction,Medium,,1.62|1.6,
2015-03-19,7:30am,USD,Unemployment Claims,High,295K,290K,
2015-03-19,7:30am,USD,Current Account,Low,-103B,-99B,
2015-03-19,9:00am,USD,Philly Fed Manufacturing Index,High,7.2,5.2,
2015-03-19,9:00am,USD,CB Leading Index m/m,Medium,0.3%,0.2%,
2015-03-19,9:00am,USD,FOMC Member Tarullo Speaks,Medium,,,
2015-03-19,9:30am,USD,Natural Gas Storage,Medium,-50B,-198B,
2015-03-19,6:50pm,JPY,Monetary Policy Meeting Minutes,Low,,,
2015-03-20,4:00am,EUR,Current Account,Medium,21.3B,22.5B,
2015-03-20,4:30am,GBP,Public Sector Net Borrowing,Low,7.7B,-8.9B,
2015-03-20,Day 2,EUR,EU Economic Summit,Low,,,
2015-03-20,9:20am,USD,FOMC Member Lockhart Speaks,Low,,,
2015-03-20,10:30am,USD,FOMC Member Evans Speaks,Low,,,
2015-03-23,MonMar 23,GBP,CBI Industrial Order Expectations,Low,9,10,
2015-03-23,9:00am,EUR,ECB President Draghi Speaks,High,,,
2015-03-23,9:00am,USD,Existing Home Sales,Low,4.91M,4.82M,
2015-03-23,10:00am,EUR,Consumer Confidence,Medium,-6,-7,
2015-03-23,11:20am,USD,FOMC Member Fischer Speaks,High,,,
2015-03-23,8:15pm,USD,FOMC Member Williams Speaks,Low,,,
2015-03-23,8:35pm,JPY,Flash Manufacturing PMI,Medium,52.1,51.6,
2015-03-24,TueMar 24,EUR,French Flash Services PMI,Low,53.1,53.4,
2015-03-24,3:30am,EUR,German Flash Manufacturing PMI,High,51.5,51.1,
2015-03-24,3:30am,EUR,German Flash Services PMI,Low,55.0,54.7,
2015-03-24,4:00am,EUR,Flash Manufacturing PMI,Low,51.6,51.0,
2015-03-24,4:00am,EUR,Flash Services PMI,Low,53.9,53.7,
2015-03-24,4:30am,GBP,CPI y/y,High,0.1%,0.3%,
2015-03-24,4:30am,GBP,PPI Input m/m,Low,1.6%,-3.6%,
2015-03-24,4:30am,GBP,RPI y/y,Low,0.9%,1.1%,
2015-03-24,4:30am,GBP,Core CPI y/y,Medium,1.3%,1.4%,
2015-03-24,4:30am,GBP,ONS HPI y/y,Medium,10.2%,9.8%,
2015-03-24,4:30am,GBP,PPI Output m/m,Medium,-0.1%,-0.4%,
2015-03-24,7:30am,USD,Core CPI m/m,High,0.1%,0.2%,
2015-03-24,7:30am,USD,CPI m/m,High,0.2%,-0.7%,
2015-03-24,7:30am,USD,CPI y/y,High,-0.1%,-0.1%,
2015-03-24,8:00am,USD,HPI m/m,Medium,0.5%,0.7%,
2015-03-24,8:45am,USD,Flash Manufacturing PMI,Low,54.9,55.1,
2015-03-24,8:59am,USD,Richmond Manufacturing Index,Medium,2,0,
2015-03-24,9:00am,EUR,Belgian NBB Business Climate,Medium,-7.5,-8.3,
2015-03-24,9:00am,USD,New Home Sales,Low,466K,500K,
2015-03-24,6:50pm,JPY,SPPI y/y,Medium,3.3%,3.5%,
2015-03-25,4:00am,EUR,German ifo Business Climate,High,107.4,106.8,
2015-03-25,4:30am,GBP,High Street Lending,Medium,36.9K,36.5K,
2015-03-25,5:30am,USD,FOMC Member Evans Speaks,Low,,,
2015-03-25,7:30am,USD,Core Durable Goods Orders m/m,High,0.3%,0.0%,
2015-03-25,7:30am,USD,Durable Goods Orders m/m,Low,0.3%,2.0%,
2015-03-25,9:00am,CHF,SNB Quarterly Bulletin,Medium,,,
2015-03-25,9:30am,USD,Crude Oil Inventories,Low,5.0M,9.6M,
2015-03-26,4:00am,EUR,M3 Money Supply y/y,Low,4.3%,3.7%,
2015-03-26,4:00am,EUR,Private Loans y/y,Low,0.1%,-0.2%,
2015-03-26,4:30am,GBP,Retail Sales m/m,High,0.4%,0.1%,
2015-03-26,4:30am,GBP,FPC Statement,Low,,,
2015-03-26,6:00am,GBP,CBI Realized Sales,Low,16,1,
2015-03-26,7:30am,USD,Unemployment Claims,High,291K,291K,
2015-03-26,8:00am,USD,FOMC Member Lockhart Speaks,Low,,,
2015-03-26,8:45am,USD,Flash Services PMI,Medium,57.2,57.1,
2015-03-26,9:30am,USD,Natural Gas Storage,Medium,10B,-45B,
2015-03-26,12:00pm,CHF,Gov Board Member Zurbrugg Speaks,High,,,
2015-03-26,12:30pm,GBP,BOE Gov Carney Speaks,Low,,,
2015-03-26,6:30pm,JPY,Household Spending y/y,Low,-3.1%,-5.1%,
2015-03-26,6:30pm,JPY,Tokyo Core CPI y/y,Low,2.2%,2.2%,
2015-03-26,6:30pm,JPY,National Core CPI y/y,Medium,2.1%,2.2%,
2015-03-26,6:30pm,JPY,Unemployment Rate,Medium,3.5%,3.6%,
2015-03-26,6:50pm,JPY,Retail Sales y/y,Low,-1.4%,-2.0%,
2015-03-27,FriMar 27,GBP,Nationwide HPI m/m,Low,0.2%,-0.1%,
2015-03-27,3:00am,GBP,MPC Member Haldane Speaks,Low,,,
2015-03-27,3:45am,GBP,BOE Gov Carney Speaks,Low,,,
2015-03-27,4:15am,GBP,MPC Member Broadbent Speaks,Low,,,
2015-03-27,5:00am,EUR,Italian Retail Sales m/m,Medium,0.1%,-0.1%,
2015-03-27,5:30am,USD,FOMC Member Fischer Speaks,Low,,,
2015-03-27,7:30am,USD,Final GDP q/q,High,2.4%,2.2%,
2015-03-27,7:30am,USD,Final GDP Price Index q/q,Medium,0.1%,0.1%,
2015-03-27,9:00am,USD,Revised UoM Consumer Sentiment,Low,92.5,91.2,
2015-03-27,9:00am,USD,Revised UoM Inflation Expectations,Medium,,3.0%,
2015-03-27,2:45pm,USD,Fed Chair Yellen Speaks,High,,,
2015-03-28,SatMar 28,EUR,Daylight Saving Time Shift,Low,,,
2015-03-28,SatMar 28,GBP,Daylight Saving Time Shift,Low,,,
2015-03-30,2:00am,CHF,KOF Economic Barometer,Low,89.3,90.3,
2015-03-30,2:00am,EUR,Spanish Flash CPI y/y,Low,-1.0%,-1.1%,
2015-03-30,3:30am,GBP,Net Lending to Individuals m/m,Low,2.5B,2.4B,
2015-03-30,3:30am,GBP,M4 Money Supply m/m,Medium,-0.2%,-0.7%,
2015-03-30,3:30am,GBP,Mortgage Approvals,Medium,62K,61K,
2015-03-30,4:21am,EUR,Italian 10-y Bond Auction,Medium,,1.36|1.5,
2015-03-30,7:30am,USD,Core PCE Price Index m/m,Low,0.1%,0.1%,
2015-03-30,7:30am,USD,Personal Spending m/m,Low,0.3%,-0.2%,
2015-03-30,7:30am,USD,Personal Income m/m,Medium,0.3%,0.4%,
2015-03-30,9:00am,USD,Pending Home Sales m/m,Low,0.5%,1.2%,
2015-03-30,5:58pm,GBP,GfK Consumer Confidence,Medium,1,1,
2015-03-30,6:15pm,USD,FOMC Member Fischer Speaks,Low,,,
2015-03-31,1:00am,EUR,German Retail Sales m/m,Low,-0.9%,2.3%,
2015-03-31,1:45am,EUR,French Consumer Spending m/m,Low,0.3%,0.7%,
2015-03-31,2:55am,EUR,German Unemployment Change,Low,-10K,-20K,
2015-03-31,3:00am,EUR,Italian Monthly Unemployment Rate,Medium,12.5%,12.6%,
2015-03-31,3:30am,GBP,Current Account,High,-21.2B,-27.7B,
2015-03-31,3:30am,GBP,Final GDP q/q,Low,0.5%,0.5%,
2015-03-31,3:30am,GBP,Index of Services 3m/3m,Medium,0.7%,0.9%,
2015-03-31,3:30am,GBP,Revised Business Investment q/q,Medium,-1.4%,-1.4%,
2015-03-31,4:00am,EUR,CPI Flash Estimate y/y,High,-0.3%,-0.3%,
2015-03-31,4:00am,EUR,Core CPI Flash Estimate y/y,Low,0.6%,0.7%,
2015-03-31,4:00am,EUR,Unemployment Rate,Low,11.2%,11.4%,
2015-03-31,4:00am,EUR,Italian Prelim CPI m/m,Medium,0.2%,0.4%,
2015-03-31,7:00am,USD,FOMC Member Lacker Speaks,Low,,,
2015-03-31,7:50am,USD,FOMC Member Lockhart Speaks,Low,,,
2015-03-31,8:00am,USD,S&P/CS Composite-20 HPI y/y,Medium,4.6%,4.4%,
2015-03-31,8:45am,USD,Chicago PMI,Low,52.5,45.8,
2015-03-31,9:00am,USD,CB Consumer Confidence,High,96.6,98.8,
2015-03-31,6:50pm,JPY,Tankan Manufacturing Index,Low,14,12,
2015-03-31,6:50pm,JPY,Tankan Non-Manufacturing Index,Low,17,16,
2015-03-31,8:35pm,JPY,Final Manufacturing PMI,Medium,50.4,50.4,
2015-04-01,2:15am,EUR,Spanish Manufacturing PMI,Low,54.0,54.2,
2015-04-01,2:30am,CHF,Manufacturing PMI,Medium,47.2,47.3,
2015-04-01,2:45am,EUR,Italian Manufacturing PMI,Low,52.2,51.9,
2015-04-01,2:50am,EUR,French Final Manufacturing PMI,Medium,48.2,48.2,
2015-04-01,2:55am,EUR,German Final Manufacturing PMI,Low,52.4,52.4,
2015-04-01,3:00am,EUR,Final Manufacturing PMI,Medium,51.9,51.9,
2015-04-01,3:30am,GBP,Final Manufacturing PMI,High,54.5,54.0,
2015-04-01,7:15am,USD,ADP Non-Farm Employment Change,High,227K,214K,
2015-04-01,8:00am,USD,FOMC Member Williams Speaks,Low,,,
2015-04-01,8:45am,USD,Final Manufacturing PMI,Medium,55.3,55.3,
2015-04-01,9:00am,USD,ISM Manufacturing PMI,High,52.5,52.9,
2015-04-01,9:00am,USD,Construction Spending m/m,Medium,-0.1%,-1.7%,
2015-04-01,9:00am,USD,ISM Manufacturing Prices,Medium,38.1,35.0,
2015-04-01,9:30am,USD,Crude Oil Inventories,Low,4.2M,8.2M,
2015-04-01,9:30am,USD,FOMC Member Lockhart Speaks,Low,,,
2015-04-01,All Day,USD,Total Vehicle Sales,Medium,16.7M,16.2M,
2015-04-01,6:50pm,JPY,Monetary Base y/y,Medium,35.3%,36.7%,
2015-04-01,10:45pm,JPY,10-y Bond Auction,Medium,,0.40|2.8,
2015-04-02,3:59am,EUR,French 10-y Bond Auction,Medium,,0.67|1.5,
2015-04-02,6:30am,EUR,ECB Monetary Policy Meeting Accounts,Low,,,
2015-04-02,6:30am,USD,Challenger Job Cuts y/y,Medium,,20.9%,
2015-04-02,7:30am,USD,Trade Balance,High,-41.3B,-42.7B,
2015-04-02,7:30am,USD,Unemployment Claims,High,286K,288K,
2015-04-02,7:40am,USD,Fed Chair Yellen Speaks,Low,,,
2015-04-02,9:00am,USD,Factory Orders m/m,Low,-0.4%,-0.7%,
2015-04-02,9:30am,USD,Natural Gas Storage,Medium,-9B,12B,
2015-04-02,1:15pm,USD,President Obama Speaks,Medium,,,
2015-04-02,2:45pm,USD,FOMC Member Brainard Speaks,Low,,,
2015-04-03,All Day,CHF,Bank Holiday,Low,,,
2015-04-03,All Day,EUR,German Bank Holiday,Low,,,
2015-04-03,All Day,GBP,Bank Holiday,Low,,,
2015-04-03,7:30am,USD,Non-Farm Employment Change,High,246K,264K,
2015-04-03,7:30am,USD,Unemployment Rate,High,5.5%,5.5%,
2015-04-03,7:30am,USD,Average Hourly Earnings m/m,Low,0.2%,0.1%,
2015-04-06,All Day,CHF,Bank Holiday,Low,,,
2015-04-06,All Day,EUR,French Bank Holiday,Low,,,
2015-04-06,All Day,EUR,Italian Bank Holiday,Low,,,
2015-04-06,All Day,EUR,German Bank Holiday,Low,,,
2015-04-06,2:00am,EUR,Spanish Unemployment Change,High,-18.3K,-13.5K,
2015-04-06,All Day,GBP,Bank Holiday,Low,,,
2015-04-06,7:30am,USD,FOMC Member Dudley Speaks,High,,,
2015-04-06,8:45am,USD,Final Services PMI,Medium,58.6,58.6,
2015-04-06,9:00am,USD,ISM Services PMI,High,56.6,56.9,
2015-04-06,9:00am,USD,Labor Market Conditions Index m/m,Medium,,2.0,
2015-04-07,2:15am,EUR,Spanish Services PMI,Low,56.5,56.2,
2015-04-07,2:45am,EUR,Italian Services PMI,Low,51.1,50.0,
2015-04-07,2:50am,EUR,French Final Services PMI,Medium,52.8,52.8,
2015-04-07,2:55am,EUR,German Final Services PMI,Low,55.3,55.3,
2015-04-07,3:00am,EUR,Final Services PMI,Medium,54.3,54.3,
2015-04-07,3:30am,EUR,Sentix Investor Confidence,Medium,20.9,18.6,
2015-04-07,3:30am,GBP,Final Services PMI,High,57.1,56.7,
2015-04-07,3:30am,GBP,FPC Meeting Minutes,Medium,,,
2015-04-07,4:00am,EUR,PPI m/m,Medium,0.1%,-1.1%,
2015-04-07,9:00am,USD,JOLTS Job Openings,Low,5.01M,4.97M,
2015-04-07,9:00am,USD,RCM/TIPP Economic Optimism,Medium,49.1,49.1,
2015-04-07,2:00pm,USD,Consumer Credit m/m,Medium,12.4B,10.8B,
2015-04-07,6:01pm,GBP,BRC Shop Price Index y/y,Medium,,-1.7%,
2015-04-07,6:50pm,JPY,Current Account,Low,0.61T,1.06T,
2015-04-07,10:36pm,JPY,Monetary Policy Statement,High,,,
2015-04-08,1:00am,EUR,German Factory Orders m/m,Low,1.5%,-2.6%,
2015-04-08,1:32am,JPY,BOJ Press Conference,High,,,
2015-04-08,1:45am,EUR,French Trade Balance,Medium,-3.8B,-3.7B,
2015-04-08,2:15am,CHF,CPI m/m,Low,0.1%,-0.3%,
2015-04-08,3:10am,EUR,Retail PMI,Medium,,46.4,
2015-04-08,3:30am,GBP,BOE Credit Conditions Survey,Low,,,
2015-04-08,3:30am,GBP,Housing Equity Withdrawal q/q,Medium,-10.2B,-12.2B,
2015-04-08,4:00am,EUR,Retail Sales m/m,Low,-0.1%,0.9%,
2015-04-08,8:30am,USD,FOMC Member Dudley Speaks,Low,,,
2015-04-08,9:30am,USD,Crude Oil Inventories,Low,3.3M,4.8M,
2015-04-08,12:01pm,USD,10-y Bond Auction,Medium,,2.14|2.6,
2015-04-08,1:00pm,USD,FOMC Meeting Minutes,High,,,
2015-04-08,10:45pm,JPY,30-y Bond Auction,Medium,,1.51|3.8,
2015-04-09,12:58am,JPY,Prelim Machine Tool Orders y/y,Medium,,28.9%,
2015-04-09,1:00am,EUR,German Industrial Production m/m,Medium,0.1%,-0.4%,
2015-04-09,1:00am,EUR,German Trade Balance,Medium,20.3B,19.6B,
2015-04-09,1:59am,GBP,Halifax HPI m/m,Low,0.1%,-0.4%,
2015-04-09,3:30am,GBP,Goods Trade Balance,Low,-8.9B,-9.2B,
2015-04-09,3:45am,EUR,Spanish 10-y Bond Auction,Medium,,1.02|1.7,
2015-04-09,6:00am,GBP,Official Bank Rate,High,0.50%,0.50%,
2015-04-09,6:00am,GBP,Asset Purchase Facility,Low,375B,375B,
2015-04-09,7:30am,USD,Unemployment Claims,High,283K,267K,
2015-04-09,9:00am,USD,Final Wholesale Inventories m/m,Medium,0.2%,0.4%,
2015-04-09,9:30am,USD,Natural Gas Storage,Medium,10B,-18B,
2015-04-09,12:01pm,USD,30-y Bond Auction,Medium,,2.68|2.2,
2015-04-09,3:30pm,USD,Treasury Currency Report,Low,,,
2015-04-09,6:50pm,JPY,Bank Lending y/y,Medium,,2.5%,
2015-04-10,1:45am,EUR,French Gov Budget Balance,Medium,,-9.4B,
2015-04-10,1:45am,EUR,French Industrial Production m/m,Medium,-0.1%,0.3%,
2015-04-10,3:30am,GBP,Manufacturing Production m/m,High,0.4%,-0.6%,
2015-04-10,3:30am,GBP,Construction Output m/m,Medium,1.9%,-2.5%,
2015-04-10,3:30am,GBP,Industrial Production m/m,Medium,0.3%,-0.1%,
2015-04-10,7:30am,USD,FOMC Member Lacker Speaks,Low,,,
2015-04-10,7:30am,USD,Import Prices m/m,Low,-0.4%,0.2%,
2015-04-10,9:00am,GBP,NIESR GDP Estimate,Low,,0.6%,
2015-04-12,SunApr 12,JPY,Monetary Policy Meeting Minutes,Low,,,
2015-04-12,SunApr 12,JPY,M2 Money Stock y/y,Medium,3.6%,3.5%,
2015-04-12,SunApr 12,JPY,PPI y/y,Medium,0.4%,0.4%,
2015-04-13,1:00pm,USD,Federal Budget Balance,Medium,-43.1B,-192.3B,
2015-04-13,6:01pm,GBP,BRC Retail Sales Monitor y/y,Medium,,0.2%,
2015-04-14,3:30am,GBP,CPI y/y,High,0.0%,0.0%,
2015-04-14,3:30am,GBP,PPI Input m/m,Low,-0.5%,0.1%,
2015-04-14,3:30am,GBP,RPI y/y,Low,1.0%,1.0%,
2015-04-14,3:30am,GBP,Core CPI y/y,Medium,1.2%,1.2%,
2015-04-14,3:30am,GBP,ONS HPI y/y,Medium,8.7%,8.4%,
2015-04-14,3:30am,GBP,PPI Output m/m,Medium,0.2%,0.2%,
2015-04-14,4:00am,EUR,Industrial Production m/m,Medium,0.3%,-0.3%,
2015-04-14,7:30am,USD,Core Retail Sales m/m,High,0.7%,0.0%,
2015-04-14,7:30am,USD,PPI m/m,High,0.3%,-0.5%,
2015-04-14,7:30am,USD,Retail Sales m/m,High,1.1%,-0.5%,
2015-04-14,7:30am,USD,Core PPI m/m,Low,0.2%,-0.5%,
2015-04-14,8:00am,USD,NFIB Small Business Index,Medium,98.4,98.0,
2015-04-14,9:00am,USD,Business Inventories m/m,Low,0.2%,0.0%,
2015-04-14,11:30pm,JPY,Revised Industrial Production m/m,Medium,-3.3%,-3.4%,
2015-04-15,1:45am,EUR,French Final CPI m/m,Medium,0.7%,0.7%,
2015-04-15,Jan Data,EUR,Trade Balance,Medium,21.9B,22.7B,
2015-04-15,4:00am,EUR,Trade Balance,Medium,21.2B,21.2B,
2015-04-15,4:32am,EUR,German 10-y Bond Auction,Medium,,0.25|2.4,
2015-04-15,6:45am,EUR,Main Refinancing Rate,High,0.05%,0.05%,
2015-04-15,7:30am,EUR,ECB Press Conference,High,,,
2015-04-15,7:30am,USD,Empire State Manufacturing Index,Low,7.2,6.9,
2015-04-15,8:15am,USD,Capacity Utilization Rate,Low,78.7%,79.0%,
2015-04-15,8:15am,USD,Industrial Production m/m,Low,-0.3%,0.1%,
2015-04-15,8:30am,GBP,CB Leading Index m/m,Medium,,0.2%,
2015-04-15,9:00am,USD,NAHB Housing Market Index,Low,55,52,
2015-04-15,9:30am,USD,Crude Oil Inventories,Low,3.5M,10.9M,
2015-04-15,1:00pm,USD,Beige Book,Medium,,,
2015-04-15,3:00pm,USD,TIC Long-Term Purchases,Medium,40.0B,-27.4B,
2015-04-15,6:01pm,GBP,RICS House Price Balance,Medium,15%,15%,
2015-04-15,6:30pm,USD,FOMC Member Lacker Speaks,Low,,,
2015-04-16,3:02am,EUR,Italian Trade Balance,Medium,1.21B,0.23B,
2015-04-16,3:44am,EUR,Spanish 10-y Bond Auction,Medium,,1.23|1.9,
2015-04-16,7:30am,USD,Building Permits,High,1.08M,1.10M,
2015-04-16,7:30am,USD,Unemployment Claims,High,284K,282K,
2015-04-16,7:30am,USD,Housing Starts,Low,1.05M,0.91M,
2015-04-16,9:00am,USD,Philly Fed Manufacturing Index,High,6.5,5.0,
2015-04-16,9:30am,USD,Natural Gas Storage,Medium,52B,15B,
2015-04-16,12:00pm,USD,FOMC Member Lockhart Speaks,Low,,,
2015-04-16,2:00pm,USD,FOMC Member Fischer Speaks,Low,,,
2015-04-17,2:15am,CHF,Retail Sales y/y,Low,0.7%,-0.3%,
2015-04-17,3:00am,EUR,Current Account,Medium,29.1B,30.4B,
2015-04-17,3:30am,GBP,Average Earnings Index 3m/y,High,1.8%,1.9%,
2015-04-17,3:30am,GBP,Claimant Count Change,High,-29.1K,-29.1K,
2015-04-17,3:30am,GBP,Unemployment Rate,Low,5.6%,5.7%,
2015-04-17,4:00am,EUR,Final CPI y/y,Low,-0.1%,-0.1%,
2015-04-17,4:00am,EUR,Final Core CPI y/y,Medium,0.6%,0.6%,
2015-04-17,7:30am,USD,Core CPI m/m,High,0.2%,0.2%,
2015-04-17,7:30am,USD,CPI m/m,High,0.2%,0.2%,
2015-04-17,7:30am,USD,CPI y/y,High,0.0%,-0.1%,
2015-04-17,9:00am,USD,Prelim UoM Consumer Sentiment,High,93.8,93.0,
2015-04-17,9:00am,USD,CB Leading Index m/m,Medium,0.3%,0.1%,
2015-04-17,9:00am,USD,Prelim UoM Inflation Expectations,Medium,,3.0%,
2015-04-18,11:00am,EUR,ECB President Draghi Speaks,High,,,
2015-04-19,6:01pm,GBP,Rightmove HPI m/m,Medium,,1.0%,
2015-04-19,6:50pm,JPY,Tertiary Industry Activity m/m,Medium,-0.6%,0.7%,
2015-04-20,5:00am,EUR,German Buba Monthly Report,Medium,,,
2015-04-21,TueApr 21,EUR,ZEW Economic Sentiment,Low,63.7,62.4,
2015-04-21,4:35am,GBP,30-y Bond Auction,Medium,,2.36|1.6,
2015-04-21,6:50pm,JPY,Trade Balance,Low,-0.41T,-0.57T,
2015-04-22,WedApr 22,GBP,MPC Asset Purchase Facility Votes,Low,0-0-9,0-0-9,
2015-04-22,4:00am,CHF,UBS Economic Expectations,Medium,,-37.9,
2015-04-22,4:00am,EUR,Italian Retail Sales m/m,Medium,0.1%,0.2%,
2015-04-22,8:00am,USD,HPI m/m,Medium,0.7%,0.3%,
2015-04-22,8:54am,EUR,Consumer Confidence,Medium,-3,-4,
2015-04-22,9:00am,USD,Existing Home Sales,Low,5.04M,4.89M,
2015-04-22,9:30am,USD,Crude Oil Inventories,Low,2.7M,1.3M,
2015-04-22,8:35pm,JPY,Flash Manufacturing PMI,Medium,50.8,50.3,
2015-04-23,ThuApr 23,EUR,German GfK Consumer Climate,Low,10.0,10.0,
2015-04-23,2:00am,EUR,French Flash Manufacturing PMI,High,49.4,48.8,
2015-04-23,2:00am,EUR,French Flash Services PMI,Low,52.5,52.4,
2015-04-23,2:00am,EUR,Spanish Unemployment Rate,Low,23.5%,23.7%,
2015-04-23,2:30am,EUR,German Flash Manufacturing PMI,High,53.1,52.8,
2015-04-23,2:30am,EUR,German Flash Services PMI,Low,55.6,55.4,
2015-04-23,3:00am,EUR,Flash Manufacturing PMI,Low,52.6,52.2,
2015-04-23,3:00am,EUR,Flash Services PMI,Low,54.5,54.2,
2015-04-23,3:30am,GBP,Retail Sales m/m,High,0.4%,0.6%,
2015-04-23,3:30am,GBP,Public Sector Net Borrowing,Low,6.6B,4.8B,
2015-04-23,7:30am,USD,Unemployment Claims,High,288K,294K,
2015-04-23,8:45am,USD,Flash Manufacturing PMI,Low,55.6,55.7,
2015-04-23,9:00am,USD,New Home Sales,Low,514K,543K,
2015-04-23,9:30am,USD,Natural Gas Storage,Medium,83B,63B,
2015-04-23,6:50pm,JPY,SPPI y/y,Medium,3.3%,3.3%,
2015-04-23,11:34pm,JPY,All Industries Activity m/m,Medium,-0.9%,0.5%,
2015-04-24,FriApr 24,EUR,German ifo Business Climate,High,108.5,107.9,
2015-04-24,All Day,EUR,Eurogroup Meetings,High,,,
2015-04-24,7:30am,USD,Core Durable Goods Orders m/m,High,0.2%,-0.6%,
2015-04-24,7:30am,USD,Durable Goods Orders m/m,Low,0.7%,-1.1%,
2015-04-24,8:00am,EUR,Belgian NBB Business Climate,Medium,-5.8,-6.3,
2015-04-27,5:00am,GBP,CBI Industrial Order Expectations,Low,4,0,
2015-04-27,8:45am,USD,Flash Services PMI,Medium,59.1,59.2,
2015-04-27,6:50pm,JPY,Retail Sales y/y,Low,-7.4%,-1.7%,
2015-04-28,TueApr 28,GBP,High Street Lending,Medium,37.9K,37.5K,
2015-04-28,TueApr 28,GBP,Index of Services 3m/3m,Medium,0.7%,0.8%,
2015-04-28,8:00am,USD,S&P/CS Composite-20 HPI y/y,Medium,4.7%,4.5%,
2015-04-28,8:59am,USD,Richmond Manufacturing Index,Medium,-2,-8,
2015-04-28,9:00am,USD,CB Consumer Confidence,High,102.6,101.4,
2015-04-28,All Day,JPY,Bank Holiday,Low,,,
2015-04-29,1:00am,CHF,UBS Consumption Indicator,Medium,,1.21,
2015-04-29,All Day,EUR,German Prelim CPI m/m,Low,-0.1%,0.5%,
2015-04-29,3:00am,EUR,M3 Money Supply y/y,Low,4.3%,4.0%,
2015-04-29,3:00am,EUR,Private Loans y/y,Low,0.1%,-0.1%,
2015-04-29,4:27am,EUR,Italian 10-y Bond Auction,Medium,,1.34|1.5,
2015-04-29,4:38am,GBP,10-y Bond Auction,Medium,,1.68|1.4,
2015-04-29,5:00am,GBP,CBI Realized Sales,Medium,26,18,
2015-04-29,7:30am,USD,Advance GDP q/q,High,1.0%,2.2%,
2015-04-29,7:30am,USD,Advance GDP Price Index q/q,Low,0.4%,0.1%,
2015-04-29,9:00am,USD,Pending Home Sales m/m,Low,1.1%,3.6%,
2015-04-29,9:30am,USD,Crude Oil Inventories,Low,2.1M,5.3M,
2015-04-29,1:00pm,USD,Federal Funds Rate,High,<0.25%,<0.25%,
2015-04-29,1:00pm,USD,FOMC Statement,High,,,
2015-04-29,5:35pm,GBP,GfK Consumer Confidence,Medium,5,4,
2015-04-29,6:50pm,JPY,Prelim Industrial Production m/m,Low,-3.4%,-3.1%,
2015-04-29,11:04pm,JPY,Monetary Policy Statement,High,,,
2015-04-30,1:00am,EUR,German Retail Sales m/m,Low,0.5%,-0.1%,
2015-04-30,1:00am,JPY,BOJ Outlook Report,Low,,,
2015-04-30,1:31am,JPY,BOJ Press Conference,High,,,
2015-04-30,1:45am,EUR,French Consumer Spending m/m,Medium,-0.5%,0.2%,
2015-04-30,2:00am,CHF,KOF Economic Barometer,Low,91.6,90.9,
2015-04-30,2:00am,EUR,Spanish Flash CPI y/y,Low,-0.7%,-0.7%,
2015-04-30,2:00am,EUR,Spanish Flash GDP q/q,Low,0.8%,0.7%,
2015-04-30,2:55am,EUR,German Unemployment Change,Low,-14K,-14K,
2015-04-30,3:00am,EUR,ECB Economic Bulletin,Medium,,,
2015-04-30,3:00am,EUR,Italian Monthly Unemployment Rate,Medium,12.6%,12.7%,
2015-04-30,4:00am,EUR,Core CPI Flash Estimate y/y,Low,0.6%,0.6%,
2015-04-30,4:00am,EUR,CPI Flash Estimate y/y,Low,0.0%,-0.1%,
2015-04-30,4:00am,EUR,Unemployment Rate,Low,11.2%,11.3%,
2015-04-30,4:00am,EUR,Italian Prelim CPI m/m,Medium,0.2%,0.1%,
2015-04-30,7:30am,USD,Unemployment Claims,High,290K,296K,
2015-04-30,7:30am,USD,Core PCE Price Index m/m,Low,0.2%,0.1%,
2015-04-30,7:30am,USD,Employment Cost Index q/q,Low,0.6%,0.6%,
2015-04-30,7:30am,USD,Personal Spending m/m,Low,0.6%,0.2%,
2015-04-30,7:30am,USD,FOMC Member Tarullo Speaks,Medium,,,
2015-04-30,7:30am,USD,Personal Income m/m,Medium,0.2%,0.4%,
2015-04-30,8:45am,USD,Chicago PMI,Low,50.1,46.3,
2015-04-30,9:30am,USD,Natural Gas Storage,Medium,79B,90B,
2015-04-30,6:30pm,JPY,Household Spending y/y,Low,-11.7%,-2.9%,
2015-04-30,6:30pm,JPY,Tokyo Core CPI y/y,Low,0.5%,2.2%,
2015-04-30,6:30pm,JPY,National Core CPI y/y,Medium,2.0%,2.0%,
2015-04-30,6:30pm,JPY,Unemployment Rate,Medium,3.5%,3.5%,
2015-04-30,8:30pm,JPY,Average Cash Earnings y/y,Low,0.4%,0.1%,
2015-04-30,8:35pm,JPY,Final Manufacturing PMI,Medium,49.8,49.7,
2015-05-01,All Day,EUR,Italian Bank Holiday,Low,,,
2015-05-01,All Day,EUR,French Bank Holiday,Low,,,
2015-05-01,All Day,EUR,German Bank Holiday,Low,,,
2015-05-01,3:30am,GBP,Final Manufacturing PMI,High,54.6,54.0,
2015-05-01,3:30am,GBP,Net Lending to Individuals m/m,Low,2.6B,2.6B,
2015-05-01,3:30am,GBP,M4 Money Supply m/m,Medium,0.1%,-0.2%,
2015-05-01,3:30am,GBP,Mortgage Approvals,Medium,63K,62K,
2015-05-01,8:45am,USD,Final Manufacturing PMI,Medium,54.2,54.2,
2015-05-01,9:00am,USD,ISM Manufacturing PMI,High,52.1,51.5,
2015-05-01,9:00am,USD,Revised UoM Consumer Sentiment,Low,96.1,95.9,
2015-05-01,9:00am,USD,Construction Spending m/m,Medium,0.5%,0.0%,
2015-05-01,9:00am,USD,ISM Manufacturing Prices,Medium,42.3,39.0,
2015-05-01,9:00am,USD,Revised UoM Inflation Expectations,Medium,,2.5%,
2015-05-01,All Day,USD,Total Vehicle Sales,Medium,16.9M,17.2M,
2015-05-04,2:15am,EUR,Spanish Manufacturing PMI,Low,54.6,54.3,
2015-05-04,2:30am,CHF,Manufacturing PMI,Medium,48.2,47.9,
2015-05-04,2:45am,EUR,Italian Manufacturing PMI,Low,53.4,53.3,
2015-05-04,2:50am,EUR,French Final Manufacturing PMI,Medium,48.4,48.4,
2015-05-04,2:55am,EUR,German Final Manufacturing PMI,Low,51.9,51.9,
2015-05-04,3:00am,EUR,Final Manufacturing PMI,Medium,51.9,51.9,
2015-05-04,3:30am,EUR,Sentix Investor Confidence,Medium,19.5,20.0,
2015-05-04,9:00am,USD,Factory Orders m/m,Low,2.1%,-0.1%,
2015-05-04,11:25am,USD,FOMC Member Evans Speaks,Low,,,
2015-05-04,1:00pm,USD,Loan Officer Survey,Medium,,,
2015-05-04,All Day,JPY,Bank Holiday,Low,,,
2015-05-05,2:00am,EUR,Spanish Unemployment Change,High,-64.8K,-60.2K,
2015-05-05,3:30am,GBP,Construction PMI,High,57.6,57.8,
2015-05-05,4:00am,EUR,EU Economic Forecasts,Low,,,
2015-05-05,4:00am,EUR,PPI m/m,Medium,0.3%,0.6%,
2015-05-05,7:30am,USD,Trade Balance,High,-41.2B,-35.9B,
2015-05-05,8:45am,USD,Final Services PMI,Medium,57.8,57.8,
2015-05-05,9:00am,USD,ISM Services PMI,High,56.2,56.5,
2015-05-05,9:00am,USD,RCM/TIPP Economic Optimism,Medium,50.6,51.3,
2015-05-05,6:00pm,GBP,BRC Shop Price Index y/y,Medium,,-2.1%,
2015-05-05,All Day,JPY,Bank Holiday,Low,,,
2015-05-06,2:45am,EUR,Italian Services PMI,Low,52.1,51.6,
2015-05-06,2:50am,EUR,French Final Services PMI,Medium,50.8,50.8,
2015-05-06,2:55am,EUR,German Final Services PMI,Low,54.4,54.4,
2015-05-06,3:00am,EUR,Final Services PMI,Medium,53.7,53.7,
2015-05-06,3:30am,GBP,Final Services PMI,High,58.6,58.9,
2015-05-06,4:00am,EUR,Retail Sales m/m,Low,-0.4%,0.1%,
2015-05-06,7:15am,USD,ADP Non-Farm Employment Change,High,199K,175K,
2015-05-06,7:30am,USD,Prelim Unit Labor Costs q/q,High,4.5%,4.1%,
2015-05-06,7:30am,USD,Prelim Nonfarm Productivity q/q,Low,-1.8%,-2.2%,
2015-05-06,8:15am,USD,Fed Chair Yellen Speaks,High,,,
2015-05-06,9:00am,USD,Mortgage Delinquencies,Low,,5.68%,
2015-05-06,9:30am,USD,Crude Oil Inventories,Low,1.3M,1.9M,
2015-05-06,12:30pm,USD,FOMC Member Lockhart Speaks,Low,,,
2015-05-06,6:50pm,JPY,Monetary Base y/y,Medium,34.3%,35.2%,
2015-05-07,1:00am,EUR,German Factory Orders m/m,Low,1.6%,-0.9%,
2015-05-07,1:45am,EUR,French Industrial Production m/m,Medium,0.1%,0.5%,
2015-05-07,1:45am,EUR,French Trade Balance,Medium,-3.5B,-3.6B,
2015-05-07,2:00am,CHF,Foreign Currency Reserves,Low,,522B,
2015-05-07,3:10am,EUR,Retail PMI,Medium,,48.6,
2015-05-07,All Day,GBP,Parliamentary Elections,High,,,
2015-05-07,3:46am,EUR,Spanish 10-y Bond Auction,Medium,,1.28|2.3,
2015-05-07,3:58am,EUR,French 10-y Bond Auction,Medium,,0.46|1.7,
2015-05-07,6:30am,USD,Challenger Job Cuts y/y,Medium,,6.4%,
2015-05-07,7:30am,USD,Unemployment Claims,High,277K,262K,
2015-05-07,9:30am,USD,Natural Gas Storage,Medium,75B,81B,
2015-05-07,2:00pm,USD,Consumer Credit m/m,Medium,15.8B,14.8B,
2015-05-07,6:50pm,JPY,Monetary Policy Meeting Minutes,Low,,,
2015-05-08,1:00am,EUR,German Industrial Production m/m,Medium,0.4%,0.0%,
2015-05-08,1:00am,EUR,German Trade Balance,Medium,20.3B,20.0B,
2015-05-08,All Day,EUR,French Bank Holiday,Low,,,
2015-05-08,2:00am,GBP,Halifax HPI m/m,Low,0.3%,0.6%,
2015-05-08,2:15am,CHF,CPI m/m,Low,0.1%,0.3%,
2015-05-08,3:00am,EUR,Italian Industrial Production m/m,Medium,0.3%,0.7%,
2015-05-08,3:30am,GBP,Goods Trade Balance,Low,-9.8B,-10.8B,
2015-05-08,7:30am,USD,Non-Farm Employment Change,High,228K,85K,
2015-05-08,7:30am,USD,Unemployment Rate,High,5.4%,5.5%,
2015-05-08,7:30am,USD,Average Hourly Earnings m/m,Low,0.2%,0.2%,
2015-05-08,8:45am,USD,FOMC Member Dudley Speaks,Low,,,
2015-05-08,9:00am,USD,Final Wholesale Inventories m/m,Medium,0.3%,0.2%,
2015-05-11,6:00am,GBP,Official Bank Rate,High,0.50%,0.50%,
2015-05-11,6:00am,GBP,Asset Purchase Facility,Low,375B,375B,
2015-05-11,9:00am,USD,Labor Market Conditions Index m/m,Medium,,-1.8,
2015-05-11,6:01pm,GBP,BRC Retail Sales Monitor y/y,Medium,,3.2%,
2015-05-11,10:45pm,JPY,10-y Bond Auction,Medium,,0.37|2.7,
2015-05-12,3:30am,GBP,Manufacturing Production m/m,High,0.3%,0.5%,
2015-05-12,3:30am,GBP,Industrial Production m/m,Medium,0.0%,0.1%,
2015-05-12,All Day,EUR,ECOFIN Meetings,Low,,,
2015-05-12,7:48am,USD,NFIB Small Business Index,Medium,96.1,95.2,
2015-05-12,9:00am,GBP,NIESR GDP Estimate,Low,,0.3%,
2015-05-12,9:02am,USD,JOLTS Job Openings,Low,5.16M,5.14M,
2015-05-12,11:45am,USD,FOMC Member Williams Speaks,Low,,,
2015-05-12,12:58pm,USD,Federal Budget Balance,Medium,151.3B,-52.9B,
2015-05-12,6:50pm,JPY,Current Account,Low,1.34T,0.61T,
2015-05-12,6:50pm,JPY,Bank Lending y/y,Medium,,2.6%,
2015-05-13,12:30am,EUR,French Prelim GDP q/q,Low,0.4%,0.0%,
2015-05-13,1:00am,EUR,German Prelim GDP q/q,High,0.5%,0.7%,
2015-05-13,1:00am,EUR,German Final CPI m/m,Medium,-0.1%,-0.1%,
2015-05-13,1:00am,EUR,German WPI m/m,Medium,0.4%,1.0%,
2015-05-13,1:45am,EUR,French Final CPI m/m,Medium,0.2%,0.7%,
2015-05-13,1:45am,EUR,French Prelim Private Payrolls q/q,Medium,0.0%,0.0%,
2015-05-13,3:00am,EUR,Italian Prelim GDP q/q,Low,0.2%,0.0%,
2015-05-13,3:30am,GBP,Average Earnings Index 3m/y,High,1.7%,1.7%,
2015-05-13,3:30am,GBP,Claimant Count Change,High,-20.5K,-16.7K,
2015-05-13,3:30am,GBP,Unemployment Rate,Low,5.5%,5.6%,
2015-05-13,4:00am,EUR,Flash GDP q/q,Low,0.5%,0.3%,
2015-05-13,4:00am,EUR,Industrial Production m/m,Medium,0.1%,1.0%,
2015-05-13,4:30am,GBP,BOE Gov Carney Speaks,High,,,
2015-05-13,4:30am,GBP,BOE Monetary Policy Report,High,,,
2015-05-13,4:30am,GBP,BOE Inflation Letter,Low,,,
2015-05-13,4:33am,EUR,German 10-y Bond Auction,Low,,0.13|1.5,
2015-05-13,7:30am,USD,Core Retail Sales m/m,High,0.4%,0.7%,
2015-05-13,7:30am,USD,Retail Sales m/m,High,0.3%,1.1%,
2015-05-13,7:30am,USD,Import Prices m/m,Low,0.3%,-0.2%,
2015-05-13,9:00am,USD,Business Inventories m/m,Low,0.2%,0.2%,
2015-05-13,9:30am,USD,Crude Oil Inventories,Low,-0.1M,-3.9M,
2015-05-13,12:01pm,USD,10-y Bond Auction,Low,,1.93|2.6,
2015-05-13,6:01pm,GBP,RICS House Price Balance,Medium,22%,22%,
2015-05-13,6:50pm,JPY,M2 Money Stock y/y,Medium,3.6%,3.6%,
2015-05-13,10:45pm,JPY,30-y Bond Auction,Medium,,1.38|2.9,
2015-05-14,All Day,CHF,Bank Holiday,Low,,,
2015-05-14,All Day,EUR,French Bank Holiday,Low,,,
2015-05-14,All Day,EUR,German Bank Holiday,Low,,,
2015-05-14,7:30am,USD,PPI m/m,High,0.1%,0.2%,
2015-05-14,7:30am,USD,Unemployment Claims,High,272K,265K,
2015-05-14,7:30am,USD,Core PPI m/m,Low,0.1%,0.2%,
2015-05-14,9:30am,USD,Natural Gas Storage,Medium,112B,76B,
2015-05-14,10:00am,EUR,ECB President Draghi Speaks,High,,,
2015-05-14,12:01pm,USD,30-y Bond Auction,Medium,,2.60|2.2,
2015-05-14,6:50pm,JPY,PPI y/y,Medium,-2.1%,0.7%,
2015-05-14,10:40pm,JPY,BOJ Gov Kuroda Speaks,High,,,
2015-05-15,2:15am,CHF,PPI m/m,Low,-0.1%,0.2%,
2015-05-15,3:30am,GBP,Construction Output m/m,Medium,4.1%,-0.3%,
2015-05-15,7:30am,USD,Empire State Manufacturing Index,Low,5.1,-1.2,
2015-05-15,8:15am,USD,Capacity Utilization Rate,Low,78.4%,78.6%,
2015-05-15,8:15am,USD,Industrial Production m/m,Low,0.1%,-0.3%,
2015-05-15,8:30am,GBP,CB Leading Index m/m,Medium,,0.6%,
2015-05-15,9:00am,USD,Prelim UoM Consumer Sentiment,High,95.8,95.9,
2015-05-15,9:00am,USD,Prelim UoM Inflation Expectations,Medium,,2.6%,
2015-05-15,3:00pm,USD,TIC Long-Term Purchases,Medium,21.3B,20.9B,
2015-05-17,6:01pm,GBP,Rightmove HPI m/m,Medium,,1.6%,
2015-05-17,6:50pm,JPY,Core Machinery Orders m/m,Low,1.7%,-0.4%,
2015-05-17,11:30pm,JPY,Revised Industrial Production m/m,Medium,-0.3%,-0.3%,
2015-05-17,11:34pm,JPY,Tertiary Industry Activity m/m,Medium,-0.5%,0.4%,
2015-05-18,2:15am,CHF,Retail Sales y/y,Low,-2.0%,-3.1%,
2015-05-18,3:00am,EUR,Italian Trade Balance,Medium,2.47B,3.54B,
2015-05-18,5:00am,EUR,German Buba Monthly Report,Medium,,,
2015-05-18,9:00am,USD,NAHB Housing Market Index,Low,57,56,
2015-05-19,TueMay 19,GBP,PPI Input m/m,Low,0.8%,0.4%,
2015-05-19,TueMay 19,GBP,RPI y/y,Low,0.9%,0.9%,
2015-05-19,TueMay 19,GBP,Core CPI y/y,Medium,1.0%,1.0%,
2015-05-19,TueMay 19,GBP,ONS HPI y/y,Medium,7.7%,7.4%,
2015-05-19,TueMay 19,GBP,PPI Output m/m,Medium,0.2%,0.1%,
2015-05-19,4:00am,EUR,German ZEW Economic Sentiment,High,48.8,53.3,
2015-05-19,4:00am,EUR,Final CPI y/y,Low,0.0%,0.0%,
2015-05-19,4:00am,EUR,ZEW Economic Sentiment,Low,62.4,64.8,
2015-05-19,4:00am,EUR,Final Core CPI y/y,Medium,0.6%,0.6%,
2015-05-19,4:00am,EUR,Trade Balance,Medium,22.9B,22.6B,
2015-05-19,7:30am,USD,Building Permits,High,1.06M,1.04M,
2015-05-19,7:30am,USD,Housing Starts,Low,1.02M,0.94M,
2015-05-19,11:00am,CHF,Gov Board Member Danthine Speaks,Low,,,
2015-05-19,6:50pm,JPY,Prelim GDP q/q,High,0.4%,0.4%,
2015-05-19,6:50pm,JPY,Prelim GDP Price Index y/y,Medium,3.6%,2.4%,
2015-05-20,2:00am,USD,FOMC Member Evans Speaks,Low,,,
2015-05-20,3:30am,GBP,MPC Official Bank Rate Votes,High,0-0-9,0-0-9,
2015-05-20,3:30am,GBP,MPC Asset Purchase Facility Votes,Low,0-0-9,0-0-9,
2015-05-20,4:00am,CHF,UBS Economic Expectations,Medium,,-23.2,
2015-05-20,9:30am,USD,Crude Oil Inventories,Low,-1.3M,-2.2M,
2015-05-20,1:00pm,USD,FOMC Meeting Minutes,High,,,
2015-05-20,8:35pm,JPY,Flash Manufacturing PMI,Medium,50.3,49.9,
2015-05-20,11:30pm,JPY,All Industries Activity m/m,Medium,-0.4%,0.2%,
2015-05-21,ThuMay 21,EUR,French Flash Services PMI,Low,52.0,51.4,
2015-05-21,2:30am,EUR,German Flash Manufacturing PMI,High,51.9,52.1,
2015-05-21,2:30am,EUR,German Flash Services PMI,Low,53.9,54.0,
2015-05-21,3:00am,EUR,Flash Manufacturing PMI,Low,51.8,52.0,
2015-05-21,3:00am,EUR,Flash Services PMI,Low,53.9,54.1,
2015-05-21,3:00am,EUR,Current Account,Medium,26.1B,27.3B,
2015-05-21,3:30am,GBP,Retail Sales m/m,High,0.4%,-0.7%,
2015-05-21,5:00am,GBP,CBI Industrial Order Expectations,Medium,3,1,
2015-05-21,6:30am,EUR,ECB Monetary Policy Meeting Accounts,High,,,
2015-05-21,7:30am,USD,Unemployment Claims,High,271K,264K,
2015-05-21,8:45am,USD,Flash Manufacturing PMI,Low,54.6,54.1,
2015-05-21,9:00am,EUR,Consumer Confidence,Medium,-5,-5,
2015-05-21,9:00am,USD,Existing Home Sales,High,5.23M,5.21M,
2015-05-21,9:00am,USD,Philly Fed Manufacturing Index,High,8.1,7.5,
2015-05-21,9:00am,USD,CB Leading Index m/m,Medium,0.3%,0.4%,
2015-05-21,9:30am,USD,Natural Gas Storage,Medium,100B,111B,
2015-05-21,12:30pm,EUR,ECB President Draghi Speaks,Low,,,
2015-05-21,12:30pm,USD,FOMC Member Fischer Speaks,Low,,,
2015-05-21,6:00pm,USD,FOMC Member Williams Speaks,Low,,,
2015-05-21,9:49pm,JPY,Monetary Policy Statement,High,,,
2015-05-22,1:30am,JPY,BOJ Press Conference,High,,,
2015-05-22,3:00am,EUR,ECB President Draghi Speaks,High,,,
2015-05-22,3:00am,EUR,German ifo Business Climate,High,108.3,108.6,
2015-05-22,3:30am,GBP,Public Sector Net Borrowing,Low,7.8B,6.1B,
2015-05-22,4:00am,EUR,Italian Retail Sales m/m,Medium,0.2%,-0.1%,
2015-05-22,4:45am,GBP,MPC Member Shafik Speaks,Low,,,
2015-05-22,6:00am,GBP,BOE Gov Carney Speaks,High,,,
2015-05-22,7:30am,USD,Core CPI m/m,High,0.2%,0.2%,
2015-05-22,7:30am,USD,CPI m/m,High,0.1%,0.2%,
2015-05-22,7:30am,USD,CPI y/y,High,-0.2%,-0.1%,
2015-05-22,12:00pm,USD,Fed Chair Yellen Speaks,High,,,
2015-05-23,SatMay 23,JPY,BOJ Gov Kuroda Speaks,High,,,
2015-05-23,SatMay 23,USD,FOMC Member Fischer Speaks,Low,,,
2015-05-25,All Day,CHF,Bank Holiday,Low,,,
2015-05-25,All Day,EUR,French Bank Holiday,Low,,,
2015-05-25,All Day,EUR,German Bank Holiday,Low,,,
2015-05-25,All Day,GBP,Bank Holiday,Low,,,
2015-05-25,All Day,USD,Bank Holiday,Low,,,
2015-05-25,10:00am,USD,FOMC Member Fischer Speaks,Low,,,
2015-05-25,6:50pm,JPY,SPPI y/y,Medium,0.6%,3.1%,
2015-05-26,5:00am,GBP,CBI Realized Sales,Medium,18,12,
2015-05-26,7:30am,USD,Core Durable Goods Orders m/m,High,0.5%,0.3%,
2015-05-26,7:30am,USD,Durable Goods Orders m/m,Low,-0.4%,4.7%,
2015-05-26,8:00am,USD,HPI m/m,Medium,0.7%,0.6%,
2015-05-26,8:00am,USD,S&P/CS Composite-20 HPI y/y,Medium,4.6%,5.0%,
2015-05-26,8:45am,USD,Flash Services PMI,Medium,57.0,57.4,
2015-05-26,8:59am,USD,Richmond Manufacturing Index,Medium,0,-3,
2015-05-26,9:00am,USD,CB Consumer Confidence,High,95.2,94.3,
2015-05-26,9:00am,USD,New Home Sales,Low,501K,484K,
2015-05-26,11:30am,USD,FOMC Member Fischer Speaks,Low,,,
2015-05-26,6:50pm,JPY,Monetary Policy Meeting Minutes,Low,,,
2015-05-26,7:10pm,USD,FOMC Member Lacker Speaks,Low,,,
2015-05-27,WedMay 27,EUR,German GfK Consumer Climate,Low,10.0,10.1,
2015-05-27,4:33am,EUR,German 30-y Bond Auction,Medium,,1.07|1.3,
2015-05-27,8:00am,EUR,Belgian NBB Business Climate,Medium,-5.7,-6.2,
2015-05-27,6:50pm,JPY,Retail Sales y/y,Low,5.3%,-9.7%,
2015-05-28,ThuMay 28,EUR,German Import Prices m/m,Medium,0.5%,1.0%,
2015-05-28,1:20am,USD,FOMC Member Williams Speaks,Low,,,
2015-05-28,3:00am,EUR,ECB Financial Stability Review,Medium,,,
2015-05-28,3:30am,GBP,Second Estimate GDP q/q,High,0.4%,0.3%,
2015-05-28,3:30am,GBP,Prelim Business Investment q/q,Low,1.2%,-0.9%,
2015-05-28,3:30am,GBP,High Street Lending,Medium,39.2K,39.2K,
2015-05-28,3:30am,GBP,Index of Services 3m/3m,Medium,0.5%,0.7%,
2015-05-28,4:20am,EUR,Italian 10-y Bond Auction,Medium,,1.40|1.6,
2015-05-28,7:30am,USD,Unemployment Claims,High,271K,275K,
2015-05-28,9:00am,USD,Pending Home Sales m/m,Low,0.8%,1.2%,
2015-05-28,9:30am,USD,Natural Gas Storage,Medium,95B,92B,
2015-05-28,10:00am,USD,Crude Oil Inventories,Low,-1.5M,-2.7M,
2015-05-28,5:08pm,GBP,GfK Consumer Confidence,Medium,4,4,
2015-05-28,6:30pm,JPY,Household Spending y/y,Low,3.1%,-10.6%,
2015-05-28,6:30pm,JPY,Tokyo Core CPI y/y,Low,0.2%,0.4%,
2015-05-28,6:30pm,JPY,National Core CPI y/y,Medium,0.2%,2.2%,
2015-05-28,6:30pm,JPY,Unemployment Rate,Medium,3.4%,3.4%,
2015-05-28,6:50pm,JPY,Prelim Industrial Production m/m,Medium,0.9%,-0.8%,
2015-05-29,12:45am,CHF,GDP q/q,Low,0.0%,0.5%,
2015-05-29,1:00am,EUR,German Retail Sales m/m,Low,1.1%,-1.4%,
2015-05-29,1:45am,EUR,French Consumer Spending m/m,Medium,0.4%,-0.7%,
2015-05-29,2:00am,CHF,KOF Economic Barometer,Low,90.1,89.8,
2015-05-29,2:00am,EUR,Spanish Flash CPI y/y,Low,-0.5%,-0.6%,
2015-05-29,3:00am,EUR,M3 Money Supply y/y,Low,4.9%,4.6%,
2015-05-29,3:00am,EUR,Private Loans y/y,Low,0.4%,0.1%,
2015-05-29,4:00am,EUR,Italian Prelim CPI m/m,Medium,0.1%,0.2%,
2015-05-29,7:30am,USD,Prelim GDP q/q,High,-0.8%,0.2%,
2015-05-29,7:30am,USD,Prelim GDP Price Index q/q,Medium,-0.1%,-0.1%,
2015-05-29,8:45am,USD,Chicago PMI,Low,53.1,52.3,
2015-05-29,9:00am,USD,Revised UoM Consumer Sentiment,Low,90.0,88.6,
2015-05-29,9:00am,USD,Revised UoM Inflation Expectations,Medium,,2.9%,
2015-05-31,6:50pm,JPY,Capital Spending q/y,Medium,-0.1%,2.8%,
2015-05-31,8:35pm,JPY,Final Manufacturing PMI,Medium,50.9,50.9,
2015-06-01,2:15am,EUR,Spanish Manufacturing PMI,Low,54.4,54.2,
2015-06-01,2:30am,CHF,Manufacturing PMI,Medium,47.2,47.9,
2015-06-01,2:45am,EUR,Italian Manufacturing PMI,Low,53.1,53.8,
2015-06-01,2:50am,EUR,French Final Manufacturing PMI,Medium,49.3,49.3,
2015-06-01,2:55am,EUR,German Final Manufacturing PMI,Low,51.4,51.4,
2015-06-01,3:00am,EUR,Final Manufacturing PMI,Medium,52.3,52.3,
2015-06-01,3:30am,GBP,Final Manufacturing PMI,High,52.7,51.8,
2015-06-01,7:30am,USD,Core PCE Price Index m/m,Low,0.2%,0.1%,
2015-06-01,7:30am,USD,Personal Spending m/m,Low,0.2%,0.5%,
2015-06-01,7:30am,USD,Personal Income m/m,Medium,0.3%,0.0%,
2015-06-01,8:30am,USD,FOMC Member Fischer Speaks,Low,,,
2015-06-01,8:45am,USD,Final Manufacturing PMI,Medium,54.2,53.8,
2015-06-01,9:00am,USD,ISM Manufacturing PMI,High,51.9,51.5,
2015-06-01,9:00am,USD,Construction Spending m/m,Medium,0.7%,0.5%,
2015-06-01,9:00am,USD,ISM Manufacturing Prices,Medium,43.0,40.5,
2015-06-01,6:50pm,JPY,Monetary Base y/y,Medium,34.3%,35.2%,
2015-06-01,8:30pm,JPY,Average Cash Earnings y/y,Low,0.4%,0.0%,
2015-06-01,10:45pm,JPY,10-y Bond Auction,Medium,,0.43|2.2,
2015-06-02,2:00am,EUR,Spanish Unemployment Change,Low,-115.4K,-118.9K,
2015-06-02,2:55am,EUR,German Unemployment Change,Low,-10K,-9K,
2015-06-02,3:30am,GBP,Construction PMI,High,55.1,54.2,
2015-06-02,3:30am,GBP,Net Lending to Individuals m/m,Low,2.3B,3.3B,
2015-06-02,3:30am,GBP,M4 Money Supply m/m,Medium,0.4%,0.3%,
2015-06-02,3:30am,GBP,Mortgage Approvals,Medium,64K,62K,
2015-06-02,4:00am,EUR,Core CPI Flash Estimate y/y,Low,0.7%,0.6%,
2015-06-02,4:00am,EUR,CPI Flash Estimate y/y,Low,0.2%,0.0%,
2015-06-02,4:00am,EUR,PPI m/m,Medium,0.1%,0.2%,
2015-06-02,4:38am,GBP,10-y Bond Auction,Medium,,1.88|1.5,
2015-06-02,9:00am,USD,Factory Orders m/m,Low,0.0%,2.2%,
2015-06-02,9:00am,USD,FOMC Member Brainard Speaks,Low,,,
2015-06-02,9:00am,USD,RCM/TIPP Economic Optimism,Medium,49.8,49.7,
2015-06-02,All Day,USD,Total Vehicle Sales,Medium,17.0M,16.5M,
2015-06-02,6:01pm,GBP,BRC Shop Price Index y/y,Medium,,-1.9%,
2015-06-03,2:15am,EUR,Spanish Services PMI,Low,59.5,60.3,
2015-06-03,2:45am,EUR,Italian Services PMI,Low,52.8,53.1,
2015-06-03,2:50am,EUR,French Final Services PMI,Medium,51.6,51.6,
2015-06-03,2:55am,EUR,German Final Services PMI,Low,52.9,52.9,
2015-06-03,3:00am,EUR,Final Services PMI,Medium,53.3,53.3,
2015-06-03,3:00am,EUR,Italian Monthly Unemployment Rate,Medium,12.8%,12.6%,
2015-06-03,3:00am,EUR,Italian Quarterly Unemployment Rate,Medium,12.9%,12.7%,
2015-06-03,3:30am,GBP,Final Services PMI,High,59.2,59.5,
2015-06-03,4:00am,EUR,Retail Sales m/m,Low,0.7%,-0.6%,
2015-06-03,4:00am,EUR,Unemployment Rate,Low,11.2%,11.2%,
2015-06-03,6:45am,EUR,Main Refinancing Rate,High,0.05%,0.05%,
2015-06-03,7:15am,USD,ADP Non-Farm Employment Change,High,198K,165K,
2015-06-03,7:30am,EUR,ECB Press Conference,High,,,
2015-06-03,7:30am,USD,Trade Balance,High,-43.9B,-50.6B,
2015-06-03,8:45am,USD,Final Services PMI,Medium,56.5,56.4,
2015-06-03,9:00am,USD,ISM Services PMI,High,57.1,57.8,
2015-06-03,9:30am,USD,Crude Oil Inventories,Low,-1.9M,-2.8M,
2015-06-03,1:00pm,USD,Beige Book,Medium,,,
2015-06-03,1:15pm,USD,FOMC Member Evans Speaks,Low,,,
2015-06-03,10:45pm,JPY,30-y Bond Auction,Medium,,1.51|2.7,
2015-06-04,3:10am,EUR,Retail PMI,Medium,,49.5,
2015-06-04,4:00am,EUR,French 10-y Bond Auction,Medium,,0.98|1.7,
2015-06-04,6:00am,GBP,Official Bank Rate,High,0.50%,0.50%,
2015-06-04,6:00am,GBP,Asset Purchase Facility,Low,375B,375B,
2015-06-04,6:30am,USD,Challenger Job Cuts y/y,Medium,,52.8%,
2015-06-04,7:30am,USD,Unemployment Claims,High,280K,284K,
2015-06-04,7:30am,USD,Revised Nonfarm Productivity q/q,Low,-2.8%,-1.9%,
2015-06-04,7:30am,USD,Revised Unit Labor Costs q/q,Medium,5.8%,5.0%,
2015-06-04,9:30am,USD,Natural Gas Storage,Medium,119B,112B,
2015-06-04,11:00am,USD,FOMC Member Tarullo Speaks,Medium,,,
2015-06-05,1:00am,EUR,German Factory Orders m/m,Low,0.6%,1.1%,
2015-06-05,1:45am,EUR,French Trade Balance,Medium,-4.0B,-4.4B,
2015-06-05,2:00am,CHF,Foreign Currency Reserves,Low,,522B,
2015-06-05,3:30am,GBP,Consumer Inflation Expectations,Medium,,1.9%,
2015-06-05,7:30am,USD,Non-Farm Employment Change,High,222K,221K,
2015-06-05,7:30am,USD,Unemployment Rate,High,5.4%,5.4%,
2015-06-05,7:30am,USD,Average Hourly Earnings m/m,Low,0.2%,0.1%,
2015-06-05,11:30am,USD,FOMC Member Dudley Speaks,High,,,
2015-06-05,2:00pm,USD,Consumer Credit m/m,Medium,16.5B,21.3B,
2015-06-07,6:50pm,JPY,Current Account,Low,1.45T,2.07T,
2015-06-07,6:50pm,JPY,Final GDP q/q,Low,0.7%,0.6%,
2015-06-07,6:50pm,JPY,Bank Lending y/y,Medium,,2.6%,
2015-06-07,6:50pm,JPY,Final GDP Price Index y/y,Medium,3.4%,3.4%,
2015-06-08,1:00am,EUR,German Industrial Production m/m,Low,0.6%,-0.4%,
2015-06-08,1:00am,EUR,German Trade Balance,Medium,18.1B,19.4B,
2015-06-08,3:30am,EUR,Sentix Investor Confidence,Medium,18.9,19.6,
2015-06-08,9:00am,USD,Labor Market Conditions Index m/m,Medium,,-0.5,
2015-06-08,6:01pm,GBP,BRC Retail Sales Monitor y/y,Medium,,-2.4%,
2015-06-08,6:50pm,JPY,M2 Money Stock y/y,Medium,3.6%,3.6%,
2015-06-09,12:45am,CHF,Unemployment Rate,Medium,3.3%,3.3%,
2015-06-09,12:59am,JPY,Prelim Machine Tool Orders y/y,Medium,,10.5%,
2015-06-09,1:45am,EUR,French Gov Budget Balance,Medium,,-26.3B,
2015-06-09,2:15am,CHF,CPI m/m,Low,0.1%,-0.2%,
2015-06-09,3:30am,GBP,Goods Trade Balance,Low,-10.0B,-10.7B,
2015-06-09,4:00am,EUR,Revised GDP q/q,Medium,0.4%,0.4%,
2015-06-09,5:00am,USD,NFIB Small Business Index,Medium,97.1,96.9,
2015-06-09,9:00am,USD,JOLTS Job Openings,Low,5.03M,5.11M,
2015-06-09,9:00am,USD,Final Wholesale Inventories m/m,Medium,0.2%,0.2%,
2015-06-09,6:50pm,JPY,Core Machinery Orders m/m,Low,-2.0%,2.9%,
2015-06-09,6:50pm,JPY,PPI y/y,Medium,-2.2%,-2.1%,
2015-06-10,3:00am,EUR,Italian Industrial Production m/m,Medium,0.3%,0.5%,
2015-06-10,3:30am,GBP,Manufacturing Production m/m,High,0.1%,0.4%,
2015-06-10,3:30am,GBP,Industrial Production m/m,Medium,0.1%,0.6%,
2015-06-10,9:00am,GBP,NIESR GDP Estimate,Low,,0.5%,
2015-06-10,9:30am,USD,Crude Oil Inventories,Low,-1.5M,-1.9M,
2015-06-10,12:01pm,USD,10-y Bond Auction,Medium,,2.24|2.7,
2015-06-10,1:00pm,USD,Federal Budget Balance,Medium,-97.4B,156.7B,
2015-06-10,3:00pm,GBP,BOE Gov Carney Speaks,High,,,
2015-06-10,6:01pm,GBP,RICS House Price Balance,Medium,35%,32%,
2015-06-10,6:50pm,JPY,BSI Manufacturing Index,Low,3.2,2.4,
2015-06-11,ThuJun 11,EUR,French Final Private Payrolls q/q,Medium,-0.1%,-0.1%,
2015-06-11,1:45am,EUR,French Final CPI m/m,Medium,0.3%,0.1%,
2015-06-11,4:35am,GBP,30-y Bond Auction,Medium,,2.34|1.4,
2015-06-11,7:30am,USD,Core Retail Sales m/m,High,0.7%,0.1%,
2015-06-11,7:30am,USD,Retail Sales m/m,High,1.1%,0.2%,
2015-06-11,7:30am,USD,Unemployment Claims,High,277K,277K,
2015-06-11,7:30am,USD,Import Prices m/m,Low,0.9%,-0.2%,
2015-06-11,9:00am,USD,Business Inventories m/m,Low,0.2%,0.1%,
2015-06-11,9:30am,USD,Natural Gas Storage,Medium,114B,132B,
2015-06-11,12:01pm,USD,30-y Bond Auction,Medium,,3.04|2.2,
2015-06-11,11:30pm,JPY,Revised Industrial Production m/m,Medium,1.0%,1.0%,
2015-06-11,11:35pm,JPY,Tertiary Industry Activity m/m,Medium,0.4%,-1.0%,
2015-06-12,3:30am,GBP,Construction Output m/m,Medium,0.1%,1.4%,
2015-06-12,4:00am,EUR,Industrial Production m/m,Medium,0.4%,-0.4%,
2015-06-12,7:30am,USD,PPI m/m,High,0.4%,-0.4%,
2015-06-12,7:30am,USD,Core PPI m/m,Low,0.1%,-0.2%,
2015-06-12,9:00am,USD,Prelim UoM Consumer Sentiment,High,91.3,90.7,
2015-06-12,9:00am,USD,Prelim UoM Inflation Expectations,Medium,,2.8%,
2015-06-14,6:01pm,GBP,Rightmove HPI m/m,Medium,,-0.1%,
2015-06-15,2:15am,CHF,PPI m/m,Low,0.1%,-2.1%,
2015-06-15,2:15am,CHF,Retail Sales y/y,Low,-2.2%,-2.8%,
2015-06-15,4:00am,EUR,Trade Balance,Medium,20.3B,19.9B,
2015-06-15,5:00am,EUR,German Buba Monthly Report,Medium,,,
2015-06-15,7:30am,USD,Empire State Manufacturing Index,Low,5.8,3.1,
2015-06-15,8:00am,EUR,ECB President Draghi Speaks,High,,,
2015-06-15,8:15am,USD,Capacity Utilization Rate,Low,78.3%,78.3%,
2015-06-15,8:15am,USD,Industrial Production m/m,Low,0.2%,-0.5%,
2015-06-15,9:00am,USD,NAHB Housing Market Index,Low,56,54,
2015-06-15,3:00pm,USD,TIC Long-Term Purchases,Medium,22.5B,25.6B,
2015-06-16,1:00am,EUR,German Final CPI m/m,Medium,0.1%,0.1%,
2015-06-16,2:36am,EUR,European Court of Justice Ruling,High,,,
2015-06-16,3:30am,GBP,CPI y/y,High,0.1%,-0.1%,
2015-06-16,3:30am,GBP,PPI Input m/m,Low,0.7%,1.4%,
2015-06-16,3:30am,GBP,RPI y/y,Low,1.1%,0.9%,
2015-06-16,3:30am,GBP,Core CPI y/y,Medium,1.0%,0.8%,
2015-06-16,3:30am,GBP,ONS HPI y/y,Medium,10.2%,9.6%,
2015-06-16,3:30am,GBP,PPI Output m/m,Medium,0.1%,0.1%,
2015-06-16,4:00am,EUR,German ZEW Economic Sentiment,High,37.5,41.9,
2015-06-16,4:00am,EUR,ZEW Economic Sentiment,Low,60.3,61.2,
2015-06-16,4:00am,EUR,Final Employment Change q/q,Medium,0.1%,0.1%,
2015-06-16,7:30am,USD,Building Permits,High,1.11M,1.14M,
2015-06-16,7:30am,USD,Housing Starts,Low,1.10M,1.17M,
2015-06-16,8:30am,GBP,CB Leading Index m/m,Medium,,0.3%,
2015-06-16,6:50pm,JPY,Trade Balance,Low,-0.17T,-0.24T,
2015-06-17,3:30am,GBP,Average Earnings Index 3m/y,High,2.5%,2.3%,
2015-06-17,3:30am,GBP,Claimant Count Change,High,-12.5K,-7.8K,
2015-06-17,3:30am,GBP,MPC Official Bank Rate Votes,High,0-0-9,0-0-9,
2015-06-17,3:30am,GBP,MPC Asset Purchase Facility Votes,Low,0-0-9,0-0-9,
2015-06-17,3:30am,GBP,Unemployment Rate,Low,5.5%,5.5%,
2015-06-17,4:00am,CHF,UBS Economic Expectations,Medium,,-0.1,
2015-06-17,4:00am,EUR,Final CPI y/y,Low,0.3%,0.3%,
2015-06-17,4:00am,EUR,Final Core CPI y/y,Medium,0.9%,0.9%,
2015-06-17,4:34am,EUR,German 10-y Bond Auction,Low,,0.65|1.3,
2015-06-17,9:30am,USD,Crude Oil Inventories,Low,-1.6M,-6.8M,
2015-06-17,12:30pm,GBP,MPC Member Forbes Speaks,Low,,,
2015-06-17,12:45pm,GBP,BOE Gov Carney Speaks,High,,,
2015-06-17,1:00pm,USD,Federal Funds Rate,High,<0.25%,<0.25%,
2015-06-17,1:00pm,USD,FOMC Economic Projections,High,,,
2015-06-17,1:00pm,USD,FOMC Statement,High,,,
2015-06-17,1:30pm,USD,FOMC Press Conference,High,,,
2015-06-17,11:30pm,CHF,SNB Financial Stability Report,Low,,,
2015-06-18,2:30am,CHF,Libor Rate,High,-0.75%,-0.75%,
2015-06-18,2:30am,CHF,SNB Monetary Policy Assessment,High,,,
2015-06-18,2:30am,CHF,SNB Press Conference,High,,,
2015-06-18,3:00am,EUR,ECB Economic Bulletin,Medium,,,
2015-06-18,3:30am,GBP,Retail Sales m/m,High,0.0%,0.9%,
2015-06-18,3:47am,EUR,Spanish 10-y Bond Auction,Medium,,1.88|3.0,
2015-06-18,4:30am,EUR,Long Term Refinancing Operation,High,60.0B,97.8B,
2015-06-18,All Day,EUR,Eurogroup Meetings,High,,,
2015-06-18,7:30am,USD,Core CPI m/m,High,0.2%,0.3%,
2015-06-18,7:30am,USD,CPI m/m,High,0.5%,0.1%,
2015-06-18,7:30am,USD,CPI y/y,High,0.1%,-0.2%,
2015-06-18,7:30am,USD,Unemployment Claims,High,278K,279K,
2015-06-18,7:30am,USD,Current Account,Low,-116B,-103B,
2015-06-18,9:00am,USD,Philly Fed Manufacturing Index,High,8.1,6.7,
2015-06-18,9:00am,USD,CB Leading Index m/m,Medium,0.4%,0.7%,
2015-06-18,9:30am,USD,Natural Gas Storage,Medium,95B,111B,
2015-06-18,10:04pm,JPY,Monetary Policy Statement,High,,,
2015-06-18,11:30pm,JPY,All Industries Activity m/m,Medium,0.3%,-1.4%,
2015-06-19,1:31am,JPY,BOJ Press Conference,High,,,
2015-06-19,3:00am,EUR,Current Account,Medium,18.1B,18.0B,
2015-06-19,3:30am,GBP,Public Sector Net Borrowing,Low,10.1B,5.5B,
2015-06-19,All Day,EUR,ECOFIN Meetings,Low,,,
2015-06-19,10:40am,USD,FOMC Member Williams Speaks,Low,,,
2015-06-22,2:45am,GBP,MPC Member Cunliffe Speaks,Low,,,
2015-06-22,All Day,EUR,Eurogroup Meetings,High,,,
2015-06-22,All Day,EUR,Euro Summit,High,,,
2015-06-22,9:00am,EUR,Consumer Confidence,Medium,-6,-6,
2015-06-22,9:00am,USD,Existing Home Sales,High,5.27M,5.09M,
2015-06-22,8:35pm,JPY,Flash Manufacturing PMI,Medium,50.6,50.9,
2015-06-23,TueJun 23,EUR,French Flash Services PMI,Low,52.5,52.8,
2015-06-23,2:30am,EUR,German Flash Manufacturing PMI,High,51.5,51.1,
2015-06-23,2:30am,EUR,German Flash Services PMI,Low,52.9,53.0,
2015-06-23,3:00am,EUR,Flash Manufacturing PMI,Low,52.0,52.2,
2015-06-23,3:00am,EUR,Flash Services PMI,Low,53.7,53.8,
2015-06-23,4:00am,EUR,Italian Retail Sales m/m,Medium,0.1%,-0.1%,
2015-06-23,5:00am,GBP,CBI Industrial Order Expectations,Medium,1,-5,
2015-06-23,7:00am,USD,FOMC Member Powell Speaks,High,,,
2015-06-23,7:30am,USD,Core Durable Goods Orders m/m,High,0.6%,-0.2%,
2015-06-23,7:30am,USD,Durable Goods Orders m/m,Low,-0.6%,-1.0%,
2015-06-23,8:00am,USD,HPI m/m,Medium,0.6%,0.3%,
2015-06-23,8:45am,USD,Flash Manufacturing PMI,Low,54.2,54.0,
2015-06-23,8:59am,USD,Richmond Manufacturing Index,Medium,3,1,
2015-06-23,9:00am,USD,New Home Sales,Low,524K,534K,
2015-06-23,6:50pm,JPY,Monetary Policy Meeting Minutes,Low,,,
2015-06-23,6:50pm,JPY,SPPI y/y,Medium,0.4%,0.7%,
2015-06-24,3:00am,EUR,German ifo Business Climate,High,108.2,108.5,
2015-06-24,3:30am,GBP,High Street Lending,Medium,43.1K,42.0K,
2015-06-24,All Day,EUR,Eurogroup Meetings,High,,,
2015-06-24,7:30am,USD,Final GDP q/q,High,-0.2%,-0.7%,
2015-06-24,7:30am,USD,Final GDP Price Index q/q,Medium,-0.1%,-0.1%,
2015-06-24,8:00am,CHF,SNB Quarterly Bulletin,Medium,,,
2015-06-24,8:00am,EUR,Belgian NBB Business Climate,Medium,-5.2,-4.9,
2015-06-24,9:30am,USD,Crude Oil Inventories,Low,-1.8M,-2.7M,
2015-06-25,3:00am,CHF,SNB Chairman Jordan Speaks,High,,,
2015-06-25,5:00am,GBP,CBI Realized Sales,Medium,32,51,
2015-06-25,All Day,EUR,Eurogroup Meetings,High,,,
2015-06-25,Day 1,EUR,EU Economic Summit,High,,,
2015-06-25,7:00am,USD,FOMC Member Tarullo Speaks,Medium,,,
2015-06-25,7:30am,USD,Unemployment Claims,High,271K,268K,
2015-06-25,7:30am,USD,Core PCE Price Index m/m,Low,0.1%,0.1%,
2015-06-25,7:30am,USD,Personal Spending m/m,Low,0.7%,0.1%,
2015-06-25,7:30am,USD,Personal Income m/m,Medium,0.6%,0.5%,
2015-06-25,8:45am,USD,FOMC Member Powell Speaks,Low,,,
2015-06-25,8:45am,USD,Flash Services PMI,Medium,56.5,56.2,
2015-06-25,9:30am,USD,Natural Gas Storage,Medium,79B,89B,
2015-06-25,6:30pm,JPY,Household Spending y/y,Low,3.5%,-1.3%,
2015-06-25,6:30pm,JPY,Tokyo Core CPI y/y,Low,0.1%,0.2%,
2015-06-25,6:30pm,JPY,National Core CPI y/y,Medium,0.0%,0.3%,
2015-06-25,6:30pm,JPY,Unemployment Rate,Medium,3.3%,3.3%,
2015-06-26,3:00am,EUR,M3 Money Supply y/y,Low,5.4%,5.3%,
2015-06-26,3:00am,EUR,Private Loans y/y,Medium,0.3%,0.0%,
2015-06-26,Day 2,EUR,EU Economic Summit,Low,,,
2015-06-26,9:00am,USD,Revised UoM Consumer Sentiment,Low,94.6,94.6,
2015-06-26,9:00am,USD,Revised UoM Inflation Expectations,Medium,,2.7%,
2015-06-26,9:15am,GBP,BOE Gov Carney Speaks,High,,,
2015-06-27,6:00pm,GBP,MPC Member Weale Speaks,Low,,,
2015-06-28,6:50pm,JPY,Retail Sales y/y,Low,2.1%,4.9%,
2015-06-28,6:50pm,JPY,Prelim Industrial Production m/m,Medium,-0.8%,1.2%,
2015-06-29,All Day,EUR,German Prelim CPI m/m,Low,0.1%,0.1%,
2015-06-29,2:00am,EUR,Spanish Flash CPI y/y,Low,-0.1%,-0.2%,
2015-06-29,3:30am,GBP,Net Lending to Individuals m/m,Low,3.3B,2.9B,
2015-06-29,3:30am,GBP,M4 Money Supply m/m,Medium,0.5%,0.4%,
2015-06-29,3:30am,GBP,Mortgage Approvals,Medium,69K,68K,
2015-06-29,9:00am,USD,Pending Home Sales m/m,Low,1.3%,2.7%,
2015-06-29,5:50pm,GBP,GfK Consumer Confidence,Medium,2,1,
2015-06-29,8:30pm,JPY,Average Cash Earnings y/y,Low,0.7%,0.7%,
2015-06-30,1:00am,EUR,German Retail Sales m/m,Low,0.0%,1.3%,
2015-06-30,1:45am,EUR,French Consumer Spending m/m,Medium,0.3%,0.1%,
2015-06-30,2:00am,CHF,KOF Economic Barometer,Low,93.7,92.7,
2015-06-30,2:55am,EUR,German Unemployment Change,Low,-5K,-5K,
2015-06-30,3:00am,EUR,Italian Monthly Unemployment Rate,Medium,12.5%,12.4%,
2015-06-30,3:30am,GBP,Current Account,High,-23.7B,-28.9B,
2015-06-30,3:30am,GBP,Final GDP q/q,Low,0.4%,0.3%,
2015-06-30,3:30am,GBP,Index of Services 3m/3m,Medium,0.5%,0.4%,
2015-06-30,3:30am,GBP,Revised Business Investment q/q,Medium,1.8%,1.7%,
2015-06-30,4:00am,EUR,Core CPI Flash Estimate y/y,Low,0.8%,0.9%,
2015-06-30,4:00am,EUR,CPI Flash Estimate y/y,Low,0.2%,0.3%,
2015-06-30,4:00am,EUR,Unemployment Rate,Low,11.1%,11.1%,
2015-06-30,4:00am,EUR,Italian Prelim CPI m/m,Medium,0.3%,0.1%,
2015-06-30,4:26am,EUR,Italian 10-y Bond Auction,Medium,,1.83|1.4,
2015-06-30,All Day,EUR,Eurogroup Meetings,High,,,
2015-06-30,6:00am,GBP,MPC Member Haldane Speaks,Low,,,
2015-06-30,8:00am,USD,S&P/CS Composite-20 HPI y/y,Medium,5.3%,5.0%,
2015-06-30,8:45am,USD,Chicago PMI,Low,50.2,46.2,
2015-06-30,9:00am,USD,CB Consumer Confidence,High,97.1,94.6,
2015-06-30,6:50pm,JPY,Tankan Manufacturing Index,Low,12,12,
2015-06-30,6:50pm,JPY,Tankan Non-Manufacturing Index,Low,23,19,
2015-06-30,8:35pm,JPY,Final Manufacturing PMI,Medium,49.9,49.9,
2015-07-01,2:15am,EUR,Spanish Manufacturing PMI,Low,55.6,55.8,
2015-07-01,2:30am,CHF,Manufacturing PMI,Medium,50.0,49.4,
2015-07-01,2:45am,EUR,Italian Manufacturing PMI,Medium,54.4,54.8,
2015-07-01,2:50am,EUR,French Final Manufacturing PMI,Medium,50.5,50.5,
2015-07-01,2:55am,EUR,German Final Manufacturing PMI,Low,51.9,51.9,
2015-07-01,3:00am,EUR,Final Manufacturing PMI,Medium,52.5,52.5,
2015-07-01,3:30am,GBP,Final Manufacturing PMI,High,52.6,51.9,
2015-07-01,4:30am,GBP,BOE Gov Carney Speaks,High,,,
2015-07-01,4:30am,GBP,BOE Financial Stability Report,Low,,,
2015-07-01,4:30am,GBP,FPC Statement,Low,,,
2015-07-01,All Day,EUR,Eurogroup Meetings,High,,,
2015-07-01,6:30am,USD,Challenger Job Cuts y/y,Medium,,-22.5%,
2015-07-01,7:15am,USD,ADP Non-Farm Employment Change,High,219K,203K,
2015-07-01,8:45am,USD,Final Manufacturing PMI,Medium,53.4,53.4,
2015-07-01,9:00am,USD,ISM Manufacturing PMI,High,53.2,52.8,
2015-07-01,9:00am,USD,Construction Spending m/m,Medium,0.4%,2.1%,
2015-07-01,9:00am,USD,ISM Manufacturing Prices,Medium,51.1,49.5,
2015-07-01,9:30am,USD,Crude Oil Inventories,Low,-1.9M,-4.9M,
2015-07-01,All Day,USD,Total Vehicle Sales,Medium,17.2M,17.8M,
2015-07-01,6:50pm,JPY,Monetary Base y/y,Medium,36.2%,35.6%,
2015-07-01,10:45pm,JPY,10-y Bond Auction,Medium,,0.45|2.7,
2015-07-02,2:00am,EUR,Spanish Unemployment Change,Low,-124.3K,-118.0K,
2015-07-02,3:30am,GBP,Construction PMI,High,56.6,55.9,
2015-07-02,3:53am,EUR,Spanish 10-y Bond Auction,Medium,,2.35|1.9,
2015-07-02,3:59am,EUR,French 10-y Bond Auction,Medium,,1.28|1.8,
2015-07-02,4:00am,EUR,PPI m/m,Medium,0.1%,-0.1%,
2015-07-02,6:30am,EUR,ECB Monetary Policy Meeting Accounts,Low,,,
2015-07-02,7:30am,USD,Non-Farm Employment Change,High,231K,254K,
2015-07-02,7:30am,USD,Unemployment Rate,High,5.4%,5.5%,
2015-07-02,7:30am,USD,Average Hourly Earnings m/m,Low,0.2%,0.2%,
2015-07-02,7:30am,USD,Unemployment Claims,Low,270K,271K,
2015-07-02,9:00am,USD,Factory Orders m/m,Low,-0.5%,-0.7%,
2015-07-02,9:30am,USD,Natural Gas Storage,Medium,74B,75B,
2015-07-02,10:10am,EUR,ECB President Draghi Speaks,High,,,
2015-07-03,2:45am,EUR,Italian Services PMI,Medium,52.9,52.5,
2015-07-03,2:50am,EUR,French Final Services PMI,Medium,54.1,54.1,
2015-07-03,2:55am,EUR,German Final Services PMI,Medium,54.2,54.2,
2015-07-03,3:00am,EUR,Final Services PMI,Medium,54.4,54.4,
2015-07-03,3:30am,GBP,Final Services PMI,High,57.4,56.5,
2015-07-03,4:00am,EUR,Retail Sales m/m,Low,0.1%,0.7%,
2015-07-03,All Day,USD,Bank Holiday,Low,,,
2015-07-06,1:00am,EUR,German Factory Orders m/m,Low,0.0%,2.2%,
2015-07-06,2:15am,CHF,CPI m/m,Low,0.1%,0.2%,
2015-07-06,3:10am,EUR,Retail PMI,Medium,,51.4,
2015-07-06,3:30am,EUR,Sentix Investor Confidence,Medium,15.6,17.1,
2015-07-06,3:30am,GBP,Housing Equity Withdrawal q/q,Medium,-12.1B,-12.6B,
2015-07-06,8:45am,USD,Final Services PMI,Medium,54.8,54.8,
2015-07-06,9:00am,USD,ISM Services PMI,High,56.5,55.7,
2015-07-06,9:29am,USD,Labor Market Conditions Index m/m,Medium,,0.9,
2015-07-07,1:00am,EUR,German Industrial Production m/m,Medium,0.1%,0.6%,
2015-07-07,1:45am,EUR,French Gov Budget Balance,Medium,,-59.8B,
2015-07-07,1:45am,EUR,French Trade Balance,Medium,-3.3B,-3.3B,
2015-07-07,2:00am,CHF,Foreign Currency Reserves,Low,,518B,
2015-07-07,3:30am,GBP,Manufacturing Production m/m,High,0.1%,-0.4%,
2015-07-07,3:30am,GBP,Industrial Production m/m,Medium,-0.2%,0.3%,
2015-07-07,4:35am,GBP,30-y Bond Auction,Medium,,2.86|1.6,
2015-07-07,All Day,EUR,Eurogroup Meetings,High,,,
2015-07-07,All Day,EUR,Euro Summit,High,,,
2015-07-07,7:30am,USD,Trade Balance,High,-42.5B,-40.7B,
2015-07-07,9:00am,GBP,NIESR GDP Estimate,Low,,0.6%,
2015-07-07,9:00am,USD,JOLTS Job Openings,Low,5.33M,5.33M,
2015-07-07,9:00am,USD,RCM/TIPP Economic Optimism,Medium,48.9,48.1,
2015-07-07,6:01pm,GBP,BRC Shop Price Index y/y,Medium,,-1.9%,
2015-07-07,6:50pm,JPY,Current Account,Low,1.39T,1.27T,
2015-07-07,6:50pm,JPY,Bank Lending y/y,Medium,,2.6%,
2015-07-08,2:00am,GBP,Halifax HPI m/m,Low,0.2%,0.3%,
2015-07-08,3:30am,GBP,FPC Meeting Minutes,Medium,,,
2015-07-08,6:30am,GBP,Annual Budget Release,High,,,
2015-07-08,9:30am,USD,Crude Oil Inventories,Low,-0.6M,2.4M,
2015-07-08,12:01pm,USD,10-y Bond Auction,Medium,,2.46|2.7,
2015-07-08,1:00pm,USD,FOMC Meeting Minutes,High,,,
2015-07-08,1:00pm,USD,FOMC Member Williams Speaks,Low,,,
2015-07-08,2:00pm,USD,Consumer Credit m/m,Medium,18.5B,21.4B,
2015-07-08,6:01pm,GBP,RICS House Price Balance,Medium,37%,34%,
2015-07-08,6:50pm,JPY,Core Machinery Orders m/m,Low,-4.8%,3.8%,
2015-07-08,6:50pm,JPY,M2 Money Stock y/y,Medium,4.0%,4.1%,
2015-07-08,10:45pm,JPY,30-y Bond Auction,Medium,,1.53|3.1,
2015-07-09,1:00am,EUR,German Trade Balance,Medium,20.6B,21.5B,
2015-07-09,6:00am,GBP,Official Bank Rate,High,0.50%,0.50%,
2015-07-09,6:00am,GBP,Asset Purchase Facility,Low,375B,375B,
2015-07-09,7:30am,USD,Unemployment Claims,High,274K,282K,
2015-07-09,9:15am,USD,FOMC Member Brainard Speaks,Low,,,
2015-07-09,9:30am,USD,Natural Gas Storage,Medium,86B,69B,
2015-07-09,12:01pm,USD,30-y Bond Auction,Medium,,3.14|2.5,
2015-07-09,6:50pm,JPY,PPI y/y,Medium,-2.2%,-2.2%,
2015-07-10,1:00am,EUR,German WPI m/m,Medium,0.1%,0.5%,
2015-07-10,1:45am,EUR,French Industrial Production m/m,Medium,0.5%,-0.8%,
2015-07-10,3:00am,EUR,Italian Industrial Production m/m,Medium,0.3%,-0.3%,
2015-07-10,3:30am,GBP,Goods Trade Balance,Low,-9.7B,-9.4B,
2015-07-10,3:30am,GBP,Construction Output m/m,Medium,0.7%,-0.5%,
2015-07-10,9:00am,USD,Final Wholesale Inventories m/m,Medium,0.3%,0.4%,
2015-07-10,11:30am,USD,Fed Chair Yellen Speaks,High,,,
2015-07-12,All Day,EUR,Euro Summit,High,,,
2015-07-12,11:30pm,JPY,Revised Industrial Production m/m,Medium,-2.1%,-2.2%,
2015-07-12,11:32pm,JPY,Tertiary Industry Activity m/m,Medium,-0.2%,-0.1%,
2015-07-13,All Day,EUR,Eurogroup Meetings,High,,,
2015-07-13,1:00pm,USD,Federal Budget Balance,Medium,41.2B,-82.4B,
2015-07-13,6:01pm,GBP,BRC Retail Sales Monitor y/y,Medium,,0.0%,
2015-07-14,All Day,EUR,French Bank Holiday,Low,,,
2015-07-14,2:15am,CHF,PPI m/m,Low,0.2%,-0.8%,
2015-07-14,3:30am,GBP,CPI y/y,High,0.0%,0.1%,
2015-07-14,3:30am,GBP,PPI Input m/m,Low,-0.7%,-1.1%,
2015-07-14,3:30am,GBP,RPI y/y,Low,1.0%,1.0%,
2015-07-14,3:30am,GBP,Core CPI y/y,Medium,0.9%,0.9%,
2015-07-14,3:30am,GBP,ONS HPI y/y,Medium,5.9%,5.5%,
2015-07-14,3:30am,GBP,PPI Output m/m,Medium,0.1%,0.1%,
2015-07-14,4:00am,EUR,German ZEW Economic Sentiment,High,30.6,31.5,
2015-07-14,4:00am,EUR,ZEW Economic Sentiment,Low,51.1,53.7,
2015-07-14,4:00am,EUR,Industrial Production m/m,Medium,0.2%,0.0%,
2015-07-14,4:15am,GBP,Monetary Policy Report Hearings,High,,,
2015-07-14,5:00am,USD,NFIB Small Business Index,Medium,98.6,98.3,
2015-07-14,All Day,EUR,ECOFIN Meetings,Low,,,
2015-07-14,6:45am,GBP,BOE Gov Carney Speaks,High,,,
2015-07-14,7:30am,USD,Core Retail Sales m/m,High,0.7%,0.8%,
2015-07-14,7:30am,USD,Retail Sales m/m,High,0.2%,1.0%,
2015-07-14,7:30am,USD,Import Prices m/m,Low,0.1%,1.2%,
2015-07-14,9:00am,USD,Business Inventories m/m,Low,0.3%,0.4%,
2015-07-14,12:00pm,GBP,MPC Member Miles Speaks,Low,,,
2015-07-14,10:18pm,JPY,Monetary Policy Statement,High,,,
2015-07-15,1:45am,EUR,French Final CPI m/m,Medium,0.1%,0.2%,
2015-07-15,3:30am,GBP,Average Earnings Index 3m/y,High,3.3%,2.7%,
2015-07-15,3:30am,GBP,Claimant Count Change,High,-8.9K,-1.1K,
2015-07-15,3:30am,GBP,Unemployment Rate,Low,5.5%,5.5%,
2015-07-15,4:00am,CHF,UBS Economic Expectations,Medium,,0.1,
2015-07-15,4:34am,EUR,German 10-y Bond Auction,Medium,,0.81|1.7,
2015-07-15,All Day,EUR,Eurogroup Meetings,High,,,
2015-07-15,7:30am,USD,PPI m/m,High,0.2%,0.5%,
2015-07-15,7:30am,USD,Core PPI m/m,Low,0.1%,0.1%,
2015-07-15,7:30am,USD,Empire State Manufacturing Index,Low,3.4,-2.0,
2015-07-15,8:15am,USD,Capacity Utilization Rate,Low,78.1%,78.2%,
2015-07-15,8:15am,USD,Industrial Production m/m,Low,0.2%,-0.2%,
2015-07-15,9:00am,USD,Fed Chair Yellen Testifies,High,,,
2015-07-15,9:00am,USD,Fed Monetary Policy Report,Medium,,,
2015-07-15,9:30am,USD,Crude Oil Inventories,Low,-2.0M,0.4M,
2015-07-15,1:00pm,USD,Beige Book,Medium,,,
2015-07-15,2:00pm,USD,FOMC Member Williams Speaks,Low,,,
2015-07-15,5:53pm,EUR,Greek Gov Debt Crisis Vote,High,Pass,,
2015-07-16,2:15am,CHF,Retail Sales y/y,Low,1.9%,1.6%,
2015-07-16,3:03am,EUR,Italian Trade Balance,Medium,2.83B,3.73B,
2015-07-16,3:51am,EUR,Spanish 10-y Bond Auction,Medium,,2.26|1.8,
2015-07-16,4:00am,EUR,Final CPI y/y,Low,0.2%,0.2%,
2015-07-16,4:00am,EUR,Final Core CPI y/y,Medium,0.8%,0.8%,
2015-07-16,4:00am,EUR,Trade Balance,Medium,22.3B,23.9B,
2015-07-16,All Day,EUR,Eurogroup Meetings,High,,,
2015-07-16,6:45am,EUR,Main Refinancing Rate,High,0.05%,0.05%,
2015-07-16,7:30am,EUR,ECB Press Conference,High,,,
2015-07-16,7:30am,USD,Unemployment Claims,High,284K,296K,
2015-07-16,8:30am,GBP,CB Leading Index m/m,Medium,,0.3%,
2015-07-16,9:00am,USD,Philly Fed Manufacturing Index,High,11.9,15.2,
2015-07-16,9:00am,USD,NAHB Housing Market Index,Medium,59,60,
2015-07-16,9:30am,USD,Natural Gas Storage,Medium,89B,91B,
2015-07-16,1:00pm,GBP,BOE Gov Carney Speaks,Low,,,
2015-07-16,1:30pm,USD,Fed Chair Yellen Testifies,High,,,
2015-07-16,3:00pm,USD,TIC Long-Term Purchases,Medium,30.3B,54.4B,
2015-07-17,FriJul 17,USD,Building Permits,High,1.11M,1.25M,
2015-07-17,FriJul 17,USD,Core CPI m/m,High,0.2%,0.1%,
2015-07-17,FriJul 17,USD,CPI m/m,High,0.3%,0.4%,
2015-07-17,FriJul 17,USD,CPI y/y,High,0.0%,0.0%,
2015-07-17,FriJul 17,USD,Housing Starts,Low,1.10M,1.07M,
2015-07-17,9:00am,USD,Prelim UoM Consumer Sentiment,High,96.0,96.1,
2015-07-17,9:00am,USD,FOMC Member Fischer Speaks,Low,,,
2015-07-17,9:00am,USD,Prelim UoM Inflation Expectations,Medium,,2.7%,
2015-07-19,6:01pm,GBP,Rightmove HPI m/m,Medium,,3.0%,
2015-07-19,All Day,JPY,Bank Holiday,Low,,,
2015-07-20,3:00am,EUR,Current Account,Medium,23.1B,24.0B,
2015-07-20,5:00am,EUR,German Buba Monthly Report,Medium,,,
2015-07-20,1:30pm,USD,Treasury Sec Lew Speaks,Low,,,
2015-07-20,6:50pm,JPY,Monetary Policy Meeting Minutes,Low,,,
2015-07-21,3:30am,GBP,Public Sector Net Borrowing,Low,8.6B,8.4B,
2015-07-21,11:30pm,JPY,All Industries Activity m/m,Medium,-0.5%,0.1%,
2015-07-22,WedJul 22,GBP,MPC Asset Purchase Facility Votes,Low,0-0-9,0-0-9,
2015-07-22,4:00am,EUR,Italian Retail Sales m/m,Medium,0.1%,0.7%,
2015-07-22,8:00am,USD,HPI m/m,Medium,0.5%,0.4%,
2015-07-22,9:00am,USD,Existing Home Sales,Low,5.40M,5.32M,
2015-07-22,9:30am,USD,Crude Oil Inventories,Low,-1.7M,-4.3M,
2015-07-22,6:50pm,JPY,Trade Balance,Low,-0.25T,-0.16T,
2015-07-22,8:11pm,EUR,Greek Gov Debt Crisis Vote,High,Pass,,
2015-07-23,3:30am,GBP,Retail Sales m/m,High,0.4%,0.3%,
2015-07-23,7:30am,USD,Unemployment Claims,High,279K,281K,
2015-07-23,9:00am,EUR,Consumer Confidence,Medium,-6,-6,
2015-07-23,9:00am,USD,CB Leading Index m/m,Medium,0.1%,0.8%,
2015-07-23,9:15am,EUR,German Buba President Weidmann Speaks,Low,,,
2015-07-23,9:30am,USD,Natural Gas Storage,Medium,71B,99B,
2015-07-23,8:35pm,JPY,Flash Manufacturing PMI,Medium,50.5,50.1,
2015-07-24,FriJul 24,EUR,French Flash Services PMI,Low,53.9,54.1,
2015-07-24,2:30am,EUR,German Flash Manufacturing PMI,High,52.1,51.9,
2015-07-24,2:30am,EUR,German Flash Services PMI,Low,54.1,53.8,
2015-07-24,3:00am,EUR,Flash Manufacturing PMI,Low,52.5,52.5,
2015-07-24,3:00am,EUR,Flash Services PMI,Low,54.2,54.4,
2015-07-24,3:30am,GBP,High Street Lending,Medium,43.5K,42.9K,
2015-07-24,8:08am,EUR,Belgian NBB Business Climate,Medium,-4.0,-3.9,
2015-07-24,8:45am,USD,Flash Manufacturing PMI,Low,53.7,53.6,
2015-07-24,9:00am,USD,New Home Sales,Low,543K,517K,
2015-07-27,3:00am,EUR,German ifo Business Climate,High,107.6,107.5,
2015-07-27,3:00am,EUR,M3 Money Supply y/y,Low,5.1%,5.0%,
2015-07-27,3:00am,EUR,Private Loans y/y,Medium,0.7%,0.5%,
2015-07-27,5:00am,GBP,CBI Industrial Order Expectations,Medium,-4,-7,
2015-07-27,7:30am,USD,Core Durable Goods Orders m/m,High,0.4%,0.0%,
2015-07-27,7:30am,USD,Durable Goods Orders m/m,Low,3.2%,-2.2%,
2015-07-28,TueJul 28,GBP,Index of Services 3m/3m,Medium,0.5%,0.5%,
2015-07-28,8:00am,USD,S&P/CS Composite-20 HPI y/y,Medium,5.2%,5.0%,
2015-07-28,8:45am,USD,Flash Services PMI,Medium,55.1,54.8,
2015-07-28,8:59am,USD,Richmond Manufacturing Index,Medium,6,6,
2015-07-28,9:00am,USD,CB Consumer Confidence,High,100.1,99.8,
2015-07-28,1:00pm,GBP,MPC Member Cunliffe Speaks,Low,,,
2015-07-28,6:50pm,JPY,Retail Sales y/y,Low,0.8%,3.0%,
2015-07-29,WedJul 29,EUR,German GfK Consumer Climate,Low,10.1,10.1,
2015-07-29,3:30am,GBP,Net Lending to Individuals m/m,Low,3.0B,3.5B,
2015-07-29,3:30am,GBP,M4 Money Supply m/m,Medium,0.4%,0.5%,
2015-07-29,3:30am,GBP,Mortgage Approvals,Medium,66K,65K,
2015-07-29,5:00am,GBP,CBI Realized Sales,Medium,30,29,
2015-07-29,9:00am,USD,Pending Home Sales m/m,Low,1.0%,0.6%,
2015-07-29,9:30am,USD,Crude Oil Inventories,Low,-0.1M,2.5M,
2015-07-29,1:00pm,USD,Federal Funds Rate,High,<0.25%,<0.25%,
2015-07-29,1:00pm,USD,FOMC Statement,High,,,
2015-07-29,6:50pm,JPY,Prelim Industrial Production m/m,Medium,0.4%,-2.1%,
2015-07-30,2:00am,CHF,KOF Economic Barometer,Low,90.3,89.8,
2015-07-30,2:00am,EUR,Spanish Flash CPI y/y,Low,0.1%,0.1%,
2015-07-30,2:00am,EUR,Spanish Flash GDP q/q,Low,1.1%,0.9%,
2015-07-30,2:55am,EUR,German Unemployment Change,Low,-5K,1K,
2015-07-30,3:00am,EUR,ECB Economic Bulletin,Medium,,,
2015-07-30,4:22am,EUR,Italian 10-y Bond Auction,Medium,,2.35|1.4,
2015-07-30,7:30am,USD,Advance GDP q/q,High,2.6%,-0.2%,
2015-07-30,7:30am,USD,Unemployment Claims,High,268K,255K,
2015-07-30,7:30am,USD,Advance GDP Price Index q/q,Low,1.5%,0.0%,
2015-07-30,7:37am,USD,Goods Trade Balance,High,,,
2015-07-30,9:30am,USD,Natural Gas Storage,Medium,53B,61B,
2015-07-30,5:28pm,GBP,GfK Consumer Confidence,Medium,5,7,
2015-07-30,6:30pm,JPY,Household Spending y/y,Low,2.0%,4.8%,
2015-07-30,6:30pm,JPY,Tokyo Core CPI y/y,Low,0.0%,0.1%,
2015-07-30,6:30pm,JPY,National Core CPI y/y,Medium,0.0%,0.1%,
2015-07-30,6:30pm,JPY,Unemployment Rate,Medium,3.3%,3.3%,
2015-07-31,1:00am,EUR,German Retail Sales m/m,Low,0.3%,0.4%,
2015-07-31,1:45am,EUR,French Consumer Spending m/m,Medium,0.7%,0.1%,
2015-07-31,3:00am,EUR,Italian Monthly Unemployment Rate,Medium,12.3%,12.5%,
2015-07-31,4:00am,EUR,Core CPI Flash Estimate y/y,Low,0.8%,0.8%,
2015-07-31,4:00am,EUR,CPI Flash Estimate y/y,Low,0.2%,0.2%,
2015-07-31,4:00am,EUR,Unemployment Rate,Low,11.0%,11.1%,
2015-07-31,4:00am,EUR,Italian Prelim CPI m/m,Medium,0.0%,0.2%,
2015-07-31,7:30am,USD,Employment Cost Index q/q,Low,0.6%,0.7%,
2015-07-31,8:45am,USD,Chicago PMI,Low,50.7,49.4,
2015-07-31,9:00am,USD,Revised UoM Consumer Sentiment,Low,94.2,93.3,
2015-07-31,9:00am,USD,Revised UoM Inflation Expectations,Medium,,2.8%,
2015-08-02,8:35pm,JPY,Final Manufacturing PMI,Medium,51.4,51.4,
2015-08-03,2:30am,CHF,Manufacturing PMI,Medium,50.6,50.0,
2015-08-03,2:45am,EUR,Italian Manufacturing PMI,Medium,54.6,54.1,
2015-08-03,2:50am,EUR,French Final Manufacturing PMI,Medium,49.6,49.6,
2015-08-03,2:55am,EUR,German Final Manufacturing PMI,Medium,51.5,51.5,
2015-08-03,3:00am,EUR,Final Manufacturing PMI,Medium,52.2,52.2,
2015-08-03,3:30am,GBP,Final Manufacturing PMI,High,51.6,51.4,
2015-08-03,7:30am,USD,Core PCE Price Index m/m,Low,0.1%,0.1%,
2015-08-03,7:30am,USD,Personal Spending m/m,Low,0.2%,0.7%,
2015-08-03,7:30am,USD,Personal Income m/m,Medium,0.4%,0.4%,
2015-08-03,8:45am,USD,ISM Manufacturing PMI,High,53.6,53.5,
2015-08-03,8:45am,USD,Final Manufacturing PMI,Medium,53.8,53.8,
2015-08-03,8:45am,USD,ISM Manufacturing Prices,Medium,49.5,49.5,
2015-08-03,9:00am,USD,Construction Spending m/m,Medium,0.8%,1.8%,
2015-08-03,9:50am,USD,FOMC Member Powell Speaks,Low,,,
2015-08-03,All Day,USD,Total Vehicle Sales,Medium,17.2M,17.2M,
2015-08-03,1:00pm,USD,Loan Officer Survey,Medium,,,
2015-08-03,6:50pm,JPY,Monetary Base y/y,Medium,32.2%,34.2%,
2015-08-03,8:30pm,JPY,Average Cash Earnings y/y,Medium,0.9%,0.7%,
2015-08-03,10:45pm,JPY,10-y Bond Auction,Medium,,0.51|2.6,
2015-08-04,2:00am,EUR,Spanish Unemployment Change,Low,-45.6K,-94.7K,
2015-08-04,3:30am,GBP,Construction PMI,High,58.6,58.1,
2015-08-04,4:00am,EUR,PPI m/m,Medium,-0.1%,0.0%,
2015-08-04,4:35am,GBP,10-y Bond Auction,Medium,,2.02|1.2,
2015-08-04,9:00am,USD,Factory Orders m/m,Low,1.8%,-1.1%,
2015-08-04,9:00am,USD,RCM/TIPP Economic Optimism,Medium,48.0,48.1,
2015-08-04,6:01pm,GBP,BRC Shop Price Index y/y,Medium,,-1.3%,
2015-08-05,WedAug 5,EUR,Spanish Services PMI,Low,55.8,56.1,
2015-08-05,2:45am,EUR,Italian Services PMI,Medium,53.2,53.4,
2015-08-05,2:50am,EUR,French Final Services PMI,Medium,52.1,52.0,
2015-08-05,2:55am,EUR,German Final Services PMI,Medium,53.7,53.7,
2015-08-05,3:00am,EUR,Final Services PMI,Medium,53.8,53.8,
2015-08-05,3:00am,EUR,Italian Industrial Production m/m,Medium,-0.2%,0.9%,
2015-08-05,3:30am,GBP,Final Services PMI,High,58.1,58.5,
2015-08-05,4:00am,EUR,Retail Sales m/m,Medium,-0.1%,0.1%,
2015-08-05,7:15am,USD,ADP Non-Farm Employment Change,High,216K,229K,
2015-08-05,7:30am,USD,Trade Balance,High,-42.8B,-40.9B,
2015-08-05,8:45am,USD,Final Services PMI,Medium,55.2,55.2,
2015-08-05,9:00am,USD,ISM Services PMI,High,56.3,56.0,
2015-08-05,9:30am,USD,Crude Oil Inventories,Low,-1.3M,-4.2M,
2015-08-06,12:45am,CHF,SECO Consumer Climate,Medium,-7,-6,
2015-08-06,1:00am,EUR,German Factory Orders m/m,Low,0.4%,-0.3%,
2015-08-06,2:00am,GBP,Halifax HPI m/m,Low,0.5%,1.6%,
2015-08-06,3:10am,EUR,Retail PMI,Medium,,50.4,
2015-08-06,3:30am,GBP,Manufacturing Production m/m,High,0.2%,-0.6%,
2015-08-06,3:30am,GBP,Industrial Production m/m,Medium,0.1%,0.3%,
2015-08-06,3:45am,EUR,Spanish 10-y Bond Auction,Medium,,2.10|1.5,
2015-08-06,4:00am,EUR,French 10-y Bond Auction,Medium,,1.30|2.1,
2015-08-06,6:00am,GBP,BOE Monetary Policy Report,High,,,
2015-08-06,6:00am,GBP,Monetary Policy Summary,High,,,
2015-08-06,6:00am,GBP,MPC Official Bank Rate Votes,High,2-0-7,0-0-9,
2015-08-06,6:00am,GBP,Official Bank Rate,High,0.50%,0.50%,
2015-08-06,6:00am,GBP,Asset Purchase Facility,Low,375B,375B,
2015-08-06,6:00am,GBP,BOE Inflation Letter,Low,,,
2015-08-06,6:00am,GBP,MPC Asset Purchase Facility Votes,Low,0-0-9,0-0-9,
2015-08-06,6:30am,USD,Challenger Job Cuts y/y,Medium,,42.7%,
2015-08-06,6:45am,GBP,BOE Gov Carney Speaks,High,,,
2015-08-06,7:30am,USD,Unemployment Claims,High,273K,267K,
2015-08-06,9:00am,GBP,NIESR GDP Estimate,Low,,0.7%,
2015-08-06,9:30am,USD,Natural Gas Storage,Medium,46B,52B,
2015-08-06,10:18pm,JPY,Monetary Policy Statement,High,,,
2015-08-07,1:00am,EUR,German Industrial Production m/m,Medium,0.3%,0.2%,
2015-08-07,1:00am,EUR,German Trade Balance,Medium,23.2B,22.6B,
2015-08-07,1:30am,JPY,BOJ Press Conference,High,,,
2015-08-07,1:45am,EUR,French Gov Budget Balance,Medium,,-63.9B,
2015-08-07,1:45am,EUR,French Industrial Production m/m,Medium,0.3%,0.4%,
2015-08-07,1:45am,EUR,French Trade Balance,Medium,-3.7B,-4.0B,
2015-08-07,2:00am,CHF,Foreign Currency Reserves,Low,,516B,
2015-08-07,3:30am,GBP,Goods Trade Balance,Low,-9.1B,-8.4B,
2015-08-07,7:30am,USD,Average Hourly Earnings m/m,High,0.2%,0.0%,
2015-08-07,7:30am,USD,Non-Farm Employment Change,High,222K,231K,
2015-08-07,7:30am,USD,Unemployment Rate,High,5.3%,5.3%,
2015-08-07,2:00pm,USD,Consumer Credit m/m,Medium,17.2B,16.5B,
2015-08-09,SunAug 9,JPY,Bank Lending y/y,Medium,,2.5%,
2015-08-10,MonAug 10,JPY,Consumer Confidence,Medium,42.2,41.7,
2015-08-10,1:00am,JPY,Economy Watchers Sentiment,Medium,53.1,51.0,
2015-08-10,3:30am,EUR,Sentix Investor Confidence,Medium,20.2,18.5,
2015-08-10,6:15am,USD,FOMC Member Fischer Speaks,Low,,,
2015-08-10,8:00am,USD,FOMC Member Lockhart Speaks,Low,,,
2015-08-10,9:00am,USD,Labor Market Conditions Index m/m,Medium,,1.4,
2015-08-10,11:25am,USD,FOMC Member Lockhart Speaks,High,,,
2015-08-10,6:01pm,GBP,BRC Retail Sales Monitor y/y,Medium,,1.8%,
2015-08-10,6:50pm,JPY,M2 Money Stock y/y,Medium,3.9%,3.9%,
2015-08-10,10:45pm,JPY,30-y Bond Auction,Medium,,1.43|2.2,
2015-08-11,1:00am,EUR,German WPI m/m,Medium,0.2%,-0.2%,
2015-08-11,4:00am,EUR,German ZEW Economic Sentiment,High,31.7,29.7,
2015-08-11,4:00am,EUR,ZEW Economic Sentiment,Low,43.9,42.7,
2015-08-11,5:00am,USD,NFIB Small Business Index,Medium,95.4,94.1,
2015-08-11,7:30am,USD,Prelim Unit Labor Costs q/q,High,0.0%,6.7%,
2015-08-11,7:30am,USD,Prelim Nonfarm Productivity q/q,Low,1.6%,-3.1%,
2015-08-11,8:30am,GBP,CB Leading Index m/m,Medium,,-0.4%,
2015-08-11,9:00am,USD,Final Wholesale Inventories m/m,Medium,0.4%,0.6%,
2015-08-11,6:50pm,JPY,Monetary Policy Meeting Minutes,Low,,,
2015-08-11,6:50pm,JPY,PPI y/y,Medium,-2.9%,-2.4%,
2015-08-11,11:30pm,JPY,Revised Industrial Production m/m,Medium,0.8%,0.8%,
2015-08-11,11:30pm,JPY,Tertiary Industry Activity m/m,Medium,0.1%,-0.6%,
2015-08-12,3:00am,EUR,Italian Trade Balance,Medium,3.98B,4.14B,
2015-08-12,3:30am,GBP,Average Earnings Index 3m/y,High,2.8%,3.2%,
2015-08-12,3:30am,GBP,Claimant Count Change,High,1.4K,0.2K,
2015-08-12,3:30am,GBP,Unemployment Rate,Low,5.6%,5.6%,
2015-08-12,4:00am,CHF,UBS Economic Expectations,Medium,,-5.4,
2015-08-12,4:00am,EUR,Industrial Production m/m,Medium,-0.1%,-0.2%,
2015-08-12,4:32am,EUR,German 10-y Bond Auction,Medium,,0.88|1.1,
2015-08-12,7:30am,USD,FOMC Member Dudley Speaks,Low,,,
2015-08-12,9:00am,USD,JOLTS Job Openings,Low,5.33M,5.36M,
2015-08-12,9:30am,USD,Crude Oil Inventories,Low,-1.6M,-4.4M,
2015-08-12,12:01pm,USD,10-y Bond Auction,Medium,,2.23|2.7,
2015-08-12,1:00pm,USD,Federal Budget Balance,Medium,-133.5B,51.8B,
2015-08-12,6:01pm,GBP,RICS House Price Balance,Medium,42%,40%,
2015-08-12,6:50pm,JPY,Core Machinery Orders m/m,Low,-5.3%,0.6%,
2015-08-13,1:45am,EUR,French Final CPI m/m,Medium,-0.4%,-0.1%,
2015-08-13,2:15am,CHF,PPI m/m,Low,-0.2%,-0.1%,
2015-08-13,6:30am,EUR,ECB Monetary Policy Meeting Accounts,Low,,,
2015-08-13,7:30am,USD,Core Retail Sales m/m,High,0.4%,0.4%,
2015-08-13,7:30am,USD,Retail Sales m/m,High,0.6%,0.0%,
2015-08-13,7:30am,USD,Unemployment Claims,High,272K,269K,
2015-08-13,7:30am,USD,Import Prices m/m,Low,-1.0%,0.0%,
2015-08-13,9:00am,USD,Mortgage Delinquencies,Low,,5.54%,
2015-08-13,9:00am,USD,Business Inventories m/m,Medium,0.3%,0.3%,
2015-08-13,9:30am,USD,Natural Gas Storage,Medium,47B,32B,
2015-08-13,12:01pm,USD,30-y Bond Auction,Medium,,3.08|2.2,
2015-08-14,1:00am,EUR,German Prelim GDP q/q,High,0.5%,0.3%,
2015-08-14,1:45am,EUR,French Prelim Private Payrolls q/q,Medium,0.1%,0.0%,
2015-08-14,1:57am,EUR,Greek Gov Debt Crisis Vote,High,Pass,,
2015-08-14,3:00am,EUR,Italian Prelim GDP q/q,Medium,0.3%,0.3%,
2015-08-14,3:30am,GBP,Construction Output m/m,Medium,2.4%,-1.0%,
2015-08-14,4:00am,EUR,Final CPI y/y,Low,0.2%,0.2%,
2015-08-14,4:00am,EUR,Flash GDP q/q,Low,0.4%,0.4%,
2015-08-14,4:00am,EUR,Final Core CPI y/y,Medium,1.0%,1.0%,
2015-08-14,All Day,EUR,Eurogroup Meetings,Low,,,
2015-08-14,7:30am,USD,PPI m/m,High,0.1%,0.4%,
2015-08-14,7:30am,USD,Core PPI m/m,Low,0.1%,0.3%,
2015-08-14,8:15am,USD,Capacity Utilization Rate,Low,78.0%,77.7%,
2015-08-14,8:15am,USD,Industrial Production m/m,Low,0.3%,0.1%,
2015-08-14,9:00am,USD,Prelim UoM Consumer Sentiment,High,93.5,93.1,
2015-08-14,9:00am,USD,Prelim UoM Inflation Expectations,Medium,,2.8%,
2015-08-16,6:01pm,GBP,Rightmove HPI m/m,Medium,,0.1%,
2015-08-16,6:50pm,JPY,Prelim GDP q/q,High,-0.5%,1.0%,
2015-08-16,6:50pm,JPY,Prelim GDP Price Index y/y,Medium,2.2%,3.4%,
2015-08-17,4:00am,EUR,Trade Balance,Medium,19.3B,21.3B,
2015-08-17,5:00am,EUR,German Buba Monthly Report,Medium,,,
2015-08-17,7:30am,USD,Empire State Manufacturing Index,Low,5.0,3.9,
2015-08-17,9:00am,USD,NAHB Housing Market Index,Medium,62,60,
2015-08-17,3:00pm,USD,TIC Long-Term Purchases,Medium,23.0B,93.0B,
2015-08-18,TueAug 18,GBP,PPI Input m/m,Low,-1.8%,-1.8%,
2015-08-18,TueAug 18,GBP,RPI y/y,Low,1.0%,1.0%,
2015-08-18,TueAug 18,GBP,Core CPI y/y,Medium,0.8%,0.8%,
2015-08-18,TueAug 18,GBP,ONS HPI y/y,Medium,5.9%,5.6%,
2015-08-18,TueAug 18,GBP,PPI Output m/m,Medium,-0.1%,-0.1%,
2015-08-18,7:30am,USD,Building Permits,High,1.23M,1.34M,
2015-08-18,7:30am,USD,Housing Starts,Low,1.19M,1.20M,
2015-08-18,6:50pm,JPY,Trade Balance,Low,-0.16T,-0.28T,
2015-08-18,11:30pm,JPY,All Industries Activity m/m,Medium,0.4%,-0.5%,
2015-08-19,7:30am,USD,Core CPI m/m,High,0.2%,0.2%,
2015-08-19,7:30am,USD,CPI m/m,High,0.2%,0.3%,
2015-08-19,7:30am,USD,CPI y/y,High,0.2%,0.1%,
2015-08-19,9:30am,USD,Crude Oil Inventories,Low,-0.6M,-1.7M,
2015-08-19,12:46pm,USD,FOMC Meeting Minutes,High,,,
2015-08-20,ThuAug 20,EUR,German PPI m/m,Medium,-0.1%,-0.1%,
2015-08-20,1:45am,USD,FOMC Member Williams Speaks,Low,,,
2015-08-20,3:30am,GBP,Retail Sales m/m,High,0.4%,-0.1%,
2015-08-20,3:43am,EUR,Spanish 10-y Bond Auction,Medium,,1.98|1.7,
2015-08-20,5:00am,GBP,CBI Industrial Order Expectations,Medium,-10,-10,
2015-08-20,7:30am,USD,Unemployment Claims,High,272K,273K,
2015-08-20,9:00am,USD,Existing Home Sales,High,5.45M,5.48M,
2015-08-20,9:00am,USD,Philly Fed Manufacturing Index,High,6.9,5.7,
2015-08-20,9:00am,USD,CB Leading Index m/m,Medium,0.2%,0.6%,
2015-08-20,9:30am,USD,Natural Gas Storage,Medium,60B,65B,
2015-08-20,8:35pm,JPY,Flash Manufacturing PMI,Medium,52.1,51.2,
2015-08-21,2:00am,EUR,French Flash Manufacturing PMI,High,49.8,49.6,
2015-08-21,2:00am,EUR,French Flash Services PMI,Low,52.1,52.0,
2015-08-21,2:30am,EUR,German Flash Manufacturing PMI,High,51.7,51.8,
2015-08-21,2:30am,EUR,German Flash Services PMI,Low,53.7,53.8,
2015-08-21,3:00am,EUR,Flash Manufacturing PMI,Low,52.3,52.4,
2015-08-21,3:00am,EUR,Flash Services PMI,Low,54.1,54.0,
2015-08-21,3:30am,GBP,Public Sector Net Borrowing,Low,-2.3B,8.6B,
2015-08-21,8:45am,USD,Flash Manufacturing PMI,Low,53.9,53.8,
2015-08-21,9:00am,EUR,Consumer Confidence,Medium,-7,-7,
2015-08-25,2:15am,CHF,Employment Level,Low,4.24M,4.23M,
2015-08-25,3:00am,EUR,German ifo Business Climate,High,107.6,108.0,
2015-08-25,7:58am,EUR,Belgian NBB Business Climate,Medium,-3.2,-4.1,
2015-08-25,8:00am,USD,HPI m/m,Medium,0.4%,0.5%,
2015-08-25,8:00am,USD,S&P/CS Composite-20 HPI y/y,Medium,5.1%,5.0%,
2015-08-25,8:45am,USD,Flash Services PMI,Medium,54.1,55.7,
2015-08-25,8:59am,USD,Richmond Manufacturing Index,Medium,9,13,
2015-08-25,9:00am,USD,CB Consumer Confidence,High,92.8,91.0,
2015-08-25,9:00am,USD,New Home Sales,Low,512K,481K,
2015-08-25,6:50pm,JPY,SPPI y/y,Medium,0.4%,0.4%,
2015-08-26,3:30am,GBP,High Street Lending,Medium,46.0K,44.8K,
2015-08-26,5:00am,GBP,CBI Realized Sales,Medium,19,21,
2015-08-26,7:30am,USD,Core Durable Goods Orders m/m,High,0.3%,0.6%,
2015-08-26,7:30am,USD,Durable Goods Orders m/m,Low,-0.4%,4.1%,
2015-08-26,9:00am,USD,FOMC Member Dudley Speaks,High,,,
2015-08-26,9:30am,USD,Crude Oil Inventories,Low,1.0M,2.6M,
2015-08-27,ThuAug 27,GBP,Nationwide HPI m/m,Medium,0.4%,0.4%,
2015-08-27,3:00am,EUR,M3 Money Supply y/y,Low,4.9%,4.9%,
2015-08-27,3:15am,EUR,Private Loans y/y,Medium,0.7%,0.2%,
2015-08-27,7:30am,USD,Prelim GDP q/q,High,3.2%,2.3%,
2015-08-27,7:30am,USD,Unemployment Claims,High,275K,277K,
2015-08-27,7:30am,USD,Prelim GDP Price Index q/q,Medium,2.0%,2.0%,
2015-08-27,9:00am,USD,Pending Home Sales m/m,Low,1.3%,-1.7%,
2015-08-27,9:30am,USD,Natural Gas Storage,Medium,59B,53B,
2015-08-27,5:07pm,GBP,GfK Consumer Confidence,Medium,4,4,
2015-08-27,6:30pm,JPY,Household Spending y/y,Low,0.9%,-2.0%,
2015-08-27,6:30pm,JPY,Tokyo Core CPI y/y,Low,-0.1%,-0.1%,
2015-08-27,6:30pm,JPY,National Core CPI y/y,Medium,-0.2%,0.1%,
2015-08-27,6:30pm,JPY,Unemployment Rate,Medium,3.4%,3.4%,
2015-08-27,6:50pm,JPY,Retail Sales y/y,Low,1.1%,1.0%,
2015-08-28,All Day,EUR,German Prelim CPI m/m,Low,-0.1%,0.2%,
2015-08-28,2:00am,EUR,Spanish Flash CPI y/y,Low,-0.1%,0.1%,
2015-08-28,3:30am,GBP,Second Estimate GDP q/q,High,0.7%,0.7%,
2015-08-28,3:30am,GBP,Prelim Business Investment q/q,Low,1.6%,2.0%,
2015-08-28,3:30am,GBP,Index of Services 3m/3m,Medium,0.7%,0.4%,
2015-08-28,4:21am,EUR,Italian 10-y Bond Auction,Medium,,1.83|1.4,
2015-08-28,7:30am,USD,Goods Trade Balance,High,,-62.3B,
2015-08-28,7:30am,USD,Core PCE Price Index m/m,Low,0.1%,0.1%,
2015-08-28,7:30am,USD,Personal Spending m/m,Low,0.4%,0.3%,
2015-08-28,7:30am,USD,Personal Income m/m,Medium,0.4%,0.4%,
2015-08-28,9:00am,USD,Revised UoM Consumer Sentiment,Low,93.2,92.9,
2015-08-28,9:00am,USD,Revised UoM Inflation Expectations,Medium,,2.8%,
2015-08-28,11:25am,CHF,SNB Chairman Jordan Speaks,High,,,
2015-08-28,1:15pm,USD,FOMC Member Lockhart Speaks,Low,,,
2015-08-29,11:25am,GBP,BOE Gov Carney Speaks,High,,,
2015-08-29,11:25am,USD,FOMC Member Fischer Speaks,High,,,
2015-08-30,6:50pm,JPY,Prelim Industrial Production m/m,Medium,0.1%,1.1%,
2015-08-31,1:00am,EUR,German Retail Sales m/m,Low,1.3%,-1.0%,
2015-08-31,2:00am,CHF,KOF Economic Barometer,Low,99.9,100.4,
2015-08-31,All Day,GBP,Bank Holiday,Low,,,
2015-08-31,3:00am,EUR,Italian Retail Sales m/m,Medium,0.1%,-0.2%,
2015-08-31,4:00am,EUR,Core CPI Flash Estimate y/y,Low,1.0%,1.0%,
2015-08-31,4:00am,EUR,CPI Flash Estimate y/y,Low,0.2%,0.2%,
2015-08-31,4:00am,EUR,Italian Prelim CPI m/m,Medium,0.2%,-0.1%,
2015-08-31,8:45am,USD,Chicago PMI,Low,54.7,54.7,
2015-08-31,6:50pm,JPY,Capital Spending q/y,Medium,9.0%,7.3%,
2015-08-31,8:35pm,JPY,Final Manufacturing PMI,Medium,51.9,51.9,
2015-08-31,10:45pm,JPY,10-y Bond Auction,Medium,,0.40|2.8,
2015-09-01,2:15am,EUR,Spanish Manufacturing PMI,Low,53.9,53.6,
2015-09-01,2:30am,CHF,Manufacturing PMI,Medium,49.9,48.7,
2015-09-01,2:45am,EUR,Italian Manufacturing PMI,Medium,56.2,55.3,
2015-09-01,2:50am,EUR,French Final Manufacturing PMI,Medium,48.6,48.6,
2015-09-01,2:55am,EUR,German Unemployment Change,Low,-3K,8K,
2015-09-01,2:55am,EUR,German Final Manufacturing PMI,Medium,53.2,53.2,
2015-09-01,3:00am,EUR,Final Manufacturing PMI,Medium,52.4,52.4,
2015-09-01,3:00am,EUR,Italian Monthly Unemployment Rate,Medium,12.7%,12.5%,
2015-09-01,3:00am,EUR,Italian Quarterly Unemployment Rate,Medium,12.5%,12.3%,
2015-09-01,3:30am,GBP,Final Manufacturing PMI,High,51.9,51.9,
2015-09-01,3:30am,GBP,Net Lending to Individuals m/m,Low,3.9B,3.9B,
2015-09-01,3:30am,GBP,M4 Money Supply m/m,Medium,0.2%,-0.5%,
2015-09-01,3:30am,GBP,Mortgage Approvals,Medium,68K,67K,
2015-09-01,4:00am,EUR,Unemployment Rate,Low,11.1%,11.1%,
2015-09-01,8:45am,USD,Final Manufacturing PMI,Medium,52.9,52.9,
2015-09-01,9:00am,USD,ISM Manufacturing PMI,High,52.6,52.7,
2015-09-01,9:00am,USD,Construction Spending m/m,Medium,0.8%,0.7%,
2015-09-01,9:00am,USD,ISM Manufacturing Prices,Medium,39.7,44.0,
2015-09-01,9:00am,USD,RCM/TIPP Economic Optimism,Medium,47.3,46.9,
2015-09-01,All Day,USD,Total Vehicle Sales,Medium,17.3M,17.6M,
2015-09-01,6:50pm,JPY,Monetary Base y/y,Medium,33.2%,32.8%,
2015-09-02,3:30am,GBP,Construction PMI,High,57.6,57.1,
2015-09-02,4:00am,EUR,PPI m/m,Medium,-0.1%,-0.1%,
2015-09-02,7:15am,USD,ADP Non-Farm Employment Change,High,204K,177K,
2015-09-02,7:30am,USD,Revised Nonfarm Productivity q/q,Low,2.9%,1.3%,
2015-09-02,7:30am,USD,Revised Unit Labor Costs q/q,Medium,-0.5%,0.5%,
2015-09-02,9:00am,USD,Factory Orders m/m,Low,0.8%,2.2%,
2015-09-02,9:30am,USD,Crude Oil Inventories,Low,-0.7M,-5.5M,
2015-09-02,1:00pm,USD,Beige Book,Medium,,,
2015-09-03,2:45am,EUR,Italian Services PMI,Medium,53.1,52.0,
2015-09-03,2:50am,EUR,French Final Services PMI,Medium,51.8,51.8,
2015-09-03,2:55am,EUR,German Final Services PMI,Medium,53.6,53.6,
2015-09-03,3:00am,EUR,Final Services PMI,Medium,54.3,54.3,
2015-09-03,3:30am,GBP,Final Services PMI,High,57.6,57.4,
2015-09-03,3:51am,EUR,Spanish 10-y Bond Auction,Medium,,1.92|2.3,
2015-09-03,4:00am,EUR,French 10-y Bond Auction,Medium,,1.02|2.0,
2015-09-03,4:00am,EUR,Retail Sales m/m,Medium,0.6%,-0.2%,
2015-09-03,6:30am,USD,Challenger Job Cuts y/y,Medium,,125.4%,
2015-09-03,6:45am,EUR,Main Refinancing Rate,High,0.05%,0.05%,
2015-09-03,7:30am,EUR,ECB Press Conference,High,,,
2015-09-03,7:30am,USD,Trade Balance,High,-43.2B,-45.2B,
2015-09-03,7:30am,USD,Unemployment Claims,High,273K,270K,
2015-09-03,8:45am,USD,Final Services PMI,Medium,55.2,55.2,
2015-09-03,9:00am,USD,ISM Services PMI,High,58.3,60.3,
2015-09-03,9:30am,USD,Natural Gas Storage,Medium,88B,69B,
2015-09-03,8:30pm,JPY,Average Cash Earnings y/y,Medium,2.1%,-2.5%,
2015-09-04,2:15am,CHF,CPI m/m,Medium,-0.2%,-0.6%,
2015-09-04,3:10am,EUR,Retail PMI,Medium,,54.2,
2015-09-04,7:10am,USD,FOMC Member Lacker Speaks,High,,,
2015-09-04,7:30am,USD,Average Hourly Earnings m/m,High,0.2%,0.2%,
2015-09-04,7:30am,USD,Non-Farm Employment Change,High,215K,245K,
2015-09-04,7:30am,USD,Unemployment Rate,High,5.2%,5.3%,
2015-09-07,1:00am,EUR,German Industrial Production m/m,Medium,1.2%,-0.9%,
2015-09-07,2:00am,CHF,Foreign Currency Reserves,Low,,531B,
2015-09-07,3:30am,EUR,Sentix Investor Confidence,Medium,16.2,18.4,
2015-09-07,All Day,USD,Bank Holiday,Low,,,
2015-09-07,6:01pm,GBP,BRC Retail Sales Monitor y/y,Medium,,1.2%,
2015-09-07,6:50pm,JPY,Current Account,Low,1.25T,1.30T,
2015-09-07,6:50pm,JPY,Final GDP q/q,Low,-0.4%,-0.4%,
2015-09-07,6:50pm,JPY,Bank Lending y/y,Medium,,2.6%,
2015-09-07,6:50pm,JPY,Final GDP Price Index y/y,Medium,1.6%,1.6%,
2015-09-07,10:45pm,JPY,30-y Bond Auction,Medium,,1.44|3.3,
2015-09-08,12:45am,CHF,Unemployment Rate,Medium,3.3%,3.3%,
2015-09-08,1:00am,EUR,German Trade Balance,Medium,21.8B,22.1B,
2015-09-08,1:45am,EUR,French Gov Budget Balance,Medium,,-58.5B,
2015-09-08,1:45am,EUR,French Trade Balance,Medium,-3.2B,-2.8B,
2015-09-08,4:00am,EUR,Revised GDP q/q,Medium,0.3%,0.3%,
2015-09-08,4:34am,GBP,30-y Bond Auction,Medium,,2.73|1.9,
2015-09-08,5:00am,USD,NFIB Small Business Index,Medium,96.0,95.4,
2015-09-08,9:07am,USD,Labor Market Conditions Index m/m,Medium,,1.8,
2015-09-08,2:13pm,USD,Consumer Credit m/m,Medium,18.4B,27.0B,
2015-09-08,6:01pm,GBP,BRC Shop Price Index y/y,Medium,,-1.4%,
2015-09-08,6:50pm,JPY,M2 Money Stock y/y,Medium,4.1%,4.0%,
2015-09-09,12:59am,JPY,Prelim Machine Tool Orders y/y,Medium,,1.7%,
2015-09-09,3:30am,GBP,Manufacturing Production m/m,High,0.2%,0.2%,
2015-09-09,3:30am,GBP,Goods Trade Balance,Low,-9.5B,-8.5B,
2015-09-09,3:30am,GBP,Industrial Production m/m,Medium,0.1%,-0.4%,
2015-09-09,4:34am,EUR,German 10-y Bond Auction,Medium,,0.61|1.3,
2015-09-09,9:00am,GBP,NIESR GDP Estimate,Low,,0.6%,
2015-09-09,9:00am,USD,JOLTS Job Openings,Low,5.30M,5.32M,
2015-09-09,12:01pm,USD,10-y Bond Auction,Medium,,2.12|2.4,
2015-09-09,6:01pm,GBP,RICS House Price Balance,Medium,46%,44%,
2015-09-09,6:50pm,JPY,Core Machinery Orders m/m,Low,3.4%,-7.9%,
2015-09-09,6:50pm,JPY,PPI y/y,Medium,-3.2%,-3.1%,
2015-09-10,1:45am,EUR,French Industrial Production m/m,Medium,0.3%,0.0%,
2015-09-10,2:00am,GBP,Halifax HPI m/m,Low,0.5%,-0.4%,
2015-09-10,6:00am,GBP,Monetary Policy Summary,High,,,
2015-09-10,6:00am,GBP,MPC Official Bank Rate Votes,High,1-0-8,1-0-8,
2015-09-10,6:00am,GBP,Official Bank Rate,High,0.50%,0.50%,
2015-09-10,6:00am,GBP,Asset Purchase Facility,Low,375B,375B,
2015-09-10,6:00am,GBP,MPC Asset Purchase Facility Votes,Low,0-0-9,0-0-9,
2015-09-10,7:30am,USD,Unemployment Claims,High,279K,281K,
2015-09-10,7:30am,USD,Import Prices m/m,Low,-1.7%,-0.9%,
2015-09-10,9:00am,USD,Final Wholesale Inventories m/m,Medium,0.2%,0.7%,
2015-09-10,9:30am,USD,Natural Gas Storage,Medium,76B,94B,
2015-09-10,10:00am,USD,Crude Oil Inventories,Low,0.9M,4.7M,
2015-09-10,12:01pm,USD,30-y Bond Auction,Medium,,2.88|2.3,
2015-09-10,6:50pm,JPY,BSI Manufacturing Index,Low,-1.9,-6.0,
2015-09-11,FriSep 11,EUR,German WPI m/m,Medium,0.2%,0.1%,
2015-09-11,3:00am,EUR,Italian Industrial Production m/m,Medium,0.9%,-1.0%,
2015-09-11,3:30am,GBP,Construction Output m/m,Medium,0.5%,0.9%,
2015-09-11,3:30am,GBP,Consumer Inflation Expectations,Medium,,2.2%,
2015-09-11,Day 1,EUR,ECOFIN Meetings,Low,,,
2015-09-11,6:30am,GBP,MPC Member Forbes Speaks,Low,,,
2015-09-11,7:30am,USD,PPI m/m,High,-0.1%,0.2%,
2015-09-11,7:30am,USD,Core PPI m/m,Low,0.1%,0.3%,
2015-09-11,9:00am,USD,Prelim UoM Consumer Sentiment,High,91.4,91.9,
2015-09-11,9:00am,USD,Prelim UoM Inflation Expectations,Medium,,2.8%,
2015-09-11,12:55pm,USD,Federal Budget Balance,Medium,-82.3B,-149.2B,
2015-09-12,All Day,EUR,Eurogroup Meetings,Low,,,
2015-09-13,11:30pm,JPY,Revised Industrial Production m/m,Medium,-0.6%,-0.6%,
2015-09-13,11:30pm,JPY,Tertiary Industry Activity m/m,Medium,0.2%,0.3%,
2015-09-14,MonSep 14,CHF,Retail Sales y/y,Low,1.5%,-1.2%,
2015-09-14,4:00am,EUR,Industrial Production m/m,Medium,0.3%,-0.3%,
2015-09-14,10:07pm,JPY,Monetary Policy Statement,High,,,
2015-09-15,1:45am,EUR,French Final CPI m/m,Medium,0.4%,-0.4%,
2015-09-15,3:30am,GBP,CPI y/y,High,0.0%,0.1%,
2015-09-15,3:30am,GBP,PPI Input m/m,Low,-2.3%,-1.2%,
2015-09-15,3:30am,GBP,RPI y/y,Low,0.9%,1.0%,
2015-09-15,3:30am,GBP,Core CPI y/y,Medium,1.0%,1.2%,
2015-09-15,3:30am,GBP,ONS HPI y/y,Medium,6.2%,5.7%,
2015-09-15,3:30am,GBP,PPI Output m/m,Medium,-0.2%,-0.1%,
2015-09-15,4:00am,EUR,German ZEW Economic Sentiment,High,18.3,25.0,
2015-09-15,4:00am,EUR,ZEW Economic Sentiment,Low,42.1,47.6,
2015-09-15,4:00am,EUR,Final Employment Change q/q,Medium,0.1%,0.2%,
2015-09-15,4:00am,EUR,Trade Balance,Medium,21.4B,21.9B,
2015-09-15,7:30am,USD,Core Retail Sales m/m,High,0.2%,0.6%,
2015-09-15,7:30am,USD,Retail Sales m/m,High,0.3%,0.7%,
2015-09-15,7:30am,USD,Empire State Manufacturing Index,Low,-0.5,-14.9,
2015-09-15,8:15am,USD,Capacity Utilization Rate,Low,77.9%,78.0%,
2015-09-15,8:15am,USD,Industrial Production m/m,Low,-0.1%,0.9%,
2015-09-15,8:30am,GBP,CB Leading Index m/m,Medium,,-0.3%,
2015-09-15,9:00am,USD,Business Inventories m/m,Medium,-0.2%,0.7%,
2015-09-16,3:30am,GBP,Average Earnings Index 3m/y,High,2.5%,2.6%,
2015-09-16,3:30am,GBP,Claimant Count Change,High,-5.1K,-6.8K,
2015-09-16,3:30am,GBP,Unemployment Rate,Low,5.6%,5.6%,
2015-09-16,4:00am,CHF,UBS Economic Expectations,Medium,,5.9,
2015-09-16,4:00am,EUR,Final CPI y/y,Low,0.2%,0.2%,
2015-09-16,4:00am,EUR,Final Core CPI y/y,Medium,1.0%,1.0%,
2015-09-16,4:33am,EUR,German 30-y Bond Auction,Medium,,1.18|1.1,
2015-09-16,4:35am,GBP,10-y Bond Auction,Medium,,1.98|1.4,
2015-09-16,7:30am,USD,Core CPI m/m,High,0.1%,0.1%,
2015-09-16,7:30am,USD,CPI m/m,High,0.0%,0.1%,
2015-09-16,7:30am,USD,CPI y/y,High,0.2%,0.2%,
2015-09-16,8:15am,GBP,Monetary Policy Report Hearings,High,,,
2015-09-16,9:00am,USD,NAHB Housing Market Index,Medium,61,61,
2015-09-16,9:30am,USD,Crude Oil Inventories,Low,0.7M,2.6M,
2015-09-16,3:00pm,USD,TIC Long-Term Purchases,Medium,27.5B,103.1B,
2015-09-16,6:50pm,JPY,Trade Balance,Low,-0.35T,-0.38T,
2015-09-17,1:35am,JPY,BOJ Gov Kuroda Speaks,High,,,
2015-09-17,2:30am,CHF,Libor Rate,High,-0.75%,-0.75%,
2015-09-17,2:30am,CHF,SNB Monetary Policy Assessment,High,,,
2015-09-17,3:00am,EUR,ECB Economic Bulletin,Medium,,,
2015-09-17,3:02am,EUR,Italian Trade Balance,Medium,2.47B,2.81B,
2015-09-17,3:30am,GBP,Retail Sales m/m,High,0.2%,0.0%,
2015-09-17,3:51am,EUR,Spanish 10-y Bond Auction,Medium,,2.13|1.8,
2015-09-17,7:30am,USD,Building Permits,High,1.15M,1.13M,
2015-09-17,7:30am,USD,Unemployment Claims,High,276K,275K,
2015-09-17,7:30am,USD,Current Account,Low,-111B,-118B,
2015-09-17,7:30am,USD,Housing Starts,Low,1.16M,1.16M,
2015-09-17,9:00am,USD,Philly Fed Manufacturing Index,High,6.1,8.3,
2015-09-17,9:30am,USD,Natural Gas Storage,Medium,70B,68B,
2015-09-17,1:00pm,USD,Federal Funds Rate,High,<0.25%,<0.25%,
2015-09-17,1:00pm,USD,FOMC Economic Projections,High,,,
2015-09-17,1:00pm,USD,FOMC Statement,High,,,
2015-09-17,1:30pm,USD,FOMC Press Conference,High,,,
2015-09-17,6:50pm,JPY,Monetary Policy Meeting Minutes,Low,,,
2015-09-18,6:05am,GBP,MPC Member Haldane Speaks,Low,,,
2015-09-18,9:00am,USD,CB Leading Index m/m,Medium,0.2%,-0.2%,
2015-09-20,6:01pm,GBP,Rightmove HPI m/m,Medium,,-0.8%,
2015-09-20,All Day,JPY,Bank Holiday,Low,,,
2015-09-21,5:00am,EUR,German Buba Monthly Report,Medium,,,
2015-09-21,9:00am,USD,Existing Home Sales,Low,5.50M,5.58M,
2015-09-21,12:00pm,USD,FOMC Member Lockhart Speaks,Low,,,
2015-09-21,All Day,JPY,Bank Holiday,Low,,,
2015-09-22,3:30am,GBP,Public Sector Net Borrowing,Low,8.7B,-0.1B,
2015-09-22,5:00am,GBP,CBI Industrial Order Expectations,Medium,0,-1,
2015-09-22,8:00am,USD,HPI m/m,Medium,0.4%,0.2%,
2015-09-22,8:59am,USD,Richmond Manufacturing Index,Medium,4,0,
2015-09-22,9:00am,EUR,Consumer Confidence,Medium,-7,-7,
2015-09-22,1:00pm,GBP,MPC Member Shafik Speaks,Low,,,
2015-09-22,6:00pm,USD,FOMC Member Lockhart Speaks,Low,,,
2015-09-22,All Day,JPY,Bank Holiday,Low,,,
2015-09-23,WedSep 23,EUR,French Flash Services PMI,Low,51.1,50.6,
2015-09-23,2:30am,EUR,German Flash Manufacturing PMI,High,52.8,53.3,
2015-09-23,2:30am,EUR,German Flash Services PMI,Low,54.5,54.9,
2015-09-23,3:00am,EUR,Flash Manufacturing PMI,Low,52.2,52.3,
2015-09-23,3:00am,EUR,Flash Services PMI,Low,54.1,54.4,
2015-09-23,8:00am,CHF,SNB Quarterly Bulletin,Medium,,,
2015-09-23,8:00am,EUR,ECB President Draghi Speaks,High,,,
2015-09-23,8:45am,USD,Flash Manufacturing PMI,Medium,53.3,53.0,
2015-09-23,9:30am,USD,Crude Oil Inventories,Low,-1.0M,-2.1M,
2015-09-23,11:00am,GBP,MPC Member Broadbent Speaks,Low,,,
2015-09-23,11:30am,USD,FOMC Member Lockhart Speaks,Low,,,
2015-09-23,8:35pm,JPY,Flash Manufacturing PMI,Medium,51.3,51.7,
2015-09-23,11:30pm,JPY,All Industries Activity m/m,Medium,0.1%,0.5%,
2015-09-24,3:00am,EUR,German ifo Business Climate,High,107.8,108.4,
2015-09-24,3:30am,GBP,High Street Lending,Medium,46.3K,46.3K,
2015-09-24,4:00am,EUR,Italian Retail Sales m/m,Medium,0.2%,-0.4%,
2015-09-24,4:31am,EUR,Long Term Refinancing Operation,High,50.3B,73.8B,
2015-09-24,7:30am,USD,Core Durable Goods Orders m/m,High,0.2%,0.4%,
2015-09-24,7:30am,USD,Unemployment Claims,High,268K,264K,
2015-09-24,7:30am,USD,Durable Goods Orders m/m,Low,-2.0%,2.2%,
2015-09-24,8:00am,EUR,Belgian NBB Business Climate,Medium,-4.7,-5.1,
2015-09-24,9:00am,USD,New Home Sales,Low,516K,522K,
2015-09-24,9:30am,USD,Natural Gas Storage,Medium,95B,73B,
2015-09-24,4:00pm,USD,Fed Chair Yellen Speaks,High,,,
2015-09-24,6:30pm,JPY,Tokyo Core CPI y/y,Low,-0.2%,-0.1%,
2015-09-24,6:30pm,JPY,National Core CPI y/y,Medium,-0.1%,0.0%,
2015-09-24,6:50pm,JPY,SPPI y/y,Medium,0.5%,0.6%,
2015-09-25,3:00am,EUR,M3 Money Supply y/y,Low,5.4%,5.3%,
2015-09-25,3:00am,EUR,Private Loans y/y,Medium,1.1%,0.9%,
2015-09-25,3:30am,GBP,FPC Statement,Medium,,,
2015-09-25,7:30am,USD,Final GDP q/q,High,3.7%,3.7%,
2015-09-25,7:30am,USD,Final GDP Price Index q/q,Medium,2.1%,2.1%,
2015-09-25,8:45am,USD,Flash Services PMI,Medium,55.5,56.1,
2015-09-25,9:00am,USD,Revised UoM Consumer Sentiment,Low,87.2,85.7,
2015-09-25,9:00am,USD,Revised UoM Inflation Expectations,Medium,,2.9%,
2015-09-25,11:30am,EUR,German Buba President Weidmann Speaks,Low,,,
2015-09-28,4:15am,USD,FOMC Member Tarullo Speaks,Low,,,
2015-09-28,7:30am,USD,FOMC Member Dudley Speaks,High,,,
2015-09-28,7:30am,USD,Core PCE Price Index m/m,Low,0.1%,0.1%,
2015-09-28,7:30am,USD,Personal Spending m/m,Low,0.3%,0.4%,
2015-09-28,7:30am,USD,Personal Income m/m,Medium,0.4%,0.5%,
2015-09-28,9:00am,USD,Pending Home Sales m/m,Low,0.4%,0.5%,
2015-09-28,12:30pm,USD,FOMC Member Evans Speaks,Low,,,
2015-09-28,4:00pm,USD,FOMC Member Williams Speaks,Low,,,
2015-09-29,All Day,EUR,German Prelim CPI m/m,Low,-0.1%,0.0%,
2015-09-29,2:00am,EUR,Spanish Flash CPI y/y,Low,-0.6%,-0.4%,
2015-09-29,3:30am,GBP,Net Lending to Individuals m/m,Low,4.1B,4.0B,
2015-09-29,3:30am,GBP,M4 Money Supply m/m,Medium,0.7%,1.0%,
2015-09-29,3:30am,GBP,Mortgage Approvals,Medium,70K,69K,
2015-09-29,4:21am,EUR,Italian 10-y Bond Auction,Medium,,1.95|1.4,
2015-09-29,5:00am,GBP,CBI Realized Sales,Medium,29,24,
2015-09-29,7:30am,USD,Goods Trade Balance,Low,-57.3B,-59.1B,
2015-09-29,8:00am,USD,S&P/CS Composite-20 HPI y/y,Medium,5.1%,4.9%,
2015-09-29,9:00am,USD,CB Consumer Confidence,High,96.2,101.3,
2015-09-29,2:15pm,GBP,BOE Gov Carney Speaks,High,,,
2015-09-29,6:05pm,GBP,GfK Consumer Confidence,Medium,5,7,
2015-09-29,6:50pm,JPY,Retail Sales y/y,Low,1.2%,1.8%,
2015-09-29,6:50pm,JPY,Prelim Industrial Production m/m,Medium,1.1%,-0.8%,
2015-09-30,12:58am,GBP,Nationwide HPI m/m,Medium,0.4%,0.4%,
2015-09-30,1:00am,CHF,UBS Consumption Indicator,Medium,,1.59,
2015-09-30,1:00am,EUR,German Retail Sales m/m,Low,0.2%,1.6%,
2015-09-30,Jul Data,EUR,French Consumer Spending m/m,Medium,0.2%,0.4%,
2015-09-30,1:45am,EUR,French Consumer Spending m/m,Medium,0.4%,0.3%,
2015-09-30,2:00am,CHF,KOF Economic Barometer,Low,101.2,101.2,
2015-09-30,2:55am,EUR,German Unemployment Change,Low,-5K,-6K,
2015-09-30,3:00am,EUR,Italian Monthly Unemployment Rate,Medium,12.0%,12.0%,
2015-09-30,3:30am,GBP,Current Account,High,-22.2B,-24.0B,
2015-09-30,3:30am,GBP,Final GDP q/q,Low,0.7%,0.7%,
2015-09-30,3:30am,GBP,Index of Services 3m/3m,Medium,0.8%,0.6%,
2015-09-30,3:30am,GBP,Revised Business Investment q/q,Medium,2.9%,2.9%,
2015-09-30,4:00am,EUR,Core CPI Flash Estimate y/y,Low,0.9%,0.9%,
2015-09-30,4:00am,EUR,CPI Flash Estimate y/y,Low,0.0%,0.1%,
2015-09-30,4:00am,EUR,Unemployment Rate,Low,10.9%,11.0%,
2015-09-30,4:00am,EUR,Italian Prelim CPI m/m,Medium,-0.2%,0.2%,
2015-09-30,7:00am,USD,FOMC Member Dudley Speaks,Low,,,
2015-09-30,7:15am,USD,ADP Non-Farm Employment Change,High,192K,186K,
2015-09-30,8:45am,USD,Chicago PMI,Low,53.2,54.4,
2015-09-30,9:30am,USD,Crude Oil Inventories,Low,-0.5M,-1.9M,
2015-09-30,2:00pm,USD,Fed Chair Yellen Speaks,High,,,
2015-09-30,6:50pm,JPY,Tankan Manufacturing Index,Low,13,15,
2015-09-30,6:50pm,JPY,Tankan Non-Manufacturing Index,Low,21,23,
2015-09-30,7:15pm,USD,FOMC Member Brainard Speaks,Low,,,
2015-09-30,8:35pm,JPY,Final Manufacturing PMI,Medium,50.9,50.9,
2015-09-30,10:45pm,JPY,10-y Bond Auction,Medium,,0.42|3.5,
2015-10-01,2:15am,CHF,Retail Sales y/y,Low,0.3%,0.1%,
2015-10-01,2:15am,EUR,Spanish Manufacturing PMI,Low,53.0,53.2,
2015-10-01,2:30am,CHF,Manufacturing PMI,Medium,51.9,52.2,
2015-10-01,2:45am,EUR,Italian Manufacturing PMI,Medium,53.4,53.8,
2015-10-01,2:50am,EUR,French Final Manufacturing PMI,Medium,50.4,50.4,
2015-10-01,2:55am,EUR,German Final Manufacturing PMI,Medium,52.6,52.5,
2015-10-01,3:00am,EUR,Final Manufacturing PMI,Medium,52.0,52.0,
2015-10-01,3:30am,GBP,Final Manufacturing PMI,High,51.3,51.6,
2015-10-01,3:30am,GBP,FPC Meeting Minutes,Medium,,,
2015-10-01,3:45am,EUR,Spanish 10-y Bond Auction,Medium,,2.15|2.5,
2015-10-01,3:56am,EUR,French 10-y Bond Auction,Medium,,1.21|1.7,
2015-10-01,6:30am,USD,Challenger Job Cuts y/y,Medium,,2.9%,
2015-10-01,7:30am,USD,Unemployment Claims,High,273K,267K,
2015-10-01,8:45am,USD,Final Manufacturing PMI,Medium,53.0,53.0,
2015-10-01,9:00am,USD,ISM Manufacturing PMI,High,50.8,51.1,
2015-10-01,9:00am,USD,Construction Spending m/m,Medium,0.6%,0.4%,
2015-10-01,9:00am,USD,ISM Manufacturing Prices,Medium,40.0,39.0,
2015-10-01,9:30am,USD,Natural Gas Storage,Medium,101B,106B,
2015-10-01,All Day,USD,Total Vehicle Sales,Medium,17.5M,17.8M,
2015-10-01,11:00am,CHF,Gov Board Member Zurbrugg Speaks,High,,,
2015-10-01,1:30pm,USD,FOMC Member Williams Speaks,Low,,,
2015-10-01,6:30pm,JPY,Household Spending y/y,Low,0.4%,-0.2%,
2015-10-01,6:30pm,JPY,Unemployment Rate,Medium,3.3%,3.3%,
2015-10-01,6:50pm,JPY,Monetary Base y/y,Medium,34.2%,33.3%,
2015-10-01,8:30pm,EUR,ECB President Draghi Speaks,High,,,
2015-10-02,3:30am,GBP,Construction PMI,High,57.5,57.3,
2015-10-02,4:00am,EUR,PPI m/m,Medium,-0.5%,-0.2%,
2015-10-02,7:30am,USD,Average Hourly Earnings m/m,High,0.2%,0.4%,
2015-10-02,7:30am,USD,Non-Farm Employment Change,High,201K,136K,
2015-10-02,7:30am,USD,Unemployment Rate,High,5.1%,5.1%,
2015-10-02,9:00am,USD,Factory Orders m/m,Low,-0.9%,0.2%,
2015-10-02,12:30pm,USD,FOMC Member Fischer Speaks,Low,,,
2015-10-04,8:30pm,JPY,Average Cash Earnings y/y,Medium,0.7%,0.9%,
2015-10-05,2:45am,EUR,Italian Services PMI,Medium,54.8,54.6,
2015-10-05,2:50am,EUR,French Final Services PMI,Medium,51.2,51.2,
2015-10-05,2:55am,EUR,German Final Services PMI,Medium,54.4,54.3,
2015-10-05,3:00am,EUR,Final Services PMI,Medium,54.0,54.0,
2015-10-05,3:30am,EUR,Sentix Investor Confidence,Medium,12.2,13.6,
2015-10-05,3:30am,GBP,Final Services PMI,High,56.4,55.6,
2015-10-05,4:00am,EUR,Retail Sales m/m,Medium,-0.1%,0.6%,
2015-10-05,Day 1,EUR,Eurogroup Meetings,Low,,,
2015-10-05,8:45am,USD,Final Services PMI,Medium,55.7,55.6,
2015-10-05,9:00am,USD,ISM Services PMI,High,58.0,59.0,
2015-10-05,9:00am,USD,Labor Market Conditions Index m/m,Medium,,1.2,
2015-10-06,2:00am,GBP,Halifax HPI m/m,Low,0.1%,2.7%,
2015-10-06,2:15am,CHF,CPI m/m,Medium,0.1%,-0.2%,
2015-10-06,3:10am,EUR,Retail PMI,Medium,,51.4,
2015-10-06,3:30am,GBP,Housing Equity Withdrawal q/q,Medium,-12.5B,-12.1B,
2015-10-06,All Day,EUR,ECOFIN Meetings,Low,,,
2015-10-06,Day 2,EUR,Eurogroup Meetings,Low,,,
2015-10-06,7:30am,USD,Trade Balance,High,-47.6B,-41.8B,
2015-10-06,9:00am,USD,RCM/TIPP Economic Optimism,Medium,44.6,42.0,
2015-10-06,12:00pm,EUR,ECB President Draghi Speaks,High,,,
2015-10-06,4:30pm,USD,FOMC Member Williams Speaks,Low,,,
2015-10-06,6:01pm,GBP,BRC Shop Price Index y/y,Medium,,-1.4%,
2015-10-06,10:00pm,JPY,Monetary Policy Statement,High,,,
2015-10-07,1:00am,EUR,German Industrial Production m/m,Medium,0.3%,1.2%,
2015-10-07,1:31am,JPY,BOJ Press Conference,High,,,
2015-10-07,1:45am,EUR,French Trade Balance,Medium,-3.6B,-3.2B,
2015-10-07,2:00am,CHF,Foreign Currency Reserves,Low,,540B,
2015-10-07,3:30am,GBP,Manufacturing Production m/m,High,0.4%,-0.7%,
2015-10-07,3:30am,GBP,Industrial Production m/m,Medium,0.3%,-0.3%,
2015-10-07,4:32am,EUR,German 10-y Bond Auction,Medium,,0.69|1.2,
2015-10-07,9:00am,GBP,NIESR GDP Estimate,Low,,0.5%,
2015-10-07,9:30am,USD,Crude Oil Inventories,Low,2.2M,4.0M,
2015-10-07,12:01pm,USD,10-y Bond Auction,Medium,,2.24|2.7,
2015-10-07,2:00pm,USD,Consumer Credit m/m,Medium,18.8B,18.9B,
2015-10-07,6:01pm,GBP,RICS House Price Balance,Medium,54%,53%,
2015-10-07,6:50pm,JPY,Core Machinery Orders m/m,Low,3.3%,-3.6%,
2015-10-07,6:50pm,JPY,Current Account,Low,1.28T,1.32T,
2015-10-07,10:45pm,JPY,30-y Bond Auction,Medium,,1.41|3.1,
2015-10-08,ThuOct 8,JPY,Economy Watchers Sentiment,Medium,48.6,49.3,
2015-10-08,12:45am,CHF,Unemployment Rate,Medium,3.4%,3.3%,
2015-10-08,1:00am,EUR,German Trade Balance,Medium,20.2B,22.4B,
2015-10-08,6:00am,GBP,Monetary Policy Summary,High,,,
2015-10-08,6:00am,GBP,MPC Official Bank Rate Votes,High,1-0-8,1-0-8,
2015-10-08,6:00am,GBP,Official Bank Rate,High,0.50%,0.50%,
2015-10-08,6:00am,GBP,Asset Purchase Facility,Low,375B,375B,
2015-10-08,6:00am,GBP,MPC Asset Purchase Facility Votes,Low,0-0-9,0-0-9,
2015-10-08,6:30am,EUR,ECB Monetary Policy Meeting Accounts,Low,,,
2015-10-08,7:30am,USD,Unemployment Claims,High,274K,276K,
2015-10-08,9:30am,USD,Natural Gas Storage,Medium,101B,98B,
2015-10-08,12:03pm,USD,30-y Bond Auction,Medium,,2.98|2.5,
2015-10-08,1:00pm,GBP,BOE Gov Carney Speaks,High,,,
2015-10-08,1:00pm,USD,FOMC Meeting Minutes,High,,,
2015-10-08,2:30pm,USD,FOMC Member Williams Speaks,Low,,,
2015-10-09,FriOct 9,EUR,French Industrial Production m/m,Medium,0.6%,-1.1%,
2015-10-09,3:00am,EUR,Italian Industrial Production m/m,Medium,-0.3%,1.1%,
2015-10-09,3:30am,GBP,Goods Trade Balance,Low,-10.0B,-12.2B,
2015-10-09,3:30am,GBP,Construction Output m/m,Medium,1.0%,-1.0%,
2015-10-09,7:30am,USD,Import Prices m/m,Low,-0.5%,-1.6%,
2015-10-09,8:10am,USD,FOMC Member Lockhart Speaks,Low,,,
2015-10-09,9:00am,USD,Final Wholesale Inventories m/m,Medium,0.1%,-0.3%,
2015-10-09,12:10pm,USD,FOMC Member Evans Speaks,Low,,,
2015-10-09,4:15pm,EUR,German Buba President Weidmann Speaks,Low,,,
2015-10-10,2:30pm,GBP,MPC Member Shafik Speaks,Low,,,
2015-10-11,All Day,JPY,Bank Holiday,Low,,,
2015-10-12,All Day,USD,Bank Holiday,Low,,,
2015-10-12,7:10am,USD,FOMC Member Lockhart Speaks,Low,,,
2015-10-12,8:00am,GBP,MPC Member Weale Speaks,Low,,,
2015-10-12,8:30am,GBP,CB Leading Index m/m,Medium,,-0.2%,
2015-10-12,9:30am,USD,FOMC Member Evans Speaks,Low,,,
2015-10-12,3:30pm,USD,FOMC Member Brainard Speaks,Low,,,
2015-10-12,6:01pm,GBP,BRC Retail Sales Monitor y/y,Medium,,-1.0%,
2015-10-12,6:50pm,JPY,Monetary Policy Meeting Minutes,Low,,,
2015-10-12,6:50pm,JPY,Bank Lending y/y,Medium,,2.7%,
2015-10-13,12:58am,JPY,Prelim Machine Tool Orders y/y,Medium,,-16.5%,
2015-10-13,1:00am,EUR,German Final CPI m/m,Medium,-0.2%,-0.2%,
2015-10-13,1:00am,EUR,German WPI m/m,Medium,-0.3%,-0.8%,
2015-10-13,2:15am,CHF,PPI m/m,Low,-0.1%,-0.7%,
2015-10-13,3:30am,GBP,CPI y/y,High,0.0%,0.0%,
2015-10-13,3:30am,GBP,BOE Credit Conditions Survey,Low,,,
2015-10-13,3:30am,GBP,PPI Input m/m,Low,0.2%,-3.0%,
2015-10-13,3:30am,GBP,RPI y/y,Low,1.0%,1.1%,
2015-10-13,3:30am,GBP,Core CPI y/y,Medium,1.1%,1.0%,
2015-10-13,3:30am,GBP,ONS HPI y/y,Medium,5.5%,5.2%,
2015-10-13,3:30am,GBP,PPI Output m/m,Medium,-0.2%,-0.5%,
2015-10-13,4:00am,EUR,German ZEW Economic Sentiment,High,6.8,12.1,
2015-10-13,4:00am,EUR,ZEW Economic Sentiment,Low,30.1,33.3,
2015-10-13,4:00am,GBP,MPC Member Vlieghe Speaks,Low,,,
2015-10-13,5:00am,GBP,MPC Member McCafferty Speaks,Low,,,
2015-10-13,5:00am,USD,NFIB Small Business Index,Medium,95.6,95.9,
2015-10-13,12:00pm,GBP,MPC Member Haldane Speaks,Low,,,
2015-10-13,6:50pm,JPY,M2 Money Stock y/y,Medium,4.3%,4.2%,
2015-10-13,6:50pm,JPY,PPI y/y,Medium,-3.9%,-3.6%,
2015-10-14,3:30am,GBP,Average Earnings Index 3m/y,High,3.1%,2.9%,
2015-10-14,3:30am,GBP,Claimant Count Change,High,-2.3K,1.2K,
2015-10-14,3:30am,GBP,Unemployment Rate,Low,5.5%,5.5%,
2015-10-14,4:00am,CHF,UBS Economic Expectations,Medium,,9.7,
2015-10-14,4:00am,EUR,Industrial Production m/m,Medium,-0.4%,0.8%,
2015-10-14,7:30am,USD,Core Retail Sales m/m,High,-0.1%,-0.1%,
2015-10-14,7:30am,USD,PPI m/m,High,-0.2%,0.0%,
2015-10-14,7:30am,USD,Retail Sales m/m,High,0.2%,0.0%,
2015-10-14,7:30am,USD,Core PPI m/m,Low,0.1%,0.3%,
2015-10-14,9:00am,USD,Business Inventories m/m,Medium,0.1%,0.0%,
2015-10-14,1:00pm,USD,Beige Book,Medium,,,
2015-10-14,11:30pm,JPY,Revised Industrial Production m/m,Medium,-0.5%,-0.5%,
2015-10-14,11:30pm,JPY,Tertiary Industry Activity m/m,Medium,0.0%,0.2%,
2015-10-15,3:48am,EUR,Spanish 10-y Bond Auction,Medium,,1.84|1.8,
2015-10-15,7:30am,USD,Core CPI m/m,High,0.1%,0.1%,
2015-10-15,7:30am,USD,CPI m/m,High,-0.2%,-0.1%,
2015-10-15,7:30am,USD,CPI y/y,High,-0.1%,0.2%,
2015-10-15,7:30am,USD,Unemployment Claims,High,269K,262K,
2015-10-15,7:30am,USD,Empire State Manufacturing Index,Low,-7.3,-14.7,
2015-10-15,9:00am,USD,Philly Fed Manufacturing Index,High,-1.8,-6.0,
2015-10-15,9:30am,USD,FOMC Member Dudley Speaks,Low,,,
2015-10-15,9:30am,USD,Natural Gas Storage,Medium,92B,95B,
2015-10-15,10:00am,USD,Crude Oil Inventories,Low,2.2M,3.1M,
2015-10-15,2:26pm,USD,Federal Budget Balance,Medium,93.8B,-64.4B,
2015-10-16,3:00am,EUR,Italian Trade Balance,Medium,4.23B,8.07B,
2015-10-16,4:00am,EUR,Final CPI y/y,Low,-0.1%,-0.1%,
2015-10-16,4:00am,EUR,Final Core CPI y/y,Medium,0.9%,0.9%,
2015-10-16,4:00am,EUR,Trade Balance,Medium,22.2B,22.4B,
2015-10-16,5:30am,GBP,MPC Member Forbes Speaks,Low,,,
2015-10-16,8:15am,USD,Capacity Utilization Rate,Low,77.4%,77.8%,
2015-10-16,8:15am,USD,Industrial Production m/m,Low,-0.2%,-0.1%,
2015-10-16,9:00am,USD,Prelim UoM Consumer Sentiment,High,88.8,87.2,
2015-10-16,9:00am,USD,JOLTS Job Openings,Low,5.77M,5.67M,
2015-10-16,9:00am,USD,Prelim UoM Inflation Expectations,Medium,,2.8%,
2015-10-16,3:00pm,USD,TIC Long-Term Purchases,Medium,24.3B,7.7B,
2015-10-18,6:01pm,GBP,Rightmove HPI m/m,Medium,,0.9%,
2015-10-19,MonOct 19,USD,NAHB Housing Market Index,Medium,62,61,
2015-10-19,3:30pm,USD,Treasury Currency Report,Low,,,
2015-10-20,TueOct 20,EUR,German PPI m/m,Medium,-0.1%,-0.5%,
2015-10-20,3:00am,EUR,Current Account,Medium,20.1B,25.6B,
2015-10-20,4:45am,GBP,MPC Member McCafferty Speaks,Low,,,
2015-10-20,5:00am,GBP,BOE Gov Carney Speaks,High,,,
2015-10-20,7:30am,USD,Building Permits,High,1.16M,1.16M,
2015-10-20,7:30am,USD,Housing Starts,Low,1.14M,1.13M,
2015-10-20,8:00am,USD,FOMC Member Dudley Speaks,Low,,,
2015-10-20,8:15am,USD,FOMC Member Powell Speaks,Low,,,
2015-10-20,10:00am,USD,Fed Chair Yellen Speaks,Low,,,
2015-10-20,6:50pm,JPY,Trade Balance,Medium,-0.07T,-0.37T,
2015-10-20,11:30pm,JPY,All Industries Activity m/m,Medium,-0.1%,-0.1%,
2015-10-21,9:30am,USD,Crude Oil Inventories,Low,3.5M,7.6M,
2015-10-21,12:00pm,GBP,BOE Gov Carney Speaks,High,,,
2015-10-21,12:30pm,USD,FOMC Member Powell Speaks,Low,,,
2015-10-22,3:20am,GBP,MPC Member Cunliffe Speaks,Low,,,
2015-10-22,3:30am,GBP,Retail Sales m/m,High,0.3%,-0.4%,
2015-10-22,6:45am,EUR,Main Refinancing Rate,High,0.05%,0.05%,
2015-10-22,7:30am,EUR,ECB Press Conference,High,,,
2015-10-22,7:30am,USD,Unemployment Claims,High,266K,256K,
2015-10-22,8:00am,USD,HPI m/m,Medium,0.4%,0.5%,
2015-10-22,9:00am,EUR,Consumer Confidence,Medium,-7,-7,
2015-10-22,9:00am,USD,Existing Home Sales,Low,5.38M,5.30M,
2015-10-22,9:00am,USD,CB Leading Index m/m,Medium,0.0%,0.0%,
2015-10-22,9:30am,USD,Natural Gas Storage,Medium,89B,100B,
2015-10-22,8:35pm,JPY,Flash Manufacturing PMI,Medium,50.6,51.0,
2015-10-23,FriOct 23,EUR,French Flash Services PMI,Low,51.9,51.9,
2015-10-23,2:30am,EUR,German Flash Manufacturing PMI,High,51.8,52.3,
2015-10-23,2:30am,EUR,German Flash Services PMI,Low,54.0,54.1,
2015-10-23,3:00am,EUR,Flash Manufacturing PMI,Low,51.8,52.0,
2015-10-23,3:00am,EUR,Flash Services PMI,Low,53.6,53.7,
2015-10-23,4:00am,EUR,Italian Retail Sales m/m,Medium,0.3%,0.3%,
2015-10-23,8:00am,EUR,Belgian NBB Business Climate,Medium,-6.6,-6.8,
2015-10-23,8:45am,USD,Flash Manufacturing PMI,Medium,52.8,53.1,
2015-10-24,SatOct 24,EUR,Daylight Saving Time Shift,Low,,,
2015-10-24,SatOct 24,GBP,Daylight Saving Time Shift,Low,,,
2015-10-26,4:30am,GBP,High Street Lending,Medium,46.2K,46.6K,
2015-10-26,6:00am,EUR,German Buba Monthly Report,Medium,,,
2015-10-26,6:00am,GBP,CBI Industrial Order Expectations,Medium,-8,-7,
2015-10-26,9:00am,USD,New Home Sales,Low,546K,529K,
2015-10-26,6:50pm,JPY,SPPI y/y,Medium,0.6%,0.8%,
2015-10-27,4:00am,EUR,M3 Money Supply y/y,Low,5.0%,4.9%,
2015-10-27,4:00am,EUR,Private Loans y/y,Medium,1.1%,1.0%,
2015-10-27,4:30am,GBP,Prelim GDP q/q,High,0.6%,0.7%,
2015-10-27,4:30am,GBP,Index of Services 3m/3m,Medium,1.0%,0.8%,
2015-10-27,5:36am,GBP,10-y Bond Auction,Medium,,1.95|1.4,
2015-10-27,7:30am,USD,Core Durable Goods Orders m/m,High,0.0%,-0.2%,
2015-10-27,7:30am,USD,Durable Goods Orders m/m,Low,-1.1%,-2.3%,
2015-10-27,8:00am,USD,S&P/CS Composite-20 HPI y/y,Medium,5.1%,4.9%,
2015-10-27,8:45am,USD,Flash Services PMI,Medium,55.3,55.1,
2015-10-27,8:59am,USD,Richmond Manufacturing Index,Medium,-3,-5,
2015-10-27,9:00am,USD,CB Consumer Confidence,High,102.5,102.6,
2015-10-27,6:50pm,JPY,Retail Sales y/y,Low,0.4%,0.8%,
2015-10-28,WedOct 28,EUR,German Import Prices m/m,Medium,-0.2%,-1.5%,
2015-10-28,5:34am,EUR,German 10-y Bond Auction,Medium,,0.62|1.1,
2015-10-28,7:30am,USD,Goods Trade Balance,Low,-64.9B,-67.2B,
2015-10-28,9:30am,USD,Crude Oil Inventories,Low,3.7M,8.0M,
2015-10-28,1:00pm,USD,Federal Funds Rate,High,<0.25%,<0.25%,
2015-10-28,1:00pm,USD,FOMC Statement,High,,,
2015-10-28,6:50pm,JPY,Prelim Industrial Production m/m,Medium,-0.5%,-1.2%,
2015-10-29,All Day,EUR,German Prelim CPI m/m,Low,-0.1%,-0.2%,
2015-10-29,3:00am,EUR,Spanish Flash CPI y/y,Low,-0.6%,-0.9%,
2015-10-29,3:55am,EUR,German Unemployment Change,Low,-4K,2K,
2015-10-29,4:30am,GBP,Net Lending to Individuals m/m,Low,4.4B,4.7B,
2015-10-29,4:30am,GBP,M4 Money Supply m/m,Medium,-0.2%,-0.5%,
2015-10-29,4:30am,GBP,Mortgage Approvals,Medium,73K,71K,
2015-10-29,5:22am,EUR,Italian 10-y Bond Auction,Medium,,1.82|1.3,
2015-10-29,6:00am,GBP,CBI Realized Sales,Medium,35,49,
2015-10-29,7:30am,USD,Advance GDP q/q,High,1.6%,3.9%,
2015-10-29,7:30am,USD,Unemployment Claims,High,264K,259K,
2015-10-29,7:30am,USD,Advance GDP Price Index q/q,Low,1.5%,2.1%,
2015-10-29,8:10am,USD,FOMC Member Lockhart Speaks,Low,,,
2015-10-29,9:00am,USD,Pending Home Sales m/m,Low,1.1%,-1.4%,
2015-10-29,9:30am,USD,Natural Gas Storage,Medium,70B,81B,
2015-10-29,6:30pm,JPY,Tokyo Core CPI y/y,High,-0.2%,-0.2%,
2015-10-29,6:30pm,JPY,Household Spending y/y,Low,1.2%,2.9%,
2015-10-29,6:30pm,JPY,National Core CPI y/y,Medium,-0.2%,-0.1%,
2015-10-29,6:30pm,JPY,Unemployment Rate,Medium,3.4%,3.4%,
2015-10-29,6:57pm,GBP,GfK Consumer Confidence,Medium,4,3,
2015-10-29,10:22pm,JPY,Monetary Policy Statement,High,,,
2015-10-30,1:00am,JPY,BOJ Outlook Report,High,,,
2015-10-30,1:32am,JPY,BOJ Press Conference,High,,,
2015-10-30,2:00am,EUR,German Retail Sales m/m,Low,0.4%,-0.7%,
2015-10-30,2:45am,EUR,French Consumer Spending m/m,Medium,0.2%,0.1%,
2015-10-30,3:00am,CHF,KOF Economic Barometer,Low,100.1,100.3,
2015-10-30,3:00am,EUR,Spanish Flash GDP q/q,Low,0.9%,1.0%,
2015-10-30,4:00am,EUR,Italian Monthly Unemployment Rate,Medium,11.9%,11.9%,
2015-10-30,5:00am,EUR,Core CPI Flash Estimate y/y,Low,0.9%,0.9%,
2015-10-30,5:00am,EUR,CPI Flash Estimate y/y,Low,0.0%,-0.1%,
2015-10-30,5:00am,EUR,Unemployment Rate,Low,11.0%,10.9%,
2015-10-30,5:00am,EUR,Italian Prelim CPI m/m,Medium,0.1%,-0.4%,
2015-10-30,7:30am,USD,Employment Cost Index q/q,High,0.6%,0.2%,
2015-10-30,7:30am,USD,Core PCE Price Index m/m,Low,0.2%,0.1%,
2015-10-30,7:30am,USD,Personal Spending m/m,Low,0.2%,0.4%,
2015-10-30,7:30am,USD,Personal Income m/m,Medium,0.2%,0.4%,
2015-10-30,8:45am,USD,Chicago PMI,Low,49.5,48.7,
2015-10-30,9:00am,USD,FOMC Member Williams Speaks,Low,,,
2015-10-30,9:00am,USD,Revised UoM Consumer Sentiment,Low,92.6,92.1,
2015-10-30,9:00am,USD,Revised UoM Inflation Expectations,Medium,,2.7%,
2015-11-01,SunNov 1,USD,Daylight Saving Time Shift,Low,,,
2015-11-01,7:35pm,JPY,Final Manufacturing PMI,Medium,52.1,52.5,
2015-11-02,MonNov 2,EUR,Spanish Manufacturing PMI,Low,51.9,51.7,
2015-11-02,2:30am,CHF,Manufacturing PMI,Medium,50.2,49.5,
2015-11-02,2:45am,EUR,Italian Manufacturing PMI,Medium,52.9,52.7,
2015-11-02,2:50am,EUR,French Final Manufacturing PMI,Medium,50.7,50.7,
2015-11-02,2:55am,EUR,German Final Manufacturing PMI,Medium,51.6,51.6,
2015-11-02,3:00am,EUR,Final Manufacturing PMI,Medium,52.0,52.0,
2015-11-02,3:30am,GBP,Final Manufacturing PMI,High,51.3,51.8,
2015-11-02,8:45am,USD,Final Manufacturing PMI,Medium,54.0,54.0,
2015-11-02,9:00am,USD,ISM Manufacturing PMI,High,50.0,50.2,
2015-11-02,9:00am,USD,Construction Spending m/m,Medium,0.5%,0.7%,
2015-11-02,9:00am,USD,ISM Manufacturing Prices,Medium,39.5,38.0,
2015-11-02,11:00am,USD,FOMC Member Williams Speaks,Low,,,
2015-11-02,1:00pm,USD,Loan Officer Survey,Medium,,,
2015-11-02,All Day,JPY,Bank Holiday,Low,,,
2015-11-03,3:30am,GBP,Construction PMI,High,58.9,59.9,
2015-11-03,9:00am,USD,Factory Orders m/m,Low,-0.8%,-2.1%,
2015-11-03,9:00am,USD,RCM/TIPP Economic Optimism,Medium,47.5,47.3,
2015-11-03,All Day,USD,Total Vehicle Sales,Medium,17.8M,18.2M,
2015-11-03,1:00pm,EUR,ECB President Draghi Speaks,Low,,,
2015-11-03,5:50pm,JPY,Monetary Base y/y,Medium,36.2%,35.1%,
2015-11-03,6:01pm,GBP,BRC Shop Price Index y/y,Medium,,-1.9%,
2015-11-03,11:00pm,JPY,Consumer Confidence,Medium,41.1,40.6,
2015-11-04,2:15am,EUR,Spanish Services PMI,Medium,55.5,55.1,
2015-11-04,2:45am,EUR,Italian Services PMI,Medium,53.7,53.3,
2015-11-04,2:50am,EUR,French Final Services PMI,Medium,52.3,52.3,
2015-11-04,2:55am,EUR,German Final Services PMI,Medium,55.2,55.2,
2015-11-04,3:00am,EUR,Final Services PMI,Medium,54.2,54.2,
2015-11-04,3:30am,GBP,Final Services PMI,High,54.6,53.3,
2015-11-04,4:00am,EUR,PPI m/m,Medium,-0.4%,-0.8%,
2015-11-04,4:30am,USD,FOMC Member Brainard Speaks,Low,,,
2015-11-04,7:15am,USD,ADP Non-Farm Employment Change,High,183K,190K,
2015-11-04,7:30am,USD,Trade Balance,High,-42.7B,-48.0B,
2015-11-04,8:45am,USD,Final Services PMI,Medium,54.6,54.4,
2015-11-04,9:00am,USD,Fed Chair Yellen Testifies,High,,,
2015-11-04,9:00am,USD,ISM Services PMI,High,56.6,56.9,
2015-11-04,9:30am,USD,Crude Oil Inventories,Low,2.5M,3.4M,
2015-11-04,1:30pm,USD,FOMC Member Dudley Speaks,Low,,,
2015-11-04,5:50pm,JPY,Monetary Policy Meeting Minutes,Low,,,
2015-11-04,6:30pm,USD,FOMC Member Fischer Speaks,Low,,,
2015-11-04,9:45pm,JPY,10-y Bond Auction,Medium,,0.34|3.0,
2015-11-05,1:00am,EUR,German Factory Orders m/m,Low,1.1%,-1.8%,
2015-11-05,2:00am,GBP,Halifax HPI m/m,Low,0.7%,-0.9%,
2015-11-05,2:15am,CHF,CPI m/m,Medium,0.0%,0.1%,
2015-11-05,3:00am,EUR,ECB Economic Bulletin,Medium,,,
2015-11-05,3:10am,EUR,Retail PMI,Medium,,51.9,
2015-11-05,3:50am,EUR,Spanish 10-y Bond Auction,Medium,,1.77|2.2,
2015-11-05,4:00am,EUR,EU Economic Forecasts,Low,,,
2015-11-05,4:00am,EUR,French 10-y Bond Auction,Medium,,0.98|2.2,
2015-11-05,4:00am,EUR,Retail Sales m/m,Medium,0.2%,0.0%,
2015-11-05,4:45am,EUR,ECB President Draghi Speaks,Low,,,
2015-11-05,6:00am,GBP,BOE Monetary Policy Report,High,,,
2015-11-05,6:00am,GBP,Monetary Policy Summary,High,,,
2015-11-05,6:00am,GBP,MPC Official Bank Rate Votes,High,1-0-8,1-0-8,
2015-11-05,6:00am,GBP,Official Bank Rate,High,0.50%,0.50%,
2015-11-05,6:00am,GBP,Asset Purchase Facility,Low,375B,375B,
2015-11-05,6:00am,GBP,BOE Inflation Letter,Low,,,
2015-11-05,6:00am,GBP,MPC Asset Purchase Facility Votes,Low,0-0-9,0-0-9,
2015-11-05,6:30am,USD,Challenger Job Cuts y/y,Medium,,93.2%,
2015-11-05,6:45am,GBP,BOE Gov Carney Speaks,High,,,
2015-11-05,7:30am,USD,Unemployment Claims,High,263K,260K,
2015-11-05,7:30am,USD,FOMC Member Dudley Speaks,Low,,,
2015-11-05,7:30am,USD,Prelim Nonfarm Productivity q/q,Low,0.1%,3.3%,
2015-11-05,7:30am,USD,Prelim Unit Labor Costs q/q,Low,2.2%,-1.4%,
2015-11-05,8:10am,USD,FOMC Member Fischer Speaks,Low,,,
2015-11-05,9:30am,USD,Natural Gas Storage,Medium,60B,63B,
2015-11-05,12:25pm,USD,FOMC Member Tarullo Speaks,Medium,,,
2015-11-05,12:30pm,USD,FOMC Member Lockhart Speaks,Low,,,
2015-11-05,2:15pm,GBP,BOE Gov Carney Speaks,High,,,
2015-11-05,4:00pm,USD,FOMC Member Dudley Speaks,Low,,,
2015-11-05,5:45pm,USD,FOMC Member Evans Speaks,Medium,,,
2015-11-05,10:00pm,JPY,BOJ Gov Kuroda Speaks,High,,,
2015-11-05,11:00pm,JPY,Leading Indicators,Medium,102.1%,103.5%,
2015-11-06,1:45am,EUR,French Gov Budget Balance,Medium,,-89.7B,
2015-11-06,1:45am,EUR,French Trade Balance,Medium,-3.1B,-3.0B,
2015-11-06,2:00am,CHF,Foreign Currency Reserves,Low,,541B,
2015-11-06,3:30am,GBP,Manufacturing Production m/m,High,0.4%,0.4%,
2015-11-06,3:30am,GBP,Goods Trade Balance,Low,-10.7B,-10.8B,
2015-11-06,3:30am,GBP,Industrial Production m/m,Medium,-0.1%,0.9%,
2015-11-06,7:30am,USD,Average Hourly Earnings m/m,High,0.2%,0.0%,
2015-11-06,7:30am,USD,Non-Farm Employment Change,High,181K,137K,
2015-11-06,7:30am,USD,Unemployment Rate,High,5.0%,5.1%,
2015-11-06,8:53am,GBP,NIESR GDP Estimate,Low,,0.5%,
2015-11-06,2:00pm,USD,Consumer Credit m/m,Medium,17.6B,16.0B,
2015-11-06,3:15pm,USD,FOMC Member Brainard Speaks,Low,,,
2015-11-08,7:30pm,JPY,Average Cash Earnings y/y,Medium,0.5%,0.4%,
2015-11-09,3:30am,EUR,Sentix Investor Confidence,Medium,12.4,11.7,
2015-11-09,All Day,EUR,Eurogroup Meetings,Low,,,
2015-11-09,9:00am,USD,Labor Market Conditions Index m/m,Medium,,1.3,
2015-11-09,5:50pm,JPY,Current Account,Low,1.50T,1.59T,
2015-11-09,5:50pm,JPY,Bank Lending y/y,Medium,,2.6%,
2015-11-09,6:01pm,GBP,BRC Retail Sales Monitor y/y,Medium,,2.6%,
2015-11-09,11:00pm,JPY,Economy Watchers Sentiment,Medium,48.2,47.5,
2015-11-10,1:45am,EUR,French Industrial Production m/m,Medium,0.1%,1.7%,
2015-11-10,3:00am,EUR,German Buba President Weidmann Speaks,Low,,,
2015-11-10,3:00am,EUR,Italian Industrial Production m/m,Medium,0.5%,-0.5%,
2015-11-10,All Day,EUR,ECOFIN Meetings,Low,,,
2015-11-10,4:58am,USD,NFIB Small Business Index,Medium,96.4,96.1,
2015-11-10,7:30am,USD,Import Prices m/m,Low,-0.1%,-0.6%,
2015-11-10,9:00am,USD,Final Wholesale Inventories m/m,Medium,0.0%,0.3%,
2015-11-10,11:30am,GBP,MPC Member Cunliffe Speaks,Low,,,
2015-11-10,12:01pm,USD,10-y Bond Auction,Medium,,2.07|2.6,
2015-11-10,4:15pm,USD,FOMC Member Evans Speaks,Low,,,
2015-11-10,5:50pm,JPY,M2 Money Stock y/y,Medium,3.8%,3.8%,
2015-11-11,1:00am,EUR,German WPI m/m,Medium,0.2%,-0.6%,
2015-11-11,All Day,EUR,French Bank Holiday,Low,,,
2015-11-11,3:30am,GBP,Average Earnings Index 3m/y,High,3.2%,3.0%,
2015-11-11,3:30am,GBP,Claimant Count Change,High,1.6K,0.5K,
2015-11-11,3:30am,GBP,Unemployment Rate,Low,5.4%,5.4%,
2015-11-11,All Day,USD,Bank Holiday,Low,,,
2015-11-11,7:15am,EUR,ECB President Draghi Speaks,High,,,
2015-11-11,5:50pm,JPY,Core Machinery Orders m/m,Low,3.3%,-5.7%,
2015-11-11,5:50pm,JPY,PPI y/y,Medium,-3.5%,-4.0%,
2015-11-11,6:01pm,GBP,RICS House Price Balance,Medium,45%,44%,
2015-11-11,9:45pm,JPY,30-y Bond Auction,Medium,,1.35|3.3,
2015-11-12,1:45am,EUR,French Final CPI m/m,Medium,0.1%,-0.4%,
2015-11-12,2:30am,EUR,ECB President Draghi Speaks,High,,,
2015-11-12,4:00am,EUR,Industrial Production m/m,Medium,-0.1%,-0.4%,
2015-11-12,4:30am,EUR,ECB President Draghi Speaks,High,,,
2015-11-12,7:30am,USD,Unemployment Claims,High,270K,276K,
2015-11-12,8:30am,USD,Fed Chair Yellen Speaks,High,,,
2015-11-12,9:00am,USD,JOLTS Job Openings,Low,5.39M,5.38M,
2015-11-12,9:15am,USD,FOMC Member Evans Speaks,Low,,,
2015-11-12,10:00am,USD,Crude Oil Inventories,Low,0.8M,2.8M,
2015-11-12,11:00am,GBP,MPC Member Haldane Speaks,Low,,,
2015-11-12,11:15am,USD,FOMC Member Dudley Speaks,Low,,,
2015-11-12,12:01pm,USD,30-y Bond Auction,Medium,,2.91|2.5,
2015-11-12,12:57pm,USD,Federal Budget Balance,Medium,-130.2B,91.1B,
2015-11-12,5:00pm,USD,FOMC Member Fischer Speaks,Low,,,
2015-11-12,10:30pm,JPY,Revised Industrial Production m/m,Medium,1.0%,1.0%,
2015-11-12,10:34pm,JPY,Tertiary Industry Activity m/m,Medium,0.2%,0.2%,
2015-11-13,1:00am,EUR,German Prelim GDP q/q,High,0.3%,0.4%,
2015-11-13,1:45am,EUR,French Prelim Private Payrolls q/q,Medium,0.1%,0.2%,
2015-11-13,2:15am,CHF,PPI m/m,Low,-0.2%,-0.1%,
2015-11-13,3:00am,EUR,Italian Prelim GDP q/q,Medium,0.3%,0.3%,
2015-11-13,3:30am,GBP,Construction Output m/m,Medium,1.5%,-3.4%,
2015-11-13,4:00am,EUR,Flash GDP q/q,Low,0.4%,0.4%,
2015-11-13,4:00am,EUR,Trade Balance,Medium,19.4B,19.0B,
2015-11-13,7:30am,USD,Core Retail Sales m/m,High,0.4%,-0.4%,
2015-11-13,7:30am,USD,PPI m/m,High,0.2%,-0.5%,
2015-11-13,7:30am,USD,Retail Sales m/m,High,0.3%,0.0%,
2015-11-13,7:30am,USD,Core PPI m/m,Low,0.1%,-0.3%,
2015-11-13,8:30am,GBP,CB Leading Index m/m,Medium,,0.1%,
2015-11-13,9:00am,USD,Prelim UoM Consumer Sentiment,High,91.3,90.0,
2015-11-13,9:00am,USD,Business Inventories m/m,Medium,0.1%,0.1%,
2015-11-13,9:00am,USD,Prelim UoM Inflation Expectations,Medium,,2.7%,
2015-11-13,9:30am,USD,Natural Gas Storage,Medium,51B,52B,
2015-11-15,5:50pm,JPY,Prelim GDP q/q,High,-0.1%,-0.3%,
2015-11-15,5:50pm,JPY,Prelim GDP Price Index y/y,Medium,1.7%,1.5%,
2015-11-15,6:01pm,GBP,Rightmove HPI m/m,Medium,,0.6%,
2015-11-16,4:00am,EUR,Final CPI y/y,Low,0.0%,0.0%,
2015-11-16,4:00am,EUR,Final Core CPI y/y,Medium,1.0%,1.0%,
2015-11-16,4:15am,EUR,ECB President Draghi Speaks,High,,,
2015-11-16,5:00am,EUR,German Buba Monthly Report,Medium,,,
2015-11-16,7:30am,USD,Empire State Manufacturing Index,Low,-5.3,-11.4,
2015-11-17,3:30am,GBP,CPI y/y,High,-0.1%,-0.1%,
2015-11-17,3:30am,GBP,PPI Input m/m,Low,0.2%,0.5%,
2015-11-17,3:30am,GBP,RPI y/y,Low,0.9%,0.8%,
2015-11-17,3:30am,GBP,Core CPI y/y,Medium,1.0%,1.0%,
2015-11-17,3:30am,GBP,ONS HPI y/y,Medium,5.4%,5.5%,
2015-11-17,3:30am,GBP,PPI Output m/m,Medium,-0.1%,-0.1%,
2015-11-17,4:00am,EUR,German ZEW Economic Sentiment,High,6.7,1.9,
2015-11-17,4:00am,EUR,ZEW Economic Sentiment,Low,35.2,30.1,
2015-11-17,7:30am,USD,Core CPI m/m,High,0.2%,0.2%,
2015-11-17,7:30am,USD,CPI m/m,High,0.2%,-0.2%,
2015-11-17,7:30am,USD,CPI y/y,High,0.1%,0.0%,
2015-11-17,8:15am,USD,Capacity Utilization Rate,Low,77.5%,77.7%,
2015-11-17,8:15am,USD,Industrial Production m/m,Low,0.1%,-0.2%,
2015-11-17,9:00am,USD,Mortgage Delinquencies,Low,,5.30%,
2015-11-17,9:00am,USD,NAHB Housing Market Index,Medium,64,65,
2015-11-17,2:30pm,USD,FOMC Member Tarullo Speaks,Medium,,,
2015-11-17,3:00pm,USD,TIC Long-Term Purchases,Medium,23.3B,20.8B,
2015-11-18,4:35am,GBP,10-y Bond Auction,Medium,,1.82|1.7,
2015-11-18,7:00am,USD,FOMC Member Dudley Speaks,Low,,,
2015-11-18,7:30am,USD,Building Permits,High,1.15M,1.11M,
2015-11-18,7:30am,USD,Housing Starts,Low,1.16M,1.19M,
2015-11-18,9:30am,USD,Crude Oil Inventories,Low,2.0M,4.2M,
2015-11-18,1:00pm,USD,FOMC Meeting Minutes,High,,,
2015-11-18,5:50pm,JPY,Trade Balance,Medium,-0.38T,-0.31T,
2015-11-18,9:17pm,JPY,Monetary Policy Statement,High,,,
2015-11-18,10:30pm,JPY,All Industries Activity m/m,Medium,0.2%,-0.1%,
2015-11-19,1:00am,CHF,Trade Balance,Medium,3.18B,3.25B,
2015-11-19,2:00am,EUR,German Buba President Weidmann Speaks,Low,,,
2015-11-19,3:00am,EUR,Current Account,Medium,18.3B,18.7B,
2015-11-19,3:30am,GBP,Retail Sales m/m,High,-0.4%,1.7%,
2015-11-19,5:00am,GBP,CBI Industrial Order Expectations,Medium,-10,-18,
2015-11-19,6:30am,EUR,ECB Monetary Policy Meeting Accounts,Low,,,
2015-11-19,7:30am,USD,Philly Fed Manufacturing Index,High,0.1,-4.5,
2015-11-19,7:30am,USD,Unemployment Claims,High,272K,276K,
2015-11-19,9:00am,USD,CB Leading Index m/m,Medium,0.5%,-0.1%,
2015-11-19,9:30am,USD,Natural Gas Storage,Medium,23B,49B,
2015-11-19,11:30am,CHF,Gov Board Member Maechler Speaks,Low,,,
2015-11-19,11:30am,USD,FOMC Member Lockhart Speaks,Low,,,
2015-11-19,3:45pm,USD,FOMC Member Fischer Speaks,Low,,,
2015-11-19,11:00pm,JPY,BOJ Monthly Report,Medium,,,
2015-11-20,2:00am,EUR,ECB President Draghi Speaks,High,,,
2015-11-20,3:30am,GBP,Public Sector Net Borrowing,Low,5.5B,8.3B,
2015-11-20,4:15am,EUR,German Buba President Weidmann Speaks,Low,,,
2015-11-20,9:00am,EUR,Consumer Confidence,Medium,-7,-8,
2015-11-20,10:15am,USD,FOMC Member Dudley Speaks,Low,,,
2015-11-22,All Day,JPY,Bank Holiday,Low,,,
2015-11-23,MonNov 23,EUR,French Flash Services PMI,Low,52.1,52.7,
2015-11-23,2:30am,EUR,German Flash Manufacturing PMI,High,52.2,52.1,
2015-11-23,2:30am,EUR,German Flash Services PMI,Low,54.3,54.5,
2015-11-23,3:00am,EUR,Flash Manufacturing PMI,Low,52.3,52.3,
2015-11-23,3:00am,EUR,Flash Services PMI,Low,54.2,54.1,
2015-11-23,All Day,EUR,Eurogroup Meetings,Low,,,
2015-11-23,8:45am,USD,Flash Manufacturing PMI,Medium,54.0,54.1,
2015-11-23,9:00am,USD,Existing Home Sales,Low,5.39M,5.55M,
2015-11-23,7:35pm,JPY,Flash Manufacturing PMI,Medium,52.1,52.4,
2015-11-24,3:00am,EUR,German ifo Business Climate,High,108.3,108.2,
2015-11-24,4:00am,GBP,Monetary Policy Report Hearings,High,,,
2015-11-24,5:00am,GBP,CBI Realized Sales,Medium,25,19,
2015-11-24,7:30am,USD,Prelim GDP q/q,High,2.0%,1.5%,
2015-11-24,7:30am,USD,Goods Trade Balance,Low,-61.8B,-59.1B,
2015-11-24,7:30am,USD,Prelim GDP Price Index q/q,Medium,1.2%,1.2%,
2015-11-24,8:00am,EUR,Belgian NBB Business Climate,Medium,-3.2,-4.0,
2015-11-24,8:00am,USD,S&P/CS Composite-20 HPI y/y,Medium,5.2%,5.1%,
2015-11-24,8:59am,USD,Richmond Manufacturing Index,Medium,0,-1,
2015-11-24,9:00am,USD,CB Consumer Confidence,High,99.3,99.1,
2015-11-24,5:50pm,JPY,Monetary Policy Meeting Minutes,Low,,,
2015-11-24,5:50pm,JPY,SPPI y/y,Medium,0.6%,0.5%,
2015-11-25,3:30am,GBP,High Street Lending,Medium,45.5K,44.8K,
2015-11-25,4:00am,EUR,ECB Financial Stability Review,Medium,,,
2015-11-25,4:00am,EUR,Italian Retail Sales m/m,Medium,0.5%,0.2%,
2015-11-25,4:35am,EUR,German 10-y Bond Auction,Medium,,0.44|1.2,
2015-11-25,6:30am,GBP,Autumn Forecast Statement,Low,,,
2015-11-25,7:30am,USD,Core Durable Goods Orders m/m,High,0.5%,-0.3%,
2015-11-25,7:30am,USD,Unemployment Claims,High,273K,272K,
2015-11-25,7:30am,USD,Core PCE Price Index m/m,Low,0.1%,0.2%,
2015-11-25,7:30am,USD,Durable Goods Orders m/m,Low,1.6%,-0.8%,
2015-11-25,7:30am,USD,Personal Spending m/m,Low,0.3%,0.1%,
2015-11-25,7:30am,USD,Personal Income m/m,Medium,0.4%,0.2%,
2015-11-25,8:00am,USD,HPI m/m,Medium,0.5%,0.3%,
2015-11-25,8:45am,USD,Flash Services PMI,Medium,55.2,54.8,
2015-11-25,9:00am,USD,New Home Sales,Low,500K,447K,
2015-11-25,9:00am,USD,Revised UoM Consumer Sentiment,Low,93.2,93.1,
2015-11-25,9:00am,USD,Revised UoM Inflation Expectations,Medium,,2.5%,
2015-11-25,9:30am,USD,Crude Oil Inventories,Low,1.2M,0.3M,
2015-11-25,11:00am,USD,Natural Gas Storage,Medium,5B,15B,
2015-11-26,ThuNov 26,EUR,Private Loans y/y,Medium,1.2%,1.1%,
2015-11-26,All Day,USD,Bank Holiday,Low,,,
2015-11-26,5:30pm,JPY,Household Spending y/y,Low,0.0%,-0.4%,
2015-11-26,5:30pm,JPY,Tokyo Core CPI y/y,Low,-0.1%,-0.2%,
2015-11-26,5:30pm,JPY,National Core CPI y/y,Medium,-0.1%,-0.1%,
2015-11-26,5:30pm,JPY,Unemployment Rate,Medium,3.4%,3.4%,
2015-11-26,5:39pm,GBP,GfK Consumer Confidence,Medium,2,2,
2015-11-26,11:00pm,JPY,BOJ Core CPI y/y,Medium,,1.2%,
2015-11-27,FriNov 27,GBP,Nationwide HPI m/m,Medium,0.5%,0.5%,
2015-11-27,1:45am,EUR,French Consumer Spending m/m,Medium,0.2%,0.1%,
2015-11-27,2:00am,EUR,Spanish Flash CPI y/y,Low,-0.5%,-0.7%,
2015-11-27,3:30am,GBP,Second Estimate GDP q/q,High,0.5%,0.5%,
2015-11-27,3:30am,GBP,Prelim Business Investment q/q,Low,1.5%,1.6%,
2015-11-27,3:30am,GBP,Index of Services 3m/3m,Medium,0.8%,0.9%,
2015-11-27,4:23am,EUR,Italian 10-y Bond Auction,Medium,,1.48|1.7,
2015-11-27,6:00am,EUR,German GfK Consumer Climate,Medium,9.2,9.4,
2015-11-29,5:50pm,JPY,Retail Sales y/y,Low,0.9%,-0.1%,
2015-11-29,5:50pm,JPY,Prelim Industrial Production m/m,Medium,1.9%,1.1%,
2015-11-29,7:00pm,JPY,BOJ Gov Kuroda Speaks,High,,,
2015-11-29,11:00pm,JPY,Housing Starts y/y,Medium,2.5%,2.6%,
2015-11-30,All Day,EUR,German Prelim CPI m/m,Low,0.1%,0.0%,
2015-11-30,2:00am,CHF,KOF Economic Barometer,Low,100.3,100.4,
2015-11-30,3:30am,GBP,Net Lending to Individuals m/m,Low,4.8B,4.9B,
2015-11-30,3:30am,GBP,M4 Money Supply m/m,Medium,-0.2%,-1.0%,
2015-11-30,3:30am,GBP,Mortgage Approvals,Medium,70K,69K,
2015-11-30,4:00am,EUR,Italian Prelim CPI m/m,Medium,-0.2%,0.2%,
2015-11-30,8:45am,USD,Chicago PMI,Low,54.3,56.2,
2015-11-30,9:00am,USD,Pending Home Sales m/m,Low,1.6%,-1.6%,
2015-11-30,5:50pm,JPY,Capital Spending q/y,Medium,2.3%,5.6%,
2015-11-30,7:35pm,JPY,Final Manufacturing PMI,Medium,52.8,52.8,
2015-11-30,9:45pm,JPY,10-y Bond Auction,Medium,,0.32|2.8,
2015-12-01,1:00am,GBP,Bank Stress Test Results,High,,,
2015-12-01,1:00am,GBP,BOE Financial Stability Report,Low,,,
2015-12-01,1:00am,GBP,FPC Statement,Medium,,,
2015-12-01,2:00am,GBP,BOE Gov Carney Speaks,High,,,
2015-12-01,2:15am,EUR,Spanish Manufacturing PMI,Low,51.9,51.3,
2015-12-01,2:18am,CHF,Retail Sales y/y,Low,0.4%,-1.2%,
2015-12-01,2:30am,CHF,Manufacturing PMI,Medium,50.8,50.7,
2015-12-01,2:45am,EUR,Italian Manufacturing PMI,Medium,54.3,54.1,
2015-12-01,2:50am,EUR,French Final Manufacturing PMI,Medium,50.8,50.8,
2015-12-01,2:55am,EUR,German Unemployment Change,Low,-4K,-6K,
2015-12-01,2:55am,EUR,German Final Manufacturing PMI,Medium,52.6,52.6,
2015-12-01,3:00am,EUR,Final Manufacturing PMI,Medium,52.8,52.8,
2015-12-01,3:00am,EUR,Italian Monthly Unemployment Rate,Medium,11.7%,11.6%,
2015-12-01,3:30am,GBP,Final Manufacturing PMI,High,53.7,55.2,
2015-12-01,4:00am,EUR,Unemployment Rate,Low,10.8%,10.8%,
2015-12-01,8:45am,USD,Final Manufacturing PMI,Medium,52.6,52.6,
2015-12-01,9:00am,USD,ISM Manufacturing PMI,High,50.6,50.1,
2015-12-01,9:00am,USD,Construction Spending m/m,Medium,0.5%,0.6%,
2015-12-01,9:00am,USD,ISM Manufacturing Prices,Medium,40.0,39.0,
2015-12-01,All Day,USD,Total Vehicle Sales,Medium,18.0M,18.2M,
2015-12-01,11:45am,USD,FOMC Member Evans Speaks,Low,,,
2015-12-01,5:50pm,JPY,Monetary Base y/y,Medium,35.2%,32.5%,
2015-12-01,6:01pm,GBP,BRC Shop Price Index y/y,Medium,,-1.8%,
2015-12-01,7:00pm,USD,FOMC Member Brainard Speaks,Low,,,
2015-12-02,3:30am,GBP,Construction PMI,High,58.4,58.8,
2015-12-02,4:00am,EUR,Core CPI Flash Estimate y/y,Low,1.1%,1.1%,
2015-12-02,4:00am,EUR,CPI Flash Estimate y/y,Low,0.2%,0.1%,
2015-12-02,4:00am,EUR,PPI m/m,Medium,-0.4%,-0.4%,
2015-12-02,7:10am,USD,FOMC Member Lockhart Speaks,Low,,,
2015-12-02,7:15am,USD,ADP Non-Farm Employment Change,High,191K,196K,
2015-12-02,7:30am,USD,Fed Chair Yellen Speaks,Low,,,
2015-12-02,7:30am,USD,Revised Nonfarm Productivity q/q,Low,2.2%,1.6%,
2015-12-02,7:30am,USD,Revised Unit Labor Costs q/q,Medium,1.1%,1.4%,
2015-12-02,8:00am,USD,FOMC Member Tarullo Speaks,Medium,,,
2015-12-02,9:30am,USD,Crude Oil Inventories,Low,-0.6M,1.0M,
2015-12-02,11:25am,USD,Fed Chair Yellen Speaks,High,,,
2015-12-02,1:00pm,USD,Beige Book,Medium,,,
2015-12-02,2:40pm,USD,FOMC Member Williams Speaks,Low,,,
2015-12-03,2:45am,EUR,Italian Services PMI,Medium,53.9,53.4,
2015-12-03,2:50am,EUR,French Final Services PMI,Medium,51.3,51.3,
2015-12-03,2:55am,EUR,German Final Services PMI,Medium,55.6,55.6,
2015-12-03,3:00am,EUR,Final Services PMI,Medium,54.6,54.6,
2015-12-03,3:30am,GBP,Final Services PMI,High,55.1,54.9,
2015-12-03,3:56am,EUR,Spanish 10-y Bond Auction,Medium,,1.75|2.4,
2015-12-03,4:00am,EUR,French 10-y Bond Auction,Medium,,0.95|2.5,
2015-12-03,4:00am,EUR,Retail Sales m/m,Medium,0.2%,-0.1%,
2015-12-03,6:30am,USD,Challenger Job Cuts y/y,Medium,,-1.3%,
2015-12-03,6:45am,EUR,Main Refinancing Rate,High,0.05%,0.05%,
2015-12-03,7:30am,EUR,ECB Press Conference,High,,,
2015-12-03,7:30am,USD,Unemployment Claims,High,269K,260K,
2015-12-03,8:45am,USD,Final Services PMI,Medium,56.5,56.5,
2015-12-03,9:00am,USD,Fed Chair Yellen Testifies,High,,,
2015-12-03,9:00am,USD,ISM Services PMI,High,58.1,59.1,
2015-12-03,9:00am,USD,Factory Orders m/m,Low,1.2%,-0.8%,
2015-12-03,9:30am,USD,Natural Gas Storage,Medium,-22B,9B,
2015-12-03,12:10pm,USD,FOMC Member Fischer Speaks,Low,,,
2015-12-03,7:30pm,JPY,Average Cash Earnings y/y,Medium,0.4%,0.4%,
2015-12-03,11:00pm,JPY,Consumer Confidence,Medium,41.8,41.5,
2015-12-04,2:15am,CHF,CPI m/m,Medium,0.0%,0.1%,
2015-12-04,3:10am,EUR,Retail PMI,Medium,,51.3,
2015-12-04,7:30am,USD,Average Hourly Earnings m/m,High,0.2%,0.4%,
2015-12-04,7:30am,USD,Non-Farm Employment Change,High,201K,298K,
2015-12-04,7:30am,USD,Unemployment Rate,High,5.0%,5.0%,
2015-12-04,7:30am,USD,Trade Balance,Low,-40.6B,-42.5B,
2015-12-04,11:20am,EUR,ECB President Draghi Speaks,High,,,
2015-12-06,11:00pm,JPY,Leading Indicators,Medium,102.9%,101.6%,
2015-12-07,2:00am,CHF,Foreign Currency Reserves,Low,,552B,
2015-12-07,3:30am,EUR,Sentix Investor Confidence,Medium,17.2,15.1,
2015-12-07,All Day,EUR,Eurogroup Meetings,Low,,,
2015-12-07,5:45am,JPY,BOJ Gov Kuroda Speaks,High,,,
2015-12-07,9:00am,GBP,BOE Gov Carney Speaks,High,,,
2015-12-07,9:00am,USD,Labor Market Conditions Index m/m,Medium,,2.2,
2015-12-07,2:00pm,USD,Consumer Credit m/m,Medium,18.3B,28.6B,
2015-12-07,5:50pm,JPY,Current Account,Low,1.53T,0.78T,
2015-12-07,5:50pm,JPY,Final GDP q/q,Low,0.1%,-0.2%,
2015-12-07,5:50pm,JPY,Bank Lending y/y,Medium,,2.5%,
2015-12-07,5:50pm,JPY,Final GDP Price Index y/y,Medium,2.0%,2.0%,
2015-12-07,6:01pm,GBP,BRC Retail Sales Monitor y/y,Medium,,-0.2%,
2015-12-07,9:45pm,JPY,30-y Bond Auction,Medium,,1.39|3.2,
2015-12-07,11:00pm,JPY,Economy Watchers Sentiment,Medium,48.6,48.2,
2015-12-08,1:45am,EUR,French Gov Budget Balance,Medium,,-74.5B,
2015-12-08,1:45am,EUR,French Trade Balance,Medium,-3.3B,-3.6B,
2015-12-08,2:00am,GBP,Halifax HPI m/m,Low,0.3%,1.1%,
2015-12-08,3:30am,GBP,Manufacturing Production m/m,High,-0.1%,0.9%,
2015-12-08,3:30am,GBP,Industrial Production m/m,Medium,0.0%,0.0%,
2015-12-08,4:00am,EUR,Revised GDP q/q,Medium,0.3%,0.3%,
2015-12-08,All Day,EUR,ECOFIN Meetings,Low,,,
2015-12-08,4:34am,GBP,30-y Bond Auction,Medium,,2.45|1.4,
2015-12-08,5:00am,USD,NFIB Small Business Index,Medium,96.6,96.1,
2015-12-08,8:58am,GBP,NIESR GDP Estimate,Low,,0.5%,
2015-12-08,9:00am,USD,RCM/TIPP Economic Optimism,Medium,45.2,45.5,
2015-12-08,9:02am,USD,JOLTS Job Openings,Low,5.59M,5.53M,
2015-12-08,5:50pm,JPY,Core Machinery Orders m/m,Low,-1.5%,7.5%,
2015-12-08,5:50pm,JPY,M2 Money Stock y/y,Medium,3.5%,3.7%,
2015-12-09,12:45am,CHF,Unemployment Rate,Medium,3.4%,3.4%,
2015-12-09,1:00am,EUR,German Trade Balance,Medium,19.2B,19.2B,
2015-12-09,3:30am,GBP,FPC Meeting Minutes,Medium,,,
2015-12-09,9:00am,USD,Final Wholesale Inventories m/m,Medium,0.2%,0.2%,
2015-12-09,9:30am,USD,Crude Oil Inventories,Low,0.7M,1.2M,
2015-12-09,12:01pm,USD,10-y Bond Auction,Medium,,2.30|2.6,
2015-12-09,5:50pm,JPY,BSI Manufacturing Index,Low,12.1,11.0,
2015-12-09,5:50pm,JPY,PPI y/y,Medium,-3.8%,-3.8%,
2015-12-09,6:01pm,GBP,RICS House Price Balance,Medium,47%,50%,
2015-12-10,1:45am,EUR,French Final CPI m/m,Medium,0.0%,0.1%,
2015-12-10,1:45am,EUR,French Industrial Production m/m,Medium,-0.1%,0.0%,
2015-12-10,2:30am,CHF,Libor Rate,High,-0.75%,-0.75%,
2015-12-10,2:30am,CHF,SNB Monetary Policy Assessment,High,,,
2015-12-10,3:00am,CHF,SNB Press Conference,High,,,
2015-12-10,3:30am,GBP,Goods Trade Balance,Low,-9.8B,-8.8B,
2015-12-10,6:00am,GBP,Monetary Policy Summary,High,,,
2015-12-10,6:00am,GBP,MPC Official Bank Rate Votes,High,1-0-8,1-0-8,
2015-12-10,6:00am,GBP,Official Bank Rate,High,0.50%,0.50%,
2015-12-10,6:00am,GBP,Asset Purchase Facility,Low,375B,375B,
2015-12-10,6:00am,GBP,MPC Asset Purchase Facility Votes,Low,0-0-9,0-0-9,
2015-12-10,7:30am,USD,Unemployment Claims,High,266K,269K,
2015-12-10,7:30am,USD,Import Prices m/m,Low,-0.8%,-0.3%,
2015-12-10,9:30am,USD,Natural Gas Storage,Medium,-64B,-53B,
2015-12-10,12:00pm,EUR,German Buba President Weidmann Speaks,Low,,,
2015-12-10,12:01pm,USD,30-y Bond Auction,Medium,,3.07|2.4,
2015-12-10,12:30pm,GBP,BOE Gov Carney Speaks,Low,,,
2015-12-10,1:00pm,USD,Federal Budget Balance,Medium,-68.2B,-136.5B,
2015-12-11,FriDec 11,EUR,German WPI m/m,Medium,0.2%,-0.4%,
2015-12-11,3:00am,EUR,Italian Industrial Production m/m,Medium,0.3%,0.2%,
2015-12-11,3:30am,GBP,Construction Output m/m,Medium,1.1%,0.0%,
2015-12-11,3:30am,GBP,Consumer Inflation Expectations,Medium,,2.0%,
2015-12-11,4:30am,EUR,Long Term Refinancing Operation,Low,7.5B,15.5B,
2015-12-11,5:00am,EUR,Italian Quarterly Unemployment Rate,Medium,11.9%,12.3%,
2015-12-11,7:30am,USD,Core Retail Sales m/m,High,0.3%,0.1%,
2015-12-11,7:30am,USD,PPI m/m,High,0.0%,-0.4%,
2015-12-11,7:30am,USD,Retail Sales m/m,High,0.2%,0.1%,
2015-12-11,7:30am,USD,Core PPI m/m,Low,0.2%,-0.3%,
2015-12-11,9:00am,USD,Prelim UoM Consumer Sentiment,High,92.3,91.3,
2015-12-11,9:00am,USD,Business Inventories m/m,Medium,0.1%,0.1%,
2015-12-11,9:00am,USD,Prelim UoM Inflation Expectations,Medium,,2.7%,
2015-12-11,9:35am,GBP,MPC Member Weale Speaks,Low,,,
2015-12-13,5:50pm,JPY,Tankan Manufacturing Index,Low,11,12,
2015-12-13,5:50pm,JPY,Tankan Non-Manufacturing Index,Low,23,25,
2015-12-13,6:01pm,GBP,Rightmove HPI m/m,Medium,,-1.3%,
2015-12-13,10:30pm,JPY,Revised Industrial Production m/m,Medium,1.4%,1.4%,
2015-12-13,10:33pm,JPY,Tertiary Industry Activity m/m,Medium,0.5%,-0.4%,
2015-12-14,5:00am,EUR,ECB President Draghi Speaks,High,,,
2015-12-14,6:00am,GBP,MPC Member Shafik Speaks,Low,,,
2015-12-15,3:30am,GBP,CPI y/y,High,0.1%,-0.1%,
2015-12-15,3:30am,GBP,MPC Member Haldane Speaks,Low,,,
2015-12-15,3:30am,GBP,PPI Input m/m,Low,-1.0%,0.0%,
2015-12-15,3:30am,GBP,RPI y/y,Low,0.9%,0.7%,
2015-12-15,3:30am,GBP,Core CPI y/y,Medium,1.2%,1.1%,
2015-12-15,3:30am,GBP,ONS HPI y/y,Medium,6.4%,6.1%,
2015-12-15,3:30am,GBP,PPI Output m/m,Medium,0.0%,-0.1%,
2015-12-15,4:00am,EUR,German ZEW Economic Sentiment,High,15.2,10.4,
2015-12-15,4:00am,EUR,ZEW Economic Sentiment,Low,34.4,28.3,
2015-12-15,4:00am,EUR,Final Employment Change q/q,Medium,0.2%,0.4%,
2015-12-15,7:30am,USD,Core CPI m/m,High,0.2%,0.2%,
2015-12-15,7:30am,USD,CPI m/m,High,0.0%,0.2%,
2015-12-15,7:30am,USD,CPI y/y,High,0.5%,0.2%,
2015-12-15,7:30am,USD,Empire State Manufacturing Index,Low,-5.7,-10.7,
2015-12-15,8:30am,GBP,CB Leading Index m/m,Medium,,-0.3%,
2015-12-15,9:00am,USD,NAHB Housing Market Index,Medium,63,62,
2015-12-15,3:00pm,USD,TIC Long-Term Purchases,Medium,32.4B,33.6B,
2015-12-15,7:35pm,JPY,Flash Manufacturing PMI,Medium,52.2,52.6,
2015-12-16,WedDec 16,EUR,French Flash Services PMI,Low,50.7,51.0,
2015-12-16,2:30am,EUR,German Flash Manufacturing PMI,High,52.7,52.9,
2015-12-16,2:30am,EUR,German Flash Services PMI,Low,55.5,55.6,
2015-12-16,3:00am,EUR,Flash Manufacturing PMI,Low,52.8,52.8,
2015-12-16,3:00am,EUR,Flash Services PMI,Low,54.0,54.2,
2015-12-16,3:30am,GBP,Average Earnings Index 3m/y,High,2.5%,3.0%,
2015-12-16,3:30am,GBP,Claimant Count Change,High,0.9K,0.2K,
2015-12-16,3:30am,GBP,Unemployment Rate,Low,5.3%,5.3%,
2015-12-16,4:00am,CHF,UBS Economic Expectations,Medium,,0.0,
2015-12-16,4:00am,EUR,Final CPI y/y,Low,0.1%,0.1%,
2015-12-16,4:00am,EUR,Final Core CPI y/y,Medium,0.9%,0.9%,
2015-12-16,4:00am,EUR,Trade Balance,Medium,22.3B,19.9B,
2015-12-16,7:30am,USD,Building Permits,High,1.16M,1.16M,
2015-12-16,7:30am,USD,Housing Starts,Low,1.14M,1.06M,
2015-12-16,8:00am,CHF,SNB Quarterly Bulletin,Medium,,,
2015-12-16,8:15am,USD,Capacity Utilization Rate,Low,77.3%,77.5%,
2015-12-16,8:15am,USD,Industrial Production m/m,Low,0.0%,-0.4%,
2015-12-16,8:45am,USD,Flash Manufacturing PMI,Medium,52.7,52.8,
2015-12-16,9:30am,USD,Crude Oil Inventories,Low,-0.3M,-3.6M,
2015-12-16,1:00pm,USD,Federal Funds Rate,High,0.50%,<0.25%,
2015-12-16,1:00pm,USD,FOMC Economic Projections,High,,,
2015-12-16,1:00pm,USD,FOMC Statement,High,,,
2015-12-16,1:30pm,USD,FOMC Press Conference,High,,,
2015-12-16,5:50pm,JPY,Trade Balance,Medium,-0.21T,-0.17T,
2015-12-17,3:00am,EUR,German ifo Business Climate,High,109.2,109.0,
2015-12-17,3:00am,EUR,ECB Economic Bulletin,Medium,,,
2015-12-17,3:04am,EUR,Italian Trade Balance,Medium,2.87B,2.19B,
2015-12-17,3:30am,GBP,Retail Sales m/m,High,0.6%,-0.5%,
2015-12-17,5:00am,GBP,CBI Industrial Order Expectations,Medium,-9,-11,
2015-12-17,7:30am,USD,Philly Fed Manufacturing Index,High,2.1,1.9,
2015-12-17,7:30am,USD,Unemployment Claims,High,271K,282K,
2015-12-17,7:30am,USD,Current Account,Low,-123B,-111B,
2015-12-17,9:00am,USD,CB Leading Index m/m,Medium,0.2%,0.6%,
2015-12-17,9:30am,USD,Natural Gas Storage,Medium,-58B,-76B,
2015-12-17,9:50pm,JPY,Monetary Policy Statement,High,,,
2015-12-18,3:00am,EUR,Current Account,Medium,32.2B,30.1B,
2015-12-18,8:45am,USD,Flash Services PMI,Medium,55.9,56.1,
2015-12-18,12:00pm,USD,FOMC Member Lacker Speaks,Low,,,
2015-12-20,10:30pm,JPY,All Industries Activity m/m,Medium,0.9%,-0.2%,
2015-12-20,11:00pm,JPY,BOJ Monthly Report,Medium,,,
2015-12-21,5:00am,EUR,German Buba Monthly Report,Medium,,,
2015-12-21,5:00am,GBP,CBI Realized Sales,Medium,22,7,
2015-12-21,9:00am,EUR,Consumer Confidence,Medium,-6,-6,
2015-12-21,6:05pm,GBP,GfK Consumer Confidence,Medium,1,1,
2015-12-22,TueDec 22,EUR,German GfK Consumer Climate,Medium,9.3,9.3,
2015-12-22,TueDec 22,EUR,German Import Prices m/m,Medium,0.2%,-0.3%,
2015-12-22,3:30am,GBP,Public Sector Net Borrowing,Low,11.9B,6.7B,
2015-12-22,7:30am,USD,Final GDP q/q,High,1.9%,2.1%,
2015-12-22,7:30am,USD,Final GDP Price Index q/q,Medium,1.3%,1.3%,
2015-12-22,7:55am,EUR,Belgian NBB Business Climate,Medium,-4.0,-3.9,
2015-12-22,8:00am,USD,HPI m/m,Medium,0.4%,0.7%,
2015-12-22,9:00am,USD,Existing Home Sales,Low,5.32M,5.32M,
2015-12-22,9:00am,USD,Richmond Manufacturing Index,Medium,-1,-3,
2015-12-22,All Day,JPY,Bank Holiday,Low,,,
2015-12-22,6:50pm,USD,Personal Spending m/m,Low,0.3%,0.0%,
2015-12-23,2:00am,CHF,KOF Economic Barometer,Low,98.9,97.3,
2015-12-23,3:30am,GBP,Current Account,High,-21.3B,-17.5B,
2015-12-23,3:30am,GBP,Final GDP q/q,Low,0.5%,0.5%,
2015-12-23,3:30am,GBP,Index of Services 3m/3m,Medium,0.6%,0.6%,
2015-12-23,3:30am,GBP,Revised Business Investment q/q,Medium,2.2%,2.2%,
2015-12-23,4:00am,EUR,Italian Retail Sales m/m,Medium,0.3%,-0.1%,
2015-12-23,7:30am,USD,Core Durable Goods Orders m/m,High,0.1%,0.6%,
2015-12-23,7:30am,USD,Core PCE Price Index m/m,Low,0.1%,0.0%,
2015-12-23,7:30am,USD,Durable Goods Orders m/m,Low,-0.6%,2.9%,
2015-12-23,7:30am,USD,Personal Income m/m,Medium,0.2%,0.4%,
2015-12-23,9:00am,USD,New Home Sales,Low,507K,470K,
2015-12-23,9:00am,USD,Revised UoM Consumer Sentiment,Low,92.1,91.8,
2015-12-23,9:00am,USD,Revised UoM Inflation Expectations,Medium,,2.6%,
2015-12-23,9:30am,USD,Crude Oil Inventories,Low,1.4M,4.8M,
2015-12-23,5:50pm,JPY,Monetary Policy Meeting Minutes,Low,,,
2015-12-24,3:30am,GBP,High Street Lending,Medium,46.2K,45.5K,
2015-12-24,7:30am,USD,Unemployment Claims,High,270K,272K,
2015-12-24,9:30am,USD,Natural Gas Storage,Medium,-26B,-34B,
2015-12-24,5:30pm,JPY,Household Spending y/y,Low,-2.1%,-2.4%,
2015-12-24,5:30pm,JPY,Tokyo Core CPI y/y,Low,0.1%,0.0%,
2015-12-24,5:30pm,JPY,National Core CPI y/y,Medium,0.0%,-0.1%,
2015-12-24,5:30pm,JPY,Unemployment Rate,Medium,3.2%,3.1%,
2015-12-24,5:50pm,JPY,SPPI y/y,Medium,0.4%,0.4%,
2015-12-24,11:00pm,JPY,BOJ Core CPI y/y,Medium,1.2%,1.2%,
2015-12-24,11:00pm,JPY,Housing Starts y/y,Medium,0.9%,-2.5%,
2015-12-25,All Day,EUR,German Bank Holiday,Low,,,
2015-12-25,All Day,EUR,French Bank Holiday,Low,,,
2015-12-25,All Day,EUR,Italian Bank Holiday,Low,,,
2015-12-25,All Day,GBP,Bank Holiday,Low,,,
2015-12-25,All Day,USD,Bank Holiday,Low,,,
2015-12-27,5:50pm,JPY,Retail Sales y/y,Low,-0.1%,1.8%,
2015-12-27,5:50pm,JPY,Prelim Industrial Production m/m,Medium,-0.4%,1.4%,
2015-12-29,8:00am,USD,S&P/CS Composite-20 HPI y/y,Medium,5.6%,5.4%,
2015-12-29,9:00am,USD,CB Consumer Confidence,High,93.9,92.6,
2015-12-30,WedDec 30,GBP,Nationwide HPI m/m,Medium,0.4%,0.1%,
2015-12-30,2:00am,EUR,Spanish Flash CPI y/y,Low,0.1%,-0.3%,
2015-12-30,3:00am,EUR,M3 Money Supply y/y,Low,5.2%,5.3%,
2015-12-30,3:00am,EUR,Private Loans y/y,Medium,1.3%,1.2%,
2015-12-30,4:19am,EUR,Italian 10-y Bond Auction,Medium,,1.36|1.7,
2015-12-30,9:00am,USD,Pending Home Sales m/m,Low,0.6%,0.4%,
2015-12-30,9:30am,USD,Crude Oil Inventories,Low,-1.8M,-5.9M,
2015-12-30,All Day,JPY,Bank Holiday,Low,,,
2015-12-31,3:37am,GBP,Housing Equity Withdrawal q/q,Medium,-10.5B,-12.2B,
2015-12-31,7:30am,USD,Unemployment Claims,High,274K,267K,
2015-12-31,8:45am,USD,Chicago PMI,Low,50.4,48.7,
2015-12-31,9:30am,USD,Natural Gas Storage,Medium,-54B,-32B,
2015-12-31,All Day,JPY,Bank Holiday,Low,,,
2015-01-01,All Day,EUR,French Bank Holiday,Low,,,
2015-01-01,All Day,EUR,Italian Bank Holiday,Low,,,
2015-01-01,All Day,EUR,German Bank Holiday,Low,,,
2015-01-01,All Day,GBP,Bank Holiday,Low,,,
2015-01-01,All Day,USD,Bank Holiday,Low,,,
2015-01-03,4:30pm,USD,FOMC Member Mester Speaks,Low,,,
2015-01-03,7:35pm,JPY,Final Manufacturing PMI,Medium,52.5,52.5,
