date,time,currency,event,impact,actual,forecast,previous
2016-01-04,2:15am,EUR,Spanish Manufacturing PMI,Low,53.1,53.1,
2016-01-04,2:30am,CHF,Manufacturing PMI,Medium,50.2,49.7,
2016-01-04,2:45am,EUR,Italian Manufacturing PMI,Medium,54.9,54.9,
2016-01-04,2:50am,EUR,French Final Manufacturing PMI,Medium,51.6,51.6,
2016-01-04,2:55am,EUR,German Final Manufacturing PMI,Medium,53.0,53.0,
2016-01-04,3:00am,EUR,Final Manufacturing PMI,Medium,53.1,53.1,
2016-01-04,3:30am,GBP,Final Manufacturing PMI,High,52.8,52.5,
2016-01-04,3:30am,GBP,Net Lending to Individuals m/m,Low,4.9B,4.8B,
2016-01-04,3:30am,GBP,M4 Money Supply m/m,Medium,0.5%,0.6%,
2016-01-04,3:30am,GBP,Mortgage Approvals,Medium,70K,70K,
2016-01-04,8:45am,USD,Final Manufacturing PMI,Medium,51.1,51.3,
2016-01-04,9:00am,USD,ISM Manufacturing PMI,High,49.1,48.6,
2016-01-04,9:00am,USD,Construction Spending m/m,Medium,0.7%,0.3%,
2016-01-04,9:00am,USD,ISM Manufacturing Prices,Medium,36.5,35.5,
2016-01-04,5:50pm,JPY,Monetary Base y/y,Medium,33.2%,32.5%,
2016-01-04,9:45pm,JPY,10-y Bond Auction,Medium,,0.32|3.6,
2016-01-05,2:55am,EUR,German Unemployment Change,Low,-7K,-14K,
2016-01-05,3:30am,GBP,Construction PMI,High,56.1,55.3,
2016-01-05,4:00am,EUR,Core CPI Flash Estimate y/y,Low,1.0%,0.9%,
2016-01-05,4:00am,EUR,CPI Flash Estimate y/y,Low,0.4%,0.2%,
2016-01-05,4:00am,EUR,Italian Prelim CPI m/m,Medium,0.1%,-0.4%,
2016-01-05,4:33am,GBP,10-y Bond Auction,Medium,,1.94|1.5,
2016-01-05,All Day,USD,Wards Total Vehicle Sales,Medium,18.0M,18.0M,
2016-01-05,All Day,USD,Total Vehicle Sales,Medium,18.1M,18.2M,
2016-01-05,3:30pm,USD,API Weekly Statistical Bulletin,Medium,,,
2016-01-05,6:01pm,GBP,BRC Shop Price Index y/y,Medium,,-2.1%,
2016-01-06,2:15am,EUR,Spanish Services PMI,Medium,56.9,56.7,
2016-01-06,2:45am,EUR,Italian Services PMI,Medium,53.8,53.4,
2016-01-06,2:50am,EUR,French Final Services PMI,Medium,50.0,50.0,
2016-01-06,2:55am,EUR,German Final Services PMI,Medium,55.4,55.4,
2016-01-06,3:00am,EUR,Final Services PMI,Medium,53.9,53.9,
2016-01-06,3:30am,GBP,Final Services PMI,High,55.6,55.9,
2016-01-06,4:00am,EUR,PPI m/m,Medium,-0.2%,-0.3%,
2016-01-06,7:15am,USD,ADP Non-Farm Employment Change,High,193K,211K,
2016-01-06,7:30am,USD,Trade Balance,High,-44.0B,-44.6B,
2016-01-06,8:45am,USD,Final Services PMI,Medium,55.1,53.7,
2016-01-06,9:00am,USD,ISM Services PMI,High,56.0,55.9,
2016-01-06,9:00am,USD,Factory Orders m/m,Low,-0.2%,1.3%,
2016-01-06,9:30am,USD,Crude Oil Inventories,Low,0.7M,2.6M,
2016-01-06,1:00pm,USD,FOMC Meeting Minutes,High,,,
2016-01-06,9:45pm,JPY,30-y Bond Auction,Medium,,1.40|3.9,
2016-01-07,ThuJan 7,EUR,German Retail Sales m/m,Low,0.5%,-0.1%,
2016-01-07,2:00am,CHF,Foreign Currency Reserves,Low,,563B,
2016-01-07,2:00am,GBP,Halifax HPI m/m,Low,0.5%,0.0%,
2016-01-07,3:00am,EUR,Italian Monthly Unemployment Rate,Medium,11.5%,11.5%,
2016-01-07,3:10am,EUR,Retail PMI,Medium,,48.5,
2016-01-07,3:59am,EUR,French 10-y Bond Auction,Medium,,0.50|2.3,
2016-01-07,4:00am,EUR,Unemployment Rate,Low,10.7%,10.6%,
2016-01-07,4:00am,EUR,Retail Sales m/m,Medium,0.2%,-0.2%,
2016-01-07,6:30am,USD,Challenger Job Cuts y/y,Medium,,-13.9%,
2016-01-07,7:30am,USD,Unemployment Claims,High,271K,287K,
2016-01-07,9:30am,USD,Natural Gas Storage,Medium,-95B,-58B,
2016-01-07,6:00pm,JPY,BOJ Summary of Opinions,Medium,,,
2016-01-07,7:30pm,JPY,Average Cash Earnings y/y,Medium,0.7%,0.7%,
2016-01-07,11:00pm,JPY,Leading Indicators,Medium,103.9%,104.2%,
2016-01-08,1:00am,EUR,German Industrial Production m/m,Medium,0.4%,0.5%,
2016-01-08,1:00am,EUR,German Trade Balance,Medium,20.1B,20.5B,
2016-01-08,1:45am,EUR,French Industrial Production m/m,Medium,-0.2%,0.7%,
2016-01-08,1:45am,EUR,French Trade Balance,Medium,-4.0B,-4.9B,
2016-01-08,2:15am,CHF,CPI m/m,Medium,-0.2%,-0.1%,
2016-01-08,3:30am,GBP,Goods Trade Balance,Low,-10.5B,-11.2B,
2016-01-08,7:30am,USD,Average Hourly Earnings m/m,High,0.2%,0.2%,
2016-01-08,7:30am,USD,Non-Farm Employment Change,High,203K,252K,
2016-01-08,7:30am,USD,Unemployment Rate,High,5.0%,5.0%,
2016-01-08,9:00am,USD,Final Wholesale Inventories m/m,Medium,0.0%,-0.3%,
2016-01-08,2:00pm,USD,Consumer Credit m/m,Medium,18.7B,15.6B,
2016-01-10,All Day,JPY,Bank Holiday,Low,,,
2016-01-11,3:30am,EUR,Sentix Investor Confidence,Medium,11.5,15.7,
2016-01-11,8:59am,USD,Labor Market Conditions Index m/m,Medium,,2.7,
2016-01-11,5:50pm,JPY,Current Account,Low,1.52T,1.49T,
2016-01-11,5:50pm,JPY,Bank Lending y/y,Medium,,2.3%,
2016-01-11,6:01pm,GBP,BRC Retail Sales Monitor y/y,Medium,,-0.4%,
2016-01-11,11:00pm,JPY,Consumer Confidence,Medium,42.3,42.6,
2016-01-12,3:30am,GBP,Manufacturing Production m/m,High,0.1%,-0.4%,
2016-01-12,3:30am,GBP,Industrial Production m/m,Medium,0.0%,0.0%,
2016-01-12,4:30am,JPY,BOJ Gov Kuroda Speaks,High,,,
2016-01-12,4:30am,USD,FOMC Member Fischer Speaks,Low,,,
2016-01-12,5:00am,USD,NFIB Small Business Index,Medium,95.4,94.8,
2016-01-12,8:15am,GBP,BOE Gov Carney Speaks,High,,,
2016-01-12,8:47am,GBP,NIESR GDP Estimate,Medium,,0.6%,
2016-01-12,9:00am,USD,JOLTS Job Openings,Low,5.41M,5.35M,
2016-01-12,9:00am,USD,RCM/TIPP Economic Optimism,Medium,47.6,47.2,
2016-01-12,3:30pm,USD,API Weekly Statistical Bulletin,Medium,,,
2016-01-12,5:50pm,JPY,M2 Money Stock y/y,Medium,3.4%,3.3%,
2016-01-12,8:00pm,USD,President Obama Speaks,Medium,,,
2016-01-13,4:00am,EUR,Industrial Production m/m,Medium,-0.2%,0.8%,
2016-01-13,4:34am,EUR,German 10-y Bond Auction,Medium,,0.49|1.1,
2016-01-13,7:00am,CHF,Gov Board Member Zurbrugg Speaks,Low,,,
2016-01-13,9:30am,USD,Crude Oil Inventories,High,1.9M,-5.1M,
2016-01-13,12:03pm,USD,10-y Bond Auction,Medium,,2.23|2.6,
2016-01-13,1:00pm,USD,Beige Book,Medium,,,
2016-01-13,1:00pm,USD,Federal Budget Balance,Medium,-2.7B,-64.6B,
2016-01-13,5:50pm,JPY,Core Machinery Orders m/m,Medium,-7.3%,10.7%,
2016-01-13,5:50pm,JPY,PPI y/y,Medium,-0.4%,-3.6%,
2016-01-13,11:58pm,JPY,Prelim Machine Tool Orders y/y,Medium,,-17.7%,
2016-01-14,3:00am,EUR,Italian Industrial Production m/m,Medium,0.3%,0.5%,
2016-01-14,All Day,EUR,Eurogroup Meetings,Low,,,
2016-01-14,6:00am,GBP,Monetary Policy Summary,High,,,
2016-01-14,6:00am,GBP,MPC Official Bank Rate Votes,High,1-0-8,1-0-8,
2016-01-14,6:00am,GBP,Official Bank Rate,High,0.50%,0.50%,
2016-01-14,6:00am,GBP,Asset Purchase Facility,Low,375B,375B,
2016-01-14,6:00am,GBP,MPC Asset Purchase Facility Votes,Low,0-0-9,0-0-9,
2016-01-14,6:30am,EUR,ECB Monetary Policy Meeting Accounts,Low,,,
2016-01-14,7:30am,USD,Unemployment Claims,High,275K,277K,
2016-01-14,7:30am,USD,Import Prices m/m,Low,-1.4%,-0.5%,
2016-01-14,8:15am,USD,FOMC Member Bullard Speaks,Low,,,
2016-01-14,9:30am,USD,Natural Gas Storage,Medium,-152B,-113B,
2016-01-14,12:01pm,USD,30-y Bond Auction,Medium,,2.98|2.4,
2016-01-15,3:30am,GBP,BOE Credit Conditions Survey,Low,,,
2016-01-15,3:30am,GBP,Construction Output m/m,Medium,0.5%,0.2%,
2016-01-15,4:00am,EUR,Trade Balance,Medium,21.1B,19.8B,
2016-01-15,All Day,EUR,ECOFIN Meetings,Low,,,
2016-01-15,7:30am,USD,Core Retail Sales m/m,High,0.2%,0.3%,
2016-01-15,7:30am,USD,PPI m/m,High,-0.2%,0.3%,
2016-01-15,7:30am,USD,Retail Sales m/m,High,-0.1%,0.4%,
2016-01-15,7:30am,USD,Core PPI m/m,Low,0.1%,0.3%,
2016-01-15,7:30am,USD,Empire State Manufacturing Index,Low,-4.1,-4.6,
2016-01-15,8:00am,USD,FOMC Member Dudley Speaks,Low,,,
2016-01-15,8:15am,USD,Capacity Utilization Rate,Low,76.8%,76.9%,
2016-01-15,8:15am,USD,Industrial Production m/m,Low,-0.2%,-0.9%,
2016-01-15,8:30am,GBP,CB Leading Index m/m,Medium,,-0.1%,
2016-01-15,9:00am,USD,Prelim UoM Consumer Sentiment,High,92.7,92.6,
2016-01-15,9:00am,USD,Business Inventories m/m,Medium,0.0%,-0.1%,
2016-01-15,9:00am,USD,Prelim UoM Inflation Expectations,Medium,,2.6%,
2016-01-17,6:01pm,GBP,Rightmove HPI m/m,Medium,,-1.1%,
2016-01-17,10:30pm,JPY,Revised Industrial Production m/m,Medium,1.4%,-1.0%,
2016-01-17,10:30pm,JPY,Tertiary Industry Activity m/m,Medium,-0.6%,0.9%,
2016-01-18,All Day,USD,Bank Holiday,Low,,,
2016-01-19,2:15am,CHF,PPI m/m,Low,0.2%,0.4%,
2016-01-19,3:00am,EUR,Current Account,Medium,19.3B,25.6B,
2016-01-19,3:30am,GBP,CPI y/y,High,0.1%,0.1%,
2016-01-19,3:30am,GBP,PPI Input m/m,Low,-1.4%,-1.6%,
2016-01-19,3:30am,GBP,RPI y/y,Low,1.0%,1.1%,
2016-01-19,3:30am,GBP,Core CPI y/y,Medium,1.2%,1.2%,
2016-01-19,3:30am,GBP,ONS HPI y/y,Medium,7.3%,7.0%,
2016-01-19,3:30am,GBP,PPI Output m/m,Medium,-0.2%,-0.2%,
2016-01-19,4:00am,EUR,German ZEW Economic Sentiment,High,8.2,16.1,
2016-01-19,4:00am,EUR,Final CPI y/y,Low,0.2%,0.2%,
2016-01-19,4:00am,EUR,ZEW Economic Sentiment,Low,27.9,33.9,
2016-01-19,4:00am,EUR,Final Core CPI y/y,Medium,0.9%,0.9%,
2016-01-19,6:00am,GBP,BOE Gov Carney Speaks,High,,,
2016-01-19,9:00am,USD,NAHB Housing Market Index,Medium,61,60,
2016-01-19,3:00pm,USD,TIC Long-Term Purchases,Medium,24.3B,-17.7B,
2016-01-20,3:30am,GBP,Average Earnings Index 3m/y,High,2.1%,2.4%,
2016-01-20,3:30am,GBP,Claimant Count Change,High,4.1K,-2.2K,
2016-01-20,3:30am,GBP,Unemployment Rate,Low,5.2%,5.2%,
2016-01-20,4:00am,CHF,UBS Economic Expectations,Medium,,16.6,
2016-01-20,7:30am,USD,Building Permits,High,1.20M,1.28M,
2016-01-20,7:30am,USD,Core CPI m/m,High,0.2%,0.2%,
2016-01-20,7:30am,USD,CPI m/m,High,0.0%,0.0%,
2016-01-20,7:30am,USD,CPI y/y,High,0.8%,0.5%,
2016-01-20,7:30am,USD,Housing Starts,Low,1.19M,1.18M,
2016-01-20,3:30pm,USD,API Weekly Statistical Bulletin,Medium,,,
2016-01-20,6:01pm,GBP,RICS House Price Balance,Medium,50%,49%,
2016-01-20,10:30pm,JPY,All Industries Activity m/m,Medium,-0.7%,0.9%,
2016-01-21,6:45am,EUR,Main Refinancing Rate,High,0.05%,0.05%,
2016-01-21,7:30am,EUR,ECB Press Conference,High,,,
2016-01-21,7:30am,USD,Philly Fed Manufacturing Index,High,-5.8,-5.9,
2016-01-21,7:30am,USD,Unemployment Claims,High,279K,283K,
2016-01-21,9:00am,EUR,Consumer Confidence,Medium,-6,-6,
2016-01-21,9:30am,USD,Natural Gas Storage,Medium,-180B,-168B,
2016-01-21,10:00am,USD,Crude Oil Inventories,High,3.3M,0.2M,
2016-01-21,8:00pm,JPY,Flash Manufacturing PMI,Medium,52.8,52.6,
2016-01-22,2:00am,EUR,French Flash Manufacturing PMI,High,51.6,51.4,
2016-01-22,2:00am,EUR,French Flash Services PMI,Low,50.4,49.8,
2016-01-22,2:30am,EUR,German Flash Manufacturing PMI,High,53.0,53.2,
2016-01-22,2:30am,EUR,German Flash Services PMI,Low,55.6,56.0,
2016-01-22,3:00am,EUR,Flash Manufacturing PMI,Low,53.0,53.2,
2016-01-22,3:00am,EUR,Flash Services PMI,Low,54.2,54.2,
2016-01-22,3:30am,GBP,Retail Sales m/m,High,-0.1%,1.3%,
2016-01-22,3:30am,GBP,Public Sector Net Borrowing,Low,10.1B,12.9B,
2016-01-22,6:00am,GBP,MPC Member Cunliffe Speaks,Low,,,
2016-01-22,8:45am,USD,Flash Manufacturing PMI,Medium,51.5,51.2,
2016-01-22,9:00am,USD,Existing Home Sales,Low,5.21M,4.76M,
2016-01-22,9:00am,USD,CB Leading Index m/m,Medium,-0.1%,0.5%,
2016-01-25,4:00am,EUR,Italian Retail Sales m/m,Medium,0.2%,-0.3%,
2016-01-25,5:00am,EUR,German Buba Monthly Report,Medium,,,
2016-01-25,5:00am,GBP,CBI Industrial Order Expectations,Medium,-10,-7,
2016-01-25,8:00am,EUR,Belgian NBB Business Climate,Medium,-1.9,-1.4,
2016-01-25,12:00pm,EUR,ECB President Draghi Speaks,High,,,
2016-01-25,5:50pm,JPY,SPPI y/y,Medium,0.2%,0.2%,
2016-01-26,4:00am,GBP,BOE Gov Carney Speaks,High,,,
2016-01-26,8:00am,USD,HPI m/m,Medium,0.4%,0.5%,
2016-01-26,8:00am,USD,S&P/CS Composite-20 HPI y/y,Medium,5.7%,5.5%,
2016-01-26,8:45am,USD,Flash Services PMI,Medium,53.9,54.3,
2016-01-26,9:00am,USD,CB Consumer Confidence,High,96.6,96.3,
2016-01-26,9:00am,USD,Richmond Manufacturing Index,Medium,3,6,
2016-01-26,3:30pm,USD,API Weekly Statistical Bulletin,Medium,,,
2016-01-27,WedJan 27,EUR,German GfK Consumer Climate,Medium,9.3,9.4,
2016-01-27,WedJan 27,GBP,Nationwide HPI m/m,Medium,0.6%,0.8%,
2016-01-27,3:30am,GBP,High Street Lending,Medium,45.5K,44.5K,
2016-01-27,4:33am,EUR,German 30-y Bond Auction,Medium,,1.49|1.0,
2016-01-27,9:00am,USD,New Home Sales,Low,501K,491K,
2016-01-27,9:30am,USD,Crude Oil Inventories,High,3.8M,4.0M,
2016-01-27,1:00pm,USD,Federal Funds Rate,High,0.50%,0.50%,
2016-01-27,1:00pm,USD,FOMC Statement,High,,,
2016-01-27,1:30pm,GBP,MPC Member Shafik Speaks,Low,,,
2016-01-27,5:50pm,JPY,Retail Sales y/y,Low,0.1%,-1.1%,
2016-01-28,All Day,EUR,German Prelim CPI m/m,Low,-0.8%,-0.1%,
2016-01-28,2:00am,EUR,Spanish Unemployment Rate,Low,21.1%,21.2%,
2016-01-28,3:30am,GBP,Prelim GDP q/q,High,0.5%,0.4%,
2016-01-28,3:30am,GBP,Index of Services 3m/3m,Medium,0.6%,0.5%,
2016-01-28,4:14am,EUR,Italian 10-y Bond Auction,Medium,,1.59|1.3,
2016-01-28,5:00am,GBP,CBI Realized Sales,Medium,18,19,
2016-01-28,7:30am,USD,Core Durable Goods Orders m/m,High,-0.1%,0.0%,
2016-01-28,7:30am,USD,Unemployment Claims,High,281K,294K,
2016-01-28,7:30am,USD,Durable Goods Orders m/m,Low,-0.6%,-0.5%,
2016-01-28,9:00am,USD,Pending Home Sales m/m,Low,1.0%,-1.1%,
2016-01-28,9:30am,USD,Natural Gas Storage,Medium,-215B,-178B,
2016-01-28,5:30pm,JPY,Household Spending y/y,Low,-2.3%,-2.9%,
2016-01-28,5:30pm,JPY,Tokyo Core CPI y/y,Low,0.1%,0.1%,
2016-01-28,5:30pm,JPY,National Core CPI y/y,Medium,0.1%,0.1%,
2016-01-28,5:30pm,JPY,Unemployment Rate,Medium,3.3%,3.3%,
2016-01-28,5:50pm,JPY,Prelim Industrial Production m/m,Medium,-0.3%,-0.9%,
2016-01-28,6:05pm,GBP,GfK Consumer Confidence,Medium,1,2,
2016-01-28,9:38pm,JPY,BOJ Policy Rate,High,,,
2016-01-28,9:38pm,JPY,Monetary Policy Statement,High,,,
2016-01-28,11:00pm,JPY,BOJ Outlook Report,High,,,
2016-01-28,11:00pm,JPY,BOJ Core CPI y/y,Medium,1.3%,1.2%,
2016-01-28,11:00pm,JPY,Housing Starts y/y,Medium,0.5%,1.7%,
2016-01-29,FriJan 29,JPY,BOJ Press Conference,High,,,
2016-01-29,1:00am,EUR,German Retail Sales m/m,Low,0.3%,0.4%,
2016-01-29,1:45am,EUR,French Consumer Spending m/m,Medium,0.6%,-1.4%,
2016-01-29,1:45am,EUR,French Prelim CPI m/m,Medium,-0.9%,0.2%,
2016-01-29,2:00am,CHF,KOF Economic Barometer,Low,95.9,96.8,
2016-01-29,2:00am,EUR,Spanish Flash CPI y/y,Low,0.1%,0.0%,
2016-01-29,2:00am,EUR,Spanish Flash GDP q/q,Low,0.8%,0.8%,
2016-01-29,3:00am,EUR,M3 Money Supply y/y,Low,5.2%,5.0%,
2016-01-29,3:00am,EUR,Private Loans y/y,Medium,1.5%,1.4%,
2016-01-29,4:00am,EUR,CPI Flash Estimate y/y,High,0.4%,0.2%,
2016-01-29,4:00am,EUR,Core CPI Flash Estimate y/y,Low,0.9%,0.9%,
2016-01-29,7:30am,USD,Advance GDP q/q,High,0.8%,2.0%,
2016-01-29,7:30am,USD,Advance GDP Price Index q/q,Low,1.2%,1.3%,
2016-01-29,7:30am,USD,Employment Cost Index q/q,Low,0.6%,0.6%,
2016-01-29,7:30am,USD,Goods Trade Balance,Low,-60.0B,-60.3B,
2016-01-29,8:45am,USD,Chicago PMI,Low,45.4,42.9,
2016-01-29,9:00am,USD,Revised UoM Consumer Sentiment,Low,93.1,93.3,
2016-01-29,9:00am,USD,Revised UoM Inflation Expectations,Medium,,2.4%,
2016-01-31,8:00pm,JPY,Final Manufacturing PMI,Medium,52.4,52.4,
2016-02-01,2:30am,CHF,Manufacturing PMI,Medium,51.0,52.1,
2016-02-01,2:45am,EUR,Italian Manufacturing PMI,Medium,54.9,55.6,
2016-02-01,2:50am,EUR,French Final Manufacturing PMI,Medium,50.0,50.0,
2016-02-01,2:55am,EUR,German Final Manufacturing PMI,Medium,52.1,52.1,
2016-02-01,3:00am,EUR,Final Manufacturing PMI,Medium,52.3,52.3,
2016-02-01,3:30am,GBP,Final Manufacturing PMI,High,51.8,52.1,
2016-02-01,3:30am,GBP,Net Lending to Individuals m/m,Low,4.9B,5.2B,
2016-02-01,3:30am,GBP,M4 Money Supply m/m,Medium,0.3%,0.4%,
2016-02-01,3:30am,GBP,Mortgage Approvals,Medium,70K,70K,
2016-02-01,7:30am,USD,Core PCE Price Index m/m,Low,0.1%,0.2%,
2016-02-01,7:30am,USD,Personal Spending m/m,Low,0.1%,0.5%,
2016-02-01,7:30am,USD,Personal Income m/m,Medium,0.2%,0.3%,
2016-02-01,8:45am,USD,Final Manufacturing PMI,Medium,52.7,52.7,
2016-02-01,9:00am,USD,ISM Manufacturing PMI,High,48.6,48.2,
2016-02-01,9:00am,USD,Construction Spending m/m,Medium,0.6%,-0.6%,
2016-02-01,9:00am,USD,ISM Manufacturing Prices,Medium,34.7,33.5,
2016-02-01,10:00am,EUR,ECB President Draghi Speaks,High,,,
2016-02-01,12:00pm,USD,FOMC Member Fischer Speaks,Low,,,
2016-02-01,1:00pm,USD,Loan Officer Survey,Medium,,,
2016-02-01,5:50pm,JPY,Monetary Base y/y,Medium,28.3%,29.5%,
2016-02-01,9:45pm,JPY,10-y Bond Auction,Medium,,0.25|3.3,
2016-02-02,2:15am,CHF,Retail Sales y/y,Medium,-1.3%,-1.7%,
2016-02-02,2:55am,EUR,German Unemployment Change,Low,-7K,-16K,
2016-02-02,3:00am,EUR,Italian Monthly Unemployment Rate,Medium,11.2%,11.4%,
2016-02-02,3:30am,GBP,Construction PMI,High,57.6,57.8,
2016-02-02,4:00am,EUR,Unemployment Rate,Low,10.5%,10.5%,
2016-02-02,4:00am,EUR,PPI m/m,Medium,-0.4%,-0.2%,
2016-02-02,4:30am,CHF,SNB Chairman Jordan Speaks,High,,,
2016-02-02,9:00am,USD,RCM/TIPP Economic Optimism,Medium,47.8,47.3,
2016-02-02,9:15am,USD,Wards Total Vehicle Sales,Medium,17.3M,17.2M,
2016-02-02,All Day,USD,Total Vehicle Sales,Medium,17.4M,17.3M,
2016-02-02,12:00pm,USD,FOMC Member George Speaks,Low,,,
2016-02-02,3:30pm,USD,API Weekly Statistical Bulletin,Medium,,,
2016-02-02,5:50pm,JPY,Monetary Policy Meeting Minutes,Low,,,
2016-02-02,6:01pm,GBP,BRC Shop Price Index y/y,Medium,,-2.0%,
2016-02-02,8:30pm,JPY,BOJ Gov Kuroda Speaks,High,,,
2016-02-02,11:00pm,JPY,Consumer Confidence,Medium,43.8,42.7,
2016-02-03,2:45am,EUR,Italian Services PMI,Medium,54.2,55.3,
2016-02-03,2:50am,EUR,French Final Services PMI,Medium,50.6,50.6,
2016-02-03,2:55am,EUR,German Final Services PMI,Medium,55.4,55.4,
2016-02-03,3:00am,EUR,Final Services PMI,Medium,53.6,53.6,
2016-02-03,3:30am,GBP,Final Services PMI,High,55.4,55.5,
2016-02-03,4:00am,EUR,Italian Prelim CPI m/m,Medium,-0.1%,0.0%,
2016-02-03,4:00am,EUR,Retail Sales m/m,Medium,0.4%,-0.3%,
2016-02-03,7:15am,USD,ADP Non-Farm Employment Change,High,193K,267K,
2016-02-03,8:45am,USD,Final Services PMI,Medium,53.7,53.7,
2016-02-03,9:00am,USD,ISM Services PMI,High,55.1,55.3,
2016-02-03,9:30am,USD,Crude Oil Inventories,High,3.7M,8.4M,
2016-02-04,1:15am,USD,FOMC Member Rosengren Speaks,Low,,,
2016-02-04,2:00am,EUR,ECB President Draghi Speaks,High,,,
2016-02-04,2:30am,GBP,Halifax HPI m/m,Low,0.2%,2.0%,
2016-02-04,3:00am,EUR,ECB Economic Bulletin,Medium,,,
2016-02-04,3:10am,EUR,Retail PMI,Medium,,49.0,
2016-02-04,3:45am,EUR,Spanish 10-y Bond Auction,Medium,,1.46|2.6,
2016-02-04,4:00am,EUR,EU Economic Forecasts,Low,,,
2016-02-04,4:01am,EUR,French 10-y Bond Auction,Medium,,0.86|1.4,
2016-02-04,6:00am,GBP,BOE Monetary Policy Report,High,,,
2016-02-04,6:00am,GBP,Monetary Policy Summary,High,,,
2016-02-04,6:00am,GBP,MPC Official Bank Rate Votes,High,1-0-8,1-0-8,
2016-02-04,6:00am,GBP,Official Bank Rate,High,0.50%,0.50%,
2016-02-04,6:00am,GBP,Asset Purchase Facility,Low,375B,375B,
2016-02-04,6:00am,GBP,BOE Inflation Letter,Low,,,
2016-02-04,6:00am,GBP,MPC Asset Purchase Facility Votes,Low,0-0-9,0-0-9,
2016-02-04,6:30am,GBP,BOE Gov Carney Speaks,High,,,
2016-02-04,6:30am,USD,Challenger Job Cuts y/y,Medium,,-27.6%,
2016-02-04,7:30am,USD,Unemployment Claims,High,279K,277K,
2016-02-04,7:30am,USD,Prelim Nonfarm Productivity q/q,Low,-1.5%,2.2%,
2016-02-04,7:30am,USD,Prelim Unit Labor Costs q/q,Low,3.9%,1.8%,
2016-02-04,9:00am,USD,Factory Orders m/m,Low,-2.5%,-0.7%,
2016-02-04,9:30am,USD,Natural Gas Storage,Medium,-170B,-211B,
2016-02-04,4:00pm,USD,FOMC Member Mester Speaks,Low,,,
2016-02-04,11:00pm,JPY,Leading Indicators,Medium,102.8%,103.5%,
2016-02-05,1:45am,EUR,French Trade Balance,Medium,-4.5B,-4.5B,
2016-02-05,2:00am,CHF,Foreign Currency Reserves,Low,,560B,
2016-02-05,7:30am,USD,Average Hourly Earnings m/m,High,0.3%,0.0%,
2016-02-05,7:30am,USD,Non-Farm Employment Change,High,189K,262K,
2016-02-05,7:30am,USD,Unemployment Rate,High,5.0%,5.0%,
2016-02-05,7:30am,USD,Trade Balance,Low,-42.9B,-42.2B,
2016-02-05,11:30am,USD,President Obama Speaks,Medium,,,
2016-02-05,2:00pm,USD,Consumer Credit m/m,Medium,16.1B,14.0B,
2016-02-07,5:50pm,JPY,Current Account,Low,1.59T,1.42T,
2016-02-07,5:50pm,JPY,Bank Lending y/y,Medium,,2.2%,
2016-02-07,5:50pm,JPY,BOJ Summary of Opinions,Medium,,,
2016-02-07,6:00pm,JPY,Average Cash Earnings y/y,Medium,0.7%,0.0%,
2016-02-07,11:00pm,JPY,Economy Watchers Sentiment,Medium,48.5,48.7,
2016-02-08,9:00am,USD,Labor Market Conditions Index m/m,Medium,,2.3,
2016-02-08,5:50pm,JPY,M2 Money Stock y/y,Medium,3.1%,3.1%,
2016-02-08,6:01pm,GBP,BRC Retail Sales Monitor y/y,Medium,,0.1%,
2016-02-08,9:45pm,JPY,30-y Bond Auction,Low,,1.22|3.7,
2016-02-08,11:59pm,JPY,Prelim Machine Tool Orders y/y,Medium,,-25.7%,
2016-02-09,1:00am,EUR,German Industrial Production m/m,Medium,0.2%,-0.1%,
2016-02-09,1:00am,EUR,German Trade Balance,Medium,19.4B,19.7B,
2016-02-09,1:45am,EUR,French Gov Budget Balance,Medium,,-82.8B,
2016-02-09,3:30am,GBP,Goods Trade Balance,Low,-10.4B,-11.5B,
2016-02-09,3:30am,GBP,MPC Member Cunliffe Speaks,Low,,,
2016-02-09,5:00am,USD,NFIB Small Business Index,Medium,94.6,95.2,
2016-02-09,9:00am,USD,JOLTS Job Openings,Low,5.41M,5.35M,
2016-02-09,9:00am,USD,Final Wholesale Inventories m/m,Medium,-0.1%,-0.4%,
2016-02-09,3:30pm,USD,API Weekly Statistical Bulletin,Medium,,,
2016-02-09,5:50pm,JPY,PPI y/y,Medium,-2.8%,-3.5%,
2016-02-10,3:00am,EUR,Italian Industrial Production m/m,Medium,0.3%,-0.5%,
2016-02-10,3:30am,GBP,Manufacturing Production m/m,High,0.0%,-0.3%,
2016-02-10,3:30am,GBP,Industrial Production m/m,Medium,-0.1%,-0.8%,
2016-02-10,9:00am,GBP,NIESR GDP Estimate,Medium,,0.5%,
2016-02-10,9:00am,USD,Fed Chair Yellen Testifies,High,,,
2016-02-10,9:30am,USD,Crude Oil Inventories,High,3.1M,7.8M,
2016-02-10,12:01pm,USD,10-y Bond Auction,Medium,,2.09|2.8,
2016-02-10,1:00pm,USD,Federal Budget Balance,Medium,10.3B,-14.4B,
2016-02-10,All Day,JPY,Bank Holiday,Low,,,
2016-02-10,6:01pm,GBP,RICS House Price Balance,Medium,52%,49%,
2016-02-11,All Day,EUR,Eurogroup Meetings,Low,,,
2016-02-11,4:34am,GBP,30-y Bond Auction,Medium,,2.49|1.4,
2016-02-11,7:30am,USD,Unemployment Claims,High,287K,285K,
2016-02-11,9:00am,USD,Fed Chair Yellen Testifies,High,,,
2016-02-11,9:00am,USD,Fed Monetary Policy Report,Medium,,,
2016-02-11,9:30am,USD,Natural Gas Storage,Medium,-82B,-152B,
2016-02-11,12:01pm,USD,30-y Bond Auction,Medium,,2.91|2.3,
2016-02-12,FriFeb 12,EUR,German Final CPI m/m,Medium,-0.8%,-0.8%,
2016-02-12,FriFeb 12,EUR,German WPI m/m,Medium,0.2%,-0.8%,
2016-02-12,1:45am,EUR,French Prelim Private Payrolls q/q,Medium,0.1%,0.0%,
2016-02-12,3:00am,EUR,Italian Prelim GDP q/q,Medium,0.3%,0.2%,
2016-02-12,3:30am,GBP,Construction Output m/m,Medium,2.1%,-1.1%,
2016-02-12,4:00am,EUR,Flash GDP q/q,Low,0.3%,0.3%,
2016-02-12,4:00am,EUR,Industrial Production m/m,Medium,0.3%,-0.5%,
2016-02-12,All Day,EUR,ECOFIN Meetings,Low,,,
2016-02-12,7:30am,USD,Core Retail Sales m/m,High,0.0%,0.1%,
2016-02-12,7:30am,USD,Retail Sales m/m,High,0.1%,0.2%,
2016-02-12,7:30am,USD,Import Prices m/m,Low,-1.4%,-1.1%,
2016-02-12,9:00am,USD,Prelim UoM Consumer Sentiment,High,92.6,92.0,
2016-02-12,9:00am,USD,FOMC Member Dudley Speaks,Low,,,
2016-02-12,9:00am,USD,Business Inventories m/m,Medium,0.1%,-0.1%,
2016-02-12,9:00am,USD,Prelim UoM Inflation Expectations,Medium,,2.5%,
2016-02-14,5:50pm,JPY,Prelim GDP q/q,High,-0.3%,0.3%,
2016-02-14,5:50pm,JPY,Prelim GDP Price Index y/y,Medium,1.6%,1.8%,
2016-02-14,6:01pm,GBP,Rightmove HPI m/m,Medium,,0.5%,
2016-02-14,10:30pm,JPY,Revised Industrial Production m/m,Medium,-1.3%,-1.4%,
2016-02-14,10:34pm,JPY,Tertiary Industry Activity m/m,Medium,0.1%,-0.9%,
2016-02-15,4:00am,EUR,Trade Balance,Medium,22.4B,22.6B,
2016-02-15,5:00am,EUR,German Buba Monthly Report,Medium,,,
2016-02-15,All Day,USD,Bank Holiday,Low,,,
2016-02-15,8:00am,EUR,ECB President Draghi Speaks,High,,,
2016-02-16,3:30am,GBP,CPI y/y,High,0.3%,0.2%,
2016-02-16,3:30am,GBP,PPI Input m/m,Low,-1.2%,-0.3%,
2016-02-16,3:30am,GBP,RPI y/y,Low,1.4%,1.2%,
2016-02-16,3:30am,GBP,Core CPI y/y,Medium,1.3%,1.4%,
2016-02-16,3:30am,GBP,ONS HPI y/y,Medium,7.9%,7.7%,
2016-02-16,3:30am,GBP,PPI Output m/m,Medium,-0.2%,-0.3%,
2016-02-16,4:00am,EUR,German ZEW Economic Sentiment,High,0.1,10.2,
2016-02-16,4:00am,EUR,ZEW Economic Sentiment,Low,10.3,22.7,
2016-02-16,7:30am,USD,Empire State Manufacturing Index,Low,-10.5,-19.4,
2016-02-16,9:00am,USD,NAHB Housing Market Index,Medium,60,61,
2016-02-16,3:00pm,USD,TIC Long-Term Purchases,Medium,30.2B,31.4B,
2016-02-16,5:50pm,JPY,Core Machinery Orders m/m,Medium,4.6%,-14.4%,
2016-02-16,6:30pm,USD,FOMC Member Rosengren Speaks,Low,,,
2016-02-17,WedFeb 17,GBP,Claimant Count Change,High,-2.9K,-15.2K,
2016-02-17,WedFeb 17,GBP,Unemployment Rate,Low,5.0%,5.1%,
2016-02-17,4:00am,CHF,UBS Economic Expectations,Medium,,-3.0,
2016-02-17,4:33am,EUR,German 10-y Bond Auction,Medium,,0.59|1.1,
2016-02-17,7:30am,USD,Building Permits,High,1.21M,1.20M,
2016-02-17,7:30am,USD,PPI m/m,High,-0.2%,-0.2%,
2016-02-17,7:30am,USD,Core PPI m/m,Low,0.1%,0.1%,
2016-02-17,7:30am,USD,Housing Starts,Low,1.16M,1.14M,
2016-02-17,8:15am,USD,Capacity Utilization Rate,Low,76.7%,76.4%,
2016-02-17,8:15am,USD,Industrial Production m/m,Low,0.3%,-0.7%,
2016-02-17,1:00pm,USD,FOMC Meeting Minutes,High,,,
2016-02-17,3:30pm,USD,API Weekly Statistical Bulletin,Medium,,,
2016-02-17,5:50pm,JPY,Trade Balance,Medium,0.06T,0.02T,
2016-02-17,6:30pm,USD,FOMC Member Bullard Speaks,Low,,,
2016-02-18,1:45am,EUR,French Final CPI m/m,Medium,-1.0%,-1.0%,
2016-02-18,2:55am,GBP,MPC Member Cunliffe Speaks,Low,,,
2016-02-18,3:00am,EUR,Current Account,Medium,22.3B,26.9B,
2016-02-18,6:30am,EUR,ECB Monetary Policy Meeting Accounts,Low,,,
2016-02-18,7:30am,USD,Philly Fed Manufacturing Index,High,-2.9,-3.5,
2016-02-18,7:30am,USD,Unemployment Claims,High,275K,269K,
2016-02-18,9:00am,USD,Mortgage Delinquencies,Low,,4.99%,
2016-02-18,9:00am,USD,CB Leading Index m/m,Medium,-0.1%,-0.3%,
2016-02-18,9:30am,USD,Natural Gas Storage,Medium,-154B,-70B,
2016-02-18,10:00am,USD,Crude Oil Inventories,High,3.2M,-0.8M,
2016-02-18,10:30pm,JPY,All Industries Activity m/m,Medium,-0.3%,-1.1%,
2016-02-19,3:30am,GBP,Retail Sales m/m,High,0.8%,-1.4%,
2016-02-19,3:30am,GBP,Public Sector Net Borrowing,Low,-13.8B,7.5B,
2016-02-19,7:30am,USD,Core CPI m/m,High,0.2%,0.1%,
2016-02-19,7:30am,USD,CPI m/m,High,-0.1%,-0.1%,
2016-02-19,7:30am,USD,CPI y/y,High,1.3%,0.7%,
2016-02-19,7:30am,USD,FOMC Member Mester Speaks,Low,,,
2016-02-19,8:30am,GBP,CB Leading Index m/m,Medium,,0.3%,
2016-02-19,9:00am,EUR,Consumer Confidence,Medium,-7,-6,
2016-02-21,8:00pm,JPY,Flash Manufacturing PMI,Medium,52.0,52.3,
2016-02-22,MonFeb 22,EUR,French Flash Services PMI,Low,50.4,50.3,
2016-02-22,2:15am,CHF,PPI m/m,Low,-0.2%,-0.4%,
2016-02-22,2:30am,EUR,German Flash Manufacturing PMI,Low,52.1,52.3,
2016-02-22,2:30am,EUR,German Flash Services PMI,Low,54.8,55.0,
2016-02-22,3:00am,EUR,Flash Manufacturing PMI,Low,52.1,52.3,
2016-02-22,3:00am,EUR,Flash Services PMI,Low,53.4,53.6,
2016-02-22,5:00am,GBP,CBI Industrial Order Expectations,Medium,-11,-15,
2016-02-22,8:45am,USD,Flash Manufacturing PMI,Medium,52.3,52.4,
2016-02-23,3:00am,EUR,German ifo Business Climate,High,107.0,107.3,
2016-02-23,4:00am,GBP,Monetary Policy Report Hearings,High,,,
2016-02-23,5:15am,CHF,SNB Chairman Jordan Speaks,High,,,
2016-02-23,8:00am,EUR,Belgian NBB Business Climate,Medium,-3.5,-3.0,
2016-02-23,8:00am,USD,S&P/CS Composite-20 HPI y/y,Medium,5.8%,5.7%,
2016-02-23,9:00am,USD,CB Consumer Confidence,High,97.4,97.8,
2016-02-23,9:00am,USD,Existing Home Sales,Low,5.37M,5.45M,
2016-02-23,9:00am,USD,Richmond Manufacturing Index,Medium,2,2,
2016-02-23,11:00am,GBP,MPC Member Haldane Speaks,Low,,,
2016-02-23,3:30pm,USD,API Weekly Statistical Bulletin,Medium,,,
2016-02-23,5:50pm,JPY,SPPI y/y,Medium,0.3%,0.4%,
2016-02-23,7:30pm,USD,FOMC Member Fischer Speaks,Low,,,
2016-02-24,3:30am,GBP,High Street Lending,Medium,45.2K,43.7K,
2016-02-24,4:33am,EUR,German 30-y Bond Auction,Medium,,1.18|1.2,
2016-02-24,5:00am,GBP,CBI Realized Sales,Medium,16,16,
2016-02-24,8:45am,USD,Flash Services PMI,Medium,53.4,53.2,
2016-02-24,9:00am,USD,New Home Sales,Low,522K,544K,
2016-02-24,9:30am,USD,Crude Oil Inventories,High,2.0M,2.1M,
2016-02-24,12:10pm,GBP,MPC Member Cunliffe Speaks,Low,,,
2016-02-24,6:00pm,USD,FOMC Member Bullard Speaks,Low,,,
2016-02-25,3:00am,EUR,M3 Money Supply y/y,Low,4.7%,4.7%,
2016-02-25,3:00am,EUR,Private Loans y/y,Medium,1.5%,1.4%,
2016-02-25,3:30am,GBP,Second Estimate GDP q/q,High,0.5%,0.5%,
2016-02-25,3:30am,GBP,Prelim Business Investment q/q,Low,0.6%,2.2%,
2016-02-25,3:30am,GBP,Index of Services 3m/3m,Medium,0.7%,0.6%,
2016-02-25,4:00am,EUR,Final CPI y/y,Low,0.4%,0.4%,
2016-02-25,4:00am,EUR,Final Core CPI y/y,Medium,1.0%,1.0%,
2016-02-25,4:00am,EUR,Italian Retail Sales m/m,Medium,0.5%,0.2%,
2016-02-25,7:30am,USD,Core Durable Goods Orders m/m,High,0.2%,-1.0%,
2016-02-25,7:30am,USD,Unemployment Claims,High,271K,262K,
2016-02-25,7:30am,USD,Durable Goods Orders m/m,Low,3.0%,-5.0%,
2016-02-25,8:02am,USD,HPI m/m,Medium,0.5%,0.6%,
2016-02-25,9:30am,USD,Natural Gas Storage,Medium,-125B,-158B,
2016-02-25,5:30pm,JPY,Tokyo Core CPI y/y,Low,0.0%,-0.1%,
2016-02-25,5:30pm,JPY,National Core CPI y/y,Medium,-0.2%,0.1%,
2016-02-25,6:05pm,GBP,GfK Consumer Confidence,Medium,3,4,
2016-02-25,9:15pm,GBP,BOE Gov Carney Speaks,High,,,
2016-02-25,11:00pm,JPY,BOJ Core CPI y/y,Medium,1.2%,1.3%,
2016-02-26,1:45am,EUR,French Consumer Spending m/m,Medium,0.6%,1.0%,
2016-02-26,1:45am,EUR,French Prelim CPI m/m,Medium,0.4%,-1.0%,
2016-02-26,1:45am,EUR,French Prelim GDP q/q,Medium,0.2%,0.3%,
2016-02-26,2:00am,EUR,Spanish Flash CPI y/y,Low,-0.5%,-0.3%,
2016-02-26,4:20am,EUR,Italian 10-y Bond Auction,Medium,,1.44|1.4,
2016-02-26,7:30am,USD,Prelim GDP q/q,High,0.4%,0.7%,
2016-02-26,7:30am,USD,Goods Trade Balance,Low,-61.1B,-61.5B,
2016-02-26,7:30am,USD,Prelim GDP Price Index q/q,Medium,0.8%,0.8%,
2016-02-26,9:00am,USD,Core PCE Price Index m/m,Low,0.1%,0.1%,
2016-02-26,9:00am,USD,Personal Spending m/m,Low,0.3%,0.1%,
2016-02-26,9:00am,USD,Revised UoM Consumer Sentiment,Low,91.1,90.7,
2016-02-26,9:00am,USD,Personal Income m/m,Medium,0.4%,0.3%,
2016-02-26,9:00am,USD,Revised UoM Inflation Expectations,Medium,,2.5%,
2016-02-26,9:15am,USD,FOMC Member Powell Speaks,Low,,,
2016-02-26,12:30pm,USD,FOMC Member Brainard Speaks,Low,,,
2016-02-28,5:50pm,JPY,Retail Sales y/y,Low,0.2%,-1.1%,
2016-02-28,5:50pm,JPY,Prelim Industrial Production m/m,Medium,3.2%,-1.7%,
2016-02-28,11:00pm,JPY,Housing Starts y/y,Medium,-0.2%,-1.3%,
2016-02-29,MonFeb 29,EUR,German Import Prices m/m,Medium,-0.9%,-1.2%,
2016-02-29,2:00am,CHF,KOF Economic Barometer,Low,99.1,100.4,
2016-02-29,3:30am,GBP,Net Lending to Individuals m/m,Low,5.2B,4.3B,
2016-02-29,3:30am,GBP,M4 Money Supply m/m,Medium,0.3%,-0.2%,
2016-02-29,3:30am,GBP,Mortgage Approvals,Medium,74K,71K,
2016-02-29,4:00am,EUR,Core CPI Flash Estimate y/y,Low,0.9%,1.0%,
2016-02-29,4:00am,EUR,CPI Flash Estimate y/y,Low,0.0%,0.3%,
2016-02-29,4:00am,EUR,Italian Prelim CPI m/m,Medium,0.1%,-0.2%,
2016-02-29,8:45am,USD,Chicago PMI,Low,52.1,55.6,
2016-02-29,9:00am,USD,Pending Home Sales m/m,Low,0.6%,0.9%,
2016-02-29,5:30pm,JPY,Household Spending y/y,Low,-2.5%,-4.4%,
2016-02-29,5:30pm,JPY,Unemployment Rate,Medium,3.3%,3.3%,
2016-02-29,5:50pm,JPY,Capital Spending q/y,Medium,8.8%,11.2%,
2016-02-29,8:00pm,JPY,Final Manufacturing PMI,Medium,50.2,50.2,
2016-02-29,9:45pm,JPY,10-y Bond Auction,Medium,,0.08|3.1,
2016-02-29,10:30pm,USD,FOMC Member Dudley Speaks,Low,,,
2016-03-01,TueMar 1,EUR,Spanish Manufacturing PMI,Low,54.3,55.4,
2016-03-01,2:30am,CHF,Manufacturing PMI,Medium,49.6,50.0,
2016-03-01,2:45am,EUR,Italian Manufacturing PMI,Medium,52.2,53.2,
2016-03-01,2:50am,EUR,French Final Manufacturing PMI,Medium,50.3,50.3,
2016-03-01,2:55am,EUR,German Unemployment Change,Low,-10K,-19K,
2016-03-01,2:55am,EUR,German Final Manufacturing PMI,Medium,50.2,50.2,
2016-03-01,3:00am,EUR,Final Manufacturing PMI,Medium,51.0,51.0,
2016-03-01,3:00am,EUR,Italian Monthly Unemployment Rate,Medium,11.3%,11.6%,
2016-03-01,3:30am,GBP,Final Manufacturing PMI,High,52.3,52.9,
2016-03-01,4:00am,EUR,Unemployment Rate,Low,10.4%,10.4%,
2016-03-01,8:45am,USD,Final Manufacturing PMI,Medium,51.0,51.0,
2016-03-01,9:00am,USD,ISM Manufacturing PMI,High,48.5,48.2,
2016-03-01,9:00am,USD,Construction Spending m/m,Medium,0.5%,0.6%,
2016-03-01,9:00am,USD,ISM Manufacturing Prices,Medium,35.5,33.5,
2016-03-01,9:00am,USD,RCM/TIPP Economic Optimism,Medium,46.9,47.8,
2016-03-01,All Day,USD,Wards Total Vehicle Sales,Medium,17.7M,17.5M,
2016-03-01,All Day,USD,Total Vehicle Sales,Medium,17.6M,17.6M,
2016-03-01,3:30pm,USD,API Weekly Statistical Bulletin,Medium,,,
2016-03-01,5:50pm,JPY,Monetary Base y/y,Medium,27.9%,28.9%,
2016-03-01,6:01pm,GBP,BRC Shop Price Index y/y,Medium,,-1.8%,
2016-03-02,2:00am,EUR,Spanish Unemployment Change,Low,0.2K,57.2K,
2016-03-02,3:30am,GBP,Construction PMI,High,55.5,55.0,
2016-03-02,4:00am,EUR,PPI m/m,Medium,-0.9%,-0.8%,
2016-03-02,4:00am,GBP,MPC Member Broadbent Speaks,Low,,,
2016-03-02,7:15am,USD,ADP Non-Farm Employment Change,High,185K,193K,
2016-03-02,8:00am,GBP,MPC Member Cunliffe Speaks,Low,,,
2016-03-02,9:30am,USD,Crude Oil Inventories,High,2.5M,3.5M,
2016-03-02,1:00pm,USD,Beige Book,Medium,,,
2016-03-03,2:15am,EUR,Spanish Services PMI,Medium,53.9,54.6,
2016-03-03,2:30am,GBP,Halifax HPI m/m,Low,0.1%,1.7%,
2016-03-03,2:45am,EUR,Italian Services PMI,Medium,52.7,53.6,
2016-03-03,2:50am,EUR,French Final Services PMI,Medium,49.8,49.8,
2016-03-03,2:55am,EUR,German Final Services PMI,Medium,55.1,55.1,
2016-03-03,3:00am,EUR,Final Services PMI,Medium,53.0,53.0,
2016-03-03,3:30am,GBP,Final Services PMI,High,55.1,55.6,
2016-03-03,3:58am,EUR,French 10-y Bond Auction,Medium,,0.67|4.1,
2016-03-03,4:00am,EUR,Retail Sales m/m,Medium,0.1%,0.6%,
2016-03-03,6:30am,USD,Challenger Job Cuts y/y,Medium,,41.6%,
2016-03-03,7:30am,USD,Unemployment Claims,High,271K,272K,
2016-03-03,7:30am,USD,Revised Nonfarm Productivity q/q,Low,-3.2%,-3.0%,
2016-03-03,7:30am,USD,Revised Unit Labor Costs q/q,Medium,4.8%,4.5%,
2016-03-03,8:45am,USD,Final Services PMI,Medium,49.8,49.8,
2016-03-03,9:00am,USD,ISM Services PMI,High,53.2,53.5,
2016-03-03,9:00am,USD,Factory Orders m/m,Low,2.1%,-2.9%,
2016-03-03,9:30am,USD,Natural Gas Storage,Medium,-49B,-117B,
2016-03-03,11:45am,GBP,MPC Member Haldane Speaks,Low,,,
2016-03-03,6:00pm,JPY,Average Cash Earnings y/y,Medium,0.2%,-0.2%,
2016-03-04,7:30am,USD,Average Hourly Earnings m/m,High,0.2%,0.5%,
2016-03-04,7:30am,USD,Non-Farm Employment Change,High,195K,172K,
2016-03-04,7:30am,USD,Unemployment Rate,High,4.9%,4.9%,
2016-03-04,7:30am,USD,Trade Balance,Low,-43.8B,-44.7B,
2016-03-06,9:40pm,JPY,BOJ Gov Kuroda Speaks,High,,,
2016-03-06,11:00pm,JPY,Leading Indicators,Medium,101.6%,102.1%,
2016-03-07,2:00am,CHF,Foreign Currency Reserves,Low,,575B,
2016-03-07,3:10am,GBP,MPC Member Haldane Speaks,Low,,,
2016-03-07,3:30am,EUR,Sentix Investor Confidence,Medium,8.8,6.0,
2016-03-07,All Day,EUR,Eurogroup Meetings,Low,,,
2016-03-07,9:00am,USD,Labor Market Conditions Index m/m,Medium,,-0.8,
2016-03-07,12:00pm,USD,FOMC Member Brainard Speaks,Low,,,
2016-03-07,12:00pm,USD,FOMC Member Fischer Speaks,Low,,,
2016-03-07,2:00pm,USD,Consumer Credit m/m,Medium,16.8B,21.4B,
2016-03-07,5:50pm,JPY,Current Account,Low,1.66T,1.69T,
2016-03-07,5:50pm,JPY,Final GDP q/q,Low,-0.4%,-0.4%,
2016-03-07,5:50pm,JPY,Bank Lending y/y,Medium,,2.3%,
2016-03-07,5:50pm,JPY,Final GDP Price Index y/y,Medium,1.5%,1.5%,
2016-03-07,6:01pm,GBP,BRC Retail Sales Monitor y/y,Medium,,2.6%,
2016-03-07,9:45pm,JPY,30-y Bond Auction,Medium,,1.07|3.0,
2016-03-07,11:00pm,JPY,Consumer Confidence,Medium,42.3,42.5,
2016-03-08,12:45am,CHF,Unemployment Rate,Medium,3.5%,3.4%,
2016-03-08,1:00am,EUR,German Industrial Production m/m,Medium,0.6%,-0.3%,
2016-03-08,1:45am,EUR,French Gov Budget Balance,Medium,,-70.5B,
2016-03-08,1:45am,EUR,French Trade Balance,Medium,-3.7B,-3.7B,
2016-03-08,2:15am,CHF,CPI m/m,Medium,-0.1%,-0.4%,
2016-03-08,3:15am,GBP,BOE Gov Carney Speaks,High,,,
2016-03-08,4:00am,EUR,Revised GDP q/q,Medium,0.3%,0.3%,
2016-03-08,All Day,EUR,ECOFIN Meetings,Low,,,
2016-03-08,5:00am,USD,NFIB Small Business Index,Medium,94.5,93.9,
2016-03-08,11:00am,GBP,MPC Member Weale Speaks,Low,,,
2016-03-08,3:30pm,USD,API Weekly Statistical Bulletin,Medium,,,
2016-03-08,5:50pm,JPY,M2 Money Stock y/y,Medium,3.2%,3.2%,
2016-03-08,11:59pm,JPY,Prelim Machine Tool Orders y/y,Medium,,-17.2%,
2016-03-09,WedMar 9,GBP,Industrial Production m/m,Medium,0.6%,-1.1%,
2016-03-09,8:37am,GBP,NIESR GDP Estimate,Medium,,0.4%,
2016-03-09,9:00am,USD,Final Wholesale Inventories m/m,Medium,-0.2%,0.0%,
2016-03-09,9:30am,USD,Crude Oil Inventories,High,3.0M,10.4M,
2016-03-09,12:01pm,USD,10-y Bond Auction,Medium,,1.73|2.6,
2016-03-09,5:50pm,JPY,PPI y/y,Medium,-3.4%,-3.2%,
2016-03-09,6:01pm,GBP,RICS House Price Balance,Medium,52%,48%,
2016-03-10,1:00am,EUR,German Trade Balance,Medium,19.2B,20.3B,
2016-03-10,1:45am,EUR,French Industrial Production m/m,Medium,0.8%,-0.6%,
2016-03-10,3:00am,EUR,Italian Quarterly Unemployment Rate,Medium,11.5%,11.5%,
2016-03-10,6:45am,EUR,Main Refinancing Rate,High,0.05%,0.05%,
2016-03-10,6:45am,EUR,Monetary Policy Statement,High,,,
2016-03-10,7:30am,EUR,ECB Press Conference,High,,,
2016-03-10,7:30am,USD,Unemployment Claims,High,272K,277K,
2016-03-10,9:30am,USD,Natural Gas Storage,Medium,-51B,-48B,
2016-03-10,12:01pm,USD,30-y Bond Auction,Medium,,2.50|2.1,
2016-03-10,1:00pm,USD,Federal Budget Balance,Medium,-198.3B,55.2B,
2016-03-10,5:50pm,JPY,BSI Manufacturing Index,Low,4.2,3.8,
2016-03-11,FriMar 11,EUR,German WPI m/m,Medium,0.2%,-0.4%,
2016-03-11,3:00am,EUR,Italian Industrial Production m/m,Medium,0.9%,-0.6%,
2016-03-11,3:30am,GBP,Goods Trade Balance,Low,-10.3B,-9.9B,
2016-03-11,3:30am,GBP,Construction Output m/m,Medium,-1.3%,2.1%,
2016-03-11,3:30am,GBP,Consumer Inflation Expectations,Medium,,2.0%,
2016-03-11,7:30am,USD,Import Prices m/m,Low,-0.7%,-1.0%,
2016-03-13,SunMar 13,USD,Daylight Saving Time Shift,Low,,,
2016-03-13,6:50pm,JPY,Core Machinery Orders m/m,Medium,2.0%,4.2%,
2016-03-14,10:35pm,JPY,BOJ Policy Rate,High,,-0.10%,
2016-03-14,10:35pm,JPY,Monetary Policy Statement,High,,,
2016-03-14,11:30pm,JPY,Revised Industrial Production m/m,Medium,3.7%,3.7%,
2016-03-14,11:30pm,JPY,Tertiary Industry Activity m/m,Medium,0.4%,-0.6%,
2016-03-15,2:45am,EUR,French Final CPI m/m,Medium,0.2%,0.2%,
2016-03-15,5:00am,EUR,Final Employment Change q/q,Medium,0.2%,0.3%,
2016-03-15,7:30am,USD,Core Retail Sales m/m,High,-0.2%,-0.4%,
2016-03-15,7:30am,USD,PPI m/m,High,-0.2%,0.1%,
2016-03-15,7:30am,USD,Retail Sales m/m,High,-0.1%,-0.4%,
2016-03-15,7:30am,USD,Core PPI m/m,Low,0.1%,0.4%,
2016-03-15,7:30am,USD,Empire State Manufacturing Index,Low,-10.3,-16.6,
2016-03-15,9:00am,USD,Business Inventories m/m,Medium,0.0%,0.1%,
2016-03-15,9:00am,USD,NAHB Housing Market Index,Medium,59,58,
2016-03-15,3:00pm,USD,TIC Long-Term Purchases,Medium,3.2B,-29.4B,
2016-03-15,3:30pm,USD,API Weekly Statistical Bulletin,Medium,,,
2016-03-16,WedMar 16,GBP,Claimant Count Change,High,-8.8K,-28.4K,
2016-03-16,WedMar 16,GBP,Unemployment Rate,Low,5.1%,5.1%,
2016-03-16,5:32am,EUR,German 10-y Bond Auction,Medium,,0.26|1.2,
2016-03-16,7:30am,GBP,Annual Budget Release,High,,,
2016-03-16,7:30am,USD,Building Permits,High,1.20M,1.20M,
2016-03-16,7:30am,USD,Core CPI m/m,High,0.2%,0.3%,
2016-03-16,7:30am,USD,CPI m/m,High,-0.2%,0.0%,
2016-03-16,7:30am,USD,CPI y/y,High,0.9%,1.4%,
2016-03-16,7:30am,USD,Housing Starts,Low,1.15M,1.12M,
2016-03-16,8:15am,USD,Capacity Utilization Rate,Low,76.9%,77.1%,
2016-03-16,8:15am,USD,Industrial Production m/m,Low,-0.2%,0.8%,
2016-03-16,8:30am,GBP,CB Leading Index m/m,Medium,,0.3%,
2016-03-16,9:30am,USD,Crude Oil Inventories,High,2.9M,3.9M,
2016-03-16,1:00pm,USD,Federal Funds Rate,High,0.50%,0.50%,
2016-03-16,1:00pm,USD,FOMC Economic Projections,High,,,
2016-03-16,1:00pm,USD,FOMC Statement,High,,,
2016-03-16,1:30pm,USD,FOMC Press Conference,High,,,
2016-03-16,6:50pm,JPY,Trade Balance,Medium,0.24T,0.07T,
2016-03-17,1:45am,CHF,SECO Economic Forecasts,Medium,,,
2016-03-17,3:15am,CHF,PPI m/m,Low,0.2%,-0.4%,
2016-03-17,3:30am,CHF,Libor Rate,High,-0.75%,-0.75%,
2016-03-17,3:30am,CHF,SNB Monetary Policy Assessment,High,,,
2016-03-17,4:02am,EUR,Italian Trade Balance,Medium,4.33B,6.02B,
2016-03-17,4:43am,EUR,Spanish 10-y Bond Auction,Medium,,1.69|1.9,
2016-03-17,5:00am,EUR,Final CPI y/y,Low,-0.2%,-0.2%,
2016-03-17,5:00am,EUR,Final Core CPI y/y,Medium,0.7%,0.7%,
2016-03-17,5:00am,EUR,Trade Balance,Medium,20.2B,22.5B,
2016-03-17,7:00am,GBP,Monetary Policy Summary,High,,,
2016-03-17,7:00am,GBP,MPC Official Bank Rate Votes,High,0-0-9,0-0-9,
2016-03-17,7:00am,GBP,Official Bank Rate,High,0.50%,0.50%,
2016-03-17,7:00am,GBP,Asset Purchase Facility,Low,375B,375B,
2016-03-17,7:00am,GBP,MPC Asset Purchase Facility Votes,Low,0-0-9,0-0-9,
2016-03-17,7:30am,USD,Philly Fed Manufacturing Index,High,-1.4,-2.8,
2016-03-17,7:30am,USD,Unemployment Claims,High,267K,258K,
2016-03-17,7:30am,USD,Current Account,Low,-117B,-130B,
2016-03-17,9:00am,USD,JOLTS Job Openings,Low,5.57M,5.28M,
2016-03-17,9:00am,USD,CB Leading Index m/m,Medium,0.2%,-0.2%,
2016-03-17,9:30am,USD,Natural Gas Storage,Medium,-9B,-57B,
2016-03-17,6:50pm,JPY,Monetary Policy Meeting Minutes,Low,,,
2016-03-18,8:00am,USD,FOMC Member Dudley Speaks,Low,,,
2016-03-18,9:00am,USD,Prelim UoM Consumer Sentiment,High,92.1,91.7,
2016-03-18,9:00am,USD,Prelim UoM Inflation Expectations,Medium,,2.5%,
2016-03-18,10:00am,USD,FOMC Member Rosengren Speaks,Low,,,
2016-03-18,1:00pm,USD,FOMC Member Bullard Speaks,Low,,,
2016-03-20,All Day,JPY,Bank Holiday,Low,,,
2016-03-20,7:01pm,GBP,Rightmove HPI m/m,Medium,,2.9%,
2016-03-21,6:00am,EUR,German Buba Monthly Report,Medium,,,
2016-03-21,6:00am,GBP,CBI Industrial Order Expectations,Medium,-13,-17,
2016-03-21,9:00am,USD,Existing Home Sales,Low,5.32M,5.47M,
2016-03-21,10:00am,EUR,Consumer Confidence,Medium,-8,-9,
2016-03-21,9:00pm,JPY,Flash Manufacturing PMI,Medium,50.6,50.1,
2016-03-21,11:30pm,JPY,All Industries Activity m/m,Medium,1.9%,-0.9%,
2016-03-22,2:00am,CHF,Trade Balance,Medium,2.88B,3.51B,
2016-03-22,3:00am,EUR,French Flash Manufacturing PMI,Low,50.2,50.2,
2016-03-22,3:00am,EUR,French Flash Services PMI,Low,49.5,49.2,
2016-03-22,3:30am,EUR,German Flash Manufacturing PMI,Low,50.9,50.5,
2016-03-22,3:30am,EUR,German Flash Services PMI,Low,55.1,55.3,
2016-03-22,4:00am,EUR,German ifo Business Climate,High,106.1,105.7,
2016-03-22,4:00am,EUR,Flash Manufacturing PMI,Low,51.4,51.2,
2016-03-22,4:00am,EUR,Flash Services PMI,Low,53.5,53.3,
2016-03-22,4:30am,GBP,CPI y/y,High,0.4%,0.3%,
2016-03-22,4:30am,GBP,PPI Input m/m,Low,0.4%,-1.1%,
2016-03-22,4:30am,GBP,Public Sector Net Borrowing,Low,5.4B,-14.4B,
2016-03-22,4:30am,GBP,RPI y/y,Low,1.3%,1.3%,
2016-03-22,4:30am,GBP,Core CPI y/y,Medium,1.2%,1.2%,
2016-03-22,4:30am,GBP,ONS HPI y/y,Medium,6.9%,6.7%,
2016-03-22,4:30am,GBP,PPI Output m/m,Medium,0.0%,-0.1%,
2016-03-22,5:00am,EUR,German ZEW Economic Sentiment,High,6.3,1.0,
2016-03-22,5:00am,EUR,ZEW Economic Sentiment,Low,8.2,13.6,
2016-03-22,8:00am,USD,HPI m/m,Medium,0.5%,0.5%,
2016-03-22,8:30am,GBP,MPC Member Forbes Speaks,Low,,,
2016-03-22,8:45am,USD,Flash Manufacturing PMI,Medium,51.6,51.0,
2016-03-22,8:59am,USD,Richmond Manufacturing Index,Medium,-1,-4,
2016-03-22,3:30pm,USD,API Weekly Statistical Bulletin,Medium,,,
2016-03-23,5:32am,EUR,German 30-y Bond Auction,Medium,,0.77|1.6,
2016-03-23,7:40am,EUR,German Buba President Weidmann Speaks,Low,,,
2016-03-23,8:00am,USD,FOMC Member Bullard Speaks,Low,,,
2016-03-23,8:58am,EUR,Belgian NBB Business Climate,Medium,-6.0,-6.6,
2016-03-23,9:00am,CHF,SNB Quarterly Bulletin,Medium,,,
2016-03-23,9:00am,USD,New Home Sales,Low,512K,502K,
2016-03-23,9:30am,USD,Crude Oil Inventories,High,2.5M,1.3M,
2016-03-23,6:50pm,JPY,BOJ Summary of Opinions,Medium,,,
2016-03-24,ThuMar 24,EUR,German Import Prices m/m,Medium,-0.3%,-1.5%,
2016-03-24,4:00am,EUR,ECB Economic Bulletin,Medium,,,
2016-03-24,4:30am,GBP,Retail Sales m/m,High,-0.7%,2.3%,
2016-03-24,4:30am,GBP,High Street Lending,Medium,47.8K,46.9K,
2016-03-24,5:00am,EUR,Italian Retail Sales m/m,Medium,0.0%,-0.1%,
2016-03-24,5:30am,EUR,Long Term Refinancing Operation,Low,24.3B,18.3B,
2016-03-24,6:00am,GBP,CBI Realized Sales,Medium,12,10,
2016-03-24,7:15am,USD,FOMC Member Bullard Speaks,Low,,,
2016-03-24,7:30am,USD,Core Durable Goods Orders m/m,High,-0.2%,1.7%,
2016-03-24,7:30am,USD,Unemployment Claims,High,267K,259K,
2016-03-24,7:30am,USD,Durable Goods Orders m/m,Low,-3.0%,4.7%,
2016-03-24,8:45am,USD,Flash Services PMI,Medium,51.3,49.7,
2016-03-24,9:30am,USD,Natural Gas Storage,Medium,20B,-1B,
2016-03-24,6:30pm,JPY,Tokyo Core CPI y/y,Low,-0.2%,-0.1%,
2016-03-24,6:30pm,JPY,National Core CPI y/y,Medium,0.1%,0.0%,
2016-03-24,6:50pm,JPY,SPPI y/y,Medium,0.2%,0.3%,
2016-03-25,All Day,CHF,Bank Holiday,Low,,,
2016-03-25,All Day,EUR,German Bank Holiday,Low,,,
2016-03-25,All Day,GBP,Bank Holiday,Low,,,
2016-03-25,7:30am,USD,Final GDP q/q,High,1.0%,1.0%,
2016-03-25,7:30am,USD,Final GDP Price Index q/q,Medium,0.9%,0.9%,
2016-03-26,SatMar 26,EUR,Daylight Saving Time Shift,Low,,,
2016-03-26,SatMar 26,GBP,Daylight Saving Time Shift,Low,,,
2016-03-28,All Day,EUR,French Bank Holiday,Low,,,
2016-03-28,All Day,EUR,German Bank Holiday,Low,,,
2016-03-28,All Day,EUR,Italian Bank Holiday,Low,,,
2016-03-28,All Day,GBP,Bank Holiday,Low,,,
2016-03-28,7:30am,USD,Core PCE Price Index m/m,Low,0.2%,0.3%,
2016-03-28,7:30am,USD,Personal Spending m/m,Low,0.2%,0.1%,
2016-03-28,7:30am,USD,Goods Trade Balance,Medium,-62.3B,-62.4B,
2016-03-28,7:30am,USD,Personal Income m/m,Medium,0.1%,0.5%,
2016-03-28,9:00am,USD,Pending Home Sales m/m,Low,1.2%,-3.0%,
2016-03-28,6:30pm,JPY,Household Spending y/y,Low,-1.8%,-3.1%,
2016-03-28,6:30pm,JPY,Unemployment Rate,Medium,3.2%,3.2%,
2016-03-28,6:50pm,JPY,Retail Sales y/y,Low,1.6%,-0.2%,
2016-03-29,TueMar 29,EUR,Private Loans y/y,Medium,1.4%,1.4%,
2016-03-29,5:00am,GBP,FPC Statement,Medium,,,
2016-03-29,8:00am,USD,S&P/CS Composite-20 HPI y/y,Medium,5.7%,5.6%,
2016-03-29,9:00am,USD,CB Consumer Confidence,High,93.9,94.0,
2016-03-29,11:20am,USD,Fed Chair Yellen Speaks,High,,,
2016-03-29,3:30pm,USD,API Weekly Statistical Bulletin,Medium,,,
2016-03-29,6:50pm,JPY,Prelim Industrial Production m/m,Medium,-5.8%,3.7%,
2016-03-30,All Day,EUR,German Prelim CPI m/m,Low,0.6%,0.4%,
2016-03-30,2:00am,CHF,KOF Economic Barometer,Low,101.9,102.6,
2016-03-30,4:20am,EUR,Italian 10-y Bond Auction,Medium,,1.50|1.3,
2016-03-30,7:15am,USD,ADP Non-Farm Employment Change,High,195K,205K,
2016-03-30,9:30am,USD,Crude Oil Inventories,High,3.1M,9.4M,
2016-03-30,6:05pm,GBP,GfK Consumer Confidence,Medium,-1,0,
2016-03-31,1:00am,EUR,German Retail Sales m/m,Low,0.3%,-0.1%,
2016-03-31,1:45am,EUR,French Consumer Spending m/m,Medium,0.1%,1.0%,
2016-03-31,1:45am,EUR,French Prelim CPI m/m,Medium,0.5%,0.3%,
2016-03-31,2:00am,EUR,Spanish Flash CPI y/y,Low,-0.6%,-0.8%,
2016-03-31,2:00am,GBP,BOE Gov Carney Speaks,High,,,
2016-03-31,2:55am,EUR,German Unemployment Change,Low,-6K,-9K,
2016-03-31,3:30am,GBP,Current Account,High,-21.1B,-20.1B,
2016-03-31,3:30am,GBP,Final GDP q/q,Low,0.5%,0.5%,
2016-03-31,3:30am,GBP,Net Lending to Individuals m/m,Low,5.1B,5.4B,
2016-03-31,3:30am,GBP,Index of Services 3m/3m,Medium,0.8%,0.8%,
2016-03-31,3:30am,GBP,M4 Money Supply m/m,Medium,0.1%,0.1%,
2016-03-31,3:30am,GBP,Mortgage Approvals,Medium,74K,74K,
2016-03-31,3:30am,GBP,Revised Business Investment q/q,Medium,-2.0%,-2.1%,
2016-03-31,4:00am,EUR,Core CPI Flash Estimate y/y,Low,0.9%,0.8%,
2016-03-31,4:00am,EUR,CPI Flash Estimate y/y,Low,-0.1%,-0.2%,
2016-03-31,4:00am,EUR,Italian Prelim CPI m/m,Medium,0.1%,-0.2%,
2016-03-31,6:30am,USD,Challenger Job Cuts y/y,Medium,,21.8%,
2016-03-31,7:30am,USD,Unemployment Claims,High,266K,265K,
2016-03-31,8:45am,USD,Chicago PMI,Low,50.5,47.6,
2016-03-31,9:30am,USD,Natural Gas Storage,Medium,-20B,15B,
2016-03-31,11:30am,CHF,Gov Board Member Maechler Speaks,Low,,,
2016-03-31,4:00pm,USD,FOMC Member Dudley Speaks,Low,,,
2016-03-31,6:50pm,JPY,Tankan Manufacturing Index,Low,8,12,
2016-03-31,6:50pm,JPY,Tankan Non-Manufacturing Index,Low,24,25,
2016-03-31,9:00pm,JPY,Final Manufacturing PMI,Medium,49.1,49.1,
2016-04-01,1:00am,GBP,Nationwide HPI m/m,Medium,0.5%,0.4%,
2016-04-01,2:15am,CHF,Retail Sales y/y,Medium,0.5%,-0.1%,
2016-04-01,2:15am,EUR,Spanish Manufacturing PMI,Low,53.8,54.1,
2016-04-01,2:30am,CHF,Manufacturing PMI,Medium,51.3,51.6,
2016-04-01,2:45am,EUR,Italian Manufacturing PMI,Medium,52.6,52.2,
2016-04-01,2:50am,EUR,French Final Manufacturing PMI,Medium,49.6,49.6,
2016-04-01,2:55am,EUR,German Final Manufacturing PMI,Medium,50.4,50.4,
2016-04-01,3:00am,EUR,Final Manufacturing PMI,Medium,51.4,51.4,
2016-04-01,3:00am,EUR,Italian Monthly Unemployment Rate,Medium,11.5%,11.6%,
2016-04-01,3:30am,GBP,Final Manufacturing PMI,High,51.4,50.8,
2016-04-01,7:30am,USD,Average Hourly Earnings m/m,High,0.2%,-0.1%,
2016-04-01,7:30am,USD,Non-Farm Employment Change,High,206K,245K,
2016-04-01,7:30am,USD,Unemployment Rate,High,4.9%,4.9%,
2016-04-01,8:45am,USD,Final Manufacturing PMI,Medium,51.5,51.4,
2016-04-01,9:00am,USD,ISM Manufacturing PMI,High,50.8,49.5,
2016-04-01,9:00am,USD,Revised UoM Consumer Sentiment,Low,90.6,90.0,
2016-04-01,9:00am,USD,Construction Spending m/m,Medium,0.2%,2.1%,
2016-04-01,9:00am,USD,ISM Manufacturing Prices,Medium,44.5,38.5,
2016-04-01,9:00am,USD,Revised UoM Inflation Expectations,Medium,,2.7%,
2016-04-01,All Day,USD,Total Vehicle Sales,Medium,17.6M,17.5M,
2016-04-01,All Day,USD,Wards Total Vehicle Sales,Medium,17.5M,17.5M,
2016-04-01,11:00am,USD,FOMC Member Mester Speaks,Low,,,
2016-04-04,3:30am,EUR,Sentix Investor Confidence,Medium,6.9,5.5,
2016-04-04,3:30am,GBP,Construction PMI,High,54.3,54.2,
2016-04-04,4:00am,EUR,Unemployment Rate,Low,10.3%,10.3%,
2016-04-04,4:00am,EUR,PPI m/m,Medium,-0.5%,-1.1%,
2016-04-04,9:00am,USD,Factory Orders m/m,Low,-1.5%,1.2%,
2016-04-04,9:00am,USD,Labor Market Conditions Index m/m,Medium,,-2.5,
2016-04-04,7:00pm,JPY,Average Cash Earnings y/y,Medium,0.2%,0.0%,
2016-04-04,10:45pm,JPY,10-y Bond Auction,Medium,,-0.02|3.2,
2016-04-05,2:15am,EUR,Spanish Services PMI,Medium,54.2,54.1,
2016-04-05,2:45am,EUR,Italian Services PMI,Medium,54.3,53.8,
2016-04-05,2:50am,EUR,French Final Services PMI,Medium,51.2,51.2,
2016-04-05,2:55am,EUR,German Final Services PMI,Medium,55.5,55.5,
2016-04-05,3:00am,EUR,Final Services PMI,Medium,54.1,54.0,
2016-04-05,3:30am,GBP,Final Services PMI,High,53.9,52.7,
2016-04-05,3:30am,GBP,FPC Meeting Minutes,Medium,,,
2016-04-05,4:00am,EUR,Retail Sales m/m,Medium,0.2%,0.3%,
2016-04-05,7:30am,USD,Trade Balance,Low,-46.3B,-45.9B,
2016-04-05,8:45am,USD,Final Services PMI,Medium,51.0,51.0,
2016-04-05,9:00am,USD,ISM Services PMI,High,54.1,53.4,
2016-04-05,9:00am,USD,JOLTS Job Openings,Low,5.57M,5.60M,
2016-04-05,9:00am,USD,RCM/TIPP Economic Optimism,Medium,47.7,46.8,
2016-04-05,3:30pm,USD,API Weekly Statistical Bulletin,Medium,,,
2016-04-05,6:01pm,GBP,BRC Shop Price Index y/y,Medium,,-2.0%,
2016-04-06,1:00am,EUR,German Industrial Production m/m,Medium,-1.8%,2.3%,
2016-04-06,3:10am,EUR,Retail PMI,Medium,,50.1,
2016-04-06,3:30am,GBP,Housing Equity Withdrawal q/q,Medium,-9.2B,-9.7B,
2016-04-06,9:30am,USD,Crude Oil Inventories,High,3.1M,2.3M,
2016-04-06,11:20am,USD,FOMC Member Mester Speaks,Low,,,
2016-04-06,1:00pm,USD,FOMC Meeting Minutes,High,,,
2016-04-06,5:30pm,USD,FOMC Member Bullard Speaks,Low,,,
2016-04-06,7:30pm,JPY,BOJ Gov Kuroda Speaks,High,,,
2016-04-07,2:00am,CHF,Foreign Currency Reserves,Low,,571B,
2016-04-07,2:30am,GBP,Halifax HPI m/m,Low,0.8%,-1.5%,
2016-04-07,3:46am,EUR,Spanish 10-y Bond Auction,Medium,,1.48|2.0,
2016-04-07,3:59am,EUR,French 10-y Bond Auction,Medium,,0.63|1.6,
2016-04-07,4:33am,GBP,10-y Bond Auction,Medium,,1.88|1.6,
2016-04-07,6:30am,EUR,ECB Monetary Policy Meeting Accounts,Low,,,
2016-04-07,7:30am,USD,Unemployment Claims,High,271K,276K,
2016-04-07,9:00am,EUR,ECB President Draghi Speaks,High,,,
2016-04-07,9:30am,USD,Natural Gas Storage,Medium,7B,-25B,
2016-04-07,2:00pm,USD,Consumer Credit m/m,Medium,15.0B,14.9B,
2016-04-07,4:30pm,USD,Fed Chair Yellen Speaks,High,,,
2016-04-07,6:50pm,JPY,Current Account,Low,1.57T,1.49T,
2016-04-07,7:15pm,USD,FOMC Member George Speaks,Low,,,
2016-04-08,12:45am,CHF,Unemployment Rate,Medium,3.5%,3.4%,
2016-04-08,1:00am,EUR,German Trade Balance,Medium,19.2B,18.7B,
2016-04-08,1:00am,JPY,Economy Watchers Sentiment,Medium,46.5,44.6,
2016-04-08,1:45am,EUR,French Gov Budget Balance,Medium,,-9.2B,
2016-04-08,1:45am,EUR,French Industrial Production m/m,Medium,-0.3%,1.0%,
2016-04-08,2:15am,CHF,CPI m/m,Medium,0.3%,0.2%,
2016-04-08,3:30am,GBP,Manufacturing Production m/m,High,-0.2%,0.5%,
2016-04-08,3:30am,GBP,Goods Trade Balance,Low,-10.3B,-12.2B,
2016-04-08,3:30am,GBP,Industrial Production m/m,Medium,0.1%,0.2%,
2016-04-08,7:30am,USD,FOMC Member Dudley Speaks,Low,,,
2016-04-08,9:00am,GBP,NIESR GDP Estimate,Medium,,0.2%,
2016-04-08,9:00am,USD,Final Wholesale Inventories m/m,Medium,-0.2%,-0.2%,
2016-04-11,3:00am,EUR,Italian Industrial Production m/m,Medium,-0.8%,1.7%,
2016-04-11,7:30am,USD,Treasury Sec Lew Speaks,Low,,,
2016-04-11,8:25am,USD,FOMC Member Dudley Speaks,Low,,,
2016-04-11,6:01pm,GBP,BRC Retail Sales Monitor y/y,Medium,,0.1%,
2016-04-11,6:50pm,JPY,Bank Lending y/y,Medium,,2.2%,
2016-04-12,TueApr 12,EUR,German WPI m/m,Medium,0.3%,-0.5%,
2016-04-12,TueApr 12,JPY,Prelim Machine Tool Orders y/y,Medium,,-22.5%,
2016-04-12,3:30am,GBP,CPI y/y,High,0.3%,0.3%,
2016-04-12,3:30am,GBP,PPI Input m/m,Low,2.4%,0.1%,
2016-04-12,3:30am,GBP,RPI y/y,Low,1.4%,1.3%,
2016-04-12,3:30am,GBP,Core CPI y/y,Medium,1.3%,1.2%,
2016-04-12,3:30am,GBP,ONS HPI y/y,Medium,8.1%,7.9%,
2016-04-12,3:30am,GBP,PPI Output m/m,Medium,0.3%,0.1%,
2016-04-12,5:00am,USD,NFIB Small Business Index,Medium,93.9,92.9,
2016-04-12,7:30am,USD,Import Prices m/m,Low,1.0%,-0.4%,
2016-04-12,1:00pm,USD,Federal Budget Balance,Medium,-106.5B,-192.6B,
2016-04-12,3:30pm,USD,API Weekly Statistical Bulletin,Medium,,,
2016-04-12,6:50pm,JPY,M2 Money Stock y/y,Medium,3.1%,3.2%,
2016-04-12,6:50pm,JPY,PPI y/y,Medium,-3.5%,-3.4%,
2016-04-13,3:30am,GBP,BOE Credit Conditions Survey,Low,,,
2016-04-13,4:00am,EUR,Industrial Production m/m,Medium,-0.6%,1.9%,
2016-04-13,4:35am,GBP,30-y Bond Auction,Medium,,2.21|2.1,
2016-04-13,7:30am,USD,Core Retail Sales m/m,High,0.4%,0.0%,
2016-04-13,7:30am,USD,PPI m/m,High,0.3%,-0.2%,
2016-04-13,7:30am,USD,Retail Sales m/m,High,0.1%,0.0%,
2016-04-13,7:30am,USD,Core PPI m/m,Low,0.1%,0.0%,
2016-04-13,8:33am,GBP,CB Leading Index m/m,Medium,,0.2%,
2016-04-13,9:00am,USD,Business Inventories m/m,Medium,0.1%,-0.1%,
2016-04-13,9:30am,USD,Crude Oil Inventories,High,0.9M,-4.9M,
2016-04-13,12:01pm,USD,10-y Bond Auction,Medium,,1.90|2.5,
2016-04-13,1:00pm,USD,Beige Book,Medium,,,
2016-04-13,6:01pm,GBP,RICS House Price Balance,Medium,50%,50%,
2016-04-13,10:45pm,JPY,30-y Bond Auction,Medium,,0.77|4.2,
2016-04-14,4:00am,EUR,Final CPI y/y,Low,-0.1%,-0.1%,
2016-04-14,4:00am,EUR,Final Core CPI y/y,Medium,1.0%,1.0%,
2016-04-14,6:00am,GBP,Monetary Policy Summary,High,,,
2016-04-14,6:00am,GBP,MPC Official Bank Rate Votes,High,0-0-9,0-0-9,
2016-04-14,6:00am,GBP,Official Bank Rate,High,0.50%,0.50%,
2016-04-14,6:00am,GBP,Asset Purchase Facility,Low,375B,375B,
2016-04-14,6:00am,GBP,MPC Asset Purchase Facility Votes,Low,0-0-9,0-0-9,
2016-04-14,7:30am,USD,Core CPI m/m,High,0.2%,0.3%,
2016-04-14,7:30am,USD,CPI m/m,High,0.2%,-0.2%,
2016-04-14,7:30am,USD,CPI y/y,High,1.1%,1.0%,
2016-04-14,7:30am,USD,Unemployment Claims,High,270K,266K,
2016-04-14,9:00am,USD,FOMC Member Powell Speaks,Low,,,
2016-04-14,9:30am,USD,Natural Gas Storage,Medium,1B,12B,
2016-04-14,12:01pm,USD,30-y Bond Auction,Medium,,2.72|2.3,
2016-04-14,3:00pm,GBP,MPC Member Shafik Speaks,Low,,,
2016-04-14,11:34pm,JPY,Revised Industrial Production m/m,Medium,-6.2%,-6.2%,
2016-04-15,3:30am,GBP,Construction Output m/m,Medium,0.0%,-0.4%,
2016-04-15,4:00am,EUR,Trade Balance,Medium,21.9B,22.8B,
2016-04-15,7:25am,USD,Empire State Manufacturing Index,Low,2.1,0.6,
2016-04-15,8:15am,USD,Capacity Utilization Rate,Low,75.4%,76.7%,
2016-04-15,8:15am,USD,Industrial Production m/m,Low,-0.1%,-0.5%,
2016-04-15,9:00am,USD,Prelim UoM Consumer Sentiment,High,91.9,91.0,
2016-04-15,9:00am,USD,Prelim UoM Inflation Expectations,Medium,,2.7%,
2016-04-15,3:00pm,USD,TIC Long-Term Purchases,Medium,32.2B,-11.9B,
2016-04-17,6:01pm,GBP,Rightmove HPI m/m,Medium,,1.3%,
2016-04-18,7:30am,USD,FOMC Member Dudley Speaks,Low,,,
2016-04-18,8:21am,USD,NAHB Housing Market Index,Medium,59,58,
2016-04-19,4:00am,EUR,German ZEW Economic Sentiment,High,8.2,4.3,
2016-04-19,4:00am,EUR,ZEW Economic Sentiment,Low,13.9,10.6,
2016-04-19,7:30am,USD,Building Permits,High,1.20M,1.18M,
2016-04-19,7:30am,USD,Housing Starts,Low,1.17M,1.19M,
2016-04-19,9:35am,GBP,BOE Gov Carney Speaks,High,,,
2016-04-19,3:30pm,USD,API Weekly Statistical Bulletin,Medium,,,
2016-04-19,6:50pm,JPY,Trade Balance,Medium,0.45T,0.15T,
2016-04-20,3:30am,GBP,Average Earnings Index 3m/y,High,2.1%,2.1%,
2016-04-20,3:30am,GBP,Claimant Count Change,High,-11.9K,-9.3K,
2016-04-20,3:30am,GBP,Unemployment Rate,Low,5.1%,5.1%,
2016-04-20,4:00am,CHF,UBS Economic Expectations,Medium,,2.5,
2016-04-20,4:33am,EUR,German 10-y Bond Auction,Medium,,0.30|1.4,
2016-04-20,5:00am,EUR,ECB President Draghi Speaks,High,,,
2016-04-20,8:00am,GBP,MPC Member McCafferty Speaks,Low,,,
2016-04-20,9:00am,USD,Existing Home Sales,Low,5.29M,5.07M,
2016-04-20,9:30am,USD,Crude Oil Inventories,High,2.2M,6.6M,
2016-04-21,3:30am,GBP,Retail Sales m/m,High,-0.1%,-0.5%,
2016-04-21,3:30am,GBP,Public Sector Net Borrowing,Low,5.6B,6.3B,
2016-04-21,3:44am,EUR,Spanish 10-y Bond Auction,Medium,,1.50|1.5,
2016-04-21,6:45am,EUR,Main Refinancing Rate,High,0.00%,0.00%,
2016-04-21,6:45am,EUR,Monetary Policy Statement,High,,,
2016-04-21,7:30am,EUR,ECB Press Conference,High,,,
2016-04-21,7:30am,USD,Philly Fed Manufacturing Index,High,8.1,12.4,
2016-04-21,7:30am,USD,Unemployment Claims,High,265K,253K,
2016-04-21,8:00am,USD,HPI m/m,Medium,0.4%,0.4%,
2016-04-21,9:00am,EUR,Consumer Confidence,Medium,-9,-10,
2016-04-21,9:00am,GBP,BOE Gov Carney Speaks,High,,,
2016-04-21,9:00am,USD,CB Leading Index m/m,Medium,0.4%,-0.1%,
2016-04-21,9:30am,USD,Natural Gas Storage,Medium,6B,-3B,
2016-04-21,9:00pm,JPY,Flash Manufacturing PMI,Medium,49.6,49.1,
2016-04-21,11:30pm,JPY,Tertiary Industry Activity m/m,Medium,-0.4%,0.7%,
2016-04-22,FriApr 22,EUR,French Flash Services PMI,Low,50.2,49.9,
2016-04-22,2:30am,EUR,German Flash Manufacturing PMI,Low,51.0,50.7,
2016-04-22,2:30am,EUR,German Flash Services PMI,Low,55.1,55.1,
2016-04-22,3:00am,EUR,Flash Manufacturing PMI,Low,51.8,51.6,
2016-04-22,3:00am,EUR,Flash Services PMI,Low,53.3,53.1,
2016-04-22,4:00am,EUR,Italian Retail Sales m/m,Medium,0.2%,0.0%,
2016-04-22,Day 1,EUR,ECOFIN Meetings,Low,,,
2016-04-22,All Day,EUR,Eurogroup Meetings,Low,,,
2016-04-22,8:45am,USD,Flash Manufacturing PMI,Medium,51.9,51.5,
2016-04-24,6:50pm,JPY,SPPI y/y,Medium,0.2%,0.2%,
2016-04-25,3:00am,EUR,German ifo Business Climate,High,107.1,106.7,
2016-04-25,5:00am,GBP,CBI Industrial Order Expectations,Medium,-17,-14,
2016-04-25,8:00am,EUR,Belgian NBB Business Climate,Medium,-4.0,-4.2,
2016-04-25,9:00am,USD,New Home Sales,Low,521K,519K,
2016-04-26,7:30am,USD,Core Durable Goods Orders m/m,High,0.6%,-1.3%,
2016-04-26,7:30am,USD,Durable Goods Orders m/m,Low,1.9%,-3.0%,
2016-04-26,8:00am,USD,S&P/CS Composite-20 HPI y/y,Medium,5.5%,5.7%,
2016-04-26,8:45am,USD,Flash Services PMI,Medium,52.3,51.3,
2016-04-26,9:00am,USD,CB Consumer Confidence,High,95.8,96.1,
2016-04-26,9:00am,USD,Richmond Manufacturing Index,Medium,11,22,
2016-04-26,12:00pm,GBP,MPC Member Cunliffe Speaks,Low,,,
2016-04-26,3:30pm,USD,API Weekly Statistical Bulletin,Medium,,,
2016-04-26,11:30pm,JPY,All Industries Activity m/m,Medium,-1.3%,1.2%,
2016-04-27,WedApr 27,EUR,German GfK Consumer Climate,Medium,9.5,9.4,
2016-04-27,WedApr 27,EUR,German Import Prices m/m,Medium,0.3%,-0.6%,
2016-04-27,3:00am,EUR,M3 Money Supply y/y,Low,5.0%,4.9%,
2016-04-27,3:00am,EUR,Private Loans y/y,Medium,1.7%,1.6%,
2016-04-27,3:30am,GBP,Prelim GDP q/q,High,0.4%,0.6%,
2016-04-27,3:30am,GBP,Index of Services 3m/3m,Medium,0.2%,0.9%,
2016-04-27,4:34am,EUR,German 30-y Bond Auction,Medium,,0.94|1.2,
2016-04-27,5:00am,GBP,CBI Realized Sales,Medium,15,7,
2016-04-27,7:30am,USD,Goods Trade Balance,Medium,-62.5B,-62.9B,
2016-04-27,9:00am,USD,Pending Home Sales m/m,Low,0.3%,3.4%,
2016-04-27,9:30am,USD,Crude Oil Inventories,High,1.4M,2.1M,
2016-04-27,1:00pm,USD,Federal Funds Rate,High,0.50%,0.50%,
2016-04-27,1:00pm,USD,FOMC Statement,High,,,
2016-04-27,6:30pm,JPY,Household Spending y/y,Low,-4.0%,1.2%,
2016-04-27,6:30pm,JPY,Tokyo Core CPI y/y,Low,-0.3%,-0.3%,
2016-04-27,6:30pm,JPY,National Core CPI y/y,Medium,-0.2%,0.0%,
2016-04-27,6:30pm,JPY,Unemployment Rate,Medium,3.3%,3.3%,
2016-04-27,6:50pm,JPY,Retail Sales y/y,Low,-1.4%,0.4%,
2016-04-27,6:50pm,JPY,Prelim Industrial Production m/m,Medium,2.9%,-5.2%,
2016-04-27,10:00pm,JPY,BOJ Policy Rate,High,,-0.10%,
2016-04-27,10:00pm,JPY,Monetary Policy Statement,High,,,
2016-04-28,ThuApr 28,JPY,BOJ Core CPI y/y,Medium,1.2%,1.1%,
2016-04-28,ThuApr 28,JPY,Housing Starts y/y,Medium,-0.5%,7.8%,
2016-04-28,1:00am,GBP,Nationwide HPI m/m,Medium,0.4%,0.7%,
2016-04-28,All Day,EUR,German Prelim CPI m/m,Low,-0.2%,0.8%,
2016-04-28,1:30am,JPY,BOJ Press Conference,High,,,
2016-04-28,2:00am,EUR,Spanish Flash CPI y/y,Low,-0.7%,-0.8%,
2016-04-28,2:00am,EUR,Spanish Unemployment Rate,Low,20.9%,20.9%,
2016-04-28,2:55am,EUR,German Unemployment Change,Low,1K,-2K,
2016-04-28,4:19am,EUR,Italian 10-y Bond Auction,Medium,,1.24|1.4,
2016-04-28,7:30am,USD,Advance GDP q/q,High,0.7%,1.4%,
2016-04-28,7:30am,USD,Unemployment Claims,High,258K,248K,
2016-04-28,7:30am,USD,Advance GDP Price Index q/q,Low,0.5%,0.9%,
2016-04-28,9:30am,USD,Natural Gas Storage,Medium,71B,7B,
2016-04-28,5:49pm,GBP,GfK Consumer Confidence,Medium,-1,0,
2016-04-28,All Day,JPY,Bank Holiday,Low,,,
2016-04-29,1:00am,EUR,German Retail Sales m/m,Low,0.3%,0.0%,
2016-04-29,1:45am,EUR,French Consumer Spending m/m,Medium,-0.1%,0.5%,
2016-04-29,1:45am,EUR,French Prelim CPI m/m,Medium,0.1%,0.7%,
2016-04-29,2:00am,CHF,KOF Economic Barometer,Low,102.9,102.8,
2016-04-29,2:00am,EUR,Spanish Flash GDP q/q,Low,0.7%,0.8%,
2016-04-29,3:00am,CHF,SNB Chairman Jordan Speaks,High,,,
2016-04-29,3:00am,EUR,Italian Monthly Unemployment Rate,Medium,11.6%,11.6%,
2016-04-29,3:30am,GBP,Net Lending to Individuals m/m,Low,5.0B,5.0B,
2016-04-29,3:30am,GBP,M4 Money Supply m/m,Medium,0.3%,0.9%,
2016-04-29,3:30am,GBP,Mortgage Approvals,Medium,74K,73K,
2016-04-29,4:00am,EUR,Core CPI Flash Estimate y/y,Low,0.9%,1.0%,
2016-04-29,4:00am,EUR,CPI Flash Estimate y/y,Low,-0.1%,0.0%,
2016-04-29,4:00am,EUR,Prelim Flash GDP q/q,Low,0.4%,0.3%,
2016-04-29,4:00am,EUR,Italian Prelim CPI m/m,Medium,0.2%,0.2%,
2016-04-29,4:00am,EUR,Unemployment Rate,Medium,10.3%,10.4%,
2016-04-29,7:00am,GBP,MPC Member Cunliffe Speaks,Low,,,
2016-04-29,7:30am,USD,Core PCE Price Index m/m,Low,0.1%,0.2%,
2016-04-29,7:30am,USD,Employment Cost Index q/q,Low,0.6%,0.6%,
2016-04-29,7:30am,USD,Personal Spending m/m,Low,0.2%,0.2%,
2016-04-29,7:30am,USD,Personal Income m/m,Medium,0.3%,0.1%,
2016-04-29,8:45am,USD,Chicago PMI,Low,53.1,53.6,
2016-04-29,9:00am,USD,Revised UoM Consumer Sentiment,Low,90.3,89.7,
2016-04-29,9:00am,USD,Revised UoM Inflation Expectations,Medium,,2.7%,
2016-04-29,3:00pm,USD,Treasury Currency Report,Low,,,
2016-05-01,9:00pm,JPY,Final Manufacturing PMI,Medium,48.0,48.0,
2016-05-02,All Day,GBP,Bank Holiday,Low,,,
2016-05-02,2:15am,CHF,Retail Sales y/y,Medium,0.3%,-0.4%,
2016-05-02,2:15am,EUR,Spanish Manufacturing PMI,Low,53.0,53.4,
2016-05-02,2:30am,CHF,Manufacturing PMI,Medium,53.6,53.2,
2016-05-02,2:45am,EUR,Italian Manufacturing PMI,Medium,54.1,53.5,
2016-05-02,2:50am,EUR,French Final Manufacturing PMI,Medium,48.3,48.3,
2016-05-02,2:55am,EUR,German Final Manufacturing PMI,Medium,51.9,51.9,
2016-05-02,3:00am,EUR,Final Manufacturing PMI,Medium,51.5,51.5,
2016-05-02,4:30am,EUR,German Buba President Weidmann Speaks,Low,,,
2016-05-02,8:45am,USD,Final Manufacturing PMI,Medium,51.0,50.8,
2016-05-02,9:00am,EUR,ECB President Draghi Speaks,High,,,
2016-05-02,9:00am,USD,ISM Manufacturing PMI,High,51.6,51.8,
2016-05-02,9:00am,USD,Construction Spending m/m,Medium,0.5%,1.0%,
2016-05-02,9:00am,USD,ISM Manufacturing Prices,Medium,51.0,51.5,
2016-05-02,11:30am,CHF,SNB Chairman Jordan Speaks,High,,,
2016-05-02,1:00pm,USD,Loan Officer Survey,Medium,,,
2016-05-02,All Day,JPY,Bank Holiday,Low,,,
2016-05-03,3:30am,GBP,Final Manufacturing PMI,High,51.3,50.7,
2016-05-03,4:00am,EUR,EU Economic Forecasts,Low,,,
2016-05-03,4:00am,EUR,PPI m/m,Medium,0.1%,-0.7%,
2016-05-03,9:00am,USD,RCM/TIPP Economic Optimism,Medium,46.6,46.3,
2016-05-03,All Day,USD,Wards Total Vehicle Sales,Medium,17.4M,16.8M,
2016-05-03,9:30am,USD,FOMC Member Mester Speaks,Low,,,
2016-05-03,All Day,USD,Total Vehicle Sales,Medium,17.3M,16.6M,
2016-05-03,3:30pm,USD,API Weekly Statistical Bulletin,Medium,,,
2016-05-03,6:01pm,GBP,BRC Shop Price Index y/y,Medium,,-1.7%,
2016-05-03,All Day,JPY,Bank Holiday,Low,,,
2016-05-04,2:00am,EUR,Spanish Unemployment Change,Low,-86.6K,-58.2K,
2016-05-04,2:15am,EUR,Spanish Services PMI,Medium,55.1,55.3,
2016-05-04,2:45am,EUR,Italian Services PMI,Medium,51.3,51.2,
2016-05-04,2:50am,EUR,French Final Services PMI,Medium,50.8,50.8,
2016-05-04,2:55am,EUR,German Final Services PMI,Medium,50.5,54.6,
2016-05-04,3:00am,EUR,Final Services PMI,Medium,53.3,53.2,
2016-05-04,3:30am,GBP,Construction PMI,High,54.1,54.2,
2016-05-04,3:57am,EUR,French 10-y Bond Auction,Medium,,0.43|1.7,
2016-05-04,4:00am,EUR,Retail Sales m/m,Medium,0.1%,0.3%,
2016-05-04,5:15am,EUR,German Buba President Weidmann Speaks,Low,,,
2016-05-04,7:15am,USD,ADP Non-Farm Employment Change,High,205K,194K,
2016-05-04,7:30am,USD,Prelim Nonfarm Productivity q/q,Low,-1.3%,-2.2%,
2016-05-04,7:30am,USD,Prelim Unit Labor Costs q/q,Low,2.9%,3.3%,
2016-05-04,7:30am,USD,Trade Balance,Low,-45.6B,-47.0B,
2016-05-04,8:45am,USD,Final Services PMI,Medium,52.1,52.1,
2016-05-04,9:00am,USD,ISM Services PMI,High,54.9,54.5,
2016-05-04,9:00am,USD,Factory Orders m/m,Low,0.7%,-1.9%,
2016-05-04,9:30am,USD,Crude Oil Inventories,High,0.6M,2.0M,
2016-05-04,All Day,JPY,Bank Holiday,Low,,,
2016-05-05,All Day,EUR,French Bank Holiday,Low,,,
2016-05-05,All Day,EUR,German Bank Holiday,Low,,,
2016-05-05,3:00am,EUR,ECB Economic Bulletin,Medium,,,
2016-05-05,3:30am,GBP,Final Services PMI,High,53.6,53.7,
2016-05-05,3:50am,EUR,Spanish 10-y Bond Auction,Medium,,1.61|1.5,
2016-05-05,4:33am,GBP,10-y Bond Auction,Medium,,1.51|2.0,
2016-05-05,6:30am,USD,Challenger Job Cuts y/y,Medium,,31.7%,
2016-05-05,7:30am,USD,Unemployment Claims,High,261K,257K,
2016-05-05,9:30am,USD,Natural Gas Storage,Medium,69B,73B,
2016-05-05,10:30am,USD,FOMC Member Bullard Speaks,Low,,,
2016-05-05,6:15pm,USD,FOMC Member Bullard Speaks,Low,,,
2016-05-05,6:50pm,JPY,Monetary Base y/y,Medium,29.3%,28.5%,
2016-05-06,3:10am,EUR,Retail PMI,Medium,,49.2,
2016-05-06,7:30am,USD,Average Hourly Earnings m/m,High,0.3%,0.2%,
2016-05-06,7:30am,USD,Non-Farm Employment Change,High,203K,208K,
2016-05-06,7:30am,USD,Unemployment Rate,High,5.0%,5.0%,
2016-05-06,2:00pm,USD,Consumer Credit m/m,Medium,16.1B,14.1B,
2016-05-08,7:00pm,JPY,Average Cash Earnings y/y,Medium,0.6%,0.7%,
2016-05-09,1:00am,EUR,German Factory Orders m/m,Low,0.7%,-0.8%,
2016-05-09,2:15am,CHF,CPI m/m,Medium,0.2%,0.3%,
2016-05-09,2:30am,GBP,Halifax HPI m/m,Low,0.1%,2.2%,
2016-05-09,3:30am,EUR,Sentix Investor Confidence,Medium,6.1,5.7,
2016-05-09,All Day,EUR,Eurogroup Meetings,High,,,
2016-05-09,9:00am,USD,Labor Market Conditions Index m/m,Medium,,-2.1,
2016-05-09,6:01pm,GBP,BRC Retail Sales Monitor y/y,Medium,,-0.7%,
2016-05-09,10:45pm,JPY,10-y Bond Auction,Medium,,-0.07|3.9,
2016-05-10,1:00am,EUR,German Industrial Production m/m,Medium,-0.2%,-0.7%,
2016-05-10,1:00am,EUR,German Trade Balance,Medium,20.4B,20.0B,
2016-05-10,1:45am,EUR,French Gov Budget Balance,Medium,,-25.6B,
2016-05-10,1:45am,EUR,French Industrial Production m/m,Medium,0.6%,-1.3%,
2016-05-10,2:15am,USD,FOMC Member Dudley Speaks,Low,,,
2016-05-10,3:00am,EUR,Italian Industrial Production m/m,Medium,0.3%,-0.7%,
2016-05-10,3:30am,GBP,Goods Trade Balance,Low,-11.2B,-11.4B,
2016-05-10,5:00am,USD,NFIB Small Business Index,Medium,93.2,92.6,
2016-05-10,9:00am,USD,JOLTS Job Openings,Low,5.55M,5.61M,
2016-05-10,9:00am,USD,Final Wholesale Inventories m/m,Medium,0.2%,-0.6%,
2016-05-10,3:30pm,USD,API Weekly Statistical Bulletin,Medium,,,
2016-05-11,3:30am,GBP,Manufacturing Production m/m,High,0.4%,-0.9%,
2016-05-11,3:30am,GBP,Industrial Production m/m,Medium,0.7%,-0.2%,
2016-05-11,9:00am,GBP,NIESR GDP Estimate,Medium,,0.4%,
2016-05-11,9:30am,USD,Crude Oil Inventories,High,0.1M,2.8M,
2016-05-11,12:01pm,USD,10-y Bond Auction,Medium,,1.77|2.7,
2016-05-11,1:00pm,USD,Federal Budget Balance,Medium,116.2B,-108.0B,
2016-05-11,6:01pm,GBP,RICS House Price Balance,Medium,38%,42%,
2016-05-11,6:50pm,JPY,Current Account,Low,1.90T,1.69T,
2016-05-11,6:50pm,JPY,Bank Lending y/y,Medium,,2.0%,
2016-05-11,6:50pm,JPY,BOJ Summary of Opinions,Medium,,,
2016-05-11,10:45pm,JPY,30-y Bond Auction,Medium,,0.39|3.4,
2016-05-12,1:00am,EUR,German WPI m/m,Medium,0.2%,0.3%,
2016-05-12,1:45am,EUR,French Final CPI m/m,Medium,0.1%,0.1%,
2016-05-12,4:00am,EUR,Industrial Production m/m,Medium,0.1%,-1.2%,
2016-05-12,6:00am,GBP,BOE Monetary Policy Report,High,,,
2016-05-12,6:00am,GBP,Monetary Policy Summary,High,,,
2016-05-12,6:00am,GBP,MPC Official Bank Rate Votes,High,0-0-9,0-0-9,
2016-05-12,6:00am,GBP,Official Bank Rate,High,0.50%,0.50%,
2016-05-12,6:00am,GBP,Asset Purchase Facility,Low,375B,375B,
2016-05-12,6:00am,GBP,MPC Asset Purchase Facility Votes,Low,0-0-9,0-0-9,
2016-05-12,6:30am,GBP,BOE Gov Carney Speaks,High,,,
2016-05-12,7:30am,USD,Unemployment Claims,High,277K,274K,
2016-05-12,7:30am,USD,Import Prices m/m,Low,0.6%,0.3%,
2016-05-12,9:00am,USD,Mortgage Delinquencies,Low,,4.77%,
2016-05-12,9:30am,USD,Natural Gas Storage,Medium,60B,68B,
2016-05-12,10:00am,USD,FOMC Member Mester Speaks,Low,,,
2016-05-12,10:45am,USD,FOMC Member Rosengren Speaks,Low,,,
2016-05-12,12:01pm,USD,30-y Bond Auction,Medium,,2.60|2.4,
2016-05-12,1:15pm,USD,FOMC Member George Speaks,Low,,,
2016-05-12,6:50pm,JPY,M2 Money Stock y/y,Medium,3.2%,3.2%,
2016-05-12,11:30pm,JPY,Tertiary Industry Activity m/m,Medium,-0.2%,0.2%,
2016-05-13,FriMay 13,EUR,German Final CPI m/m,Medium,-0.2%,-0.2%,
2016-05-13,1:45am,EUR,French Prelim Private Payrolls q/q,Medium,0.2%,0.2%,
2016-05-13,3:00am,EUR,Italian Prelim GDP q/q,Medium,0.3%,0.2%,
2016-05-13,3:30am,GBP,Construction Output m/m,Medium,-2.8%,-0.9%,
2016-05-13,4:00am,EUR,Flash GDP q/q,Low,0.6%,0.6%,
2016-05-13,4:00am,GBP,MPC Member Haldane Speaks,Low,,,
2016-05-13,7:30am,GBP,MPC Member Weale Speaks,Low,,,
2016-05-13,7:30am,USD,Core Retail Sales m/m,High,0.6%,0.4%,
2016-05-13,7:30am,USD,PPI m/m,High,0.3%,-0.1%,
2016-05-13,7:30am,USD,Retail Sales m/m,High,-0.3%,-0.3%,
2016-05-13,7:30am,USD,Core PPI m/m,Low,0.1%,-0.1%,
2016-05-13,9:00am,USD,Prelim UoM Consumer Sentiment,High,89.9,89.0,
2016-05-13,9:00am,USD,Business Inventories m/m,Medium,0.2%,-0.1%,
2016-05-13,9:00am,USD,Revised UoM Inflation Expectations,Medium,,2.7%,
2016-05-15,6:01pm,GBP,Rightmove HPI m/m,Medium,,1.3%,
2016-05-15,6:50pm,JPY,PPI y/y,Medium,-3.7%,-3.8%,
2016-05-16,All Day,CHF,Bank Holiday,Low,,,
2016-05-16,All Day,EUR,French Bank Holiday,Low,,,
2016-05-16,All Day,EUR,German Bank Holiday,Low,,,
2016-05-16,7:30am,USD,Empire State Manufacturing Index,Low,7.2,9.6,
2016-05-16,9:00am,USD,NAHB Housing Market Index,Medium,59,58,
2016-05-16,3:00pm,USD,TIC Long-Term Purchases,Medium,36.5B,72.6B,
2016-05-16,11:30pm,JPY,Revised Industrial Production m/m,Medium,3.6%,3.6%,
2016-05-17,3:03am,EUR,Italian Trade Balance,Medium,4.21B,3.86B,
2016-05-17,3:30am,GBP,CPI y/y,High,0.5%,0.5%,
2016-05-17,3:30am,GBP,PPI Input m/m,Low,1.1%,2.2%,
2016-05-17,3:30am,GBP,RPI y/y,Low,1.6%,1.6%,
2016-05-17,3:30am,GBP,Core CPI y/y,Medium,1.5%,1.5%,
2016-05-17,3:30am,GBP,ONS HPI y/y,Medium,7.9%,7.6%,
2016-05-17,3:30am,GBP,PPI Output m/m,Medium,0.2%,0.3%,
2016-05-17,4:00am,EUR,Trade Balance,Medium,23.1B,20.6B,
2016-05-17,5:00am,EUR,German Buba Monthly Report,Medium,,,
2016-05-17,7:30am,USD,Building Permits,High,1.13M,1.08M,
2016-05-17,7:30am,USD,Core CPI m/m,High,0.2%,0.1%,
2016-05-17,7:30am,USD,CPI m/m,High,0.3%,0.1%,
2016-05-17,7:30am,USD,CPI y/y,High,1.0%,0.9%,
2016-05-17,7:30am,USD,Housing Starts,Low,1.12M,1.10M,
2016-05-17,8:15am,USD,Capacity Utilization Rate,Low,75.1%,74.9%,
2016-05-17,8:15am,USD,Industrial Production m/m,Low,0.3%,-0.9%,
2016-05-17,3:30pm,USD,API Weekly Statistical Bulletin,Medium,,,
2016-05-17,6:50pm,JPY,Prelim GDP q/q,Low,0.1%,-0.3%,
2016-05-17,6:50pm,JPY,Prelim GDP Price Index y/y,Medium,1.0%,1.5%,
2016-05-18,WedMay 18,GBP,Claimant Count Change,High,4.0K,14.7K,
2016-05-18,WedMay 18,GBP,Unemployment Rate,Low,5.1%,5.1%,
2016-05-18,4:00am,EUR,Final CPI y/y,Low,-0.2%,-0.2%,
2016-05-18,4:00am,EUR,Final Core CPI y/y,Medium,0.7%,0.8%,
2016-05-18,4:34am,EUR,German 10-y Bond Auction,Medium,,0.15|1.4,
2016-05-18,8:30am,GBP,CB Leading Index m/m,Medium,,0.1%,
2016-05-18,9:30am,USD,Crude Oil Inventories,High,-3.1M,-3.4M,
2016-05-18,1:00pm,USD,FOMC Meeting Minutes,High,,,
2016-05-18,2:00pm,GBP,MPC Member Haldane Speaks,Low,,,
2016-05-18,6:50pm,JPY,Core Machinery Orders m/m,Medium,-1.9%,-9.2%,
2016-05-19,6:30am,EUR,ECB Monetary Policy Meeting Accounts,Low,,,
2016-05-19,7:30am,USD,Philly Fed Manufacturing Index,High,3.2,-1.6,
2016-05-19,7:30am,USD,Unemployment Claims,High,276K,294K,
2016-05-19,8:15am,USD,FOMC Member Fischer Speaks,Low,,,
2016-05-19,9:00am,USD,CB Leading Index m/m,Medium,0.4%,0.0%,
2016-05-19,9:30am,USD,FOMC Member Dudley Speaks,Low,,,
2016-05-19,9:30am,USD,Natural Gas Storage,Medium,75B,56B,
2016-05-19,12:00pm,GBP,MPC Member Vlieghe Speaks,Low,,,
2016-05-20,3:00am,EUR,Current Account,Medium,19.6B,19.2B,
2016-05-20,5:00am,GBP,CBI Industrial Order Expectations,Medium,-13,-11,
2016-05-20,8:00am,USD,FOMC Member Tarullo Speaks,Medium,,,
2016-05-20,9:00am,USD,Existing Home Sales,Low,5.40M,5.36M,
2016-05-22,9:00pm,JPY,Flash Manufacturing PMI,Medium,48.3,48.2,
2016-05-22,11:30pm,JPY,All Industries Activity m/m,Medium,0.7%,-0.9%,
2016-05-23,MonMay 23,EUR,French Flash Services PMI,Low,50.8,50.6,
2016-05-23,2:30am,EUR,German Flash Manufacturing PMI,Low,52.1,51.8,
2016-05-23,2:30am,EUR,German Flash Services PMI,Low,54.6,54.5,
2016-05-23,3:00am,EUR,Flash Manufacturing PMI,Low,51.9,51.7,
2016-05-23,3:00am,EUR,Flash Services PMI,Low,53.3,53.1,
2016-05-23,5:15am,USD,FOMC Member Bullard Speaks,Low,,,
2016-05-23,8:45am,USD,Flash Manufacturing PMI,Medium,51.0,50.8,
2016-05-23,9:00am,EUR,Consumer Confidence,Medium,-9,-9,
2016-05-24,TueMay 24,EUR,German Final GDP q/q,Medium,0.7%,0.7%,
2016-05-24,3:30am,GBP,Public Sector Net Borrowing,Low,6.3B,6.1B,
2016-05-24,4:00am,EUR,German ZEW Economic Sentiment,High,12.1,11.2,
2016-05-24,4:00am,EUR,ZEW Economic Sentiment,Low,23.4,21.5,
2016-05-24,4:00am,GBP,Monetary Policy Report Hearings,High,,,
2016-05-24,5:00am,GBP,CBI Realized Sales,Medium,6,-13,
2016-05-24,All Day,EUR,Eurogroup Meetings,Low,,,
2016-05-24,7:00am,EUR,ECB Financial Stability Review,Medium,,,
2016-05-24,8:59am,USD,Richmond Manufacturing Index,Medium,9,14,
2016-05-24,9:00am,USD,New Home Sales,Low,521K,531K,
2016-05-24,3:30pm,USD,API Weekly Statistical Bulletin,Medium,,,
2016-05-25,WedMay 25,EUR,German GfK Consumer Climate,Medium,9.7,9.7,
2016-05-25,3:00am,EUR,German ifo Business Climate,High,106.9,106.7,
2016-05-25,4:00am,CHF,UBS Economic Expectations,Medium,,11.5,
2016-05-25,4:31am,EUR,German 30-y Bond Auction,Medium,,1.03|1.6,
2016-05-25,All Day,EUR,ECOFIN Meetings,Low,,,
2016-05-25,7:30am,USD,Goods Trade Balance,Medium,-60.1B,-57.1B,
2016-05-25,8:00am,EUR,Belgian NBB Business Climate,Medium,-1.8,-2.4,
2016-05-25,8:00am,USD,HPI m/m,Medium,0.4%,0.5%,
2016-05-25,8:45am,USD,Flash Services PMI,Medium,53.1,52.8,
2016-05-25,9:30am,USD,Crude Oil Inventories,High,-1.7M,1.3M,
2016-05-25,6:50pm,JPY,SPPI y/y,Medium,0.2%,0.2%,
2016-05-26,3:30am,GBP,Second Estimate GDP q/q,High,0.4%,0.4%,
2016-05-26,3:30am,GBP,Prelim Business Investment q/q,Low,3.2%,-2.0%,
2016-05-26,3:30am,GBP,High Street Lending,Medium,44.8K,43.9K,
2016-05-26,3:30am,GBP,Index of Services 3m/3m,Medium,0.6%,0.8%,
2016-05-26,5:10am,USD,FOMC Member Bullard Speaks,Low,,,
2016-05-26,7:30am,USD,Core Durable Goods Orders m/m,High,0.3%,0.1%,
2016-05-26,7:30am,USD,Unemployment Claims,High,275K,278K,
2016-05-26,7:30am,USD,Durable Goods Orders m/m,Low,0.3%,1.9%,
2016-05-26,9:00am,USD,Pending Home Sales m/m,Low,0.6%,1.6%,
2016-05-26,9:30am,USD,Natural Gas Storage,Medium,67B,73B,
2016-05-26,11:15am,USD,FOMC Member Powell Speaks,Low,,,
2016-05-26,5:41pm,GBP,GfK Consumer Confidence,Medium,-4,-3,
2016-05-26,6:30pm,JPY,Tokyo Core CPI y/y,Low,-0.4%,-0.3%,
2016-05-26,6:30pm,JPY,National Core CPI y/y,Medium,-0.4%,-0.3%,
2016-05-27,7:30am,USD,Prelim GDP q/q,High,0.8%,0.5%,
2016-05-27,7:30am,USD,Prelim GDP Price Index q/q,Medium,0.7%,0.7%,
2016-05-27,9:00am,USD,Revised UoM Consumer Sentiment,Low,95.7,95.8,
2016-05-27,9:00am,USD,Revised UoM Inflation Expectations,Medium,,2.5%,
2016-05-27,12:15pm,USD,Fed Chair Yellen Speaks,High,,,
2016-05-29,7:20pm,USD,FOMC Member Bullard Speaks,Low,,,
2016-05-30,All Day,EUR,German Prelim CPI m/m,Low,0.3%,-0.4%,
2016-05-30,1:45am,EUR,French Consumer Spending m/m,Medium,0.1%,1.1%,
2016-05-30,1:45am,EUR,French Prelim GDP q/q,Medium,0.5%,0.5%,
2016-05-30,2:00am,CHF,KOF Economic Barometer,Low,102.9,102.6,
2016-05-30,2:00am,EUR,Spanish Flash CPI y/y,Low,-1.0%,-1.1%,
2016-05-30,All Day,GBP,Bank Holiday,Low,,,
2016-05-30,4:26am,EUR,Italian 10-y Bond Auction,Medium,,1.51|1.3,
2016-05-30,All Day,USD,Bank Holiday,Low,,,
2016-05-30,6:30pm,JPY,Household Spending y/y,Low,-1.3%,-5.3%,
2016-05-30,6:30pm,JPY,Unemployment Rate,Medium,3.2%,3.2%,
2016-05-30,6:50pm,JPY,Prelim Industrial Production m/m,Medium,-1.4%,3.8%,
2016-05-31,1:00am,EUR,German Retail Sales m/m,Low,1.0%,-1.4%,
2016-05-31,1:45am,EUR,French Prelim CPI m/m,Medium,0.3%,0.1%,
2016-05-31,2:55am,EUR,German Unemployment Change,Low,-4K,-16K,
2016-05-31,3:00am,EUR,M3 Money Supply y/y,Low,5.0%,5.0%,
2016-05-31,3:00am,EUR,Italian Monthly Unemployment Rate,Medium,11.3%,11.5%,
2016-05-31,3:00am,EUR,Private Loans y/y,Medium,1.5%,1.6%,
2016-05-31,4:00am,EUR,Core CPI Flash Estimate y/y,Low,0.8%,0.7%,
2016-05-31,4:00am,EUR,CPI Flash Estimate y/y,Low,-0.1%,-0.2%,
2016-05-31,4:00am,EUR,Italian Prelim CPI m/m,Medium,0.2%,-0.1%,
2016-05-31,4:00am,EUR,Unemployment Rate,Medium,10.2%,10.2%,
2016-05-31,7:30am,USD,Core PCE Price Index m/m,Low,0.2%,0.1%,
2016-05-31,7:30am,USD,Personal Spending m/m,Low,0.7%,0.0%,
2016-05-31,7:30am,USD,Personal Income m/m,Medium,0.4%,0.4%,
2016-05-31,8:00am,USD,S&P/CS Composite-20 HPI y/y,Medium,5.1%,5.4%,
2016-05-31,8:45am,USD,Chicago PMI,Low,50.8,50.4,
2016-05-31,9:00am,USD,CB Consumer Confidence,High,96.1,94.7,
2016-05-31,6:01pm,GBP,BRC Shop Price Index y/y,Medium,,-1.7%,
2016-05-31,6:50pm,JPY,Capital Spending q/y,Medium,1.9%,8.5%,
2016-05-31,9:00pm,JPY,Final Manufacturing PMI,Medium,47.6,47.6,
2016-06-01,1:00am,GBP,Nationwide HPI m/m,Medium,0.3%,0.2%,
2016-06-01,2:15am,CHF,Retail Sales y/y,Medium,-0.8%,-1.6%,
2016-06-01,2:15am,EUR,Spanish Manufacturing PMI,Low,52.6,53.5,
2016-06-01,2:30am,CHF,Manufacturing PMI,Medium,54.2,54.7,
2016-06-01,2:45am,EUR,Italian Manufacturing PMI,Medium,53.5,53.9,
2016-06-01,2:50am,EUR,French Final Manufacturing PMI,Medium,48.3,48.3,
2016-06-01,2:55am,EUR,German Final Manufacturing PMI,Medium,52.5,52.4,
2016-06-01,3:00am,EUR,Final Manufacturing PMI,Medium,51.5,51.5,
2016-06-01,3:30am,GBP,Final Manufacturing PMI,High,49.6,49.4,
2016-06-01,3:30am,GBP,Net Lending to Individuals m/m,Low,5.3B,9.2B,
2016-06-01,3:30am,GBP,M4 Money Supply m/m,Medium,0.2%,-0.4%,
2016-06-01,3:30am,GBP,Mortgage Approvals,Medium,68K,70K,
2016-06-01,8:45am,USD,Final Manufacturing PMI,Medium,50.5,50.5,
2016-06-01,9:00am,USD,ISM Manufacturing PMI,High,50.5,50.8,
2016-06-01,9:00am,USD,Construction Spending m/m,Medium,0.5%,1.5%,
2016-06-01,9:00am,USD,ISM Manufacturing Prices,Medium,58.0,59.0,
2016-06-01,All Day,USD,Wards Total Vehicle Sales,Medium,17.3M,17.5M,
2016-06-01,All Day,USD,Total Vehicle Sales,Medium,17.2M,17.4M,
2016-06-01,1:00pm,USD,Beige Book,Medium,,,
2016-06-01,3:30pm,USD,API Weekly Statistical Bulletin,Medium,,,
2016-06-01,6:50pm,JPY,Monetary Base y/y,Medium,27.2%,26.8%,
2016-06-01,10:45pm,JPY,10-y Bond Auction,Medium,,-0.10|3.4,
2016-06-02,All Day,EUR,Italian Bank Holiday,Low,,,
2016-06-02,2:00am,EUR,Spanish Unemployment Change,Low,-110.0K,-83.6K,
2016-06-02,3:30am,GBP,Construction PMI,High,51.9,52.0,
2016-06-02,3:47am,EUR,Spanish 10-y Bond Auction,Medium,,1.59|4.3,
2016-06-02,3:58am,EUR,French 10-y Bond Auction,Medium,,0.57|1.7,
2016-06-02,4:00am,EUR,PPI m/m,Medium,0.1%,0.3%,
2016-06-02,6:30am,USD,Challenger Job Cuts y/y,Medium,,5.8%,
2016-06-02,6:45am,EUR,Main Refinancing Rate,High,0.00%,0.00%,
2016-06-02,6:45am,EUR,Monetary Policy Statement,High,,,
2016-06-02,7:15am,USD,ADP Non-Farm Employment Change,High,174K,166K,
2016-06-02,7:30am,EUR,ECB Press Conference,High,,,
2016-06-02,7:30am,USD,Unemployment Claims,High,270K,268K,
2016-06-02,7:35am,USD,FOMC Member Powell Speaks,Low,,,
2016-06-02,8:00am,GBP,BOE Gov Carney Speaks,High,,,
2016-06-02,9:30am,USD,Natural Gas Storage,Medium,83B,71B,
2016-06-02,10:00am,USD,Crude Oil Inventories,High,-2.7M,-4.2M,
2016-06-02,7:00pm,JPY,Average Cash Earnings y/y,Medium,0.9%,1.5%,
2016-06-03,2:45am,EUR,Italian Services PMI,Medium,52.3,52.1,
2016-06-03,2:50am,EUR,French Final Services PMI,Medium,51.8,51.8,
2016-06-03,2:55am,EUR,German Final Services PMI,Medium,55.2,55.2,
2016-06-03,3:00am,EUR,Final Services PMI,Medium,53.1,53.1,
2016-06-03,3:30am,GBP,Final Services PMI,High,52.5,52.3,
2016-06-03,4:00am,EUR,Retail Sales m/m,Medium,0.4%,-0.6%,
2016-06-03,7:30am,USD,Average Hourly Earnings m/m,High,0.2%,0.4%,
2016-06-03,7:30am,USD,Non-Farm Employment Change,High,159K,123K,
2016-06-03,7:30am,USD,Unemployment Rate,High,4.9%,5.0%,
2016-06-03,7:30am,USD,Trade Balance,Low,-41.2B,-35.5B,
2016-06-03,8:45am,USD,Final Services PMI,Medium,51.2,51.2,
2016-06-03,9:00am,USD,ISM Services PMI,High,55.4,55.7,
2016-06-03,9:00am,USD,Factory Orders m/m,Low,1.8%,1.5%,
2016-06-03,11:30am,USD,FOMC Member Brainard Speaks,Low,,,
2016-06-06,3:10am,EUR,Retail PMI,Medium,,47.9,
2016-06-06,3:30am,EUR,Sentix Investor Confidence,Medium,7.1,6.2,
2016-06-06,9:00am,USD,Labor Market Conditions Index m/m,Medium,,-3.4,
2016-06-06,11:30am,USD,Fed Chair Yellen Speaks,High,,,
2016-06-06,6:01pm,GBP,BRC Retail Sales Monitor y/y,Medium,,-0.9%,
2016-06-06,10:45pm,JPY,30-y Bond Auction,Medium,,0.32|3.0,
2016-06-07,1:00am,EUR,German Industrial Production m/m,Medium,0.8%,-1.1%,
2016-06-07,1:45am,EUR,French Gov Budget Balance,Medium,,-27.5B,
2016-06-07,1:45am,EUR,French Trade Balance,Medium,-4.2B,-4.2B,
2016-06-07,2:00am,CHF,Foreign Currency Reserves,Low,,588B,
2016-06-07,2:30am,GBP,Halifax HPI m/m,Low,0.3%,-0.8%,
2016-06-07,4:00am,EUR,Revised GDP q/q,Medium,0.5%,0.5%,
2016-06-07,4:35am,GBP,30-y Bond Auction,Medium,,2.35|2.1,
2016-06-07,7:30am,USD,Revised Nonfarm Productivity q/q,Low,-0.6%,-1.0%,
2016-06-07,7:30am,USD,Revised Unit Labor Costs q/q,Medium,4.0%,4.1%,
2016-06-07,8:59am,USD,RCM/TIPP Economic Optimism,Medium,49.1,48.7,
2016-06-07,2:00pm,USD,Consumer Credit m/m,Medium,19.1B,28.4B,
2016-06-07,3:30pm,USD,API Weekly Statistical Bulletin,Medium,,,
2016-06-07,6:50pm,JPY,Current Account,Low,2.04T,1.89T,
2016-06-07,6:50pm,JPY,Final GDP q/q,Low,0.5%,0.4%,
2016-06-07,6:50pm,JPY,Bank Lending y/y,Medium,,2.2%,
2016-06-07,6:50pm,JPY,Final GDP Price Index y/y,Medium,0.9%,0.9%,
2016-06-08,2:15am,CHF,CPI m/m,Medium,0.2%,0.3%,
2016-06-08,3:30am,GBP,Manufacturing Production m/m,High,0.0%,0.1%,
2016-06-08,3:30am,GBP,Industrial Production m/m,Medium,0.0%,0.3%,
2016-06-08,8:49am,GBP,NIESR GDP Estimate,Medium,,0.4%,
2016-06-08,9:00am,USD,JOLTS Job Openings,Low,5.67M,5.67M,
2016-06-08,9:30am,USD,Crude Oil Inventories,High,-3.2M,-1.4M,
2016-06-08,12:01pm,USD,10-y Bond Auction,Medium,,1.71|2.7,
2016-06-08,6:01pm,GBP,RICS House Price Balance,Medium,36%,39%,
2016-06-08,6:50pm,JPY,Core Machinery Orders m/m,Medium,-3.2%,5.5%,
2016-06-08,6:50pm,JPY,M2 Money Stock y/y,Medium,3.3%,3.4%,
2016-06-09,12:45am,CHF,Unemployment Rate,Medium,3.5%,3.5%,
2016-06-09,12:58am,JPY,Prelim Machine Tool Orders y/y,Medium,,-26.3%,
2016-06-09,1:00am,EUR,German Trade Balance,Medium,21.4B,23.7B,
2016-06-09,2:00am,EUR,ECB President Draghi Speaks,High,,,
2016-06-09,3:00am,EUR,Italian Quarterly Unemployment Rate,Medium,11.6%,11.6%,
2016-06-09,3:30am,GBP,Goods Trade Balance,Low,-11.1B,-10.6B,
2016-06-09,7:30am,USD,Unemployment Claims,High,269K,268K,
2016-06-09,9:00am,USD,Final Wholesale Inventories m/m,Medium,0.1%,0.2%,
2016-06-09,9:30am,USD,Natural Gas Storage,Medium,80B,82B,
2016-06-09,12:01pm,USD,30-y Bond Auction,Medium,,2.62|2.2,
2016-06-09,6:50pm,JPY,PPI y/y,Medium,-4.2%,-4.2%,
2016-06-09,11:30pm,JPY,Tertiary Industry Activity m/m,Medium,0.7%,-0.5%,
2016-06-10,FriJun 10,EUR,German WPI m/m,Medium,0.2%,0.3%,
2016-06-10,1:45am,EUR,French Industrial Production m/m,Medium,0.5%,-0.4%,
2016-06-10,2:00am,EUR,German Buba President Weidmann Speaks,Low,,,
2016-06-10,3:00am,EUR,Italian Industrial Production m/m,Medium,0.3%,0.0%,
2016-06-10,3:30am,GBP,Construction Output m/m,Medium,1.5%,-3.6%,
2016-06-10,3:30am,GBP,Consumer Inflation Expectations,Medium,,1.8%,
2016-06-10,9:00am,USD,Prelim UoM Consumer Sentiment,High,94.1,94.7,
2016-06-10,9:00am,USD,Prelim UoM Inflation Expectations,Medium,,2.4%,
2016-06-10,1:00pm,USD,Federal Budget Balance,Medium,-56.2B,106.5B,
2016-06-12,6:50pm,JPY,BSI Manufacturing Index,Medium,-2.1,-7.9,
2016-06-13,8:30am,GBP,CB Leading Index m/m,Medium,,0.0%,
2016-06-13,11:30pm,JPY,Revised Industrial Production m/m,Medium,0.4%,0.3%,
2016-06-14,3:30am,GBP,CPI y/y,High,0.4%,0.3%,
2016-06-14,3:30am,GBP,PPI Input m/m,Low,0.9%,0.9%,
2016-06-14,3:30am,GBP,RPI y/y,Low,1.5%,1.3%,
2016-06-14,3:30am,GBP,Core CPI y/y,Medium,1.3%,1.2%,
2016-06-14,3:30am,GBP,HPI y/y,Medium,,8.5%,
2016-06-14,3:30am,GBP,PPI Output m/m,Medium,0.3%,0.3%,
2016-06-14,4:00am,EUR,Final Employment Change q/q,Medium,0.2%,0.3%,
2016-06-14,4:00am,EUR,Industrial Production m/m,Medium,0.7%,-0.7%,
2016-06-14,4:55am,USD,NFIB Small Business Index,Medium,93.8,93.6,
2016-06-14,7:30am,USD,Core Retail Sales m/m,High,0.4%,0.8%,
2016-06-14,7:30am,USD,Retail Sales m/m,High,0.4%,1.3%,
2016-06-14,7:30am,USD,Import Prices m/m,Low,0.8%,0.7%,
2016-06-14,9:00am,USD,Business Inventories m/m,Medium,0.2%,0.3%,
2016-06-14,3:30pm,USD,API Weekly Statistical Bulletin,Medium,,,
2016-06-15,3:30am,GBP,Average Earnings Index 3m/y,High,1.7%,2.0%,
2016-06-15,3:30am,GBP,Claimant Count Change,High,-0.1K,6.4K,
2016-06-15,3:30am,GBP,Unemployment Rate,Low,5.1%,5.1%,
2016-06-15,4:00am,EUR,Trade Balance,Medium,21.6B,23.7B,
2016-06-15,4:33am,EUR,German 10-y Bond Auction,Medium,,0.14|1.3,
2016-06-15,7:30am,USD,PPI m/m,High,0.3%,0.2%,
2016-06-15,7:30am,USD,Core PPI m/m,Low,0.1%,0.1%,
2016-06-15,7:30am,USD,Empire State Manufacturing Index,Low,-3.4,-9.0,
2016-06-15,8:15am,USD,Capacity Utilization Rate,Low,75.2%,75.3%,
2016-06-15,8:15am,USD,Industrial Production m/m,Low,-0.2%,0.6%,
2016-06-15,9:00am,EUR,German Buba President Weidmann Speaks,Low,,,
2016-06-15,9:30am,USD,Crude Oil Inventories,High,0.3M,-3.2M,
2016-06-15,1:00pm,USD,Federal Funds Rate,High,0.50%,0.50%,
2016-06-15,1:00pm,USD,FOMC Economic Projections,High,,,
2016-06-15,1:00pm,USD,FOMC Statement,High,,,
2016-06-15,1:30pm,USD,FOMC Press Conference,High,,,
2016-06-15,3:00pm,USD,TIC Long-Term Purchases,Medium,30.2B,78.1B,
2016-06-15,9:45pm,JPY,BOJ Policy Rate,High,,-0.10%,
2016-06-15,9:45pm,JPY,Monetary Policy Statement,High,,,
2016-06-15,11:30pm,CHF,SNB Financial Stability Report,Low,,,
2016-06-16,1:30am,JPY,BOJ Press Conference,High,,,
2016-06-16,2:30am,CHF,Libor Rate,High,-0.75%,-0.75%,
2016-06-16,2:30am,CHF,SNB Monetary Policy Assessment,High,,,
2016-06-16,3:00am,CHF,SNB Press Conference,High,,,
2016-06-16,3:00am,EUR,ECB Economic Bulletin,Medium,,,
2016-06-16,3:30am,GBP,Retail Sales m/m,High,0.3%,1.9%,
2016-06-16,3:43am,EUR,Spanish 10-y Bond Auction,Medium,,1.50|1.5,
2016-06-16,4:00am,EUR,Final CPI y/y,Low,-0.1%,-0.1%,
2016-06-16,4:00am,EUR,Final Core CPI y/y,Medium,0.8%,0.8%,
2016-06-16,All Day,EUR,Eurogroup Meetings,Low,,,
2016-06-16,6:00am,GBP,Monetary Policy Summary,High,,,
2016-06-16,6:00am,GBP,MPC Official Bank Rate Votes,High,0-0-9,0-0-9,
2016-06-16,6:00am,GBP,Official Bank Rate,High,0.50%,0.50%,
2016-06-16,6:00am,GBP,Asset Purchase Facility,Low,375B,375B,
2016-06-16,6:00am,GBP,MPC Asset Purchase Facility Votes,Low,0-0-9,0-0-9,
2016-06-16,7:30am,USD,Core CPI m/m,High,0.2%,0.2%,
2016-06-16,7:30am,USD,CPI m/m,High,0.3%,0.4%,
2016-06-16,7:30am,USD,CPI y/y,High,1.0%,1.1%,
2016-06-16,7:30am,USD,Philly Fed Manufacturing Index,High,1.1,-1.8,
2016-06-16,7:30am,USD,Unemployment Claims,High,267K,264K,
2016-06-16,7:30am,USD,Current Account,Low,-125B,-113B,
2016-06-16,9:00am,USD,NAHB Housing Market Index,Medium,59,58,
2016-06-16,9:30am,USD,Natural Gas Storage,Medium,66B,65B,
2016-06-17,3:04am,EUR,Italian Trade Balance,Medium,5.95B,5.23B,
2016-06-17,All Day,EUR,ECOFIN Meetings,Low,,,
2016-06-17,7:30am,USD,Building Permits,High,1.15M,1.13M,
2016-06-17,7:30am,USD,Housing Starts,Low,1.15M,1.17M,
2016-06-17,10:00am,EUR,ECB President Draghi Speaks,Low,,,
2016-06-19,6:01pm,GBP,Rightmove HPI m/m,Medium,,0.4%,
2016-06-19,6:50pm,JPY,Trade Balance,Medium,0.13T,0.40T,
2016-06-20,5:00am,EUR,German Buba Monthly Report,Medium,,,
2016-06-20,6:50pm,JPY,Monetary Policy Meeting Minutes,Medium,,,
2016-06-20,11:30pm,JPY,All Industries Activity m/m,Medium,1.3%,0.2%,
2016-06-21,3:10am,EUR,German Constitutional Court Ruling,High,,,
2016-06-21,3:30am,GBP,Public Sector Net Borrowing,Low,9.5B,7.6B,
2016-06-21,4:00am,EUR,German ZEW Economic Sentiment,High,5.1,6.4,
2016-06-21,4:00am,EUR,ZEW Economic Sentiment,Low,15.3,16.8,
2016-06-21,5:00am,GBP,CBI Industrial Order Expectations,Medium,-10,-8,
2016-06-21,8:00am,EUR,ECB President Draghi Speaks,High,,,
2016-06-21,9:00am,USD,Fed Chair Yellen Testifies,High,,,
2016-06-21,9:00am,USD,Fed Monetary Policy Report,Medium,,,
2016-06-21,1:30pm,USD,FOMC Member Powell Speaks,Low,,,
2016-06-21,3:30pm,USD,API Weekly Statistical Bulletin,Medium,,,
2016-06-22,4:36am,EUR,German 30-y Bond Auction,Medium,,0.88|1.4,
2016-06-22,8:00am,CHF,SNB Quarterly Bulletin,Medium,,,
2016-06-22,8:00am,USD,HPI m/m,Medium,0.6%,0.7%,
2016-06-22,9:00am,EUR,Consumer Confidence,Medium,-7,-7,
2016-06-22,9:00am,USD,Fed Chair Yellen Testifies,High,,,
2016-06-22,9:00am,USD,Existing Home Sales,Low,5.53M,5.43M,
2016-06-22,9:30am,USD,Crude Oil Inventories,High,-1.3M,-0.9M,
2016-06-22,9:00pm,JPY,Flash Manufacturing PMI,Medium,48.2,47.7,
2016-06-23,ThuJun 23,EUR,French Flash Services PMI,Low,51.5,51.6,
2016-06-23,2:30am,EUR,German Flash Manufacturing PMI,Low,52.1,52.1,
2016-06-23,2:30am,EUR,German Flash Services PMI,Low,55.0,55.2,
2016-06-23,3:00am,EUR,Flash Manufacturing PMI,Low,51.4,51.5,
2016-06-23,3:00am,EUR,Flash Services PMI,Low,53.2,53.3,
2016-06-23,All Day,GBP,EU Membership Vote,High,,,
2016-06-23,4:30am,EUR,Long Term Refinancing Operation,Low,,7.3B,
2016-06-23,7:30am,USD,Unemployment Claims,High,271K,277K,
2016-06-23,8:00am,EUR,Belgian NBB Business Climate,Medium,-2.9,-2.8,
2016-06-23,8:45am,USD,Flash Manufacturing PMI,Medium,50.5,50.7,
2016-06-23,9:00am,USD,New Home Sales,Low,561K,586K,
2016-06-23,9:00am,USD,CB Leading Index m/m,Medium,0.2%,0.6%,
2016-06-23,9:30am,USD,Natural Gas Storage,Medium,59B,69B,
2016-06-23,6:50pm,JPY,BOJ Summary of Opinions,Medium,,,
2016-06-23,6:50pm,JPY,SPPI y/y,Medium,0.1%,0.3%,
2016-06-24,3:00am,EUR,German ifo Business Climate,High,107.6,107.8,
2016-06-24,3:00am,EUR,Italian Retail Sales m/m,Medium,0.2%,-0.6%,
2016-06-24,3:30am,GBP,High Street Lending,Medium,37.9K,40.0K,
2016-06-24,4:30am,EUR,Long Term Refinancing Operation,Low,,6.7B,
2016-06-24,7:30am,USD,Core Durable Goods Orders m/m,High,0.1%,0.5%,
2016-06-24,7:30am,USD,Durable Goods Orders m/m,Low,-0.5%,-0.8%,
2016-06-24,9:00am,USD,Revised UoM Consumer Sentiment,Low,94.2,94.3,
2016-06-24,9:00am,USD,Revised UoM Inflation Expectations,Medium,,2.4%,
2016-06-27,MonJun 27,EUR,Private Loans y/y,Medium,1.6%,1.5%,
2016-06-27,7:30am,USD,Goods Trade Balance,Medium,-59.5B,-57.5B,
2016-06-27,8:45am,USD,Flash Services PMI,Medium,52.0,51.3,
2016-06-28,5:00am,GBP,CBI Realized Sales,Medium,9,7,
2016-06-28,Day 1,EUR,EU Economic Summit,High,,,
2016-06-28,7:30am,USD,Final GDP q/q,High,1.0%,0.8%,
2016-06-28,7:30am,USD,Final GDP Price Index q/q,Medium,0.6%,0.6%,
2016-06-28,8:00am,USD,S&P/CS Composite-20 HPI y/y,Medium,5.5%,5.5%,
2016-06-28,8:59am,USD,Richmond Manufacturing Index,Medium,2,-1,
2016-06-28,9:00am,USD,CB Consumer Confidence,High,93.2,92.4,
2016-06-28,11:00am,CHF,Gov Board Member Zurbrugg Speaks,Low,,,
2016-06-28,3:30pm,USD,API Weekly Statistical Bulletin,Medium,,,
2016-06-28,6:00pm,USD,FOMC Member Powell Speaks,High,,,
2016-06-28,6:50pm,JPY,Retail Sales y/y,Low,-1.6%,-0.9%,
2016-06-29,WedJun 29,EUR,German GfK Consumer Climate,Medium,9.8,9.8,
2016-06-29,WedJun 29,GBP,Nationwide HPI m/m,Medium,0.1%,0.2%,
2016-06-29,All Day,EUR,Italian Bank Holiday,Low,,,
2016-06-29,All Day,EUR,German Prelim CPI m/m,Low,0.1%,0.3%,
2016-06-29,2:00am,EUR,Spanish Flash CPI y/y,Low,-1.0%,-1.0%,
2016-06-29,3:30am,GBP,Net Lending to Individuals m/m,Low,2.9B,1.6B,
2016-06-29,3:30am,GBP,M4 Money Supply m/m,Medium,0.1%,-0.1%,
2016-06-29,3:30am,GBP,Mortgage Approvals,Medium,65K,66K,
2016-06-29,Day 2,EUR,EU Economic Summit,High,,,
2016-06-29,7:30am,USD,Core PCE Price Index m/m,Low,0.2%,0.2%,
2016-06-29,7:30am,USD,Personal Spending m/m,Low,0.4%,1.1%,
2016-06-29,7:30am,USD,Personal Income m/m,Medium,0.3%,0.5%,
2016-06-29,9:00am,USD,Pending Home Sales m/m,Low,-0.9%,3.9%,
2016-06-29,9:30am,USD,Crude Oil Inventories,High,-2.3M,-0.9M,
2016-06-29,3:30pm,USD,Bank Stress Test Results,Low,,,
2016-06-29,6:05pm,GBP,GfK Consumer Confidence,Medium,-2,-1,
2016-06-29,6:50pm,JPY,Prelim Industrial Production m/m,Medium,-0.1%,0.5%,
2016-06-30,1:00am,EUR,German Retail Sales m/m,Low,0.7%,-0.3%,
2016-06-30,1:45am,EUR,French Consumer Spending m/m,Medium,-0.1%,-0.1%,
2016-06-30,1:45am,EUR,French Prelim CPI m/m,Medium,0.2%,0.4%,
2016-06-30,2:00am,CHF,KOF Economic Barometer,Low,102.7,101.8,
2016-06-30,2:55am,EUR,German Unemployment Change,Low,-5K,-11K,
2016-06-30,3:30am,GBP,Current Account,High,-27.3B,-34.0B,
2016-06-30,3:30am,GBP,Final GDP q/q,High,0.4%,0.4%,
2016-06-30,3:30am,GBP,Index of Services 3m/3m,Medium,0.4%,0.6%,
2016-06-30,3:30am,GBP,Revised Business Investment q/q,Medium,-0.4%,-0.5%,
2016-06-30,4:00am,EUR,Core CPI Flash Estimate y/y,Low,0.8%,0.8%,
2016-06-30,4:00am,EUR,CPI Flash Estimate y/y,Low,0.0%,-0.1%,
2016-06-30,4:00am,EUR,Italian Prelim CPI m/m,Medium,0.2%,0.3%,
2016-06-30,4:22am,EUR,Italian 10-y Bond Auction,Medium,,1.42|1.4,
2016-06-30,7:30am,USD,Unemployment Claims,High,267K,258K,
2016-06-30,8:45am,USD,Chicago PMI,Low,50.6,49.3,
2016-06-30,9:30am,USD,Natural Gas Storage,Medium,48B,62B,
2016-06-30,10:00am,GBP,BOE Gov Carney Speaks,High,,,
2016-06-30,12:30pm,USD,FOMC Member Bullard Speaks,High,,,
2016-06-30,6:30pm,JPY,Household Spending y/y,Low,-1.3%,-0.4%,
2016-06-30,6:30pm,JPY,Tokyo Core CPI y/y,Low,-0.5%,-0.5%,
2016-06-30,6:30pm,JPY,National Core CPI y/y,Medium,-0.4%,-0.3%,
2016-06-30,6:30pm,JPY,Unemployment Rate,Medium,3.2%,3.2%,
2016-06-30,6:50pm,JPY,Tankan Manufacturing Index,Low,4,6,
2016-06-30,6:50pm,JPY,Tankan Non-Manufacturing Index,Low,19,22,
2016-06-30,9:00pm,JPY,Final Manufacturing PMI,Medium,47.9,47.8,
2016-07-01,FriJul 1,JPY,Consumer Confidence,Medium,41.1,40.9,
2016-07-01,2:15am,CHF,Retail Sales y/y,Medium,-1.7%,-2.2%,
2016-07-01,2:15am,EUR,Spanish Manufacturing PMI,Low,52.1,51.8,
2016-07-01,2:30am,CHF,Manufacturing PMI,Medium,54.9,55.8,
2016-07-01,2:45am,EUR,Italian Manufacturing PMI,Medium,52.7,52.4,
2016-07-01,2:50am,EUR,French Final Manufacturing PMI,Medium,47.9,47.9,
2016-07-01,2:55am,EUR,German Final Manufacturing PMI,Medium,54.5,54.4,
2016-07-01,3:00am,EUR,Final Manufacturing PMI,Medium,52.6,52.6,
2016-07-01,3:00am,EUR,Italian Monthly Unemployment Rate,Medium,11.7%,11.6%,
2016-07-01,3:30am,GBP,Final Manufacturing PMI,High,50.0,50.4,
2016-07-01,4:00am,EUR,Unemployment Rate,Medium,10.1%,10.2%,
2016-07-01,8:45am,USD,Final Manufacturing PMI,Medium,51.4,51.4,
2016-07-01,9:00am,USD,ISM Manufacturing PMI,High,51.3,51.3,
2016-07-01,9:00am,USD,Construction Spending m/m,Medium,0.6%,-2.0%,
2016-07-01,9:00am,USD,ISM Manufacturing Prices,Medium,63.9,63.5,
2016-07-01,All Day,USD,Wards Total Vehicle Sales,Medium,17.2M,17.2M,
2016-07-01,All Day,USD,Total Vehicle Sales,Medium,17.3M,17.4M,
2016-07-04,3:30am,EUR,Sentix Investor Confidence,Medium,8.1,9.9,
2016-07-04,3:30am,GBP,Construction PMI,High,50.6,51.2,
2016-07-04,4:00am,EUR,PPI m/m,Medium,0.3%,-0.3%,
2016-07-04,All Day,USD,Bank Holiday,Low,,,
2016-07-04,10:45pm,JPY,10-y Bond Auction,Medium,,-0.09|4.1,
2016-07-05,2:45am,EUR,Italian Services PMI,Medium,50.3,49.8,
2016-07-05,2:50am,EUR,French Final Services PMI,Medium,49.9,49.9,
2016-07-05,2:55am,EUR,German Final Services PMI,Medium,53.2,53.2,
2016-07-05,3:00am,EUR,Final Services PMI,Medium,52.5,52.4,
2016-07-05,3:30am,GBP,Final Services PMI,High,53.1,53.5,
2016-07-05,4:00am,EUR,Retail Sales m/m,Medium,0.4%,0.2%,
2016-07-05,4:30am,GBP,BOE Financial Stability Report,Low,,,
2016-07-05,5:00am,GBP,BOE Gov Carney Speaks,High,,,
2016-07-05,9:00am,USD,Factory Orders m/m,Low,-0.8%,1.8%,
2016-07-05,9:00am,USD,RCM/TIPP Economic Optimism,Medium,49.3,48.2,
2016-07-05,1:30pm,USD,FOMC Member Dudley Speaks,Low,,,
2016-07-05,6:01pm,GBP,BRC Shop Price Index y/y,Medium,,-1.8%,
2016-07-06,2:00am,EUR,ECB President Draghi Speaks,High,,,
2016-07-06,3:10am,EUR,Retail PMI,Medium,,50.6,
2016-07-06,3:30am,GBP,Housing Equity Withdrawal q/q,Medium,-10.1B,-8.2B,
2016-07-06,7:30am,USD,Trade Balance,Low,-40.0B,-37.4B,
2016-07-06,8:00am,USD,FOMC Member Tarullo Speaks,Medium,,,
2016-07-06,8:45am,USD,Final Services PMI,Medium,51.5,51.3,
2016-07-06,9:00am,USD,ISM Services PMI,High,53.3,52.9,
2016-07-06,1:00pm,USD,FOMC Meeting Minutes,High,,,
2016-07-06,3:30pm,USD,API Weekly Statistical Bulletin,Medium,,,
2016-07-06,7:30pm,JPY,BOJ Gov Kuroda Speaks,High,,,
2016-07-07,1:00am,EUR,German Industrial Production m/m,Medium,0.1%,0.5%,
2016-07-07,1:45am,EUR,French Trade Balance,Medium,-4.9B,-4.8B,
2016-07-07,2:00am,CHF,Foreign Currency Reserves,Low,,602B,
2016-07-07,2:15am,CHF,CPI m/m,Medium,0.0%,0.1%,
2016-07-07,2:30am,GBP,Halifax HPI m/m,Low,0.4%,0.9%,
2016-07-07,3:30am,GBP,Manufacturing Production m/m,High,-1.2%,2.4%,
2016-07-07,3:30am,GBP,Industrial Production m/m,Medium,-1.0%,2.1%,
2016-07-07,3:50am,EUR,Spanish 10-y Bond Auction,Medium,,1.59|1.6,
2016-07-07,4:03am,EUR,French 10-y Bond Auction,Medium,,0.49|1.8,
2016-07-07,4:34am,GBP,10-y Bond Auction,Medium,,1.66|1.8,
2016-07-07,6:30am,EUR,ECB Monetary Policy Meeting Accounts,Low,,,
2016-07-07,6:30am,USD,Challenger Job Cuts y/y,Medium,,-26.5%,
2016-07-07,7:15am,USD,ADP Non-Farm Employment Change,High,158K,168K,
2016-07-07,7:30am,USD,Unemployment Claims,High,269K,270K,
2016-07-07,9:00am,GBP,NIESR GDP Estimate,Medium,,0.6%,
2016-07-07,9:30am,USD,Natural Gas Storage,Medium,42B,37B,
2016-07-07,10:00am,USD,Crude Oil Inventories,High,-2.1M,-4.1M,
2016-07-07,6:05pm,GBP,GfK Consumer Confidence,Medium,,-1,
2016-07-07,6:50pm,JPY,Current Account,Low,1.52T,1.63T,
2016-07-07,6:50pm,JPY,Bank Lending y/y,Medium,,2.2%,
2016-07-07,7:00pm,JPY,Average Cash Earnings y/y,Medium,0.5%,0.0%,
2016-07-08,12:45am,CHF,Unemployment Rate,Medium,3.5%,3.3%,
2016-07-08,1:00am,EUR,German Trade Balance,Medium,22.3B,24.1B,
2016-07-08,1:45am,EUR,French Gov Budget Balance,Medium,,-56.5B,
2016-07-08,1:45am,EUR,French Industrial Production m/m,Medium,-0.4%,1.2%,
2016-07-08,3:30am,GBP,Goods Trade Balance,Low,-10.2B,-9.4B,
2016-07-08,7:30am,USD,Average Hourly Earnings m/m,High,0.2%,0.2%,
2016-07-08,7:30am,USD,Non-Farm Employment Change,High,175K,11K,
2016-07-08,7:30am,USD,Unemployment Rate,High,4.8%,4.7%,
2016-07-08,2:00pm,USD,Consumer Credit m/m,Medium,16.7B,13.4B,
2016-07-10,SunJul 10,JPY,M2 Money Stock y/y,Medium,3.4%,3.4%,
2016-07-11,3:00am,EUR,Italian Industrial Production m/m,Medium,0.1%,0.4%,
2016-07-11,All Day,EUR,Eurogroup Meetings,Low,,,
2016-07-11,9:00am,USD,FOMC Member George Speaks,Low,,,
2016-07-11,9:00am,USD,Labor Market Conditions Index m/m,Medium,,-3.6,
2016-07-11,6:01pm,GBP,BRC Retail Sales Monitor y/y,Medium,,0.5%,
2016-07-11,6:50pm,JPY,PPI y/y,Medium,-4.1%,-4.3%,
2016-07-11,8:30pm,USD,FOMC Member Mester Speaks,Low,,,
2016-07-11,10:45pm,JPY,30-y Bond Auction,Medium,,0.31|3.4,
2016-07-11,11:30pm,JPY,Tertiary Industry Activity m/m,Medium,-0.7%,0.7%,
2016-07-12,TueJul 12,EUR,German WPI m/m,Medium,0.3%,0.9%,
2016-07-12,3:30am,GBP,FPC Meeting Minutes,Medium,,,
2016-07-12,4:00am,GBP,BOE Gov Carney Speaks,High,,,
2016-07-12,5:00am,USD,NFIB Small Business Index,Medium,94.1,93.8,
2016-07-12,8:15am,USD,FOMC Member Tarullo Speaks,Medium,,,
2016-07-12,8:35am,USD,FOMC Member Bullard Speaks,Low,,,
2016-07-12,9:00am,USD,JOLTS Job Openings,Low,5.74M,5.85M,
2016-07-12,9:00am,USD,Final Wholesale Inventories m/m,Medium,0.2%,0.7%,
2016-07-12,12:01pm,USD,10-y Bond Auction,Medium,,1.70|2.7,
2016-07-12,3:30pm,USD,API Weekly Statistical Bulletin,Medium,,,
2016-07-12,11:34pm,JPY,Revised Industrial Production m/m,Medium,-2.2%,-2.3%,
2016-07-13,3:30am,GBP,BOE Credit Conditions Survey,Low,,,
2016-07-13,4:00am,EUR,Industrial Production m/m,Medium,-0.8%,1.4%,
2016-07-13,4:32am,EUR,German 10-y Bond Auction,Medium,,0.01|1.1,
2016-07-13,7:30am,USD,Import Prices m/m,Low,0.6%,1.4%,
2016-07-13,9:30am,USD,Crude Oil Inventories,High,-2.3M,-2.2M,
2016-07-13,12:01pm,USD,30-y Bond Auction,Medium,,2.48|2.4,
2016-07-13,1:00pm,USD,Beige Book,Medium,,,
2016-07-13,1:00pm,USD,Federal Budget Balance,Medium,24.2B,-52.5B,
2016-07-13,6:01pm,GBP,RICS House Price Balance,Medium,8%,19%,
2016-07-14,2:15am,CHF,PPI m/m,Low,0.2%,0.4%,
2016-07-14,6:00am,GBP,Monetary Policy Summary,High,,,
2016-07-14,6:00am,GBP,MPC Official Bank Rate Votes,High,0-9-0,0-0-9,
2016-07-14,6:00am,GBP,Official Bank Rate,High,0.25%,0.50%,
2016-07-14,6:00am,GBP,Asset Purchase Facility,Low,375B,375B,
2016-07-14,6:00am,GBP,MPC Asset Purchase Facility Votes,Low,0-0-9,0-0-9,
2016-07-14,7:30am,USD,PPI m/m,High,0.3%,0.4%,
2016-07-14,7:30am,USD,Unemployment Claims,High,263K,254K,
2016-07-14,7:30am,USD,Core PPI m/m,Low,0.1%,0.3%,
2016-07-14,9:30am,USD,Natural Gas Storage,Medium,61B,39B,
2016-07-15,3:30am,GBP,Construction Output m/m,Medium,-1.1%,2.8%,
2016-07-15,4:00am,EUR,Final CPI y/y,Low,0.1%,0.1%,
2016-07-15,4:00am,EUR,Final Core CPI y/y,Medium,0.9%,0.9%,
2016-07-15,4:00am,EUR,Trade Balance,Medium,25.2B,25.4B,
2016-07-15,7:00am,GBP,BOE Gov Carney Speaks,High,,,
2016-07-15,7:30am,USD,Core CPI m/m,High,0.2%,0.2%,
2016-07-15,7:30am,USD,Core Retail Sales m/m,High,0.4%,0.4%,
2016-07-15,7:30am,USD,CPI m/m,High,0.2%,0.2%,
2016-07-15,7:30am,USD,CPI y/y,High,1.1%,1.0%,
2016-07-15,7:30am,USD,Retail Sales m/m,High,0.1%,0.2%,
2016-07-15,7:30am,USD,Empire State Manufacturing Index,Low,5.1,6.0,
2016-07-15,8:15am,USD,Capacity Utilization Rate,Low,75.2%,74.9%,
2016-07-15,8:15am,USD,Industrial Production m/m,Low,0.2%,-0.3%,
2016-07-15,8:30am,GBP,CB Leading Index m/m,Medium,,0.0%,
2016-07-15,9:00am,USD,Prelim UoM Consumer Sentiment,High,93.7,93.5,
2016-07-15,9:00am,USD,Business Inventories m/m,Medium,0.1%,0.1%,
2016-07-15,9:00am,USD,Prelim UoM Inflation Expectations,Medium,,2.6%,
2016-07-17,6:01pm,GBP,Rightmove HPI m/m,Medium,,0.8%,
2016-07-17,All Day,JPY,Bank Holiday,Low,,,
2016-07-18,5:00am,EUR,German Buba Monthly Report,Medium,,,
2016-07-18,9:00am,USD,NAHB Housing Market Index,Medium,60,60,
2016-07-18,3:00pm,USD,TIC Long-Term Purchases,Medium,31.6B,-67.4B,
2016-07-19,TueJul 19,GBP,PPI Input m/m,Low,0.9%,2.2%,
2016-07-19,TueJul 19,GBP,RPI y/y,Low,1.4%,1.4%,
2016-07-19,TueJul 19,GBP,Core CPI y/y,Medium,1.3%,1.2%,
2016-07-19,TueJul 19,GBP,HPI y/y,Medium,7.9%,8.1%,
2016-07-19,TueJul 19,GBP,PPI Output m/m,Medium,0.1%,0.2%,
2016-07-19,4:00am,EUR,German ZEW Economic Sentiment,High,8.2,19.2,
2016-07-19,4:00am,EUR,ZEW Economic Sentiment,Low,12.3,20.2,
2016-07-19,7:30am,USD,Building Permits,High,1.15M,1.14M,
2016-07-19,7:30am,USD,Housing Starts,Low,1.17M,1.14M,
2016-07-19,9:05am,GBP,MPC Member Broadbent Speaks,Low,,,
2016-07-19,3:30pm,USD,API Weekly Statistical Bulletin,Medium,,,
2016-07-20,3:00am,EUR,Current Account,Medium,24.9B,36.4B,
2016-07-20,3:30am,GBP,Average Earnings Index 3m/y,High,2.3%,2.0%,
2016-07-20,3:30am,GBP,Claimant Count Change,High,4.1K,12.2K,
2016-07-20,3:30am,GBP,Unemployment Rate,Low,5.0%,5.0%,
2016-07-20,4:00am,CHF,UBS Economic Expectations,Medium,,19.4,
2016-07-20,9:00am,EUR,Consumer Confidence,Medium,-8,-7,
2016-07-20,9:30am,USD,Crude Oil Inventories,High,-1.3M,-2.5M,
2016-07-20,11:30pm,JPY,All Industries Activity m/m,Medium,-1.0%,0.8%,
2016-07-21,3:30am,GBP,Retail Sales m/m,High,-0.4%,0.9%,
2016-07-21,3:30am,GBP,Public Sector Net Borrowing,Low,9.3B,9.4B,
2016-07-21,6:45am,EUR,Main Refinancing Rate,High,0.00%,0.00%,
2016-07-21,6:45am,EUR,Monetary Policy Statement,High,,,
2016-07-21,7:30am,EUR,ECB Press Conference,High,,,
2016-07-21,7:30am,USD,Philly Fed Manufacturing Index,High,5.1,4.7,
2016-07-21,7:30am,USD,Unemployment Claims,High,271K,254K,
2016-07-21,8:00am,USD,HPI m/m,Medium,0.4%,0.3%,
2016-07-21,9:00am,USD,Existing Home Sales,Low,5.48M,5.51M,
2016-07-21,9:00am,USD,CB Leading Index m/m,Medium,0.2%,-0.2%,
2016-07-21,9:30am,USD,Natural Gas Storage,Medium,40B,64B,
2016-07-21,9:00pm,JPY,Flash Manufacturing PMI,Medium,48.3,48.1,
2016-07-22,FriJul 22,EUR,French Flash Services PMI,Low,49.6,49.9,
2016-07-22,2:30am,EUR,German Flash Manufacturing PMI,Low,53.6,54.5,
2016-07-22,2:30am,EUR,German Flash Services PMI,Low,53.3,53.7,
2016-07-22,3:00am,EUR,Flash Manufacturing PMI,Low,52.1,52.8,
2016-07-22,3:00am,EUR,Flash Services PMI,Low,52.3,52.8,
2016-07-22,3:30am,GBP,Final Manufacturing PMI,High,47.8,52.1,
2016-07-22,3:30am,GBP,Final Services PMI,High,48.9,52.3,
2016-07-22,4:00am,EUR,Italian Retail Sales m/m,Medium,0.2%,0.1%,
2016-07-22,8:45am,USD,Flash Manufacturing PMI,Medium,51.9,51.3,
2016-07-24,6:50pm,JPY,Trade Balance,Medium,0.24T,0.29T,
2016-07-25,5:00am,GBP,CBI Industrial Order Expectations,Medium,-6,-2,
2016-07-25,6:50pm,JPY,SPPI y/y,Medium,0.1%,0.2%,
2016-07-26,8:00am,EUR,Belgian NBB Business Climate,Medium,-0.6,0.7,
2016-07-26,8:00am,USD,S&P/CS Composite-20 HPI y/y,Medium,5.6%,5.4%,
2016-07-26,8:45am,USD,Flash Services PMI,Medium,51.2,51.4,
2016-07-26,8:59am,USD,Richmond Manufacturing Index,Medium,-4,-7,
2016-07-26,9:00am,USD,CB Consumer Confidence,High,95.6,97.4,
2016-07-26,9:00am,USD,New Home Sales,Low,560K,572K,
2016-07-26,3:30pm,USD,API Weekly Statistical Bulletin,Medium,,,
2016-07-27,WedJul 27,EUR,German GfK Consumer Climate,Medium,9.9,10.1,
2016-07-27,WedJul 27,EUR,German Import Prices m/m,Medium,0.6%,0.9%,
2016-07-27,3:00am,EUR,M3 Money Supply y/y,Low,5.0%,4.9%,
2016-07-27,3:00am,EUR,Private Loans y/y,Medium,1.7%,1.6%,
2016-07-27,3:30am,GBP,Prelim GDP q/q,High,0.5%,0.4%,
2016-07-27,3:30am,GBP,Index of Services 3m/3m,Medium,0.3%,0.5%,
2016-07-27,4:35am,EUR,German 30-y Bond Auction,Medium,,0.65|2.0,
2016-07-27,5:00am,GBP,CBI Realized Sales,Medium,2,4,
2016-07-27,7:30am,USD,Core Durable Goods Orders m/m,High,0.3%,-0.4%,
2016-07-27,7:30am,USD,Durable Goods Orders m/m,Low,-1.1%,-2.3%,
2016-07-27,9:00am,USD,Pending Home Sales m/m,Low,1.9%,-3.7%,
2016-07-27,9:30am,USD,Crude Oil Inventories,High,-2.1M,-2.3M,
2016-07-27,1:00pm,USD,Federal Funds Rate,High,0.50%,0.50%,
2016-07-27,1:00pm,USD,FOMC Statement,High,,,
2016-07-28,All Day,EUR,German Prelim CPI m/m,Low,0.2%,0.1%,
2016-07-28,2:00am,EUR,Spanish Unemployment Rate,Low,20.5%,21.0%,
2016-07-28,2:55am,EUR,German Unemployment Change,Low,-3K,-6K,
2016-07-28,4:16am,EUR,Italian 10-y Bond Auction,Medium,,1.35|1.5,
2016-07-28,7:30am,USD,Unemployment Claims,High,261K,252K,
2016-07-28,7:30am,USD,Goods Trade Balance,Medium,-62.2B,-61.1B,
2016-07-28,9:30am,USD,Natural Gas Storage,Medium,29B,34B,
2016-07-28,5:05pm,GBP,GfK Consumer Confidence,Medium,-7,-9,
2016-07-28,6:30pm,JPY,Household Spending y/y,Low,-0.4%,-1.1%,
2016-07-28,6:30pm,JPY,Tokyo Core CPI y/y,Low,-0.4%,-0.5%,
2016-07-28,6:30pm,JPY,National Core CPI y/y,Medium,-0.4%,-0.4%,
2016-07-28,6:30pm,JPY,Unemployment Rate,Medium,3.2%,3.2%,
2016-07-28,6:50pm,JPY,Retail Sales y/y,Low,-1.2%,-2.1%,
2016-07-28,6:50pm,JPY,Prelim Industrial Production m/m,Medium,0.6%,-2.6%,
2016-07-28,10:44pm,JPY,BOJ Outlook Report,High,,,
2016-07-28,10:44pm,JPY,BOJ Policy Rate,High,,-0.10%,
2016-07-28,10:44pm,JPY,Monetary Policy Statement,High,,,
2016-07-29,FriJul 29,JPY,Housing Starts y/y,Medium,-2.8%,9.8%,
2016-07-29,12:30am,EUR,French Flash GDP q/q,Medium,0.2%,0.6%,
2016-07-29,1:00am,EUR,German Retail Sales m/m,Low,0.0%,0.7%,
2016-07-29,1:30am,JPY,BOJ Press Conference,High,,,
2016-07-29,1:45am,EUR,French Consumer Spending m/m,Medium,0.1%,-0.8%,
2016-07-29,1:45am,EUR,French Prelim CPI m/m,Medium,-0.3%,0.1%,
2016-07-29,2:00am,CHF,KOF Economic Barometer,Low,101.6,102.6,
2016-07-29,2:00am,EUR,Spanish Flash CPI y/y,Low,-0.5%,-0.8%,
2016-07-29,2:00am,EUR,Spanish Flash GDP q/q,Low,0.7%,0.8%,
2016-07-29,3:00am,EUR,Italian Monthly Unemployment Rate,Medium,11.4%,11.5%,
2016-07-29,3:30am,GBP,Net Lending to Individuals m/m,Low,4.2B,4.5B,
2016-07-29,3:30am,GBP,M4 Money Supply m/m,Medium,0.4%,1.3%,
2016-07-29,3:30am,GBP,Mortgage Approvals,Medium,66K,67K,
2016-07-29,4:00am,EUR,Core CPI Flash Estimate y/y,Low,0.9%,0.9%,
2016-07-29,4:00am,EUR,CPI Flash Estimate y/y,Low,0.1%,0.1%,
2016-07-29,4:00am,EUR,Prelim Flash GDP q/q,Low,0.3%,0.6%,
2016-07-29,4:00am,EUR,Italian Prelim CPI m/m,Medium,0.0%,0.1%,
2016-07-29,4:00am,EUR,Unemployment Rate,Medium,10.1%,10.1%,
2016-07-29,7:30am,USD,Advance GDP q/q,High,2.6%,1.1%,
2016-07-29,7:30am,USD,Advance GDP Price Index q/q,Low,1.9%,0.4%,
2016-07-29,7:30am,USD,Employment Cost Index q/q,Low,0.6%,0.6%,
2016-07-29,8:45am,USD,Chicago PMI,Low,54.3,56.8,
2016-07-29,9:00am,USD,Revised UoM Consumer Sentiment,Low,90.2,89.5,
2016-07-29,9:00am,USD,Revised UoM Inflation Expectations,Medium,,2.8%,
2016-07-29,3:00pm,EUR,EBA Bank Stress Test Results,High,,,
2016-07-31,8:15pm,USD,FOMC Member Dudley Speaks,Low,,,
2016-07-31,9:00pm,JPY,Final Manufacturing PMI,Medium,49.0,49.0,
2016-08-01,2:15am,EUR,Spanish Manufacturing PMI,Low,51.6,52.2,
2016-08-01,2:45am,EUR,Italian Manufacturing PMI,Medium,52.5,53.5,
2016-08-01,2:50am,EUR,French Final Manufacturing PMI,Medium,48.6,48.6,
2016-08-01,2:55am,EUR,German Final Manufacturing PMI,Medium,53.7,53.7,
2016-08-01,3:00am,EUR,Final Manufacturing PMI,Medium,51.9,51.9,
2016-08-01,3:30am,GBP,Final Manufacturing PMI,High,49.1,49.1,
2016-08-01,8:45am,USD,Final Manufacturing PMI,Medium,52.9,52.9,
2016-08-01,9:00am,USD,ISM Manufacturing PMI,High,53.1,53.2,
2016-08-01,9:00am,USD,Construction Spending m/m,Medium,0.5%,-0.1%,
2016-08-01,9:00am,USD,ISM Manufacturing Prices,Medium,61.0,60.5,
2016-08-01,1:00pm,USD,Loan Officer Survey,Medium,,,
2016-08-01,6:50pm,JPY,Monetary Base y/y,Medium,24.3%,25.4%,
2016-08-01,10:45pm,JPY,10-y Bond Auction,Medium,,-0.24|3.6,
2016-08-02,2:00am,EUR,Spanish Unemployment Change,Low,-70.0K,-124.3K,
2016-08-02,2:15am,CHF,Retail Sales y/y,Medium,-2.0%,-1.7%,
2016-08-02,2:30am,CHF,Manufacturing PMI,Medium,51.9,51.6,
2016-08-02,3:30am,GBP,Construction PMI,High,44.2,46.0,
2016-08-02,4:00am,EUR,PPI m/m,Medium,0.4%,0.6%,
2016-08-02,7:30am,USD,Core PCE Price Index m/m,Low,0.1%,0.2%,
2016-08-02,7:30am,USD,Personal Spending m/m,Low,0.3%,0.4%,
2016-08-02,7:30am,USD,Personal Income m/m,Medium,0.3%,0.2%,
2016-08-02,All Day,USD,Wards Total Vehicle Sales,Medium,17.3M,17.0M,
2016-08-02,All Day,USD,Total Vehicle Sales,Medium,17.1M,16.7M,
2016-08-02,3:30pm,USD,API Weekly Statistical Bulletin,Medium,,,
2016-08-02,6:01pm,GBP,BRC Shop Price Index y/y,Medium,,-2.0%,
2016-08-02,6:50pm,JPY,Monetary Policy Meeting Minutes,Medium,,,
2016-08-03,2:45am,EUR,Italian Services PMI,Medium,51.1,51.9,
2016-08-03,2:50am,EUR,French Final Services PMI,Medium,50.3,50.3,
2016-08-03,2:55am,EUR,German Final Services PMI,Medium,54.6,54.6,
2016-08-03,3:00am,EUR,Final Services PMI,Medium,52.8,52.7,
2016-08-03,3:30am,GBP,Final Services PMI,High,47.4,47.4,
2016-08-03,4:00am,EUR,Retail Sales m/m,Medium,0.0%,0.4%,
2016-08-03,7:15am,USD,ADP Non-Farm Employment Change,High,171K,176K,
2016-08-03,8:45am,USD,Final Services PMI,Medium,51.0,50.9,
2016-08-03,9:00am,USD,ISM Services PMI,High,56.0,56.5,
2016-08-03,9:30am,USD,Crude Oil Inventories,High,-1.6M,1.7M,
2016-08-04,3:00am,EUR,ECB Economic Bulletin,Medium,,,
2016-08-04,3:10am,EUR,Retail PMI,Medium,,48.5,
2016-08-04,3:59am,EUR,French 10-y Bond Auction,Medium,,0.16|2.5,
2016-08-04,6:00am,GBP,BOE Monetary Policy Report,High,,,
2016-08-04,6:00am,GBP,Monetary Policy Summary,High,,,
2016-08-04,6:00am,GBP,MPC Official Bank Rate Votes,High,0-9-0,0-1-8,
2016-08-04,6:00am,GBP,Official Bank Rate,High,0.25%,0.50%,
2016-08-04,6:00am,GBP,Asset Purchase Facility,Low,375B,375B,
2016-08-04,6:00am,GBP,FPC Statement,Medium,,,
2016-08-04,6:04am,GBP,MPC Asset Purchase Facility Votes,Low,0-0-9,0-0-9,
2016-08-04,6:30am,GBP,BOE Gov Carney Speaks,High,,,
2016-08-04,6:30am,USD,Challenger Job Cuts y/y,Medium,,-14.1%,
2016-08-04,7:30am,USD,Unemployment Claims,High,265K,266K,
2016-08-04,9:00am,USD,Factory Orders m/m,Low,-1.8%,-1.2%,
2016-08-04,9:30am,USD,Natural Gas Storage,Medium,3B,17B,
2016-08-04,7:00pm,JPY,Average Cash Earnings y/y,Medium,0.4%,-0.1%,
2016-08-05,1:00am,EUR,German Factory Orders m/m,Low,0.5%,0.1%,
2016-08-05,1:45am,EUR,French Trade Balance,Medium,-3.9B,-2.7B,
2016-08-05,2:00am,CHF,Foreign Currency Reserves,Low,,609B,
2016-08-05,2:30am,GBP,Halifax HPI m/m,Low,-0.1%,1.2%,
2016-08-05,3:00am,EUR,Italian Industrial Production m/m,Medium,0.3%,-0.6%,
2016-08-05,7:30am,USD,Average Hourly Earnings m/m,High,0.2%,0.1%,
2016-08-05,7:30am,USD,Non-Farm Employment Change,High,180K,292K,
2016-08-05,7:30am,USD,Unemployment Rate,High,4.8%,4.9%,
2016-08-05,7:30am,USD,Trade Balance,Medium,-42.1B,-41.0B,
2016-08-05,2:00pm,USD,Consumer Credit m/m,Medium,15.5B,17.9B,
2016-08-07,SunAug 7,JPY,Bank Lending y/y,Medium,,2.0%,
2016-08-07,SunAug 7,JPY,BOJ Summary of Opinions,Medium,,,
2016-08-08,1:00am,EUR,German Industrial Production m/m,Medium,0.9%,-0.9%,
2016-08-08,2:15am,CHF,CPI m/m,Medium,-0.5%,0.1%,
2016-08-08,3:30am,EUR,Sentix Investor Confidence,Medium,3.6,1.7,
2016-08-08,9:00am,USD,Labor Market Conditions Index m/m,Medium,,-0.1,
2016-08-08,6:01pm,GBP,BRC Retail Sales Monitor y/y,Medium,,-0.5%,
2016-08-08,6:50pm,JPY,M2 Money Stock y/y,Medium,3.3%,3.5%,
2016-08-08,10:45pm,JPY,30-y Bond Auction,Medium,,0.12|2.6,
2016-08-09,1:00am,EUR,German Trade Balance,Medium,23.2B,22.1B,
2016-08-09,1:00am,JPY,Prelim Machine Tool Orders y/y,Medium,,-19.9%,
2016-08-09,1:45am,EUR,French Gov Budget Balance,Medium,,-65.7B,
2016-08-09,3:30am,GBP,Manufacturing Production m/m,High,0.0%,-0.6%,
2016-08-09,3:30am,GBP,Goods Trade Balance,Low,-9.6B,-11.5B,
2016-08-09,3:30am,GBP,Industrial Production m/m,Medium,-0.1%,-0.6%,
2016-08-09,5:00am,USD,NFIB Small Business Index,Medium,94.5,94.5,
2016-08-09,7:30am,USD,Prelim Nonfarm Productivity q/q,Low,0.5%,-0.6%,
2016-08-09,7:30am,USD,Prelim Unit Labor Costs q/q,Low,1.8%,4.5%,
2016-08-09,8:53am,GBP,NIESR GDP Estimate,Medium,,0.6%,
2016-08-09,9:00am,USD,Final Wholesale Inventories m/m,Medium,0.0%,0.2%,
2016-08-09,9:00am,USD,RCM/TIPP Economic Optimism,Medium,46.2,45.5,
2016-08-09,3:30pm,USD,API Weekly Statistical Bulletin,Medium,,,
2016-08-09,6:50pm,JPY,Core Machinery Orders m/m,Medium,3.4%,-1.4%,
2016-08-09,6:50pm,JPY,PPI y/y,Medium,-4.0%,-4.2%,
2016-08-09,11:30pm,JPY,Tertiary Industry Activity m/m,Medium,0.3%,-1.2%,
2016-08-10,4:35am,EUR,German 10-y Bond Auction,Medium,,-0.05|1.2,
2016-08-10,9:03am,USD,JOLTS Job Openings,Low,5.52M,5.51M,
2016-08-10,9:30am,USD,Crude Oil Inventories,High,-1.3M,1.4M,
2016-08-10,12:01pm,USD,10-y Bond Auction,Medium,,1.52|2.3,
2016-08-10,1:00pm,USD,Federal Budget Balance,Medium,-119.0B,6.3B,
2016-08-10,6:01pm,GBP,RICS House Price Balance,Medium,19%,15%,
2016-08-10,All Day,JPY,Bank Holiday,Low,,,
2016-08-11,4:00am,EUR,Italian Trade Balance,Medium,4.87B,5.03B,
2016-08-11,7:30am,USD,Unemployment Claims,High,272K,267K,
2016-08-11,7:30am,USD,Import Prices m/m,Low,-0.2%,0.6%,
2016-08-11,9:00am,USD,Mortgage Delinquencies,Low,,4.77%,
2016-08-11,9:30am,USD,Natural Gas Storage,Medium,24B,-6B,
2016-08-11,12:01pm,USD,30-y Bond Auction,Medium,,2.17|2.5,
2016-08-12,FriAug 12,EUR,German Final CPI m/m,Medium,0.3%,0.3%,
2016-08-12,FriAug 12,EUR,German WPI m/m,Medium,0.3%,0.6%,
2016-08-12,1:45am,EUR,French Prelim Private Payrolls q/q,Medium,0.2%,0.3%,
2016-08-12,3:00am,EUR,Italian Prelim GDP q/q,Medium,0.2%,0.3%,
2016-08-12,3:30am,GBP,Construction Output m/m,Medium,0.9%,-2.0%,
2016-08-12,4:00am,EUR,Flash GDP q/q,Low,0.3%,0.3%,
2016-08-12,4:00am,EUR,Industrial Production m/m,Medium,0.6%,-1.2%,
2016-08-12,7:30am,USD,Core Retail Sales m/m,High,0.2%,0.9%,
2016-08-12,7:30am,USD,PPI m/m,High,0.1%,0.5%,
2016-08-12,7:30am,USD,Retail Sales m/m,High,0.4%,0.8%,
2016-08-12,7:30am,USD,Core PPI m/m,Low,0.2%,0.4%,
2016-08-12,8:30am,GBP,CB Leading Index m/m,Medium,,-0.2%,
2016-08-12,9:00am,USD,Prelim UoM Consumer Sentiment,High,91.5,90.0,
2016-08-12,9:00am,USD,Business Inventories m/m,Medium,0.1%,0.2%,
2016-08-12,9:00am,USD,Prelim UoM Inflation Expectations,Medium,,2.7%,
2016-08-14,6:01pm,GBP,Rightmove HPI m/m,Medium,,-0.9%,
2016-08-14,6:50pm,JPY,Prelim GDP q/q,High,0.2%,0.5%,
2016-08-14,6:50pm,JPY,Prelim GDP Price Index y/y,Medium,0.7%,0.9%,
2016-08-14,11:30pm,JPY,Revised Industrial Production m/m,Medium,1.9%,1.9%,
2016-08-15,All Day,EUR,Italian Bank Holiday,Low,,,
2016-08-15,2:15am,CHF,PPI m/m,Low,-0.2%,0.1%,
2016-08-15,5:00am,EUR,German Buba Monthly Report,Medium,,,
2016-08-15,7:30am,USD,Empire State Manufacturing Index,Low,2.1,0.6,
2016-08-15,9:00am,USD,NAHB Housing Market Index,Medium,60,58,
2016-08-15,3:00pm,USD,TIC Long-Term Purchases,Medium,42.3B,40.8B,
2016-08-16,TueAug 16,GBP,PPI Input m/m,Low,0.6%,1.7%,
2016-08-16,TueAug 16,GBP,RPI y/y,Low,1.7%,1.6%,
2016-08-16,TueAug 16,GBP,Core CPI y/y,Medium,1.3%,1.4%,
2016-08-16,TueAug 16,GBP,HPI y/y,Medium,8.3%,8.5%,
2016-08-16,TueAug 16,GBP,PPI Output m/m,Medium,0.3%,0.3%,
2016-08-16,4:00am,EUR,German ZEW Economic Sentiment,High,2.1,-6.8,
2016-08-16,4:00am,EUR,ZEW Economic Sentiment,Low,-6.3,-14.7,
2016-08-16,4:00am,EUR,Trade Balance,Medium,23.2B,24.6B,
2016-08-16,7:30am,USD,Building Permits,High,1.16M,1.15M,
2016-08-16,7:30am,USD,Core CPI m/m,High,0.2%,0.2%,
2016-08-16,7:30am,USD,CPI m/m,High,0.0%,0.2%,
2016-08-16,7:30am,USD,CPI y/y,High,0.9%,1.0%,
2016-08-16,7:30am,USD,Housing Starts,Low,1.18M,1.19M,
2016-08-16,8:15am,USD,Capacity Utilization Rate,Low,75.7%,75.4%,
2016-08-16,8:15am,USD,Industrial Production m/m,Low,0.2%,0.4%,
2016-08-16,3:30pm,USD,API Weekly Statistical Bulletin,Medium,,,
2016-08-17,WedAug 17,GBP,Claimant Count Change,High,5.2K,0.9K,
2016-08-17,WedAug 17,GBP,Unemployment Rate,Low,4.9%,4.9%,
2016-08-17,4:00am,CHF,UBS Economic Expectations,Medium,,5.9,
2016-08-17,9:30am,USD,Crude Oil Inventories,High,0.3M,1.1M,
2016-08-17,12:00pm,USD,FOMC Member Bullard Speaks,Low,,,
2016-08-17,1:00pm,USD,FOMC Meeting Minutes,High,,,
2016-08-17,6:50pm,JPY,Trade Balance,Medium,0.14T,0.34T,
2016-08-18,3:30am,GBP,Retail Sales m/m,High,0.1%,-0.9%,
2016-08-18,4:00am,EUR,Final CPI y/y,Low,0.2%,0.2%,
2016-08-18,4:00am,EUR,Final Core CPI y/y,Medium,0.9%,0.9%,
2016-08-18,6:30am,EUR,ECB Monetary Policy Meeting Accounts,Low,,,
2016-08-18,7:30am,USD,Philly Fed Manufacturing Index,High,1.4,-2.9,
2016-08-18,7:30am,USD,Unemployment Claims,High,269K,266K,
2016-08-18,9:00am,USD,FOMC Member Dudley Speaks,Low,,,
2016-08-18,9:00am,USD,CB Leading Index m/m,Medium,0.3%,0.3%,
2016-08-18,9:30am,USD,Natural Gas Storage,Medium,26B,29B,
2016-08-18,11:30pm,JPY,All Industries Activity m/m,Medium,0.9%,-1.3%,
2016-08-19,3:30am,GBP,Public Sector Net Borrowing,Low,-2.3B,7.5B,
2016-08-22,9:00pm,JPY,Flash Manufacturing PMI,Medium,49.5,49.3,
2016-08-22,11:00pm,JPY,BOJ Gov Kuroda Speaks,High,,,
2016-08-23,2:00am,EUR,French Flash Manufacturing PMI,Low,49.1,48.6,
2016-08-23,2:00am,EUR,French Flash Services PMI,Low,50.6,50.5,
2016-08-23,2:30am,EUR,German Flash Manufacturing PMI,Low,53.7,53.8,
2016-08-23,2:30am,EUR,German Flash Services PMI,Low,54.3,54.4,
2016-08-23,3:00am,EUR,Flash Manufacturing PMI,Low,52.1,52.0,
2016-08-23,3:00am,EUR,Flash Services PMI,Low,53.0,52.9,
2016-08-23,5:00am,GBP,CBI Industrial Order Expectations,Medium,-9,-4,
2016-08-23,8:45am,USD,Flash Manufacturing PMI,Medium,53.1,52.9,
2016-08-23,8:59am,USD,Richmond Manufacturing Index,Medium,6,10,
2016-08-23,9:00am,EUR,Consumer Confidence,Medium,-8,-8,
2016-08-23,9:00am,USD,New Home Sales,Low,575K,582K,
2016-08-23,3:30pm,USD,API Weekly Statistical Bulletin,Medium,,,
2016-08-24,3:30am,GBP,High Street Lending,Medium,38.5K,39.8K,
2016-08-24,8:00am,EUR,Belgian NBB Business Climate,Medium,1.1,1.0,
2016-08-24,8:00am,USD,HPI m/m,Medium,0.3%,0.2%,
2016-08-24,9:00am,USD,Existing Home Sales,Low,5.52M,5.57M,
2016-08-24,9:30am,USD,Crude Oil Inventories,High,-0.5M,-2.5M,
2016-08-24,6:50pm,JPY,SPPI y/y,Medium,0.1%,0.2%,
2016-08-25,5:00am,GBP,CBI Realized Sales,Medium,-5,-14,
2016-08-25,7:30am,USD,Core Durable Goods Orders m/m,High,0.4%,-0.4%,
2016-08-25,7:30am,USD,Unemployment Claims,High,265K,262K,
2016-08-25,7:30am,USD,Durable Goods Orders m/m,Low,3.4%,-3.9%,
2016-08-25,8:45am,USD,Flash Services PMI,Medium,51.9,51.4,
2016-08-25,9:30am,USD,Natural Gas Storage,Medium,22B,22B,
2016-08-25,6:30pm,JPY,Tokyo Core CPI y/y,Low,-0.3%,-0.4%,
2016-08-25,6:30pm,JPY,National Core CPI y/y,Medium,-0.4%,-0.5%,
2016-08-26,1:00am,EUR,German GfK Consumer Climate,Medium,10.2,10.0,
2016-08-26,1:45am,EUR,French Prelim GDP q/q,Medium,0.0%,0.0%,
2016-08-26,3:00am,EUR,M3 Money Supply y/y,Low,5.0%,5.0%,
2016-08-26,3:00am,EUR,Private Loans y/y,Medium,1.8%,1.8%,
2016-08-26,3:30am,GBP,Second Estimate GDP q/q,High,0.6%,0.6%,
2016-08-26,3:30am,GBP,Prelim Business Investment q/q,Low,-0.9%,-0.6%,
2016-08-26,3:30am,GBP,Index of Services 3m/3m,Medium,0.4%,0.3%,
2016-08-26,7:30am,USD,Prelim GDP q/q,High,1.1%,1.2%,
2016-08-26,7:30am,USD,Goods Trade Balance,Medium,-62.3B,-64.5B,
2016-08-26,7:30am,USD,Prelim GDP Price Index q/q,Medium,2.2%,2.2%,
2016-08-26,7:30am,USD,Prelim Wholesale Inventories m/m,Medium,0.1%,0.3%,
2016-08-26,9:00am,USD,Fed Chair Yellen Speaks,High,,,
2016-08-26,9:00am,USD,Revised UoM Consumer Sentiment,Low,90.6,90.4,
2016-08-26,9:00am,USD,Revised UoM Inflation Expectations,Medium,,2.5%,
2016-08-26,9:30am,GBP,MPC Member Shafik Speaks,Low,,,
2016-08-27,11:25am,JPY,BOJ Gov Kuroda Speaks,High,,,
2016-08-29,7:30am,USD,Core PCE Price Index m/m,Low,0.1%,0.1%,
2016-08-29,7:30am,USD,Personal Spending m/m,Low,0.3%,0.5%,
2016-08-29,7:30am,USD,Personal Income m/m,Medium,0.4%,0.3%,
2016-08-29,6:30pm,JPY,Household Spending y/y,Low,-1.3%,-2.3%,
2016-08-29,6:30pm,JPY,Unemployment Rate,Medium,3.1%,3.1%,
2016-08-29,6:50pm,JPY,Retail Sales y/y,Medium,-0.9%,-1.3%,
2016-08-30,All Day,EUR,German Prelim CPI m/m,Low,0.1%,0.3%,
2016-08-30,2:00am,CHF,KOF Economic Barometer,Low,102.2,103.5,
2016-08-30,2:00am,EUR,Spanish Flash CPI y/y,Low,-0.5%,-0.6%,
2016-08-30,3:00am,EUR,Italian Retail Sales m/m,Medium,0.2%,0.3%,
2016-08-30,3:30am,GBP,Net Lending to Individuals m/m,Low,4.9B,5.1B,
2016-08-30,3:30am,GBP,M4 Money Supply m/m,Medium,1.2%,1.2%,
2016-08-30,3:30am,GBP,Mortgage Approvals,Medium,63K,64K,
2016-08-30,4:17am,EUR,Italian 10-y Bond Auction,Medium,,1.24|1.3,
2016-08-30,8:00am,USD,S&P/CS Composite-20 HPI y/y,Medium,5.1%,5.3%,
2016-08-30,9:00am,USD,CB Consumer Confidence,High,97.2,96.7,
2016-08-30,3:30pm,USD,API Weekly Statistical Bulletin,Medium,,,
2016-08-30,5:05pm,GBP,GfK Consumer Confidence,Medium,-8,-12,
2016-08-30,6:50pm,JPY,Prelim Industrial Production m/m,Medium,0.7%,2.3%,
2016-08-31,1:00am,CHF,UBS Consumption Indicator,Medium,,1.21,
2016-08-31,1:00am,EUR,German Retail Sales m/m,Low,0.5%,-0.6%,
2016-08-31,1:00am,GBP,Nationwide HPI m/m,Medium,-0.1%,0.5%,
2016-08-31,1:45am,EUR,French Consumer Spending m/m,Medium,0.3%,-0.8%,
2016-08-31,1:45am,EUR,French Prelim CPI m/m,Medium,0.4%,-0.4%,
2016-08-31,2:55am,EUR,German Unemployment Change,Low,-2K,-7K,
2016-08-31,3:00am,EUR,Italian Monthly Unemployment Rate,Medium,11.5%,11.6%,
2016-08-31,4:00am,EUR,Core CPI Flash Estimate y/y,Low,0.9%,0.9%,
2016-08-31,4:00am,EUR,CPI Flash Estimate y/y,Low,0.3%,0.2%,
2016-08-31,4:00am,EUR,Italian Prelim CPI m/m,Medium,0.1%,0.2%,
2016-08-31,4:00am,EUR,Unemployment Rate,Medium,10.0%,10.1%,
2016-08-31,7:15am,USD,ADP Non-Farm Employment Change,High,174K,194K,
2016-08-31,8:45am,USD,Chicago PMI,Low,54.1,55.8,
2016-08-31,9:00am,USD,Pending Home Sales m/m,Low,0.7%,-0.8%,
2016-08-31,9:30am,USD,Crude Oil Inventories,High,1.1M,2.5M,
2016-08-31,6:50pm,JPY,Capital Spending q/y,Low,5.6%,4.2%,
2016-08-31,7:30pm,JPY,Final Manufacturing PMI,Medium,49.6,49.6,
2016-08-31,10:45pm,JPY,10-y Bond Auction,Medium,,-0.05|3.2,
2016-09-01,2:15am,CHF,Retail Sales y/y,Medium,-3.1%,-3.5%,
2016-09-01,2:15am,EUR,Spanish Manufacturing PMI,Low,50.8,51.0,
2016-09-01,2:30am,CHF,Manufacturing PMI,Medium,50.5,50.1,
2016-09-01,2:45am,EUR,Italian Manufacturing PMI,Medium,51.3,51.2,
2016-09-01,2:50am,EUR,French Final Manufacturing PMI,Medium,48.5,48.5,
2016-09-01,2:55am,EUR,German Final Manufacturing PMI,Medium,53.6,53.6,
2016-09-01,3:00am,EUR,Final Manufacturing PMI,Medium,51.8,51.8,
2016-09-01,3:30am,GBP,Final Manufacturing PMI,High,49.1,48.3,
2016-09-01,3:50am,EUR,Spanish 10-y Bond Auction,Medium,,1.06|1.9,
2016-09-01,4:04am,EUR,French 10-y Bond Auction,Medium,,0.19|2.8,
2016-09-01,6:30am,USD,Challenger Job Cuts y/y,Medium,,-57.1%,
2016-09-01,7:30am,USD,Unemployment Claims,High,265K,261K,
2016-09-01,7:30am,USD,Revised Nonfarm Productivity q/q,Low,-0.6%,-0.5%,
2016-09-01,7:30am,USD,Revised Unit Labor Costs q/q,Medium,2.0%,2.0%,
2016-09-01,8:45am,USD,Final Manufacturing PMI,Medium,52.1,52.1,
2016-09-01,9:00am,USD,ISM Manufacturing PMI,High,52.0,52.6,
2016-09-01,9:00am,USD,Construction Spending m/m,Medium,0.6%,0.9%,
2016-09-01,9:00am,USD,ISM Manufacturing Prices,Medium,54.5,55.0,
2016-09-01,All Day,USD,Wards Total Vehicle Sales,Medium,17.2M,17.8M,
2016-09-01,9:30am,USD,Natural Gas Storage,Medium,38B,11B,
2016-09-01,All Day,USD,Total Vehicle Sales,Medium,17.2M,17.9M,
2016-09-01,6:50pm,JPY,Monetary Base y/y,Medium,23.1%,24.7%,
2016-09-02,2:00am,EUR,Spanish Unemployment Change,Low,15.0K,-84.0K,
2016-09-02,3:30am,GBP,Construction PMI,High,46.6,45.9,
2016-09-02,4:00am,EUR,PPI m/m,Medium,0.1%,0.8%,
2016-09-02,7:30am,USD,Average Hourly Earnings m/m,High,0.2%,0.3%,
2016-09-02,7:30am,USD,Non-Farm Employment Change,High,180K,275K,
2016-09-02,7:30am,USD,Unemployment Rate,High,4.8%,4.9%,
2016-09-02,7:30am,USD,Trade Balance,Low,-43.0B,-44.7B,
2016-09-02,9:00am,USD,Factory Orders m/m,Low,2.1%,-1.8%,
2016-09-04,6:01pm,GBP,BRC Shop Price Index y/y,Medium,,-1.6%,
2016-09-04,7:00pm,JPY,Average Cash Earnings y/y,Medium,0.5%,1.4%,
2016-09-04,9:30pm,JPY,BOJ Gov Kuroda Speaks,High,,,
2016-09-05,2:15am,EUR,Spanish Services PMI,Medium,55.1,54.1,
2016-09-05,2:45am,EUR,Italian Services PMI,Medium,51.8,52.0,
2016-09-05,2:50am,EUR,French Final Services PMI,Medium,52.0,52.0,
2016-09-05,2:55am,EUR,German Final Services PMI,Medium,53.3,53.3,
2016-09-05,3:00am,EUR,Final Services PMI,Medium,53.1,53.1,
2016-09-05,3:30am,EUR,Sentix Investor Confidence,Medium,5.1,4.2,
2016-09-05,3:30am,GBP,Final Services PMI,High,49.1,47.4,
2016-09-05,4:00am,EUR,Retail Sales m/m,Medium,0.5%,-0.1%,
2016-09-05,All Day,USD,Bank Holiday,Low,,,
2016-09-05,6:01pm,GBP,BRC Retail Sales Monitor y/y,Medium,,1.1%,
2016-09-05,10:45pm,JPY,30-y Bond Auction,Medium,,0.42|3.1,
2016-09-06,1:00am,EUR,German Factory Orders m/m,Medium,0.5%,-0.3%,
2016-09-06,2:15am,CHF,CPI m/m,Medium,-0.1%,-0.4%,
2016-09-06,3:10am,EUR,Retail PMI,Medium,,48.9,
2016-09-06,4:00am,EUR,Revised GDP q/q,Medium,0.3%,0.3%,
2016-09-06,4:33am,GBP,10-y Bond Auction,Medium,,0.91|2.3,
2016-09-06,8:59am,USD,RCM/TIPP Economic Optimism,Medium,48.6,48.4,
2016-09-06,9:00am,USD,ISM Services PMI,High,55.4,55.5,
2016-09-06,9:00am,USD,Labor Market Conditions Index m/m,Medium,,1.3,
2016-09-06,11:15am,CHF,SNB Chairman Jordan Speaks,High,,,
2016-09-07,1:00am,EUR,German Industrial Production m/m,Medium,0.0%,1.1%,
2016-09-07,1:45am,EUR,French Trade Balance,Medium,-3.7B,-3.5B,
2016-09-07,2:00am,CHF,Foreign Currency Reserves,Low,,616B,
2016-09-07,2:30am,GBP,Halifax HPI m/m,Low,-0.3%,-1.1%,
2016-09-07,3:30am,GBP,Manufacturing Production m/m,High,-0.4%,-0.2%,
2016-09-07,3:30am,GBP,Industrial Production m/m,Medium,-0.3%,0.0%,
2016-09-07,4:33am,EUR,German 10-y Bond Auction,Medium,,-0.09|1.4,
2016-09-07,8:15am,GBP,Monetary Policy Report Hearings,High,,,
2016-09-07,8:36am,GBP,NIESR GDP Estimate,Medium,,0.4%,
2016-09-07,9:00am,USD,FOMC Member George Speaks,Low,,,
2016-09-07,9:00am,USD,JOLTS Job Openings,Low,5.58M,5.64M,
2016-09-07,1:00pm,USD,Beige Book,Medium,,,
2016-09-07,3:30pm,USD,API Weekly Statistical Bulletin,Medium,,,
2016-09-07,6:01pm,GBP,RICS House Price Balance,Medium,5%,5%,
2016-09-07,6:50pm,JPY,Current Account,Low,1.59T,1.65T,
2016-09-07,6:50pm,JPY,Final GDP q/q,Low,0.0%,0.0%,
2016-09-07,6:50pm,JPY,Bank Lending y/y,Medium,,2.1%,
2016-09-07,6:50pm,JPY,Final GDP Price Index y/y,Medium,0.8%,0.8%,
2016-09-08,12:30am,EUR,French Final Private Payrolls q/q,Medium,0.2%,0.2%,
2016-09-08,6:45am,EUR,Main Refinancing Rate,High,0.00%,0.00%,
2016-09-08,6:45am,EUR,Monetary Policy Statement,High,,,
2016-09-08,7:30am,EUR,ECB Press Conference,High,,,
2016-09-08,7:30am,USD,Unemployment Claims,High,264K,263K,
2016-09-08,9:30am,USD,Natural Gas Storage,Medium,44B,51B,
2016-09-08,10:00am,USD,Crude Oil Inventories,High,0.6M,2.3M,
2016-09-08,2:00pm,USD,Consumer Credit m/m,Medium,15.7B,14.5B,
2016-09-08,6:50pm,JPY,M2 Money Stock y/y,Medium,3.3%,3.4%,
2016-09-08,11:30pm,JPY,Tertiary Industry Activity m/m,Medium,0.4%,0.7%,
2016-09-09,1:00am,EUR,German Trade Balance,Medium,21.2B,21.4B,
2016-09-09,1:45am,EUR,French Gov Budget Balance,Medium,,-61.8B,
2016-09-09,1:45am,EUR,French Industrial Production m/m,Medium,0.2%,-0.7%,
2016-09-09,3:30am,GBP,Goods Trade Balance,Low,-11.7B,-12.9B,
2016-09-09,3:30am,GBP,Construction Output m/m,Medium,-1.0%,-1.0%,
2016-09-09,3:30am,GBP,Consumer Inflation Expectations,Medium,,2.0%,
2016-09-09,All Day,EUR,Eurogroup Meetings,Low,,,
2016-09-09,7:15am,USD,FOMC Member Rosengren Speaks,Low,,,
2016-09-09,9:00am,USD,Final Wholesale Inventories m/m,Medium,0.1%,0.0%,
2016-09-11,SunSep 11,JPY,PPI y/y,Medium,-3.5%,-3.9%,
2016-09-12,3:00am,EUR,Italian Quarterly Unemployment Rate,Medium,11.5%,11.6%,
2016-09-12,8:30am,GBP,CB Leading Index m/m,Medium,,-0.3%,
2016-09-12,12:01pm,USD,10-y Bond Auction,Medium,,1.50|2.4,
2016-09-12,12:15pm,USD,FOMC Member Brainard Speaks,Low,,,
2016-09-12,6:50pm,JPY,BSI Manufacturing Index,Low,-6.5,-11.1,
2016-09-13,TueSep 13,EUR,German WPI m/m,Medium,0.1%,0.2%,
2016-09-13,2:15am,CHF,PPI m/m,Low,-0.2%,-0.1%,
2016-09-13,3:00am,EUR,Italian Industrial Production m/m,Medium,0.2%,-0.3%,
2016-09-13,3:30am,GBP,CPI y/y,High,0.7%,0.6%,
2016-09-13,3:30am,GBP,PPI Input m/m,Low,0.6%,3.1%,
2016-09-13,3:30am,GBP,RPI y/y,Low,1.8%,1.9%,
2016-09-13,3:30am,GBP,Core CPI y/y,Medium,1.4%,1.3%,
2016-09-13,3:30am,GBP,HPI y/y,Medium,8.5%,9.7%,
2016-09-13,3:30am,GBP,PPI Output m/m,Medium,0.3%,0.3%,
2016-09-13,4:00am,EUR,German ZEW Economic Sentiment,High,2.8,0.5,
2016-09-13,4:00am,EUR,ZEW Economic Sentiment,Low,6.7,4.6,
2016-09-13,4:00am,EUR,Final Employment Change q/q,Medium,0.2%,0.4%,
2016-09-13,5:00am,USD,NFIB Small Business Index,Medium,94.9,94.6,
2016-09-13,5:45am,EUR,ECB President Draghi Speaks,High,,,
2016-09-13,12:01pm,USD,30-y Bond Auction,Medium,,2.27|2.2,
2016-09-13,1:00pm,USD,Federal Budget Balance,Medium,-98.0B,-112.8B,
2016-09-13,3:30pm,USD,API Weekly Statistical Bulletin,Medium,,,
2016-09-13,11:33pm,JPY,Revised Industrial Production m/m,Medium,0.0%,0.0%,
2016-09-14,3:30am,GBP,Average Earnings Index 3m/y,High,2.1%,2.5%,
2016-09-14,3:30am,GBP,Claimant Count Change,High,1.7K,-3.6K,
2016-09-14,3:30am,GBP,Unemployment Rate,Low,4.9%,4.9%,
2016-09-14,4:00am,CHF,UBS Economic Expectations,Medium,,-2.8,
2016-09-14,4:00am,EUR,Industrial Production m/m,Medium,-0.8%,0.8%,
2016-09-14,4:33am,EUR,German 30-y Bond Auction,Medium,,0.45|1.5,
2016-09-14,7:30am,USD,Import Prices m/m,Low,-0.1%,0.1%,
2016-09-14,9:30am,USD,Crude Oil Inventories,High,2.8M,-14.5M,
2016-09-15,ThuSep 15,CHF,SNB Monetary Policy Assessment,High,,,
2016-09-15,3:30am,GBP,Retail Sales m/m,High,-0.4%,1.9%,
2016-09-15,3:45am,EUR,Spanish 10-y Bond Auction,Medium,,1.10|2.1,
2016-09-15,4:00am,EUR,Final CPI y/y,Low,0.2%,0.2%,
2016-09-15,4:00am,EUR,Final Core CPI y/y,Medium,0.8%,0.8%,
2016-09-15,4:00am,EUR,Trade Balance,Medium,22.1B,23.8B,
2016-09-15,6:00am,GBP,Monetary Policy Summary,High,,,
2016-09-15,6:00am,GBP,MPC Official Bank Rate Votes,High,0-0-9,0-9-0,
2016-09-15,6:00am,GBP,Official Bank Rate,High,0.25%,0.25%,
2016-09-15,6:00am,GBP,Asset Purchase Facility,Low,435B,435B,
2016-09-15,6:00am,GBP,MPC Asset Purchase Facility Votes,Low,0-0-9,6-0-3,
2016-09-15,7:30am,USD,Core Retail Sales m/m,High,0.3%,-0.4%,
2016-09-15,7:30am,USD,Philly Fed Manufacturing Index,High,1.1,2.0,
2016-09-15,7:30am,USD,PPI m/m,High,0.1%,-0.4%,
2016-09-15,7:30am,USD,Retail Sales m/m,High,-0.1%,0.1%,
2016-09-15,7:30am,USD,Unemployment Claims,High,262K,259K,
2016-09-15,7:30am,USD,Core PPI m/m,Low,0.1%,-0.3%,
2016-09-15,7:30am,USD,Current Account,Low,-120B,-132B,
2016-09-15,7:30am,USD,Empire State Manufacturing Index,Low,-0.9,-4.2,
2016-09-15,8:15am,USD,Capacity Utilization Rate,Low,75.8%,75.9%,
2016-09-15,8:15am,USD,Industrial Production m/m,Low,-0.2%,0.6%,
2016-09-15,9:00am,USD,Business Inventories m/m,Medium,0.1%,0.2%,
2016-09-15,9:30am,USD,Natural Gas Storage,Medium,57B,36B,
2016-09-16,All Day,EUR,EU Economic Summit,Low,,,
2016-09-16,7:30am,USD,Core CPI m/m,High,0.2%,0.1%,
2016-09-16,7:30am,USD,CPI m/m,High,0.1%,0.0%,
2016-09-16,7:30am,USD,CPI y/y,High,1.0%,0.8%,
2016-09-16,9:00am,USD,Prelim UoM Consumer Sentiment,High,91.0,89.8,
2016-09-16,9:00am,USD,Prelim UoM Inflation Expectations,Medium,,2.5%,
2016-09-16,3:00pm,USD,TIC Long-Term Purchases,Medium,30.2B,-0.5B,
2016-09-18,6:01pm,GBP,Rightmove HPI m/m,Medium,,-1.2%,
2016-09-18,All Day,JPY,Bank Holiday,Low,,,
2016-09-19,5:00am,EUR,German Buba Monthly Report,Medium,,,
2016-09-19,9:00am,USD,NAHB Housing Market Index,Medium,60,59,
2016-09-20,1:00am,CHF,Trade Balance,Medium,3.27B,2.81B,
2016-09-20,1:00am,EUR,German PPI m/m,Medium,0.1%,0.2%,
2016-09-20,4:34am,GBP,30-y Bond Auction,Medium,,2.10|1.4,
2016-09-20,7:30am,USD,Building Permits,High,1.17M,1.14M,
2016-09-20,7:30am,USD,Housing Starts,Low,1.19M,1.21M,
2016-09-20,3:30pm,USD,API Weekly Statistical Bulletin,Medium,,,
2016-09-20,6:52pm,JPY,Trade Balance,Medium,0.50T,0.34T,
2016-09-20,11:18pm,JPY,BOJ Policy Rate,High,-0.20%,-0.10%,
2016-09-20,11:18pm,JPY,Monetary Policy Statement,High,,,
2016-09-21,3:30am,GBP,Public Sector Net Borrowing,Low,10.5B,-2.4B,
2016-09-21,8:00am,CHF,SNB Quarterly Bulletin,Medium,,,
2016-09-21,9:30am,USD,Crude Oil Inventories,High,3.2M,-0.6M,
2016-09-21,1:00pm,USD,Federal Funds Rate,High,0.50%,0.50%,
2016-09-21,1:00pm,USD,FOMC Economic Projections,High,,,
2016-09-21,1:00pm,USD,FOMC Statement,High,,,
2016-09-21,1:30pm,USD,FOMC Press Conference,High,,,
2016-09-21,All Day,JPY,Bank Holiday,Low,,,
2016-09-22,3:30am,GBP,FPC Statement,Medium,,,
2016-09-22,4:30am,EUR,Long Term Refinancing Operation,Low,,399.3B,
2016-09-22,5:00am,GBP,CBI Industrial Order Expectations,Medium,-5,-5,
2016-09-22,7:00am,GBP,MPC Member Forbes Speaks,Low,,,
2016-09-22,7:30am,USD,Unemployment Claims,High,261K,260K,
2016-09-22,8:00am,EUR,ECB President Draghi Speaks,High,,,
2016-09-22,8:00am,USD,HPI m/m,Medium,0.3%,0.3%,
2016-09-22,8:30am,GBP,MPC Member Cunliffe Speaks,Low,,,
2016-09-22,9:00am,EUR,Consumer Confidence,Medium,-8,-9,
2016-09-22,9:00am,USD,Existing Home Sales,Low,5.45M,5.38M,
2016-09-22,9:00am,USD,CB Leading Index m/m,Medium,0.0%,0.5%,
2016-09-22,9:30am,USD,Natural Gas Storage,Medium,59B,62B,
2016-09-22,12:10pm,GBP,BOE Gov Carney Speaks,High,,,
2016-09-22,7:30pm,JPY,Flash Manufacturing PMI,Medium,49.3,49.5,
2016-09-22,11:30pm,JPY,All Industries Activity m/m,Medium,0.2%,1.0%,
2016-09-23,FriSep 23,EUR,French Flash Services PMI,Low,52.0,52.3,
2016-09-23,2:30am,EUR,German Flash Manufacturing PMI,Low,53.2,53.6,
2016-09-23,2:30am,EUR,German Flash Services PMI,Low,52.2,51.7,
2016-09-23,3:00am,EUR,Flash Manufacturing PMI,Low,51.5,51.7,
2016-09-23,3:00am,EUR,Flash Services PMI,Low,52.8,52.8,
2016-09-23,8:00am,EUR,Belgian NBB Business Climate,Medium,-2.6,-3.1,
2016-09-23,8:45am,USD,Flash Manufacturing PMI,Medium,52.1,52.0,
2016-09-26,3:00am,EUR,German ifo Business Climate,High,106.3,106.3,
2016-09-26,3:00am,EUR,Italian Retail Sales m/m,Medium,0.0%,0.3%,
2016-09-26,3:30am,GBP,High Street Lending,Medium,37.2K,37.7K,
2016-09-26,4:30am,CHF,SNB Chairman Jordan Speaks,High,,,
2016-09-26,9:00am,USD,New Home Sales,Low,598K,659K,
2016-09-26,9:05am,EUR,ECB President Draghi Speaks,High,,,
2016-09-26,10:45am,USD,FOMC Member Tarullo Speaks,Medium,,,
2016-09-26,6:50pm,JPY,Monetary Policy Meeting Minutes,Medium,,,
2016-09-26,6:50pm,JPY,SPPI y/y,Medium,0.3%,0.3%,
2016-09-27,3:00am,EUR,M3 Money Supply y/y,Low,4.9%,4.9%,
2016-09-27,3:00am,EUR,Private Loans y/y,Medium,1.9%,1.8%,
2016-09-27,5:00am,GBP,CBI Realized Sales,Medium,8,9,
2016-09-27,8:00am,USD,S&P/CS Composite-20 HPI y/y,Medium,5.0%,5.1%,
2016-09-27,8:45am,USD,Flash Services PMI,Medium,51.1,51.0,
2016-09-27,8:59am,USD,Richmond Manufacturing Index,Medium,-2,-11,
2016-09-27,9:00am,USD,CB Consumer Confidence,High,98.6,101.8,
2016-09-27,10:15am,USD,FOMC Member Fischer Speaks,Low,,,
2016-09-27,3:30pm,USD,API Weekly Statistical Bulletin,Medium,,,
2016-09-28,WedSep 28,EUR,German GfK Consumer Climate,Medium,10.2,10.2,
2016-09-28,3:05am,GBP,MPC Member Shafik Speaks,Low,,,
2016-09-28,7:30am,USD,Core Durable Goods Orders m/m,High,-0.5%,1.3%,
2016-09-28,7:30am,USD,Durable Goods Orders m/m,Low,-1.0%,3.6%,
2016-09-28,8:30am,EUR,ECB President Draghi Speaks,High,,,
2016-09-28,9:00am,USD,Fed Chair Yellen Testifies,High,,,
2016-09-28,9:10am,USD,FOMC Member Bullard Speaks,Low,,,
2016-09-28,9:30am,USD,Crude Oil Inventories,High,2.4M,-6.2M,
2016-09-28,3:35pm,USD,FOMC Member Mester Speaks,Low,,,
2016-09-28,6:50pm,JPY,Retail Sales y/y,Medium,-1.7%,-0.2%,
2016-09-28,7:00pm,USD,FOMC Member George Speaks,Low,,,
2016-09-29,1:35am,JPY,BOJ Gov Kuroda Speaks,High,,,
2016-09-29,2:00am,EUR,Spanish Flash CPI y/y,Low,0.1%,-0.1%,
2016-09-29,2:55am,EUR,German Unemployment Change,Low,-5K,-6K,
2016-09-29,3:30am,GBP,Net Lending to Individuals m/m,Low,4.0B,3.8B,
2016-09-29,3:30am,GBP,M4 Money Supply m/m,Medium,0.8%,1.2%,
2016-09-29,3:30am,GBP,Mortgage Approvals,Medium,60K,61K,
2016-09-29,4:15am,EUR,Italian 10-y Bond Auction,Medium,,1.14|1.4,
2016-09-29,7:30am,USD,Final GDP q/q,High,1.3%,1.1%,
2016-09-29,7:30am,USD,Unemployment Claims,High,260K,251K,
2016-09-29,7:30am,USD,Final GDP Price Index q/q,Medium,2.3%,2.3%,
2016-09-29,7:30am,USD,Goods Trade Balance,Medium,-62.6B,-58.8B,
2016-09-29,7:30am,USD,Prelim Wholesale Inventories m/m,Medium,0.0%,0.0%,
2016-09-29,8:00am,GBP,MPC Member Forbes Speaks,Low,,,
2016-09-29,9:00am,USD,FOMC Member Powell Speaks,Low,,,
2016-09-29,9:00am,USD,Pending Home Sales m/m,Low,-0.1%,1.2%,
2016-09-29,9:30am,USD,Natural Gas Storage,Medium,57B,52B,
2016-09-29,3:00pm,USD,Fed Chair Yellen Speaks,High,,,
2016-09-29,6:01pm,GBP,GfK Consumer Confidence,Medium,-5,-7,
2016-09-29,6:30pm,JPY,Household Spending y/y,Low,-2.1%,-0.5%,
2016-09-29,6:30pm,JPY,Tokyo Core CPI y/y,Low,-0.4%,-0.4%,
2016-09-29,6:30pm,JPY,National Core CPI y/y,Medium,-0.4%,-0.5%,
2016-09-29,6:30pm,JPY,Unemployment Rate,Medium,3.0%,3.0%,
2016-09-29,6:50pm,JPY,BOJ Summary of Opinions,Medium,,,
2016-09-29,6:50pm,JPY,Prelim Industrial Production m/m,Medium,0.5%,-0.4%,
2016-09-29,7:00pm,JPY,BOJ Gov Kuroda Speaks,High,,,
2016-09-30,FriSep 30,JPY,Housing Starts y/y,Medium,7.3%,8.9%,
2016-09-30,1:00am,EUR,German Retail Sales m/m,Low,-0.2%,0.5%,
2016-09-30,1:00am,GBP,Nationwide HPI m/m,Medium,0.3%,0.6%,
2016-09-30,1:45am,EUR,French Consumer Spending m/m,Medium,0.4%,-0.3%,
2016-09-30,1:45am,EUR,French Prelim CPI m/m,Medium,-0.3%,0.3%,
2016-09-30,2:00am,CHF,KOF Economic Barometer,Low,100.5,99.7,
2016-09-30,3:00am,EUR,Italian Monthly Unemployment Rate,Medium,11.4%,11.4%,
2016-09-30,3:30am,GBP,Current Account,High,-30.5B,-27.0B,
2016-09-30,3:30am,GBP,Final GDP q/q,Low,0.6%,0.6%,
2016-09-30,3:30am,GBP,Index of Services 3m/3m,Medium,0.3%,0.6%,
2016-09-30,3:30am,GBP,Revised Business Investment q/q,Medium,0.5%,0.5%,
2016-09-30,4:00am,EUR,Core CPI Flash Estimate y/y,Low,0.9%,0.8%,
2016-09-30,4:00am,EUR,CPI Flash Estimate y/y,Low,0.4%,0.2%,
2016-09-30,4:00am,EUR,Italian Prelim CPI m/m,Medium,-0.3%,0.2%,
2016-09-30,4:00am,EUR,Unemployment Rate,Medium,10.0%,10.1%,
2016-09-30,7:30am,USD,Core PCE Price Index m/m,Low,0.2%,0.1%,
2016-09-30,7:30am,USD,Personal Spending m/m,Low,0.2%,0.4%,
2016-09-30,7:30am,USD,Personal Income m/m,Medium,0.2%,0.4%,
2016-09-30,8:45am,USD,Chicago PMI,Low,52.1,51.5,
2016-09-30,9:00am,USD,Revised UoM Consumer Sentiment,Low,90.1,89.8,
2016-09-30,9:00am,USD,Revised UoM Inflation Expectations,Medium,,2.3%,
2016-10-02,6:50pm,JPY,Tankan Manufacturing Index,Low,7,6,
2016-10-02,6:50pm,JPY,Tankan Non-Manufacturing Index,Low,18,19,
2016-10-02,7:30pm,JPY,Final Manufacturing PMI,Medium,50.3,50.3,
2016-10-03,2:15am,CHF,Retail Sales y/y,Medium,-1.6%,-2.7%,
2016-10-03,2:15am,EUR,Spanish Manufacturing PMI,Low,51.6,51.0,
2016-10-03,2:30am,CHF,Manufacturing PMI,Medium,51.9,51.0,
2016-10-03,2:45am,EUR,Italian Manufacturing PMI,Medium,50.2,49.8,
2016-10-03,2:50am,EUR,French Final Manufacturing PMI,Medium,49.5,49.5,
2016-10-03,2:55am,EUR,German Final Manufacturing PMI,Medium,54.3,54.3,
2016-10-03,3:00am,EUR,Final Manufacturing PMI,Medium,52.6,52.6,
2016-10-03,3:30am,GBP,Final Manufacturing PMI,High,52.1,53.4,
2016-10-03,3:30am,GBP,FPC Meeting Minutes,Medium,,,
2016-10-03,8:45am,USD,Final Manufacturing PMI,Medium,51.4,51.4,
2016-10-03,9:00am,USD,ISM Manufacturing PMI,High,50.4,49.4,
2016-10-03,9:00am,USD,Construction Spending m/m,Medium,0.3%,-0.3%,
2016-10-03,9:00am,USD,ISM Manufacturing Prices,Medium,53.5,53.0,
2016-10-03,All Day,USD,Wards Total Vehicle Sales,Medium,17.5M,17.1M,
2016-10-03,All Day,USD,Total Vehicle Sales,Medium,17.4M,17.0M,
2016-10-03,6:50pm,JPY,Monetary Base y/y,Medium,23.4%,24.2%,
2016-10-03,10:45pm,JPY,10-y Bond Auction,Medium,,-0.05|3.7,
2016-10-04,2:00am,EUR,Spanish Unemployment Change,Low,23.5K,14.4K,
2016-10-04,3:30am,GBP,Construction PMI,High,49.1,49.2,
2016-10-04,4:00am,EUR,PPI m/m,Medium,0.0%,0.3%,
2016-10-04,3:30pm,USD,API Weekly Statistical Bulletin,Medium,,,
2016-10-04,6:01pm,GBP,BRC Shop Price Index y/y,Medium,,-2.0%,
2016-10-05,2:15am,EUR,Spanish Services PMI,Medium,54.8,56.0,
2016-10-05,2:45am,EUR,Italian Services PMI,Medium,52.1,52.3,
2016-10-05,2:50am,EUR,French Final Services PMI,Medium,54.1,54.1,
2016-10-05,2:55am,EUR,German Final Services PMI,Medium,50.6,50.6,
2016-10-05,3:00am,EUR,Final Services PMI,Medium,52.1,52.1,
2016-10-05,3:30am,GBP,Final Services PMI,High,52.1,52.9,
2016-10-05,4:00am,EUR,Retail Sales m/m,Medium,-0.1%,0.3%,
2016-10-05,4:34am,EUR,German 10-y Bond Auction,Medium,,-0.11|1.1,
2016-10-05,7:15am,USD,ADP Non-Farm Employment Change,High,166K,175K,
2016-10-05,7:30am,USD,Trade Balance,Low,-41.1B,-39.5B,
2016-10-05,8:45am,USD,Final Services PMI,Medium,51.9,51.9,
2016-10-05,9:00am,USD,ISM Services PMI,High,53.1,51.4,
2016-10-05,9:00am,USD,Factory Orders m/m,Low,-0.4%,1.4%,
2016-10-05,9:30am,USD,Crude Oil Inventories,High,1.1M,-1.9M,
2016-10-06,2:15am,CHF,CPI m/m,Medium,0.2%,-0.1%,
2016-10-06,3:10am,EUR,Retail PMI,Medium,,51.0,
2016-10-06,3:30am,GBP,Housing Equity Withdrawal q/q,Medium,-5.4B,-5.1B,
2016-10-06,3:47am,EUR,Spanish 10-y Bond Auction,Medium,,1.13|2.2,
2016-10-06,3:58am,EUR,French 10-y Bond Auction,Medium,,0.26|2.1,
2016-10-06,4:36am,GBP,30-y Bond Auction,Medium,,1.53|1.9,
2016-10-06,6:30am,EUR,ECB Monetary Policy Meeting Accounts,Low,,,
2016-10-06,6:30am,USD,Challenger Job Cuts y/y,Medium,,-21.8%,
2016-10-06,7:30am,USD,Unemployment Claims,High,255K,254K,
2016-10-06,9:30am,USD,Natural Gas Storage,Medium,67B,49B,
2016-10-06,7:00pm,JPY,Average Cash Earnings y/y,Medium,0.5%,1.2%,
2016-10-07,1:00am,EUR,German Industrial Production m/m,Medium,1.1%,-1.5%,
2016-10-07,1:45am,EUR,French Gov Budget Balance,Medium,,-80.8B,
2016-10-07,1:45am,EUR,French Industrial Production m/m,Medium,0.7%,-0.5%,
2016-10-07,1:45am,EUR,French Trade Balance,Medium,-4.3B,-4.3B,
2016-10-07,2:00am,CHF,Foreign Currency Reserves,Low,,627B,
2016-10-07,2:30am,GBP,Halifax HPI m/m,Low,0.0%,-0.3%,
2016-10-07,3:30am,GBP,Manufacturing Production m/m,High,0.4%,-0.9%,
2016-10-07,3:30am,GBP,Goods Trade Balance,Low,-11.1B,-9.5B,
2016-10-07,3:30am,GBP,Industrial Production m/m,Medium,0.1%,0.1%,
2016-10-07,7:30am,USD,Average Hourly Earnings m/m,High,0.2%,0.1%,
2016-10-07,7:30am,USD,Non-Farm Employment Change,High,171K,167K,
2016-10-07,7:30am,USD,Unemployment Rate,High,4.9%,4.9%,
2016-10-07,8:12am,GBP,NIESR GDP Estimate,Medium,,0.5%,
2016-10-07,9:00am,USD,Final Wholesale Inventories m/m,Medium,-0.1%,-0.1%,
2016-10-07,9:30am,USD,FOMC Member Fischer Speaks,Low,,,
2016-10-07,11:45am,USD,FOMC Member Mester Speaks,Low,,,
2016-10-07,2:00pm,USD,FOMC Member George Speaks,Low,,,
2016-10-07,2:00pm,USD,Consumer Credit m/m,Medium,16.8B,17.8B,
2016-10-07,3:00pm,USD,FOMC Member Brainard Speaks,Low,,,
2016-10-08,12:00pm,EUR,German Buba President Weidmann Speaks,Low,,,
2016-10-09,All Day,JPY,Bank Holiday,Low,,,
2016-10-10,1:00am,EUR,German Trade Balance,Medium,19.3B,19.4B,
2016-10-10,3:00am,EUR,Italian Industrial Production m/m,Medium,-0.2%,0.7%,
2016-10-10,3:30am,EUR,Sentix Investor Confidence,Medium,6.2,5.6,
2016-10-10,All Day,EUR,Eurogroup Meetings,Low,,,
2016-10-10,All Day,USD,Bank Holiday,Low,,,
2016-10-10,6:01pm,GBP,BRC Retail Sales Monitor y/y,Medium,,-0.9%,
2016-10-10,6:50pm,JPY,Current Account,Low,1.58T,1.45T,
2016-10-11,4:00am,EUR,ZEW Economic Sentiment,Low,6.3,5.4,
2016-10-11,4:00am,EUR,German ZEW Economic Sentiment,Low,4.2,0.5,
2016-10-11,4:00am,GBP,MPC Member Saunders Speaks,Low,,,
2016-10-11,5:00am,USD,NFIB Small Business Index,Medium,95.2,94.4,
2016-10-11,All Day,EUR,ECOFIN Meetings,Low,,,
2016-10-11,9:18am,USD,Labor Market Conditions Index m/m,Medium,,-1.3,
2016-10-11,6:50pm,JPY,Core Machinery Orders m/m,Medium,-4.4%,4.9%,
2016-10-11,10:45pm,JPY,30-y Bond Auction,Medium,,0.50|3.1,
2016-10-12,1:00am,EUR,German WPI m/m,Medium,0.3%,-0.7%,
2016-10-12,1:45am,EUR,French Final CPI m/m,Medium,-0.2%,-0.2%,
2016-10-12,2:39am,CHF,Gov Board Member Zurbrugg Speaks,Low,,,
2016-10-12,4:00am,CHF,UBS Economic Expectations,Medium,,2.7,
2016-10-12,4:00am,EUR,Industrial Production m/m,Medium,1.4%,-0.7%,
2016-10-12,4:00am,GBP,MPC Member Cunliffe Speaks,Low,,,
2016-10-12,7:00am,USD,FOMC Member Dudley Speaks,Low,,,
2016-10-12,8:40am,USD,FOMC Member George Speaks,Low,,,
2016-10-12,9:00am,USD,JOLTS Job Openings,Low,5.79M,5.83M,
2016-10-12,12:01pm,USD,10-y Bond Auction,Medium,,1.70|2.4,
2016-10-12,1:00pm,USD,FOMC Meeting Minutes,High,,,
2016-10-12,3:30pm,USD,API Weekly Statistical Bulletin,Medium,,,
2016-10-12,6:01pm,GBP,RICS House Price Balance,Medium,14%,13%,
2016-10-12,6:50pm,JPY,Bank Lending y/y,Medium,2.0%,2.0%,
2016-10-12,11:30pm,JPY,Tertiary Industry Activity m/m,Medium,-0.2%,0.2%,
2016-10-13,7:30am,USD,Unemployment Claims,High,252K,246K,
2016-10-13,7:30am,USD,Import Prices m/m,Low,0.1%,-0.2%,
2016-10-13,9:30am,USD,Natural Gas Storage,Medium,84B,80B,
2016-10-13,10:00am,USD,Crude Oil Inventories,High,0.4M,-3.0M,
2016-10-13,12:01pm,USD,30-y Bond Auction,Medium,,2.48|2.1,
2016-10-13,6:50pm,JPY,M2 Money Stock y/y,Medium,3.4%,3.3%,
2016-10-13,6:50pm,JPY,PPI y/y,Medium,-3.2%,-3.6%,
2016-10-14,3:30am,GBP,BOE Credit Conditions Survey,Low,,,
2016-10-14,3:30am,GBP,Construction Output m/m,Medium,0.0%,0.5%,
2016-10-14,4:00am,EUR,Trade Balance,Medium,20.5B,20.8B,
2016-10-14,6:45am,GBP,MPC Member Forbes Speaks,Low,,,
2016-10-14,7:30am,USD,Core Retail Sales m/m,High,0.4%,-0.2%,
2016-10-14,7:30am,USD,PPI m/m,High,0.2%,0.0%,
2016-10-14,7:30am,USD,Retail Sales m/m,High,0.6%,-0.2%,
2016-10-14,7:30am,USD,Core PPI m/m,Low,0.1%,0.1%,
2016-10-14,7:30am,USD,FOMC Member Rosengren Speaks,Low,,,
2016-10-14,8:30am,GBP,BOE Gov Carney Speaks,High,,,
2016-10-14,9:00am,USD,Prelim UoM Consumer Sentiment,High,92.1,91.2,
2016-10-14,9:00am,USD,Business Inventories m/m,Medium,0.1%,0.0%,
2016-10-14,9:00am,USD,Prelim UoM Inflation Expectations,Medium,,2.4%,
2016-10-14,12:30pm,USD,Fed Chair Yellen Speaks,High,,,
2016-10-14,2:00pm,USD,Treasury Currency Report,Low,,,
2016-10-14,3:00pm,USD,Federal Budget Balance,Medium,30.0B,-107.1B,
2016-10-16,6:01pm,GBP,Rightmove HPI m/m,Medium,,0.7%,
2016-10-16,11:30pm,JPY,Revised Industrial Production m/m,Medium,1.5%,1.5%,
2016-10-17,4:00am,EUR,Final CPI y/y,Low,0.4%,0.4%,
2016-10-17,4:00am,EUR,Final Core CPI y/y,Medium,0.8%,0.8%,
2016-10-17,7:30am,USD,Empire State Manufacturing Index,Low,1.1,-2.0,
2016-10-17,8:15am,USD,Capacity Utilization Rate,Low,75.6%,75.3%,
2016-10-17,8:15am,USD,Industrial Production m/m,Low,0.3%,-0.5%,
2016-10-17,8:30am,GBP,CB Leading Index m/m,Medium,,-0.2%,
2016-10-17,9:45am,GBP,MPC Member Broadbent Speaks,Low,,,
2016-10-17,11:15am,USD,FOMC Member Fischer Speaks,Low,,,
2016-10-17,12:35pm,EUR,ECB President Draghi Speaks,High,,,
2016-10-17,12:35pm,EUR,German Buba President Weidmann Speaks,Low,,,
2016-10-18,3:30am,GBP,CPI y/y,High,0.9%,0.6%,
2016-10-18,3:30am,GBP,PPI Input m/m,Low,0.4%,0.2%,
2016-10-18,3:30am,GBP,RPI y/y,Low,2.0%,1.8%,
2016-10-18,3:30am,GBP,Core CPI y/y,Medium,1.4%,1.3%,
2016-10-18,3:30am,GBP,HPI y/y,Medium,7.9%,8.0%,
2016-10-18,3:30am,GBP,PPI Output m/m,Medium,0.2%,0.1%,
2016-10-18,7:30am,USD,Core CPI m/m,High,0.2%,0.3%,
2016-10-18,7:30am,USD,CPI m/m,High,0.3%,0.2%,
2016-10-18,7:30am,USD,CPI y/y,High,1.5%,1.1%,
2016-10-18,9:00am,USD,NAHB Housing Market Index,Medium,64,65,
2016-10-18,3:00pm,USD,TIC Long-Term Purchases,Medium,22.0B,102.8B,
2016-10-18,3:30pm,USD,API Weekly Statistical Bulletin,Medium,,,
2016-10-18,11:30pm,JPY,All Industries Activity m/m,Medium,0.2%,0.2%,
2016-10-19,WedOct 19,GBP,Claimant Count Change,High,3.4K,7.1K,
2016-10-19,WedOct 19,GBP,Unemployment Rate,Low,4.9%,4.9%,
2016-10-19,4:34am,EUR,German 30-y Bond Auction,Medium,,0.62|1.7,
2016-10-19,4:34am,GBP,10-y Bond Auction,Medium,,0.69|1.7,
2016-10-19,7:30am,USD,Building Permits,High,1.17M,1.15M,
2016-10-19,7:30am,USD,Housing Starts,Low,1.18M,1.15M,
2016-10-19,9:30am,USD,Crude Oil Inventories,High,2.2M,4.9M,
2016-10-19,12:00pm,GBP,MPC Member Haldane Speaks,Low,,,
2016-10-19,1:00pm,USD,Beige Book,Medium,,,
2016-10-19,6:45pm,USD,FOMC Member Dudley Speaks,Low,,,
2016-10-20,ThuOct 20,EUR,German PPI m/m,Medium,0.3%,-0.1%,
2016-10-20,3:00am,EUR,Current Account,Medium,24.3B,27.7B,
2016-10-20,3:30am,GBP,Retail Sales m/m,High,0.3%,0.0%,
2016-10-20,3:53am,EUR,Spanish 10-y Bond Auction,Medium,,1.07|1.8,
2016-10-20,Day 1,EUR,EU Economic Summit,Low,,,
2016-10-20,6:45am,EUR,Main Refinancing Rate,High,0.00%,0.00%,
2016-10-20,6:45am,EUR,Monetary Policy Statement,High,,,
2016-10-20,7:30am,EUR,ECB Press Conference,High,,,
2016-10-20,7:30am,USD,Philly Fed Manufacturing Index,High,5.2,12.8,
2016-10-20,7:30am,USD,Unemployment Claims,High,251K,247K,
2016-10-20,7:30am,USD,FOMC Member Dudley Speaks,Low,,,
2016-10-20,8:00am,GBP,MPC Member Shafik Speaks,Low,,,
2016-10-20,9:00am,USD,Existing Home Sales,Low,5.36M,5.30M,
2016-10-20,9:00am,USD,CB Leading Index m/m,Medium,0.2%,-0.2%,
2016-10-20,9:30am,USD,Natural Gas Storage,Medium,72B,79B,
2016-10-20,7:54pm,JPY,BOJ Gov Kuroda Speaks,High,,,
2016-10-21,4:00am,EUR,German Buba President Weidmann Speaks,Low,,,
2016-10-21,Day 2,EUR,EU Economic Summit,Low,,,
2016-10-21,8:00am,EUR,Belgian NBB Business Climate,Medium,-1.5,-2.2,
2016-10-21,9:00am,EUR,Consumer Confidence,Medium,-8,-8,
2016-10-21,9:15am,USD,FOMC Member Tarullo Speaks,Medium,,,
2016-10-23,6:50pm,JPY,Trade Balance,Medium,0.21T,0.36T,
2016-10-23,7:30pm,JPY,Flash Manufacturing PMI,Medium,50.6,50.4,
2016-10-24,2:00am,EUR,French Flash Manufacturing PMI,Low,50.2,49.7,
2016-10-24,2:00am,EUR,French Flash Services PMI,Low,54.1,53.3,
2016-10-24,2:30am,EUR,German Flash Manufacturing PMI,Low,54.3,54.3,
2016-10-24,2:30am,EUR,German Flash Services PMI,Low,51.9,50.9,
2016-10-24,3:00am,EUR,Flash Manufacturing PMI,Low,52.7,52.6,
2016-10-24,3:00am,EUR,Flash Services PMI,Low,52.4,52.2,
2016-10-24,5:00am,EUR,German Buba Monthly Report,Medium,,,
2016-10-24,5:00am,GBP,CBI Industrial Order Expectations,Medium,-2,-5,
2016-10-24,8:00am,USD,FOMC Member Dudley Speaks,Low,,,
2016-10-24,8:05am,USD,FOMC Member Bullard Speaks,Low,,,
2016-10-24,8:45am,USD,Flash Manufacturing PMI,Medium,51.6,51.5,
2016-10-24,11:15am,CHF,SNB Chairman Jordan Speaks,High,,,
2016-10-25,8:00am,USD,HPI m/m,Medium,0.5%,0.5%,
2016-10-25,8:00am,USD,S&P/CS Composite-20 HPI y/y,Medium,5.1%,5.0%,
2016-10-25,8:59am,USD,Richmond Manufacturing Index,Medium,-5,-8,
2016-10-25,9:00am,USD,CB Consumer Confidence,High,101.5,103.5,
2016-10-25,9:00am,USD,RCM/TIPP Economic Optimism,Medium,47.6,46.7,
2016-10-25,9:35am,GBP,BOE Gov Carney Speaks,High,,,
2016-10-25,10:30am,EUR,ECB President Draghi Speaks,High,,,
2016-10-25,3:30pm,USD,API Weekly Statistical Bulletin,Medium,,,
2016-10-25,6:50pm,JPY,SPPI y/y,Medium,0.2%,0.2%,
2016-10-26,WedOct 26,EUR,German Import Prices m/m,Medium,0.1%,-0.2%,
2016-10-26,3:00am,EUR,Italian Retail Sales m/m,Medium,0.2%,-0.2%,
2016-10-26,3:30am,GBP,High Street Lending,Medium,37.3K,37.2K,
2016-10-26,7:30am,USD,Goods Trade Balance,Medium,-60.6B,-59.2B,
2016-10-26,7:30am,USD,Prelim Wholesale Inventories m/m,Medium,0.1%,-0.2%,
2016-10-26,8:45am,USD,Flash Services PMI,Medium,52.4,52.3,
2016-10-26,9:00am,USD,New Home Sales,Low,601K,575K,
2016-10-26,9:30am,USD,Crude Oil Inventories,High,0.7M,-5.2M,
2016-10-27,2:00am,EUR,Spanish Unemployment Rate,Low,19.3%,20.0%,
2016-10-27,3:00am,EUR,M3 Money Supply y/y,Low,5.1%,5.1%,
2016-10-27,3:00am,EUR,Private Loans y/y,Medium,1.9%,1.8%,
2016-10-27,3:30am,GBP,Prelim GDP q/q,High,0.3%,0.7%,
2016-10-27,3:30am,GBP,Index of Services 3m/3m,Medium,0.8%,0.6%,
2016-10-27,5:00am,GBP,CBI Realized Sales,Medium,-2,-8,
2016-10-27,7:30am,USD,Core Durable Goods Orders m/m,High,0.2%,-0.2%,
2016-10-27,7:30am,USD,Unemployment Claims,High,261K,261K,
2016-10-27,7:30am,USD,Durable Goods Orders m/m,Low,0.1%,0.1%,
2016-10-27,9:00am,USD,Pending Home Sales m/m,Low,1.2%,-2.5%,
2016-10-27,9:30am,USD,Natural Gas Storage,Medium,71B,77B,
2016-10-27,6:01pm,GBP,GfK Consumer Confidence,Medium,-2,-1,
2016-10-27,6:30pm,JPY,Household Spending y/y,Low,-2.6%,-4.6%,
2016-10-27,6:30pm,JPY,Tokyo Core CPI y/y,Low,-0.5%,-0.5%,
2016-10-27,6:30pm,JPY,National Core CPI y/y,Medium,-0.5%,-0.5%,
2016-10-27,6:30pm,JPY,Unemployment Rate,Medium,3.1%,3.1%,
2016-10-28,12:30am,EUR,French Flash GDP q/q,Medium,0.3%,-0.1%,
2016-10-28,All Day,EUR,German Prelim CPI m/m,Low,0.1%,0.1%,
2016-10-28,1:45am,EUR,French Consumer Spending m/m,Medium,0.3%,0.8%,
2016-10-28,1:45am,EUR,French Prelim CPI m/m,Medium,0.2%,-0.2%,
2016-10-28,2:00am,CHF,KOF Economic Barometer,Low,101.8,101.6,
2016-10-28,2:00am,EUR,Spanish Flash CPI y/y,Low,0.3%,0.2%,
2016-10-28,2:00am,EUR,Spanish Flash GDP q/q,Low,0.7%,0.8%,
2016-10-28,4:21am,EUR,Italian 10-y Bond Auction,Medium,,1.21|1.4,
2016-10-28,7:30am,USD,Advance GDP q/q,High,2.5%,1.4%,
2016-10-28,7:30am,USD,Advance GDP Price Index q/q,Low,1.3%,2.3%,
2016-10-28,7:30am,USD,Employment Cost Index q/q,Low,0.6%,0.6%,
2016-10-28,9:00am,USD,Revised UoM Consumer Sentiment,Low,88.2,87.9,
2016-10-28,9:00am,USD,Revised UoM Inflation Expectations,Medium,,2.4%,
2016-10-29,SatOct 29,EUR,Daylight Saving Time Shift,Low,,,
2016-10-29,SatOct 29,GBP,Daylight Saving Time Shift,Low,,,
2016-10-30,6:50pm,JPY,Prelim Industrial Production m/m,Medium,0.9%,1.3%,
2016-10-30,6:50pm,JPY,Retail Sales y/y,Medium,-1.7%,-2.2%,
2016-10-31,2:00am,EUR,German Retail Sales m/m,Low,0.2%,-0.3%,
2016-10-31,4:30am,GBP,Net Lending to Individuals m/m,Low,4.6B,4.7B,
2016-10-31,4:30am,GBP,M4 Money Supply m/m,Medium,0.6%,1.0%,
2016-10-31,4:30am,GBP,Mortgage Approvals,Medium,62K,61K,
2016-10-31,5:00am,EUR,Core CPI Flash Estimate y/y,Low,0.8%,0.8%,
2016-10-31,5:00am,EUR,CPI Flash Estimate y/y,Low,0.5%,0.4%,
2016-10-31,5:00am,EUR,Prelim Flash GDP q/q,Low,0.3%,0.3%,
2016-10-31,5:00am,EUR,Italian Prelim CPI m/m,Medium,0.2%,-0.2%,
2016-10-31,7:30am,USD,Core PCE Price Index m/m,Low,0.1%,0.2%,
2016-10-31,7:30am,USD,Personal Spending m/m,Low,0.5%,-0.1%,
2016-10-31,7:30am,USD,Personal Income m/m,Medium,0.3%,0.2%,
2016-10-31,8:45am,USD,Chicago PMI,Low,54.1,54.2,
2016-10-31,7:30pm,JPY,Final Manufacturing PMI,Medium,51.7,51.7,
2016-10-31,9:55pm,JPY,BOJ Outlook Report,High,,,
2016-10-31,9:55pm,JPY,BOJ Policy Rate,High,-0.10%,-0.10%,
2016-10-31,9:55pm,JPY,Monetary Policy Statement,High,,,
2016-11-01,1:30am,JPY,BOJ Press Conference,High,,,
2016-11-01,All Day,EUR,French Bank Holiday,Low,,,
2016-11-01,All Day,EUR,Italian Bank Holiday,Low,,,
2016-11-01,3:15am,CHF,Retail Sales y/y,Medium,-2.3%,-2.8%,
2016-11-01,3:30am,CHF,Manufacturing PMI,Medium,53.9,53.2,
2016-11-01,4:30am,GBP,Final Manufacturing PMI,High,54.6,55.5,
2016-11-01,8:45am,USD,Final Manufacturing PMI,Medium,53.3,53.2,
2016-11-01,9:00am,USD,ISM Manufacturing PMI,High,51.8,51.5,
2016-11-01,9:00am,USD,Construction Spending m/m,Medium,0.5%,-0.5%,
2016-11-01,9:00am,USD,ISM Manufacturing Prices,Medium,54.0,53.0,
2016-11-01,9:00am,USD,RCM/TIPP Economic Optimism,Medium,48.7,51.3,
2016-11-01,All Day,USD,Wards Total Vehicle Sales,Medium,17.6M,17.7M,
2016-11-01,All Day,USD,Total Vehicle Sales,Medium,17.5M,17.8M,
2016-11-01,3:30pm,USD,API Weekly Statistical Bulletin,Medium,,,
2016-11-01,6:50pm,JPY,Monetary Base y/y,Medium,21.8%,22.7%,
2016-11-01,7:01pm,GBP,BRC Shop Price Index y/y,Medium,,-1.8%,
2016-11-02,2:00am,GBP,Nationwide HPI m/m,Medium,0.2%,0.3%,
2016-11-02,3:15am,EUR,Spanish Manufacturing PMI,Low,52.7,52.3,
2016-11-02,3:45am,EUR,Italian Manufacturing PMI,Medium,51.5,51.0,
2016-11-02,3:50am,EUR,French Final Manufacturing PMI,Medium,51.3,51.3,
2016-11-02,3:55am,EUR,German Unemployment Change,Low,0K,0K,
2016-11-02,3:55am,EUR,German Final Manufacturing PMI,Medium,55.1,55.1,
2016-11-02,4:00am,EUR,Final Manufacturing PMI,Medium,55.3,53.3,
2016-11-02,4:30am,GBP,Construction PMI,High,51.9,52.3,
2016-11-02,5:32am,EUR,German 10-y Bond Auction,Medium,,-0.03|1.4,
2016-11-02,7:15am,USD,ADP Non-Farm Employment Change,High,166K,202K,
2016-11-02,9:30am,USD,Crude Oil Inventories,High,1.6M,-0.6M,
2016-11-02,1:00pm,USD,Federal Funds Rate,High,0.50%,0.50%,
2016-11-02,1:00pm,USD,FOMC Statement,High,,,
2016-11-02,All Day,JPY,Bank Holiday,Low,,,
2016-11-03,3:00am,EUR,Spanish Unemployment Change,Low,77.3K,22.8K,
2016-11-03,4:00am,EUR,ECB Economic Bulletin,Medium,,,
2016-11-03,4:00am,EUR,Italian Monthly Unemployment Rate,Medium,11.4%,11.5%,
2016-11-03,4:30am,GBP,Final Services PMI,High,52.5,52.6,
2016-11-03,4:50am,EUR,Spanish 10-y Bond Auction,Medium,,1.04|1.9,
2016-11-03,4:57am,EUR,French 10-y Bond Auction,Medium,,0.28|3.1,
2016-11-03,5:00am,EUR,Unemployment Rate,Medium,10.0%,10.0%,
2016-11-03,5:00am,GBP,EU Membership Court Ruling,High,,,
2016-11-03,6:30am,USD,Challenger Job Cuts y/y,Medium,,-24.7%,
2016-11-03,7:00am,GBP,BOE Monetary Policy Report,High,,,
2016-11-03,7:00am,GBP,Monetary Policy Summary,High,,,
2016-11-03,7:00am,GBP,MPC Official Bank Rate Votes,High,0-0-9,0-0-9,
2016-11-03,7:00am,GBP,Official Bank Rate,High,0.25%,0.25%,
2016-11-03,7:00am,GBP,Asset Purchase Facility,Low,435B,435B,
2016-11-03,7:00am,GBP,MPC Asset Purchase Facility Votes,Low,0-0-9,0-0-9,
2016-11-03,7:30am,GBP,BOE Gov Carney Speaks,High,,,
2016-11-03,7:30am,USD,Unemployment Claims,High,257K,258K,
2016-11-03,7:30am,USD,Prelim Nonfarm Productivity q/q,Low,1.7%,-0.6%,
2016-11-03,7:30am,USD,Prelim Unit Labor Costs q/q,Low,1.6%,4.3%,
2016-11-03,8:45am,USD,Final Services PMI,Medium,54.8,54.8,
2016-11-03,9:00am,USD,ISM Services PMI,High,56.2,57.1,
2016-11-03,9:00am,USD,Factory Orders m/m,Low,0.2%,0.4%,
2016-11-03,9:30am,USD,Natural Gas Storage,Medium,55B,73B,
2016-11-03,3:55pm,GBP,MPC Member Cunliffe Speaks,Low,,,
2016-11-04,3:45am,EUR,Italian Services PMI,Medium,51.6,50.7,
2016-11-04,3:50am,EUR,French Final Services PMI,Medium,52.1,52.1,
2016-11-04,3:55am,EUR,German Final Services PMI,Medium,54.1,54.1,
2016-11-04,4:00am,EUR,Final Services PMI,Medium,53.5,53.5,
2016-11-04,5:00am,EUR,PPI m/m,Medium,0.0%,-0.2%,
2016-11-04,7:30am,USD,Average Hourly Earnings m/m,High,0.3%,0.3%,
2016-11-04,7:30am,USD,Non-Farm Employment Change,High,174K,191K,
2016-11-04,7:30am,USD,Unemployment Rate,High,4.9%,5.0%,
2016-11-04,7:30am,USD,Trade Balance,Low,-37.5B,-40.5B,
2016-11-04,9:45am,GBP,MPC Member Forbes Speaks,Low,,,
2016-11-04,3:00pm,USD,FOMC Member Fischer Speaks,Low,,,
2016-11-06,SunNov 6,USD,Daylight Saving Time Shift,Low,,,
2016-11-06,5:50pm,JPY,Monetary Policy Meeting Minutes,Medium,,,
2016-11-06,6:00pm,JPY,Average Cash Earnings y/y,Medium,0.2%,0.0%,
2016-11-07,2:00am,CHF,Foreign Currency Reserves,Medium,,628B,
2016-11-07,2:15am,CHF,CPI m/m,Medium,0.2%,0.1%,
2016-11-07,2:30am,GBP,Halifax HPI m/m,Low,0.3%,0.3%,
2016-11-07,3:10am,EUR,Retail PMI,Medium,,49.6,
2016-11-07,3:30am,EUR,Sentix Investor Confidence,Medium,8.7,8.5,
2016-11-07,4:00am,EUR,Retail Sales m/m,Medium,-0.3%,-0.2%,
2016-11-07,All Day,EUR,Eurogroup Meetings,Low,,,
2016-11-07,9:00am,USD,Labor Market Conditions Index m/m,Medium,,-0.1,
2016-11-07,1:00pm,USD,Loan Officer Survey,Medium,,,
2016-11-07,2:00pm,USD,Consumer Credit m/m,Medium,17.6B,26.8B,
2016-11-07,6:01pm,GBP,BRC Retail Sales Monitor y/y,Medium,,0.4%,
2016-11-07,9:45pm,JPY,10-y Bond Auction,Medium,,-0.06|3.8,
2016-11-07,11:02pm,JPY,Leading Indicators,Medium,100.5%,100.9%,
2016-11-08,1:00am,EUR,German Industrial Production m/m,Medium,-0.4%,3.0%,
2016-11-08,1:00am,EUR,German Trade Balance,Medium,23.4B,21.6B,
2016-11-08,1:45am,EUR,French Gov Budget Balance,Medium,,-96.0B,
2016-11-08,1:45am,EUR,French Trade Balance,Medium,-4.1B,-4.2B,
2016-11-08,3:30am,GBP,Manufacturing Production m/m,High,0.5%,0.2%,
2016-11-08,3:30am,GBP,Industrial Production m/m,Medium,0.1%,-0.4%,
2016-11-08,All Day,EUR,ECOFIN Meetings,Low,,,
2016-11-08,5:00am,USD,NFIB Small Business Index,Medium,94.6,94.1,
2016-11-08,9:00am,GBP,NIESR GDP Estimate,Medium,,0.5%,
2016-11-08,9:00am,USD,JOLTS Job Openings,Low,5.67M,5.45M,
2016-11-08,All Day,USD,Presidential Election,High,,,
2016-11-08,All Day,USD,Congressional Elections,Medium,,,
2016-11-08,11:00am,GBP,MPC Member Haldane Speaks,Low,,,
2016-11-08,3:30pm,USD,API Weekly Statistical Bulletin,Medium,,,
2016-11-08,5:50pm,JPY,Current Account,Low,1.98T,1.98T,
2016-11-08,5:50pm,JPY,Bank Lending y/y,Medium,2.2%,2.2%,
2016-11-08,11:00pm,JPY,Economy Watchers Sentiment,Medium,44.4,44.8,
2016-11-09,4:00am,EUR,EU Economic Forecasts,Low,,,
2016-11-09,9:00am,USD,Final Wholesale Inventories m/m,Medium,0.2%,0.2%,
2016-11-09,9:30am,USD,Crude Oil Inventories,High,1.3M,14.4M,
2016-11-09,12:00pm,GBP,MPC Member Haldane Speaks,Low,,,
2016-11-09,12:04pm,USD,10-y Bond Auction,Medium,,1.79|2.5,
2016-11-09,5:50pm,JPY,BOJ Summary of Opinions,Medium,,,
2016-11-09,5:50pm,JPY,Core Machinery Orders m/m,Medium,-1.8%,-2.2%,
2016-11-09,5:50pm,JPY,M2 Money Stock y/y,Medium,3.6%,3.5%,
2016-11-09,6:01pm,GBP,RICS House Price Balance,Medium,18%,18%,
2016-11-09,9:45pm,JPY,30-y Bond Auction,Medium,,0.51|3.6,
2016-11-10,1:45am,EUR,French Industrial Production m/m,Medium,0.3%,2.3%,
2016-11-10,1:45am,EUR,French Prelim Private Payrolls q/q,Medium,0.2%,0.2%,
2016-11-10,3:00am,EUR,Italian Industrial Production m/m,Medium,-1.0%,1.8%,
2016-11-10,7:30am,USD,Unemployment Claims,High,267K,265K,
2016-11-10,8:15am,USD,FOMC Member Bullard Speaks,Low,,,
2016-11-10,9:00am,USD,Mortgage Delinquencies,Low,,4.66%,
2016-11-10,9:30am,USD,Natural Gas Storage,Medium,53B,54B,
2016-11-10,12:01pm,USD,30-y Bond Auction,Medium,,2.47|2.4,
2016-11-10,1:00pm,USD,Federal Budget Balance,Medium,-81.9B,33.4B,
2016-11-10,5:50pm,JPY,PPI y/y,Medium,-2.6%,-3.2%,
2016-11-10,10:30pm,JPY,Tertiary Industry Activity m/m,Medium,-0.2%,0.0%,
2016-11-11,FriNov 11,EUR,German WPI m/m,Medium,0.2%,0.4%,
2016-11-11,All Day,EUR,French Bank Holiday,Low,,,
2016-11-11,3:30am,GBP,Construction Output m/m,Medium,0.2%,-1.1%,
2016-11-11,All Day,USD,Bank Holiday,Low,,,
2016-11-11,7:30am,USD,FOMC Member Fischer Speaks,Low,,,
2016-11-11,9:00am,USD,Prelim UoM Consumer Sentiment,High,87.4,87.2,
2016-11-11,9:00am,USD,Prelim UoM Inflation Expectations,Medium,,2.4%,
2016-11-13,SunNov 13,JPY,Prelim GDP Price Index y/y,Medium,0.3%,0.7%,
2016-11-13,6:01pm,GBP,Rightmove HPI m/m,Medium,,0.9%,
2016-11-13,7:00pm,JPY,BOJ Gov Kuroda Speaks,High,,,
2016-11-13,10:30pm,JPY,Revised Industrial Production m/m,Medium,0.0%,0.0%,
2016-11-14,4:00am,EUR,Industrial Production m/m,Medium,-0.9%,1.8%,
2016-11-14,9:00am,EUR,ECB President Draghi Speaks,High,,,
2016-11-15,1:45am,EUR,French Final CPI m/m,Medium,0.0%,0.0%,
2016-11-15,3:00am,EUR,Italian Prelim GDP q/q,Medium,0.2%,0.0%,
2016-11-15,3:30am,GBP,CPI y/y,High,1.1%,1.0%,
2016-11-15,3:30am,GBP,PPI Input m/m,Low,1.6%,0.1%,
2016-11-15,3:30am,GBP,RPI y/y,Low,2.3%,2.0%,
2016-11-15,3:30am,GBP,Core CPI y/y,Medium,1.4%,1.5%,
2016-11-15,3:30am,GBP,HPI y/y,Medium,8.1%,7.7%,
2016-11-15,3:30am,GBP,PPI Output m/m,Medium,0.3%,0.3%,
2016-11-15,4:00am,EUR,Flash GDP q/q,Low,0.3%,0.3%,
2016-11-15,4:00am,EUR,German ZEW Economic Sentiment,Low,7.9,6.2,
2016-11-15,4:00am,EUR,Trade Balance,Medium,22.3B,23.4B,
2016-11-15,4:00am,EUR,ZEW Economic Sentiment,Medium,14.3,12.3,
2016-11-15,4:00am,GBP,Monetary Policy Report Hearings,High,,,
2016-11-15,7:30am,USD,Core Retail Sales m/m,High,0.5%,0.7%,
2016-11-15,7:30am,USD,Retail Sales m/m,High,0.6%,1.0%,
2016-11-15,7:30am,USD,Empire State Manufacturing Index,Low,-1.5,-6.8,
2016-11-15,7:30am,USD,Import Prices m/m,Low,0.4%,0.2%,
2016-11-15,8:05am,USD,FOMC Member Tarullo Speaks,Medium,,,
2016-11-15,9:00am,USD,Business Inventories m/m,Medium,0.2%,0.2%,
2016-11-15,12:30pm,USD,FOMC Member Fischer Speaks,Low,,,
2016-11-16,3:30am,GBP,Average Earnings Index 3m/y,High,2.3%,2.3%,
2016-11-16,3:30am,GBP,Claimant Count Change,High,1.9K,5.6K,
2016-11-16,3:30am,GBP,Unemployment Rate,Low,4.9%,4.9%,
2016-11-16,4:00am,CHF,UBS Economic Expectations,Medium,,5.2,
2016-11-16,7:30am,USD,PPI m/m,High,0.3%,0.3%,
2016-11-16,7:30am,USD,Core PPI m/m,Low,0.2%,0.2%,
2016-11-16,8:00am,GBP,MPC Member Cunliffe Speaks,Low,,,
2016-11-16,8:15am,USD,Capacity Utilization Rate,Low,75.5%,75.4%,
2016-11-16,8:15am,USD,Industrial Production m/m,Low,0.2%,-0.2%,
2016-11-16,8:30am,GBP,CB Leading Index m/m,Medium,,-0.1%,
2016-11-16,9:00am,USD,NAHB Housing Market Index,Medium,63,63,
2016-11-16,9:30am,USD,Crude Oil Inventories,High,0.4M,2.4M,
2016-11-16,3:00pm,USD,TIC Long-Term Purchases,Medium,32.9B,45.5B,
2016-11-16,3:30pm,USD,API Weekly Statistical Bulletin,Medium,,,
2016-11-17,3:30am,GBP,Retail Sales m/m,High,0.5%,0.1%,
2016-11-17,3:48am,EUR,Spanish 10-y Bond Auction,Medium,,1.21|2.0,
2016-11-17,4:00am,EUR,Final CPI y/y,Low,0.4%,0.4%,
2016-11-17,4:00am,EUR,Final Core CPI y/y,Medium,0.8%,0.8%,
2016-11-17,6:30am,EUR,ECB Monetary Policy Meeting Accounts,Low,,,
2016-11-17,7:30am,USD,Building Permits,High,1.19M,1.23M,
2016-11-17,7:30am,USD,Core CPI m/m,High,0.2%,0.1%,
2016-11-17,7:30am,USD,CPI m/m,High,0.4%,0.3%,
2016-11-17,7:30am,USD,CPI y/y,High,1.6%,1.5%,
2016-11-17,7:30am,USD,Philly Fed Manufacturing Index,High,8.1,9.7,
2016-11-17,7:30am,USD,Unemployment Claims,High,257K,254K,
2016-11-17,7:30am,USD,Housing Starts,Low,1.16M,1.05M,
2016-11-17,7:50am,USD,FOMC Member Dudley Speaks,Low,,,
2016-11-17,9:00am,USD,Fed Chair Yellen Testifies,High,,,
2016-11-17,9:30am,USD,Natural Gas Storage,Medium,34B,54B,
2016-11-17,11:00am,CHF,Gov Board Member Maechler Speaks,Low,,,
2016-11-17,11:30am,USD,FOMC Member Brainard Speaks,Low,,,
2016-11-18,2:30am,EUR,ECB President Draghi Speaks,High,,,
2016-11-18,3:00am,EUR,Current Account,Medium,31.3B,29.1B,
2016-11-18,3:10am,GBP,MPC Member Broadbent Speaks,Low,,,
2016-11-18,4:30am,CHF,Gov Board Member Maechler Speaks,Low,,,
2016-11-18,4:30am,EUR,German Buba President Weidmann Speaks,Low,,,
2016-11-18,4:30am,USD,FOMC Member Bullard Speaks,Low,,,
2016-11-18,8:30am,USD,FOMC Member Dudley Speaks,Low,,,
2016-11-18,8:30am,USD,FOMC Member George Speaks,Low,,,
2016-11-18,9:00am,USD,CB Leading Index m/m,Medium,0.1%,0.2%,
2016-11-18,8:45pm,USD,FOMC Member Powell Speaks,Low,,,
2016-11-20,5:50pm,JPY,Trade Balance,Medium,0.41T,0.36T,
2016-11-20,10:30pm,JPY,All Industries Activity m/m,Medium,0.1%,0.2%,
2016-11-21,10:20am,EUR,ECB President Draghi Speaks,High,,,
2016-11-21,1:25pm,GBP,MPC Member Haldane Speaks,Low,,,
2016-11-22,3:30am,GBP,Public Sector Net Borrowing,Low,5.9B,9.2B,
2016-11-22,4:34am,GBP,10-y Bond Auction,Medium,,1.08|2.0,
2016-11-22,5:00am,GBP,CBI Industrial Order Expectations,Medium,-8,-17,
2016-11-22,8:59am,USD,Richmond Manufacturing Index,Medium,1,-4,
2016-11-22,9:00am,EUR,Consumer Confidence,Medium,-8,-8,
2016-11-22,9:00am,USD,Existing Home Sales,Low,5.43M,5.49M,
2016-11-22,3:30pm,USD,API Weekly Statistical Bulletin,Medium,,,
2016-11-22,All Day,JPY,Bank Holiday,Low,,,
2016-11-23,WedNov 23,EUR,French Flash Services PMI,Low,52.1,51.4,
2016-11-23,2:30am,EUR,German Flash Manufacturing PMI,Low,54.8,55.0,
2016-11-23,2:30am,EUR,German Flash Services PMI,Low,54.1,54.2,
2016-11-23,3:00am,EUR,Flash Manufacturing PMI,Low,53.2,53.5,
2016-11-23,3:00am,EUR,Flash Services PMI,Low,53.1,52.8,
2016-11-23,3:00am,GBP,MPC Member Forbes Speaks,Low,,,
2016-11-23,4:35am,EUR,German 10-y Bond Auction,Medium,,0.12|1.5,
2016-11-23,6:30am,GBP,Autumn Forecast Statement,High,,,
2016-11-23,7:30am,USD,Core Durable Goods Orders m/m,High,0.2%,0.1%,
2016-11-23,7:30am,USD,Unemployment Claims,High,241K,233K,
2016-11-23,7:30am,USD,Durable Goods Orders m/m,Low,1.2%,-0.3%,
2016-11-23,8:00am,USD,HPI m/m,Medium,0.5%,0.7%,
2016-11-23,8:45am,USD,Flash Manufacturing PMI,Medium,53.6,53.4,
2016-11-23,9:00am,USD,New Home Sales,Low,591K,574K,
2016-11-23,9:00am,USD,Revised UoM Consumer Sentiment,Low,91.6,91.6,
2016-11-23,9:00am,USD,Revised UoM Inflation Expectations,Medium,,2.7%,
2016-11-23,9:30am,USD,Crude Oil Inventories,High,0.3M,5.3M,
2016-11-23,11:00am,USD,Natural Gas Storage,Medium,7B,30B,
2016-11-23,1:00pm,USD,FOMC Meeting Minutes,High,,,
2016-11-23,6:30pm,JPY,Flash Manufacturing PMI,Medium,51.7,51.4,
2016-11-24,3:00am,EUR,German ifo Business Climate,High,110.6,110.4,
2016-11-24,3:08am,EUR,ECB Financial Stability Review,Medium,,,
2016-11-24,3:30am,GBP,High Street Lending,Medium,38.8K,38.7K,
2016-11-24,6:00am,EUR,German GfK Consumer Climate,Medium,9.8,9.7,
2016-11-24,All Day,USD,Bank Holiday,Low,,,
2016-11-24,7:59am,EUR,Belgian NBB Business Climate,Medium,-1.5,-1.8,
2016-11-24,11:15am,CHF,Gov Board Member Zurbrugg Speaks,Low,,,
2016-11-24,5:30pm,JPY,Tokyo Core CPI y/y,Low,-0.4%,-0.4%,
2016-11-24,5:30pm,JPY,National Core CPI y/y,Medium,-0.4%,-0.5%,
2016-11-24,5:50pm,JPY,SPPI y/y,Medium,0.3%,0.2%,
2016-11-24,11:00pm,JPY,BOJ Core CPI y/y,Medium,0.3%,0.2%,
2016-11-25,FriNov 25,GBP,Prelim Business Investment q/q,Low,-0.2%,1.0%,
2016-11-25,FriNov 25,GBP,Index of Services 3m/3m,Medium,0.8%,0.8%,
2016-11-25,4:00am,EUR,Italian Retail Sales m/m,Medium,0.0%,-0.2%,
2016-11-25,5:00am,GBP,CBI Realized Sales,Medium,12,21,
2016-11-25,7:30am,USD,Goods Trade Balance,Medium,-59.2B,-56.5B,
2016-11-25,7:30am,USD,Prelim Wholesale Inventories m/m,Medium,0.3%,0.2%,
2016-11-25,8:45am,USD,Flash Services PMI,Medium,54.9,54.8,
2016-11-28,MonNov 28,EUR,Private Loans y/y,Medium,1.9%,1.8%,
2016-11-28,8:00am,EUR,ECB President Draghi Speaks,High,,,
2016-11-28,10:00am,EUR,ECB President Draghi Speaks,High,,,
2016-11-28,5:30pm,JPY,Household Spending y/y,Low,-1.0%,-2.1%,
2016-11-28,5:30pm,JPY,Unemployment Rate,Medium,3.0%,3.0%,
2016-11-28,5:50pm,JPY,Retail Sales y/y,Medium,-1.5%,-1.7%,
2016-11-29,All Day,EUR,German Prelim CPI m/m,Low,0.1%,0.2%,
2016-11-29,1:45am,EUR,French Consumer Spending m/m,Medium,0.2%,-0.4%,
2016-11-29,1:45am,EUR,French Prelim GDP q/q,Medium,0.2%,0.2%,
2016-11-29,2:00am,EUR,Spanish Flash CPI y/y,Low,0.5%,0.7%,
2016-11-29,3:30am,GBP,Net Lending to Individuals m/m,Low,4.8B,4.7B,
2016-11-29,3:30am,GBP,M4 Money Supply m/m,Medium,0.2%,-0.4%,
2016-11-29,3:30am,GBP,Mortgage Approvals,Medium,66K,64K,
2016-11-29,4:16am,EUR,Italian 10-y Bond Auction,Medium,,1.60|1.3,
2016-11-29,7:15am,USD,FOMC Member Dudley Speaks,Low,,,
2016-11-29,7:30am,USD,Prelim GDP q/q,High,3.0%,2.9%,
2016-11-29,7:30am,USD,Prelim GDP Price Index q/q,Medium,1.5%,1.5%,
2016-11-29,8:00am,USD,S&P/CS Composite-20 HPI y/y,Medium,5.3%,5.1%,
2016-11-29,9:00am,USD,CB Consumer Confidence,High,101.3,100.8,
2016-11-29,11:40am,USD,FOMC Member Powell Speaks,Low,,,
2016-11-29,5:47pm,GBP,GfK Consumer Confidence,Medium,-4,-3,
2016-11-29,5:50pm,JPY,Prelim Industrial Production m/m,Medium,0.2%,0.6%,
2016-11-29,11:00pm,JPY,Housing Starts y/y,Medium,11.5%,10.0%,
2016-11-30,WedNov 30,EUR,German Retail Sales m/m,Low,1.0%,-1.5%,
2016-11-30,WedNov 30,GBP,Bank Stress Test Results,High,,,
2016-11-30,WedNov 30,GBP,BOE Financial Stability Report,Low,,,
2016-11-30,WedNov 30,GBP,FPC Statement,Medium,,,
2016-11-30,1:45am,EUR,French Prelim CPI m/m,Medium,-0.1%,0.0%,
2016-11-30,2:00am,CHF,KOF Economic Barometer,Low,104.3,103.9,
2016-11-30,2:55am,EUR,German Unemployment Change,Low,-6K,-13K,
2016-11-30,4:00am,EUR,Core CPI Flash Estimate y/y,Low,0.8%,0.8%,
2016-11-30,4:00am,EUR,CPI Flash Estimate y/y,Low,0.6%,0.5%,
2016-11-30,4:00am,EUR,Italian Prelim CPI m/m,Medium,-0.2%,-0.1%,
2016-11-30,6:45am,EUR,ECB President Draghi Speaks,High,,,
2016-11-30,7:15am,USD,ADP Non-Farm Employment Change,High,161K,119K,
2016-11-30,7:30am,USD,Core PCE Price Index m/m,Low,0.1%,0.1%,
2016-11-30,7:30am,USD,Personal Spending m/m,Low,0.5%,0.7%,
2016-11-30,7:30am,USD,Personal Income m/m,Medium,0.4%,0.4%,
2016-11-30,8:45am,USD,Chicago PMI,Low,52.1,50.6,
2016-11-30,9:00am,USD,Pending Home Sales m/m,Low,0.3%,1.4%,
2016-11-30,9:30am,USD,Crude Oil Inventories,High,0.7M,-1.3M,
2016-11-30,10:00am,EUR,German Buba President Weidmann Speaks,Low,,,
2016-11-30,10:45am,USD,FOMC Member Powell Speaks,Low,,,
2016-11-30,1:00pm,USD,Beige Book,Medium,,,
2016-11-30,3:30pm,USD,API Weekly Statistical Bulletin,Medium,,,
2016-11-30,5:50pm,JPY,Capital Spending q/y,Medium,-0.4%,3.1%,
2016-11-30,6:30pm,JPY,Final Manufacturing PMI,Medium,51.1,51.1,
2016-11-30,9:45pm,JPY,10-y Bond Auction,Medium,,-0.06|4.4,
2016-12-01,2:15am,CHF,Retail Sales y/y,Medium,-2.0%,-2.1%,
2016-12-01,2:15am,EUR,Spanish Manufacturing PMI,Low,53.7,53.3,
2016-12-01,2:30am,CHF,Manufacturing PMI,Medium,54.5,54.7,
2016-12-01,2:45am,EUR,Italian Manufacturing PMI,Medium,51.4,50.9,
2016-12-01,2:50am,EUR,French Final Manufacturing PMI,Medium,51.5,51.5,
2016-12-01,2:55am,EUR,German Final Manufacturing PMI,Medium,54.4,54.4,
2016-12-01,3:00am,EUR,Final Manufacturing PMI,Medium,53.7,53.7,
2016-12-01,3:00am,EUR,Italian Monthly Unemployment Rate,Medium,11.6%,11.7%,
2016-12-01,3:30am,GBP,Final Manufacturing PMI,High,54.4,54.2,
2016-12-01,3:49am,EUR,Spanish 10-y Bond Auction,Medium,,1.50|1.7,
2016-12-01,4:00am,EUR,Unemployment Rate,Medium,10.0%,9.9%,
2016-12-01,6:30am,USD,Challenger Job Cuts y/y,Medium,,-39.1%,
2016-12-01,7:30am,USD,Unemployment Claims,High,252K,251K,
2016-12-01,8:45am,USD,Final Manufacturing PMI,Medium,53.9,53.9,
2016-12-01,9:00am,USD,ISM Manufacturing PMI,High,52.1,51.9,
2016-12-01,9:00am,USD,Construction Spending m/m,Medium,0.6%,0.0%,
2016-12-01,9:00am,USD,ISM Manufacturing Prices,Medium,52.0,54.5,
2016-12-01,All Day,USD,Wards Total Vehicle Sales,Medium,17.7M,17.8M,
2016-12-01,9:30am,USD,Natural Gas Storage,Medium,-52B,-2B,
2016-12-01,All Day,USD,Total Vehicle Sales,Medium,17.9M,18.3M,
2016-12-01,5:50pm,JPY,Monetary Base y/y,Medium,23.2%,22.1%,
2016-12-02,2:00am,EUR,Spanish Unemployment Change,Low,-25.8K,44.7K,
2016-12-02,3:30am,GBP,Construction PMI,High,52.3,52.6,
2016-12-02,4:00am,EUR,PPI m/m,Medium,0.4%,0.1%,
2016-12-02,7:30am,USD,Average Hourly Earnings m/m,High,0.2%,0.4%,
2016-12-02,7:30am,USD,Non-Farm Employment Change,High,177K,142K,
2016-12-02,7:30am,USD,Unemployment Rate,High,4.9%,4.9%,
2016-12-02,7:45am,USD,FOMC Member Brainard Speaks,Low,,,
2016-12-02,12:00pm,USD,FOMC Member Tarullo Speaks,Medium,,,
2016-12-04,6:01pm,GBP,BRC Shop Price Index y/y,Medium,,-1.7%,
2016-12-04,11:00pm,JPY,Consumer Confidence,Medium,43.8,42.3,
2016-12-05,2:45am,EUR,Italian Services PMI,Medium,51.4,51.0,
2016-12-05,2:50am,EUR,French Final Services PMI,Medium,52.6,52.6,
2016-12-05,2:55am,EUR,German Final Services PMI,Medium,55.0,55.0,
2016-12-05,3:00am,EUR,Final Services PMI,Medium,54.1,54.1,
2016-12-05,3:30am,EUR,Sentix Investor Confidence,Medium,14.7,13.1,
2016-12-05,3:30am,GBP,Final Services PMI,High,54.2,54.5,
2016-12-05,4:00am,EUR,Retail Sales m/m,Medium,0.9%,-0.4%,
2016-12-05,All Day,EUR,Eurogroup Meetings,Low,,,
2016-12-05,7:30am,USD,FOMC Member Dudley Speaks,Low,,,
2016-12-05,8:00am,EUR,ECB President Draghi Speaks,High,,,
2016-12-05,8:45am,USD,Final Services PMI,Medium,54.9,54.7,
2016-12-05,9:00am,USD,ISM Services PMI,High,55.3,54.8,
2016-12-05,9:00am,USD,Labor Market Conditions Index m/m,Medium,,1.4,
2016-12-05,11:00am,GBP,BOE Gov Carney Speaks,High,,,
2016-12-05,1:05pm,USD,FOMC Member Bullard Speaks,Low,,,
2016-12-05,6:00pm,JPY,Average Cash Earnings y/y,Medium,0.2%,0.0%,
2016-12-05,6:01pm,GBP,BRC Retail Sales Monitor y/y,Medium,,1.7%,
2016-12-06,2:15am,CHF,CPI m/m,Medium,-0.1%,0.1%,
2016-12-06,3:10am,EUR,Retail PMI,Medium,,48.6,
2016-12-06,3:30am,GBP,FPC Meeting Minutes,Medium,,,
2016-12-06,4:00am,EUR,Revised GDP q/q,Medium,0.3%,0.3%,
2016-12-06,All Day,EUR,ECOFIN Meetings,Low,,,
2016-12-06,4:40am,GBP,10-y Bond Auction,Medium,,1.38|2.0,
2016-12-06,7:30am,USD,Revised Nonfarm Productivity q/q,Low,3.2%,3.1%,
2016-12-06,7:30am,USD,Trade Balance,Low,-41.5B,-36.2B,
2016-12-06,7:30am,USD,Revised Unit Labor Costs q/q,Medium,0.4%,0.3%,
2016-12-06,9:00am,USD,Factory Orders m/m,Low,2.5%,0.6%,
2016-12-06,9:00am,USD,RCM/TIPP Economic Optimism,Medium,52.3,51.4,
2016-12-06,3:30pm,USD,API Weekly Statistical Bulletin,Medium,,,
2016-12-06,11:00pm,JPY,Leading Indicators,Medium,101.6%,100.3%,
2016-12-07,1:45am,EUR,French Trade Balance,Medium,-4.2B,-4.8B,
2016-12-07,2:00am,CHF,Foreign Currency Reserves,Medium,,630B,
2016-12-07,2:30am,GBP,Halifax HPI m/m,Low,0.2%,1.5%,
2016-12-07,3:00am,EUR,Italian Quarterly Unemployment Rate,Medium,11.6%,11.6%,
2016-12-07,3:30am,GBP,Manufacturing Production m/m,High,0.2%,0.6%,
2016-12-07,3:30am,GBP,Industrial Production m/m,Medium,0.2%,-0.4%,
2016-12-07,4:33am,GBP,30-y Bond Auction,Medium,,1.49|2.2,
2016-12-07,8:38am,GBP,NIESR GDP Estimate,Medium,,0.4%,
2016-12-07,9:00am,USD,JOLTS Job Openings,Low,5.53M,5.63M,
2016-12-07,9:30am,USD,Crude Oil Inventories,High,-1.4M,-0.9M,
2016-12-07,2:00pm,USD,Consumer Credit m/m,Medium,17.5B,21.8B,
2016-12-07,5:50pm,JPY,Current Account,Low,1.57T,1.48T,
2016-12-07,5:50pm,JPY,Final GDP q/q,Low,0.6%,0.5%,
2016-12-07,5:50pm,JPY,Bank Lending y/y,Medium,2.4%,2.4%,
2016-12-07,5:50pm,JPY,Final GDP Price Index y/y,Medium,-0.1%,-0.1%,
2016-12-07,6:01pm,GBP,RICS House Price Balance,Medium,26%,23%,
2016-12-07,9:45pm,JPY,30-y Bond Auction,Medium,,0.51|3.5,
2016-12-07,11:00pm,JPY,Economy Watchers Sentiment,Medium,45.6,46.2,
2016-12-08,All Day,EUR,Italian Bank Holiday,Low,,,
2016-12-08,6:45am,EUR,Main Refinancing Rate,High,0.00%,0.00%,
2016-12-08,6:45am,EUR,Monetary Policy Statement,High,,,
2016-12-08,7:30am,EUR,ECB Press Conference,High,,,
2016-12-08,7:30am,USD,Unemployment Claims,High,258K,268K,
2016-12-08,9:30am,USD,Natural Gas Storage,Medium,-44B,-50B,
2016-12-08,5:50pm,JPY,BSI Manufacturing Index,Low,3.4,2.9,
2016-12-08,5:50pm,JPY,M2 Money Stock y/y,Medium,3.7%,3.7%,
2016-12-09,1:00am,EUR,German Trade Balance,Medium,20.8B,21.1B,
2016-12-09,1:45am,EUR,French Gov Budget Balance,Medium,,-83.0B,
2016-12-09,1:45am,EUR,French Industrial Production m/m,Medium,0.6%,-1.4%,
2016-12-09,3:30am,GBP,Goods Trade Balance,Low,-11.9B,-13.8B,
2016-12-09,3:30am,GBP,Construction Output m/m,Medium,0.2%,0.9%,
2016-12-09,3:30am,GBP,Consumer Inflation Expectations,Medium,,2.2%,
2016-12-09,9:00am,USD,Prelim UoM Consumer Sentiment,High,94.3,93.8,
2016-12-09,9:00am,USD,Final Wholesale Inventories m/m,Medium,-0.4%,-0.4%,
2016-12-09,9:00am,USD,Prelim UoM Inflation Expectations,Medium,,2.4%,
2016-12-11,5:50pm,JPY,Core Machinery Orders m/m,Medium,1.3%,-3.3%,
2016-12-11,5:50pm,JPY,PPI y/y,Medium,-2.2%,-2.7%,
2016-12-11,6:01pm,GBP,Rightmove HPI m/m,Medium,,-1.1%,
2016-12-11,10:30pm,JPY,Tertiary Industry Activity m/m,Medium,0.3%,-0.3%,
2016-12-11,11:58pm,JPY,Prelim Machine Tool Orders y/y,Medium,,-8.9%,
2016-12-12,12:01pm,USD,10-y Bond Auction,Medium,,2.02|2.2,
2016-12-12,1:00pm,USD,Federal Budget Balance,Medium,-99.5B,-44.2B,
2016-12-13,TueDec 13,EUR,German WPI m/m,Medium,0.3%,0.4%,
2016-12-13,3:00am,EUR,Italian Industrial Production m/m,Medium,0.3%,-0.8%,
2016-12-13,3:30am,GBP,CPI y/y,High,1.1%,0.9%,
2016-12-13,3:30am,GBP,PPI Input m/m,Low,-0.4%,4.5%,
2016-12-13,3:30am,GBP,RPI y/y,Low,2.1%,2.0%,
2016-12-13,3:30am,GBP,Core CPI y/y,Medium,1.3%,1.2%,
2016-12-13,3:30am,GBP,HPI y/y,Medium,7.3%,7.0%,
2016-12-13,3:30am,GBP,PPI Output m/m,Medium,0.2%,0.7%,
2016-12-13,4:00am,EUR,German ZEW Economic Sentiment,Low,14.2,13.8,
2016-12-13,4:00am,EUR,Final Employment Change q/q,Medium,0.3%,0.4%,
2016-12-13,4:00am,EUR,ZEW Economic Sentiment,Medium,16.5,15.8,
2016-12-13,5:00am,USD,NFIB Small Business Index,Medium,96.7,94.9,
2016-12-13,7:30am,USD,Import Prices m/m,Low,-0.3%,0.4%,
2016-12-13,12:01pm,USD,30-y Bond Auction,Medium,,2.90|2.1,
2016-12-13,3:30pm,USD,API Weekly Statistical Bulletin,Medium,,,
2016-12-13,5:50pm,JPY,Tankan Manufacturing Index,Low,10,6,
2016-12-13,5:50pm,JPY,Tankan Non-Manufacturing Index,Low,19,18,
2016-12-13,10:30pm,JPY,Revised Industrial Production m/m,Medium,0.1%,0.1%,
2016-12-14,1:45am,EUR,French Final CPI m/m,Medium,0.0%,0.0%,
2016-12-14,2:15am,CHF,PPI m/m,Low,-0.1%,0.1%,
2016-12-14,3:30am,GBP,Average Earnings Index 3m/y,High,2.3%,2.4%,
2016-12-14,3:30am,GBP,Claimant Count Change,High,6.2K,13.3K,
2016-12-14,3:30am,GBP,Unemployment Rate,Low,4.8%,4.8%,
2016-12-14,4:00am,CHF,UBS Economic Expectations,Medium,,8.9,
2016-12-14,4:00am,EUR,Industrial Production m/m,Medium,0.2%,-0.9%,
2016-12-14,6:15am,GBP,BOE Gov Carney Speaks,High,,,
2016-12-14,7:30am,USD,Core Retail Sales m/m,High,0.4%,0.6%,
2016-12-14,7:30am,USD,PPI m/m,High,0.1%,0.0%,
2016-12-14,7:30am,USD,Retail Sales m/m,High,0.3%,0.6%,
2016-12-14,7:30am,USD,Core PPI m/m,Low,0.2%,-0.2%,
2016-12-14,8:15am,USD,Capacity Utilization Rate,Low,75.1%,75.4%,
2016-12-14,8:15am,USD,Industrial Production m/m,Low,-0.2%,0.1%,
2016-12-14,9:00am,USD,Business Inventories m/m,Medium,-0.1%,0.1%,
2016-12-14,9:30am,USD,Crude Oil Inventories,High,-1.4M,-2.4M,
2016-12-14,1:00pm,USD,Federal Funds Rate,High,0.75%,0.50%,
2016-12-14,1:00pm,USD,FOMC Economic Projections,High,,,
2016-12-14,1:00pm,USD,FOMC Statement,High,,,
2016-12-14,1:30pm,USD,FOMC Press Conference,High,,,
2016-12-14,6:30pm,JPY,Flash Manufacturing PMI,Medium,51.5,51.3,
2016-12-15,2:00am,EUR,French Flash Manufacturing PMI,Low,51.9,51.7,
2016-12-15,2:00am,EUR,French Flash Services PMI,Low,51.8,51.6,
2016-12-15,2:30am,CHF,Libor Rate,High,-0.75%,-0.75%,
2016-12-15,2:30am,CHF,SNB Monetary Policy Assessment,High,,,
2016-12-15,2:30am,CHF,SNB Press Conference,High,,,
2016-12-15,2:30am,EUR,German Flash Manufacturing PMI,Low,54.6,54.3,
2016-12-15,2:30am,EUR,German Flash Services PMI,Low,55.0,55.1,
2016-12-15,3:00am,EUR,Flash Manufacturing PMI,Low,53.9,53.7,
2016-12-15,3:00am,EUR,Flash Services PMI,Low,53.9,53.8,
2016-12-15,3:30am,GBP,Retail Sales m/m,High,0.2%,1.8%,
2016-12-15,4:30am,EUR,Long Term Refinancing Operation,Low,,45.3B,
2016-12-15,6:00am,GBP,Monetary Policy Summary,High,,,
2016-12-15,6:00am,GBP,MPC Official Bank Rate Votes,High,0-0-9,0-0-9,
2016-12-15,6:00am,GBP,Official Bank Rate,High,0.25%,0.25%,
2016-12-15,6:00am,GBP,Asset Purchase Facility,Low,435B,435B,
2016-12-15,6:00am,GBP,MPC Asset Purchase Facility Votes,Low,0-0-9,0-0-9,
2016-12-15,7:30am,USD,Core CPI m/m,High,0.2%,0.1%,
2016-12-15,7:30am,USD,CPI m/m,High,0.2%,0.4%,
2016-12-15,7:30am,USD,CPI y/y,High,1.7%,1.6%,
2016-12-15,7:30am,USD,Philly Fed Manufacturing Index,High,9.1,7.6,
2016-12-15,7:30am,USD,Unemployment Claims,High,255K,258K,
2016-12-15,7:30am,USD,Current Account,Low,-111B,-118B,
2016-12-15,7:30am,USD,Empire State Manufacturing Index,Low,3.2,1.5,
2016-12-15,8:45am,USD,Flash Manufacturing PMI,Medium,54.2,54.1,
2016-12-15,9:00am,USD,NAHB Housing Market Index,Medium,63,63,
2016-12-15,9:30am,USD,Natural Gas Storage,Medium,-126B,-42B,
2016-12-15,3:00pm,USD,TIC Long-Term Purchases,Medium,-32.3B,-26.2B,
2016-12-16,4:00am,EUR,Final CPI y/y,Low,0.6%,0.6%,
2016-12-16,4:00am,EUR,Final Core CPI y/y,Medium,0.8%,0.8%,
2016-12-16,4:00am,EUR,Trade Balance,Medium,25.2B,24.4B,
2016-12-16,5:00am,GBP,CBI Industrial Order Expectations,Medium,-5,-3,
2016-12-16,7:30am,USD,Building Permits,High,1.24M,1.26M,
2016-12-16,7:30am,USD,Housing Starts,Low,1.23M,1.34M,
2016-12-18,5:50pm,JPY,Trade Balance,Medium,0.59T,0.47T,
2016-12-19,5:00am,EUR,German Buba Monthly Report,Medium,,,
2016-12-19,8:45am,USD,Flash Services PMI,Medium,55.2,54.6,
2016-12-19,10:00am,EUR,German Buba President Weidmann Speaks,Low,,,
2016-12-19,12:30pm,USD,Fed Chair Yellen Speaks,High,,,
2016-12-19,8:51pm,JPY,BOJ Policy Rate,High,-0.10%,-0.10%,
2016-12-19,8:51pm,JPY,Monetary Policy Statement,High,,,
2016-12-20,1:00am,CHF,Trade Balance,Medium,3.57B,2.66B,
2016-12-20,1:00am,EUR,German PPI m/m,Medium,0.1%,0.7%,
2016-12-20,3:00am,EUR,Current Account,Medium,24.2B,27.7B,
2016-12-20,5:00am,GBP,CBI Realized Sales,Medium,20,26,
2016-12-20,3:30pm,USD,API Weekly Statistical Bulletin,Medium,,,
2016-12-20,10:30pm,JPY,All Industries Activity m/m,Medium,0.1%,0.0%,
2016-12-21,7:56am,EUR,Belgian NBB Business Climate,Medium,-1.1,-1.8,
2016-12-21,8:00am,CHF,SNB Quarterly Bulletin,Medium,,,
2016-12-21,8:58am,EUR,Consumer Confidence,Medium,-6,-6,
2016-12-21,9:00am,USD,Existing Home Sales,Low,5.52M,5.57M,
2016-12-21,9:30am,USD,Crude Oil Inventories,High,-2.4M,-2.6M,
2016-12-21,5:06pm,GBP,GfK Consumer Confidence,Medium,-8,-8,
2016-12-22,3:00am,EUR,ECB Economic Bulletin,Medium,,,
2016-12-22,4:00am,EUR,Italian Retail Sales m/m,Medium,0.4%,-0.5%,
2016-12-22,7:30am,USD,Core Durable Goods Orders m/m,High,0.2%,0.8%,
2016-12-22,7:30am,USD,Final GDP q/q,High,3.3%,3.2%,
2016-12-22,7:30am,USD,Unemployment Claims,High,255K,254K,
2016-12-22,7:30am,USD,Durable Goods Orders m/m,Low,-4.9%,4.6%,
2016-12-22,7:30am,USD,Final GDP Price Index q/q,Medium,1.4%,1.4%,
2016-12-22,8:00am,USD,HPI m/m,Medium,0.4%,0.6%,
2016-12-22,9:00am,USD,Core PCE Price Index m/m,Low,0.1%,0.1%,
2016-12-22,9:00am,USD,Personal Spending m/m,Low,0.4%,0.4%,
2016-12-22,9:00am,USD,CB Leading Index m/m,Medium,0.2%,0.1%,
2016-12-22,9:00am,USD,Personal Income m/m,Medium,0.3%,0.5%,
2016-12-22,9:30am,USD,Natural Gas Storage,Medium,-201B,-147B,
2016-12-22,All Day,JPY,Bank Holiday,Low,,,
2016-12-23,1:45am,EUR,French Consumer Spending m/m,Medium,0.1%,0.8%,
2016-12-23,2:00am,CHF,KOF Economic Barometer,Low,103.1,102.2,
2016-12-23,3:30am,GBP,Current Account,High,-28.3B,-22.1B,
2016-12-23,3:30am,GBP,Final GDP q/q,Low,0.5%,0.5%,
2016-12-23,3:30am,GBP,Index of Services 3m/3m,Medium,0.9%,1.0%,
2016-12-23,3:30am,GBP,Revised Business Investment q/q,Medium,0.9%,0.9%,
2016-12-23,9:00am,USD,New Home Sales,Low,575K,563K,
2016-12-23,9:00am,USD,Revised UoM Consumer Sentiment,Low,98.2,98.0,
2016-12-23,9:00am,USD,Revised UoM Inflation Expectations,Medium,,2.3%,
2016-12-25,5:50pm,JPY,Monetary Policy Meeting Minutes,Medium,,,
2016-12-25,5:50pm,JPY,SPPI y/y,Medium,0.5%,0.5%,
2016-12-26,All Day,EUR,Italian Bank Holiday,Low,,,
2016-12-26,All Day,EUR,German Bank Holiday,Low,,,
2016-12-26,All Day,GBP,Bank Holiday,Low,,,
2016-12-26,All Day,USD,Bank Holiday,Low,,,
2016-12-26,5:30pm,JPY,Household Spending y/y,Low,0.2%,-0.4%,
2016-12-26,5:30pm,JPY,Tokyo Core CPI y/y,Low,-0.4%,-0.4%,
2016-12-26,5:30pm,JPY,National Core CPI y/y,Medium,-0.3%,-0.4%,
2016-12-26,5:30pm,JPY,Unemployment Rate,Medium,3.0%,3.0%,
2016-12-26,11:00pm,JPY,BOJ Core CPI y/y,Medium,0.2%,0.3%,
2016-12-26,11:00pm,JPY,Housing Starts y/y,Medium,9.6%,13.7%,
2016-12-27,8:00am,USD,S&P/CS Composite-20 HPI y/y,Medium,5.0%,5.0%,
2016-12-27,8:59am,USD,Richmond Manufacturing Index,Medium,5,4,
2016-12-27,9:00am,USD,CB Consumer Confidence,High,108.9,109.4,
2016-12-27,5:50pm,JPY,Prelim Industrial Production m/m,Medium,1.8%,0.0%,
2016-12-27,5:50pm,JPY,Retail Sales y/y,Medium,0.9%,-0.2%,
2016-12-28,3:30am,GBP,High Street Lending,Medium,41.6K,40.8K,
2016-12-28,9:00am,USD,Pending Home Sales m/m,Low,0.6%,0.1%,
2016-12-28,3:30pm,USD,API Weekly Statistical Bulletin,Medium,,,
2016-12-28,5:50pm,JPY,BOJ Summary of Opinions,Medium,,,
2016-12-29,3:00am,EUR,M3 Money Supply y/y,Low,4.4%,4.4%,
2016-12-29,3:00am,EUR,Private Loans y/y,Medium,1.9%,1.8%,
2016-12-29,4:17am,EUR,Italian 10-y Bond Auction,Medium,,1.97|1.6,
2016-12-29,7:30am,USD,Unemployment Claims,High,277K,275K,
2016-12-29,7:30am,USD,Goods Trade Balance,Medium,-61.5B,-61.9B,
2016-12-29,7:30am,USD,Prelim Wholesale Inventories m/m,Medium,0.1%,-0.1%,
2016-12-29,9:30am,USD,Natural Gas Storage,Medium,-219B,-209B,
2016-12-29,10:00am,USD,Crude Oil Inventories,High,-1.3M,2.3M,
2016-12-30,3:30am,GBP,Housing Equity Withdrawal q/q,Medium,-11.1B,-13.1B,
2016-12-30,8:45am,USD,Chicago PMI,Low,56.5,57.6,
2016-01-01,All Day,JPY,Bank Holiday,Low,,,
