date,time,currency,event,impact,actual,forecast,previous
2018-01-01,All Day,EUR,French Bank Holiday,Low,,,
2018-01-01,All Day,EUR,German Bank Holiday,Low,,,
2018-01-01,All Day,EUR,Italian Bank Holiday,Low,,,
2018-01-01,All Day,GBP,Bank Holiday,Low,,,
2018-01-01,All Day,USD,Bank Holiday,Low,,,
2018-01-01,All Day,JPY,Bank Holiday,Low,,,
2018-01-02,2:15am,EUR,Spanish Manufacturing PMI,Medium,56.4,56.1,
2018-01-02,2:45am,EUR,Italian Manufacturing PMI,Medium,58.6,58.3,
2018-01-02,2:50am,EUR,French Final Manufacturing PMI,Medium,59.3,59.3,
2018-01-02,2:55am,EUR,German Final Manufacturing PMI,Medium,63.3,63.3,
2018-01-02,3:00am,EUR,Final Manufacturing PMI,Medium,60.6,60.6,
2018-01-02,3:30am,GBP,Final Manufacturing PMI,High,58.0,58.2,
2018-01-02,3:36am,GBP,Housing Equity Withdrawal q/q,Medium,-6.2B,-5.8B,
2018-01-02,8:45am,USD,Final Manufacturing PMI,Medium,55.0,55.0,
2018-01-02,All Day,JPY,Bank Holiday,Low,,,
2018-01-03,2:30am,CHF,Manufacturing PMI,Medium,64.6,65.1,
2018-01-03,2:55am,EUR,German Unemployment Change,Medium,-13K,-20K,
2018-01-03,3:30am,GBP,Construction PMI,High,52.8,53.1,
2018-01-03,9:00am,USD,ISM Manufacturing PMI,High,58.1,58.2,
2018-01-03,9:00am,USD,Construction Spending m/m,Medium,0.6%,0.9%,
2018-01-03,9:00am,USD,ISM Manufacturing Prices,Medium,64.8,65.5,
2018-01-03,All Day,USD,Wards Total Vehicle Sales,Medium,17.5M,17.4M,
2018-01-03,All Day,USD,Total Vehicle Sales,Medium,17.5M,17.5M,
2018-01-03,1:00pm,USD,FOMC Meeting Minutes,High,,,
2018-01-03,3:30pm,USD,API Weekly Statistical Bulletin,Medium,,,
2018-01-03,6:30pm,JPY,Final Manufacturing PMI,Medium,54.2,54.2,
2018-01-04,2:15am,EUR,Spanish Services PMI,Medium,54.7,54.4,
2018-01-04,2:45am,EUR,Italian Services PMI,Medium,54.7,54.7,
2018-01-04,2:50am,EUR,French Final Services PMI,Medium,59.4,59.4,
2018-01-04,2:55am,EUR,German Final Services PMI,Medium,55.8,55.8,
2018-01-04,3:00am,EUR,Final Services PMI,Medium,56.5,56.5,
2018-01-04,3:30am,GBP,Final Services PMI,High,54.1,53.8,
2018-01-04,3:30am,GBP,Net Lending to Individuals m/m,Low,4.9B,4.7B,
2018-01-04,3:30am,GBP,M4 Money Supply m/m,Medium,0.4%,0.6%,
2018-01-04,3:30am,GBP,Mortgage Approvals,Medium,64K,65K,
2018-01-04,3:51am,EUR,Spanish 10-y Bond Auction,Medium,,1.49|2.0,
2018-01-04,4:01am,EUR,French 10-y Bond Auction,Medium,,0.36|1.9,
2018-01-04,6:30am,USD,Challenger Job Cuts y/y,Medium,,30.1%,
2018-01-04,7:15am,USD,ADP Non-Farm Employment Change,High,191K,185K,
2018-01-04,7:30am,USD,Unemployment Claims,High,241K,247K,
2018-01-04,8:45am,USD,Final Services PMI,Medium,52.4,52.4,
2018-01-04,9:30am,USD,Natural Gas Storage,Medium,-221B,-112B,
2018-01-04,10:00am,USD,Crude Oil Inventories,High,-5.2M,-4.6M,
2018-01-04,5:50pm,JPY,Monetary Base y/y,Medium,13.1%,13.2%,
2018-01-04,6:01pm,GBP,BRC Shop Price Index y/y,Medium,,-0.1%,
2018-01-05,1:45am,EUR,French Prelim CPI m/m,Medium,0.3%,0.1%,
2018-01-05,3:10am,EUR,Retail PMI,Medium,,52.4,
2018-01-05,4:00am,EUR,CPI Flash Estimate y/y,High,1.4%,1.5%,
2018-01-05,4:00am,EUR,Core CPI Flash Estimate y/y,Low,1.0%,0.9%,
2018-01-05,4:00am,EUR,PPI m/m,Medium,0.3%,0.4%,
2018-01-05,4:00am,EUR,Italian Prelim CPI m/m,Medium,0.2%,-0.2%,
2018-01-05,7:30am,USD,Average Hourly Earnings m/m,High,0.3%,0.1%,
2018-01-05,7:30am,USD,Non-Farm Employment Change,High,190K,252K,
2018-01-05,7:30am,USD,Unemployment Rate,High,4.1%,4.1%,
2018-01-05,7:30am,USD,Trade Balance,Medium,-49.7B,-48.9B,
2018-01-05,9:00am,USD,ISM Services PMI,High,57.6,57.4,
2018-01-05,9:00am,USD,Factory Orders m/m,Medium,1.1%,0.4%,
2018-01-05,11:30am,USD,FOMC Member Mester Speaks,Low,,,
2018-01-07,All Day,JPY,Bank Holiday,Low,,,
2018-01-08,2:15am,CHF,CPI m/m,Medium,-0.1%,-0.1%,
2018-01-08,2:30am,GBP,Halifax HPI m/m,Low,0.2%,0.3%,
2018-01-08,3:30am,EUR,Sentix Investor Confidence,Medium,31.5,31.1,
2018-01-08,4:00am,EUR,Retail Sales m/m,Medium,1.4%,-1.1%,
2018-01-08,11:40am,USD,FOMC Member Bostic Speaks,Low,,,
2018-01-08,12:35pm,USD,FOMC Member Williams Speaks,Low,,,
2018-01-08,2:00pm,USD,Consumer Credit m/m,Medium,17.8B,20.5B,
2018-01-08,6:00pm,JPY,Average Cash Earnings y/y,Medium,0.6%,0.2%,
2018-01-08,6:01pm,GBP,BRC Retail Sales Monitor y/y,Medium,,0.6%,
2018-01-08,11:00pm,JPY,Consumer Confidence,Medium,45.1,44.9,
2018-01-09,1:00am,EUR,German Industrial Production m/m,Medium,1.9%,-1.2%,
2018-01-09,1:00am,EUR,German Trade Balance,Medium,20.7B,19.9B,
2018-01-09,1:45am,EUR,French Trade Balance,Medium,-4.8B,-5.3B,
2018-01-09,2:00am,CHF,Foreign Currency Reserves,Medium,,738B,
2018-01-09,2:15am,CHF,Retail Sales y/y,Medium,-2.5%,-2.6%,
2018-01-09,3:00am,EUR,Italian Monthly Unemployment Rate,Medium,11.0%,11.1%,
2018-01-09,4:00am,EUR,Unemployment Rate,Medium,8.7%,8.8%,
2018-01-09,4:37am,GBP,10-y Bond Auction,Medium,,1.34|2.3,
2018-01-09,5:00am,USD,NFIB Small Business Index,Medium,108.4,107.5,
2018-01-09,9:00am,USD,JOLTS Job Openings,Medium,6.05M,5.93M,
2018-01-09,3:30pm,USD,API Weekly Statistical Bulletin,Medium,,,
2018-01-09,9:45pm,JPY,10-y Bond Auction,Medium,,0.06|3.7,
2018-01-10,3:30am,GBP,Manufacturing Production m/m,High,0.3%,0.3%,
2018-01-10,3:30am,GBP,Goods Trade Balance,Low,-10.9B,-11.7B,
2018-01-10,3:30am,GBP,Construction Output m/m,Medium,0.7%,-1.1%,
2018-01-10,3:30am,GBP,Industrial Production m/m,Medium,0.4%,0.2%,
2018-01-10,4:32am,EUR,German 10-y Bond Auction,Medium,,0.30|1.1,
2018-01-10,6:13am,GBP,NIESR GDP Estimate,Medium,,0.6%,
2018-01-10,7:30am,USD,Import Prices m/m,Low,0.4%,0.8%,
2018-01-10,9:00am,USD,Final Wholesale Inventories m/m,Medium,0.7%,0.7%,
2018-01-10,9:30am,USD,Crude Oil Inventories,High,-3.9M,-7.4M,
2018-01-10,12:01pm,USD,10-y Bond Auction,Medium,,2.38|2.4,
2018-01-10,11:00pm,JPY,Leading Indicators,Medium,108.7%,106.5%,
2018-01-11,3:30am,GBP,BOE Credit Conditions Survey,Low,,,
2018-01-11,4:00am,EUR,Industrial Production m/m,Medium,0.8%,0.4%,
2018-01-11,6:30am,EUR,ECB Monetary Policy Meeting Accounts,Low,,,
2018-01-11,7:30am,USD,PPI m/m,High,0.2%,0.4%,
2018-01-11,7:30am,USD,Core PPI m/m,Low,0.2%,0.3%,
2018-01-11,7:30am,USD,Unemployment Claims,Low,246K,250K,
2018-01-11,9:30am,USD,Natural Gas Storage,Medium,-318B,-206B,
2018-01-11,12:01pm,USD,30-y Bond Auction,Medium,,2.80|2.5,
2018-01-11,1:00pm,USD,Federal Budget Balance,Medium,-34.5B,-138.5B,
2018-01-11,2:30pm,USD,FOMC Member Dudley Speaks,Low,,,
2018-01-11,5:50pm,JPY,Bank Lending y/y,Medium,2.7%,2.7%,
2018-01-11,5:50pm,JPY,Current Account,Medium,2.19T,2.44T,
2018-01-11,11:00pm,JPY,Economy Watchers Sentiment,Medium,55.2,55.1,
2018-01-12,3:00am,EUR,Italian Industrial Production m/m,Medium,0.6%,0.6%,
2018-01-12,7:30am,USD,Core CPI m/m,High,0.2%,0.1%,
2018-01-12,7:30am,USD,Core Retail Sales m/m,High,0.3%,1.3%,
2018-01-12,7:30am,USD,CPI m/m,High,0.1%,0.4%,
2018-01-12,7:30am,USD,CPI y/y,High,2.1%,2.2%,
2018-01-12,7:30am,USD,Retail Sales m/m,High,0.5%,0.9%,
2018-01-12,8:59am,USD,RCM/TIPP Economic Optimism,Medium,52.3,51.9,
2018-01-12,9:00am,USD,Business Inventories m/m,Medium,0.4%,0.0%,
2018-01-12,10:30am,EUR,German Buba President Weidmann Speaks,Low,,,
2018-01-14,5:50pm,JPY,M2 Money Stock y/y,Medium,4.0%,4.0%,
2018-01-14,6:01pm,GBP,Rightmove HPI m/m,Medium,,-2.6%,
2018-01-15,4:00am,EUR,Trade Balance,Medium,22.4B,19.0B,
2018-01-15,All Day,USD,Bank Holiday,Low,,,
2018-01-15,12:15pm,GBP,MPC Member Tenreyro Speaks,Low,,,
2018-01-15,5:50pm,JPY,PPI y/y,Medium,3.3%,3.6%,
2018-01-15,10:30pm,JPY,Tertiary Industry Activity m/m,Medium,0.4%,0.2%,
2018-01-16,TueJan 16,EUR,German WPI m/m,Medium,0.3%,0.5%,
2018-01-16,2:00am,EUR,French Gov Budget Balance,Medium,,-77.1B,
2018-01-16,3:30am,GBP,CPI y/y,High,3.0%,3.1%,
2018-01-16,3:30am,GBP,PPI Input m/m,Low,0.5%,1.6%,
2018-01-16,3:30am,GBP,RPI y/y,Low,3.9%,3.9%,
2018-01-16,3:30am,GBP,Core CPI y/y,Medium,2.6%,2.7%,
2018-01-16,3:30am,GBP,HPI y/y,Medium,4.2%,5.4%,
2018-01-16,3:30am,GBP,PPI Output m/m,Medium,0.2%,0.4%,
2018-01-16,4:07am,EUR,Italian Trade Balance,Medium,5.22B,4.99B,
2018-01-16,7:30am,USD,Empire State Manufacturing Index,Low,18.5,18.0,
2018-01-16,8:30am,GBP,CB Leading Index m/m,Medium,,-0.2%,
2018-01-16,11:00am,CHF,SNB Chairman Jordan Speaks,High,,,
2018-01-16,5:50pm,JPY,Core Machinery Orders m/m,Medium,-1.3%,5.0%,
2018-01-17,WedJan 17,EUR,Final Core CPI y/y,Medium,0.9%,0.9%,
2018-01-17,4:32am,EUR,German 30-y Bond Auction,Medium,,1.20|1.7,
2018-01-17,5:45am,GBP,MPC Member Saunders Speaks,Low,,,
2018-01-17,8:15am,USD,Capacity Utilization Rate,Low,77.3%,77.2%,
2018-01-17,8:15am,USD,Industrial Production m/m,Low,0.4%,-0.1%,
2018-01-17,9:00am,USD,NAHB Housing Market Index,Medium,73,74,
2018-01-17,1:00pm,USD,Beige Book,Medium,,,
2018-01-17,3:00pm,USD,TIC Long-Term Purchases,Medium,50.1B,26.2B,
2018-01-17,3:30pm,USD,FOMC Member Mester Speaks,Low,,,
2018-01-17,3:30pm,USD,API Weekly Statistical Bulletin,Medium,,,
2018-01-17,6:01pm,GBP,RICS House Price Balance,Medium,-1%,0%,
2018-01-17,9:45pm,JPY,30-y Bond Auction,Medium,,0.85|4.4,
2018-01-17,10:30pm,JPY,Revised Industrial Production m/m,Medium,0.6%,0.6%,
2018-01-18,2:00am,EUR,German Buba President Weidmann Speaks,Low,,,
2018-01-18,7:30am,USD,Building Permits,High,1.29M,1.30M,
2018-01-18,7:30am,USD,Housing Starts,Low,1.28M,1.30M,
2018-01-18,7:30am,USD,Philly Fed Manufacturing Index,Low,24.9,26.2,
2018-01-18,7:30am,USD,Unemployment Claims,Low,250K,261K,
2018-01-18,9:30am,USD,Natural Gas Storage,Medium,-201B,-359B,
2018-01-18,10:00am,USD,Crude Oil Inventories,High,-1.4M,-4.9M,
2018-01-19,2:15am,CHF,PPI m/m,Low,0.4%,0.6%,
2018-01-19,3:00am,EUR,Current Account,Medium,31.3B,30.3B,
2018-01-19,3:29am,GBP,Retail Sales m/m,High,-0.8%,1.0%,
2018-01-19,7:55am,USD,FOMC Member Bostic Speaks,Low,,,
2018-01-19,9:00am,USD,Prelim UoM Consumer Sentiment,Low,97.0,95.9,
2018-01-19,9:00am,USD,Prelim UoM Inflation Expectations,Medium,,2.7%,
2018-01-19,11:15am,USD,FOMC Member Quarles Speaks,Low,,,
2018-01-19,12:30pm,USD,FOMC Member Williams Speaks,Low,,,
2018-01-22,5:00am,EUR,German Buba Monthly Report,Medium,,,
2018-01-22,5:00pm,USD,Fed Chair Nomination Vote,High,Pass,,
2018-01-22,9:14pm,JPY,BOJ Outlook Report,High,,,
2018-01-22,9:14pm,JPY,Monetary Policy Statement,High,,,
2018-01-22,9:14pm,JPY,BOJ Policy Rate,Low,-0.10%,-0.10%,
2018-01-22,10:30pm,JPY,All Industries Activity m/m,Medium,0.9%,0.3%,
2018-01-23,3:30am,GBP,Public Sector Net Borrowing,Low,4.2B,6.6B,
2018-01-23,4:00am,EUR,German ZEW Economic Sentiment,Low,17.8,17.4,
2018-01-23,4:00am,EUR,ZEW Economic Sentiment,Medium,29.7,29.0,
2018-01-23,All Day,EUR,ECOFIN Meetings,Medium,,,
2018-01-23,5:00am,GBP,CBI Industrial Order Expectations,Medium,13,17,
2018-01-23,8:59am,USD,Richmond Manufacturing Index,Medium,19,20,
2018-01-23,9:00am,EUR,Consumer Confidence,Medium,1,1,
2018-01-23,3:30pm,USD,API Weekly Statistical Bulletin,Medium,,,
2018-01-23,5:50pm,JPY,Trade Balance,Medium,0.27T,0.29T,
2018-01-23,6:30pm,JPY,Flash Manufacturing PMI,Medium,54.3,54.0,
2018-01-24,WedJan 24,EUR,French Flash Services PMI,Low,58.9,59.1,
2018-01-24,2:30am,EUR,German Flash Manufacturing PMI,Low,63.2,63.3,
2018-01-24,2:30am,EUR,German Flash Services PMI,Low,55.6,55.8,
2018-01-24,3:00am,EUR,Flash Manufacturing PMI,Low,60.4,60.6,
2018-01-24,3:00am,EUR,Flash Services PMI,Low,56.5,56.6,
2018-01-24,3:30am,GBP,Average Earnings Index 3m/y,High,2.5%,2.5%,
2018-01-24,3:30am,GBP,Claimant Count Change,Low,2.3K,12.2K,
2018-01-24,3:30am,GBP,Unemployment Rate,Low,4.3%,4.3%,
2018-01-24,8:00am,USD,HPI m/m,Medium,0.4%,0.6%,
2018-01-24,8:45am,USD,Flash Manufacturing PMI,Medium,55.2,55.1,
2018-01-24,8:45am,USD,Flash Services PMI,Medium,54.5,53.7,
2018-01-24,9:00am,USD,Existing Home Sales,Low,5.72M,5.78M,
2018-01-24,9:30am,USD,Crude Oil Inventories,High,-1.0M,-6.9M,
2018-01-25,2:00am,EUR,Spanish Unemployment Rate,Low,16.1%,16.4%,
2018-01-25,3:00am,EUR,German ifo Business Climate,Low,117.1,117.2,
2018-01-25,3:30am,GBP,High Street Lending,Medium,39.9K,39.0K,
2018-01-25,5:00am,GBP,CBI Realized Sales,Medium,12,20,
2018-01-25,6:45am,EUR,Main Refinancing Rate,High,0.00%,0.00%,
2018-01-25,6:45am,EUR,Monetary Policy Statement,High,,,
2018-01-25,7:30am,EUR,ECB Press Conference,High,,,
2018-01-25,7:30am,USD,Unemployment Claims,Low,239K,216K,
2018-01-25,8:00am,EUR,Belgian NBB Business Climate,Medium,0.4,0.1,
2018-01-25,9:00am,USD,New Home Sales,Low,679K,689K,
2018-01-25,9:00am,USD,CB Leading Index m/m,Medium,0.5%,0.4%,
2018-01-25,9:30am,USD,Natural Gas Storage,Medium,-270B,-183B,
2018-01-25,5:30pm,JPY,National Core CPI y/y,Medium,0.9%,0.9%,
2018-01-25,5:30pm,JPY,Tokyo Core CPI y/y,Medium,0.8%,0.8%,
2018-01-25,5:50pm,JPY,Monetary Policy Meeting Minutes,Medium,,,
2018-01-25,5:50pm,JPY,SPPI y/y,Medium,0.8%,0.8%,
2018-01-26,FriJan 26,EUR,Private Loans y/y,Medium,2.9%,2.8%,
2018-01-26,3:30am,GBP,Prelim GDP q/q,High,0.4%,0.4%,
2018-01-26,3:30am,GBP,Index of Services 3m/3m,Medium,0.4%,0.3%,
2018-01-26,7:07am,USD,President Trump Speaks,High,,,
2018-01-26,7:30am,USD,Advance GDP q/q,High,3.0%,3.2%,
2018-01-26,7:30am,USD,Core Durable Goods Orders m/m,High,0.5%,0.3%,
2018-01-26,7:30am,USD,Advance GDP Price Index q/q,Low,2.3%,2.1%,
2018-01-26,7:30am,USD,Durable Goods Orders m/m,Low,0.9%,1.7%,
2018-01-26,7:30am,USD,Goods Trade Balance,Medium,-68.6B,-70.0B,
2018-01-26,7:30am,USD,Prelim Wholesale Inventories m/m,Medium,0.4%,0.8%,
2018-01-26,8:00am,GBP,BOE Gov Carney Speaks,High,,,
2018-01-26,8:00am,JPY,BOJ Gov Kuroda Speaks,High,,,
2018-01-29,7:30am,USD,Core PCE Price Index m/m,Low,0.2%,0.1%,
2018-01-29,7:30am,USD,Personal Spending m/m,Low,0.5%,0.8%,
2018-01-29,7:30am,USD,Personal Income m/m,Medium,0.3%,0.3%,
2018-01-29,5:30pm,JPY,Household Spending y/y,Medium,1.6%,1.7%,
2018-01-29,5:30pm,JPY,Unemployment Rate,Medium,2.7%,2.7%,
2018-01-29,5:50pm,JPY,Retail Sales y/y,Medium,2.1%,2.1%,
2018-01-29,11:00pm,JPY,BOJ Core CPI y/y,Medium,0.5%,0.6%,
2018-01-30,1:00am,CHF,Trade Balance,Medium,2.54B,2.58B,
2018-01-30,All Day,EUR,German Prelim CPI m/m,Low,-0.5%,0.6%,
2018-01-30,1:45am,EUR,French Consumer Spending m/m,Medium,0.4%,3.0%,
2018-01-30,2:00am,CHF,KOF Economic Barometer,Low,110.9,111.4,
2018-01-30,2:00am,EUR,Spanish Flash GDP q/q,Low,0.7%,0.8%,
2018-01-30,3:30am,GBP,Net Lending to Individuals m/m,Low,4.8B,5.2B,
2018-01-30,3:30am,GBP,M4 Money Supply m/m,Medium,0.2%,0.2%,
2018-01-30,3:30am,GBP,Mortgage Approvals,Medium,66K,65K,
2018-01-30,4:00am,EUR,Prelim Flash GDP q/q,Low,0.6%,0.6%,
2018-01-30,4:15am,EUR,Italian 10-y Bond Auction,Medium,,1.86|1.8,
2018-01-30,8:00am,USD,S&P/CS Composite-20 HPI y/y,Medium,6.3%,6.3%,
2018-01-30,9:00am,USD,CB Consumer Confidence,High,123.2,123.1,
2018-01-30,9:30am,GBP,BOE Gov Carney Speaks,High,,,
2018-01-30,3:30pm,USD,API Weekly Statistical Bulletin,Medium,,,
2018-01-30,5:50pm,JPY,BOJ Summary of Opinions,Medium,,,
2018-01-30,5:50pm,JPY,Prelim Industrial Production m/m,Medium,1.5%,0.5%,
2018-01-30,6:01pm,GBP,BRC Shop Price Index y/y,Medium,,-0.6%,
2018-01-30,6:01pm,GBP,GfK Consumer Confidence,Medium,-13,-13,
2018-01-30,8:00pm,USD,President Trump Speaks,High,,,
2018-01-30,11:00pm,JPY,Housing Starts y/y,Medium,1.1%,-0.4%,
2018-01-30,11:02pm,JPY,Consumer Confidence,Medium,44.9,44.7,
2018-01-31,WedJan 31,EUR,German Retail Sales m/m,Low,-0.3%,1.9%,
2018-01-31,1:45am,EUR,French Prelim CPI m/m,Medium,-0.3%,0.3%,
2018-01-31,2:00am,EUR,Spanish Flash CPI y/y,Low,0.9%,1.1%,
2018-01-31,2:55am,EUR,German Unemployment Change,Medium,-16K,-30K,
2018-01-31,3:00am,CHF,UBS Economic Expectations,Medium,,52.0,
2018-01-31,3:00am,EUR,Italian Monthly Unemployment Rate,Medium,10.9%,10.9%,
2018-01-31,4:00am,EUR,CPI Flash Estimate y/y,High,1.3%,1.4%,
2018-01-31,4:00am,EUR,Core CPI Flash Estimate y/y,Low,1.0%,0.9%,
2018-01-31,4:00am,EUR,Unemployment Rate,Medium,8.7%,8.7%,
2018-01-31,7:15am,USD,ADP Non-Farm Employment Change,High,186K,242K,
2018-01-31,7:30am,USD,Employment Cost Index q/q,Low,0.6%,0.7%,
2018-01-31,8:45am,USD,Chicago PMI,Low,64.2,67.6,
2018-01-31,9:00am,USD,Pending Home Sales m/m,Low,0.5%,0.3%,
2018-01-31,9:30am,USD,Crude Oil Inventories,High,0.1M,-1.1M,
2018-01-31,1:00pm,USD,Federal Funds Rate,High,1.50%,1.50%,
2018-01-31,1:00pm,USD,FOMC Statement,High,,,
2018-01-31,6:30pm,JPY,Final Manufacturing PMI,Medium,54.4,54.4,
2018-01-31,9:45pm,JPY,10-y Bond Auction,Medium,,0.08|3.7,
2018-02-01,12:55am,GBP,Nationwide HPI m/m,Medium,0.2%,0.6%,
2018-02-01,2:15am,CHF,Retail Sales y/y,Medium,1.5%,0.3%,
2018-02-01,2:15am,EUR,Spanish Manufacturing PMI,Medium,55.7,55.8,
2018-02-01,2:30am,CHF,Manufacturing PMI,Medium,64.1,65.2,
2018-02-01,2:45am,EUR,Italian Manufacturing PMI,Medium,57.7,57.4,
2018-02-01,2:50am,EUR,French Final Manufacturing PMI,Medium,58.1,58.1,
2018-02-01,2:55am,EUR,German Final Manufacturing PMI,Medium,61.2,61.2,
2018-02-01,3:00am,EUR,Final Manufacturing PMI,Medium,59.6,59.6,
2018-02-01,3:30am,GBP,Final Manufacturing PMI,High,56.5,56.2,
2018-02-01,4:00am,EUR,French 10-y Bond Auction,Medium,,0.79|1.4,
2018-02-01,6:30am,USD,Challenger Job Cuts y/y,Medium,,-3.6%,
2018-02-01,7:30am,USD,Prelim Nonfarm Productivity q/q,Low,0.8%,2.7%,
2018-02-01,7:30am,USD,Prelim Unit Labor Costs q/q,Low,0.9%,-0.2%,
2018-02-01,7:30am,USD,Unemployment Claims,Low,237K,231K,
2018-02-01,8:45am,USD,Final Manufacturing PMI,Medium,55.5,55.5,
2018-02-01,9:00am,USD,ISM Manufacturing PMI,High,58.7,59.7,
2018-02-01,9:00am,USD,Construction Spending m/m,Medium,0.4%,0.6%,
2018-02-01,9:00am,USD,ISM Manufacturing Prices,Medium,68.3,69.0,
2018-02-01,All Day,USD,Wards Total Vehicle Sales,Medium,17.2M,17.8M,
2018-02-01,9:30am,USD,Natural Gas Storage,Medium,-102B,-288B,
2018-02-01,All Day,USD,Total Vehicle Sales,Medium,17.2M,17.9M,
2018-02-01,5:50pm,JPY,Monetary Base y/y,Medium,11.0%,11.2%,
2018-02-02,3:30am,GBP,Construction PMI,High,52.0,52.2,
2018-02-02,4:00am,EUR,PPI m/m,Medium,0.3%,0.6%,
2018-02-02,4:00am,EUR,Italian Prelim CPI m/m,Medium,0.3%,0.4%,
2018-02-02,7:30am,USD,Average Hourly Earnings m/m,High,0.2%,0.4%,
2018-02-02,7:30am,USD,Non-Farm Employment Change,High,181K,160K,
2018-02-02,7:30am,USD,Unemployment Rate,High,4.1%,4.1%,
2018-02-02,9:00am,USD,Revised UoM Consumer Sentiment,Low,95.0,94.4,
2018-02-02,9:00am,USD,Factory Orders m/m,Medium,1.5%,1.7%,
2018-02-02,9:00am,USD,Revised UoM Inflation Expectations,Medium,,2.8%,
2018-02-02,1:30pm,USD,FOMC Member Williams Speaks,Low,,,
2018-02-05,2:45am,EUR,Italian Services PMI,Medium,56.1,55.4,
2018-02-05,2:50am,EUR,French Final Services PMI,Medium,59.3,59.3,
2018-02-05,2:55am,EUR,German Final Services PMI,Medium,57.0,57.0,
2018-02-05,3:00am,EUR,Final Services PMI,Medium,57.6,57.6,
2018-02-05,3:30am,EUR,Sentix Investor Confidence,Medium,33.2,32.9,
2018-02-05,3:30am,GBP,Final Services PMI,High,54.1,54.2,
2018-02-05,4:00am,EUR,Retail Sales m/m,Medium,-1.1%,2.0%,
2018-02-05,8:45am,USD,Final Services PMI,Medium,53.3,53.3,
2018-02-05,9:00am,USD,ISM Services PMI,High,56.5,55.9,
2018-02-05,10:00am,EUR,ECB President Draghi Speaks,High,,,
2018-02-05,1:00pm,USD,Loan Officer Survey,Medium,,,
2018-02-05,6:01pm,GBP,BRC Retail Sales Monitor y/y,Medium,,0.6%,
2018-02-06,1:45am,EUR,French Gov Budget Balance,Medium,,-84.7B,
2018-02-06,3:00am,EUR,German Buba President Weidmann Speaks,Low,,,
2018-02-06,3:10am,EUR,Retail PMI,Medium,,53.0,
2018-02-06,7:30am,USD,Trade Balance,Medium,-52.1B,-50.4B,
2018-02-06,9:00am,USD,JOLTS Job Openings,Medium,5.95M,5.98M,
2018-02-06,9:01am,USD,RCM/TIPP Economic Optimism,Medium,55.4,55.1,
2018-02-06,3:30pm,USD,API Weekly Statistical Bulletin,Medium,,,
2018-02-06,6:00pm,JPY,Average Cash Earnings y/y,Medium,0.6%,0.9%,
2018-02-06,11:00pm,JPY,Leading Indicators,Medium,108.1%,108.3%,
2018-02-07,1:45am,EUR,French Trade Balance,Medium,-4.8B,-5.6B,
2018-02-07,2:00am,CHF,Foreign Currency Reserves,Medium,,744B,
2018-02-07,2:30am,GBP,Halifax HPI m/m,Low,0.2%,-0.8%,
2018-02-07,3:03am,EUR,Italian Retail Sales m/m,Medium,-0.1%,0.9%,
2018-02-07,4:33am,EUR,German 10-y Bond Auction,Medium,,0.54|1.1,
2018-02-07,5:30am,EUR,EU Economic Forecasts,Low,,,
2018-02-07,7:30am,USD,FOMC Member Dudley Speaks,Low,,,
2018-02-07,9:30am,USD,Crude Oil Inventories,High,3.2M,6.8M,
2018-02-07,12:01pm,USD,10-y Bond Auction,Medium,,2.58|2.7,
2018-02-07,2:00pm,USD,Consumer Credit m/m,Medium,19.9B,31.0B,
2018-02-07,4:20pm,USD,FOMC Member Williams Speaks,Low,,,
2018-02-07,5:50pm,JPY,Bank Lending y/y,Medium,2.4%,2.5%,
2018-02-07,5:50pm,JPY,Current Account,Medium,1.66T,1.70T,
2018-02-07,6:01pm,GBP,RICS House Price Balance,Medium,5%,8%,
2018-02-07,9:45pm,JPY,30-y Bond Auction,Medium,,0.83|3.8,
2018-02-07,11:00pm,JPY,Economy Watchers Sentiment,Medium,53.7,53.9,
2018-02-08,2:45am,EUR,German Buba President Weidmann Speaks,Low,,,
2018-02-08,3:00am,EUR,ECB Economic Bulletin,Medium,,,
2018-02-08,6:00am,GBP,BOE Monetary Policy Report,High,,,
2018-02-08,6:00am,GBP,Monetary Policy Summary,High,,,
2018-02-08,6:00am,GBP,MPC Official Bank Rate Votes,High,0-0-9,0-0-9,
2018-02-08,6:00am,GBP,Official Bank Rate,High,0.50%,0.50%,
2018-02-08,6:00am,GBP,BOE Inflation Letter,Low,,,
2018-02-08,6:00am,GBP,MPC Asset Purchase Facility Votes,Low,0-0-9,0-0-9,
2018-02-08,6:00am,GBP,Asset Purchase Facility,Medium,435B,435B,
2018-02-08,7:30am,USD,Unemployment Claims,Low,232K,230K,
2018-02-08,9:00am,USD,Mortgage Delinquencies,Low,,4.88%,
2018-02-08,9:30am,USD,Natural Gas Storage,Medium,-116B,-99B,
2018-02-08,12:01pm,USD,30-y Bond Auction,Medium,,2.87|2.7,
2018-02-08,5:50pm,JPY,M2 Money Stock y/y,Medium,3.6%,3.6%,
2018-02-08,10:30pm,JPY,Tertiary Industry Activity m/m,Medium,0.2%,1.1%,
2018-02-09,1:45am,EUR,French Industrial Production m/m,Medium,0.1%,-0.3%,
2018-02-09,3:00am,EUR,Italian Industrial Production m/m,Medium,0.7%,0.2%,
2018-02-09,3:30am,GBP,Manufacturing Production m/m,High,0.3%,0.2%,
2018-02-09,3:30am,GBP,Goods Trade Balance,Low,-11.6B,-12.5B,
2018-02-09,3:30am,GBP,Construction Output m/m,Medium,0.0%,0.1%,
2018-02-09,3:30am,GBP,Industrial Production m/m,Medium,-0.9%,0.3%,
2018-02-09,6:03am,GBP,NIESR GDP Estimate,Medium,,0.6%,
2018-02-09,9:00am,USD,Final Wholesale Inventories m/m,Medium,0.2%,0.2%,
2018-02-09,10:45am,GBP,MPC Member Cunliffe Speaks,Low,,,
2018-02-12,3:50am,GBP,MPC Member Vlieghe Speaks,Low,,,
2018-02-12,10:30am,GBP,MPC Member McCafferty Speaks,Low,,,
2018-02-12,1:00pm,USD,Federal Budget Balance,Medium,50.2B,-23.2B,
2018-02-12,5:50pm,JPY,PPI y/y,Medium,2.7%,3.0%,
2018-02-12,11:58pm,JPY,Prelim Machine Tool Orders y/y,Medium,,48.3%,
2018-02-13,2:15am,CHF,PPI m/m,Low,0.2%,0.2%,
2018-02-13,3:30am,GBP,CPI y/y,High,2.9%,3.0%,
2018-02-13,3:30am,GBP,PPI Input m/m,Low,0.7%,0.6%,
2018-02-13,3:30am,GBP,RPI y/y,Low,4.1%,4.1%,
2018-02-13,3:30am,GBP,Core CPI y/y,Medium,2.6%,2.5%,
2018-02-13,3:30am,GBP,HPI y/y,Medium,4.9%,5.0%,
2018-02-13,3:30am,GBP,PPI Output m/m,Medium,0.2%,0.4%,
2018-02-13,5:00am,USD,NFIB Small Business Index,Medium,106.2,104.9,
2018-02-13,7:00am,USD,FOMC Member Mester Speaks,Low,,,
2018-02-13,3:30pm,USD,API Weekly Statistical Bulletin,Medium,,,
2018-02-13,5:50pm,JPY,Prelim GDP Price Index y/y,Medium,0.0%,0.2%,
2018-02-13,5:50pm,JPY,Prelim GDP q/q,Medium,0.2%,0.6%,
2018-02-14,WedFeb 14,EUR,German Final CPI m/m,Medium,-0.7%,-0.7%,
2018-02-14,2:00am,EUR,German Buba President Weidmann Speaks,Low,,,
2018-02-14,2:50am,CHF,Gov Board Member Zurbrugg Speaks,Low,,,
2018-02-14,3:00am,EUR,Italian Prelim GDP q/q,Medium,0.4%,0.4%,
2018-02-14,4:00am,EUR,Flash GDP q/q,Low,0.6%,0.6%,
2018-02-14,4:00am,EUR,Industrial Production m/m,Medium,0.1%,1.3%,
2018-02-14,4:33am,EUR,German 30-y Bond Auction,Medium,,1.28|1.4,
2018-02-14,5:20am,CHF,Gov Board Member Zurbrugg Speaks,Low,,,
2018-02-14,7:30am,USD,Core CPI m/m,High,0.2%,0.3%,
2018-02-14,7:30am,USD,Core Retail Sales m/m,High,0.5%,0.1%,
2018-02-14,7:30am,USD,CPI m/m,High,0.3%,0.1%,
2018-02-14,7:30am,USD,CPI y/y,High,1.9%,2.1%,
2018-02-14,7:30am,USD,Retail Sales m/m,High,0.2%,0.0%,
2018-02-14,8:30am,GBP,CB Leading Index m/m,Medium,,-0.2%,
2018-02-14,9:00am,USD,Business Inventories m/m,Medium,0.3%,0.4%,
2018-02-14,9:30am,USD,Crude Oil Inventories,High,2.8M,1.9M,
2018-02-14,5:50pm,JPY,Core Machinery Orders m/m,Medium,-1.9%,5.7%,
2018-02-14,10:30pm,JPY,Revised Industrial Production m/m,Medium,2.7%,2.7%,
2018-02-15,3:55am,EUR,Spanish 10-y Bond Auction,Medium,,1.53|1.8,
2018-02-15,4:00am,EUR,Trade Balance,Medium,22.4B,22.0B,
2018-02-15,7:30am,USD,PPI m/m,High,0.4%,-0.1%,
2018-02-15,7:30am,USD,Core PPI m/m,Low,0.2%,-0.1%,
2018-02-15,7:30am,USD,Empire State Manufacturing Index,Low,17.7,17.7,
2018-02-15,7:30am,USD,Philly Fed Manufacturing Index,Low,21.5,22.2,
2018-02-15,7:30am,USD,Unemployment Claims,Low,229K,223K,
2018-02-15,8:15am,USD,Capacity Utilization Rate,Low,78.0%,77.7%,
2018-02-15,8:15am,USD,Industrial Production m/m,Low,0.2%,0.4%,
2018-02-15,9:00am,USD,NAHB Housing Market Index,Medium,72,72,
2018-02-15,9:30am,USD,Natural Gas Storage,Medium,-193B,-119B,
2018-02-15,3:00pm,USD,TIC Long-Term Purchases,Medium,50.3B,57.5B,
2018-02-16,3:30am,GBP,Retail Sales m/m,High,0.5%,-1.4%,
2018-02-16,7:30am,USD,Building Permits,High,1.29M,1.30M,
2018-02-16,7:30am,USD,Housing Starts,Low,1.23M,1.21M,
2018-02-16,7:30am,USD,Import Prices m/m,Low,0.6%,0.2%,
2018-02-16,9:00am,USD,Prelim UoM Consumer Sentiment,Low,95.4,95.7,
2018-02-16,9:00am,USD,Prelim UoM Inflation Expectations,Medium,,2.7%,
2018-02-18,5:50pm,JPY,Trade Balance,Medium,0.14T,0.09T,
2018-02-18,6:01pm,GBP,Rightmove HPI m/m,Medium,,0.7%,
2018-02-19,All Day,EUR,Eurogroup Meetings,Medium,,,
2018-02-19,5:00am,EUR,German Buba Monthly Report,Medium,,,
2018-02-19,All Day,USD,Bank Holiday,Low,,,
2018-02-19,1:45pm,GBP,BOE Gov Carney Speaks,High,,,
2018-02-20,TueFeb 20,EUR,German PPI m/m,Medium,0.3%,0.2%,
2018-02-20,4:00am,EUR,German ZEW Economic Sentiment,Low,16.0,20.4,
2018-02-20,4:00am,EUR,ZEW Economic Sentiment,Medium,28.4,31.8,
2018-02-20,All Day,EUR,ECOFIN Meetings,Medium,,,
2018-02-20,5:00am,GBP,CBI Industrial Order Expectations,Medium,12,14,
2018-02-20,9:00am,EUR,Consumer Confidence,Medium,1,1,
2018-02-20,6:30pm,JPY,Flash Manufacturing PMI,Medium,55.2,54.8,
2018-02-20,10:30pm,JPY,All Industries Activity m/m,Medium,0.5%,1.0%,
2018-02-21,WedFeb 21,EUR,French Flash Services PMI,Low,59.1,59.2,
2018-02-21,2:30am,EUR,German Flash Manufacturing PMI,Low,60.6,61.1,
2018-02-21,2:30am,EUR,German Flash Services PMI,Low,56.9,57.3,
2018-02-21,3:00am,EUR,Flash Manufacturing PMI,Low,59.2,59.6,
2018-02-21,3:00am,EUR,Flash Services PMI,Low,57.7,58.0,
2018-02-21,3:30am,GBP,Average Earnings Index 3m/y,High,2.5%,2.5%,
2018-02-21,3:30am,GBP,Claimant Count Change,Low,2.3K,6.2K,
2018-02-21,3:30am,GBP,Public Sector Net Borrowing,Low,-11.5B,0.3B,
2018-02-21,3:30am,GBP,Unemployment Rate,Low,4.3%,4.3%,
2018-02-21,8:15am,GBP,Monetary Policy Report Hearings,High,,,
2018-02-21,8:45am,USD,Flash Manufacturing PMI,Medium,55.4,55.5,
2018-02-21,8:45am,USD,Flash Services PMI,Medium,53.8,53.3,
2018-02-21,9:00am,USD,Existing Home Sales,Low,5.61M,5.56M,
2018-02-21,1:00pm,USD,FOMC Meeting Minutes,High,,,
2018-02-21,3:30pm,USD,API Weekly Statistical Bulletin,Medium,,,
2018-02-21,11:15pm,USD,FOMC Member Quarles Speaks,Low,,,
2018-02-22,3:00am,EUR,German ifo Business Climate,Low,117.1,117.6,
2018-02-22,3:30am,GBP,Second Estimate GDP q/q,High,0.5%,0.5%,
2018-02-22,3:30am,GBP,Prelim Business Investment q/q,Low,0.5%,0.5%,
2018-02-22,3:30am,GBP,Index of Services 3m/3m,Medium,0.4%,0.4%,
2018-02-22,5:00am,GBP,CBI Realized Sales,Medium,13,12,
2018-02-22,6:30am,EUR,ECB Monetary Policy Meeting Accounts,High,,,
2018-02-22,7:30am,USD,Unemployment Claims,Low,230K,229K,
2018-02-22,7:58am,EUR,Belgian NBB Business Climate,Medium,1.5,1.8,
2018-02-22,9:00am,USD,CB Leading Index m/m,Medium,0.7%,0.6%,
2018-02-22,9:00am,USD,FOMC Member Dudley Speaks,Medium,,,
2018-02-22,9:30am,USD,Natural Gas Storage,Medium,-121B,-194B,
2018-02-22,10:00am,USD,Crude Oil Inventories,High,2.2M,1.8M,
2018-02-22,11:10am,USD,FOMC Member Bostic Speaks,Low,,,
2018-02-22,5:30pm,JPY,National Core CPI y/y,Medium,0.8%,0.9%,
2018-02-22,5:50pm,JPY,SPPI y/y,Medium,0.8%,0.8%,
2018-02-23,4:00am,EUR,Final CPI y/y,Low,1.3%,1.3%,
2018-02-23,4:00am,EUR,Final Core CPI y/y,Medium,1.0%,1.0%,
2018-02-23,6:00am,GBP,MPC Member Ramsden Speaks,Low,,,
2018-02-23,9:15am,USD,FOMC Member Dudley Speaks,Low,,,
2018-02-23,10:00am,USD,Fed Monetary Policy Report,Medium,,,
2018-02-23,12:30pm,USD,FOMC Member Mester Speaks,Low,,,
2018-02-23,2:40pm,USD,FOMC Member Williams Speaks,Low,,,
2018-02-26,8:40am,EUR,ECB President Draghi Speaks,High,,,
2018-02-26,9:00am,USD,New Home Sales,Low,655K,643K,
2018-02-26,12:00pm,GBP,MPC Member Cunliffe Speaks,Medium,,,
2018-02-26,2:15pm,USD,FOMC Member Quarles Speaks,Low,,,
2018-02-26,11:00pm,JPY,BOJ Core CPI y/y,Medium,0.6%,0.7%,
2018-02-27,2:00am,EUR,Spanish Flash CPI y/y,Low,0.9%,0.6%,
2018-02-27,3:00am,EUR,M3 Money Supply y/y,Low,4.6%,4.6%,
2018-02-27,3:00am,EUR,Private Loans y/y,Medium,2.9%,2.9%,
2018-02-27,4:00am,EUR,German Buba President Weidmann Speaks,Low,,,
2018-02-27,4:16am,EUR,Italian 10-y Bond Auction,Medium,,2.06|1.3,
2018-02-27,7:30am,USD,Core Durable Goods Orders m/m,High,0.4%,0.7%,
2018-02-27,7:30am,USD,Fed Chairman Powell Testifies,High,,,
2018-02-27,7:30am,USD,Durable Goods Orders m/m,Low,-2.4%,2.8%,
2018-02-27,7:30am,USD,Goods Trade Balance,Medium,-72.3B,-72.3B,
2018-02-27,7:30am,USD,Prelim Wholesale Inventories m/m,Medium,0.3%,0.4%,
2018-02-27,8:00am,USD,S&P/CS Composite-20 HPI y/y,Medium,6.3%,6.4%,
2018-02-27,8:03am,USD,HPI m/m,Medium,0.4%,0.5%,
2018-02-27,9:00am,USD,CB Consumer Confidence,High,126.2,124.3,
2018-02-27,9:00am,USD,Richmond Manufacturing Index,Medium,15,14,
2018-02-27,3:30pm,USD,API Weekly Statistical Bulletin,Medium,,,
2018-02-27,5:29pm,GBP,GfK Consumer Confidence,Medium,-10,-9,
2018-02-27,5:50pm,JPY,Prelim Industrial Production m/m,Medium,-4.1%,2.9%,
2018-02-27,5:50pm,JPY,Retail Sales y/y,Medium,2.3%,3.6%,
2018-02-27,6:01pm,GBP,BRC Shop Price Index y/y,Medium,,-0.5%,
2018-02-27,11:00pm,JPY,Housing Starts y/y,Medium,-4.5%,-2.1%,
2018-02-28,1:45am,EUR,French Consumer Spending m/m,Medium,0.5%,-1.2%,
2018-02-28,1:45am,EUR,French Prelim CPI m/m,Medium,0.3%,-0.1%,
2018-02-28,1:45am,EUR,French Prelim GDP q/q,Medium,0.6%,0.6%,
2018-02-28,2:00am,CHF,KOF Economic Barometer,Low,106.2,107.6,
2018-02-28,2:55am,EUR,German Unemployment Change,Medium,-17K,-25K,
2018-02-28,3:00am,CHF,UBS Economic Expectations,Low,,34.5,
2018-02-28,4:00am,EUR,Core CPI Flash Estimate y/y,Low,1.0%,1.0%,
2018-02-28,4:00am,EUR,CPI Flash Estimate y/y,Low,1.2%,1.3%,
2018-02-28,4:00am,EUR,Italian Prelim CPI m/m,Medium,0.3%,0.3%,
2018-02-28,4:34am,EUR,German 10-y Bond Auction,Medium,,0.69|1.5,
2018-02-28,7:30am,USD,Prelim GDP q/q,High,2.5%,2.6%,
2018-02-28,7:30am,USD,Prelim GDP Price Index q/q,Medium,2.4%,2.4%,
2018-02-28,8:45am,USD,Chicago PMI,Low,64.2,65.7,
2018-02-28,9:00am,USD,Pending Home Sales m/m,Low,0.4%,0.0%,
2018-02-28,9:30am,USD,Crude Oil Inventories,High,2.4M,-1.6M,
2018-02-28,5:50pm,JPY,Capital Spending q/y,Medium,3.1%,4.2%,
2018-02-28,6:30pm,JPY,Final Manufacturing PMI,Medium,54.0,54.0,
2018-02-28,9:45pm,JPY,10-y Bond Auction,Medium,,0.09|4.6,
2018-02-28,11:00pm,JPY,Consumer Confidence,Medium,44.9,44.7,
2018-03-01,1:00am,GBP,Nationwide HPI m/m,Medium,0.2%,0.8%,
2018-03-01,2:15am,CHF,Retail Sales y/y,Medium,1.1%,0.7%,
2018-03-01,2:15am,EUR,Spanish Manufacturing PMI,Medium,54.8,55.2,
2018-03-01,2:30am,CHF,Manufacturing PMI,Medium,64.1,65.3,
2018-03-01,2:45am,EUR,Italian Manufacturing PMI,Medium,57.9,59.0,
2018-03-01,2:50am,EUR,French Final Manufacturing PMI,Medium,56.1,56.1,
2018-03-01,2:55am,EUR,German Final Manufacturing PMI,Medium,60.3,60.3,
2018-03-01,3:00am,EUR,Final Manufacturing PMI,Medium,58.5,58.5,
2018-03-01,3:00am,EUR,Italian Monthly Unemployment Rate,Medium,10.8%,10.9%,
2018-03-01,3:30am,GBP,Final Manufacturing PMI,High,55.1,55.3,
2018-03-01,3:30am,GBP,Net Lending to Individuals m/m,Low,5.4B,5.1B,
2018-03-01,3:30am,GBP,M4 Money Supply m/m,Medium,0.4%,-0.6%,
2018-03-01,3:30am,GBP,Mortgage Approvals,Medium,62K,62K,
2018-03-01,3:49am,EUR,Spanish 10-y Bond Auction,Medium,,1.58|2.5,
2018-03-01,4:00am,EUR,Unemployment Rate,Medium,8.6%,8.6%,
2018-03-01,4:03am,EUR,French 10-y Bond Auction,Medium,,0.98|2.0,
2018-03-01,7:30am,USD,Core PCE Price Index m/m,Low,0.3%,0.2%,
2018-03-01,7:30am,USD,Personal Spending m/m,Low,0.2%,0.4%,
2018-03-01,7:30am,USD,Unemployment Claims,Low,226K,220K,
2018-03-01,7:30am,USD,Personal Income m/m,Medium,0.3%,0.4%,
2018-03-01,8:45am,USD,Final Manufacturing PMI,Medium,55.9,55.9,
2018-03-01,9:00am,USD,Fed Chairman Powell Testifies,High,,,
2018-03-01,9:00am,USD,ISM Manufacturing PMI,High,58.7,59.1,
2018-03-01,9:00am,USD,Construction Spending m/m,Medium,0.3%,0.8%,
2018-03-01,9:00am,USD,ISM Manufacturing Prices,Medium,70.5,72.7,
2018-03-01,All Day,USD,Wards Total Vehicle Sales,Medium,17.2M,17.1M,
2018-03-01,9:34am,USD,Natural Gas Storage,Medium,-71B,-124B,
2018-03-01,10:00am,USD,President Trump Speaks,High,,,
2018-03-01,All Day,USD,Total Vehicle Sales,Medium,17.2M,17.2M,
2018-03-01,5:30pm,JPY,Tokyo Core CPI y/y,Medium,0.8%,0.7%,
2018-03-01,5:30pm,JPY,Unemployment Rate,Medium,2.8%,2.8%,
2018-03-01,5:50pm,JPY,Monetary Base y/y,Medium,9.2%,9.7%,
2018-03-02,FriMar 2,EUR,German Import Prices m/m,Medium,0.4%,0.3%,
2018-03-02,2:00am,EUR,Spanish Unemployment Change,Low,-7.2K,63.7K,
2018-03-02,3:30am,GBP,Construction PMI,High,50.5,50.2,
2018-03-02,4:00am,EUR,PPI m/m,Medium,0.4%,0.1%,
2018-03-02,4:00am,GBP,BOE Gov Carney Speaks,High,,,
2018-03-02,7:43am,GBP,Prime Minister May Speaks,High,,,
2018-03-02,9:00am,USD,Revised UoM Consumer Sentiment,Low,99.4,99.9,
2018-03-02,9:00am,USD,Revised UoM Inflation Expectations,Medium,,2.7%,
2018-03-05,2:45am,EUR,Italian Services PMI,Medium,57.3,57.7,
2018-03-05,2:50am,EUR,French Final Services PMI,Medium,57.9,57.9,
2018-03-05,2:55am,EUR,German Final Services PMI,Medium,55.3,55.3,
2018-03-05,3:00am,EUR,Final Services PMI,Medium,56.7,56.7,
2018-03-05,3:30am,EUR,Sentix Investor Confidence,Medium,31.1,31.9,
2018-03-05,3:30am,GBP,Final Services PMI,High,53.3,53.0,
2018-03-05,4:00am,EUR,Retail Sales m/m,Medium,0.3%,-1.0%,
2018-03-05,8:45am,USD,Final Services PMI,Medium,55.9,55.9,
2018-03-05,9:00am,USD,ISM Services PMI,High,58.9,59.9,
2018-03-05,12:15pm,USD,FOMC Member Quarles Speaks,Low,,,
2018-03-05,6:01pm,GBP,BRC Retail Sales Monitor y/y,Medium,,0.6%,
2018-03-05,9:45pm,JPY,30-y Bond Auction,Medium,,0.82|4.3,
2018-03-06,3:10am,EUR,Retail PMI,Medium,,50.8,
2018-03-06,4:34am,GBP,30-y Bond Auction,Medium,,1.81|1.7,
2018-03-06,6:30am,USD,FOMC Member Dudley Speaks,Low,,,
2018-03-06,9:00am,USD,Factory Orders m/m,Medium,-0.4%,1.8%,
2018-03-06,9:01am,USD,RCM/TIPP Economic Optimism,Medium,58.2,56.7,
2018-03-06,12:15pm,GBP,MPC Member Haldane Speaks,Low,,,
2018-03-06,3:30pm,USD,API Weekly Statistical Bulletin,Medium,,,
2018-03-06,4:30pm,USD,FOMC Member Brainard Speaks,Low,,,
2018-03-06,11:00pm,JPY,Leading Indicators,Low,106.5%,107.4%,
2018-03-07,2:00am,CHF,Foreign Currency Reserves,Medium,,732B,
2018-03-07,2:30am,GBP,Halifax HPI m/m,Low,0.4%,-0.5%,
2018-03-07,4:00am,EUR,Revised GDP q/q,Medium,0.6%,0.6%,
2018-03-07,7:00am,USD,FOMC Member Bostic Speaks,Low,,,
2018-03-07,7:15am,USD,ADP Non-Farm Employment Change,High,199K,244K,
2018-03-07,7:20am,USD,FOMC Member Dudley Speaks,Medium,,,
2018-03-07,7:30am,USD,Revised Nonfarm Productivity q/q,Medium,-0.1%,-0.1%,
2018-03-07,7:30am,USD,Revised Unit Labor Costs q/q,Medium,2.1%,2.0%,
2018-03-07,7:30am,USD,Trade Balance,Medium,-55.1B,-53.9B,
2018-03-07,9:30am,USD,Crude Oil Inventories,High,2.6M,3.0M,
2018-03-07,1:00pm,USD,Beige Book,Medium,,,
2018-03-07,2:00pm,USD,Consumer Credit m/m,Medium,17.5B,19.2B,
2018-03-07,5:50pm,JPY,Bank Lending y/y,Medium,2.4%,2.3%,
2018-03-07,5:50pm,JPY,Current Account,Medium,1.76T,1.68T,
2018-03-07,5:50pm,JPY,Final GDP Price Index y/y,Medium,0.0%,0.0%,
2018-03-07,5:50pm,JPY,Final GDP q/q,Medium,0.2%,0.1%,
2018-03-07,6:01pm,GBP,RICS House Price Balance,Medium,7%,7%,
2018-03-07,11:03pm,JPY,Economy Watchers Sentiment,Medium,50.6,49.9,
2018-03-08,1:00am,EUR,German Factory Orders m/m,Medium,-1.9%,3.0%,
2018-03-08,6:30am,USD,Challenger Job Cuts y/y,Medium,,-2.8%,
2018-03-08,6:45am,EUR,Main Refinancing Rate,High,0.00%,0.00%,
2018-03-08,6:45am,EUR,Monetary Policy Statement,High,,,
2018-03-08,7:30am,EUR,ECB Press Conference,High,,,
2018-03-08,7:30am,USD,Unemployment Claims,Low,220K,210K,
2018-03-08,9:30am,USD,Natural Gas Storage,Medium,-58B,-78B,
2018-03-08,5:30pm,JPY,Household Spending y/y,Medium,-1.1%,-0.1%,
2018-03-08,5:50pm,JPY,M2 Money Stock y/y,Medium,3.3%,3.4%,
2018-03-08,6:00pm,JPY,Average Cash Earnings y/y,Medium,0.6%,0.7%,
2018-03-08,8:46pm,JPY,BOJ Policy Rate,High,-0.10%,-0.10%,
2018-03-08,8:46pm,JPY,Monetary Policy Statement,High,,,
2018-03-09,1:00am,EUR,German Industrial Production m/m,Medium,0.6%,-0.5%,
2018-03-09,1:00am,EUR,German Trade Balance,Medium,21.2B,21.3B,
2018-03-09,1:45am,EUR,French Gov Budget Balance,Medium,,-67.8B,
2018-03-09,1:45am,EUR,French Industrial Production m/m,Medium,-0.2%,0.2%,
2018-03-09,3:30am,GBP,Manufacturing Production m/m,High,0.2%,0.3%,
2018-03-09,3:30am,GBP,Goods Trade Balance,Low,-12.0B,-11.8B,
2018-03-09,3:30am,GBP,Construction Output m/m,Medium,-0.4%,1.6%,
2018-03-09,3:30am,GBP,Consumer Inflation Expectations,Medium,,2.9%,
2018-03-09,3:30am,GBP,Industrial Production m/m,Medium,1.5%,-1.3%,
2018-03-09,6:09am,GBP,NIESR GDP Estimate,Medium,,0.4%,
2018-03-09,7:30am,USD,Average Hourly Earnings m/m,High,0.2%,0.3%,
2018-03-09,7:30am,USD,Non-Farm Employment Change,High,205K,239K,
2018-03-09,7:30am,USD,Unemployment Rate,High,4.0%,4.1%,
2018-03-09,9:00am,USD,Final Wholesale Inventories m/m,Medium,0.7%,0.7%,
2018-03-11,SunMar 11,USD,Daylight Saving Time Shift,Low,,,
2018-03-11,6:50pm,JPY,BSI Manufacturing Index,Medium,10.3,9.7,
2018-03-12,All Day,EUR,Eurogroup Meetings,Medium,,,
2018-03-12,12:01pm,USD,10-y Bond Auction,Medium,,2.81|2.3,
2018-03-12,1:00pm,USD,Federal Budget Balance,Medium,-222.3B,49.2B,
2018-03-12,6:50pm,JPY,PPI y/y,Medium,2.5%,2.7%,
2018-03-12,11:30pm,JPY,Tertiary Industry Activity m/m,Medium,-0.2%,0.0%,
2018-03-13,4:00am,EUR,Italian Quarterly Unemployment Rate,Medium,11.0%,11.2%,
2018-03-13,5:00am,USD,NFIB Small Business Index,Medium,107.1,106.9,
2018-03-13,All Day,EUR,ECOFIN Meetings,Medium,,,
2018-03-13,7:30am,GBP,Annual Budget Release,High,,,
2018-03-13,7:30am,USD,Core CPI m/m,High,0.2%,0.3%,
2018-03-13,7:30am,USD,CPI m/m,High,0.2%,0.5%,
2018-03-13,7:30am,USD,CPI y/y,High,2.2%,2.1%,
2018-03-13,12:01pm,USD,30-y Bond Auction,Medium,,3.12|2.3,
2018-03-13,3:30pm,USD,API Weekly Statistical Bulletin,Medium,,,
2018-03-13,6:50pm,JPY,Core Machinery Orders m/m,Medium,5.3%,-11.9%,
2018-03-13,6:50pm,JPY,Monetary Policy Meeting Minutes,Medium,,,
2018-03-14,3:00am,EUR,ECB President Draghi Speaks,High,,,
2018-03-14,4:03am,EUR,Italian Retail Sales m/m,Medium,-0.1%,-0.9%,
2018-03-14,5:00am,EUR,Final Employment Change q/q,Medium,0.3%,0.4%,
2018-03-14,5:00am,EUR,Industrial Production m/m,Medium,-0.4%,0.4%,
2018-03-14,5:33am,EUR,German 30-y Bond Auction,Medium,,1.33|1.5,
2018-03-14,7:30am,USD,Core Retail Sales m/m,High,0.4%,0.1%,
2018-03-14,7:30am,USD,PPI m/m,High,0.1%,0.4%,
2018-03-14,7:30am,USD,Retail Sales m/m,High,0.3%,-0.1%,
2018-03-14,7:30am,USD,Core PPI m/m,Low,0.2%,0.4%,
2018-03-14,9:00am,USD,Business Inventories m/m,Medium,0.6%,0.6%,
2018-03-14,9:30am,USD,Crude Oil Inventories,High,2.2M,2.4M,
2018-03-15,2:45am,EUR,French Final CPI m/m,Medium,-0.1%,-0.1%,
2018-03-15,3:15am,CHF,PPI m/m,Low,0.2%,0.3%,
2018-03-15,3:30am,CHF,Libor Rate,High,-0.75%,-0.75%,
2018-03-15,3:30am,CHF,SNB Monetary Policy Assessment,High,,,
2018-03-15,4:48am,EUR,Spanish 10-y Bond Auction,Medium,,1.50|2.0,
2018-03-15,5:35am,GBP,10-y Bond Auction,Medium,,1.29|2.4,
2018-03-15,7:30am,USD,Empire State Manufacturing Index,Low,14.9,13.1,
2018-03-15,7:30am,USD,Philly Fed Manufacturing Index,Low,23.1,25.8,
2018-03-15,7:30am,USD,Unemployment Claims,Low,227K,230K,
2018-03-15,7:30am,USD,Import Prices m/m,Medium,0.3%,0.8%,
2018-03-15,9:00am,USD,NAHB Housing Market Index,Medium,72,71,
2018-03-15,9:30am,USD,Natural Gas Storage,Medium,-99B,-57B,
2018-03-15,3:00pm,USD,TIC Long-Term Purchases,Medium,35.9B,23.3B,
2018-03-15,11:30pm,JPY,Revised Industrial Production m/m,Medium,-6.6%,-6.6%,
2018-03-16,4:30am,GBP,FPC Statement,Medium,,,
2018-03-16,5:00am,EUR,Final CPI y/y,Low,1.2%,1.2%,
2018-03-16,5:00am,EUR,Final Core CPI y/y,Medium,1.0%,1.0%,
2018-03-16,7:30am,USD,Building Permits,High,1.32M,1.38M,
2018-03-16,7:30am,USD,Housing Starts,Low,1.29M,1.33M,
2018-03-16,8:15am,USD,Capacity Utilization Rate,Low,77.7%,77.4%,
2018-03-16,8:15am,USD,Industrial Production m/m,Low,0.3%,-0.3%,
2018-03-16,8:30am,GBP,CB Leading Index m/m,Medium,,-0.2%,
2018-03-16,9:00am,USD,Prelim UoM Consumer Sentiment,Low,99.2,99.7,
2018-03-16,9:00am,USD,JOLTS Job Openings,Medium,5.91M,5.81M,
2018-03-16,9:00am,USD,Prelim UoM Inflation Expectations,Medium,,2.7%,
2018-03-18,6:50pm,JPY,BOJ Summary of Opinions,Medium,,,
2018-03-18,6:50pm,JPY,Trade Balance,Medium,-0.10T,0.35T,
2018-03-18,7:01pm,GBP,Rightmove HPI m/m,Medium,,0.8%,
2018-03-19,5:00am,EUR,Italian Trade Balance,Medium,4.87B,5.25B,
2018-03-19,5:00am,EUR,Trade Balance,Medium,22.6B,23.2B,
2018-03-19,6:00am,EUR,German Buba Monthly Report,Medium,,,
2018-03-19,8:40am,USD,FOMC Member Bostic Speaks,Medium,,,
2018-03-20,2:00am,CHF,Trade Balance,Medium,1.87B,2.07B,
2018-03-20,2:00am,EUR,German PPI m/m,Medium,0.1%,0.5%,
2018-03-20,4:30am,GBP,CPI y/y,High,2.8%,3.0%,
2018-03-20,4:30am,GBP,PPI Input m/m,Low,-0.9%,0.4%,
2018-03-20,4:30am,GBP,Core CPI y/y,Medium,2.5%,2.7%,
2018-03-20,4:30am,GBP,HPI y/y,Medium,5.1%,5.0%,
2018-03-20,4:30am,GBP,PPI Output m/m,Medium,0.1%,0.1%,
2018-03-20,4:30am,GBP,RPI y/y,Medium,3.7%,4.0%,
2018-03-20,5:00am,EUR,German ZEW Economic Sentiment,Low,13.1,17.8,
2018-03-20,5:00am,EUR,ZEW Economic Sentiment,Medium,28.1,29.3,
2018-03-20,10:00am,EUR,Consumer Confidence,Medium,0,0,
2018-03-20,3:30pm,USD,API Weekly Statistical Bulletin,Medium,,,
2018-03-20,All Day,JPY,Bank Holiday,Low,,,
2018-03-21,4:30am,GBP,Average Earnings Index 3m/y,High,2.6%,2.7%,
2018-03-21,4:30am,GBP,Claimant Count Change,Low,-3.1K,-1.6K,
2018-03-21,4:30am,GBP,Public Sector Net Borrowing,Low,-0.4B,-11.7B,
2018-03-21,4:30am,GBP,Unemployment Rate,Low,4.4%,4.4%,
2018-03-21,5:34am,EUR,German 10-y Bond Auction,Medium,,0.67|1.2,
2018-03-21,6:00am,GBP,CBI Industrial Order Expectations,Medium,9,10,
2018-03-21,7:30am,USD,Current Account,Low,-125B,-101B,
2018-03-21,9:00am,CHF,SNB Quarterly Bulletin,Medium,,,
2018-03-21,9:00am,USD,Existing Home Sales,Low,5.41M,5.38M,
2018-03-21,9:30am,USD,Crude Oil Inventories,High,2.6M,5.0M,
2018-03-21,1:00pm,USD,Federal Funds Rate,High,1.75%,1.50%,
2018-03-21,1:00pm,USD,FOMC Economic Projections,High,,,
2018-03-21,1:00pm,USD,FOMC Statement,High,,,
2018-03-21,1:30pm,USD,FOMC Press Conference,High,,,
2018-03-21,7:30pm,JPY,Flash Manufacturing PMI,Medium,54.3,54.1,
2018-03-21,11:30pm,JPY,All Industries Activity m/m,Medium,-1.7%,0.6%,
2018-03-22,ThuMar 22,EUR,French Flash Services PMI,Low,57.0,57.4,
2018-03-22,3:30am,EUR,German Flash Manufacturing PMI,Low,59.8,60.6,
2018-03-22,3:30am,EUR,German Flash Services PMI,Low,55.0,55.3,
2018-03-22,4:00am,EUR,Flash Manufacturing PMI,Low,58.1,58.6,
2018-03-22,4:00am,EUR,Flash Services PMI,Low,56.0,56.2,
2018-03-22,4:00am,EUR,German ifo Business Climate,Low,114.7,115.4,
2018-03-22,4:00am,EUR,Current Account,Medium,30.2B,31.0B,
2018-03-22,4:00am,EUR,ECB Economic Bulletin,Medium,,,
2018-03-22,4:30am,GBP,Retail Sales m/m,High,0.4%,-0.2%,
2018-03-22,7:00am,GBP,Monetary Policy Summary,High,,,
2018-03-22,7:00am,GBP,MPC Official Bank Rate Votes,High,0-0-9,0-0-9,
2018-03-22,7:00am,GBP,Official Bank Rate,High,0.50%,0.50%,
2018-03-22,7:00am,GBP,Asset Purchase Facility,Low,435B,435B,
2018-03-22,7:00am,GBP,MPC Asset Purchase Facility Votes,Low,0-0-9,0-0-9,
2018-03-22,7:30am,USD,Unemployment Claims,Low,225K,226K,
2018-03-22,8:00am,USD,HPI m/m,Medium,0.4%,0.4%,
2018-03-22,8:45am,USD,Flash Manufacturing PMI,Medium,55.4,55.3,
2018-03-22,8:45am,USD,Flash Services PMI,Medium,55.9,55.9,
2018-03-22,8:58am,EUR,Belgian NBB Business Climate,Medium,1.2,1.9,
2018-03-22,9:00am,USD,CB Leading Index m/m,Medium,0.5%,0.8%,
2018-03-22,9:30am,USD,Natural Gas Storage,Medium,-88B,-93B,
2018-03-22,12:00pm,GBP,MPC Member Ramsden Speaks,Low,,,
2018-03-22,6:30pm,JPY,National Core CPI y/y,Medium,1.0%,0.9%,
2018-03-23,7:30am,GBP,MPC Member Vlieghe Speaks,Low,,,
2018-03-23,7:30am,USD,Core Durable Goods Orders m/m,High,0.5%,-0.2%,
2018-03-23,7:30am,USD,Durable Goods Orders m/m,Low,1.6%,-3.6%,
2018-03-23,9:00am,USD,New Home Sales,Medium,621K,622K,
2018-03-24,SatMar 24,EUR,Daylight Saving Time Shift,Low,,,
2018-03-24,SatMar 24,GBP,Daylight Saving Time Shift,Low,,,
2018-03-26,4:30am,EUR,German Buba President Weidmann Speaks,Low,,,
2018-03-26,11:30am,USD,FOMC Member Dudley Speaks,Low,,,
2018-03-26,3:30pm,USD,FOMC Member Mester Speaks,Low,,,
2018-03-26,6:10pm,USD,FOMC Member Quarles Speaks,Low,,,
2018-03-26,6:50pm,JPY,SPPI y/y,Medium,0.7%,0.7%,
2018-03-27,1:00am,EUR,German Import Prices m/m,Medium,-0.3%,0.5%,
2018-03-27,2:00am,EUR,Spanish Flash CPI y/y,Low,1.5%,1.1%,
2018-03-27,3:00am,EUR,M3 Money Supply y/y,Low,4.6%,4.5%,
2018-03-27,3:00am,EUR,Private Loans y/y,Medium,3.0%,2.9%,
2018-03-27,3:30am,GBP,FPC Meeting Minutes,Medium,,,
2018-03-27,8:00am,USD,S&P/CS Composite-20 HPI y/y,Medium,6.1%,6.3%,
2018-03-27,9:00am,USD,CB Consumer Confidence,High,131.2,130.0,
2018-03-27,9:00am,USD,Richmond Manufacturing Index,Medium,23,28,
2018-03-27,10:00am,USD,FOMC Member Bostic Speaks,Low,,,
2018-03-27,3:30pm,USD,API Weekly Statistical Bulletin,Medium,,,
2018-03-28,3:00am,CHF,UBS Economic Expectations,Low,,25.8,
2018-03-28,4:21am,EUR,Italian 10-y Bond Auction,Medium,,2.06|1.4,
2018-03-28,5:00am,GBP,CBI Realized Sales,Medium,7,8,
2018-03-28,7:30am,USD,Final GDP q/q,High,2.7%,2.5%,
2018-03-28,7:30am,USD,Final GDP Price Index q/q,Medium,2.3%,2.3%,
2018-03-28,7:30am,USD,Goods Trade Balance,Medium,-74.4B,-75.3B,
2018-03-28,7:30am,USD,Prelim Wholesale Inventories m/m,Medium,0.6%,0.8%,
2018-03-28,9:00am,USD,Pending Home Sales m/m,Medium,2.1%,-5.0%,
2018-03-28,9:30am,USD,Crude Oil Inventories,High,0.5M,-2.6M,
2018-03-28,11:00am,USD,FOMC Member Bostic Speaks,Low,,,
2018-03-28,6:01pm,GBP,GfK Consumer Confidence,Medium,-10,-10,
2018-03-28,6:50pm,JPY,Retail Sales y/y,Medium,1.7%,1.5%,
2018-03-29,All Day,EUR,German Prelim CPI m/m,Low,0.5%,0.5%,
2018-03-29,2:00am,CHF,KOF Economic Barometer,Low,107.3,108.4,
2018-03-29,2:55am,EUR,German Unemployment Change,Medium,-15K,-23K,
2018-03-29,3:30am,GBP,Current Account,High,-24.0B,-19.2B,
2018-03-29,3:30am,GBP,Final GDP q/q,Low,0.4%,0.4%,
2018-03-29,3:30am,GBP,Net Lending to Individuals m/m,Low,4.8B,4.8B,
2018-03-29,3:30am,GBP,Index of Services 3m/3m,Medium,0.6%,0.4%,
2018-03-29,3:30am,GBP,M4 Money Supply m/m,Medium,1.3%,1.5%,
2018-03-29,3:30am,GBP,Mortgage Approvals,Medium,66K,67K,
2018-03-29,3:30am,GBP,Revised Business Investment q/q,Medium,0.0%,0.0%,
2018-03-29,7:30am,USD,Core PCE Price Index m/m,Low,0.2%,0.3%,
2018-03-29,7:30am,USD,Personal Spending m/m,Low,0.2%,0.2%,
2018-03-29,7:30am,USD,Unemployment Claims,Low,230K,229K,
2018-03-29,7:30am,USD,Personal Income m/m,Medium,0.4%,0.4%,
2018-03-29,8:45am,USD,Chicago PMI,Low,62.1,61.9,
2018-03-29,9:00am,USD,Revised UoM Consumer Sentiment,Low,101.9,102.0,
2018-03-29,9:00am,USD,Revised UoM Inflation Expectations,Medium,,2.9%,
2018-03-29,9:30am,USD,Natural Gas Storage,Medium,-75B,-86B,
2018-03-29,6:30pm,JPY,Tokyo Core CPI y/y,Medium,0.9%,0.9%,
2018-03-29,6:30pm,JPY,Unemployment Rate,Medium,2.6%,2.4%,
2018-03-29,6:50pm,JPY,Prelim Industrial Production m/m,Medium,5.1%,-6.8%,
2018-03-30,All Day,CHF,Bank Holiday,Low,,,
2018-03-30,All Day,EUR,German Bank Holiday,Low,,,
2018-03-30,1:45am,EUR,French Consumer Spending m/m,Medium,2.2%,-1.9%,
2018-03-30,1:45am,EUR,French Prelim CPI m/m,Medium,0.8%,0.0%,
2018-03-30,All Day,GBP,Bank Holiday,Low,,,
2018-03-30,4:00am,EUR,Italian Prelim CPI m/m,Medium,0.1%,0.0%,
2018-04-01,6:50pm,JPY,Tankan Manufacturing Index,Medium,25,25,
2018-04-01,6:50pm,JPY,Tankan Non-Manufacturing Index,Medium,24,23,
2018-04-01,7:30pm,JPY,Final Manufacturing PMI,Medium,53.2,53.2,
2018-04-02,All Day,EUR,French Bank Holiday,Low,,,
2018-04-02,All Day,EUR,German Bank Holiday,Low,,,
2018-04-02,All Day,EUR,Italian Bank Holiday,Low,,,
2018-04-02,All Day,GBP,Bank Holiday,Low,,,
2018-04-02,8:45am,USD,Final Manufacturing PMI,Medium,55.7,55.7,
2018-04-02,9:00am,USD,ISM Manufacturing PMI,High,60.1,60.8,
2018-04-02,9:00am,USD,Construction Spending m/m,Medium,0.4%,0.0%,
2018-04-02,9:00am,USD,ISM Manufacturing Prices,Medium,72.5,74.2,
2018-04-02,6:50pm,JPY,Monetary Base y/y,Medium,9.6%,9.4%,
2018-04-02,10:45pm,JPY,10-y Bond Auction,Medium,,0.06|4.5,
2018-04-03,2:00am,EUR,Spanish Unemployment Change,Medium,-47.5K,-6.3K,
2018-04-03,2:15am,CHF,Retail Sales y/y,Medium,-0.7%,-0.4%,
2018-04-03,2:15am,EUR,Spanish Manufacturing PMI,Medium,54.7,56.0,
2018-04-03,2:30am,CHF,Manufacturing PMI,Medium,64.3,65.5,
2018-04-03,2:45am,EUR,Italian Manufacturing PMI,Medium,55.6,56.8,
2018-04-03,2:50am,EUR,French Final Manufacturing PMI,Medium,53.6,53.6,
2018-04-03,2:55am,EUR,German Final Manufacturing PMI,Medium,58.4,58.4,
2018-04-03,3:00am,EUR,Final Manufacturing PMI,Medium,56.6,56.6,
2018-04-03,3:30am,GBP,Final Manufacturing PMI,High,54.8,55.0,
2018-04-03,9:05am,USD,RCM/TIPP Economic Optimism,Medium,55.2,55.6,
2018-04-03,All Day,USD,Total Vehicle Sales,Medium,16.9M,17.1M,
2018-04-03,All Day,USD,Wards Total Vehicle Sales,Medium,16.9M,17.0M,
2018-04-03,3:30pm,USD,FOMC Member Brainard Speaks,Low,,,
2018-04-03,3:30pm,USD,API Weekly Statistical Bulletin,Medium,,,
2018-04-03,6:01pm,GBP,BRC Shop Price Index y/y,Medium,,-0.8%,
2018-04-04,3:30am,GBP,Construction PMI,High,50.9,51.4,
2018-04-04,4:00am,EUR,Core CPI Flash Estimate y/y,Low,1.1%,1.0%,
2018-04-04,4:00am,EUR,CPI Flash Estimate y/y,Low,1.4%,1.1%,
2018-04-04,4:00am,EUR,Unemployment Rate,Medium,8.5%,8.6%,
2018-04-04,7:15am,USD,ADP Non-Farm Employment Change,High,208K,246K,
2018-04-04,8:45am,USD,Final Services PMI,Medium,54.3,54.1,
2018-04-04,9:00am,USD,ISM Services PMI,High,59.0,59.5,
2018-04-04,9:00am,USD,Factory Orders m/m,Medium,1.7%,-1.3%,
2018-04-04,9:30am,USD,Crude Oil Inventories,High,1.4M,1.6M,
2018-04-04,10:00am,USD,FOMC Member Mester Speaks,Low,,,
2018-04-05,2:15am,CHF,CPI m/m,Medium,0.2%,0.4%,
2018-04-05,2:15am,EUR,Spanish Services PMI,Medium,56.2,57.3,
2018-04-05,2:45am,EUR,Italian Services PMI,Medium,53.9,55.0,
2018-04-05,2:50am,EUR,French Final Services PMI,Medium,56.8,56.8,
2018-04-05,2:55am,EUR,German Final Services PMI,Medium,54.2,54.2,
2018-04-05,3:00am,EUR,Final Services PMI,Medium,55.0,55.0,
2018-04-05,3:30am,GBP,Final Services PMI,High,53.9,54.5,
2018-04-05,3:57am,EUR,Spanish 10-y Bond Auction,Medium,,1.36|1.3,
2018-04-05,4:00am,EUR,PPI m/m,Medium,0.0%,0.4%,
2018-04-05,4:00am,EUR,Retail Sales m/m,Medium,0.6%,-0.3%,
2018-04-05,4:03am,EUR,French 10-y Bond Auction,Medium,,0.90|1.9,
2018-04-05,6:30am,USD,Challenger Job Cuts y/y,Medium,,-4.3%,
2018-04-05,7:30am,USD,Unemployment Claims,Low,225K,218K,
2018-04-05,7:30am,USD,Trade Balance,Medium,-56.9B,-56.7B,
2018-04-05,9:30am,USD,Natural Gas Storage,Medium,-29B,-63B,
2018-04-05,11:00am,CHF,Gov Board Member Maechler Speaks,Low,,,
2018-04-05,12:00pm,USD,FOMC Member Bostic Speaks,Low,,,
2018-04-05,6:30pm,JPY,Household Spending y/y,Medium,0.3%,1.9%,
2018-04-05,7:00pm,JPY,Average Cash Earnings y/y,Medium,0.5%,1.2%,
2018-04-06,1:00am,EUR,German Industrial Production m/m,Medium,0.2%,0.1%,
2018-04-06,1:45am,EUR,French Gov Budget Balance,Medium,,-10.8B,
2018-04-06,1:45am,EUR,French Trade Balance,Medium,-5.3B,-5.4B,
2018-04-06,2:00am,CHF,Foreign Currency Reserves,Medium,,732B,
2018-04-06,3:10am,EUR,Retail PMI,Medium,,52.3,
2018-04-06,3:30am,GBP,Housing Equity Withdrawal q/q,Medium,-6.7B,-6.3B,
2018-04-06,7:30am,USD,Average Hourly Earnings m/m,High,0.3%,0.1%,
2018-04-06,7:30am,USD,Non-Farm Employment Change,High,188K,326K,
2018-04-06,7:30am,USD,Unemployment Rate,High,4.0%,4.1%,
2018-04-06,10:15am,GBP,BOE Gov Carney Speaks,High,,,
2018-04-06,12:30pm,USD,Fed Chairman Powell Speaks,High,,,
2018-04-06,2:00pm,USD,Consumer Credit m/m,Medium,15.3B,15.6B,
2018-04-08,6:50pm,JPY,Current Account,Medium,1.39T,2.02T,
2018-04-09,12:45am,CHF,Unemployment Rate,Medium,2.9%,2.9%,
2018-04-09,1:00am,EUR,German Trade Balance,Medium,23.1B,21.5B,
2018-04-09,1:00am,JPY,Economy Watchers Sentiment,Medium,48.1,48.6,
2018-04-09,2:30am,GBP,Halifax HPI m/m,Low,0.1%,0.5%,
2018-04-09,3:30am,EUR,Sentix Investor Confidence,Medium,21.2,24.0,
2018-04-09,6:01pm,GBP,BRC Retail Sales Monitor y/y,Medium,,0.6%,
2018-04-10,1:45am,EUR,French Industrial Production m/m,Medium,1.5%,-1.8%,
2018-04-10,3:00am,EUR,Italian Industrial Production m/m,Medium,1.0%,-1.8%,
2018-04-10,4:00am,GBP,MPC Member Haldane Speaks,Low,,,
2018-04-10,5:00am,USD,NFIB Small Business Index,Medium,107.0,107.6,
2018-04-10,7:30am,USD,PPI m/m,High,0.1%,0.2%,
2018-04-10,7:30am,USD,Core PPI m/m,Low,0.2%,0.2%,
2018-04-10,9:00am,USD,Final Wholesale Inventories m/m,Medium,0.8%,1.1%,
2018-04-10,3:30pm,USD,API Weekly Statistical Bulletin,Medium,,,
2018-04-10,6:50pm,JPY,Bank Lending y/y,Medium,2.1%,2.1%,
2018-04-10,6:50pm,JPY,Core Machinery Orders m/m,Medium,-2.6%,8.2%,
2018-04-10,6:50pm,JPY,PPI y/y,Medium,2.1%,2.6%,
2018-04-11,3:00am,EUR,Italian Retail Sales m/m,Medium,0.3%,-0.5%,
2018-04-11,3:30am,GBP,Manufacturing Production m/m,High,0.2%,0.0%,
2018-04-11,3:30am,GBP,Goods Trade Balance,Low,-12.0B,-12.2B,
2018-04-11,3:30am,GBP,Construction Output m/m,Medium,0.7%,-3.1%,
2018-04-11,3:30am,GBP,Industrial Production m/m,Medium,0.4%,1.3%,
2018-04-11,4:34am,EUR,German 30-y Bond Auction,Medium,,1.27|1.1,
2018-04-11,6:08am,GBP,NIESR GDP Estimate,Medium,,0.1%,
2018-04-11,6:10am,EUR,ECB President Draghi Speaks,Low,,,
2018-04-11,7:30am,USD,Core CPI m/m,High,0.2%,0.2%,
2018-04-11,7:30am,USD,CPI m/m,High,0.0%,0.2%,
2018-04-11,7:30am,USD,CPI y/y,High,2.4%,2.2%,
2018-04-11,9:30am,USD,Crude Oil Inventories,High,-0.6M,-4.6M,
2018-04-11,12:01pm,USD,10-y Bond Auction,Medium,,2.89|2.5,
2018-04-11,1:00pm,USD,FOMC Meeting Minutes,High,,,
2018-04-11,1:00pm,USD,Federal Budget Balance,Medium,-191.0B,-215.2B,
2018-04-11,6:01pm,GBP,RICS House Price Balance,Medium,2%,0%,
2018-04-11,6:50pm,JPY,M2 Money Stock y/y,Medium,3.2%,3.2%,
2018-04-11,7:30pm,JPY,BOJ Gov Kuroda Speaks,High,,,
2018-04-11,10:45pm,JPY,30-y Bond Auction,Medium,,0.75|4.2,
2018-04-12,1:45am,EUR,French Final CPI m/m,Medium,1.0%,1.0%,
2018-04-12,3:30am,GBP,BOE Credit Conditions Survey,Low,,,
2018-04-12,4:00am,EUR,Industrial Production m/m,Medium,0.1%,-0.6%,
2018-04-12,6:30am,EUR,ECB Monetary Policy Meeting Accounts,High,,,
2018-04-12,7:30am,USD,Unemployment Claims,Low,231K,242K,
2018-04-12,7:30am,USD,Import Prices m/m,Medium,0.2%,0.3%,
2018-04-12,9:30am,USD,Natural Gas Storage,Medium,-11B,-29B,
2018-04-12,11:00am,EUR,German Buba President Weidmann Speaks,Low,,,
2018-04-12,12:01pm,USD,30-y Bond Auction,Medium,,3.11|2.4,
2018-04-12,2:00pm,GBP,BOE Gov Carney Speaks,High,,,
2018-04-13,4:00am,EUR,Trade Balance,Medium,20.2B,20.2B,
2018-04-13,9:00am,USD,Prelim UoM Consumer Sentiment,Low,100.6,101.4,
2018-04-13,9:00am,USD,JOLTS Job Openings,Medium,6.11M,6.23M,
2018-04-13,9:00am,USD,Prelim UoM Inflation Expectations,Medium,,2.8%,
2018-04-13,4:00pm,USD,Treasury Currency Report,Low,,,
2018-04-15,6:01pm,GBP,Rightmove HPI m/m,Medium,,1.5%,
2018-04-16,2:15am,CHF,PPI m/m,Low,0.4%,0.3%,
2018-04-16,7:30am,USD,Core Retail Sales m/m,High,0.2%,0.2%,
2018-04-16,7:30am,USD,Retail Sales m/m,High,0.4%,-0.1%,
2018-04-16,7:30am,USD,Empire State Manufacturing Index,Low,19.8,22.5,
2018-04-16,8:30am,GBP,CB Leading Index m/m,Medium,,0.0%,
2018-04-16,9:00am,USD,Business Inventories m/m,Medium,0.6%,0.6%,
2018-04-16,9:00am,USD,NAHB Housing Market Index,Medium,71,70,
2018-04-16,12:15pm,USD,FOMC Member Bostic Speaks,Low,,,
2018-04-16,3:00pm,USD,TIC Long-Term Purchases,Medium,52.3B,61.4B,
2018-04-16,11:30pm,JPY,Revised Industrial Production m/m,Medium,4.0%,4.1%,
2018-04-17,TueApr 17,GBP,Claimant Count Change,Low,13.3K,15.1K,
2018-04-17,TueApr 17,GBP,Unemployment Rate,Low,4.3%,4.3%,
2018-04-17,4:00am,EUR,German ZEW Economic Sentiment,Low,-0.8,5.1,
2018-04-17,4:00am,EUR,Italian Trade Balance,Medium,2.23B,-0.09B,
2018-04-17,4:00am,EUR,ZEW Economic Sentiment,Medium,7.3,13.4,
2018-04-17,7:30am,USD,Building Permits,High,1.33M,1.32M,
2018-04-17,7:30am,USD,Housing Starts,Low,1.27M,1.30M,
2018-04-17,8:15am,USD,Capacity Utilization Rate,Low,77.9%,78.1%,
2018-04-17,8:15am,USD,FOMC Member Williams Speaks,Low,,,
2018-04-17,8:15am,USD,Industrial Production m/m,Low,0.3%,1.1%,
2018-04-17,9:00am,USD,FOMC Member Quarles Speaks,Low,,,
2018-04-17,3:30pm,USD,API Weekly Statistical Bulletin,Medium,,,
2018-04-17,4:40pm,USD,FOMC Member Bostic Speaks,Low,,,
2018-04-17,6:50pm,JPY,Trade Balance,Medium,0.10T,-0.21T,
2018-04-18,WedApr 18,GBP,PPI Input m/m,Low,0.3%,-0.4%,
2018-04-18,WedApr 18,GBP,RPI y/y,Low,3.5%,3.6%,
2018-04-18,WedApr 18,GBP,Core CPI y/y,Medium,2.5%,2.4%,
2018-04-18,WedApr 18,GBP,HPI y/y,Medium,4.8%,4.7%,
2018-04-18,WedApr 18,GBP,PPI Output m/m,Medium,0.1%,0.0%,
2018-04-18,4:00am,EUR,Final CPI y/y,Low,1.4%,1.4%,
2018-04-18,4:00am,EUR,Final Core CPI y/y,Medium,1.0%,1.0%,
2018-04-18,4:32am,EUR,German 10-y Bond Auction,Medium,,0.60|1.3,
2018-04-18,9:30am,USD,Crude Oil Inventories,High,-0.5M,3.3M,
2018-04-18,1:00pm,USD,Beige Book,Medium,,,
2018-04-18,2:15pm,USD,FOMC Member Dudley Speaks,Low,,,
2018-04-18,3:15pm,USD,FOMC Member Quarles Speaks,Low,,,
2018-04-19,3:30am,GBP,Retail Sales m/m,High,-0.5%,0.8%,
2018-04-19,3:44am,EUR,Spanish 10-y Bond Auction,Medium,,1.15|1.5,
2018-04-19,4:36am,GBP,10-y Bond Auction,Medium,,1.58|2.6,
2018-04-19,7:00am,USD,FOMC Member Brainard Speaks,Low,,,
2018-04-19,7:30am,USD,Philly Fed Manufacturing Index,Low,20.8,22.3,
2018-04-19,7:30am,USD,Unemployment Claims,Low,230K,233K,
2018-04-19,8:30am,USD,FOMC Member Quarles Speaks,Low,,,
2018-04-19,9:00am,USD,CB Leading Index m/m,Medium,0.3%,0.7%,
2018-04-19,9:30am,USD,Natural Gas Storage,Medium,-23B,-19B,
2018-04-19,11:30am,GBP,MPC Member Cunliffe Speaks,Low,,,
2018-04-19,5:45pm,USD,FOMC Member Mester Speaks,Low,,,
2018-04-19,6:30pm,JPY,National Core CPI y/y,Medium,0.9%,1.0%,
2018-04-19,11:30pm,JPY,Tertiary Industry Activity m/m,Medium,0.1%,-0.4%,
2018-04-20,4:30am,GBP,MPC Member Saunders Speaks,Low,,,
2018-04-20,6:30am,EUR,German Buba President Weidmann Speaks,Low,,,
2018-04-20,9:00am,EUR,Consumer Confidence,Medium,0,0,
2018-04-20,10:15am,USD,FOMC Member Williams Speaks,Low,,,
2018-04-22,7:30pm,JPY,Flash Manufacturing PMI,Medium,53.4,53.1,
2018-04-23,MonApr 23,EUR,French Flash Services PMI,Low,56.6,56.9,
2018-04-23,2:30am,EUR,German Flash Manufacturing PMI,Low,57.6,58.2,
2018-04-23,2:30am,EUR,German Flash Services PMI,Low,53.9,53.9,
2018-04-23,3:00am,EUR,Flash Manufacturing PMI,Low,56.6,56.6,
2018-04-23,3:00am,EUR,Flash Services PMI,Low,54.8,54.9,
2018-04-23,5:00am,EUR,German Buba Monthly Report,Medium,,,
2018-04-23,8:45am,USD,Flash Manufacturing PMI,Medium,55.2,55.6,
2018-04-23,8:45am,USD,Flash Services PMI,Medium,54.3,54.0,
2018-04-23,9:00am,USD,Existing Home Sales,Low,5.55M,5.54M,
2018-04-23,6:50pm,JPY,SPPI y/y,Medium,0.5%,0.7%,
2018-04-24,1:00am,CHF,Trade Balance,Medium,3.23B,3.08B,
2018-04-24,3:00am,EUR,German ifo Business Climate,Low,102.7,103.3,
2018-04-24,3:30am,GBP,Public Sector Net Borrowing,Low,1.1B,-0.4B,
2018-04-24,5:00am,GBP,CBI Industrial Order Expectations,Medium,4,4,
2018-04-24,7:58am,EUR,Belgian NBB Business Climate,Medium,-0.6,0.1,
2018-04-24,8:00am,USD,HPI m/m,Medium,0.5%,0.9%,
2018-04-24,8:00am,USD,S&P/CS Composite-20 HPI y/y,Medium,6.3%,6.4%,
2018-04-24,8:59am,USD,Richmond Manufacturing Index,Medium,16,15,
2018-04-24,9:00am,USD,CB Consumer Confidence,High,126.0,127.0,
2018-04-24,9:00am,USD,New Home Sales,Medium,625K,667K,
2018-04-24,3:30pm,USD,API Weekly Statistical Bulletin,Medium,,,
2018-04-24,11:30pm,JPY,All Industries Activity m/m,Medium,0.6%,-1.1%,
2018-04-25,3:00am,CHF,UBS Economic Expectations,Medium,,16.7,
2018-04-25,9:30am,USD,Crude Oil Inventories,High,-1.6M,-1.1M,
2018-04-26,2:00am,EUR,Spanish Unemployment Rate,Low,16.3%,16.6%,
2018-04-26,3:30am,GBP,High Street Lending,Medium,37.1K,38.0K,
2018-04-26,5:00am,GBP,CBI Realized Sales,Medium,-3,-8,
2018-04-26,6:45am,EUR,Main Refinancing Rate,High,0.00%,0.00%,
2018-04-26,6:45am,EUR,Monetary Policy Statement,High,,,
2018-04-26,7:30am,EUR,ECB Press Conference,High,,,
2018-04-26,7:30am,USD,Core Durable Goods Orders m/m,High,0.5%,1.0%,
2018-04-26,7:30am,USD,Durable Goods Orders m/m,Low,1.6%,3.0%,
2018-04-26,7:30am,USD,Unemployment Claims,Low,230K,233K,
2018-04-26,7:30am,USD,Goods Trade Balance,Medium,-74.8B,-75.9B,
2018-04-26,7:30am,USD,Prelim Wholesale Inventories m/m,Medium,0.6%,1.0%,
2018-04-26,9:30am,USD,Natural Gas Storage,Medium,-11B,-36B,
2018-04-26,5:05pm,GBP,GfK Consumer Confidence,Medium,-7,-7,
2018-04-26,6:30pm,JPY,Tokyo Core CPI y/y,Medium,0.8%,0.8%,
2018-04-26,6:30pm,JPY,Unemployment Rate,Medium,2.5%,2.5%,
2018-04-26,6:50pm,JPY,Prelim Industrial Production m/m,Medium,0.5%,2.0%,
2018-04-26,6:50pm,JPY,Retail Sales y/y,Medium,1.5%,1.7%,
2018-04-26,10:03pm,JPY,BOJ Outlook Report,High,,,
2018-04-26,10:03pm,JPY,Monetary Policy Statement,High,,,
2018-04-26,10:03pm,JPY,BOJ Policy Rate,Low,-0.10%,-0.10%,
2018-04-27,12:30am,EUR,French Flash GDP q/q,Medium,0.4%,0.7%,
2018-04-27,1:00am,EUR,German Import Prices m/m,Medium,0.1%,-0.6%,
2018-04-27,1:00am,GBP,Nationwide HPI m/m,Medium,0.2%,-0.2%,
2018-04-27,1:29am,JPY,BOJ Press Conference,High,,,
2018-04-27,1:45am,EUR,French Consumer Spending m/m,Medium,0.4%,2.5%,
2018-04-27,1:45am,EUR,French Prelim CPI m/m,Medium,0.1%,1.0%,
2018-04-27,2:00am,EUR,Spanish Flash CPI y/y,Low,1.2%,1.2%,
2018-04-27,2:00am,EUR,Spanish Flash GDP q/q,Low,0.7%,0.7%,
2018-04-27,2:55am,EUR,German Unemployment Change,Medium,-15K,-18K,
2018-04-27,3:00am,CHF,SNB Chairman Jordan Speaks,High,,,
2018-04-27,3:30am,GBP,Prelim GDP q/q,High,0.3%,0.4%,
2018-04-27,3:30am,GBP,Index of Services 3m/3m,Medium,0.6%,0.6%,
2018-04-27,4:15am,EUR,Italian 10-y Bond Auction,Medium,,1.83|1.3,
2018-04-27,All Day,EUR,Eurogroup Meetings,Medium,,,
2018-04-27,7:30am,USD,Advance GDP q/q,High,2.0%,2.9%,
2018-04-27,7:30am,USD,Advance GDP Price Index q/q,Low,2.2%,2.3%,
2018-04-27,7:30am,USD,Employment Cost Index q/q,Low,0.7%,0.6%,
2018-04-27,9:00am,GBP,BOE Gov Carney Speaks,High,,,
2018-04-27,9:00am,USD,Revised UoM Consumer Sentiment,Low,98.0,97.8,
2018-04-27,9:00am,USD,Revised UoM Inflation Expectations,Medium,,2.7%,
2018-04-30,All Day,EUR,German Prelim CPI m/m,Low,-0.1%,0.4%,
2018-04-30,2:00am,CHF,KOF Economic Barometer,Low,105.9,105.1,
2018-04-30,3:00am,EUR,M3 Money Supply y/y,Low,4.1%,4.2%,
2018-04-30,3:00am,EUR,Private Loans y/y,Medium,2.9%,2.9%,
2018-04-30,4:00am,EUR,Italian Prelim CPI m/m,Medium,0.2%,0.3%,
2018-04-30,All Day,EUR,ECOFIN Meetings,Medium,,,
2018-04-30,7:30am,USD,Core PCE Price Index m/m,Low,0.2%,0.2%,
2018-04-30,7:30am,USD,Personal Spending m/m,Low,0.4%,0.0%,
2018-04-30,7:30am,USD,Personal Income m/m,Medium,0.4%,0.3%,
2018-04-30,8:45am,USD,Chicago PMI,Low,58.2,57.4,
2018-04-30,9:00am,USD,Pending Home Sales m/m,Medium,0.6%,2.8%,
2018-04-30,7:30pm,JPY,Final Manufacturing PMI,Medium,53.3,53.3,
2018-05-01,All Day,EUR,French Bank Holiday,Low,,,
2018-05-01,All Day,EUR,German Bank Holiday,Low,,,
2018-05-01,All Day,EUR,Italian Bank Holiday,Low,,,
2018-05-01,3:30am,GBP,Final Manufacturing PMI,High,54.8,54.9,
2018-05-01,3:30am,GBP,Net Lending to Individuals m/m,Low,4.9B,5.5B,
2018-05-01,3:30am,GBP,M4 Money Supply m/m,Medium,0.2%,-0.4%,
2018-05-01,3:30am,GBP,Mortgage Approvals,Medium,63K,64K,
2018-05-01,8:45am,USD,Final Manufacturing PMI,Medium,56.5,56.5,
2018-05-01,9:00am,USD,ISM Manufacturing PMI,High,58.4,59.3,
2018-05-01,9:00am,USD,Construction Spending m/m,Medium,0.5%,1.0%,
2018-05-01,9:00am,USD,ISM Manufacturing Prices,Medium,78.3,78.1,
2018-05-01,All Day,USD,Wards Total Vehicle Sales,Medium,17.0M,17.4M,
2018-05-01,All Day,USD,Total Vehicle Sales,Medium,17.1M,17.5M,
2018-05-01,3:30pm,USD,API Weekly Statistical Bulletin,Medium,,,
2018-05-01,6:01pm,GBP,BRC Shop Price Index y/y,Medium,,-1.0%,
2018-05-01,6:50pm,JPY,Monetary Base y/y,Medium,9.2%,9.1%,
2018-05-02,12:45am,CHF,SECO Consumer Climate,Medium,5,5,
2018-05-02,2:15am,CHF,Retail Sales y/y,Medium,0.3%,-0.2%,
2018-05-02,2:15am,EUR,Spanish Manufacturing PMI,Medium,54.2,54.8,
2018-05-02,2:30am,CHF,Manufacturing PMI,Medium,59.9,60.3,
2018-05-02,2:45am,EUR,Italian Manufacturing PMI,Medium,54.4,55.1,
2018-05-02,2:50am,EUR,French Final Manufacturing PMI,Medium,53.4,53.4,
2018-05-02,2:55am,EUR,German Final Manufacturing PMI,Medium,58.1,58.1,
2018-05-02,3:00am,EUR,Final Manufacturing PMI,Medium,56.0,56.0,
2018-05-02,3:00am,EUR,Italian Monthly Unemployment Rate,Medium,10.9%,11.0%,
2018-05-02,3:30am,GBP,Construction PMI,High,50.5,47.0,
2018-05-02,4:00am,EUR,Prelim Flash GDP q/q,Low,0.4%,0.6%,
2018-05-02,4:00am,EUR,Italian Prelim GDP q/q,Medium,0.3%,0.3%,
2018-05-02,4:00am,EUR,Unemployment Rate,Medium,8.5%,8.5%,
2018-05-02,7:15am,USD,ADP Non-Farm Employment Change,High,200K,228K,
2018-05-02,9:30am,USD,Crude Oil Inventories,High,1.0M,2.2M,
2018-05-02,10:30am,EUR,German Buba President Weidmann Speaks,Low,,,
2018-05-02,1:00pm,USD,Federal Funds Rate,High,1.75%,1.75%,
2018-05-02,1:00pm,USD,FOMC Statement,High,,,
2018-05-02,All Day,JPY,Bank Holiday,Low,,,
2018-05-03,3:47am,EUR,Spanish 10-y Bond Auction,Medium,,1.24|1.3,
2018-05-03,4:00am,EUR,Core CPI Flash Estimate y/y,Low,0.9%,1.0%,
2018-05-03,4:00am,EUR,CPI Flash Estimate y/y,Low,1.3%,1.3%,
2018-05-03,4:00am,EUR,EU Economic Forecasts,Low,,,
2018-05-03,4:00am,EUR,PPI m/m,Medium,0.1%,0.0%,
2018-05-03,4:03am,EUR,French 10-y Bond Auction,Medium,,0.74|1.9,
2018-05-03,6:30am,USD,Challenger Job Cuts y/y,Medium,,39.4%,
2018-05-03,7:30am,USD,Prelim Nonfarm Productivity q/q,Low,0.9%,0.0%,
2018-05-03,7:30am,USD,Prelim Unit Labor Costs q/q,Low,3.1%,2.5%,
2018-05-03,7:30am,USD,Unemployment Claims,Low,225K,209K,
2018-05-03,7:30am,USD,Trade Balance,Medium,-50.0B,-57.7B,
2018-05-03,8:45am,USD,Final Services PMI,Medium,54.4,54.4,
2018-05-03,9:00am,USD,ISM Services PMI,High,58.1,58.8,
2018-05-03,9:00am,USD,Factory Orders m/m,Medium,1.3%,1.6%,
2018-05-03,9:30am,USD,Natural Gas Storage,Medium,47B,-18B,
2018-05-03,11:00am,CHF,SNB Chairman Jordan Speaks,High,,,
2018-05-03,All Day,JPY,Bank Holiday,Low,,,
2018-05-04,FriMay 4,EUR,French Trade Balance,Medium,-4.9B,-5.0B,
2018-05-04,2:00am,EUR,Spanish Unemployment Change,Medium,-100.2K,-47.7K,
2018-05-04,2:15am,EUR,Spanish Services PMI,Medium,56.1,56.2,
2018-05-04,2:45am,EUR,Italian Services PMI,Medium,53.0,52.6,
2018-05-04,2:50am,EUR,French Final Services PMI,Medium,57.4,57.4,
2018-05-04,2:55am,EUR,German Final Services PMI,Medium,54.1,54.1,
2018-05-04,3:00am,EUR,Final Services PMI,Medium,55.0,55.0,
2018-05-04,4:00am,EUR,Retail Sales m/m,Medium,0.5%,0.3%,
2018-05-04,7:30am,USD,Average Hourly Earnings m/m,High,0.2%,0.2%,
2018-05-04,7:30am,USD,Non-Farm Employment Change,High,190K,135K,
2018-05-04,7:30am,USD,Unemployment Rate,High,4.0%,4.1%,
2018-05-04,8:00am,EUR,German Buba President Weidmann Speaks,Low,,,
2018-05-04,11:45am,USD,FOMC Member Dudley Speaks,Low,,,
2018-05-04,2:00pm,USD,FOMC Member Williams Speaks,Low,,,
2018-05-04,4:30pm,USD,FOMC Member Quarles Speaks,Low,,,
2018-05-04,7:00pm,USD,FOMC Member Bostic Speaks,Low,,,
2018-05-06,6:00pm,USD,FOMC Member Quarles Speaks,Low,,,
2018-05-06,6:50pm,JPY,Monetary Policy Meeting Minutes,Medium,,,
2018-05-07,2:00am,CHF,Foreign Currency Reserves,Medium,,738B,
2018-05-07,All Day,GBP,Bank Holiday,Low,,,
2018-05-07,2:15am,CHF,CPI m/m,Medium,0.3%,0.4%,
2018-05-07,3:10am,EUR,Retail PMI,Medium,,50.1,
2018-05-07,3:30am,EUR,Sentix Investor Confidence,Medium,21.2,19.6,
2018-05-07,7:25am,USD,FOMC Member Bostic Speaks,Low,,,
2018-05-07,1:00pm,USD,FOMC Member Barkin Speaks,Low,,,
2018-05-07,2:00pm,USD,Consumer Credit m/m,Medium,16.2B,13.6B,
2018-05-07,6:30pm,JPY,Household Spending y/y,Medium,1.2%,-0.9%,
2018-05-07,10:35pm,JPY,10-y Bond Auction,Medium,,0.03|4.2,
2018-05-08,1:00am,EUR,German Industrial Production m/m,Medium,0.8%,-1.7%,
2018-05-08,1:00am,EUR,German Trade Balance,Medium,19.9B,19.4B,
2018-05-08,All Day,EUR,French Bank Holiday,Low,,,
2018-05-08,2:15am,USD,Fed Chairman Powell Speaks,High,,,
2018-05-08,2:30am,GBP,Halifax HPI m/m,Low,-0.3%,1.6%,
2018-05-08,5:00am,USD,NFIB Small Business Index,Medium,105.2,104.7,
2018-05-08,9:00am,USD,JOLTS Job Openings,Medium,6.02M,6.08M,
2018-05-08,9:02am,USD,RCM/TIPP Economic Optimism,Medium,51.3,52.6,
2018-05-08,1:00pm,USD,President Trump Speaks,High,,,
2018-05-08,1:00pm,USD,Loan Officer Survey,Medium,,,
2018-05-08,3:30pm,USD,API Weekly Statistical Bulletin,Medium,,,
2018-05-08,6:01pm,GBP,BRC Retail Sales Monitor y/y,Medium,-0.7%,1.4%,
2018-05-08,7:00pm,JPY,Average Cash Earnings y/y,Medium,1.1%,1.0%,
2018-05-09,1:45am,EUR,French Industrial Production m/m,Medium,0.4%,1.1%,
2018-05-09,3:00am,EUR,Italian Retail Sales m/m,Medium,0.1%,0.7%,
2018-05-09,4:33am,EUR,German 30-y Bond Auction,Medium,,1.12|1.0,
2018-05-09,4:35am,GBP,10-y Bond Auction,Medium,,1.60|2.4,
2018-05-09,7:30am,USD,PPI m/m,High,0.2%,0.3%,
2018-05-09,7:30am,USD,Core PPI m/m,Low,0.2%,0.3%,
2018-05-09,9:00am,USD,Final Wholesale Inventories m/m,Medium,0.6%,0.5%,
2018-05-09,9:30am,USD,Crude Oil Inventories,High,-0.2M,6.2M,
2018-05-09,11:30am,USD,FOMC Member Bostic Speaks,Low,,,
2018-05-09,12:01pm,USD,10-y Bond Auction,Medium,,2.80|2.5,
2018-05-09,6:01pm,GBP,RICS House Price Balance,Medium,-1%,0%,
2018-05-09,6:50pm,JPY,Bank Lending y/y,Medium,1.9%,2.0%,
2018-05-09,6:50pm,JPY,BOJ Summary of Opinions,Medium,,,
2018-05-09,6:53pm,JPY,Current Account,Medium,1.62T,0.96T,
2018-05-10,All Day,CHF,Bank Holiday,Low,,,
2018-05-10,All Day,EUR,French Bank Holiday,Low,,,
2018-05-10,All Day,EUR,German Bank Holiday,Low,,,
2018-05-10,3:00am,EUR,ECB Economic Bulletin,Medium,,,
2018-05-10,3:00am,EUR,Italian Industrial Production m/m,Medium,0.4%,-0.5%,
2018-05-10,3:30am,GBP,Manufacturing Production m/m,High,-0.2%,-0.2%,
2018-05-10,3:30am,GBP,Goods Trade Balance,Low,-11.2B,-10.4B,
2018-05-10,3:30am,GBP,Construction Output m/m,Medium,-2.1%,-1.0%,
2018-05-10,3:30am,GBP,Industrial Production m/m,Medium,0.1%,0.1%,
2018-05-10,6:00am,GBP,BOE Monetary Policy Report,High,,,
2018-05-10,6:00am,GBP,Monetary Policy Summary,High,,,
2018-05-10,6:00am,GBP,MPC Official Bank Rate Votes,High,2-0-7,2-0-7,
2018-05-10,6:00am,GBP,Official Bank Rate,High,0.50%,0.50%,
2018-05-10,6:00am,GBP,Asset Purchase Facility,Low,435B,435B,
2018-05-10,6:00am,GBP,MPC Asset Purchase Facility Votes,Low,0-0-9,0-0-9,
2018-05-10,6:01am,GBP,NIESR GDP Estimate,Medium,,0.1%,
2018-05-10,7:30am,USD,Core CPI m/m,High,0.2%,0.2%,
2018-05-10,7:30am,USD,CPI m/m,High,0.3%,-0.1%,
2018-05-10,7:30am,USD,CPI y/y,High,2.5%,2.4%,
2018-05-10,7:30am,USD,Unemployment Claims,Low,219K,211K,
2018-05-10,9:30am,USD,Natural Gas Storage,Medium,81B,62B,
2018-05-10,12:01pm,USD,30-y Bond Auction,Medium,,3.04|2.4,
2018-05-10,1:00pm,USD,Federal Budget Balance,Medium,201.2B,-208.7B,
2018-05-10,6:50pm,JPY,M2 Money Stock y/y,Medium,3.2%,3.1%,
2018-05-11,7:30am,USD,Import Prices m/m,Medium,0.5%,-0.2%,
2018-05-11,8:15am,EUR,ECB President Draghi Speaks,High,,,
2018-05-11,9:00am,USD,Prelim UoM Consumer Sentiment,Low,98.4,98.8,
2018-05-11,9:00am,USD,Prelim UoM Inflation Expectations,Medium,,2.7%,
2018-05-13,6:50pm,JPY,PPI y/y,Medium,2.0%,2.1%,
2018-05-14,1:45am,USD,FOMC Member Mester Speaks,Low,,,
2018-05-14,10:35pm,JPY,30-y Bond Auction,Medium,,0.71|4.3,
2018-05-14,11:30pm,JPY,Tertiary Industry Activity m/m,Medium,-0.2%,0.1%,
2018-05-15,1:45am,EUR,French Final CPI m/m,Medium,0.1%,0.1%,
2018-05-15,1:45am,EUR,French Prelim Private Payrolls q/q,Medium,0.4%,0.4%,
2018-05-15,2:15am,CHF,PPI m/m,Low,0.3%,-0.2%,
2018-05-15,3:30am,GBP,Average Earnings Index 3m/y,High,2.7%,2.8%,
2018-05-15,3:30am,GBP,Claimant Count Change,Low,13.3K,15.7K,
2018-05-15,3:30am,GBP,Unemployment Rate,Low,4.2%,4.2%,
2018-05-15,4:00am,EUR,Flash GDP q/q,Low,0.4%,0.4%,
2018-05-15,4:00am,EUR,German ZEW Economic Sentiment,Low,-8.0,-8.2,
2018-05-15,4:00am,EUR,Industrial Production m/m,Medium,0.6%,-0.9%,
2018-05-15,4:00am,EUR,ZEW Economic Sentiment,Medium,2.0,1.9,
2018-05-15,7:30am,USD,Core Retail Sales m/m,High,0.5%,0.4%,
2018-05-15,7:30am,USD,Retail Sales m/m,High,0.4%,0.8%,
2018-05-15,7:30am,USD,Empire State Manufacturing Index,Low,15.1,15.8,
2018-05-15,9:00am,USD,Business Inventories m/m,Medium,0.2%,0.6%,
2018-05-15,9:00am,USD,NAHB Housing Market Index,Medium,70,68,
2018-05-15,11:45am,USD,FOMC Member Williams Speaks,Low,,,
2018-05-15,3:00pm,USD,TIC Long-Term Purchases,Medium,51.3B,49.0B,
2018-05-15,3:30pm,USD,API Weekly Statistical Bulletin,Medium,,,
2018-05-15,6:50pm,JPY,Prelim GDP q/q,Low,0.0%,0.4%,
2018-05-15,6:50pm,JPY,Prelim GDP Price Index y/y,Medium,0.3%,0.1%,
2018-05-15,11:30pm,JPY,Revised Industrial Production m/m,Medium,1.2%,1.2%,
2018-05-16,4:00am,EUR,Final CPI y/y,Low,1.2%,1.2%,
2018-05-16,4:00am,EUR,Final Core CPI y/y,Medium,0.7%,0.7%,
2018-05-16,4:35am,EUR,German 10-y Bond Auction,Medium,,0.51|1.4,
2018-05-16,7:00am,EUR,ECB President Draghi Speaks,Low,,,
2018-05-16,7:30am,USD,Building Permits,High,1.35M,1.38M,
2018-05-16,7:30am,USD,FOMC Member Bostic Speaks,Low,,,
2018-05-16,7:30am,USD,Housing Starts,Low,1.32M,1.34M,
2018-05-16,8:15am,USD,Capacity Utilization Rate,Low,78.4%,77.6%,
2018-05-16,8:15am,USD,Industrial Production m/m,Low,0.6%,0.7%,
2018-05-16,8:30am,GBP,CB Leading Index m/m,Medium,,-0.3%,
2018-05-16,9:00am,USD,Mortgage Delinquencies,Low,,5.17%,
2018-05-16,9:30am,USD,Crude Oil Inventories,High,-1.1M,-2.2M,
2018-05-16,11:00am,CHF,SNB Chairman Jordan Speaks,High,,,
2018-05-16,6:50pm,JPY,Core Machinery Orders m/m,Medium,-2.9%,2.1%,
2018-05-17,3:57am,EUR,Spanish 10-y Bond Auction,Medium,,1.29|2.0,
2018-05-17,7:30am,USD,Unemployment Claims,Low,216K,211K,
2018-05-17,7:32am,USD,Philly Fed Manufacturing Index,Low,21.1,23.2,
2018-05-17,9:00am,USD,CB Leading Index m/m,Medium,0.4%,0.4%,
2018-05-17,9:30am,USD,Natural Gas Storage,Medium,105B,89B,
2018-05-17,11:00am,GBP,MPC Member Haldane Speaks,Low,,,
2018-05-17,6:30pm,JPY,National Core CPI y/y,Medium,0.8%,0.9%,
2018-05-18,FriMay 18,EUR,German WPI m/m,Medium,0.2%,0.0%,
2018-05-18,2:00am,USD,FOMC Member Mester Speaks,Low,,,
2018-05-18,3:00am,EUR,Current Account,Medium,35.1B,36.8B,
2018-05-18,4:00am,EUR,Trade Balance,Medium,20.7B,20.9B,
2018-05-18,8:15am,USD,FOMC Member Brainard Speaks,Low,,,
2018-05-20,6:01pm,GBP,Rightmove HPI m/m,Medium,,0.4%,
2018-05-20,6:50pm,JPY,Trade Balance,Medium,0.11T,0.17T,
2018-05-21,All Day,EUR,French Bank Holiday,Low,,,
2018-05-21,All Day,EUR,German Bank Holiday,Low,,,
2018-05-21,10:30am,USD,FOMC Member Bostic Speaks,Low,,,
2018-05-22,3:15am,GBP,MPC Member Vlieghe Speaks,Low,,,
2018-05-22,3:30am,GBP,Public Sector Net Borrowing,Low,7.2B,-0.8B,
2018-05-22,4:00am,GBP,Monetary Policy Report Hearings,High,,,
2018-05-22,5:00am,EUR,German Buba Monthly Report,Medium,,,
2018-05-22,5:00am,GBP,CBI Industrial Order Expectations,Medium,2,4,
2018-05-22,8:59am,USD,Richmond Manufacturing Index,Medium,9,-3,
2018-05-22,3:30pm,USD,API Weekly Statistical Bulletin,Medium,,,
2018-05-22,7:30pm,JPY,Flash Manufacturing PMI,Medium,53.6,53.8,
2018-05-22,11:30pm,JPY,All Industries Activity m/m,Medium,0.1%,0.4%,
2018-05-23,WedMay 23,EUR,French Flash Services PMI,Low,57.1,57.4,
2018-05-23,2:30am,EUR,German Flash Manufacturing PMI,Low,57.9,58.1,
2018-05-23,2:30am,EUR,German Flash Services PMI,Low,53.1,53.0,
2018-05-23,3:00am,EUR,Flash Manufacturing PMI,Low,56.1,56.2,
2018-05-23,3:00am,EUR,Flash Services PMI,Low,54.7,54.7,
2018-05-23,3:30am,GBP,CPI y/y,High,2.5%,2.5%,
2018-05-23,3:30am,GBP,PPI Input m/m,Low,1.0%,0.1%,
2018-05-23,3:30am,GBP,RPI y/y,Low,3.4%,3.3%,
2018-05-23,3:30am,GBP,Core CPI y/y,Medium,2.2%,2.3%,
2018-05-23,3:30am,GBP,HPI y/y,Medium,4.4%,4.2%,
2018-05-23,3:30am,GBP,PPI Output m/m,Medium,0.3%,0.3%,
2018-05-23,5:00am,GBP,CBI Realized Sales,Medium,4,-2,
2018-05-23,8:45am,USD,Flash Manufacturing PMI,Medium,56.6,56.5,
2018-05-23,8:45am,USD,Flash Services PMI,Medium,54.9,54.6,
2018-05-23,8:55am,EUR,Consumer Confidence,Medium,0,0,
2018-05-23,9:00am,USD,New Home Sales,Medium,680K,672K,
2018-05-23,9:30am,USD,Crude Oil Inventories,High,-2.5M,-1.4M,
2018-05-23,1:00pm,USD,FOMC Meeting Minutes,High,,,
2018-05-24,ThuMay 24,EUR,German GfK Consumer Climate,Medium,10.8,10.8,
2018-05-24,3:00am,EUR,ECB Financial Stability Review,Medium,,,
2018-05-24,3:00am,GBP,BOE Gov Carney Speaks,High,,,
2018-05-24,3:15am,USD,FOMC Member Dudley Speaks,Low,,,
2018-05-24,3:30am,GBP,Retail Sales m/m,High,0.8%,-1.1%,
2018-05-24,All Day,EUR,Eurogroup Meetings,Medium,,,
2018-05-24,6:30am,EUR,ECB Monetary Policy Meeting Accounts,High,,,
2018-05-24,7:30am,USD,Unemployment Claims,Low,220K,223K,
2018-05-24,7:59am,EUR,Belgian NBB Business Climate,Medium,0.6,1.0,
2018-05-24,8:00am,USD,HPI m/m,Medium,0.5%,0.6%,
2018-05-24,9:00am,USD,Existing Home Sales,Low,5.56M,5.60M,
2018-05-24,9:30am,USD,Natural Gas Storage,Medium,92B,106B,
2018-05-24,9:35am,USD,FOMC Member Bostic Speaks,Low,,,
2018-05-24,2:10pm,GBP,BOE Gov Carney Speaks,High,,,
2018-05-24,6:30pm,JPY,Tokyo Core CPI y/y,Medium,0.6%,0.6%,
2018-05-25,3:30am,GBP,Second Estimate GDP q/q,High,0.1%,0.1%,
2018-05-25,3:30am,GBP,Prelim Business Investment q/q,Low,0.2%,0.3%,
2018-05-25,3:30am,GBP,Index of Services 3m/3m,Medium,0.3%,0.5%,
2018-05-25,3:36am,GBP,High Street Lending,Medium,37.5K,37.6K,
2018-05-25,All Day,EUR,ECOFIN Meetings,Medium,,,
2018-05-25,7:30am,USD,Core Durable Goods Orders m/m,High,0.5%,0.1%,
2018-05-25,7:30am,USD,Durable Goods Orders m/m,Low,-1.3%,2.7%,
2018-05-25,8:20am,GBP,BOE Gov Carney Speaks,High,,,
2018-05-25,8:20am,USD,Fed Chairman Powell Speaks,High,,,
2018-05-25,9:00am,USD,Revised UoM Consumer Sentiment,Low,98.8,98.8,
2018-05-25,9:00am,USD,Revised UoM Inflation Expectations,Medium,,2.8%,
2018-05-25,10:45am,USD,FOMC Member Bostic Speaks,Low,,,
2018-05-25,2:20pm,EUR,German Buba President Weidmann Speaks,Low,,,
2018-05-28,All Day,USD,Bank Holiday,Low,,,
2018-05-28,6:30pm,JPY,Unemployment Rate,Medium,2.5%,2.5%,
2018-05-29,3:00am,EUR,M3 Money Supply y/y,Low,3.9%,3.7%,
2018-05-29,3:00am,EUR,Private Loans y/y,Medium,3.2%,2.9%,
2018-05-29,8:00am,USD,S&P/CS Composite-20 HPI y/y,Medium,6.5%,6.8%,
2018-05-29,9:00am,USD,CB Consumer Confidence,High,128.2,125.6,
2018-05-29,6:01pm,GBP,BRC Shop Price Index y/y,Medium,,-1.0%,
2018-05-29,6:50pm,JPY,Retail Sales y/y,Medium,0.9%,1.0%,
2018-05-29,7:00pm,JPY,BOJ Gov Kuroda Speaks,High,,,
2018-05-30,1:00am,EUR,German Retail Sales m/m,Low,0.5%,-0.4%,
2018-05-30,1:00am,EUR,German Import Prices m/m,Medium,0.7%,0.0%,
2018-05-30,All Day,EUR,German Prelim CPI m/m,Low,0.3%,0.0%,
2018-05-30,1:45am,EUR,French Consumer Spending m/m,Medium,0.2%,0.2%,
2018-05-30,1:45am,EUR,French Prelim GDP q/q,Medium,0.3%,0.3%,
2018-05-30,2:00am,CHF,KOF Economic Barometer,Low,104.6,103.3,
2018-05-30,2:00am,EUR,Spanish Flash CPI y/y,Low,1.7%,1.1%,
2018-05-30,2:55am,EUR,German Unemployment Change,Medium,-10K,-8K,
2018-05-30,3:00am,CHF,UBS Economic Expectations,Low,,7.2,
2018-05-30,4:22am,EUR,Italian 10-y Bond Auction,Low,,1.70|1.4,
2018-05-30,7:15am,USD,ADP Non-Farm Employment Change,High,191K,163K,
2018-05-30,7:30am,USD,Prelim GDP q/q,High,2.3%,2.3%,
2018-05-30,7:30am,USD,Goods Trade Balance,Medium,-71.2B,-68.3B,
2018-05-30,7:30am,USD,Prelim GDP Price Index q/q,Medium,2.0%,2.0%,
2018-05-30,7:30am,USD,Prelim Wholesale Inventories m/m,Medium,0.4%,0.3%,
2018-05-30,9:45am,CHF,SNB Chairman Jordan Speaks,High,,,
2018-05-30,1:00pm,USD,Beige Book,Medium,,,
2018-05-30,3:30pm,USD,API Weekly Statistical Bulletin,Medium,,,
2018-05-30,6:01pm,GBP,GfK Consumer Confidence,Medium,-8,-9,
2018-05-30,6:50pm,JPY,Prelim Industrial Production m/m,Medium,1.5%,1.4%,
2018-05-31,12:45am,CHF,GDP q/q,Medium,0.5%,0.6%,
2018-05-31,1:00am,GBP,Nationwide HPI m/m,Medium,0.2%,0.1%,
2018-05-31,1:45am,EUR,French Prelim CPI m/m,Medium,0.3%,0.2%,
2018-05-31,2:00am,CHF,Gov Board Member Zurbrugg Speaks,Medium,,,
2018-05-31,2:15am,CHF,Retail Sales y/y,Medium,-1.4%,-1.1%,
2018-05-31,3:00am,EUR,Italian Monthly Unemployment Rate,Medium,10.9%,11.1%,
2018-05-31,3:30am,GBP,Net Lending to Individuals m/m,Low,5.2B,4.4B,
2018-05-31,3:30am,GBP,M4 Money Supply m/m,Medium,-1.1%,-1.4%,
2018-05-31,3:30am,GBP,Mortgage Approvals,Medium,63K,63K,
2018-05-31,4:00am,EUR,Core CPI Flash Estimate y/y,Low,1.0%,0.7%,
2018-05-31,4:00am,EUR,CPI Flash Estimate y/y,Low,1.6%,1.2%,
2018-05-31,4:00am,EUR,Italian Prelim CPI m/m,Medium,0.2%,0.1%,
2018-05-31,4:00am,EUR,Unemployment Rate,Medium,8.4%,8.6%,
2018-05-31,6:30am,USD,Challenger Job Cuts y/y,Medium,,-1.4%,
2018-05-31,7:30am,USD,Core PCE Price Index m/m,Low,0.1%,0.2%,
2018-05-31,7:30am,USD,Personal Spending m/m,Low,0.4%,0.5%,
2018-05-31,7:30am,USD,Unemployment Claims,Low,228K,234K,
2018-05-31,7:30am,USD,Personal Income m/m,Medium,0.3%,0.2%,
2018-05-31,8:45am,USD,Chicago PMI,Low,58.2,57.6,
2018-05-31,9:00am,USD,Pending Home Sales m/m,Medium,0.4%,0.6%,
2018-05-31,9:30am,USD,Natural Gas Storage,Medium,100B,91B,
2018-05-31,10:00am,USD,Crude Oil Inventories,High,-0.4M,5.8M,
2018-05-31,11:45am,USD,FOMC Member Bostic Speaks,Low,,,
2018-05-31,12:00pm,USD,FOMC Member Brainard Speaks,Low,,,
2018-05-31,6:50pm,JPY,Capital Spending q/y,Medium,3.2%,4.3%,
2018-05-31,7:30pm,JPY,Final Manufacturing PMI,Medium,52.5,52.5,
2018-06-01,2:15am,EUR,Spanish Manufacturing PMI,Medium,53.9,54.4,
2018-06-01,2:30am,CHF,Manufacturing PMI,Medium,62.3,63.6,
2018-06-01,2:45am,EUR,Italian Manufacturing PMI,Medium,53.0,53.5,
2018-06-01,2:50am,EUR,French Final Manufacturing PMI,Medium,55.1,55.1,
2018-06-01,2:55am,EUR,German Final Manufacturing PMI,Medium,56.8,56.8,
2018-06-01,3:00am,EUR,Final Manufacturing PMI,Medium,55.5,55.5,
2018-06-01,3:30am,GBP,Final Manufacturing PMI,High,53.5,53.9,
2018-06-01,7:30am,USD,Average Hourly Earnings m/m,High,0.2%,0.1%,
2018-06-01,7:30am,USD,Non-Farm Employment Change,High,189K,159K,
2018-06-01,7:30am,USD,Unemployment Rate,High,3.9%,3.9%,
2018-06-01,8:45am,USD,Final Manufacturing PMI,Medium,56.6,56.6,
2018-06-01,9:00am,USD,ISM Manufacturing PMI,High,58.3,57.3,
2018-06-01,9:00am,USD,Construction Spending m/m,Medium,0.8%,-1.7%,
2018-06-01,9:00am,USD,ISM Manufacturing Prices,Medium,78.1,79.3,
2018-06-01,All Day,USD,Wards Total Vehicle Sales,Medium,16.7M,17.1M,
2018-06-01,All Day,USD,Total Vehicle Sales,Medium,17.0M,17.2M,
2018-06-03,6:50pm,JPY,Monetary Base y/y,Medium,7.4%,7.8%,
2018-06-04,3:30am,EUR,Sentix Investor Confidence,Medium,18.6,19.2,
2018-06-04,3:30am,GBP,Construction PMI,High,52.0,52.5,
2018-06-04,4:00am,EUR,PPI m/m,Medium,0.2%,0.1%,
2018-06-04,9:00am,USD,Factory Orders m/m,Medium,-0.4%,1.7%,
2018-06-04,12:00pm,GBP,MPC Member Tenreyro Speaks,Low,,,
2018-06-04,6:01pm,GBP,BRC Retail Sales Monitor y/y,Medium,2.5%,-4.2%,
2018-06-04,6:30pm,JPY,Household Spending y/y,Medium,0.8%,-0.7%,
2018-06-04,10:35pm,JPY,10-y Bond Auction,Medium,,0.05|4.2,
2018-06-05,2:15am,EUR,Spanish Services PMI,Medium,56.4,55.6,
2018-06-05,2:45am,EUR,Italian Services PMI,Medium,52.9,52.6,
2018-06-05,2:50am,EUR,French Final Services PMI,Medium,54.3,54.3,
2018-06-05,2:55am,EUR,German Final Services PMI,Medium,52.1,52.1,
2018-06-05,3:00am,EUR,Final Services PMI,Medium,53.9,53.9,
2018-06-05,3:30am,GBP,Final Services PMI,High,52.9,52.8,
2018-06-05,4:00am,EUR,Retail Sales m/m,Medium,0.5%,0.4%,
2018-06-05,5:00am,GBP,MPC Member Cunliffe Speaks,Low,,,
2018-06-05,8:45am,USD,Final Services PMI,Medium,55.7,55.7,
2018-06-05,9:00am,USD,ISM Services PMI,High,57.9,56.8,
2018-06-05,9:00am,USD,JOLTS Job Openings,Medium,6.49M,6.63M,
2018-06-05,12:30pm,EUR,German Buba President Weidmann Speaks,Low,,,
2018-06-05,3:30pm,USD,API Weekly Statistical Bulletin,Medium,,,
2018-06-05,7:00pm,JPY,Average Cash Earnings y/y,Medium,1.4%,2.0%,
2018-06-06,3:10am,EUR,Retail PMI,Medium,,48.6,
2018-06-06,5:40am,GBP,MPC Member Tenreyro Speaks,Low,,,
2018-06-06,7:30am,USD,Revised Nonfarm Productivity q/q,Medium,0.7%,0.7%,
2018-06-06,7:30am,USD,Revised Unit Labor Costs q/q,Medium,2.7%,2.7%,
2018-06-06,7:30am,USD,Trade Balance,Medium,-50.0B,-47.2B,
2018-06-06,9:30am,USD,Crude Oil Inventories,High,-2.0M,-3.6M,
2018-06-06,11:00am,GBP,MPC Member McCafferty Speaks,Low,,,
2018-06-07,12:45am,CHF,Unemployment Rate,Medium,2.6%,2.7%,
2018-06-07,1:00am,EUR,German Factory Orders m/m,Medium,0.7%,-1.1%,
2018-06-07,1:45am,EUR,French Trade Balance,Medium,-5.1B,-5.0B,
2018-06-07,2:00am,CHF,Foreign Currency Reserves,Medium,,757B,
2018-06-07,2:30am,GBP,Halifax HPI m/m,Low,1.1%,-3.1%,
2018-06-07,3:00am,EUR,Italian Retail Sales m/m,Medium,0.2%,-0.2%,
2018-06-07,3:50am,EUR,Spanish 10-y Bond Auction,Medium,,1.37|2.3,
2018-06-07,4:00am,EUR,Revised GDP q/q,Medium,0.4%,0.4%,
2018-06-07,4:03am,EUR,French 10-y Bond Auction,Medium,,0.81|1.9,
2018-06-07,7:30am,USD,Unemployment Claims,Low,223K,223K,
2018-06-07,9:00am,USD,RCM/TIPP Economic Optimism,Medium,54.2,53.6,
2018-06-07,9:30am,USD,Natural Gas Storage,Medium,87B,96B,
2018-06-07,10:00am,GBP,MPC Member Ramsden Speaks,Low,,,
2018-06-07,2:00pm,USD,Consumer Credit m/m,Medium,13.9B,12.3B,
2018-06-07,6:50pm,JPY,Bank Lending y/y,Medium,2.2%,2.1%,
2018-06-07,6:50pm,JPY,Current Account,Medium,2.10T,1.77T,
2018-06-07,6:50pm,JPY,Final GDP Price Index y/y,Medium,0.5%,0.5%,
2018-06-07,6:50pm,JPY,Final GDP q/q,Medium,-0.1%,-0.2%,
2018-06-08,1:00am,EUR,German Industrial Production m/m,Medium,0.4%,1.7%,
2018-06-08,1:00am,EUR,German Trade Balance,Medium,20.3B,22.0B,
2018-06-08,1:45am,EUR,French Industrial Production m/m,Medium,0.4%,-0.4%,
2018-06-08,3:30am,GBP,Consumer Inflation Expectations,Medium,,2.9%,
2018-06-08,9:00am,USD,Final Wholesale Inventories m/m,Medium,0.0%,0.0%,
2018-06-10,6:50pm,JPY,Core Machinery Orders m/m,Medium,2.5%,-3.9%,
2018-06-10,6:50pm,JPY,M2 Money Stock y/y,Medium,3.3%,3.2%,
2018-06-11,3:00am,EUR,Italian Industrial Production m/m,Medium,-0.7%,1.2%,
2018-06-11,3:30am,GBP,Manufacturing Production m/m,High,0.3%,-0.1%,
2018-06-11,3:30am,GBP,Goods Trade Balance,Low,-11.5B,-12.0B,
2018-06-11,3:30am,GBP,Construction Output m/m,Medium,2.4%,-2.3%,
2018-06-11,3:30am,GBP,Industrial Production m/m,Medium,0.1%,0.1%,
2018-06-11,6:08am,GBP,NIESR GDP Estimate,Medium,,0.1%,
2018-06-11,12:01pm,USD,10-y Bond Auction,Medium,,3.00|2.6,
2018-06-11,6:50pm,JPY,BSI Manufacturing Index,Medium,3.2,2.9,
2018-06-11,6:50pm,JPY,PPI y/y,Medium,2.1%,2.1%,
2018-06-11,11:30pm,JPY,Tertiary Industry Activity m/m,Medium,0.6%,-0.3%,
2018-06-12,3:00am,EUR,Italian Quarterly Unemployment Rate,Medium,11.1%,11.1%,
2018-06-12,3:30am,GBP,Average Earnings Index 3m/y,High,2.5%,2.6%,
2018-06-12,3:30am,GBP,Claimant Count Change,Low,11.3K,28.2K,
2018-06-12,3:30am,GBP,Unemployment Rate,Low,4.2%,4.2%,
2018-06-12,4:00am,EUR,German ZEW Economic Sentiment,Low,-14.6,-8.2,
2018-06-12,4:00am,EUR,ZEW Economic Sentiment,Medium,0.1,2.4,
2018-06-12,5:00am,USD,NFIB Small Business Index,Medium,105.2,104.8,
2018-06-12,7:30am,USD,Core CPI m/m,High,0.1%,0.1%,
2018-06-12,7:30am,USD,CPI m/m,High,0.2%,0.2%,
2018-06-12,7:30am,USD,CPI y/y,High,2.8%,2.5%,
2018-06-12,12:01pm,USD,30-y Bond Auction,Medium,,3.13|2.4,
2018-06-12,1:00pm,USD,Federal Budget Balance,Medium,-119.0B,214.3B,
2018-06-12,3:30pm,USD,API Weekly Statistical Bulletin,Medium,,,
2018-06-13,3:30am,GBP,CPI y/y,High,2.4%,2.4%,
2018-06-13,3:30am,GBP,PPI Input m/m,Low,1.7%,0.6%,
2018-06-13,3:30am,GBP,Core CPI y/y,Medium,2.1%,2.1%,
2018-06-13,3:30am,GBP,HPI y/y,Medium,4.4%,4.2%,
2018-06-13,3:30am,GBP,PPI Output m/m,Medium,0.3%,0.4%,
2018-06-13,3:30am,GBP,RPI y/y,Medium,3.4%,3.4%,
2018-06-13,4:00am,EUR,Final Employment Change q/q,Medium,0.3%,0.3%,
2018-06-13,4:00am,EUR,Industrial Production m/m,Medium,-0.6%,0.6%,
2018-06-13,4:38am,EUR,German 10-y Bond Auction,Medium,,0.62|2.8,
2018-06-13,7:30am,USD,PPI m/m,High,0.3%,0.1%,
2018-06-13,7:30am,USD,Core PPI m/m,Low,0.2%,0.2%,
2018-06-13,9:30am,USD,Crude Oil Inventories,High,-1.4M,2.1M,
2018-06-13,1:00pm,USD,Federal Funds Rate,High,2.00%,1.75%,
2018-06-13,1:00pm,USD,FOMC Economic Projections,High,,,
2018-06-13,1:00pm,USD,FOMC Statement,High,,,
2018-06-13,1:30pm,USD,FOMC Press Conference,High,,,
2018-06-13,6:01pm,GBP,RICS House Price Balance,Medium,-5%,-7%,
2018-06-13,11:30pm,JPY,Revised Industrial Production m/m,Medium,0.3%,0.3%,
2018-06-14,1:45am,EUR,French Final CPI m/m,Medium,0.4%,0.4%,
2018-06-14,3:30am,GBP,Retail Sales m/m,High,0.5%,1.8%,
2018-06-14,6:45am,EUR,Main Refinancing Rate,High,0.00%,0.00%,
2018-06-14,6:45am,EUR,Monetary Policy Statement,High,,,
2018-06-14,7:30am,EUR,ECB Press Conference,High,,,
2018-06-14,7:30am,USD,Core Retail Sales m/m,High,0.5%,0.4%,
2018-06-14,7:30am,USD,Retail Sales m/m,High,0.4%,0.4%,
2018-06-14,7:30am,USD,Unemployment Claims,Low,223K,222K,
2018-06-14,7:30am,USD,Import Prices m/m,Medium,0.5%,0.6%,
2018-06-14,9:00am,USD,Business Inventories m/m,Medium,0.3%,-0.1%,
2018-06-14,9:30am,USD,Natural Gas Storage,Medium,87B,92B,
2018-06-14,9:41pm,JPY,Monetary Policy Statement,High,,,
2018-06-14,9:41pm,JPY,BOJ Policy Rate,Low,-0.10%,-0.10%,
2018-06-15,1:28am,JPY,BOJ Press Conference,High,,,
2018-06-15,4:00am,EUR,Final CPI y/y,Low,1.9%,1.9%,
2018-06-15,4:00am,EUR,Final Core CPI y/y,Medium,1.1%,1.1%,
2018-06-15,4:00am,EUR,Trade Balance,Medium,20.2B,19.8B,
2018-06-15,7:30am,USD,Empire State Manufacturing Index,Low,19.1,20.1,
2018-06-15,8:15am,USD,Capacity Utilization Rate,Low,78.1%,78.1%,
2018-06-15,8:15am,USD,Industrial Production m/m,Low,0.2%,0.9%,
2018-06-15,8:30am,GBP,CB Leading Index m/m,Medium,,-0.3%,
2018-06-15,9:00am,USD,Prelim UoM Consumer Sentiment,Low,98.5,98.0,
2018-06-15,9:00am,USD,Prelim UoM Inflation Expectations,Medium,,2.8%,
2018-06-15,3:00pm,USD,TIC Long-Term Purchases,Medium,58.5B,61.8B,
2018-06-17,6:01pm,GBP,Rightmove HPI m/m,Medium,,0.8%,
2018-06-17,6:50pm,JPY,Trade Balance,Medium,0.14T,0.45T,
2018-06-18,5:00am,EUR,German Buba Monthly Report,Medium,,,
2018-06-18,9:00am,USD,NAHB Housing Market Index,Medium,70,70,
2018-06-18,12:00pm,USD,FOMC Member Bostic Speaks,Low,,,
2018-06-18,2:00pm,EUR,ECB President Draghi Speaks,High,,,
2018-06-18,3:00pm,USD,FOMC Member Williams Speaks,Low,,,
2018-06-18,10:35pm,JPY,30-y Bond Auction,Medium,,0.75|4.4,
2018-06-19,3:00am,EUR,ECB President Draghi Speaks,High,,,
2018-06-19,3:00am,EUR,Current Account,Medium,30.3B,32.8B,
2018-06-19,7:30am,USD,Building Permits,High,1.35M,1.36M,
2018-06-19,7:30am,USD,Housing Starts,Low,1.31M,1.29M,
2018-06-19,3:30pm,USD,API Weekly Statistical Bulletin,Medium,,,
2018-06-19,6:50pm,JPY,Monetary Policy Meeting Minutes,Medium,,,
2018-06-20,4:35am,EUR,German 30-y Bond Auction,Medium,,1.26|1.1,
2018-06-20,5:00am,GBP,CBI Industrial Order Expectations,Medium,1,-3,
2018-06-20,7:30am,USD,Current Account,Low,-129B,-116B,
2018-06-20,8:30am,EUR,ECB President Draghi Speaks,High,,,
2018-06-20,8:30am,JPY,BOJ Gov Kuroda Speaks,High,,,
2018-06-20,8:30am,USD,Fed Chairman Powell Speaks,High,,,
2018-06-20,9:00am,USD,Existing Home Sales,Low,5.52M,5.45M,
2018-06-20,9:30am,USD,Crude Oil Inventories,High,-2.1M,-4.1M,
2018-06-20,11:30pm,CHF,SNB Financial Stability Report,Low,,,
2018-06-21,2:30am,CHF,SNB Monetary Policy Assessment,High,,,
2018-06-21,2:30am,CHF,Libor Rate,Low,-0.75%,-0.75%,
2018-06-21,3:00am,CHF,SNB Press Conference,High,,,
2018-06-21,3:30am,GBP,Public Sector Net Borrowing,Low,5.1B,5.3B,
2018-06-21,All Day,EUR,Eurogroup Meetings,Medium,,,
2018-06-21,4:45am,EUR,German Buba President Weidmann Speaks,Low,,,
2018-06-21,6:00am,GBP,Monetary Policy Summary,High,,,
2018-06-21,6:00am,GBP,MPC Official Bank Rate Votes,High,2-0-7,2-0-7,
2018-06-21,6:00am,GBP,Official Bank Rate,High,0.50%,0.50%,
2018-06-21,6:00am,GBP,Asset Purchase Facility,Medium,435B,435B,
2018-06-21,6:00am,GBP,MPC Asset Purchase Facility Votes,Medium,0-0-9,0-0-9,
2018-06-21,7:30am,USD,Philly Fed Manufacturing Index,Low,28.9,34.4,
2018-06-21,7:30am,USD,Unemployment Claims,Low,220K,221K,
2018-06-21,8:00am,USD,HPI m/m,Medium,0.3%,0.1%,
2018-06-21,9:00am,EUR,Consumer Confidence,Medium,0,0,
2018-06-21,9:00am,USD,CB Leading Index m/m,Medium,0.4%,0.4%,
2018-06-21,9:30am,USD,Natural Gas Storage,Medium,85B,96B,
2018-06-21,3:15pm,GBP,BOE Gov Carney Speaks,High,,,
2018-06-21,3:30pm,USD,Bank Stress Test Results,Medium,,,
2018-06-21,6:30pm,JPY,National Core CPI y/y,Medium,0.7%,0.7%,
2018-06-21,7:30pm,JPY,Flash Manufacturing PMI,Medium,52.6,52.8,
2018-06-21,11:30pm,JPY,All Industries Activity m/m,Medium,0.9%,0.0%,
2018-06-22,FriJun 22,EUR,French Flash Services PMI,Low,54.3,54.3,
2018-06-22,2:30am,EUR,German Flash Manufacturing PMI,Low,56.3,56.9,
2018-06-22,2:30am,EUR,German Flash Services PMI,Low,52.2,52.1,
2018-06-22,3:00am,EUR,Flash Manufacturing PMI,Low,55.0,55.5,
2018-06-22,3:00am,EUR,Flash Services PMI,Low,53.7,53.8,
2018-06-22,All Day,EUR,ECOFIN Meetings,Medium,,,
2018-06-22,7:59am,EUR,Belgian NBB Business Climate,Medium,0.0,0.2,
2018-06-22,8:45am,USD,Flash Manufacturing PMI,Medium,56.3,56.4,
2018-06-22,8:45am,USD,Flash Services PMI,Medium,56.4,56.8,
2018-06-25,9:00am,USD,New Home Sales,Medium,665K,646K,
2018-06-25,6:50pm,JPY,SPPI y/y,Medium,1.0%,1.0%,
2018-06-26,3:30am,GBP,High Street Lending,Medium,38.2K,38.3K,
2018-06-26,4:00am,GBP,MPC Member Haskel Speaks,Low,,,
2018-06-26,4:30am,GBP,MPC Member McCafferty Speaks,Low,,,
2018-06-26,8:00am,USD,S&P/CS Composite-20 HPI y/y,Medium,6.9%,6.7%,
2018-06-26,8:59am,USD,Richmond Manufacturing Index,Medium,15,16,
2018-06-26,9:00am,USD,CB Consumer Confidence,High,127.6,128.8,
2018-06-26,12:00pm,USD,FOMC Member Bostic Speaks,Low,,,
2018-06-26,3:30pm,USD,API Weekly Statistical Bulletin,Medium,,,
2018-06-27,3:00am,CHF,UBS Economic Expectations,Low,,28.0,
2018-06-27,3:00am,EUR,M3 Money Supply y/y,Low,3.8%,3.8%,
2018-06-27,3:00am,EUR,Private Loans y/y,Medium,3.0%,2.9%,
2018-06-27,4:30am,GBP,BOE Financial Stability Report,Low,,,
2018-06-27,4:30am,GBP,FPC Statement,Medium,,,
2018-06-27,5:00am,GBP,BOE Gov Carney Speaks,High,,,
2018-06-27,5:00am,GBP,CBI Realized Sales,Medium,10,11,
2018-06-27,7:30am,USD,Core Durable Goods Orders m/m,High,0.5%,1.9%,
2018-06-27,7:30am,USD,Durable Goods Orders m/m,Low,-0.9%,-1.6%,
2018-06-27,7:30am,USD,Goods Trade Balance,Medium,-68.9B,-67.3B,
2018-06-27,7:30am,USD,Prelim Wholesale Inventories m/m,Medium,0.2%,0.1%,
2018-06-27,8:00am,CHF,SNB Quarterly Bulletin,Medium,,,
2018-06-27,9:00am,USD,Pending Home Sales m/m,Medium,0.4%,-1.3%,
2018-06-27,9:30am,USD,Crude Oil Inventories,High,-2.4M,-5.9M,
2018-06-27,10:00am,USD,FOMC Member Quarles Speaks,Low,,,
2018-06-27,6:50pm,JPY,Retail Sales y/y,Medium,1.3%,1.5%,
2018-06-28,All Day,EUR,German Prelim CPI m/m,Low,0.2%,0.5%,
2018-06-28,2:00am,EUR,Spanish Flash CPI y/y,Low,2.3%,2.1%,
2018-06-28,3:00am,EUR,ECB Economic Bulletin,Medium,,,
2018-06-28,4:00am,EUR,Italian Prelim CPI m/m,Medium,0.2%,0.3%,
2018-06-28,4:17am,EUR,Italian 10-y Bond Auction,Medium,,3.00|1.5,
2018-06-28,Day 1,EUR,EU Economic Summit,High,,,
2018-06-28,7:30am,USD,Final GDP q/q,High,2.2%,2.2%,
2018-06-28,7:30am,USD,Unemployment Claims,Low,220K,218K,
2018-06-28,7:30am,USD,Final GDP Price Index q/q,Medium,1.9%,1.9%,
2018-06-28,8:30am,GBP,MPC Member Haldane Speaks,Low,,,
2018-06-28,9:30am,USD,Natural Gas Storage,Medium,73B,91B,
2018-06-28,11:00am,USD,FOMC Member Bostic Speaks,Low,,,
2018-06-28,3:30pm,USD,Bank Stress Test Results,Medium,,,
2018-06-28,6:01pm,GBP,GfK Consumer Confidence,Medium,-7,-7,
2018-06-28,6:30pm,JPY,Tokyo Core CPI y/y,Medium,0.6%,0.5%,
2018-06-28,6:30pm,JPY,Unemployment Rate,Medium,2.5%,2.5%,
2018-06-28,6:50pm,JPY,Prelim Industrial Production m/m,Medium,-1.1%,0.5%,
2018-06-29,12:03am,JPY,Consumer Confidence,Medium,43.9,43.8,
2018-06-29,1:00am,EUR,German Retail Sales m/m,Low,-0.5%,1.6%,
2018-06-29,1:00am,EUR,German Import Prices m/m,Medium,1.0%,0.6%,
2018-06-29,All Day,EUR,Italian Bank Holiday,Low,,,
2018-06-29,1:48am,EUR,French Prelim CPI m/m,Medium,0.1%,0.4%,
2018-06-29,1:52am,EUR,French Consumer Spending m/m,Medium,0.8%,-1.8%,
2018-06-29,2:00am,CHF,KOF Economic Barometer,Low,100.3,100.0,
2018-06-29,2:55am,EUR,German Unemployment Change,Medium,-8K,-12K,
2018-06-29,3:30am,GBP,Current Account,High,-18.0B,-19.5B,
2018-06-29,3:30am,GBP,Final GDP q/q,Low,0.1%,0.1%,
2018-06-29,3:30am,GBP,Net Lending to Individuals m/m,Low,5.2B,5.6B,
2018-06-29,3:30am,GBP,Index of Services 3m/3m,Medium,0.0%,0.3%,
2018-06-29,3:30am,GBP,M4 Money Supply m/m,Medium,0.3%,0.1%,
2018-06-29,3:30am,GBP,Mortgage Approvals,Medium,62K,63K,
2018-06-29,3:30am,GBP,Revised Business Investment q/q,Medium,-0.2%,-0.2%,
2018-06-29,4:00am,EUR,Core CPI Flash Estimate y/y,Low,1.0%,1.1%,
2018-06-29,4:00am,EUR,CPI Flash Estimate y/y,Low,2.0%,1.9%,
2018-06-29,Day 2,EUR,EU Economic Summit,Low,,,
2018-06-29,7:30am,USD,Core PCE Price Index m/m,Low,0.2%,0.2%,
2018-06-29,7:30am,USD,Personal Spending m/m,Low,0.4%,0.5%,
2018-06-29,7:30am,USD,Personal Income m/m,Medium,0.4%,0.2%,
2018-06-29,8:45am,USD,Chicago PMI,Low,60.1,62.7,
2018-06-29,9:00am,USD,Revised UoM Consumer Sentiment,Low,99.1,99.3,
2018-06-29,9:00am,USD,Revised UoM Inflation Expectations,Medium,,2.9%,
2018-07-01,6:50pm,JPY,Tankan Manufacturing Index,Medium,22,24,
2018-07-01,6:50pm,JPY,Tankan Non-Manufacturing Index,Medium,23,23,
2018-07-01,7:30pm,JPY,Final Manufacturing PMI,Medium,53.1,53.1,
2018-07-02,2:15am,CHF,Retail Sales y/y,Medium,2.6%,2.9%,
2018-07-02,2:15am,EUR,Spanish Manufacturing PMI,Medium,53.6,53.4,
2018-07-02,2:30am,CHF,Manufacturing PMI,Medium,61.1,62.4,
2018-07-02,2:45am,EUR,Italian Manufacturing PMI,Medium,52.6,52.7,
2018-07-02,2:50am,EUR,French Final Manufacturing PMI,Medium,53.1,53.1,
2018-07-02,2:55am,EUR,German Final Manufacturing PMI,Medium,55.9,55.9,
2018-07-02,3:00am,EUR,Final Manufacturing PMI,Medium,55.0,55.0,
2018-07-02,3:00am,EUR,Italian Monthly Unemployment Rate,Medium,11.1%,11.0%,
2018-07-02,3:30am,GBP,Final Manufacturing PMI,High,54.1,54.3,
2018-07-02,4:00am,EUR,Unemployment Rate,Medium,8.5%,8.4%,
2018-07-02,8:45am,USD,Final Manufacturing PMI,Medium,54.6,54.6,
2018-07-02,9:00am,USD,ISM Manufacturing PMI,High,58.2,58.7,
2018-07-02,9:00am,USD,Construction Spending m/m,Medium,0.5%,0.9%,
2018-07-02,9:00am,USD,ISM Manufacturing Prices,Medium,74.3,79.5,
2018-07-02,6:50pm,JPY,Monetary Base y/y,Medium,8.3%,8.1%,
2018-07-02,10:35pm,JPY,10-y Bond Auction,Medium,,0.05|4.4,
2018-07-03,2:00am,EUR,Spanish Unemployment Change,Medium,-101.0K,-83.7K,
2018-07-03,3:30am,GBP,Construction PMI,High,52.6,52.5,
2018-07-03,3:30am,GBP,FPC Meeting Minutes,Medium,,,
2018-07-03,4:00am,EUR,PPI m/m,Medium,0.4%,0.0%,
2018-07-03,4:00am,EUR,Retail Sales m/m,Medium,0.1%,-0.1%,
2018-07-03,4:36am,GBP,10-y Bond Auction,Medium,,1.61|2.2,
2018-07-03,8:59am,USD,RCM/TIPP Economic Optimism,Medium,54.2,53.9,
2018-07-03,9:00am,USD,Factory Orders m/m,Medium,0.1%,-0.4%,
2018-07-03,All Day,USD,Wards Total Vehicle Sales,Medium,17.0M,16.8M,
2018-07-03,All Day,USD,Total Vehicle Sales,Medium,17.0M,16.9M,
2018-07-03,3:30pm,USD,API Weekly Statistical Bulletin,Medium,,,
2018-07-03,6:01pm,GBP,BRC Shop Price Index y/y,Medium,,-1.1%,
2018-07-04,2:45am,EUR,Italian Services PMI,Medium,53.3,53.1,
2018-07-04,2:50am,EUR,French Final Services PMI,Medium,56.4,56.4,
2018-07-04,2:55am,EUR,German Final Services PMI,Medium,53.9,53.9,
2018-07-04,3:00am,EUR,Final Services PMI,Medium,55.0,55.0,
2018-07-04,3:30am,GBP,Final Services PMI,High,54.0,54.0,
2018-07-04,All Day,USD,Bank Holiday,Low,,,
2018-07-04,10:35pm,JPY,30-y Bond Auction,Medium,,0.71|4.2,
2018-07-05,2:15am,CHF,CPI m/m,Medium,0.1%,0.4%,
2018-07-05,3:10am,EUR,Retail PMI,Medium,,51.7,
2018-07-05,3:30am,GBP,Housing Equity Withdrawal q/q,Medium,-7.3B,-7.1B,
2018-07-05,3:48am,EUR,Spanish 10-y Bond Auction,Medium,,1.41|2.2,
2018-07-05,3:59am,EUR,French 10-y Bond Auction,Medium,,0.90|1.9,
2018-07-05,4:45am,GBP,BOE Gov Carney Speaks,High,,,
2018-07-05,6:15am,EUR,German Buba President Weidmann Speaks,Low,,,
2018-07-05,6:30am,USD,Challenger Job Cuts y/y,Medium,,-4.8%,
2018-07-05,7:15am,USD,ADP Non-Farm Employment Change,High,190K,189K,
2018-07-05,7:30am,USD,Unemployment Claims,Low,225K,228K,
2018-07-05,8:45am,USD,Final Services PMI,Medium,56.5,56.5,
2018-07-05,9:00am,USD,ISM Services PMI,High,58.3,58.6,
2018-07-05,10:00am,USD,Crude Oil Inventories,High,-4.4M,-9.9M,
2018-07-05,1:00pm,USD,FOMC Meeting Minutes,High,,,
2018-07-05,6:30pm,JPY,Household Spending y/y,Medium,-1.5%,-1.3%,
2018-07-05,7:00pm,JPY,Average Cash Earnings y/y,Medium,0.9%,0.6%,
2018-07-06,12:56am,EUR,German Industrial Production m/m,Medium,0.3%,-1.3%,
2018-07-06,1:45am,EUR,French Trade Balance,Medium,-5.1B,-5.2B,
2018-07-06,2:00am,CHF,Foreign Currency Reserves,Medium,,741B,
2018-07-06,2:30am,GBP,Halifax HPI m/m,Low,0.3%,1.7%,
2018-07-06,3:00am,EUR,Italian Retail Sales m/m,Medium,0.4%,-0.6%,
2018-07-06,7:30am,USD,Average Hourly Earnings m/m,High,0.3%,0.3%,
2018-07-06,7:30am,USD,Non-Farm Employment Change,High,195K,244K,
2018-07-06,7:30am,USD,Unemployment Rate,High,3.8%,3.8%,
2018-07-06,7:30am,USD,Trade Balance,Medium,-43.6B,-46.1B,
2018-07-06,9:30am,USD,Natural Gas Storage,Medium,76B,66B,
2018-07-08,SunJul 8,JPY,Current Account,Medium,1.18T,1.89T,
2018-07-08,7:30pm,JPY,BOJ Gov Kuroda Speaks,High,,,
2018-07-09,12:45am,CHF,Unemployment Rate,Medium,2.5%,2.7%,
2018-07-09,1:00am,EUR,German Trade Balance,Medium,20.3B,19.0B,
2018-07-09,2:50am,GBP,MPC Member Broadbent Speaks,Low,,,
2018-07-09,3:30am,EUR,Sentix Investor Confidence,Medium,9.0,9.3,
2018-07-09,8:00am,EUR,ECB President Draghi Speaks,High,,,
2018-07-09,10:00am,EUR,ECB President Draghi Speaks,High,,,
2018-07-09,2:00pm,USD,Consumer Credit m/m,Medium,12.2B,10.3B,
2018-07-09,6:01pm,GBP,BRC Retail Sales Monitor y/y,Medium,1.0%,2.8%,
2018-07-09,6:50pm,JPY,M2 Money Stock y/y,Medium,3.2%,3.2%,
2018-07-10,1:45am,EUR,French Industrial Production m/m,Medium,0.7%,-0.5%,
2018-07-10,3:00am,EUR,Italian Industrial Production m/m,Medium,0.9%,-1.3%,
2018-07-10,3:30am,GBP,GDP m/m,High,,,
2018-07-10,3:30am,GBP,Manufacturing Production m/m,High,1.0%,-1.3%,
2018-07-10,3:30am,GBP,Goods Trade Balance,Low,-11.9B,-12.4B,
2018-07-10,3:30am,GBP,Construction Output m/m,Medium,0.4%,0.0%,
2018-07-10,3:30am,GBP,Index of Services 3m/3m,Medium,0.4%,0.2%,
2018-07-10,3:30am,GBP,Industrial Production m/m,Medium,0.5%,-1.0%,
2018-07-10,4:00am,EUR,German ZEW Economic Sentiment,Low,-17.9,-16.1,
2018-07-10,4:00am,EUR,ZEW Economic Sentiment,Medium,-13.2,-12.6,
2018-07-10,4:10am,USD,NFIB Small Business Index,Medium,105.6,107.8,
2018-07-10,9:00am,USD,JOLTS Job Openings,Medium,6.88M,6.84M,
2018-07-10,3:30pm,USD,API Weekly Statistical Bulletin,Medium,,,
2018-07-10,6:50pm,JPY,Core Machinery Orders m/m,Medium,-5.2%,10.1%,
2018-07-10,6:50pm,JPY,PPI y/y,Medium,2.8%,2.7%,
2018-07-10,11:30pm,JPY,Tertiary Industry Activity m/m,Medium,-0.4%,1.0%,
2018-07-11,4:36am,EUR,German 10-y Bond Auction,Medium,,0.48|1.1,
2018-07-11,7:01am,GBP,NIESR GDP Estimate,Medium,,0.2%,
2018-07-11,7:30am,USD,Core PPI m/m,Low,0.2%,0.3%,
2018-07-11,7:30am,USD,PPI m/m,Low,0.2%,0.5%,
2018-07-11,9:00am,USD,Final Wholesale Inventories m/m,Medium,0.5%,0.5%,
2018-07-11,9:30am,USD,Crude Oil Inventories,High,-4.1M,1.2M,
2018-07-11,10:35am,GBP,BOE Gov Carney Speaks,High,,,
2018-07-11,12:01pm,USD,10-y Bond Auction,Medium,,2.96|2.6,
2018-07-11,3:30pm,USD,FOMC Member Williams Speaks,Low,,,
2018-07-11,6:01pm,GBP,RICS House Price Balance,Medium,-3%,-2%,
2018-07-12,1:45am,EUR,French Final CPI m/m,Medium,0.1%,0.1%,
2018-07-12,3:30am,GBP,BOE Credit Conditions Survey,Low,,,
2018-07-12,4:00am,EUR,Industrial Production m/m,Medium,1.2%,-0.8%,
2018-07-12,All Day,EUR,Eurogroup Meetings,Medium,,,
2018-07-12,5:00am,EUR,EU Economic Forecasts,Low,,,
2018-07-12,6:30am,EUR,ECB Monetary Policy Meeting Accounts,High,,,
2018-07-12,7:30am,USD,Core CPI m/m,High,0.2%,0.2%,
2018-07-12,7:30am,USD,CPI m/m,High,0.2%,0.2%,
2018-07-12,7:30am,USD,CPI y/y,High,2.9%,2.8%,
2018-07-12,7:30am,USD,Unemployment Claims,Low,226K,232K,
2018-07-12,9:30am,USD,Natural Gas Storage,Medium,55B,78B,
2018-07-12,12:01pm,USD,30-y Bond Auction,Medium,,3.10|2.4,
2018-07-12,12:30pm,USD,Fed Chairman Powell Speaks,High,,,
2018-07-12,1:00pm,USD,Federal Budget Balance,Medium,-92.3B,-146.8B,
2018-07-12,11:30pm,JPY,Revised Industrial Production m/m,Medium,-0.2%,-0.2%,
2018-07-13,2:15am,CHF,PPI m/m,Medium,0.2%,0.2%,
2018-07-13,All Day,EUR,ECOFIN Meetings,Medium,,,
2018-07-13,6:30am,GBP,MPC Member Cunliffe Speaks,Low,,,
2018-07-13,7:30am,USD,Import Prices m/m,Medium,0.1%,0.9%,
2018-07-13,9:00am,USD,Prelim UoM Consumer Sentiment,Low,98.1,98.2,
2018-07-13,9:00am,USD,Revised UoM Inflation Expectations,Medium,,3.0%,
2018-07-13,10:00am,USD,Fed Monetary Policy Report,Medium,,,
2018-07-13,10:30am,USD,FOMC Member Bostic Speaks,Low,,,
2018-07-15,6:01pm,GBP,Rightmove HPI m/m,Medium,,0.4%,
2018-07-15,All Day,JPY,Bank Holiday,Low,,,
2018-07-16,4:00am,EUR,Trade Balance,Medium,17.6B,18.0B,
2018-07-16,7:30am,USD,Core Retail Sales m/m,High,0.4%,1.4%,
2018-07-16,7:30am,USD,Retail Sales m/m,High,0.4%,1.3%,
2018-07-16,7:30am,USD,Empire State Manufacturing Index,Low,20.3,25.0,
2018-07-16,9:00am,USD,Business Inventories m/m,Medium,0.4%,0.3%,
2018-07-17,3:30am,GBP,Average Earnings Index 3m/y,High,2.5%,2.6%,
2018-07-17,3:30am,GBP,Claimant Count Change,Low,2.3K,-3.0K,
2018-07-17,3:30am,GBP,Unemployment Rate,Low,4.2%,4.2%,
2018-07-17,8:15am,USD,Capacity Utilization Rate,Low,78.4%,77.7%,
2018-07-17,8:15am,USD,Industrial Production m/m,Low,0.5%,-0.5%,
2018-07-17,9:00am,USD,Fed Chairman Powell Testifies,High,,,
2018-07-17,9:00am,USD,NAHB Housing Market Index,Medium,69,68,
2018-07-17,3:00pm,USD,TIC Long-Term Purchases,Medium,34.3B,94.0B,
2018-07-17,3:30pm,USD,API Weekly Statistical Bulletin,Medium,,,
2018-07-18,WedJul 18,GBP,PPI Input m/m,Low,0.3%,3.3%,
2018-07-18,WedJul 18,GBP,RPI y/y,Low,3.5%,3.3%,
2018-07-18,WedJul 18,GBP,Core CPI y/y,Medium,2.1%,2.1%,
2018-07-18,WedJul 18,GBP,HPI y/y,Medium,3.8%,3.5%,
2018-07-18,WedJul 18,GBP,PPI Output m/m,Medium,0.3%,0.5%,
2018-07-18,4:00am,EUR,Final CPI y/y,Low,2.0%,2.0%,
2018-07-18,4:00am,EUR,Final Core CPI y/y,Medium,1.0%,1.0%,
2018-07-18,4:34am,EUR,German 30-y Bond Auction,Medium,,1.06|1.2,
2018-07-18,7:30am,USD,Building Permits,High,1.33M,1.30M,
2018-07-18,7:30am,USD,Housing Starts,Low,1.32M,1.34M,
2018-07-18,8:30am,GBP,CB Leading Index m/m,Medium,,-0.1%,
2018-07-18,9:00am,USD,Fed Chairman Powell Testifies,High,,,
2018-07-18,9:30am,USD,Crude Oil Inventories,High,-3.4M,-12.6M,
2018-07-18,1:00pm,USD,Beige Book,Medium,,,
2018-07-18,6:50pm,JPY,Trade Balance,Medium,0.15T,-0.30T,
2018-07-19,3:30am,GBP,Retail Sales m/m,High,0.1%,1.4%,
2018-07-19,3:49am,EUR,Spanish 10-y Bond Auction,Medium,,1.58|1.9,
2018-07-19,7:30am,USD,Philly Fed Manufacturing Index,Low,21.6,19.9,
2018-07-19,7:30am,USD,Unemployment Claims,Low,220K,215K,
2018-07-19,8:00am,USD,FOMC Member Quarles Speaks,Low,,,
2018-07-19,9:00am,USD,CB Leading Index m/m,Medium,0.4%,0.0%,
2018-07-19,9:30am,USD,Natural Gas Storage,Medium,58B,51B,
2018-07-19,6:30pm,JPY,National Core CPI y/y,Medium,0.8%,0.7%,
2018-07-19,11:30pm,JPY,All Industries Activity m/m,Medium,0.0%,1.0%,
2018-07-20,3:00am,EUR,Current Account,Medium,27.2B,29.6B,
2018-07-20,3:30am,GBP,Public Sector Net Borrowing,Low,3.6B,3.9B,
2018-07-23,9:00am,EUR,Consumer Confidence,Medium,-1,-1,
2018-07-23,9:00am,USD,Existing Home Sales,Low,5.46M,5.41M,
2018-07-23,12:00pm,GBP,MPC Member Broadbent Speaks,Low,,,
2018-07-23,7:30pm,JPY,Flash Manufacturing PMI,Medium,53.2,53.0,
2018-07-24,2:00am,EUR,French Flash Manufacturing PMI,Low,52.6,52.5,
2018-07-24,2:00am,EUR,French Flash Services PMI,Low,55.7,55.9,
2018-07-24,2:30am,EUR,German Flash Manufacturing PMI,Low,55.5,55.9,
2018-07-24,2:30am,EUR,German Flash Services PMI,Low,54.6,54.5,
2018-07-24,3:00am,EUR,Flash Manufacturing PMI,Low,54.7,54.9,
2018-07-24,3:00am,EUR,Flash Services PMI,Low,55.0,55.2,
2018-07-24,5:00am,GBP,CBI Industrial Order Expectations,Medium,8,13,
2018-07-24,8:00am,USD,HPI m/m,Medium,0.4%,0.2%,
2018-07-24,8:45am,USD,Flash Manufacturing PMI,Medium,55.1,55.4,
2018-07-24,8:45am,USD,Flash Services PMI,Medium,56.5,56.5,
2018-07-24,8:59am,USD,Richmond Manufacturing Index,Medium,18,20,
2018-07-24,3:30pm,USD,API Weekly Statistical Bulletin,Medium,,,
2018-07-25,WedJul 25,EUR,German ifo Business Climate,Low,101.6,101.8,
2018-07-25,WedJul 25,EUR,M3 Money Supply y/y,Low,4.0%,4.0%,
2018-07-25,WedJul 25,EUR,Private Loans y/y,Medium,3.0%,2.9%,
2018-07-25,3:30am,GBP,High Street Lending,Medium,39.1K,39.5K,
2018-07-25,5:00am,GBP,CBI Realized Sales,Medium,16,32,
2018-07-25,7:59am,EUR,Belgian NBB Business Climate,Medium,0.4,0.6,
2018-07-25,9:00am,USD,New Home Sales,Medium,669K,666K,
2018-07-25,9:30am,USD,Crude Oil Inventories,High,-2.6M,5.8M,
2018-07-25,6:50pm,JPY,SPPI y/y,Medium,1.0%,1.0%,
2018-07-26,2:00am,EUR,Spanish Unemployment Rate,Low,15.8%,16.7%,
2018-07-26,6:45am,EUR,Main Refinancing Rate,High,0.00%,0.00%,
2018-07-26,6:45am,EUR,Monetary Policy Statement,High,,,
2018-07-26,7:30am,EUR,ECB Press Conference,High,,,
2018-07-26,7:30am,USD,Core Durable Goods Orders m/m,High,0.5%,0.0%,
2018-07-26,7:30am,USD,Durable Goods Orders m/m,Low,3.0%,-0.4%,
2018-07-26,7:30am,USD,Unemployment Claims,Low,215K,208K,
2018-07-26,7:30am,USD,Goods Trade Balance,Medium,-67.0B,-64.8B,
2018-07-26,7:30am,USD,Prelim Wholesale Inventories m/m,Medium,0.5%,0.6%,
2018-07-26,9:30am,USD,Natural Gas Storage,Medium,39B,46B,
2018-07-26,6:30pm,JPY,Tokyo Core CPI y/y,Medium,0.7%,0.7%,
2018-07-27,1:00am,EUR,German Import Prices m/m,Medium,0.3%,1.6%,
2018-07-27,1:45am,EUR,French Consumer Spending m/m,Medium,0.6%,1.0%,
2018-07-27,7:30am,USD,Advance GDP q/q,High,4.2%,2.0%,
2018-07-27,7:30am,USD,Advance GDP Price Index q/q,Low,2.3%,2.2%,
2018-07-27,8:30am,USD,President Trump Speaks,High,,,
2018-07-27,9:00am,USD,Revised UoM Consumer Sentiment,Low,97.1,97.1,
2018-07-27,9:00am,USD,Revised UoM Inflation Expectations,Medium,,2.9%,
2018-07-30,2:00am,CHF,KOF Economic Barometer,Low,101.6,101.3,
2018-07-30,2:00am,EUR,Spanish Flash CPI y/y,Low,2.3%,2.3%,
2018-07-30,3:30am,GBP,Net Lending to Individuals m/m,Low,5.3B,5.3B,
2018-07-30,3:30am,GBP,M4 Money Supply m/m,Medium,0.6%,0.4%,
2018-07-30,3:30am,GBP,Mortgage Approvals,Medium,66K,65K,
2018-07-30,4:15am,EUR,Italian 10-y Bond Auction,Medium,,2.77|1.3,
2018-07-30,9:00am,USD,Pending Home Sales m/m,Medium,0.4%,-0.5%,
2018-07-30,6:01pm,GBP,GfK Consumer Confidence,Medium,-9,-9,
2018-07-30,6:30pm,JPY,Unemployment Rate,Medium,2.3%,2.2%,
2018-07-30,6:50pm,JPY,Prelim Industrial Production m/m,Medium,-0.3%,-0.2%,
2018-07-30,11:03pm,JPY,BOJ Outlook Report,High,,,
2018-07-30,11:03pm,JPY,Monetary Policy Statement,High,,,
2018-07-30,11:03pm,JPY,BOJ Policy Rate,Low,-0.10%,-0.10%,
2018-07-31,12:04am,JPY,Consumer Confidence,Medium,43.9,43.7,
2018-07-31,1:00am,EUR,German Retail Sales m/m,Low,1.1%,-2.1%,
2018-07-31,1:29am,JPY,BOJ Press Conference,High,,,
2018-07-31,1:45am,EUR,French Prelim CPI m/m,Medium,-0.3%,0.0%,
2018-07-31,2:00am,EUR,Spanish Flash GDP q/q,Low,0.7%,0.7%,
2018-07-31,2:55am,EUR,German Unemployment Change,Medium,-10K,-14K,
2018-07-31,3:00am,EUR,Italian Monthly Unemployment Rate,Medium,10.8%,10.7%,
2018-07-31,4:00am,EUR,Core CPI Flash Estimate y/y,Low,1.0%,0.9%,
2018-07-31,4:00am,EUR,CPI Flash Estimate y/y,Low,2.0%,2.0%,
2018-07-31,4:00am,EUR,Prelim Flash GDP q/q,Low,0.4%,0.4%,
2018-07-31,4:00am,EUR,Italian Prelim CPI m/m,Medium,0.2%,0.2%,
2018-07-31,4:00am,EUR,Unemployment Rate,Medium,8.3%,8.3%,
2018-07-31,5:00am,EUR,Italian Prelim GDP q/q,Medium,0.2%,0.3%,
2018-07-31,7:30am,USD,Core PCE Price Index m/m,Low,0.1%,0.2%,
2018-07-31,7:30am,USD,Employment Cost Index q/q,Low,0.7%,0.8%,
2018-07-31,7:30am,USD,Personal Spending m/m,Low,0.4%,0.5%,
2018-07-31,7:30am,USD,Personal Income m/m,Medium,0.4%,0.4%,
2018-07-31,8:00am,USD,S&P/CS Composite-20 HPI y/y,Medium,6.4%,6.7%,
2018-07-31,8:45am,USD,Chicago PMI,Low,61.9,64.1,
2018-07-31,9:00am,USD,CB Consumer Confidence,High,126.5,127.1,
2018-07-31,3:30pm,USD,API Weekly Statistical Bulletin,Medium,,,
2018-07-31,6:01pm,GBP,BRC Shop Price Index y/y,Medium,,-0.5%,
2018-07-31,7:30pm,JPY,Final Manufacturing PMI,Medium,51.6,51.6,
2018-08-01,All Day,CHF,Bank Holiday,Low,,,
2018-08-01,2:15am,EUR,Spanish Manufacturing PMI,Medium,53.1,53.4,
2018-08-01,2:45am,EUR,Italian Manufacturing PMI,Medium,53.0,53.3,
2018-08-01,2:50am,EUR,French Final Manufacturing PMI,Medium,53.1,53.1,
2018-08-01,2:55am,EUR,German Final Manufacturing PMI,Medium,57.3,57.3,
2018-08-01,3:00am,EUR,Final Manufacturing PMI,Medium,55.1,55.1,
2018-08-01,3:30am,GBP,Final Manufacturing PMI,High,54.2,54.3,
2018-08-01,4:33am,EUR,German 10-y Bond Auction,Medium,,0.36|1.6,
2018-08-01,7:15am,USD,ADP Non-Farm Employment Change,High,186K,181K,
2018-08-01,8:45am,USD,Final Manufacturing PMI,Medium,55.5,55.5,
2018-08-01,9:00am,USD,ISM Manufacturing PMI,High,59.4,60.2,
2018-08-01,9:00am,USD,Construction Spending m/m,Medium,0.3%,1.3%,
2018-08-01,9:00am,USD,ISM Manufacturing Prices,Medium,75.5,76.8,
2018-08-01,All Day,USD,Wards Total Vehicle Sales,Medium,17.0M,17.4M,
2018-08-01,9:30am,USD,Crude Oil Inventories,High,-2.6M,-6.1M,
2018-08-01,All Day,USD,Total Vehicle Sales,Medium,17.1M,17.5M,
2018-08-01,1:00pm,USD,Federal Funds Rate,High,2.00%,2.00%,
2018-08-01,1:00pm,USD,FOMC Statement,High,,,
2018-08-01,6:50pm,JPY,Monetary Base y/y,Medium,7.3%,7.4%,
2018-08-01,10:35pm,JPY,10-y Bond Auction,Medium,,0.04|4.4,
2018-08-02,2:00am,EUR,Spanish Unemployment Change,Medium,-87.6K,-90.0K,
2018-08-02,2:15am,CHF,Retail Sales y/y,Medium,0.0%,0.4%,
2018-08-02,2:30am,CHF,Manufacturing PMI,Medium,60.8,61.6,
2018-08-02,3:30am,GBP,Construction PMI,High,52.8,53.1,
2018-08-02,3:48am,EUR,Spanish 10-y Bond Auction,Medium,,1.31|1.5,
2018-08-02,3:59am,EUR,French 10-y Bond Auction,Medium,,0.67|1.9,
2018-08-02,4:00am,EUR,PPI m/m,Medium,0.3%,0.8%,
2018-08-02,6:00am,GBP,BOE Monetary Policy Report,High,,,
2018-08-02,6:00am,GBP,Monetary Policy Summary,High,,,
2018-08-02,6:00am,GBP,MPC Official Bank Rate Votes,High,7-0-2,3-0-6,
2018-08-02,6:00am,GBP,Official Bank Rate,High,0.75%,0.50%,
2018-08-02,6:00am,GBP,Asset Purchase Facility,Low,435B,435B,
2018-08-02,6:00am,GBP,MPC Asset Purchase Facility Votes,Low,0-0-9,0-0-9,
2018-08-02,6:30am,GBP,BOE Gov Carney Speaks,High,,,
2018-08-02,6:30am,USD,Challenger Job Cuts y/y,Medium,,19.6%,
2018-08-02,7:30am,USD,Unemployment Claims,Low,220K,217K,
2018-08-02,9:00am,USD,Factory Orders m/m,Medium,0.7%,0.4%,
2018-08-02,9:30am,USD,Natural Gas Storage,Medium,39B,24B,
2018-08-02,6:50pm,JPY,Monetary Policy Meeting Minutes,Medium,,,
2018-08-03,2:15am,CHF,CPI m/m,Medium,-0.3%,0.0%,
2018-08-03,2:15am,EUR,Spanish Services PMI,Medium,54.4,55.4,
2018-08-03,2:45am,EUR,Italian Services PMI,Medium,53.6,54.3,
2018-08-03,2:50am,EUR,French Final Services PMI,Medium,55.3,55.3,
2018-08-03,2:55am,EUR,German Final Services PMI,Medium,54.4,54.4,
2018-08-03,3:00am,EUR,Final Services PMI,Medium,54.4,54.4,
2018-08-03,3:00am,EUR,Italian Industrial Production m/m,Medium,0.4%,0.8%,
2018-08-03,3:30am,GBP,Final Services PMI,High,54.7,55.1,
2018-08-03,4:00am,EUR,Retail Sales m/m,Medium,0.4%,0.3%,
2018-08-03,4:03am,EUR,Italian Retail Sales m/m,Medium,0.1%,1.1%,
2018-08-03,7:30am,USD,Average Hourly Earnings m/m,High,0.3%,0.1%,
2018-08-03,7:30am,USD,Non-Farm Employment Change,High,191K,248K,
2018-08-03,7:30am,USD,Unemployment Rate,High,3.9%,4.0%,
2018-08-03,7:30am,USD,Trade Balance,Medium,-46.5B,-43.2B,
2018-08-03,8:45am,USD,Final Services PMI,Medium,56.2,56.2,
2018-08-03,9:00am,USD,ISM Services PMI,High,58.6,59.1,
2018-08-06,3:30am,EUR,Sentix Investor Confidence,Medium,12.8,12.1,
2018-08-06,1:00pm,USD,Loan Officer Survey,Medium,,,
2018-08-06,6:01pm,GBP,BRC Retail Sales Monitor y/y,Medium,1.3%,1.1%,
2018-08-06,6:30pm,JPY,Household Spending y/y,Medium,-1.2%,-3.9%,
2018-08-06,7:00pm,JPY,Average Cash Earnings y/y,Medium,1.7%,2.1%,
2018-08-07,1:00am,EUR,German Industrial Production m/m,Medium,-0.5%,2.4%,
2018-08-07,1:00am,EUR,German Trade Balance,Medium,21.4B,20.4B,
2018-08-07,1:45am,EUR,French Trade Balance,Medium,-5.6B,-6.0B,
2018-08-07,2:00am,CHF,Foreign Currency Reserves,Medium,,748B,
2018-08-07,2:30am,GBP,Halifax HPI m/m,Low,0.2%,0.9%,
2018-08-07,9:00am,USD,JOLTS Job Openings,Medium,6.74M,6.66M,
2018-08-07,9:01am,USD,RCM/TIPP Economic Optimism,Medium,57.2,56.4,
2018-08-07,2:00pm,USD,Consumer Credit m/m,Medium,16.2B,24.3B,
2018-08-07,3:30pm,USD,API Weekly Statistical Bulletin,Medium,,,
2018-08-07,6:50pm,JPY,Bank Lending y/y,Medium,2.3%,2.2%,
2018-08-07,6:50pm,JPY,BOJ Summary of Opinions,Medium,,,
2018-08-07,6:50pm,JPY,Current Account,Medium,1.84T,1.85T,
2018-08-08,4:36am,GBP,10-y Bond Auction,Medium,,1.43|2.3,
2018-08-08,7:45am,USD,FOMC Member Barkin Speaks,Low,,,
2018-08-08,9:30am,USD,Crude Oil Inventories,High,-2.8M,3.8M,
2018-08-08,12:01pm,USD,10-y Bond Auction,Medium,,2.86|2.6,
2018-08-08,6:01pm,GBP,RICS House Price Balance,Medium,4%,3%,
2018-08-08,6:50pm,JPY,Core Machinery Orders m/m,Medium,-1.2%,-3.7%,
2018-08-08,6:50pm,JPY,M2 Money Stock y/y,Medium,3.1%,3.1%,
2018-08-08,10:35pm,JPY,30-y Bond Auction,Medium,,0.70|5.0,
2018-08-09,12:58am,JPY,Prelim Machine Tool Orders y/y,Medium,,11.4%,
2018-08-09,3:00am,EUR,ECB Economic Bulletin,Medium,,,
2018-08-09,7:30am,USD,PPI m/m,High,0.2%,0.3%,
2018-08-09,7:30am,USD,Core PPI m/m,Low,0.2%,0.3%,
2018-08-09,7:30am,USD,Unemployment Claims,Low,220K,219K,
2018-08-09,9:00am,USD,Final Wholesale Inventories m/m,Medium,0.0%,0.0%,
2018-08-09,9:30am,USD,Natural Gas Storage,Medium,49B,35B,
2018-08-09,12:01pm,USD,30-y Bond Auction,Medium,,2.96|2.3,
2018-08-09,6:50pm,JPY,Prelim GDP q/q,Low,0.3%,-0.2%,
2018-08-09,6:50pm,JPY,PPI y/y,Medium,2.9%,2.8%,
2018-08-09,6:50pm,JPY,Prelim GDP Price Index y/y,Medium,0.0%,0.5%,
2018-08-09,11:30pm,JPY,Tertiary Industry Activity m/m,Medium,-0.2%,0.2%,
2018-08-10,FriAug 10,EUR,French Prelim Private Payrolls q/q,Medium,0.3%,0.2%,
2018-08-10,3:03am,EUR,Italian Trade Balance,Medium,3.41B,3.37B,
2018-08-10,3:30am,GBP,GDP m/m,High,0.2%,0.3%,
2018-08-10,3:30am,GBP,Manufacturing Production m/m,High,0.3%,0.6%,
2018-08-10,3:30am,GBP,Prelim GDP q/q,High,0.4%,0.2%,
2018-08-10,3:30am,GBP,Goods Trade Balance,Low,-12.0B,-12.5B,
2018-08-10,3:30am,GBP,Prelim Business Investment q/q,Low,0.3%,-0.4%,
2018-08-10,3:30am,GBP,Construction Output m/m,Medium,-0.2%,2.9%,
2018-08-10,3:30am,GBP,Index of Services 3m/3m,Medium,0.6%,0.4%,
2018-08-10,3:30am,GBP,Industrial Production m/m,Medium,0.4%,-0.2%,
2018-08-10,7:30am,USD,Core CPI m/m,High,0.2%,0.2%,
2018-08-10,7:30am,USD,CPI m/m,High,0.2%,0.1%,
2018-08-10,7:30am,USD,CPI y/y,High,2.9%,2.9%,
2018-08-10,8:06am,GBP,NIESR GDP Estimate,Medium,,0.4%,
2018-08-10,1:00pm,USD,Federal Budget Balance,Medium,-76.5B,-74.9B,
2018-08-13,11:30pm,JPY,Revised Industrial Production m/m,Medium,-2.1%,-2.1%,
2018-08-14,TueAug 14,EUR,German Final CPI m/m,Medium,0.3%,0.3%,
2018-08-14,1:45am,EUR,French Final CPI m/m,Medium,-0.1%,-0.1%,
2018-08-14,2:15am,CHF,PPI m/m,Medium,0.3%,0.2%,
2018-08-14,3:30am,GBP,Average Earnings Index 3m/y,High,2.5%,2.5%,
2018-08-14,3:30am,GBP,Claimant Count Change,Low,2.3K,9.0K,
2018-08-14,3:30am,GBP,Unemployment Rate,Low,4.2%,4.2%,
2018-08-14,4:00am,EUR,Flash GDP q/q,Low,0.3%,0.3%,
2018-08-14,4:00am,EUR,German ZEW Economic Sentiment,Low,-20.1,-24.7,
2018-08-14,4:00am,EUR,Industrial Production m/m,Medium,-0.3%,1.4%,
2018-08-14,4:00am,EUR,ZEW Economic Sentiment,Medium,-16.4,-18.7,
2018-08-14,5:00am,USD,NFIB Small Business Index,Medium,106.9,107.2,
2018-08-14,7:30am,USD,Import Prices m/m,Medium,0.1%,-0.1%,
2018-08-14,3:30pm,USD,API Weekly Statistical Bulletin,Medium,,,
2018-08-15,All Day,EUR,Italian Bank Holiday,Low,,,
2018-08-15,3:30am,GBP,CPI y/y,High,2.5%,2.4%,
2018-08-15,3:30am,GBP,PPI Input m/m,Low,0.1%,0.3%,
2018-08-15,3:30am,GBP,RPI y/y,Low,3.4%,3.4%,
2018-08-15,3:30am,GBP,Core CPI y/y,Medium,1.9%,1.9%,
2018-08-15,3:30am,GBP,HPI y/y,Medium,2.7%,3.5%,
2018-08-15,3:30am,GBP,PPI Output m/m,Medium,0.1%,0.3%,
2018-08-15,4:32am,EUR,German 30-y Bond Auction,Medium,,1.02|1.7,
2018-08-15,7:30am,USD,Core Retail Sales m/m,High,0.3%,0.2%,
2018-08-15,7:30am,USD,Retail Sales m/m,High,0.1%,0.2%,
2018-08-15,7:30am,USD,Empire State Manufacturing Index,Low,20.1,22.6,
2018-08-15,7:30am,USD,Prelim Nonfarm Productivity q/q,Medium,2.4%,0.4%,
2018-08-15,7:30am,USD,Prelim Unit Labor Costs q/q,Medium,-0.1%,2.9%,
2018-08-15,8:15am,USD,Capacity Utilization Rate,Medium,78.2%,78.1%,
2018-08-15,8:15am,USD,Industrial Production m/m,Medium,0.3%,1.0%,
2018-08-15,9:00am,USD,Business Inventories m/m,Medium,0.2%,0.3%,
2018-08-15,9:00am,USD,NAHB Housing Market Index,Medium,67,68,
2018-08-15,9:30am,USD,Crude Oil Inventories,High,-2.6M,-1.4M,
2018-08-15,3:00pm,USD,TIC Long-Term Purchases,Medium,32.3B,45.5B,
2018-08-15,6:50pm,JPY,Trade Balance,Medium,0.02T,0.08T,
2018-08-16,3:30am,GBP,Retail Sales m/m,High,0.2%,-0.5%,
2018-08-16,4:00am,EUR,Trade Balance,Medium,17.0B,16.9B,
2018-08-16,7:30am,USD,Building Permits,Low,1.31M,1.29M,
2018-08-16,7:30am,USD,Housing Starts,Low,1.27M,1.16M,
2018-08-16,7:30am,USD,Philly Fed Manufacturing Index,Low,21.9,25.7,
2018-08-16,7:30am,USD,Unemployment Claims,Medium,215K,214K,
2018-08-16,8:30am,GBP,CB Leading Index m/m,Medium,,0.0%,
2018-08-16,9:00am,USD,Mortgage Delinquencies,Medium,,4.63%,
2018-08-16,9:30am,USD,Natural Gas Storage,Medium,30B,46B,
2018-08-17,3:00am,EUR,Current Account,Medium,23.2B,24.4B,
2018-08-17,4:00am,EUR,Final CPI y/y,Low,2.1%,2.1%,
2018-08-17,4:00am,EUR,Final Core CPI y/y,Medium,1.1%,1.1%,
2018-08-17,9:00am,USD,Prelim UoM Consumer Sentiment,Low,98.1,97.9,
2018-08-17,9:00am,USD,CB Leading Index m/m,Medium,0.4%,0.5%,
2018-08-17,9:00am,USD,Prelim UoM Inflation Expectations,Medium,,2.9%,
2018-08-20,5:00am,EUR,German Buba Monthly Report,Medium,,,
2018-08-20,10:00am,USD,FOMC Member Bostic Speaks,Low,,,
2018-08-20,11:00am,EUR,German Buba President Weidmann Speaks,Low,,,
2018-08-21,3:30am,GBP,Public Sector Net Borrowing,Low,-2.1B,3.3B,
2018-08-21,5:00am,GBP,CBI Industrial Order Expectations,Medium,10,11,
2018-08-21,3:30pm,USD,API Weekly Statistical Bulletin,Medium,,,
2018-08-21,11:30pm,JPY,All Industries Activity m/m,Medium,-0.7%,0.1%,
2018-08-22,9:00am,USD,Existing Home Sales,Low,5.40M,5.38M,
2018-08-22,9:00am,USD,Prelim Benchmark Payrolls Revision,Low,,95K,
2018-08-22,9:30am,USD,Crude Oil Inventories,High,-1.6M,6.8M,
2018-08-22,1:00pm,USD,FOMC Meeting Minutes,High,,,
2018-08-22,7:30pm,JPY,Flash Manufacturing PMI,Medium,52.4,52.3,
2018-08-23,ThuAug 23,EUR,French Flash Services PMI,Low,55.1,54.9,
2018-08-23,2:30am,EUR,German Buba President Weidmann Speaks,Low,,,
2018-08-23,2:30am,EUR,German Flash Manufacturing PMI,Low,56.5,56.9,
2018-08-23,2:30am,EUR,German Flash Services PMI,Low,54.3,54.1,
2018-08-23,3:00am,EUR,Flash Manufacturing PMI,Low,55.1,55.1,
2018-08-23,3:00am,EUR,Flash Services PMI,Low,54.4,54.2,
2018-08-23,5:00am,GBP,CBI Realized Sales,Medium,13,20,
2018-08-23,6:30am,EUR,ECB Monetary Policy Meeting Accounts,Low,,,
2018-08-23,7:30am,USD,Unemployment Claims,Medium,215K,212K,
2018-08-23,8:00am,USD,HPI m/m,Medium,0.3%,0.4%,
2018-08-23,8:45am,USD,Flash Manufacturing PMI,Medium,55.1,55.3,
2018-08-23,8:45am,USD,Flash Services PMI,Medium,55.9,56.0,
2018-08-23,9:00am,EUR,Consumer Confidence,Medium,-1,-1,
2018-08-23,9:00am,USD,New Home Sales,Medium,643K,638K,
2018-08-23,9:30am,USD,Natural Gas Storage,Medium,47B,33B,
2018-08-23,6:30pm,JPY,National Core CPI y/y,Medium,0.9%,0.8%,
2018-08-23,6:50pm,JPY,SPPI y/y,Medium,1.2%,1.1%,
2018-08-24,3:30am,GBP,High Street Lending,Medium,40.6K,40.3K,
2018-08-24,7:30am,USD,Core Durable Goods Orders m/m,High,0.5%,0.2%,
2018-08-24,7:30am,USD,Durable Goods Orders m/m,Low,-0.7%,0.8%,
2018-08-24,7:59am,EUR,Belgian NBB Business Climate,Medium,-0.5,-1.3,
2018-08-24,9:00am,USD,Fed Chairman Powell Speaks,High,,,
2018-08-24,11:55am,GBP,MPC Member Haldane Speaks,Low,,,
2018-08-27,3:00am,EUR,German ifo Business Climate,Low,101.9,101.7,
2018-08-27,10:00am,USD,President Trump Speaks,High,,,
2018-08-28,3:00am,EUR,M3 Money Supply y/y,Medium,4.3%,4.5%,
2018-08-28,3:00am,EUR,Private Loans y/y,Medium,3.0%,3.0%,
2018-08-28,7:30am,USD,Goods Trade Balance,Medium,-68.6B,-67.9B,
2018-08-28,7:30am,USD,Prelim Wholesale Inventories m/m,Medium,0.1%,0.1%,
2018-08-28,8:00am,USD,S&P/CS Composite-20 HPI y/y,Medium,6.4%,6.5%,
2018-08-28,9:00am,USD,CB Consumer Confidence,Low,126.6,127.9,
2018-08-28,9:00am,USD,Richmond Manufacturing Index,Medium,18,20,
2018-08-28,3:30pm,USD,API Weekly Statistical Bulletin,Medium,,,
2018-08-28,6:01pm,GBP,BRC Shop Price Index y/y,Medium,,-0.3%,
2018-08-29,1:00am,EUR,German GfK Consumer Climate,Medium,10.6,10.6,
2018-08-29,1:45am,EUR,French Consumer Spending m/m,Medium,0.3%,0.3%,
2018-08-29,1:45am,EUR,French Prelim GDP q/q,Medium,0.2%,0.2%,
2018-08-29,3:00am,CHF,UBS Economic Expectations,Medium,,-4.0,
2018-08-29,7:30am,USD,Prelim GDP q/q,High,4.0%,4.1%,
2018-08-29,7:30am,USD,Prelim GDP Price Index q/q,Medium,3.0%,3.0%,
2018-08-29,9:00am,USD,Pending Home Sales m/m,Medium,0.3%,1.0%,
2018-08-29,9:30am,USD,Crude Oil Inventories,High,-0.7M,-5.8M,
2018-08-29,6:50pm,JPY,Retail Sales y/y,Medium,1.3%,1.7%,
2018-08-30,All Day,EUR,German Prelim CPI m/m,Low,0.1%,0.3%,
2018-08-30,2:00am,CHF,KOF Economic Barometer,Low,101.2,101.7,
2018-08-30,2:00am,EUR,Spanish Flash CPI y/y,Low,2.2%,2.2%,
2018-08-30,2:55am,EUR,German Unemployment Change,Medium,-8K,-6K,
2018-08-30,3:30am,GBP,M4 Money Supply m/m,Medium,0.2%,-0.3%,
2018-08-30,3:30am,GBP,Mortgage Approvals,Medium,65K,65K,
2018-08-30,3:30am,GBP,Net Lending to Individuals m/m,Medium,5.5B,5.4B,
2018-08-30,4:23am,EUR,Italian 10-y Bond Auction,Medium,,2.87|1.4,
2018-08-30,7:30am,USD,Core PCE Price Index m/m,Low,0.2%,0.1%,
2018-08-30,7:30am,USD,Personal Spending m/m,Low,0.4%,0.4%,
2018-08-30,7:30am,USD,Personal Income m/m,Medium,0.3%,0.4%,
2018-08-30,7:30am,USD,Unemployment Claims,Medium,214K,210K,
2018-08-30,9:30am,USD,Natural Gas Storage,Medium,58B,48B,
2018-08-30,12:30pm,EUR,German Buba President Weidmann Speaks,Low,,,
2018-08-30,6:01pm,GBP,GfK Consumer Confidence,Medium,-10,-10,
2018-08-30,6:30pm,JPY,Tokyo Core CPI y/y,Medium,0.8%,0.8%,
2018-08-30,6:30pm,JPY,Unemployment Rate,Medium,2.4%,2.4%,
2018-08-30,6:50pm,JPY,Prelim Industrial Production m/m,Medium,0.3%,-1.8%,
2018-08-31,12:59am,GBP,Nationwide HPI m/m,Medium,0.1%,0.7%,
2018-08-31,1:00am,EUR,German Retail Sales m/m,Low,-0.1%,0.9%,
2018-08-31,1:45am,EUR,French Prelim CPI m/m,Medium,0.5%,-0.1%,
2018-08-31,3:00am,EUR,Italian Monthly Unemployment Rate,Medium,10.8%,10.8%,
2018-08-31,4:00am,EUR,Core CPI Flash Estimate y/y,Low,1.1%,1.1%,
2018-08-31,4:00am,EUR,CPI Flash Estimate y/y,Low,2.1%,2.1%,
2018-08-31,4:00am,EUR,Italian Prelim CPI m/m,Medium,0.2%,0.3%,
2018-08-31,4:00am,EUR,Unemployment Rate,Medium,8.2%,8.2%,
2018-08-31,8:45am,USD,Chicago PMI,Low,63.0,65.5,
2018-08-31,9:00am,USD,Revised UoM Consumer Sentiment,Medium,95.5,95.3,
2018-08-31,9:00am,USD,Revised UoM Inflation Expectations,Medium,,2.9%,
2018-09-02,6:50pm,JPY,Capital Spending q/y,Medium,6.6%,3.4%,
2018-09-02,7:30pm,JPY,Final Manufacturing PMI,Medium,52.5,52.5,
2018-09-03,2:15am,CHF,Retail Sales y/y,Medium,1.2%,0.2%,
2018-09-03,2:15am,EUR,Spanish Manufacturing PMI,Medium,52.5,52.9,
2018-09-03,2:30am,CHF,Manufacturing PMI,Medium,61.0,61.9,
2018-09-03,2:45am,EUR,Italian Manufacturing PMI,Medium,51.2,51.5,
2018-09-03,2:50am,EUR,French Final Manufacturing PMI,Medium,53.7,53.7,
2018-09-03,2:55am,EUR,German Final Manufacturing PMI,Medium,56.1,56.1,
2018-09-03,3:00am,EUR,Final Manufacturing PMI,Medium,54.6,54.6,
2018-09-03,3:30am,GBP,Final Manufacturing PMI,High,53.9,53.8,
2018-09-03,All Day,USD,Bank Holiday,Low,,,
2018-09-03,12:15pm,EUR,German Buba President Weidmann Speaks,Low,,,
2018-09-03,6:01pm,GBP,BRC Retail Sales Monitor y/y,Medium,1.2%,0.5%,
2018-09-03,6:50pm,JPY,Monetary Base y/y,Medium,6.3%,7.0%,
2018-09-04,2:15am,CHF,CPI m/m,Medium,0.0%,-0.2%,
2018-09-04,3:30am,GBP,Construction PMI,Low,54.9,55.8,
2018-09-04,4:00am,EUR,PPI m/m,Medium,0.3%,0.4%,
2018-09-04,7:15am,GBP,Monetary Policy Report Hearings,High,,,
2018-09-04,8:45am,USD,Final Manufacturing PMI,Medium,54.5,54.5,
2018-09-04,9:00am,USD,ISM Manufacturing PMI,High,57.6,58.1,
2018-09-04,9:00am,USD,Construction Spending m/m,Medium,0.5%,-0.8%,
2018-09-04,9:00am,USD,ISM Manufacturing Prices,Medium,74.0,73.2,
2018-09-04,9:02am,USD,RCM/TIPP Economic Optimism,Medium,57.2,58.0,
2018-09-04,All Day,USD,Wards Total Vehicle Sales,Medium,16.8M,16.7M,
2018-09-04,All Day,USD,Total Vehicle Sales,Medium,16.7M,16.8M,
2018-09-04,10:35pm,JPY,10-y Bond Auction,Medium,,0.13|4.2,
2018-09-05,2:45am,EUR,Italian Services PMI,Medium,53.2,54.0,
2018-09-05,2:50am,EUR,French Final Services PMI,Medium,55.7,55.7,
2018-09-05,2:55am,EUR,German Final Services PMI,Medium,55.2,55.2,
2018-09-05,3:00am,EUR,Final Services PMI,Medium,54.4,54.4,
2018-09-05,3:30am,GBP,Final Services PMI,High,53.9,53.5,
2018-09-05,4:00am,EUR,Retail Sales m/m,Medium,-0.1%,0.3%,
2018-09-05,7:30am,USD,Trade Balance,Medium,-50.2B,-45.7B,
2018-09-05,3:30pm,USD,API Weekly Statistical Bulletin,Medium,,,
2018-09-05,5:30pm,USD,FOMC Member Bostic Speaks,Low,,,
2018-09-06,1:00am,EUR,German Factory Orders m/m,Medium,1.8%,-3.9%,
2018-09-06,3:54am,EUR,Spanish 10-y Bond Auction,Medium,,1.42|1.5,
2018-09-06,4:04am,EUR,French 10-y Bond Auction,Medium,,0.74|2.0,
2018-09-06,6:30am,USD,Challenger Job Cuts y/y,Medium,,-4.2%,
2018-09-06,7:15am,USD,ADP Non-Farm Employment Change,High,195K,217K,
2018-09-06,7:30am,USD,Revised Nonfarm Productivity q/q,Medium,2.9%,2.9%,
2018-09-06,7:30am,USD,Revised Unit Labor Costs q/q,Medium,-0.9%,-0.9%,
2018-09-06,7:30am,USD,Unemployment Claims,Medium,214K,213K,
2018-09-06,8:45am,USD,Final Services PMI,Medium,55.2,55.2,
2018-09-06,9:00am,USD,ISM Services PMI,High,56.8,55.7,
2018-09-06,9:00am,USD,FOMC Member Williams Speaks,Low,,,
2018-09-06,9:00am,USD,Factory Orders m/m,Medium,-0.5%,0.6%,
2018-09-06,9:30am,USD,Natural Gas Storage,Medium,60B,70B,
2018-09-06,10:00am,USD,Crude Oil Inventories,High,-2.2M,-2.6M,
2018-09-06,11:30am,CHF,Gov Board Member Zurbrugg Speaks,Low,,,
2018-09-06,6:30pm,JPY,Household Spending y/y,Medium,-0.9%,-1.2%,
2018-09-06,7:00pm,JPY,Average Cash Earnings y/y,Low,2.4%,3.3%,
2018-09-07,12:45am,CHF,Unemployment Rate,Medium,2.6%,2.6%,
2018-09-07,1:00am,EUR,German Industrial Production m/m,Medium,0.2%,-0.7%,
2018-09-07,1:00am,EUR,German Trade Balance,Medium,19.1B,19.3B,
2018-09-07,1:45am,EUR,French Gov Budget Balance,Medium,,-58.9B,
2018-09-07,1:45am,EUR,French Industrial Production m/m,Medium,0.2%,0.7%,
2018-09-07,1:45am,EUR,French Trade Balance,Medium,-5.7B,-6.1B,
2018-09-07,2:00am,CHF,Foreign Currency Reserves,Medium,,750B,
2018-09-07,2:30am,GBP,Halifax HPI m/m,Medium,-0.1%,1.2%,
2018-09-07,3:00am,EUR,Italian Retail Sales m/m,Medium,0.2%,-0.1%,
2018-09-07,3:30am,GBP,Consumer Inflation Expectations,Medium,,2.9%,
2018-09-07,4:00am,EUR,Revised GDP q/q,Medium,0.4%,0.4%,
2018-09-07,All Day,EUR,Eurogroup Meetings,Medium,,,
2018-09-07,7:30am,USD,Average Hourly Earnings m/m,High,0.2%,0.3%,
2018-09-07,7:30am,USD,Non-Farm Employment Change,High,191K,147K,
2018-09-07,7:30am,USD,Unemployment Rate,High,3.8%,3.9%,
2018-09-09,6:50pm,JPY,Bank Lending y/y,Medium,2.0%,2.0%,
2018-09-09,6:50pm,JPY,Current Account,Medium,1.56T,1.76T,
2018-09-09,6:50pm,JPY,Final GDP Price Index y/y,Medium,0.1%,0.1%,
2018-09-09,6:50pm,JPY,Final GDP q/q,Medium,0.7%,0.5%,
2018-09-10,3:30am,EUR,Sentix Investor Confidence,Medium,13.8,14.7,
2018-09-10,3:30am,GBP,GDP m/m,High,0.2%,0.1%,
2018-09-10,3:30am,GBP,Manufacturing Production m/m,High,0.2%,0.4%,
2018-09-10,3:30am,GBP,Goods Trade Balance,Low,-11.7B,-10.7B,
2018-09-10,3:30am,GBP,Construction Output m/m,Medium,-0.4%,1.4%,
2018-09-10,3:30am,GBP,Index of Services 3m/3m,Medium,0.5%,0.5%,
2018-09-10,3:30am,GBP,Industrial Production m/m,Medium,0.2%,0.4%,
2018-09-10,8:17am,GBP,NIESR GDP Estimate,Medium,,0.6%,
2018-09-10,11:15am,USD,FOMC Member Bostic Speaks,Low,,,
2018-09-10,2:00pm,USD,Consumer Credit m/m,Medium,14.5B,8.5B,
2018-09-10,6:50pm,JPY,M2 Money Stock y/y,Medium,3.0%,2.9%,
2018-09-10,11:00pm,JPY,30-y Bond Auction,Medium,,0.85|4.7,
2018-09-10,11:30pm,JPY,Tertiary Industry Activity m/m,Medium,0.1%,-0.6%,
2018-09-11,12:58am,JPY,Prelim Machine Tool Orders y/y,Medium,,13.1%,
2018-09-11,3:30am,GBP,Average Earnings Index 3m/y,High,2.4%,2.4%,
2018-09-11,3:30am,GBP,Claimant Count Change,Low,6.9K,10.2K,
2018-09-11,3:30am,GBP,Unemployment Rate,Low,4.0%,4.0%,
2018-09-11,4:00am,EUR,German ZEW Economic Sentiment,Low,-13.5,-13.7,
2018-09-11,4:00am,EUR,Final Employment Change q/q,Medium,0.4%,0.4%,
2018-09-11,4:00am,EUR,ZEW Economic Sentiment,Medium,-10.9,-11.1,
2018-09-11,4:37am,GBP,30-y Bond Auction,Medium,,1.94|2.1,
2018-09-11,4:51am,USD,NFIB Small Business Index,Medium,108.1,107.9,
2018-09-11,9:00am,USD,Final Wholesale Inventories m/m,Medium,0.7%,0.7%,
2018-09-11,9:00am,USD,JOLTS Job Openings,Medium,6.68M,6.82M,
2018-09-11,3:30pm,USD,API Weekly Statistical Bulletin,Medium,,,
2018-09-11,6:50pm,JPY,BSI Manufacturing Index,Medium,8.0,-3.2,
2018-09-12,4:00am,EUR,Industrial Production m/m,Medium,-0.5%,-0.8%,
2018-09-12,4:00am,EUR,Italian Quarterly Unemployment Rate,Medium,10.8%,11.0%,
2018-09-12,4:35am,EUR,German 30-y Bond Auction,Medium,,0.94|1.6,
2018-09-12,7:30am,USD,PPI m/m,High,0.2%,0.0%,
2018-09-12,7:30am,USD,Core PPI m/m,Low,0.2%,0.1%,
2018-09-12,9:30am,USD,Crude Oil Inventories,High,-1.3M,-4.3M,
2018-09-12,11:45am,USD,FOMC Member Brainard Speaks,Low,,,
2018-09-12,12:01pm,USD,10-y Bond Auction,Medium,,2.96|2.5,
2018-09-12,1:00pm,USD,Beige Book,Medium,,,
2018-09-12,6:01pm,GBP,RICS House Price Balance,Medium,2%,4%,
2018-09-12,6:50pm,JPY,Core Machinery Orders m/m,Medium,5.6%,-8.8%,
2018-09-12,6:50pm,JPY,PPI y/y,Medium,3.1%,3.0%,
2018-09-13,1:45am,EUR,French Final CPI m/m,Medium,0.5%,0.5%,
2018-09-13,2:15am,CHF,PPI m/m,Medium,0.0%,0.1%,
2018-09-13,6:00am,GBP,Monetary Policy Summary,High,,,
2018-09-13,6:00am,GBP,MPC Official Bank Rate Votes,High,0-0-9,9-0-0,
2018-09-13,6:00am,GBP,Official Bank Rate,Low,0.75%,0.75%,
2018-09-13,6:00am,GBP,Asset Purchase Facility,Medium,435B,435B,
2018-09-13,6:00am,GBP,MPC Asset Purchase Facility Votes,Medium,0-0-9,0-0-9,
2018-09-13,6:45am,EUR,Main Refinancing Rate,High,0.00%,0.00%,
2018-09-13,6:45am,EUR,Monetary Policy Statement,High,,,
2018-09-13,7:30am,EUR,ECB Press Conference,High,,,
2018-09-13,7:30am,USD,Core CPI m/m,High,0.2%,0.2%,
2018-09-13,7:30am,USD,CPI m/m,High,0.3%,0.2%,
2018-09-13,7:30am,USD,CPI y/y,High,2.8%,2.9%,
2018-09-13,7:30am,USD,Unemployment Claims,Medium,210K,205K,
2018-09-13,9:30am,USD,Natural Gas Storage,Medium,65B,63B,
2018-09-13,12:00pm,USD,FOMC Member Bostic Speaks,Low,,,
2018-09-13,12:01pm,USD,30-y Bond Auction,Medium,,3.09|2.3,
2018-09-13,1:00pm,USD,Federal Budget Balance,Medium,-169.8B,-76.9B,
2018-09-13,11:30pm,JPY,Revised Industrial Production m/m,Medium,-0.1%,-0.1%,
2018-09-14,5:00am,GBP,BOE Gov Carney Speaks,High,,,
2018-09-14,7:30am,USD,Core Retail Sales m/m,High,0.5%,0.9%,
2018-09-14,7:30am,USD,Retail Sales m/m,High,0.4%,0.7%,
2018-09-14,7:30am,USD,Import Prices m/m,Medium,-0.2%,-0.1%,
2018-09-14,8:15am,USD,Capacity Utilization Rate,Medium,78.3%,77.9%,
2018-09-14,8:15am,USD,Industrial Production m/m,Medium,0.3%,0.4%,
2018-09-14,9:00am,USD,Prelim UoM Consumer Sentiment,Low,96.7,96.2,
2018-09-14,9:00am,USD,Business Inventories m/m,Medium,0.5%,0.1%,
2018-09-14,9:00am,USD,Prelim UoM Inflation Expectations,Medium,,3.0%,
2018-09-16,6:01pm,GBP,Rightmove HPI m/m,Medium,,-2.3%,
2018-09-16,All Day,JPY,Bank Holiday,Low,,,
2018-09-17,4:00am,EUR,Final CPI y/y,Low,2.0%,2.0%,
2018-09-17,4:00am,EUR,Final Core CPI y/y,Medium,1.0%,1.0%,
2018-09-17,5:00am,EUR,German Buba Monthly Report,Medium,,,
2018-09-17,7:30am,USD,Empire State Manufacturing Index,Low,23.2,25.6,
2018-09-17,8:30am,GBP,CB Leading Index m/m,Medium,,-0.2%,
2018-09-18,9:00am,USD,NAHB Housing Market Index,Medium,66,67,
2018-09-18,3:00pm,USD,TIC Long-Term Purchases,Medium,65.1B,-36.5B,
2018-09-18,3:30pm,USD,API Weekly Statistical Bulletin,Medium,,,
2018-09-18,6:50pm,JPY,Trade Balance,Medium,-0.14T,-0.10T,
2018-09-18,9:47pm,JPY,Monetary Policy Statement,High,,,
2018-09-18,9:47pm,JPY,BOJ Policy Rate,Low,-0.10%,-0.10%,
2018-09-19,1:30am,JPY,BOJ Press Conference,High,,,
2018-09-19,3:00am,EUR,Current Account,Medium,22.4B,23.8B,
2018-09-19,3:00am,GBP,MPC Member Haldane Speaks,Low,,,
2018-09-19,3:30am,GBP,CPI y/y,High,2.4%,2.5%,
2018-09-19,3:30am,GBP,PPI Input m/m,Low,0.4%,0.0%,
2018-09-19,3:30am,GBP,RPI y/y,Low,3.2%,3.2%,
2018-09-19,3:30am,GBP,Core CPI y/y,Medium,1.8%,1.9%,
2018-09-19,3:30am,GBP,HPI y/y,Medium,2.8%,3.2%,
2018-09-19,3:30am,GBP,PPI Output m/m,Medium,0.2%,0.0%,
2018-09-19,4:34am,EUR,German 10-y Bond Auction,Medium,,0.33|1.2,
2018-09-19,7:30am,USD,Building Permits,Low,1.31M,1.30M,
2018-09-19,7:30am,USD,Housing Starts,Low,1.24M,1.17M,
2018-09-19,7:30am,USD,Current Account,Medium,-104B,-122B,
2018-09-19,8:00am,EUR,ECB President Draghi Speaks,High,,,
2018-09-19,9:30am,USD,Crude Oil Inventories,High,-2.7M,-5.3M,
2018-09-20,2:30am,CHF,SNB Monetary Policy Assessment,High,,,
2018-09-20,2:30am,CHF,Libor Rate,Low,-0.75%,-0.75%,
2018-09-20,3:30am,GBP,Retail Sales m/m,High,-0.2%,0.9%,
2018-09-20,3:50am,EUR,Spanish 10-y Bond Auction,Medium,,1.43|1.4,
2018-09-20,4:35am,GBP,10-y Bond Auction,Medium,,1.46|2.2,
2018-09-20,7:30am,USD,Philly Fed Manufacturing Index,Low,17.5,11.9,
2018-09-20,7:30am,USD,Unemployment Claims,Medium,210K,204K,
2018-09-20,8:57am,EUR,Consumer Confidence,Medium,-2,-2,
2018-09-20,9:00am,USD,CB Leading Index m/m,Medium,0.5%,0.7%,
2018-09-20,9:00am,USD,Existing Home Sales,Medium,5.36M,5.34M,
2018-09-20,9:30am,USD,Natural Gas Storage,Medium,81B,69B,
2018-09-20,10:15am,EUR,German Buba President Weidmann Speaks,Low,,,
2018-09-20,6:30pm,JPY,National Core CPI y/y,Medium,0.9%,0.8%,
2018-09-20,7:30pm,JPY,Flash Manufacturing PMI,Medium,53.1,52.5,
2018-09-20,11:30pm,JPY,All Industries Activity m/m,Medium,0.2%,-0.9%,
2018-09-21,FriSep 21,EUR,French Flash Services PMI,Low,55.2,55.4,
2018-09-21,2:30am,EUR,German Flash Manufacturing PMI,Low,55.7,55.9,
2018-09-21,2:30am,EUR,German Flash Services PMI,Low,55.1,55.0,
2018-09-21,3:00am,EUR,Flash Manufacturing PMI,Low,54.4,54.6,
2018-09-21,3:00am,EUR,Flash Services PMI,Low,54.5,54.4,
2018-09-21,3:30am,GBP,Public Sector Net Borrowing,Low,2.9B,-3.9B,
2018-09-21,8:03am,GBP,Prime Minister May Speaks,High,,,
2018-09-21,8:45am,USD,Flash Manufacturing PMI,Medium,55.1,54.7,
2018-09-21,8:45am,USD,Flash Services PMI,Medium,54.9,54.8,
2018-09-23,All Day,JPY,Bank Holiday,Low,,,
2018-09-24,5:00am,GBP,CBI Industrial Order Expectations,Medium,5,7,
2018-09-24,7:58am,EUR,Belgian NBB Business Climate,Medium,-0.5,-0.3,
2018-09-24,8:00am,EUR,ECB President Draghi Speaks,High,,,
2018-09-24,6:50pm,JPY,Monetary Policy Meeting Minutes,Medium,,,
2018-09-24,6:50pm,JPY,SPPI y/y,Medium,1.1%,1.1%,
2018-09-25,1:00am,EUR,German WPI m/m,Medium,0.2%,0.1%,
2018-09-25,3:40am,GBP,MPC Member Vlieghe Speaks,Low,,,
2018-09-25,8:00am,USD,HPI m/m,Medium,0.2%,0.3%,
2018-09-25,8:00am,USD,S&P/CS Composite-20 HPI y/y,Medium,6.2%,6.4%,
2018-09-25,9:00am,USD,CB Consumer Confidence,High,132.2,134.7,
2018-09-25,9:00am,USD,Richmond Manufacturing Index,Medium,22,24,
2018-09-25,3:30pm,USD,API Weekly Statistical Bulletin,Medium,,,
2018-09-26,3:00am,CHF,UBS Economic Expectations,Medium,,-14.3,
2018-09-26,3:30am,GBP,High Street Lending,Medium,39.7K,39.6K,
2018-09-26,5:00am,GBP,CBI Realized Sales,Medium,18,29,
2018-09-26,8:00am,CHF,SNB Quarterly Bulletin,Medium,,,
2018-09-26,9:00am,USD,New Home Sales,Medium,630K,608K,
2018-09-26,9:30am,USD,Crude Oil Inventories,High,-0.7M,-2.1M,
2018-09-26,1:00pm,USD,Federal Funds Rate,High,2.25%,2.00%,
2018-09-26,1:00pm,USD,FOMC Economic Projections,High,,,
2018-09-26,1:00pm,USD,FOMC Statement,High,,,
2018-09-26,1:30pm,USD,FOMC Press Conference,High,,,
2018-09-27,All Day,EUR,German Prelim CPI m/m,Low,0.1%,0.1%,
2018-09-27,3:00am,EUR,M3 Money Supply y/y,Low,3.8%,4.0%,
2018-09-27,3:00am,EUR,ECB Economic Bulletin,Medium,,,
2018-09-27,3:00am,EUR,Private Loans y/y,Medium,3.1%,3.0%,
2018-09-27,4:23am,EUR,Italian 10-y Bond Auction,Medium,,3.25|1.4,
2018-09-27,7:30am,USD,Core Durable Goods Orders m/m,High,0.4%,0.1%,
2018-09-27,7:30am,USD,Final GDP q/q,High,4.2%,4.2%,
2018-09-27,7:30am,USD,Durable Goods Orders m/m,Low,1.9%,-1.2%,
2018-09-27,7:30am,USD,Final GDP Price Index q/q,Medium,3.0%,3.0%,
2018-09-27,7:30am,USD,Goods Trade Balance,Medium,-70.6B,-72.0B,
2018-09-27,7:30am,USD,Prelim Wholesale Inventories m/m,Medium,0.3%,0.6%,
2018-09-27,7:30am,USD,Unemployment Claims,Medium,208K,202K,
2018-09-27,8:30am,EUR,ECB President Draghi Speaks,High,,,
2018-09-27,9:00am,GBP,BOE Gov Carney Speaks,High,,,
2018-09-27,9:00am,USD,Pending Home Sales m/m,Medium,-0.2%,-0.8%,
2018-09-27,9:30am,USD,Natural Gas Storage,Medium,64B,86B,
2018-09-27,3:30pm,USD,Fed Chairman Powell Speaks,High,,,
2018-09-27,6:01pm,GBP,GfK Consumer Confidence,Medium,-8,-7,
2018-09-27,6:30pm,JPY,Tokyo Core CPI y/y,Medium,0.9%,0.9%,
2018-09-27,6:30pm,JPY,Unemployment Rate,Medium,2.5%,2.5%,
2018-09-27,6:50pm,JPY,BOJ Summary of Opinions,Medium,,,
2018-09-27,6:50pm,JPY,Prelim Industrial Production m/m,Medium,1.5%,-0.2%,
2018-09-27,6:50pm,JPY,Retail Sales y/y,Medium,2.2%,1.5%,
2018-09-28,1:45am,EUR,French Consumer Spending m/m,Medium,0.3%,0.0%,
2018-09-28,1:45am,EUR,French Prelim CPI m/m,Medium,-0.1%,0.5%,
2018-09-28,2:00am,CHF,KOF Economic Barometer,Low,100.1,98.9,
2018-09-28,2:00am,EUR,Spanish Flash CPI y/y,Low,2.2%,2.2%,
2018-09-28,2:55am,EUR,German Unemployment Change,Medium,-9K,-10K,
2018-09-28,3:30am,GBP,Current Account,High,-19.4B,-15.7B,
2018-09-28,3:30am,GBP,Final GDP q/q,Low,0.4%,0.4%,
2018-09-28,3:30am,GBP,Revised Business Investment q/q,Medium,0.5%,0.5%,
2018-09-28,4:00am,EUR,Core CPI Flash Estimate y/y,Low,1.1%,1.0%,
2018-09-28,4:00am,EUR,CPI Flash Estimate y/y,Low,2.1%,2.0%,
2018-09-28,4:00am,EUR,Italian Prelim CPI m/m,Medium,-0.2%,0.4%,
2018-09-28,7:30am,USD,Core PCE Price Index m/m,Low,0.1%,0.2%,
2018-09-28,7:30am,USD,Personal Spending m/m,Low,0.3%,0.4%,
2018-09-28,7:30am,USD,Personal Income m/m,Medium,0.4%,0.3%,
2018-09-28,8:20am,GBP,MPC Member Ramsden Speaks,Low,,,
2018-09-28,8:45am,USD,Chicago PMI,Low,62.3,63.6,
2018-09-28,9:00am,USD,Revised UoM Consumer Sentiment,Low,100.5,100.8,
2018-09-28,9:00am,USD,Revised UoM Inflation Expectations,Medium,,2.8%,
2018-09-30,6:50pm,JPY,Tankan Manufacturing Index,Medium,22,21,
2018-09-30,6:50pm,JPY,Tankan Non-Manufacturing Index,Medium,23,24,
2018-09-30,7:30pm,JPY,Final Manufacturing PMI,Medium,52.9,52.9,
2018-10-01,2:15am,CHF,Retail Sales y/y,Medium,0.4%,-0.9%,
2018-10-01,2:15am,EUR,Spanish Manufacturing PMI,Medium,52.7,53.0,
2018-10-01,2:30am,CHF,Manufacturing PMI,Medium,62.6,64.8,
2018-10-01,2:45am,EUR,Italian Manufacturing PMI,Medium,50.3,50.1,
2018-10-01,2:50am,EUR,French Final Manufacturing PMI,Medium,52.5,52.5,
2018-10-01,2:55am,EUR,German Final Manufacturing PMI,Medium,53.7,53.7,
2018-10-01,3:00am,EUR,Final Manufacturing PMI,Medium,53.3,53.3,
2018-10-01,3:00am,EUR,Italian Monthly Unemployment Rate,Medium,10.5%,10.2%,
2018-10-01,3:30am,GBP,Final Manufacturing PMI,High,52.6,53.0,
2018-10-01,3:30am,GBP,Net Lending to Individuals m/m,Low,4.8B,3.8B,
2018-10-01,3:30am,GBP,M4 Money Supply m/m,Medium,0.6%,0.9%,
2018-10-01,3:30am,GBP,Mortgage Approvals,Medium,65K,65K,
2018-10-01,4:00am,EUR,Unemployment Rate,Medium,8.1%,8.2%,
2018-10-01,All Day,EUR,Eurogroup Meetings,Medium,,,
2018-10-01,8:00am,USD,FOMC Member Bostic Speaks,Low,,,
2018-10-01,8:45am,USD,Final Manufacturing PMI,Medium,55.6,55.6,
2018-10-01,9:00am,USD,ISM Manufacturing PMI,High,60.1,61.3,
2018-10-01,9:00am,USD,Construction Spending m/m,Medium,0.5%,0.2%,
2018-10-01,9:00am,USD,ISM Manufacturing Prices,Medium,72.0,72.1,
2018-10-01,10:00am,USD,President Trump Speaks,High,,,
2018-10-01,6:50pm,JPY,Monetary Base y/y,Medium,7.1%,6.9%,
2018-10-01,10:35pm,JPY,10-y Bond Auction,Medium,,0.11|4.5,
2018-10-02,12:57am,GBP,Nationwide HPI m/m,Medium,0.2%,-0.5%,
2018-10-02,2:00am,EUR,Spanish Unemployment Change,Medium,28.2K,47.0K,
2018-10-02,3:30am,GBP,Construction PMI,Low,52.8,52.9,
2018-10-02,4:00am,EUR,PPI m/m,Medium,0.2%,0.7%,
2018-10-02,All Day,EUR,ECOFIN Meetings,Medium,,,
2018-10-02,9:00am,USD,FOMC Member Quarles Speaks,Low,,,
2018-10-02,All Day,USD,Wards Total Vehicle Sales,Medium,16.8M,16.6M,
2018-10-02,All Day,USD,Total Vehicle Sales,Medium,16.8M,16.7M,
2018-10-02,11:45am,USD,Fed Chairman Powell Speaks,High,,,
2018-10-02,3:30pm,USD,API Weekly Statistical Bulletin,Medium,,,
2018-10-02,6:01pm,GBP,BRC Shop Price Index y/y,Medium,,0.1%,
2018-10-03,2:15am,EUR,Spanish Services PMI,Medium,52.9,52.7,
2018-10-03,2:45am,EUR,Italian Services PMI,Medium,52.8,52.6,
2018-10-03,2:50am,EUR,French Final Services PMI,Medium,54.3,54.3,
2018-10-03,2:55am,EUR,German Final Services PMI,Medium,56.5,56.5,
2018-10-03,3:00am,EUR,Final Services PMI,Medium,54.7,54.7,
2018-10-03,3:30am,GBP,Final Services PMI,High,54.0,54.3,
2018-10-03,4:00am,EUR,Retail Sales m/m,Medium,0.2%,-0.6%,
2018-10-03,7:05am,USD,FOMC Member Barkin Speaks,Low,,,
2018-10-03,7:15am,USD,ADP Non-Farm Employment Change,Low,185K,168K,
2018-10-03,8:45am,USD,Final Services PMI,Medium,52.9,52.9,
2018-10-03,9:00am,USD,ISM Services PMI,High,58.0,58.5,
2018-10-03,9:30am,USD,Crude Oil Inventories,Low,1.1M,1.9M,
2018-10-03,1:00pm,USD,FOMC Member Brainard Speaks,Low,,,
2018-10-03,1:15pm,USD,FOMC Member Mester Speaks,Low,,,
2018-10-03,3:00pm,USD,Fed Chairman Powell Speaks,High,,,
2018-10-04,4:02am,EUR,French 10-y Bond Auction,Medium,,0.71|1.9,
2018-10-04,6:30am,USD,Challenger Job Cuts y/y,Medium,,13.7%,
2018-10-04,7:00am,GBP,Housing Equity Withdrawal q/q,Medium,-6.5B,-7.1B,
2018-10-04,7:30am,USD,Unemployment Claims,Medium,214K,215K,
2018-10-04,8:15am,USD,FOMC Member Quarles Speaks,Low,,,
2018-10-04,9:00am,USD,Factory Orders m/m,Medium,2.2%,-0.5%,
2018-10-04,9:30am,USD,Natural Gas Storage,Medium,47B,46B,
2018-10-04,6:30pm,JPY,Household Spending y/y,Medium,0.0%,0.1%,
2018-10-04,7:00pm,JPY,Average Cash Earnings y/y,Low,1.3%,1.6%,
2018-10-05,1:00am,EUR,German Factory Orders m/m,Medium,0.7%,-0.9%,
2018-10-05,1:00am,EUR,German PPI m/m,Medium,0.2%,0.2%,
2018-10-05,1:45am,EUR,French Gov Budget Balance,Medium,,-82.8B,
2018-10-05,1:45am,EUR,French Trade Balance,Medium,-4.5B,-3.4B,
2018-10-05,2:00am,CHF,Foreign Currency Reserves,Medium,,731B,
2018-10-05,2:15am,CHF,CPI m/m,Medium,0.2%,0.0%,
2018-10-05,2:30am,GBP,Halifax HPI m/m,Medium,0.2%,-0.2%,
2018-10-05,3:00am,EUR,Italian Retail Sales m/m,Medium,0.2%,0.0%,
2018-10-05,7:30am,USD,Average Hourly Earnings m/m,High,0.3%,0.3%,
2018-10-05,7:30am,USD,Non-Farm Employment Change,High,185K,270K,
2018-10-05,7:30am,USD,Unemployment Rate,High,3.8%,3.9%,
2018-10-05,7:30am,USD,Trade Balance,Medium,-53.4B,-50.0B,
2018-10-05,11:40am,USD,FOMC Member Bostic Speaks,Medium,,,
2018-10-05,2:00pm,USD,Consumer Credit m/m,Medium,14.9B,16.6B,
2018-10-08,1:00am,EUR,German Industrial Production m/m,Medium,0.4%,-1.3%,
2018-10-08,3:30am,EUR,Sentix Investor Confidence,Medium,11.4,12.0,
2018-10-08,All Day,USD,Bank Holiday,Low,,,
2018-10-08,6:01pm,GBP,BRC Retail Sales Monitor y/y,Medium,0.3%,0.2%,
2018-10-08,6:50pm,JPY,Current Account,Medium,1.52T,1.48T,
2018-10-09,1:00am,EUR,German Trade Balance,Medium,15.9B,15.9B,
2018-10-09,3:30am,GBP,FPC Statement,Medium,,,
2018-10-09,4:40am,USD,NFIB Small Business Index,Medium,108.9,108.8,
2018-10-09,9:05am,USD,RCM/TIPP Economic Optimism,Medium,54.6,55.7,
2018-10-09,9:35am,GBP,MPC Member Broadbent Speaks,Low,,,
2018-10-09,6:50pm,JPY,Core Machinery Orders m/m,Medium,-3.9%,11.0%,
2018-10-09,8:10pm,USD,FOMC Member Williams Speaks,Low,,,
2018-10-10,1:45am,EUR,French Industrial Production m/m,Medium,0.1%,0.8%,
2018-10-10,3:00am,EUR,Italian Industrial Production m/m,Medium,0.7%,-1.6%,
2018-10-10,3:30am,GBP,GDP m/m,High,0.1%,0.4%,
2018-10-10,3:30am,GBP,Manufacturing Production m/m,High,0.1%,0.0%,
2018-10-10,3:30am,GBP,Construction Output m/m,Medium,-0.4%,0.5%,
2018-10-10,3:30am,GBP,Goods Trade Balance,Medium,-10.9B,-10.4B,
2018-10-10,3:30am,GBP,Index of Services 3m/3m,Medium,0.6%,0.7%,
2018-10-10,3:30am,GBP,Industrial Production m/m,Medium,0.1%,0.4%,
2018-10-10,4:00am,GBP,MPC Member Haldane Speaks,Low,,,
2018-10-10,4:33am,EUR,German 10-y Bond Auction,Medium,,0.49|2.5,
2018-10-10,7:30am,USD,PPI m/m,High,0.2%,-0.1%,
2018-10-10,7:30am,USD,Core PPI m/m,Low,0.2%,-0.1%,
2018-10-10,8:10am,GBP,NIESR GDP Estimate,Medium,,0.7%,
2018-10-10,9:00am,USD,Final Wholesale Inventories m/m,Medium,0.8%,0.8%,
2018-10-10,12:01pm,USD,10-y Bond Auction,Medium,,2.96|2.6,
2018-10-10,3:30pm,USD,API Weekly Statistical Bulletin,Medium,,,
2018-10-10,5:00pm,USD,FOMC Member Bostic Speaks,Low,,,
2018-10-10,6:01pm,GBP,RICS House Price Balance,Medium,2%,1%,
2018-10-10,6:50pm,JPY,Bank Lending y/y,Medium,2.1%,2.2%,
2018-10-10,6:50pm,JPY,PPI y/y,Medium,2.9%,3.0%,
2018-10-10,10:35pm,JPY,30-y Bond Auction,Medium,,0.84|4.2,
2018-10-11,1:45am,EUR,French Final CPI m/m,Medium,-0.2%,-0.2%,
2018-10-11,3:30am,GBP,BOE Credit Conditions Survey,Low,,,
2018-10-11,4:00am,GBP,BOE Gov Carney Speaks,High,,,
2018-10-11,5:45am,GBP,MPC Member Vlieghe Speaks,Low,,,
2018-10-11,6:30am,EUR,ECB Monetary Policy Meeting Accounts,Low,,,
2018-10-11,7:30am,USD,Core CPI m/m,High,0.2%,0.1%,
2018-10-11,7:30am,USD,CPI m/m,High,0.2%,0.2%,
2018-10-11,7:30am,USD,CPI y/y,High,2.4%,2.7%,
2018-10-11,7:30am,USD,Unemployment Claims,Medium,207K,207K,
2018-10-11,9:30am,USD,Natural Gas Storage,Medium,87B,98B,
2018-10-11,10:00am,USD,Crude Oil Inventories,Low,2.3M,8.0M,
2018-10-11,12:01pm,USD,30-y Bond Auction,Medium,,3.09|2.3,
2018-10-11,6:50pm,JPY,M2 Money Stock y/y,Medium,2.9%,2.9%,
2018-10-11,11:30pm,JPY,Tertiary Industry Activity m/m,Medium,0.3%,-0.1%,
2018-10-12,4:00am,EUR,Industrial Production m/m,Medium,0.4%,-0.7%,
2018-10-12,7:30am,USD,Import Prices m/m,Medium,0.3%,-0.4%,
2018-10-12,9:00am,USD,Prelim UoM Consumer Sentiment,Low,100.4,100.1,
2018-10-12,9:00am,USD,Prelim UoM Inflation Expectations,Medium,,2.7%,
2018-10-12,11:30am,USD,FOMC Member Bostic Speaks,Low,,,
2018-10-12,9:30pm,USD,FOMC Member Quarles Speaks,Low,,,
2018-10-14,6:01pm,GBP,Rightmove HPI m/m,Medium,,0.7%,
2018-10-14,11:30pm,JPY,Revised Industrial Production m/m,Medium,0.7%,0.7%,
2018-10-15,7:30am,USD,Core Retail Sales m/m,High,0.4%,0.2%,
2018-10-15,7:30am,USD,Retail Sales m/m,High,0.7%,0.1%,
2018-10-15,7:30am,USD,Empire State Manufacturing Index,Medium,20.4,19.0,
2018-10-15,9:00am,USD,Business Inventories m/m,Medium,0.5%,0.7%,
2018-10-15,9:34am,GBP,Prime Minister May Speaks,High,,,
2018-10-15,1:00pm,USD,Federal Budget Balance,Medium,71.0B,-214.1B,
2018-10-16,3:30am,GBP,Average Earnings Index 3m/y,High,2.6%,2.6%,
2018-10-16,3:30am,GBP,Unemployment Rate,Low,4.0%,4.0%,
2018-10-16,3:30am,GBP,Claimant Count Change,Medium,4.5K,14.2K,
2018-10-16,4:00am,EUR,Trade Balance,Medium,15.0B,12.6B,
2018-10-16,4:00am,EUR,ZEW Economic Sentiment,Medium,-9.2,-7.2,
2018-10-16,4:00am,EUR,German ZEW Economic Sentiment,Medium,-12.3,-10.6,
2018-10-16,5:04am,EUR,Italian Trade Balance,Medium,4.34B,5.66B,
2018-10-16,8:15am,USD,Capacity Utilization Rate,Medium,78.2%,78.1%,
2018-10-16,8:15am,USD,Industrial Production m/m,Medium,0.2%,0.4%,
2018-10-16,9:00am,USD,JOLTS Job Openings,Medium,6.90M,7.08M,
2018-10-16,9:00am,USD,NAHB Housing Market Index,Medium,68,67,
2018-10-16,3:00pm,USD,TIC Long-Term Purchases,Medium,50.3B,66.7B,
2018-10-16,3:15pm,USD,FOMC Member Daly Speaks,Low,,,
2018-10-16,3:30pm,USD,API Weekly Statistical Bulletin,Medium,,,
2018-10-17,3:30am,GBP,CPI y/y,High,2.6%,2.7%,
2018-10-17,3:30am,GBP,PPI Input m/m,Low,0.9%,1.2%,
2018-10-17,3:30am,GBP,RPI y/y,Low,3.5%,3.5%,
2018-10-17,3:30am,GBP,Core CPI y/y,Medium,2.0%,2.1%,
2018-10-17,3:30am,GBP,FPC Meeting Minutes,Medium,,,
2018-10-17,3:30am,GBP,HPI y/y,Medium,2.9%,3.4%,
2018-10-17,3:30am,GBP,PPI Output m/m,Medium,0.2%,0.2%,
2018-10-17,4:00am,EUR,Final Core CPI y/y,Medium,0.9%,0.9%,
2018-10-17,4:00am,EUR,Final CPI y/y,Medium,2.1%,2.1%,
2018-10-17,4:35am,EUR,German 30-y Bond Auction,Medium,,1.10|2.0,
2018-10-17,Day 1,EUR,EU Economic Summit,High,,,
2018-10-17,7:30am,USD,Building Permits,Low,1.27M,1.25M,
2018-10-17,7:30am,USD,Housing Starts,Low,1.22M,1.27M,
2018-10-17,8:15am,GBP,MPC Member Cunliffe Speaks,Low,,,
2018-10-17,8:30am,GBP,CB Leading Index m/m,Medium,,0.0%,
2018-10-17,9:30am,USD,Crude Oil Inventories,Low,1.6M,6.0M,
2018-10-17,11:10am,USD,FOMC Member Brainard Speaks,Low,,,
2018-10-17,11:30am,EUR,German Buba President Weidmann Speaks,Low,,,
2018-10-17,12:00pm,GBP,MPC Member Broadbent Speaks,Low,,,
2018-10-17,1:00pm,USD,FOMC Meeting Minutes,High,,,
2018-10-17,4:00pm,USD,Treasury Currency Report,Low,,,
2018-10-17,6:50pm,JPY,Trade Balance,Medium,-0.34T,-0.19T,
2018-10-17,7:30pm,JPY,BOJ Gov Kuroda Speaks,High,,,
2018-10-18,ThuOct 18,EUR,German WPI m/m,Medium,0.4%,0.3%,
2018-10-18,3:30am,GBP,Retail Sales m/m,High,-0.4%,0.4%,
2018-10-18,3:45am,EUR,Spanish 10-y Bond Auction,Medium,,1.54|2.4,
2018-10-18,Day 2,EUR,EU Economic Summit,High,,,
2018-10-18,7:30am,USD,Philly Fed Manufacturing Index,Low,19.7,22.9,
2018-10-18,7:30am,USD,Unemployment Claims,Medium,211K,215K,
2018-10-18,9:00am,USD,CB Leading Index m/m,Medium,0.5%,0.4%,
2018-10-18,9:30am,USD,Natural Gas Storage,Medium,85B,90B,
2018-10-18,11:15am,USD,FOMC Member Quarles Speaks,Low,,,
2018-10-18,6:30pm,JPY,National Core CPI y/y,Medium,1.0%,0.9%,
2018-10-19,3:00am,EUR,Current Account,Medium,21.4B,19.5B,
2018-10-19,3:30am,GBP,Public Sector Net Borrowing,Low,4.6B,4.8B,
2018-10-19,9:00am,USD,Existing Home Sales,Medium,5.29M,5.33M,
2018-10-19,11:00am,USD,FOMC Member Bostic Speaks,Low,,,
2018-10-19,11:10am,GBP,BOE Gov Carney Speaks,High,,,
2018-10-21,11:30pm,JPY,All Industries Activity m/m,Medium,0.4%,-0.2%,
2018-10-23,1:00am,EUR,German PPI m/m,Medium,0.3%,0.3%,
2018-10-23,5:00am,GBP,CBI Industrial Order Expectations,Medium,-1,-1,
2018-10-23,5:30am,GBP,MPC Member Haldane Speaks,Low,,,
2018-10-23,9:00am,EUR,Consumer Confidence,Medium,-3,-3,
2018-10-23,9:00am,USD,Richmond Manufacturing Index,Medium,25,29,
2018-10-23,10:20am,GBP,BOE Gov Carney Speaks,High,,,
2018-10-23,12:30pm,USD,FOMC Member Bostic Speaks,Low,,,
2018-10-23,3:30pm,USD,API Weekly Statistical Bulletin,Medium,,,
2018-10-23,7:30pm,JPY,Flash Manufacturing PMI,Medium,52.6,52.5,
2018-10-24,WedOct 24,EUR,French Flash Services PMI,Low,54.7,54.8,
2018-10-24,2:30am,EUR,German Flash Manufacturing PMI,Low,53.4,53.7,
2018-10-24,2:30am,EUR,German Flash Services PMI,Low,55.5,55.9,
2018-10-24,3:00am,EUR,Flash Manufacturing PMI,Low,53.0,53.2,
2018-10-24,3:00am,EUR,Flash Services PMI,Low,54.5,54.7,
2018-10-24,3:00am,EUR,M3 Money Supply y/y,Medium,3.5%,3.4%,
2018-10-24,3:00am,EUR,Private Loans y/y,Medium,3.2%,3.1%,
2018-10-24,3:30am,GBP,High Street Lending,Medium,39.0K,39.2K,
2018-10-24,8:00am,EUR,Belgian NBB Business Climate,Medium,0.5,1.2,
2018-10-24,8:00am,USD,HPI m/m,Medium,0.3%,0.4%,
2018-10-24,8:45am,USD,Flash Manufacturing PMI,Medium,55.4,55.6,
2018-10-24,8:45am,USD,Flash Services PMI,Medium,54.1,53.5,
2018-10-24,9:00am,USD,New Home Sales,Medium,627K,585K,
2018-10-24,9:30am,USD,Crude Oil Inventories,Low,3.6M,6.5M,
2018-10-24,12:00pm,USD,FOMC Member Bostic Speaks,Low,,,
2018-10-24,12:10pm,USD,FOMC Member Mester Speaks,Low,,,
2018-10-24,1:00pm,USD,Beige Book,Medium,,,
2018-10-24,6:00pm,USD,FOMC Member Brainard Speaks,Medium,,,
2018-10-24,6:50pm,JPY,SPPI y/y,Medium,1.2%,1.3%,
2018-10-25,3:00am,EUR,German ifo Business Climate,Low,103.1,103.7,
2018-10-25,6:45am,EUR,Main Refinancing Rate,High,0.00%,0.00%,
2018-10-25,6:45am,EUR,Monetary Policy Statement,High,,,
2018-10-25,7:30am,EUR,ECB Press Conference,High,,,
2018-10-25,7:30am,USD,Core Durable Goods Orders m/m,High,0.5%,0.0%,
2018-10-25,7:30am,USD,Durable Goods Orders m/m,Low,-1.3%,4.4%,
2018-10-25,7:30am,USD,Goods Trade Balance,Medium,-74.9B,-75.5B,
2018-10-25,7:30am,USD,Prelim Wholesale Inventories m/m,Medium,0.5%,1.0%,
2018-10-25,7:30am,USD,Unemployment Claims,Medium,214K,210K,
2018-10-25,9:00am,USD,Pending Home Sales m/m,Medium,-0.1%,-1.9%,
2018-10-25,9:30am,USD,Natural Gas Storage,Medium,47B,81B,
2018-10-25,11:15am,USD,FOMC Member Clarida Speaks,Low,,,
2018-10-25,4:30pm,USD,FOMC Member Mester Speaks,Low,,,
2018-10-25,6:30pm,JPY,Tokyo Core CPI y/y,Medium,1.0%,1.0%,
2018-10-26,7:30am,USD,Advance GDP q/q,High,3.3%,4.2%,
2018-10-26,7:30am,USD,Advance GDP Price Index q/q,Low,2.1%,3.0%,
2018-10-26,9:00am,EUR,ECB President Draghi Speaks,High,,,
2018-10-26,9:00am,USD,Revised UoM Consumer Sentiment,Low,98.9,99.0,
2018-10-26,9:00am,USD,Revised UoM Inflation Expectations,Medium,,2.8%,
2018-10-27,SatOct 27,EUR,Daylight Saving Time Shift,Low,,,
2018-10-27,SatOct 27,GBP,Daylight Saving Time Shift,Low,,,
2018-10-29,MonOct 29,GBP,M4 Money Supply m/m,Medium,0.3%,0.1%,
2018-10-29,MonOct 29,GBP,Mortgage Approvals,Medium,65K,66K,
2018-10-29,7:30am,USD,Core PCE Price Index m/m,Low,0.1%,0.0%,
2018-10-29,7:30am,USD,Personal Spending m/m,Low,0.4%,0.5%,
2018-10-29,7:30am,USD,Personal Income m/m,Medium,0.4%,0.4%,
2018-10-29,10:25am,GBP,Autumn Forecast Statement,Low,,,
2018-10-29,6:30pm,JPY,Unemployment Rate,Medium,2.4%,2.4%,
2018-10-30,All Day,EUR,German Prelim CPI m/m,Low,0.1%,0.4%,
2018-10-30,2:45am,EUR,French Consumer Spending m/m,Medium,-0.4%,1.1%,
2018-10-30,3:00am,CHF,KOF Economic Barometer,Low,100.8,102.3,
2018-10-30,3:00am,EUR,Spanish Flash CPI y/y,Medium,2.3%,2.3%,
2018-10-30,3:55am,EUR,German Unemployment Change,Medium,-12K,-23K,
2018-10-30,4:00am,EUR,Italian Prelim GDP q/q,Medium,0.2%,0.2%,
2018-10-30,5:00am,EUR,Prelim Flash GDP q/q,Low,0.4%,0.4%,
2018-10-30,5:14am,EUR,Italian 10-y Bond Auction,Medium,,2.90|1.4,
2018-10-30,6:00am,GBP,CBI Realized Sales,Medium,27,23,
2018-10-30,8:00am,USD,S&P/CS Composite-20 HPI y/y,Medium,6.0%,5.9%,
2018-10-30,9:00am,USD,CB Consumer Confidence,High,136.3,135.3,
2018-10-30,3:30pm,USD,API Weekly Statistical Bulletin,Medium,,,
2018-10-30,6:50pm,JPY,Prelim Industrial Production m/m,Medium,-0.3%,0.2%,
2018-10-30,7:01pm,GBP,BRC Shop Price Index y/y,Medium,,0.2%,
2018-10-30,7:01pm,GBP,GfK Consumer Confidence,Medium,-10,-9,
2018-10-30,10:08pm,JPY,BOJ Outlook Report,High,,,
2018-10-30,10:08pm,JPY,Monetary Policy Statement,High,,,
2018-10-30,10:08pm,JPY,BOJ Policy Rate,Low,-0.10%,-0.10%,
2018-10-31,12:02am,JPY,Consumer Confidence,Medium,43.5,43.4,
2018-10-31,1:30am,JPY,BOJ Press Conference,High,,,
2018-10-31,2:00am,EUR,German Retail Sales m/m,Medium,0.5%,-0.3%,
2018-10-31,2:45am,EUR,French Prelim CPI m/m,Medium,0.1%,-0.2%,
2018-10-31,3:00am,EUR,Spanish Flash GDP q/q,Low,0.6%,0.6%,
2018-10-31,4:00am,CHF,UBS Economic Expectations,Medium,,-30.8,
2018-10-31,4:00am,EUR,Italian Monthly Unemployment Rate,Medium,9.9%,9.8%,
2018-10-31,5:00am,EUR,Core CPI Flash Estimate y/y,Low,1.1%,0.9%,
2018-10-31,5:00am,EUR,CPI Flash Estimate y/y,Low,2.2%,2.1%,
2018-10-31,5:00am,EUR,Italian Prelim CPI m/m,Medium,0.2%,-0.5%,
2018-10-31,5:00am,EUR,Unemployment Rate,Medium,8.1%,8.1%,
2018-10-31,7:15am,USD,ADP Non-Farm Employment Change,Low,188K,218K,
2018-10-31,7:30am,USD,Employment Cost Index q/q,Low,0.7%,0.6%,
2018-10-31,8:45am,USD,Chicago PMI,Medium,60.1,60.4,
2018-10-31,9:30am,USD,Crude Oil Inventories,Low,3.6M,6.3M,
2018-10-31,12:15pm,CHF,SNB Chairman Jordan Speaks,High,,,
2018-10-31,7:30pm,JPY,Final Manufacturing PMI,Medium,53.1,53.1,
2018-10-31,10:35pm,JPY,10-y Bond Auction,Medium,,0.14|4.2,
2018-11-01,1:45am,CHF,SECO Consumer Climate,Medium,-8,-7,
2018-11-01,2:00am,GBP,Nationwide HPI m/m,Medium,0.2%,0.2%,
2018-11-01,All Day,EUR,French Bank Holiday,Low,,,
2018-11-01,All Day,EUR,Italian Bank Holiday,Low,,,
2018-11-01,3:15am,CHF,CPI m/m,Medium,0.2%,0.1%,
2018-11-01,3:30am,CHF,Manufacturing PMI,Medium,58.6,59.7,
2018-11-01,4:30am,GBP,Final Manufacturing PMI,High,53.0,53.6,
2018-11-01,6:30am,USD,Challenger Job Cuts y/y,Medium,,70.9%,
2018-11-01,7:00am,GBP,BOE Monetary Policy Report,High,,,
2018-11-01,7:00am,GBP,Monetary Policy Summary,High,,,
2018-11-01,7:00am,GBP,MPC Official Bank Rate Votes,High,0-0-9,0-0-9,
2018-11-01,7:00am,GBP,Official Bank Rate,Low,0.75%,0.75%,
2018-11-01,7:00am,GBP,Asset Purchase Facility,Medium,435B,435B,
2018-11-01,7:00am,GBP,MPC Asset Purchase Facility Votes,Medium,0-0-9,0-0-9,
2018-11-01,7:30am,GBP,BOE Gov Carney Speaks,High,,,
2018-11-01,7:30am,USD,Prelim Nonfarm Productivity q/q,Medium,2.2%,3.0%,
2018-11-01,7:30am,USD,Prelim Unit Labor Costs q/q,Medium,1.1%,-1.0%,
2018-11-01,7:30am,USD,Unemployment Claims,Medium,213K,216K,
2018-11-01,8:45am,USD,Final Manufacturing PMI,Medium,55.9,55.9,
2018-11-01,9:00am,USD,ISM Manufacturing PMI,High,59.0,59.8,
2018-11-01,9:00am,USD,Construction Spending m/m,Medium,0.2%,0.8%,
2018-11-01,9:00am,USD,ISM Manufacturing Prices,Medium,67.5,66.9,
2018-11-01,All Day,USD,Wards Total Vehicle Sales,Medium,17.2M,17.4M,
2018-11-01,9:30am,USD,Natural Gas Storage,Medium,53B,58B,
2018-11-01,All Day,USD,Total Vehicle Sales,Medium,17.1M,17.4M,
2018-11-01,6:50pm,JPY,Monetary Base y/y,Medium,6.2%,5.9%,
2018-11-02,2:45am,EUR,French Gov Budget Balance,Medium,,-97.3B,
2018-11-02,3:15am,CHF,Retail Sales y/y,Medium,-0.2%,0.4%,
2018-11-02,3:15am,EUR,Spanish Manufacturing PMI,Medium,51.0,51.4,
2018-11-02,3:45am,EUR,Italian Manufacturing PMI,Medium,49.7,50.0,
2018-11-02,3:50am,EUR,French Final Manufacturing PMI,Medium,51.2,51.2,
2018-11-02,3:55am,EUR,German Final Manufacturing PMI,Medium,52.3,52.3,
2018-11-02,4:00am,EUR,Final Manufacturing PMI,Medium,52.1,52.1,
2018-11-02,4:30am,GBP,Construction PMI,Low,52.0,52.1,
2018-11-02,7:30am,USD,Average Hourly Earnings m/m,High,0.2%,0.3%,
2018-11-02,7:30am,USD,Non-Farm Employment Change,High,194K,118K,
2018-11-02,7:30am,USD,Unemployment Rate,High,3.7%,3.7%,
2018-11-02,7:30am,USD,Trade Balance,Medium,-53.5B,-53.3B,
2018-11-02,9:00am,USD,Factory Orders m/m,Medium,0.5%,2.6%,
2018-11-04,SunNov 4,USD,Daylight Saving Time Shift,Low,,,
2018-11-04,5:50pm,JPY,Monetary Policy Meeting Minutes,Medium,,,
2018-11-04,7:00pm,JPY,BOJ Gov Kuroda Speaks,Low,,,
2018-11-05,3:30am,EUR,Sentix Investor Confidence,Medium,9.9,11.4,
2018-11-05,3:30am,GBP,Final Services PMI,High,53.4,53.9,
2018-11-05,8:45am,USD,Final Services PMI,Medium,54.7,54.7,
2018-11-05,9:00am,USD,ISM Services PMI,High,59.3,61.6,
2018-11-05,9:00am,USD,RCM/TIPP Economic Optimism,Medium,59.2,57.8,
2018-11-05,5:30pm,JPY,Household Spending y/y,Medium,1.6%,2.8%,
2018-11-05,6:01pm,GBP,BRC Retail Sales Monitor y/y,Medium,0.6%,-0.2%,
2018-11-06,2:15am,EUR,Spanish Services PMI,Medium,51.9,52.5,
2018-11-06,2:45am,EUR,Italian Services PMI,Medium,52.1,53.3,
2018-11-06,2:50am,EUR,French Final Services PMI,Medium,55.6,55.6,
2018-11-06,2:55am,EUR,German Final Services PMI,Medium,53.6,53.6,
2018-11-06,3:00am,EUR,Final Services PMI,Medium,53.3,53.3,
2018-11-06,4:00am,EUR,PPI m/m,Medium,0.4%,0.4%,
2018-11-06,4:35am,GBP,10-y Bond Auction,Medium,,1.60|1.9,
2018-11-06,9:00am,USD,JOLTS Job Openings,Medium,7.09M,7.29M,
2018-11-06,All Day,USD,Congressional Elections,High,,,
2018-11-06,12:01pm,USD,10-y Bond Auction,Medium,,3.23|2.4,
2018-11-06,3:30pm,USD,API Weekly Statistical Bulletin,Medium,,,
2018-11-06,6:00pm,JPY,Average Cash Earnings y/y,Low,1.2%,0.8%,
2018-11-06,11:00pm,JPY,Leading Indicators,Medium,103.9%,104.5%,
2018-11-07,2:00am,CHF,Foreign Currency Reserves,Medium,,740B,
2018-11-07,2:30am,GBP,Halifax HPI m/m,Medium,0.5%,-1.3%,
2018-11-07,3:00am,EUR,Italian Retail Sales m/m,Medium,-0.1%,0.6%,
2018-11-07,4:00am,EUR,Retail Sales m/m,Medium,0.1%,0.3%,
2018-11-07,4:33am,EUR,German 10-y Bond Auction,Medium,,0.55|1.1,
2018-11-07,8:00am,CHF,Gov Board Member Zurbrugg Speaks,Low,,,
2018-11-07,9:30am,USD,Crude Oil Inventories,Low,2.0M,3.2M,
2018-11-07,12:01pm,USD,30-y Bond Auction,Medium,,3.34|2.4,
2018-11-07,2:00pm,USD,Consumer Credit m/m,Medium,15.7B,22.9B,
2018-11-07,5:50pm,JPY,Bank Lending y/y,Medium,2.4%,2.3%,
2018-11-07,5:50pm,JPY,BOJ Summary of Opinions,Medium,,,
2018-11-07,5:50pm,JPY,Core Machinery Orders m/m,Medium,-9.5%,6.8%,
2018-11-07,5:50pm,JPY,Current Account,Medium,1.36T,1.43T,
2018-11-07,6:01pm,GBP,RICS House Price Balance,Medium,-2%,-2%,
2018-11-07,11:00pm,JPY,Economy Watchers Sentiment,Medium,48.9,48.6,
2018-11-08,1:00am,EUR,German Trade Balance,Medium,18.2B,18.2B,
2018-11-08,1:45am,EUR,French Trade Balance,Medium,-6.1B,-5.7B,
2018-11-08,3:00am,EUR,ECB Economic Bulletin,Medium,,,
2018-11-08,3:59am,EUR,French 10-y Bond Auction,Medium,,0.86|1.6,
2018-11-08,4:00am,EUR,EU Economic Forecasts,Low,,,
2018-11-08,7:30am,USD,Unemployment Claims,Medium,214K,215K,
2018-11-08,9:00am,USD,Mortgage Delinquencies,Medium,,4.36%,
2018-11-08,9:30am,USD,Natural Gas Storage,Medium,56B,48B,
2018-11-08,11:30am,CHF,Gov Board Member Maechler Speaks,Low,,,
2018-11-08,1:00pm,USD,Federal Funds Rate,High,2.25%,2.25%,
2018-11-08,1:00pm,USD,FOMC Statement,High,,,
2018-11-08,5:50pm,JPY,M2 Money Stock y/y,Medium,2.8%,2.8%,
2018-11-09,3:30am,GBP,GDP m/m,High,0.1%,0.0%,
2018-11-09,3:30am,GBP,Manufacturing Production m/m,High,0.1%,-0.1%,
2018-11-09,3:30am,GBP,Prelim GDP q/q,High,0.6%,0.4%,
2018-11-09,3:30am,GBP,Prelim Business Investment q/q,Low,0.2%,-0.7%,
2018-11-09,3:30am,GBP,Construction Output m/m,Medium,0.2%,-0.3%,
2018-11-09,3:30am,GBP,Goods Trade Balance,Medium,-11.4B,-11.2B,
2018-11-09,3:30am,GBP,Index of Services 3m/3m,Medium,0.5%,0.5%,
2018-11-09,3:30am,GBP,Industrial Production m/m,Medium,-0.1%,0.0%,
2018-11-09,7:30am,USD,PPI m/m,High,0.2%,0.2%,
2018-11-09,7:30am,USD,Core PPI m/m,Low,0.2%,0.2%,
2018-11-09,7:50am,GBP,NIESR GDP Estimate,Medium,,0.6%,
2018-11-09,8:05am,USD,FOMC Member Quarles Speaks,Low,,,
2018-11-09,9:00am,USD,Prelim UoM Consumer Sentiment,Low,98.0,98.6,
2018-11-09,9:00am,USD,Final Wholesale Inventories m/m,Medium,0.3%,0.3%,
2018-11-09,9:00am,USD,Prelim UoM Inflation Expectations,Medium,,2.9%,
2018-11-11,11:59pm,JPY,Prelim Machine Tool Orders y/y,Medium,,2.9%,
2018-11-12,All Day,USD,Bank Holiday,Low,,,
2018-11-12,1:30pm,USD,FOMC Member Daly Speaks,Low,,,
2018-11-12,9:35pm,JPY,30-y Bond Auction,Medium,,0.90|3.9,
2018-11-13,1:45am,EUR,French Prelim Private Payrolls q/q,Medium,0.3%,0.1%,
2018-11-13,2:15am,CHF,PPI m/m,Medium,0.1%,-0.2%,
2018-11-13,3:30am,GBP,Average Earnings Index 3m/y,High,3.0%,2.8%,
2018-11-13,3:30am,GBP,Unemployment Rate,Low,4.0%,4.0%,
2018-11-13,3:30am,GBP,Claimant Count Change,Medium,4.3K,23.2K,
2018-11-13,4:00am,EUR,German ZEW Economic Sentiment,Low,-24.2,-24.7,
2018-11-13,4:00am,EUR,ZEW Economic Sentiment,Medium,-17.3,-19.4,
2018-11-13,4:14am,USD,NFIB Small Business Index,Medium,108.0,107.9,
2018-11-13,9:00am,USD,FOMC Member Brainard Speaks,Low,,,
2018-11-13,1:00pm,USD,Federal Budget Balance,Medium,-116.6B,119.1B,
2018-11-13,1:00pm,USD,Loan Officer Survey,Medium,,,
2018-11-13,5:50pm,JPY,Prelim GDP q/q,Low,-0.3%,0.7%,
2018-11-13,5:50pm,JPY,Prelim GDP Price Index y/y,Medium,-0.1%,0.0%,
2018-11-13,10:30pm,JPY,Tertiary Industry Activity m/m,Medium,-0.4%,0.4%,
2018-11-13,10:32pm,JPY,Revised Industrial Production m/m,Medium,-1.1%,-1.1%,
2018-11-14,1:45am,EUR,French Final CPI m/m,Medium,0.1%,0.1%,
2018-11-14,3:30am,GBP,CPI y/y,High,2.5%,2.4%,
2018-11-14,3:30am,GBP,PPI Input m/m,Low,0.6%,1.4%,
2018-11-14,3:30am,GBP,RPI y/y,Low,3.4%,3.3%,
2018-11-14,3:30am,GBP,Core CPI y/y,Medium,1.9%,1.9%,
2018-11-14,3:30am,GBP,HPI y/y,Medium,3.3%,3.1%,
2018-11-14,3:30am,GBP,PPI Output m/m,Medium,0.2%,0.4%,
2018-11-14,4:00am,EUR,Flash GDP q/q,Low,0.2%,0.2%,
2018-11-14,4:00am,EUR,Flash Employment Change q/q,Medium,,0.4%,
2018-11-14,4:00am,EUR,Industrial Production m/m,Medium,-0.4%,1.1%,
2018-11-14,4:33am,EUR,German 30-y Bond Auction,Medium,,1.04|1.4,
2018-11-14,7:30am,USD,Core CPI m/m,High,0.2%,0.1%,
2018-11-14,7:30am,USD,CPI m/m,High,0.3%,0.1%,
2018-11-14,7:30am,USD,CPI y/y,High,2.5%,2.3%,
2018-11-14,9:00am,USD,FOMC Member Quarles Speaks,Low,,,
2018-11-14,3:30pm,USD,API Weekly Statistical Bulletin,Medium,,,
2018-11-14,5:00pm,USD,Fed Chairman Powell Speaks,High,,,
2018-11-15,3:30am,GBP,Retail Sales m/m,High,0.2%,-0.4%,
2018-11-15,4:00am,EUR,Trade Balance,Medium,16.4B,16.8B,
2018-11-15,7:00am,GBP,MPC Member Tenreyro Speaks,Low,,,
2018-11-15,7:30am,USD,Core Retail Sales m/m,High,0.5%,-0.1%,
2018-11-15,7:30am,USD,Retail Sales m/m,High,0.6%,-0.1%,
2018-11-15,7:30am,USD,Philly Fed Manufacturing Index,Low,20.1,22.2,
2018-11-15,7:30am,USD,Empire State Manufacturing Index,Medium,19.9,21.1,
2018-11-15,7:30am,USD,Import Prices m/m,Medium,0.1%,0.2%,
2018-11-15,7:30am,USD,Unemployment Claims,Medium,213K,214K,
2018-11-15,9:00am,USD,FOMC Member Quarles Speaks,Low,,,
2018-11-15,9:00am,USD,Business Inventories m/m,Medium,0.3%,0.5%,
2018-11-15,9:30am,USD,Natural Gas Storage,Medium,35B,65B,
2018-11-15,10:00am,USD,Crude Oil Inventories,Low,2.9M,5.8M,
2018-11-15,10:30am,USD,Fed Chairman Powell Speaks,High,,,
2018-11-15,12:00pm,USD,FOMC Member Bostic Speaks,Low,,,
2018-11-16,2:30am,EUR,ECB President Draghi Speaks,High,,,
2018-11-16,4:00am,EUR,Final Core CPI y/y,Medium,1.1%,1.1%,
2018-11-16,4:00am,EUR,Final CPI y/y,Medium,2.2%,2.1%,
2018-11-16,4:08am,EUR,Italian Trade Balance,Medium,2.87B,2.49B,
2018-11-16,7:00am,EUR,German Buba President Weidmann Speaks,Low,,,
2018-11-16,8:15am,USD,Capacity Utilization Rate,Medium,78.3%,78.5%,
2018-11-16,8:15am,USD,Industrial Production m/m,Medium,0.2%,0.2%,
2018-11-16,8:30am,GBP,CB Leading Index m/m,Medium,,-0.2%,
2018-11-16,3:00pm,USD,TIC Long-Term Purchases,Medium,46.2B,131.7B,
2018-11-18,5:50pm,JPY,Trade Balance,Medium,-0.48T,-0.14T,
2018-11-18,6:01pm,GBP,Rightmove HPI m/m,Medium,,1.0%,
2018-11-19,All Day,EUR,Eurogroup Meetings,Medium,,,
2018-11-19,5:00am,EUR,German Buba Monthly Report,Medium,,,
2018-11-19,9:00am,USD,NAHB Housing Market Index,Medium,67,68,
2018-11-19,9:45am,USD,FOMC Member Williams Speaks,Medium,,,
2018-11-20,1:08am,CHF,Trade Balance,Medium,2.89B,2.23B,
2018-11-20,4:00am,GBP,Monetary Policy Report Hearings,High,,,
2018-11-20,All Day,EUR,ECOFIN Meetings,Medium,,,
2018-11-20,5:00am,GBP,CBI Industrial Order Expectations,Medium,-6,-6,
2018-11-20,7:30am,USD,Building Permits,Low,1.26M,1.27M,
2018-11-20,7:30am,USD,Housing Starts,Low,1.23M,1.21M,
2018-11-20,9:00am,EUR,German Buba President Weidmann Speaks,Low,,,
2018-11-20,3:30pm,USD,API Weekly Statistical Bulletin,Medium,,,
2018-11-20,10:30pm,JPY,All Industries Activity m/m,Medium,-0.8%,0.4%,
2018-11-21,7:30am,USD,Core Durable Goods Orders m/m,High,0.4%,0.0%,
2018-11-21,7:30am,USD,Durable Goods Orders m/m,Low,-2.2%,0.7%,
2018-11-21,7:30am,USD,Unemployment Claims,Medium,215K,221K,
2018-11-21,9:00am,USD,Revised UoM Consumer Sentiment,Low,98.4,98.3,
2018-11-21,9:00am,USD,CB Leading Index m/m,Medium,0.2%,0.6%,
2018-11-21,9:00am,USD,Existing Home Sales,Medium,5.20M,5.15M,
2018-11-21,9:00am,USD,Revised UoM Inflation Expectations,Medium,,2.8%,
2018-11-21,9:30am,USD,Crude Oil Inventories,Low,2.5M,10.3M,
2018-11-21,11:00am,USD,Natural Gas Storage,Medium,-105B,39B,
2018-11-21,5:30pm,JPY,National Core CPI y/y,Medium,1.0%,1.0%,
2018-11-22,6:30am,EUR,ECB Monetary Policy Meeting Accounts,Medium,,,
2018-11-22,6:39am,GBP,Prime Minister May Speaks,High,,,
2018-11-22,All Day,USD,Bank Holiday,Low,,,
2018-11-22,8:57am,EUR,Consumer Confidence,Medium,-3,-3,
2018-11-22,2:55pm,GBP,MPC Member Saunders Speaks,Low,,,
2018-11-22,All Day,JPY,Bank Holiday,Low,,,
2018-11-23,2:15am,EUR,French Flash Manufacturing PMI,Low,51.3,51.2,
2018-11-23,2:15am,EUR,French Flash Services PMI,Low,54.9,55.3,
2018-11-23,2:30am,EUR,German Flash Manufacturing PMI,Low,52.3,52.2,
2018-11-23,2:30am,EUR,German Flash Services PMI,Low,54.6,54.7,
2018-11-23,3:00am,EUR,Flash Manufacturing PMI,Low,52.0,52.0,
2018-11-23,3:00am,EUR,Flash Services PMI,Low,53.6,53.7,
2018-11-23,7:59am,EUR,Belgian NBB Business Climate,Medium,-1.8,-1.1,
2018-11-23,8:45am,USD,Flash Manufacturing PMI,Medium,55.8,55.7,
2018-11-23,8:45am,USD,Flash Services PMI,Medium,55.0,54.8,
2018-11-25,6:30pm,JPY,Flash Manufacturing PMI,Medium,53.0,52.9,
2018-11-26,3:30am,GBP,High Street Lending,Medium,38.9K,38.7K,
2018-11-26,8:00am,EUR,ECB President Draghi Speaks,High,,,
2018-11-26,12:30pm,GBP,BOE Gov Carney Speaks,High,,,
2018-11-26,5:50pm,JPY,SPPI y/y,Medium,1.2%,1.1%,
2018-11-26,11:00pm,JPY,BOJ Core CPI y/y,Medium,0.5%,0.5%,
2018-11-27,7:30am,USD,FOMC Member Clarida Speaks,Low,,,
2018-11-27,8:00am,USD,HPI m/m,Medium,0.4%,0.4%,
2018-11-27,8:00am,USD,S&P/CS Composite-20 HPI y/y,Medium,5.3%,5.5%,
2018-11-27,9:00am,USD,CB Consumer Confidence,High,136.2,137.9,
2018-11-27,1:30pm,USD,FOMC Member Bostic Speaks,Low,,,
2018-11-27,3:30pm,USD,API Weekly Statistical Bulletin,Medium,,,
2018-11-27,6:01pm,GBP,BRC Shop Price Index y/y,Medium,,-0.2%,
2018-11-28,3:00am,CHF,UBS Economic Expectations,Medium,,-39.1,
2018-11-28,3:00am,EUR,M3 Money Supply y/y,Medium,3.5%,3.6%,
2018-11-28,3:03am,EUR,Private Loans y/y,Medium,3.2%,3.2%,
2018-11-28,4:34am,EUR,German 10-y Bond Auction,Medium,,0.42|1.4,
2018-11-28,7:30am,USD,Prelim GDP q/q,High,3.6%,3.5%,
2018-11-28,7:30am,USD,Goods Trade Balance,Medium,-76.7B,-76.3B,
2018-11-28,7:30am,USD,Prelim GDP Price Index q/q,Medium,1.7%,1.7%,
2018-11-28,7:30am,USD,Prelim Wholesale Inventories m/m,Medium,0.5%,0.4%,
2018-11-28,9:00am,USD,New Home Sales,Medium,583K,597K,
2018-11-28,9:00am,USD,Richmond Manufacturing Index,Medium,16,15,
2018-11-28,9:30am,USD,Crude Oil Inventories,Low,0.6M,4.9M,
2018-11-28,10:40am,GBP,Bank Stress Test Results,High,,,
2018-11-28,10:40am,GBP,BOE Financial Stability Report,Low,,,
2018-11-28,10:40am,GBP,FPC Statement,Medium,,,
2018-11-28,10:45am,GBP,BOE Gov Carney Speaks,High,,,
2018-11-28,11:00am,USD,Fed Chairman Powell Speaks,High,,,
2018-11-28,5:50pm,JPY,Retail Sales y/y,Medium,2.7%,2.2%,
2018-11-29,All Day,EUR,German Prelim CPI m/m,Low,0.2%,0.2%,
2018-11-29,1:45am,EUR,French Consumer Spending m/m,Medium,0.5%,-2.0%,
2018-11-29,1:45am,EUR,French Prelim GDP q/q,Medium,0.4%,0.4%,
2018-11-29,2:00am,EUR,Spanish Flash CPI y/y,Medium,2.0%,2.3%,
2018-11-29,2:55am,EUR,German Unemployment Change,Medium,-10K,-12K,
2018-11-29,3:30am,GBP,Net Lending to Individuals m/m,Low,4.5B,4.9B,
2018-11-29,3:30am,GBP,M4 Money Supply m/m,Medium,0.3%,-0.3%,
2018-11-29,3:30am,GBP,Mortgage Approvals,Medium,65K,66K,
2018-11-29,4:21am,EUR,Italian 10-y Bond Auction,Medium,,3.36|1.5,
2018-11-29,5:30am,EUR,ECB Financial Stability Review,Medium,,,
2018-11-29,7:30am,USD,Core PCE Price Index m/m,Low,0.2%,0.2%,
2018-11-29,7:30am,USD,Personal Spending m/m,Low,0.4%,0.2%,
2018-11-29,7:30am,USD,Personal Income m/m,Medium,0.4%,0.2%,
2018-11-29,7:30am,USD,Unemployment Claims,Medium,221K,224K,
2018-11-29,7:37am,GBP,GfK Consumer Confidence,Medium,-11,-10,
2018-11-29,9:00am,USD,Pending Home Sales m/m,Medium,0.8%,0.7%,
2018-11-29,9:30am,USD,Natural Gas Storage,Medium,-76B,-134B,
2018-11-29,1:00pm,USD,FOMC Meeting Minutes,High,,,
2018-11-29,5:30pm,JPY,Tokyo Core CPI y/y,Medium,1.1%,1.0%,
2018-11-29,5:30pm,JPY,Unemployment Rate,Medium,2.3%,2.3%,
2018-11-29,5:50pm,JPY,Prelim Industrial Production m/m,Medium,1.3%,-0.4%,
2018-11-29,11:00pm,JPY,Consumer Confidence,Medium,43.3,43.0,
2018-11-29,11:02pm,JPY,Housing Starts y/y,Medium,0.4%,-1.5%,
2018-11-30,12:59am,GBP,Nationwide HPI m/m,Medium,0.1%,0.0%,
2018-11-30,1:00am,EUR,German Import Prices m/m,Medium,0.4%,0.4%,
2018-11-30,1:00am,EUR,German Retail Sales m/m,Medium,0.4%,0.1%,
2018-11-30,1:45am,EUR,French Prelim CPI m/m,Medium,-0.2%,0.1%,
2018-11-30,2:00am,CHF,KOF Economic Barometer,Low,99.6,100.2,
2018-11-30,3:00am,EUR,Italian Monthly Unemployment Rate,Medium,10.1%,10.3%,
2018-11-30,4:00am,EUR,Core CPI Flash Estimate y/y,Low,1.1%,1.1%,
2018-11-30,4:00am,EUR,CPI Flash Estimate y/y,Low,2.1%,2.2%,
2018-11-30,4:00am,EUR,Italian Prelim CPI m/m,Medium,-0.3%,0.0%,
2018-11-30,4:00am,EUR,Unemployment Rate,Medium,8.0%,8.1%,
2018-11-30,8:00am,USD,FOMC Member Williams Speaks,Low,,,
2018-11-30,8:45am,USD,Chicago PMI,Low,58.6,58.4,
2018-12-01,3:00am,CHF,SNB Chairman Jordan Speaks,Low,,,
2018-12-02,5:50pm,JPY,Capital Spending q/y,Medium,8.6%,12.8%,
2018-12-02,6:30pm,JPY,Final Manufacturing PMI,Medium,51.8,51.8,
2018-12-03,MonDec 3,EUR,Spanish Manufacturing PMI,Medium,51.5,51.8,
2018-12-03,2:30am,CHF,Manufacturing PMI,Medium,56.3,57.4,
2018-12-03,2:45am,EUR,Italian Manufacturing PMI,Medium,48.9,49.2,
2018-12-03,2:50am,EUR,French Final Manufacturing PMI,Medium,50.7,50.7,
2018-12-03,2:55am,EUR,German Final Manufacturing PMI,Medium,51.6,51.6,
2018-12-03,3:00am,EUR,Final Manufacturing PMI,Medium,51.5,51.5,
2018-12-03,3:30am,GBP,Final Manufacturing PMI,Low,51.6,51.1,
2018-12-03,All Day,EUR,Eurogroup Meetings,Medium,,,
2018-12-03,5:30am,USD,FOMC Member Clarida Speaks,Low,,,
2018-12-03,7:00am,USD,FOMC Member Quarles Speaks,Low,,,
2018-12-03,8:15am,USD,FOMC Member Williams Speaks,Low,,,
2018-12-03,8:45am,USD,Final Manufacturing PMI,Medium,55.4,55.4,
2018-12-03,9:00am,USD,ISM Manufacturing PMI,High,57.5,57.7,
2018-12-03,9:00am,USD,Construction Spending m/m,Medium,0.4%,-0.1%,
2018-12-03,9:00am,USD,ISM Manufacturing Prices,Medium,70.1,71.6,
2018-12-03,All Day,USD,Total Vehicle Sales,Medium,17.3M,17.6M,
2018-12-03,All Day,USD,Wards Total Vehicle Sales,Medium,17.2M,17.5M,
2018-12-03,9:30am,USD,FOMC Member Brainard Speaks,Low,,,
2018-12-03,11:30am,GBP,MPC Member Haldane Speaks,Low,,,
2018-12-03,5:00pm,USD,Fed Chairman Powell Speaks,High,,,
2018-12-03,5:00pm,USD,FOMC Member Brainard Speaks,Low,,,
2018-12-03,5:50pm,JPY,Monetary Base y/y,Medium,5.7%,5.9%,
2018-12-03,6:01pm,GBP,BRC Retail Sales Monitor y/y,Medium,0.3%,0.1%,
2018-12-03,9:35pm,JPY,10-y Bond Auction,Medium,,0.14|4.3,
2018-12-04,2:00am,EUR,Spanish Unemployment Change,Medium,34.2K,52.2K,
2018-12-04,2:15am,CHF,CPI m/m,Medium,-0.1%,0.2%,
2018-12-04,3:15am,GBP,BOE Gov Carney Speaks,High,,,
2018-12-04,3:30am,GBP,Construction PMI,Low,52.5,53.2,
2018-12-04,4:00am,EUR,PPI m/m,Medium,0.5%,0.6%,
2018-12-04,All Day,EUR,ECOFIN Meetings,Medium,,,
2018-12-04,9:00am,USD,FOMC Member Williams Speaks,Low,,,
2018-12-04,9:00am,USD,RCM/TIPP Economic Optimism,Medium,57.3,56.4,
2018-12-04,12:00pm,GBP,MPC Member Vlieghe Speaks,Low,,,
2018-12-04,3:30pm,USD,API Weekly Statistical Bulletin,Medium,,,
2018-12-05,2:30am,EUR,ECB President Draghi Speaks,Low,,,
2018-12-05,2:45am,EUR,Italian Services PMI,Medium,49.2,49.2,
2018-12-05,2:50am,EUR,French Final Services PMI,Medium,55.0,55.0,
2018-12-05,2:55am,EUR,German Final Services PMI,Medium,53.3,53.3,
2018-12-05,3:00am,EUR,Final Services PMI,Medium,53.1,53.1,
2018-12-05,3:30am,GBP,Final Services PMI,Low,52.5,52.2,
2018-12-05,3:30am,GBP,FPC Meeting Minutes,Medium,,,
2018-12-05,3:41am,EUR,Spanish 10-y Bond Auction,Medium,,1.61|1.6,
2018-12-05,4:00am,EUR,Retail Sales m/m,Medium,0.2%,-0.5%,
2018-12-05,1:00pm,USD,Beige Book,Medium,,,
2018-12-05,7:15pm,USD,FOMC Member Quarles Speaks,Low,,,
2018-12-06,4:00am,GBP,MPC Member Ramsden Speaks,Low,,,
2018-12-06,4:34am,GBP,30-y Bond Auction,Medium,,1.83|1.8,
2018-12-06,6:30am,USD,Challenger Job Cuts y/y,Medium,,153.6%,
2018-12-06,7:15am,USD,ADP Non-Farm Employment Change,Low,195K,225K,
2018-12-06,7:30am,USD,Revised Nonfarm Productivity q/q,Medium,2.3%,2.2%,
2018-12-06,7:30am,USD,Revised Unit Labor Costs q/q,Medium,1.1%,1.2%,
2018-12-06,7:30am,USD,Trade Balance,Medium,-55.2B,-54.6B,
2018-12-06,7:30am,USD,Unemployment Claims,Medium,226K,235K,
2018-12-06,8:45am,USD,Final Services PMI,Medium,54.4,54.4,
2018-12-06,9:00am,USD,ISM Services PMI,High,59.1,60.3,
2018-12-06,9:00am,USD,Factory Orders m/m,Medium,-1.9%,0.2%,
2018-12-06,10:00am,USD,Crude Oil Inventories,Low,-1.3M,3.6M,
2018-12-06,11:15am,USD,FOMC Member Bostic Speaks,Low,,,
2018-12-06,5:30pm,JPY,Household Spending y/y,Medium,1.2%,-1.6%,
2018-12-06,5:30pm,USD,FOMC Member Williams Speaks,Low,,,
2018-12-06,5:45pm,USD,Fed Chairman Powell Speaks,High,,,
2018-12-06,6:00pm,JPY,Average Cash Earnings y/y,Low,1.0%,0.8%,
2018-12-06,11:02pm,JPY,Leading Indicators,Medium,104.8%,104.3%,
2018-12-07,1:45am,EUR,French Industrial Production m/m,Medium,0.8%,-1.6%,
2018-12-07,1:45am,EUR,French Trade Balance,Medium,-5.9B,-5.4B,
2018-12-07,2:00am,CHF,Foreign Currency Reserves,Medium,,753B,
2018-12-07,2:30am,GBP,Halifax HPI m/m,Medium,0.3%,0.7%,
2018-12-07,3:00am,EUR,Italian Retail Sales m/m,Medium,-0.2%,-0.8%,
2018-12-07,3:30am,GBP,Consumer Inflation Expectations,Medium,,3.0%,
2018-12-07,4:00am,EUR,Final Employment Change q/q,Medium,0.2%,0.2%,
2018-12-07,4:00am,EUR,Revised GDP q/q,Medium,0.2%,0.2%,
2018-12-07,7:30am,USD,Average Hourly Earnings m/m,High,0.3%,0.1%,
2018-12-07,7:30am,USD,Non-Farm Employment Change,High,198K,237K,
2018-12-07,7:30am,USD,Unemployment Rate,High,3.7%,3.7%,
2018-12-07,9:00am,USD,Prelim UoM Consumer Sentiment,Low,97.0,97.5,
2018-12-07,9:00am,USD,Final Wholesale Inventories m/m,Medium,0.7%,0.7%,
2018-12-07,9:00am,USD,Prelim UoM Inflation Expectations,Medium,,2.8%,
2018-12-07,9:30am,USD,Natural Gas Storage,Medium,-63B,-59B,
2018-12-07,11:00am,USD,FOMC Member Brainard Speaks,Low,,,
2018-12-07,2:00pm,USD,Consumer Credit m/m,Medium,15.1B,11.6B,
2018-12-09,5:50pm,JPY,Bank Lending y/y,Medium,2.2%,2.2%,
2018-12-09,5:50pm,JPY,Current Account,Medium,1.29T,1.33T,
2018-12-09,5:50pm,JPY,Final GDP q/q,Medium,-0.5%,-0.3%,
2018-12-09,5:53pm,JPY,Final GDP Price Index y/y,Medium,-0.3%,-0.3%,
2018-12-09,11:02pm,JPY,Economy Watchers Sentiment,Medium,49.5,49.5,
2018-12-10,MonDec 10,GBP,MPC Member Cunliffe Speaks,Low,,,
2018-12-10,12:45am,CHF,Unemployment Rate,Medium,2.5%,2.5%,
2018-12-10,1:00am,EUR,German Trade Balance,Medium,17.2B,17.7B,
2018-12-10,3:00am,EUR,Italian Industrial Production m/m,Medium,-0.4%,-0.1%,
2018-12-10,3:30am,EUR,Sentix Investor Confidence,Medium,8.4,8.8,
2018-12-10,3:30am,GBP,GDP m/m,High,0.1%,0.0%,
2018-12-10,3:30am,GBP,Manufacturing Production m/m,High,0.0%,0.2%,
2018-12-10,3:30am,GBP,Construction Output m/m,Medium,-0.4%,1.7%,
2018-12-10,3:30am,GBP,Goods Trade Balance,Medium,-10.5B,-10.7B,
2018-12-10,3:30am,GBP,Index of Services 3m/3m,Medium,0.3%,0.4%,
2018-12-10,3:30am,GBP,Industrial Production m/m,Medium,-0.4%,0.0%,
2018-12-10,7:24am,GBP,NIESR GDP Estimate,Medium,,0.4%,
2018-12-10,9:00am,USD,JOLTS Job Openings,Medium,7.22M,6.96M,
2018-12-10,9:30am,GBP,Prime Minister May Speaks,High,,,
2018-12-10,5:50pm,JPY,BSI Manufacturing Index,Medium,4.3,6.5,
2018-12-10,5:50pm,JPY,M2 Money Stock y/y,Medium,2.6%,2.7%,
2018-12-10,9:35pm,JPY,30-y Bond Auction,Medium,,0.87|4.0,
2018-12-10,11:58pm,JPY,Prelim Machine Tool Orders y/y,Medium,,-0.7%,
2018-12-11,3:30am,GBP,Average Earnings Index 3m/y,High,3.0%,3.1%,
2018-12-11,3:30am,GBP,Unemployment Rate,Low,4.1%,4.1%,
2018-12-11,3:30am,GBP,Claimant Count Change,Medium,13.2K,23.2K,
2018-12-11,4:00am,EUR,German ZEW Economic Sentiment,Low,-25.0,-24.1,
2018-12-11,4:00am,EUR,ZEW Economic Sentiment,Medium,-23.2,-22.0,
2018-12-11,4:45am,USD,NFIB Small Business Index,Medium,107.3,107.4,
2018-12-11,7:30am,USD,PPI m/m,High,0.0%,0.6%,
2018-12-11,7:30am,USD,Core PPI m/m,Low,0.1%,0.5%,
2018-12-11,3:30pm,USD,API Weekly Statistical Bulletin,Medium,,,
2018-12-11,5:50pm,JPY,Core Machinery Orders m/m,Medium,10.2%,-18.3%,
2018-12-11,5:50pm,JPY,PPI y/y,Medium,2.4%,3.0%,
2018-12-11,10:30pm,JPY,Tertiary Industry Activity m/m,Medium,0.9%,-1.2%,
2018-12-12,4:00am,EUR,Industrial Production m/m,Medium,0.2%,-0.6%,
2018-12-12,7:30am,USD,Core CPI m/m,High,0.2%,0.2%,
2018-12-12,7:30am,USD,CPI m/m,High,0.0%,0.3%,
2018-12-12,7:30am,USD,CPI y/y,High,2.2%,2.5%,
2018-12-12,9:30am,USD,Crude Oil Inventories,Medium,-3.0M,-7.3M,
2018-12-12,12:01pm,USD,10-y Bond Auction,Medium,,3.21|2.5,
2018-12-12,6:01pm,GBP,RICS House Price Balance,Medium,-10%,-10%,
2018-12-13,1:00am,EUR,German Final CPI m/m,Medium,0.1%,0.1%,
2018-12-13,1:45am,EUR,French Final CPI m/m,Medium,-0.2%,-0.2%,
2018-12-13,2:15am,CHF,PPI m/m,Medium,0.1%,0.2%,
2018-12-13,2:30am,CHF,SNB Monetary Policy Assessment,High,,,
2018-12-13,2:30am,CHF,Libor Rate,Low,-0.75%,-0.75%,
2018-12-13,3:00am,CHF,SNB Press Conference,High,,,
2018-12-13,6:45am,EUR,Main Refinancing Rate,High,0.00%,0.00%,
2018-12-13,6:45am,EUR,Monetary Policy Statement,High,,,
2018-12-13,7:30am,EUR,ECB Press Conference,High,,,
2018-12-13,7:30am,USD,Import Prices m/m,Medium,-1.0%,0.5%,
2018-12-13,7:30am,USD,Unemployment Claims,Medium,226K,233K,
2018-12-13,9:30am,USD,Natural Gas Storage,Medium,-81B,-63B,
2018-12-13,12:01pm,USD,30-y Bond Auction,Low,,3.42|2.1,
2018-12-13,1:00pm,USD,Federal Budget Balance,Medium,-193.5B,-100.5B,
2018-12-13,5:50pm,JPY,Tankan Manufacturing Index,Medium,18,19,
2018-12-13,5:50pm,JPY,Tankan Non-Manufacturing Index,Medium,21,22,
2018-12-13,6:30pm,JPY,Flash Manufacturing PMI,Medium,52.3,52.2,
2018-12-13,10:30pm,JPY,Revised Industrial Production m/m,Medium,2.8%,2.9%,
2018-12-14,2:15am,EUR,French Flash Manufacturing PMI,Low,50.7,50.8,
2018-12-14,2:15am,EUR,French Flash Services PMI,Low,54.8,55.1,
2018-12-14,2:30am,EUR,German Flash Manufacturing PMI,Low,51.8,51.8,
2018-12-14,2:30am,EUR,German Flash Services PMI,Low,53.4,53.3,
2018-12-14,3:00am,EUR,Flash Manufacturing PMI,Low,51.9,51.8,
2018-12-14,3:00am,EUR,Flash Services PMI,Low,53.4,53.4,
2018-12-14,All Day,EUR,Euro Summit,Low,,,
2018-12-14,7:30am,USD,Core Retail Sales m/m,High,0.2%,1.0%,
2018-12-14,7:30am,USD,Retail Sales m/m,High,0.1%,1.1%,
2018-12-14,8:15am,USD,Capacity Utilization Rate,Medium,78.6%,78.1%,
2018-12-14,8:15am,USD,Industrial Production m/m,Medium,0.3%,-0.2%,
2018-12-14,8:30am,GBP,CB Leading Index m/m,Medium,,-0.4%,
2018-12-14,8:45am,USD,Flash Manufacturing PMI,Medium,55.1,55.3,
2018-12-14,8:45am,USD,Flash Services PMI,Medium,54.7,54.7,
2018-12-14,9:00am,USD,Business Inventories m/m,Medium,0.6%,0.5%,
2018-12-16,6:01pm,GBP,Rightmove HPI m/m,Medium,,-1.7%,
2018-12-17,4:00am,EUR,Final Core CPI y/y,Medium,1.0%,1.0%,
2018-12-17,4:00am,EUR,Final CPI y/y,Medium,2.0%,2.0%,
2018-12-17,4:00am,EUR,Trade Balance,Medium,14.2B,13.0B,
2018-12-17,5:00am,EUR,German Buba Monthly Report,Medium,,,
2018-12-17,7:30am,USD,Empire State Manufacturing Index,Medium,20.1,23.3,
2018-12-17,9:00am,USD,NAHB Housing Market Index,Medium,61,60,
2018-12-17,3:00pm,USD,TIC Long-Term Purchases,Medium,22.3B,30.8B,
2018-12-18,3:00am,EUR,German ifo Business Climate,Low,101.8,102.0,
2018-12-18,7:30am,USD,Building Permits,Low,1.27M,1.27M,
2018-12-18,7:30am,USD,Housing Starts,Medium,1.23M,1.22M,
2018-12-18,3:00pm,USD,FOMC Financial Stability Report,Medium,,,
2018-12-18,3:30pm,USD,API Weekly Statistical Bulletin,Medium,,,
2018-12-18,5:50pm,JPY,Trade Balance,Medium,-0.31T,-0.29T,
2018-12-19,3:30am,GBP,CPI y/y,High,2.3%,2.4%,
2018-12-19,3:30am,GBP,PPI Input m/m,Low,-2.9%,0.8%,
2018-12-19,3:30am,GBP,RPI y/y,Low,3.2%,3.3%,
2018-12-19,3:30am,GBP,Core CPI y/y,Medium,1.8%,1.9%,
2018-12-19,3:30am,GBP,HPI y/y,Medium,3.3%,3.0%,
2018-12-19,3:30am,GBP,PPI Output m/m,Medium,-0.1%,0.3%,
2018-12-19,5:00am,GBP,CBI Industrial Order Expectations,Medium,6,10,
2018-12-19,7:30am,USD,Current Account,Medium,-125B,-101B,
2018-12-19,7:59am,EUR,Belgian NBB Business Climate,Medium,-0.9,0.4,
2018-12-19,8:00am,CHF,SNB Quarterly Bulletin,Medium,,,
2018-12-19,9:00am,USD,Existing Home Sales,Medium,5.20M,5.22M,
2018-12-19,9:30am,USD,Crude Oil Inventories,Medium,-2.7M,-1.2M,
2018-12-19,1:00pm,USD,Federal Funds Rate,High,2.50%,2.25%,
2018-12-19,1:00pm,USD,FOMC Economic Projections,High,,,
2018-12-19,1:00pm,USD,FOMC Statement,High,,,
2018-12-19,1:30pm,USD,FOMC Press Conference,High,,,
2018-12-19,8:52pm,JPY,Monetary Policy Statement,High,,,
2018-12-19,8:52pm,JPY,BOJ Policy Rate,Low,-0.10%,-0.10%,
2018-12-19,10:30pm,JPY,All Industries Activity m/m,Medium,2.0%,-1.0%,
2018-12-20,1:00am,CHF,Trade Balance,Medium,3.20B,3.52B,
2018-12-20,3:00am,EUR,Current Account,Medium,18.4B,17.6B,
2018-12-20,3:30am,GBP,Retail Sales m/m,High,0.3%,-0.4%,
2018-12-20,5:00am,GBP,CBI Realized Sales,Medium,16,19,
2018-12-20,6:00am,GBP,Monetary Policy Summary,High,,,
2018-12-20,6:00am,GBP,MPC Official Bank Rate Votes,High,0-0-9,0-0-9,
2018-12-20,6:00am,GBP,Official Bank Rate,Low,0.75%,0.75%,
2018-12-20,6:00am,GBP,Asset Purchase Facility,Medium,435B,435B,
2018-12-20,6:03am,GBP,MPC Asset Purchase Facility Votes,Medium,0-0-9,0-0-9,
2018-12-20,7:30am,USD,Philly Fed Manufacturing Index,Medium,15.1,12.9,
2018-12-20,7:30am,USD,Unemployment Claims,Medium,216K,206K,
2018-12-20,9:00am,USD,CB Leading Index m/m,Medium,0.0%,-0.3%,
2018-12-20,9:30am,USD,Natural Gas Storage,Medium,-136B,-77B,
2018-12-20,5:30pm,JPY,National Core CPI y/y,Medium,1.0%,1.0%,
2018-12-20,6:01pm,GBP,GfK Consumer Confidence,Medium,-14,-13,
2018-12-21,FriDec 21,EUR,German Import Prices m/m,Medium,-0.8%,1.0%,
2018-12-21,1:45am,EUR,French Consumer Spending m/m,Medium,0.0%,0.9%,
2018-12-21,3:30am,GBP,Current Account,High,-21.7B,-20.0B,
2018-12-21,3:30am,GBP,Final GDP q/q,Low,0.6%,0.6%,
2018-12-21,3:30am,GBP,Public Sector Net Borrowing,Low,7.0B,5.6B,
2018-12-21,3:30am,GBP,Revised Business Investment q/q,Medium,-1.2%,-1.2%,
2018-12-21,7:30am,USD,Core Durable Goods Orders m/m,High,0.3%,0.2%,
2018-12-21,7:30am,USD,Final GDP q/q,High,3.5%,3.5%,
2018-12-21,7:30am,USD,Durable Goods Orders m/m,Low,1.6%,-4.3%,
2018-12-21,7:30am,USD,Final GDP Price Index q/q,Medium,1.7%,1.7%,
2018-12-21,8:48am,EUR,Consumer Confidence,Medium,-4,-4,
2018-12-21,9:00am,USD,Core PCE Price Index m/m,Low,0.2%,0.1%,
2018-12-21,9:00am,USD,Personal Spending m/m,Low,0.3%,0.8%,
2018-12-21,9:00am,USD,Revised UoM Consumer Sentiment,Low,97.6,97.5,
2018-12-21,9:00am,USD,Personal Income m/m,Medium,0.3%,0.5%,
2018-12-21,9:00am,USD,Revised UoM Inflation Expectations,Medium,,2.7%,
2018-12-24,5:50pm,JPY,SPPI y/y,Medium,1.3%,1.3%,
2018-12-25,All Day,EUR,French Bank Holiday,Low,,,
2018-12-25,All Day,EUR,German Bank Holiday,Low,,,
2018-12-25,All Day,EUR,Italian Bank Holiday,Low,,,
2018-12-25,All Day,GBP,Bank Holiday,Low,,,
2018-12-25,All Day,USD,Bank Holiday,Low,,,
2018-12-25,5:50pm,JPY,Monetary Policy Meeting Minutes,Medium,,,
2018-12-25,10:00pm,JPY,BOJ Gov Kuroda Speaks,Low,,,
2018-12-25,11:00pm,JPY,BOJ Core CPI y/y,Medium,0.6%,0.6%,
2018-12-26,All Day,EUR,German Bank Holiday,Low,,,
2018-12-26,All Day,EUR,Italian Bank Holiday,Low,,,
2018-12-26,All Day,GBP,Bank Holiday,Low,,,
2018-12-26,8:00am,USD,S&P/CS Composite-20 HPI y/y,Medium,4.8%,5.2%,
2018-12-26,8:59am,USD,Richmond Manufacturing Index,Medium,16,14,
2018-12-26,11:00pm,JPY,Housing Starts y/y,Medium,-0.2%,0.3%,
2018-12-27,ThuDec 27,EUR,ECB Economic Bulletin,Medium,,,
2018-12-27,7:30am,USD,Unemployment Claims,Medium,217K,217K,
2018-12-27,8:00am,USD,HPI m/m,Medium,0.3%,0.2%,
2018-12-27,9:00am,USD,CB Consumer Confidence,High,133.7,136.4,
2018-12-27,3:30pm,USD,API Weekly Statistical Bulletin,Medium,,,
2018-12-27,5:30pm,JPY,Tokyo Core CPI y/y,Medium,0.9%,1.0%,
2018-12-27,5:30pm,JPY,Unemployment Rate,Medium,2.4%,2.4%,
2018-12-27,5:50pm,JPY,BOJ Summary of Opinions,Medium,,,
2018-12-27,5:50pm,JPY,Prelim Industrial Production m/m,Medium,-1.7%,2.9%,
2018-12-27,5:50pm,JPY,Retail Sales y/y,Medium,2.1%,3.6%,
2018-12-28,2:00am,CHF,KOF Economic Barometer,Low,98.7,98.9,
2018-12-28,2:00am,EUR,Spanish Flash CPI y/y,Medium,1.6%,1.7%,
2018-12-28,3:30am,GBP,High Street Lending,Medium,38.9K,39.6K,
2018-12-28,4:35am,EUR,Italian 10-y Bond Auction,Medium,,3.24|1.4,
2018-12-28,8:45am,USD,Chicago PMI,Low,61.4,66.4,
2018-12-28,9:00am,USD,Pending Home Sales m/m,Medium,0.9%,-2.6%,
2018-12-28,9:30am,USD,Natural Gas Storage,Medium,-50B,-141B,
2018-12-28,10:00am,USD,Crude Oil Inventories,Medium,-2.9M,-0.5M,
2018-12-31,3:30am,GBP,Housing Equity Withdrawal q/q,Medium,-6.0B,-6.4B,
2018-12-31,All Day,JPY,Bank Holiday,Low,,,
2018-01-01,All Day,EUR,French Bank Holiday,Low,,,
2018-01-01,All Day,EUR,German Bank Holiday,Low,,,
2018-01-01,All Day,EUR,Italian Bank Holiday,Low,,,
2018-01-01,All Day,GBP,Bank Holiday,Low,,,
2018-01-01,All Day,USD,Bank Holiday,Low,,,
2018-01-01,All Day,JPY,Bank Holiday,Low,,,
2018-01-02,2:15am,EUR,Spanish Manufacturing PMI,Medium,52.4,52.6,
2018-01-02,2:45am,EUR,Italian Manufacturing PMI,Medium,48.5,48.6,
2018-01-02,2:50am,EUR,French Final Manufacturing PMI,Medium,49.7,49.7,
2018-01-02,2:55am,EUR,German Final Manufacturing PMI,Medium,51.5,51.5,
2018-01-02,3:00am,EUR,Final Manufacturing PMI,Medium,51.4,51.4,
2018-01-02,3:30am,GBP,Final Manufacturing PMI,Low,52.5,53.6,
2018-01-02,8:45am,USD,Final Manufacturing PMI,Medium,53.9,53.9,
2018-01-02,All Day,JPY,Bank Holiday,Low,,,
2018-01-03,2:30am,CHF,Manufacturing PMI,Medium,57.0,57.7,
2018-01-03,3:00am,EUR,M3 Money Supply y/y,Medium,3.8%,3.9%,
2018-01-03,3:07am,EUR,Private Loans y/y,Medium,3.3%,3.2%,
2018-01-03,3:30am,GBP,Construction PMI,Medium,52.9,53.4,
2018-01-03,3:55am,EUR,Spanish 10-y Bond Auction,Medium,,1.46|1.9,
2018-01-03,6:30am,USD,Challenger Job Cuts y/y,Medium,,51.5%,
2018-01-03,7:15am,USD,ADP Non-Farm Employment Change,Low,179K,157K,
2018-01-03,7:30am,USD,Unemployment Claims,Medium,220K,221K,
2018-01-03,9:00am,USD,ISM Manufacturing PMI,High,57.7,59.3,
2018-01-03,9:00am,USD,ISM Manufacturing Prices,Medium,57.9,60.7,
2018-01-03,All Day,USD,Total Vehicle Sales,Medium,17.2M,17.5M,
2018-01-03,All Day,USD,Wards Total Vehicle Sales,Medium,17.2M,17.4M,
2018-01-03,3:30pm,USD,API Weekly Statistical Bulletin,Medium,,,
2018-01-03,6:01pm,GBP,BRC Shop Price Index y/y,Medium,,0.1%,
2018-01-03,6:30pm,JPY,Final Manufacturing PMI,Medium,52.4,52.4,
2018-01-04,1:45am,EUR,French Prelim CPI m/m,Medium,0.1%,-0.2%,
2018-01-04,2:15am,EUR,Spanish Services PMI,Medium,53.8,54.0,
2018-01-04,2:45am,EUR,Italian Services PMI,Medium,50.2,50.3,
2018-01-04,2:50am,EUR,French Final Services PMI,Medium,49.7,49.6,
2018-01-04,2:55am,EUR,German Final Services PMI,Medium,52.5,52.5,
2018-01-04,2:55am,EUR,German Unemployment Change,Medium,-12K,-16K,
2018-01-04,3:00am,EUR,Final Services PMI,Medium,51.4,51.4,
2018-01-04,3:30am,GBP,Final Services PMI,Low,50.7,50.4,
2018-01-04,3:30am,GBP,Net Lending to Individuals m/m,Low,4.9B,4.8B,
2018-01-04,3:30am,GBP,M4 Money Supply m/m,Medium,0.6%,0.7%,
2018-01-04,3:30am,GBP,Mortgage Approvals,Medium,66K,67K,
2018-01-04,4:00am,EUR,Core CPI Flash Estimate y/y,Low,1.0%,1.0%,
2018-01-04,4:00am,EUR,CPI Flash Estimate y/y,Low,1.8%,1.9%,
2018-01-04,4:00am,EUR,PPI m/m,Medium,-0.2%,0.8%,
2018-01-04,4:00am,EUR,Italian Prelim CPI m/m,Medium,0.1%,-0.2%,
2018-01-04,7:30am,USD,Average Hourly Earnings m/m,High,0.3%,0.2%,
2018-01-04,7:30am,USD,Non-Farm Employment Change,High,179K,176K,
2018-01-04,7:30am,USD,Unemployment Rate,High,3.7%,3.7%,
2018-01-04,8:45am,USD,Final Services PMI,Medium,53.5,53.4,
2018-01-04,9:15am,USD,Fed Chairman Powell Speaks,High,,,
2018-01-04,9:30am,USD,Natural Gas Storage,Medium,-43B,-48B,
2018-01-04,10:00am,USD,Crude Oil Inventories,Medium,-2.8M,0.0M,
2018-01-06,5:50pm,JPY,Monetary Base y/y,Medium,5.8%,6.1%,
