date,time,currency,event,impact,actual,forecast,previous
2019-01-07,MonJan 7,EUR,German Retail Sales m/m,Medium,0.4%,0.1%,
2019-01-07,3:30am,EUR,Sentix Investor Confidence,Medium,-2.0,-0.3,
2019-01-07,4:00am,EUR,Retail Sales m/m,Medium,0.2%,0.6%,
2019-01-07,9:00am,USD,ISM Services PMI,High,59.6,60.7,
2019-01-07,9:35pm,JPY,10-y Bond Auction,Medium,,0.07|3.8,
2019-01-07,11:07pm,JPY,Consumer Confidence,Medium,42.8,42.9,
2019-01-08,1:00am,EUR,German Industrial Production m/m,Medium,0.3%,-0.8%,
2019-01-08,1:30am,CHF,Retail Sales y/y,Medium,-0.7%,1.0%,
2019-01-08,1:45am,EUR,French Trade Balance,Medium,-4.9B,-4.1B,
2019-01-08,2:30am,GBP,Halifax HPI m/m,Medium,0.5%,-1.2%,
2019-01-08,4:20am,USD,NFIB Small Business Index,Medium,103.1,104.8,
2019-01-08,4:37am,GBP,10-y Bond Auction,Medium,,1.49|2.0,
2019-01-08,9:00am,USD,JOLTS Job Openings,Medium,7.07M,7.13M,
2019-01-08,2:00pm,USD,Consumer Credit m/m,Medium,17.3B,25.0B,
2019-01-08,3:30pm,USD,API Weekly Statistical Bulletin,Medium,,,
2019-01-08,6:00pm,JPY,Average Cash Earnings y/y,Low,1.3%,1.5%,
2019-01-08,8:00pm,USD,President Trump Speaks,High,,,
2019-01-09,1:30am,CHF,CPI m/m,Medium,-0.2%,-0.3%,
2019-01-09,2:00am,CHF,Foreign Currency Reserves,Medium,,749B,
2019-01-09,3:00am,EUR,Italian Monthly Unemployment Rate,Medium,10.5%,10.6%,
2019-01-09,4:00am,EUR,Unemployment Rate,Medium,8.1%,8.0%,
2019-01-09,4:32am,EUR,German 10-y Bond Auction,Medium,,0.34|1.6,
2019-01-09,8:00am,USD,FOMC Member Evans Speaks,Low,,,
2019-01-09,9:30am,GBP,BOE Gov Carney Speaks,High,,,
2019-01-09,9:30am,USD,Crude Oil Inventories,Medium,-2.4M,0.0M,
2019-01-09,10:30am,USD,FOMC Member Rosengren Speaks,Low,,,
2019-01-09,12:01pm,USD,10-y Bond Auction,Medium,,2.92|2.4,
2019-01-09,1:00pm,USD,FOMC Meeting Minutes,High,,,
2019-01-09,6:01pm,GBP,BRC Retail Sales Monitor y/y,Medium,-0.3%,-0.5%,
2019-01-09,9:35pm,JPY,30-y Bond Auction,Medium,,0.79|3.8,
2019-01-09,11:00pm,JPY,Leading Indicators,Medium,99.5%,99.6%,
2019-01-10,3:05am,EUR,Italian Retail Sales m/m,Medium,0.2%,0.2%,
2019-01-10,4:01am,EUR,French 10-y Bond Auction,Medium,,0.82|1.8,
2019-01-10,Tentative,GBP,Monetary Policy Report Hearings,High,,,
2019-01-10,6:30am,EUR,ECB Monetary Policy Meeting Accounts,Low,,,
2019-01-10,7:30am,USD,Unemployment Claims,Medium,226K,233K,
2019-01-10,9:30am,USD,Natural Gas Storage,Medium,-62B,-20B,
2019-01-10,11:40am,USD,FOMC Member Bullard Speaks,Low,,,
2019-01-10,11:45am,USD,Fed Chairman Powell Speaks,High,,,
2019-01-10,12:00pm,USD,FOMC Member Evans Speaks,Low,,,
2019-01-10,12:01pm,USD,30-y Bond Auction,Medium,,3.17|2.3,
2019-01-10,5:30pm,JPY,Household Spending y/y,Medium,0.0%,-0.3%,
2019-01-10,5:50pm,JPY,Bank Lending y/y,Medium,2.1%,2.1%,
2019-01-10,5:50pm,JPY,Current Account,Medium,1.10T,1.21T,
2019-01-10,6:00pm,USD,FOMC Member Clarida Speaks,Low,,,
2019-01-10,11:03pm,JPY,Economy Watchers Sentiment,Medium,50.5,51.0,
2019-01-11,3:30am,GBP,GDP m/m,High,0.1%,0.1%,
2019-01-11,3:30am,GBP,Manufacturing Production m/m,High,0.4%,-0.6%,
2019-01-11,3:30am,GBP,Construction Output m/m,Medium,0.2%,0.0%,
2019-01-11,3:30am,GBP,Goods Trade Balance,Medium,-11.4B,-11.9B,
2019-01-11,3:30am,GBP,Index of Services 3m/3m,Medium,0.2%,0.3%,
2019-01-11,3:30am,GBP,Industrial Production m/m,Medium,0.3%,-0.5%,
2019-01-11,7:30am,USD,Core CPI m/m,High,0.2%,0.2%,
2019-01-11,7:30am,USD,CPI m/m,High,-0.1%,0.0%,
2019-01-11,7:30am,USD,CPI y/y,High,1.9%,2.2%,
2019-01-11,8:02am,GBP,NIESR GDP Estimate,Medium,,0.3%,
2019-01-14,4:00am,EUR,Industrial Production m/m,Medium,0.3%,0.1%,
2019-01-14,5:50pm,JPY,M2 Money Stock y/y,Medium,2.4%,2.3%,
2019-01-14,11:59pm,JPY,Prelim Machine Tool Orders y/y,Medium,,-17.0%,
2019-01-15,TueJan 15,EUR,French Gov Budget Balance,Medium,,-87.0B,
2019-01-15,4:00am,EUR,Trade Balance,Medium,13.2B,13.5B,
2019-01-15,7:30am,USD,PPI m/m,High,-0.1%,0.1%,
2019-01-15,7:30am,USD,Core PPI m/m,Low,0.2%,0.3%,
2019-01-15,7:30am,USD,Empire State Manufacturing Index,Medium,11.6,10.9,
2019-01-15,9:00am,EUR,ECB President Draghi Speaks,High,,,
2019-01-15,9:02am,USD,RCM/TIPP Economic Optimism,Medium,53.1,52.6,
2019-01-15,12:00pm,USD,FOMC Member George Speaks,Low,,,
2019-01-15,1:39pm,GBP,Parliament Brexit Vote,High,Reject,,
2019-01-15,3:30pm,USD,API Weekly Statistical Bulletin,Medium,,,
2019-01-15,5:50pm,JPY,Core Machinery Orders m/m,Medium,3.3%,7.6%,
2019-01-15,5:50pm,JPY,PPI y/y,Medium,1.8%,2.3%,
2019-01-15,10:30pm,JPY,Tertiary Industry Activity m/m,Medium,-0.5%,2.2%,
2019-01-16,3:15am,GBP,BOE Gov Carney Speaks,High,,,
2019-01-16,3:30am,GBP,CPI y/y,High,2.1%,2.3%,
2019-01-16,3:30am,GBP,PPI Input m/m,Low,-1.5%,-2.6%,
2019-01-16,3:30am,GBP,RPI y/y,Low,2.9%,3.2%,
2019-01-16,3:30am,GBP,Core CPI y/y,Medium,1.8%,1.8%,
2019-01-16,3:30am,GBP,HPI y/y,Medium,3.0%,2.7%,
2019-01-16,3:30am,GBP,PPI Output m/m,Medium,0.1%,0.1%,
2019-01-16,4:34am,EUR,German 30-y Bond Auction,Medium,,1.04|1.2,
2019-01-16,7:30am,USD,Import Prices m/m,Medium,-1.3%,-1.9%,
2019-01-16,8:30am,GBP,CB Leading Index m/m,Medium,,-0.4%,
2019-01-16,9:00am,USD,NAHB Housing Market Index,Medium,56,56,
2019-01-16,9:30am,USD,Crude Oil Inventories,Medium,-1.4M,-1.7M,
2019-01-16,1:00pm,USD,Beige Book,Medium,,,
2019-01-16,1:15pm,GBP,Govt Confidence Vote,High,,,
2019-01-16,6:01pm,GBP,RICS House Price Balance,Medium,-13%,-11%,
2019-01-16,9:20pm,JPY,BOJ Gov Kuroda Speaks,High,,,
2019-01-17,3:30am,GBP,BOE Credit Conditions Survey,Low,,,
2019-01-17,4:00am,EUR,Final Core CPI y/y,Medium,1.0%,1.0%,
2019-01-17,4:00am,EUR,Final CPI y/y,Medium,1.7%,1.6%,
2019-01-17,7:30am,USD,Philly Fed Manufacturing Index,Low,9.7,9.4,
2019-01-17,7:30am,USD,Unemployment Claims,Medium,219K,216K,
2019-01-17,9:30am,USD,Natural Gas Storage,Medium,-73B,-91B,
2019-01-17,9:45am,USD,FOMC Member Quarles Speaks,Low,,,
2019-01-17,5:30pm,JPY,National Core CPI y/y,Medium,0.8%,0.9%,
2019-01-17,10:30pm,JPY,Revised Industrial Production m/m,Medium,-1.1%,-1.1%,
2019-01-18,3:00am,EUR,Current Account,Medium,24.1B,26.8B,
2019-01-18,3:30am,GBP,Retail Sales m/m,High,-0.8%,1.3%,
2019-01-18,8:05am,USD,FOMC Member Williams Speaks,Low,,,
2019-01-18,8:15am,USD,Capacity Utilization Rate,Medium,78.6%,78.6%,
2019-01-18,8:15am,USD,Industrial Production m/m,Medium,0.2%,0.4%,
2019-01-18,9:00am,USD,Prelim UoM Consumer Sentiment,Low,97.0,98.3,
2019-01-18,9:00am,USD,Prelim UoM Inflation Expectations,Medium,,2.7%,
2019-01-21,5:00am,EUR,German Buba Monthly Report,Medium,,,
2019-01-21,All Day,USD,Bank Holiday,Low,,,
2019-01-21,9:35am,GBP,Prime Minister May Speaks,High,,,
2019-01-21,11:00pm,JPY,BOJ Core CPI y/y,Medium,0.5%,0.5%,
2019-01-22,TueJan 22,GBP,Public Sector Net Borrowing,Low,1.1B,6.3B,
2019-01-22,TueJan 22,GBP,Unemployment Rate,Low,4.1%,4.1%,
2019-01-22,TueJan 22,GBP,Claimant Count Change,Medium,20.1K,24.8K,
2019-01-22,4:00am,EUR,German ZEW Economic Sentiment,Low,-18.8,-17.5,
2019-01-22,4:00am,EUR,ZEW Economic Sentiment,Medium,-20.1,-21.0,
2019-01-22,9:00am,USD,Existing Home Sales,Medium,5.27M,5.33M,
2019-01-22,5:50pm,JPY,Trade Balance,Medium,-0.29T,-0.48T,
2019-01-22,8:59pm,JPY,BOJ Outlook Report,High,,,
2019-01-22,8:59pm,JPY,Monetary Policy Statement,High,,,
2019-01-22,8:59pm,JPY,BOJ Policy Rate,Low,-0.10%,-0.10%,
2019-01-22,10:30pm,JPY,All Industries Activity m/m,Medium,-0.4%,2.1%,
2019-01-23,3:30am,GBP,MPC Member Broadbent Speaks,Low,,,
2019-01-23,5:00am,GBP,CBI Industrial Order Expectations,Medium,5,8,
2019-01-23,8:00am,USD,HPI m/m,Medium,0.3%,0.4%,
2019-01-23,9:00am,EUR,Consumer Confidence,Medium,-6,-6,
2019-01-23,9:03am,USD,Richmond Manufacturing Index,Medium,-2,-8,
2019-01-23,3:30pm,USD,API Weekly Statistical Bulletin,Medium,,,
2019-01-23,6:30pm,JPY,Flash Manufacturing PMI,Medium,52.7,52.6,
2019-01-24,ThuJan 24,EUR,French Flash Services PMI,Low,50.6,49.0,
2019-01-24,2:30am,EUR,German Flash Manufacturing PMI,Low,51.4,51.5,
2019-01-24,2:30am,EUR,German Flash Services PMI,Low,52.2,51.8,
2019-01-24,3:00am,EUR,Flash Manufacturing PMI,Low,51.5,51.4,
2019-01-24,3:00am,EUR,Flash Services PMI,Low,51.5,51.2,
2019-01-24,6:44am,EUR,Main Refinancing Rate,High,0.00%,0.00%,
2019-01-24,6:45am,EUR,Monetary Policy Statement,High,,,
2019-01-24,7:30am,EUR,ECB Press Conference,High,,,
2019-01-24,7:30am,USD,Unemployment Claims,Medium,219K,212K,
2019-01-24,8:45am,USD,Flash Manufacturing PMI,Medium,53.5,53.8,
2019-01-24,8:45am,USD,Flash Services PMI,Medium,54.0,54.4,
2019-01-24,9:00am,USD,CB Leading Index m/m,Medium,-0.1%,0.2%,
2019-01-24,9:30am,USD,Natural Gas Storage,Medium,-145B,-81B,
2019-01-24,10:00am,USD,Crude Oil Inventories,Medium,-0.2M,-2.7M,
2019-01-24,5:30pm,JPY,Tokyo Core CPI y/y,Medium,0.9%,0.9%,
2019-01-25,3:30am,GBP,High Street Lending,Medium,38.9K,39.2K,
2019-01-25,5:00am,GBP,CBI Realized Sales,Medium,3,-13,
2019-01-25,7:59am,EUR,Belgian NBB Business Climate,Medium,-1.4,-0.9,
2019-01-25,12:30pm,USD,President Trump Speaks,High,,,
2019-01-27,5:50pm,JPY,Monetary Policy Meeting Minutes,Medium,,,
2019-01-27,5:50pm,JPY,SPPI y/y,Medium,1.2%,1.2%,
2019-01-28,MonJan 28,EUR,Private Loans y/y,Medium,3.4%,3.3%,
2019-01-28,8:00am,EUR,ECB President Draghi Speaks,High,,,
2019-01-28,8:30am,GBP,BOE Gov Carney Speaks,High,,,
2019-01-29,2:00am,EUR,Spanish Unemployment Rate,Low,14.5%,14.6%,
2019-01-29,8:00am,USD,S&P/CS Composite-20 HPI y/y,Medium,5.0%,5.0%,
2019-01-29,9:00am,USD,CB Consumer Confidence,High,125.0,126.6,
2019-01-29,3:30pm,USD,API Weekly Statistical Bulletin,Medium,,,
2019-01-29,5:50pm,JPY,Retail Sales y/y,Medium,0.9%,1.4%,
2019-01-29,6:01pm,GBP,BRC Shop Price Index y/y,Medium,,0.3%,
2019-01-29,11:00pm,JPY,Consumer Confidence,Medium,42.5,42.7,
2019-01-30,1:00am,EUR,German GfK Consumer Climate,Medium,10.3,10.5,
2019-01-30,1:00am,EUR,German Import Prices m/m,Medium,-0.8%,-1.0%,
2019-01-30,All Day,EUR,German Prelim CPI m/m,Low,-0.9%,0.1%,
2019-01-30,1:45am,EUR,French Consumer Spending m/m,Medium,-0.3%,-0.1%,
2019-01-30,2:00am,CHF,KOF Economic Barometer,Medium,96.8,96.4,
2019-01-30,3:00am,CHF,UBS Economic Expectations,Medium,,-22.2,
2019-01-30,3:30am,GBP,Net Lending to Individuals m/m,Low,4.3B,4.6B,
2019-01-30,3:30am,GBP,M4 Money Supply m/m,Medium,0.2%,0.1%,
2019-01-30,3:30am,GBP,Mortgage Approvals,Medium,63K,64K,
2019-01-30,4:14am,EUR,Italian 10-y Bond Auction,Medium,,2.70|1.5,
2019-01-30,4:34am,EUR,German 10-y Bond Auction,Medium,,0.29|1.6,
2019-01-30,7:15am,USD,ADP Non-Farm Employment Change,Low,180K,263K,
2019-01-30,9:00am,USD,Pending Home Sales m/m,Medium,0.8%,-0.9%,
2019-01-30,9:30am,USD,Crude Oil Inventories,Medium,3.0M,8.0M,
2019-01-30,1:00pm,USD,Federal Funds Rate,High,2.50%,2.50%,
2019-01-30,1:00pm,USD,FOMC Statement,High,,,
2019-01-30,1:30pm,USD,FOMC Press Conference,High,,,
2019-01-30,5:50pm,JPY,BOJ Summary of Opinions,Medium,,,
2019-01-30,5:50pm,JPY,Prelim Industrial Production m/m,Medium,-0.5%,-1.0%,
2019-01-30,6:01pm,GBP,GfK Consumer Confidence,Medium,-14,-14,
2019-01-30,11:00pm,JPY,Housing Starts y/y,Medium,2.1%,-0.6%,
2019-01-31,1:00am,EUR,German Retail Sales m/m,Medium,-0.5%,1.4%,
2019-01-31,1:45am,EUR,French Prelim CPI m/m,Medium,-0.5%,0.0%,
2019-01-31,2:00am,EUR,Spanish Flash GDP q/q,Low,0.6%,0.6%,
2019-01-31,2:00am,EUR,Spanish Flash CPI y/y,Medium,1.1%,1.2%,
2019-01-31,2:55am,EUR,German Unemployment Change,Medium,-11K,-12K,
2019-01-31,3:00am,EUR,Italian Monthly Unemployment Rate,Medium,10.6%,10.5%,
2019-01-31,4:00am,EUR,Prelim Flash GDP q/q,Low,0.2%,0.2%,
2019-01-31,4:00am,EUR,Italian Prelim GDP q/q,Medium,-0.1%,-0.1%,
2019-01-31,4:00am,EUR,Unemployment Rate,Medium,7.9%,7.9%,
2019-01-31,6:30am,USD,Challenger Job Cuts y/y,Medium,,35.3%,
2019-01-31,7:30am,USD,Employment Cost Index q/q,Low,0.8%,0.8%,
2019-01-31,7:30am,USD,Unemployment Claims,Medium,215K,200K,
2019-01-31,8:45am,USD,Chicago PMI,Low,61.5,65.4,
2019-01-31,9:00am,USD,New Home Sales,Medium,569K,562K,
2019-01-31,9:30am,USD,Natural Gas Storage,Medium,-191B,-163B,
2019-01-31,10:00am,EUR,German Buba President Weidmann Speaks,Low,,,
2019-01-31,3:00pm,USD,TIC Long-Term Purchases,Medium,30.3B,31.9B,
2019-01-31,5:30pm,JPY,Unemployment Rate,Medium,2.5%,2.5%,
2019-01-31,6:30pm,JPY,Final Manufacturing PMI,Medium,50.0,50.0,
2019-02-01,1:30am,CHF,Retail Sales y/y,Medium,0.1%,-0.6%,
2019-02-01,1:45am,EUR,French Gov Budget Balance,Medium,,-95.6B,
2019-02-01,2:15am,EUR,Spanish Manufacturing PMI,Medium,50.5,51.1,
2019-02-01,2:30am,CHF,Manufacturing PMI,Medium,56.2,57.8,
2019-02-01,2:45am,EUR,Italian Manufacturing PMI,Medium,49.0,49.2,
2019-02-01,2:50am,EUR,French Final Manufacturing PMI,Medium,51.2,51.2,
2019-02-01,2:55am,EUR,German Final Manufacturing PMI,Medium,49.9,49.9,
2019-02-01,3:00am,EUR,Final Manufacturing PMI,Medium,50.5,50.5,
2019-02-01,3:30am,GBP,Final Manufacturing PMI,Low,53.5,54.2,
2019-02-01,4:00am,EUR,Core CPI Flash Estimate y/y,Low,1.0%,1.0%,
2019-02-01,4:00am,EUR,CPI Flash Estimate y/y,Low,1.4%,1.6%,
2019-02-01,7:30am,USD,Average Hourly Earnings m/m,High,0.3%,0.4%,
2019-02-01,7:30am,USD,Non-Farm Employment Change,High,165K,222K,
2019-02-01,7:30am,USD,Unemployment Rate,High,3.9%,3.9%,
2019-02-01,8:45am,USD,Final Manufacturing PMI,Medium,54.9,54.9,
2019-02-01,9:00am,USD,ISM Manufacturing PMI,High,54.1,54.1,
2019-02-01,9:00am,USD,Revised UoM Consumer Sentiment,Low,90.8,90.7,
2019-02-01,9:00am,USD,Construction Spending m/m,Medium,0.2%,0.1%,
2019-02-01,9:00am,USD,Final Wholesale Inventories m/m,Medium,0.5%,0.8%,
2019-02-01,9:00am,USD,ISM Manufacturing Prices,Medium,54.4,54.9,
2019-02-01,9:00am,USD,Revised UoM Inflation Expectations,Medium,,2.7%,
2019-02-01,All Day,USD,Total Vehicle Sales,Medium,17.2M,17.6M,
2019-02-01,All Day,USD,Wards Total Vehicle Sales,Medium,17.2M,17.5M,
2019-02-03,5:50pm,JPY,Monetary Base y/y,Medium,4.6%,4.8%,
2019-02-04,3:30am,EUR,Sentix Investor Confidence,Medium,-1.1,-1.5,
2019-02-04,3:30am,GBP,Construction PMI,Medium,52.6,52.8,
2019-02-04,4:00am,EUR,PPI m/m,Medium,-0.7%,-0.3%,
2019-02-04,4:00am,EUR,Italian Prelim CPI m/m,Medium,0.1%,-0.1%,
2019-02-04,9:00am,USD,Factory Orders m/m,Medium,0.3%,-2.1%,
2019-02-04,1:00pm,USD,Loan Officer Survey,Medium,,,
2019-02-04,6:01pm,GBP,BRC Retail Sales Monitor y/y,Medium,-0.2%,-0.7%,
2019-02-04,9:35pm,JPY,10-y Bond Auction,Medium,,0.02|4.0,
2019-02-05,2:45am,EUR,Italian Services PMI,Medium,50.0,50.5,
2019-02-05,2:50am,EUR,French Final Services PMI,Medium,47.5,47.5,
2019-02-05,2:55am,EUR,German Final Services PMI,Medium,53.1,53.1,
2019-02-05,3:00am,EUR,Final Services PMI,Medium,50.8,50.8,
2019-02-05,3:30am,GBP,Final Services PMI,Low,51.1,51.2,
2019-02-05,4:00am,EUR,Retail Sales m/m,Medium,-1.5%,0.8%,
2019-02-05,8:45am,USD,Final Services PMI,Medium,54.2,54.2,
2019-02-05,9:00am,USD,ISM Services PMI,High,57.2,57.6,
2019-02-05,9:00am,USD,RCM/TIPP Economic Optimism,Medium,53.1,52.3,
2019-02-05,3:30pm,USD,API Weekly Statistical Bulletin,Medium,,,
2019-02-05,3:30pm,USD,API Weekly Statistical Bulletin,Medium,,,
2019-02-05,8:00pm,USD,President Trump Speaks,High,,,
2019-02-06,7:30am,USD,Trade Balance,Medium,-54.0B,-55.7B,
2019-02-06,9:30am,USD,Crude Oil Inventories,Medium,1.3M,0.9M,
2019-02-06,12:01pm,USD,10-y Bond Auction,Medium,,2.73|2.5,
2019-02-06,5:05pm,USD,FOMC Member Quarles Speaks,Low,,,
2019-02-06,6:00pm,USD,Fed Chairman Powell Speaks,High,,,
2019-02-06,9:35pm,JPY,30-y Bond Auction,Medium,,0.72|4.0,
2019-02-06,11:00pm,JPY,Leading Indicators,Medium,97.9%,99.1%,
2019-02-07,1:45am,EUR,French Trade Balance,Medium,-4.1B,-4.8B,
2019-02-07,2:00am,CHF,Foreign Currency Reserves,Medium,,729B,
2019-02-07,2:30am,GBP,Halifax HPI m/m,Medium,-0.6%,2.5%,
2019-02-07,3:00am,EUR,ECB Economic Bulletin,Medium,,,
2019-02-07,3:00am,EUR,Italian Retail Sales m/m,Medium,-0.1%,0.6%,
2019-02-07,4:00am,EUR,EU Economic Forecasts,Low,,,
2019-02-07,4:02am,EUR,French 10-y Bond Auction,Medium,,0.68|1.7,
2019-02-07,6:00am,GBP,BOE Monetary Policy Report,High,,,
2019-02-07,6:00am,GBP,Monetary Policy Summary,High,,,
2019-02-07,6:00am,GBP,MPC Official Bank Rate Votes,High,0-0-9,0-0-9,
2019-02-07,6:00am,GBP,Official Bank Rate,Low,0.75%,0.75%,
2019-02-07,6:00am,GBP,Asset Purchase Facility,Medium,435B,435B,
2019-02-07,6:00am,GBP,MPC Asset Purchase Facility Votes,Medium,0-0-9,0-0-9,
2019-02-07,6:30am,GBP,BOE Gov Carney Speaks,High,,,
2019-02-07,7:30am,USD,Unemployment Claims,Medium,220K,253K,
2019-02-07,8:30am,USD,FOMC Member Clarida Speaks,Low,,,
2019-02-07,9:30am,USD,Natural Gas Storage,Medium,-228B,-173B,
2019-02-07,12:01pm,USD,30-y Bond Auction,Medium,,3.04|2.2,
2019-02-07,2:00pm,USD,Consumer Credit m/m,Medium,16.5B,22.4B,
2019-02-07,5:30pm,JPY,Average Cash Earnings y/y,Low,1.7%,1.7%,
2019-02-07,5:30pm,JPY,Household Spending y/y,Medium,0.8%,-0.6%,
2019-02-07,5:50pm,JPY,Bank Lending y/y,Medium,2.4%,2.4%,
2019-02-07,5:50pm,JPY,Current Account,Medium,1.52T,1.44T,
2019-02-07,6:30pm,USD,FOMC Member Bullard Speaks,Low,,,
2019-02-07,11:02pm,JPY,Economy Watchers Sentiment,Medium,48.5,48.0,
2019-02-08,1:00am,EUR,German Trade Balance,Medium,18.3B,18.9B,
2019-02-08,1:45am,EUR,French Industrial Production m/m,Medium,0.7%,-1.5%,
2019-02-08,1:45am,EUR,French Prelim Private Payrolls q/q,Medium,0.1%,0.1%,
2019-02-08,3:00am,EUR,Italian Industrial Production m/m,Medium,0.4%,-1.7%,
2019-02-11,3:30am,GBP,GDP m/m,High,0.0%,0.2%,
2019-02-11,3:30am,GBP,Manufacturing Production m/m,High,0.2%,-0.1%,
2019-02-11,3:30am,GBP,Prelim GDP q/q,High,0.3%,0.6%,
2019-02-11,3:30am,GBP,Prelim Business Investment q/q,Low,-1.3%,-1.1%,
2019-02-11,3:30am,GBP,Construction Output m/m,Medium,0.2%,0.1%,
2019-02-11,3:30am,GBP,Goods Trade Balance,Medium,-12.0B,-12.4B,
2019-02-11,3:30am,GBP,Index of Services 3m/3m,Medium,0.3%,0.4%,
2019-02-11,3:30am,GBP,Industrial Production m/m,Medium,0.1%,-0.3%,
2019-02-11,All Day,EUR,Eurogroup Meetings,Medium,,,
2019-02-11,7:18am,GBP,NIESR GDP Estimate,Medium,,0.2%,
2019-02-11,10:15am,USD,FOMC Member Bowman Speaks,Low,,,
2019-02-11,5:50pm,JPY,M2 Money Stock y/y,Medium,2.4%,2.4%,
2019-02-11,6:03pm,USD,NFIB Small Business Index,Medium,103.2,104.4,
2019-02-11,10:30pm,JPY,Tertiary Industry Activity m/m,Medium,-0.1%,-0.4%,
2019-02-11,11:59pm,JPY,Prelim Machine Tool Orders y/y,Medium,,-18.3%,
2019-02-12,All Day,EUR,ECOFIN Meetings,Medium,,,
2019-02-12,7:00am,GBP,BOE Gov Carney Speaks,High,,,
2019-02-12,9:00am,USD,JOLTS Job Openings,Medium,6.84M,7.17M,
2019-02-12,11:45am,USD,Fed Chairman Powell Speaks,High,,,
2019-02-12,3:30pm,USD,API Weekly Statistical Bulletin,Medium,,,
2019-02-12,5:50pm,JPY,PPI y/y,Medium,1.0%,1.5%,
2019-02-12,6:30pm,USD,FOMC Member George Speaks,Low,,,
2019-02-13,WedFeb 13,GBP,PPI Input m/m,Low,0.2%,-1.6%,
2019-02-13,WedFeb 13,GBP,RPI y/y,Low,2.6%,2.7%,
2019-02-13,WedFeb 13,GBP,Core CPI y/y,Medium,1.9%,1.9%,
2019-02-13,WedFeb 13,GBP,HPI y/y,Medium,2.6%,2.7%,
2019-02-13,WedFeb 13,GBP,PPI Output m/m,Medium,0.0%,-0.3%,
2019-02-13,4:00am,EUR,Industrial Production m/m,Medium,-0.4%,-1.7%,
2019-02-13,4:32am,EUR,German 30-y Bond Auction,Medium,,0.85|1.1,
2019-02-13,7:30am,USD,Core CPI m/m,High,0.2%,0.2%,
2019-02-13,7:30am,USD,CPI m/m,High,0.1%,-0.1%,
2019-02-13,7:30am,USD,CPI y/y,High,1.5%,1.9%,
2019-02-13,8:30am,GBP,CB Leading Index m/m,Medium,,-0.5%,
2019-02-13,9:30am,USD,Crude Oil Inventories,Medium,2.1M,1.3M,
2019-02-13,1:00pm,USD,Federal Budget Balance,Medium,-10.5B,-204.9B,
2019-02-13,5:50pm,JPY,Prelim GDP q/q,Low,0.4%,-0.6%,
2019-02-13,5:53pm,JPY,Prelim GDP Price Index y/y,Medium,-0.4%,-0.3%,
2019-02-13,6:01pm,GBP,RICS House Price Balance,Medium,-20%,-19%,
2019-02-14,1:00am,EUR,German Prelim GDP q/q,Low,0.1%,-0.2%,
2019-02-14,1:00am,EUR,German WPI m/m,Medium,0.3%,-1.2%,
2019-02-14,1:30am,CHF,PPI m/m,Medium,-0.4%,-0.6%,
2019-02-14,3:30am,GBP,MPC Member Vlieghe Speaks,Low,,,
2019-02-14,4:00am,EUR,Flash GDP q/q,Low,0.2%,0.2%,
2019-02-14,4:00am,EUR,Flash Employment Change q/q,Medium,0.2%,0.2%,
2019-02-14,4:41am,GBP,10-y Bond Auction,Medium,,1.27|2.2,
2019-02-14,7:30am,USD,Core Retail Sales m/m,High,0.0%,0.0%,
2019-02-14,7:30am,USD,PPI m/m,High,0.1%,-0.2%,
2019-02-14,7:30am,USD,Retail Sales m/m,High,0.1%,0.1%,
2019-02-14,7:30am,USD,Core PPI m/m,Low,0.2%,-0.1%,
2019-02-14,7:30am,USD,Unemployment Claims,Medium,225K,235K,
2019-02-14,9:00am,USD,Business Inventories m/m,Medium,0.3%,0.6%,
2019-02-14,9:30am,USD,Natural Gas Storage,Medium,-79B,-237B,
2019-02-14,10:30pm,JPY,Revised Industrial Production m/m,Medium,-0.1%,-0.1%,
2019-02-15,3:03am,EUR,Italian Trade Balance,Medium,3.47B,3.85B,
2019-02-15,3:30am,GBP,Retail Sales m/m,High,0.2%,-0.7%,
2019-02-15,4:00am,EUR,Trade Balance,Medium,15.6B,15.8B,
2019-02-15,7:30am,USD,Empire State Manufacturing Index,Medium,7.1,3.9,
2019-02-15,7:30am,USD,Import Prices m/m,Medium,-0.1%,-1.0%,
2019-02-15,8:15am,USD,Capacity Utilization Rate,Medium,78.8%,78.8%,
2019-02-15,8:15am,USD,Industrial Production m/m,Medium,0.1%,0.1%,
2019-02-15,9:00am,USD,Prelim UoM Consumer Sentiment,Low,93.3,91.2,
2019-02-15,9:00am,USD,Mortgage Delinquencies,Medium,,4.47%,
2019-02-15,9:00am,USD,Prelim UoM Inflation Expectations,Medium,,2.7%,
2019-02-15,3:00pm,USD,TIC Long-Term Purchases,Medium,34.5B,32.0B,
2019-02-17,5:50pm,JPY,Core Machinery Orders m/m,Medium,-1.1%,0.0%,
2019-02-17,6:01pm,GBP,Rightmove HPI m/m,Medium,,0.4%,
2019-02-18,All Day,USD,Bank Holiday,Low,,,
2019-02-19,3:00am,EUR,Current Account,Medium,21.4B,22.6B,
2019-02-19,3:30am,GBP,Average Earnings Index 3m/y,High,3.5%,3.4%,
2019-02-19,3:30am,GBP,Unemployment Rate,Low,4.0%,4.0%,
2019-02-19,3:30am,GBP,Claimant Count Change,Medium,12.3K,20.2K,
2019-02-19,4:00am,EUR,German ZEW Economic Sentiment,Low,-14.1,-15.0,
2019-02-19,4:00am,EUR,ZEW Economic Sentiment,Medium,-18.2,-20.9,
2019-02-19,9:00am,USD,NAHB Housing Market Index,Medium,59,58,
2019-02-19,5:50pm,JPY,Trade Balance,Medium,0.17T,-0.22T,
2019-02-20,5:00am,GBP,CBI Industrial Order Expectations,Medium,-5,-1,
2019-02-20,8:56am,EUR,Consumer Confidence,Medium,-8,-8,
2019-02-20,1:00pm,USD,FOMC Meeting Minutes,High,,,
2019-02-20,3:30pm,USD,API Weekly Statistical Bulletin,Medium,,,
2019-02-20,6:30pm,JPY,Flash Manufacturing PMI,Medium,50.4,50.3,
2019-02-20,10:30pm,JPY,All Industries Activity m/m,Medium,-0.2%,-0.5%,
2019-02-21,1:45am,EUR,French Final CPI m/m,Medium,-0.5%,-0.5%,
2019-02-21,2:15am,EUR,French Flash Services PMI,High,48.6,47.8,
2019-02-21,2:15am,EUR,French Flash Manufacturing PMI,Low,51.0,51.2,
2019-02-21,2:30am,EUR,German Flash Manufacturing PMI,High,49.7,49.7,
2019-02-21,2:30am,EUR,German Flash Services PMI,High,52.8,53.0,
2019-02-21,3:00am,EUR,Flash Manufacturing PMI,Low,50.3,50.5,
2019-02-21,3:00am,EUR,Flash Services PMI,Low,51.4,51.2,
2019-02-21,3:30am,GBP,Public Sector Net Borrowing,Low,-11.1B,2.1B,
2019-02-21,3:50am,EUR,Spanish 10-y Bond Auction,Medium,,1.40|1.3,
2019-02-21,6:30am,EUR,ECB Monetary Policy Meeting Accounts,Low,,,
2019-02-21,7:30am,USD,Core Durable Goods Orders m/m,High,0.3%,-0.4%,
2019-02-21,7:30am,USD,Durable Goods Orders m/m,Low,1.6%,0.7%,
2019-02-21,7:30am,USD,Philly Fed Manufacturing Index,Low,14.1,17.0,
2019-02-21,7:30am,USD,Unemployment Claims,Medium,228K,239K,
2019-02-21,8:45am,USD,Flash Manufacturing PMI,Medium,54.9,54.9,
2019-02-21,8:45am,USD,Flash Services PMI,Medium,54.4,54.2,
2019-02-21,9:00am,USD,CB Leading Index m/m,Medium,0.1%,-0.1%,
2019-02-21,9:00am,USD,Existing Home Sales,Medium,5.01M,5.00M,
2019-02-21,9:30am,USD,Natural Gas Storage,Medium,-164B,-78B,
2019-02-21,10:00am,USD,Crude Oil Inventories,Medium,2.9M,3.6M,
2019-02-21,5:30pm,JPY,National Core CPI y/y,Medium,0.8%,0.7%,
2019-02-22,3:00am,EUR,German ifo Business Climate,Low,99.0,99.3,
2019-02-22,4:00am,EUR,Final Core CPI y/y,Medium,1.1%,1.1%,
2019-02-22,4:00am,EUR,Final CPI y/y,Medium,1.4%,1.4%,
2019-02-22,5:00am,GBP,CBI Realized Sales,Medium,4,0,
2019-02-22,7:58am,EUR,Belgian NBB Business Climate,Medium,-2.0,-1.5,
2019-02-22,9:15am,USD,FOMC Member Williams Speaks,Low,,,
2019-02-22,9:30am,EUR,ECB President Draghi Speaks,High,,,
2019-02-22,10:00am,USD,Fed Monetary Policy Report,Medium,,,
2019-02-22,11:00am,USD,FOMC Member Clarida Speaks,Low,,,
2019-02-22,12:30pm,USD,FOMC Member Bullard Speaks,Low,,,
2019-02-22,12:30pm,USD,FOMC Member Quarles Speaks,Low,,,
2019-02-22,4:30pm,USD,FOMC Member Williams Speaks,Low,,,
2019-02-24,5:50pm,JPY,SPPI y/y,Medium,1.1%,1.1%,
2019-02-25,9:00am,USD,Prelim Wholesale Inventories m/m,Medium,0.3%,0.3%,
2019-02-25,10:00am,USD,FOMC Member Clarida Speaks,Low,,,
2019-02-25,5:00pm,USD,FOMC Member Clarida Speaks,Low,,,
2019-02-25,11:00pm,JPY,BOJ Core CPI y/y,Medium,0.6%,0.4%,
2019-02-26,4:00am,GBP,Monetary Policy Report Hearings,High,,,
2019-02-26,7:30am,USD,Building Permits,Medium,1.29M,1.32M,
2019-02-26,7:30am,USD,Housing Starts,Medium,1.25M,1.21M,
2019-02-26,8:00am,USD,HPI m/m,Medium,0.3%,0.4%,
2019-02-26,8:00am,USD,S&P/CS Composite-20 HPI y/y,Medium,4.5%,4.6%,
2019-02-26,8:45am,USD,Fed Chairman Powell Testifies,High,,,
2019-02-26,8:59am,USD,Richmond Manufacturing Index,Medium,6,-2,
2019-02-26,9:00am,USD,CB Consumer Confidence,High,124.8,121.7,
2019-02-26,10:42am,GBP,High Street Lending,Medium,38.5K,39.4K,
2019-02-26,3:30pm,USD,API Weekly Statistical Bulletin,Medium,,,
2019-02-26,6:01pm,GBP,BRC Shop Price Index y/y,Medium,,0.4%,
2019-02-27,WedFeb 27,EUR,M3 Money Supply y/y,Medium,4.0%,4.1%,
2019-02-27,WedFeb 27,EUR,Private Loans y/y,Medium,3.4%,3.2%,
2019-02-27,4:00am,EUR,German Buba President Weidmann Speaks,Low,,,
2019-02-27,4:15am,EUR,Italian 10-y Bond Auction,Medium,,2.60|1.4,
2019-02-27,4:32am,EUR,German 10-y Bond Auction,Medium,,0.20|1.5,
2019-02-27,7:30am,USD,Final Wholesale Inventories m/m,Medium,0.4%,1.1%,
2019-02-27,7:30am,USD,Goods Trade Balance,Medium,-74.1B,-70.5B,
2019-02-27,9:00am,USD,Fed Chairman Powell Testifies,High,,,
2019-02-27,9:00am,USD,Factory Orders m/m,Medium,1.5%,-0.5%,
2019-02-27,9:00am,USD,Pending Home Sales m/m,Medium,0.7%,-2.3%,
2019-02-27,9:30am,USD,Crude Oil Inventories,Medium,2.8M,3.7M,
2019-02-27,5:50pm,JPY,Prelim Industrial Production m/m,Medium,-2.5%,-0.1%,
2019-02-27,5:50pm,JPY,Retail Sales y/y,Medium,1.4%,1.3%,
2019-02-27,6:01pm,GBP,GfK Consumer Confidence,Medium,-15,-14,
2019-02-27,11:00pm,JPY,Housing Starts y/y,Medium,10.4%,2.1%,
2019-02-28,12:58am,GBP,Nationwide HPI m/m,Medium,-0.1%,0.2%,
2019-02-28,1:00am,EUR,German Import Prices m/m,Medium,0.2%,-1.3%,
2019-02-28,All Day,EUR,German Prelim CPI m/m,Low,0.5%,-0.8%,
2019-02-28,1:45am,EUR,French Consumer Spending m/m,Medium,1.1%,-1.5%,
2019-02-28,1:45am,EUR,French Prelim CPI m/m,Medium,0.4%,-0.4%,
2019-02-28,1:45am,EUR,French Prelim GDP q/q,Medium,0.3%,0.3%,
2019-02-28,2:00am,CHF,KOF Economic Barometer,Medium,95.2,96.2,
2019-02-28,2:00am,EUR,Spanish Flash CPI y/y,Medium,1.1%,1.0%,
2019-02-28,4:00am,EUR,Italian Prelim CPI m/m,Medium,0.2%,0.1%,
2019-02-28,7:00am,USD,FOMC Member Clarida Speaks,Low,,,
2019-02-28,7:30am,USD,Advance GDP q/q,High,2.2%,3.4%,
2019-02-28,7:30am,USD,Advance GDP Price Index q/q,Low,1.7%,1.8%,
2019-02-28,7:30am,USD,Unemployment Claims,Medium,221K,217K,
2019-02-28,8:45am,USD,Chicago PMI,Low,57.3,56.7,
2019-02-28,9:30am,USD,Natural Gas Storage,Medium,-172B,-177B,
2019-02-28,5:30pm,JPY,Tokyo Core CPI y/y,Medium,1.0%,1.1%,
2019-02-28,5:30pm,JPY,Unemployment Rate,Medium,2.4%,2.4%,
2019-02-28,5:50pm,JPY,Capital Spending q/y,Medium,4.5%,4.5%,
2019-02-28,6:30pm,JPY,Final Manufacturing PMI,Medium,48.5,48.5,
2019-02-28,7:15pm,USD,Fed Chairman Powell Speaks,High,,,
2019-02-28,11:02pm,JPY,Consumer Confidence,Medium,41.6,41.9,
2019-03-01,1:30am,CHF,Retail Sales y/y,Medium,0.3%,-0.2%,
2019-03-01,1:45am,EUR,French Gov Budget Balance,Medium,,-76.1B,
2019-03-01,2:15am,EUR,Spanish Manufacturing PMI,Medium,51.8,52.4,
2019-03-01,2:30am,CHF,Manufacturing PMI,Medium,53.5,54.3,
2019-03-01,2:45am,EUR,Italian Manufacturing PMI,Medium,47.1,47.8,
2019-03-01,2:50am,EUR,French Final Manufacturing PMI,Medium,51.4,51.4,
2019-03-01,2:55am,EUR,German Final Manufacturing PMI,Medium,47.6,47.6,
2019-03-01,2:55am,EUR,German Unemployment Change,Medium,-5K,-4K,
2019-03-01,3:00am,EUR,Final Manufacturing PMI,Medium,49.2,49.2,
2019-03-01,3:00am,EUR,Italian Monthly Unemployment Rate,Medium,10.4%,10.4%,
2019-03-01,3:30am,GBP,Final Manufacturing PMI,Low,52.0,52.6,
2019-03-01,3:30am,GBP,Net Lending to Individuals m/m,Low,4.7B,4.6B,
2019-03-01,3:30am,GBP,M4 Money Supply m/m,Medium,0.3%,0.5%,
2019-03-01,3:30am,GBP,Mortgage Approvals,Medium,63K,64K,
2019-03-01,4:00am,EUR,Core CPI Flash Estimate y/y,Low,1.1%,1.1%,
2019-03-01,4:00am,EUR,CPI Flash Estimate y/y,Low,1.5%,1.4%,
2019-03-01,4:00am,EUR,Unemployment Rate,Medium,7.9%,7.8%,
2019-03-01,Dec Data,USD,Personal Income m/m,Medium,0.5%,0.3%,
2019-03-01,7:30am,USD,Core PCE Price Index m/m,Low,0.2%,0.2%,
2019-03-01,7:30am,USD,Personal Spending m/m,Low,-0.2%,0.6%,
2019-03-01,7:30am,USD,Personal Income m/m,Medium,0.3%,1.0%,
2019-03-01,8:45am,USD,Final Manufacturing PMI,Medium,53.7,53.7,
2019-03-01,9:00am,USD,ISM Manufacturing PMI,High,55.6,56.6,
2019-03-01,9:00am,USD,Revised UoM Consumer Sentiment,Low,95.8,95.5,
2019-03-01,9:00am,USD,ISM Manufacturing Prices,Medium,51.6,49.6,
2019-03-01,9:00am,USD,Revised UoM Inflation Expectations,Medium,,2.5%,
2019-03-01,All Day,USD,Total Vehicle Sales,Medium,16.8M,16.7M,
2019-03-01,All Day,USD,Wards Total Vehicle Sales,Medium,16.8M,16.6M,
2019-03-03,5:50pm,JPY,Monetary Base y/y,Medium,4.5%,4.7%,
2019-03-04,3:30am,EUR,Sentix Investor Confidence,Medium,-3.1,-3.7,
2019-03-04,3:30am,GBP,Construction PMI,Medium,50.5,50.6,
2019-03-04,4:00am,EUR,PPI m/m,Medium,0.4%,-0.8%,
2019-03-04,9:00am,USD,Construction Spending m/m,Medium,0.2%,0.8%,
2019-03-04,6:01pm,GBP,BRC Retail Sales Monitor y/y,Medium,0.1%,1.8%,
2019-03-04,9:35pm,JPY,10-y Bond Auction,Medium,,-0.01|4.8,
2019-03-05,2:15am,EUR,Spanish Services PMI,Medium,54.2,54.7,
2019-03-05,2:45am,EUR,Italian Services PMI,Medium,49.5,49.7,
2019-03-05,2:50am,EUR,French Final Services PMI,Medium,49.8,49.8,
2019-03-05,2:55am,EUR,German Final Services PMI,Medium,55.1,55.1,
2019-03-05,3:00am,CHF,Gov Board Member Zurbrugg Speaks,Medium,,,
2019-03-05,3:00am,EUR,Final Services PMI,Medium,52.3,52.3,
2019-03-05,3:30am,GBP,Final Services PMI,Low,50.0,50.1,
2019-03-05,3:30am,GBP,FPC Meeting Minutes,Medium,,,
2019-03-05,3:30am,GBP,FPC Statement,Medium,,,
2019-03-05,4:00am,EUR,Retail Sales m/m,Medium,1.3%,-1.4%,
2019-03-05,6:30am,USD,FOMC Member Rosengren Speaks,Low,,,
2019-03-05,8:45am,USD,Final Services PMI,Medium,56.2,56.2,
2019-03-05,9:00am,USD,ISM Services PMI,Low,57.4,56.7,
2019-03-05,9:00am,USD,New Home Sales,Medium,597K,599K,
2019-03-05,9:01am,USD,RCM/TIPP Economic Optimism,Medium,51.2,50.3,
2019-03-05,9:35am,GBP,BOE Gov Carney Speaks,High,,,
2019-03-05,1:00pm,USD,Federal Budget Balance,Medium,17.3B,-13.5B,
2019-03-05,3:30pm,USD,API Weekly Statistical Bulletin,Medium,,,
2019-03-06,7:15am,USD,ADP Non-Farm Employment Change,Low,190K,300K,
2019-03-06,7:30am,USD,Trade Balance,Medium,-57.8B,-50.3B,
2019-03-06,9:30am,USD,Crude Oil Inventories,Medium,1.2M,-8.6M,
2019-03-06,11:00am,USD,FOMC Member Williams Speaks,Low,,,
2019-03-06,11:30am,GBP,MPC Member Saunders Speaks,Low,,,
2019-03-06,1:00pm,USD,Beige Book,Medium,,,
2019-03-06,9:35pm,JPY,30-y Bond Auction,Medium,,0.59|4.7,
2019-03-06,11:00pm,JPY,Leading Indicators,Medium,96.2%,97.5%,
2019-03-07,2:00am,CHF,Foreign Currency Reserves,Medium,,742B,
2019-03-07,2:30am,GBP,Halifax HPI m/m,Medium,0.1%,-3.0%,
2019-03-07,3:00am,EUR,Italian Retail Sales m/m,Medium,0.3%,-0.6%,
2019-03-07,3:00am,GBP,MPC Member Tenreyro Speaks,Low,,,
2019-03-07,3:50am,EUR,Spanish 10-y Bond Auction,Medium,,1.29|1.2,
2019-03-07,3:58am,EUR,French 10-y Bond Auction,Medium,,0.57|2.2,
2019-03-07,4:00am,EUR,Final Employment Change q/q,Medium,0.3%,0.3%,
2019-03-07,4:00am,EUR,Revised GDP q/q,Medium,0.2%,0.2%,
2019-03-07,6:30am,USD,Challenger Job Cuts y/y,Medium,,18.7%,
2019-03-07,6:45am,EUR,Main Refinancing Rate,High,0.00%,0.00%,
2019-03-07,6:45am,EUR,Monetary Policy Statement,High,,,
2019-03-07,7:30am,EUR,ECB Press Conference,High,,,
2019-03-07,7:30am,USD,Revised Nonfarm Productivity q/q,Medium,1.5%,2.3%,
2019-03-07,7:30am,USD,Revised Unit Labor Costs q/q,Medium,1.7%,0.9%,
2019-03-07,7:30am,USD,Unemployment Claims,Medium,225K,226K,
2019-03-07,9:30am,USD,Natural Gas Storage,Medium,-141B,-166B,
2019-03-07,11:15am,USD,FOMC Member Brainard Speaks,Low,,,
2019-03-07,2:00pm,USD,Consumer Credit m/m,Medium,16.4B,15.4B,
2019-03-07,5:30pm,JPY,Average Cash Earnings y/y,Medium,1.2%,1.5%,
2019-03-07,5:30pm,JPY,Household Spending y/y,Medium,-0.5%,0.1%,
2019-03-07,5:50pm,JPY,Bank Lending y/y,Medium,2.4%,2.4%,
2019-03-07,5:50pm,JPY,Current Account,Medium,1.39T,1.63T,
2019-03-07,5:50pm,JPY,Final GDP q/q,Medium,0.4%,0.3%,
2019-03-07,5:52pm,JPY,Final GDP Price Index y/y,Medium,-0.3%,-0.3%,
2019-03-07,11:00pm,JPY,Economy Watchers Sentiment,Medium,46.2,45.6,
2019-03-08,1:45am,EUR,French Industrial Production m/m,Medium,0.1%,0.0%,
2019-03-08,1:45am,EUR,French Trade Balance,Medium,-4.9B,-3.6B,
2019-03-08,3:00am,EUR,Italian Industrial Production m/m,Medium,0.2%,-0.7%,
2019-03-08,7:30am,USD,Average Hourly Earnings m/m,High,0.3%,0.1%,
2019-03-08,7:30am,USD,Non-Farm Employment Change,High,180K,311K,
2019-03-08,7:30am,USD,Unemployment Rate,High,3.9%,4.0%,
2019-03-08,7:30am,USD,Building Permits,Low,1.29M,1.33M,
2019-03-08,7:30am,USD,Housing Starts,Medium,1.19M,1.04M,
2019-03-08,9:00pm,USD,Fed Chairman Powell Speaks,High,,,
2019-03-10,SunMar 10,USD,Daylight Saving Time Shift,Low,,,
2019-03-10,6:00pm,USD,Fed Chairman Powell Speaks,High,,,
2019-03-10,6:50pm,JPY,M2 Money Stock y/y,Medium,2.4%,2.3%,
2019-03-11,2:00am,EUR,German Industrial Production m/m,Medium,0.5%,0.8%,
2019-03-11,2:00am,EUR,German Trade Balance,Medium,21.2B,19.9B,
2019-03-11,All Day,EUR,Eurogroup Meetings,Medium,,,
2019-03-11,7:30am,USD,Core Retail Sales m/m,High,0.4%,-2.1%,
2019-03-11,7:30am,USD,Retail Sales m/m,High,0.0%,-1.6%,
2019-03-11,8:00am,GBP,MPC Member Haskel Speaks,Low,,,
2019-03-11,8:56am,USD,Business Inventories m/m,Medium,0.6%,0.0%,
2019-03-11,6:00pm,USD,Fed Chairman Powell Speaks,High,,,
2019-03-11,6:50pm,JPY,BSI Manufacturing Index,Medium,4.8,5.5,
2019-03-12,4:30am,GBP,GDP m/m,High,0.2%,-0.4%,
2019-03-12,4:30am,GBP,Manufacturing Production m/m,High,0.2%,-0.7%,
2019-03-12,4:30am,GBP,Construction Output m/m,Medium,0.9%,-2.8%,
2019-03-12,4:30am,GBP,Goods Trade Balance,Medium,-12.2B,-12.7B,
2019-03-12,4:30am,GBP,Index of Services 3m/3m,Medium,0.5%,0.4%,
2019-03-12,4:30am,GBP,Industrial Production m/m,Medium,0.2%,-0.5%,
2019-03-12,5:00am,USD,NFIB Small Business Index,Medium,102.0,101.2,
2019-03-12,All Day,EUR,ECOFIN Meetings,Medium,,,
2019-03-12,7:30am,USD,Core CPI m/m,High,0.2%,0.2%,
2019-03-12,7:30am,USD,CPI m/m,High,0.2%,0.0%,
2019-03-12,7:30am,USD,CPI y/y,High,1.6%,1.6%,
2019-03-12,7:45am,USD,FOMC Member Brainard Speaks,Low,,,
2019-03-12,8:07am,GBP,NIESR GDP Estimate,Medium,,0.2%,
2019-03-12,12:01pm,USD,10-y Bond Auction,Medium,,2.69|2.3,
2019-03-12,2:22pm,GBP,Parliament Brexit Vote,High,Reject,,
2019-03-12,3:30pm,USD,API Weekly Statistical Bulletin,Medium,,,
2019-03-12,6:50pm,JPY,Core Machinery Orders m/m,Medium,-1.6%,-0.1%,
2019-03-12,6:50pm,JPY,PPI y/y,Medium,0.7%,0.6%,
2019-03-12,11:30pm,JPY,Tertiary Industry Activity m/m,Medium,-0.3%,-0.5%,
2019-03-13,5:00am,EUR,Industrial Production m/m,Medium,1.0%,-0.9%,
2019-03-13,5:35am,EUR,German 30-y Bond Auction,Medium,,0.72|1.2,
2019-03-13,7:30am,USD,Core Durable Goods Orders m/m,High,0.1%,0.3%,
2019-03-13,7:30am,USD,PPI m/m,High,0.2%,-0.1%,
2019-03-13,7:30am,USD,Core PPI m/m,Low,0.2%,0.3%,
2019-03-13,7:30am,USD,Durable Goods Orders m/m,Low,-0.5%,1.3%,
2019-03-13,7:42am,GBP,Annual Budget Release,High,,,
2019-03-13,9:00am,USD,Construction Spending m/m,Medium,0.4%,-0.8%,
2019-03-13,9:30am,USD,Crude Oil Inventories,Medium,2.7M,7.1M,
2019-03-13,12:01pm,USD,30-y Bond Auction,Medium,,3.02|2.3,
2019-03-13,2:16pm,GBP,Parliament Brexit Vote,High,Reject,,
2019-03-13,7:01pm,GBP,RICS House Price Balance,Medium,-24%,-22%,
2019-03-14,2:00am,EUR,German Final CPI m/m,Medium,0.5%,0.5%,
2019-03-14,2:30am,CHF,PPI m/m,Medium,-0.1%,-0.7%,
2019-03-14,2:45am,EUR,French Final CPI m/m,Medium,0.0%,0.0%,
2019-03-14,5:37am,GBP,30-y Bond Auction,Medium,,1.91|2.4,
2019-03-14,7:30am,USD,Import Prices m/m,Medium,0.3%,0.1%,
2019-03-14,7:30am,USD,Unemployment Claims,Medium,225K,223K,
2019-03-14,9:00am,USD,New Home Sales,Medium,622K,652K,
2019-03-14,9:30am,USD,Natural Gas Storage,Medium,-211B,-149B,
2019-03-14,1:23pm,GBP,Parliament Brexit Vote,High,Pass,,
2019-03-14,9:40pm,JPY,Monetary Policy Statement,High,,,
2019-03-14,9:40pm,JPY,BOJ Policy Rate,Medium,-0.10%,-0.10%,
2019-03-15,2:00am,EUR,German WPI m/m,Medium,0.3%,-0.7%,
2019-03-15,3:55am,JPY,BOJ Gov Kuroda Speaks,Low,,,
2019-03-15,5:00am,EUR,Final Core CPI y/y,Medium,1.0%,1.0%,
2019-03-15,5:00am,EUR,Final CPI y/y,Medium,1.5%,1.5%,
2019-03-15,7:30am,USD,Empire State Manufacturing Index,Medium,10.1,8.8,
2019-03-15,8:15am,USD,Capacity Utilization Rate,Medium,78.5%,78.3%,
2019-03-15,8:15am,USD,Industrial Production m/m,Medium,0.4%,-0.4%,
2019-03-15,8:30am,GBP,CB Leading Index m/m,Medium,,-0.6%,
2019-03-15,9:00am,USD,Prelim UoM Consumer Sentiment,Low,95.5,93.8,
2019-03-15,9:00am,USD,JOLTS Job Openings,Medium,7.27M,7.48M,
2019-03-15,9:00am,USD,Prelim UoM Inflation Expectations,Medium,,2.6%,
2019-03-15,3:00pm,USD,TIC Long-Term Purchases,Medium,-6.9B,-48.3B,
2019-03-17,6:50pm,JPY,Trade Balance,Medium,0.09T,-0.29T,
2019-03-17,7:01pm,GBP,Rightmove HPI m/m,Medium,,0.7%,
2019-03-17,11:30pm,JPY,Revised Industrial Production m/m,Medium,-3.7%,-3.7%,
2019-03-18,6:00am,EUR,German Buba Monthly Report,Medium,,,
2019-03-18,9:00am,USD,NAHB Housing Market Index,Medium,63,62,
2019-03-19,4:10am,EUR,Italian Trade Balance,Medium,3.45B,2.76B,
2019-03-19,4:18am,GBP,Average Earnings Index 3m/y,High,3.2%,3.5%,
2019-03-19,4:18am,GBP,Unemployment Rate,Low,4.0%,4.0%,
2019-03-19,4:18am,GBP,Claimant Count Change,Medium,13.1K,15.7K,
2019-03-19,5:00am,EUR,German ZEW Economic Sentiment,Low,-11.0,-13.4,
2019-03-19,5:00am,EUR,ZEW Economic Sentiment,Medium,-15.1,-16.6,
2019-03-19,9:00am,USD,Factory Orders m/m,Medium,0.3%,0.1%,
2019-03-19,3:30pm,USD,API Weekly Statistical Bulletin,Medium,,,
2019-03-19,6:50pm,JPY,Monetary Policy Meeting Minutes,Medium,,,
2019-03-20,4:30am,GBP,CPI y/y,High,1.8%,1.8%,
2019-03-20,4:30am,GBP,PPI Input m/m,Low,0.6%,-0.3%,
2019-03-20,4:30am,GBP,RPI y/y,Low,2.5%,2.5%,
2019-03-20,4:30am,GBP,Core CPI y/y,Medium,1.9%,1.9%,
2019-03-20,4:30am,GBP,HPI y/y,Medium,2.3%,2.2%,
2019-03-20,4:30am,GBP,PPI Output m/m,Medium,0.1%,0.0%,
2019-03-20,6:00am,GBP,CBI Industrial Order Expectations,Medium,3,6,
2019-03-20,9:30am,USD,Crude Oil Inventories,Medium,0.5M,-3.9M,
2019-03-20,1:00pm,USD,Federal Funds Rate,High,2.50%,2.50%,
2019-03-20,1:00pm,USD,FOMC Economic Projections,High,,,
2019-03-20,1:00pm,USD,FOMC Statement,High,,,
2019-03-20,1:30pm,USD,FOMC Press Conference,High,,,
2019-03-20,3:15pm,GBP,Prime Minister May Speaks,High,,,
2019-03-20,All Day,JPY,Bank Holiday,Low,,,
2019-03-21,ThuMar 21,CHF,Libor Rate,Low,-0.75%,-0.75%,
2019-03-21,4:00am,EUR,ECB Economic Bulletin,Medium,,,
2019-03-21,4:30am,GBP,Retail Sales m/m,High,-0.4%,0.9%,
2019-03-21,4:30am,GBP,Public Sector Net Borrowing,Low,-0.3B,-14.1B,
2019-03-21,4:52am,EUR,Spanish 10-y Bond Auction,Medium,,1.22|1.1,
2019-03-21,All Day,EUR,EU Economic Summit,High,,,
2019-03-21,7:00am,GBP,Monetary Policy Summary,High,,,
2019-03-21,7:00am,GBP,MPC Official Bank Rate Votes,High,0-0-9,0-0-9,
2019-03-21,7:00am,GBP,Official Bank Rate,High,0.75%,0.75%,
2019-03-21,7:00am,GBP,Asset Purchase Facility,Low,435B,435B,
2019-03-21,7:00am,GBP,MPC Asset Purchase Facility Votes,Low,0-0-9,0-0-9,
2019-03-21,7:30am,USD,Philly Fed Manufacturing Index,Low,4.6,-4.1,
2019-03-21,7:30am,USD,Unemployment Claims,Medium,226K,230K,
2019-03-21,9:00am,USD,CB Leading Index m/m,Medium,0.1%,0.0%,
2019-03-21,9:30am,USD,Natural Gas Storage,Medium,-49B,-204B,
2019-03-21,9:54am,EUR,Consumer Confidence,Medium,-7,-7,
2019-03-21,6:30pm,JPY,National Core CPI y/y,Medium,0.8%,0.8%,
2019-03-21,7:30pm,JPY,Flash Manufacturing PMI,Medium,49.2,48.9,
2019-03-22,FriMar 22,EUR,French Flash Manufacturing PMI,Low,51.4,51.5,
2019-03-22,3:30am,EUR,German Flash Manufacturing PMI,High,48.0,47.6,
2019-03-22,3:30am,EUR,German Flash Services PMI,High,54.8,55.3,
2019-03-22,4:00am,EUR,Flash Manufacturing PMI,Low,49.5,49.3,
2019-03-22,4:00am,EUR,Flash Services PMI,Low,52.7,52.8,
2019-03-22,4:00am,EUR,Current Account,Medium,17.3B,16.2B,
2019-03-22,8:45am,USD,Flash Manufacturing PMI,Medium,53.5,53.0,
2019-03-22,8:45am,USD,Flash Services PMI,Medium,55.7,56.0,
2019-03-22,9:00am,USD,Existing Home Sales,Medium,5.10M,4.93M,
2019-03-22,9:00am,USD,Final Wholesale Inventories m/m,Medium,0.2%,1.1%,
2019-03-22,1:00pm,USD,Federal Budget Balance,Medium,-228.0B,8.7B,
2019-03-25,4:00am,EUR,German ifo Business Climate,Low,98.7,98.7,
2019-03-25,9:00am,EUR,Belgian NBB Business Climate,Medium,-2.0,-1.7,
2019-03-25,6:50pm,JPY,BOJ Summary of Opinions,Medium,,,
2019-03-25,6:50pm,JPY,SPPI y/y,Medium,1.2%,1.0%,
2019-03-25,7:30pm,USD,FOMC Member Rosengren Speaks,Low,,,
2019-03-26,2:00am,EUR,German GfK Consumer Climate,Medium,10.8,10.7,
2019-03-26,4:30am,GBP,High Street Lending,Medium,39.4K,39.6K,
2019-03-26,5:30am,USD,FOMC Member Evans Speaks,Low,,,
2019-03-26,6:00am,GBP,MPC Member Broadbent Speaks,Low,,,
2019-03-26,7:30am,USD,Building Permits,Low,1.32M,1.32M,
2019-03-26,7:30am,USD,Housing Starts,Medium,1.22M,1.27M,
2019-03-26,8:00am,USD,HPI m/m,Medium,0.4%,0.3%,
2019-03-26,8:00am,USD,S&P/CS Composite-20 HPI y/y,Medium,4.3%,4.1%,
2019-03-26,8:59am,USD,Richmond Manufacturing Index,Medium,12,16,
2019-03-26,9:00am,USD,CB Consumer Confidence,High,132.1,131.4,
2019-03-26,3:30pm,USD,API Weekly Statistical Bulletin,Medium,,,
2019-03-27,4:00am,CHF,UBS Economic Expectations,Medium,,-16.6,
2019-03-27,5:35am,EUR,German 10-y Bond Auction,Medium,,0.12|2.5,
2019-03-27,6:00am,GBP,CBI Realized Sales,Medium,5,0,
2019-03-27,7:30am,USD,Trade Balance,Medium,-57.2B,-59.9B,
2019-03-27,9:00am,CHF,SNB Quarterly Bulletin,Medium,,,
2019-03-27,9:00am,USD,Current Account,Medium,-130B,-127B,
2019-03-27,9:30am,USD,Crude Oil Inventories,Medium,-1.1M,-9.6M,
2019-03-27,4:30pm,USD,FOMC Member George Speaks,Low,,,
2019-03-28,3:00am,EUR,Spanish Flash CPI y/y,Medium,1.4%,1.1%,
2019-03-28,4:00am,EUR,M3 Money Supply y/y,Medium,3.9%,3.8%,
2019-03-28,4:00am,EUR,Private Loans y/y,Medium,3.3%,3.2%,
2019-03-28,5:16am,EUR,Italian 10-y Bond Auction,Medium,,2.81|1.3,
2019-03-28,6:15am,USD,FOMC Member Quarles Speaks,Low,,,
2019-03-28,7:30am,USD,Final GDP q/q,High,2.4%,2.6%,
2019-03-28,7:30am,USD,Final GDP Price Index q/q,Medium,1.8%,1.8%,
2019-03-28,7:30am,USD,Unemployment Claims,Medium,222K,216K,
2019-03-28,8:30am,USD,FOMC Member Clarida Speaks,Low,,,
2019-03-28,9:00am,USD,FOMC Member Bowman Speaks,Low,,,
2019-03-28,9:00am,USD,Pending Home Sales m/m,Medium,0.1%,4.3%,
2019-03-28,9:30am,USD,Natural Gas Storage,Medium,-43B,-47B,
2019-03-28,12:00pm,CHF,Gov Board Member Maechler Speaks,Low,,,
2019-03-28,4:20pm,USD,FOMC Member Bullard Speaks,Low,,,
2019-03-28,6:30pm,JPY,Tokyo Core CPI y/y,Medium,1.1%,1.1%,
2019-03-28,6:30pm,JPY,Unemployment Rate,Medium,2.5%,2.5%,
2019-03-28,6:50pm,JPY,Prelim Industrial Production m/m,Medium,1.4%,-3.4%,
2019-03-28,6:50pm,JPY,Retail Sales y/y,Medium,0.9%,0.6%,
2019-03-28,7:01pm,GBP,GfK Consumer Confidence,Medium,-14,-13,
2019-03-29,2:00am,EUR,German Import Prices m/m,Medium,0.5%,-0.2%,
2019-03-29,2:00am,EUR,German Retail Sales m/m,Medium,-1.0%,2.8%,
2019-03-29,2:00am,GBP,Nationwide HPI m/m,Medium,0.0%,0.0%,
2019-03-29,2:45am,EUR,French Consumer Spending m/m,Medium,0.2%,1.4%,
2019-03-29,2:45am,EUR,French Gov Budget Balance,Medium,,-17.3B,
2019-03-29,2:45am,EUR,French Prelim CPI m/m,Medium,0.9%,0.0%,
2019-03-29,3:00am,CHF,KOF Economic Barometer,Medium,93.9,93.0,
2019-03-29,3:55am,EUR,German Unemployment Change,Medium,-10K,-20K,
2019-03-29,4:30am,GBP,Current Account,High,-22.9B,-23.0B,
2019-03-29,4:30am,GBP,Final GDP q/q,Low,0.2%,0.2%,
2019-03-29,4:30am,GBP,Net Lending to Individuals m/m,Low,4.6B,4.7B,
2019-03-29,4:30am,GBP,M4 Money Supply m/m,Medium,0.3%,0.2%,
2019-03-29,4:30am,GBP,Mortgage Approvals,Medium,65K,67K,
2019-03-29,4:30am,GBP,Revised Business Investment q/q,Medium,-1.4%,-1.4%,
2019-03-29,5:00am,EUR,Italian Prelim CPI m/m,Medium,0.3%,0.1%,
2019-03-29,7:30am,USD,Core PCE Price Index m/m,Low,0.2%,0.2%,
2019-03-29,7:30am,USD,Personal Spending m/m,Low,0.3%,-0.6%,
2019-03-29,7:30am,USD,Personal Income m/m,Medium,0.3%,-0.1%,
2019-03-29,8:45am,USD,Chicago PMI,Low,61.1,64.7,
2019-03-29,9:00am,USD,Revised UoM Consumer Sentiment,Low,97.8,97.8,
2019-03-29,9:00am,USD,New Home Sales,Medium,625K,636K,
2019-03-29,9:00am,USD,Revised UoM Inflation Expectations,Medium,,2.4%,
2019-03-29,9:42am,GBP,Parliament Brexit Vote,High,Reject,,
2019-03-29,11:00am,USD,FOMC Member Quarles Speaks,Low,,,
2019-03-30,SatMar 30,EUR,Daylight Saving Time Shift,Low,,,
2019-03-30,SatMar 30,GBP,Daylight Saving Time Shift,Low,,,
2019-03-31,6:50pm,JPY,Tankan Manufacturing Index,Medium,13,19,
2019-03-31,6:50pm,JPY,Tankan Non-Manufacturing Index,Medium,22,24,
2019-03-31,7:30pm,JPY,Final Manufacturing PMI,Medium,48.9,48.9,
2019-04-01,1:30am,CHF,Retail Sales y/y,Medium,0.3%,-0.2%,
2019-04-01,2:15am,EUR,Spanish Manufacturing PMI,Medium,49.8,49.9,
2019-04-01,2:30am,CHF,Manufacturing PMI,Medium,53.6,55.4,
2019-04-01,2:45am,EUR,Italian Manufacturing PMI,Medium,47.6,47.7,
2019-04-01,2:50am,EUR,French Final Manufacturing PMI,Medium,49.8,49.8,
2019-04-01,2:55am,EUR,German Final Manufacturing PMI,Medium,44.7,44.7,
2019-04-01,3:00am,EUR,Final Manufacturing PMI,Medium,47.6,47.6,
2019-04-01,3:00am,EUR,Italian Monthly Unemployment Rate,Medium,10.5%,10.5%,
2019-04-01,3:30am,GBP,Final Manufacturing PMI,Low,51.2,52.1,
2019-04-01,4:00am,EUR,Core CPI Flash Estimate y/y,Low,0.9%,1.0%,
2019-04-01,4:00am,EUR,CPI Flash Estimate y/y,Low,1.5%,1.5%,
2019-04-01,4:00am,EUR,Unemployment Rate,Medium,7.8%,7.8%,
2019-04-01,7:30am,USD,Core Retail Sales m/m,High,0.4%,1.4%,
2019-04-01,7:30am,USD,Retail Sales m/m,High,0.3%,0.7%,
2019-04-01,8:45am,USD,Final Manufacturing PMI,Medium,52.5,52.5,
2019-04-01,9:00am,USD,ISM Manufacturing PMI,High,54.4,54.2,
2019-04-01,9:00am,USD,Business Inventories m/m,Medium,0.4%,0.8%,
2019-04-01,9:00am,USD,Construction Spending m/m,Medium,0.1%,2.5%,
2019-04-01,9:00am,USD,ISM Manufacturing Prices,Medium,55.0,49.4,
2019-04-01,6:50pm,JPY,Monetary Base y/y,Medium,4.4%,4.6%,
2019-04-01,10:35pm,JPY,10-y Bond Auction,Medium,,0.00|4.3,
2019-04-02,2:00am,EUR,Spanish Unemployment Change,Medium,-28.5K,3.3K,
2019-04-02,3:30am,GBP,Construction PMI,Medium,49.8,49.5,
2019-04-02,4:00am,EUR,PPI m/m,Medium,0.2%,0.3%,
2019-04-02,7:30am,USD,Core Durable Goods Orders m/m,High,0.3%,-0.2%,
2019-04-02,7:30am,USD,Durable Goods Orders m/m,Low,-1.1%,0.3%,
2019-04-02,All Day,USD,Wards Total Vehicle Sales,Medium,16.8M,16.6M,
2019-04-02,All Day,USD,Total Vehicle Sales,Medium,16.7M,16.6M,
2019-04-02,3:30pm,USD,API Weekly Statistical Bulletin,Medium,,,
2019-04-02,6:01pm,GBP,BRC Shop Price Index y/y,Medium,,0.7%,
2019-04-03,2:45am,EUR,Italian Services PMI,Medium,50.9,50.4,
2019-04-03,2:50am,EUR,French Final Services PMI,Medium,48.7,48.7,
2019-04-03,2:55am,EUR,German Final Services PMI,Medium,54.9,54.9,
2019-04-03,3:00am,EUR,Final Services PMI,Medium,52.7,52.7,
2019-04-03,3:30am,GBP,Final Services PMI,Low,51.0,51.3,
2019-04-03,4:00am,EUR,Retail Sales m/m,Medium,0.2%,0.9%,
2019-04-03,7:15am,USD,ADP Non-Farm Employment Change,Low,184K,197K,
2019-04-03,8:45am,USD,Final Services PMI,Medium,54.8,54.8,
2019-04-03,9:00am,USD,ISM Services PMI,Low,58.1,59.7,
2019-04-03,9:30am,USD,Crude Oil Inventories,Medium,-0.7M,2.8M,
2019-04-03,10:35pm,JPY,30-y Bond Auction,Medium,,0.62|4.6,
2019-04-04,3:30am,GBP,Housing Equity Withdrawal q/q,Medium,-7.7B,-7.3B,
2019-04-04,3:58am,EUR,Spanish 10-y Bond Auction,Medium,,1.10|1.5,
2019-04-04,4:00am,EUR,French 10-y Bond Auction,Medium,,0.57|1.9,
2019-04-04,6:30am,EUR,ECB Monetary Policy Meeting Accounts,Low,,,
2019-04-04,6:30am,USD,Challenger Job Cuts y/y,Medium,,117.2%,
2019-04-04,7:30am,USD,Unemployment Claims,Medium,215K,212K,
2019-04-04,9:30am,USD,Natural Gas Storage,Medium,2B,-36B,
2019-04-04,6:30pm,JPY,Average Cash Earnings y/y,Medium,0.9%,-0.6%,
2019-04-04,6:30pm,JPY,Household Spending y/y,Medium,1.9%,2.0%,
2019-04-05,1:00am,EUR,German Industrial Production m/m,Medium,0.6%,0.0%,
2019-04-05,1:45am,EUR,French Trade Balance,Medium,-4.7B,-4.2B,
2019-04-05,2:00am,CHF,Foreign Currency Reserves,Medium,,739B,
2019-04-05,2:30am,GBP,Halifax HPI m/m,Medium,-2.5%,6.0%,
2019-04-05,All Day,EUR,Eurogroup Meetings,Medium,,,
2019-04-05,7:30am,USD,Average Hourly Earnings m/m,High,0.3%,0.4%,
2019-04-05,7:30am,USD,Non-Farm Employment Change,High,172K,33K,
2019-04-05,7:30am,USD,Unemployment Rate,High,3.8%,3.8%,
2019-04-05,2:00pm,USD,Consumer Credit m/m,Medium,17.2B,17.7B,
2019-04-08,1:00am,EUR,German Trade Balance,Medium,19.0B,18.6B,
2019-04-08,1:00am,JPY,Economy Watchers Sentiment,Medium,47.6,47.5,
2019-04-08,3:30am,EUR,Sentix Investor Confidence,Medium,-1.7,-2.2,
2019-04-08,3:30am,GBP,Consumer Inflation Expectations,Medium,,3.2%,
2019-04-08,9:00am,USD,Factory Orders m/m,Medium,-0.5%,0.0%,
2019-04-08,6:01pm,GBP,BRC Retail Sales Monitor y/y,Medium,-0.7%,-0.1%,
2019-04-09,3:00am,EUR,Italian Retail Sales m/m,Medium,-0.2%,0.6%,
2019-04-09,4:35am,GBP,10-y Bond Auction,Medium,,1.16|2.1,
2019-04-09,5:00am,USD,NFIB Small Business Index,Medium,101.3,101.7,
2019-04-09,9:00am,USD,JOLTS Job Openings,Medium,7.54M,7.63M,
2019-04-09,9:03am,USD,RCM/TIPP Economic Optimism,Medium,53.2,55.7,
2019-04-09,3:30pm,USD,API Weekly Statistical Bulletin,Medium,,,
2019-04-09,4:00pm,USD,FOMC Member Quarles Speaks,Low,,,
2019-04-09,5:45pm,USD,FOMC Member Clarida Speaks,Low,,,
2019-04-09,6:50pm,JPY,Bank Lending y/y,Medium,2.3%,2.3%,
2019-04-09,6:50pm,JPY,Core Machinery Orders m/m,Medium,3.0%,-5.4%,
2019-04-09,6:50pm,JPY,PPI y/y,Medium,1.0%,0.9%,
2019-04-10,1:45am,EUR,French Industrial Production m/m,Medium,-0.5%,1.2%,
2019-04-10,3:00am,EUR,Italian Industrial Production m/m,Medium,-0.5%,1.9%,
2019-04-10,3:30am,GBP,GDP m/m,High,0.2%,0.5%,
2019-04-10,3:30am,GBP,Manufacturing Production m/m,High,0.2%,1.1%,
2019-04-10,3:30am,GBP,Construction Output m/m,Medium,-0.2%,3.5%,
2019-04-10,3:30am,GBP,Goods Trade Balance,Medium,-12.5B,-14.6B,
2019-04-10,3:30am,GBP,Index of Services 3m/3m,Medium,0.4%,0.5%,
2019-04-10,3:30am,GBP,Industrial Production m/m,Medium,0.1%,0.7%,
2019-04-10,6:45am,EUR,Main Refinancing Rate,High,0.00%,0.00%,
2019-04-10,6:45am,EUR,Monetary Policy Statement,High,,,
2019-04-10,7:30am,EUR,ECB Press Conference,High,,,
2019-04-10,7:30am,USD,Core CPI m/m,High,0.2%,0.1%,
2019-04-10,7:30am,USD,CPI m/m,High,0.3%,0.2%,
2019-04-10,7:30am,USD,CPI y/y,High,1.8%,1.5%,
2019-04-10,7:45am,GBP,NIESR GDP Estimate,Medium,,0.3%,
2019-04-10,9:30am,USD,Crude Oil Inventories,Medium,2.6M,7.2M,
2019-04-10,10:50am,USD,FOMC Member Quarles Speaks,Low,,,
2019-04-10,12:01pm,USD,10-y Bond Auction,Medium,,2.62|2.6,
2019-04-10,1:00pm,USD,FOMC Meeting Minutes,High,,,
2019-04-10,1:00pm,USD,Federal Budget Balance,Medium,-194.7B,-234.0B,
2019-04-10,6:01pm,GBP,RICS House Price Balance,Medium,-30%,-27%,
2019-04-10,6:50pm,JPY,M2 Money Stock y/y,Medium,2.4%,2.4%,
2019-04-11,1:45am,EUR,French Final CPI m/m,Medium,0.8%,0.8%,
2019-04-11,7:30am,USD,PPI m/m,High,0.3%,0.1%,
2019-04-11,7:30am,USD,Core PPI m/m,Low,0.2%,0.1%,
2019-04-11,7:30am,USD,Unemployment Claims,Low,210K,204K,
2019-04-11,8:30am,USD,FOMC Member Clarida Speaks,Low,,,
2019-04-11,8:35am,USD,FOMC Member Williams Speaks,Low,,,
2019-04-11,8:40am,USD,FOMC Member Bullard Speaks,Low,,,
2019-04-11,9:30am,USD,Natural Gas Storage,Medium,32B,23B,
2019-04-11,12:01pm,USD,30-y Bond Auction,Medium,,3.01|2.3,
2019-04-11,3:00pm,USD,FOMC Member Bowman Speaks,Low,,,
2019-04-12,4:00am,EUR,Industrial Production m/m,Medium,-0.5%,1.9%,
2019-04-12,7:30am,USD,Import Prices m/m,Medium,0.4%,1.0%,
2019-04-12,8:30am,GBP,CB Leading Index m/m,Medium,,-0.5%,
2019-04-12,9:00am,USD,Prelim UoM Consumer Sentiment,Low,98.1,98.4,
2019-04-12,9:00am,USD,Prelim UoM Inflation Expectations,Medium,,2.5%,
2019-04-12,11:30am,GBP,BOE Gov Carney Speaks,High,,,
2019-04-14,6:01pm,GBP,Rightmove HPI m/m,Medium,,0.4%,
2019-04-15,5:00am,EUR,German Buba Monthly Report,Medium,,,
2019-04-15,7:30am,USD,FOMC Member Evans Speaks,Low,,,
2019-04-15,7:30am,USD,Empire State Manufacturing Index,Medium,8.1,3.7,
2019-04-15,11:00am,GBP,MPC Member Haskel Speaks,Medium,,,
2019-04-15,12:00pm,USD,FOMC Member Evans Speaks,Low,,,
2019-04-15,3:00pm,USD,TIC Long-Term Purchases,Medium,-18.2B,-7.2B,
2019-04-15,7:00pm,USD,FOMC Member Rosengren Speaks,Low,,,
2019-04-15,11:30pm,JPY,Tertiary Industry Activity m/m,Medium,-0.2%,0.6%,
2019-04-16,TueApr 16,GBP,Unemployment Rate,Low,3.9%,3.9%,
2019-04-16,TueApr 16,GBP,Claimant Count Change,Medium,17.3K,26.7K,
2019-04-16,4:00am,EUR,German ZEW Economic Sentiment,Low,0.9,-3.6,
2019-04-16,4:00am,EUR,ZEW Economic Sentiment,Medium,1.2,-2.5,
2019-04-16,8:15am,USD,Capacity Utilization Rate,Medium,79.2%,78.2%,
2019-04-16,8:15am,USD,Industrial Production m/m,Medium,0.2%,0.1%,
2019-04-16,9:00am,USD,NAHB Housing Market Index,Medium,63,62,
2019-04-16,3:30pm,USD,API Weekly Statistical Bulletin,Medium,,,
2019-04-16,6:50pm,JPY,Trade Balance,Medium,-0.30T,0.03T,
2019-04-16,11:30pm,JPY,Revised Industrial Production m/m,Medium,1.4%,1.4%,
2019-04-17,3:30am,GBP,CPI y/y,High,2.0%,1.9%,
2019-04-17,3:30am,GBP,PPI Input m/m,Low,0.3%,1.0%,
2019-04-17,3:30am,GBP,RPI y/y,Low,2.6%,2.5%,
2019-04-17,3:30am,GBP,Core CPI y/y,Medium,1.9%,1.8%,
2019-04-17,3:30am,GBP,HPI y/y,Medium,1.3%,1.7%,
2019-04-17,3:30am,GBP,PPI Output m/m,Medium,0.2%,0.3%,
2019-04-17,4:00am,EUR,Final Core CPI y/y,Medium,0.8%,0.8%,
2019-04-17,4:00am,EUR,Final CPI y/y,Medium,1.4%,1.4%,
2019-04-17,4:00am,EUR,Trade Balance,Medium,16.8B,17.4B,
2019-04-17,4:03am,EUR,Italian Trade Balance,Medium,2.62B,0.33B,
2019-04-17,4:36am,EUR,German 30-y Bond Auction,Medium,,0.74|1.5,
2019-04-17,7:30am,USD,Trade Balance,Medium,-53.5B,-51.1B,
2019-04-17,8:00am,GBP,BOE Gov Carney Speaks,High,,,
2019-04-17,9:00am,USD,Final Wholesale Inventories m/m,Medium,0.4%,1.2%,
2019-04-17,9:30am,USD,Crude Oil Inventories,Medium,1.6M,7.0M,
2019-04-17,11:45am,USD,FOMC Member Bullard Speaks,Low,,,
2019-04-17,1:00pm,USD,Beige Book,Medium,,,
2019-04-17,7:30pm,JPY,Flash Manufacturing PMI,Medium,49.4,49.2,
2019-04-18,ThuApr 18,EUR,German PPI m/m,Medium,0.2%,-0.1%,
2019-04-18,2:15am,EUR,French Flash Services PMI,High,49.8,49.1,
2019-04-18,2:15am,EUR,French Flash Manufacturing PMI,Low,50.0,49.7,
2019-04-18,2:30am,EUR,German Flash Manufacturing PMI,High,45.2,44.1,
2019-04-18,2:30am,EUR,German Flash Services PMI,High,55.0,55.4,
2019-04-18,3:00am,EUR,Flash Manufacturing PMI,Low,48.1,47.5,
2019-04-18,3:00am,EUR,Flash Services PMI,Low,53.1,53.3,
2019-04-18,3:30am,GBP,Retail Sales m/m,High,-0.3%,0.6%,
2019-04-18,3:30am,GBP,BOE Credit Conditions Survey,Low,,,
2019-04-18,7:30am,USD,Core Retail Sales m/m,High,0.7%,-0.2%,
2019-04-18,7:30am,USD,Retail Sales m/m,High,0.9%,-0.2%,
2019-04-18,7:30am,USD,Philly Fed Manufacturing Index,Low,11.2,13.7,
2019-04-18,7:30am,USD,Unemployment Claims,Medium,207K,197K,
2019-04-18,8:45am,USD,Flash Manufacturing PMI,Medium,52.8,52.4,
2019-04-18,8:45am,USD,Flash Services PMI,Medium,55.0,55.3,
2019-04-18,9:00am,USD,Business Inventories m/m,Medium,0.3%,0.9%,
2019-04-18,9:00am,USD,CB Leading Index m/m,Medium,0.4%,0.1%,
2019-04-18,9:30am,USD,Natural Gas Storage,Medium,82B,25B,
2019-04-18,6:30pm,JPY,National Core CPI y/y,Medium,0.7%,0.7%,
2019-04-19,All Day,EUR,German Bank Holiday,Low,,,
2019-04-19,All Day,GBP,Bank Holiday,Low,,,
2019-04-19,7:30am,USD,Building Permits,Low,1.30M,1.29M,
2019-04-19,7:30am,USD,Housing Starts,Medium,1.23M,1.14M,
2019-04-22,All Day,EUR,French Bank Holiday,Low,,,
2019-04-22,All Day,EUR,German Bank Holiday,Low,,,
2019-04-22,All Day,EUR,Italian Bank Holiday,Low,,,
2019-04-22,All Day,GBP,Bank Holiday,Low,,,
2019-04-22,9:00am,USD,Existing Home Sales,Medium,5.31M,5.48M,
2019-04-23,8:00am,USD,HPI m/m,Medium,0.6%,0.6%,
2019-04-23,8:54am,EUR,Consumer Confidence,Medium,-7,-7,
2019-04-23,8:59am,USD,Richmond Manufacturing Index,Medium,10,10,
2019-04-23,9:00am,USD,New Home Sales,Medium,647K,662K,
2019-04-23,3:30pm,USD,API Weekly Statistical Bulletin,Medium,,,
2019-04-23,6:40pm,JPY,SPPI y/y,Medium,1.1%,1.1%,
2019-04-23,11:30pm,JPY,All Industries Activity m/m,Medium,-0.2%,0.0%,
2019-04-24,WedApr 24,EUR,German ifo Business Climate,Low,99.9,99.7,
2019-04-24,WedApr 24,EUR,ECB Economic Bulletin,Medium,,,
2019-04-24,3:30am,GBP,Public Sector Net Borrowing,Low,-0.8B,-0.5B,
2019-04-24,4:34am,EUR,German 10-y Bond Auction,Medium,,-0.05|2.6,
2019-04-24,7:59am,EUR,Belgian NBB Business Climate,Medium,-0.7,-0.7,
2019-04-24,9:30am,USD,Crude Oil Inventories,Medium,0.9M,-1.4M,
2019-04-24,10:27pm,JPY,BOJ Outlook Report,High,,,
2019-04-24,10:27pm,JPY,Monetary Policy Statement,High,,,
2019-04-24,10:27pm,JPY,BOJ Policy Rate,Medium,-0.10%,-0.10%,
2019-04-25,1:32am,JPY,BOJ Press Conference,High,,,
2019-04-25,2:00am,EUR,Spanish Unemployment Rate,Low,14.5%,14.5%,
2019-04-25,5:00am,GBP,CBI Realized Sales,Medium,0,-18,
2019-04-25,7:30am,USD,Core Durable Goods Orders m/m,High,0.2%,-0.1%,
2019-04-25,7:30am,USD,Durable Goods Orders m/m,Low,0.7%,-1.1%,
2019-04-25,7:30am,USD,Unemployment Claims,Medium,199K,193K,
2019-04-25,9:30am,USD,Natural Gas Storage,Medium,90B,92B,
2019-04-25,6:30pm,JPY,Tokyo Core CPI y/y,Medium,1.1%,1.1%,
2019-04-25,6:30pm,JPY,Unemployment Rate,Medium,2.4%,2.3%,
2019-04-25,6:50pm,JPY,Prelim Industrial Production m/m,Medium,0.1%,0.7%,
2019-04-25,6:50pm,JPY,Retail Sales y/y,Medium,0.8%,0.6%,
2019-04-26,3:00am,CHF,SNB Chairman Jordan Speaks,High,,,
2019-04-26,3:30am,GBP,High Street Lending,Medium,38.7K,39.2K,
2019-04-26,5:00am,GBP,CBI Industrial Order Expectations,Medium,3,1,
2019-04-26,7:30am,USD,Advance GDP q/q,High,2.2%,2.2%,
2019-04-26,7:30am,USD,Advance GDP Price Index q/q,Low,1.3%,1.7%,
2019-04-26,9:00am,USD,Revised UoM Consumer Sentiment,Low,97.1,96.9,
2019-04-26,9:00am,USD,Revised UoM Inflation Expectations,Medium,,2.4%,
2019-04-28,All Day,JPY,Bank Holiday,Low,,,
2019-04-29,MonApr 29,EUR,Private Loans y/y,Medium,3.3%,3.3%,
2019-04-29,3:10am,GBP,BOE Gov Carney Speaks,High,,,
2019-04-29,Feb Data,USD,Core PCE Price Index m/m,Low,0.2%,0.1%,
2019-04-29,Feb Data,USD,Personal Spending m/m,Low,0.2%,0.1%,
2019-04-29,7:30am,USD,Core PCE Price Index m/m,Low,0.1%,0.1%,
2019-04-29,7:30am,USD,Personal Spending m/m,Low,0.7%,0.1%,
2019-04-29,7:30am,USD,Personal Income m/m,Medium,0.4%,0.2%,
2019-04-29,6:01pm,GBP,GfK Consumer Confidence,Medium,-12,-13,
2019-04-30,1:00am,EUR,German GfK Consumer Climate,Medium,10.3,10.4,
2019-04-30,1:00am,EUR,German Import Prices m/m,Medium,0.3%,0.3%,
2019-04-30,1:45am,EUR,French Consumer Spending m/m,Medium,0.4%,-0.4%,
2019-04-30,1:45am,EUR,French Gov Budget Balance,Medium,,-36.9B,
2019-04-30,1:45am,EUR,French Prelim CPI m/m,Medium,0.3%,0.8%,
2019-04-30,2:00am,CHF,KOF Economic Barometer,Medium,97.5,97.1,
2019-04-30,2:00am,EUR,Spanish Flash GDP q/q,Low,0.6%,0.6%,
2019-04-30,2:00am,EUR,Spanish Flash CPI y/y,Medium,1.5%,1.3%,
2019-04-30,All Day,EUR,German Prelim CPI m/m,Low,0.5%,0.4%,
2019-04-30,2:40am,GBP,MPC Member Ramsden Speaks,Low,,,
2019-04-30,2:55am,EUR,German Unemployment Change,Medium,-6K,-7K,
2019-04-30,3:00am,EUR,Italian Monthly Unemployment Rate,Medium,10.6%,10.5%,
2019-04-30,4:00am,EUR,Prelim Flash GDP q/q,Low,0.3%,0.2%,
2019-04-30,4:00am,EUR,Italian Prelim CPI m/m,Medium,0.3%,0.3%,
2019-04-30,4:00am,EUR,Unemployment Rate,Medium,7.8%,7.8%,
2019-04-30,4:14am,EUR,Italian 10-y Bond Auction,Medium,,2.61|1.4,
2019-04-30,5:00am,EUR,Italian Prelim GDP q/q,Medium,-0.1%,-0.1%,
2019-04-30,7:30am,USD,Employment Cost Index q/q,Low,0.7%,0.7%,
2019-04-30,8:00am,USD,S&P/CS Composite-20 HPI y/y,Medium,3.7%,3.5%,
2019-04-30,8:45am,USD,Chicago PMI,Low,59.1,58.7,
2019-04-30,9:00am,USD,CB Consumer Confidence,High,126.2,124.2,
2019-04-30,9:00am,USD,Pending Home Sales m/m,Medium,1.1%,-1.0%,
2019-04-30,3:30pm,USD,API Weekly Statistical Bulletin,Medium,,,
2019-04-30,6:01pm,GBP,BRC Shop Price Index y/y,Medium,,0.9%,
2019-05-01,All Day,CHF,Bank Holiday,Low,,,
2019-05-01,All Day,EUR,French Bank Holiday,Low,,,
2019-05-01,All Day,EUR,German Bank Holiday,Low,,,
2019-05-01,All Day,EUR,Italian Bank Holiday,Low,,,
2019-05-01,3:30am,GBP,Final Manufacturing PMI,Low,53.2,55.1,
2019-05-01,3:30am,GBP,Net Lending to Individuals m/m,Low,4.5B,4.5B,
2019-05-01,3:30am,GBP,M4 Money Supply m/m,Medium,0.3%,0.3%,
2019-05-01,3:30am,GBP,Mortgage Approvals,Medium,64K,65K,
2019-05-01,7:15am,USD,ADP Non-Farm Employment Change,Low,181K,151K,
2019-05-01,8:45am,USD,Final Manufacturing PMI,Medium,52.4,52.4,
2019-05-01,9:00am,USD,ISM Manufacturing PMI,High,55.0,55.3,
2019-05-01,9:00am,USD,Construction Spending m/m,Medium,0.3%,0.7%,
2019-05-01,9:00am,USD,ISM Manufacturing Prices,Medium,54.5,54.3,
2019-05-01,All Day,USD,Wards Total Vehicle Sales,Medium,17.0M,17.5M,
2019-05-01,9:30am,USD,Crude Oil Inventories,Medium,1.3M,5.5M,
2019-05-01,1:00pm,USD,Federal Funds Rate,High,2.50%,2.50%,
2019-05-01,1:00pm,USD,FOMC Statement,High,,,
2019-05-01,1:30pm,USD,FOMC Press Conference,High,,,
2019-05-02,1:30am,CHF,Retail Sales y/y,Medium,-0.4%,0.0%,
2019-05-02,2:15am,EUR,Spanish Manufacturing PMI,Medium,51.2,50.9,
2019-05-02,2:30am,CHF,Manufacturing PMI,Medium,51.0,50.3,
2019-05-02,2:45am,EUR,Italian Manufacturing PMI,Medium,47.8,47.4,
2019-05-02,2:50am,EUR,French Final Manufacturing PMI,Medium,49.6,49.6,
2019-05-02,2:55am,EUR,German Final Manufacturing PMI,Medium,44.5,44.5,
2019-05-02,3:00am,EUR,Final Manufacturing PMI,Medium,47.8,47.8,
2019-05-02,3:30am,GBP,Construction PMI,Medium,50.4,49.7,
2019-05-02,4:07am,EUR,French 10-y Bond Auction,Medium,,0.39|2.1,
2019-05-02,6:00am,GBP,BOE Monetary Policy Report,High,,,
2019-05-02,6:00am,GBP,Monetary Policy Summary,High,,,
2019-05-02,6:00am,GBP,MPC Official Bank Rate Votes,High,0-0-9,0-0-9,
2019-05-02,6:00am,GBP,Official Bank Rate,High,0.75%,0.75%,
2019-05-02,6:00am,GBP,Asset Purchase Facility,Low,435B,435B,
2019-05-02,6:00am,GBP,MPC Asset Purchase Facility Votes,Low,0-0-9,0-0-9,
2019-05-02,6:30am,GBP,BOE Gov Carney Speaks,High,,,
2019-05-02,6:30am,USD,Challenger Job Cuts y/y,Medium,,0.4%,
2019-05-02,7:30am,USD,Prelim Nonfarm Productivity q/q,Medium,0.9%,1.9%,
2019-05-02,7:30am,USD,Prelim Unit Labor Costs q/q,Medium,2.4%,2.0%,
2019-05-02,7:30am,USD,Unemployment Claims,Medium,220K,230K,
2019-05-02,9:00am,USD,Factory Orders m/m,Medium,1.0%,-0.3%,
2019-05-02,9:30am,USD,Natural Gas Storage,Medium,107B,92B,
2019-05-02,All Day,JPY,Bank Holiday,Low,,,
2019-05-03,1:30am,CHF,CPI m/m,Medium,0.2%,0.5%,
2019-05-03,3:30am,GBP,Final Services PMI,Low,50.4,48.9,
2019-05-03,4:00am,EUR,Core CPI Flash Estimate y/y,Low,1.0%,0.8%,
2019-05-03,4:00am,EUR,CPI Flash Estimate y/y,Low,1.6%,1.4%,
2019-05-03,4:00am,EUR,PPI m/m,Medium,0.0%,0.1%,
2019-05-03,7:30am,USD,Average Hourly Earnings m/m,High,0.3%,0.2%,
2019-05-03,7:30am,USD,Non-Farm Employment Change,High,181K,189K,
2019-05-03,7:30am,USD,Unemployment Rate,High,3.8%,3.8%,
2019-05-03,7:30am,USD,Goods Trade Balance,Medium,-73.0B,-72.0B,
2019-05-03,7:30am,USD,Prelim Wholesale Inventories m/m,Medium,0.2%,0.2%,
2019-05-03,8:45am,USD,Final Services PMI,Medium,52.9,52.9,
2019-05-03,9:00am,USD,ISM Services PMI,High,57.2,56.1,
2019-05-03,9:15am,USD,FOMC Member Evans Speaks,Low,,,
2019-05-03,10:30am,USD,FOMC Member Clarida Speaks,Low,,,
2019-05-03,12:45pm,USD,FOMC Member Williams Speaks,Low,,,
2019-05-03,2:00pm,USD,FOMC Member Bowman Speaks,Low,,,
2019-05-03,6:45pm,USD,FOMC Member Bullard Speaks,Low,,,
2019-05-06,All Day,GBP,Bank Holiday,Low,,,
2019-05-06,2:15am,EUR,Spanish Services PMI,Medium,54.9,56.8,
2019-05-06,2:45am,EUR,Italian Services PMI,Medium,54.4,53.1,
2019-05-06,2:50am,EUR,French Final Services PMI,Medium,50.5,50.5,
2019-05-06,2:55am,EUR,German Final Services PMI,Medium,55.6,55.6,
2019-05-06,3:00am,EUR,Final Services PMI,Medium,52.5,52.5,
2019-05-06,3:30am,EUR,Sentix Investor Confidence,Medium,1.1,-0.3,
2019-05-06,4:00am,EUR,Retail Sales m/m,Medium,-0.1%,0.5%,
2019-05-06,1:00pm,USD,Loan Officer Survey,Medium,,,
2019-05-06,7:30pm,JPY,Final Manufacturing PMI,Medium,49.5,49.5,
2019-05-07,1:45am,EUR,French Trade Balance,Medium,-4.5B,-4.1B,
2019-05-07,2:00am,CHF,Foreign Currency Reserves,Medium,,756B,
2019-05-07,3:00am,GBP,MPC Member Cunliffe Speaks,Low,,,
2019-05-07,6:50am,EUR,EU Economic Forecasts,Low,,,
2019-05-07,9:00am,USD,JOLTS Job Openings,Medium,7.35M,7.14M,
2019-05-07,9:03am,USD,RCM/TIPP Economic Optimism,Medium,54.5,54.2,
2019-05-07,10:35am,USD,FOMC Member Quarles Speaks,Low,,,
2019-05-07,11:30am,GBP,MPC Member Haldane Speaks,Low,,,
2019-05-07,2:00pm,USD,Consumer Credit m/m,Medium,17.0B,15.5B,
2019-05-07,3:30pm,USD,API Weekly Statistical Bulletin,Medium,,,
2019-05-07,6:01pm,GBP,BRC Retail Sales Monitor y/y,Medium,2.4%,-1.1%,
2019-05-07,6:50pm,JPY,Monetary Base y/y,Medium,3.6%,3.8%,
2019-05-07,6:50pm,JPY,Monetary Policy Meeting Minutes,Medium,,,
2019-05-07,10:35pm,JPY,10-y Bond Auction,Medium,,-0.06|5.1,
2019-05-08,All Day,EUR,French Bank Holiday,Low,,,
2019-05-08,1:00am,EUR,German Industrial Production m/m,Medium,-0.5%,0.4%,
2019-05-08,2:30am,GBP,Halifax HPI m/m,Medium,0.3%,-1.2%,
2019-05-08,3:15am,GBP,MPC Member Ramsden Speaks,Low,,,
2019-05-08,6:34am,EUR,ECB President Draghi Speaks,High,,,
2019-05-08,7:30am,USD,FOMC Member Brainard Speaks,Low,,,
2019-05-08,9:30am,USD,Crude Oil Inventories,Medium,1.1M,9.9M,
2019-05-08,12:01pm,USD,10-y Bond Auction,Medium,,2.47|2.6,
2019-05-08,6:01pm,GBP,RICS House Price Balance,Medium,-22%,-23%,
2019-05-09,3:57am,EUR,Spanish 10-y Bond Auction,Medium,,1.12|1.3,
2019-05-09,7:30am,USD,Fed Chairman Powell Speaks,High,,,
2019-05-09,7:30am,USD,PPI m/m,High,0.2%,0.6%,
2019-05-09,7:30am,USD,Core PPI m/m,Low,0.2%,0.3%,
2019-05-09,7:30am,USD,Trade Balance,Medium,-51.4B,-49.3B,
2019-05-09,7:30am,USD,Unemployment Claims,Medium,215K,230K,
2019-05-09,9:00am,USD,Final Wholesale Inventories m/m,Medium,0.0%,0.0%,
2019-05-09,9:30am,USD,Natural Gas Storage,Medium,88B,123B,
2019-05-09,12:01pm,USD,30-y Bond Auction,Medium,,2.93|2.3,
2019-05-09,3:00pm,USD,FOMC Financial Stability Report,Medium,,,
2019-05-09,6:30pm,JPY,Average Cash Earnings y/y,Medium,-0.5%,-0.7%,
2019-05-09,6:30pm,JPY,Household Spending y/y,Medium,1.6%,1.7%,
2019-05-09,6:50pm,JPY,BOJ Summary of Opinions,Medium,,,
2019-05-10,1:45am,EUR,French Industrial Production m/m,Medium,-0.4%,0.1%,
2019-05-10,1:45am,EUR,French Prelim Private Payrolls q/q,Medium,0.2%,0.3%,
2019-05-10,3:00am,EUR,Italian Industrial Production m/m,Medium,-0.6%,0.8%,
2019-05-10,3:30am,GBP,GDP m/m,High,0.0%,0.2%,
2019-05-10,3:30am,GBP,Manufacturing Production m/m,High,0.1%,1.0%,
2019-05-10,3:30am,GBP,Prelim GDP q/q,High,0.5%,0.2%,
2019-05-10,3:30am,GBP,Prelim Business Investment q/q,Low,-0.9%,-0.9%,
2019-05-10,3:30am,GBP,Construction Output m/m,Medium,-0.8%,0.5%,
2019-05-10,3:30am,GBP,Goods Trade Balance,Medium,-13.7B,-14.4B,
2019-05-10,3:30am,GBP,Index of Services 3m/3m,Medium,0.4%,0.4%,
2019-05-10,3:30am,GBP,Industrial Production m/m,Medium,0.2%,0.6%,
2019-05-10,4:03am,EUR,Italian Retail Sales m/m,Medium,0.3%,0.1%,
2019-05-10,7:23am,GBP,NIESR GDP Estimate,Medium,,0.5%,
2019-05-10,7:30am,USD,Core CPI m/m,High,0.2%,0.1%,
2019-05-10,7:30am,USD,CPI m/m,High,0.4%,0.4%,
2019-05-10,7:30am,USD,CPI y/y,High,2.1%,1.9%,
2019-05-10,7:30am,USD,FOMC Member Brainard Speaks,Low,,,
2019-05-10,9:00am,USD,FOMC Member Williams Speaks,Low,,,
2019-05-10,1:00pm,USD,Federal Budget Balance,Medium,-165.2B,-146.9B,
2019-05-13,8:10am,USD,FOMC Member Clarida Speaks,Low,,,
2019-05-13,6:50pm,JPY,Bank Lending y/y,Medium,2.3%,2.3%,
2019-05-13,6:54pm,JPY,Current Account,Medium,1.71T,1.90T,
2019-05-13,10:35pm,JPY,30-y Bond Auction,Medium,,0.54|4.6,
2019-05-14,1:00am,EUR,German Final CPI m/m,Medium,1.0%,1.0%,
2019-05-14,1:00am,EUR,German WPI m/m,Medium,0.4%,0.3%,
2019-05-14,1:30am,CHF,PPI m/m,Medium,0.2%,0.3%,
2019-05-14,2:15am,USD,FOMC Member Williams Speaks,Low,,,
2019-05-14,3:30am,GBP,Average Earnings Index 3m/y,High,3.4%,3.5%,
2019-05-14,3:30am,GBP,Unemployment Rate,Low,3.9%,3.9%,
2019-05-14,3:30am,GBP,Claimant Count Change,Medium,24.2K,22.6K,
2019-05-14,4:00am,EUR,German ZEW Economic Sentiment,Low,5.1,3.1,
2019-05-14,4:00am,EUR,Industrial Production m/m,Medium,-0.3%,-0.1%,
2019-05-14,4:00am,EUR,ZEW Economic Sentiment,Medium,5.0,4.5,
2019-05-14,4:31am,USD,NFIB Small Business Index,Medium,102.3,101.8,
2019-05-14,7:30am,USD,Import Prices m/m,Medium,0.7%,0.6%,
2019-05-14,9:00am,USD,Mortgage Delinquencies,Medium,,4.06%,
2019-05-14,11:45am,USD,FOMC Member George Speaks,Low,,,
2019-05-14,3:30pm,USD,API Weekly Statistical Bulletin,Medium,,,
2019-05-14,6:50pm,JPY,M2 Money Stock y/y,Medium,2.3%,2.4%,
2019-05-15,WedMay 15,JPY,Prelim Machine Tool Orders y/y,Medium,,-28.5%,
2019-05-15,1:45am,EUR,French Final CPI m/m,Medium,0.2%,0.2%,
2019-05-15,4:00am,EUR,Flash GDP q/q,Low,0.4%,0.4%,
2019-05-15,4:00am,EUR,Flash Employment Change q/q,Medium,0.2%,0.3%,
2019-05-15,4:35am,EUR,German 30-y Bond Auction,Medium,,0.68|2.1,
2019-05-15,7:30am,USD,Core Retail Sales m/m,High,0.7%,1.3%,
2019-05-15,7:30am,USD,Retail Sales m/m,High,0.2%,1.7%,
2019-05-15,7:30am,USD,Empire State Manufacturing Index,Medium,8.2,10.1,
2019-05-15,8:15am,USD,Capacity Utilization Rate,Medium,78.7%,78.5%,
2019-05-15,8:15am,USD,Industrial Production m/m,Medium,0.0%,0.2%,
2019-05-15,8:37am,USD,FOMC Member Quarles Speaks,Low,,,
2019-05-15,9:00am,USD,Business Inventories m/m,Medium,0.0%,0.3%,
2019-05-15,9:00am,USD,NAHB Housing Market Index,Medium,64,63,
2019-05-15,9:30am,USD,Crude Oil Inventories,Medium,0.0M,-4.0M,
2019-05-15,3:00pm,USD,TIC Long-Term Purchases,Medium,36.3B,51.9B,
2019-05-15,6:50pm,JPY,PPI y/y,Medium,1.1%,1.3%,
2019-05-16,3:15am,EUR,German Buba President Weidmann Speaks,Low,,,
2019-05-16,4:00am,EUR,Trade Balance,Medium,19.0B,20.6B,
2019-05-16,4:04am,EUR,Italian Trade Balance,Medium,4.24B,3.24B,
2019-05-16,All Day,EUR,Eurogroup Meetings,Medium,,,
2019-05-16,7:30am,USD,Building Permits,Low,1.29M,1.29M,
2019-05-16,7:30am,USD,Philly Fed Manufacturing Index,Low,10.0,8.5,
2019-05-16,7:30am,USD,Housing Starts,Medium,1.21M,1.17M,
2019-05-16,7:30am,USD,Unemployment Claims,Medium,220K,228K,
2019-05-16,9:30am,USD,Natural Gas Storage,Medium,105B,85B,
2019-05-16,11:15am,USD,FOMC Member Brainard Speaks,Low,,,
2019-05-16,12:30pm,GBP,MPC Member Haskel Speaks,Low,,,
2019-05-16,11:30pm,JPY,Tertiary Industry Activity m/m,Medium,0.1%,-0.6%,
2019-05-17,FriMay 17,EUR,Final CPI y/y,Medium,1.7%,1.7%,
2019-05-17,All Day,EUR,ECOFIN Meetings,Medium,,,
2019-05-17,9:00am,USD,Prelim UoM Consumer Sentiment,Low,97.8,97.2,
2019-05-17,9:00am,USD,CB Leading Index m/m,Medium,0.2%,0.3%,
2019-05-17,9:00am,USD,Prelim UoM Inflation Expectations,Medium,,2.5%,
2019-05-17,12:40pm,USD,FOMC Member Clarida Speaks,Low,,,
2019-05-19,6:01pm,GBP,Rightmove HPI m/m,Medium,,1.1%,
2019-05-19,6:50pm,JPY,Prelim GDP Price Index y/y,Medium,0.2%,-0.3%,
2019-05-19,6:50pm,JPY,Prelim GDP q/q,Medium,-0.1%,0.5%,
2019-05-19,11:30pm,JPY,Revised Industrial Production m/m,Medium,-0.9%,-0.9%,
2019-05-20,3:00am,EUR,Current Account,Medium,24.2B,27.9B,
2019-05-20,5:00am,EUR,German Buba Monthly Report,Medium,,,
2019-05-20,8:30am,GBP,CB Leading Index m/m,Medium,,-0.4%,
2019-05-20,11:30am,GBP,MPC Member Broadbent Speaks,Low,,,
2019-05-20,12:05pm,USD,FOMC Member Clarida Speaks,Low,,,
2019-05-20,6:00pm,USD,Fed Chairman Powell Speaks,High,,,
2019-05-21,8:45am,EUR,Consumer Confidence,Medium,-8,-8,
2019-05-21,9:00am,USD,Existing Home Sales,Medium,5.35M,5.21M,
2019-05-21,9:45am,USD,FOMC Member Evans Speaks,Low,,,
2019-05-21,10:00am,GBP,Prime Minister May Speaks,High,,,
2019-05-21,11:00am,USD,FOMC Member Rosengren Speaks,Low,,,
2019-05-21,3:30pm,USD,API Weekly Statistical Bulletin,Medium,,,
2019-05-21,6:50pm,JPY,Core Machinery Orders m/m,Medium,0.0%,1.8%,
2019-05-21,6:50pm,JPY,Trade Balance,Medium,-0.12T,-0.15T,
2019-05-22,2:38am,EUR,ECB President Draghi Speaks,High,,,
2019-05-22,3:30am,GBP,CPI y/y,High,2.2%,1.9%,
2019-05-22,3:30am,GBP,PPI Input m/m,Low,1.1%,-0.8%,
2019-05-22,3:30am,GBP,Public Sector Net Borrowing,Low,5.2B,-1.0B,
2019-05-22,3:30am,GBP,Core CPI y/y,Medium,1.9%,1.8%,
2019-05-22,3:30am,GBP,HPI y/y,Medium,0.9%,1.0%,
2019-05-22,3:30am,GBP,PPI Output m/m,Medium,0.3%,0.1%,
2019-05-22,3:30am,GBP,RPI y/y,Medium,2.8%,2.4%,
2019-05-22,4:34am,EUR,German 10-y Bond Auction,Medium,,0.02|2.0,
2019-05-22,9:00am,USD,FOMC Member Williams Speaks,Low,,,
2019-05-22,9:30am,USD,Crude Oil Inventories,Medium,-1.2M,5.4M,
2019-05-22,1:00pm,USD,FOMC Meeting Minutes,High,,,
2019-05-22,7:30pm,JPY,Flash Manufacturing PMI,Medium,50.5,50.2,
2019-05-23,2:15am,EUR,French Flash Services PMI,High,50.7,50.5,
2019-05-23,2:15am,EUR,French Flash Manufacturing PMI,Low,50.1,50.0,
2019-05-23,2:30am,EUR,German Flash Manufacturing PMI,High,44.9,44.4,
2019-05-23,2:30am,EUR,German Flash Services PMI,High,55.2,55.7,
2019-05-23,3:00am,EUR,Flash Manufacturing PMI,Low,48.2,47.9,
2019-05-23,3:00am,EUR,Flash Services PMI,Low,53.0,52.8,
2019-05-23,3:00am,EUR,German ifo Business Climate,Low,99.2,99.2,
2019-05-23,Day 1,EUR,European Parliamentary Elections,Medium,,,
2019-05-23,6:30am,EUR,ECB Monetary Policy Meeting Accounts,Low,,,
2019-05-23,7:30am,USD,Unemployment Claims,Medium,215K,212K,
2019-05-23,8:45am,USD,Flash Manufacturing PMI,Medium,53.0,52.6,
2019-05-23,8:45am,USD,Flash Services PMI,Medium,53.6,53.0,
2019-05-23,9:00am,USD,New Home Sales,Medium,678K,723K,
2019-05-23,9:30am,USD,Natural Gas Storage,Medium,104B,106B,
2019-05-23,6:30pm,JPY,National Core CPI y/y,Medium,0.9%,0.8%,
2019-05-23,11:30pm,JPY,All Industries Activity m/m,Medium,-0.1%,-0.2%,
2019-05-24,5:00am,GBP,CBI Realized Sales,Medium,6,13,
2019-05-24,Day 2,EUR,European Parliamentary Elections,Medium,,,
2019-05-24,7:30am,USD,Core Durable Goods Orders m/m,High,0.1%,0.3%,
2019-05-24,7:30am,USD,Durable Goods Orders m/m,Low,-2.0%,2.6%,
2019-05-24,7:59am,EUR,Belgian NBB Business Climate,Medium,-2.3,-3.2,
2019-05-26,10:00pm,JPY,BOJ Gov Kuroda Speaks,Low,,,
2019-05-27,All Day,USD,Bank Holiday,Low,,,
2019-05-27,6:50pm,JPY,SPPI y/y,Medium,1.2%,1.1%,
2019-05-28,12:45am,CHF,GDP q/q,Medium,0.3%,0.3%,
2019-05-28,1:00am,CHF,Trade Balance,Medium,2.98B,3.25B,
2019-05-28,1:00am,EUR,German GfK Consumer Climate,Medium,10.4,10.2,
2019-05-28,1:00am,EUR,German Import Prices m/m,Medium,0.5%,0.0%,
2019-05-28,3:00am,EUR,M3 Money Supply y/y,Medium,4.4%,4.6%,
2019-05-28,3:00am,EUR,Private Loans y/y,Medium,3.3%,3.3%,
2019-05-28,3:30am,GBP,High Street Lending,Medium,39.3K,40.6K,
2019-05-28,8:00am,USD,HPI m/m,Medium,0.2%,0.4%,
2019-05-28,8:00am,USD,S&P/CS Composite-20 HPI y/y,Medium,3.1%,3.0%,
2019-05-28,9:00am,USD,CB Consumer Confidence,Low,130.1,129.2,
2019-05-28,5:00pm,USD,Treasury Currency Report,Low,,,
2019-05-28,6:01pm,GBP,BRC Shop Price Index y/y,Medium,,0.4%,
2019-05-28,7:00pm,JPY,BOJ Gov Kuroda Speaks,Low,,,
2019-05-29,WedMay 29,EUR,French Prelim CPI m/m,Medium,0.3%,0.3%,
2019-05-29,WedMay 29,EUR,French Prelim GDP q/q,Medium,0.3%,0.3%,
2019-05-29,2:00am,CHF,KOF Economic Barometer,Medium,96.4,96.2,
2019-05-29,2:00am,EUR,German Buba President Weidmann Speaks,Low,,,
2019-05-29,2:55am,EUR,German Unemployment Change,Medium,-8K,-12K,
2019-05-29,3:00am,CHF,UBS Economic Expectations,Medium,,-7.7,
2019-05-29,3:00am,EUR,ECB Financial Stability Review,Medium,,,
2019-05-29,9:00am,USD,Richmond Manufacturing Index,Medium,6,3,
2019-05-29,3:30pm,USD,API Weekly Statistical Bulletin,Medium,,,
2019-05-30,All Day,EUR,French Bank Holiday,Low,,,
2019-05-30,All Day,EUR,German Bank Holiday,Low,,,
2019-05-30,2:00am,EUR,Spanish Flash CPI y/y,Medium,1.2%,1.5%,
2019-05-30,4:25am,EUR,Italian 10-y Bond Auction,Medium,,2.59|1.4,
2019-05-30,7:30am,USD,Prelim GDP q/q,High,3.1%,3.2%,
2019-05-30,7:30am,USD,Goods Trade Balance,Medium,-72.0B,-71.9B,
2019-05-30,7:30am,USD,Prelim GDP Price Index q/q,Medium,0.9%,0.9%,
2019-05-30,7:30am,USD,Prelim Wholesale Inventories m/m,Medium,0.2%,-0.1%,
2019-05-30,7:30am,USD,Unemployment Claims,Medium,216K,212K,
2019-05-30,9:00am,USD,Pending Home Sales m/m,Medium,0.9%,3.9%,
2019-05-30,9:30am,USD,Natural Gas Storage,Medium,98B,100B,
2019-05-30,10:00am,USD,Crude Oil Inventories,Medium,-0.9M,4.7M,
2019-05-30,11:00am,USD,FOMC Member Clarida Speaks,Low,,,
2019-05-30,6:01pm,GBP,GfK Consumer Confidence,Medium,-12,-13,
2019-05-30,6:30pm,JPY,Tokyo Core CPI y/y,Medium,1.2%,1.3%,
2019-05-30,6:30pm,JPY,Unemployment Rate,Medium,2.4%,2.5%,
2019-05-30,6:50pm,JPY,Prelim Industrial Production m/m,Medium,0.2%,-0.6%,
2019-05-30,6:50pm,JPY,Retail Sales y/y,Medium,1.0%,1.0%,
2019-05-30,11:59pm,JPY,Consumer Confidence,Medium,40.6,40.4,
2019-05-31,1:00am,EUR,German Retail Sales m/m,Medium,0.4%,0.0%,
2019-05-31,1:00am,GBP,Nationwide HPI m/m,Medium,0.0%,0.3%,
2019-05-31,1:30am,CHF,Retail Sales y/y,Medium,-0.8%,-0.7%,
2019-05-31,All Day,EUR,German Prelim CPI m/m,Low,0.3%,1.0%,
2019-05-31,3:30am,GBP,M4 Money Supply m/m,Medium,0.4%,-0.5%,
2019-05-31,3:30am,GBP,Mortgage Approvals,Medium,64K,63K,
2019-05-31,3:30am,GBP,Net Lending to Individuals m/m,Medium,4.6B,5.0B,
2019-05-31,4:00am,EUR,Italian Prelim CPI m/m,Medium,0.2%,0.2%,
2019-05-31,7:30am,USD,Core PCE Price Index m/m,Low,0.2%,0.1%,
2019-05-31,7:30am,USD,Personal Spending m/m,Low,0.2%,1.1%,
2019-05-31,7:30am,USD,Personal Income m/m,Medium,0.3%,0.1%,
2019-05-31,8:45am,USD,Chicago PMI,Low,55.1,52.6,
2019-05-31,9:00am,USD,Revised UoM Consumer Sentiment,Low,102.0,102.4,
2019-05-31,9:00am,USD,Revised UoM Inflation Expectations,Medium,,2.8%,
2019-05-31,11:00am,USD,FOMC Member Williams Speaks,Low,,,
2019-06-02,6:50pm,JPY,Capital Spending q/y,Medium,2.6%,5.7%,
2019-06-02,7:30pm,JPY,Final Manufacturing PMI,Medium,49.7,49.6,
2019-06-03,MonJun 3,CHF,CPI m/m,Medium,0.3%,0.2%,
2019-06-03,2:15am,EUR,Spanish Manufacturing PMI,Medium,51.4,51.8,
2019-06-03,2:30am,CHF,Manufacturing PMI,Medium,49.1,48.5,
2019-06-03,2:45am,EUR,Italian Manufacturing PMI,Medium,48.5,49.1,
2019-06-03,2:50am,EUR,French Final Manufacturing PMI,Medium,50.6,50.6,
2019-06-03,2:55am,EUR,German Final Manufacturing PMI,Medium,44.3,44.3,
2019-06-03,3:00am,EUR,Final Manufacturing PMI,Medium,47.7,47.7,
2019-06-03,3:30am,GBP,Final Manufacturing PMI,Low,52.5,53.1,
2019-06-03,8:10am,USD,FOMC Member Quarles Speaks,Low,,,
2019-06-03,8:45am,USD,Final Manufacturing PMI,Medium,50.8,50.6,
2019-06-03,9:00am,USD,ISM Manufacturing PMI,High,53.0,52.8,
2019-06-03,9:00am,USD,Construction Spending m/m,Medium,0.5%,0.1%,
2019-06-03,9:00am,USD,ISM Manufacturing Prices,Medium,51.5,50.0,
2019-06-03,All Day,USD,Wards Total Vehicle Sales,Medium,16.8M,16.4M,
2019-06-03,12:25pm,USD,FOMC Member Bullard Speaks,Low,,,
2019-06-03,6:01pm,GBP,BRC Retail Sales Monitor y/y,Medium,0.9%,3.7%,
2019-06-03,6:50pm,JPY,Monetary Base y/y,Medium,3.2%,3.1%,
2019-06-03,10:35pm,JPY,10-y Bond Auction,Medium,,-0.06|4.4,
2019-06-04,2:00am,EUR,Spanish Unemployment Change,Medium,-67.0K,-91.5K,
2019-06-04,3:00am,EUR,Italian Monthly Unemployment Rate,Medium,10.3%,10.2%,
2019-06-04,3:30am,GBP,Construction PMI,Medium,50.6,50.5,
2019-06-04,4:00am,EUR,Core CPI Flash Estimate y/y,Low,1.0%,1.3%,
2019-06-04,4:00am,EUR,CPI Flash Estimate y/y,Low,1.4%,1.7%,
2019-06-04,4:00am,EUR,Unemployment Rate,Medium,7.7%,7.7%,
2019-06-04,7:30am,USD,FOMC Member Williams Speaks,Low,,,
2019-06-04,8:55am,USD,Fed Chairman Powell Speaks,High,,,
2019-06-04,9:00am,USD,Factory Orders m/m,Medium,-1.0%,1.3%,
2019-06-04,3:30pm,USD,API Weekly Statistical Bulletin,Medium,,,
2019-06-05,2:45am,EUR,Italian Services PMI,Medium,49.9,50.4,
2019-06-05,2:45am,GBP,MPC Member Ramsden Speaks,Low,,,
2019-06-05,2:50am,EUR,French Final Services PMI,Medium,51.7,51.7,
2019-06-05,2:55am,EUR,German Final Services PMI,Medium,55.0,55.0,
2019-06-05,3:00am,EUR,Final Services PMI,Medium,52.5,52.5,
2019-06-05,3:30am,GBP,Final Services PMI,Low,50.6,50.4,
2019-06-05,4:00am,EUR,PPI m/m,Medium,0.4%,-0.1%,
2019-06-05,4:00am,EUR,Retail Sales m/m,Medium,-0.5%,0.0%,
2019-06-05,7:15am,USD,ADP Non-Farm Employment Change,Low,185K,271K,
2019-06-05,8:45am,USD,FOMC Member Clarida Speaks,Low,,,
2019-06-05,8:45am,USD,Final Services PMI,Medium,50.9,50.9,
2019-06-05,9:00am,USD,Fed Gov Nomination Hearings,High,,,
2019-06-05,9:00am,USD,ISM Services PMI,High,55.6,55.5,
2019-06-05,9:00am,USD,FOMC Member Bowman Speaks,Low,,,
2019-06-05,9:30am,USD,Crude Oil Inventories,Medium,-1.7M,-0.3M,
2019-06-05,1:00pm,USD,Beige Book,Medium,,,
2019-06-06,3:25am,JPY,BOJ Gov Kuroda Speaks,High,,,
2019-06-06,4:00am,EUR,Final Employment Change q/q,Medium,0.3%,0.3%,
2019-06-06,4:00am,EUR,Revised GDP q/q,Medium,0.4%,0.4%,
2019-06-06,4:00am,GBP,BOE Gov Carney Speaks,High,,,
2019-06-06,4:12am,EUR,French 10-y Bond Auction,Medium,,0.37|3.1,
2019-06-06,6:30am,USD,Challenger Job Cuts y/y,Medium,,10.9%,
2019-06-06,6:45am,EUR,Monetary Policy Statement,High,,,
2019-06-06,6:45am,EUR,Main Refinancing Rate,Low,0.00%,0.00%,
2019-06-06,7:30am,EUR,ECB Press Conference,High,,,
2019-06-06,7:30am,USD,Revised Nonfarm Productivity q/q,Medium,3.6%,3.6%,
2019-06-06,7:30am,USD,Revised Unit Labor Costs q/q,Medium,-0.9%,-0.9%,
2019-06-06,7:30am,USD,Trade Balance,Medium,-50.5B,-51.9B,
2019-06-06,7:30am,USD,Unemployment Claims,Medium,215K,218K,
2019-06-06,9:30am,USD,Natural Gas Storage,Medium,110B,114B,
2019-06-06,12:00pm,USD,FOMC Member Williams Speaks,Low,,,
2019-06-06,6:30pm,JPY,Average Cash Earnings y/y,Medium,-0.7%,-1.3%,
2019-06-06,6:30pm,JPY,Household Spending y/y,Medium,2.7%,2.1%,
2019-06-07,12:45am,CHF,Unemployment Rate,Medium,2.4%,2.4%,
2019-06-07,1:00am,EUR,German Industrial Production m/m,Medium,-0.4%,0.5%,
2019-06-07,1:00am,EUR,German Trade Balance,Medium,18.7B,20.0B,
2019-06-07,1:45am,EUR,French Industrial Production m/m,Medium,0.3%,-1.1%,
2019-06-07,1:45am,EUR,French Trade Balance,Medium,-4.9B,-5.5B,
2019-06-07,2:00am,CHF,Foreign Currency Reserves,Medium,,772B,
2019-06-07,2:30am,GBP,Halifax HPI m/m,Medium,-0.2%,1.2%,
2019-06-07,3:00am,EUR,Italian Retail Sales m/m,Medium,0.2%,-0.3%,
2019-06-07,3:30am,GBP,Consumer Inflation Expectations,Medium,,3.2%,
2019-06-07,7:30am,USD,Average Hourly Earnings m/m,High,0.3%,0.2%,
2019-06-07,7:30am,USD,Non-Farm Employment Change,High,177K,224K,
2019-06-07,7:30am,USD,Unemployment Rate,High,3.6%,3.6%,
2019-06-07,9:00am,USD,Final Wholesale Inventories m/m,Medium,0.7%,0.7%,
2019-06-07,2:00pm,USD,Consumer Credit m/m,Medium,11.5B,11.0B,
2019-06-09,6:50pm,JPY,Bank Lending y/y,Medium,2.4%,2.4%,
2019-06-09,6:50pm,JPY,Current Account,Medium,1.44T,1.27T,
2019-06-09,6:50pm,JPY,Final GDP Price Index y/y,Medium,0.2%,0.2%,
2019-06-09,6:50pm,JPY,Final GDP q/q,Medium,0.6%,0.5%,
2019-06-10,All Day,CHF,Bank Holiday,Low,,,
2019-06-10,All Day,EUR,French Bank Holiday,Low,,,
2019-06-10,All Day,EUR,German Bank Holiday,Low,,,
2019-06-10,3:00am,EUR,Italian Industrial Production m/m,Medium,0.2%,-1.0%,
2019-06-10,3:30am,GBP,GDP m/m,High,-0.1%,-0.1%,
2019-06-10,3:30am,GBP,Manufacturing Production m/m,High,-1.1%,0.9%,
2019-06-10,3:30am,GBP,Construction Output m/m,Medium,0.6%,-1.9%,
2019-06-10,3:30am,GBP,Goods Trade Balance,Medium,-13.1B,-15.4B,
2019-06-10,3:30am,GBP,Index of Services 3m/3m,Medium,0.2%,0.3%,
2019-06-10,3:30am,GBP,Industrial Production m/m,Medium,-0.7%,0.7%,
2019-06-10,4:00am,GBP,MPC Member Tenreyro Speaks,Low,,,
2019-06-10,7:10am,GBP,NIESR GDP Estimate,Medium,,0.3%,
2019-06-10,9:00am,USD,JOLTS Job Openings,Medium,7.50M,7.47M,
2019-06-10,12:00pm,GBP,MPC Member Saunders Speaks,Low,,,
2019-06-10,6:50pm,JPY,M2 Money Stock y/y,Medium,2.6%,2.5%,
2019-06-11,3:30am,EUR,Sentix Investor Confidence,Medium,2.3,5.3,
2019-06-11,3:30am,GBP,Average Earnings Index 3m/y,High,2.9%,3.3%,
2019-06-11,3:30am,GBP,Claimant Count Change,Medium,12.3K,19.1K,
2019-06-11,3:30am,GBP,Unemployment Rate,Medium,3.8%,3.8%,
2019-06-11,4:16am,USD,NFIB Small Business Index,Medium,102.3,103.5,
2019-06-11,7:30am,USD,Core PPI m/m,Low,0.2%,0.1%,
2019-06-11,7:30am,USD,PPI m/m,Low,0.1%,0.2%,
2019-06-11,9:00am,USD,RCM/TIPP Economic Optimism,Medium,59.2,58.6,
2019-06-11,3:30pm,USD,API Weekly Statistical Bulletin,Medium,,,
2019-06-11,6:50pm,JPY,Core Machinery Orders m/m,Medium,-0.8%,3.8%,
2019-06-11,6:50pm,JPY,PPI y/y,Medium,0.7%,1.3%,
2019-06-12,3:15am,EUR,ECB President Draghi Speaks,High,,,
2019-06-12,4:35am,EUR,German 10-y Bond Auction,Medium,,-0.07|1.8,
2019-06-12,7:30am,USD,Core CPI m/m,High,0.2%,0.1%,
2019-06-12,7:30am,USD,CPI m/m,High,0.1%,0.3%,
2019-06-12,7:30am,USD,CPI y/y,High,1.9%,2.0%,
2019-06-12,9:30am,USD,Crude Oil Inventories,Medium,-1.0M,6.8M,
2019-06-12,12:01pm,USD,10-y Bond Auction,Medium,,2.48|2.2,
2019-06-12,1:00pm,USD,Federal Budget Balance,Medium,-199.2B,160.3B,
2019-06-12,6:01pm,GBP,RICS House Price Balance,Medium,-21%,-22%,
2019-06-12,6:50pm,JPY,BSI Manufacturing Index,Medium,4.5,-7.3,
2019-06-12,10:35pm,JPY,30-y Bond Auction,Medium,,0.53|4.6,
2019-06-12,11:30pm,CHF,SNB Financial Stability Report,Low,,,
2019-06-12,11:30pm,JPY,Tertiary Industry Activity m/m,Medium,0.4%,-0.2%,
2019-06-13,1:00am,EUR,German Final CPI m/m,Medium,0.2%,0.2%,
2019-06-13,1:30am,CHF,PPI m/m,Medium,0.1%,0.0%,
2019-06-13,2:30am,CHF,SNB Monetary Policy Assessment,High,,,
2019-06-13,2:30am,CHF,SNB Policy Rate,Low,,,
2019-06-13,3:00am,CHF,SNB Press Conference,High,,,
2019-06-13,3:00am,EUR,Italian Quarterly Unemployment Rate,Medium,10.4%,10.6%,
2019-06-13,4:00am,EUR,Industrial Production m/m,Medium,-0.4%,-0.4%,
2019-06-13,All Day,EUR,Eurogroup Meetings,Medium,,,
2019-06-13,7:30am,USD,Import Prices m/m,Medium,-0.3%,0.1%,
2019-06-13,7:30am,USD,Unemployment Claims,Medium,215K,219K,
2019-06-13,9:30am,USD,Natural Gas Storage,Medium,110B,119B,
2019-06-13,12:01pm,USD,30-y Bond Auction,Medium,,2.89|2.2,
2019-06-13,11:30pm,JPY,Revised Industrial Production m/m,Medium,0.6%,0.6%,
2019-06-14,1:45am,EUR,French Final CPI m/m,Medium,0.2%,0.2%,
2019-06-14,All Day,EUR,ECOFIN Meetings,Medium,,,
2019-06-14,7:30am,USD,Core Retail Sales m/m,High,0.5%,0.5%,
2019-06-14,7:30am,USD,Retail Sales m/m,High,0.7%,0.3%,
2019-06-14,7:55am,GBP,BOE Gov Carney Speaks,High,,,
2019-06-14,8:15am,USD,Capacity Utilization Rate,Medium,78.0%,77.9%,
2019-06-14,8:15am,USD,Industrial Production m/m,Medium,0.2%,-0.4%,
2019-06-14,8:30am,GBP,CB Leading Index m/m,Medium,,-0.5%,
2019-06-14,9:00am,USD,Prelim UoM Consumer Sentiment,Low,98.1,100.0,
2019-06-14,9:00am,USD,Business Inventories m/m,Medium,0.4%,0.0%,
2019-06-14,9:00am,USD,Prelim UoM Inflation Expectations,Medium,,2.9%,
2019-06-16,6:01pm,GBP,Rightmove HPI m/m,Medium,,0.9%,
2019-06-17,7:30am,USD,Empire State Manufacturing Index,Medium,12.1,17.8,
2019-06-17,9:00am,USD,NAHB Housing Market Index,Medium,67,66,
2019-06-17,1:00pm,EUR,ECB President Draghi Speaks,High,,,
2019-06-17,3:00pm,USD,TIC Long-Term Purchases,Medium,30.8B,-25.9B,
2019-06-18,4:00am,EUR,German ZEW Economic Sentiment,Low,-5.7,-2.1,
2019-06-18,4:00am,EUR,Final Core CPI y/y,Medium,0.8%,0.8%,
2019-06-18,4:00am,EUR,Final CPI y/y,Medium,1.2%,1.2%,
2019-06-18,4:00am,EUR,Trade Balance,Medium,16.4B,18.6B,
2019-06-18,4:00am,EUR,ZEW Economic Sentiment,Medium,-3.6,-1.6,
2019-06-18,4:34am,GBP,10-y Bond Auction,Medium,,1.11|2.3,
2019-06-18,7:30am,USD,Building Permits,Low,1.30M,1.29M,
2019-06-18,7:30am,USD,Housing Starts,Medium,1.24M,1.28M,
2019-06-18,9:00am,GBP,BOE Gov Carney Speaks,High,,,
2019-06-18,3:30pm,USD,API Weekly Statistical Bulletin,Medium,,,
2019-06-18,6:50pm,JPY,Trade Balance,Medium,-0.80T,-0.17T,
2019-06-19,3:00am,EUR,Current Account,Medium,23.2B,24.7B,
2019-06-19,3:02am,EUR,Italian Trade Balance,Medium,4.55B,4.58B,
2019-06-19,3:30am,GBP,CPI y/y,High,2.0%,2.1%,
2019-06-19,3:30am,GBP,PPI Input m/m,Low,0.2%,1.9%,
2019-06-19,3:30am,GBP,Core CPI y/y,Medium,1.6%,1.8%,
2019-06-19,3:30am,GBP,HPI y/y,Medium,1.1%,1.6%,
2019-06-19,3:30am,GBP,PPI Output m/m,Medium,0.2%,0.3%,
2019-06-19,3:30am,GBP,RPI y/y,Medium,2.9%,3.0%,
2019-06-19,4:34am,EUR,German 30-y Bond Auction,Medium,,0.53|1.8,
2019-06-19,5:00am,GBP,CBI Industrial Order Expectations,Medium,-11,-10,
2019-06-19,8:00am,CHF,SNB Quarterly Bulletin,Medium,,,
2019-06-19,9:00am,EUR,ECB President Draghi Speaks,High,,,
2019-06-19,9:30am,USD,Crude Oil Inventories,Medium,-1.5M,2.2M,
2019-06-19,1:00pm,USD,Federal Funds Rate,High,2.50%,2.50%,
2019-06-19,1:00pm,USD,FOMC Economic Projections,High,,,
2019-06-19,1:00pm,USD,FOMC Statement,High,,,
2019-06-19,1:30pm,USD,FOMC Press Conference,High,,,
2019-06-19,9:45pm,JPY,Monetary Policy Statement,High,,,
2019-06-19,9:45pm,JPY,BOJ Policy Rate,Medium,-0.10%,-0.10%,
2019-06-19,11:30pm,JPY,All Industries Activity m/m,Medium,0.7%,-0.3%,
2019-06-20,1:30am,JPY,BOJ Press Conference,High,,,
2019-06-20,3:00am,EUR,ECB Economic Bulletin,Medium,,,
2019-06-20,3:30am,GBP,Retail Sales m/m,High,-0.5%,-0.1%,
2019-06-20,6:00am,GBP,Monetary Policy Summary,High,,,
2019-06-20,6:00am,GBP,MPC Official Bank Rate Votes,High,0-0-9,0-0-9,
2019-06-20,6:00am,GBP,Official Bank Rate,High,0.75%,0.75%,
2019-06-20,6:00am,GBP,Asset Purchase Facility,Low,435B,435B,
2019-06-20,6:00am,GBP,MPC Asset Purchase Facility Votes,Low,0-0-9,0-0-9,
2019-06-20,7:30am,USD,Philly Fed Manufacturing Index,Low,10.6,16.6,
2019-06-20,7:30am,USD,Current Account,Medium,-125B,-144B,
2019-06-20,7:30am,USD,Unemployment Claims,Medium,220K,222K,
2019-06-20,8:50am,EUR,Consumer Confidence,Medium,-7,-7,
2019-06-20,9:00am,USD,CB Leading Index m/m,Medium,0.1%,0.1%,
2019-06-20,9:30am,USD,Natural Gas Storage,Medium,106B,102B,
2019-06-20,3:00pm,GBP,BOE Gov Carney Speaks,High,,,
2019-06-20,6:30pm,JPY,National Core CPI y/y,Medium,0.7%,0.9%,
2019-06-20,7:30pm,JPY,Flash Manufacturing PMI,Medium,50.0,49.8,
2019-06-21,FriJun 21,EUR,French Flash Manufacturing PMI,Low,51.0,50.6,
2019-06-21,2:30am,EUR,German Flash Manufacturing PMI,High,44.6,44.3,
2019-06-21,2:30am,EUR,German Flash Services PMI,High,55.3,55.4,
2019-06-21,3:00am,EUR,Flash Manufacturing PMI,Low,48.0,47.7,
2019-06-21,3:00am,EUR,Flash Services PMI,Low,53.0,52.9,
2019-06-21,3:30am,GBP,Public Sector Net Borrowing,Low,3.3B,6.2B,
2019-06-21,7:30am,GBP,MPC Member Tenreyro Speaks,Low,,,
2019-06-21,8:45am,USD,Flash Manufacturing PMI,Low,50.5,50.5,
2019-06-21,8:45am,USD,Flash Services PMI,Medium,51.0,50.9,
2019-06-21,9:00am,USD,Existing Home Sales,Medium,5.29M,5.21M,
2019-06-21,10:00am,USD,10-y Bond Auction,Medium,,2.13|2.5,
2019-06-21,11:00am,USD,FOMC Member Brainard Speaks,Low,,,
2019-06-21,3:30pm,USD,Bank Stress Test Results,Medium,,,
2019-06-24,7:59am,EUR,Belgian NBB Business Climate,Medium,-2.2,-3.6,
2019-06-24,6:50pm,JPY,Monetary Policy Meeting Minutes,Medium,,,
2019-06-24,6:50pm,JPY,SPPI y/y,Medium,1.1%,1.0%,
2019-06-25,4:37am,GBP,30-y Bond Auction,Medium,,1.74|2.3,
2019-06-25,5:00am,GBP,CBI Realized Sales,Medium,0,-27,
2019-06-25,7:45am,USD,FOMC Member Williams Speaks,Low,,,
2019-06-25,8:00am,USD,HPI m/m,Medium,0.2%,0.1%,
2019-06-25,8:00am,USD,S&P/CS Composite-20 HPI y/y,Medium,2.5%,2.6%,
2019-06-25,8:59am,USD,Richmond Manufacturing Index,Low,7,5,
2019-06-25,9:00am,USD,CB Consumer Confidence,High,132.0,131.3,
2019-06-25,9:00am,USD,New Home Sales,Medium,686K,679K,
2019-06-25,12:00pm,USD,Fed Chairman Powell Speaks,High,,,
2019-06-25,3:30pm,USD,API Weekly Statistical Bulletin,Medium,,,
2019-06-25,5:30pm,USD,FOMC Member Bullard Speaks,Low,,,
2019-06-26,3:00am,CHF,UBS Economic Expectations,Medium,,-14.3,
2019-06-26,3:30am,GBP,High Street Lending,Medium,43.2K,42.9K,
2019-06-26,4:15am,GBP,Monetary Policy Report Hearings,High,,,
2019-06-26,7:30am,USD,Core Durable Goods Orders m/m,High,0.1%,-0.1%,
2019-06-26,7:30am,USD,Durable Goods Orders m/m,Low,0.0%,-2.8%,
2019-06-26,7:30am,USD,Goods Trade Balance,Medium,-71.8B,-70.9B,
2019-06-26,7:30am,USD,Prelim Wholesale Inventories m/m,Medium,0.6%,0.8%,
2019-06-26,9:30am,USD,Crude Oil Inventories,Medium,-2.7M,-3.1M,
2019-06-26,6:50pm,JPY,Retail Sales y/y,Medium,1.2%,0.4%,
2019-06-27,All Day,EUR,German Prelim CPI m/m,Low,0.2%,0.2%,
2019-06-27,4:16am,EUR,Italian 10-y Bond Auction,Medium,,2.60|1.3,
2019-06-27,7:30am,USD,Final GDP q/q,High,3.1%,3.1%,
2019-06-27,7:30am,USD,Final GDP Price Index q/q,Medium,0.8%,0.8%,
2019-06-27,7:30am,USD,Unemployment Claims,Medium,220K,217K,
2019-06-27,9:00am,USD,Pending Home Sales m/m,Medium,1.1%,-1.5%,
2019-06-27,9:30am,USD,Natural Gas Storage,Medium,104B,115B,
2019-06-27,3:30pm,USD,Bank Stress Test Results,Medium,,,
2019-06-27,6:01pm,GBP,GfK Consumer Confidence,Medium,-11,-10,
2019-06-27,6:30pm,JPY,Tokyo Core CPI y/y,Medium,1.0%,1.1%,
2019-06-27,6:30pm,JPY,Unemployment Rate,Medium,2.4%,2.4%,
2019-06-27,6:50pm,JPY,BOJ Summary of Opinions,Medium,,,
2019-06-27,6:50pm,JPY,Prelim Industrial Production m/m,Medium,0.7%,0.6%,
2019-06-28,1:00am,EUR,German Import Prices m/m,Medium,-0.1%,0.3%,
2019-06-28,1:45am,EUR,French Consumer Spending m/m,Medium,0.2%,0.3%,
2019-06-28,1:45am,EUR,French Prelim CPI m/m,Medium,0.0%,0.1%,
2019-06-28,2:00am,CHF,KOF Economic Barometer,Medium,94.2,93.8,
2019-06-28,3:30am,GBP,Current Account,High,-32.0B,-23.7B,
2019-06-28,3:30am,GBP,Final GDP q/q,Low,0.5%,0.5%,
2019-06-28,3:30am,GBP,Revised Business Investment q/q,Medium,0.5%,0.5%,
2019-06-28,4:00am,EUR,Core CPI Flash Estimate y/y,Low,1.0%,0.8%,
2019-06-28,4:00am,EUR,CPI Flash Estimate y/y,Low,1.2%,1.2%,
2019-06-28,4:00am,EUR,Italian Prelim CPI m/m,Medium,0.0%,0.0%,
2019-06-28,7:30am,USD,Core PCE Price Index m/m,Low,0.2%,0.2%,
2019-06-28,7:30am,USD,Personal Spending m/m,Low,0.5%,0.6%,
2019-06-28,7:30am,USD,Personal Income m/m,Medium,0.3%,0.5%,
2019-06-28,8:45am,USD,Chicago PMI,Low,54.0,54.2,
2019-06-28,9:00am,USD,Revised UoM Consumer Sentiment,Low,97.4,97.9,
2019-06-28,9:00am,USD,Revised UoM Inflation Expectations,Medium,,2.6%,
2019-06-30,6:50pm,JPY,Tankan Manufacturing Index,Medium,9,12,
2019-06-30,6:50pm,JPY,Tankan Non-Manufacturing Index,Medium,20,21,
2019-06-30,7:30pm,JPY,Final Manufacturing PMI,Medium,49.5,49.5,
2019-07-01,1:30am,CHF,Retail Sales y/y,Medium,0.6%,-0.8%,
2019-07-01,2:15am,EUR,Spanish Manufacturing PMI,Medium,49.6,50.1,
2019-07-01,2:30am,CHF,Manufacturing PMI,Medium,48.9,48.6,
2019-07-01,2:45am,EUR,Italian Manufacturing PMI,Medium,48.7,49.7,
2019-07-01,2:50am,EUR,French Final Manufacturing PMI,Medium,52.0,52.0,
2019-07-01,2:55am,EUR,German Final Manufacturing PMI,Medium,45.4,45.4,
2019-07-01,2:55am,EUR,German Unemployment Change,Medium,1K,60K,
2019-07-01,3:00am,EUR,Final Manufacturing PMI,Medium,47.8,47.8,
2019-07-01,3:00am,EUR,M3 Money Supply y/y,Medium,4.6%,4.7%,
2019-07-01,3:00am,EUR,Italian Monthly Unemployment Rate,Medium,10.3%,10.1%,
2019-07-01,3:00am,EUR,Private Loans y/y,Medium,3.5%,3.3%,
2019-07-01,3:30am,GBP,Final Manufacturing PMI,Low,49.5,49.4,
2019-07-01,3:30am,GBP,M4 Money Supply m/m,Medium,0.6%,0.5%,
2019-07-01,3:30am,GBP,Mortgage Approvals,Medium,66K,66K,
2019-07-01,3:30am,GBP,Net Lending to Individuals m/m,Medium,5.1B,5.1B,
2019-07-01,4:00am,EUR,Unemployment Rate,Medium,7.6%,7.6%,
2019-07-01,8:45am,USD,Final Manufacturing PMI,Medium,50.1,50.1,
2019-07-01,9:00am,USD,ISM Manufacturing PMI,High,51.3,52.1,
2019-07-01,9:00am,USD,Construction Spending m/m,Medium,0.1%,0.4%,
2019-07-01,9:00am,USD,ISM Manufacturing Prices,Medium,52.9,53.2,
2019-07-01,6:50pm,JPY,Monetary Base y/y,Medium,3.4%,3.6%,
2019-07-01,10:35pm,JPY,10-y Bond Auction,Medium,,-0.11|4.0,
2019-07-02,TueJul 2,GBP,Nationwide HPI m/m,Medium,0.2%,-0.2%,
2019-07-02,1:45am,EUR,French Gov Budget Balance,Medium,,-67.2B,
2019-07-02,2:00am,EUR,Spanish Unemployment Change,Medium,-90.0K,-84.1K,
2019-07-02,3:30am,GBP,Construction PMI,Medium,49.4,48.6,
2019-07-02,4:00am,EUR,PPI m/m,Medium,0.1%,-0.3%,
2019-07-02,5:35am,USD,FOMC Member Williams Speaks,Low,,,
2019-07-02,9:00am,USD,RCM/TIPP Economic Optimism,Medium,54.1,53.2,
2019-07-02,All Day,USD,Wards Total Vehicle Sales,Medium,17.0M,17.3M,
2019-07-02,3:30pm,USD,API Weekly Statistical Bulletin,Medium,,,
2019-07-02,6:01pm,GBP,BRC Shop Price Index y/y,Medium,,0.8%,
2019-07-03,2:45am,EUR,Italian Services PMI,Medium,50.0,50.0,
2019-07-03,2:50am,EUR,French Final Services PMI,Medium,53.1,53.1,
2019-07-03,2:55am,EUR,German Final Services PMI,Medium,55.6,55.6,
2019-07-03,3:00am,EUR,Final Services PMI,Medium,53.4,53.4,
2019-07-03,3:30am,GBP,Final Services PMI,Low,51.0,51.0,
2019-07-03,6:30am,USD,Challenger Job Cuts y/y,Medium,,85.9%,
2019-07-03,7:15am,GBP,MPC Member Broadbent Speaks,Low,,,
2019-07-03,7:15am,USD,ADP Non-Farm Employment Change,High,140K,41K,
2019-07-03,7:30am,USD,Trade Balance,Medium,-53.2B,-51.2B,
2019-07-03,7:30am,USD,Unemployment Claims,Medium,220K,229K,
2019-07-03,8:45am,USD,Final Services PMI,Medium,50.7,50.7,
2019-07-03,9:00am,USD,ISM Services PMI,High,56.1,56.9,
2019-07-03,9:00am,USD,Factory Orders m/m,Medium,-0.4%,-1.2%,
2019-07-03,9:30am,USD,Crude Oil Inventories,Medium,-2.8M,-12.8M,
2019-07-03,11:00am,USD,Natural Gas Storage,Medium,85B,98B,
2019-07-03,10:35pm,JPY,30-y Bond Auction,Medium,,0.32|3.5,
2019-07-04,3:30am,GBP,Housing Equity Withdrawal q/q,Medium,-6.9B,-7.0B,
2019-07-04,3:54am,EUR,Spanish 10-y Bond Auction,Medium,,0.94|1.4,
2019-07-04,4:00am,EUR,Retail Sales m/m,Medium,0.4%,-0.1%,
2019-07-04,4:03am,EUR,French 10-y Bond Auction,Medium,,0.14|2.6,
2019-07-04,All Day,USD,Bank Holiday,Low,,,
2019-07-04,6:30pm,JPY,Household Spending y/y,Medium,1.4%,1.3%,
2019-07-05,1:00am,EUR,German Factory Orders m/m,Medium,-0.1%,0.4%,
2019-07-05,1:45am,EUR,French Trade Balance,Medium,-4.8B,-4.9B,
2019-07-05,2:00am,CHF,Foreign Currency Reserves,Medium,,759B,
2019-07-05,2:30am,GBP,Halifax HPI m/m,Medium,-0.4%,0.4%,
2019-07-05,7:30am,USD,Average Hourly Earnings m/m,High,0.3%,0.3%,
2019-07-05,7:30am,USD,Non-Farm Employment Change,High,162K,72K,
2019-07-05,7:30am,USD,Unemployment Rate,High,3.6%,3.6%,
2019-07-05,10:00am,USD,Fed Monetary Policy Report,Medium,,,
2019-07-07,6:50pm,JPY,Bank Lending y/y,Medium,2.6%,2.6%,
2019-07-07,6:50pm,JPY,Core Machinery Orders m/m,Medium,-3.6%,5.2%,
2019-07-07,6:50pm,JPY,Current Account,Medium,1.24T,1.60T,
2019-07-07,7:30pm,JPY,BOJ Gov Kuroda Speaks,Low,,,
2019-07-08,1:00am,EUR,German Industrial Production m/m,Medium,0.4%,-2.0%,
2019-07-08,1:00am,EUR,German Trade Balance,Medium,16.8B,16.9B,
2019-07-08,3:30am,EUR,Sentix Investor Confidence,Medium,0.3,-3.3,
2019-07-08,2:00pm,USD,Consumer Credit m/m,Medium,15.2B,17.5B,
2019-07-08,6:01pm,GBP,BRC Retail Sales Monitor y/y,Medium,-1.5%,-3.0%,
2019-07-08,6:30pm,JPY,Average Cash Earnings y/y,Medium,-0.6%,-0.3%,
2019-07-08,6:50pm,JPY,M2 Money Stock y/y,Medium,2.6%,2.6%,
2019-07-09,12:58am,JPY,Prelim Machine Tool Orders y/y,Medium,,-27.3%,
2019-07-09,3:00am,EUR,Italian Retail Sales m/m,Medium,0.2%,0.0%,
2019-07-09,5:00am,USD,NFIB Small Business Index,Medium,103.2,105.0,
2019-07-09,7:45am,USD,Fed Chairman Powell Speaks,High,,,
2019-07-09,9:00am,USD,JOLTS Job Openings,Medium,7.51M,7.37M,
2019-07-09,9:10am,USD,FOMC Member Bullard Speaks,Low,,,
2019-07-09,1:00pm,USD,FOMC Member Quarles Speaks,Low,,,
2019-07-09,3:30pm,USD,API Weekly Statistical Bulletin,Medium,,,
2019-07-09,6:50pm,JPY,PPI y/y,Medium,0.4%,0.6%,
2019-07-10,3:00am,EUR,Italian Industrial Production m/m,Medium,0.1%,-0.8%,
2019-07-10,3:30am,GBP,GDP m/m,High,0.3%,-0.4%,
2019-07-10,3:30am,GBP,Manufacturing Production m/m,High,2.2%,-4.2%,
2019-07-10,3:30am,GBP,Construction Output m/m,Medium,0.4%,-0.5%,
2019-07-10,3:30am,GBP,Goods Trade Balance,Medium,-12.5B,-12.8B,
2019-07-10,3:30am,GBP,Index of Services 3m/3m,Medium,0.1%,0.3%,
2019-07-10,3:30am,GBP,Industrial Production m/m,Medium,1.6%,-2.9%,
2019-07-10,4:15am,EUR,EU Economic Forecasts,Low,,,
2019-07-10,4:37am,EUR,German 10-y Bond Auction,Medium,,-0.24|1.7,
2019-07-10,7:14am,GBP,NIESR GDP Estimate,Medium,,0.3%,
2019-07-10,9:00am,USD,Fed Chairman Powell Testifies,High,,,
2019-07-10,9:00am,USD,Final Wholesale Inventories m/m,Medium,0.4%,0.4%,
2019-07-10,9:30am,USD,Crude Oil Inventories,Medium,-1.9M,-1.1M,
2019-07-10,12:01pm,USD,10-y Bond Auction,Medium,,2.07|3.4,
2019-07-10,12:10pm,GBP,MPC Member Tenreyro Speaks,Low,,,
2019-07-10,12:30pm,USD,FOMC Member Bullard Speaks,Low,,,
2019-07-10,1:00pm,USD,FOMC Meeting Minutes,High,,,
2019-07-10,6:01pm,GBP,RICS House Price Balance,Medium,-12%,-9%,
2019-07-10,11:30pm,JPY,Tertiary Industry Activity m/m,Medium,-0.1%,0.8%,
2019-07-11,1:45am,EUR,French Final CPI m/m,Medium,0.2%,0.2%,
2019-07-11,4:30am,GBP,BOE Financial Stability Report,Low,,,
2019-07-11,4:30am,GBP,FPC Meeting Minutes,Medium,,,
2019-07-11,4:30am,GBP,FPC Statement,Medium,,,
2019-07-11,5:00am,GBP,BOE Gov Carney Speaks,High,,,
2019-07-11,All Day,EUR,Eurogroup Meetings,Medium,,,
2019-07-11,6:30am,EUR,ECB Monetary Policy Meeting Accounts,Low,,,
2019-07-11,7:30am,USD,Core CPI m/m,High,0.2%,0.1%,
2019-07-11,7:30am,USD,CPI m/m,High,0.0%,0.1%,
2019-07-11,7:30am,USD,CPI y/y,High,1.6%,1.8%,
2019-07-11,7:30am,USD,Unemployment Claims,Medium,220K,222K,
2019-07-11,9:00am,USD,Fed Chairman Powell Testifies,High,,,
2019-07-11,9:30am,USD,Natural Gas Storage,Medium,71B,89B,
2019-07-11,12:01pm,USD,30-y Bond Auction,Medium,,2.61|2.3,
2019-07-11,12:30pm,USD,FOMC Member Quarles Speaks,Low,,,
2019-07-11,1:00pm,USD,Federal Budget Balance,Medium,-7.9B,-207.8B,
2019-07-11,11:30pm,JPY,Revised Industrial Production m/m,Medium,2.3%,2.3%,
2019-07-12,3:00am,GBP,MPC Member Vlieghe Speaks,Low,,,
2019-07-12,4:00am,EUR,Industrial Production m/m,Medium,0.2%,-0.4%,
2019-07-12,All Day,EUR,ECOFIN Meetings,Medium,,,
2019-07-12,7:30am,USD,PPI m/m,High,0.1%,0.1%,
2019-07-12,7:30am,USD,Core PPI m/m,Low,0.2%,0.2%,
2019-07-12,8:30am,GBP,CB Leading Index m/m,Medium,,-0.3%,
2019-07-14,6:01pm,GBP,Rightmove HPI m/m,Medium,,0.3%,
2019-07-14,All Day,JPY,Bank Holiday,Low,,,
2019-07-15,7:30am,USD,Empire State Manufacturing Index,Low,1.6,-8.6,
2019-07-15,7:50am,USD,FOMC Member Williams Speaks,Low,,,
2019-07-16,3:30am,GBP,Average Earnings Index 3m/y,High,3.1%,3.2%,
2019-07-16,3:30am,GBP,Claimant Count Change,Medium,18.9K,24.5K,
2019-07-16,3:30am,GBP,Unemployment Rate,Medium,3.8%,3.8%,
2019-07-16,4:00am,EUR,German ZEW Economic Sentiment,Low,-22.1,-21.1,
2019-07-16,4:00am,EUR,Trade Balance,Medium,16.4B,15.7B,
2019-07-16,4:00am,EUR,ZEW Economic Sentiment,Medium,-20.9,-20.2,
2019-07-16,7:00am,GBP,BOE Gov Carney Speaks,High,,,
2019-07-16,7:15am,USD,FOMC Member Bowman Speaks,Low,,,
2019-07-16,7:30am,USD,Core Retail Sales m/m,High,0.1%,0.4%,
2019-07-16,7:30am,USD,Retail Sales m/m,High,0.1%,0.4%,
2019-07-16,7:30am,USD,Import Prices m/m,Medium,-0.7%,0.0%,
2019-07-16,8:15am,USD,Capacity Utilization Rate,Medium,78.2%,78.1%,
2019-07-16,8:15am,USD,Industrial Production m/m,Medium,0.1%,0.4%,
2019-07-16,9:00am,USD,Business Inventories m/m,Medium,0.4%,0.5%,
2019-07-16,9:00am,USD,NAHB Housing Market Index,Medium,64,64,
2019-07-16,12:00pm,USD,Fed Chairman Powell Speaks,High,,,
2019-07-16,1:40pm,USD,FOMC Member Evans Speaks,High,,,
2019-07-16,3:00pm,USD,TIC Long-Term Purchases,Medium,32.3B,46.9B,
2019-07-16,3:30pm,USD,API Weekly Statistical Bulletin,Medium,,,
2019-07-17,WedJul 17,GBP,PPI Input m/m,Low,-1.0%,0.0%,
2019-07-17,WedJul 17,GBP,Core CPI y/y,Medium,1.8%,1.7%,
2019-07-17,WedJul 17,GBP,HPI y/y,Medium,1.2%,1.5%,
2019-07-17,WedJul 17,GBP,PPI Output m/m,Medium,0.1%,0.3%,
2019-07-17,WedJul 17,GBP,RPI y/y,Medium,2.9%,3.0%,
2019-07-17,4:00am,EUR,Final Core CPI y/y,Medium,1.1%,1.1%,
2019-07-17,4:00am,EUR,Final CPI y/y,Medium,1.2%,1.2%,
2019-07-17,4:34am,EUR,German 30-y Bond Auction,Medium,,0.26|1.6,
2019-07-17,7:30am,USD,Building Permits,Low,1.30M,1.30M,
2019-07-17,7:30am,USD,Housing Starts,Medium,1.26M,1.27M,
2019-07-17,9:30am,USD,Crude Oil Inventories,Medium,-3.6M,-9.5M,
2019-07-17,1:00pm,USD,Beige Book,Medium,,,
2019-07-17,6:50pm,JPY,Trade Balance,Medium,-0.14T,-0.62T,
2019-07-18,3:30am,GBP,Retail Sales m/m,High,-0.3%,-0.6%,
2019-07-18,3:30am,GBP,BOE Credit Conditions Survey,Low,,,
2019-07-18,3:48am,EUR,Spanish 10-y Bond Auction,Medium,,0.26|1.2,
2019-07-18,7:30am,USD,Philly Fed Manufacturing Index,Low,5.0,0.3,
2019-07-18,7:30am,USD,Unemployment Claims,Medium,216K,208K,
2019-07-18,9:00am,USD,CB Leading Index m/m,Medium,0.1%,0.0%,
2019-07-18,9:30am,USD,Natural Gas Storage,Medium,72B,81B,
2019-07-18,1:15pm,USD,FOMC Member Williams Speaks,Low,,,
2019-07-18,6:30pm,JPY,National Core CPI y/y,Medium,0.6%,0.8%,
2019-07-18,11:30pm,JPY,All Industries Activity m/m,Medium,0.3%,0.8%,
2019-07-19,3:00am,EUR,Current Account,Medium,21.2B,22.4B,
2019-07-19,3:30am,GBP,Public Sector Net Borrowing,Low,3.4B,3.8B,
2019-07-19,9:00am,USD,Prelim UoM Consumer Sentiment,Low,98.6,98.2,
2019-07-19,9:00am,USD,Prelim UoM Inflation Expectations,Medium,,2.7%,
2019-07-19,10:05am,USD,FOMC Member Bullard Speaks,Low,,,
2019-07-19,3:30pm,USD,FOMC Member Rosengren Speaks,Low,,,
2019-07-22,10:00am,JPY,BOJ Gov Kuroda Speaks,Low,,,
2019-07-23,4:35am,GBP,10-y Bond Auction,Medium,,0.89|2.1,
2019-07-23,5:00am,GBP,CBI Industrial Order Expectations,Medium,-15,-15,
2019-07-23,7:20am,GBP,MPC Member Haldane Speaks,Low,,,
2019-07-23,8:00am,USD,HPI m/m,Medium,0.3%,0.4%,
2019-07-23,8:58am,EUR,Consumer Confidence,Medium,-7,-7,
2019-07-23,8:59am,USD,Richmond Manufacturing Index,Medium,5,3,
2019-07-23,9:00am,USD,Existing Home Sales,Medium,5.35M,5.36M,
2019-07-23,3:30pm,USD,API Weekly Statistical Bulletin,Medium,,,
2019-07-23,7:30pm,JPY,Flash Manufacturing PMI,Medium,49.7,49.3,
2019-07-24,WedJul 24,EUR,French Flash Manufacturing PMI,Low,51.6,51.9,
2019-07-24,2:30am,EUR,German Flash Manufacturing PMI,High,45.1,45.0,
2019-07-24,2:30am,EUR,German Flash Services PMI,High,55.3,55.8,
2019-07-24,3:00am,CHF,UBS Economic Expectations,Medium,,-30.0,
2019-07-24,3:00am,EUR,Flash Manufacturing PMI,Low,47.6,47.6,
2019-07-24,3:00am,EUR,Flash Services PMI,Low,53.3,53.6,
2019-07-24,3:00am,EUR,M3 Money Supply y/y,Medium,4.6%,4.8%,
2019-07-24,3:00am,EUR,Private Loans y/y,Medium,3.2%,3.3%,
2019-07-24,3:30am,GBP,High Street Lending,Medium,42.9K,42.4K,
2019-07-24,7:57am,EUR,Belgian NBB Business Climate,Medium,-5.0,-4.9,
2019-07-24,8:45am,USD,Flash Manufacturing PMI,Low,50.9,50.6,
2019-07-24,8:45am,USD,Flash Services PMI,Medium,51.6,51.5,
2019-07-24,9:00am,USD,New Home Sales,Medium,659K,604K,
2019-07-24,9:30am,USD,Crude Oil Inventories,Medium,-4.2M,-3.1M,
2019-07-24,6:50pm,JPY,SPPI y/y,Medium,0.8%,0.9%,
2019-07-25,3:00am,EUR,German ifo Business Climate,Low,97.1,97.5,
2019-07-25,5:00am,GBP,CBI Realized Sales,Medium,0,-42,
2019-07-25,5:30am,GBP,Prime Minister Johnson Speaks,High,,,
2019-07-25,6:45am,EUR,Main Refinancing Rate,High,0.00%,0.00%,
2019-07-25,6:45am,EUR,Monetary Policy Statement,High,,,
2019-07-25,7:30am,EUR,ECB Press Conference,High,,,
2019-07-25,7:30am,USD,Core Durable Goods Orders m/m,High,0.2%,0.4%,
2019-07-25,7:30am,USD,Durable Goods Orders m/m,Low,0.8%,-2.3%,
2019-07-25,7:30am,USD,Goods Trade Balance,Medium,-72.4B,-75.0B,
2019-07-25,7:30am,USD,Prelim Wholesale Inventories m/m,Medium,0.5%,0.4%,
2019-07-25,7:30am,USD,Unemployment Claims,Medium,220K,216K,
2019-07-25,9:30am,USD,Natural Gas Storage,Medium,40B,62B,
2019-07-25,6:30pm,JPY,Tokyo Core CPI y/y,Medium,0.8%,0.9%,
2019-07-26,7:30am,USD,Advance GDP q/q,High,1.8%,3.1%,
2019-07-26,7:30am,USD,Advance GDP Price Index q/q,Low,4.0%,0.9%,
2019-07-29,3:30am,GBP,M4 Money Supply m/m,Medium,0.2%,-0.1%,
2019-07-29,3:30am,GBP,Mortgage Approvals,Medium,66K,66K,
2019-07-29,3:30am,GBP,Net Lending to Individuals m/m,Medium,4.4B,3.8B,
2019-07-29,6:30pm,JPY,Unemployment Rate,Medium,2.4%,2.4%,
2019-07-29,6:50pm,JPY,Prelim Industrial Production m/m,Medium,-1.8%,2.0%,
2019-07-29,9:55pm,JPY,BOJ Outlook Report,High,,,
2019-07-29,9:55pm,JPY,Monetary Policy Statement,High,,,
2019-07-29,9:55pm,JPY,BOJ Policy Rate,Medium,-0.10%,-0.10%,
2019-07-30,1:00am,EUR,German GfK Consumer Climate,Medium,9.7,9.8,
2019-07-30,1:30am,JPY,BOJ Press Conference,High,,,
2019-07-30,1:45am,EUR,French Consumer Spending m/m,Medium,0.2%,0.3%,
2019-07-30,1:45am,EUR,French Gov Budget Balance,Medium,,-83.9B,
2019-07-30,2:00am,CHF,KOF Economic Barometer,Medium,93.5,93.8,
2019-07-30,All Day,EUR,German Prelim CPI m/m,Low,0.3%,0.3%,
2019-07-30,4:19am,EUR,Italian 10-y Bond Auction,Medium,,2.09|1.3,
2019-07-30,7:30am,USD,Core PCE Price Index m/m,Low,0.2%,0.2%,
2019-07-30,7:30am,USD,Personal Spending m/m,Low,0.3%,0.5%,
2019-07-30,7:30am,USD,Personal Income m/m,Medium,0.4%,0.4%,
2019-07-30,8:00am,USD,S&P/CS Composite-20 HPI y/y,Medium,2.4%,2.5%,
2019-07-30,9:00am,USD,CB Consumer Confidence,High,125.1,124.3,
2019-07-30,9:00am,USD,Pending Home Sales m/m,Medium,0.5%,1.1%,
2019-07-30,3:30pm,USD,API Weekly Statistical Bulletin,Medium,,,
2019-07-30,6:01pm,GBP,BRC Shop Price Index y/y,Medium,,-0.1%,
2019-07-30,6:01pm,GBP,GfK Consumer Confidence,Medium,-13,-13,
2019-07-31,12:02am,JPY,Housing Starts y/y,Medium,-2.2%,-8.7%,
2019-07-31,1:00am,EUR,German Retail Sales m/m,Medium,0.5%,-1.7%,
2019-07-31,1:00am,GBP,Nationwide HPI m/m,Medium,0.2%,0.1%,
2019-07-31,1:45am,EUR,French Prelim CPI m/m,Medium,-0.3%,0.2%,
2019-07-31,2:00am,EUR,Spanish Flash GDP q/q,Low,0.6%,0.7%,
2019-07-31,2:55am,EUR,German Unemployment Change,Medium,2K,0K,
2019-07-31,3:00am,EUR,Italian Monthly Unemployment Rate,Medium,10.0%,9.8%,
2019-07-31,4:00am,EUR,Core CPI Flash Estimate y/y,Low,1.0%,1.1%,
2019-07-31,4:00am,EUR,CPI Flash Estimate y/y,Low,1.0%,1.2%,
2019-07-31,4:00am,EUR,Italian Prelim CPI m/m,Medium,0.1%,0.1%,
2019-07-31,4:00am,EUR,Prelim Flash GDP q/q,Medium,0.2%,0.4%,
2019-07-31,4:00am,EUR,Unemployment Rate,Medium,7.5%,7.6%,
2019-07-31,4:33am,EUR,German 10-y Bond Auction,Medium,,-0.26|1.2,
2019-07-31,5:00am,EUR,Italian Prelim GDP q/q,Medium,-0.1%,0.1%,
2019-07-31,7:15am,USD,ADP Non-Farm Employment Change,High,150K,112K,
2019-07-31,7:30am,USD,Employment Cost Index q/q,Low,0.7%,0.7%,
2019-07-31,8:45am,USD,Chicago PMI,Low,51.7,49.7,
2019-07-31,9:30am,USD,Crude Oil Inventories,Medium,-2.5M,-10.8M,
2019-07-31,1:00pm,USD,Federal Funds Rate,High,2.25%,2.50%,
2019-07-31,1:00pm,USD,FOMC Statement,High,,,
2019-07-31,1:30pm,USD,FOMC Press Conference,High,,,
2019-07-31,7:30pm,JPY,Final Manufacturing PMI,Medium,49.6,49.6,
2019-07-31,10:35pm,JPY,10-y Bond Auction,Medium,,-0.14|3.9,
2019-08-01,2:15am,EUR,Spanish Manufacturing PMI,Medium,48.1,47.9,
2019-08-01,2:45am,EUR,Italian Manufacturing PMI,Medium,48.0,48.4,
2019-08-01,2:50am,EUR,French Final Manufacturing PMI,Medium,50.0,50.0,
2019-08-01,2:55am,EUR,German Final Manufacturing PMI,Medium,43.1,43.1,
2019-08-01,3:00am,EUR,Final Manufacturing PMI,Medium,46.4,46.4,
2019-08-01,3:30am,GBP,Final Manufacturing PMI,Low,47.7,48.0,
2019-08-01,3:52am,EUR,Spanish 10-y Bond Auction,Medium,,0.46|1.7,
2019-08-01,4:06am,EUR,French 10-y Bond Auction,Medium,,-0.13|2.0,
2019-08-01,6:00am,GBP,BOE Monetary Policy Report,High,,,
2019-08-01,6:00am,GBP,Monetary Policy Summary,High,,,
2019-08-01,6:00am,GBP,MPC Official Bank Rate Votes,High,0-0-9,0-0-9,
2019-08-01,6:00am,GBP,Official Bank Rate,High,0.75%,0.75%,
2019-08-01,6:00am,GBP,Asset Purchase Facility,Low,435B,435B,
2019-08-01,6:00am,GBP,MPC Asset Purchase Facility Votes,Low,0-0-9,0-0-9,
2019-08-01,6:30am,GBP,BOE Gov Carney Speaks,High,,,
2019-08-01,6:30am,USD,Challenger Job Cuts y/y,Medium,,12.8%,
2019-08-01,7:30am,USD,Unemployment Claims,Medium,212K,207K,
2019-08-01,8:45am,USD,Final Manufacturing PMI,Medium,50.0,50.0,
2019-08-01,9:00am,USD,ISM Manufacturing PMI,High,52.0,51.7,
2019-08-01,9:00am,USD,Construction Spending m/m,Medium,0.5%,-0.5%,
2019-08-01,9:00am,USD,ISM Manufacturing Prices,Medium,49.1,47.9,
2019-08-01,All Day,USD,Wards Total Vehicle Sales,Medium,16.9M,17.3M,
2019-08-01,9:30am,USD,Natural Gas Storage,Medium,57B,36B,
2019-08-01,6:50pm,JPY,Monetary Base y/y,Medium,3.8%,4.0%,
2019-08-01,6:50pm,JPY,Monetary Policy Meeting Minutes,Medium,,,
2019-08-02,2:00am,EUR,Spanish Unemployment Change,Medium,-21.4K,-63.8K,
2019-08-02,2:32am,CHF,Manufacturing PMI,Medium,47.0,47.7,
2019-08-02,3:00am,EUR,Italian Industrial Production m/m,Medium,-0.4%,1.0%,
2019-08-02,3:30am,GBP,Construction PMI,Medium,46.0,43.1,
2019-08-02,4:00am,EUR,PPI m/m,Medium,-0.4%,-0.1%,
2019-08-02,4:00am,EUR,Italian Retail Sales m/m,Medium,0.4%,-0.7%,
2019-08-02,4:00am,EUR,Retail Sales m/m,Medium,0.3%,-0.6%,
2019-08-02,7:30am,USD,Average Hourly Earnings m/m,High,0.2%,0.3%,
2019-08-02,7:30am,USD,Non-Farm Employment Change,High,164K,193K,
2019-08-02,7:30am,USD,Unemployment Rate,High,3.6%,3.7%,
2019-08-02,7:30am,USD,Trade Balance,Medium,-54.2B,-55.3B,
2019-08-02,9:00am,USD,Revised UoM Consumer Sentiment,Low,98.5,98.4,
2019-08-02,9:00am,USD,Factory Orders m/m,Medium,0.6%,-1.3%,
2019-08-02,9:00am,USD,Revised UoM Inflation Expectations,Medium,,2.6%,
2019-08-02,12:45pm,USD,President Trump Speaks,High,,,
2019-08-05,1:30am,CHF,Retail Sales y/y,Medium,-0.6%,-1.1%,
2019-08-05,2:15am,EUR,Spanish Services PMI,Medium,53.6,53.6,
2019-08-05,2:45am,EUR,Italian Services PMI,Medium,50.6,50.5,
2019-08-05,2:50am,EUR,French Final Services PMI,Medium,52.2,52.2,
2019-08-05,2:55am,EUR,German Final Services PMI,Medium,55.4,55.4,
2019-08-05,3:00am,EUR,Final Services PMI,Medium,53.3,53.3,
2019-08-05,3:30am,EUR,Sentix Investor Confidence,Medium,-6.9,-5.8,
2019-08-05,3:30am,GBP,Final Services PMI,Low,50.4,50.2,
2019-08-05,8:45am,USD,Final Services PMI,Medium,52.2,52.2,
2019-08-05,9:00am,USD,ISM Services PMI,High,55.5,55.1,
2019-08-05,12:30pm,USD,FOMC Member Brainard Speaks,Low,,,
2019-08-05,1:00pm,USD,Loan Officer Survey,Medium,,,
2019-08-05,6:01pm,GBP,BRC Retail Sales Monitor y/y,Medium,0.2%,-1.6%,
2019-08-05,6:30pm,JPY,Average Cash Earnings y/y,Medium,-0.8%,-0.5%,
2019-08-05,6:30pm,JPY,Household Spending y/y,Medium,1.3%,4.0%,
2019-08-05,10:35pm,JPY,30-y Bond Auction,Medium,,0.36|4.0,
2019-08-06,1:00am,EUR,German Factory Orders m/m,Medium,0.5%,-2.0%,
2019-08-06,9:00am,USD,JOLTS Job Openings,Medium,7.34M,7.38M,
2019-08-06,9:01am,USD,RCM/TIPP Economic Optimism,Medium,54.6,56.6,
2019-08-06,12:05pm,USD,FOMC Member Bullard Speaks,Low,,,
2019-08-06,3:30pm,USD,API Weekly Statistical Bulletin,Medium,,,
2019-08-06,6:50pm,JPY,BOJ Summary of Opinions,Medium,,,
2019-08-07,1:45am,EUR,French Trade Balance,Medium,-4.0B,-3.3B,
2019-08-07,2:00am,CHF,Foreign Currency Reserves,Medium,,760B,
2019-08-07,2:30am,GBP,Halifax HPI m/m,Medium,0.3%,-0.4%,
2019-08-07,8:30am,USD,FOMC Member Evans Speaks,Low,,,
2019-08-07,9:30am,USD,Crude Oil Inventories,Medium,-2.9M,-8.5M,
2019-08-07,12:01pm,USD,10-y Bond Auction,Medium,,2.06|2.4,
2019-08-07,2:00pm,USD,Consumer Credit m/m,Medium,16.4B,17.8B,
2019-08-07,6:01pm,GBP,RICS House Price Balance,Medium,-1%,-1%,
2019-08-07,6:50pm,JPY,Bank Lending y/y,Medium,2.4%,2.3%,
2019-08-07,6:50pm,JPY,Current Account,Medium,1.76T,1.31T,
2019-08-08,3:00am,EUR,ECB Economic Bulletin,Medium,,,
2019-08-08,7:30am,USD,Unemployment Claims,Medium,215K,217K,
2019-08-08,9:00am,USD,Final Wholesale Inventories m/m,Medium,0.2%,0.2%,
2019-08-08,9:30am,USD,Natural Gas Storage,Medium,61B,65B,
2019-08-08,12:01pm,USD,30-y Bond Auction,Medium,,2.64|2.1,
2019-08-08,6:50pm,JPY,M2 Money Stock y/y,Medium,2.3%,2.3%,
2019-08-08,6:50pm,JPY,Prelim GDP Price Index y/y,Medium,0.3%,0.1%,
2019-08-08,6:50pm,JPY,Prelim GDP q/q,Medium,0.1%,0.6%,
2019-08-09,1:00am,EUR,German Trade Balance,Medium,18.5B,18.7B,
2019-08-09,1:45am,EUR,French Industrial Production m/m,Medium,2.1%,2.0%,
2019-08-09,1:45am,EUR,French Prelim Private Payrolls q/q,Medium,0.3%,0.5%,
2019-08-09,3:02am,EUR,Italian Trade Balance,Medium,4.23B,5.39B,
2019-08-09,3:30am,GBP,GDP m/m,High,0.1%,0.2%,
2019-08-09,3:30am,GBP,Manufacturing Production m/m,High,-0.1%,1.4%,
2019-08-09,3:30am,GBP,Prelim GDP q/q,High,0.0%,0.5%,
2019-08-09,3:30am,GBP,Construction Output m/m,Medium,-0.3%,0.3%,
2019-08-09,3:30am,GBP,Goods Trade Balance,Medium,-11.8B,-10.7B,
2019-08-09,3:30am,GBP,Index of Services 3m/3m,Medium,0.2%,0.2%,
2019-08-09,3:30am,GBP,Industrial Production m/m,Medium,-0.2%,1.2%,
2019-08-09,3:30am,GBP,Prelim Business Investment q/q,Medium,-0.5%,0.4%,
2019-08-09,7:30am,USD,Core PPI m/m,Low,0.2%,0.3%,
2019-08-09,7:30am,USD,PPI m/m,Low,0.2%,0.1%,
2019-08-09,7:33am,GBP,NIESR GDP Estimate,Medium,,-0.2%,
2019-08-12,1:00pm,USD,Federal Budget Balance,Medium,-120.0B,-8.5B,
2019-08-12,6:50pm,JPY,PPI y/y,Medium,-0.5%,-0.1%,
2019-08-12,11:30pm,JPY,Tertiary Industry Activity m/m,Medium,-0.1%,0.0%,
2019-08-13,1:00am,EUR,German Final CPI m/m,Medium,0.5%,0.5%,
2019-08-13,1:00am,EUR,German WPI m/m,Medium,0.2%,-0.5%,
2019-08-13,3:30am,GBP,Average Earnings Index 3m/y,High,3.7%,3.5%,
2019-08-13,3:30am,GBP,Claimant Count Change,Medium,42.0K,31.4K,
2019-08-13,3:30am,GBP,Unemployment Rate,Medium,3.8%,3.8%,
2019-08-13,4:00am,EUR,German ZEW Economic Sentiment,Low,-27.8,-24.5,
2019-08-13,4:00am,EUR,ZEW Economic Sentiment,Medium,-21.7,-20.3,
2019-08-13,4:35am,GBP,30-y Bond Auction,Medium,,1.42|1.8,
2019-08-13,5:00am,USD,NFIB Small Business Index,Medium,104.9,103.3,
2019-08-13,7:30am,USD,Core CPI m/m,High,0.2%,0.3%,
2019-08-13,7:30am,USD,CPI m/m,High,0.3%,0.1%,
2019-08-13,7:30am,USD,CPI y/y,High,1.7%,1.6%,
2019-08-13,8:30am,GBP,CB Leading Index m/m,Medium,,-0.5%,
2019-08-13,9:00am,USD,Mortgage Delinquencies,Medium,,4.42%,
2019-08-13,3:30pm,USD,API Weekly Statistical Bulletin,Medium,,,
2019-08-13,6:50pm,JPY,Core Machinery Orders m/m,Medium,-1.0%,-7.8%,
2019-08-14,1:45am,EUR,French Final CPI m/m,Medium,-0.2%,-0.2%,
2019-08-14,3:30am,GBP,CPI y/y,High,1.9%,2.0%,
2019-08-14,3:30am,GBP,PPI Input m/m,Low,0.6%,-0.8%,
2019-08-14,3:30am,GBP,Core CPI y/y,Medium,1.8%,1.8%,
2019-08-14,3:30am,GBP,HPI y/y,Medium,1.0%,0.9%,
2019-08-14,3:30am,GBP,PPI Output m/m,Medium,0.1%,-0.1%,
2019-08-14,3:30am,GBP,RPI y/y,Medium,2.8%,2.9%,
2019-08-14,4:00am,EUR,Flash Employment Change q/q,Medium,0.3%,0.4%,
2019-08-14,4:00am,EUR,Flash GDP q/q,Medium,0.2%,0.2%,
2019-08-14,4:00am,EUR,Industrial Production m/m,Medium,-1.4%,0.8%,
2019-08-14,7:30am,USD,Import Prices m/m,Medium,0.0%,-1.1%,
2019-08-14,9:30am,USD,Crude Oil Inventories,Medium,-2.5M,2.4M,
2019-08-14,11:30pm,JPY,Revised Industrial Production m/m,Medium,-3.6%,-3.6%,
2019-08-15,All Day,EUR,Italian Bank Holiday,Low,,,
2019-08-15,1:30am,CHF,PPI m/m,Medium,-0.2%,-0.5%,
2019-08-15,3:30am,GBP,Retail Sales m/m,High,-0.3%,0.9%,
2019-08-15,7:30am,USD,Core Retail Sales m/m,High,0.4%,0.3%,
2019-08-15,7:30am,USD,Philly Fed Manufacturing Index,High,10.1,21.8,
2019-08-15,7:30am,USD,Retail Sales m/m,High,0.3%,0.3%,
2019-08-15,7:30am,USD,Empire State Manufacturing Index,Medium,2.1,4.3,
2019-08-15,7:30am,USD,Prelim Nonfarm Productivity q/q,Medium,1.4%,3.4%,
2019-08-15,7:30am,USD,Prelim Unit Labor Costs q/q,Medium,1.7%,-1.6%,
2019-08-15,7:30am,USD,Unemployment Claims,Medium,212K,211K,
2019-08-15,8:15am,USD,Capacity Utilization Rate,Medium,77.8%,77.8%,
2019-08-15,8:15am,USD,Industrial Production m/m,Medium,0.1%,0.2%,
2019-08-15,9:00am,USD,Business Inventories m/m,Medium,0.1%,0.3%,
2019-08-15,9:00am,USD,NAHB Housing Market Index,Medium,66,65,
2019-08-15,9:30am,USD,Natural Gas Storage,Medium,60B,55B,
2019-08-15,3:00pm,USD,TIC Long-Term Purchases,Medium,22.9B,4.6B,
2019-08-16,7:30am,USD,Building Permits,Low,1.27M,1.23M,
2019-08-16,7:30am,USD,Housing Starts,Medium,1.26M,1.24M,
2019-08-16,9:00am,USD,Prelim UoM Consumer Sentiment,Low,97.2,98.4,
2019-08-16,9:00am,USD,Prelim UoM Inflation Expectations,Medium,,2.6%,
2019-08-18,6:01pm,GBP,Rightmove HPI m/m,Medium,,-0.2%,
2019-08-18,6:50pm,JPY,Trade Balance,Medium,-0.15T,-0.03T,
2019-08-19,4:00am,EUR,Final Core CPI y/y,Medium,0.9%,0.9%,
2019-08-19,4:00am,EUR,Final CPI y/y,Medium,1.1%,1.1%,
2019-08-19,5:00am,EUR,German Buba Monthly Report,Medium,,,
2019-08-20,TueAug 20,EUR,German PPI m/m,Medium,0.0%,-0.4%,
2019-08-20,5:00am,GBP,CBI Industrial Order Expectations,Medium,-25,-34,
2019-08-20,3:30pm,USD,API Weekly Statistical Bulletin,Medium,,,
2019-08-20,5:00pm,USD,FOMC Member Quarles Speaks,Low,,,
2019-08-21,4:32am,EUR,German 30-y Bond Auction,Medium,,0.30|1.1,
2019-08-21,9:00am,USD,Existing Home Sales,Medium,5.41M,5.29M,
2019-08-21,9:30am,USD,Crude Oil Inventories,Medium,-1.4M,1.6M,
2019-08-21,1:00pm,USD,FOMC Meeting Minutes,High,,,
2019-08-21,7:30pm,JPY,Flash Manufacturing PMI,Medium,49.8,49.4,
2019-08-21,11:30pm,JPY,All Industries Activity m/m,Medium,-0.7%,0.5%,
2019-08-22,ThuAug 22,EUR,French Flash Manufacturing PMI,Low,49.5,49.7,
2019-08-22,2:30am,EUR,German Flash Manufacturing PMI,High,43.1,43.2,
2019-08-22,2:30am,EUR,German Flash Services PMI,High,54.1,54.5,
2019-08-22,3:00am,EUR,Flash Manufacturing PMI,Low,46.3,46.5,
2019-08-22,3:00am,EUR,Flash Services PMI,Low,53.0,53.2,
2019-08-22,5:00am,GBP,CBI Realized Sales,Medium,-13,-16,
2019-08-22,6:30am,EUR,ECB Monetary Policy Meeting Accounts,Low,,,
2019-08-22,7:30am,USD,Unemployment Claims,Medium,217K,221K,
2019-08-22,8:45am,USD,Flash Manufacturing PMI,Low,50.5,50.4,
2019-08-22,8:45am,USD,Flash Services PMI,Medium,52.9,53.0,
2019-08-22,8:56am,EUR,Consumer Confidence,Medium,-7,-7,
2019-08-22,9:00am,USD,Prelim Benchmark Payrolls Revision,Low,,43K,
2019-08-22,9:00am,USD,CB Leading Index m/m,Medium,0.2%,-0.1%,
2019-08-22,9:30am,USD,Natural Gas Storage,Medium,57B,49B,
2019-08-22,6:30pm,JPY,National Core CPI y/y,Medium,0.6%,0.6%,
2019-08-23,7:59am,EUR,Belgian NBB Business Climate,Medium,-6.0,-5.0,
2019-08-23,9:00am,USD,Fed Chairman Powell Speaks,High,,,
2019-08-23,9:00am,USD,New Home Sales,Medium,645K,728K,
2019-08-23,2:00pm,GBP,BOE Gov Carney Speaks,High,,,
2019-08-24,7:00am,GBP,MPC Member Tenreyro Speaks,Low,,,
2019-08-26,3:00am,EUR,German ifo Business Climate,Low,95.1,95.8,
2019-08-26,7:30am,USD,Core Durable Goods Orders m/m,High,0.2%,1.0%,
2019-08-26,7:30am,USD,Durable Goods Orders m/m,Low,1.4%,1.9%,
2019-08-26,9:00am,USD,FOMC Member Bullard Speaks,Low,,,
2019-08-26,6:50pm,JPY,SPPI y/y,Medium,0.6%,0.7%,
2019-08-27,1:00am,EUR,German Final GDP q/q,Medium,-0.1%,-0.1%,
2019-08-27,3:30am,GBP,High Street Lending,Medium,42.8K,42.8K,
2019-08-27,7:00am,GBP,MPC Member Tenreyro Speaks,Low,,,
2019-08-27,8:00am,USD,HPI m/m,Medium,0.2%,0.2%,
2019-08-27,8:00am,USD,S&P/CS Composite-20 HPI y/y,Medium,2.5%,2.4%,
2019-08-27,8:59am,USD,Richmond Manufacturing Index,Low,-2,-12,
2019-08-27,9:00am,USD,CB Consumer Confidence,High,129.3,135.8,
2019-08-27,3:30pm,USD,API Weekly Statistical Bulletin,Medium,,,
2019-08-27,6:01pm,GBP,BRC Shop Price Index y/y,Medium,,-0.1%,
2019-08-28,1:03am,EUR,German Import Prices m/m,Medium,-0.1%,-1.4%,
2019-08-28,3:00am,CHF,UBS Economic Expectations,Medium,,-24.0,
2019-08-28,3:00am,EUR,M3 Money Supply y/y,Medium,4.7%,4.5%,
2019-08-28,3:00am,EUR,Private Loans y/y,Medium,3.5%,3.3%,
2019-08-28,4:34am,EUR,German 10-y Bond Auction,Medium,,-0.41|2.0,
2019-08-28,9:30am,USD,Crude Oil Inventories,High,-2.8M,-2.7M,
2019-08-29,1:45am,EUR,French Consumer Spending m/m,Medium,0.4%,-0.2%,
2019-08-29,1:45am,EUR,French Prelim GDP q/q,Medium,0.2%,0.2%,
2019-08-29,2:00am,EUR,Spanish Flash CPI y/y,Medium,0.4%,0.5%,
2019-08-29,All Day,EUR,German Prelim CPI m/m,Low,-0.1%,0.5%,
2019-08-29,2:55am,EUR,German Unemployment Change,Medium,4K,1K,
2019-08-29,4:20am,EUR,Italian 10-y Bond Auction,Medium,,1.56|1.3,
2019-08-29,7:30am,USD,Prelim GDP q/q,High,2.0%,2.1%,
2019-08-29,7:30am,USD,Goods Trade Balance,Medium,-74.0B,-74.2B,
2019-08-29,7:30am,USD,Prelim GDP Price Index q/q,Medium,2.4%,2.4%,
2019-08-29,7:30am,USD,Prelim Wholesale Inventories m/m,Medium,0.2%,0.0%,
2019-08-29,7:30am,USD,Unemployment Claims,Medium,215K,211K,
2019-08-29,9:00am,USD,Pending Home Sales m/m,Medium,0.1%,2.8%,
2019-08-29,9:30am,USD,Natural Gas Storage,Medium,55B,59B,
2019-08-29,6:01pm,GBP,GfK Consumer Confidence,Medium,-11,-11,
2019-08-29,6:30pm,JPY,Tokyo Core CPI y/y,Medium,0.8%,0.9%,
2019-08-29,6:30pm,JPY,Unemployment Rate,Medium,2.3%,2.3%,
2019-08-29,6:50pm,JPY,Prelim Industrial Production m/m,Medium,0.3%,-3.3%,
2019-08-29,6:50pm,JPY,Retail Sales y/y,Medium,-0.6%,0.5%,
2019-08-30,12:58am,GBP,Nationwide HPI m/m,Medium,0.1%,0.3%,
2019-08-30,1:00am,EUR,German Retail Sales m/m,Medium,-1.3%,3.0%,
2019-08-30,1:45am,EUR,French Gov Budget Balance,Medium,,-77.3B,
2019-08-30,1:45am,EUR,French Prelim CPI m/m,Medium,0.5%,-0.2%,
2019-08-30,2:00am,CHF,KOF Economic Barometer,Medium,95.6,97.0,
2019-08-30,3:00am,EUR,Italian Monthly Unemployment Rate,Medium,9.6%,9.8%,
2019-08-30,3:30am,GBP,M4 Money Supply m/m,Medium,0.2%,0.0%,
2019-08-30,3:30am,GBP,Mortgage Approvals,Medium,66K,67K,
2019-08-30,3:30am,GBP,Net Lending to Individuals m/m,Medium,4.7B,4.9B,
2019-08-30,4:00am,EUR,CPI Flash Estimate y/y,Low,1.0%,1.0%,
2019-08-30,4:00am,EUR,Core CPI Flash Estimate y/y,Medium,1.0%,0.9%,
2019-08-30,4:00am,EUR,Italian Prelim CPI m/m,Medium,0.3%,0.0%,
2019-08-30,4:00am,EUR,Unemployment Rate,Medium,7.5%,7.5%,
2019-08-30,7:30am,USD,Personal Spending m/m,High,0.5%,0.3%,
2019-08-30,7:30am,USD,Core PCE Price Index m/m,Low,0.3%,0.2%,
2019-08-30,7:30am,USD,Personal Income m/m,Medium,0.3%,0.5%,
2019-08-30,8:45am,USD,Chicago PMI,Low,48.1,44.4,
2019-08-30,9:00am,USD,Revised UoM Consumer Sentiment,Medium,92.5,92.1,
2019-08-30,9:00am,USD,Revised UoM Inflation Expectations,Medium,,2.7%,
2019-09-01,6:50pm,JPY,Capital Spending q/y,Medium,1.8%,6.1%,
2019-09-01,7:30pm,JPY,Final Manufacturing PMI,Medium,49.5,49.5,
2019-09-02,MonSep 2,CHF,Retail Sales y/y,Medium,0.9%,0.7%,
2019-09-02,2:15am,EUR,Spanish Manufacturing PMI,Medium,48.6,48.2,
2019-09-02,2:30am,CHF,Manufacturing PMI,Medium,45.6,44.7,
2019-09-02,2:45am,EUR,Italian Manufacturing PMI,Medium,48.6,48.5,
2019-09-02,2:50am,EUR,French Final Manufacturing PMI,Medium,51.0,51.0,
2019-09-02,2:55am,EUR,German Final Manufacturing PMI,Medium,43.6,43.6,
2019-09-02,3:00am,EUR,Final Manufacturing PMI,Medium,47.0,47.0,
2019-09-02,3:30am,GBP,Final Manufacturing PMI,Low,48.0,48.0,
2019-09-02,All Day,USD,Bank Holiday,Low,,,
2019-09-02,6:01pm,GBP,BRC Retail Sales Monitor y/y,Medium,-0.4%,0.1%,
2019-09-02,6:50pm,JPY,Monetary Base y/y,Medium,2.9%,3.7%,
2019-09-02,10:35pm,JPY,10-y Bond Auction,Medium,,-0.15|3.8,
2019-09-03,2:00am,EUR,Spanish Unemployment Change,Medium,35.8K,-4.3K,
2019-09-03,3:30am,GBP,Construction PMI,Medium,46.7,45.3,
2019-09-03,4:00am,EUR,PPI m/m,Medium,0.3%,-0.6%,
2019-09-03,8:45am,USD,Final Manufacturing PMI,Medium,50.0,49.9,
2019-09-03,9:00am,USD,ISM Manufacturing PMI,High,51.2,51.2,
2019-09-03,9:00am,USD,Construction Spending m/m,Medium,0.3%,-0.7%,
2019-09-03,9:00am,USD,ISM Manufacturing Prices,Medium,47.6,45.1,
2019-09-03,4:00pm,USD,FOMC Member Rosengren Speaks,Low,,,
2019-09-04,2:45am,EUR,Italian Services PMI,Medium,51.5,51.7,
2019-09-04,2:50am,EUR,French Final Services PMI,Medium,53.3,53.3,
2019-09-04,2:55am,EUR,German Final Services PMI,Medium,54.4,54.4,
2019-09-04,3:00am,EUR,Final Services PMI,Medium,53.4,53.4,
2019-09-04,3:30am,GBP,Final Services PMI,Low,51.0,51.4,
2019-09-04,3:50am,EUR,ECB President Lagarde Speaks,High,,,
2019-09-04,4:00am,EUR,Retail Sales m/m,Medium,-0.6%,1.2%,
2019-09-04,7:30am,USD,Trade Balance,Medium,-54.2B,-55.5B,
2019-09-04,8:15am,GBP,Monetary Policy Report Hearings,High,,,
2019-09-04,8:25am,USD,FOMC Member Williams Speaks,Low,,,
2019-09-04,8:59am,USD,RCM/TIPP Economic Optimism,Medium,55.4,55.1,
2019-09-04,All Day,USD,Wards Total Vehicle Sales,Medium,16.8M,16.8M,
2019-09-04,11:30am,USD,FOMC Member Bullard Speaks,Low,,,
2019-09-04,1:00pm,USD,Beige Book,Medium,,,
2019-09-04,2:15pm,USD,FOMC Member Evans Speaks,Low,,,
2019-09-04,3:30pm,USD,API Weekly Statistical Bulletin,Medium,,,
2019-09-04,10:35pm,JPY,30-y Bond Auction,Medium,,0.29|3.5,
2019-09-05,1:00am,EUR,German Factory Orders m/m,Medium,-1.5%,2.7%,
2019-09-05,3:48am,EUR,Spanish 10-y Bond Auction,Medium,,0.30|1.4,
2019-09-05,4:08am,EUR,French 10-y Bond Auction,Medium,,-0.10|2.5,
2019-09-05,5:00am,GBP,10-y Bond Auction,Medium,,0.79|2.2,
2019-09-05,6:30am,USD,Challenger Job Cuts y/y,Medium,,43.2%,
2019-09-05,7:15am,USD,ADP Non-Farm Employment Change,High,148K,142K,
2019-09-05,7:30am,USD,Revised Nonfarm Productivity q/q,Medium,2.2%,2.3%,
2019-09-05,7:30am,USD,Revised Unit Labor Costs q/q,Medium,2.5%,2.4%,
2019-09-05,7:30am,USD,Unemployment Claims,Medium,215K,216K,
2019-09-05,8:45am,USD,Final Services PMI,Medium,51.0,50.9,
2019-09-05,9:00am,USD,ISM Services PMI,Low,54.0,53.7,
2019-09-05,9:00am,USD,Factory Orders m/m,Medium,1.0%,0.5%,
2019-09-05,9:30am,GBP,MPC Member Tenreyro Speaks,Low,,,
2019-09-05,9:30am,USD,Natural Gas Storage,Medium,77B,60B,
2019-09-05,10:00am,USD,Crude Oil Inventories,High,-2.4M,-10.0M,
2019-09-05,11:00am,CHF,SNB Chairman Jordan Speaks,High,,,
2019-09-05,6:30pm,JPY,Average Cash Earnings y/y,Medium,0.1%,0.4%,
2019-09-05,6:30pm,JPY,Household Spending y/y,Medium,0.9%,2.7%,
2019-09-06,1:00am,EUR,German Industrial Production m/m,Medium,0.4%,-1.1%,
2019-09-06,1:45am,EUR,French Trade Balance,Medium,-4.4B,-5.3B,
2019-09-06,2:00am,CHF,Foreign Currency Reserves,Medium,,768B,
2019-09-06,2:30am,GBP,Halifax HPI m/m,Medium,0.2%,0.4%,
2019-09-06,3:00am,EUR,Italian Retail Sales m/m,Medium,0.4%,1.9%,
2019-09-06,3:30am,GBP,Consumer Inflation Expectations,Medium,,3.1%,
2019-09-06,4:00am,EUR,Final Employment Change q/q,Medium,0.2%,0.2%,
2019-09-06,4:00am,EUR,Revised GDP q/q,Medium,0.2%,0.2%,
2019-09-06,7:30am,USD,Average Hourly Earnings m/m,High,0.3%,0.3%,
2019-09-06,7:30am,USD,Non-Farm Employment Change,High,163K,159K,
2019-09-06,7:30am,USD,Unemployment Rate,High,3.7%,3.7%,
2019-09-06,11:30am,USD,Fed Chairman Powell Speaks,High,,,
2019-09-08,6:50pm,JPY,Bank Lending y/y,Medium,2.3%,2.3%,
2019-09-08,6:50pm,JPY,Current Account,Medium,1.70T,1.94T,
2019-09-08,6:50pm,JPY,Final GDP q/q,Medium,0.3%,0.4%,
2019-09-08,6:54pm,JPY,Final GDP Price Index y/y,Medium,0.4%,0.4%,
2019-09-09,12:45am,CHF,Unemployment Rate,Medium,2.3%,2.3%,
2019-09-09,1:00am,EUR,German Trade Balance,Medium,18.8B,18.0B,
2019-09-09,3:30am,EUR,Sentix Investor Confidence,Medium,-13.0,-13.7,
2019-09-09,3:30am,GBP,GDP m/m,High,0.1%,0.0%,
2019-09-09,3:30am,GBP,Manufacturing Production m/m,High,-0.3%,-0.2%,
2019-09-09,3:30am,GBP,Construction Output m/m,Medium,0.2%,-0.7%,
2019-09-09,3:30am,GBP,Goods Trade Balance,Medium,-9.6B,-8.9B,
2019-09-09,3:30am,GBP,Index of Services 3m/3m,Medium,0.1%,0.1%,
2019-09-09,3:30am,GBP,Industrial Production m/m,Medium,-0.3%,-0.1%,
2019-09-09,6:45am,GBP,NIESR GDP Estimate,Medium,,0.0%,
2019-09-09,2:00pm,USD,Consumer Credit m/m,Medium,16.2B,13.8B,
2019-09-09,6:50pm,JPY,M2 Money Stock y/y,Medium,2.4%,2.3%,
2019-09-10,12:58am,JPY,Prelim Machine Tool Orders y/y,Medium,,-33.0%,
2019-09-10,1:45am,EUR,French Industrial Production m/m,Medium,0.5%,-2.3%,
2019-09-10,3:00am,EUR,Italian Industrial Production m/m,Medium,-0.1%,-0.3%,
2019-09-10,3:30am,GBP,Average Earnings Index 3m/y,Low,3.7%,3.8%,
2019-09-10,3:30am,GBP,Claimant Count Change,Medium,29.3K,19.8K,
2019-09-10,3:30am,GBP,Unemployment Rate,Medium,3.9%,3.9%,
2019-09-10,5:00am,USD,NFIB Small Business Index,Medium,103.6,104.7,
2019-09-10,7:11am,GBP,BOE Gov Carney Speaks,High,,,
2019-09-10,9:00am,USD,JOLTS Job Openings,Medium,7.31M,7.25M,
2019-09-10,3:30pm,USD,API Weekly Statistical Bulletin,Medium,,,
2019-09-10,6:50pm,JPY,BSI Manufacturing Index,Medium,-7.1,-10.4,
2019-09-11,7:30am,USD,Core PPI m/m,Low,0.2%,-0.1%,
2019-09-11,7:30am,USD,PPI m/m,Low,0.0%,0.2%,
2019-09-11,9:00am,USD,Final Wholesale Inventories m/m,Medium,0.2%,0.2%,
2019-09-11,9:30am,USD,Crude Oil Inventories,High,-2.7M,-4.8M,
2019-09-11,12:01pm,USD,10-y Bond Auction,Medium,,1.67|2.2,
2019-09-11,6:01pm,GBP,RICS House Price Balance,Medium,-10%,-9%,
2019-09-11,6:50pm,JPY,Core Machinery Orders m/m,Medium,-9.0%,13.9%,
2019-09-11,6:50pm,JPY,PPI y/y,Medium,-0.8%,-0.6%,
2019-09-11,11:30pm,JPY,Tertiary Industry Activity m/m,Medium,-0.3%,-0.1%,
2019-09-12,1:30am,CHF,PPI m/m,Medium,-0.2%,-0.1%,
2019-09-12,1:45am,EUR,French Final CPI m/m,Medium,0.5%,0.5%,
2019-09-12,3:00am,EUR,Italian Quarterly Unemployment Rate,Medium,10.0%,10.3%,
2019-09-12,4:00am,EUR,Industrial Production m/m,Medium,-0.1%,-1.4%,
2019-09-12,6:45am,EUR,Main Refinancing Rate,High,0.00%,0.00%,
2019-09-12,6:45am,EUR,Monetary Policy Statement,High,,,
2019-09-12,7:30am,EUR,ECB Press Conference,High,,,
2019-09-12,7:30am,USD,Core CPI m/m,High,0.2%,0.3%,
2019-09-12,7:30am,USD,CPI m/m,High,0.1%,0.3%,
2019-09-12,7:30am,USD,CPI y/y,High,1.8%,1.8%,
2019-09-12,7:30am,USD,Unemployment Claims,Medium,215K,219K,
2019-09-12,8:30am,GBP,CB Leading Index m/m,Medium,,-0.5%,
2019-09-12,9:30am,USD,Natural Gas Storage,Medium,83B,84B,
2019-09-12,12:01pm,USD,30-y Bond Auction,Medium,,2.34|2.2,
2019-09-12,1:00pm,USD,Federal Budget Balance,Medium,-160.5B,-119.7B,
2019-09-12,11:30pm,JPY,Revised Industrial Production m/m,Medium,1.3%,1.3%,
2019-09-13,4:00am,EUR,Trade Balance,Medium,17.5B,17.7B,
2019-09-13,All Day,EUR,ECOFIN Meetings,Medium,,,
2019-09-13,All Day,EUR,Eurogroup Meetings,Medium,,,
2019-09-13,7:30am,USD,Core Retail Sales m/m,High,0.1%,1.0%,
2019-09-13,7:30am,USD,Retail Sales m/m,High,0.2%,0.8%,
2019-09-13,7:30am,USD,Import Prices m/m,Medium,-0.5%,0.1%,
2019-09-13,9:00am,USD,Prelim UoM Consumer Sentiment,Low,90.4,89.8,
2019-09-13,9:00am,USD,Business Inventories m/m,Medium,0.3%,0.0%,
2019-09-13,9:00am,USD,Prelim UoM Inflation Expectations,Medium,,2.7%,
2019-09-15,6:01pm,GBP,Rightmove HPI m/m,Medium,,-1.0%,
2019-09-15,All Day,JPY,Bank Holiday,Low,,,
2019-09-16,MonSep 16,USD,Empire State Manufacturing Index,Medium,4.1,4.8,
2019-09-17,4:00am,EUR,German ZEW Economic Sentiment,Low,-38.0,-44.1,
2019-09-17,4:00am,EUR,ZEW Economic Sentiment,Medium,-37.4,-43.6,
2019-09-17,8:15am,USD,Capacity Utilization Rate,Medium,77.6%,77.5%,
2019-09-17,8:15am,USD,Industrial Production m/m,Medium,0.2%,-0.1%,
2019-09-17,9:00am,USD,NAHB Housing Market Index,Medium,66,67,
2019-09-17,3:00pm,USD,TIC Long-Term Purchases,Medium,81.3B,100.6B,
2019-09-17,3:30pm,USD,API Weekly Statistical Bulletin,Medium,,,
2019-09-17,6:50pm,JPY,Trade Balance,Medium,-0.15T,-0.10T,
2019-09-18,WedSep 18,GBP,PPI Input m/m,Low,-0.4%,0.6%,
2019-09-18,WedSep 18,GBP,Core CPI y/y,Medium,1.8%,1.9%,
2019-09-18,WedSep 18,GBP,HPI y/y,Medium,0.8%,1.4%,
2019-09-18,WedSep 18,GBP,PPI Output m/m,Medium,0.1%,0.3%,
2019-09-18,WedSep 18,GBP,RPI y/y,Medium,2.5%,2.8%,
2019-09-18,4:00am,EUR,Final Core CPI y/y,Medium,0.9%,0.9%,
2019-09-18,4:00am,EUR,Final CPI y/y,Medium,1.0%,1.0%,
2019-09-18,4:00am,EUR,Italian Trade Balance,Medium,4.80B,5.73B,
2019-09-18,4:32am,EUR,German 30-y Bond Auction,Medium,,-0.11|1.1,
2019-09-18,7:30am,USD,Building Permits,Low,1.31M,1.32M,
2019-09-18,7:30am,USD,Housing Starts,Medium,1.25M,1.22M,
2019-09-18,9:30am,USD,Crude Oil Inventories,High,-2.1M,-6.9M,
2019-09-18,1:00pm,USD,Federal Funds Rate,High,2.00%,2.25%,
2019-09-18,1:00pm,USD,FOMC Economic Projections,High,,,
2019-09-18,1:00pm,USD,FOMC Statement,High,,,
2019-09-18,1:30pm,USD,FOMC Press Conference,High,,,
2019-09-18,9:50pm,JPY,Monetary Policy Statement,High,,,
2019-09-18,9:50pm,JPY,BOJ Policy Rate,Medium,-0.10%,-0.10%,
2019-09-18,11:30pm,JPY,All Industries Activity m/m,Medium,0.4%,-0.7%,
2019-09-19,1:30am,JPY,BOJ Press Conference,High,,,
2019-09-19,2:30am,CHF,SNB Monetary Policy Assessment,High,,,
2019-09-19,2:30am,CHF,SNB Policy Rate,Low,-0.75%,-0.75%,
2019-09-19,3:00am,EUR,Current Account,Medium,20.3B,18.4B,
2019-09-19,3:30am,GBP,Retail Sales m/m,High,-0.2%,0.4%,
2019-09-19,3:48am,EUR,Spanish 10-y Bond Auction,Medium,,0.18|1.7,
2019-09-19,6:00am,GBP,Monetary Policy Summary,High,,,
2019-09-19,6:00am,GBP,MPC Official Bank Rate Votes,High,0-0-9,0-0-9,
2019-09-19,6:00am,GBP,Official Bank Rate,High,0.75%,0.75%,
2019-09-19,6:00am,GBP,Asset Purchase Facility,Low,435B,435B,
2019-09-19,6:00am,GBP,MPC Asset Purchase Facility Votes,Low,0-0-9,0-0-9,
2019-09-19,7:30am,USD,Philly Fed Manufacturing Index,High,10.9,16.8,
2019-09-19,7:30am,USD,Current Account,Medium,-127B,-136B,
2019-09-19,7:30am,USD,Unemployment Claims,Medium,210K,206K,
2019-09-19,9:00am,USD,CB Leading Index m/m,Medium,0.1%,0.4%,
2019-09-19,9:00am,USD,Existing Home Sales,Medium,5.39M,5.42M,
2019-09-19,9:30am,USD,Natural Gas Storage,Medium,75B,78B,
2019-09-19,6:30pm,JPY,National Core CPI y/y,Medium,0.5%,0.6%,
2019-09-20,7:15am,USD,FOMC Member Williams Speaks,Low,,,
2019-09-20,8:53am,EUR,Consumer Confidence,Medium,-7,-7,
2019-09-20,10:20am,USD,FOMC Member Rosengren Speaks,Low,,,
2019-09-22,All Day,JPY,Bank Holiday,Low,,,
2019-09-23,MonSep 23,EUR,French Flash Manufacturing PMI,Low,50.9,51.1,
2019-09-23,2:30am,EUR,German Flash Manufacturing PMI,High,44.6,43.5,
2019-09-23,2:30am,EUR,German Flash Services PMI,High,54.3,54.8,
2019-09-23,3:00am,EUR,Flash Manufacturing PMI,Low,47.6,47.0,
2019-09-23,3:00am,EUR,Flash Services PMI,Low,53.1,53.5,
2019-09-23,4:15am,GBP,MPC Member Tenreyro Speaks,Low,,,
2019-09-23,5:00am,EUR,German Buba Monthly Report,Medium,,,
2019-09-23,8:00am,EUR,ECB President Draghi Speaks,High,,,
2019-09-23,8:45am,USD,Flash Manufacturing PMI,Low,50.3,50.3,
2019-09-23,8:45am,USD,Flash Services PMI,Medium,51.5,50.7,
2019-09-23,8:50am,USD,FOMC Member Williams Speaks,Low,,,
2019-09-23,12:00pm,USD,FOMC Member Bullard Speaks,Low,,,
2019-09-23,7:30pm,JPY,Flash Manufacturing PMI,Medium,49.5,49.3,
2019-09-24,3:00am,EUR,German ifo Business Climate,Low,94.5,94.3,
2019-09-24,3:30am,GBP,Public Sector Net Borrowing,Medium,6.5B,-1.5B,
2019-09-24,5:00am,GBP,CBI Industrial Order Expectations,Medium,-14,-13,
2019-09-24,7:58am,EUR,Belgian NBB Business Climate,Medium,-5.6,-5.8,
2019-09-24,8:00am,USD,HPI m/m,Medium,0.3%,0.2%,
2019-09-24,8:00am,USD,S&P/CS Composite-20 HPI y/y,Medium,2.2%,2.2%,
2019-09-24,9:00am,USD,CB Consumer Confidence,High,134.1,134.2,
2019-09-24,9:00am,USD,Richmond Manufacturing Index,Medium,2,1,
2019-09-24,3:30pm,USD,API Weekly Statistical Bulletin,Medium,,,
2019-09-24,6:50pm,JPY,Monetary Policy Meeting Minutes,Medium,,,
2019-09-24,6:50pm,JPY,SPPI y/y,Medium,0.5%,0.6%,
2019-09-25,3:15am,CHF,UBS Economic Expectations,Medium,,-37.5,
2019-09-25,3:30am,GBP,High Street Lending,Medium,43.2K,43.3K,
2019-09-25,4:35am,EUR,German 10-y Bond Auction,Medium,,-0.70|1.9,
2019-09-25,5:00am,GBP,CBI Realized Sales,Medium,-22,-49,
2019-09-25,7:00am,USD,FOMC Member Evans Speaks,Low,,,
2019-09-25,8:00am,CHF,SNB Quarterly Bulletin,Medium,,,
2019-09-25,9:00am,USD,FOMC Member Brainard Speaks,Low,,,
2019-09-25,9:00am,USD,FOMC Member George Speaks,Low,,,
2019-09-25,9:00am,USD,New Home Sales,Medium,652K,666K,
2019-09-25,9:30am,USD,Crude Oil Inventories,High,-0.3M,1.1M,
2019-09-26,1:35am,JPY,BOJ Gov Kuroda Speaks,High,,,
2019-09-26,3:00am,EUR,ECB Economic Bulletin,Medium,,,
2019-09-26,3:00am,EUR,M3 Money Supply y/y,Medium,5.1%,5.1%,
2019-09-26,3:00am,EUR,Private Loans y/y,Medium,3.4%,3.4%,
2019-09-26,7:30am,USD,Final GDP q/q,Low,2.0%,2.0%,
2019-09-26,7:30am,USD,Final GDP Price Index q/q,Medium,2.4%,2.4%,
2019-09-26,7:30am,USD,Goods Trade Balance,Medium,-73.3B,-72.5B,
2019-09-26,7:30am,USD,Prelim Wholesale Inventories m/m,Medium,0.1%,0.1%,
2019-09-26,7:30am,USD,Unemployment Claims,Medium,210K,210K,
2019-09-26,8:30am,EUR,ECB President Draghi Speaks,High,,,
2019-09-26,8:45am,GBP,BOE Gov Carney Speaks,High,,,
2019-09-26,9:00am,USD,FOMC Member Bullard Speaks,Low,,,
2019-09-26,9:00am,USD,Pending Home Sales m/m,Medium,-1.0%,-2.5%,
2019-09-26,9:30am,USD,Natural Gas Storage,Medium,90B,84B,
2019-09-26,10:45am,USD,FOMC Member Clarida Speaks,Low,,,
2019-09-26,6:01pm,GBP,GfK Consumer Confidence,Medium,-14,-14,
2019-09-26,6:30pm,JPY,Tokyo Core CPI y/y,Medium,0.6%,0.7%,
2019-09-27,1:45am,EUR,French Consumer Spending m/m,Medium,0.3%,0.4%,
2019-09-27,1:45am,EUR,French Prelim CPI m/m,Medium,-0.2%,0.5%,
2019-09-27,2:00am,GBP,MPC Member Saunders Speaks,Low,,,
2019-09-27,4:16am,EUR,Italian 10-y Bond Auction,Medium,,0.96|1.3,
2019-09-27,7:30am,USD,Core Durable Goods Orders m/m,High,0.2%,-0.5%,
2019-09-27,7:30am,USD,Personal Spending m/m,High,0.3%,0.5%,
2019-09-27,7:30am,USD,Core PCE Price Index m/m,Low,0.2%,0.2%,
2019-09-27,7:30am,USD,Durable Goods Orders m/m,Low,-1.1%,2.0%,
2019-09-27,7:30am,USD,FOMC Member Quarles Speaks,Low,,,
2019-09-27,7:30am,USD,Personal Income m/m,Medium,0.4%,0.1%,
2019-09-27,9:00am,USD,Revised UoM Consumer Sentiment,Medium,92.0,92.0,
2019-09-27,9:00am,USD,Revised UoM Inflation Expectations,Medium,,2.8%,
2019-09-29,6:50pm,JPY,BOJ Summary of Opinions,Medium,,,
2019-09-29,6:50pm,JPY,Prelim Industrial Production m/m,Medium,-0.5%,1.3%,
2019-09-29,6:50pm,JPY,Retail Sales y/y,Medium,0.7%,-2.0%,
2019-09-30,1:00am,EUR,German Retail Sales m/m,Medium,0.5%,-0.8%,
2019-09-30,2:00am,CHF,KOF Economic Barometer,Medium,96.2,95.5,
2019-09-30,2:00am,EUR,Spanish Flash CPI y/y,Medium,0.3%,0.3%,
2019-09-30,All Day,EUR,German Prelim CPI m/m,Low,0.1%,-0.2%,
2019-09-30,2:55am,EUR,German Unemployment Change,Medium,5K,2K,
2019-09-30,3:00am,EUR,Italian Monthly Unemployment Rate,Medium,9.9%,9.8%,
2019-09-30,3:30am,GBP,Current Account,High,-19.2B,-33.1B,
2019-09-30,3:30am,GBP,Final GDP q/q,Low,-0.2%,-0.2%,
2019-09-30,3:30am,GBP,M4 Money Supply m/m,Medium,0.5%,0.7%,
2019-09-30,3:30am,GBP,Mortgage Approvals,Medium,67K,67K,
2019-09-30,3:30am,GBP,Net Lending to Individuals m/m,Medium,5.1B,5.5B,
2019-09-30,3:30am,GBP,Revised Business Investment q/q,Medium,-0.5%,-0.5%,
2019-09-30,4:00am,EUR,Italian Prelim CPI m/m,Medium,-0.3%,0.4%,
2019-09-30,4:00am,EUR,Unemployment Rate,Medium,7.5%,7.5%,
2019-09-30,8:45am,USD,Chicago PMI,Low,50.0,50.4,
2019-09-30,6:30pm,JPY,Unemployment Rate,Medium,2.3%,2.2%,
2019-09-30,6:50pm,JPY,Tankan Manufacturing Index,Medium,1,7,
2019-09-30,6:50pm,JPY,Tankan Non-Manufacturing Index,Medium,20,23,
2019-09-30,7:30pm,JPY,Final Manufacturing PMI,Medium,49.3,48.9,
2019-09-30,10:35pm,JPY,10-y Bond Auction,Medium,,-0.27|3.6,
2019-10-01,1:30am,CHF,Retail Sales y/y,Medium,1.6%,1.5%,
2019-10-01,2:15am,EUR,Spanish Manufacturing PMI,Medium,48.2,48.8,
2019-10-01,2:15am,USD,FOMC Member Evans Speaks,Low,,,
2019-10-01,2:30am,CHF,Manufacturing PMI,Medium,46.5,47.2,
2019-10-01,2:45am,EUR,Italian Manufacturing PMI,Medium,48.2,48.7,
2019-10-01,2:50am,EUR,French Final Manufacturing PMI,Medium,50.3,50.3,
2019-10-01,2:55am,EUR,German Final Manufacturing PMI,Medium,41.4,41.4,
2019-10-01,3:00am,EUR,Final Manufacturing PMI,Medium,45.6,45.6,
2019-10-01,3:30am,GBP,Final Manufacturing PMI,Low,47.0,47.4,
2019-10-01,4:00am,EUR,CPI Flash Estimate y/y,Low,1.0%,1.0%,
2019-10-01,4:00am,EUR,Core CPI Flash Estimate y/y,Medium,1.0%,0.9%,
2019-10-01,7:50am,USD,FOMC Member Clarida Speaks,Low,,,
2019-10-01,8:15am,USD,FOMC Member Bullard Speaks,Low,,,
2019-10-01,8:30am,USD,FOMC Member Bowman Speaks,Low,,,
2019-10-01,8:45am,USD,Final Manufacturing PMI,Medium,51.0,51.0,
2019-10-01,9:00am,USD,ISM Manufacturing PMI,High,50.4,49.1,
2019-10-01,9:00am,USD,Construction Spending m/m,Medium,0.5%,0.0%,
2019-10-01,9:00am,USD,ISM Manufacturing Prices,Medium,50.5,46.0,
2019-10-01,All Day,USD,Wards Total Vehicle Sales,Medium,17.0M,17.0M,
2019-10-01,12:30pm,EUR,German Buba President Weidmann Speaks,Low,,,
2019-10-01,3:30pm,USD,API Weekly Statistical Bulletin,Medium,,,
2019-10-01,6:01pm,GBP,BRC Shop Price Index y/y,Medium,,-0.4%,
2019-10-01,6:50pm,JPY,Monetary Base y/y,Medium,3.1%,2.8%,
2019-10-02,1:30am,CHF,CPI m/m,Medium,0.1%,0.0%,
2019-10-02,2:00am,EUR,Spanish Unemployment Change,Medium,37.6K,54.4K,
2019-10-02,3:30am,GBP,Construction PMI,Medium,45.0,45.0,
2019-10-02,7:15am,USD,ADP Non-Farm Employment Change,High,140K,157K,
2019-10-02,9:30am,USD,Crude Oil Inventories,High,2.0M,2.4M,
2019-10-02,9:50am,USD,FOMC Member Williams Speaks,Low,,,
2019-10-03,1:45am,USD,FOMC Member Evans Speaks,Low,,,
2019-10-03,2:15am,EUR,Spanish Services PMI,Medium,53.9,54.3,
2019-10-03,2:45am,EUR,Italian Services PMI,Medium,50.4,50.6,
2019-10-03,2:50am,EUR,French Final Services PMI,Medium,51.6,51.6,
2019-10-03,2:55am,EUR,German Final Services PMI,Medium,52.5,52.5,
2019-10-03,3:00am,EUR,Final Services PMI,Medium,52.0,52.0,
2019-10-03,3:30am,GBP,Final Services PMI,Low,50.3,50.6,
2019-10-03,3:49am,EUR,Spanish 10-y Bond Auction,Medium,,0.21|2.3,
2019-10-03,4:00am,EUR,PPI m/m,Medium,-0.4%,0.1%,
2019-10-03,4:00am,EUR,Retail Sales m/m,Medium,0.3%,-0.5%,
2019-10-03,4:03am,EUR,French 10-y Bond Auction,Medium,,-0.36|1.6,
2019-10-03,5:30am,GBP,Prime Minister Johnson Speaks,Low,,,
2019-10-03,6:30am,USD,Challenger Job Cuts y/y,Medium,,39.0%,
2019-10-03,7:30am,USD,FOMC Member Quarles Speaks,Low,,,
2019-10-03,7:30am,USD,Unemployment Claims,Medium,215K,215K,
2019-10-03,8:45am,USD,Final Services PMI,Medium,50.9,50.9,
2019-10-03,9:00am,GBP,MPC Member Tenreyro Speaks,Low,,,
2019-10-03,9:00am,USD,ISM Services PMI,High,55.1,56.4,
2019-10-03,9:00am,USD,Factory Orders m/m,Medium,-0.5%,1.4%,
2019-10-03,9:30am,USD,Natural Gas Storage,Medium,106B,102B,
2019-10-03,5:35pm,USD,FOMC Member Clarida Speaks,Low,,,
2019-10-04,3:30am,GBP,Housing Equity Withdrawal q/q,Medium,-6.5B,-7.0B,
2019-10-04,7:30am,USD,Average Hourly Earnings m/m,High,0.3%,0.4%,
2019-10-04,7:30am,USD,Non-Farm Employment Change,High,145K,168K,
2019-10-04,7:30am,USD,Unemployment Rate,High,3.7%,3.7%,
2019-10-04,7:30am,USD,FOMC Member Rosengren Speaks,Low,,,
2019-10-04,7:30am,USD,Trade Balance,Medium,-54.7B,-54.0B,
2019-10-04,1:00pm,USD,Fed Chairman Powell Speaks,High,,,
2019-10-04,1:10pm,USD,FOMC Member Brainard Speaks,Medium,,,
2019-10-04,2:45pm,USD,FOMC Member George Speaks,Medium,,,
2019-10-04,3:00pm,USD,FOMC Member Quarles Speaks,Medium,,,
2019-10-06,5:45pm,USD,FOMC Member George Speaks,Low,,,
2019-10-07,1:00am,EUR,German Factory Orders m/m,Medium,-0.4%,-2.1%,
2019-10-07,2:00am,CHF,Foreign Currency Reserves,Medium,,767B,
2019-10-07,2:30am,GBP,Halifax HPI m/m,Medium,0.4%,0.2%,
2019-10-07,3:30am,EUR,Sentix Investor Confidence,Medium,-12.9,-11.1,
2019-10-07,5:40am,GBP,BRC Retail Sales Monitor y/y,Medium,-0.8%,-0.5%,
2019-10-07,12:00pm,USD,Fed Chairman Powell Speaks,High,,,
2019-10-07,2:00pm,USD,Consumer Credit m/m,Medium,14.9B,23.0B,
2019-10-07,6:30pm,JPY,Average Cash Earnings y/y,Medium,-0.2%,-1.0%,
2019-10-07,6:30pm,JPY,Household Spending y/y,Medium,0.9%,0.8%,
2019-10-07,6:53pm,JPY,Current Account,Medium,1.68T,1.65T,
2019-10-07,11:10pm,GBP,BOE Gov Carney Speaks,Medium,,,
2019-10-08,12:45am,CHF,Unemployment Rate,Medium,2.1%,2.3%,
2019-10-08,1:00am,EUR,German Industrial Production m/m,Medium,-0.2%,-0.4%,
2019-10-08,1:45am,EUR,French Trade Balance,Medium,-4.2B,-4.5B,
2019-10-08,3:00am,EUR,Italian Retail Sales m/m,Medium,-0.1%,-0.6%,
2019-10-08,3:20am,GBP,MPC Member Haldane Speaks,Low,,,
2019-10-08,4:30am,GBP,MPC Member Tenreyro Speaks,Low,,,
2019-10-08,4:57am,USD,NFIB Small Business Index,Medium,102.6,103.1,
2019-10-08,7:30am,USD,Core PPI m/m,Low,0.2%,0.3%,
2019-10-08,7:30am,USD,PPI m/m,Low,0.1%,0.1%,
2019-10-08,9:00am,USD,RCM/TIPP Economic Optimism,Medium,51.2,50.8,
2019-10-08,12:35pm,USD,FOMC Member Evans Speaks,Low,,,
2019-10-08,1:30pm,USD,Fed Chairman Powell Speaks,High,,,
2019-10-08,3:30pm,USD,API Weekly Statistical Bulletin,Medium,,,
2019-10-09,3:30am,GBP,FPC Meeting Minutes,Medium,,,
2019-10-09,3:30am,GBP,FPC Statement,Medium,,,
2019-10-09,All Day,EUR,Eurogroup Meetings,High,,,
2019-10-09,9:00am,USD,Final Wholesale Inventories m/m,Medium,0.4%,0.4%,
2019-10-09,9:00am,USD,JOLTS Job Openings,Medium,7.35M,7.17M,
2019-10-09,9:30am,USD,Crude Oil Inventories,High,1.8M,3.1M,
2019-10-09,10:00am,USD,Fed Chairman Powell Speaks,High,,,
2019-10-09,10:00am,USD,FOMC Member George Speaks,Low,,,
2019-10-09,12:01pm,USD,10-y Bond Auction,Medium,,1.74|2.5,
2019-10-09,1:00pm,USD,FOMC Meeting Minutes,High,,,
2019-10-09,6:01pm,GBP,RICS House Price Balance,Medium,-7%,-4%,
2019-10-09,6:50pm,JPY,Bank Lending y/y,Medium,2.1%,2.1%,
2019-10-09,6:50pm,JPY,Core Machinery Orders m/m,Medium,0.0%,-6.6%,
2019-10-09,6:50pm,JPY,PPI y/y,Medium,-1.1%,-0.9%,
2019-10-09,10:35pm,JPY,30-y Bond Auction,Medium,,0.14|3.5,
2019-10-10,1:45am,EUR,French Industrial Production m/m,Medium,0.2%,0.3%,
2019-10-10,3:00am,EUR,Italian Industrial Production m/m,Medium,0.2%,-0.8%,
2019-10-10,3:30am,GBP,GDP m/m,High,0.0%,0.4%,
2019-10-10,3:30am,GBP,Manufacturing Production m/m,High,0.1%,0.4%,
2019-10-10,3:30am,GBP,Construction Output m/m,Medium,-0.4%,1.8%,
2019-10-10,3:30am,GBP,Goods Trade Balance,Medium,-10.0B,-9.6B,
2019-10-10,3:30am,GBP,Index of Services 3m/3m,Medium,0.2%,0.3%,
2019-10-10,3:30am,GBP,Industrial Production m/m,Medium,0.0%,0.1%,
2019-10-10,4:20am,GBP,BOE Gov Carney Speaks,High,,,
2019-10-10,6:30am,EUR,ECB Monetary Policy Meeting Accounts,High,,,
2019-10-10,6:56am,GBP,NIESR GDP Estimate,Medium,,0.3%,
2019-10-10,7:30am,USD,Core CPI m/m,High,0.2%,0.3%,
2019-10-10,7:30am,USD,CPI m/m,High,0.1%,0.1%,
2019-10-10,7:30am,USD,CPI y/y,High,1.8%,1.7%,
2019-10-10,7:30am,USD,Unemployment Claims,Medium,215K,220K,
2019-10-10,9:30am,USD,Natural Gas Storage,Medium,95B,112B,
2019-10-10,12:01pm,USD,30-y Bond Auction,Medium,,2.27|2.2,
2019-10-10,6:50pm,JPY,M2 Money Stock y/y,Medium,2.4%,2.4%,
2019-10-11,All Day,EUR,ECOFIN Meetings,High,,,
2019-10-11,7:30am,USD,Import Prices m/m,Medium,-0.1%,-0.2%,
2019-10-11,9:00am,USD,Prelim UoM Consumer Sentiment,Low,92.0,93.2,
2019-10-11,9:00am,USD,Prelim UoM Inflation Expectations,Medium,,2.8%,
2019-10-11,12:15pm,USD,FOMC Member Rosengren Speaks,Low,,,
2019-10-13,All Day,JPY,Bank Holiday,Low,,,
2019-10-14,4:00am,EUR,Industrial Production m/m,Medium,0.3%,-0.4%,
2019-10-14,All Day,USD,Bank Holiday,Low,,,
2019-10-14,7:10am,GBP,MPC Member Cunliffe Speaks,Low,,,
2019-10-14,3:00pm,USD,Empire State Manufacturing Index,Medium,1.1,2.0,
2019-10-14,7:30pm,JPY,BOJ Gov Kuroda Speaks,Low,,,
2019-10-14,11:30pm,JPY,Tertiary Industry Activity m/m,Medium,0.6%,0.1%,
2019-10-14,11:32pm,JPY,Revised Industrial Production m/m,Medium,-1.2%,-1.2%,
2019-10-15,1:45am,EUR,French Final CPI m/m,Medium,-0.3%,-0.3%,
2019-10-15,3:25am,USD,FOMC Member Bullard Speaks,Low,,,
2019-10-15,3:30am,GBP,BOE Gov Carney Speaks,High,,,
2019-10-15,3:30am,GBP,Average Earnings Index 3m/y,Low,4.0%,3.9%,
2019-10-15,3:30am,GBP,Claimant Count Change,Medium,21.3K,16.3K,
2019-10-15,3:30am,GBP,Unemployment Rate,Medium,3.8%,3.8%,
2019-10-15,4:00am,EUR,German ZEW Economic Sentiment,Low,-27.0,-22.5,
2019-10-15,4:00am,EUR,ZEW Economic Sentiment,Medium,-26.7,-22.4,
2019-10-15,4:35am,GBP,10-y Bond Auction,Medium,,0.55|1.9,
2019-10-15,7:30am,GBP,MPC Member Vlieghe Speaks,Low,,,
2019-10-15,11:45am,USD,FOMC Member George Speaks,Low,,,
2019-10-16,WedOct 16,GBP,PPI Input m/m,Low,0.2%,-0.3%,
2019-10-16,WedOct 16,GBP,Core CPI y/y,Medium,1.7%,1.5%,
2019-10-16,WedOct 16,GBP,HPI y/y,Medium,0.9%,0.8%,
2019-10-16,WedOct 16,GBP,PPI Output m/m,Medium,0.0%,-0.1%,
2019-10-16,WedOct 16,GBP,RPI y/y,Medium,2.7%,2.6%,
2019-10-16,4:00am,EUR,Final Core CPI y/y,Medium,1.0%,1.0%,
2019-10-16,4:00am,EUR,Final CPI y/y,Medium,0.9%,0.9%,
2019-10-16,4:00am,EUR,Trade Balance,Medium,18.6B,17.5B,
2019-10-16,4:33am,EUR,German 30-y Bond Auction,Medium,,0.05|1.2,
2019-10-16,7:30am,USD,Core Retail Sales m/m,High,0.2%,0.2%,
2019-10-16,7:30am,USD,Retail Sales m/m,High,0.3%,0.6%,
2019-10-16,8:00am,GBP,BOE Gov Carney Speaks,High,,,
2019-10-16,9:00am,USD,Business Inventories m/m,Medium,0.3%,0.3%,
2019-10-16,9:00am,USD,NAHB Housing Market Index,Medium,68,68,
2019-10-16,9:45am,USD,FOMC Member Evans Speaks,Low,,,
2019-10-16,12:00pm,EUR,German Buba President Weidmann Speaks,Low,,,
2019-10-16,1:00pm,USD,Beige Book,Medium,,,
2019-10-16,2:00pm,USD,FOMC Member Brainard Speaks,Low,,,
2019-10-16,3:00pm,USD,TIC Long-Term Purchases,Medium,74.3B,83.8B,
2019-10-16,3:30pm,USD,API Weekly Statistical Bulletin,Medium,,,
2019-10-16,5:30pm,GBP,BOE Gov Carney Speaks,Low,,,
2019-10-17,3:00am,EUR,Italian Trade Balance,Medium,6.21B,7.62B,
2019-10-17,3:30am,GBP,Retail Sales m/m,High,-0.1%,-0.3%,
2019-10-17,3:30am,GBP,BOE Credit Conditions Survey,Low,,,
2019-10-17,3:56am,EUR,Spanish 10-y Bond Auction,Medium,,0.12|1.4,
2019-10-17,Day 1,EUR,EU Economic Summit,High,,,
2019-10-17,7:30am,USD,Philly Fed Manufacturing Index,High,7.3,12.0,
2019-10-17,7:30am,USD,Building Permits,Low,1.34M,1.43M,
2019-10-17,7:30am,USD,Housing Starts,Medium,1.32M,1.39M,
2019-10-17,7:30am,USD,Unemployment Claims,Medium,212K,210K,
2019-10-17,8:15am,USD,Industrial Production m/m,Low,-0.1%,0.8%,
2019-10-17,8:15am,USD,Capacity Utilization Rate,Medium,77.7%,77.9%,
2019-10-17,8:30am,GBP,CB Leading Index m/m,Medium,,-0.2%,
2019-10-17,9:30am,USD,Natural Gas Storage,Medium,100B,98B,
2019-10-17,10:00am,USD,Crude Oil Inventories,High,2.7M,2.9M,
2019-10-17,1:00pm,USD,FOMC Member Bowman Speaks,Low,,,
2019-10-17,1:00pm,USD,FOMC Member Evans Speaks,Low,,,
2019-10-17,3:20pm,USD,FOMC Member Williams Speaks,Low,,,
2019-10-17,6:30pm,JPY,National Core CPI y/y,Medium,0.3%,0.5%,
2019-10-18,Day 2,EUR,EU Economic Summit,High,,,
2019-10-18,9:00am,USD,FOMC Member George Speaks,Low,,,
2019-10-18,9:00am,USD,CB Leading Index m/m,Medium,0.1%,-0.2%,
2019-10-18,10:30am,USD,FOMC Member Clarida Speaks,Low,,,
2019-10-18,12:45pm,GBP,BOE Gov Carney Speaks,High,,,
2019-10-18,4:15pm,GBP,MPC Member Cunliffe Speaks,Low,,,
2019-10-20,6:01pm,GBP,Rightmove HPI m/m,Medium,,-0.2%,
2019-10-20,6:50pm,JPY,Trade Balance,Medium,-0.17T,-0.12T,
2019-10-20,11:30pm,JPY,All Industries Activity m/m,Medium,0.1%,0.2%,
2019-10-21,5:00am,EUR,German Buba Monthly Report,Medium,,,
2019-10-21,10:00am,GBP,MPC Member Haldane Speaks,Medium,,,
2019-10-21,All Day,JPY,Bank Holiday,Low,,,
2019-10-22,5:00am,GBP,CBI Industrial Order Expectations,Medium,-25,-28,
2019-10-22,9:00am,USD,Existing Home Sales,Medium,5.45M,5.50M,
2019-10-22,9:05am,USD,Richmond Manufacturing Index,Medium,-7,-9,
2019-10-22,1:16pm,GBP,Parliament Brexit Vote,High,,,
2019-10-22,1:32pm,GBP,Parliament Brexit Vote,High,,,
2019-10-22,3:30pm,USD,API Weekly Statistical Bulletin,Medium,,,
2019-10-23,4:34am,EUR,German 10-y Bond Auction,Medium,,-0.61|2.4,
2019-10-23,8:00am,USD,HPI m/m,Medium,0.4%,0.4%,
2019-10-23,8:15am,EUR,Consumer Confidence,Medium,-7,-7,
2019-10-23,9:30am,USD,Crude Oil Inventories,Medium,2.5M,9.3M,
2019-10-23,7:30pm,JPY,Flash Manufacturing PMI,Medium,49.2,48.9,
2019-10-24,2:15am,EUR,French Flash Services PMI,High,51.6,51.1,
2019-10-24,2:15am,EUR,French Flash Manufacturing PMI,Low,50.0,50.1,
2019-10-24,2:30am,EUR,German Flash Manufacturing PMI,High,42.0,41.7,
2019-10-24,2:30am,EUR,German Flash Services PMI,High,52.0,51.4,
2019-10-24,3:00am,EUR,Flash Manufacturing PMI,Low,46.1,45.7,
2019-10-24,3:00am,EUR,Flash Services PMI,Low,51.9,51.6,
2019-10-24,3:30am,GBP,High Street Lending,Medium,42.2K,42.5K,
2019-10-24,6:45am,EUR,Monetary Policy Statement,High,,,
2019-10-24,6:45am,EUR,Main Refinancing Rate,Low,0.00%,0.00%,
2019-10-24,7:30am,EUR,ECB Press Conference,High,,,
2019-10-24,7:30am,USD,Core Durable Goods Orders m/m,Low,-0.2%,0.3%,
2019-10-24,7:30am,USD,Durable Goods Orders m/m,Low,-0.5%,0.3%,
2019-10-24,7:30am,USD,Unemployment Claims,Medium,216K,218K,
2019-10-24,8:00am,EUR,Belgian NBB Business Climate,Medium,-6.0,-5.7,
2019-10-24,8:45am,USD,Flash Manufacturing PMI,Low,50.7,51.1,
2019-10-24,8:45am,USD,Flash Services PMI,Medium,51.0,50.9,
2019-10-24,9:00am,USD,New Home Sales,Medium,710K,706K,
2019-10-24,9:30am,USD,Natural Gas Storage,Medium,87B,104B,
2019-10-25,3:00am,EUR,German ifo Business Climate,Low,94.5,94.6,
2019-10-25,9:00am,USD,Revised UoM Consumer Sentiment,Medium,96.0,96.0,
2019-10-25,9:00am,USD,Revised UoM Inflation Expectations,Medium,,2.5%,
2019-10-25,1:00pm,USD,Federal Budget Balance,Medium,83.5B,-200.3B,
2019-10-26,SatOct 26,EUR,Daylight Saving Time Shift,Low,,,
2019-10-26,SatOct 26,GBP,Daylight Saving Time Shift,Low,,,
2019-10-27,6:50pm,JPY,SPPI y/y,Medium,0.5%,0.5%,
2019-10-28,4:00am,EUR,M3 Money Supply y/y,Medium,5.7%,5.8%,
2019-10-28,4:00am,EUR,Private Loans y/y,Medium,3.4%,3.4%,
2019-10-28,6:00am,GBP,CBI Realized Sales,Medium,-20,-16,
2019-10-28,7:30am,USD,Goods Trade Balance,Medium,-73.5B,-73.1B,
2019-10-28,7:30am,USD,Prelim Wholesale Inventories m/m,Medium,0.3%,0.2%,
2019-10-28,10:00am,EUR,ECB President Draghi Speaks,High,,,
2019-10-28,12:00pm,GBP,MPC Member Tenreyro Speaks,Medium,,,
2019-10-28,2:00pm,GBP,Parliament Brexit Vote,High,,,
2019-10-28,6:30pm,JPY,Tokyo Core CPI y/y,Medium,0.7%,0.5%,
2019-10-29,1:58am,GBP,Nationwide HPI m/m,Medium,0.0%,-0.2%,
2019-10-29,4:30am,GBP,M4 Money Supply m/m,Medium,0.3%,0.4%,
2019-10-29,4:30am,GBP,Mortgage Approvals,Medium,65K,66K,
2019-10-29,4:30am,GBP,Net Lending to Individuals m/m,Medium,4.6B,4.6B,
2019-10-29,8:00am,USD,S&P/CS Composite-20 HPI y/y,Medium,2.1%,2.0%,
2019-10-29,9:00am,USD,CB Consumer Confidence,High,128.2,126.3,
2019-10-29,9:00am,USD,Pending Home Sales m/m,Medium,0.9%,1.4%,
2019-10-29,3:23pm,GBP,Parliament Brexit Vote,High,Pass,,
2019-10-29,3:30pm,USD,API Weekly Statistical Bulletin,Medium,,,
2019-10-29,6:50pm,JPY,Retail Sales y/y,Medium,6.0%,1.8%,
2019-10-29,7:01pm,GBP,BRC Shop Price Index y/y,Medium,,-0.6%,
2019-10-30,All Day,EUR,German Prelim CPI m/m,Low,0.0%,0.0%,
2019-10-30,2:45am,EUR,French Consumer Spending m/m,Medium,0.0%,0.1%,
2019-10-30,3:00am,CHF,KOF Economic Barometer,Medium,93.5,93.1,
2019-10-30,3:00am,EUR,Spanish Flash CPI y/y,Medium,0.1%,0.1%,
2019-10-30,3:55am,EUR,German Unemployment Change,Medium,2K,-9K,
2019-10-30,4:00am,CHF,UBS Economic Expectations,Medium,,-15.4,
2019-10-30,5:21am,EUR,Italian 10-y Bond Auction,Medium,,0.88|1.4,
2019-10-30,7:15am,USD,ADP Non-Farm Employment Change,High,125K,93K,
2019-10-30,7:30am,USD,Advance GDP q/q,High,1.6%,2.0%,
2019-10-30,7:30am,USD,Advance GDP Price Index q/q,Low,1.8%,2.4%,
2019-10-30,9:30am,USD,Crude Oil Inventories,Low,0.5M,-1.7M,
2019-10-30,1:00pm,USD,Federal Funds Rate,High,1.75%,2.00%,
2019-10-30,1:00pm,USD,FOMC Statement,High,,,
2019-10-30,1:30pm,USD,FOMC Press Conference,High,,,
2019-10-30,6:50pm,JPY,Prelim Industrial Production m/m,Medium,0.4%,-1.2%,
2019-10-30,7:01pm,GBP,GfK Consumer Confidence,Medium,-13,-12,
2019-10-30,10:32pm,JPY,BOJ Outlook Report,High,,,
2019-10-30,10:32pm,JPY,Monetary Policy Statement,High,,,
2019-10-30,10:32pm,JPY,BOJ Policy Rate,Medium,-0.10%,-0.10%,
2019-10-31,12:02am,JPY,Housing Starts y/y,Medium,-6.6%,-7.1%,
2019-10-31,1:30am,JPY,BOJ Press Conference,Low,,,
2019-10-31,2:00am,EUR,German Retail Sales m/m,Medium,0.3%,-0.1%,
2019-10-31,2:45am,EUR,French Prelim CPI m/m,Medium,0.1%,-0.3%,
2019-10-31,3:00am,EUR,Spanish Flash GDP q/q,Low,0.4%,0.4%,
2019-10-31,4:00am,EUR,Italian Monthly Unemployment Rate,Medium,9.6%,9.6%,
2019-10-31,5:00am,EUR,CPI Flash Estimate y/y,Low,0.7%,0.8%,
2019-10-31,5:00am,EUR,Core CPI Flash Estimate y/y,Medium,1.0%,1.0%,
2019-10-31,5:00am,EUR,Italian Prelim CPI m/m,Medium,-0.1%,-0.6%,
2019-10-31,5:00am,EUR,Prelim Flash GDP q/q,Medium,0.1%,0.2%,
2019-10-31,5:00am,EUR,Unemployment Rate,Medium,7.4%,7.5%,
2019-10-31,6:00am,EUR,Italian Prelim GDP q/q,Medium,0.0%,0.1%,
2019-10-31,6:30am,USD,Challenger Job Cuts y/y,Medium,,-24.8%,
2019-10-31,7:30am,USD,Core PCE Price Index m/m,Low,0.1%,0.1%,
2019-10-31,7:30am,USD,Employment Cost Index q/q,Low,0.7%,0.6%,
2019-10-31,7:30am,USD,Personal Spending m/m,Low,0.3%,0.2%,
2019-10-31,7:30am,USD,Personal Income m/m,Medium,0.3%,0.5%,
2019-10-31,7:30am,USD,Unemployment Claims,Medium,215K,213K,
2019-10-31,8:45am,USD,Chicago PMI,Low,48.4,47.1,
2019-10-31,9:30am,USD,Natural Gas Storage,Medium,47B,87B,
2019-10-31,10:30am,CHF,SNB Chairman Jordan Speaks,Low,,,
2019-10-31,6:30pm,JPY,Unemployment Rate,Medium,2.2%,2.2%,
2019-10-31,7:30pm,JPY,Final Manufacturing PMI,Medium,48.5,48.5,
2019-11-01,All Day,EUR,French Bank Holiday,Low,,,
2019-11-01,All Day,EUR,Italian Bank Holiday,Low,,,
2019-11-01,2:30am,CHF,CPI m/m,Medium,0.0%,-0.1%,
2019-11-01,2:30am,CHF,Retail Sales y/y,Medium,-0.7%,-1.0%,
2019-11-01,3:30am,CHF,Manufacturing PMI,Medium,45.3,44.6,
2019-11-01,4:30am,GBP,Final Manufacturing PMI,Low,48.2,48.3,
2019-11-01,7:30am,USD,Average Hourly Earnings m/m,High,0.3%,0.0%,
2019-11-01,7:30am,USD,Non-Farm Employment Change,High,90K,180K,
2019-11-01,7:30am,USD,Unemployment Rate,High,3.6%,3.5%,
2019-11-01,8:45am,USD,Final Manufacturing PMI,Medium,51.5,51.5,
2019-11-01,9:00am,USD,ISM Manufacturing PMI,High,49.0,47.8,
2019-11-01,9:00am,USD,Construction Spending m/m,Medium,0.2%,-0.3%,
2019-11-01,9:00am,USD,ISM Manufacturing Prices,Medium,50.1,49.7,
2019-11-01,All Day,USD,Wards Total Vehicle Sales,Medium,17.0M,17.2M,
2019-11-01,12:00pm,USD,FOMC Member Clarida Speaks,Low,,,
2019-11-01,12:00pm,USD,FOMC Member Quarles Speaks,Medium,,,
2019-11-01,1:30pm,USD,FOMC Member Williams Speaks,Low,,,
2019-11-03,SunNov 3,USD,Daylight Saving Time Shift,Low,,,
2019-11-03,All Day,JPY,Bank Holiday,Low,,,
2019-11-04,2:15am,EUR,Spanish Manufacturing PMI,Medium,47.5,47.7,
2019-11-04,2:45am,EUR,Italian Manufacturing PMI,Medium,47.6,47.8,
2019-11-04,2:50am,EUR,French Final Manufacturing PMI,Medium,50.5,50.5,
2019-11-04,2:55am,EUR,German Final Manufacturing PMI,Medium,41.9,41.9,
2019-11-04,3:00am,EUR,Final Manufacturing PMI,Medium,45.7,45.7,
2019-11-04,3:30am,EUR,Sentix Investor Confidence,Medium,-13.2,-16.8,
2019-11-04,3:30am,GBP,Construction PMI,Medium,44.3,43.3,
2019-11-04,9:00am,USD,Factory Orders m/m,Medium,-0.5%,-0.1%,
2019-11-04,1:00pm,USD,Loan Officer Survey,Medium,,,
2019-11-04,1:30pm,EUR,ECB President Lagarde Speaks,High,,,
2019-11-04,5:50pm,JPY,Monetary Base y/y,Medium,2.9%,3.0%,
2019-11-04,6:01pm,GBP,BRC Retail Sales Monitor y/y,Medium,-1.4%,-1.7%,
2019-11-05,2:00am,EUR,Spanish Unemployment Change,Medium,62.0K,13.9K,
2019-11-05,3:30am,GBP,Final Services PMI,Low,49.6,49.5,
2019-11-05,4:00am,EUR,PPI m/m,Medium,0.1%,-0.5%,
2019-11-05,4:30am,GBP,10-y Bond Auction,Medium,,0.63|1.9,
2019-11-05,7:30am,USD,Trade Balance,Medium,-52.9B,-55.0B,
2019-11-05,8:45am,USD,Final Services PMI,Medium,51.0,51.0,
2019-11-05,9:00am,USD,ISM Services PMI,High,53.5,52.6,
2019-11-05,9:00am,USD,JOLTS Job Openings,Medium,7.06M,7.30M,
2019-11-05,9:12am,USD,RCM/TIPP Economic Optimism,Medium,53.2,52.6,
2019-11-05,3:30pm,USD,API Weekly Statistical Bulletin,Medium,,,
2019-11-05,5:50pm,JPY,Monetary Policy Meeting Minutes,Medium,,,
2019-11-05,9:35pm,JPY,10-y Bond Auction,Medium,,-0.16|3.4,
2019-11-06,2:15am,EUR,Spanish Services PMI,Medium,52.8,53.3,
2019-11-06,2:45am,EUR,Italian Services PMI,Medium,51.0,51.4,
2019-11-06,2:50am,EUR,French Final Services PMI,Medium,52.9,52.9,
2019-11-06,2:55am,EUR,German Final Services PMI,Medium,51.2,51.2,
2019-11-06,3:00am,EUR,Final Services PMI,Medium,51.8,51.8,
2019-11-06,4:00am,EUR,Retail Sales m/m,Medium,0.1%,0.6%,
2019-11-06,7:00am,USD,FOMC Member Evans Speaks,Low,,,
2019-11-06,7:30am,USD,Prelim Nonfarm Productivity q/q,Medium,1.0%,2.3%,
2019-11-06,7:30am,USD,Prelim Unit Labor Costs q/q,Medium,2.2%,2.6%,
2019-11-06,8:30am,USD,FOMC Member Williams Speaks,Medium,,,
2019-11-06,9:30am,USD,Crude Oil Inventories,Low,1.9M,5.7M,
2019-11-06,12:01pm,USD,10-y Bond Auction,Low,,1.59|2.4,
2019-11-07,2:00am,CHF,Foreign Currency Reserves,Medium,,777B,
2019-11-07,2:28am,GBP,Halifax HPI m/m,Medium,0.3%,-0.4%,
2019-11-07,3:00am,EUR,ECB Economic Bulletin,Medium,,,
2019-11-07,3:00am,EUR,Italian Retail Sales m/m,Medium,0.3%,-0.5%,
2019-11-07,3:50am,EUR,Spanish 10-y Bond Auction,Medium,,0.25|2.5,
2019-11-07,4:00am,EUR,EU Economic Forecasts,High,,,
2019-11-07,4:02am,EUR,French 10-y Bond Auction,Medium,,-0.24|1.7,
2019-11-07,All Day,EUR,Eurogroup Meetings,Medium,,,
2019-11-07,6:00am,GBP,BOE Monetary Policy Report,High,,,
2019-11-07,6:00am,GBP,Monetary Policy Summary,High,,,
2019-11-07,6:00am,GBP,MPC Official Bank Rate Votes,High,0-0-9,0-0-9,
2019-11-07,6:00am,GBP,Official Bank Rate,Low,0.75%,0.75%,
2019-11-07,6:00am,GBP,Asset Purchase Facility,Medium,435B,435B,
2019-11-07,6:00am,GBP,MPC Asset Purchase Facility Votes,Medium,0-0-9,0-0-9,
2019-11-07,6:30am,GBP,BOE Gov Carney Speaks,High,,,
2019-11-07,7:30am,USD,Unemployment Claims,Medium,215K,219K,
2019-11-07,9:30am,USD,Natural Gas Storage,Medium,46B,89B,
2019-11-07,12:01pm,USD,30-y Bond Auction,Low,,2.17|2.2,
2019-11-07,2:00pm,USD,Consumer Credit m/m,Medium,15.6B,17.8B,
2019-11-07,5:30pm,JPY,Average Cash Earnings y/y,Medium,0.1%,-0.1%,
2019-11-07,5:30pm,JPY,Household Spending y/y,Medium,7.1%,1.0%,
2019-11-07,11:00pm,JPY,Leading Indicators,Medium,92.2%,91.9%,
2019-11-08,1:00am,EUR,German Trade Balance,Medium,19.3B,18.7B,
2019-11-08,1:45am,EUR,French Industrial Production m/m,Medium,0.4%,-0.9%,
2019-11-08,1:45am,EUR,French Prelim Private Payrolls q/q,Medium,0.3%,0.2%,
2019-11-08,1:45am,EUR,French Trade Balance,Medium,-4.9B,-5.4B,
2019-11-08,All Day,EUR,ECOFIN Meetings,Medium,,,
2019-11-08,9:00am,USD,Prelim UoM Consumer Sentiment,Low,96.0,95.5,
2019-11-08,9:00am,USD,Final Wholesale Inventories m/m,Medium,-0.3%,-0.3%,
2019-11-08,9:00am,USD,Prelim UoM Inflation Expectations,Medium,,2.5%,
2019-11-08,10:45am,USD,FOMC Member Brainard Speaks,Medium,,,
2019-11-08,7:00pm,USD,FOMC Member Williams Speaks,Medium,,,
2019-11-10,5:50pm,JPY,Bank Lending y/y,Medium,2.0%,2.0%,
2019-11-10,5:50pm,JPY,BOJ Summary of Opinions,Medium,,,
2019-11-10,5:50pm,JPY,Core Machinery Orders m/m,Medium,0.9%,-2.4%,
2019-11-10,5:50pm,JPY,Current Account,Medium,1.66T,1.72T,
2019-11-10,11:00pm,JPY,Economy Watchers Sentiment,Medium,40.7,46.7,
2019-11-11,All Day,EUR,French Bank Holiday,Low,,,
2019-11-11,3:00am,EUR,Italian Industrial Production m/m,Medium,-0.4%,0.4%,
2019-11-11,3:30am,GBP,Prelim GDP q/q,High,0.4%,-0.2%,
2019-11-11,3:30am,GBP,GDP m/m,Low,-0.1%,-0.2%,
2019-11-11,3:30am,GBP,Manufacturing Production m/m,Low,-0.2%,-0.7%,
2019-11-11,3:30am,GBP,Construction Output m/m,Medium,-0.5%,0.1%,
2019-11-11,3:30am,GBP,Goods Trade Balance,Medium,-10.1B,-10.8B,
2019-11-11,3:30am,GBP,Index of Services 3m/3m,Medium,0.4%,0.4%,
2019-11-11,3:30am,GBP,Industrial Production m/m,Medium,-0.1%,-0.7%,
2019-11-11,3:30am,GBP,Prelim Business Investment q/q,Medium,-0.5%,-0.4%,
2019-11-11,All Day,USD,Bank Holiday,Low,,,
2019-11-11,7:15am,USD,FOMC Member Rosengren Speaks,Medium,,,
2019-11-11,7:17am,GBP,NIESR GDP Estimate,Medium,,0.3%,
2019-11-11,5:50pm,JPY,M2 Money Stock y/y,Medium,2.5%,2.4%,
2019-11-11,9:35pm,JPY,30-y Bond Auction,Medium,,0.38|3.9,
2019-11-11,11:59pm,JPY,Prelim Machine Tool Orders y/y,Medium,,-35.5%,
2019-11-12,TueNov 12,GBP,Claimant Count Change,Medium,24.2K,13.5K,
2019-11-12,TueNov 12,GBP,Unemployment Rate,Medium,3.9%,3.9%,
2019-11-12,4:00am,EUR,German ZEW Economic Sentiment,Low,-13.2,-22.8,
2019-11-12,4:00am,EUR,ZEW Economic Sentiment,Medium,-11.5,-23.5,
2019-11-12,4:30am,USD,FOMC Member Clarida Speaks,Low,,,
2019-11-12,4:45am,USD,NFIB Small Business Index,Medium,102.3,101.8,
2019-11-12,11:00am,USD,President Trump Speaks,High,,,
2019-11-12,5:50pm,JPY,PPI y/y,Medium,-0.5%,-1.1%,
2019-11-13,3:30am,GBP,CPI y/y,High,1.6%,1.7%,
2019-11-13,3:30am,GBP,Core CPI y/y,Medium,1.7%,1.7%,
2019-11-13,3:30am,GBP,HPI y/y,Medium,1.2%,1.3%,
2019-11-13,3:30am,GBP,PPI Input m/m,Medium,-1.1%,-0.9%,
2019-11-13,3:30am,GBP,PPI Output m/m,Medium,0.0%,-0.1%,
2019-11-13,3:30am,GBP,RPI y/y,Medium,2.2%,2.4%,
2019-11-13,4:00am,EUR,Industrial Production m/m,Medium,-0.2%,0.4%,
2019-11-13,4:32am,EUR,German 10-y Bond Auction,Medium,,-0.41|2.3,
2019-11-13,7:30am,USD,Core CPI m/m,High,0.2%,0.1%,
2019-11-13,7:30am,USD,CPI m/m,High,0.3%,0.0%,
2019-11-13,7:30am,USD,CPI y/y,High,1.7%,1.7%,
2019-11-13,10:00am,USD,Fed Chairman Powell Testifies,High,,,
2019-11-13,1:02pm,USD,Federal Budget Balance,Medium,-131.0B,82.8B,
2019-11-13,3:30pm,USD,API Weekly Statistical Bulletin,Medium,,,
2019-11-13,5:50pm,JPY,Prelim GDP q/q,Medium,0.2%,0.3%,
2019-11-13,5:53pm,JPY,Prelim GDP Price Index y/y,Medium,0.5%,0.4%,
2019-11-13,6:01pm,GBP,RICS House Price Balance,Medium,-3%,-3%,
2019-11-13,10:30pm,JPY,Tertiary Industry Activity m/m,Medium,0.2%,0.3%,
2019-11-14,1:30am,CHF,PPI m/m,Medium,0.0%,-0.3%,
2019-11-14,1:45am,EUR,French Final CPI m/m,Medium,-0.1%,-0.1%,
2019-11-14,3:30am,GBP,Retail Sales m/m,High,0.2%,0.0%,
2019-11-14,4:00am,EUR,Flash Employment Change q/q,Medium,0.2%,0.2%,
2019-11-14,4:00am,EUR,Flash GDP q/q,Medium,0.2%,0.2%,
2019-11-14,4:30am,USD,FOMC Member Quarles Speaks,Medium,,,
2019-11-14,4:34am,GBP,30-y Bond Auction,Medium,,1.15|2.0,
2019-11-14,7:30am,USD,PPI m/m,High,0.3%,-0.3%,
2019-11-14,7:30am,USD,Core PPI m/m,Low,0.2%,-0.3%,
2019-11-14,7:30am,USD,Unemployment Claims,Medium,215K,211K,
2019-11-14,8:10am,USD,FOMC Member Clarida Speaks,Medium,,,
2019-11-14,8:10am,USD,FOMC Member Evans Speaks,Medium,,,
2019-11-14,8:30am,GBP,CB Leading Index m/m,Medium,,-0.5%,
2019-11-14,9:00am,USD,Fed Chairman Powell Testifies,High,,,
2019-11-14,9:00am,USD,Mortgage Delinquencies,Medium,,4.53%,
2019-11-14,9:30am,USD,Natural Gas Storage,Medium,2B,34B,
2019-11-14,10:00am,USD,Crude Oil Inventories,Low,1.5M,7.9M,
2019-11-14,11:00am,CHF,Gov Board Member Maechler Speaks,Low,,,
2019-11-14,11:00am,USD,FOMC Member Williams Speaks,Medium,,,
2019-11-14,11:20am,USD,FOMC Member Bullard Speaks,Medium,,,
2019-11-14,10:30pm,JPY,Revised Industrial Production m/m,Medium,1.4%,1.4%,
2019-11-15,4:00am,EUR,Final Core CPI y/y,Medium,1.1%,1.1%,
2019-11-15,4:00am,EUR,Final CPI y/y,Medium,0.7%,0.7%,
2019-11-15,4:00am,EUR,Trade Balance,Medium,18.7B,19.7B,
2019-11-15,7:30am,USD,Core Retail Sales m/m,High,0.3%,-0.1%,
2019-11-15,7:30am,USD,Retail Sales m/m,High,0.1%,-0.3%,
2019-11-15,7:30am,USD,Empire State Manufacturing Index,Medium,6.1,4.0,
2019-11-15,7:30am,USD,Import Prices m/m,Medium,-0.2%,0.1%,
2019-11-15,8:15am,USD,Capacity Utilization Rate,Medium,77.2%,77.5%,
2019-11-15,8:15am,USD,Industrial Production m/m,Medium,-0.4%,-0.3%,
2019-11-15,9:00am,USD,Business Inventories m/m,Medium,0.1%,-0.1%,
2019-11-15,11:00am,EUR,German Buba President Weidmann Speaks,Medium,,,
2019-11-17,6:01pm,GBP,Rightmove HPI m/m,Medium,,0.6%,
2019-11-18,5:00am,EUR,German Buba Monthly Report,Medium,,,
2019-11-18,9:00am,USD,NAHB Housing Market Index,Medium,71,71,
2019-11-18,3:00pm,USD,TIC Long-Term Purchases,Medium,70.3B,-41.2B,
2019-11-19,3:00am,EUR,Current Account,Medium,22.3B,28.5B,
2019-11-19,5:00am,GBP,CBI Industrial Order Expectations,Medium,-30,-37,
2019-11-19,7:30am,USD,Building Permits,Low,1.39M,1.39M,
2019-11-19,7:30am,USD,Housing Starts,Medium,1.32M,1.27M,
2019-11-19,8:00am,USD,FOMC Member Williams Speaks,Low,,,
2019-11-19,2:00pm,GBP,Prime Minister Johnson Speaks,High,,,
2019-11-19,3:30pm,USD,API Weekly Statistical Bulletin,Medium,,,
2019-11-19,5:50pm,JPY,Trade Balance,Medium,0.26T,-0.06T,
2019-11-20,3:00am,EUR,ECB Financial Stability Review,Medium,,,
2019-11-20,4:34am,EUR,German 30-y Bond Auction,Medium,,0.07|1.3,
2019-11-20,9:30am,USD,Crude Oil Inventories,Low,1.4M,2.2M,
2019-11-20,1:00pm,USD,FOMC Meeting Minutes,High,,,
2019-11-20,3:00pm,USD,FOMC Financial Stability Report,Medium,,,
2019-11-20,10:30pm,JPY,All Industries Activity m/m,Medium,1.5%,0.0%,
2019-11-21,3:40am,EUR,Spanish 10-y Bond Auction,Medium,,0.30|2.3,
2019-11-21,6:30am,EUR,ECB Monetary Policy Meeting Accounts,High,,,
2019-11-21,7:30am,USD,Philly Fed Manufacturing Index,Low,7.0,5.6,
2019-11-21,7:30am,USD,Unemployment Claims,Medium,215K,227K,
2019-11-21,9:00am,EUR,Consumer Confidence,Medium,-7,-8,
2019-11-21,9:00am,USD,CB Leading Index m/m,Medium,-0.1%,-0.2%,
2019-11-21,9:00am,USD,Existing Home Sales,Medium,5.49M,5.36M,
2019-11-21,9:30am,USD,Natural Gas Storage,Medium,-86B,3B,
2019-11-21,5:30pm,JPY,National Core CPI y/y,Medium,0.4%,0.3%,
2019-11-21,6:30pm,JPY,Flash Manufacturing PMI,Medium,48.7,48.4,
2019-11-22,2:15am,EUR,French Flash Services PMI,High,53.0,52.9,
2019-11-22,2:15am,EUR,French Flash Manufacturing PMI,Low,50.9,50.7,
2019-11-22,2:27am,EUR,ECB President Lagarde Speaks,High,,,
2019-11-22,2:30am,EUR,German Flash Manufacturing PMI,High,42.9,42.1,
2019-11-22,2:30am,EUR,German Flash Services PMI,High,52.0,51.6,
2019-11-22,3:00am,EUR,Flash Manufacturing PMI,High,46.4,45.9,
2019-11-22,3:00am,EUR,Flash Services PMI,Low,52.4,52.2,
2019-11-22,3:30am,GBP,Flash Manufacturing PMI,High,48.8,49.6,
2019-11-22,3:30am,GBP,Flash Services PMI,High,50.1,50.0,
2019-11-22,7:00am,EUR,German Buba President Weidmann Speaks,Medium,,,
2019-11-22,8:45am,USD,Flash Manufacturing PMI,High,51.5,51.3,
2019-11-22,8:45am,USD,Flash Services PMI,Medium,51.2,50.6,
2019-11-22,9:00am,USD,Revised UoM Consumer Sentiment,Medium,95.8,95.7,
2019-11-22,9:00am,USD,Revised UoM Inflation Expectations,Medium,,2.5%,
2019-11-25,5:00am,GBP,CBI Realized Sales,Medium,-10,-10,
2019-11-25,7:58am,EUR,Belgian NBB Business Climate,Medium,-3.3,-4.6,
2019-11-25,5:50pm,JPY,SPPI y/y,Medium,1.8%,0.5%,
2019-11-25,6:00pm,USD,Fed Chairman Powell Speaks,High,,,
2019-11-25,11:00pm,JPY,BOJ Core CPI y/y,Medium,0.4%,0.3%,
2019-11-26,3:30am,GBP,High Street Lending,Medium,43.1K,42.2K,
2019-11-26,7:30am,USD,Goods Trade Balance,Medium,-71.3B,-70.5B,
2019-11-26,7:30am,USD,Prelim Wholesale Inventories m/m,Medium,0.2%,-0.4%,
2019-11-26,8:00am,USD,HPI m/m,Medium,0.5%,0.2%,
2019-11-26,8:00am,USD,S&P/CS Composite-20 HPI y/y,Medium,2.1%,2.0%,
2019-11-26,8:59am,USD,Richmond Manufacturing Index,Low,6,8,
2019-11-26,9:00am,USD,CB Consumer Confidence,High,126.9,126.1,
2019-11-26,9:00am,USD,New Home Sales,Medium,708K,738K,
2019-11-26,12:00pm,USD,FOMC Member Brainard Speaks,Medium,,,
2019-11-26,3:30pm,USD,API Weekly Statistical Bulletin,Medium,,,
2019-11-26,6:01pm,GBP,BRC Shop Price Index y/y,Medium,,-0.4%,
2019-11-27,3:00am,CHF,UBS Economic Expectations,Medium,,-30.5,
2019-11-27,7:30am,USD,Core Durable Goods Orders m/m,Low,0.2%,-0.4%,
2019-11-27,7:30am,USD,Durable Goods Orders m/m,Low,-0.5%,-1.2%,
2019-11-27,7:30am,USD,Prelim GDP q/q,Low,1.9%,1.9%,
2019-11-27,7:30am,USD,Prelim GDP Price Index q/q,Medium,1.7%,1.7%,
2019-11-27,7:30am,USD,Unemployment Claims,Medium,223K,228K,
2019-11-27,8:45am,USD,Chicago PMI,High,47.2,43.2,
2019-11-27,9:00am,USD,Core PCE Price Index m/m,Low,0.2%,0.0%,
2019-11-27,9:00am,USD,Personal Spending m/m,Low,0.3%,0.2%,
2019-11-27,9:00am,USD,Pending Home Sales m/m,Medium,0.2%,1.4%,
2019-11-27,9:00am,USD,Personal Income m/m,Medium,0.3%,0.3%,
2019-11-27,9:30am,USD,Crude Oil Inventories,Low,-0.5M,1.4M,
2019-11-27,11:00am,USD,Natural Gas Storage,Medium,-25B,-94B,
2019-11-27,1:00pm,USD,Beige Book,Medium,,,
2019-11-27,5:50pm,JPY,Retail Sales y/y,Medium,-3.8%,9.2%,
2019-11-27,10:30pm,JPY,BOJ Gov Kuroda Speaks,High,,,
2019-11-28,1:00am,GBP,Nationwide HPI m/m,Medium,0.1%,0.2%,
2019-11-28,All Day,EUR,German Prelim CPI m/m,Low,-0.7%,0.1%,
2019-11-28,2:00am,EUR,Spanish Flash CPI y/y,Medium,0.2%,0.1%,
2019-11-28,3:00am,EUR,M3 Money Supply y/y,Medium,5.5%,5.6%,
2019-11-28,3:00am,EUR,Private Loans y/y,Medium,3.5%,3.4%,
2019-11-28,4:19am,EUR,Italian 10-y Bond Auction,Medium,,1.06|1.3,
2019-11-28,All Day,USD,Bank Holiday,Low,,,
2019-11-28,5:30pm,JPY,Tokyo Core CPI y/y,Medium,0.6%,0.5%,
2019-11-28,5:30pm,JPY,Unemployment Rate,Medium,2.4%,2.4%,
2019-11-28,5:50pm,JPY,Prelim Industrial Production m/m,Medium,-2.0%,1.7%,
2019-11-28,6:01pm,GBP,GfK Consumer Confidence,Medium,-14,-14,
2019-11-28,11:00pm,JPY,Consumer Confidence,Medium,37.0,36.2,
2019-11-28,11:00pm,JPY,Housing Starts y/y,Medium,-7.5%,-4.9%,
2019-11-29,1:45am,EUR,French Consumer Spending m/m,Medium,0.2%,-0.3%,
2019-11-29,1:45am,EUR,French Prelim CPI m/m,Medium,0.0%,0.0%,
2019-11-29,1:45am,EUR,French Prelim GDP q/q,Medium,0.3%,0.3%,
2019-11-29,2:00am,CHF,KOF Economic Barometer,Medium,95.1,94.8,
2019-11-29,2:55am,EUR,German Unemployment Change,Medium,5K,5K,
2019-11-29,3:00am,EUR,Italian Monthly Unemployment Rate,Medium,9.8%,9.9%,
2019-11-29,3:30am,GBP,M4 Money Supply m/m,Medium,0.5%,0.7%,
2019-11-29,3:30am,GBP,Mortgage Approvals,Medium,65K,66K,
2019-11-29,3:30am,GBP,Net Lending to Individuals m/m,Medium,4.5B,4.7B,
2019-11-29,4:00am,EUR,CPI Flash Estimate y/y,Low,0.8%,0.7%,
2019-11-29,4:00am,EUR,Core CPI Flash Estimate y/y,Medium,1.2%,1.1%,
2019-11-29,4:00am,EUR,Italian Prelim CPI m/m,Medium,-0.2%,-0.1%,
2019-11-29,4:00am,EUR,Unemployment Rate,Medium,7.5%,7.6%,
2019-12-01,5:50pm,JPY,Capital Spending q/y,Medium,5.1%,1.9%,
2019-12-01,6:30pm,JPY,Final Manufacturing PMI,Medium,48.6,48.6,
2019-12-02,2:15am,EUR,Spanish Manufacturing PMI,Low,46.5,46.8,
2019-12-02,2:30am,CHF,Manufacturing PMI,Medium,48.8,49.4,
2019-12-02,2:45am,EUR,Italian Manufacturing PMI,Medium,47.5,47.7,
2019-12-02,2:50am,EUR,French Final Manufacturing PMI,Medium,51.6,51.6,
2019-12-02,2:55am,EUR,German Final Manufacturing PMI,Medium,43.8,43.8,
2019-12-02,3:00am,EUR,Final Manufacturing PMI,Medium,46.6,46.6,
2019-12-02,3:30am,GBP,Final Manufacturing PMI,Low,48.3,48.3,
2019-12-02,8:00am,EUR,ECB President Lagarde Speaks,High,,,
2019-12-02,8:45am,USD,Final Manufacturing PMI,Medium,52.2,52.2,
2019-12-02,9:00am,USD,ISM Manufacturing PMI,High,49.2,48.3,
2019-12-02,9:00am,USD,Construction Spending m/m,Medium,0.3%,-0.3%,
2019-12-02,9:00am,USD,ISM Manufacturing Prices,Medium,47.0,45.5,
2019-12-02,5:50pm,JPY,Monetary Base y/y,Medium,3.4%,3.1%,
2019-12-02,6:01pm,GBP,BRC Retail Sales Monitor y/y,Medium,-0.4%,0.1%,
2019-12-02,9:35pm,JPY,10-y Bond Auction,Medium,,-0.10|3.6,
2019-12-03,1:45am,EUR,French Gov Budget Balance,Medium,,-109.0B,
2019-12-03,2:00am,EUR,Spanish Unemployment Change,Medium,75.2K,97.9K,
2019-12-03,3:30am,GBP,Construction PMI,Medium,44.5,44.2,
2019-12-03,4:00am,EUR,PPI m/m,Medium,0.0%,0.1%,
2019-12-03,4:36am,GBP,10-y Bond Auction,Medium,,0.74|2.6,
2019-12-03,All Day,USD,Wards Total Vehicle Sales,Medium,16.8M,16.6M,
2019-12-03,3:30pm,USD,API Weekly Statistical Bulletin,Medium,,,
2019-12-04,2:45am,EUR,Italian Services PMI,Medium,51.2,52.2,
2019-12-04,2:50am,EUR,French Final Services PMI,Medium,52.9,52.9,
2019-12-04,2:55am,EUR,German Final Services PMI,Medium,51.3,51.3,
2019-12-04,3:00am,EUR,Final Services PMI,Medium,51.5,51.5,
2019-12-04,3:30am,GBP,Final Services PMI,Low,48.6,48.6,
2019-12-04,All Day,EUR,Eurogroup Meetings,Medium,,,
2019-12-04,4:34am,EUR,German 10-y Bond Auction,Medium,,-0.29|2.0,
2019-12-04,7:15am,USD,ADP Non-Farm Employment Change,High,137K,121K,
2019-12-04,8:45am,USD,Final Services PMI,Medium,51.6,51.6,
2019-12-04,9:00am,USD,ISM Services PMI,High,54.5,54.7,
2019-12-04,9:00am,USD,FOMC Member Quarles Speaks,Medium,,,
2019-12-04,9:30am,USD,Crude Oil Inventories,Low,-1.6M,1.6M,
2019-12-04,9:35pm,JPY,30-y Bond Auction,Medium,,0.46|3.7,
2019-12-05,3:46am,EUR,Spanish 10-y Bond Auction,Medium,,0.41|1.6,
2019-12-05,4:00am,EUR,Final Employment Change q/q,Medium,0.1%,0.1%,
2019-12-05,4:00am,EUR,Retail Sales m/m,Medium,-0.4%,-0.2%,
2019-12-05,4:00am,EUR,Revised GDP q/q,Medium,0.2%,0.2%,
2019-12-05,4:07am,EUR,French 10-y Bond Auction,Medium,,-0.03|2.1,
2019-12-05,All Day,EUR,ECOFIN Meetings,Medium,,,
2019-12-05,6:30am,USD,Challenger Job Cuts y/y,Medium,,-33.5%,
2019-12-05,7:30am,USD,Trade Balance,Medium,-48.7B,-51.1B,
2019-12-05,7:30am,USD,Unemployment Claims,Medium,215K,213K,
2019-12-05,9:00am,USD,Factory Orders m/m,Medium,0.3%,-0.8%,
2019-12-05,9:00am,USD,FOMC Member Quarles Speaks,Medium,,,
2019-12-05,9:30am,USD,Natural Gas Storage,Medium,-22B,-28B,
2019-12-05,5:30pm,JPY,Average Cash Earnings y/y,Medium,0.2%,0.5%,
2019-12-05,5:30pm,JPY,Household Spending y/y,Medium,-3.1%,9.5%,
2019-12-05,11:00pm,JPY,Leading Indicators,Medium,93.1%,92.2%,
2019-12-06,1:45am,EUR,French Trade Balance,Medium,-4.8B,-5.4B,
2019-12-06,2:00am,CHF,Foreign Currency Reserves,Medium,,779B,
2019-12-06,2:30am,GBP,Halifax HPI m/m,Medium,0.2%,-0.1%,
2019-12-06,3:00am,EUR,Italian Retail Sales m/m,Medium,0.5%,0.6%,
2019-12-06,7:30am,USD,Average Hourly Earnings m/m,High,0.3%,0.4%,
2019-12-06,7:30am,USD,Non-Farm Employment Change,High,181K,156K,
2019-12-06,7:30am,USD,Unemployment Rate,High,3.6%,3.6%,
2019-12-06,9:00am,USD,Prelim UoM Consumer Sentiment,Low,97.0,96.8,
2019-12-06,9:00am,USD,Final Wholesale Inventories m/m,Medium,0.2%,0.2%,
2019-12-06,9:00am,USD,Prelim UoM Inflation Expectations,Medium,,2.5%,
2019-12-06,2:00pm,USD,Consumer Credit m/m,Medium,16.0B,9.6B,
2019-12-08,5:50pm,JPY,Bank Lending y/y,Medium,2.1%,2.0%,
2019-12-08,5:50pm,JPY,Current Account,Medium,1.74T,1.49T,
2019-12-08,5:50pm,JPY,Final GDP Price Index y/y,Medium,0.6%,0.6%,
2019-12-08,5:50pm,JPY,Final GDP q/q,Medium,0.2%,0.1%,
2019-12-08,11:00pm,JPY,Economy Watchers Sentiment,Medium,39.8,36.7,
2019-12-09,1:00am,EUR,German Trade Balance,Medium,19.0B,19.2B,
2019-12-09,3:30am,EUR,Sentix Investor Confidence,Medium,-5.4,-4.5,
2019-12-09,5:50pm,JPY,M2 Money Stock y/y,Medium,2.5%,2.4%,
2019-12-09,11:59pm,JPY,Prelim Machine Tool Orders y/y,Medium,,-37.4%,
2019-12-10,1:45am,EUR,French Industrial Production m/m,Medium,0.3%,0.4%,
2019-12-10,3:00am,EUR,Italian Industrial Production m/m,Medium,-0.2%,-0.4%,
2019-12-10,3:30am,GBP,GDP m/m,Low,0.1%,-0.1%,
2019-12-10,3:30am,GBP,Manufacturing Production m/m,Low,0.1%,-0.4%,
2019-12-10,3:30am,GBP,Construction Output m/m,Medium,0.2%,-0.2%,
2019-12-10,3:30am,GBP,Goods Trade Balance,Medium,-11.5B,-11.5B,
2019-12-10,3:30am,GBP,Index of Services 3m/3m,Medium,0.3%,0.4%,
2019-12-10,3:30am,GBP,Industrial Production m/m,Medium,0.2%,-0.3%,
2019-12-10,4:00am,EUR,German ZEW Economic Sentiment,High,1.1,-2.1,
2019-12-10,4:00am,EUR,ZEW Economic Sentiment,Medium,2.2,-1.0,
2019-12-10,5:00am,USD,NFIB Small Business Index,Medium,103.1,102.4,
2019-12-10,6:20am,GBP,NIESR GDP Estimate,Medium,,0.0%,
2019-12-10,7:30am,USD,Revised Nonfarm Productivity q/q,Medium,-0.1%,-0.3%,
2019-12-10,7:30am,USD,Revised Unit Labor Costs q/q,Medium,3.4%,3.6%,
2019-12-10,12:01pm,USD,10-y Bond Auction,Low,,1.81|2.5,
2019-12-10,3:30pm,USD,API Weekly Statistical Bulletin,Medium,,,
2019-12-10,5:50pm,JPY,BSI Manufacturing Index,Medium,0.2,-0.2,
2019-12-10,5:50pm,JPY,PPI y/y,Medium,0.0%,-0.4%,
2019-12-11,WedDec 11,USD,Core CPI m/m,High,0.2%,0.2%,
2019-12-11,WedDec 11,USD,CPI m/m,High,0.2%,0.4%,
2019-12-11,WedDec 11,USD,CPI y/y,High,2.0%,1.8%,
2019-12-11,9:30am,USD,Crude Oil Inventories,Low,-2.9M,-4.9M,
2019-12-11,1:00pm,USD,Federal Funds Rate,High,1.75%,1.75%,
2019-12-11,1:00pm,USD,FOMC Economic Projections,High,,,
2019-12-11,1:00pm,USD,FOMC Statement,High,,,
2019-12-11,1:00pm,USD,Federal Budget Balance,Medium,-200.0B,-134.5B,
2019-12-11,1:30pm,USD,FOMC Press Conference,High,,,
2019-12-11,5:50pm,JPY,Core Machinery Orders m/m,Medium,0.7%,-2.9%,
2019-12-11,6:01pm,GBP,RICS House Price Balance,Medium,-5%,-6%,
2019-12-12,1:00am,EUR,German Final CPI m/m,Medium,-0.8%,-0.8%,
2019-12-12,1:30am,CHF,PPI m/m,Medium,-0.1%,-0.2%,
2019-12-12,1:45am,EUR,French Final CPI m/m,Medium,0.1%,0.1%,
2019-12-12,2:30am,CHF,SNB Monetary Policy Assessment,High,,,
2019-12-12,2:30am,CHF,SNB Policy Rate,Low,-0.75%,-0.75%,
2019-12-12,All Day,GBP,Parliamentary Elections,High,,,
2019-12-12,3:00am,CHF,SNB Press Conference,High,,,
2019-12-12,3:00am,EUR,Italian Quarterly Unemployment Rate,Medium,9.8%,9.9%,
2019-12-12,4:00am,EUR,Industrial Production m/m,Medium,-0.5%,-0.1%,
2019-12-12,6:45am,EUR,Main Refinancing Rate,High,0.00%,0.00%,
2019-12-12,6:45am,EUR,Monetary Policy Statement,High,,,
2019-12-12,7:30am,EUR,ECB Press Conference,High,,,
2019-12-12,7:30am,USD,Core PPI m/m,Low,0.2%,0.3%,
2019-12-12,7:30am,USD,PPI m/m,Low,0.2%,0.4%,
2019-12-12,7:30am,USD,Unemployment Claims,Medium,213K,203K,
2019-12-12,9:30am,USD,Natural Gas Storage,Medium,-76B,-19B,
2019-12-12,12:01pm,USD,30-y Bond Auction,Medium,,2.43|2.2,
2019-12-12,5:50pm,JPY,Tankan Manufacturing Index,Medium,3,5,
2019-12-12,5:50pm,JPY,Tankan Non-Manufacturing Index,Medium,16,21,
2019-12-12,10:30pm,JPY,Revised Industrial Production m/m,Medium,-4.1%,-4.2%,
2019-12-13,3:30am,GBP,Consumer Inflation Expectations,Medium,,3.3%,
2019-12-13,7:30am,USD,Core Retail Sales m/m,High,0.4%,0.3%,
2019-12-13,7:30am,USD,Retail Sales m/m,High,0.5%,0.4%,
2019-12-13,7:30am,USD,Import Prices m/m,Medium,0.2%,-0.5%,
2019-12-13,8:30am,GBP,CB Leading Index m/m,Medium,,-0.3%,
2019-12-13,9:00am,USD,Business Inventories m/m,Medium,0.2%,-0.1%,
2019-12-13,10:00am,USD,FOMC Member Williams Speaks,Medium,,,
2019-12-15,6:01pm,GBP,Rightmove HPI m/m,Medium,,-1.3%,
2019-12-15,6:30pm,JPY,Flash Manufacturing PMI,Medium,48.7,48.9,
2019-12-15,10:30pm,JPY,Tertiary Industry Activity m/m,Medium,-3.5%,2.3%,
2019-12-16,MonDec 16,EUR,French Flash Manufacturing PMI,Low,51.5,51.7,
2019-12-16,2:30am,EUR,German Flash Manufacturing PMI,High,44.6,44.1,
2019-12-16,2:30am,EUR,German Flash Services PMI,High,52.1,51.7,
2019-12-16,3:00am,EUR,Flash Manufacturing PMI,Low,47.3,46.9,
2019-12-16,3:00am,EUR,Flash Services PMI,Low,52.0,51.9,
2019-12-16,3:30am,GBP,Flash Manufacturing PMI,High,49.1,48.9,
2019-12-16,3:30am,GBP,Flash Services PMI,High,49.6,49.3,
2019-12-16,5:00am,EUR,German Buba Monthly Report,Medium,,,
2019-12-16,7:30am,USD,Empire State Manufacturing Index,Medium,5.1,2.9,
2019-12-16,8:45am,USD,Flash Manufacturing PMI,High,52.6,52.6,
2019-12-16,8:45am,USD,Flash Services PMI,Medium,52.0,51.6,
2019-12-16,9:00am,USD,NAHB Housing Market Index,Medium,70,71,
2019-12-16,11:00am,GBP,Bank Stress Test Results,High,,,
2019-12-16,11:00am,GBP,BOE Financial Stability Report,Low,,,
2019-12-16,11:00am,GBP,FPC Meeting Minutes,Medium,,,
2019-12-16,11:00am,GBP,FPC Statement,Medium,,,
2019-12-16,3:00pm,USD,TIC Long-Term Purchases,Medium,52.2B,49.5B,
2019-12-17,3:30am,GBP,Average Earnings Index 3m/y,Low,3.4%,3.7%,
2019-12-17,3:30am,GBP,Claimant Count Change,Medium,21.2K,26.4K,
2019-12-17,3:30am,GBP,Unemployment Rate,Medium,3.9%,3.8%,
2019-12-17,4:00am,EUR,Trade Balance,Medium,19.7B,18.7B,
2019-12-17,5:00am,GBP,CBI Industrial Order Expectations,Medium,-25,-26,
2019-12-17,7:30am,USD,Building Permits,Low,1.41M,1.46M,
2019-12-17,7:30am,USD,Housing Starts,Medium,1.34M,1.32M,
2019-12-17,8:15am,USD,Capacity Utilization Rate,Medium,77.4%,76.6%,
2019-12-17,8:15am,USD,Industrial Production m/m,Medium,0.8%,-0.9%,
2019-12-17,9:00am,USD,JOLTS Job Openings,Medium,7.01M,7.03M,
2019-12-17,9:01am,USD,RCM/TIPP Economic Optimism,Medium,54.2,52.9,
2019-12-17,11:30am,USD,FOMC Member Rosengren Speaks,Medium,,,
2019-12-17,1:15pm,GBP,BOE Gov Carney Speaks,Low,,,
2019-12-17,3:30pm,USD,API Weekly Statistical Bulletin,Medium,,,
2019-12-17,5:50pm,JPY,Trade Balance,Medium,-0.06T,-0.05T,
2019-12-18,2:30am,EUR,ECB President Lagarde Speaks,Low,,,
2019-12-18,3:00am,EUR,German ifo Business Climate,Low,95.6,95.1,
2019-12-18,3:30am,GBP,CPI y/y,High,1.4%,1.5%,
2019-12-18,3:30am,GBP,PPI Input m/m,Low,0.0%,-1.1%,
2019-12-18,3:30am,GBP,Core CPI y/y,Medium,1.7%,1.7%,
2019-12-18,3:30am,GBP,HPI y/y,Medium,1.5%,1.3%,
2019-12-18,3:30am,GBP,PPI Output m/m,Medium,0.1%,-0.1%,
2019-12-18,3:30am,GBP,RPI y/y,Medium,2.0%,2.1%,
2019-12-18,4:00am,EUR,Final Core CPI y/y,Medium,1.3%,1.3%,
2019-12-18,4:00am,EUR,Final CPI y/y,Medium,1.0%,1.0%,
2019-12-18,4:15am,USD,FOMC Member Brainard Speaks,Medium,,,
2019-12-18,8:00am,CHF,SNB Quarterly Bulletin,Medium,,,
2019-12-18,9:30am,USD,Crude Oil Inventories,Low,-1.5M,0.8M,
2019-12-18,11:40am,USD,FOMC Member Evans Speaks,Medium,,,
2019-12-18,8:45pm,JPY,Monetary Policy Statement,High,,,
2019-12-18,8:45pm,JPY,BOJ Policy Rate,Medium,-0.10%,-0.10%,
2019-12-19,1:00am,CHF,Trade Balance,Medium,3.55B,3.54B,
2019-12-19,3:30am,GBP,Retail Sales m/m,High,0.3%,0.0%,
2019-12-19,5:00am,GBP,CBI Realized Sales,Medium,-2,-3,
2019-12-19,6:00am,GBP,Monetary Policy Summary,High,,,
2019-12-19,6:00am,GBP,MPC Official Bank Rate Votes,High,0-2-7,0-2-7,
2019-12-19,6:00am,GBP,Official Bank Rate,Low,0.75%,0.75%,
2019-12-19,6:00am,GBP,Asset Purchase Facility,Medium,435B,435B,
2019-12-19,6:00am,GBP,MPC Asset Purchase Facility Votes,Medium,0-0-9,0-0-9,
2019-12-19,7:30am,USD,Philly Fed Manufacturing Index,Low,8.1,10.4,
2019-12-19,7:30am,USD,Current Account,Medium,-122B,-125B,
2019-12-19,7:30am,USD,Unemployment Claims,Medium,225K,252K,
2019-12-19,7:59am,EUR,Belgian NBB Business Climate,Medium,-3.5,-3.9,
2019-12-19,9:00am,USD,CB Leading Index m/m,Medium,0.1%,-0.2%,
2019-12-19,9:00am,USD,Existing Home Sales,Medium,5.44M,5.44M,
2019-12-19,9:30am,USD,Natural Gas Storage,Medium,-87B,-73B,
2019-12-19,5:30pm,JPY,National Core CPI y/y,Medium,0.5%,0.4%,
2019-12-19,6:01pm,GBP,GfK Consumer Confidence,Medium,-14,-14,
2019-12-20,1:45am,EUR,French Consumer Spending m/m,Medium,0.2%,0.2%,
2019-12-20,3:00am,EUR,Current Account,Medium,23.6B,28.2B,
2019-12-20,3:30am,GBP,Current Account,High,-15.7B,-24.2B,
2019-12-20,3:30am,GBP,Final GDP q/q,Low,0.3%,0.3%,
2019-12-20,3:30am,GBP,Public Sector Net Borrowing,Medium,5.2B,8.3B,
2019-12-20,3:30am,GBP,Revised Business Investment q/q,Medium,0.0%,0.0%,
2019-12-20,5:00am,GBP,MPC Member Haskel Speaks,Low,,,
2019-12-20,7:30am,USD,Final GDP q/q,Low,2.1%,2.1%,
2019-12-20,7:30am,USD,Final GDP Price Index q/q,Medium,1.8%,1.8%,
2019-12-20,8:30am,GBP,Parliament Brexit Vote,High,,,
2019-12-20,8:52am,EUR,Consumer Confidence,Medium,-7,-7,
2019-12-20,9:00am,USD,Core PCE Price Index m/m,Low,0.1%,0.1%,
2019-12-20,9:00am,USD,Personal Spending m/m,Low,0.4%,0.3%,
2019-12-20,9:00am,USD,Personal Income m/m,Medium,0.3%,0.1%,
2019-12-20,9:00am,USD,Revised UoM Consumer Sentiment,Medium,99.2,99.2,
2019-12-20,9:00am,USD,Revised UoM Inflation Expectations,Medium,,2.4%,
2019-12-22,10:30pm,JPY,All Industries Activity m/m,Medium,-4.3%,1.9%,
2019-12-23,7:30am,USD,Core Durable Goods Orders m/m,Low,1.5%,0.5%,
2019-12-23,7:30am,USD,Durable Goods Orders m/m,Low,0.2%,0.5%,
2019-12-23,9:00am,USD,New Home Sales,Medium,730K,710K,
2019-12-23,5:50pm,JPY,Monetary Policy Meeting Minutes,Medium,,,
2019-12-23,11:00pm,JPY,BOJ Core CPI y/y,Medium,0.3%,0.3%,
2019-12-24,8:59am,USD,Richmond Manufacturing Index,Medium,1,-1,
2019-12-24,3:30pm,USD,API Weekly Statistical Bulletin,Medium,,,
2019-12-24,5:50pm,JPY,SPPI y/y,Medium,2.1%,2.1%,
2019-12-25,All Day,EUR,French Bank Holiday,Low,,,
2019-12-25,All Day,EUR,German Bank Holiday,Low,,,
2019-12-25,All Day,EUR,Italian Bank Holiday,Low,,,
2019-12-25,All Day,GBP,Bank Holiday,Low,,,
2019-12-25,All Day,USD,Bank Holiday,Low,,,
2019-12-25,10:37pm,JPY,BOJ Gov Kuroda Speaks,Medium,,,
2019-12-25,11:00pm,JPY,Housing Starts y/y,Medium,-7.9%,-7.4%,
2019-12-26,All Day,EUR,German Bank Holiday,Low,,,
2019-12-26,All Day,EUR,Italian Bank Holiday,Low,,,
2019-12-26,All Day,GBP,Bank Holiday,Low,,,
2019-12-26,7:30am,USD,Unemployment Claims,Medium,222K,235K,
2019-12-26,5:30pm,JPY,Tokyo Core CPI y/y,Medium,0.6%,0.6%,
2019-12-26,5:30pm,JPY,Unemployment Rate,Medium,2.4%,2.4%,
2019-12-26,5:50pm,JPY,BOJ Summary of Opinions,Medium,,,
2019-12-26,5:50pm,JPY,Prelim Industrial Production m/m,Medium,-1.1%,-4.5%,
2019-12-26,5:50pm,JPY,Retail Sales y/y,Medium,-1.7%,-7.0%,
2019-12-27,FriDec 27,EUR,ECB Economic Bulletin,Medium,,,
2019-12-27,9:30am,USD,Natural Gas Storage,Medium,-145B,-107B,
2019-12-27,10:00am,USD,Crude Oil Inventories,Low,-1.7M,-1.1M,
2019-12-30,2:00am,EUR,Spanish Flash CPI y/y,Medium,0.9%,0.4%,
2019-12-30,3:30am,GBP,High Street Lending,Medium,41.3K,41.3K,
2019-12-30,4:16am,EUR,Italian 10-y Bond Auction,Medium,,1.29|1.2,
2019-12-30,7:30am,USD,Goods Trade Balance,Medium,-69.2B,-66.8B,
2019-12-30,7:30am,USD,Prelim Wholesale Inventories m/m,Medium,0.2%,0.1%,
2019-12-30,8:45am,USD,Chicago PMI,High,48.2,46.3,
2019-12-30,9:00am,USD,Pending Home Sales m/m,Medium,1.5%,-1.3%,
2019-12-30,All Day,JPY,Bank Holiday,Low,,,
2019-12-31,8:00am,USD,HPI m/m,Medium,0.4%,0.7%,
2019-12-31,8:00am,USD,S&P/CS Composite-20 HPI y/y,Medium,2.1%,2.1%,
2019-12-31,9:00am,USD,CB Consumer Confidence,High,128.0,126.8,
2019-12-31,3:30pm,USD,API Weekly Statistical Bulletin,Medium,,,
2019-12-31,All Day,JPY,Bank Holiday,Low,,,
2019-01-01,All Day,EUR,French Bank Holiday,Low,,,
2019-01-01,All Day,EUR,German Bank Holiday,Low,,,
2019-01-01,All Day,EUR,Italian Bank Holiday,Low,,,
2019-01-01,All Day,GBP,Bank Holiday,Low,,,
2019-01-01,All Day,USD,Bank Holiday,Low,,,
2019-01-01,All Day,JPY,Bank Holiday,Low,,,
2019-01-02,2:15am,EUR,Spanish Manufacturing PMI,Medium,46.9,47.5,
2019-01-02,2:45am,EUR,Italian Manufacturing PMI,Medium,47.3,47.6,
2019-01-02,2:50am,EUR,French Final Manufacturing PMI,Medium,50.3,50.3,
2019-01-02,2:55am,EUR,German Final Manufacturing PMI,Medium,43.4,43.4,
2019-01-02,3:00am,EUR,Final Manufacturing PMI,Medium,45.9,45.9,
2019-01-02,3:30am,GBP,Final Manufacturing PMI,Low,47.6,47.4,
2019-01-02,6:30am,USD,Challenger Job Cuts y/y,Medium,,-16.0%,
2019-01-02,7:30am,USD,Unemployment Claims,Medium,222K,224K,
2019-01-02,8:45am,USD,Final Manufacturing PMI,Medium,52.5,52.5,
2019-01-02,All Day,JPY,Bank Holiday,Low,,,
2019-01-02,6:01pm,GBP,BRC Shop Price Index y/y,Medium,,-0.5%,
2019-01-03,All Day,EUR,German Prelim CPI m/m,Medium,0.4%,-0.8%,
2019-01-03,1:45am,EUR,French Prelim CPI m/m,Medium,0.3%,0.1%,
2019-01-03,2:00am,EUR,Spanish Unemployment Change,Medium,-40.2K,20.5K,
2019-01-03,2:30am,CHF,Manufacturing PMI,Medium,48.7,48.8,
2019-01-03,2:55am,EUR,German Unemployment Change,Medium,3K,-14K,
2019-01-03,3:00am,EUR,M3 Money Supply y/y,Medium,5.7%,5.7%,
2019-01-03,3:00am,EUR,Private Loans y/y,Medium,3.6%,3.5%,
2019-01-03,3:30am,GBP,Construction PMI,Medium,45.8,45.3,
2019-01-03,3:30am,GBP,M4 Money Supply m/m,Medium,0.2%,0.0%,
2019-01-03,3:30am,GBP,Mortgage Approvals,Medium,65K,65K,
2019-01-03,3:30am,GBP,Net Lending to Individuals m/m,Medium,5.1B,5.6B,
2019-01-03,9:00am,USD,ISM Manufacturing PMI,High,49.0,48.1,
2019-01-03,9:00am,USD,Construction Spending m/m,Medium,0.4%,0.1%,
2019-01-03,9:00am,USD,ISM Manufacturing Prices,Medium,47.7,46.7,
2019-01-03,All Day,USD,Wards Total Vehicle Sales,Medium,17.0M,17.1M,
2019-01-03,9:30am,USD,Natural Gas Storage,Medium,-60B,-161B,
2019-01-03,10:00am,USD,Crude Oil Inventories,Low,-3.1M,-5.5M,
2019-01-03,12:15pm,USD,FOMC Member Brainard Speaks,Medium,,,
2019-01-03,1:00pm,USD,FOMC Meeting Minutes,High,,,
2019-01-03,2:30pm,USD,FOMC Member Kaplan Speaks,Low,,,
2019-01-05,SunJan 5,GBP,MPC Member Broadbent Speaks,Low,,,
2019-01-05,SunJan 5,USD,FOMC Member Williams Speaks,Low,,,
2019-01-05,6:30pm,JPY,Final Manufacturing PMI,Medium,48.8,48.8,
