date,time,currency,event,impact,actual,forecast,previous
2020-01-06,All Day,EUR,Italian Bank Holiday,Low,,,
2020-01-06,2:15am,EUR,Spanish Services PMI,Medium,53.9,53.2,
2020-01-06,2:45am,EUR,Italian Services PMI,Medium,50.9,50.4,
2020-01-06,2:50am,EUR,French Final Services PMI,Medium,52.4,52.4,
2020-01-06,2:55am,EUR,German Final Services PMI,Medium,52.0,52.0,
2020-01-06,3:00am,EUR,Final Services PMI,Medium,52.4,52.4,
2020-01-06,3:30am,EUR,Sentix Investor Confidence,Medium,3.0,0.7,
2020-01-06,3:30am,GBP,Final Services PMI,Medium,49.1,49.0,
2020-01-06,4:00am,EUR,PPI m/m,Medium,0.1%,0.0%,
2020-01-06,8:45am,USD,Final Services PMI,Medium,52.2,52.2,
2020-01-06,5:50pm,JPY,Monetary Base y/y,Medium,3.6%,3.3%,
2020-01-06,9:35pm,JPY,10-y Bond Auction,Medium,,-0.04|3.3,
2020-01-07,3:55am,GBP,Housing Equity Withdrawal q/q,Medium,-7.2B,-7.6B,
2020-01-07,4:00am,EUR,CPI Flash Estimate y/y,Low,1.3%,1.0%,
2020-01-07,4:00am,EUR,Core CPI Flash Estimate y/y,Medium,1.3%,1.3%,
2020-01-07,4:00am,EUR,Italian Prelim CPI m/m,Medium,0.2%,-0.2%,
2020-01-07,4:00am,EUR,Retail Sales m/m,Medium,0.6%,-0.3%,
2020-01-07,4:34am,GBP,10-y Bond Auction,Medium,,0.74|2.2,
2020-01-07,7:30am,USD,Trade Balance,Medium,-44.5B,-46.9B,
2020-01-07,9:00am,USD,ISM Services PMI,High,54.5,53.9,
2020-01-07,9:00am,USD,Factory Orders m/m,Medium,-0.6%,0.2%,
2020-01-07,3:30pm,USD,API Weekly Statistical Bulletin,Medium,,,
2020-01-07,5:30pm,JPY,Average Cash Earnings y/y,Medium,-0.2%,0.0%,
2020-01-07,11:02pm,JPY,Consumer Confidence,Medium,39.6,38.7,
2020-01-08,1:45am,EUR,French Trade Balance,Medium,-5.0B,-4.9B,
2020-01-08,2:30am,GBP,Halifax HPI m/m,Medium,0.6%,1.2%,
2020-01-08,4:36am,EUR,German 10-y Bond Auction,Medium,,-0.33|1.9,
2020-01-08,7:15am,USD,ADP Non-Farm Employment Change,High,160K,124K,
2020-01-08,9:00am,USD,FOMC Member Brainard Speaks,Medium,,,
2020-01-08,9:30am,USD,Crude Oil Inventories,Low,-3.4M,-11.5M,
2020-01-08,10:26am,USD,President Trump Speaks,High,,,
2020-01-08,12:01pm,USD,10-y Bond Auction,Medium,,1.84|2.4,
2020-01-08,2:00pm,USD,Consumer Credit m/m,Medium,15.5B,19.0B,
2020-01-08,6:01pm,GBP,BRC Retail Sales Monitor y/y,Medium,-0.5%,-4.9%,
2020-01-08,9:35pm,JPY,30-y Bond Auction,Medium,,0.43|3.7,
2020-01-09,ThuJan 9,EUR,German Trade Balance,Medium,20.9B,20.4B,
2020-01-09,1:30am,CHF,Retail Sales y/y,Medium,0.5%,0.4%,
2020-01-09,2:00am,CHF,Foreign Currency Reserves,Medium,,783B,
2020-01-09,3:00am,EUR,Italian Monthly Unemployment Rate,Medium,9.8%,9.7%,
2020-01-09,3:30am,GBP,BOE Gov Carney Speaks,High,,,
2020-01-09,4:00am,EUR,Unemployment Rate,Medium,7.5%,7.5%,
2020-01-09,4:04am,EUR,French 10-y Bond Auction,Medium,,-0.08|2.0,
2020-01-09,7:00am,USD,FOMC Member Clarida Speaks,Low,,,
2020-01-09,7:30am,USD,Unemployment Claims,Medium,221K,223K,
2020-01-09,8:30am,USD,FOMC Member Kashkari Speaks,Low,,,
2020-01-09,9:30am,USD,Natural Gas Storage,Medium,-51B,-58B,
2020-01-09,10:30am,USD,FOMC Member Williams Speaks,Medium,,,
2020-01-09,12:01pm,USD,30-y Bond Auction,Low,,2.31|2.5,
2020-01-09,1:10pm,EUR,German Buba President Weidmann Speaks,Medium,,,
2020-01-09,5:30pm,JPY,Household Spending y/y,Medium,-2.0%,-5.1%,
2020-01-09,11:00pm,JPY,Leading Indicators,Medium,90.9%,91.6%,
2020-01-10,1:45am,EUR,French Industrial Production m/m,Medium,0.1%,0.5%,
2020-01-10,3:00am,EUR,Italian Industrial Production m/m,Medium,0.0%,-0.3%,
2020-01-10,3:30am,GBP,MPC Member Tenreyro Speaks,Medium,,,
2020-01-10,7:30am,USD,Average Hourly Earnings m/m,High,0.3%,0.3%,
2020-01-10,7:30am,USD,Non-Farm Employment Change,High,162K,256K,
2020-01-10,7:30am,USD,Unemployment Rate,High,3.5%,3.5%,
2020-01-10,9:00am,USD,Final Wholesale Inventories m/m,Medium,0.0%,0.0%,
2020-01-12,All Day,JPY,Bank Holiday,Low,,,
2020-01-13,3:00am,EUR,Italian Retail Sales m/m,Medium,0.1%,-0.3%,
2020-01-13,3:30am,GBP,GDP m/m,Low,0.0%,0.1%,
2020-01-13,3:30am,GBP,Manufacturing Production m/m,Low,-0.3%,0.5%,
2020-01-13,3:30am,GBP,Construction Output m/m,Medium,0.6%,-2.2%,
2020-01-13,3:30am,GBP,Goods Trade Balance,Medium,-11.8B,-10.9B,
2020-01-13,3:30am,GBP,Index of Services 3m/3m,Medium,0.2%,0.3%,
2020-01-13,3:30am,GBP,Industrial Production m/m,Medium,-0.1%,0.4%,
2020-01-13,8:49am,GBP,NIESR GDP Estimate,Medium,,0.1%,
2020-01-13,1:00pm,USD,Federal Budget Balance,Medium,5.0B,-208.8B,
2020-01-13,4:00pm,USD,Treasury Currency Report,Low,,,
2020-01-13,5:50pm,JPY,Bank Lending y/y,Medium,2.1%,2.1%,
2020-01-13,5:50pm,JPY,Current Account,Medium,1.78T,1.73T,
2020-01-13,11:00pm,JPY,Economy Watchers Sentiment,Medium,40.9,39.4,
2020-01-14,7:30am,USD,Core CPI m/m,High,0.2%,0.2%,
2020-01-14,7:30am,USD,CPI m/m,High,0.2%,0.3%,
2020-01-14,7:30am,USD,CPI y/y,High,2.3%,2.1%,
2020-01-14,8:00am,USD,FOMC Member Williams Speaks,Medium,,,
2020-01-14,9:00am,USD,RCM/TIPP Economic Optimism,Medium,57.3,57.0,
2020-01-14,3:30pm,USD,API Weekly Statistical Bulletin,Medium,,,
2020-01-14,5:50pm,JPY,M2 Money Stock y/y,Medium,2.7%,2.7%,
2020-01-14,6:30pm,JPY,BOJ Gov Kuroda Speaks,Low,,,
2020-01-14,11:58pm,JPY,Prelim Machine Tool Orders y/y,Medium,,-37.9%,
2020-01-15,2:40am,GBP,MPC Member Saunders Speaks,High,,,
2020-01-15,3:30am,GBP,CPI y/y,High,1.5%,1.5%,
2020-01-15,3:30am,GBP,PPI Input m/m,Low,0.2%,0.5%,
2020-01-15,3:30am,GBP,Core CPI y/y,Medium,1.7%,1.7%,
2020-01-15,3:30am,GBP,HPI y/y,Medium,1.1%,1.3%,
2020-01-15,3:30am,GBP,PPI Output m/m,Medium,0.0%,-0.2%,
2020-01-15,3:30am,GBP,RPI y/y,Medium,2.3%,2.2%,
2020-01-15,4:00am,EUR,Industrial Production m/m,Medium,0.3%,-0.9%,
2020-01-15,4:00am,EUR,Trade Balance,Medium,22.3B,24.0B,
2020-01-15,4:34am,EUR,German 30-y Bond Auction,Medium,,0.14|1.2,
2020-01-15,7:30am,USD,Core PPI m/m,Low,0.2%,-0.2%,
2020-01-15,7:30am,USD,PPI m/m,Low,0.2%,0.0%,
2020-01-15,7:30am,USD,Empire State Manufacturing Index,Medium,3.7,3.5,
2020-01-15,8:30am,GBP,CB Leading Index m/m,Medium,,-0.4%,
2020-01-15,9:30am,USD,Crude Oil Inventories,Low,0.4M,1.2M,
2020-01-15,10:00am,USD,FOMC Member Harker Speaks,Low,,,
2020-01-15,11:00am,USD,FOMC Member Kaplan Speaks,Low,,,
2020-01-15,12:00pm,EUR,German Buba President Weidmann Speaks,Medium,,,
2020-01-15,1:00pm,USD,Beige Book,Medium,,,
2020-01-15,5:50pm,JPY,Core Machinery Orders m/m,Medium,3.1%,-6.0%,
2020-01-15,5:50pm,JPY,PPI y/y,Medium,0.9%,0.1%,
2020-01-15,6:01pm,GBP,RICS House Price Balance,Medium,-9%,-11%,
2020-01-16,1:00am,EUR,German Final CPI m/m,Medium,0.5%,0.5%,
2020-01-16,3:30am,GBP,BOE Credit Conditions Survey,Low,,,
2020-01-16,6:30am,EUR,ECB Monetary Policy Meeting Accounts,High,,,
2020-01-16,7:30am,USD,Core Retail Sales m/m,High,0.5%,0.0%,
2020-01-16,7:30am,USD,Retail Sales m/m,High,0.3%,0.3%,
2020-01-16,7:30am,USD,Philly Fed Manufacturing Index,Low,3.7,0.3,
2020-01-16,7:30am,USD,Import Prices m/m,Medium,0.3%,0.1%,
2020-01-16,7:30am,USD,Unemployment Claims,Medium,217K,214K,
2020-01-16,9:00am,USD,FOMC Member Bowman Speaks,Low,,,
2020-01-16,9:00am,USD,Business Inventories m/m,Medium,-0.1%,0.1%,
2020-01-16,9:00am,USD,NAHB Housing Market Index,Medium,74,76,
2020-01-16,9:30am,USD,Natural Gas Storage,Medium,-91B,-44B,
2020-01-16,12:00pm,EUR,ECB President Lagarde Speaks,High,,,
2020-01-16,3:00pm,USD,TIC Long-Term Purchases,Medium,34.5B,31.5B,
2020-01-16,10:30pm,JPY,Tertiary Industry Activity m/m,Medium,1.0%,-5.2%,
2020-01-17,1:45am,EUR,French Gov Budget Balance,Medium,,-107.7B,
2020-01-17,3:00am,EUR,Current Account,Medium,34.3B,35.8B,
2020-01-17,3:02am,EUR,Italian Trade Balance,Medium,7.22B,8.06B,
2020-01-17,3:30am,GBP,Retail Sales m/m,High,0.5%,-0.8%,
2020-01-17,4:00am,EUR,Final Core CPI y/y,Medium,1.3%,1.3%,
2020-01-17,4:00am,EUR,Final CPI y/y,Medium,1.3%,1.3%,
2020-01-17,7:30am,USD,Building Permits,Low,1.47M,1.47M,
2020-01-17,7:30am,USD,Housing Starts,Medium,1.38M,1.38M,
2020-01-17,8:00am,USD,FOMC Member Harker Speaks,Low,,,
2020-01-17,8:15am,USD,Capacity Utilization Rate,Medium,77.0%,77.4%,
2020-01-17,8:15am,USD,Industrial Production m/m,Medium,0.0%,0.8%,
2020-01-17,9:00am,USD,Prelim UoM Consumer Sentiment,Low,99.3,99.3,
2020-01-17,9:00am,USD,JOLTS Job Openings,Medium,7.24M,7.36M,
2020-01-17,9:00am,USD,Prelim UoM Inflation Expectations,Medium,,2.3%,
2020-01-17,11:45am,USD,FOMC Member Quarles Speaks,Medium,,,
2020-01-19,10:30pm,JPY,Revised Industrial Production m/m,Medium,-0.9%,-0.9%,
2020-01-20,All Day,EUR,Eurogroup Meetings,Medium,,,
2020-01-20,5:00am,EUR,German Buba Monthly Report,Medium,,,
2020-01-20,All Day,USD,Bank Holiday,Low,,,
2020-01-20,9:01pm,JPY,Monetary Policy Statement,High,,,
2020-01-20,9:01pm,JPY,BOJ Policy Rate,Medium,-0.10%,-0.10%,
2020-01-20,9:02pm,JPY,BOJ Outlook Report,High,,,
2020-01-21,3:30am,GBP,Average Earnings Index 3m/y,Low,3.1%,3.2%,
2020-01-21,3:30am,GBP,Claimant Count Change,Medium,33.4K,14.9K,
2020-01-21,3:30am,GBP,Unemployment Rate,Medium,3.8%,3.8%,
2020-01-21,4:00am,EUR,German ZEW Economic Sentiment,Low,15.2,10.7,
2020-01-21,4:00am,EUR,ZEW Economic Sentiment,Medium,16.3,11.2,
2020-01-21,All Day,EUR,ECOFIN Meetings,Medium,,,
2020-01-22,3:30am,GBP,Public Sector Net Borrowing,Medium,4.5B,4.2B,
2020-01-22,5:00am,GBP,CBI Industrial Order Expectations,Medium,-25,-28,
2020-01-22,8:00am,USD,HPI m/m,Medium,0.3%,0.4%,
2020-01-22,9:00am,USD,Existing Home Sales,Medium,5.43M,5.35M,
2020-01-22,3:30pm,USD,API Weekly Statistical Bulletin,Medium,,,
2020-01-22,5:50pm,JPY,Trade Balance,Medium,-0.24T,-0.09T,
2020-01-22,10:30pm,JPY,All Industries Activity m/m,Medium,0.4%,-4.8%,
2020-01-23,6:45am,EUR,Main Refinancing Rate,High,0.00%,0.00%,
2020-01-23,6:45am,EUR,Monetary Policy Statement,High,,,
2020-01-23,7:30am,EUR,ECB Press Conference,High,,,
2020-01-23,7:30am,USD,Unemployment Claims,Medium,214K,205K,
2020-01-23,8:55am,EUR,Consumer Confidence,Medium,-8,-8,
2020-01-23,9:00am,USD,CB Leading Index m/m,Medium,-0.2%,0.1%,
2020-01-23,9:30am,USD,Natural Gas Storage,Medium,-88B,-109B,
2020-01-23,10:00am,USD,Crude Oil Inventories,High,-0.1M,-2.5M,
2020-01-23,5:30pm,JPY,National Core CPI y/y,Medium,0.7%,0.5%,
2020-01-23,5:50pm,JPY,Monetary Policy Meeting Minutes,Medium,,,
2020-01-23,6:30pm,JPY,Flash Manufacturing PMI,Medium,48.9,48.4,
2020-01-24,FriJan 24,EUR,French Flash Manufacturing PMI,Low,50.6,50.4,
2020-01-24,2:30am,EUR,German Flash Manufacturing PMI,High,44.5,43.7,
2020-01-24,2:30am,EUR,German Flash Services PMI,High,53.0,52.9,
2020-01-24,2:30am,GBP,MPC Member Haskel Speaks,Low,,,
2020-01-24,3:00am,EUR,Flash Manufacturing PMI,Low,46.9,46.3,
2020-01-24,3:00am,EUR,Flash Services PMI,Low,52.9,52.8,
2020-01-24,3:30am,EUR,ECB President Lagarde Speaks,High,,,
2020-01-24,3:30am,GBP,Flash Manufacturing PMI,High,48.8,47.5,
2020-01-24,3:30am,GBP,Flash Services PMI,High,51.1,50.0,
2020-01-24,3:30am,JPY,BOJ Gov Kuroda Speaks,Low,,,
2020-01-24,3:30am,USD,Treasury Sec Mnuchin Speaks,High,,,
2020-01-24,7:58am,EUR,Belgian NBB Business Climate,Medium,-3.0,-3.4,
2020-01-24,8:45am,USD,Flash Manufacturing PMI,Low,52.4,52.4,
2020-01-24,8:45am,USD,Flash Services PMI,Medium,52.9,52.8,
2020-01-27,3:30am,GBP,High Street Lending,Medium,44.0K,44.1K,
2020-01-27,8:30am,USD,FOMC Member Williams Speaks,Medium,,,
2020-01-27,9:00am,USD,New Home Sales,Medium,730K,697K,
2020-01-27,5:50pm,JPY,SPPI y/y,Medium,2.1%,2.1%,
2020-01-27,11:00pm,JPY,BOJ Core CPI y/y,Medium,0.2%,0.2%,
2020-01-28,2:00am,EUR,Spanish Unemployment Rate,Low,14.0%,13.9%,
2020-01-28,4:34am,GBP,10-y Bond Auction,Medium,,0.79|2.5,
2020-01-28,5:00am,GBP,CBI Realized Sales,Medium,5,0,
2020-01-28,7:30am,USD,Core Durable Goods Orders m/m,Low,0.4%,-0.1%,
2020-01-28,7:30am,USD,Durable Goods Orders m/m,Low,1.2%,-2.1%,
2020-01-28,8:00am,USD,S&P/CS Composite-20 HPI y/y,Medium,2.5%,2.2%,
2020-01-28,8:30am,USD,FOMC Member Williams Speaks,Medium,,,
2020-01-28,8:59am,USD,Richmond Manufacturing Index,Low,-3,-5,
2020-01-28,9:00am,USD,CB Consumer Confidence,High,128.2,128.2,
2020-01-28,3:30pm,USD,API Weekly Statistical Bulletin,Medium,,,
2020-01-28,5:50pm,JPY,BOJ Summary of Opinions,Medium,,,
2020-01-28,6:01pm,GBP,BRC Shop Price Index y/y,Medium,,-0.4%,
2020-01-28,11:00pm,JPY,Consumer Confidence,Medium,39.6,39.1,
2020-01-29,1:00am,EUR,German GfK Consumer Climate,Medium,9.6,9.7,
2020-01-29,1:00am,EUR,German Import Prices m/m,Medium,0.2%,0.5%,
2020-01-29,3:00am,CHF,UBS Economic Expectations,Medium,,12.5,
2020-01-29,3:00am,EUR,M3 Money Supply y/y,Medium,5.5%,5.6%,
2020-01-29,3:00am,EUR,Private Loans y/y,Medium,3.5%,3.5%,
2020-01-29,7:30am,USD,Goods Trade Balance,Medium,-64.5B,-63.0B,
2020-01-29,7:30am,USD,Prelim Wholesale Inventories m/m,Medium,0.1%,-0.1%,
2020-01-29,9:00am,USD,Pending Home Sales m/m,Medium,0.5%,1.2%,
2020-01-29,9:30am,USD,Crude Oil Inventories,Low,0.7M,-0.4M,
2020-01-29,1:00pm,USD,Federal Funds Rate,High,1.75%,1.75%,
2020-01-29,1:00pm,USD,FOMC Statement,High,,,
2020-01-29,1:30pm,USD,FOMC Press Conference,High,,,
2020-01-30,2:00am,CHF,KOF Economic Barometer,Medium,97.0,96.2,
2020-01-30,2:55am,EUR,German Unemployment Change,Medium,5K,8K,
2020-01-30,3:00am,EUR,Italian Monthly Unemployment Rate,Medium,9.7%,9.8%,
2020-01-30,4:00am,EUR,Unemployment Rate,Medium,7.5%,7.5%,
2020-01-30,4:17am,EUR,Italian 10-y Bond Auction,Medium,,1.35|1.3,
2020-01-30,6:00am,GBP,BOE Monetary Policy Report,High,,,
2020-01-30,6:00am,GBP,Monetary Policy Summary,High,,,
2020-01-30,6:00am,GBP,MPC Official Bank Rate Votes,High,0-3-6,0-2-7,
2020-01-30,6:00am,GBP,Official Bank Rate,High,0.75%,0.75%,
2020-01-30,6:00am,GBP,Asset Purchase Facility,Medium,435B,435B,
2020-01-30,6:00am,GBP,MPC Asset Purchase Facility Votes,Medium,0-0-9,0-0-9,
2020-01-30,6:30am,GBP,BOE Gov Carney Speaks,High,,,
2020-01-30,7:30am,USD,Advance GDP q/q,High,2.1%,2.1%,
2020-01-30,7:30am,USD,Advance GDP Price Index q/q,Low,1.8%,1.8%,
2020-01-30,7:30am,USD,Unemployment Claims,Medium,215K,223K,
2020-01-30,9:30am,USD,Natural Gas Storage,Medium,-197B,-92B,
2020-01-30,12:00pm,EUR,German Buba President Weidmann Speaks,Medium,,,
2020-01-30,5:30pm,JPY,Tokyo Core CPI y/y,Medium,0.8%,0.8%,
2020-01-30,5:30pm,JPY,Unemployment Rate,Medium,2.3%,2.2%,
2020-01-30,5:50pm,JPY,Prelim Industrial Production m/m,Medium,0.7%,-1.0%,
2020-01-30,5:50pm,JPY,Retail Sales y/y,Medium,-1.7%,-2.1%,
2020-01-30,6:01pm,GBP,GfK Consumer Confidence,Medium,-9,-11,
2020-01-30,11:02pm,JPY,Housing Starts y/y,Medium,-11.7%,-12.7%,
2020-01-31,1:00am,EUR,German Retail Sales m/m,Medium,-0.5%,1.6%,
2020-01-31,1:30am,CHF,Retail Sales y/y,Medium,0.4%,0.5%,
2020-01-31,1:45am,EUR,French Consumer Spending m/m,Medium,-0.1%,0.7%,
2020-01-31,1:45am,EUR,French Prelim CPI m/m,Medium,-0.5%,0.4%,
2020-01-31,2:00am,EUR,Spanish Flash GDP q/q,Low,0.4%,0.4%,
2020-01-31,2:00am,EUR,Spanish Flash CPI y/y,Medium,1.0%,0.8%,
2020-01-31,3:00am,EUR,Italian Prelim GDP q/q,Medium,0.1%,0.1%,
2020-01-31,3:30am,GBP,M4 Money Supply m/m,Medium,0.6%,0.8%,
2020-01-31,3:30am,GBP,Mortgage Approvals,Medium,66K,66K,
2020-01-31,3:30am,GBP,Net Lending to Individuals m/m,Medium,4.2B,4.9B,
2020-01-31,4:00am,EUR,CPI Flash Estimate y/y,Low,1.4%,1.3%,
2020-01-31,4:00am,EUR,Core CPI Flash Estimate y/y,Medium,1.2%,1.3%,
2020-01-31,4:00am,EUR,Prelim Flash GDP q/q,Medium,0.2%,0.2%,
2020-01-31,7:30am,USD,Core PCE Price Index m/m,Low,0.1%,0.1%,
2020-01-31,7:30am,USD,Employment Cost Index q/q,Low,0.7%,0.7%,
2020-01-31,7:30am,USD,Personal Spending m/m,Low,0.3%,0.4%,
2020-01-31,7:30am,USD,Personal Income m/m,Medium,0.3%,0.4%,
2020-01-31,8:45am,USD,Chicago PMI,Low,48.9,48.9,
2020-01-31,9:00am,USD,Revised UoM Consumer Sentiment,Medium,99.1,99.1,
2020-01-31,9:00am,USD,Revised UoM Inflation Expectations,Medium,,2.5%,
2020-02-02,6:30pm,JPY,Final Manufacturing PMI,Medium,49.3,49.3,
2020-02-03,2:30am,CHF,Manufacturing PMI,Medium,50.3,50.2,
2020-02-03,2:45am,EUR,Italian Manufacturing PMI,Medium,46.9,46.2,
2020-02-03,2:50am,EUR,French Final Manufacturing PMI,Medium,51.0,51.0,
2020-02-03,2:55am,EUR,German Final Manufacturing PMI,Medium,45.2,45.2,
2020-02-03,3:00am,EUR,Final Manufacturing PMI,Medium,47.8,47.8,
2020-02-03,3:30am,GBP,Final Manufacturing PMI,Low,49.8,49.8,
2020-02-03,8:45am,USD,Final Manufacturing PMI,Medium,51.7,51.7,
2020-02-03,9:00am,USD,ISM Manufacturing PMI,High,48.5,47.2,
2020-02-03,9:00am,USD,Construction Spending m/m,Medium,0.5%,0.7%,
2020-02-03,9:00am,USD,ISM Manufacturing Prices,Medium,52.0,51.7,
2020-02-03,All Day,USD,Wards Total Vehicle Sales,Medium,16.8M,16.7M,
2020-02-03,12:15pm,EUR,German Buba President Weidmann Speaks,Medium,,,
2020-02-03,1:00pm,USD,Loan Officer Survey,Medium,,,
2020-02-03,5:50pm,JPY,Monetary Base y/y,Medium,3.2%,3.2%,
2020-02-03,9:35pm,JPY,10-y Bond Auction,Medium,,-0.01|3.7,
2020-02-04,2:00am,EUR,Spanish Unemployment Change,Medium,44.2K,-34.6K,
2020-02-04,3:30am,GBP,Construction PMI,Medium,48.1,44.4,
2020-02-04,4:00am,EUR,PPI m/m,Medium,0.1%,0.1%,
2020-02-04,4:00am,EUR,Italian Prelim CPI m/m,Medium,-0.2%,0.2%,
2020-02-04,9:00am,USD,Factory Orders m/m,Medium,0.7%,-1.2%,
2020-02-04,9:00am,USD,RCM/TIPP Economic Optimism,Medium,58.3,57.4,
2020-02-04,3:30pm,USD,API Weekly Statistical Bulletin,Medium,,,
2020-02-04,8:00pm,USD,President Trump Speaks,High,,,
2020-02-05,2:15am,EUR,Spanish Services PMI,Medium,54.0,54.9,
2020-02-05,2:45am,EUR,Italian Services PMI,Medium,50.3,51.1,
2020-02-05,2:50am,EUR,French Final Services PMI,Medium,51.7,51.7,
2020-02-05,2:55am,EUR,German Final Services PMI,Medium,54.2,54.2,
2020-02-05,3:00am,EUR,Final Services PMI,Medium,52.2,52.2,
2020-02-05,3:30am,GBP,Final Services PMI,Low,52.9,52.9,
2020-02-05,4:00am,EUR,Retail Sales m/m,Medium,-0.5%,0.8%,
2020-02-05,6:15am,EUR,ECB President Lagarde Speaks,High,,,
2020-02-05,7:15am,USD,ADP Non-Farm Employment Change,High,157K,199K,
2020-02-05,7:30am,USD,Trade Balance,Medium,-48.2B,-43.7B,
2020-02-05,8:45am,USD,Final Services PMI,Medium,53.2,53.2,
2020-02-05,9:00am,USD,ISM Services PMI,High,55.1,55.0,
2020-02-05,9:30am,USD,Crude Oil Inventories,Low,2.9M,3.5M,
2020-02-05,3:10pm,USD,FOMC Member Brainard Speaks,Medium,,,
2020-02-05,9:35pm,JPY,30-y Bond Auction,Medium,,0.43|3.7,
2020-02-06,2:00am,EUR,ECB President Lagarde Speaks,High,,,
2020-02-06,3:00am,EUR,ECB Economic Bulletin,Medium,,,
2020-02-06,3:49am,EUR,Spanish 10-y Bond Auction,Medium,,0.44|1.5,
2020-02-06,4:07am,EUR,French 10-y Bond Auction,Medium,,0.04|1.7,
2020-02-06,6:30am,USD,Challenger Job Cuts y/y,Medium,,-25.2%,
2020-02-06,7:30am,USD,Prelim Nonfarm Productivity q/q,Medium,1.6%,-0.2%,
2020-02-06,7:30am,USD,Prelim Unit Labor Costs q/q,Medium,1.3%,2.5%,
2020-02-06,7:30am,USD,Unemployment Claims,Medium,215K,217K,
2020-02-06,8:15am,USD,FOMC Member Kaplan Speaks,Medium,,,
2020-02-06,9:30am,USD,Natural Gas Storage,Medium,-123B,-201B,
2020-02-06,5:30pm,JPY,Average Cash Earnings y/y,Medium,-0.1%,0.1%,
2020-02-06,5:30pm,JPY,Household Spending y/y,Medium,-1.7%,-2.0%,
2020-02-06,6:15pm,USD,FOMC Member Quarles Speaks,Medium,,,
2020-02-06,11:00pm,JPY,Leading Indicators,Medium,91.4%,90.8%,
2020-02-07,FriFeb 7,EUR,German Trade Balance,Medium,16.4B,18.5B,
2020-02-07,1:45am,EUR,French Industrial Production m/m,Medium,-0.3%,0.0%,
2020-02-07,1:45am,EUR,French Prelim Private Payrolls q/q,Medium,0.2%,0.2%,
2020-02-07,1:45am,EUR,French Trade Balance,Medium,-5.1B,-5.4B,
2020-02-07,2:00am,CHF,Foreign Currency Reserves,Medium,,772B,
2020-02-07,2:30am,GBP,Halifax HPI m/m,Medium,0.6%,1.8%,
2020-02-07,3:00am,EUR,Italian Retail Sales m/m,Medium,0.2%,-0.2%,
2020-02-07,7:30am,USD,Average Hourly Earnings m/m,High,0.3%,0.1%,
2020-02-07,7:30am,USD,Non-Farm Employment Change,High,163K,147K,
2020-02-07,7:30am,USD,Unemployment Rate,High,3.5%,3.5%,
2020-02-07,9:00am,USD,Final Wholesale Inventories m/m,Medium,-0.1%,-0.1%,
2020-02-07,10:00am,USD,Fed Monetary Policy Report,Medium,,,
2020-02-07,2:00pm,USD,Consumer Credit m/m,Medium,15.2B,11.8B,
2020-02-09,SunFeb 9,JPY,Current Account,Medium,1.68T,1.79T,
2020-02-09,11:02pm,JPY,Economy Watchers Sentiment,Medium,39.2,39.8,
2020-02-10,1:30am,CHF,CPI m/m,Medium,-0.2%,0.0%,
2020-02-10,3:00am,EUR,Italian Industrial Production m/m,Medium,1.5%,0.0%,
2020-02-10,3:30am,EUR,Sentix Investor Confidence,Medium,6.1,7.6,
2020-02-10,7:15am,USD,FOMC Member Bowman Speaks,Low,,,
2020-02-10,2:15pm,USD,FOMC Member Harker Speaks,Medium,,,
2020-02-10,All Day,JPY,Bank Holiday,Low,,,
2020-02-10,6:01pm,GBP,BRC Retail Sales Monitor y/y,Medium,0.6%,1.7%,
2020-02-11,TueFeb 11,GBP,GDP m/m,Low,0.2%,-0.3%,
2020-02-11,TueFeb 11,GBP,Manufacturing Production m/m,Low,0.5%,-1.6%,
2020-02-11,TueFeb 11,GBP,Construction Output m/m,Medium,-0.4%,2.4%,
2020-02-11,TueFeb 11,GBP,Goods Trade Balance,Medium,-10.0B,-4.9B,
2020-02-11,TueFeb 11,GBP,Index of Services 3m/3m,Medium,0.0%,0.1%,
2020-02-11,TueFeb 11,GBP,Industrial Production m/m,Medium,0.3%,-1.1%,
2020-02-11,TueFeb 11,GBP,Prelim Business Investment q/q,Medium,-0.5%,0.0%,
2020-02-11,4:56am,USD,NFIB Small Business Index,Medium,103.6,102.7,
2020-02-11,8:00am,EUR,ECB President Lagarde Speaks,High,,,
2020-02-11,9:00am,USD,Fed Chairman Powell Testifies,High,,,
2020-02-11,9:00am,USD,JOLTS Job Openings,Medium,6.93M,6.79M,
2020-02-11,9:00am,USD,Mortgage Delinquencies,Medium,,3.97%,
2020-02-11,9:35am,GBP,BOE Gov Carney Speaks,High,,,
2020-02-11,11:00am,GBP,MPC Member Haskel Speaks,Low,,,
2020-02-11,11:15am,USD,FOMC Member Quarles Speaks,Medium,,,
2020-02-11,11:37am,GBP,NIESR GDP Estimate,Medium,,0.0%,
2020-02-11,1:15pm,USD,FOMC Member Kashkari Speaks,Low,,,
2020-02-11,3:30pm,USD,API Weekly Statistical Bulletin,Medium,,,
2020-02-11,5:50pm,JPY,M2 Money Stock y/y,Medium,2.8%,2.7%,
2020-02-11,11:59pm,JPY,Prelim Machine Tool Orders y/y,Medium,,-33.5%,
2020-02-12,4:33am,EUR,German 10-y Bond Auction,Medium,,-0.25|1.2,
2020-02-12,7:30am,USD,FOMC Member Harker Speaks,Medium,,,
2020-02-12,8:30am,GBP,CB Leading Index m/m,Medium,,-0.2%,
2020-02-12,8:30am,USD,Fed Chairman Powell Testifies,High,,,
2020-02-12,9:30am,USD,Crude Oil Inventories,Low,3.1M,3.4M,
2020-02-12,12:01pm,USD,10-y Bond Auction,Medium,,1.87|2.4,
2020-02-12,1:00pm,USD,Federal Budget Balance,Medium,-10.7B,-13.3B,
2020-02-12,5:50pm,JPY,PPI y/y,Medium,1.5%,0.9%,
2020-02-12,6:01pm,GBP,RICS House Price Balance,Medium,3%,0%,
2020-02-13,4:00am,EUR,EU Economic Forecasts,Low,,,
2020-02-13,7:30am,USD,Core CPI m/m,High,0.2%,0.1%,
2020-02-13,7:30am,USD,CPI m/m,High,0.2%,0.2%,
2020-02-13,7:30am,USD,CPI y/y,High,2.4%,2.3%,
2020-02-13,7:30am,USD,Unemployment Claims,Medium,210K,203K,
2020-02-13,8:00am,USD,Fed Gov Nomination Hearings,High,,,
2020-02-13,9:30am,USD,Natural Gas Storage,Medium,-106B,-137B,
2020-02-13,12:01pm,USD,30-y Bond Auction,Medium,,2.34|2.5,
2020-02-13,4:30pm,USD,FOMC Member Williams Speaks,Medium,,,
2020-02-13,10:30pm,JPY,Tertiary Industry Activity m/m,Medium,0.1%,1.4%,
2020-02-14,FriFeb 14,EUR,German WPI m/m,Medium,0.1%,0.0%,
2020-02-14,1:30am,CHF,PPI m/m,Medium,0.2%,0.1%,
2020-02-14,3:00am,EUR,Italian Trade Balance,Medium,5.23B,4.89B,
2020-02-14,4:00am,EUR,Flash Employment Change q/q,Medium,0.1%,0.1%,
2020-02-14,4:00am,EUR,Flash GDP q/q,Medium,0.1%,0.1%,
2020-02-14,4:00am,EUR,Trade Balance,Medium,19.1B,19.1B,
2020-02-14,7:30am,USD,Core Retail Sales m/m,High,0.3%,0.6%,
2020-02-14,7:30am,USD,Retail Sales m/m,High,0.3%,0.2%,
2020-02-14,7:30am,USD,Import Prices m/m,Medium,-0.2%,0.2%,
2020-02-14,8:15am,USD,Capacity Utilization Rate,Medium,76.9%,77.1%,
2020-02-14,8:15am,USD,Industrial Production m/m,Medium,-0.2%,-0.4%,
2020-02-14,9:00am,USD,Prelim UoM Consumer Sentiment,Low,99.5,99.8,
2020-02-14,9:00am,USD,Business Inventories m/m,Medium,0.1%,-0.2%,
2020-02-14,9:00am,USD,Prelim UoM Inflation Expectations,Medium,,2.5%,
2020-02-14,10:45am,USD,FOMC Member Mester Speaks,Medium,,,
2020-02-16,5:50pm,JPY,Prelim GDP Price Index y/y,Medium,1.1%,0.6%,
2020-02-16,5:50pm,JPY,Prelim GDP q/q,Medium,-1.0%,0.4%,
2020-02-16,6:01pm,GBP,Rightmove HPI m/m,Medium,,2.3%,
2020-02-16,10:30pm,JPY,Revised Industrial Production m/m,Medium,1.3%,1.3%,
2020-02-17,5:00am,EUR,German Buba Monthly Report,Medium,,,
2020-02-17,All Day,USD,Bank Holiday,Low,,,
2020-02-18,TueFeb 18,GBP,Claimant Count Change,Medium,20.2K,2.6K,
2020-02-18,TueFeb 18,GBP,Unemployment Rate,Medium,3.8%,3.8%,
2020-02-18,4:00am,EUR,German ZEW Economic Sentiment,High,20.0,26.7,
2020-02-18,4:00am,EUR,ZEW Economic Sentiment,Medium,21.3,25.6,
2020-02-18,All Day,EUR,ECOFIN Meetings,Medium,,,
2020-02-18,7:30am,USD,Empire State Manufacturing Index,Medium,5.1,4.8,
2020-02-18,9:00am,USD,NAHB Housing Market Index,Medium,75,75,
2020-02-18,1:00pm,USD,FOMC Member Kashkari Speaks,Medium,,,
2020-02-18,3:00pm,USD,TIC Long-Term Purchases,Medium,31.4B,27.1B,
2020-02-18,5:50pm,JPY,Core Machinery Orders m/m,Medium,-9.0%,18.0%,
2020-02-18,5:50pm,JPY,Trade Balance,Medium,-0.55T,-0.11T,
2020-02-19,3:30am,GBP,CPI y/y,High,1.6%,1.3%,
2020-02-19,3:30am,GBP,PPI Input m/m,Low,-0.5%,0.9%,
2020-02-19,3:30am,GBP,Core CPI y/y,Medium,1.5%,1.4%,
2020-02-19,3:30am,GBP,HPI y/y,Medium,2.3%,1.7%,
2020-02-19,3:30am,GBP,PPI Output m/m,Medium,0.1%,0.0%,
2020-02-19,3:30am,GBP,RPI y/y,Medium,2.5%,2.2%,
2020-02-19,4:35am,EUR,German 30-y Bond Auction,Medium,,0.31|1.1,
2020-02-19,7:30am,USD,Building Permits,Low,1.45M,1.42M,
2020-02-19,7:30am,USD,Core PPI m/m,Low,0.2%,0.1%,
2020-02-19,7:30am,USD,PPI m/m,Low,0.1%,0.1%,
2020-02-19,7:30am,USD,FOMC Member Mester Speaks,Medium,,,
2020-02-19,7:30am,USD,Housing Starts,Medium,1.40M,1.63M,
2020-02-19,10:45am,USD,FOMC Member Kashkari Speaks,Medium,,,
2020-02-19,12:30pm,USD,FOMC Member Kaplan Speaks,Medium,,,
2020-02-19,1:00pm,USD,FOMC Meeting Minutes,High,,,
2020-02-19,3:30pm,USD,API Weekly Statistical Bulletin,Medium,,,
2020-02-20,1:00am,CHF,Trade Balance,Medium,2.54B,1.97B,
2020-02-20,1:00am,EUR,German PPI m/m,Medium,0.1%,0.1%,
2020-02-20,1:45am,EUR,French Final CPI m/m,Medium,-0.4%,-0.4%,
2020-02-20,3:30am,GBP,Retail Sales m/m,High,0.7%,-0.5%,
2020-02-20,3:44am,EUR,Spanish 10-y Bond Auction,Medium,,0.35|1.6,
2020-02-20,5:00am,GBP,CBI Industrial Order Expectations,Medium,-19,-22,
2020-02-20,6:30am,EUR,ECB Monetary Policy Meeting Accounts,High,,,
2020-02-20,7:30am,USD,Philly Fed Manufacturing Index,Low,10.1,17.0,
2020-02-20,7:30am,USD,Unemployment Claims,Medium,210K,206K,
2020-02-20,8:57am,EUR,Consumer Confidence,Medium,-8,-8,
2020-02-20,9:00am,USD,CB Leading Index m/m,Medium,0.4%,-0.3%,
2020-02-20,9:30am,USD,Natural Gas Storage,Medium,-143B,-115B,
2020-02-20,10:00am,USD,Crude Oil Inventories,Low,3.3M,7.5M,
2020-02-20,5:30pm,JPY,National Core CPI y/y,Medium,0.7%,0.7%,
2020-02-20,6:30pm,JPY,Flash Manufacturing PMI,Medium,47.9,48.8,
2020-02-20,10:30pm,JPY,All Industries Activity m/m,Medium,0.3%,0.9%,
2020-02-21,FriFeb 21,EUR,French Flash Manufacturing PMI,Low,50.8,51.1,
2020-02-21,2:30am,EUR,German Flash Manufacturing PMI,High,44.8,45.3,
2020-02-21,2:30am,EUR,German Flash Services PMI,High,53.9,54.2,
2020-02-21,3:00am,EUR,Flash Manufacturing PMI,Low,47.4,47.9,
2020-02-21,3:00am,EUR,Flash Services PMI,Low,52.4,52.5,
2020-02-21,3:30am,GBP,Flash Manufacturing PMI,High,49.7,50.0,
2020-02-21,3:30am,GBP,Flash Services PMI,High,53.4,53.9,
2020-02-21,3:30am,GBP,Public Sector Net Borrowing,Medium,-12.0B,3.5B,
2020-02-21,4:00am,EUR,Final Core CPI y/y,Medium,1.1%,1.1%,
2020-02-21,4:00am,EUR,Final CPI y/y,Medium,1.4%,1.4%,
2020-02-21,8:00am,EUR,Belgian NBB Business Climate,Medium,-2.8,-2.0,
2020-02-21,8:35am,USD,FOMC Member Kaplan Speaks,Medium,,,
2020-02-21,8:45am,USD,Flash Manufacturing PMI,High,51.5,51.9,
2020-02-21,8:45am,USD,Flash Services PMI,Medium,53.3,53.3,
2020-02-21,9:00am,USD,Existing Home Sales,Medium,5.46M,5.53M,
2020-02-21,9:15am,USD,FOMC Member Brainard Speaks,Medium,,,
2020-02-21,12:30pm,GBP,MPC Member Tenreyro Speaks,Medium,,,
2020-02-21,12:30pm,USD,FOMC Member Clarida Speaks,Medium,,,
2020-02-23,All Day,JPY,Bank Holiday,Low,,,
2020-02-24,12:30pm,GBP,MPC Member Haldane Speaks,Low,,,
2020-02-24,2:00pm,USD,FOMC Member Mester Speaks,Medium,,,
2020-02-24,5:50pm,JPY,SPPI y/y,Medium,2.1%,2.1%,
2020-02-25,4:36am,GBP,10-y Bond Auction,Medium,,0.50|2.3,
2020-02-25,5:00am,GBP,CBI Realized Sales,Medium,4,0,
2020-02-25,8:00am,USD,HPI m/m,Medium,0.4%,0.3%,
2020-02-25,8:00am,USD,S&P/CS Composite-20 HPI y/y,Medium,2.8%,2.5%,
2020-02-25,8:45am,USD,FOMC Member Kaplan Speaks,Medium,,,
2020-02-25,8:59am,USD,Richmond Manufacturing Index,Low,10,20,
2020-02-25,9:00am,USD,CB Consumer Confidence,High,132.6,130.4,
2020-02-25,2:00pm,USD,FOMC Member Clarida Speaks,Medium,,,
2020-02-25,3:30pm,USD,API Weekly Statistical Bulletin,Medium,,,
2020-02-25,6:01pm,GBP,BRC Shop Price Index y/y,Medium,,-0.3%,
2020-02-25,11:00pm,JPY,BOJ Core CPI y/y,Medium,0.2%,0.3%,
2020-02-26,7:30am,EUR,ECB President Lagarde Speaks,High,,,
2020-02-26,8:45am,USD,FOMC Member Kaplan Speaks,Medium,,,
2020-02-26,9:00am,USD,New Home Sales,Low,714K,708K,
2020-02-26,9:30am,USD,Crude Oil Inventories,Low,2.3M,0.4M,
2020-02-26,12:00pm,USD,FOMC Member Kashkari Speaks,Medium,,,
2020-02-27,3:00am,EUR,M3 Money Supply y/y,Medium,5.3%,4.9%,
2020-02-27,3:00am,EUR,Private Loans y/y,Medium,3.7%,3.6%,
2020-02-27,4:19am,EUR,Italian 10-y Bond Auction,Medium,,0.94|1.2,
2020-02-27,4:30am,GBP,MPC Member Cunliffe Speaks,Medium,,,
2020-02-27,7:30am,USD,Core Durable Goods Orders m/m,Low,0.2%,0.1%,
2020-02-27,7:30am,USD,Durable Goods Orders m/m,Low,-1.5%,2.9%,
2020-02-27,7:30am,USD,Prelim GDP q/q,Low,2.1%,2.1%,
2020-02-27,7:30am,USD,Prelim GDP Price Index q/q,Medium,1.4%,1.4%,
2020-02-27,7:30am,USD,Unemployment Claims,Medium,211K,211K,
2020-02-27,9:00am,USD,Pending Home Sales m/m,Low,2.8%,-4.3%,
2020-02-27,9:30am,USD,Natural Gas Storage,Medium,-158B,-151B,
2020-02-27,2:30pm,USD,FOMC Member Mester Speaks,Medium,,,
2020-02-27,5:30pm,JPY,Tokyo Core CPI y/y,Medium,0.6%,0.7%,
2020-02-27,5:30pm,JPY,Unemployment Rate,Medium,2.2%,2.2%,
2020-02-27,5:50pm,JPY,Prelim Industrial Production m/m,Medium,0.2%,1.2%,
2020-02-27,5:50pm,JPY,Retail Sales y/y,Medium,-1.3%,-2.6%,
2020-02-27,6:00pm,USD,FOMC Member Mester Speaks,Medium,,,
2020-02-27,6:01pm,GBP,GfK Consumer Confidence,Medium,-8,-9,
2020-02-27,11:00pm,JPY,Housing Starts y/y,Medium,-5.8%,-7.9%,
2020-02-28,1:00am,EUR,German Import Prices m/m,Medium,0.1%,0.2%,
2020-02-28,All Day,EUR,German Prelim CPI m/m,Low,0.3%,-0.6%,
2020-02-28,1:30am,CHF,Retail Sales y/y,Medium,0.1%,0.8%,
2020-02-28,1:45am,EUR,French Consumer Spending m/m,Medium,-0.1%,-0.3%,
2020-02-28,1:45am,EUR,French Prelim CPI m/m,Medium,0.0%,-0.4%,
2020-02-28,1:45am,EUR,French Prelim GDP q/q,Medium,-0.1%,-0.1%,
2020-02-28,2:00am,CHF,KOF Economic Barometer,Medium,97.6,100.1,
2020-02-28,2:55am,EUR,German Unemployment Change,Medium,4K,-4K,
2020-02-28,4:00am,EUR,German Buba President Weidmann Speaks,Medium,,,
2020-02-28,4:00am,EUR,Italian Prelim CPI m/m,Medium,0.1%,0.1%,
2020-02-28,5:15am,GBP,MPC Member Haldane Speaks,Medium,,,
2020-02-28,7:30am,USD,Core PCE Price Index m/m,Low,0.2%,0.2%,
2020-02-28,7:30am,USD,Personal Spending m/m,Low,0.3%,0.4%,
2020-02-28,7:30am,USD,Goods Trade Balance,Medium,-68.5B,-68.7B,
2020-02-28,7:30am,USD,Personal Income m/m,Medium,0.3%,0.1%,
2020-02-28,7:30am,USD,Prelim Wholesale Inventories m/m,Medium,0.1%,-0.2%,
2020-02-28,8:45am,USD,Chicago PMI,Low,46.1,42.9,
2020-02-28,9:00am,USD,Revised UoM Consumer Sentiment,Medium,100.7,100.9,
2020-02-28,9:00am,USD,Revised UoM Inflation Expectations,Medium,,2.5%,
2020-02-28,10:15am,GBP,MPC Member Cunliffe Speaks,Medium,,,
2020-02-28,1:30pm,USD,Fed Announcement,High,,,
2020-03-01,5:50pm,JPY,Capital Spending q/y,Medium,-2.5%,7.1%,
2020-03-01,6:30pm,JPY,Final Manufacturing PMI,Medium,47.6,47.6,
2020-03-02,2:30am,CHF,Manufacturing PMI,Medium,47.9,47.8,
2020-03-02,2:45am,EUR,Italian Manufacturing PMI,Medium,48.0,48.9,
2020-03-02,2:50am,EUR,French Final Manufacturing PMI,Medium,49.7,49.7,
2020-03-02,2:55am,EUR,German Final Manufacturing PMI,Medium,47.8,47.8,
2020-03-02,3:00am,EUR,Final Manufacturing PMI,Medium,49.1,49.1,
2020-03-02,3:30am,GBP,Final Manufacturing PMI,Low,51.9,51.9,
2020-03-02,3:30am,GBP,M4 Money Supply m/m,Medium,0.2%,0.1%,
2020-03-02,3:30am,GBP,Mortgage Approvals,Medium,68K,68K,
2020-03-02,3:32am,GBP,Net Lending to Individuals m/m,Medium,5.9B,5.7B,
2020-03-02,8:45am,USD,Final Manufacturing PMI,Medium,50.8,50.8,
2020-03-02,9:00am,USD,ISM Manufacturing PMI,High,50.5,50.9,
2020-03-02,9:00am,USD,Construction Spending m/m,Medium,0.6%,0.2%,
2020-03-02,9:00am,USD,ISM Manufacturing Prices,Medium,51.2,53.3,
2020-03-02,5:50pm,JPY,Monetary Base y/y,Medium,3.0%,2.9%,
2020-03-02,9:35pm,JPY,10-y Bond Auction,Medium,,-0.05|3.6,
2020-03-02,11:00pm,JPY,Consumer Confidence,Medium,38.4,39.1,
2020-03-03,1:45am,EUR,French Gov Budget Balance,Medium,,-92.8B,
2020-03-03,2:00am,EUR,Spanish Unemployment Change,Medium,8.2K,90.2K,
2020-03-03,3:00am,EUR,Italian Monthly Unemployment Rate,Medium,9.8%,9.8%,
2020-03-03,3:30am,GBP,Monetary Policy Report Hearings,High,,,
2020-03-03,3:30am,GBP,Construction PMI,Medium,49.0,48.4,
2020-03-03,4:00am,EUR,CPI Flash Estimate y/y,Low,1.4%,1.4%,
2020-03-03,4:00am,EUR,Core CPI Flash Estimate y/y,Medium,1.2%,1.1%,
2020-03-03,4:00am,EUR,PPI m/m,Medium,0.5%,0.1%,
2020-03-03,4:00am,EUR,Unemployment Rate,Medium,7.4%,7.4%,
2020-03-03,9:00am,USD,Federal Funds Rate,High,,1.75%,
2020-03-03,9:00am,USD,FOMC Statement,High,,,
2020-03-03,9:00am,USD,RCM/TIPP Economic Optimism,Medium,58.1,59.8,
2020-03-03,All Day,USD,Wards Total Vehicle Sales,Medium,16.8M,16.8M,
2020-03-03,10:00am,USD,FOMC Press Conference,High,,,
2020-03-03,1:50pm,USD,FOMC Member Mester Speaks,Medium,,,
2020-03-03,3:30pm,USD,API Weekly Statistical Bulletin,Medium,,,
2020-03-04,1:30am,CHF,CPI m/m,Medium,0.2%,-0.2%,
2020-03-04,2:15am,EUR,Spanish Services PMI,Medium,52.5,52.3,
2020-03-04,2:45am,EUR,Italian Services PMI,Medium,51.4,51.4,
2020-03-04,2:50am,EUR,French Final Services PMI,Medium,52.6,52.6,
2020-03-04,2:55am,EUR,German Final Services PMI,Medium,53.3,53.3,
2020-03-04,3:00am,EUR,Final Services PMI,Medium,52.8,52.8,
2020-03-04,3:30am,GBP,Final Services PMI,Low,53.2,53.3,
2020-03-04,4:00am,EUR,Retail Sales m/m,Medium,0.6%,-1.1%,
2020-03-04,7:15am,USD,ADP Non-Farm Employment Change,High,170K,209K,
2020-03-04,8:15am,GBP,BOE Gov Bailey Speaks,High,,,
2020-03-04,8:45am,USD,Final Services PMI,Medium,49.4,49.4,
2020-03-04,9:00am,USD,ISM Services PMI,High,54.9,55.5,
2020-03-04,9:30am,USD,Crude Oil Inventories,Low,2.8M,0.5M,
2020-03-04,12:00pm,GBP,MPC Member Broadbent Speaks,Low,,,
2020-03-04,1:00pm,USD,Beige Book,Medium,,,
2020-03-04,9:35pm,JPY,30-y Bond Auction,Medium,,0.43|3.7,
2020-03-05,3:48am,EUR,Spanish 10-y Bond Auction,Medium,,0.24|2.3,
2020-03-05,4:01am,EUR,French 10-y Bond Auction,Medium,,-0.11|2.2,
2020-03-05,6:30am,USD,Challenger Job Cuts y/y,Medium,,27.8%,
2020-03-05,7:00am,GBP,MPC Member Haldane Speaks,Medium,,,
2020-03-05,7:30am,USD,Revised Nonfarm Productivity q/q,Medium,1.4%,1.4%,
2020-03-05,7:30am,USD,Revised Unit Labor Costs q/q,Medium,1.5%,1.4%,
2020-03-05,7:30am,USD,Unemployment Claims,Medium,215K,219K,
2020-03-05,9:00am,USD,Factory Orders m/m,Medium,-0.2%,1.9%,
2020-03-05,9:30am,USD,Natural Gas Storage,Medium,-112B,-143B,
2020-03-05,11:00am,GBP,BOE Gov Carney Speaks,High,,,
2020-03-05,5:30pm,JPY,Average Cash Earnings y/y,Medium,0.2%,-0.2%,
2020-03-05,5:30pm,JPY,Household Spending y/y,Medium,-3.9%,-4.8%,
2020-03-05,5:30pm,USD,FOMC Member Kaplan Speaks,Low,,,
2020-03-05,7:00pm,USD,FOMC Member Kashkari Speaks,Medium,,,
2020-03-05,7:45pm,USD,FOMC Member Williams Speaks,Medium,,,
2020-03-05,11:02pm,JPY,Leading Indicators,Medium,91.3%,91.6%,
2020-03-06,1:45am,EUR,French Trade Balance,Medium,-4.9B,-3.7B,
2020-03-06,2:00am,CHF,Foreign Currency Reserves,Medium,,764B,
2020-03-06,2:30am,GBP,Halifax HPI m/m,Medium,0.3%,0.4%,
2020-03-06,3:03am,EUR,Italian Retail Sales m/m,Medium,0.3%,0.5%,
2020-03-06,7:30am,USD,Average Hourly Earnings m/m,High,0.3%,0.2%,
2020-03-06,7:30am,USD,Non-Farm Employment Change,High,175K,273K,
2020-03-06,7:30am,USD,Unemployment Rate,High,3.6%,3.6%,
2020-03-06,7:30am,USD,Trade Balance,Medium,-46.3B,-48.6B,
2020-03-06,9:00am,USD,Final Wholesale Inventories m/m,Medium,-0.2%,-0.2%,
2020-03-06,1:00pm,USD,FOMC Member Williams Speaks,Medium,,,
2020-03-06,2:00pm,USD,Consumer Credit m/m,Medium,16.6B,20.3B,
2020-03-08,SunMar 8,USD,Daylight Saving Time Shift,Low,,,
2020-03-08,6:50pm,JPY,Bank Lending y/y,Medium,1.9%,1.9%,
2020-03-08,6:50pm,JPY,Current Account,Medium,1.66T,1.85T,
2020-03-08,6:50pm,JPY,Final GDP q/q,Medium,-1.7%,-1.6%,
2020-03-08,6:52pm,JPY,Final GDP Price Index y/y,Medium,1.3%,1.3%,
2020-03-09,1:45am,CHF,Unemployment Rate,Medium,2.3%,2.3%,
2020-03-09,2:00am,EUR,German Industrial Production m/m,Medium,1.7%,-2.2%,
2020-03-09,2:00am,EUR,German Trade Balance,Medium,18.8B,19.0B,
2020-03-09,4:30am,EUR,Sentix Investor Confidence,Medium,-11.0,5.2,
2020-03-09,5:34pm,USD,President Trump Speaks,High,,,
2020-03-09,6:50pm,JPY,M2 Money Stock y/y,Medium,2.8%,2.8%,
2020-03-09,7:01pm,GBP,BRC Retail Sales Monitor y/y,Medium,0.2%,0.0%,
2020-03-09,7:38pm,USD,NFIB Small Business Index,Medium,102.7,104.3,
2020-03-10,1:30am,EUR,French Final Private Payrolls q/q,Medium,0.2%,0.2%,
2020-03-10,2:45am,EUR,French Industrial Production m/m,Medium,1.8%,-2.5%,
2020-03-10,4:00am,EUR,Italian Industrial Production m/m,Medium,1.6%,-2.6%,
2020-03-10,5:00am,EUR,Final Employment Change q/q,Medium,0.3%,0.3%,
2020-03-10,5:00am,EUR,Revised GDP q/q,Medium,0.1%,0.1%,
2020-03-10,5:39am,GBP,10-y Bond Auction,Medium,,0.51|2.2,
2020-03-10,3:30pm,USD,API Weekly Statistical Bulletin,Medium,,,
2020-03-11,WedMar 11,GBP,MPC Official Bank Rate Votes,High,,0-2-7,
2020-03-11,WedMar 11,GBP,Official Bank Rate,High,,0.75%,
2020-03-11,WedMar 11,GBP,Asset Purchase Facility,Medium,,435B,
2020-03-11,WedMar 11,GBP,MPC Asset Purchase Facility Votes,Medium,,0-0-9,
2020-03-11,4:00am,GBP,BOE Gov Carney Speaks,High,,,
2020-03-11,4:30am,GBP,GDP m/m,Low,0.2%,0.3%,
2020-03-11,4:30am,GBP,Manufacturing Production m/m,Low,0.2%,0.3%,
2020-03-11,4:30am,GBP,Construction Output m/m,Medium,0.2%,0.4%,
2020-03-11,4:30am,GBP,Goods Trade Balance,Medium,-7.2B,-1.4B,
2020-03-11,4:30am,GBP,Index of Services 3m/3m,Medium,0.1%,0.1%,
2020-03-11,4:30am,GBP,Industrial Production m/m,Medium,0.3%,0.1%,
2020-03-11,5:34am,EUR,German 10-y Bond Auction,Medium,,-0.38|1.2,
2020-03-11,7:30am,GBP,Annual Budget Release,High,,,
2020-03-11,7:30am,USD,Core CPI m/m,High,0.2%,0.2%,
2020-03-11,7:30am,USD,CPI m/m,High,0.0%,0.1%,
2020-03-11,7:30am,USD,CPI y/y,High,2.2%,2.5%,
2020-03-11,8:02am,GBP,NIESR GDP Estimate,Medium,,0.0%,
2020-03-11,9:00am,USD,Treasury Sec Mnuchin Speaks,High,,,
2020-03-11,9:30am,USD,Crude Oil Inventories,Low,2.0M,0.8M,
2020-03-11,12:01pm,USD,10-y Bond Auction,Medium,,1.62|2.6,
2020-03-11,12:59pm,USD,Federal Budget Balance,Medium,-238.1B,-32.6B,
2020-03-11,6:50pm,JPY,BSI Manufacturing Index,Medium,-10.2,-7.8,
2020-03-11,6:50pm,JPY,PPI y/y,Medium,1.1%,1.5%,
2020-03-11,7:01pm,GBP,RICS House Price Balance,Medium,20%,18%,
2020-03-11,8:00pm,USD,President Trump Speaks,High,,,
2020-03-12,5:00am,EUR,Industrial Production m/m,Medium,1.4%,-1.8%,
2020-03-12,5:22am,EUR,Italian 10-y Bond Auction,Medium,,1.00|1.3,
2020-03-12,7:30am,USD,Core PPI m/m,Low,0.1%,0.5%,
2020-03-12,7:30am,USD,PPI m/m,Low,-0.1%,0.5%,
2020-03-12,7:30am,USD,Unemployment Claims,Medium,219K,215K,
2020-03-12,7:45am,EUR,Main Refinancing Rate,High,0.00%,0.00%,
2020-03-12,7:45am,EUR,Monetary Policy Statement,High,,,
2020-03-12,8:30am,EUR,ECB Press Conference,High,,,
2020-03-12,9:30am,USD,Natural Gas Storage,Medium,-55B,-109B,
2020-03-12,12:01pm,USD,30-y Bond Auction,Medium,,2.06|2.4,
2020-03-12,11:30pm,JPY,Tertiary Industry Activity m/m,Medium,0.0%,-0.3%,
2020-03-13,FriMar 13,EUR,German WPI m/m,Medium,-0.8%,1.0%,
2020-03-13,2:45am,EUR,French Final CPI m/m,Medium,0.0%,0.0%,
2020-03-13,7:30am,USD,Import Prices m/m,Medium,-1.0%,0.1%,
2020-03-13,8:30am,GBP,CB Leading Index m/m,Medium,,0.1%,
2020-03-13,9:00am,USD,Prelim UoM Consumer Sentiment,Low,95.0,101.0,
2020-03-13,9:00am,USD,Prelim UoM Inflation Expectations,Medium,,2.4%,
2020-03-13,2:30pm,USD,President Trump Speaks,High,,,
2020-03-15,4:00pm,USD,Fed Announcement,High,,,
2020-03-15,4:00pm,USD,Federal Funds Rate,High,,1.25%,
2020-03-15,4:00pm,USD,FOMC Statement,High,,,
2020-03-15,4:17pm,USD,President Trump Speaks,High,,,
2020-03-15,5:30pm,USD,FOMC Press Conference,High,,,
2020-03-15,6:50pm,JPY,Core Machinery Orders m/m,Medium,-1.0%,-12.5%,
2020-03-15,7:01pm,GBP,Rightmove HPI m/m,Medium,,0.8%,
2020-03-16,MonMar 16,JPY,Monetary Policy Statement,High,,,
2020-03-16,2:00am,JPY,BOJ Press Conference,Low,,,
2020-03-16,2:30am,CHF,PPI m/m,Medium,0.2%,0.0%,
2020-03-16,All Day,EUR,Eurogroup Meetings,Medium,,,
2020-03-16,7:30am,USD,Empire State Manufacturing Index,Low,5.1,12.9,
2020-03-16,2:25pm,USD,President Trump Speaks,High,,,
2020-03-16,3:00pm,USD,TIC Long-Term Purchases,Medium,72.5B,85.6B,
2020-03-16,11:30pm,JPY,Revised Industrial Production m/m,Medium,0.8%,0.8%,
2020-03-17,TueMar 17,GBP,Claimant Count Change,Medium,6.2K,-0.2K,
2020-03-17,TueMar 17,GBP,Unemployment Rate,Medium,3.8%,3.8%,
2020-03-17,5:00am,EUR,German ZEW Economic Sentiment,High,-29.7,8.7,
2020-03-17,5:00am,EUR,ZEW Economic Sentiment,Medium,-23.1,10.4,
2020-03-17,All Day,EUR,EU Economic Summit,High,,,
2020-03-17,All Day,EUR,ECOFIN Meetings,Medium,,,
2020-03-17,5:30am,GBP,30-y Bond Auction,Medium,,1.25|1.7,
2020-03-17,7:30am,USD,Core Retail Sales m/m,High,0.1%,0.6%,
2020-03-17,7:30am,USD,Retail Sales m/m,High,0.2%,0.6%,
2020-03-17,8:15am,USD,Capacity Utilization Rate,Medium,77.1%,76.6%,
2020-03-17,8:15am,USD,Industrial Production m/m,Medium,0.4%,-0.5%,
2020-03-17,9:00am,USD,Business Inventories m/m,Medium,-0.1%,0.0%,
2020-03-17,9:00am,USD,JOLTS Job Openings,Medium,6.40M,6.55M,
2020-03-17,9:00am,USD,NAHB Housing Market Index,Medium,74,74,
2020-03-17,9:45am,USD,Fed Announcement,High,,,
2020-03-17,10:40am,USD,President Trump Speaks,High,,,
2020-03-17,3:30pm,USD,API Weekly Statistical Bulletin,Medium,,,
2020-03-17,5:00pm,USD,Fed Announcement,High,,,
2020-03-17,6:50pm,JPY,Trade Balance,Medium,0.54T,-0.08T,
2020-03-18,WedMar 18,EUR,Final CPI y/y,Medium,1.2%,1.2%,
2020-03-18,WedMar 18,EUR,Trade Balance,Medium,19.3B,21.5B,
2020-03-18,5:03am,EUR,Italian Trade Balance,Medium,4.23B,5.01B,
2020-03-18,5:37am,EUR,German 30-y Bond Auction,Medium,,0.07|1.1,
2020-03-18,7:30am,USD,Building Permits,Low,1.50M,1.55M,
2020-03-18,7:30am,USD,Housing Starts,Medium,1.51M,1.62M,
2020-03-18,9:30am,USD,Crude Oil Inventories,Medium,3.5M,7.7M,
2020-03-18,11:07am,USD,President Trump Speaks,High,,,
2020-03-18,6:30pm,JPY,National Core CPI y/y,Medium,0.6%,0.8%,
2020-03-18,6:50pm,JPY,Monetary Policy Meeting Minutes,Medium,,,
2020-03-18,11:30pm,JPY,All Industries Activity m/m,Medium,0.3%,-0.1%,
2020-03-19,2:00am,CHF,Trade Balance,Medium,4.23B,4.77B,
2020-03-19,3:30am,CHF,SNB Monetary Policy Assessment,High,,,
2020-03-19,3:30am,CHF,SNB Policy Rate,High,-0.75%,-0.75%,
2020-03-19,4:00am,EUR,German ifo Business Climate,High,,96.0,
2020-03-19,4:15am,CHF,SNB Press Conference,High,,,
2020-03-19,5:00am,EUR,Spanish 10-y Bond Auction,Medium,,0.17|1.4,
2020-03-19,7:30am,USD,Philly Fed Manufacturing Index,Low,9.5,36.7,
2020-03-19,7:30am,USD,Unemployment Claims,Low,220K,211K,
2020-03-19,7:30am,USD,Current Account,Medium,-109B,-125B,
2020-03-19,8:00am,CHF,SECO Economic Forecasts,Medium,,,
2020-03-19,8:00am,USD,Fed Announcement,High,,,
2020-03-19,9:00am,USD,CB Leading Index m/m,Medium,0.1%,0.7%,
2020-03-19,9:30am,GBP,Monetary Policy Summary,High,,,
2020-03-19,9:30am,GBP,MPC Official Bank Rate Votes,High,,0-9-0,
2020-03-19,9:30am,GBP,Official Bank Rate,High,,0.25%,
2020-03-19,9:30am,GBP,Asset Purchase Facility,Medium,,435B,
2020-03-19,9:30am,GBP,MPC Asset Purchase Facility Votes,Medium,,0-0-9,
2020-03-19,9:30am,USD,Natural Gas Storage,Medium,-5B,-48B,
2020-03-19,10:38am,USD,President Trump Speaks,High,,,
2020-03-19,11:30am,GBP,BOE Gov Bailey Speaks,High,,,
2020-03-19,All Day,JPY,Bank Holiday,Low,,,
2020-03-20,4:00am,EUR,Current Account,Medium,30.3B,32.6B,
2020-03-20,4:30am,GBP,Consumer Inflation Expectations,Medium,,3.1%,
2020-03-20,4:30am,GBP,Public Sector Net Borrowing,Medium,0.9B,-12.4B,
2020-03-20,9:00am,USD,Fed Announcement,High,,,
2020-03-20,9:00am,USD,Existing Home Sales,Medium,5.50M,5.42M,
2020-03-20,10:00am,USD,Fed Announcement,High,,,
2020-03-20,10:50am,USD,President Trump Speaks,High,,,
2020-03-23,7:00am,USD,Fed Announcement,High,,,
2020-03-23,10:00am,EUR,Consumer Confidence,Medium,-14,-7,
2020-03-23,5:12pm,USD,President Trump Speaks,High,,,
2020-03-23,7:30pm,JPY,Flash Manufacturing PMI,Medium,42.1,47.8,
2020-03-24,3:15am,EUR,French Flash Services PMI,High,39.6,52.5,
2020-03-24,3:15am,EUR,French Flash Manufacturing PMI,Low,39.4,49.8,
2020-03-24,3:30am,EUR,German Flash Manufacturing PMI,High,40.1,48.0,
2020-03-24,3:30am,EUR,German Flash Services PMI,High,43.0,52.5,
2020-03-24,4:00am,EUR,Flash Manufacturing PMI,Low,40.1,49.2,
2020-03-24,4:00am,EUR,Flash Services PMI,Low,40.0,52.6,
2020-03-24,4:30am,GBP,Flash Manufacturing PMI,High,45.1,51.7,
2020-03-24,4:30am,GBP,Flash Services PMI,High,45.0,53.2,
2020-03-24,4:30am,GBP,FPC Meeting Minutes,Medium,,,
2020-03-24,4:30am,GBP,FPC Statement,Medium,,,
2020-03-24,6:00am,GBP,CBI Industrial Order Expectations,Medium,-38,-18,
2020-03-24,8:45am,USD,Flash Manufacturing PMI,High,45.1,50.7,
2020-03-24,8:45am,USD,Flash Services PMI,Low,44.1,49.4,
2020-03-24,8:59am,USD,Richmond Manufacturing Index,Low,-10,-2,
2020-03-24,9:00am,USD,New Home Sales,Medium,750K,800K,
2020-03-24,11:05am,USD,President Trump Speaks,High,,,
2020-03-24,3:30pm,USD,API Weekly Statistical Bulletin,Medium,,,
2020-03-24,6:50pm,JPY,BOJ Summary of Opinions,Medium,,,
2020-03-25,WedMar 25,GBP,Core CPI y/y,Medium,1.5%,1.6%,
2020-03-25,WedMar 25,GBP,RPI y/y,Medium,2.5%,2.7%,
2020-03-25,2:02am,GBP,PPI Input m/m,Low,-2.0%,0.3%,
2020-03-25,2:02am,GBP,PPI Output m/m,Medium,0.0%,0.2%,
2020-03-25,4:00am,CHF,UBS Economic Expectations,Medium,,7.7,
2020-03-25,4:00am,EUR,German ifo Business Climate,Low,87.9,87.7,
2020-03-25,4:30am,GBP,HPI y/y,Medium,2.7%,1.7%,
2020-03-25,6:00am,GBP,CBI Realized Sales,Medium,-15,1,
2020-03-25,7:30am,USD,Core Durable Goods Orders m/m,Low,-0.4%,0.8%,
2020-03-25,7:30am,USD,Durable Goods Orders m/m,Low,-1.0%,0.1%,
2020-03-25,8:00am,USD,HPI m/m,Medium,0.4%,0.7%,
2020-03-25,8:59am,EUR,Belgian NBB Business Climate,Medium,-11.2,-2.7,
2020-03-25,9:00am,CHF,SNB Quarterly Bulletin,Medium,,,
2020-03-25,9:30am,USD,Crude Oil Inventories,Medium,2.9M,2.0M,
2020-03-25,6:50pm,JPY,SPPI y/y,Medium,2.2%,2.3%,
2020-03-26,ThuMar 26,GBP,Retail Sales m/m,Low,0.2%,1.1%,
2020-03-26,4:00am,EUR,ECB Economic Bulletin,Medium,,,
2020-03-26,4:00am,EUR,M3 Money Supply y/y,Medium,5.2%,5.2%,
2020-03-26,4:02am,EUR,Private Loans y/y,Medium,3.8%,3.7%,
2020-03-26,6:06am,USD,Fed Chairman Powell Speaks,High,,,
2020-03-26,7:00am,GBP,Monetary Policy Summary,High,,,
2020-03-26,7:00am,GBP,MPC Official Bank Rate Votes,High,0-0-9,0-9-0,
2020-03-26,7:00am,GBP,Official Bank Rate,High,0.10%,0.10%,
2020-03-26,7:00am,GBP,Asset Purchase Facility,Medium,645B,645B,
2020-03-26,7:00am,GBP,MPC Asset Purchase Facility Votes,Medium,0-0-9,9-0-0,
2020-03-26,7:30am,USD,Unemployment Claims,High,1648K,282K,
2020-03-26,7:30am,USD,Final GDP q/q,Low,2.1%,2.1%,
2020-03-26,7:30am,USD,Final GDP Price Index q/q,Medium,1.3%,1.3%,
2020-03-26,7:30am,USD,Goods Trade Balance,Medium,-64.5B,-65.9B,
2020-03-26,7:30am,USD,Prelim Wholesale Inventories m/m,Medium,-0.2%,-0.4%,
2020-03-26,9:30am,USD,Natural Gas Storage,Medium,-30B,-9B,
2020-03-26,6:30pm,JPY,Tokyo Core CPI y/y,Medium,0.4%,0.5%,
2020-03-27,FriMar 27,USD,Personal Income m/m,Medium,0.4%,0.6%,
2020-03-27,FriMar 27,USD,Personal Spending m/m,Medium,0.2%,0.2%,
2020-03-27,9:00am,USD,Revised UoM Consumer Sentiment,Medium,90.0,95.9,
2020-03-27,9:00am,USD,Revised UoM Inflation Expectations,Medium,,2.3%,
2020-03-27,4:30pm,USD,President Trump Speaks,High,,,
2020-03-28,SatMar 28,EUR,Daylight Saving Time Shift,Low,,,
2020-03-28,SatMar 28,GBP,Daylight Saving Time Shift,Low,,,
2020-03-30,MonMar 30,EUR,Spanish Flash CPI y/y,Medium,0.6%,0.7%,
2020-03-30,All Day,EUR,German Prelim CPI m/m,Medium,0.0%,0.4%,
2020-03-30,3:30am,GBP,M4 Money Supply m/m,Medium,0.4%,0.7%,
2020-03-30,3:30am,GBP,Mortgage Approvals,Medium,68K,71K,
2020-03-30,3:32am,GBP,Net Lending to Individuals m/m,Medium,5.1B,5.1B,
2020-03-30,9:00am,USD,Pending Home Sales m/m,Medium,-1.8%,5.3%,
2020-03-30,4:15pm,USD,President Trump Speaks,High,,,
2020-03-30,6:01pm,GBP,GfK Consumer Confidence,Medium,-14,-7,
2020-03-30,6:30pm,JPY,Unemployment Rate,Medium,2.4%,2.4%,
2020-03-30,6:50pm,JPY,Prelim Industrial Production m/m,Medium,0.0%,1.0%,
2020-03-30,6:50pm,JPY,Retail Sales y/y,Medium,-1.5%,-0.4%,
2020-03-31,1:00am,EUR,German Import Prices m/m,Medium,-0.3%,-0.4%,
2020-03-31,1:00am,GBP,Current Account,Low,-7.0B,-19.9B,
2020-03-31,1:00am,GBP,Final GDP q/q,Medium,0.0%,0.0%,
2020-03-31,1:00am,GBP,Revised Business Investment q/q,Medium,-1.0%,-1.0%,
2020-03-31,1:30am,CHF,Retail Sales y/y,Medium,0.0%,0.0%,
2020-03-31,1:45am,EUR,French Consumer Spending m/m,Medium,-0.7%,-1.2%,
2020-03-31,1:45am,EUR,French Prelim CPI m/m,Medium,-0.4%,0.0%,
2020-03-31,2:55am,EUR,German Unemployment Change,Medium,23K,-8K,
2020-03-31,4:00am,EUR,Core CPI Flash Estimate y/y,Medium,1.1%,1.2%,
2020-03-31,4:00am,EUR,CPI Flash Estimate y/y,Medium,0.8%,1.2%,
2020-03-31,4:00am,EUR,Italian Prelim CPI m/m,Medium,0.1%,-0.1%,
2020-03-31,4:14am,EUR,Italian 10-y Bond Auction,Medium,,1.29|1.5,
2020-03-31,7:30am,USD,Fed Announcement,High,,,
2020-03-31,8:00am,USD,S&P/CS Composite-20 HPI y/y,Medium,3.4%,2.8%,
2020-03-31,8:45am,USD,Chicago PMI,Low,44.1,49.0,
2020-03-31,9:00am,USD,CB Consumer Confidence,High,115.1,132.6,
2020-03-31,3:30pm,USD,API Weekly Statistical Bulletin,Medium,,,
2020-03-31,4:30pm,USD,President Trump Speaks,High,,,
2020-03-31,6:01pm,GBP,BRC Shop Price Index y/y,Medium,,-0.6%,
2020-03-31,6:50pm,JPY,Tankan Manufacturing Index,Medium,-10,0,
2020-03-31,6:50pm,JPY,Tankan Non-Manufacturing Index,Medium,3,20,
2020-03-31,7:30pm,JPY,Final Manufacturing PMI,Medium,44.9,44.8,
2020-04-01,1:00am,EUR,German Retail Sales m/m,Medium,0.1%,1.0%,
2020-04-01,2:15am,EUR,Spanish Manufacturing PMI,Medium,44.0,50.4,
2020-04-01,2:30am,CHF,Manufacturing PMI,Medium,42.3,49.5,
2020-04-01,2:45am,EUR,Italian Manufacturing PMI,Medium,41.1,48.7,
2020-04-01,2:50am,EUR,French Final Manufacturing PMI,Medium,42.9,42.9,
2020-04-01,2:55am,EUR,German Final Manufacturing PMI,Medium,45.6,45.7,
2020-04-01,3:00am,EUR,Final Manufacturing PMI,Medium,44.7,44.8,
2020-04-01,3:00am,EUR,Italian Monthly Unemployment Rate,Medium,10.0%,9.8%,
2020-04-01,3:30am,GBP,Final Manufacturing PMI,Medium,47.1,48.0,
2020-04-01,4:00am,EUR,Unemployment Rate,Medium,7.4%,7.4%,
2020-04-01,7:15am,USD,ADP Non-Farm Employment Change,High,-150K,179K,
2020-04-01,8:45am,USD,Final Manufacturing PMI,Medium,48.2,49.2,
2020-04-01,9:00am,USD,ISM Manufacturing PMI,High,44.9,50.1,
2020-04-01,9:00am,USD,Construction Spending m/m,Medium,0.6%,2.8%,
2020-04-01,9:00am,USD,ISM Manufacturing Prices,Medium,41.6,45.9,
2020-04-01,All Day,USD,Wards Total Vehicle Sales,Medium,12.2M,16.8M,
2020-04-01,9:30am,USD,Crude Oil Inventories,Medium,3.7M,1.6M,
2020-04-01,4:37pm,USD,President Trump Speaks,High,,,
2020-04-01,6:50pm,JPY,Monetary Base y/y,Medium,3.5%,3.6%,
2020-04-01,10:35pm,JPY,10-y Bond Auction,Medium,,-0.10|3.2,
2020-04-02,1:30am,CHF,CPI m/m,Medium,0.1%,0.1%,
2020-04-02,2:00am,EUR,Spanish Unemployment Change,Medium,27.7K,-7.8K,
2020-04-02,3:53am,EUR,Spanish 10-y Bond Auction,Medium,,0.66|2.2,
2020-04-02,3:59am,EUR,French 10-y Bond Auction,Medium,,-0.32|2.2,
2020-04-02,4:00am,EUR,PPI m/m,Medium,-0.3%,0.2%,
2020-04-02,6:30am,USD,Challenger Job Cuts y/y,Medium,,-26.3%,
2020-04-02,7:30am,USD,Unemployment Claims,High,3600K,3307K,
2020-04-02,7:30am,USD,Trade Balance,Medium,-40.6B,-45.5B,
2020-04-02,9:00am,USD,Factory Orders m/m,Medium,0.2%,-0.5%,
2020-04-02,9:30am,USD,Natural Gas Storage,Medium,-31B,-29B,
2020-04-02,4:23pm,USD,President Trump Speaks,High,,,
2020-04-03,2:15am,EUR,Spanish Services PMI,Medium,25.6,52.1,
2020-04-03,2:45am,EUR,Italian Services PMI,Medium,22.4,52.1,
2020-04-03,2:50am,EUR,French Final Services PMI,Medium,29.0,29.0,
2020-04-03,2:55am,EUR,German Final Services PMI,Medium,34.3,34.5,
2020-04-03,3:00am,EUR,Final Services PMI,Medium,28.2,28.4,
2020-04-03,3:30am,GBP,Final Services PMI,Low,34.7,35.7,
2020-04-03,4:00am,EUR,Retail Sales m/m,Medium,0.1%,0.7%,
2020-04-03,7:30am,USD,Average Hourly Earnings m/m,High,0.2%,0.3%,
2020-04-03,7:30am,USD,Non-Farm Employment Change,High,-100K,275K,
2020-04-03,7:30am,USD,Unemployment Rate,High,3.8%,3.5%,
2020-04-03,8:45am,USD,Final Services PMI,Medium,38.7,39.1,
2020-04-03,9:00am,USD,ISM Services PMI,Low,43.5,57.3,
2020-04-04,2:30pm,USD,President Trump Speaks,High,,,
2020-04-05,6:01pm,GBP,GfK Consumer Confidence,Medium,,-9,
2020-04-06,1:00am,EUR,German Factory Orders m/m,Medium,-2.7%,4.8%,
2020-04-06,3:30am,EUR,Sentix Investor Confidence,Medium,-30.5,-17.1,
2020-04-06,3:30am,GBP,Construction PMI,Medium,44.0,52.6,
2020-04-06,3:34am,GBP,Housing Equity Withdrawal q/q,Medium,-6.2B,-6.0B,
2020-04-06,4:42pm,USD,President Trump Speaks,High,,,
2020-04-06,6:30pm,JPY,Average Cash Earnings y/y,Medium,0.2%,1.2%,
2020-04-06,6:30pm,JPY,Household Spending y/y,Medium,-3.3%,-3.9%,
2020-04-06,10:35pm,JPY,30-y Bond Auction,Medium,,0.34|3.6,
2020-04-07,12:45am,CHF,Unemployment Rate,Medium,2.7%,2.6%,
2020-04-07,1:00am,EUR,German Industrial Production m/m,Medium,-0.7%,3.2%,
2020-04-07,1:45am,EUR,French Trade Balance,Medium,-5.1B,-6.0B,
2020-04-07,2:00am,CHF,Foreign Currency Reserves,Medium,,769B,
2020-04-07,2:30am,GBP,Halifax HPI m/m,Medium,0.2%,0.2%,
2020-04-07,3:00am,EUR,Italian Retail Sales m/m,Medium,-0.4%,0.1%,
2020-04-07,5:00am,USD,NFIB Small Business Index,Medium,96.3,104.5,
2020-04-07,Day 1,EUR,Eurogroup Meetings,Low,,,
2020-04-07,9:00am,USD,JOLTS Job Openings,Medium,6.55M,7.01M,
2020-04-07,9:00am,USD,RCM/TIPP Economic Optimism,Medium,49.1,53.9,
2020-04-07,12:01pm,USD,10-y Bond Auction,Medium,,0.85|2.4,
2020-04-07,2:00pm,USD,Consumer Credit m/m,Medium,13.9B,12.1B,
2020-04-07,3:30pm,USD,API Weekly Statistical Bulletin,Medium,,,
2020-04-07,4:42pm,USD,President Trump Speaks,High,,,
2020-04-07,6:50pm,JPY,Core Machinery Orders m/m,Medium,-2.9%,2.9%,
2020-04-07,6:50pm,JPY,Current Account,Medium,2.02T,1.63T,
2020-04-08,4:05am,GBP,10-y Bond Auction,Medium,,0.31|2.2,
2020-04-08,4:34am,EUR,German 10-y Bond Auction,Medium,,-0.77|1.0,
2020-04-08,Day 2,EUR,Eurogroup Meetings,Low,,,
2020-04-08,9:30am,USD,Crude Oil Inventories,Medium,9.8M,13.8M,
2020-04-08,12:01pm,USD,30-y Bond Auction,Medium,,1.32|2.4,
2020-04-08,1:00pm,USD,FOMC Meeting Minutes,Low,,,
2020-04-08,4:46pm,USD,President Trump Speaks,High,,,
2020-04-08,6:01pm,GBP,RICS House Price Balance,Medium,11%,29%,
2020-04-08,7:30pm,JPY,BOJ Gov Kuroda Speaks,Low,,,
2020-04-09,1:00am,EUR,German Trade Balance,Medium,20.3B,18.7B,
2020-04-09,1:00am,GBP,GDP m/m,Low,0.1%,0.1%,
2020-04-09,1:00am,GBP,Construction Output m/m,Medium,0.3%,-0.2%,
2020-04-09,1:00am,GBP,Goods Trade Balance,Medium,-6.0B,-5.8B,
2020-04-09,1:00am,GBP,Index of Services 3m/3m,Medium,0.3%,0.0%,
2020-04-09,1:00am,GBP,Industrial Production m/m,Medium,0.1%,0.2%,
2020-04-09,1:00am,GBP,Manufacturing Production m/m,Medium,0.2%,0.4%,
2020-04-09,3:00am,EUR,Italian Industrial Production m/m,Medium,-1.6%,3.6%,
2020-04-09,Day 3,EUR,Eurogroup Meetings,Low,,,
2020-04-09,6:30am,EUR,ECB Monetary Policy Meeting Accounts,High,,,
2020-04-09,7:30am,USD,Fed Announcement,High,,,
2020-04-09,7:30am,USD,Unemployment Claims,High,5000K,6867K,
2020-04-09,7:30am,USD,Core PPI m/m,Low,0.0%,-0.3%,
2020-04-09,7:30am,USD,PPI m/m,Low,-0.3%,-0.6%,
2020-04-09,8:28am,GBP,NIESR GDP Estimate,Medium,,0.1%,
2020-04-09,9:00am,USD,Fed Chairman Powell Speaks,High,,,
2020-04-09,9:00am,USD,Prelim UoM Consumer Sentiment,Low,75.0,89.1,
2020-04-09,9:00am,USD,Final Wholesale Inventories m/m,Medium,-0.5%,-0.5%,
2020-04-09,9:00am,USD,Prelim UoM Inflation Expectations,Medium,,2.2%,
2020-04-09,9:30am,USD,Natural Gas Storage,Medium,23B,-19B,
2020-04-09,12:00pm,GBP,FPC Statement,Medium,,,
2020-04-09,5:24pm,USD,President Trump Speaks,High,,,
2020-04-09,6:50pm,JPY,Bank Lending y/y,Medium,2.1%,2.1%,
2020-04-09,6:50pm,JPY,PPI y/y,Medium,-0.1%,0.8%,
2020-04-10,All Day,EUR,German Bank Holiday,Low,,,
2020-04-10,1:45am,EUR,French Industrial Production m/m,Medium,0.0%,1.1%,
2020-04-10,All Day,GBP,Bank Holiday,Low,,,
2020-04-10,7:30am,USD,Core CPI m/m,High,0.1%,0.2%,
2020-04-10,7:30am,USD,CPI m/m,High,-0.3%,0.1%,
2020-04-10,7:30am,USD,CPI y/y,High,1.6%,2.3%,
2020-04-10,8:30am,GBP,CB Leading Index m/m,Medium,,0.0%,
2020-04-10,11:30am,USD,FOMC Member Mester Speaks,Medium,,,
2020-04-10,12:30pm,USD,FOMC Member Quarles Speaks,Medium,,,
2020-04-10,1:00pm,USD,President Trump Speaks,High,,,
2020-04-10,1:00pm,USD,Federal Budget Balance,Medium,-135.0B,-235.3B,
2020-04-12,6:50pm,JPY,M2 Money Stock y/y,Medium,2.9%,3.0%,
2020-04-13,All Day,EUR,French Bank Holiday,Low,,,
2020-04-13,All Day,EUR,German Bank Holiday,Low,,,
2020-04-13,All Day,EUR,Italian Bank Holiday,Low,,,
2020-04-13,All Day,GBP,Bank Holiday,Low,,,
2020-04-13,4:49pm,USD,President Trump Speaks,High,,,
2020-04-14,7:30am,USD,Import Prices m/m,Medium,-3.1%,-0.7%,
2020-04-14,3:30pm,USD,API Weekly Statistical Bulletin,Medium,,,
2020-04-14,5:15pm,USD,President Trump Speaks,High,,,
2020-04-15,4:00am,CHF,SECO Consumer Climate,Medium,,-9,
2020-04-15,4:28am,GBP,10-y Bond Auction,Medium,,0.38|3.9,
2020-04-15,4:37am,EUR,German 30-y Bond Auction,Medium,,0.01|1.1,
2020-04-15,7:30am,USD,Core Retail Sales m/m,High,-4.9%,-0.4%,
2020-04-15,7:30am,USD,Retail Sales m/m,High,-8.0%,-0.4%,
2020-04-15,7:30am,USD,Empire State Manufacturing Index,Medium,-35.2,-21.5,
2020-04-15,8:15am,USD,Capacity Utilization Rate,Medium,73.7%,77.0%,
2020-04-15,8:15am,USD,Industrial Production m/m,Medium,-4.1%,0.5%,
2020-04-15,9:00am,USD,Business Inventories m/m,Medium,-0.4%,-0.3%,
2020-04-15,9:00am,USD,NAHB Housing Market Index,Medium,56,72,
2020-04-15,9:30am,USD,Crude Oil Inventories,Medium,12.1M,15.2M,
2020-04-15,1:00pm,USD,Beige Book,Medium,,,
2020-04-15,3:00pm,USD,TIC Long-Term Purchases,Medium,24.6B,21.8B,
2020-04-15,4:50pm,USD,President Trump Speaks,High,,,
2020-04-15,6:01pm,GBP,BRC Retail Sales Monitor y/y,Medium,-5.5%,-0.4%,
2020-04-16,ThuApr 16,EUR,German WPI m/m,Medium,0.2%,-0.9%,
2020-04-16,1:30am,CHF,PPI m/m,Medium,-1.2%,-0.9%,
2020-04-16,3:30am,GBP,BOE Credit Conditions Survey,Low,,,
2020-04-16,4:00am,EUR,Industrial Production m/m,Medium,-0.1%,2.3%,
2020-04-16,5:34am,GBP,30-y Bond Auction,Medium,,1.03|2.1,
2020-04-16,7:30am,USD,Unemployment Claims,High,5350K,6615K,
2020-04-16,7:30am,USD,Building Permits,Low,1.30M,1.45M,
2020-04-16,7:30am,USD,Housing Starts,Medium,1.31M,1.56M,
2020-04-16,7:32am,USD,Philly Fed Manufacturing Index,Low,-30.0,-12.7,
2020-04-16,8:30am,GBP,MPC Member Tenreyro Speaks,Medium,,,
2020-04-16,9:30am,USD,Natural Gas Storage,Medium,63B,38B,
2020-04-16,1:00pm,USD,FOMC Member Williams Speaks,Medium,,,
2020-04-16,5:08pm,USD,President Trump Speaks,High,,,
2020-04-16,11:30pm,JPY,Revised Industrial Production m/m,Medium,0.4%,0.4%,
2020-04-16,11:30pm,JPY,Tertiary Industry Activity m/m,Medium,-0.4%,0.3%,
2020-04-17,4:00am,EUR,Final Core CPI y/y,Medium,1.0%,1.0%,
2020-04-17,4:00am,EUR,Final CPI y/y,Medium,0.7%,0.7%,
2020-04-17,9:00am,USD,CB Leading Index m/m,Medium,-7.1%,-0.2%,
2020-04-17,5:00pm,USD,President Trump Speaks,High,,,
2020-04-19,6:01pm,GBP,Rightmove HPI m/m,Medium,,1.0%,
2020-04-19,6:50pm,JPY,Trade Balance,Medium,-0.11T,0.48T,
2020-04-20,3:00am,EUR,Current Account,Medium,36.3B,31.8B,
2020-04-20,4:00am,EUR,Trade Balance,Medium,19.2B,18.2B,
2020-04-20,5:00am,EUR,German Buba Monthly Report,Medium,,,
2020-04-20,4:40pm,USD,President Trump Speaks,High,,,
2020-04-21,1:00am,CHF,Trade Balance,Medium,3.23B,3.54B,
2020-04-21,1:00am,GBP,Claimant Count Change,High,170.0K,6.0K,
2020-04-21,1:00am,GBP,Average Earnings Index 3m/y,Medium,3.0%,3.1%,
2020-04-21,1:00am,GBP,Unemployment Rate,Medium,3.9%,3.9%,
2020-04-21,4:00am,EUR,German ZEW Economic Sentiment,Low,-40.0,-49.5,
2020-04-21,4:00am,EUR,ZEW Economic Sentiment,Medium,-38.2,-49.5,
2020-04-21,9:00am,USD,Existing Home Sales,Medium,5.27M,5.76M,
2020-04-21,3:30pm,USD,API Weekly Statistical Bulletin,Medium,,,
2020-04-21,4:46pm,USD,President Trump Speaks,High,,,
2020-04-22,WedApr 22,GBP,Core CPI y/y,Medium,1.6%,1.7%,
2020-04-22,WedApr 22,GBP,RPI y/y,Medium,2.3%,2.5%,
2020-04-22,1:02am,GBP,PPI Input m/m,Medium,-3.9%,-0.9%,
2020-04-22,1:02am,GBP,PPI Output m/m,Medium,-0.4%,-0.2%,
2020-04-22,3:30am,GBP,HPI y/y,Medium,1.5%,1.5%,
2020-04-22,8:00am,USD,HPI m/m,Medium,0.4%,0.5%,
2020-04-22,8:36am,EUR,Consumer Confidence,Medium,-20,-12,
2020-04-22,9:30am,USD,Crude Oil Inventories,Medium,14.7M,19.2M,
2020-04-22,5:11pm,USD,President Trump Speaks,High,,,
2020-04-22,7:30pm,JPY,Flash Manufacturing PMI,Medium,43.8,44.8,
2020-04-23,ThuApr 23,GBP,Public Sector Net Borrowing,Medium,2.0B,0.1B,
2020-04-23,2:15am,EUR,French Flash Services PMI,High,24.7,27.4,
2020-04-23,2:15am,EUR,French Flash Manufacturing PMI,Low,37.3,43.2,
2020-04-23,2:30am,EUR,German Flash Manufacturing PMI,High,39.0,45.4,
2020-04-23,2:30am,EUR,German Flash Services PMI,High,28.3,31.7,
2020-04-23,3:00am,EUR,Flash Manufacturing PMI,Low,38.7,44.5,
2020-04-23,3:00am,EUR,Flash Services PMI,Low,23.2,26.4,
2020-04-23,3:30am,GBP,Flash Manufacturing PMI,High,42.0,47.8,
2020-04-23,3:30am,GBP,Flash Services PMI,High,28.5,34.5,
2020-04-23,4:30am,GBP,MPC Member Vlieghe Speaks,Low,,,
2020-04-23,5:00am,GBP,CBI Industrial Order Expectations,Medium,-50,-29,
2020-04-23,All Day,EUR,EU Economic Summit,Low,,,
2020-04-23,7:30am,USD,Unemployment Claims,High,4350K,5237K,
2020-04-23,8:45am,USD,Flash Manufacturing PMI,High,35.1,48.5,
2020-04-23,8:45am,USD,Flash Services PMI,Medium,30.5,39.8,
2020-04-23,9:00am,USD,New Home Sales,Medium,643K,741K,
2020-04-23,9:30am,USD,Natural Gas Storage,Medium,43B,73B,
2020-04-23,4:43pm,USD,President Trump Speaks,High,,,
2020-04-23,6:01pm,GBP,GfK Consumer Confidence,Medium,-40,-34,
2020-04-23,6:30pm,JPY,National Core CPI y/y,Medium,0.4%,0.6%,
2020-04-23,6:50pm,JPY,SPPI y/y,Medium,1.7%,2.1%,
2020-04-23,11:30pm,JPY,All Industries Activity m/m,Medium,-0.4%,0.6%,
2020-04-24,3:00am,EUR,German ifo Business Climate,High,79.8,85.9,
2020-04-24,7:30am,USD,Core Durable Goods Orders m/m,High,-6.1%,-0.7%,
2020-04-24,7:30am,USD,Durable Goods Orders m/m,Low,-12.0%,1.1%,
2020-04-24,7:57am,EUR,Belgian NBB Business Climate,Medium,-21.0,-10.9,
2020-04-24,9:00am,USD,Revised UoM Consumer Sentiment,Medium,67.8,71.0,
2020-04-24,9:00am,USD,Revised UoM Inflation Expectations,Medium,,2.1%,
2020-04-24,4:40pm,USD,President Trump Speaks,High,,,
2020-04-26,10:08pm,JPY,Monetary Policy Statement,High,,,
2020-04-26,10:08pm,JPY,BOJ Policy Rate,Medium,-0.10%,-0.10%,
2020-04-26,10:09pm,JPY,BOJ Outlook Report,High,,,
2020-04-27,4:38pm,USD,President Trump Speaks,High,,,
2020-04-27,6:30pm,JPY,Unemployment Rate,Medium,2.5%,2.4%,
2020-04-28,2:00am,EUR,Spanish Unemployment Rate,Low,15.6%,13.8%,
2020-04-28,4:09am,GBP,10-y Bond Auction,Medium,,0.27|2.9,
2020-04-28,5:00am,GBP,CBI Realized Sales,Medium,-45,-3,
2020-04-28,7:30am,USD,Goods Trade Balance,Medium,-55.0B,-59.9B,
2020-04-28,7:30am,USD,Prelim Wholesale Inventories m/m,Medium,-0.4%,-0.7%,
2020-04-28,8:00am,USD,S&P/CS Composite-20 HPI y/y,Medium,3.1%,3.1%,
2020-04-28,8:59am,USD,Richmond Manufacturing Index,Medium,-41,2,
2020-04-28,9:00am,USD,CB Consumer Confidence,High,88.3,118.8,
2020-04-28,3:30pm,USD,API Weekly Statistical Bulletin,Medium,,,
2020-04-28,6:01pm,GBP,BRC Shop Price Index y/y,Medium,,-0.8%,
2020-04-28,All Day,JPY,Bank Holiday,Low,,,
2020-04-29,All Day,EUR,German Prelim CPI m/m,Medium,0.0%,0.1%,
2020-04-29,3:00am,CHF,UBS Economic Expectations,Medium,,-45.8,
2020-04-29,3:00am,EUR,M3 Money Supply y/y,Medium,5.5%,5.5%,
2020-04-29,3:00am,EUR,Private Loans y/y,Medium,3.8%,3.7%,
2020-04-29,4:20am,EUR,Italian 10-y Bond Auction,Medium,,1.44|1.5,
2020-04-29,4:37am,EUR,German 10-y Bond Auction,Medium,,-0.34|1.8,
2020-04-29,5:38am,GBP,30-y Bond Auction,Medium,,0.68|2.4,
2020-04-29,7:32am,USD,Advance GDP q/q,High,-4.0%,2.1%,
2020-04-29,7:34am,USD,Advance GDP Price Index q/q,Low,1.0%,1.3%,
2020-04-29,9:00am,USD,Pending Home Sales m/m,Low,-13.3%,2.3%,
2020-04-29,9:30am,USD,Crude Oil Inventories,Medium,11.2M,15.0M,
2020-04-29,1:00pm,USD,FOMC Statement,High,,,
2020-04-29,1:00pm,USD,Federal Funds Rate,Low,<0.25%,<0.25%,
2020-04-29,1:30pm,USD,FOMC Press Conference,High,,,
2020-04-29,6:50pm,JPY,Prelim Industrial Production m/m,Medium,-5.0%,-0.3%,
2020-04-29,6:50pm,JPY,Retail Sales y/y,Medium,-4.6%,1.6%,
2020-04-30,12:02am,JPY,Housing Starts y/y,Medium,-16.1%,-12.3%,
2020-04-30,12:30am,EUR,French Flash GDP q/q,Low,-4.0%,-0.1%,
2020-04-30,1:03am,EUR,German Retail Sales m/m,Medium,-8.1%,0.8%,
2020-04-30,1:30am,CHF,Retail Sales y/y,Medium,-3.6%,0.3%,
2020-04-30,1:45am,EUR,French Consumer Spending m/m,Medium,-5.7%,-0.5%,
2020-04-30,1:45am,EUR,French Prelim CPI m/m,Medium,-0.2%,0.0%,
2020-04-30,2:00am,CHF,KOF Economic Barometer,Medium,63.5,91.7,
2020-04-30,2:00am,EUR,Spanish Flash GDP q/q,Low,-4.2%,0.4%,
2020-04-30,2:00am,EUR,Spanish Flash CPI y/y,Medium,-0.5%,0.0%,
2020-04-30,2:55am,EUR,German Unemployment Change,Medium,75K,1K,
2020-04-30,3:00am,EUR,Italian Monthly Unemployment Rate,Medium,10.5%,9.3%,
2020-04-30,4:00am,EUR,Prelim Flash GDP q/q,Low,-3.7%,0.1%,
2020-04-30,4:00am,EUR,Core CPI Flash Estimate y/y,Medium,0.7%,1.0%,
2020-04-30,4:00am,EUR,CPI Flash Estimate y/y,Medium,0.1%,0.7%,
2020-04-30,4:00am,EUR,Italian Prelim CPI m/m,Medium,-0.2%,0.1%,
2020-04-30,4:00am,EUR,Unemployment Rate,Medium,7.7%,7.3%,
2020-04-30,5:00am,EUR,Italian Prelim GDP q/q,Medium,-5.0%,-0.3%,
2020-04-30,6:45am,EUR,Main Refinancing Rate,High,0.00%,0.00%,
2020-04-30,6:45am,EUR,Monetary Policy Statement,High,,,
2020-04-30,7:30am,EUR,ECB Press Conference,High,,,
2020-04-30,7:30am,USD,Unemployment Claims,High,3500K,4442K,
2020-04-30,7:30am,USD,Personal Spending m/m,Low,-4.8%,0.2%,
2020-04-30,7:30am,USD,Core PCE Price Index m/m,Medium,-0.1%,0.2%,
2020-04-30,7:30am,USD,Employment Cost Index q/q,Medium,0.7%,0.7%,
2020-04-30,7:30am,USD,Personal Income m/m,Medium,-1.6%,0.6%,
2020-04-30,8:45am,USD,Chicago PMI,Low,38.0,47.8,
2020-04-30,9:00am,USD,Fed Announcement,High,,,
2020-04-30,9:30am,USD,Natural Gas Storage,Medium,70B,43B,
2020-04-30,6:30pm,JPY,Tokyo Core CPI y/y,Medium,0.1%,0.4%,
2020-04-30,6:50pm,JPY,Monetary Policy Meeting Minutes,Medium,,,
2020-04-30,6:50pm,JPY,Retail Sales y/y,Medium,,,
2020-04-30,7:30pm,JPY,Final Manufacturing PMI,Medium,43.7,43.7,
2020-05-01,All Day,CHF,Bank Holiday,Low,,,
2020-05-01,All Day,EUR,French Bank Holiday,Low,,,
2020-05-01,All Day,EUR,German Bank Holiday,Low,,,
2020-05-01,All Day,EUR,Italian Bank Holiday,Low,,,
2020-05-01,3:30am,GBP,Final Manufacturing PMI,Medium,32.8,32.9,
2020-05-01,3:30am,GBP,M4 Money Supply m/m,Medium,0.2%,0.4%,
2020-05-01,3:30am,GBP,Mortgage Approvals,Medium,59K,74K,
2020-05-01,3:33am,GBP,Net Lending to Individuals m/m,Medium,4.2B,5.2B,
2020-05-01,8:45am,USD,Final Manufacturing PMI,Medium,36.9,36.9,
2020-05-01,9:00am,USD,ISM Manufacturing PMI,High,36.7,49.1,
2020-05-01,9:00am,USD,Construction Spending m/m,Medium,-3.5%,-2.5%,
2020-05-01,9:00am,USD,ISM Manufacturing Prices,Medium,30.7,37.4,
2020-05-01,All Day,USD,Wards Total Vehicle Sales,Medium,7.0M,11.4M,
2020-05-04,2:30am,CHF,Manufacturing PMI,Medium,35.2,43.7,
2020-05-04,2:45am,EUR,Italian Manufacturing PMI,Medium,30.3,40.3,
2020-05-04,2:50am,EUR,French Final Manufacturing PMI,Medium,31.5,31.5,
2020-05-04,2:55am,EUR,German Final Manufacturing PMI,Medium,34.4,34.4,
2020-05-04,3:00am,EUR,Final Manufacturing PMI,Medium,33.6,33.6,
2020-05-04,3:30am,EUR,Sentix Investor Confidence,Medium,-25.9,-42.9,
2020-05-04,9:00am,USD,Factory Orders m/m,Medium,-9.2%,-0.1%,
2020-05-04,1:00pm,USD,Loan Officer Survey,Medium,,,
2020-05-04,All Day,JPY,Bank Holiday,Low,,,
2020-05-05,1:30am,CHF,CPI m/m,Medium,-0.1%,0.1%,
2020-05-05,1:45am,EUR,French Gov Budget Balance,Medium,,-35.2B,
2020-05-05,2:00am,EUR,Spanish Unemployment Change,Medium,500.0K,302.3K,
2020-05-05,3:00am,EUR,German Buba President Weidmann Speaks,Medium,,,
2020-05-05,3:11am,EUR,German Constitutional Court Ruling,High,,,
2020-05-05,3:30am,GBP,Final Services PMI,Low,12.3,12.3,
2020-05-05,4:00am,EUR,PPI m/m,Medium,-1.3%,-0.7%,
2020-05-05,7:30am,USD,Trade Balance,Medium,-41.0B,-39.8B,
2020-05-05,8:45am,USD,Final Services PMI,Medium,27.0,27.0,
2020-05-05,9:00am,USD,ISM Services PMI,High,37.5,52.5,
2020-05-05,9:01am,USD,RCM/TIPP Economic Optimism,Medium,35.2,47.8,
2020-05-05,3:30pm,USD,API Weekly Statistical Bulletin,Medium,,,
2020-05-05,All Day,JPY,Bank Holiday,Low,,,
2020-05-06,2:15am,EUR,Spanish Services PMI,Medium,10.0,23.0,
2020-05-06,2:45am,EUR,Italian Services PMI,Medium,9.2,17.4,
2020-05-06,2:50am,EUR,French Final Services PMI,Medium,10.4,10.4,
2020-05-06,2:55am,EUR,German Final Services PMI,Medium,15.9,15.9,
2020-05-06,3:00am,EUR,Final Services PMI,Medium,11.7,11.7,
2020-05-06,3:30am,GBP,Construction PMI,Medium,21.5,39.3,
2020-05-06,4:00am,EUR,EU Economic Forecasts,High,,,
2020-05-06,4:00am,EUR,Retail Sales m/m,Medium,-11.2%,0.6%,
2020-05-06,7:15am,USD,ADP Non-Farm Employment Change,High,-20500K,-149K,
2020-05-06,9:30am,USD,Crude Oil Inventories,Medium,8.5M,9.0M,
2020-05-06,6:50pm,JPY,Monetary Base y/y,Medium,4.5%,2.8%,
2020-05-07,1:00am,EUR,German Industrial Production m/m,Medium,-7.3%,0.3%,
2020-05-07,1:00am,GBP,BOE Monetary Policy Report,High,,,
2020-05-07,1:00am,GBP,Monetary Policy Summary,High,,,
2020-05-07,1:00am,GBP,MPC Official Bank Rate Votes,High,0-0-9,0-0-9,
2020-05-07,1:00am,GBP,Official Bank Rate,High,0.10%,0.10%,
2020-05-07,1:00am,GBP,Asset Purchase Facility,Medium,645B,645B,
2020-05-07,1:00am,GBP,BOE Financial Stability Report,Medium,,,
2020-05-07,1:00am,GBP,FPC Meeting Minutes,Medium,,,
2020-05-07,1:00am,GBP,FPC Statement,Medium,,,
2020-05-07,1:00am,GBP,MPC Asset Purchase Facility Votes,Medium,0-0-9,0-0-9,
2020-05-07,1:45am,EUR,French Industrial Production m/m,Medium,-12.7%,0.8%,
2020-05-07,1:45am,EUR,French Prelim Private Payrolls q/q,Medium,-0.3%,0.5%,
2020-05-07,1:45am,EUR,French Trade Balance,Medium,-4.6B,-5.0B,
2020-05-07,2:00am,CHF,Foreign Currency Reserves,Medium,,763B,
2020-05-07,2:30am,GBP,Halifax HPI m/m,Medium,-0.3%,-0.3%,
2020-05-07,3:00am,EUR,German Buba President Weidmann Speaks,Medium,,,
2020-05-07,3:07am,EUR,Italian Retail Sales m/m,Medium,-14.9%,0.9%,
2020-05-07,4:00am,GBP,BOE Gov Bailey Speaks,High,,,
2020-05-07,4:04am,EUR,French 10-y Bond Auction,Medium,,0.04|2.7,
2020-05-07,6:30am,USD,Challenger Job Cuts y/y,Medium,,266.9%,
2020-05-07,7:30am,USD,Unemployment Claims,High,3000K,3846K,
2020-05-07,7:30am,USD,Prelim Nonfarm Productivity q/q,Medium,-5.4%,1.2%,
2020-05-07,7:30am,USD,Prelim Unit Labor Costs q/q,Medium,4.3%,0.9%,
2020-05-07,9:00am,EUR,ECB President Lagarde Speaks,High,,,
2020-05-07,9:30am,USD,Natural Gas Storage,Medium,112B,70B,
2020-05-07,2:00pm,USD,Consumer Credit m/m,Medium,14.9B,19.9B,
2020-05-07,3:00pm,USD,FOMC Member Harker Speaks,Medium,,,
2020-05-07,6:01pm,GBP,GfK Consumer Confidence,Medium,-37,-34,
2020-05-07,6:30pm,JPY,Average Cash Earnings y/y,Medium,0.1%,0.7%,
2020-05-07,6:30pm,JPY,Household Spending y/y,Medium,-6.3%,-0.3%,
2020-05-08,All Day,EUR,French Bank Holiday,Low,,,
2020-05-08,All Day,GBP,Bank Holiday,Low,,,
2020-05-08,All Day,EUR,Eurogroup Meetings,Low,,,
2020-05-08,6:00am,EUR,ECB President Lagarde Speaks,High,,,
2020-05-08,7:00am,USD,President Trump Speaks,High,,,
2020-05-08,7:30am,USD,Average Hourly Earnings m/m,High,0.5%,0.5%,
2020-05-08,7:30am,USD,Non-Farm Employment Change,High,-22000K,-881K,
2020-05-08,7:30am,USD,Unemployment Rate,High,16.0%,4.4%,
2020-05-08,9:00am,USD,Final Wholesale Inventories m/m,Medium,-1.0%,-1.0%,
2020-05-11,3:00am,EUR,Italian Industrial Production m/m,Medium,-20.0%,-1.0%,
2020-05-11,10:35pm,JPY,10-y Bond Auction,Medium,,0.02|4.2,
2020-05-12,5:00am,USD,NFIB Small Business Index,Medium,86.7,96.4,
2020-05-12,7:30am,USD,Core CPI m/m,High,-0.2%,-0.1%,
2020-05-12,7:30am,USD,CPI m/m,High,-0.7%,-0.4%,
2020-05-12,7:30am,USD,CPI y/y,High,0.4%,1.5%,
2020-05-12,9:00am,USD,FOMC Member Harker Speaks,Medium,,,
2020-05-12,9:00am,USD,FOMC Member Quarles Speaks,Medium,,,
2020-05-12,9:00am,USD,Mortgage Delinquencies,Medium,,3.77%,
2020-05-12,12:01pm,USD,10-y Bond Auction,Medium,,0.78|2.4,
2020-05-12,1:00pm,USD,Federal Budget Balance,Medium,-729.7B,-119.1B,
2020-05-12,3:30pm,USD,API Weekly Statistical Bulletin,Medium,,,
2020-05-12,4:00pm,USD,FOMC Member Mester Speaks,Medium,,,
2020-05-12,6:01pm,GBP,BRC Retail Sales Monitor y/y,Medium,-15.0%,-3.5%,
2020-05-12,6:50pm,JPY,Bank Lending y/y,Medium,2.0%,2.0%,
2020-05-12,6:50pm,JPY,Current Account,Medium,1.29T,2.35T,
2020-05-13,1:00am,GBP,Prelim GDP q/q,High,-2.6%,0.0%,
2020-05-13,1:00am,GBP,GDP m/m,Low,-7.9%,-0.2%,
2020-05-13,1:00am,GBP,Construction Output m/m,Medium,-7.1%,-2.1%,
2020-05-13,1:00am,GBP,Index of Services 3m/3m,Medium,-2.5%,0.2%,
2020-05-13,1:02am,GBP,Manufacturing Production m/m,Low,-6.0%,0.3%,
2020-05-13,1:02am,GBP,Goods Trade Balance,Medium,-10.0B,-9.8B,
2020-05-13,1:02am,GBP,Industrial Production m/m,Medium,-5.5%,-0.1%,
2020-05-13,1:02am,GBP,Prelim Business Investment q/q,Medium,-3.0%,-0.5%,
2020-05-13,4:00am,EUR,Industrial Production m/m,Medium,-12.3%,-0.1%,
2020-05-13,4:35am,EUR,German 30-y Bond Auction,Medium,,-0.09|1.9,
2020-05-13,7:30am,USD,Core PPI m/m,Low,-0.1%,0.2%,
2020-05-13,7:30am,USD,PPI m/m,Low,-0.5%,-0.2%,
2020-05-13,8:00am,USD,Fed Chairman Powell Speaks,High,,,
2020-05-13,8:10am,GBP,NIESR GDP Estimate,Medium,,-2.0%,
2020-05-13,9:30am,USD,Crude Oil Inventories,Medium,4.1M,4.6M,
2020-05-13,12:05pm,USD,30-y Bond Auction,Medium,,1.33|2.4,
2020-05-13,6:01pm,GBP,RICS House Price Balance,Medium,-25%,9%,
2020-05-13,6:50pm,JPY,M2 Money Stock y/y,Medium,3.4%,3.3%,
2020-05-13,10:35pm,JPY,30-y Bond Auction,Medium,,0.43|3.5,
2020-05-14,1:00am,EUR,German Final CPI m/m,Medium,0.3%,0.3%,
2020-05-14,1:00am,EUR,German WPI m/m,Medium,-0.3%,-0.4%,
2020-05-14,1:30am,CHF,PPI m/m,Medium,-1.3%,-0.3%,
2020-05-14,3:00am,EUR,ECB Economic Bulletin,Medium,,,
2020-05-14,3:02am,EUR,Italian Trade Balance,Medium,5.40B,6.09B,
2020-05-14,5:30am,GBP,BOE Gov Bailey Speaks,High,,,
2020-05-14,7:30am,USD,Unemployment Claims,Low,2500K,3176K,
2020-05-14,7:30am,USD,Import Prices m/m,Medium,-3.1%,-2.4%,
2020-05-14,9:30am,USD,Natural Gas Storage,Medium,107B,109B,
2020-05-14,10:00am,USD,FOMC Member Kashkari Speaks,Medium,,,
2020-05-14,6:50pm,JPY,PPI y/y,Medium,-1.4%,-0.4%,
2020-05-15,1:45am,EUR,French Final CPI m/m,Medium,0.1%,0.1%,
2020-05-15,3:00am,EUR,German Prelim GDP q/q,High,-2.2%,-0.1%,
2020-05-15,4:00am,EUR,Flash Employment Change q/q,Medium,-2.0%,0.3%,
2020-05-15,4:00am,EUR,Flash GDP q/q,Medium,-3.8%,-3.8%,
2020-05-15,4:00am,EUR,Trade Balance,Medium,17.2B,25.6B,
2020-05-15,All Day,EUR,Eurogroup Meetings,Medium,,,
2020-05-15,7:30am,USD,Core Retail Sales m/m,High,-8.6%,-4.0%,
2020-05-15,7:30am,USD,Retail Sales m/m,High,-12.0%,-8.3%,
2020-05-15,7:30am,USD,Empire State Manufacturing Index,Medium,-65.0,-78.2,
2020-05-15,8:15am,USD,Capacity Utilization Rate,Medium,63.9%,73.2%,
2020-05-15,8:15am,USD,Industrial Production m/m,Medium,-11.3%,-4.5%,
2020-05-15,9:00am,USD,Prelim UoM Consumer Sentiment,Low,68.0,71.8,
2020-05-15,9:00am,USD,Business Inventories m/m,Medium,-0.3%,-0.5%,
2020-05-15,9:00am,USD,JOLTS Job Openings,Medium,5.77M,7.00M,
2020-05-15,9:00am,USD,Prelim UoM Inflation Expectations,Medium,,2.1%,
2020-05-15,3:00pm,USD,TIC Long-Term Purchases,Medium,-67.4B,49.6B,
2020-05-17,6:00pm,USD,Fed Chairman Powell Speaks,High,,,
2020-05-17,6:50pm,JPY,Prelim GDP Price Index y/y,Medium,0.7%,1.2%,
2020-05-17,6:50pm,JPY,Prelim GDP q/q,Medium,-1.1%,-1.8%,
2020-05-17,11:30pm,JPY,Tertiary Industry Activity m/m,Medium,-3.6%,-0.7%,
2020-05-18,8:30am,GBP,CB Leading Index m/m,Medium,,-0.1%,
2020-05-18,9:00am,USD,NAHB Housing Market Index,Medium,35,30,
2020-05-18,10:00am,GBP,MPC Member Tenreyro Speaks,Medium,,,
2020-05-18,3:00pm,USD,FOMC Financial Stability Report,Medium,,,
2020-05-18,11:30pm,JPY,Revised Industrial Production m/m,Medium,-3.7%,-3.7%,
2020-05-19,1:02am,GBP,Average Earnings Index 3m/y,Medium,2.7%,2.8%,
2020-05-19,1:02am,GBP,Unemployment Rate,Medium,4.4%,4.0%,
2020-05-19,4:00am,EUR,ZEW Economic Sentiment,Medium,27.4,25.2,
2020-05-19,4:00am,EUR,German ZEW Economic Sentiment,Medium,30.0,28.2,
2020-05-19,All Day,EUR,ECOFIN Meetings,Medium,,,
2020-05-19,7:30am,USD,Building Permits,Low,1.00M,1.36M,
2020-05-19,7:30am,USD,Housing Starts,Medium,0.95M,1.28M,
2020-05-19,9:00am,USD,Fed Chairman Powell Testifies,High,,,
2020-05-19,9:00am,USD,FOMC Member Kashkari Speaks,Medium,,,
2020-05-19,3:30pm,USD,API Weekly Statistical Bulletin,Medium,,,
2020-05-19,6:50pm,JPY,Core Machinery Orders m/m,Medium,-6.8%,2.3%,
2020-05-20,WedMay 20,GBP,PPI Input m/m,Medium,-4.2%,-3.8%,
2020-05-20,WedMay 20,GBP,PPI Output m/m,Medium,-0.5%,-0.2%,
2020-05-20,1:02am,GBP,Core CPI y/y,Medium,1.4%,1.6%,
2020-05-20,1:02am,GBP,RPI y/y,Medium,1.6%,2.6%,
2020-05-20,3:00am,EUR,Current Account,Medium,29.2B,37.8B,
2020-05-20,3:30am,GBP,HPI y/y,Medium,1.5%,2.0%,
2020-05-20,4:00am,EUR,Final Core CPI y/y,Medium,0.9%,0.9%,
2020-05-20,4:00am,EUR,Final CPI y/y,Medium,0.4%,0.4%,
2020-05-20,4:33am,EUR,German 10-y Bond Auction,Medium,,-0.48|2.5,
2020-05-20,8:30am,GBP,BOE Gov Bailey Speaks,High,,,
2020-05-20,9:00am,EUR,Consumer Confidence,Medium,-23,-23,
2020-05-20,9:30am,USD,Crude Oil Inventories,Medium,1.7M,-0.7M,
2020-05-20,1:00pm,USD,FOMC Meeting Minutes,Low,,,
2020-05-20,6:50pm,JPY,Trade Balance,Medium,-0.65T,-0.38T,
2020-05-20,7:30pm,JPY,Flash Manufacturing PMI,Medium,38.5,41.9,
2020-05-21,All Day,EUR,French Bank Holiday,Low,,,
2020-05-21,All Day,EUR,German Bank Holiday,Low,,,
2020-05-21,2:15am,EUR,French Flash Services PMI,High,27.9,10.2,
2020-05-21,2:15am,EUR,French Flash Manufacturing PMI,Low,36.0,31.5,
2020-05-21,2:30am,EUR,German Flash Manufacturing PMI,High,39.3,34.5,
2020-05-21,2:30am,EUR,German Flash Services PMI,High,26.3,16.2,
2020-05-21,3:00am,EUR,Flash Manufacturing PMI,Low,38.0,33.4,
2020-05-21,3:00am,EUR,Flash Services PMI,Low,25.0,12.0,
2020-05-21,3:30am,GBP,Flash Manufacturing PMI,Low,35.1,32.6,
2020-05-21,3:30am,GBP,Flash Services PMI,Low,24.1,13.4,
2020-05-21,3:55am,EUR,Spanish 10-y Bond Auction,Medium,,0.69|2.0,
2020-05-21,5:00am,GBP,CBI Industrial Order Expectations,Medium,-50,-56,
2020-05-21,7:30am,USD,Philly Fed Manufacturing Index,Low,-40.0,-56.6,
2020-05-21,7:30am,USD,Unemployment Claims,Low,2400K,2687K,
2020-05-21,8:45am,USD,Flash Manufacturing PMI,High,39.3,36.1,
2020-05-21,8:45am,USD,Flash Services PMI,Medium,32.6,26.7,
2020-05-21,9:00am,USD,CB Leading Index m/m,Medium,-5.5%,-7.4%,
2020-05-21,9:00am,USD,Existing Home Sales,Medium,4.31M,5.27M,
2020-05-21,9:00am,USD,FOMC Member Williams Speaks,Medium,,,
2020-05-21,9:30am,USD,Natural Gas Storage,Medium,83B,103B,
2020-05-21,12:00pm,USD,FOMC Member Clarida Speaks,Medium,,,
2020-05-21,1:30pm,USD,Fed Chairman Powell Speaks,High,,,
2020-05-21,6:01pm,GBP,GfK Consumer Confidence,Medium,,-33,
2020-05-21,6:30pm,JPY,National Core CPI y/y,Medium,-0.1%,0.4%,
2020-05-21,8:00pm,JPY,Monetary Policy Statement,High,,,
2020-05-21,8:00pm,JPY,BOJ Policy Rate,Medium,-0.10%,-0.10%,
2020-05-22,FriMay 22,GBP,Public Sector Net Borrowing,Medium,48.7B,14.0B,
2020-05-22,6:30am,EUR,ECB Monetary Policy Meeting Accounts,High,,,
2020-05-25,All Day,GBP,Bank Holiday,Low,,,
2020-05-25,3:00am,EUR,German ifo Business Climate,Medium,78.3,74.2,
2020-05-25,All Day,USD,Bank Holiday,Low,,,
2020-05-25,7:56am,EUR,Belgian NBB Business Climate,Medium,-29.7,-36.1,
2020-05-25,6:50pm,JPY,SPPI y/y,Medium,1.3%,1.6%,
2020-05-25,8:00pm,JPY,BOJ Gov Kuroda Speaks,Low,,,
2020-05-25,11:30pm,JPY,All Industries Activity m/m,Medium,-3.9%,-0.7%,
2020-05-26,1:00am,EUR,German GfK Consumer Climate,Medium,-19.1,-23.1,
2020-05-26,1:02am,CHF,Trade Balance,Medium,3.89B,3.96B,
2020-05-26,5:00am,GBP,CBI Realized Sales,Medium,-65,-55,
2020-05-26,8:00am,EUR,ECB Financial Stability Review,Low,,,
2020-05-26,8:00am,USD,HPI m/m,Medium,0.6%,0.8%,
2020-05-26,8:00am,USD,S&P/CS Composite-20 HPI y/y,Medium,3.4%,3.5%,
2020-05-26,9:00am,USD,CB Consumer Confidence,Low,87.1,85.7,
2020-05-26,9:00am,USD,New Home Sales,Medium,492K,619K,
2020-05-26,12:00pm,USD,FOMC Member Kashkari Speaks,Medium,,,
2020-05-27,3:00am,CHF,UBS Economic Expectations,Medium,,12.7,
2020-05-27,8:59am,USD,Richmond Manufacturing Index,Medium,-40,-53,
2020-05-27,1:00pm,USD,Beige Book,Medium,,,
2020-05-27,3:30pm,USD,API Weekly Statistical Bulletin,Medium,,,
2020-05-28,2:00am,EUR,Spanish Flash CPI y/y,Medium,-1.0%,-0.7%,
2020-05-28,5:00am,GBP,MPC Member Saunders Speaks,Low,,,
2020-05-28,5:37am,GBP,30-y Bond Auction,Medium,,0.61|2.3,
2020-05-28,7:30am,USD,Prelim GDP q/q,High,-4.8%,-4.8%,
2020-05-28,7:30am,USD,Core Durable Goods Orders m/m,Low,-14.8%,-0.4%,
2020-05-28,7:30am,USD,Durable Goods Orders m/m,Low,-19.0%,-14.7%,
2020-05-28,7:30am,USD,Unemployment Claims,Low,2100K,2446K,
2020-05-28,7:30am,USD,Prelim GDP Price Index q/q,Medium,1.3%,1.3%,
2020-05-28,9:00am,USD,Pending Home Sales m/m,Low,-15.0%,-20.8%,
2020-05-28,9:30am,USD,Natural Gas Storage,Medium,113B,81B,
2020-05-28,10:00am,USD,Crude Oil Inventories,Medium,-2.5M,-5.0M,
2020-05-28,10:00am,USD,FOMC Member Williams Speaks,Medium,,,
2020-05-28,6:30pm,JPY,Tokyo Core CPI y/y,Medium,-0.2%,-0.1%,
2020-05-28,6:30pm,JPY,Unemployment Rate,Medium,2.7%,2.5%,
2020-05-28,6:50pm,JPY,Prelim Industrial Production m/m,Medium,-5.5%,-3.7%,
2020-05-28,6:50pm,JPY,Retail Sales y/y,Medium,-11.2%,-4.7%,
2020-05-29,12:02am,JPY,Consumer Confidence,Medium,21.3,21.6,
2020-05-29,1:00am,EUR,German Import Prices m/m,Medium,-1.5%,-3.5%,
2020-05-29,1:00am,EUR,German Retail Sales m/m,Medium,-12.0%,-4.0%,
2020-05-29,1:45am,EUR,French Consumer Spending m/m,Medium,-14.5%,-16.9%,
2020-05-29,1:45am,EUR,French Prelim CPI m/m,Medium,0.1%,0.0%,
2020-05-29,1:45am,EUR,French Prelim GDP q/q,Medium,-5.8%,-5.8%,
2020-05-29,2:00am,CHF,KOF Economic Barometer,Medium,70.2,59.7,
2020-05-29,3:00am,EUR,M3 Money Supply y/y,Medium,8.1%,7.5%,
2020-05-29,3:00am,EUR,Private Loans y/y,Medium,3.5%,3.4%,
2020-05-29,4:00am,EUR,Core CPI Flash Estimate y/y,Medium,0.8%,0.9%,
2020-05-29,4:00am,EUR,CPI Flash Estimate y/y,Medium,0.1%,0.3%,
2020-05-29,4:00am,EUR,Italian Prelim CPI m/m,Medium,-0.1%,0.1%,
2020-05-29,4:21am,EUR,Italian 10-y Bond Auction,Medium,,1.78|1.3,
2020-05-29,7:30am,USD,Core PCE Price Index m/m,Low,-0.3%,0.0%,
2020-05-29,7:30am,USD,Personal Spending m/m,Low,-12.6%,-6.9%,
2020-05-29,7:30am,USD,Goods Trade Balance,Medium,-64.8B,-65.0B,
2020-05-29,7:30am,USD,Personal Income m/m,Medium,-7.0%,-2.2%,
2020-05-29,7:30am,USD,Prelim Wholesale Inventories m/m,Medium,-0.5%,-0.8%,
2020-05-29,8:45am,USD,Chicago PMI,Low,40.1,35.4,
2020-05-29,9:00am,USD,Revised UoM Consumer Sentiment,Low,73.7,73.7,
2020-05-29,9:00am,USD,Revised UoM Inflation Expectations,Medium,,3.0%,
2020-05-29,10:00am,USD,Fed Chairman Powell Speaks,High,,,
2020-05-29,1:00pm,USD,President Trump Speaks,High,,,
2020-05-31,6:50pm,JPY,Capital Spending q/y,Medium,-5.1%,-3.5%,
2020-05-31,7:30pm,JPY,Final Manufacturing PMI,Medium,38.4,38.4,
2020-06-01,All Day,EUR,French Bank Holiday,Low,,,
2020-06-01,All Day,EUR,German Bank Holiday,Low,,,
2020-06-01,2:15am,EUR,Spanish Manufacturing PMI,Medium,38.5,30.8,
2020-06-01,2:45am,EUR,Italian Manufacturing PMI,Medium,35.5,31.1,
2020-06-01,2:50am,EUR,French Final Manufacturing PMI,Medium,40.3,40.3,
2020-06-01,2:55am,EUR,German Final Manufacturing PMI,Medium,36.8,36.8,
2020-06-01,3:00am,EUR,Final Manufacturing PMI,Medium,39.5,39.5,
2020-06-01,3:30am,GBP,Final Manufacturing PMI,Medium,40.7,40.6,
2020-06-01,8:45am,USD,Final Manufacturing PMI,Medium,39.8,39.8,
2020-06-01,9:00am,USD,ISM Manufacturing PMI,High,43.5,41.5,
2020-06-01,9:00am,USD,Construction Spending m/m,Medium,-6.5%,0.0%,
2020-06-01,9:00am,USD,ISM Manufacturing Prices,Medium,40.0,35.3,
2020-06-01,6:50pm,JPY,Monetary Base y/y,Medium,2.6%,2.3%,
2020-06-01,10:35pm,JPY,10-y Bond Auction,Medium,,0.00|4.1,
2020-06-02,All Day,EUR,Italian Bank Holiday,Low,,,
2020-06-02,1:30am,CHF,Retail Sales y/y,Medium,-4.9%,-5.8%,
2020-06-02,1:45am,EUR,French Gov Budget Balance,Medium,,-52.5B,
2020-06-02,2:00am,EUR,Spanish Unemployment Change,Medium,230.3K,282.9K,
2020-06-02,2:30am,CHF,Manufacturing PMI,Medium,42.0,40.7,
2020-06-02,3:30am,GBP,Mortgage Approvals,Medium,34K,56K,
2020-06-02,3:30am,GBP,Net Lending to Individuals m/m,Medium,1.7B,1.0B,
2020-06-02,3:32am,GBP,M4 Money Supply m/m,Medium,2.5%,3.2%,
2020-06-02,5:38am,GBP,10-y Bond Auction,Medium,,0.26|3.2,
2020-06-02,All Day,USD,Wards Total Vehicle Sales,Medium,11.1M,8.6M,
2020-06-02,3:30pm,USD,API Weekly Statistical Bulletin,Medium,,,
2020-06-02,6:01pm,GBP,BRC Shop Price Index y/y,Medium,,-1.7%,
2020-06-03,2:15am,EUR,Spanish Services PMI,Medium,24.7,7.1,
2020-06-03,2:45am,EUR,Italian Services PMI,Medium,26.2,10.8,
2020-06-03,2:50am,EUR,French Final Services PMI,Medium,29.4,29.4,
2020-06-03,2:55am,EUR,German Final Services PMI,Medium,31.4,31.4,
2020-06-03,2:55am,EUR,German Unemployment Change,Medium,188K,372K,
2020-06-03,3:00am,EUR,Final Services PMI,Medium,28.7,28.7,
2020-06-03,3:00am,EUR,Italian Monthly Unemployment Rate,Medium,9.2%,8.0%,
2020-06-03,3:30am,GBP,Final Services PMI,High,27.9,27.8,
2020-06-03,4:00am,EUR,PPI m/m,Medium,-1.8%,-1.5%,
2020-06-03,4:00am,EUR,Unemployment Rate,Medium,8.2%,7.1%,
2020-06-03,7:15am,USD,ADP Non-Farm Employment Change,High,-9000K,-19557K,
2020-06-03,8:45am,USD,Final Services PMI,Medium,37.2,36.9,
2020-06-03,9:00am,USD,ISM Services PMI,High,44.2,41.8,
2020-06-03,9:00am,USD,Factory Orders m/m,Medium,-13.7%,-11.0%,
2020-06-03,9:30am,USD,Crude Oil Inventories,Medium,3.0M,7.9M,
2020-06-03,10:35pm,JPY,30-y Bond Auction,Medium,,0.45|3.7,
2020-06-04,3:30am,GBP,Construction PMI,Medium,29.5,8.2,
2020-06-04,3:59am,EUR,Spanish 10-y Bond Auction,Medium,,0.71|1.3,
2020-06-04,4:00am,EUR,Retail Sales m/m,Medium,-15.0%,-11.1%,
2020-06-04,4:03am,EUR,French 10-y Bond Auction,Medium,,0.03|2.0,
2020-06-04,6:30am,USD,Challenger Job Cuts y/y,Medium,,1576.9%,
2020-06-04,6:45am,EUR,Main Refinancing Rate,High,0.00%,0.00%,
2020-06-04,6:45am,EUR,Monetary Policy Statement,High,,,
2020-06-04,7:30am,EUR,ECB Press Conference,High,,,
2020-06-04,7:30am,USD,Unemployment Claims,Low,1820K,2126K,
2020-06-04,7:30am,USD,Revised Nonfarm Productivity q/q,Medium,-2.5%,-2.5%,
2020-06-04,7:30am,USD,Revised Unit Labor Costs q/q,Medium,4.8%,4.8%,
2020-06-04,7:30am,USD,Trade Balance,Medium,-41.5B,-42.3B,
2020-06-04,9:30am,USD,Natural Gas Storage,Medium,110B,109B,
2020-06-04,6:01pm,GBP,GfK Consumer Confidence,Medium,-34,-34,
2020-06-04,6:30pm,JPY,Household Spending y/y,Medium,-12.8%,-6.0%,
2020-06-05,1:00am,EUR,German Factory Orders m/m,Medium,-20.0%,-15.0%,
2020-06-05,2:00am,CHF,Foreign Currency Reserves,Medium,,801B,
2020-06-05,2:30am,GBP,Halifax HPI m/m,Medium,-0.7%,-0.6%,
2020-06-05,3:00am,EUR,Italian Retail Sales m/m,Medium,-19.0%,-21.3%,
2020-06-05,7:30am,USD,Average Hourly Earnings m/m,High,1.0%,4.7%,
2020-06-05,7:30am,USD,Non-Farm Employment Change,High,-7750K,-20687K,
2020-06-05,7:30am,USD,Unemployment Rate,High,19.4%,14.7%,
2020-06-05,2:00pm,USD,Consumer Credit m/m,Medium,-20.0B,-11.5B,
2020-06-07,6:50pm,JPY,Bank Lending y/y,Medium,4.0%,2.9%,
2020-06-07,6:50pm,JPY,Final GDP q/q,Medium,-0.5%,-0.9%,
2020-06-07,6:52pm,JPY,Current Account,Medium,0.33T,0.94T,
2020-06-07,6:52pm,JPY,Final GDP Price Index y/y,Medium,0.9%,0.9%,
2020-06-08,1:00am,EUR,German Industrial Production m/m,Low,-16.0%,-8.9%,
2020-06-08,3:30am,EUR,Sentix Investor Confidence,Medium,-22.0,-41.8,
2020-06-08,8:45am,EUR,ECB President Lagarde Speaks,High,,,
2020-06-08,6:01pm,GBP,BRC Retail Sales Monitor y/y,Medium,3.0%,5.7%,
2020-06-08,6:30pm,JPY,Average Cash Earnings y/y,Medium,-1.0%,0.1%,
2020-06-08,6:50pm,JPY,M2 Money Stock y/y,Medium,4.0%,3.7%,
2020-06-09,12:59am,JPY,Prelim Machine Tool Orders y/y,Medium,,-48.3%,
2020-06-09,1:02am,EUR,German Trade Balance,Medium,11.9B,12.8B,
2020-06-09,1:45am,EUR,French Trade Balance,Medium,-3.4B,-3.2B,
2020-06-09,4:00am,EUR,Final Employment Change q/q,Medium,-0.2%,-0.2%,
2020-06-09,4:00am,EUR,Revised GDP q/q,Medium,-3.8%,-3.8%,
2020-06-09,All Day,EUR,ECOFIN Meetings,Medium,,,
2020-06-09,5:00am,USD,NFIB Small Business Index,Medium,92.1,90.9,
2020-06-09,9:00am,USD,Final Wholesale Inventories m/m,Medium,0.4%,0.4%,
2020-06-09,9:00am,USD,JOLTS Job Openings,Medium,5.75M,6.01M,
2020-06-09,9:01am,USD,RCM/TIPP Economic Optimism,Medium,52.1,49.7,
2020-06-09,9:30am,GBP,MPC Member Cunliffe Speaks,Low,,,
2020-06-09,12:01pm,USD,10-y Bond Auction,Medium,,0.70|2.7,
2020-06-09,3:30pm,USD,API Weekly Statistical Bulletin,Medium,,,
2020-06-09,6:50pm,JPY,Core Machinery Orders m/m,Medium,-7.5%,-0.4%,
2020-06-09,6:50pm,JPY,PPI y/y,Medium,-2.4%,-2.4%,
2020-06-10,7:30am,USD,Core CPI m/m,High,0.0%,-0.4%,
2020-06-10,7:30am,USD,CPI m/m,High,0.0%,-0.8%,
2020-06-10,7:30am,USD,CPI y/y,High,0.3%,0.3%,
2020-06-10,9:30am,USD,Crude Oil Inventories,Medium,-1.8M,-2.1M,
2020-06-10,1:00pm,USD,Federal Funds Rate,High,<0.25%,<0.25%,
2020-06-10,1:00pm,USD,FOMC Economic Projections,High,,,
2020-06-10,1:00pm,USD,FOMC Statement,High,,,
2020-06-10,1:00pm,USD,Federal Budget Balance,Medium,-580.0B,-737.9B,
2020-06-10,1:30pm,USD,FOMC Press Conference,High,,,
2020-06-10,6:01pm,GBP,RICS House Price Balance,Medium,-24%,-22%,
2020-06-10,6:50pm,JPY,BSI Manufacturing Index,Medium,-20.5,-17.2,
2020-06-11,3:00am,EUR,Italian Industrial Production m/m,Medium,-24.0%,-28.4%,
2020-06-11,All Day,EUR,Eurogroup Meetings,Low,,,
2020-06-11,7:30am,USD,Core PPI m/m,Low,-0.1%,-0.3%,
2020-06-11,7:30am,USD,PPI m/m,Low,0.1%,-1.3%,
2020-06-11,7:30am,USD,Unemployment Claims,Low,1550K,1897K,
2020-06-11,9:30am,USD,Natural Gas Storage,Medium,93B,102B,
2020-06-11,12:01pm,USD,30-y Bond Auction,Medium,,1.34|2.3,
2020-06-11,11:30pm,JPY,Revised Industrial Production m/m,Medium,-9.1%,-9.1%,
2020-06-12,FriJun 12,GBP,Manufacturing Production m/m,Low,-15.0%,-4.6%,
2020-06-12,FriJun 12,GBP,Industrial Production m/m,Medium,-15.0%,-4.2%,
2020-06-12,1:02am,GBP,Goods Trade Balance,Medium,-11.0B,-11.9B,
2020-06-12,1:03am,GBP,Construction Output m/m,Medium,-24.0%,-5.9%,
2020-06-12,1:03am,GBP,Index of Services 3m/3m,Medium,-10.6%,-1.9%,
2020-06-12,1:45am,EUR,French Final CPI m/m,Medium,0.0%,0.0%,
2020-06-12,3:00am,EUR,Italian Quarterly Unemployment Rate,Medium,8.8%,9.5%,
2020-06-12,3:30am,GBP,Consumer Inflation Expectations,Medium,,3.0%,
2020-06-12,4:00am,EUR,Industrial Production m/m,Medium,-19.0%,-11.9%,
2020-06-12,7:30am,USD,Import Prices m/m,Medium,0.6%,-2.6%,
2020-06-12,8:08am,GBP,NIESR GDP Estimate,Medium,,-10.3%,
2020-06-12,8:30am,GBP,CB Leading Index m/m,Medium,,-1.2%,
2020-06-12,9:00am,USD,Prelim UoM Consumer Sentiment,High,75.0,72.3,
2020-06-12,9:00am,USD,Prelim UoM Inflation Expectations,Medium,,3.2%,
2020-06-12,10:00am,USD,Fed Monetary Policy Report,Medium,,,
2020-06-14,11:30pm,JPY,Tertiary Industry Activity m/m,Medium,-7.5%,-3.8%,
2020-06-15,4:00am,EUR,Trade Balance,Medium,20.3B,25.5B,
2020-06-15,7:30am,USD,Empire State Manufacturing Index,Medium,-30.0,-48.5,
2020-06-15,10:00am,USD,FOMC Member Kaplan Speaks,Medium,,,
2020-06-15,1:00pm,USD,Fed Announcement,High,,,
2020-06-15,3:00pm,USD,TIC Long-Term Purchases,Medium,86.7B,-111.6B,
2020-06-15,9:33pm,JPY,Monetary Policy Statement,High,,,
2020-06-15,9:33pm,JPY,BOJ Policy Rate,Medium,-0.10%,-0.10%,
2020-06-16,12:59am,EUR,German WPI m/m,Medium,-1.0%,-1.4%,
2020-06-16,1:00am,EUR,German Final CPI m/m,Medium,-0.1%,-0.1%,
2020-06-16,1:00am,GBP,Claimant Count Change,High,405.3K,1032.7K,
2020-06-16,1:00am,GBP,Unemployment Rate,Medium,4.7%,3.9%,
2020-06-16,1:02am,GBP,Average Earnings Index 3m/y,Medium,1.4%,2.3%,
2020-06-16,1:30am,JPY,BOJ Press Conference,Low,,,
2020-06-16,4:00am,EUR,ZEW Economic Sentiment,Medium,53.4,46.0,
2020-06-16,4:00am,EUR,German ZEW Economic Sentiment,Medium,60.0,51.0,
2020-06-16,5:33am,GBP,10-y Bond Auction,Medium,,0.26|2.8,
2020-06-16,7:30am,USD,Core Retail Sales m/m,High,5.5%,-15.2%,
2020-06-16,7:30am,USD,Retail Sales m/m,High,7.9%,-14.7%,
2020-06-16,8:15am,USD,Capacity Utilization Rate,Medium,66.8%,64.0%,
2020-06-16,8:15am,USD,Industrial Production m/m,Medium,3.0%,-12.5%,
2020-06-16,9:00am,USD,Fed Chairman Powell Testifies,High,,,
2020-06-16,9:00am,USD,Business Inventories m/m,Medium,-0.8%,-0.3%,
2020-06-16,9:00am,USD,NAHB Housing Market Index,Medium,43,37,
2020-06-16,3:00pm,USD,FOMC Member Clarida Speaks,Medium,,,
2020-06-16,3:30pm,USD,API Weekly Statistical Bulletin,Medium,,,
2020-06-16,6:50pm,JPY,Trade Balance,Medium,-0.68T,-1.04T,
2020-06-17,WedJun 17,GBP,Core CPI y/y,Medium,1.3%,1.4%,
2020-06-17,WedJun 17,GBP,PPI Input m/m,Medium,4.1%,-5.5%,
2020-06-17,WedJun 17,GBP,PPI Output m/m,Medium,0.0%,-0.8%,
2020-06-17,1:02am,GBP,RPI y/y,Medium,1.2%,1.5%,
2020-06-17,4:00am,EUR,Final Core CPI y/y,Medium,0.9%,0.9%,
2020-06-17,4:00am,EUR,Final CPI y/y,Medium,0.1%,0.1%,
2020-06-17,4:37am,EUR,German 10-y Bond Auction,Medium,,-0.47|2.4,
2020-06-17,7:30am,USD,Building Permits,Low,1.23M,1.07M,
2020-06-17,7:30am,USD,Housing Starts,Medium,1.10M,0.93M,
2020-06-17,9:30am,USD,Crude Oil Inventories,Medium,0.0M,5.7M,
2020-06-17,11:00am,USD,Fed Chairman Powell Testifies,High,,,
2020-06-17,3:00pm,USD,FOMC Member Mester Speaks,Medium,,,
2020-06-17,11:30pm,CHF,SNB Financial Stability Report,Low,,,
2020-06-18,2:30am,CHF,SNB Monetary Policy Assessment,High,,,
2020-06-18,2:30am,CHF,SNB Policy Rate,Low,-0.75%,-0.75%,
2020-06-18,3:00am,CHF,SNB Press Conference,High,,,
2020-06-18,3:00am,EUR,ECB Economic Bulletin,Medium,,,
2020-06-18,3:03am,EUR,Italian Trade Balance,Medium,4.88B,5.68B,
2020-06-18,3:57am,EUR,Spanish 10-y Bond Auction,Medium,,0.55|1.4,
2020-06-18,6:00am,GBP,Asset Purchase Facility,High,745B,645B,
2020-06-18,6:00am,GBP,Monetary Policy Summary,High,,,
2020-06-18,6:00am,GBP,MPC Official Bank Rate Votes,High,0-0-9,0-0-9,
2020-06-18,6:00am,GBP,Official Bank Rate,High,0.10%,0.10%,
2020-06-18,6:02am,GBP,MPC Asset Purchase Facility Votes,High,9-0-0,2-0-7,
2020-06-18,6:20am,GBP,BOE Inflation Letter,Low,,,
2020-06-18,7:30am,USD,Philly Fed Manufacturing Index,Low,-23.0,-43.1,
2020-06-18,7:30am,USD,Unemployment Claims,Low,1300K,1566K,
2020-06-18,8:30am,GBP,BOE Gov Bailey Speaks,High,,,
2020-06-18,9:00am,USD,CB Leading Index m/m,Low,2.4%,-6.1%,
2020-06-18,9:30am,USD,Natural Gas Storage,Medium,83B,93B,
2020-06-18,11:15am,USD,FOMC Member Mester Speaks,Medium,,,
2020-06-18,6:01pm,GBP,GfK Consumer Confidence,Medium,-36,-36,
2020-06-18,6:30pm,JPY,National Core CPI y/y,Medium,-0.1%,-0.2%,
2020-06-18,Apr Data,JPY,Monetary Policy Meeting Minutes,Medium,,,
2020-06-18,6:50pm,JPY,Monetary Policy Meeting Minutes,Medium,,,
2020-06-19,FriJun 19,GBP,Retail Sales m/m,Low,6.3%,-18.0%,
2020-06-19,FriJun 19,GBP,Public Sector Net Borrowing,Medium,49.3B,47.8B,
2020-06-19,3:00am,EUR,Current Account,Medium,16.3B,27.4B,
2020-06-19,All Day,EUR,EU Economic Summit,High,,,
2020-06-19,7:30am,USD,Current Account,Medium,-101B,-104B,
2020-06-19,11:00am,USD,FOMC Member Quarles Speaks,Medium,,,
2020-06-19,12:00pm,USD,Fed Chairman Powell Speaks,Low,,,
2020-06-22,MonJun 22,GBP,CBI Industrial Order Expectations,Medium,-50,-62,
2020-06-22,8:48am,EUR,Consumer Confidence,Medium,-15,-19,
2020-06-22,9:00am,USD,Existing Home Sales,Medium,4.15M,4.33M,
2020-06-22,7:30pm,JPY,Flash Manufacturing PMI,Medium,39.5,38.4,
2020-06-23,2:15am,EUR,French Flash Services PMI,High,44.9,31.1,
2020-06-23,2:15am,EUR,French Flash Manufacturing PMI,Low,46.1,40.6,
2020-06-23,2:30am,EUR,German Flash Manufacturing PMI,High,41.5,36.6,
2020-06-23,2:30am,EUR,German Flash Services PMI,High,41.7,32.6,
2020-06-23,3:00am,EUR,Flash Manufacturing PMI,Low,43.8,39.4,
2020-06-23,3:00am,EUR,Flash Services PMI,Low,40.5,30.5,
2020-06-23,3:30am,GBP,Flash Manufacturing PMI,Low,45.2,40.7,
2020-06-23,3:30am,GBP,Flash Services PMI,Low,39.1,29.0,
2020-06-23,3:45am,GBP,BOE Gov Bailey Speaks,Low,,,
2020-06-23,5:36am,GBP,10-y Bond Auction,Medium,,0.22|3.3,
2020-06-23,8:45am,USD,Flash Manufacturing PMI,Low,50.0,39.8,
2020-06-23,8:45am,USD,Flash Services PMI,Medium,46.9,37.5,
2020-06-23,8:59am,USD,Richmond Manufacturing Index,Medium,-3,-27,
2020-06-23,9:00am,USD,New Home Sales,Medium,637K,580K,
2020-06-23,3:30pm,USD,API Weekly Statistical Bulletin,Medium,,,
2020-06-23,6:50pm,JPY,BOJ Summary of Opinions,Medium,,,
2020-06-23,6:50pm,JPY,SPPI y/y,Medium,0.8%,0.8%,
2020-06-24,WedJun 24,EUR,German ifo Business Climate,Medium,85.0,79.7,
2020-06-24,7:56am,EUR,Belgian NBB Business Climate,Medium,-25.1,-34.4,
2020-06-24,8:00am,CHF,SNB Quarterly Bulletin,Medium,,,
2020-06-24,8:00am,USD,HPI m/m,Medium,0.3%,0.1%,
2020-06-24,9:30am,USD,Crude Oil Inventories,Medium,1.2M,1.2M,
2020-06-24,11:30pm,JPY,All Industries Activity m/m,Medium,-6.5%,-3.4%,
2020-06-25,5:00am,GBP,CBI Realized Sales,Medium,-37,-50,
2020-06-25,6:30am,EUR,ECB Monetary Policy Meeting Accounts,Low,,,
2020-06-25,7:30am,USD,Core Durable Goods Orders m/m,Low,2.1%,-7.7%,
2020-06-25,7:30am,USD,Durable Goods Orders m/m,Low,10.3%,-17.7%,
2020-06-25,7:30am,USD,Final GDP q/q,Low,-5.0%,-5.0%,
2020-06-25,7:30am,USD,Unemployment Claims,Low,1320K,1540K,
2020-06-25,7:30am,USD,Goods Trade Balance,Medium,-68.0B,-70.7B,
2020-06-25,7:30am,USD,Prelim Wholesale Inventories m/m,Medium,0.4%,0.3%,
2020-06-25,7:32am,USD,Final GDP Price Index q/q,Medium,1.4%,1.4%,
2020-06-25,9:30am,USD,Natural Gas Storage,Medium,108B,85B,
2020-06-25,12:00pm,GBP,MPC Member Haldane Speaks,Medium,,,
2020-06-25,3:30pm,USD,Bank Stress Test Results,Low,,,
2020-06-25,6:30pm,JPY,Tokyo Core CPI y/y,Medium,0.2%,0.2%,
2020-06-26,2:00am,EUR,ECB President Lagarde Speaks,High,,,
2020-06-26,3:00am,EUR,M3 Money Supply y/y,Medium,8.6%,8.2%,
2020-06-26,3:00am,EUR,Private Loans y/y,Medium,3.3%,3.0%,
2020-06-26,7:30am,USD,Core PCE Price Index m/m,Low,0.0%,-0.4%,
2020-06-26,7:30am,USD,Personal Spending m/m,Low,8.9%,-12.6%,
2020-06-26,7:30am,USD,Personal Income m/m,Medium,-6.0%,10.8%,
2020-06-26,9:00am,USD,Revised UoM Consumer Sentiment,Low,79.1,78.9,
2020-06-26,9:00am,USD,Revised UoM Inflation Expectations,Medium,,3.0%,
2020-06-29,All Day,EUR,German Prelim CPI m/m,Medium,0.3%,-0.1%,
2020-06-29,2:00am,EUR,Spanish Flash CPI y/y,Medium,-0.9%,-0.9%,
2020-06-29,3:30am,GBP,M4 Money Supply m/m,Medium,1.6%,1.5%,
2020-06-29,3:30am,GBP,Mortgage Approvals,Medium,25K,16K,
2020-06-29,3:32am,GBP,Net Lending to Individuals m/m,Medium,-4.0B,-7.4B,
2020-06-29,4:30am,GBP,BOE Gov Bailey Speaks,Low,,,
2020-06-29,7:30am,GBP,MPC Member Vlieghe Speaks,Medium,,,
2020-06-29,9:00am,USD,Pending Home Sales m/m,Low,18.9%,-21.8%,
2020-06-29,6:30pm,JPY,Unemployment Rate,Medium,2.8%,2.6%,
2020-06-29,6:50pm,JPY,Prelim Industrial Production m/m,Medium,-5.6%,-9.8%,
2020-06-30,1:00am,GBP,Current Account,Medium,-15.2B,-9.2B,
2020-06-30,1:00am,GBP,Final GDP q/q,Medium,-2.0%,-2.0%,
2020-06-30,1:00am,GBP,Revised Business Investment q/q,Medium,0.1%,0.0%,
2020-06-30,1:30am,CHF,Retail Sales y/y,Medium,-15.0%,-18.8%,
2020-06-30,1:45am,EUR,French Consumer Spending m/m,Medium,30.0%,-19.1%,
2020-06-30,1:45am,EUR,French Prelim CPI m/m,Medium,0.4%,0.1%,
2020-06-30,2:00am,CHF,KOF Economic Barometer,Medium,77.0,49.6,
2020-06-30,4:00am,EUR,Core CPI Flash Estimate y/y,Medium,0.8%,0.9%,
2020-06-30,4:00am,EUR,CPI Flash Estimate y/y,Medium,-0.1%,0.1%,
2020-06-30,4:00am,EUR,Italian Prelim CPI m/m,Medium,0.1%,-0.2%,
2020-06-30,4:19am,EUR,Italian 10-y Bond Auction,Medium,,1.42|1.3,
2020-06-30,5:00am,GBP,MPC Member Haldane Speaks,Medium,,,
2020-06-30,8:00am,USD,S&P/CS Composite-20 HPI y/y,Medium,3.8%,3.9%,
2020-06-30,8:45am,USD,Chicago PMI,Low,45.0,32.3,
2020-06-30,9:00am,GBP,MPC Member Cunliffe Speaks,Medium,,,
2020-06-30,9:00am,USD,CB Consumer Confidence,Low,91.6,85.9,
2020-06-30,10:00am,USD,FOMC Member Williams Speaks,Medium,,,
2020-06-30,10:05am,USD,FOMC Member Brainard Speaks,Medium,,,
2020-06-30,11:30am,USD,Fed Chairman Powell Testifies,High,,,
2020-06-30,1:00pm,USD,FOMC Member Kashkari Speaks,Medium,,,
2020-06-30,3:30pm,USD,API Weekly Statistical Bulletin,Medium,,,
2020-06-30,6:01pm,GBP,BRC Shop Price Index y/y,Medium,,-2.4%,
2020-06-30,6:50pm,JPY,Tankan Manufacturing Index,Medium,-31,-8,
2020-06-30,6:50pm,JPY,Tankan Non-Manufacturing Index,Medium,-20,8,
2020-06-30,7:30pm,JPY,Final Manufacturing PMI,Medium,37.8,37.8,
2020-07-01,12:55am,GBP,Nationwide HPI m/m,Medium,-0.6%,-1.7%,
2020-07-01,1:00am,EUR,German Retail Sales m/m,Medium,3.5%,-6.5%,
2020-07-01,2:15am,EUR,Spanish Manufacturing PMI,Medium,45.2,38.3,
2020-07-01,2:30am,CHF,Manufacturing PMI,Medium,48.1,42.1,
2020-07-01,2:45am,EUR,Italian Manufacturing PMI,Medium,47.9,45.4,
2020-07-01,2:50am,EUR,French Final Manufacturing PMI,Medium,52.1,52.1,
2020-07-01,2:55am,EUR,German Final Manufacturing PMI,Medium,44.6,44.6,
2020-07-01,2:55am,EUR,German Unemployment Change,Medium,120K,237K,
2020-07-01,3:00am,EUR,Final Manufacturing PMI,Medium,46.9,46.9,
2020-07-01,3:30am,GBP,Final Manufacturing PMI,Medium,50.2,50.1,
2020-07-01,5:38am,GBP,30-y Bond Auction,Medium,,0.60|2.6,
2020-07-01,6:00am,GBP,MPC Member Haskel Speaks,Low,,,
2020-07-01,6:30am,USD,Challenger Job Cuts y/y,Medium,,577.8%,
2020-07-01,7:15am,USD,ADP Non-Farm Employment Change,High,2850K,3065K,
2020-07-01,8:45am,USD,Final Manufacturing PMI,Medium,49.6,49.6,
2020-07-01,9:00am,USD,ISM Manufacturing PMI,Low,49.5,43.1,
2020-07-01,9:00am,USD,Construction Spending m/m,Medium,1.0%,-3.5%,
2020-07-01,9:00am,USD,ISM Manufacturing Prices,Medium,43.8,40.8,
2020-07-01,All Day,USD,Wards Total Vehicle Sales,Medium,13.0M,8.7M,
2020-07-01,9:30am,USD,Crude Oil Inventories,Medium,-0.9M,1.4M,
2020-07-01,1:00pm,USD,FOMC Meeting Minutes,Low,,,
2020-07-01,6:50pm,JPY,Monetary Base y/y,Medium,4.2%,3.9%,
2020-07-01,10:35pm,JPY,10-y Bond Auction,Medium,,0.00|3.4,
2020-07-02,2:00am,EUR,Spanish Unemployment Change,Medium,-113.0K,26.6K,
2020-07-02,3:00am,EUR,Italian Monthly Unemployment Rate,Medium,7.9%,6.6%,
2020-07-02,3:55am,EUR,Spanish 10-y Bond Auction,Medium,,0.53|3.9,
2020-07-02,4:00am,EUR,PPI m/m,Medium,-0.4%,-2.0%,
2020-07-02,4:00am,EUR,Unemployment Rate,Medium,7.6%,7.3%,
2020-07-02,4:06am,EUR,French 10-y Bond Auction,Medium,,0.02|2.4,
2020-07-02,7:30am,USD,Average Hourly Earnings m/m,High,-0.8%,-1.0%,
2020-07-02,7:30am,USD,Non-Farm Employment Change,High,3037K,2699K,
2020-07-02,7:30am,USD,Unemployment Rate,High,12.4%,13.3%,
2020-07-02,7:30am,USD,Unemployment Claims,Low,1350K,1482K,
2020-07-02,7:30am,USD,Trade Balance,Medium,-53.0B,-49.8B,
2020-07-02,8:30am,USD,President Trump Speaks,High,,,
2020-07-02,9:00am,USD,Factory Orders m/m,Medium,8.6%,-13.5%,
2020-07-02,9:30am,USD,Natural Gas Storage,Medium,77B,120B,
2020-07-02,6:01pm,GBP,GfK Consumer Confidence,Medium,-29,-30,
2020-07-03,2:15am,EUR,Spanish Services PMI,Medium,46.0,27.9,
2020-07-03,2:45am,EUR,Italian Services PMI,Medium,46.9,28.9,
2020-07-03,2:50am,EUR,French Final Services PMI,Medium,50.3,50.3,
2020-07-03,2:55am,EUR,German Final Services PMI,Medium,45.8,45.8,
2020-07-03,3:00am,EUR,Final Services PMI,Medium,47.3,47.3,
2020-07-03,3:30am,GBP,Final Services PMI,Low,47.0,47.0,
2020-07-03,All Day,USD,Bank Holiday,Low,,,
2020-07-06,3:30am,EUR,Sentix Investor Confidence,Medium,-10.8,-24.8,
2020-07-06,3:30am,GBP,Construction PMI,Medium,46.0,28.9,
2020-07-06,3:34am,GBP,Housing Equity Withdrawal q/q,Medium,-5.5B,-5.0B,
2020-07-06,4:00am,EUR,Retail Sales m/m,Medium,15.0%,-12.1%,
2020-07-06,8:45am,USD,Final Services PMI,Medium,47.0,46.7,
2020-07-06,9:00am,USD,ISM Services PMI,High,50.0,45.4,
2020-07-06,6:30pm,JPY,Average Cash Earnings y/y,Medium,-0.9%,-0.7%,
2020-07-06,6:30pm,JPY,Household Spending y/y,Medium,-11.8%,-11.1%,
2020-07-06,10:35pm,JPY,30-y Bond Auction,Medium,,0.53|2.8,
2020-07-07,1:00am,EUR,German Industrial Production m/m,Medium,11.0%,-17.5%,
2020-07-07,1:45am,EUR,French Trade Balance,Medium,-4.5B,-5.1B,
2020-07-07,2:00am,CHF,Foreign Currency Reserves,Medium,,817B,
2020-07-07,2:30am,GBP,Halifax HPI m/m,Medium,-0.8%,-0.2%,
2020-07-07,3:02am,EUR,Italian Retail Sales m/m,Medium,15.0%,-10.7%,
2020-07-07,4:00am,EUR,EU Economic Forecasts,Low,,,
2020-07-07,8:59am,USD,RCM/TIPP Economic Optimism,Medium,48.2,47.0,
2020-07-07,9:00am,USD,JOLTS Job Openings,Medium,4.70M,5.00M,
2020-07-07,12:00pm,USD,FOMC Member Quarles Speaks,Medium,,,
2020-07-07,3:30pm,USD,API Weekly Statistical Bulletin,Medium,,,
2020-07-07,6:50pm,JPY,Bank Lending y/y,Medium,5.0%,4.8%,
2020-07-07,6:50pm,JPY,Current Account,Medium,0.71T,0.25T,
2020-07-08,12:45am,CHF,Unemployment Rate,Medium,3.6%,3.2%,
2020-07-08,9:30am,USD,Crude Oil Inventories,Low,-3.2M,-7.2M,
2020-07-08,12:01pm,USD,10-y Bond Auction,Medium,,0.83|2.3,
2020-07-08,2:00pm,USD,Consumer Credit m/m,Medium,-15.2B,-70.2B,
2020-07-08,6:01pm,GBP,RICS House Price Balance,Medium,-25%,-32%,
2020-07-08,6:50pm,JPY,Core Machinery Orders m/m,Medium,-5.2%,-12.0%,
2020-07-08,6:50pm,JPY,M2 Money Stock y/y,Medium,5.6%,5.1%,
2020-07-09,1:00am,EUR,German Trade Balance,Medium,6.6B,3.4B,
2020-07-09,All Day,EUR,Eurogroup Meetings,Low,,,
2020-07-09,7:30am,USD,Unemployment Claims,Low,1375K,1413K,
2020-07-09,9:00am,USD,Final Wholesale Inventories m/m,Medium,-1.2%,-1.2%,
2020-07-09,9:30am,USD,Natural Gas Storage,Medium,60B,65B,
2020-07-09,12:01pm,USD,30-y Bond Auction,Medium,,1.45|2.3,
2020-07-09,6:50pm,JPY,PPI y/y,Medium,-2.0%,-2.8%,
2020-07-10,3:00am,EUR,Italian Industrial Production m/m,Medium,23.5%,-20.5%,
2020-07-10,All Day,EUR,ECOFIN Meetings,Medium,,,
2020-07-10,7:30am,USD,Core PPI m/m,Low,0.1%,-0.1%,
2020-07-10,7:30am,USD,PPI m/m,Low,0.4%,0.4%,
2020-07-10,8:30am,GBP,CB Leading Index m/m,Medium,,-3.7%,
2020-07-12,11:30pm,JPY,Tertiary Industry Activity m/m,Medium,-3.7%,-7.7%,
2020-07-13,10:30am,GBP,BOE Gov Bailey Speaks,High,,,
2020-07-13,10:30am,USD,FOMC Member Williams Speaks,Medium,,,
2020-07-13,1:00pm,USD,Federal Budget Balance,Medium,-860.0B,-398.8B,
2020-07-13,6:01pm,GBP,BRC Retail Sales Monitor y/y,Medium,2.5%,7.9%,
2020-07-13,11:30pm,JPY,Revised Industrial Production m/m,Medium,-8.4%,-8.4%,
2020-07-14,TueJul 14,GBP,GDP m/m,Low,5.5%,-20.3%,
2020-07-14,TueJul 14,GBP,Construction Output m/m,Medium,14.9%,-40.2%,
2020-07-14,TueJul 14,GBP,Goods Trade Balance,Medium,-8.2B,-4.8B,
2020-07-14,TueJul 14,GBP,Index of Services 3m/3m,Medium,-16.9%,-10.7%,
2020-07-14,TueJul 14,GBP,Industrial Production m/m,Medium,6.2%,-20.2%,
2020-07-14,TueJul 14,GBP,Manufacturing Production m/m,Medium,7.5%,-24.4%,
2020-07-14,All Day,EUR,French Bank Holiday,Low,,,
2020-07-14,1:30am,CHF,PPI m/m,Medium,0.3%,-0.5%,
2020-07-14,4:00am,EUR,Industrial Production m/m,Medium,14.9%,-18.2%,
2020-07-14,4:00am,EUR,ZEW Economic Sentiment,Medium,55.8,58.6,
2020-07-14,4:00am,EUR,German ZEW Economic Sentiment,Medium,60.1,63.4,
2020-07-14,5:00am,USD,NFIB Small Business Index,Medium,97.5,94.4,
2020-07-14,5:35am,GBP,10-y Bond Auction,Medium,,0.25|2.3,
2020-07-14,7:30am,USD,CPI y/y,High,0.6%,0.1%,
2020-07-14,7:30am,USD,Core CPI m/m,Low,0.1%,-0.1%,
2020-07-14,7:30am,USD,CPI m/m,Low,0.5%,-0.1%,
2020-07-14,8:13am,GBP,NIESR GDP Estimate,Medium,,-19.1%,
2020-07-14,8:30am,CHF,SNB Chairman Jordan Speaks,Low,,,
2020-07-14,1:00pm,USD,FOMC Member Brainard Speaks,Medium,,,
2020-07-14,3:30pm,USD,API Weekly Statistical Bulletin,Medium,,,
2020-07-14,4:00pm,USD,President Trump Speaks,High,,,
2020-07-14,9:57pm,JPY,BOJ Outlook Report,High,,,
2020-07-14,9:57pm,JPY,Monetary Policy Statement,High,,,
2020-07-14,9:57pm,JPY,BOJ Policy Rate,Medium,-0.10%,-0.10%,
2020-07-15,WedJul 15,GBP,Core CPI y/y,Medium,1.2%,1.2%,
2020-07-15,WedJul 15,GBP,PPI Input m/m,Medium,3.0%,0.9%,
2020-07-15,WedJul 15,GBP,PPI Output m/m,Medium,0.2%,-0.2%,
2020-07-15,WedJul 15,GBP,RPI y/y,Medium,1.1%,1.0%,
2020-07-15,1:30am,JPY,BOJ Press Conference,Low,,,
2020-07-15,3:00am,GBP,MPC Member Tenreyro Speaks,Medium,,,
2020-07-15,4:33am,EUR,German 10-y Bond Auction,Medium,,-0.38|1.8,
2020-07-15,7:30am,USD,Empire State Manufacturing Index,Medium,10.0,-0.2,
2020-07-15,7:30am,USD,Import Prices m/m,Medium,1.0%,0.8%,
2020-07-15,8:15am,USD,Industrial Production m/m,Low,4.5%,1.4%,
2020-07-15,8:15am,USD,Capacity Utilization Rate,Medium,67.9%,65.1%,
2020-07-15,9:30am,USD,Crude Oil Inventories,Low,-1.3M,5.7M,
2020-07-15,11:00am,USD,FOMC Member Harker Speaks,Medium,,,
2020-07-15,1:00pm,USD,Beige Book,Medium,,,
2020-07-16,ThuJul 16,GBP,Average Earnings Index 3m/y,Medium,-0.4%,1.0%,
2020-07-16,ThuJul 16,GBP,Unemployment Rate,Medium,4.2%,3.9%,
2020-07-16,1:45am,EUR,French Final CPI m/m,Medium,-0.1%,-0.1%,
2020-07-16,3:02am,EUR,Italian Trade Balance,Medium,5.50B,-1.13B,
2020-07-16,3:30am,GBP,BOE Credit Conditions Survey,Low,,,
2020-07-16,3:58am,EUR,Spanish 10-y Bond Auction,Medium,,0.45|2.1,
2020-07-16,4:00am,EUR,Trade Balance,Medium,5.0B,1.6B,
2020-07-16,5:45am,GBP,MPC Member Haldane Speaks,Medium,,,
2020-07-16,6:45am,EUR,Main Refinancing Rate,High,0.00%,0.00%,
2020-07-16,6:45am,EUR,Monetary Policy Statement,High,,,
2020-07-16,7:30am,EUR,ECB Press Conference,High,,,
2020-07-16,7:30am,USD,Core Retail Sales m/m,High,5.0%,12.1%,
2020-07-16,7:30am,USD,Retail Sales m/m,High,5.0%,18.2%,
2020-07-16,7:30am,USD,Philly Fed Manufacturing Index,Low,20.0,27.5,
2020-07-16,7:30am,USD,Unemployment Claims,Low,1250K,1310K,
2020-07-16,9:00am,USD,Business Inventories m/m,Medium,-2.3%,-1.4%,
2020-07-16,9:00am,USD,NAHB Housing Market Index,Medium,60,58,
2020-07-16,9:30am,USD,Natural Gas Storage,Medium,48B,56B,
2020-07-16,10:10am,USD,FOMC Member Williams Speaks,Medium,,,
2020-07-16,3:00pm,USD,TIC Long-Term Purchases,Medium,120.0B,-130.8B,
2020-07-17,FriJul 17,EUR,Final CPI y/y,Medium,0.3%,0.3%,
2020-07-17,5:00am,GBP,BOE Gov Bailey Speaks,Low,,,
2020-07-17,Day 1,EUR,EU Economic Summit,Low,,,
2020-07-17,7:30am,USD,Building Permits,Medium,1.30M,1.22M,
2020-07-17,7:30am,USD,Housing Starts,Medium,1.17M,1.01M,
2020-07-17,9:00am,USD,Prelim UoM Consumer Sentiment,Low,79.0,78.1,
2020-07-17,9:00am,USD,Prelim UoM Inflation Expectations,Medium,,3.0%,
2020-07-19,6:50pm,JPY,Monetary Policy Meeting Minutes,Medium,,,
2020-07-19,6:50pm,JPY,Trade Balance,Medium,-0.33T,-0.59T,
2020-07-20,3:00am,EUR,Current Account,Medium,15.2B,14.3B,
2020-07-20,Day 4,EUR,EU Economic Summit,Low,,,
2020-07-20,10:10am,GBP,MPC Member Haldane Speaks,Medium,,,
2020-07-20,10:10am,GBP,MPC Member Tenreyro Speaks,Medium,,,
2020-07-20,6:30pm,JPY,National Core CPI y/y,Medium,-0.1%,-0.2%,
2020-07-21,1:02am,CHF,Trade Balance,Medium,3.15B,2.71B,
2020-07-21,5:30am,GBP,30-y Bond Auction,Medium,,0.67|1.7,
2020-07-21,3:30pm,USD,API Weekly Statistical Bulletin,Medium,,,
2020-07-21,4:00pm,USD,President Trump Speaks,High,,,
2020-07-21,7:30pm,JPY,Flash Manufacturing PMI,Medium,42.0,40.1,
2020-07-22,8:00am,USD,HPI m/m,Medium,0.3%,0.1%,
2020-07-22,8:15am,EUR,ECB President Lagarde Speaks,High,,,
2020-07-22,9:00am,USD,Existing Home Sales,Medium,4.77M,3.91M,
2020-07-22,9:30am,USD,Crude Oil Inventories,Low,-2.1M,-7.5M,
2020-07-22,4:30pm,USD,President Trump Speaks,Low,,,
2020-07-22,All Day,JPY,Bank Holiday,Low,,,
2020-07-23,5:00am,GBP,CBI Industrial Order Expectations,Medium,-37,-58,
2020-07-23,6:00am,GBP,MPC Member Haskel Speaks,Low,,,
2020-07-23,7:30am,USD,Unemployment Claims,Low,1300K,1307K,
2020-07-23,8:47am,EUR,Consumer Confidence,Medium,-12,-15,
2020-07-23,9:00am,USD,CB Leading Index m/m,Low,2.1%,3.2%,
2020-07-23,9:30am,USD,Natural Gas Storage,Medium,37B,45B,
2020-07-23,4:00pm,USD,President Trump Speaks,Low,,,
2020-07-23,6:01pm,GBP,GfK Consumer Confidence,Medium,-25,-27,
2020-07-23,All Day,JPY,Bank Holiday,Low,,,
2020-07-24,2:15am,EUR,French Flash Services PMI,High,52.3,50.7,
2020-07-24,2:15am,EUR,French Flash Manufacturing PMI,Low,53.1,52.3,
2020-07-24,2:30am,EUR,German Flash Manufacturing PMI,High,48.0,45.2,
2020-07-24,2:30am,EUR,German Flash Services PMI,High,50.4,47.3,
2020-07-24,3:00am,EUR,Flash Manufacturing PMI,Low,50.0,47.4,
2020-07-24,3:00am,EUR,Flash Services PMI,Low,51.0,48.3,
2020-07-24,3:30am,GBP,Flash Manufacturing PMI,Low,52.0,50.1,
2020-07-24,3:30am,GBP,Flash Services PMI,Low,51.4,47.1,
2020-07-24,7:55am,EUR,Belgian NBB Business Climate,Medium,-14.3,-22.9,
2020-07-24,8:45am,USD,Flash Manufacturing PMI,Low,52.0,49.8,
2020-07-24,8:45am,USD,Flash Services PMI,Medium,51.0,47.9,
2020-07-24,9:00am,USD,New Home Sales,Medium,700K,682K,
2020-07-26,11:30pm,JPY,All Industries Activity m/m,Medium,-3.5%,-7.6%,
2020-07-27,3:00am,EUR,German ifo Business Climate,Medium,89.2,86.3,
2020-07-27,3:00am,EUR,M3 Money Supply y/y,Medium,9.5%,8.9%,
2020-07-27,3:00am,EUR,Private Loans y/y,Medium,3.2%,3.0%,
2020-07-27,5:00am,EUR,German Buba Monthly Report,Medium,,,
2020-07-27,7:30am,USD,Core Durable Goods Orders m/m,Low,3.5%,3.7%,
2020-07-27,7:30am,USD,Durable Goods Orders m/m,Low,7.0%,15.7%,
2020-07-27,6:50pm,JPY,SPPI y/y,Medium,0.8%,0.5%,
2020-07-28,5:00am,GBP,CBI Realized Sales,Medium,-27,-37,
2020-07-28,8:00am,USD,S&P/CS Composite-20 HPI y/y,Medium,4.1%,3.9%,
2020-07-28,8:30am,USD,Fed Announcement,High,,,
2020-07-28,8:59am,USD,Richmond Manufacturing Index,Medium,5,0,
2020-07-28,9:00am,USD,CB Consumer Confidence,Low,94.0,98.3,
2020-07-28,3:30pm,USD,API Weekly Statistical Bulletin,Medium,,,
2020-07-28,6:01pm,GBP,BRC Shop Price Index y/y,Medium,,-1.6%,
2020-07-29,3:00am,CHF,UBS Economic Expectations,Medium,,48.7,
2020-07-29,3:30am,GBP,M4 Money Supply m/m,Medium,2.2%,2.1%,
2020-07-29,3:30am,GBP,Mortgage Approvals,Medium,35K,9K,
2020-07-29,3:30am,GBP,Net Lending to Individuals m/m,Medium,-0.4B,-3.3B,
2020-07-29,7:30am,USD,Goods Trade Balance,Medium,-75.5B,-75.3B,
2020-07-29,7:30am,USD,Prelim Wholesale Inventories m/m,Medium,-0.4%,-1.2%,
2020-07-29,9:00am,USD,Pending Home Sales m/m,High,15.6%,44.3%,
2020-07-29,9:30am,USD,Crude Oil Inventories,Low,1.0M,4.9M,
2020-07-29,1:00pm,USD,FOMC Statement,High,,,
2020-07-29,1:00pm,USD,Federal Funds Rate,Low,<0.25%,<0.25%,
2020-07-29,1:30pm,USD,FOMC Press Conference,High,,,
2020-07-29,6:50pm,JPY,Retail Sales y/y,Medium,-6.0%,-12.5%,
2020-07-30,2:00am,CHF,KOF Economic Barometer,Low,72.5,60.6,
2020-07-30,2:00am,EUR,Spanish Flash CPI y/y,Medium,-0.3%,-0.3%,
2020-07-30,2:55am,EUR,German Unemployment Change,Medium,42K,68K,
2020-07-30,3:00am,EUR,German Prelim GDP q/q,High,-9.0%,-2.0%,
2020-07-30,3:00am,EUR,ECB Economic Bulletin,Medium,,,
2020-07-30,3:00am,EUR,Italian Monthly Unemployment Rate,Medium,8.5%,8.3%,
2020-07-30,4:00am,EUR,Unemployment Rate,Medium,7.7%,7.7%,
2020-07-30,4:17am,EUR,Italian 10-y Bond Auction,Medium,,1.20|2.1,
2020-07-30,7:30am,USD,Advance GDP q/q,High,-34.5%,-5.0%,
2020-07-30,7:30am,USD,Advance GDP Price Index q/q,Low,0.0%,1.4%,
2020-07-30,7:30am,USD,Unemployment Claims,Low,1440K,1422K,
2020-07-30,9:30am,USD,Natural Gas Storage,Medium,25B,37B,
2020-07-30,6:30pm,JPY,Unemployment Rate,Medium,3.0%,2.9%,
2020-07-30,6:50pm,JPY,Prelim Industrial Production m/m,Medium,0.9%,-8.9%,
2020-07-31,12:02am,JPY,Housing Starts y/y,Medium,-12.6%,-12.3%,
2020-07-31,12:30am,EUR,French Flash GDP q/q,Medium,-15.2%,-5.3%,
2020-07-31,12:58am,GBP,Nationwide HPI m/m,Medium,-0.2%,-1.6%,
2020-07-31,1:00am,EUR,German Retail Sales m/m,Medium,-3.0%,12.7%,
2020-07-31,1:30am,CHF,Retail Sales y/y,Medium,0.9%,6.2%,
2020-07-31,1:45am,EUR,French Consumer Spending m/m,Medium,6.9%,37.4%,
2020-07-31,1:45am,EUR,French Prelim CPI m/m,Medium,-0.1%,0.1%,
2020-07-31,2:00am,EUR,Spanish Flash GDP q/q,Medium,-16.0%,-5.2%,
2020-07-31,3:00am,EUR,Italian Prelim GDP q/q,Medium,-15.0%,-5.3%,
2020-07-31,4:00am,EUR,Core CPI Flash Estimate y/y,Medium,0.8%,0.8%,
2020-07-31,4:00am,EUR,CPI Flash Estimate y/y,Medium,0.3%,0.3%,
2020-07-31,4:00am,EUR,Italian Prelim CPI m/m,Medium,0.1%,0.1%,
2020-07-31,4:00am,EUR,Prelim Flash GDP q/q,Medium,-12.0%,-3.6%,
2020-07-31,5:00am,EUR,Italian Retail Sales m/m,Medium,9.8%,24.3%,
2020-07-31,7:30am,USD,Core PCE Price Index m/m,Low,0.2%,0.2%,
2020-07-31,7:30am,USD,Personal Spending m/m,Low,5.3%,8.5%,
2020-07-31,7:30am,USD,Employment Cost Index q/q,Medium,0.6%,0.8%,
2020-07-31,7:30am,USD,Personal Income m/m,Medium,-0.8%,-4.4%,
2020-07-31,8:45am,USD,Chicago PMI,Low,44.0,36.6,
2020-07-31,9:00am,USD,Revised UoM Consumer Sentiment,Low,72.9,73.2,
2020-07-31,9:00am,USD,Revised UoM Inflation Expectations,Medium,,3.1%,
2020-08-02,7:30pm,JPY,Final Manufacturing PMI,Medium,42.6,42.6,
2020-08-03,2:15am,EUR,Spanish Manufacturing PMI,Medium,52.6,49.0,
2020-08-03,2:30am,CHF,Manufacturing PMI,Medium,50.0,41.9,
2020-08-03,2:45am,EUR,Italian Manufacturing PMI,Medium,51.3,47.5,
2020-08-03,2:50am,EUR,French Final Manufacturing PMI,Medium,52.0,52.0,
2020-08-03,2:55am,EUR,German Final Manufacturing PMI,Medium,50.0,50.0,
2020-08-03,3:00am,EUR,Final Manufacturing PMI,Medium,51.1,51.1,
2020-08-03,3:30am,GBP,Final Manufacturing PMI,Medium,53.6,53.6,
2020-08-03,8:45am,USD,Final Manufacturing PMI,Medium,51.3,51.3,
2020-08-03,9:00am,USD,ISM Manufacturing PMI,High,53.6,52.6,
2020-08-03,9:00am,USD,Construction Spending m/m,Medium,1.0%,-1.7%,
2020-08-03,9:00am,USD,ISM Manufacturing Prices,Medium,52.2,51.3,
2020-08-03,All Day,USD,Wards Total Vehicle Sales,Medium,14.0M,13.1M,
2020-08-03,1:00pm,USD,Loan Officer Survey,Medium,,,
2020-08-03,6:30pm,JPY,Tokyo Core CPI y/y,Medium,0.2%,0.2%,
2020-08-03,6:50pm,JPY,Monetary Base y/y,Medium,7.1%,6.0%,
2020-08-03,10:35pm,JPY,10-y Bond Auction,Medium,,0.06|3.7,
2020-08-04,1:45am,EUR,French Gov Budget Balance,Medium,,-117.9B,
2020-08-04,2:00am,EUR,Spanish Unemployment Change,Medium,19.5K,5.1K,
2020-08-04,4:00am,EUR,PPI m/m,Medium,0.6%,-0.6%,
2020-08-04,8:59am,USD,RCM/TIPP Economic Optimism,Medium,45.3,44.0,
2020-08-04,9:00am,USD,Factory Orders m/m,Medium,5.1%,7.7%,
2020-08-04,3:30pm,USD,API Weekly Statistical Bulletin,Medium,,,
2020-08-05,2:45am,EUR,Italian Services PMI,Medium,51.2,46.4,
2020-08-05,2:50am,EUR,French Final Services PMI,Medium,57.8,57.8,
2020-08-05,2:55am,EUR,German Final Services PMI,Medium,56.7,56.7,
2020-08-05,3:00am,EUR,Final Services PMI,Medium,55.1,55.1,
2020-08-05,3:30am,GBP,Final Services PMI,Medium,56.6,56.6,
2020-08-05,4:00am,EUR,Retail Sales m/m,Medium,6.5%,20.3%,
2020-08-05,4:06am,GBP,10-y Bond Auction,Medium,,0.20|2.5,
2020-08-05,7:00am,JPY,BOJ Gov Kuroda Speaks,Low,,,
2020-08-05,7:15am,USD,ADP Non-Farm Employment Change,Low,1200K,4314K,
2020-08-05,7:30am,USD,Trade Balance,Medium,-50.3B,-54.8B,
2020-08-05,8:45am,USD,Final Services PMI,Medium,49.6,49.6,
2020-08-05,9:00am,USD,ISM Services PMI,High,55.0,57.1,
2020-08-05,9:30am,USD,Crude Oil Inventories,Low,-3.4M,-10.6M,
2020-08-05,4:00pm,USD,FOMC Member Mester Speaks,Medium,,,
2020-08-06,ThuAug 6,GBP,BOE Monetary Policy Report,High,,,
2020-08-06,ThuAug 6,GBP,Monetary Policy Summary,High,,,
2020-08-06,ThuAug 6,GBP,MPC Official Bank Rate Votes,High,0-0-9,0-0-9,
2020-08-06,ThuAug 6,GBP,Official Bank Rate,High,0.10%,0.10%,
2020-08-06,ThuAug 6,GBP,MPC Asset Purchase Facility Votes,Low,0-0-9,8-0-1,
2020-08-06,ThuAug 6,GBP,Asset Purchase Facility,Medium,745B,745B,
2020-08-06,ThuAug 6,GBP,BOE Financial Stability Report,Medium,,,
2020-08-06,ThuAug 6,GBP,FPC Meeting Minutes,Medium,,,
2020-08-06,ThuAug 6,GBP,FPC Statement,Medium,,,
2020-08-06,3:00am,EUR,Italian Industrial Production m/m,Medium,5.6%,41.6%,
2020-08-06,3:30am,GBP,Construction PMI,Medium,57.0,55.3,
2020-08-06,3:56am,EUR,Spanish 10-y Bond Auction,Medium,,0.27|2.7,
2020-08-06,4:00am,GBP,BOE Gov Bailey Speaks,High,,,
2020-08-06,4:01am,EUR,French 10-y Bond Auction,Medium,,-0.09|2.7,
2020-08-06,6:30am,USD,Challenger Job Cuts y/y,Medium,,305.5%,
2020-08-06,7:30am,USD,Unemployment Claims,Low,1410K,1435K,
2020-08-06,9:00am,USD,FOMC Member Kaplan Speaks,Medium,,,
2020-08-06,9:30am,USD,Natural Gas Storage,Medium,31B,26B,
2020-08-06,6:30pm,JPY,Average Cash Earnings y/y,Medium,-3.0%,-2.3%,
2020-08-06,6:30pm,JPY,Household Spending y/y,Medium,-7.8%,-16.2%,
2020-08-07,1:00am,EUR,German Industrial Production m/m,Medium,8.3%,7.4%,
2020-08-07,1:00am,EUR,German Trade Balance,Medium,10.3B,7.5B,
2020-08-07,1:45am,EUR,French Industrial Production m/m,Medium,8.6%,19.9%,
2020-08-07,1:45am,EUR,French Prelim Private Payrolls q/q,Medium,-1.0%,-2.5%,
2020-08-07,1:45am,EUR,French Trade Balance,Medium,-7.1B,-7.5B,
2020-08-07,2:00am,CHF,Foreign Currency Reserves,Medium,,851B,
2020-08-07,2:30am,GBP,Halifax HPI m/m,Medium,0.2%,0.0%,
2020-08-07,3:00am,EUR,Italian Trade Balance,Medium,6.50B,5.58B,
2020-08-07,7:30am,USD,Average Hourly Earnings m/m,High,-0.5%,-1.3%,
2020-08-07,7:30am,USD,Non-Farm Employment Change,High,1530K,4791K,
2020-08-07,7:30am,USD,Unemployment Rate,High,10.5%,11.1%,
2020-08-07,9:00am,USD,Final Wholesale Inventories m/m,Medium,-2.0%,-2.0%,
2020-08-07,2:00pm,USD,Consumer Credit m/m,Medium,10.0B,-14.4B,
2020-08-10,3:30am,EUR,Sentix Investor Confidence,Medium,-16.0,-18.2,
2020-08-10,9:00am,USD,JOLTS Job Openings,Medium,5.30M,5.37M,
2020-08-10,6:01pm,GBP,BRC Retail Sales Monitor y/y,Medium,2.5%,10.9%,
2020-08-10,6:50pm,JPY,Bank Lending y/y,Medium,6.2%,6.2%,
2020-08-10,6:50pm,JPY,Current Account,Medium,1.00T,0.82T,
2020-08-11,1:00am,GBP,Claimant Count Change,Low,9.7K,-68.5K,
2020-08-11,1:00am,GBP,Unemployment Rate,Medium,4.2%,3.9%,
2020-08-11,1:02am,GBP,Average Earnings Index 3m/y,Medium,-1.2%,-0.3%,
2020-08-11,4:00am,EUR,German ZEW Economic Sentiment,Medium,57.0,59.3,
2020-08-11,4:00am,EUR,ZEW Economic Sentiment,Medium,55.3,59.6,
2020-08-11,5:00am,USD,NFIB Small Business Index,Medium,100.7,100.6,
2020-08-11,7:30am,USD,Core PPI m/m,Medium,0.1%,-0.3%,
2020-08-11,7:30am,USD,PPI m/m,Medium,0.3%,-0.2%,
2020-08-11,8:30am,GBP,CB Leading Index m/m,Medium,,-3.8%,
2020-08-11,3:30pm,USD,API Weekly Statistical Bulletin,Medium,,,
2020-08-11,6:50pm,JPY,M2 Money Stock y/y,Medium,8.5%,7.3%,
2020-08-12,1:00am,GBP,GDP m/m,Low,8.1%,2.4%,
2020-08-12,1:00am,GBP,Prelim GDP q/q,Low,-20.5%,-2.2%,
2020-08-12,1:00am,GBP,Industrial Production m/m,Medium,9.2%,6.2%,
2020-08-12,1:00am,GBP,Manufacturing Production m/m,Medium,10.0%,8.3%,
2020-08-12,1:00am,GBP,Prelim Business Investment q/q,Medium,-30.0%,-0.3%,
2020-08-12,1:02am,GBP,Construction Output m/m,Medium,15.1%,7.6%,
2020-08-12,1:02am,GBP,Index of Services 3m/3m,Medium,-20.5%,-18.5%,
2020-08-12,1:04am,GBP,Goods Trade Balance,Medium,-4.5B,-1.8B,
2020-08-12,4:00am,EUR,Industrial Production m/m,Medium,10.1%,12.3%,
2020-08-12,4:43am,EUR,German 10-y Bond Auction,Medium,,-0.46|1.8,
2020-08-12,7:30am,USD,Core CPI m/m,High,0.2%,0.2%,
2020-08-12,7:30am,USD,CPI m/m,High,0.3%,0.6%,
2020-08-12,7:30am,USD,CPI y/y,High,0.7%,0.6%,
2020-08-12,8:03am,GBP,NIESR GDP Estimate,Medium,,-20.4%,
2020-08-12,9:30am,USD,Crude Oil Inventories,Low,-3.4M,-7.4M,
2020-08-12,10:00am,USD,FOMC Member Kaplan Speaks,Medium,,,
2020-08-12,12:01pm,USD,10-y Bond Auction,Medium,,0.65|2.6,
2020-08-12,1:00pm,USD,Federal Budget Balance,Medium,-138.3B,-864.1B,
2020-08-12,6:01pm,GBP,RICS House Price Balance,Medium,-5%,-13%,
2020-08-12,6:50pm,JPY,PPI y/y,Medium,-1.1%,-1.6%,
2020-08-13,ThuAug 13,EUR,German WPI m/m,Medium,0.4%,0.6%,
2020-08-13,7:30am,USD,Unemployment Claims,Low,1120K,1191K,
2020-08-13,7:30am,USD,Import Prices m/m,Medium,0.6%,1.4%,
2020-08-13,9:30am,USD,Natural Gas Storage,Medium,51B,33B,
2020-08-13,12:01pm,USD,30-y Bond Auction,Medium,,1.33|2.5,
2020-08-13,11:30pm,JPY,Tertiary Industry Activity m/m,Medium,6.4%,-2.9%,
2020-08-14,1:45am,EUR,French Final CPI m/m,Medium,0.4%,0.4%,
2020-08-14,4:00am,EUR,Flash Employment Change q/q,Medium,-2.2%,-0.2%,
2020-08-14,4:00am,EUR,Flash GDP q/q,Medium,-12.1%,-12.1%,
2020-08-14,4:00am,EUR,Trade Balance,Medium,18.0B,8.6B,
2020-08-14,7:30am,USD,Core Retail Sales m/m,High,1.3%,8.3%,
2020-08-14,7:30am,USD,Retail Sales m/m,High,2.0%,8.4%,
2020-08-14,7:30am,USD,Prelim Nonfarm Productivity q/q,Medium,1.5%,-0.9%,
2020-08-14,7:30am,USD,Prelim Unit Labor Costs q/q,Medium,6.5%,5.1%,
2020-08-14,8:15am,USD,Capacity Utilization Rate,Medium,70.3%,68.5%,
2020-08-14,8:15am,USD,Industrial Production m/m,Medium,3.1%,5.7%,
2020-08-14,9:00am,USD,Prelim UoM Consumer Sentiment,Low,72.0,72.5,
2020-08-14,9:00am,USD,Business Inventories m/m,Medium,-1.1%,-2.3%,
2020-08-14,9:00am,USD,Prelim UoM Inflation Expectations,Medium,,3.0%,
2020-08-16,6:01pm,GBP,Rightmove HPI m/m,Medium,,-0.2%,
2020-08-16,6:50pm,JPY,Prelim GDP Price Index y/y,Medium,1.9%,0.9%,
2020-08-16,6:50pm,JPY,Prelim GDP q/q,Medium,-7.5%,-0.6%,
2020-08-16,11:30pm,JPY,Revised Industrial Production m/m,Medium,2.7%,2.7%,
2020-08-17,7:30am,USD,Empire State Manufacturing Index,Medium,14.6,17.2,
2020-08-17,9:00am,USD,Mortgage Delinquencies,Medium,,4.36%,
2020-08-17,9:00am,USD,NAHB Housing Market Index,Medium,74,72,
2020-08-17,3:00pm,USD,TIC Long-Term Purchases,Medium,108.0B,118.1B,
2020-08-17,10:35pm,JPY,30-y Bond Auction,Medium,,0.61|3.9,
2020-08-18,7:30am,USD,Building Permits,Medium,1.33M,1.26M,
2020-08-18,7:30am,USD,Housing Starts,Medium,1.23M,1.22M,
2020-08-18,3:30pm,USD,API Weekly Statistical Bulletin,Medium,,,
2020-08-18,6:50pm,JPY,Core Machinery Orders m/m,Medium,2.1%,1.7%,
2020-08-18,6:50pm,JPY,Trade Balance,Medium,-0.44T,-0.41T,
2020-08-19,WedAug 19,GBP,CPI y/y,Medium,0.6%,0.6%,
2020-08-19,WedAug 19,GBP,PPI Input m/m,Medium,1.1%,3.0%,
2020-08-19,WedAug 19,GBP,PPI Output m/m,Medium,0.2%,0.3%,
2020-08-19,WedAug 19,GBP,RPI y/y,Medium,1.2%,1.1%,
2020-08-19,3:00am,EUR,Current Account,Medium,7.0B,11.3B,
2020-08-19,3:30am,GBP,HPI y/y,Medium,2.4%,3.5%,
2020-08-19,4:00am,EUR,Final Core CPI y/y,Medium,1.2%,1.2%,
2020-08-19,4:00am,EUR,Final CPI y/y,Medium,0.4%,0.3%,
2020-08-19,4:33am,EUR,German 30-y Bond Auction,Medium,,-0.06|2.4,
2020-08-19,7:30am,USD,Prelim Benchmark Payrolls Revision,Low,,-501K,
2020-08-19,9:30am,USD,Crude Oil Inventories,Low,-2.9M,-4.5M,
2020-08-19,1:00pm,USD,FOMC Meeting Minutes,Low,,,
2020-08-20,ThuAug 20,EUR,German PPI m/m,Medium,0.1%,0.0%,
2020-08-20,6:30am,EUR,ECB Monetary Policy Meeting Accounts,Medium,,,
2020-08-20,7:30am,USD,Philly Fed Manufacturing Index,Low,21.0,24.1,
2020-08-20,7:30am,USD,Unemployment Claims,Low,930K,971K,
2020-08-20,9:00am,USD,CB Leading Index m/m,Low,1.0%,3.0%,
2020-08-20,9:30am,USD,Natural Gas Storage,Medium,43B,58B,
2020-08-20,6:01pm,GBP,GfK Consumer Confidence,Medium,-25,-27,
2020-08-20,6:30pm,JPY,National Core CPI y/y,Medium,0.1%,0.0%,
2020-08-20,7:30pm,JPY,Flash Manufacturing PMI,Medium,45.0,45.2,
2020-08-21,FriAug 21,GBP,Retail Sales m/m,Medium,2.0%,13.9%,
2020-08-21,2:15am,EUR,French Flash Services PMI,High,56.3,57.3,
2020-08-21,2:15am,EUR,French Flash Manufacturing PMI,Low,53.0,52.4,
2020-08-21,2:30am,EUR,German Flash Manufacturing PMI,High,52.2,51.0,
2020-08-21,2:30am,EUR,German Flash Services PMI,High,55.3,55.6,
2020-08-21,3:00am,EUR,Flash Manufacturing PMI,Low,52.7,51.8,
2020-08-21,3:00am,EUR,Flash Services PMI,Low,54.6,54.7,
2020-08-21,3:30am,GBP,Flash Manufacturing PMI,Low,54.0,53.3,
2020-08-21,3:30am,GBP,Flash Services PMI,Low,57.0,56.5,
2020-08-21,5:00am,GBP,CBI Industrial Order Expectations,Medium,-34,-46,
2020-08-21,8:45am,USD,Flash Manufacturing PMI,Low,51.9,50.9,
2020-08-21,8:45am,USD,Flash Services PMI,Medium,50.9,50.0,
2020-08-21,8:52am,EUR,Consumer Confidence,Medium,-15,-15,
2020-08-21,9:00am,USD,Existing Home Sales,Medium,5.40M,4.70M,
2020-08-25,1:00am,EUR,German Final GDP q/q,Medium,-10.1%,-10.1%,
2020-08-25,3:00am,EUR,German ifo Business Climate,Medium,92.5,90.4,
2020-08-25,5:00am,GBP,CBI Realized Sales,Medium,7,4,
2020-08-25,8:00am,EUR,Belgian NBB Business Climate,Medium,-11.7,-13.9,
2020-08-25,8:00am,USD,HPI m/m,Medium,0.3%,-0.2%,
2020-08-25,8:00am,USD,S&P/CS Composite-20 HPI y/y,Medium,3.6%,3.6%,
2020-08-25,8:59am,USD,Richmond Manufacturing Index,Medium,10,10,
2020-08-25,9:00am,USD,CB Consumer Confidence,Low,93.0,91.7,
2020-08-25,9:00am,USD,New Home Sales,Medium,787K,791K,
2020-08-25,3:30pm,USD,API Weekly Statistical Bulletin,Medium,,,
2020-08-25,6:50pm,JPY,SPPI y/y,Medium,0.8%,0.9%,
2020-08-26,4:06am,GBP,10-y Bond Auction,Medium,,0.14|2.4,
2020-08-26,7:30am,USD,Core Durable Goods Orders m/m,Low,1.9%,3.6%,
2020-08-26,7:30am,USD,Durable Goods Orders m/m,Low,4.4%,7.6%,
2020-08-26,9:30am,USD,Crude Oil Inventories,Low,-3.4M,-1.6M,
2020-08-26,11:00am,GBP,MPC Member Haldane Speaks,Medium,,,
2020-08-26,11:30pm,JPY,All Industries Activity m/m,Medium,6.3%,-4.1%,
2020-08-27,3:00am,EUR,M3 Money Supply y/y,Medium,9.2%,9.2%,
2020-08-27,3:00am,EUR,Private Loans y/y,Medium,3.0%,3.0%,
2020-08-27,7:30am,USD,Prelim GDP q/q,Low,-32.5%,-32.9%,
2020-08-27,7:30am,USD,Unemployment Claims,Low,1000K,1104K,
2020-08-27,7:30am,USD,Prelim GDP Price Index q/q,Medium,-1.8%,-1.8%,
2020-08-27,8:10am,USD,Fed Chairman Powell Speaks,High,,,
2020-08-27,9:00am,USD,Pending Home Sales m/m,Low,2.5%,15.8%,
2020-08-27,9:30am,USD,Natural Gas Storage,Medium,39B,43B,
2020-08-27,6:30pm,JPY,Tokyo Core CPI y/y,Medium,0.3%,0.4%,
2020-08-28,1:03am,EUR,German Import Prices m/m,Medium,0.2%,0.6%,
2020-08-28,1:45am,EUR,French Consumer Spending m/m,Medium,1.2%,10.3%,
2020-08-28,1:45am,EUR,French Prelim CPI m/m,Medium,-0.2%,0.4%,
2020-08-28,1:45am,EUR,French Prelim GDP q/q,Medium,-13.8%,-13.8%,
2020-08-28,2:00am,CHF,KOF Economic Barometer,Low,90.3,86.0,
2020-08-28,4:20am,EUR,Italian 10-y Bond Auction,Medium,,1.04|1.4,
2020-08-28,7:30am,USD,Core PCE Price Index m/m,Low,0.5%,0.3%,
2020-08-28,7:30am,USD,Personal Spending m/m,Low,1.5%,6.2%,
2020-08-28,7:30am,USD,Goods Trade Balance,Medium,-72.3B,-71.0B,
2020-08-28,7:30am,USD,Personal Income m/m,Medium,-0.3%,-1.0%,
2020-08-28,7:30am,USD,Prelim Wholesale Inventories m/m,Medium,-1.0%,-1.4%,
2020-08-28,8:05am,GBP,BOE Gov Bailey Speaks,High,,,
2020-08-28,8:45am,USD,Chicago PMI,Low,51.0,51.9,
2020-08-28,9:00am,USD,Revised UoM Consumer Sentiment,Low,72.8,72.8,
2020-08-28,9:00am,USD,Revised UoM Inflation Expectations,Medium,,3.0%,
2020-08-30,SunAug 30,JPY,Retail Sales y/y,Medium,-1.7%,-1.3%,
2020-08-31,12:02am,JPY,Housing Starts y/y,Medium,-12.0%,-12.8%,
2020-08-31,All Day,EUR,German Prelim CPI m/m,Medium,0.0%,-0.5%,
2020-08-31,1:30am,CHF,Retail Sales y/y,Medium,0.9%,3.3%,
2020-08-31,2:00am,EUR,Spanish Flash CPI y/y,Medium,-0.4%,-0.6%,
2020-08-31,All Day,GBP,Bank Holiday,Low,,,
2020-08-31,4:00am,EUR,Italian Prelim CPI m/m,Medium,0.3%,-0.2%,
2020-08-31,8:00am,USD,FOMC Member Clarida Speaks,Medium,,,
2020-08-31,6:30pm,JPY,Unemployment Rate,Medium,3.0%,2.8%,
2020-08-31,6:50pm,JPY,Capital Spending q/y,Medium,-4.0%,0.1%,
2020-08-31,7:30pm,JPY,Final Manufacturing PMI,Medium,46.6,46.6,
2020-08-31,10:35pm,JPY,10-y Bond Auction,Medium,,0.02|3.6,
2020-09-01,2:15am,EUR,Spanish Manufacturing PMI,Medium,52.5,53.5,
2020-09-01,2:30am,CHF,Manufacturing PMI,Medium,51.4,49.2,
2020-09-01,2:45am,EUR,Italian Manufacturing PMI,Medium,52.0,51.9,
2020-09-01,2:50am,EUR,French Final Manufacturing PMI,Medium,49.0,49.0,
2020-09-01,2:55am,EUR,German Final Manufacturing PMI,Medium,53.0,53.0,
2020-09-01,2:55am,EUR,German Unemployment Change,Medium,-3K,-17K,
2020-09-01,3:00am,EUR,Final Manufacturing PMI,Medium,51.7,51.7,
2020-09-01,3:00am,EUR,Italian Monthly Unemployment Rate,Medium,9.1%,9.3%,
2020-09-01,3:30am,GBP,Final Manufacturing PMI,Medium,55.3,55.3,
2020-09-01,3:30am,GBP,M4 Money Supply m/m,Medium,1.2%,1.1%,
2020-09-01,3:30am,GBP,Mortgage Approvals,Medium,55K,40K,
2020-09-01,3:32am,GBP,Net Lending to Individuals m/m,Medium,3.8B,2.0B,
2020-09-01,4:00am,EUR,Core CPI Flash Estimate y/y,Medium,0.9%,1.2%,
2020-09-01,4:00am,EUR,CPI Flash Estimate y/y,Medium,0.2%,0.4%,
2020-09-01,4:00am,EUR,Unemployment Rate,Medium,8.0%,7.7%,
2020-09-01,8:45am,USD,Final Manufacturing PMI,Medium,53.6,53.6,
2020-09-01,9:00am,USD,ISM Manufacturing PMI,High,54.6,54.2,
2020-09-01,9:00am,USD,Construction Spending m/m,Medium,1.0%,-0.5%,
2020-09-01,9:00am,USD,ISM Manufacturing Prices,Medium,60.0,53.2,
2020-09-01,All Day,USD,Wards Total Vehicle Sales,Medium,15.0M,14.5M,
2020-09-01,12:00pm,USD,FOMC Member Brainard Speaks,Medium,,,
2020-09-01,3:30pm,USD,API Weekly Statistical Bulletin,Medium,,,
2020-09-01,6:01pm,GBP,BRC Shop Price Index y/y,Medium,,-1.3%,
2020-09-01,6:50pm,JPY,Monetary Base y/y,Medium,10.1%,9.8%,
2020-09-02,1:00am,EUR,German Retail Sales m/m,Medium,0.5%,-1.9%,
2020-09-02,2:00am,EUR,Spanish Unemployment Change,Medium,10.1K,-89.8K,
2020-09-02,3:30am,GBP,HPI y/y,Medium,2.8%,2.7%,
2020-09-02,4:00am,EUR,PPI m/m,Medium,0.5%,0.7%,
2020-09-02,7:15am,USD,ADP Non-Farm Employment Change,High,1250K,212K,
2020-09-02,8:30am,GBP,BOE Gov Bailey Speaks,High,,,
2020-09-02,9:00am,USD,Factory Orders m/m,Medium,6.0%,6.4%,
2020-09-02,9:00am,USD,FOMC Member Williams Speaks,Medium,,,
2020-09-02,9:30am,GBP,MPC Member Broadbent Speaks,Low,,,
2020-09-02,9:30am,USD,Crude Oil Inventories,Low,-2.0M,-4.7M,
2020-09-02,11:00am,USD,FOMC Member Mester Speaks,Medium,,,
2020-09-02,1:00pm,USD,Beige Book,Medium,,,
2020-09-02,10:35pm,JPY,30-y Bond Auction,Medium,,0.62|3.4,
2020-09-03,2:15am,EUR,Spanish Services PMI,Medium,48.0,51.9,
2020-09-03,2:45am,EUR,Italian Services PMI,Medium,49.4,51.6,
2020-09-03,2:50am,EUR,French Final Services PMI,Medium,51.9,51.9,
2020-09-03,2:55am,EUR,German Final Services PMI,Medium,50.8,50.8,
2020-09-03,3:00am,EUR,Final Services PMI,Medium,50.1,50.1,
2020-09-03,3:30am,GBP,Final Services PMI,Medium,60.1,60.1,
2020-09-03,3:53am,EUR,Spanish 10-y Bond Auction,Medium,,0.26|3.0,
2020-09-03,4:00am,EUR,Retail Sales m/m,Medium,1.3%,5.3%,
2020-09-03,4:04am,EUR,French 10-y Bond Auction,Medium,,-0.27|2.1,
2020-09-03,6:30am,USD,Challenger Job Cuts y/y,Medium,,576.1%,
2020-09-03,7:30am,USD,Unemployment Claims,Low,955K,1011K,
2020-09-03,7:30am,USD,Revised Nonfarm Productivity q/q,Medium,7.3%,7.3%,
2020-09-03,7:30am,USD,Revised Unit Labor Costs q/q,Medium,12.0%,12.2%,
2020-09-03,7:30am,USD,Trade Balance,Medium,-58.2B,-53.5B,
2020-09-03,8:45am,USD,Final Services PMI,Medium,54.8,54.8,
2020-09-03,9:00am,GBP,BOE Gov Bailey Speaks,High,,,
2020-09-03,9:00am,USD,ISM Services PMI,High,57.0,58.1,
2020-09-03,9:30am,USD,Natural Gas Storage,Medium,37B,45B,
2020-09-04,1:45am,EUR,French Gov Budget Balance,Medium,,-124.9B,
2020-09-04,3:30am,GBP,Construction PMI,Medium,58.5,58.1,
2020-09-04,4:30am,GBP,MPC Member Saunders Speaks,Low,,,
2020-09-04,7:30am,USD,Average Hourly Earnings m/m,High,0.0%,0.1%,
2020-09-04,7:30am,USD,Non-Farm Employment Change,High,1375K,1734K,
2020-09-04,7:30am,USD,Unemployment Rate,High,9.8%,10.2%,
2020-09-07,1:00am,EUR,German Industrial Production m/m,Medium,4.5%,9.3%,
2020-09-07,2:00am,CHF,Foreign Currency Reserves,Low,,847B,
2020-09-07,2:30am,GBP,Halifax HPI m/m,Medium,1.0%,1.7%,
2020-09-07,3:30am,EUR,Sentix Investor Confidence,Medium,-11.4,-13.4,
2020-09-07,All Day,USD,Bank Holiday,Low,,,
2020-09-07,6:01pm,GBP,BRC Retail Sales Monitor y/y,Medium,3.5%,4.3%,
2020-09-07,6:30pm,JPY,Average Cash Earnings y/y,Medium,-1.6%,-2.0%,
2020-09-07,6:30pm,JPY,Household Spending y/y,Medium,-3.6%,-1.2%,
2020-09-07,6:50pm,JPY,Bank Lending y/y,Medium,6.4%,6.4%,
2020-09-07,6:50pm,JPY,Current Account,Medium,1.44T,1.05T,
2020-09-07,6:50pm,JPY,Final GDP q/q,Medium,-8.1%,-7.8%,
2020-09-07,6:52pm,JPY,Final GDP Price Index y/y,Medium,1.5%,1.5%,
2020-09-08,12:30am,EUR,French Final Private Payrolls q/q,Medium,-0.6%,-0.6%,
2020-09-08,1:00am,EUR,German Trade Balance,Medium,14.9B,14.5B,
2020-09-08,1:45am,EUR,French Trade Balance,Medium,-7.0B,-8.1B,
2020-09-08,3:00am,EUR,Italian Retail Sales m/m,Medium,1.1%,10.2%,
2020-09-08,4:00am,EUR,Final Employment Change q/q,Medium,-2.8%,-2.8%,
2020-09-08,4:00am,EUR,Revised GDP q/q,Medium,-12.1%,-12.1%,
2020-09-08,5:00am,USD,NFIB Small Business Index,Medium,99.0,98.8,
2020-09-08,9:00am,USD,RCM/TIPP Economic Optimism,Medium,47.3,46.8,
2020-09-08,2:00pm,USD,Consumer Credit m/m,Medium,12.9B,11.4B,
2020-09-08,6:50pm,JPY,M2 Money Stock y/y,Medium,8.2%,7.9%,
2020-09-09,12:59am,JPY,Prelim Machine Tool Orders y/y,Medium,,-31.1%,
2020-09-09,4:35am,EUR,German 10-y Bond Auction,Medium,,-0.46|2.5,
2020-09-09,9:00am,USD,JOLTS Job Openings,Medium,6.05M,6.00M,
2020-09-09,12:01pm,USD,10-y Bond Auction,Low,,0.68|2.4,
2020-09-09,3:30pm,USD,API Weekly Statistical Bulletin,Medium,,,
2020-09-09,6:01pm,GBP,RICS House Price Balance,Medium,23%,13%,
2020-09-09,6:50pm,JPY,Core Machinery Orders m/m,Medium,2.0%,-7.6%,
2020-09-10,3:00am,EUR,Italian Industrial Production m/m,Medium,3.6%,8.2%,
2020-09-10,5:30am,GBP,30-y Bond Auction,Medium,,0.78|2.1,
2020-09-10,6:45am,EUR,Main Refinancing Rate,High,0.00%,0.00%,
2020-09-10,6:45am,EUR,Monetary Policy Statement,High,,,
2020-09-10,7:30am,EUR,ECB Press Conference,High,,,
2020-09-10,7:30am,USD,Core PPI m/m,Low,0.2%,0.5%,
2020-09-10,7:30am,USD,PPI m/m,Low,0.2%,0.6%,
2020-09-10,7:30am,USD,Unemployment Claims,Low,838K,884K,
2020-09-10,8:30am,GBP,CB Leading Index m/m,Medium,,0.0%,
2020-09-10,9:00am,USD,Final Wholesale Inventories m/m,Medium,-0.1%,-0.1%,
2020-09-10,9:30am,USD,Natural Gas Storage,Medium,68B,35B,
2020-09-10,10:00am,USD,Crude Oil Inventories,Low,-3.1M,-9.4M,
2020-09-10,12:00pm,EUR,ECB President Lagarde Speaks,Low,,,
2020-09-10,12:01pm,USD,30-y Bond Auction,Medium,,1.41|2.1,
2020-09-10,6:50pm,JPY,BSI Manufacturing Index,Medium,-36.1,-52.3,
2020-09-10,6:50pm,JPY,PPI y/y,Medium,-0.5%,-0.9%,
2020-09-11,FriSep 11,EUR,German WPI m/m,Medium,0.5%,0.5%,
2020-09-11,FriSep 11,GBP,Construction Output m/m,Medium,10.3%,23.5%,
2020-09-11,FriSep 11,GBP,GDP m/m,Medium,6.6%,8.7%,
2020-09-11,FriSep 11,GBP,Goods Trade Balance,Medium,-7.4B,-6.6B,
2020-09-11,FriSep 11,GBP,Index of Services 3m/3m,Medium,-7.8%,-19.9%,
2020-09-11,FriSep 11,GBP,Industrial Production m/m,Medium,4.2%,9.3%,
2020-09-11,FriSep 11,GBP,Manufacturing Production m/m,Medium,5.0%,11.0%,
2020-09-11,3:00am,EUR,German Buba President Weidmann Speaks,Medium,,,
2020-09-11,3:00am,EUR,Italian Quarterly Unemployment Rate,Medium,8.4%,9.2%,
2020-09-11,3:30am,GBP,Consumer Inflation Expectations,Medium,,2.9%,
2020-09-11,All Day,EUR,Eurogroup Meetings,Low,,,
2020-09-11,7:30am,USD,CPI y/y,High,1.2%,1.0%,
2020-09-11,7:30am,USD,Core CPI m/m,Low,0.2%,0.6%,
2020-09-11,7:30am,USD,CPI m/m,Low,0.3%,0.6%,
2020-09-11,7:52am,GBP,NIESR GDP Estimate,Medium,,-7.6%,
2020-09-11,1:00pm,USD,Federal Budget Balance,Medium,-238.7B,-63.0B,
2020-09-13,11:30pm,JPY,Tertiary Industry Activity m/m,Medium,0.6%,9.0%,
2020-09-13,11:33pm,JPY,Revised Industrial Production m/m,Medium,8.0%,8.0%,
2020-09-15,TueSep 15,GBP,Average Earnings Index 3m/y,Medium,-1.3%,-1.2%,
2020-09-15,TueSep 15,GBP,Unemployment Rate,Medium,4.1%,3.9%,
2020-09-15,1:30am,CHF,PPI m/m,Medium,0.2%,0.1%,
2020-09-15,1:45am,EUR,French Final CPI m/m,Medium,-0.1%,-0.1%,
2020-09-15,4:00am,EUR,German ZEW Economic Sentiment,Medium,69.7,71.5,
2020-09-15,4:00am,EUR,ZEW Economic Sentiment,Medium,63.0,64.0,
2020-09-15,7:30am,USD,Empire State Manufacturing Index,Medium,6.2,3.7,
2020-09-15,7:30am,USD,Import Prices m/m,Medium,0.5%,1.2%,
2020-09-15,8:15am,USD,Capacity Utilization Rate,Medium,71.7%,71.1%,
2020-09-15,8:15am,USD,Industrial Production m/m,Medium,1.2%,3.5%,
2020-09-15,3:30pm,USD,API Weekly Statistical Bulletin,Medium,,,
2020-09-15,6:50pm,JPY,Trade Balance,Medium,0.01T,0.04T,
2020-09-16,WedSep 16,GBP,Core CPI y/y,Medium,0.7%,1.8%,
2020-09-16,WedSep 16,GBP,PPI Input m/m,Medium,0.1%,1.8%,
2020-09-16,WedSep 16,GBP,PPI Output m/m,Medium,0.2%,0.3%,
2020-09-16,WedSep 16,GBP,RPI y/y,Medium,0.6%,1.6%,
2020-09-16,3:30am,GBP,HPI y/y,Medium,3.2%,1.1%,
2020-09-16,4:00am,EUR,Trade Balance,Medium,19.3B,16.0B,
2020-09-16,4:05am,GBP,10-y Bond Auction,Medium,,0.32|2.7,
2020-09-16,4:34am,EUR,German 30-y Bond Auction,Medium,,-0.05|2.9,
2020-09-16,7:30am,USD,Core Retail Sales m/m,High,1.0%,1.3%,
2020-09-16,7:30am,USD,Retail Sales m/m,Low,1.1%,0.9%,
2020-09-16,9:00am,USD,Business Inventories m/m,Medium,0.2%,-1.1%,
2020-09-16,9:00am,USD,NAHB Housing Market Index,Medium,78,78,
2020-09-16,9:30am,USD,Crude Oil Inventories,Low,2.1M,2.0M,
2020-09-16,1:00pm,USD,FOMC Economic Projections,High,,,
2020-09-16,1:00pm,USD,FOMC Statement,High,,,
2020-09-16,1:00pm,USD,Federal Funds Rate,Low,<0.25%,<0.25%,
2020-09-16,1:30pm,USD,FOMC Press Conference,High,,,
2020-09-16,3:00pm,USD,TIC Long-Term Purchases,Medium,109.3B,113.0B,
2020-09-16,9:52pm,JPY,Monetary Policy Statement,High,,,
2020-09-16,9:52pm,JPY,BOJ Policy Rate,Medium,-0.10%,-0.10%,
2020-09-17,1:32am,JPY,BOJ Press Conference,Low,,,
2020-09-17,3:00am,EUR,Italian Trade Balance,Medium,5.20B,6.23B,
2020-09-17,4:00am,EUR,Final Core CPI y/y,Medium,0.4%,0.4%,
2020-09-17,4:00am,EUR,Final CPI y/y,Medium,-0.2%,-0.2%,
2020-09-17,6:00am,GBP,Monetary Policy Summary,High,,,
2020-09-17,6:00am,GBP,MPC Official Bank Rate Votes,High,0-0-9,0-0-9,
2020-09-17,6:00am,GBP,Official Bank Rate,High,0.10%,0.10%,
2020-09-17,6:00am,GBP,BOE Inflation Letter,Low,,,
2020-09-17,6:00am,GBP,MPC Asset Purchase Facility Votes,Low,0-0-9,0-0-9,
2020-09-17,6:00am,GBP,Asset Purchase Facility,Medium,745B,745B,
2020-09-17,7:30am,USD,Philly Fed Manufacturing Index,Low,15.0,17.2,
2020-09-17,7:30am,USD,Unemployment Claims,Low,825K,893K,
2020-09-17,7:30am,USD,Building Permits,Medium,1.51M,1.48M,
2020-09-17,7:30am,USD,Housing Starts,Medium,1.47M,1.49M,
2020-09-17,9:30am,USD,Natural Gas Storage,Medium,76B,70B,
2020-09-17,6:30pm,JPY,National Core CPI y/y,Medium,-0.4%,0.0%,
2020-09-18,FriSep 18,GBP,Retail Sales m/m,Low,0.8%,3.7%,
2020-09-18,3:00am,EUR,Current Account,Medium,12.0B,20.7B,
2020-09-18,7:30am,USD,Current Account,Medium,-158B,-112B,
2020-09-18,9:00am,USD,CB Leading Index m/m,Low,1.3%,2.0%,
2020-09-18,9:00am,USD,Prelim UoM Consumer Sentiment,Low,75.0,74.1,
2020-09-18,9:00am,USD,Prelim UoM Inflation Expectations,Medium,,3.1%,
2020-09-20,All Day,JPY,Bank Holiday,Low,,,
2020-09-21,7:20am,EUR,ECB President Lagarde Speaks,High,,,
2020-09-21,9:00am,USD,Fed Chairman Powell Speaks,High,,,
2020-09-21,11:00am,USD,FOMC Member Brainard Speaks,Medium,,,
2020-09-21,5:00pm,USD,FOMC Member Williams Speaks,Medium,,,
2020-09-21,All Day,JPY,Bank Holiday,Low,,,
2020-09-22,5:00am,GBP,CBI Industrial Order Expectations,Medium,-32,-44,
2020-09-22,8:44am,EUR,Consumer Confidence,Medium,-15,-15,
2020-09-22,8:59am,USD,Richmond Manufacturing Index,Medium,12,18,
2020-09-22,9:00am,USD,Existing Home Sales,Medium,6.05M,5.86M,
2020-09-22,9:30am,USD,Fed Chairman Powell Testifies,High,,,
2020-09-22,3:30pm,USD,API Weekly Statistical Bulletin,Medium,,,
2020-09-22,7:30pm,JPY,Flash Manufacturing PMI,Medium,48.0,47.2,
2020-09-22,11:30pm,JPY,All Industries Activity m/m,Medium,1.3%,6.8%,
2020-09-23,2:15am,EUR,French Flash Services PMI,High,52.2,51.5,
2020-09-23,2:15am,EUR,French Flash Manufacturing PMI,Low,50.6,49.8,
2020-09-23,2:30am,EUR,German Flash Manufacturing PMI,High,52.0,52.2,
2020-09-23,2:30am,EUR,German Flash Services PMI,High,53.0,52.5,
2020-09-23,3:00am,EUR,Flash Manufacturing PMI,Low,51.5,51.7,
2020-09-23,3:00am,EUR,Flash Services PMI,Low,51.0,50.5,
2020-09-23,3:30am,GBP,Flash Manufacturing PMI,Low,54.3,55.2,
2020-09-23,3:30am,GBP,Flash Services PMI,Low,57.0,58.8,
2020-09-23,8:00am,USD,FOMC Member Mester Speaks,Medium,,,
2020-09-23,8:00am,USD,HPI m/m,Medium,0.4%,1.0%,
2020-09-23,8:45am,USD,Flash Manufacturing PMI,High,52.5,53.1,
2020-09-23,8:45am,USD,Flash Services PMI,Low,54.5,55.0,
2020-09-23,9:00am,USD,Fed Chairman Powell Testifies,High,,,
2020-09-23,9:30am,USD,Crude Oil Inventories,Low,-2.5M,-4.4M,
2020-09-23,1:00pm,USD,FOMC Member Quarles Speaks,Medium,,,
2020-09-23,6:50pm,JPY,Monetary Policy Meeting Minutes,Medium,,,
2020-09-24,2:30am,CHF,SNB Monetary Policy Assessment,High,,,
2020-09-24,2:30am,CHF,SNB Policy Rate,Low,-0.75%,-0.75%,
2020-09-24,3:00am,EUR,ECB Economic Bulletin,Medium,,,
2020-09-24,3:00am,EUR,German ifo Business Climate,Medium,93.9,92.5,
2020-09-24,3:15am,CHF,SNB Press Conference,High,,,
2020-09-24,5:00am,GBP,CBI Realized Sales,Medium,-10,-6,
2020-09-24,7:30am,USD,Unemployment Claims,Low,845K,866K,
2020-09-24,7:57am,EUR,Belgian NBB Business Climate,Medium,-11.0,-12.0,
2020-09-24,9:00am,GBP,BOE Gov Bailey Speaks,Low,,,
2020-09-24,9:00am,USD,Fed Chairman Powell Testifies,High,,,
2020-09-24,9:00am,USD,Treasury Sec Mnuchin Speaks,High,,,
2020-09-24,9:00am,USD,New Home Sales,Medium,890K,965K,
2020-09-24,9:30am,USD,Natural Gas Storage,Medium,78B,89B,
2020-09-24,1:00pm,USD,FOMC Member Williams Speaks,Medium,,,
2020-09-24,6:01pm,GBP,GfK Consumer Confidence,Medium,-27,-27,
2020-09-24,6:50pm,JPY,SPPI y/y,Medium,1.2%,1.1%,
2020-09-25,3:00am,EUR,M3 Money Supply y/y,Medium,10.0%,10.1%,
2020-09-25,3:00am,EUR,Private Loans y/y,Medium,3.0%,3.0%,
2020-09-25,7:30am,USD,Core Durable Goods Orders m/m,Low,1.0%,2.6%,
2020-09-25,7:30am,USD,Durable Goods Orders m/m,Low,1.1%,11.4%,
2020-09-25,2:10pm,USD,FOMC Member Williams Speaks,Medium,,,
2020-09-28,1:00pm,USD,FOMC Member Mester Speaks,Medium,,,
2020-09-28,6:30pm,JPY,Tokyo Core CPI y/y,Medium,-0.3%,-0.3%,
2020-09-28,6:50pm,JPY,BOJ Summary of Opinions,Medium,,,
2020-09-29,2:00am,EUR,Spanish Flash CPI y/y,Medium,-0.4%,-0.5%,
2020-09-29,3:30am,GBP,M4 Money Supply m/m,Medium,1.1%,0.8%,
2020-09-29,3:30am,GBP,Mortgage Approvals,Medium,72K,66K,
2020-09-29,3:30am,GBP,Net Lending to Individuals m/m,Medium,5.2B,3.9B,
2020-09-29,4:22am,EUR,Italian 10-y Bond Auction,Medium,,1.11|1.3,
2020-09-29,7:30am,USD,Goods Trade Balance,Medium,-81.8B,-80.1B,
2020-09-29,7:30am,USD,Prelim Wholesale Inventories m/m,Medium,-0.1%,-0.3%,
2020-09-29,8:00am,USD,S&P/CS Composite-20 HPI y/y,Medium,3.6%,3.5%,
2020-09-29,8:15am,USD,FOMC Member Williams Speaks,Medium,,,
2020-09-29,8:30am,USD,FOMC Member Harker Speaks,Medium,,,
2020-09-29,9:00am,USD,CB Consumer Confidence,Low,90.0,86.3,
2020-09-29,10:40am,USD,FOMC Member Clarida Speaks,Medium,,,
2020-09-29,12:00pm,USD,FOMC Member Quarles Speaks,Medium,,,
2020-09-29,12:00pm,USD,FOMC Member Williams Speaks,Medium,,,
2020-09-29,1:00pm,USD,Loan Officer Survey,Medium,,,
2020-09-29,2:00pm,USD,FOMC Member Quarles Speaks,Medium,,,
2020-09-29,3:30pm,USD,API Weekly Statistical Bulletin,Medium,,,
2020-09-29,6:01pm,GBP,BRC Shop Price Index y/y,Medium,,-1.6%,
2020-09-29,6:50pm,JPY,Prelim Industrial Production m/m,Medium,1.5%,8.7%,
2020-09-29,6:50pm,JPY,Retail Sales y/y,Medium,-3.2%,-2.9%,
2020-09-30,12:59am,EUR,German Import Prices m/m,Medium,0.0%,0.3%,
2020-09-30,12:59am,EUR,German Retail Sales m/m,Medium,0.4%,-0.2%,
2020-09-30,12:59am,GBP,Nationwide HPI m/m,Medium,0.5%,2.0%,
2020-09-30,1:00am,GBP,Current Account,Medium,-1.0B,-20.8B,
2020-09-30,1:00am,GBP,Final GDP q/q,Medium,-20.4%,-20.4%,
2020-09-30,1:02am,GBP,Revised Business Investment q/q,Medium,-31.4%,-31.4%,
2020-09-30,1:45am,EUR,French Consumer Spending m/m,Medium,-0.2%,-0.9%,
2020-09-30,1:45am,EUR,French Prelim CPI m/m,Medium,-0.3%,-0.1%,
2020-09-30,2:00am,CHF,KOF Economic Barometer,Low,106.1,110.2,
2020-09-30,2:20am,EUR,ECB President Lagarde Speaks,High,,,
2020-09-30,2:55am,EUR,German Unemployment Change,Medium,-7K,-9K,
2020-09-30,3:00am,CHF,UBS Economic Expectations,Medium,,45.6,
2020-09-30,3:30am,GBP,MPC Member Haldane Speaks,Medium,,,
2020-09-30,4:00am,EUR,Italian Prelim CPI m/m,Medium,-0.5%,0.3%,
2020-09-30,7:15am,USD,ADP Non-Farm Employment Change,Low,650K,481K,
2020-09-30,7:20am,USD,Chicago PMI,Low,52.0,51.2,
2020-09-30,7:30am,USD,Final GDP q/q,Low,-31.7%,-31.7%,
2020-09-30,7:30am,USD,Final GDP Price Index q/q,Medium,-2.0%,-2.0%,
2020-09-30,8:00am,CHF,SNB Quarterly Bulletin,Medium,,,
2020-09-30,9:00am,USD,Pending Home Sales m/m,Low,3.1%,5.9%,
2020-09-30,9:30am,USD,Crude Oil Inventories,Medium,1.0M,-1.6M,
2020-09-30,10:00am,USD,FOMC Member Kashkari Speaks,Medium,,,
2020-09-30,12:40pm,USD,FOMC Member Bowman Speaks,Medium,,,
2020-09-30,6:50pm,JPY,Tankan Manufacturing Index,Medium,-23,-34,
2020-09-30,6:50pm,JPY,Tankan Non-Manufacturing Index,Medium,-9,-17,
2020-09-30,7:30pm,JPY,Final Manufacturing PMI,Medium,47.3,47.3,
2020-09-30,10:35pm,JPY,10-y Bond Auction,Medium,,0.03|3.2,
2020-10-01,ThuOct 1,CHF,CPI m/m,Medium,0.0%,0.0%,
2020-10-01,ThuOct 1,CHF,Retail Sales y/y,Medium,4.5%,3.6%,
2020-10-01,2:15am,EUR,Spanish Manufacturing PMI,Medium,50.5,49.9,
2020-10-01,2:30am,CHF,Manufacturing PMI,Medium,53.4,51.8,
2020-10-01,2:45am,EUR,Italian Manufacturing PMI,Medium,53.6,53.1,
2020-10-01,2:50am,EUR,French Final Manufacturing PMI,Medium,50.9,50.9,
2020-10-01,2:55am,EUR,German Final Manufacturing PMI,Medium,56.6,56.6,
2020-10-01,3:00am,EUR,Final Manufacturing PMI,Medium,53.7,53.7,
2020-10-01,3:00am,EUR,Italian Monthly Unemployment Rate,Medium,10.2%,9.8%,
2020-10-01,3:30am,GBP,Final Manufacturing PMI,Low,54.3,54.3,
2020-10-01,3:55am,EUR,Spanish 10-y Bond Auction,Medium,,0.05|2.4,
2020-10-01,4:00am,EUR,PPI m/m,Medium,0.2%,0.7%,
2020-10-01,4:00am,EUR,Unemployment Rate,Medium,8.1%,8.0%,
2020-10-01,4:01am,EUR,French 10-y Bond Auction,Medium,,-0.19|1.6,
2020-10-01,5:20am,GBP,MPC Member Haldane Speaks,Medium,,,
2020-10-01,6:30am,USD,Challenger Job Cuts y/y,Medium,,116.5%,
2020-10-01,7:30am,USD,Core PCE Price Index m/m,Low,0.3%,0.4%,
2020-10-01,7:30am,USD,Personal Spending m/m,Low,0.7%,1.5%,
2020-10-01,7:30am,USD,Unemployment Claims,Low,850K,873K,
2020-10-01,7:30am,USD,Personal Income m/m,Medium,-2.0%,0.5%,
2020-10-01,8:45am,USD,Final Manufacturing PMI,Medium,53.5,53.5,
2020-10-01,9:00am,USD,ISM Manufacturing PMI,High,56.0,56.0,
2020-10-01,9:00am,USD,Construction Spending m/m,Medium,0.8%,0.7%,
2020-10-01,9:00am,USD,ISM Manufacturing Prices,Medium,59.0,59.5,
2020-10-01,All Day,USD,Wards Total Vehicle Sales,Medium,15.5M,15.2M,
2020-10-01,9:30am,USD,Natural Gas Storage,Medium,76B,66B,
2020-10-01,10:00am,USD,FOMC Member Williams Speaks,Medium,,,
2020-10-01,2:00pm,USD,FOMC Member Bowman Speaks,Medium,,,
2020-10-01,6:30pm,JPY,Unemployment Rate,Medium,3.0%,2.9%,
2020-10-01,6:50pm,JPY,Monetary Base y/y,Medium,11.9%,11.5%,
2020-10-02,1:45am,EUR,French Gov Budget Balance,Medium,,-151.0B,
2020-10-02,2:00am,EUR,Spanish Unemployment Change,Low,59.5K,29.8K,
2020-10-02,4:00am,EUR,Core CPI Flash Estimate y/y,Medium,0.5%,0.4%,
2020-10-02,4:00am,EUR,CPI Flash Estimate y/y,Medium,-0.1%,-0.2%,
2020-10-02,7:30am,USD,Average Hourly Earnings m/m,High,0.5%,0.3%,
2020-10-02,7:30am,USD,Non-Farm Employment Change,High,900K,1489K,
2020-10-02,7:30am,USD,Unemployment Rate,High,8.2%,8.4%,
2020-10-02,8:00am,USD,FOMC Member Harker Speaks,Medium,,,
2020-10-02,9:00am,USD,Revised UoM Consumer Sentiment,Low,78.9,78.9,
2020-10-02,9:00am,USD,Factory Orders m/m,Medium,1.5%,6.5%,
2020-10-02,9:00am,USD,Revised UoM Inflation Expectations,Medium,,2.7%,
2020-10-05,2:45am,EUR,Italian Services PMI,Medium,46.7,47.1,
2020-10-05,2:50am,EUR,French Final Services PMI,Medium,47.5,47.5,
2020-10-05,2:55am,EUR,German Final Services PMI,Medium,49.1,49.1,
2020-10-05,3:00am,EUR,Final Services PMI,Medium,47.6,47.6,
2020-10-05,3:30am,EUR,Sentix Investor Confidence,Medium,-9.2,-8.0,
2020-10-05,3:30am,GBP,Final Services PMI,Medium,55.1,55.1,
2020-10-05,4:00am,EUR,Retail Sales m/m,Medium,2.4%,-1.8%,
2020-10-05,All Day,EUR,Eurogroup Meetings,Low,,,
2020-10-05,8:45am,USD,Final Services PMI,Medium,54.6,54.6,
2020-10-05,9:00am,USD,ISM Services PMI,High,56.3,56.9,
2020-10-05,10:35pm,JPY,30-y Bond Auction,Medium,,0.61|3.5,
2020-10-06,3:30am,GBP,Construction PMI,Medium,54.0,54.6,
2020-10-06,3:35am,EUR,ECB President Lagarde Speaks,Low,,,
2020-10-06,3:45am,GBP,Housing Equity Withdrawal q/q,Medium,-4.3B,-4.5B,
2020-10-06,All Day,EUR,ECOFIN Meetings,Medium,,,
2020-10-06,7:30am,USD,Trade Balance,Medium,-66.2B,-63.4B,
2020-10-06,8:00am,EUR,ECB President Lagarde Speaks,Low,,,
2020-10-06,8:59am,USD,RCM/TIPP Economic Optimism,Medium,55.0,45.0,
2020-10-06,9:00am,USD,JOLTS Job Openings,Medium,6.50M,6.70M,
2020-10-06,9:40am,USD,Fed Chairman Powell Speaks,High,,,
2020-10-06,10:45am,USD,FOMC Member Harker Speaks,Medium,,,
2020-10-06,3:30pm,USD,API Weekly Statistical Bulletin,Medium,,,
2020-10-06,5:00pm,USD,FOMC Member Kaplan Speaks,Low,,,
2020-10-06,6:05pm,JPY,BOJ Gov Kuroda Speaks,Low,,,
2020-10-07,12:55am,EUR,German Industrial Production m/m,Medium,1.5%,1.4%,
2020-10-07,1:45am,EUR,French Trade Balance,Medium,-6.5B,-7.0B,
2020-10-07,2:00am,CHF,Foreign Currency Reserves,Medium,,849B,
2020-10-07,2:32am,GBP,Halifax HPI m/m,Medium,1.5%,1.7%,
2020-10-07,3:00am,EUR,Italian Retail Sales m/m,Medium,3.8%,-6.0%,
2020-10-07,3:30am,GBP,HPI y/y,Medium,3.4%,2.9%,
2020-10-07,4:07am,GBP,10-y Bond Auction,Medium,,0.26|3.0,
2020-10-07,4:34am,EUR,German 10-y Bond Auction,Medium,,-0.50|2.0,
2020-10-07,7:10am,EUR,ECB President Lagarde Speaks,Low,,,
2020-10-07,9:30am,USD,Crude Oil Inventories,Medium,-1.2M,-2.0M,
2020-10-07,12:01pm,USD,10-y Bond Auction,Medium,,0.70|2.3,
2020-10-07,1:00pm,USD,FOMC Meeting Minutes,High,,,
2020-10-07,1:40pm,USD,FOMC Member Kashkari Speaks,Medium,,,
2020-10-07,2:00pm,USD,Consumer Credit m/m,Medium,14.9B,14.7B,
2020-10-07,2:00pm,USD,FOMC Member Williams Speaks,Medium,,,
2020-10-07,6:01pm,GBP,RICS House Price Balance,Medium,39%,44%,
2020-10-07,6:50pm,JPY,Current Account,Medium,1.50T,0.96T,
2020-10-08,12:45am,CHF,Unemployment Rate,Medium,3.4%,3.4%,
2020-10-08,12:59am,EUR,German Trade Balance,Medium,17.1B,18.0B,
2020-10-08,2:25am,GBP,BOE Gov Bailey Speaks,High,,,
2020-10-08,4:30am,CHF,SNB Chairman Jordan Speaks,Medium,,,
2020-10-08,4:30am,GBP,FPC Meeting Minutes,Medium,,,
2020-10-08,4:30am,GBP,FPC Statement,Medium,,,
2020-10-08,6:30am,EUR,ECB Monetary Policy Meeting Accounts,Medium,,,
2020-10-08,7:30am,USD,Unemployment Claims,Low,820K,849K,
2020-10-08,9:30am,USD,Natural Gas Storage,Medium,73B,76B,
2020-10-08,12:01pm,USD,30-y Bond Auction,Medium,,1.47|2.3,
2020-10-08,6:30pm,JPY,Average Cash Earnings y/y,Medium,-1.2%,-1.5%,
2020-10-08,6:30pm,JPY,Household Spending y/y,Medium,-6.6%,-7.6%,
2020-10-09,FriOct 9,GBP,GDP m/m,Medium,4.6%,6.4%,
2020-10-09,FriOct 9,GBP,Goods Trade Balance,Medium,-9.1B,-7.9B,
2020-10-09,FriOct 9,GBP,Index of Services 3m/3m,Medium,7.0%,-7.1%,
2020-10-09,FriOct 9,GBP,Industrial Production m/m,Medium,2.6%,5.2%,
2020-10-09,FriOct 9,GBP,Manufacturing Production m/m,Medium,3.2%,6.9%,
2020-10-09,1:45am,EUR,French Industrial Production m/m,Medium,2.1%,3.8%,
2020-10-09,3:00am,EUR,Italian Industrial Production m/m,Medium,1.3%,7.0%,
2020-10-09,7:48am,GBP,NIESR GDP Estimate,Medium,,8.0%,
2020-10-09,9:00am,USD,Final Wholesale Inventories m/m,Medium,0.5%,0.5%,
2020-10-11,6:50pm,JPY,Bank Lending y/y,Medium,6.5%,6.7%,
2020-10-11,6:50pm,JPY,Core Machinery Orders m/m,Medium,-1.0%,6.3%,
2020-10-11,6:50pm,JPY,PPI y/y,Medium,-0.5%,-0.6%,
2020-10-12,12:58am,JPY,Prelim Machine Tool Orders y/y,Medium,,-23.2%,
2020-10-12,12:59am,EUR,German WPI m/m,Medium,0.2%,-0.4%,
2020-10-12,All Day,USD,Bank Holiday,Low,,,
2020-10-12,9:00am,GBP,MPC Member Haskel Speaks,Medium,,,
2020-10-12,11:00am,GBP,BOE Gov Bailey Speaks,Low,,,
2020-10-12,6:01pm,GBP,BRC Retail Sales Monitor y/y,Medium,3.5%,4.7%,
2020-10-12,6:50pm,JPY,M2 Money Stock y/y,Medium,9.1%,8.6%,
2020-10-13,1:00am,GBP,Claimant Count Change,Low,78.8K,39.5K,
2020-10-13,1:00am,GBP,Unemployment Rate,Medium,4.3%,4.1%,
2020-10-13,1:02am,GBP,Average Earnings Index 3m/y,Medium,-0.6%,-1.0%,
2020-10-13,4:00am,EUR,ZEW Economic Sentiment,Medium,72.0,73.9,
2020-10-13,4:00am,EUR,German ZEW Economic Sentiment,Medium,74.1,77.4,
2020-10-13,5:00am,USD,NFIB Small Business Index,Medium,100.9,100.2,
2020-10-13,7:30am,USD,CPI y/y,High,1.4%,1.3%,
2020-10-13,7:30am,USD,Core CPI m/m,Low,0.2%,0.4%,
2020-10-13,7:30am,USD,CPI m/m,Low,0.2%,0.4%,
2020-10-13,9:00am,GBP,BOE Gov Bailey Speaks,High,,,
2020-10-13,11:30pm,JPY,Revised Industrial Production m/m,Medium,1.7%,1.7%,
2020-10-14,4:00am,EUR,Industrial Production m/m,Medium,0.8%,5.0%,
2020-10-14,4:36am,EUR,German 30-y Bond Auction,Medium,,-0.07|1.9,
2020-10-14,7:30am,USD,Core PPI m/m,Low,0.2%,0.4%,
2020-10-14,7:30am,USD,PPI m/m,Low,0.2%,0.3%,
2020-10-14,8:00am,GBP,MPC Member Haldane Speaks,Medium,,,
2020-10-14,8:00am,USD,FOMC Member Clarida Speaks,Medium,,,
2020-10-14,9:30am,USD,FOMC Member Quarles Speaks,Medium,,,
2020-10-14,2:00pm,USD,FOMC Member Quarles Speaks,Medium,,,
2020-10-14,3:30pm,USD,API Weekly Statistical Bulletin,Medium,,,
2020-10-14,5:00pm,USD,FOMC Member Kaplan Speaks,Medium,,,
2020-10-14,11:30pm,JPY,Tertiary Industry Activity m/m,Medium,1.2%,0.1%,
2020-10-15,1:45am,EUR,French Final CPI m/m,Medium,-0.5%,-0.5%,
2020-10-15,3:30am,GBP,BOE Credit Conditions Survey,Medium,,,
2020-10-15,All Day,EUR,EU Economic Summit,High,,,
2020-10-15,7:30am,USD,Philly Fed Manufacturing Index,Low,14.4,15.0,
2020-10-15,7:30am,USD,Unemployment Claims,Low,810K,845K,
2020-10-15,7:30am,USD,Empire State Manufacturing Index,Medium,13.9,17.0,
2020-10-15,7:30am,USD,Import Prices m/m,Medium,0.3%,0.9%,
2020-10-15,8:00am,GBP,MPC Member Cunliffe Speaks,Medium,,,
2020-10-15,8:30am,GBP,CB Leading Index m/m,Medium,,0.8%,
2020-10-15,9:30am,USD,Natural Gas Storage,Medium,58B,75B,
2020-10-15,10:00am,USD,Crude Oil Inventories,Medium,-2.1M,0.5M,
2020-10-15,10:00am,USD,FOMC Member Kaplan Speaks,Medium,,,
2020-10-15,10:00am,USD,FOMC Member Quarles Speaks,Medium,,,
2020-10-15,11:00am,EUR,ECB President Lagarde Speaks,Low,,,
2020-10-15,4:00pm,USD,FOMC Member Kashkari Speaks,Medium,,,
2020-10-16,4:00am,EUR,Final Core CPI y/y,Medium,0.2%,0.2%,
2020-10-16,4:00am,EUR,Final CPI y/y,Medium,-0.3%,-0.3%,
2020-10-16,4:00am,EUR,Trade Balance,Medium,18.1B,19.3B,
2020-10-16,4:02am,EUR,Italian Trade Balance,Medium,7.23B,9.69B,
2020-10-16,7:30am,USD,Core Retail Sales m/m,High,0.4%,0.5%,
2020-10-16,7:30am,USD,Retail Sales m/m,High,0.7%,0.6%,
2020-10-16,8:15am,USD,Capacity Utilization Rate,Medium,72.1%,72.0%,
2020-10-16,8:15am,USD,Industrial Production m/m,Medium,0.6%,0.4%,
2020-10-16,9:00am,USD,Prelim UoM Consumer Sentiment,Low,80.2,80.4,
2020-10-16,9:00am,USD,Business Inventories m/m,Medium,0.3%,0.1%,
2020-10-16,9:00am,USD,Prelim UoM Inflation Expectations,Medium,,2.6%,
2020-10-16,1:00pm,USD,Federal Budget Balance,Medium,-123.3B,-200.1B,
2020-10-16,3:00pm,USD,TIC Long-Term Purchases,Medium,20.0B,11.3B,
2020-10-18,6:01pm,GBP,Rightmove HPI m/m,Medium,,0.2%,
2020-10-18,6:50pm,JPY,Trade Balance,Medium,0.85T,0.36T,
2020-10-19,7:00am,USD,Fed Chairman Powell Speaks,High,,,
2020-10-19,7:45am,EUR,ECB President Lagarde Speaks,Low,,,
2020-10-19,9:00am,USD,NAHB Housing Market Index,Medium,83,83,
2020-10-19,9:05am,GBP,MPC Member Cunliffe Speaks,Medium,,,
2020-10-19,10:00am,GBP,MPC Member Cunliffe Speaks,Medium,,,
2020-10-19,10:45am,USD,FOMC Member Clarida Speaks,Medium,,,
2020-10-19,2:00pm,USD,FOMC Member Harker Speaks,Medium,,,
2020-10-20,TueOct 20,EUR,German PPI m/m,Medium,0.1%,0.0%,
2020-10-20,3:00am,EUR,Current Account,Medium,17.2B,17.0B,
2020-10-20,7:30am,USD,Building Permits,Medium,1.52M,1.48M,
2020-10-20,7:30am,USD,Housing Starts,Medium,1.45M,1.39M,
2020-10-20,8:00am,USD,FOMC Member Williams Speaks,Medium,,,
2020-10-20,9:50am,USD,FOMC Member Quarles Speaks,Medium,,,
2020-10-20,3:30pm,USD,API Weekly Statistical Bulletin,Medium,,,
2020-10-21,WedOct 21,GBP,Core CPI y/y,Medium,1.3%,0.9%,
2020-10-21,WedOct 21,GBP,Public Sector Net Borrowing,Medium,32.5B,29.4B,
2020-10-21,WedOct 21,GBP,RPI y/y,Medium,1.2%,0.5%,
2020-10-21,1:03am,GBP,PPI Input m/m,Medium,-0.9%,-0.2%,
2020-10-21,1:03am,GBP,PPI Output m/m,Medium,-0.1%,0.1%,
2020-10-21,2:30am,EUR,ECB President Lagarde Speaks,Low,,,
2020-10-21,3:30am,GBP,HPI y/y,Medium,2.4%,2.1%,
2020-10-21,7:10am,GBP,MPC Member Ramsden Speaks,Low,,,
2020-10-21,7:50am,USD,FOMC Member Brainard Speaks,Medium,,,
2020-10-21,9:00am,USD,FOMC Member Mester Speaks,Medium,,,
2020-10-21,9:30am,USD,Crude Oil Inventories,Medium,0.5M,-3.8M,
2020-10-21,1:00pm,USD,Beige Book,Medium,,,
2020-10-22,3:30am,GBP,MPC Member Haldane Speaks,Medium,,,
2020-10-22,4:25am,GBP,BOE Gov Bailey Speaks,High,,,
2020-10-22,5:00am,GBP,CBI Industrial Order Expectations,Medium,-50,-48,
2020-10-22,5:34am,GBP,30-y Bond Auction,Medium,,0.83|2.2,
2020-10-22,7:30am,USD,Unemployment Claims,Low,860K,842K,
2020-10-22,8:52am,EUR,Consumer Confidence,Medium,-15,-14,
2020-10-22,9:00am,USD,CB Leading Index m/m,Low,0.8%,1.4%,
2020-10-22,9:00am,USD,Existing Home Sales,Medium,6.20M,5.98M,
2020-10-22,9:30am,USD,Natural Gas Storage,Medium,52B,46B,
2020-10-22,6:01pm,GBP,GfK Consumer Confidence,Medium,-28,-25,
2020-10-22,6:30pm,JPY,National Core CPI y/y,Medium,-0.4%,-0.4%,
2020-10-22,7:30pm,JPY,Flash Manufacturing PMI,Medium,48.4,47.7,
2020-10-23,2:15am,EUR,French Flash Services PMI,High,47.0,47.5,
2020-10-23,2:15am,EUR,French Flash Manufacturing PMI,Low,51.3,51.2,
2020-10-23,2:30am,EUR,German Flash Manufacturing PMI,High,55.0,56.4,
2020-10-23,2:30am,EUR,German Flash Services PMI,High,49.6,50.6,
2020-10-23,3:00am,EUR,Flash Manufacturing PMI,Low,53.0,53.7,
2020-10-23,3:00am,EUR,Flash Services PMI,Low,47.1,48.0,
2020-10-23,3:30am,GBP,Flash Manufacturing PMI,Low,53.2,54.1,
2020-10-23,3:30am,GBP,Flash Services PMI,Low,53.4,56.1,
2020-10-23,7:59am,EUR,Belgian NBB Business Climate,Medium,-11.2,-10.8,
2020-10-23,8:45am,USD,Flash Manufacturing PMI,Low,53.5,53.2,
2020-10-23,8:45am,USD,Flash Services PMI,Medium,54.7,54.6,
2020-10-24,SatOct 24,EUR,Daylight Saving Time Shift,Low,,,
2020-10-24,SatOct 24,GBP,Daylight Saving Time Shift,Low,,,
2020-10-25,6:50pm,JPY,SPPI y/y,Medium,1.0%,1.1%,
2020-10-26,6:00am,EUR,German Buba Monthly Report,Medium,,,
2020-10-26,9:00am,USD,New Home Sales,Low,1025K,994K,
2020-10-26,9:30am,CHF,SNB Chairman Jordan Speaks,Medium,,,
2020-10-26,11:59pm,JPY,BOJ Core CPI y/y,Medium,0.0%,0.0%,
2020-10-27,3:00am,EUR,Spanish Unemployment Rate,Medium,16.0%,15.3%,
2020-10-27,4:00am,EUR,M3 Money Supply y/y,Medium,9.6%,9.5%,
2020-10-27,4:00am,EUR,Private Loans y/y,Medium,3.1%,3.0%,
2020-10-27,6:00am,GBP,CBI Realized Sales,Medium,-1,11,
2020-10-27,7:30am,USD,Core Durable Goods Orders m/m,Low,0.3%,0.6%,
2020-10-27,7:30am,USD,Durable Goods Orders m/m,Low,0.5%,0.5%,
2020-10-27,8:00am,USD,HPI m/m,Medium,0.7%,1.1%,
2020-10-27,8:00am,USD,S&P/CS Composite-20 HPI y/y,Medium,4.2%,4.1%,
2020-10-27,8:59am,USD,Richmond Manufacturing Index,Medium,18,21,
2020-10-27,9:00am,USD,CB Consumer Confidence,Low,102.1,101.3,
2020-10-27,3:30pm,USD,API Weekly Statistical Bulletin,Medium,,,
2020-10-27,7:01pm,GBP,BRC Shop Price Index y/y,Medium,,-1.6%,
2020-10-28,4:00am,CHF,UBS Economic Expectations,Medium,,26.2,
2020-10-28,5:03am,GBP,10-y Bond Auction,Medium,,0.31|2.8,
2020-10-28,7:30am,USD,Goods Trade Balance,Medium,-84.8B,-83.1B,
2020-10-28,7:30am,USD,Prelim Wholesale Inventories m/m,Medium,0.4%,0.4%,
2020-10-28,9:30am,USD,Crude Oil Inventories,Medium,1.5M,-1.0M,
2020-10-28,5:00pm,USD,FOMC Member Kaplan Speaks,Medium,,,
2020-10-28,6:50pm,JPY,Retail Sales y/y,Medium,-7.5%,-1.9%,
2020-10-28,10:12pm,JPY,BOJ Outlook Report,High,,,
2020-10-28,10:12pm,JPY,Monetary Policy Statement,High,,,
2020-10-28,10:12pm,JPY,BOJ Policy Rate,Medium,-0.10%,-0.10%,
2020-10-29,1:30am,JPY,BOJ Press Conference,Low,,,
2020-10-29,All Day,EUR,German Prelim CPI m/m,Medium,0.0%,-0.2%,
2020-10-29,3:00am,EUR,Spanish Flash CPI y/y,Medium,-0.4%,-0.4%,
2020-10-29,3:55am,EUR,German Unemployment Change,Medium,-5K,-10K,
2020-10-29,4:30am,GBP,M4 Money Supply m/m,Medium,0.3%,-0.5%,
2020-10-29,4:32am,GBP,Mortgage Approvals,Medium,76K,86K,
2020-10-29,4:32am,GBP,Net Lending to Individuals m/m,Medium,4.2B,3.3B,
2020-10-29,All Day,EUR,EU Economic Summit,Low,,,
2020-10-29,5:16am,EUR,Italian 10-y Bond Auction,Medium,,0.89|1.3,
2020-10-29,7:30am,USD,Advance GDP q/q,High,32.0%,-31.4%,
2020-10-29,7:30am,USD,Unemployment Claims,Low,773K,791K,
2020-10-29,7:32am,USD,Advance GDP Price Index q/q,Low,2.9%,-1.8%,
2020-10-29,7:45am,EUR,Main Refinancing Rate,High,0.00%,0.00%,
2020-10-29,7:45am,EUR,Monetary Policy Statement,High,,,
2020-10-29,8:30am,EUR,ECB Press Conference,High,,,
2020-10-29,9:00am,USD,Pending Home Sales m/m,Low,3.1%,8.8%,
2020-10-29,9:30am,USD,Natural Gas Storage,Medium,35B,49B,
2020-10-29,6:30pm,JPY,Tokyo Core CPI y/y,Medium,-0.5%,-0.2%,
2020-10-29,6:30pm,JPY,Unemployment Rate,Medium,3.1%,3.0%,
2020-10-29,6:50pm,JPY,Prelim Industrial Production m/m,Medium,3.0%,1.0%,
2020-10-30,1:30am,EUR,French Consumer Spending m/m,Medium,-1.5%,2.2%,
2020-10-30,1:30am,EUR,French Flash GDP q/q,Medium,15.0%,-13.7%,
2020-10-30,1:52am,GBP,Nationwide HPI m/m,Medium,0.4%,0.9%,
2020-10-30,2:00am,EUR,German Retail Sales m/m,Medium,-0.6%,1.8%,
2020-10-30,2:30am,CHF,Retail Sales y/y,Medium,2.8%,4.0%,
2020-10-30,2:45am,EUR,French Prelim CPI m/m,Medium,0.0%,-0.5%,
2020-10-30,3:00am,CHF,KOF Economic Barometer,Low,107.9,110.1,
2020-10-30,3:00am,EUR,Spanish Flash GDP q/q,Medium,13.5%,-17.8%,
2020-10-30,3:00am,EUR,Italian Monthly Unemployment Rate,Medium,10.1%,9.7%,
2020-10-30,4:00am,EUR,German Prelim GDP q/q,Low,7.3%,-9.7%,
2020-10-30,4:00am,EUR,Italian Prelim GDP q/q,Medium,11.1%,-12.8%,
2020-10-30,4:58am,EUR,Italian Prelim CPI m/m,Medium,0.2%,-0.7%,
2020-10-30,5:00am,EUR,Core CPI Flash Estimate y/y,Medium,0.2%,0.2%,
2020-10-30,5:00am,EUR,CPI Flash Estimate y/y,Medium,-0.3%,-0.3%,
2020-10-30,5:00am,EUR,Prelim Flash GDP q/q,Medium,9.5%,-11.8%,
2020-10-30,5:00am,EUR,Unemployment Rate,Medium,8.2%,8.3%,
2020-10-30,7:30am,USD,Core PCE Price Index m/m,Low,0.2%,0.3%,
2020-10-30,7:30am,USD,Personal Spending m/m,Low,1.0%,1.0%,
2020-10-30,7:30am,USD,Employment Cost Index q/q,Medium,0.5%,0.5%,
2020-10-30,7:30am,USD,Personal Income m/m,Medium,0.3%,-2.5%,
2020-10-30,8:45am,USD,Chicago PMI,Low,58.2,62.4,
2020-10-30,9:00am,USD,Revised UoM Consumer Sentiment,Low,81.2,81.2,
2020-10-30,9:00am,USD,Revised UoM Inflation Expectations,Medium,,2.7%,
2020-10-30,9:30am,EUR,German Buba President Weidmann Speaks,Medium,,,
2020-10-30,10:00am,USD,Fed Announcement,High,,,
2020-11-01,SunNov 1,USD,Daylight Saving Time Shift,Low,,,
2020-11-01,6:30pm,JPY,Final Manufacturing PMI,Medium,48.0,48.0,
2020-11-02,2:30am,CHF,Manufacturing PMI,Medium,53.6,53.1,
2020-11-02,2:45am,EUR,Italian Manufacturing PMI,Medium,53.9,53.2,
2020-11-02,2:50am,EUR,French Final Manufacturing PMI,Medium,51.0,51.0,
2020-11-02,2:55am,EUR,German Final Manufacturing PMI,Medium,58.0,58.0,
2020-11-02,3:00am,EUR,Final Manufacturing PMI,Medium,54.4,54.4,
2020-11-02,3:30am,GBP,Final Manufacturing PMI,Low,53.3,53.3,
2020-11-02,8:45am,USD,Final Manufacturing PMI,Medium,53.3,53.3,
2020-11-02,9:00am,USD,ISM Manufacturing PMI,High,55.6,55.4,
2020-11-02,9:00am,USD,Construction Spending m/m,Medium,1.0%,0.8%,
2020-11-02,9:00am,USD,ISM Manufacturing Prices,Medium,60.5,62.8,
2020-11-02,All Day,JPY,Bank Holiday,Low,,,
2020-11-03,1:45am,EUR,French Gov Budget Balance,Medium,,-165.7B,
2020-11-03,9:00am,USD,Factory Orders m/m,Medium,1.0%,0.6%,
2020-11-03,All Day,USD,Presidential Election,High,,,
2020-11-03,All Day,USD,Congressional Elections,High,,,
2020-11-03,All Day,USD,Wards Total Vehicle Sales,Medium,16.5M,16.3M,
2020-11-03,3:30pm,USD,API Weekly Statistical Bulletin,Medium,,,
2020-11-03,5:50pm,JPY,Monetary Base y/y,Medium,14.5%,14.3%,
2020-11-03,5:50pm,JPY,Monetary Policy Meeting Minutes,Medium,,,
2020-11-03,9:35pm,JPY,10-y Bond Auction,Medium,,0.02|4.1,
2020-11-04,2:15am,EUR,Spanish Services PMI,Medium,40.0,42.4,
2020-11-04,2:45am,EUR,Italian Services PMI,Medium,47.4,48.8,
2020-11-04,2:50am,EUR,French Final Services PMI,Medium,46.5,46.5,
2020-11-04,2:55am,EUR,German Final Services PMI,Medium,48.9,48.9,
2020-11-04,3:00am,EUR,Final Services PMI,Medium,46.2,46.2,
2020-11-04,All Day,EUR,ECOFIN Meetings,Medium,,,
2020-11-04,3:30am,GBP,Final Services PMI,Medium,52.3,52.3,
2020-11-04,4:00am,EUR,PPI m/m,Medium,0.3%,0.1%,
2020-11-04,7:15am,USD,ADP Non-Farm Employment Change,Low,650K,753K,
2020-11-04,7:30am,USD,Trade Balance,Medium,-64.2B,-67.0B,
2020-11-04,8:45am,USD,Final Services PMI,Medium,56.0,56.0,
2020-11-04,9:00am,USD,ISM Services PMI,High,57.4,57.8,
2020-11-04,9:30am,USD,Crude Oil Inventories,Medium,0.3M,4.3M,
2020-11-05,1:00am,EUR,German Factory Orders m/m,Medium,2.1%,4.9%,
2020-11-05,1:00am,GBP,Asset Purchase Facility,High,845B,745B,
2020-11-05,1:00am,GBP,BOE Monetary Policy Report,High,,,
2020-11-05,1:00am,GBP,Monetary Policy Summary,High,,,
2020-11-05,1:00am,GBP,MPC Asset Purchase Facility Votes,High,9-0-0,0-0-9,
2020-11-05,1:00am,GBP,MPC Official Bank Rate Votes,Low,0-0-9,0-0-9,
2020-11-05,1:00am,GBP,Official Bank Rate,Low,0.10%,0.10%,
2020-11-05,3:15am,GBP,BOE Gov Bailey Speaks,High,,,
2020-11-05,3:30am,GBP,Construction PMI,Medium,55.0,56.8,
2020-11-05,4:00am,EUR,EU Economic Forecasts,Low,,,
2020-11-05,4:00am,EUR,Retail Sales m/m,Medium,-1.4%,4.2%,
2020-11-05,4:12am,EUR,French 10-y Bond Auction,Medium,,-0.25|1.8,
2020-11-05,6:30am,USD,Challenger Job Cuts y/y,Medium,,185.9%,
2020-11-05,7:30am,USD,Unemployment Claims,Low,740K,758K,
2020-11-05,7:30am,USD,Prelim Nonfarm Productivity q/q,Medium,3.6%,10.1%,
2020-11-05,7:32am,USD,Prelim Unit Labor Costs q/q,Medium,-10.0%,9.0%,
2020-11-05,9:00am,CHF,Gov Board Member Maechler Speaks,Low,,,
2020-11-05,9:00am,EUR,German Buba President Weidmann Speaks,Medium,,,
2020-11-05,9:30am,USD,Natural Gas Storage,Medium,-34B,29B,
2020-11-05,1:00pm,USD,FOMC Statement,High,,,
2020-11-05,1:00pm,USD,Federal Funds Rate,Low,<0.25%,<0.25%,
2020-11-05,1:30pm,USD,FOMC Press Conference,High,,,
2020-11-05,5:30pm,JPY,Average Cash Earnings y/y,Medium,-1.1%,-1.3%,
2020-11-05,5:30pm,JPY,Household Spending y/y,Medium,-10.5%,-6.9%,
2020-11-06,1:45am,EUR,French Prelim Private Payrolls q/q,Medium,0.2%,-0.8%,
2020-11-06,1:45am,EUR,French Trade Balance,Medium,-6.9B,-7.7B,
2020-11-06,2:00am,CHF,Foreign Currency Reserves,Medium,,874B,
2020-11-06,2:30am,GBP,Halifax HPI m/m,Medium,1.0%,1.5%,
2020-11-06,3:00am,EUR,Italian Retail Sales m/m,Medium,-1.5%,8.2%,
2020-11-06,7:30am,USD,Average Hourly Earnings m/m,High,0.2%,0.0%,
2020-11-06,7:30am,USD,Non-Farm Employment Change,High,595K,672K,
2020-11-06,7:30am,USD,Unemployment Rate,High,7.7%,7.9%,
2020-11-06,9:00am,USD,Final Wholesale Inventories m/m,Medium,-0.1%,-0.1%,
2020-11-06,2:00pm,USD,Consumer Credit m/m,Medium,7.9B,-6.9B,
2020-11-08,10:59pm,JPY,Leading Indicators,Medium,92.9%,88.4%,
2020-11-09,1:00am,EUR,German Trade Balance,Medium,17.2B,15.4B,
2020-11-09,3:25am,EUR,ECB President Lagarde Speaks,Low,,,
2020-11-09,3:30am,EUR,Sentix Investor Confidence,Medium,-15.0,-8.3,
2020-11-09,4:35am,GBP,BOE Gov Bailey Speaks,High,,,
2020-11-09,8:00am,GBP,MPC Member Haldane Speaks,Medium,,,
2020-11-09,12:30pm,USD,FOMC Member Mester Speaks,Medium,,,
2020-11-09,1:00pm,USD,Loan Officer Survey,Medium,,,
2020-11-09,5:50pm,JPY,Bank Lending y/y,Medium,6.3%,6.4%,
2020-11-09,5:50pm,JPY,Current Account,Medium,1.79T,1.66T,
2020-11-09,6:01pm,GBP,BRC Retail Sales Monitor y/y,Medium,5.5%,6.1%,
2020-11-09,9:35pm,JPY,30-y Bond Auction,Medium,,0.64|3.5,
2020-11-09,11:00pm,JPY,Economy Watchers Sentiment,Medium,50.9,49.3,
2020-11-10,TueNov 10,GBP,Claimant Count Change,Medium,20.3K,-40.2K,
2020-11-10,TueNov 10,GBP,Unemployment Rate,Medium,4.7%,4.5%,
2020-11-10,1:45am,EUR,French Industrial Production m/m,Medium,0.8%,1.1%,
2020-11-10,3:00am,EUR,Italian Industrial Production m/m,Medium,-1.9%,7.4%,
2020-11-10,4:00am,EUR,ZEW Economic Sentiment,Medium,43.3,52.3,
2020-11-10,4:00am,EUR,German ZEW Economic Sentiment,Medium,45.0,56.1,
2020-11-10,5:00am,USD,NFIB Small Business Index,Medium,104.3,104.0,
2020-11-10,9:00am,USD,JOLTS Job Openings,Medium,6.50M,6.35M,
2020-11-10,9:00am,USD,Mortgage Delinquencies,Medium,,8.22%,
2020-11-10,9:02am,USD,RCM/TIPP Economic Optimism,Medium,56.3,55.2,
2020-11-10,11:00am,USD,FOMC Member Kaplan Speaks,Medium,,,
2020-11-10,12:01pm,USD,10-y Bond Auction,Medium,,0.77|2.5,
2020-11-10,1:30pm,USD,FOMC Member Quarles Speaks,Medium,,,
2020-11-10,3:30pm,USD,API Weekly Statistical Bulletin,Medium,,,
2020-11-10,4:00pm,USD,FOMC Member Brainard Speaks,Medium,,,
2020-11-10,5:50pm,JPY,M2 Money Stock y/y,Medium,9.1%,9.0%,
2020-11-10,11:59pm,JPY,Prelim Machine Tool Orders y/y,Medium,,-15.0%,
2020-11-11,4:34am,EUR,German 30-y Bond Auction,Medium,,-0.16|2.4,
2020-11-11,7:00am,EUR,ECB President Lagarde Speaks,Low,,,
2020-11-11,All Day,USD,Bank Holiday,Low,,,
2020-11-11,5:50pm,JPY,Core Machinery Orders m/m,Medium,-1.1%,0.2%,
2020-11-11,5:50pm,JPY,PPI y/y,Medium,-2.0%,-0.8%,
2020-11-11,6:01pm,GBP,RICS House Price Balance,Medium,54%,62%,
2020-11-11,10:30pm,JPY,Tertiary Industry Activity m/m,Medium,1.3%,0.8%,
2020-11-12,ThuNov 12,GBP,Prelim GDP q/q,Low,15.8%,-19.8%,
2020-11-12,ThuNov 12,GBP,Construction Output m/m,Medium,2.1%,3.8%,
2020-11-12,ThuNov 12,GBP,GDP m/m,Medium,1.5%,2.2%,
2020-11-12,ThuNov 12,GBP,Goods Trade Balance,Medium,-9.2B,-6.8B,
2020-11-12,ThuNov 12,GBP,Index of Services 3m/3m,Medium,14.6%,6.9%,
2020-11-12,ThuNov 12,GBP,Industrial Production m/m,Medium,0.9%,0.3%,
2020-11-12,ThuNov 12,GBP,Manufacturing Production m/m,Medium,0.7%,0.9%,
2020-11-12,ThuNov 12,GBP,Prelim Business Investment q/q,Medium,14.4%,-26.5%,
2020-11-12,2:00am,GBP,BOE Gov Bailey Speaks,High,,,
2020-11-12,3:00am,EUR,ECB Economic Bulletin,Medium,,,
2020-11-12,4:00am,EUR,Industrial Production m/m,Medium,0.6%,0.6%,
2020-11-12,7:15am,GBP,NIESR GDP Estimate,Medium,,15.5%,
2020-11-12,7:30am,USD,CPI y/y,High,1.3%,1.4%,
2020-11-12,7:30am,USD,Core CPI m/m,Low,0.2%,0.2%,
2020-11-12,7:30am,USD,CPI m/m,Low,0.1%,0.2%,
2020-11-12,7:30am,USD,Unemployment Claims,Low,730K,757K,
2020-11-12,10:00am,USD,Crude Oil Inventories,Medium,-2.0M,-8.0M,
2020-11-12,10:45am,EUR,ECB President Lagarde Speaks,High,,,
2020-11-12,10:45am,GBP,BOE Gov Bailey Speaks,High,,,
2020-11-12,10:45am,USD,Fed Chairman Powell Speaks,High,,,
2020-11-12,12:01pm,USD,30-y Bond Auction,Medium,,1.58|2.3,
2020-11-12,1:00pm,USD,Federal Budget Balance,Medium,-274.0B,-124.6B,
2020-11-13,1:30am,CHF,PPI m/m,Medium,0.1%,0.1%,
2020-11-13,1:45am,EUR,French Final CPI m/m,Medium,-0.1%,-0.1%,
2020-11-13,4:00am,EUR,German Buba President Weidmann Speaks,Medium,,,
2020-11-13,4:00am,EUR,Flash Employment Change q/q,Medium,0.7%,-2.9%,
2020-11-13,4:00am,EUR,Flash GDP q/q,Medium,12.7%,12.7%,
2020-11-13,4:00am,EUR,Trade Balance,Medium,22.3B,21.0B,
2020-11-13,7:30am,USD,Core PPI m/m,Low,0.2%,0.4%,
2020-11-13,7:30am,USD,PPI m/m,Low,0.2%,0.4%,
2020-11-13,8:00am,GBP,MPC Member Tenreyro Speaks,Medium,,,
2020-11-13,8:30am,GBP,CB Leading Index m/m,Medium,,-0.7%,
2020-11-13,9:00am,USD,Prelim UoM Consumer Sentiment,Low,82.1,81.8,
2020-11-13,9:00am,USD,Prelim UoM Inflation Expectations,Medium,,2.6%,
2020-11-13,9:30am,USD,Natural Gas Storage,Medium,-3B,-36B,
2020-11-13,10:00am,GBP,BOE Gov Bailey Speaks,Low,,,
2020-11-15,5:50pm,JPY,Prelim GDP Price Index y/y,Medium,1.0%,1.3%,
2020-11-15,5:50pm,JPY,Prelim GDP q/q,Medium,4.4%,-7.9%,
2020-11-15,6:01pm,GBP,Rightmove HPI m/m,Medium,,1.1%,
2020-11-15,10:30pm,JPY,Revised Industrial Production m/m,Medium,4.0%,4.0%,
2020-11-16,5:00am,EUR,German Buba Monthly Report,Medium,,,
2020-11-16,7:00am,EUR,ECB President Lagarde Speaks,Low,,,
2020-11-16,7:30am,USD,Empire State Manufacturing Index,Medium,13.8,10.5,
2020-11-16,11:30am,GBP,MPC Member Haskel Speaks,Medium,,,
2020-11-16,1:00pm,USD,FOMC Member Clarida Speaks,Medium,,,
2020-11-16,3:00pm,USD,FOMC Financial Stability Report,Medium,,,
2020-11-17,All Day,EUR,ECOFIN Meetings,Medium,,,
2020-11-17,5:00am,GBP,BOE Gov Bailey Speaks,Low,,,
2020-11-17,5:32am,GBP,30-y Bond Auction,Medium,,0.84|2.2,
2020-11-17,7:30am,USD,Core Retail Sales m/m,High,0.6%,1.2%,
2020-11-17,7:30am,USD,Retail Sales m/m,High,0.5%,1.6%,
2020-11-17,7:30am,USD,Import Prices m/m,Medium,0.2%,0.2%,
2020-11-17,8:15am,USD,Capacity Utilization Rate,Medium,72.3%,72.0%,
2020-11-17,8:15am,USD,Industrial Production m/m,Medium,1.1%,-0.4%,
2020-11-17,9:00am,USD,Business Inventories m/m,Medium,0.5%,0.3%,
2020-11-17,9:00am,USD,NAHB Housing Market Index,Medium,85,85,
2020-11-17,10:00am,EUR,ECB President Lagarde Speaks,Low,,,
2020-11-17,11:00am,GBP,MPC Member Ramsden Speaks,Medium,,,
2020-11-17,12:00pm,USD,Fed Chairman Powell Speaks,High,,,
2020-11-17,12:00pm,USD,FOMC Member Brainard Speaks,Medium,,,
2020-11-17,3:00pm,USD,TIC Long-Term Purchases,Medium,41.5B,27.8B,
2020-11-17,3:30pm,USD,API Weekly Statistical Bulletin,Medium,,,
2020-11-17,5:50pm,JPY,Trade Balance,Medium,0.11T,0.44T,
2020-11-18,WedNov 18,GBP,CPI y/y,Medium,0.5%,0.5%,
2020-11-18,WedNov 18,GBP,RPI y/y,Medium,1.2%,1.1%,
2020-11-18,1:02am,GBP,PPI Input m/m,Medium,0.0%,0.3%,
2020-11-18,1:02am,GBP,PPI Output m/m,Medium,0.1%,-0.1%,
2020-11-18,3:30am,GBP,HPI y/y,Medium,2.9%,3.0%,
2020-11-18,4:00am,EUR,Final Core CPI y/y,Medium,0.2%,0.2%,
2020-11-18,4:00am,EUR,Final CPI y/y,Medium,-0.3%,-0.3%,
2020-11-18,4:30am,GBP,MPC Member Haldane Speaks,Medium,,,
2020-11-18,4:34am,EUR,German 10-y Bond Auction,Medium,,-0.51|2.1,
2020-11-18,7:30am,USD,Building Permits,Medium,1.57M,1.55M,
2020-11-18,7:30am,USD,Housing Starts,Medium,1.45M,1.46M,
2020-11-18,9:30am,USD,Crude Oil Inventories,Medium,1.7M,4.3M,
2020-11-18,11:15am,USD,FOMC Member Williams Speaks,Medium,,,
2020-11-19,2:00am,EUR,ECB President Lagarde Speaks,Low,,,
2020-11-19,3:00am,EUR,Current Account,Medium,18.1B,20.9B,
2020-11-19,5:00am,GBP,CBI Industrial Order Expectations,Medium,-39,-34,
2020-11-19,7:30am,USD,Philly Fed Manufacturing Index,Low,22.0,32.3,
2020-11-19,7:30am,USD,Unemployment Claims,Low,707K,711K,
2020-11-19,9:00am,EUR,ECB President Lagarde Speaks,Low,,,
2020-11-19,9:00am,USD,CB Leading Index m/m,Low,0.7%,0.7%,
2020-11-19,9:00am,USD,Existing Home Sales,Medium,6.45M,6.57M,
2020-11-19,9:30am,USD,Natural Gas Storage,Medium,22B,8B,
2020-11-19,5:30pm,JPY,National Core CPI y/y,Medium,-0.7%,-0.3%,
2020-11-19,6:01pm,GBP,GfK Consumer Confidence,Medium,-33,-31,
2020-11-19,6:30pm,JPY,Flash Manufacturing PMI,Medium,49.4,48.7,
2020-11-20,FriNov 20,GBP,Retail Sales m/m,Low,-0.3%,1.4%,
2020-11-20,FriNov 20,GBP,Public Sector Net Borrowing,Medium,31.6B,27.9B,
2020-11-20,2:15am,EUR,ECB President Lagarde Speaks,Low,,,
2020-11-20,7:30am,USD,FOMC Member Kaplan Speaks,Medium,,,
2020-11-20,8:50am,EUR,Consumer Confidence,Medium,-18,-16,
2020-11-22,All Day,JPY,Bank Holiday,Low,,,
2020-11-23,MonNov 23,EUR,French Flash Manufacturing PMI,Low,50.2,51.3,
2020-11-23,2:30am,EUR,German Flash Manufacturing PMI,High,56.0,58.2,
2020-11-23,2:30am,EUR,German Flash Services PMI,High,46.1,49.5,
2020-11-23,3:00am,EUR,Flash Manufacturing PMI,Low,53.2,54.8,
2020-11-23,3:00am,EUR,Flash Services PMI,Low,42.2,46.9,
2020-11-23,3:30am,GBP,Flash Manufacturing PMI,Low,50.5,53.7,
2020-11-23,3:30am,GBP,Flash Services PMI,Low,43.2,51.4,
2020-11-23,3:40am,GBP,MPC Member Haldane Speaks,Medium,,,
2020-11-23,8:45am,USD,Flash Manufacturing PMI,Low,52.5,53.4,
2020-11-23,8:45am,USD,Flash Services PMI,Medium,55.8,56.9,
2020-11-23,9:30am,GBP,Monetary Policy Report Hearings,High,,,
2020-11-24,3:00am,EUR,German ifo Business Climate,Medium,90.3,92.5,
2020-11-24,5:00am,GBP,CBI Realized Sales,Medium,-34,-23,
2020-11-24,5:30am,GBP,MPC Member Haskel Speaks,Medium,,,
2020-11-24,7:52am,EUR,Belgian NBB Business Climate,Medium,-11.8,-8.5,
2020-11-24,8:00am,USD,HPI m/m,Medium,0.8%,1.5%,
2020-11-24,8:00am,USD,S&P/CS Composite-20 HPI y/y,Medium,5.3%,5.3%,
2020-11-24,8:59am,USD,Richmond Manufacturing Index,Medium,20,29,
2020-11-24,9:00am,USD,CB Consumer Confidence,Low,97.7,101.4,
2020-11-24,3:30pm,USD,API Weekly Statistical Bulletin,Medium,,,
2020-11-24,5:50pm,JPY,SPPI y/y,Medium,-0.5%,1.4%,
2020-11-24,10:59pm,JPY,BOJ Core CPI y/y,Medium,-0.1%,-0.1%,
2020-11-25,3:30am,EUR,ECB Financial Stability Review,Low,,,
2020-11-25,6:45am,GBP,Autumn Forecast Statement,Low,,,
2020-11-25,7:30am,USD,Prelim GDP q/q,Low,33.1%,33.1%,
2020-11-25,7:30am,USD,Unemployment Claims,Low,732K,748K,
2020-11-25,7:30am,USD,Core Durable Goods Orders m/m,Medium,0.5%,0.9%,
2020-11-25,7:30am,USD,Durable Goods Orders m/m,Medium,1.0%,2.1%,
2020-11-25,7:30am,USD,Goods Trade Balance,Medium,-80.2B,-79.4B,
2020-11-25,7:30am,USD,Prelim Wholesale Inventories m/m,Medium,0.4%,0.4%,
2020-11-25,7:36am,USD,Prelim GDP Price Index q/q,Medium,3.6%,3.6%,
2020-11-25,9:00am,USD,Revised UoM Consumer Sentiment,Low,76.9,77.0,
2020-11-25,9:00am,USD,Core PCE Price Index m/m,Medium,0.0%,0.2%,
2020-11-25,9:00am,USD,New Home Sales,Medium,972K,1002K,
2020-11-25,9:00am,USD,Personal Income m/m,Medium,0.0%,0.7%,
2020-11-25,9:00am,USD,Personal Spending m/m,Medium,0.4%,1.2%,
2020-11-25,9:00am,USD,Revised UoM Inflation Expectations,Medium,,2.8%,
2020-11-25,9:30am,USD,Crude Oil Inventories,Medium,0.1M,0.8M,
2020-11-25,11:00am,USD,Natural Gas Storage,Medium,-18B,31B,
2020-11-25,1:00pm,USD,FOMC Meeting Minutes,High,,,
2020-11-26,3:00am,EUR,M3 Money Supply y/y,Medium,10.4%,10.4%,
2020-11-26,3:00am,EUR,Private Loans y/y,Medium,3.1%,3.1%,
2020-11-26,6:30am,EUR,ECB Monetary Policy Meeting Accounts,Medium,,,
2020-11-26,All Day,USD,Bank Holiday,Low,,,
2020-11-26,5:30pm,JPY,Tokyo Core CPI y/y,Medium,-0.6%,-0.5%,
2020-11-27,1:45am,EUR,French Consumer Spending m/m,Medium,3.6%,-4.4%,
2020-11-27,1:45am,EUR,French Prelim CPI m/m,Medium,0.0%,0.0%,
2020-11-27,1:45am,EUR,French Prelim GDP q/q,Medium,18.2%,18.2%,
2020-11-27,4:12am,EUR,Italian 10-y Bond Auction,Medium,,0.79|1.3,
2020-11-29,5:50pm,JPY,Prelim Industrial Production m/m,Medium,2.3%,3.9%,
2020-11-29,5:50pm,JPY,Retail Sales y/y,Medium,6.4%,-8.7%,
2020-11-29,11:00pm,JPY,Housing Starts y/y,Medium,-9.0%,-9.9%,
2020-11-30,1:30am,CHF,Retail Sales y/y,Medium,0.6%,0.4%,
2020-11-30,2:00am,CHF,KOF Economic Barometer,Medium,101.0,106.3,
2020-11-30,2:00am,EUR,Spanish Flash CPI y/y,Medium,-0.9%,-0.8%,
2020-11-30,3:30am,GBP,M4 Money Supply m/m,Medium,1.0%,0.8%,
2020-11-30,3:30am,GBP,Net Lending to Individuals m/m,Medium,4.7B,4.2B,
2020-11-30,3:32am,GBP,Mortgage Approvals,Medium,85K,92K,
2020-11-30,4:00am,EUR,ECB President Lagarde Speaks,Low,,,
2020-11-30,4:00am,EUR,Italian Prelim CPI m/m,Medium,-0.2%,0.2%,
2020-11-30,All Day,EUR,Eurogroup Meetings,Medium,,,
2020-11-30,8:30am,GBP,MPC Member Tenreyro Speaks,Medium,,,
2020-11-30,8:45am,USD,Chicago PMI,Low,59.4,61.1,
2020-11-30,9:00am,USD,Pending Home Sales m/m,Low,1.1%,-2.0%,
2020-11-30,5:30pm,JPY,Unemployment Rate,Medium,3.1%,3.0%,
2020-11-30,5:50pm,JPY,Capital Spending q/y,Medium,-12.0%,-11.3%,
2020-11-30,6:30pm,JPY,Final Manufacturing PMI,Medium,48.3,48.3,
2020-11-30,9:35pm,JPY,10-y Bond Auction,Medium,,0.05|4.1,
2020-12-01,1:00am,GBP,Nationwide HPI m/m,Medium,0.2%,0.8%,
2020-12-01,2:15am,EUR,Spanish Manufacturing PMI,Medium,50.8,52.5,
2020-12-01,2:30am,CHF,Manufacturing PMI,Medium,51.5,52.3,
2020-12-01,2:45am,EUR,Italian Manufacturing PMI,Medium,52.0,53.8,
2020-12-01,2:50am,EUR,French Final Manufacturing PMI,Medium,49.1,49.1,
2020-12-01,2:55am,EUR,German Final Manufacturing PMI,Medium,57.9,57.9,
2020-12-01,2:55am,EUR,German Unemployment Change,Medium,9K,-38K,
2020-12-01,3:00am,EUR,Final Manufacturing PMI,Medium,53.6,53.6,
2020-12-01,All Day,EUR,ECOFIN Meetings,Medium,,,
2020-12-01,3:30am,GBP,Final Manufacturing PMI,Low,55.2,55.2,
2020-12-01,4:00am,EUR,Core CPI Flash Estimate y/y,Medium,0.2%,0.2%,
2020-12-01,4:00am,EUR,CPI Flash Estimate y/y,Medium,-0.2%,-0.3%,
2020-12-01,8:45am,USD,Final Manufacturing PMI,Medium,56.7,56.7,
2020-12-01,9:00am,USD,Fed Chairman Powell Testifies,High,,,
2020-12-01,9:00am,USD,ISM Manufacturing PMI,High,57.9,59.3,
2020-12-01,9:00am,USD,Construction Spending m/m,Medium,0.8%,-0.5%,
2020-12-01,9:00am,USD,ISM Manufacturing Prices,Medium,65.0,65.5,
2020-12-01,All Day,USD,Wards Total Vehicle Sales,Medium,16.1M,16.2M,
2020-12-01,11:00am,EUR,ECB President Lagarde Speaks,Low,,,
2020-12-01,11:00am,USD,FOMC Member Brainard Speaks,Medium,,,
2020-12-01,3:30pm,USD,API Weekly Statistical Bulletin,Medium,,,
2020-12-01,5:50pm,JPY,Monetary Base y/y,Medium,17.2%,16.3%,
2020-12-01,6:01pm,GBP,BRC Shop Price Index y/y,Medium,,-1.2%,
2020-12-01,10:59pm,JPY,Consumer Confidence,Medium,33.0,33.6,
2020-12-02,1:30am,CHF,CPI m/m,Medium,-0.1%,0.0%,
2020-12-02,2:00am,EUR,Spanish Unemployment Change,Medium,54.5K,49.6K,
2020-12-02,3:00am,EUR,Italian Monthly Unemployment Rate,Medium,9.9%,9.7%,
2020-12-02,4:00am,EUR,PPI m/m,Medium,0.2%,0.4%,
2020-12-02,4:00am,EUR,Unemployment Rate,Medium,8.4%,8.5%,
2020-12-02,5:33am,GBP,10-y Bond Auction,Medium,,0.24|3.0,
2020-12-02,7:15am,USD,ADP Non-Farm Employment Change,Low,433K,404K,
2020-12-02,8:00am,USD,FOMC Member Quarles Speaks,Medium,,,
2020-12-02,9:00am,USD,Fed Chairman Powell Testifies,High,,,
2020-12-02,9:00am,USD,FOMC Member Harker Speaks,Medium,,,
2020-12-02,9:30am,USD,Crude Oil Inventories,Medium,-1.7M,-0.8M,
2020-12-02,12:00pm,USD,FOMC Member Williams Speaks,Medium,,,
2020-12-02,1:00pm,USD,Beige Book,Medium,,,
2020-12-02,9:35pm,JPY,30-y Bond Auction,Medium,,0.64|3.8,
2020-12-03,2:45am,EUR,Italian Services PMI,Medium,40.9,46.7,
2020-12-03,2:50am,EUR,French Final Services PMI,Medium,49.1,38.0,
2020-12-03,2:55am,EUR,German Final Services PMI,Medium,46.2,46.2,
2020-12-03,3:00am,EUR,Final Services PMI,Medium,41.3,41.3,
2020-12-03,3:30am,GBP,Final Services PMI,Medium,45.8,45.8,
2020-12-03,4:00am,EUR,Retail Sales m/m,Medium,0.7%,-1.7%,
2020-12-03,4:04am,EUR,French 10-y Bond Auction,Medium,,-0.38|2.4,
2020-12-03,6:30am,USD,Challenger Job Cuts y/y,Medium,,60.4%,
2020-12-03,7:30am,USD,Unemployment Claims,Low,775K,787K,
2020-12-03,8:45am,USD,Final Services PMI,Medium,57.5,57.7,
2020-12-03,9:00am,USD,ISM Services PMI,Low,55.9,56.6,
2020-12-03,9:30am,USD,Natural Gas Storage,Medium,-17B,-18B,
2020-12-04,1:45am,EUR,French Gov Budget Balance,Medium,,-161.6B,
2020-12-04,3:00am,EUR,Italian Retail Sales m/m,Medium,0.2%,-0.7%,
2020-12-04,3:30am,GBP,MPC Member Saunders Speaks,Low,,,
2020-12-04,3:30am,GBP,Construction PMI,Medium,52.3,53.1,
2020-12-04,7:30am,USD,Average Hourly Earnings m/m,High,0.1%,0.1%,
2020-12-04,7:30am,USD,Non-Farm Employment Change,High,480K,610K,
2020-12-04,7:30am,USD,Unemployment Rate,High,6.8%,6.9%,
2020-12-04,7:30am,USD,Trade Balance,Medium,-64.7B,-62.1B,
2020-12-04,7:45am,GBP,MPC Member Tenreyro Speaks,Medium,,,
2020-12-04,9:00am,USD,Factory Orders m/m,Medium,0.8%,1.3%,
2020-12-04,9:00am,USD,FOMC Member Bowman Speaks,Medium,,,
2020-12-06,10:59pm,JPY,Leading Indicators,Medium,93.4%,92.5%,
2020-12-07,2:10am,CHF,Foreign Currency Reserves,Medium,,872B,
2020-12-07,2:30am,GBP,Halifax HPI m/m,Medium,0.6%,0.3%,
2020-12-07,3:30am,EUR,Sentix Investor Confidence,Medium,-11.9,-10.0,
2020-12-07,2:00pm,USD,Consumer Credit m/m,Medium,17.6B,15.0B,
2020-12-07,5:30pm,JPY,Average Cash Earnings y/y,Medium,-0.7%,-1.3%,
2020-12-07,5:30pm,JPY,Household Spending y/y,Medium,2.7%,-10.2%,
2020-12-07,5:50pm,JPY,Bank Lending y/y,Medium,6.3%,6.1%,
2020-12-07,5:50pm,JPY,Current Account,Medium,1.83T,1.35T,
2020-12-07,5:50pm,JPY,Final GDP q/q,Medium,5.0%,5.0%,
2020-12-07,5:52pm,JPY,Final GDP Price Index y/y,Medium,1.1%,1.1%,
2020-12-07,6:01pm,GBP,BRC Retail Sales Monitor y/y,Medium,5.0%,5.2%,
2020-12-07,11:00pm,JPY,Economy Watchers Sentiment,Medium,52.7,54.5,
2020-12-08,12:45am,CHF,Unemployment Rate,Medium,3.4%,3.4%,
2020-12-08,All Day,EUR,Italian Bank Holiday,Low,,,
2020-12-08,1:45am,EUR,French Trade Balance,Medium,-5.5B,-5.6B,
2020-12-08,4:00am,EUR,Final Employment Change q/q,Medium,0.9%,0.9%,
2020-12-08,4:00am,EUR,Revised GDP q/q,Medium,12.6%,12.6%,
2020-12-08,4:00am,EUR,ZEW Economic Sentiment,Medium,37.5,32.8,
2020-12-08,4:00am,EUR,German ZEW Economic Sentiment,Medium,45.9,39.0,
2020-12-08,5:00am,USD,NFIB Small Business Index,Medium,102.6,104.0,
2020-12-08,5:36am,GBP,30-y Bond Auction,Medium,,0.92|2.3,
2020-12-08,7:30am,USD,Revised Nonfarm Productivity q/q,Medium,4.9%,4.9%,
2020-12-08,7:30am,USD,Revised Unit Labor Costs q/q,Medium,-8.9%,-8.9%,
2020-12-08,9:00am,USD,RCM/TIPP Economic Optimism,Medium,50.0,50.0,
2020-12-08,3:30pm,USD,API Weekly Statistical Bulletin,Medium,,,
2020-12-08,5:50pm,JPY,Core Machinery Orders m/m,Medium,2.6%,-4.4%,
2020-12-08,5:50pm,JPY,M2 Money Stock y/y,Medium,8.9%,9.0%,
2020-12-09,1:00am,EUR,German Trade Balance,Medium,18.7B,17.6B,
2020-12-09,9:00am,USD,Final Wholesale Inventories m/m,Medium,0.9%,0.9%,
2020-12-09,9:00am,USD,JOLTS Job Openings,Medium,6.30M,6.49M,
2020-12-09,9:30am,USD,Crude Oil Inventories,Medium,-0.9M,-0.7M,
2020-12-09,12:01pm,USD,10-y Bond Auction,Medium,,0.96|2.3,
2020-12-09,5:50pm,JPY,BSI Manufacturing Index,Medium,3.5,0.1,
2020-12-09,5:50pm,JPY,PPI y/y,Medium,-2.2%,-2.1%,
2020-12-09,6:01pm,GBP,RICS House Price Balance,Medium,64%,67%,
2020-12-10,ThuDec 10,GBP,GDP m/m,Medium,0.4%,1.1%,
2020-12-10,ThuDec 10,GBP,Goods Trade Balance,Medium,-9.6B,-9.3B,
2020-12-10,ThuDec 10,GBP,Index of Services 3m/3m,Medium,9.8%,14.2%,
2020-12-10,ThuDec 10,GBP,Industrial Production m/m,Medium,0.3%,0.5%,
2020-12-10,ThuDec 10,GBP,Manufacturing Production m/m,Medium,0.3%,0.2%,
2020-12-10,1:45am,EUR,French Industrial Production m/m,Medium,0.4%,1.6%,
2020-12-10,3:44am,EUR,Spanish 10-y Bond Auction,Medium,,0.22|3.2,
2020-12-10,Day 1,EUR,EU Economic Summit,High,,,
2020-12-10,6:45am,EUR,Main Refinancing Rate,High,0.00%,0.00%,
2020-12-10,6:45am,EUR,Monetary Policy Statement,High,,,
2020-12-10,7:19am,GBP,NIESR GDP Estimate,Medium,,10.3%,
2020-12-10,7:30am,EUR,ECB Press Conference,High,,,
2020-12-10,7:30am,USD,CPI y/y,High,1.2%,1.2%,
2020-12-10,7:30am,USD,Core CPI m/m,Low,0.1%,0.0%,
2020-12-10,7:30am,USD,CPI m/m,Low,0.1%,0.0%,
2020-12-10,7:30am,USD,Unemployment Claims,Low,723K,716K,
2020-12-10,9:30am,USD,Natural Gas Storage,Medium,-85B,-1B,
2020-12-10,12:01pm,USD,30-y Bond Auction,Medium,,1.68|2.3,
2020-12-10,1:00pm,USD,Federal Budget Balance,Medium,-200.0B,-284.1B,
2020-12-11,FriDec 11,GBP,BOE Financial Stability Report,Medium,,,
2020-12-11,FriDec 11,GBP,FPC Meeting Minutes,Medium,,,
2020-12-11,FriDec 11,GBP,FPC Statement,Medium,,,
2020-12-11,2:30am,GBP,BOE Gov Bailey Speaks,High,,,
2020-12-11,3:00am,EUR,Italian Industrial Production m/m,Medium,1.1%,-5.1%,
2020-12-11,3:30am,GBP,Consumer Inflation Expectations,Medium,,2.8%,
2020-12-11,4:00am,EUR,Italian Quarterly Unemployment Rate,Medium,9.8%,8.4%,
2020-12-11,All Day,EUR,Euro Summit,High,,,
2020-12-11,Day 2,EUR,EU Economic Summit,Low,,,
2020-12-11,7:30am,USD,Core PPI m/m,Low,0.2%,0.1%,
2020-12-11,7:30am,USD,PPI m/m,Low,0.1%,0.3%,
2020-12-11,8:30am,GBP,CB Leading Index m/m,Medium,,-1.5%,
2020-12-11,9:00am,USD,Prelim UoM Consumer Sentiment,Medium,76.1,76.9,
2020-12-11,9:00am,USD,Prelim UoM Inflation Expectations,Medium,,2.8%,
2020-12-13,5:50pm,JPY,Tankan Manufacturing Index,Medium,-16,-27,
2020-12-13,5:50pm,JPY,Tankan Non-Manufacturing Index,Medium,-7,-12,
2020-12-13,6:01pm,GBP,Rightmove HPI m/m,Medium,,-0.5%,
2020-12-13,10:30pm,JPY,Revised Industrial Production m/m,Medium,3.8%,3.8%,
2020-12-13,10:30pm,JPY,Tertiary Industry Activity m/m,Medium,1.3%,2.3%,
2020-12-14,4:00am,EUR,Industrial Production m/m,Medium,1.8%,0.1%,
2020-12-14,5:00am,EUR,German Buba Monthly Report,Medium,,,
2020-12-15,12:45am,CHF,SECO Economic Forecasts,Medium,,,
2020-12-15,1:00am,GBP,Average Earnings Index 3m/y,Medium,2.2%,1.4%,
2020-12-15,1:00am,GBP,Claimant Count Change,Medium,10.5K,-64.1K,
2020-12-15,1:00am,GBP,Unemployment Rate,Medium,5.1%,4.8%,
2020-12-15,1:30am,CHF,PPI m/m,Medium,0.1%,0.0%,
2020-12-15,1:45am,EUR,French Final CPI m/m,Medium,0.2%,0.2%,
2020-12-15,4:00am,EUR,Italian Trade Balance,Medium,5.40B,5.85B,
2020-12-15,7:30am,USD,Empire State Manufacturing Index,Medium,6.3,6.3,
2020-12-15,7:30am,USD,Import Prices m/m,Medium,0.3%,-0.1%,
2020-12-15,8:15am,USD,Capacity Utilization Rate,Medium,73.1%,73.0%,
2020-12-15,8:15am,USD,Industrial Production m/m,Medium,0.3%,0.9%,
2020-12-15,3:00pm,USD,TIC Long-Term Purchases,Medium,75.5B,108.9B,
2020-12-15,3:30pm,USD,API Weekly Statistical Bulletin,Medium,,,
2020-12-15,5:50pm,JPY,Trade Balance,Medium,0.54T,0.36T,
2020-12-15,6:30pm,JPY,Flash Manufacturing PMI,Medium,48.9,49.0,
2020-12-16,WedDec 16,GBP,CPI y/y,Medium,0.6%,0.7%,
2020-12-16,WedDec 16,GBP,RPI y/y,Medium,1.3%,1.3%,
2020-12-16,1:02am,GBP,PPI Input m/m,Medium,0.4%,0.4%,
2020-12-16,1:02am,GBP,PPI Output m/m,Medium,0.1%,0.0%,
2020-12-16,2:15am,EUR,French Flash Services PMI,High,39.9,38.8,
2020-12-16,2:15am,EUR,French Flash Manufacturing PMI,Low,50.0,49.6,
2020-12-16,2:30am,EUR,German Flash Manufacturing PMI,High,56.4,57.8,
2020-12-16,2:30am,EUR,German Flash Services PMI,High,44.1,46.0,
2020-12-16,3:00am,EUR,Flash Manufacturing PMI,Low,53.0,53.8,
2020-12-16,3:00am,EUR,Flash Services PMI,Low,41.9,41.7,
2020-12-16,3:30am,GBP,Flash Manufacturing PMI,Low,55.9,55.6,
2020-12-16,3:30am,GBP,Flash Services PMI,Low,50.5,47.6,
2020-12-16,3:30am,GBP,HPI y/y,Medium,5.1%,4.3%,
2020-12-16,4:00am,EUR,Trade Balance,Medium,22.1B,23.7B,
2020-12-16,All Day,EUR,Eurogroup Meetings,Medium,,,
2020-12-16,7:30am,USD,Core Retail Sales m/m,High,0.1%,-0.1%,
2020-12-16,7:30am,USD,Retail Sales m/m,High,-0.3%,-0.1%,
2020-12-16,7:30am,USD,Treasury Currency Report,Low,,,
2020-12-16,8:45am,USD,Flash Manufacturing PMI,High,55.9,56.7,
2020-12-16,8:45am,USD,Flash Services PMI,Low,55.7,58.4,
2020-12-16,9:00am,USD,Business Inventories m/m,Medium,0.6%,0.8%,
2020-12-16,9:00am,USD,NAHB Housing Market Index,Medium,88,90,
2020-12-16,9:30am,USD,Crude Oil Inventories,Medium,-2.8M,15.2M,
2020-12-16,1:00pm,USD,FOMC Economic Projections,High,,,
2020-12-16,1:00pm,USD,FOMC Statement,High,,,
2020-12-16,1:00pm,USD,Federal Funds Rate,Low,<0.25%,<0.25%,
2020-12-16,1:30pm,USD,FOMC Press Conference,High,,,
2020-12-17,2:30am,CHF,SNB Monetary Policy Assessment,High,,,
2020-12-17,2:30am,CHF,SNB Policy Rate,Low,-0.75%,-0.75%,
2020-12-17,3:00am,CHF,SNB Press Conference,High,,,
2020-12-17,4:00am,EUR,Final Core CPI y/y,Medium,0.2%,0.2%,
2020-12-17,4:00am,EUR,Final CPI y/y,Medium,-0.3%,-0.3%,
2020-12-17,6:00am,GBP,Monetary Policy Summary,High,,,
2020-12-17,6:00am,GBP,MPC Official Bank Rate Votes,High,0-0-9,0-0-9,
2020-12-17,6:00am,GBP,Official Bank Rate,High,0.10%,0.10%,
2020-12-17,6:00am,GBP,MPC Asset Purchase Facility Votes,Low,0-0-9,9-0-0,
2020-12-17,6:00am,GBP,Asset Purchase Facility,Medium,875B,875B,
2020-12-17,7:29am,USD,Philly Fed Manufacturing Index,Low,20.1,26.3,
2020-12-17,7:30am,USD,Unemployment Claims,Low,817K,862K,
2020-12-17,7:30am,USD,Building Permits,Medium,1.55M,1.54M,
2020-12-17,7:30am,USD,Housing Starts,Medium,1.53M,1.53M,
2020-12-17,9:30am,USD,Natural Gas Storage,Medium,-120B,-91B,
2020-12-17,5:30pm,JPY,National Core CPI y/y,Medium,-0.9%,-0.7%,
2020-12-17,6:01pm,GBP,GfK Consumer Confidence,Medium,-30,-33,
2020-12-17,9:13pm,JPY,Monetary Policy Statement,High,,,
2020-12-17,9:13pm,JPY,BOJ Policy Rate,Medium,-0.10%,-0.10%,
2020-12-18,1:00am,EUR,German PPI m/m,Medium,0.1%,0.1%,
2020-12-18,1:00am,GBP,Retail Sales m/m,Low,-4.0%,1.3%,
2020-12-18,3:00am,EUR,German ifo Business Climate,Low,90.2,90.9,
2020-12-18,3:00am,EUR,Current Account,Medium,22.6B,25.2B,
2020-12-18,5:00am,GBP,CBI Industrial Order Expectations,Medium,-30,-40,
2020-12-18,7:30am,USD,Current Account,Medium,-190B,-161B,
2020-12-18,7:54am,EUR,Belgian NBB Business Climate,Medium,-12.4,-12.1,
2020-12-18,9:00am,USD,CB Leading Index m/m,Medium,0.4%,0.8%,
2020-12-18,10:10am,USD,FOMC Member Brainard Speaks,Medium,,,
2020-12-18,3:30pm,USD,Bank Stress Test Results,Medium,,,
2020-12-21,8:39am,EUR,Consumer Confidence,Medium,-18,-18,
2020-12-21,10:59pm,JPY,BOJ Core CPI y/y,Medium,0.0%,0.0%,
2020-12-22,TueDec 22,GBP,Final GDP q/q,Medium,15.5%,15.5%,
2020-12-22,TueDec 22,GBP,Public Sector Net Borrowing,Medium,26.3B,20.9B,
2020-12-22,TueDec 22,GBP,Revised Business Investment q/q,Medium,8.8%,8.8%,
2020-12-22,1:02am,GBP,Current Account,Medium,-12.9B,-11.9B,
2020-12-22,7:30am,USD,Final GDP q/q,Low,33.1%,33.1%,
2020-12-22,7:32am,USD,Final GDP Price Index q/q,Medium,3.6%,3.6%,
2020-12-22,8:59am,USD,Richmond Manufacturing Index,Medium,11,15,
2020-12-22,9:00am,USD,CB Consumer Confidence,Medium,97.1,92.9,
2020-12-22,9:00am,USD,Existing Home Sales,Medium,6.70M,6.86M,
2020-12-22,3:30pm,USD,API Weekly Statistical Bulletin,Medium,,,
2020-12-22,5:50pm,JPY,Monetary Policy Meeting Minutes,Medium,,,
2020-12-23,7:30am,USD,Core Durable Goods Orders m/m,Medium,0.5%,1.9%,
2020-12-23,7:30am,USD,Core PCE Price Index m/m,Medium,0.1%,0.0%,
2020-12-23,7:30am,USD,Durable Goods Orders m/m,Medium,0.6%,1.8%,
2020-12-23,7:30am,USD,Personal Income m/m,Medium,-0.3%,-0.6%,
2020-12-23,7:30am,USD,Personal Spending m/m,Medium,-0.2%,0.3%,
2020-12-23,7:30am,USD,Unemployment Claims,Medium,882K,892K,
2020-12-23,8:00am,CHF,SNB Quarterly Bulletin,Medium,,,
2020-12-23,8:00am,USD,HPI m/m,Medium,0.6%,1.7%,
2020-12-23,9:00am,USD,New Home Sales,Medium,994K,945K,
2020-12-23,9:00am,USD,Revised UoM Consumer Sentiment,Medium,81.0,81.4,
2020-12-23,9:00am,USD,Revised UoM Inflation Expectations,Medium,,2.3%,
2020-12-23,9:30am,USD,Crude Oil Inventories,Medium,-2.9M,-3.1M,
2020-12-23,11:00am,USD,Natural Gas Storage,Medium,-160B,-122B,
2020-12-23,5:50pm,JPY,SPPI y/y,Medium,-0.6%,-0.5%,
2020-12-23,10:55pm,JPY,BOJ Gov Kuroda Speaks,Medium,,,
2020-12-24,5:30pm,JPY,Tokyo Core CPI y/y,Medium,-0.8%,-0.7%,
2020-12-24,5:30pm,JPY,Unemployment Rate,Medium,3.1%,3.1%,
2020-12-24,5:50pm,JPY,Retail Sales y/y,Medium,1.8%,6.4%,
2020-12-24,11:00pm,JPY,Housing Starts y/y,Medium,-4.8%,-8.3%,
2020-12-25,All Day,EUR,French Bank Holiday,Low,,,
2020-12-25,All Day,EUR,German Bank Holiday,Low,,,
2020-12-25,All Day,EUR,Italian Bank Holiday,Low,,,
2020-12-25,All Day,GBP,Bank Holiday,Low,,,
2020-12-25,All Day,USD,Bank Holiday,Low,,,
2020-12-27,5:50pm,JPY,BOJ Summary of Opinions,Medium,,,
2020-12-27,5:50pm,JPY,Prelim Industrial Production m/m,Medium,1.4%,4.0%,
2020-12-29,3:30pm,USD,API Weekly Statistical Bulletin,Medium,,,
2020-12-30,2:00am,CHF,KOF Economic Barometer,Medium,101.4,103.7,
2020-12-30,2:00am,EUR,Spanish Flash CPI y/y,Medium,-0.6%,-0.8%,
2020-12-30,3:00am,CHF,UBS Economic Expectations,Medium,,30.0,
2020-12-30,7:30am,USD,Goods Trade Balance,Medium,-81.5B,-80.4B,
2020-12-30,7:30am,USD,Prelim Wholesale Inventories m/m,Medium,0.7%,1.1%,
2020-12-30,8:45am,USD,Chicago PMI,Medium,56.6,58.2,
2020-12-30,9:00am,USD,Pending Home Sales m/m,Medium,0.1%,-0.9%,
2020-12-30,9:30am,USD,Crude Oil Inventories,Medium,-3.0M,-0.6M,
2020-12-30,All Day,JPY,Bank Holiday,Low,,,
2020-12-31,7:30am,USD,Unemployment Claims,Medium,832K,806K,
2020-12-31,9:30am,USD,Natural Gas Storage,Medium,-127B,-152B,
2020-12-31,All Day,JPY,Bank Holiday,Low,,,
2020-01-01,All Day,EUR,French Bank Holiday,Low,,,
2020-01-01,All Day,EUR,German Bank Holiday,Low,,,
2020-01-01,All Day,EUR,Italian Bank Holiday,Low,,,
2020-01-01,All Day,GBP,Bank Holiday,Low,,,
2020-01-01,All Day,USD,Bank Holiday,Low,,,
2020-01-03,6:30pm,JPY,Final Manufacturing PMI,Medium,49.7,49.7,
