date,time,currency,event,impact,actual,forecast,previous
2021-01-04,2:30am,CHF,Manufacturing PMI,Medium,54.4,55.2,
2021-01-04,2:45am,EUR,Italian Manufacturing PMI,Medium,53.5,51.5,
2021-01-04,2:50am,EUR,French Final Manufacturing PMI,Medium,51.1,51.1,
2021-01-04,2:55am,EUR,German Final Manufacturing PMI,Medium,58.6,58.6,
2021-01-04,3:00am,EUR,Final Manufacturing PMI,Medium,55.5,55.5,
2021-01-04,3:30am,GBP,Final Manufacturing PMI,Low,57.3,57.3,
2021-01-04,3:30am,GBP,M4 Money Supply m/m,Medium,0.4%,0.7%,
2021-01-04,3:30am,GBP,Mortgage Approvals,Medium,82K,98K,
2021-01-04,3:30am,GBP,Net Lending to Individuals m/m,Medium,3.0B,3.8B,
2021-01-04,8:45am,USD,Final Manufacturing PMI,Medium,56.3,56.5,
2021-01-04,9:00am,USD,Construction Spending m/m,Medium,1.1%,1.6%,
2021-01-04,9:00am,USD,FOMC Member Bostic Speaks,Medium,,,
2021-01-04,9:00am,USD,FOMC Member Evans Speaks,Medium,,,
2021-01-04,5:50pm,JPY,Monetary Base y/y,Medium,18.0%,16.5%,
2021-01-05,1:30am,CHF,CPI m/m,Medium,0.0%,-0.2%,
2021-01-05,2:00am,EUR,Spanish Unemployment Change,Medium,30.5K,25.3K,
2021-01-05,2:55am,EUR,German Unemployment Change,Medium,10K,-40K,
2021-01-05,3:00am,EUR,M3 Money Supply y/y,Medium,10.6%,10.5%,
2021-01-05,3:00am,EUR,Private Loans y/y,Medium,3.3%,3.2%,
2021-01-05,9:00am,USD,ISM Manufacturing PMI,Low,56.6,57.5,
2021-01-05,9:00am,USD,ISM Manufacturing Prices,Medium,66.0,65.4,
2021-01-05,All Day,USD,Wards Total Vehicle Sales,Medium,15.8M,15.6M,
2021-01-05,2:45pm,USD,FOMC Member Evans Speaks,Medium,,,
2021-01-05,3:30pm,USD,API Weekly Statistical Bulletin,Medium,,,
2021-01-05,6:01pm,GBP,BRC Shop Price Index y/y,Medium,,-1.8%,
2021-01-05,9:35pm,JPY,10-y Bond Auction,Medium,,0.02|3.4,
2021-01-05,11:00pm,JPY,Consumer Confidence,Medium,32.6,33.7,
2021-01-06,All Day,EUR,German Prelim CPI m/m,Medium,0.6%,-0.8%,
2021-01-06,1:45am,EUR,French Prelim CPI m/m,Medium,0.4%,0.2%,
2021-01-06,2:15am,EUR,Spanish Services PMI,Medium,44.5,39.5,
2021-01-06,2:45am,EUR,Italian Services PMI,Medium,45.0,39.4,
2021-01-06,2:50am,EUR,French Final Services PMI,Medium,49.2,49.2,
2021-01-06,2:55am,EUR,German Final Services PMI,Medium,47.7,47.7,
2021-01-06,3:00am,EUR,Final Services PMI,Medium,47.4,47.3,
2021-01-06,3:30am,GBP,Final Services PMI,Medium,49.9,49.9,
2021-01-06,4:00am,EUR,PPI m/m,Medium,0.2%,0.4%,
2021-01-06,4:05am,GBP,10-y Bond Auction,Medium,,0.43|2.7,
2021-01-06,4:36am,EUR,German 10-y Bond Auction,Medium,,-0.57|2.0,
2021-01-06,7:15am,USD,ADP Non-Farm Employment Change,Low,60K,304K,
2021-01-06,8:30am,GBP,BOE Gov Bailey Speaks,High,,,
2021-01-06,8:45am,USD,Final Services PMI,Medium,55.2,55.3,
2021-01-06,9:00am,USD,Factory Orders m/m,Medium,0.7%,1.3%,
2021-01-06,9:30am,USD,Crude Oil Inventories,Medium,-2.8M,-6.1M,
2021-01-06,1:00pm,USD,FOMC Meeting Minutes,High,,,
2021-01-06,5:30pm,JPY,Average Cash Earnings y/y,Medium,-0.9%,-0.7%,
2021-01-07,1:30am,CHF,Retail Sales y/y,Medium,3.5%,4.3%,
2021-01-07,3:00am,EUR,ECB Economic Bulletin,Medium,,,
2021-01-07,3:30am,GBP,Construction PMI,Medium,54.6,54.7,
2021-01-07,3:32am,GBP,Housing Equity Withdrawal q/q,Medium,-7.0B,-9.0B,
2021-01-07,4:00am,EUR,Core CPI Flash Estimate y/y,Medium,0.2%,0.2%,
2021-01-07,4:00am,EUR,CPI Flash Estimate y/y,Medium,-0.2%,-0.3%,
2021-01-07,4:00am,EUR,Italian Prelim CPI m/m,Medium,0.2%,-0.1%,
2021-01-07,4:00am,EUR,Retail Sales m/m,Medium,-3.4%,1.4%,
2021-01-07,4:04am,EUR,French 10-y Bond Auction,Medium,,-0.26|2.1,
2021-01-07,6:30am,USD,Challenger Job Cuts y/y,Medium,,45.4%,
2021-01-07,7:30am,USD,Unemployment Claims,Low,798K,790K,
2021-01-07,7:30am,USD,Trade Balance,Medium,-66.7B,-63.1B,
2021-01-07,9:00am,USD,ISM Services PMI,Low,54.5,55.9,
2021-01-07,9:30am,USD,Natural Gas Storage,Medium,-142B,-114B,
2021-01-07,12:00pm,USD,FOMC Member Evans Speaks,Medium,,,
2021-01-07,5:30pm,JPY,Household Spending y/y,Medium,-1.0%,1.9%,
2021-01-07,9:35pm,JPY,30-y Bond Auction,Medium,,0.65|3.5,
2021-01-07,11:00pm,JPY,Leading Indicators,Medium,96.6%,94.3%,
2021-01-08,1:00am,EUR,German Industrial Production m/m,Medium,0.7%,3.4%,
2021-01-08,1:00am,EUR,German Trade Balance,Medium,18.5B,18.2B,
2021-01-08,1:45am,EUR,French Consumer Spending m/m,Medium,-15.8%,3.9%,
2021-01-08,1:45am,EUR,French Industrial Production m/m,Medium,-1.0%,1.9%,
2021-01-08,1:45am,EUR,French Trade Balance,Medium,-4.9B,-4.6B,
2021-01-08,2:02am,CHF,Foreign Currency Reserves,Medium,,877B,
2021-01-08,2:30am,GBP,Halifax HPI m/m,Medium,1.0%,1.0%,
2021-01-08,4:00am,EUR,Italian Monthly Unemployment Rate,Medium,10.0%,9.5%,
2021-01-08,4:00am,EUR,Unemployment Rate,Medium,8.5%,8.4%,
2021-01-08,7:30am,USD,Average Hourly Earnings m/m,High,0.2%,0.3%,
2021-01-08,7:30am,USD,Non-Farm Employment Change,High,60K,336K,
2021-01-08,7:30am,USD,Unemployment Rate,High,6.8%,6.7%,
2021-01-08,9:00am,USD,Final Wholesale Inventories m/m,Medium,-0.1%,-0.1%,
2021-01-08,10:00am,USD,FOMC Member Clarida Speaks,Medium,,,
2021-01-08,2:00pm,USD,Consumer Credit m/m,Medium,9.0B,4.5B,
2021-01-10,All Day,JPY,Bank Holiday,Low,,,
2021-01-11,8:00am,GBP,MPC Member Tenreyro Speaks,Medium,,,
2021-01-11,11:00am,USD,FOMC Member Bostic Speaks,Medium,,,
2021-01-11,5:50pm,JPY,Bank Lending y/y,Medium,6.5%,6.2%,
2021-01-11,5:50pm,JPY,Current Account,Medium,2.00T,1.98T,
2021-01-11,6:01pm,GBP,BRC Retail Sales Monitor y/y,Medium,5.9%,7.7%,
2021-01-11,11:00pm,JPY,Economy Watchers Sentiment,Medium,36.9,45.6,
2021-01-12,4:00am,GBP,MPC Member Broadbent Speaks,Low,,,
2021-01-12,5:00am,USD,NFIB Small Business Index,Medium,100.1,101.4,
2021-01-12,8:35am,USD,FOMC Member Brainard Speaks,Medium,,,
2021-01-12,9:00am,USD,JOLTS Job Openings,Medium,6.42M,6.63M,
2021-01-12,9:02am,USD,RCM/TIPP Economic Optimism,Medium,50.1,49.0,
2021-01-12,12:01pm,USD,10-y Bond Auction,Medium,,0.95|2.3,
2021-01-12,3:30pm,USD,API Weekly Statistical Bulletin,Medium,,,
2021-01-12,5:50pm,JPY,M2 Money Stock y/y,Medium,9.2%,9.1%,
2021-01-12,11:58pm,JPY,Prelim Machine Tool Orders y/y,Medium,,8.6%,
2021-01-13,3:00am,EUR,ECB President Lagarde Speaks,Low,,,
2021-01-13,3:00am,EUR,Italian Industrial Production m/m,Medium,-0.4%,1.4%,
2021-01-13,4:00am,EUR,Industrial Production m/m,Medium,0.2%,2.3%,
2021-01-13,7:30am,USD,CPI y/y,High,1.4%,1.2%,
2021-01-13,7:30am,USD,Core CPI m/m,Low,0.1%,0.2%,
2021-01-13,7:30am,USD,CPI m/m,Low,0.4%,0.2%,
2021-01-13,9:30am,USD,Crude Oil Inventories,Medium,-3.2M,-8.0M,
2021-01-13,12:00pm,USD,FOMC Member Brainard Speaks,Medium,,,
2021-01-13,12:01pm,USD,30-y Bond Auction,Medium,,1.67|2.5,
2021-01-13,1:00pm,USD,Beige Book,Medium,,,
2021-01-13,1:00pm,USD,Federal Budget Balance,Medium,-144.5B,-145.3B,
2021-01-13,2:00pm,USD,FOMC Member Clarida Speaks,Medium,,,
2021-01-13,5:50pm,JPY,Core Machinery Orders m/m,Medium,-6.4%,17.1%,
2021-01-13,5:50pm,JPY,PPI y/y,Medium,-2.2%,-2.3%,
2021-01-13,6:01pm,GBP,RICS House Price Balance,Medium,61%,66%,
2021-01-14,7:30am,USD,Import Prices m/m,Medium,0.7%,0.2%,
2021-01-14,7:30am,USD,Unemployment Claims,Medium,785K,784K,
2021-01-14,8:30am,GBP,CB Leading Index m/m,Medium,,-1.7%,
2021-01-14,9:30am,USD,Natural Gas Storage,Medium,-129B,-130B,
2021-01-14,11:30am,USD,Fed Chairman Powell Speaks,High,,,
2021-01-14,6:15pm,USD,President Biden Speaks,High,,,
2021-01-14,10:30pm,JPY,Tertiary Industry Activity m/m,Medium,0.3%,1.6%,
2021-01-15,FriJan 15,GBP,GDP m/m,Medium,-4.6%,0.6%,
2021-01-15,FriJan 15,GBP,Goods Trade Balance,Medium,-11.1B,-13.3B,
2021-01-15,FriJan 15,GBP,Index of Services 3m/3m,Medium,2.5%,10.0%,
2021-01-15,FriJan 15,GBP,Industrial Production m/m,Medium,0.5%,1.1%,
2021-01-15,FriJan 15,GBP,Manufacturing Production m/m,Medium,1.0%,1.6%,
2021-01-15,1:45am,EUR,French Final CPI m/m,Medium,0.2%,0.2%,
2021-01-15,1:45am,EUR,French Gov Budget Balance,Medium,,-159.9B,
2021-01-15,4:00am,EUR,Trade Balance,Medium,22.3B,25.2B,
2021-01-15,7:06am,GBP,NIESR GDP Estimate,Medium,,4.1%,
2021-01-15,7:30am,USD,Core Retail Sales m/m,High,-0.1%,-1.3%,
2021-01-15,7:30am,USD,Retail Sales m/m,High,0.0%,-1.4%,
2021-01-15,7:30am,USD,Core PPI m/m,Medium,0.1%,0.1%,
2021-01-15,7:30am,USD,Empire State Manufacturing Index,Medium,5.7,4.9,
2021-01-15,7:30am,USD,PPI m/m,Medium,0.4%,0.1%,
2021-01-15,8:15am,USD,Capacity Utilization Rate,Medium,73.4%,73.4%,
2021-01-15,8:15am,USD,Industrial Production m/m,Medium,0.5%,0.5%,
2021-01-15,9:00am,USD,Business Inventories m/m,Medium,0.5%,0.8%,
2021-01-15,9:00am,USD,Prelim UoM Consumer Sentiment,Medium,79.5,80.7,
2021-01-15,9:00am,USD,Prelim UoM Inflation Expectations,Medium,,2.5%,
2021-01-17,10:30pm,JPY,Revised Industrial Production m/m,Medium,0.0%,0.0%,
2021-01-18,5:00am,EUR,German Buba Monthly Report,Medium,,,
2021-01-18,All Day,USD,Bank Holiday,Low,,,
2021-01-18,7:30am,GBP,BOE Gov Bailey Speaks,Low,,,
2021-01-19,1:30am,CHF,PPI m/m,Medium,0.1%,-0.1%,
2021-01-19,3:00am,EUR,Current Account,Medium,28.2B,25.6B,
2021-01-19,3:00am,EUR,Italian Trade Balance,Medium,6.23B,7.58B,
2021-01-19,All Day,EUR,ECOFIN Meetings,Medium,,,
2021-01-19,4:00am,EUR,ZEW Economic Sentiment,Medium,54.1,54.4,
2021-01-19,4:00am,EUR,German ZEW Economic Sentiment,Medium,55.1,55.0,
2021-01-19,12:00pm,GBP,MPC Member Haldane Speaks,Medium,,,
2021-01-19,3:00pm,USD,TIC Long-Term Purchases,Medium,45.4B,51.9B,
2021-01-20,WedJan 20,GBP,Core CPI y/y,Medium,1.3%,1.1%,
2021-01-20,WedJan 20,GBP,CPI y/y,Medium,0.5%,0.3%,
2021-01-20,WedJan 20,GBP,PPI Input m/m,Medium,0.8%,0.4%,
2021-01-20,WedJan 20,GBP,PPI Output m/m,Medium,0.2%,0.3%,
2021-01-20,WedJan 20,GBP,RPI y/y,Medium,1.2%,0.9%,
2021-01-20,3:30am,GBP,HPI y/y,Medium,5.5%,5.9%,
2021-01-20,4:00am,EUR,Final Core CPI y/y,Medium,0.2%,0.2%,
2021-01-20,4:00am,EUR,Final CPI y/y,Medium,-0.3%,-0.3%,
2021-01-20,4:34am,EUR,German 30-y Bond Auction,Medium,,-0.06|1.6,
2021-01-20,9:00am,USD,NAHB Housing Market Index,Medium,86,86,
2021-01-20,10:52am,USD,President Biden Speaks,High,,,
2021-01-20,11:00am,GBP,BOE Gov Bailey Speaks,High,,,
2021-01-20,3:30pm,USD,API Weekly Statistical Bulletin,Medium,,,
2021-01-20,5:50pm,JPY,Trade Balance,Medium,0.70T,0.55T,
2021-01-20,8:38pm,JPY,BOJ Outlook Report,High,,,
2021-01-20,8:38pm,JPY,Monetary Policy Statement,High,,,
2021-01-20,8:38pm,JPY,BOJ Policy Rate,Medium,-0.10%,-0.10%,
2021-01-21,3:30am,GBP,BOE Credit Conditions Survey,Medium,,,
2021-01-21,5:00am,GBP,CBI Industrial Order Expectations,Medium,-35,-25,
2021-01-21,6:45am,EUR,Monetary Policy Statement,High,,,
2021-01-21,6:45am,EUR,Main Refinancing Rate,Low,0.00%,0.00%,
2021-01-21,7:30am,EUR,ECB Press Conference,High,,,
2021-01-21,7:30am,USD,Philly Fed Manufacturing Index,Low,11.2,11.1,
2021-01-21,7:30am,USD,Unemployment Claims,Low,930K,926K,
2021-01-21,7:30am,USD,Building Permits,Medium,1.60M,1.64M,
2021-01-21,7:30am,USD,Housing Starts,Medium,1.56M,1.58M,
2021-01-21,8:30am,EUR,Consumer Confidence,Medium,-15,-14,
2021-01-21,5:30pm,JPY,National Core CPI y/y,Medium,-1.1%,-0.9%,
2021-01-21,6:01pm,GBP,GfK Consumer Confidence,Medium,-30,-26,
2021-01-21,6:30pm,JPY,Flash Manufacturing PMI,Medium,50.1,50.0,
2021-01-22,FriJan 22,GBP,Public Sector Net Borrowing,Medium,31.5B,25.4B,
2021-01-22,2:15am,EUR,French Flash Services PMI,High,48.3,49.1,
2021-01-22,2:15am,EUR,French Flash Manufacturing PMI,Low,50.6,51.1,
2021-01-22,2:30am,EUR,German Flash Manufacturing PMI,High,57.3,58.3,
2021-01-22,2:30am,EUR,German Flash Services PMI,High,45.1,47.0,
2021-01-22,3:00am,EUR,Flash Manufacturing PMI,Low,54.5,55.2,
2021-01-22,3:00am,EUR,Flash Services PMI,Low,44.4,46.4,
2021-01-22,3:30am,GBP,Flash Manufacturing PMI,Low,53.5,57.5,
2021-01-22,3:30am,GBP,Flash Services PMI,Low,45.2,49.4,
2021-01-22,8:45am,USD,Flash Manufacturing PMI,Low,56.6,57.1,
2021-01-22,8:45am,USD,Flash Services PMI,Medium,53.3,54.8,
2021-01-22,9:00am,USD,Existing Home Sales,Medium,6.55M,6.71M,
2021-01-22,9:30am,USD,Natural Gas Storage,Medium,-162B,-134B,
2021-01-22,10:00am,USD,Crude Oil Inventories,Medium,-1.2M,-3.2M,
2021-01-25,3:00am,EUR,German ifo Business Climate,Medium,91.5,92.2,
2021-01-25,8:00am,EUR,Belgian NBB Business Climate,Medium,-8.0,-8.4,
2021-01-25,10:15am,EUR,ECB President Lagarde Speaks,Low,,,
2021-01-25,5:50pm,JPY,Monetary Policy Meeting Minutes,Medium,,,
2021-01-25,5:50pm,JPY,SPPI y/y,Medium,-0.6%,-0.5%,
2021-01-25,11:00pm,JPY,BOJ Core CPI y/y,Medium,-0.1%,-0.1%,
2021-01-26,TueJan 26,GBP,Claimant Count Change,Medium,47.5K,38.1K,
2021-01-26,TueJan 26,GBP,Unemployment Rate,Medium,5.1%,4.9%,
2021-01-26,5:00am,GBP,CBI Realized Sales,Medium,-32,-3,
2021-01-26,5:34am,GBP,30-y Bond Auction,Medium,,0.84|2.6,
2021-01-26,8:00am,USD,HPI m/m,Medium,0.9%,1.5%,
2021-01-26,8:00am,USD,S&P/CS Composite-20 HPI y/y,Medium,8.8%,8.0%,
2021-01-26,8:59am,USD,Richmond Manufacturing Index,Medium,18,19,
2021-01-26,9:00am,USD,CB Consumer Confidence,Low,88.9,87.1,
2021-01-26,3:30pm,USD,API Weekly Statistical Bulletin,Medium,,,
2021-01-26,6:01pm,GBP,BRC Shop Price Index y/y,Medium,,-1.8%,
2021-01-27,3:00am,CHF,UBS Economic Expectations,Medium,,46.8,
2021-01-27,4:34am,EUR,German 10-y Bond Auction,Medium,,-0.52|1.6,
2021-01-27,7:30am,USD,Core Durable Goods Orders m/m,Medium,0.5%,0.4%,
2021-01-27,7:30am,USD,Durable Goods Orders m/m,Medium,1.0%,1.0%,
2021-01-27,9:30am,USD,Crude Oil Inventories,Medium,1.6M,4.4M,
2021-01-27,1:00pm,USD,FOMC Statement,High,,,
2021-01-27,1:00pm,USD,Federal Funds Rate,Low,<0.25%,<0.25%,
2021-01-27,1:30pm,USD,FOMC Press Conference,High,,,
2021-01-27,5:50pm,JPY,Retail Sales y/y,Medium,-0.4%,0.6%,
2021-01-28,All Day,EUR,German Prelim CPI m/m,Medium,0.4%,0.5%,
2021-01-28,2:00am,EUR,Spanish Unemployment Rate,Medium,16.7%,16.3%,
2021-01-28,4:12am,EUR,Italian 10-y Bond Auction,Medium,,0.59|1.6,
2021-01-28,7:30am,USD,Advance GDP q/q,High,4.2%,33.4%,
2021-01-28,7:30am,USD,Unemployment Claims,Low,880K,914K,
2021-01-28,7:30am,USD,Goods Trade Balance,Medium,-83.4B,-85.5B,
2021-01-28,7:30am,USD,Prelim Wholesale Inventories m/m,Medium,0.5%,0.0%,
2021-01-28,7:32am,USD,Advance GDP Price Index q/q,Low,2.2%,3.5%,
2021-01-28,9:00am,USD,CB Leading Index m/m,Low,0.3%,0.7%,
2021-01-28,9:00am,USD,New Home Sales,Medium,860K,829K,
2021-01-28,9:30am,USD,Natural Gas Storage,Medium,-140B,-187B,
2021-01-28,5:30pm,JPY,Tokyo Core CPI y/y,Medium,-0.6%,-0.9%,
2021-01-28,5:30pm,JPY,Unemployment Rate,Medium,3.0%,2.9%,
2021-01-28,5:50pm,JPY,BOJ Summary of Opinions,Medium,,,
2021-01-28,5:50pm,JPY,Prelim Industrial Production m/m,Medium,-1.4%,-0.5%,
2021-01-28,11:00pm,JPY,Housing Starts y/y,Medium,-3.8%,-3.7%,
2021-01-28,11:02pm,JPY,Consumer Confidence,Medium,29.1,31.8,
2021-01-29,FriJan 29,EUR,French Flash GDP q/q,Medium,-4.0%,18.7%,
2021-01-29,1:00am,EUR,German Import Prices m/m,Medium,1.0%,0.5%,
2021-01-29,2:00am,CHF,KOF Economic Barometer,Low,102.2,104.1,
2021-01-29,2:00am,EUR,Spanish Flash CPI y/y,Medium,-0.5%,-0.5%,
2021-01-29,2:00am,EUR,Spanish Flash GDP q/q,Medium,-1.4%,16.4%,
2021-01-29,2:55am,EUR,German Unemployment Change,Medium,7K,-40K,
2021-01-29,3:00am,EUR,German Prelim GDP q/q,Low,0.0%,8.5%,
2021-01-29,3:00am,EUR,M3 Money Supply y/y,Medium,11.0%,11.0%,
2021-01-29,3:00am,EUR,Private Loans y/y,Medium,3.2%,3.1%,
2021-01-29,7:30am,USD,Core PCE Price Index m/m,Medium,0.1%,0.0%,
2021-01-29,7:30am,USD,Employment Cost Index q/q,Medium,0.5%,0.5%,
2021-01-29,7:30am,USD,Personal Income m/m,Medium,0.1%,-1.3%,
2021-01-29,7:30am,USD,Personal Spending m/m,Medium,-0.4%,-0.7%,
2021-01-29,8:45am,USD,Chicago PMI,Medium,58.4,59.5,
2021-01-29,9:00am,USD,Pending Home Sales m/m,Medium,-0.5%,-2.5%,
2021-01-29,9:00am,USD,Revised UoM Consumer Sentiment,Medium,79.2,79.2,
2021-01-29,9:00am,USD,Revised UoM Inflation Expectations,Medium,,3.0%,
2021-01-31,6:30pm,JPY,Final Manufacturing PMI,Medium,49.8,49.7,
2021-02-01,1:30am,CHF,Retail Sales y/y,Medium,1.5%,1.8%,
2021-02-01,2:15am,EUR,Spanish Manufacturing PMI,Medium,50.2,51.0,
2021-02-01,2:30am,CHF,Manufacturing PMI,Medium,56.5,58.0,
2021-02-01,2:45am,EUR,Italian Manufacturing PMI,Medium,52.5,52.8,
2021-02-01,2:50am,EUR,French Final Manufacturing PMI,Medium,51.5,51.5,
2021-02-01,2:55am,EUR,German Final Manufacturing PMI,Medium,57.0,57.0,
2021-02-01,3:00am,EUR,Final Manufacturing PMI,Medium,54.7,54.7,
2021-02-01,3:00am,EUR,Italian Monthly Unemployment Rate,Medium,9.0%,8.8%,
2021-02-01,3:30am,GBP,Final Manufacturing PMI,Low,52.9,52.9,
2021-02-01,3:30am,GBP,M4 Money Supply m/m,Medium,0.9%,0.8%,
2021-02-01,3:30am,GBP,Mortgage Approvals,Medium,100K,105K,
2021-02-01,3:30am,GBP,Net Lending to Individuals m/m,Medium,4.3B,4.3B,
2021-02-01,4:00am,EUR,Unemployment Rate,Medium,8.3%,8.3%,
2021-02-01,8:45am,USD,Final Manufacturing PMI,Medium,59.1,59.1,
2021-02-01,9:00am,USD,ISM Manufacturing PMI,High,60.0,60.7,
2021-02-01,9:00am,USD,Construction Spending m/m,Medium,0.8%,1.1%,
2021-02-01,9:00am,USD,ISM Manufacturing Prices,Medium,72.0,77.6,
2021-02-01,1:00pm,USD,FOMC Member Bostic Speaks,Medium,,,
2021-02-01,1:00pm,USD,Loan Officer Survey,Medium,,,
2021-02-01,5:50pm,JPY,Monetary Base y/y,Medium,19.2%,18.3%,
2021-02-01,9:35pm,JPY,10-y Bond Auction,Medium,,0.02|3.4,
2021-02-02,1:45am,EUR,French Prelim CPI m/m,Medium,0.0%,0.2%,
2021-02-02,2:00am,EUR,Spanish Unemployment Change,Medium,35.3K,36.8K,
2021-02-02,3:00am,EUR,Italian Prelim GDP q/q,Medium,-2.0%,15.9%,
2021-02-02,4:00am,EUR,Prelim Flash GDP q/q,Medium,-0.9%,12.5%,
2021-02-02,9:00am,USD,RCM/TIPP Economic Optimism,Medium,51.0,50.1,
2021-02-02,All Day,USD,Wards Total Vehicle Sales,Medium,16.1M,16.3M,
2021-02-02,3:30pm,USD,API Weekly Statistical Bulletin,Medium,,,
2021-02-03,2:15am,EUR,Spanish Services PMI,Medium,45.1,48.0,
2021-02-03,2:45am,EUR,Italian Services PMI,Medium,39.5,39.7,
2021-02-03,2:50am,EUR,French Final Services PMI,Medium,46.5,46.5,
2021-02-03,2:55am,EUR,German Final Services PMI,Medium,46.8,46.8,
2021-02-03,3:00am,EUR,Final Services PMI,Medium,45.0,45.0,
2021-02-03,3:30am,GBP,Final Services PMI,Low,38.8,38.8,
2021-02-03,4:00am,EUR,Core CPI Flash Estimate y/y,Medium,0.9%,0.2%,
2021-02-03,4:00am,EUR,CPI Flash Estimate y/y,Medium,0.6%,-0.3%,
2021-02-03,4:00am,EUR,PPI m/m,Medium,0.7%,0.4%,
2021-02-03,4:00am,EUR,Italian Prelim CPI m/m,Medium,0.2%,0.2%,
2021-02-03,4:06am,GBP,10-y Bond Auction,Medium,,0.33|2.9,
2021-02-03,7:15am,USD,ADP Non-Farm Employment Change,Low,48K,-78K,
2021-02-03,8:45am,USD,Final Services PMI,Medium,57.4,57.5,
2021-02-03,9:00am,USD,ISM Services PMI,Low,56.7,57.2,
2021-02-03,9:30am,USD,Crude Oil Inventories,Low,-0.6M,-9.9M,
2021-02-03,4:00pm,USD,FOMC Member Evans Speaks,Medium,,,
2021-02-03,9:35pm,JPY,30-y Bond Auction,Medium,,0.65|3.0,
2021-02-04,3:00am,EUR,ECB Economic Bulletin,Medium,,,
2021-02-04,3:30am,GBP,Construction PMI,Medium,53.0,54.6,
2021-02-04,3:50am,EUR,Spanish 10-y Bond Auction,Medium,,-0.03|3.0,
2021-02-04,4:00am,EUR,Retail Sales m/m,Medium,2.4%,-5.7%,
2021-02-04,4:08am,EUR,French 10-y Bond Auction,Medium,,-0.33|1.9,
2021-02-04,6:00am,GBP,Asset Purchase Facility,High,875B,875B,
2021-02-04,6:00am,GBP,BOE Monetary Policy Report,High,,,
2021-02-04,6:00am,GBP,Monetary Policy Summary,High,,,
2021-02-04,6:00am,GBP,MPC Asset Purchase Facility Votes,High,0-0-9,0-0-9,
2021-02-04,6:00am,GBP,MPC Official Bank Rate Votes,High,0-0-9,0-0-9,
2021-02-04,6:00am,GBP,Official Bank Rate,High,0.10%,0.10%,
2021-02-04,6:30am,USD,Challenger Job Cuts y/y,Medium,,134.5%,
2021-02-04,7:13am,GBP,BOE Gov Bailey Speaks,High,,,
2021-02-04,7:30am,USD,Unemployment Claims,Low,828K,812K,
2021-02-04,7:30am,USD,Prelim Nonfarm Productivity q/q,Medium,-2.9%,4.6%,
2021-02-04,7:30am,USD,Prelim Unit Labor Costs q/q,Medium,4.1%,-6.6%,
2021-02-04,9:00am,USD,Factory Orders m/m,Medium,0.7%,1.3%,
2021-02-04,9:30am,USD,Natural Gas Storage,Medium,-194B,-128B,
2021-02-04,1:00pm,USD,FOMC Member Daly Speaks,Medium,,,
2021-02-04,5:30pm,JPY,Household Spending y/y,Medium,-1.9%,1.1%,
2021-02-04,11:00pm,JPY,Leading Indicators,Medium,95.1%,96.4%,
2021-02-05,1:45am,EUR,French Prelim Private Payrolls q/q,Medium,-0.7%,1.6%,
2021-02-05,1:45am,EUR,French Trade Balance,Medium,-4.2B,-3.8B,
2021-02-05,2:00am,CHF,Foreign Currency Reserves,Medium,,892B,
2021-02-05,2:30am,GBP,Halifax HPI m/m,Medium,0.7%,0.0%,
2021-02-05,3:00am,EUR,Italian Retail Sales m/m,Medium,1.5%,-6.9%,
2021-02-05,6:15am,GBP,BOE Gov Bailey Speaks,High,,,
2021-02-05,7:30am,GBP,BOE Gov Bailey Speaks,Low,,,
2021-02-05,7:30am,USD,Average Hourly Earnings m/m,High,0.3%,1.0%,
2021-02-05,7:30am,USD,Non-Farm Employment Change,High,85K,-227K,
2021-02-05,7:30am,USD,Unemployment Rate,High,6.7%,6.7%,
2021-02-05,7:30am,USD,Trade Balance,Medium,-66.0B,-69.0B,
2021-02-05,2:00pm,USD,Consumer Credit m/m,Medium,12.1B,13.9B,
2021-02-07,5:50pm,JPY,Bank Lending y/y,Medium,6.3%,6.2%,
2021-02-07,5:50pm,JPY,Current Account,Medium,2.21T,2.34T,
2021-02-07,11:02pm,JPY,Economy Watchers Sentiment,Medium,30.5,35.5,
2021-02-08,1:00am,EUR,German Industrial Production m/m,Medium,0.1%,1.5%,
2021-02-08,3:30am,EUR,Sentix Investor Confidence,Medium,4.1,1.3,
2021-02-08,5:30pm,JPY,Average Cash Earnings y/y,Medium,-4.7%,-1.8%,
2021-02-08,5:50pm,JPY,M2 Money Stock y/y,Medium,9.2%,9.1%,
2021-02-08,6:01pm,GBP,BRC Retail Sales Monitor y/y,Medium,5.4%,4.8%,
2021-02-08,11:59pm,JPY,Prelim Machine Tool Orders y/y,Medium,,9.9%,
2021-02-09,3:00am,EUR,Italian Industrial Production m/m,Medium,2.1%,-1.4%,
2021-02-09,5:00am,USD,NFIB Small Business Index,Medium,96.6,95.9,
2021-02-09,9:00am,USD,JOLTS Job Openings,Medium,6.42M,6.57M,
2021-02-09,3:30pm,USD,API Weekly Statistical Bulletin,Medium,,,
2021-02-09,5:50pm,JPY,PPI y/y,Medium,-1.6%,-2.0%,
2021-02-10,1:45am,EUR,French Industrial Production m/m,Medium,0.4%,-0.7%,
2021-02-10,7:30am,USD,CPI m/m,High,0.3%,0.4%,
2021-02-10,7:30am,USD,CPI y/y,High,1.4%,1.4%,
2021-02-10,7:30am,USD,Core CPI m/m,Low,0.2%,0.1%,
2021-02-10,9:00am,USD,Final Wholesale Inventories m/m,Medium,0.1%,0.1%,
2021-02-10,9:30am,USD,Crude Oil Inventories,Low,-0.9M,-1.0M,
2021-02-10,11:00am,GBP,BOE Gov Bailey Speaks,Low,,,
2021-02-10,12:01pm,USD,10-y Bond Auction,Medium,,1.16|2.5,
2021-02-10,1:00pm,USD,Fed Chairman Powell Speaks,High,,,
2021-02-10,1:00pm,USD,Federal Budget Balance,Medium,-152.4B,-143.6B,
2021-02-10,All Day,JPY,Bank Holiday,Low,,,
2021-02-10,6:01pm,GBP,RICS House Price Balance,Medium,60%,63%,
2021-02-11,4:00am,EUR,EU Economic Forecasts,Low,,,
2021-02-11,7:30am,USD,Unemployment Claims,Low,755K,812K,
2021-02-11,9:00am,USD,Mortgage Delinquencies,Medium,,7.65%,
2021-02-11,9:30am,USD,Natural Gas Storage,Medium,-180B,-192B,
2021-02-11,12:01pm,USD,30-y Bond Auction,Medium,,1.83|2.5,
2021-02-12,FriFeb 12,GBP,Construction Output m/m,Medium,0.5%,1.7%,
2021-02-12,FriFeb 12,GBP,GDP m/m,Medium,1.0%,-2.3%,
2021-02-12,FriFeb 12,GBP,Goods Trade Balance,Medium,-15.3B,-14.8B,
2021-02-12,FriFeb 12,GBP,Index of Services 3m/3m,Medium,0.0%,4.1%,
2021-02-12,FriFeb 12,GBP,Prelim Business Investment q/q,Medium,-1.4%,9.4%,
2021-02-12,1:03am,GBP,Industrial Production m/m,Medium,0.5%,0.3%,
2021-02-12,1:03am,GBP,Manufacturing Production m/m,Medium,0.7%,1.1%,
2021-02-12,1:30am,CHF,CPI m/m,Medium,0.0%,-0.1%,
2021-02-12,6:56am,GBP,NIESR GDP Estimate,Medium,,1.0%,
2021-02-12,9:00am,USD,Prelim UoM Consumer Sentiment,Medium,80.8,79.0,
2021-02-12,9:00am,USD,Prelim UoM Inflation Expectations,Medium,,3.0%,
2021-02-14,5:50pm,JPY,Prelim GDP Price Index y/y,Medium,0.5%,1.2%,
2021-02-14,5:50pm,JPY,Prelim GDP q/q,Medium,2.4%,5.3%,
2021-02-14,6:01pm,GBP,Rightmove HPI m/m,Medium,,-0.9%,
2021-02-14,10:32pm,JPY,Revised Industrial Production m/m,Medium,-1.6%,-1.6%,
2021-02-15,MonFeb 15,EUR,Trade Balance,Medium,22.3B,24.9B,
2021-02-15,All Day,EUR,Eurogroup Meetings,Medium,,,
2021-02-15,All Day,USD,Bank Holiday,Low,,,
2021-02-15,10:30pm,JPY,Tertiary Industry Activity m/m,Medium,-0.6%,-0.6%,
2021-02-16,4:00am,EUR,Flash Employment Change q/q,Medium,0.9%,1.0%,
2021-02-16,4:00am,EUR,Flash GDP q/q,Medium,-0.7%,-0.7%,
2021-02-16,4:00am,EUR,ZEW Economic Sentiment,Medium,59.2,58.3,
2021-02-16,4:00am,EUR,German ZEW Economic Sentiment,Medium,59.7,61.8,
2021-02-16,All Day,EUR,ECOFIN Meetings,Medium,,,
2021-02-16,7:30am,USD,Empire State Manufacturing Index,Medium,6.2,3.5,
2021-02-16,8:30am,GBP,CB Leading Index m/m,Medium,,-0.3%,
2021-02-16,10:10am,USD,FOMC Member Bowman Speaks,Medium,,,
2021-02-16,2:00pm,USD,FOMC Member Daly Speaks,Medium,,,
2021-02-16,3:00pm,USD,TIC Long-Term Purchases,Medium,103.5B,149.2B,
2021-02-16,5:50pm,JPY,Core Machinery Orders m/m,Medium,-6.1%,1.5%,
2021-02-16,5:50pm,JPY,Trade Balance,Medium,0.49T,0.51T,
2021-02-17,WedFeb 17,GBP,Core CPI y/y,Medium,1.3%,1.4%,
2021-02-17,WedFeb 17,GBP,RPI y/y,Medium,1.3%,1.2%,
2021-02-17,1:03am,GBP,PPI Input m/m,Medium,0.5%,1.2%,
2021-02-17,1:03am,GBP,PPI Output m/m,Medium,0.2%,0.2%,
2021-02-17,3:30am,GBP,HPI y/y,Medium,7.5%,7.1%,
2021-02-17,4:34am,EUR,German 30-y Bond Auction,Medium,,-0.13|1.4,
2021-02-17,7:30am,USD,Core Retail Sales m/m,High,1.1%,-1.8%,
2021-02-17,7:30am,USD,Retail Sales m/m,High,1.1%,-1.0%,
2021-02-17,7:30am,USD,Core PPI m/m,Medium,0.2%,0.1%,
2021-02-17,7:30am,USD,PPI m/m,Medium,0.4%,0.3%,
2021-02-17,8:00am,USD,FOMC Member Barkin Speaks,Medium,,,
2021-02-17,8:15am,USD,Capacity Utilization Rate,Medium,74.9%,74.9%,
2021-02-17,8:15am,USD,Industrial Production m/m,Medium,0.4%,1.3%,
2021-02-17,9:00am,USD,Business Inventories m/m,Medium,0.5%,0.5%,
2021-02-17,9:00am,USD,NAHB Housing Market Index,Medium,83,83,
2021-02-17,10:00am,GBP,MPC Member Ramsden Speaks,Medium,,,
2021-02-17,1:00pm,USD,FOMC Meeting Minutes,Low,,,
2021-02-17,3:30pm,USD,API Weekly Statistical Bulletin,Medium,,,
2021-02-18,3:51am,EUR,Spanish 10-y Bond Auction,Medium,,0.16|1.6,
2021-02-18,5:00am,GBP,MPC Member Saunders Speaks,Medium,,,
2021-02-18,6:30am,EUR,ECB Monetary Policy Meeting Accounts,Medium,,,
2021-02-18,7:00am,USD,FOMC Member Brainard Speaks,Medium,,,
2021-02-18,7:29am,USD,Philly Fed Manufacturing Index,Low,20.3,26.5,
2021-02-18,7:30am,USD,Building Permits,Medium,1.67M,1.70M,
2021-02-18,7:30am,USD,Housing Starts,Medium,1.66M,1.68M,
2021-02-18,7:30am,USD,Import Prices m/m,Medium,1.0%,1.0%,
2021-02-18,7:30am,USD,Unemployment Claims,Medium,775K,848K,
2021-02-18,8:10am,EUR,Consumer Confidence,Medium,-15,-16,
2021-02-18,9:30am,USD,Natural Gas Storage,Medium,-250B,-171B,
2021-02-18,10:00am,USD,Crude Oil Inventories,Low,-2.1M,-6.6M,
2021-02-18,5:30pm,JPY,National Core CPI y/y,Medium,-0.6%,-1.0%,
2021-02-18,6:01pm,GBP,GfK Consumer Confidence,Medium,-26,-28,
2021-02-18,6:30pm,JPY,Flash Manufacturing PMI,Medium,50.0,49.8,
2021-02-19,FriFeb 19,GBP,Retail Sales m/m,High,-3.0%,0.4%,
2021-02-19,FriFeb 19,GBP,Public Sector Net Borrowing,Medium,22.0B,26.1B,
2021-02-19,1:45am,EUR,French Final CPI m/m,Medium,0.2%,0.2%,
2021-02-19,2:15am,EUR,French Flash Services PMI,High,47.0,47.3,
2021-02-19,2:15am,EUR,French Flash Manufacturing PMI,Low,51.7,51.6,
2021-02-19,2:30am,EUR,German Flash Manufacturing PMI,High,56.6,57.1,
2021-02-19,2:30am,EUR,German Flash Services PMI,High,46.5,46.7,
2021-02-19,3:00am,EUR,Flash Manufacturing PMI,Low,54.6,54.8,
2021-02-19,3:00am,EUR,Flash Services PMI,Low,45.9,45.4,
2021-02-19,3:00am,EUR,Current Account,Medium,22.0B,25.1B,
2021-02-19,3:30am,GBP,Flash Services PMI,High,42.1,39.5,
2021-02-19,3:30am,GBP,Flash Manufacturing PMI,Low,53.1,54.1,
2021-02-19,5:00am,GBP,CBI Industrial Order Expectations,Medium,-35,-38,
2021-02-19,6:00am,GBP,MPC Member Vlieghe Speaks,Medium,,,
2021-02-19,7:00am,USD,FOMC Member Barkin Speaks,Medium,,,
2021-02-19,8:45am,USD,Flash Manufacturing PMI,Low,58.4,59.2,
2021-02-19,8:45am,USD,Flash Services PMI,Medium,57.9,58.3,
2021-02-19,9:00am,USD,Existing Home Sales,Medium,6.59M,6.65M,
2021-02-19,10:00am,USD,Fed Monetary Policy Report,Medium,,,
2021-02-22,5:00am,EUR,German Buba Monthly Report,Medium,,,
2021-02-22,8:00am,EUR,Belgian NBB Business Climate,Medium,-7.2,-7.5,
2021-02-22,8:30am,EUR,ECB President Lagarde Speaks,Low,,,
2021-02-22,9:00am,USD,CB Leading Index m/m,Medium,0.4%,0.4%,
2021-02-22,2:30pm,USD,FOMC Member Bowman Speaks,Medium,,,
2021-02-22,All Day,JPY,Bank Holiday,Low,,,
2021-02-23,TueFeb 23,GBP,Average Earnings Index 3m/y,Medium,4.1%,3.7%,
2021-02-23,TueFeb 23,GBP,Unemployment Rate,Medium,5.1%,5.0%,
2021-02-23,1:30am,CHF,PPI m/m,Medium,0.4%,0.5%,
2021-02-23,4:00am,EUR,Final Core CPI y/y,Medium,1.4%,1.4%,
2021-02-23,4:00am,EUR,Final CPI y/y,Medium,0.9%,0.9%,
2021-02-23,4:04am,GBP,30-y Bond Auction,Medium,,0.84|2.4,
2021-02-23,5:00am,GBP,CBI Realized Sales,Medium,-39,-50,
2021-02-23,8:00am,USD,HPI m/m,Medium,1.0%,1.0%,
2021-02-23,8:00am,USD,S&P/CS Composite-20 HPI y/y,Medium,9.9%,9.2%,
2021-02-23,8:59am,USD,Richmond Manufacturing Index,Medium,16,14,
2021-02-23,9:00am,USD,Fed Chairman Powell Testifies,High,,,
2021-02-23,9:00am,USD,CB Consumer Confidence,Low,90.2,88.9,
2021-02-23,3:30pm,USD,API Weekly Statistical Bulletin,Medium,,,
2021-02-23,11:00pm,JPY,BOJ Core CPI y/y,Medium,-0.2%,-0.3%,
2021-02-24,3:00am,CHF,UBS Economic Expectations,Medium,,43.2,
2021-02-24,4:35am,EUR,German 10-y Bond Auction,Medium,,-0.54|2.0,
2021-02-24,6:00am,GBP,MPC Member Haldane Speaks,Medium,,,
2021-02-24,8:30am,GBP,Monetary Policy Report Hearings,High,,,
2021-02-24,9:00am,USD,Fed Chairman Powell Testifies,High,,,
2021-02-24,9:00am,USD,New Home Sales,Medium,853K,885K,
2021-02-24,9:30am,USD,Crude Oil Inventories,Low,-6.5M,-7.3M,
2021-02-24,9:30am,USD,FOMC Member Brainard Speaks,Medium,,,
2021-02-24,12:00pm,USD,FOMC Member Clarida Speaks,Medium,,,
2021-02-24,3:00pm,USD,FOMC Member Clarida Speaks,Medium,,,
2021-02-25,3:00am,EUR,M3 Money Supply y/y,Medium,12.6%,12.4%,
2021-02-25,3:02am,EUR,Private Loans y/y,Medium,3.2%,3.1%,
2021-02-25,7:30am,USD,Prelim GDP q/q,Low,4.2%,4.0%,
2021-02-25,7:30am,USD,Core Durable Goods Orders m/m,Medium,0.6%,1.1%,
2021-02-25,7:30am,USD,Durable Goods Orders m/m,Medium,0.9%,0.5%,
2021-02-25,7:30am,USD,FOMC Member Bostic Speaks,Medium,,,
2021-02-25,7:30am,USD,Prelim GDP Price Index q/q,Medium,2.0%,2.0%,
2021-02-25,7:30am,USD,Unemployment Claims,Medium,828K,841K,
2021-02-25,9:00am,USD,Pending Home Sales m/m,Medium,0.2%,0.5%,
2021-02-25,9:30am,USD,Natural Gas Storage,Medium,-323B,-237B,
2021-02-25,10:10am,USD,FOMC Member Quarles Speaks,Medium,,,
2021-02-25,11:00am,USD,FOMC Member Bostic Speaks,Medium,,,
2021-02-25,5:30pm,JPY,Tokyo Core CPI y/y,Medium,-0.4%,-0.4%,
2021-02-25,5:50pm,JPY,Prelim Industrial Production m/m,Medium,3.9%,-1.0%,
2021-02-25,5:50pm,JPY,Retail Sales y/y,Medium,-2.6%,-0.2%,
2021-02-25,11:00pm,JPY,Housing Starts y/y,Medium,-1.8%,-9.0%,
2021-02-26,1:45am,EUR,French Consumer Spending m/m,Medium,-3.5%,22.4%,
2021-02-26,1:45am,EUR,French Prelim CPI m/m,Medium,-0.3%,0.2%,
2021-02-26,1:45am,EUR,French Prelim GDP q/q,Medium,-1.3%,-1.3%,
2021-02-26,2:00am,CHF,KOF Economic Barometer,Low,96.5,96.5,
2021-02-26,2:00am,CHF,GDP q/q,Medium,0.0%,7.6%,
2021-02-26,2:00am,EUR,Spanish Flash CPI y/y,Medium,0.6%,0.5%,
2021-02-26,6:30am,GBP,MPC Member Ramsden Speaks,Medium,,,
2021-02-26,7:30am,USD,Core PCE Price Index m/m,Medium,0.1%,0.3%,
2021-02-26,7:30am,USD,Goods Trade Balance,Medium,-83.0B,-83.2B,
2021-02-26,7:30am,USD,Personal Income m/m,Medium,9.4%,0.6%,
2021-02-26,7:30am,USD,Personal Spending m/m,Medium,2.6%,-0.4%,
2021-02-26,7:30am,USD,Prelim Wholesale Inventories m/m,Medium,0.3%,0.3%,
2021-02-26,8:45am,USD,Chicago PMI,Low,61.0,63.8,
2021-02-26,9:00am,USD,Revised UoM Consumer Sentiment,Medium,76.5,76.2,
2021-02-26,9:00am,USD,Revised UoM Inflation Expectations,Medium,,3.3%,
2021-02-28,6:30pm,JPY,Final Manufacturing PMI,Medium,49.9,49.8,
2021-03-01,1:30am,CHF,Retail Sales y/y,Medium,4.5%,5.4%,
2021-03-01,2:15am,EUR,Spanish Manufacturing PMI,Medium,52.1,49.3,
2021-03-01,2:30am,CHF,Manufacturing PMI,Medium,60.0,59.4,
2021-03-01,2:45am,EUR,Italian Manufacturing PMI,Medium,57.0,55.1,
2021-03-01,2:50am,EUR,French Final Manufacturing PMI,Medium,55.0,55.0,
2021-03-01,2:55am,EUR,German Final Manufacturing PMI,Medium,60.6,60.6,
2021-03-01,3:00am,EUR,Final Manufacturing PMI,Medium,57.7,57.7,
2021-03-01,3:30am,GBP,Final Manufacturing PMI,Low,54.9,54.9,
2021-03-01,3:30am,GBP,M4 Money Supply m/m,Medium,0.8%,0.6%,
2021-03-01,3:30am,GBP,Mortgage Approvals,Medium,100K,103K,
2021-03-01,3:32am,GBP,Net Lending to Individuals m/m,Medium,3.3B,4.5B,
2021-03-01,4:00am,EUR,Italian Prelim CPI m/m,Medium,0.4%,0.7%,
2021-03-01,8:00am,USD,FOMC Member Williams Speaks,Medium,,,
2021-03-01,8:05am,USD,FOMC Member Brainard Speaks,Medium,,,
2021-03-01,8:45am,USD,Final Manufacturing PMI,Low,58.5,58.5,
2021-03-01,9:00am,USD,ISM Manufacturing PMI,High,58.7,58.7,
2021-03-01,9:00am,USD,Construction Spending m/m,Medium,0.7%,1.1%,
2021-03-01,9:00am,USD,ISM Manufacturing Prices,Medium,80.0,82.1,
2021-03-01,10:10am,EUR,ECB President Lagarde Speaks,Low,,,
2021-03-01,5:30pm,JPY,Unemployment Rate,Medium,3.0%,2.9%,
2021-03-01,5:50pm,JPY,Capital Spending q/y,Medium,-2.0%,-10.6%,
2021-03-01,5:50pm,JPY,Monetary Base y/y,Medium,20.1%,18.9%,
2021-03-01,9:35pm,JPY,10-y Bond Auction,Medium,,0.05|3.4,
2021-03-02,TueMar 2,GBP,Nationwide HPI m/m,Medium,-0.3%,-0.2%,
2021-03-02,2:00am,EUR,Spanish Unemployment Change,Medium,10.5K,76.2K,
2021-03-02,2:55am,EUR,German Unemployment Change,Medium,-9K,-37K,
2021-03-02,4:00am,EUR,Core CPI Flash Estimate y/y,Medium,1.1%,1.4%,
2021-03-02,4:00am,EUR,CPI Flash Estimate y/y,Medium,0.9%,0.9%,
2021-03-02,9:00am,USD,RCM/TIPP Economic Optimism,Medium,52.1,51.9,
2021-03-02,All Day,USD,Wards Total Vehicle Sales,Medium,16.4M,16.6M,
2021-03-02,12:00pm,USD,FOMC Member Brainard Speaks,Medium,,,
2021-03-02,1:00pm,USD,FOMC Member Daly Speaks,Medium,,,
2021-03-02,3:30pm,USD,API Weekly Statistical Bulletin,Medium,,,
2021-03-02,6:01pm,GBP,BRC Shop Price Index y/y,Medium,,-2.2%,
2021-03-03,1:45am,EUR,French Gov Budget Balance,Medium,,-178.1B,
2021-03-03,2:15am,EUR,Spanish Services PMI,Medium,43.1,41.7,
2021-03-03,2:45am,EUR,Italian Services PMI,Medium,45.8,44.7,
2021-03-03,2:50am,EUR,French Final Services PMI,Medium,43.6,43.6,
2021-03-03,2:55am,EUR,German Final Services PMI,Medium,45.9,45.9,
2021-03-03,3:00am,EUR,Final Services PMI,Medium,44.7,44.7,
2021-03-03,3:30am,GBP,Final Services PMI,Medium,49.7,49.7,
2021-03-03,4:00am,EUR,PPI m/m,Medium,1.3%,0.9%,
2021-03-03,6:35am,GBP,Annual Budget Release,High,,,
2021-03-03,7:15am,USD,ADP Non-Farm Employment Change,Low,203K,195K,
2021-03-03,8:45am,USD,Final Services PMI,Medium,58.9,58.9,
2021-03-03,9:00am,USD,ISM Services PMI,Low,58.7,58.7,
2021-03-03,9:30am,USD,Crude Oil Inventories,Low,-1.3M,1.3M,
2021-03-03,10:00am,GBP,MPC Member Tenreyro Speaks,Low,,,
2021-03-03,12:00pm,USD,FOMC Member Evans Speaks,Medium,,,
2021-03-03,1:00pm,USD,Beige Book,Medium,,,
2021-03-03,9:35pm,JPY,30-y Bond Auction,Medium,,0.66|3.5,
2021-03-03,11:00pm,JPY,Consumer Confidence,Medium,29.9,29.6,
2021-03-04,3:57am,EUR,Spanish 10-y Bond Auction,Medium,,0.27|2.1,
2021-03-04,3:59am,EUR,French 10-y Bond Auction,Medium,,-0.25|2.2,
2021-03-04,4:00am,EUR,Retail Sales m/m,Medium,-1.4%,1.8%,
2021-03-04,4:00am,EUR,Unemployment Rate,Medium,8.3%,8.1%,
2021-03-04,4:04am,GBP,10-y Bond Auction,Medium,,0.44|2.9,
2021-03-04,6:30am,USD,Challenger Job Cuts y/y,Medium,,17.4%,
2021-03-04,7:30am,USD,Revised Nonfarm Productivity q/q,Medium,-4.7%,-4.8%,
2021-03-04,7:30am,USD,Revised Unit Labor Costs q/q,Medium,6.7%,6.8%,
2021-03-04,7:30am,USD,Unemployment Claims,Medium,758K,736K,
2021-03-04,9:00am,USD,Factory Orders m/m,Medium,2.2%,1.6%,
2021-03-04,9:30am,USD,Natural Gas Storage,Medium,-149B,-338B,
2021-03-04,11:05am,USD,Fed Chairman Powell Speaks,High,,,
2021-03-05,1:45am,EUR,French Trade Balance,Medium,-3.4B,-3.6B,
2021-03-05,2:00am,CHF,Foreign Currency Reserves,Medium,,897B,
2021-03-05,2:30am,GBP,Halifax HPI m/m,Medium,-0.1%,-0.4%,
2021-03-05,3:00am,EUR,Italian Retail Sales m/m,Medium,-0.6%,2.4%,
2021-03-05,7:30am,USD,Average Hourly Earnings m/m,High,0.2%,0.1%,
2021-03-05,7:30am,USD,Non-Farm Employment Change,High,197K,166K,
2021-03-05,7:30am,USD,Unemployment Rate,High,6.3%,6.3%,
2021-03-05,7:30am,USD,Trade Balance,Medium,-67.5B,-67.0B,
2021-03-05,8:00am,GBP,MPC Member Haskel Speaks,Medium,,,
2021-03-05,2:00pm,USD,Consumer Credit m/m,Medium,11.8B,8.8B,
2021-03-07,SunMar 7,JPY,Current Account,Medium,2.20T,2.08T,
2021-03-07,11:00pm,JPY,Leading Indicators,Medium,96.7%,95.3%,
2021-03-08,12:45am,CHF,Unemployment Rate,Medium,3.6%,3.5%,
2021-03-08,1:00am,EUR,German Industrial Production m/m,Medium,-1.4%,1.9%,
2021-03-08,3:30am,EUR,Sentix Investor Confidence,Medium,0.3,-0.2,
2021-03-08,4:00am,GBP,BOE Gov Bailey Speaks,High,,,
2021-03-08,9:00am,USD,Final Wholesale Inventories m/m,Medium,1.3%,1.3%,
2021-03-08,5:30pm,JPY,Average Cash Earnings y/y,Medium,-1.6%,-3.0%,
2021-03-08,5:30pm,JPY,Household Spending y/y,Medium,-2.1%,-0.6%,
2021-03-08,5:50pm,JPY,Final GDP Price Index y/y,Medium,0.2%,0.2%,
2021-03-08,5:50pm,JPY,Final GDP q/q,Medium,3.0%,3.0%,
2021-03-08,5:50pm,JPY,M2 Money Stock y/y,Medium,9.5%,9.4%,
2021-03-08,6:01pm,GBP,BRC Retail Sales Monitor y/y,Medium,6.5%,7.1%,
2021-03-08,11:59pm,JPY,Prelim Machine Tool Orders y/y,Medium,,9.7%,
2021-03-09,1:00am,EUR,German Trade Balance,Medium,17.9B,16.4B,
2021-03-09,3:00am,EUR,Italian Industrial Production m/m,Medium,0.8%,0.2%,
2021-03-09,4:00am,EUR,Final Employment Change q/q,Medium,0.3%,0.3%,
2021-03-09,4:00am,EUR,Revised GDP q/q,Medium,-0.6%,-0.6%,
2021-03-09,4:55am,USD,NFIB Small Business Index,Medium,96.7,95.0,
2021-03-09,3:30pm,USD,API Weekly Statistical Bulletin,Medium,,,
2021-03-10,6:30am,USD,CPI y/y,High,1.7%,1.4%,
2021-03-10,7:30am,USD,Core CPI m/m,High,0.2%,0.0%,
2021-03-10,7:30am,USD,CPI m/m,High,0.4%,0.3%,
2021-03-10,9:30am,USD,Crude Oil Inventories,Low,3.0M,21.6M,
2021-03-10,12:01pm,USD,10-y Bond Auction,Low,,1.16|2.4,
2021-03-10,1:00pm,USD,Federal Budget Balance,Medium,-298.6B,-162.8B,
2021-03-10,5:50pm,JPY,PPI y/y,Medium,-0.7%,-1.5%,
2021-03-10,6:01pm,GBP,RICS House Price Balance,Medium,46%,49%,
2021-03-11,6:45am,EUR,Monetary Policy Statement,High,,,
2021-03-11,6:45am,EUR,Main Refinancing Rate,Low,0.00%,0.00%,
2021-03-11,7:30am,EUR,ECB Press Conference,High,,,
2021-03-11,7:30am,USD,Unemployment Claims,Medium,730K,754K,
2021-03-11,9:00am,USD,JOLTS Job Openings,Medium,6.65M,6.75M,
2021-03-11,9:30am,USD,Natural Gas Storage,Medium,-76B,-98B,
2021-03-11,12:01pm,USD,30-y Bond Auction,Low,,1.93|2.2,
2021-03-11,5:50pm,JPY,BSI Manufacturing Index,Medium,19.0,21.6,
2021-03-12,FriMar 12,GBP,Construction Output m/m,Medium,-1.0%,-2.9%,
2021-03-12,FriMar 12,GBP,GDP m/m,Medium,-4.9%,1.2%,
2021-03-12,FriMar 12,GBP,Goods Trade Balance,Medium,-12.2B,-14.3B,
2021-03-12,FriMar 12,GBP,Index of Services 3m/3m,Medium,-3.3%,0.6%,
2021-03-12,FriMar 12,GBP,Industrial Production m/m,Medium,-0.9%,0.2%,
2021-03-12,FriMar 12,GBP,Manufacturing Production m/m,Medium,-1.0%,0.3%,
2021-03-12,3:00am,EUR,Italian Quarterly Unemployment Rate,Medium,9.8%,9.6%,
2021-03-12,3:32am,GBP,Consumer Inflation Expectations,Medium,,2.7%,
2021-03-12,4:00am,EUR,Industrial Production m/m,Medium,0.3%,-0.1%,
2021-03-12,7:06am,GBP,NIESR GDP Estimate,Medium,,-1.7%,
2021-03-12,7:30am,USD,Core PPI m/m,Medium,0.2%,1.2%,
2021-03-12,7:30am,USD,PPI m/m,Medium,0.4%,1.3%,
2021-03-12,9:00am,USD,Prelim UoM Consumer Sentiment,Medium,78.4,76.8,
2021-03-12,9:00am,USD,Prelim UoM Inflation Expectations,Medium,,3.3%,
2021-03-14,SunMar 14,USD,Daylight Saving Time Shift,Low,,,
2021-03-14,6:50pm,JPY,Core Machinery Orders m/m,Medium,-5.5%,5.2%,
2021-03-14,7:01pm,GBP,Rightmove HPI m/m,Medium,,0.5%,
2021-03-14,11:30pm,JPY,Tertiary Industry Activity m/m,Medium,-0.6%,-0.3%,
2021-03-15,All Day,EUR,Eurogroup Meetings,Medium,,,
2021-03-15,7:30am,USD,Empire State Manufacturing Index,Medium,14.6,12.1,
2021-03-15,8:30am,GBP,CB Leading Index m/m,Medium,,-0.5%,
2021-03-15,3:00pm,USD,TIC Long-Term Purchases,Medium,107.3B,121.0B,
2021-03-15,11:06pm,JPY,BOJ Gov Kuroda Speaks,Low,,,
2021-03-15,11:30pm,JPY,Revised Industrial Production m/m,Medium,4.2%,4.2%,
2021-03-16,5:00am,EUR,ZEW Economic Sentiment,Medium,72.0,69.6,
2021-03-16,5:00am,EUR,German ZEW Economic Sentiment,Medium,74.0,71.2,
2021-03-16,All Day,EUR,ECOFIN Meetings,Medium,,,
2021-03-16,7:30am,USD,Core Retail Sales m/m,High,0.2%,8.3%,
2021-03-16,7:30am,USD,Retail Sales m/m,High,-0.5%,7.6%,
2021-03-16,7:30am,USD,Import Prices m/m,Medium,1.1%,1.4%,
2021-03-16,8:15am,USD,Capacity Utilization Rate,Medium,75.6%,75.5%,
2021-03-16,8:15am,USD,Industrial Production m/m,Medium,0.4%,1.1%,
2021-03-16,9:00am,USD,Business Inventories m/m,Medium,0.3%,0.8%,
2021-03-16,9:00am,USD,NAHB Housing Market Index,Medium,84,84,
2021-03-16,3:30pm,USD,API Weekly Statistical Bulletin,Medium,,,
2021-03-16,6:50pm,JPY,Trade Balance,Medium,-0.10T,0.55T,
2021-03-17,5:00am,EUR,Final Core CPI y/y,Medium,1.1%,1.1%,
2021-03-17,5:00am,EUR,Final CPI y/y,Medium,0.9%,0.9%,
2021-03-17,5:33am,EUR,German 30-y Bond Auction,Medium,,0.10|1.3,
2021-03-17,7:30am,USD,Building Permits,Medium,1.74M,1.89M,
2021-03-17,7:30am,USD,Housing Starts,Medium,1.56M,1.58M,
2021-03-17,9:30am,USD,Crude Oil Inventories,Low,2.8M,13.8M,
2021-03-17,1:00pm,USD,FOMC Economic Projections,High,,,
2021-03-17,1:00pm,USD,FOMC Statement,High,,,
2021-03-17,1:00pm,USD,Federal Funds Rate,Low,<0.25%,<0.25%,
2021-03-17,1:30pm,USD,FOMC Press Conference,High,,,
2021-03-18,2:30am,CHF,PPI m/m,Medium,0.2%,0.3%,
2021-03-18,3:00am,EUR,ECB President Lagarde Speaks,Low,,,
2021-03-18,4:00am,EUR,Italian Trade Balance,Medium,7.05B,6.86B,
2021-03-18,5:00am,EUR,Trade Balance,Medium,28.8B,27.5B,
2021-03-18,6:00am,EUR,ECB President Lagarde Speaks,Low,,,
2021-03-18,6:00am,GBP,MPC Member Cunliffe Speaks,Medium,,,
2021-03-18,7:00am,GBP,Monetary Policy Summary,High,,,
2021-03-18,7:00am,GBP,MPC Official Bank Rate Votes,High,0-0-9,0-0-9,
2021-03-18,7:00am,GBP,Official Bank Rate,High,0.10%,0.10%,
2021-03-18,7:00am,GBP,MPC Asset Purchase Facility Votes,Low,0-0-9,0-0-9,
2021-03-18,7:00am,GBP,Asset Purchase Facility,Medium,875B,875B,
2021-03-18,7:30am,GBP,MPC Member Haldane Speaks,Medium,,,
2021-03-18,7:30am,USD,Philly Fed Manufacturing Index,Low,22.5,23.1,
2021-03-18,7:30am,USD,Unemployment Claims,Medium,704K,725K,
2021-03-18,9:00am,USD,CB Leading Index m/m,Medium,0.3%,0.5%,
2021-03-18,9:30am,USD,Natural Gas Storage,Medium,-21B,-52B,
2021-03-18,10:55am,USD,Fed Chairman Powell Speaks,High,,,
2021-03-18,6:30pm,JPY,National Core CPI y/y,Medium,-0.4%,-0.6%,
2021-03-18,7:01pm,GBP,GfK Consumer Confidence,Medium,-20,-23,
2021-03-18,10:39pm,JPY,Monetary Policy Statement,Low,,,
2021-03-18,10:39pm,JPY,BOJ Policy Rate,Medium,-0.10%,-0.10%,
2021-03-19,2:00am,EUR,German PPI m/m,Medium,0.8%,1.4%,
2021-03-19,2:00am,GBP,Public Sector Net Borrowing,Medium,20.0B,2.4B,
2021-03-19,8:00am,GBP,MPC Member Cunliffe Speaks,Medium,,,
2021-03-19,8:00am,USD,Fed Announcement,High,,,
2021-03-22,6:00am,EUR,German Buba Monthly Report,Medium,,,
2021-03-22,8:00am,EUR,German Buba President Weidmann Speaks,Medium,,,
2021-03-22,8:00am,USD,Fed Chairman Powell Speaks,High,,,
2021-03-22,9:00am,USD,Existing Home Sales,Medium,6.55M,6.66M,
2021-03-22,9:00am,USD,FOMC Member Barkin Speaks,Medium,,,
2021-03-22,12:00pm,USD,FOMC Member Daly Speaks,Medium,,,
2021-03-22,12:30pm,USD,FOMC Member Quarles Speaks,Medium,,,
2021-03-22,6:15pm,USD,FOMC Member Bowman Speaks,Medium,,,
2021-03-22,11:59pm,JPY,BOJ Core CPI y/y,Medium,-0.2%,-0.3%,
2021-03-23,TueMar 23,GBP,Claimant Count Change,Medium,9.0K,-20.8K,
2021-03-23,TueMar 23,GBP,Unemployment Rate,Medium,5.2%,5.1%,
2021-03-23,3:40am,GBP,MPC Member Haldane Speaks,Medium,,,
2021-03-23,4:55am,GBP,MPC Member Cunliffe Speaks,Medium,,,
2021-03-23,5:05am,GBP,30-y Bond Auction,Medium,,1.30|2.2,
2021-03-23,6:00am,GBP,CBI Industrial Order Expectations,Medium,-20,-24,
2021-03-23,6:50am,GBP,BOE Gov Bailey Speaks,Low,,,
2021-03-23,7:30am,USD,Current Account,Medium,-189B,-181B,
2021-03-23,8:59am,USD,Richmond Manufacturing Index,Medium,15,14,
2021-03-23,9:00am,USD,New Home Sales,Medium,872K,948K,
2021-03-23,9:10am,USD,FOMC Member Bostic Speaks,Medium,,,
2021-03-23,11:00am,USD,Fed Chairman Powell Testifies,High,,,
2021-03-23,12:25pm,USD,FOMC Member Brainard Speaks,Medium,,,
2021-03-23,1:45pm,USD,FOMC Member Williams Speaks,Medium,,,
2021-03-23,2:45pm,USD,FOMC Member Brainard Speaks,Medium,,,
2021-03-23,3:30pm,USD,API Weekly Statistical Bulletin,Medium,,,
2021-03-23,6:50pm,JPY,Monetary Policy Meeting Minutes,Medium,,,
2021-03-23,6:50pm,JPY,SPPI y/y,Medium,-0.5%,-0.4%,
2021-03-23,7:30pm,JPY,Flash Manufacturing PMI,Medium,51.3,51.4,
2021-03-24,WedMar 24,GBP,Core CPI y/y,Medium,1.4%,1.4%,
2021-03-24,WedMar 24,GBP,PPI Input m/m,Medium,0.6%,1.0%,
2021-03-24,WedMar 24,GBP,PPI Output m/m,Medium,0.3%,0.8%,
2021-03-24,WedMar 24,GBP,RPI y/y,Medium,1.6%,1.4%,
2021-03-24,3:15am,EUR,French Flash Services PMI,High,45.5,45.6,
2021-03-24,3:15am,EUR,French Flash Manufacturing PMI,Low,56.4,56.1,
2021-03-24,3:30am,EUR,German Flash Manufacturing PMI,High,60.4,60.7,
2021-03-24,3:30am,EUR,German Flash Services PMI,High,46.4,45.7,
2021-03-24,4:00am,EUR,Flash Manufacturing PMI,Low,57.5,57.9,
2021-03-24,4:00am,EUR,Flash Services PMI,Low,46.1,45.7,
2021-03-24,4:30am,GBP,Flash Manufacturing PMI,Low,55.0,55.1,
2021-03-24,4:30am,GBP,Flash Services PMI,Low,51.1,49.5,
2021-03-24,4:30am,GBP,HPI y/y,Medium,8.4%,8.0%,
2021-03-24,5:34am,EUR,German 10-y Bond Auction,Medium,,-0.32|1.5,
2021-03-24,7:30am,USD,Core Durable Goods Orders m/m,Medium,0.6%,1.3%,
2021-03-24,7:30am,USD,Durable Goods Orders m/m,Medium,0.7%,3.5%,
2021-03-24,8:45am,USD,Flash Manufacturing PMI,Low,59.6,58.6,
2021-03-24,8:45am,USD,Flash Services PMI,Medium,60.1,59.8,
2021-03-24,9:00am,USD,Fed Chairman Powell Testifies,High,,,
2021-03-24,9:28am,EUR,Consumer Confidence,Medium,-15,-15,
2021-03-24,9:30am,USD,Crude Oil Inventories,Low,1.4M,2.4M,
2021-03-24,10:45am,EUR,ECB President Lagarde Speaks,Low,,,
2021-03-24,12:35pm,USD,FOMC Member Williams Speaks,Medium,,,
2021-03-24,2:00pm,USD,FOMC Member Daly Speaks,Medium,,,
2021-03-24,6:00pm,USD,FOMC Member Evans Speaks,Medium,,,
2021-03-24,9:15pm,JPY,BOJ Gov Kuroda Speaks,Low,,,
2021-03-25,3:30am,CHF,SNB Monetary Policy Assessment,High,,,
2021-03-25,3:30am,CHF,SNB Policy Rate,Low,-0.75%,-0.75%,
2021-03-25,4:00am,EUR,ECB Economic Bulletin,Medium,,,
2021-03-25,4:00am,EUR,M3 Money Supply y/y,Medium,12.5%,12.5%,
2021-03-25,4:02am,EUR,Private Loans y/y,Medium,3.2%,3.0%,
2021-03-25,4:28am,CHF,SNB Press Conference,High,,,
2021-03-25,4:30am,EUR,ECB President Lagarde Speaks,Low,,,
2021-03-25,4:30am,EUR,German Buba President Weidmann Speaks,Medium,,,
2021-03-25,4:30am,GBP,BOE Gov Bailey Speaks,Low,,,
2021-03-25,4:30am,USD,FOMC Member Williams Speaks,Medium,,,
2021-03-25,Day 1,EUR,EU Economic Summit,Low,,,
2021-03-25,6:00am,GBP,CBI Realized Sales,Medium,-36,-45,
2021-03-25,7:30am,USD,Final GDP q/q,Low,4.1%,4.1%,
2021-03-25,7:30am,USD,Final GDP Price Index q/q,Medium,2.1%,2.1%,
2021-03-25,7:30am,USD,Unemployment Claims,Medium,727K,781k,
2021-03-25,8:55am,EUR,Belgian NBB Business Climate,Medium,-3.0,-4.4,
2021-03-25,9:10am,USD,FOMC Member Clarida Speaks,Medium,,,
2021-03-25,9:30am,USD,FOMC Member Williams Speaks,Medium,,,
2021-03-25,9:30am,USD,Natural Gas Storage,Medium,-21B,-11B,
2021-03-25,11:00am,USD,FOMC Member Bostic Speaks,Medium,,,
2021-03-25,12:00pm,USD,FOMC Member Evans Speaks,Medium,,,
2021-03-25,6:00pm,USD,FOMC Member Daly Speaks,Medium,,,
2021-03-25,6:30pm,JPY,Tokyo Core CPI y/y,Medium,-0.2%,-0.3%,
2021-03-26,4:00am,EUR,German ifo Business Climate,Low,93.1,92.7,
2021-03-26,4:00am,GBP,FPC Meeting Minutes,Medium,,,
2021-03-26,4:00am,GBP,FPC Statement,Medium,,,
2021-03-26,All Day,EUR,Euro Summit,High,,,
2021-03-26,Day 2,EUR,EU Economic Summit,Low,,,
2021-03-26,7:00am,GBP,MPC Member Saunders Speaks,Low,,,
2021-03-26,7:30am,USD,Core PCE Price Index m/m,Medium,0.1%,0.2%,
2021-03-26,7:30am,USD,Goods Trade Balance,Medium,-85.5B,-84.6B,
2021-03-26,7:30am,USD,Personal Income m/m,Medium,-7.3%,10.1%,
2021-03-26,7:30am,USD,Personal Spending m/m,Medium,-0.8%,3.4%,
2021-03-26,7:30am,USD,Prelim Wholesale Inventories m/m,Medium,1.2%,1.3%,
2021-03-26,9:00am,USD,Revised UoM Consumer Sentiment,Medium,83.6,83.0,
2021-03-26,9:00am,USD,Revised UoM Inflation Expectations,Medium,,3.1%,
2021-03-26,11:45am,GBP,MPC Member Tenreyro Speaks,Medium,,,
2021-03-27,SatMar 27,EUR,Daylight Saving Time Shift,Low,,,
2021-03-27,SatMar 27,GBP,Daylight Saving Time Shift,Low,,,
2021-03-29,MonMar 29,GBP,Mortgage Approvals,Medium,95K,97K,
2021-03-29,3:32am,GBP,Net Lending to Individuals m/m,Medium,3.6B,2.6B,
2021-03-29,10:00am,USD,FOMC Member Waller Speaks,Medium,,,
2021-03-29,6:30pm,JPY,Unemployment Rate,Medium,3.0%,2.9%,
2021-03-29,6:50pm,JPY,Retail Sales y/y,Medium,-2.7%,-2.4%,
2021-03-30,All Day,EUR,German Prelim CPI m/m,Medium,0.5%,0.7%,
2021-03-30,2:00am,CHF,KOF Economic Barometer,Medium,104.2,102.6,
2021-03-30,2:00am,EUR,Spanish Flash CPI y/y,Medium,0.7%,0.0%,
2021-03-30,4:18am,EUR,Italian 10-y Bond Auction,Medium,,0.65|1.4,
2021-03-30,8:00am,USD,FOMC Member Quarles Speaks,Medium,,,
2021-03-30,8:00am,USD,HPI m/m,Medium,1.2%,1.2%,
2021-03-30,8:00am,USD,S&P/CS Composite-20 HPI y/y,Medium,11.4%,10.2%,
2021-03-30,9:00am,USD,CB Consumer Confidence,Low,96.9,90.4,
2021-03-30,11:00am,USD,FOMC Member Bostic Speaks,Medium,,,
2021-03-30,1:30pm,USD,FOMC Member Williams Speaks,Medium,,,
2021-03-30,3:30pm,USD,API Weekly Statistical Bulletin,Medium,,,
2021-03-30,6:01pm,GBP,BRC Shop Price Index y/y,Medium,,-2.4%,
2021-03-30,6:50pm,JPY,Prelim Industrial Production m/m,Medium,-1.3%,4.3%,
2021-03-30,11:59pm,JPY,Housing Starts y/y,Medium,-5.0%,-3.1%,
2021-03-31,WedMar 31,GBP,Current Account,Medium,-34.8B,-14.3B,
2021-03-31,WedMar 31,GBP,Nationwide HPI m/m,Medium,0.4%,0.7%,
2021-03-31,WedMar 31,GBP,Revised Business Investment q/q,Medium,1.3%,1.3%,
2021-03-31,1:45am,EUR,French Consumer Spending m/m,Medium,1.2%,-4.9%,
2021-03-31,1:45am,EUR,French Prelim CPI m/m,Medium,0.7%,0.0%,
2021-03-31,2:55am,EUR,German Unemployment Change,Medium,-4K,9K,
2021-03-31,3:00am,CHF,UBS Economic Expectations,Medium,,55.5,
2021-03-31,4:00am,EUR,Core CPI Flash Estimate y/y,Medium,1.1%,1.1%,
2021-03-31,4:00am,EUR,CPI Flash Estimate y/y,Medium,1.4%,0.9%,
2021-03-31,4:00am,EUR,Italian Prelim CPI m/m,Medium,0.1%,0.1%,
2021-03-31,7:15am,USD,ADP Non-Farm Employment Change,High,552K,176K,
2021-03-31,8:00am,CHF,SNB Quarterly Bulletin,Medium,,,
2021-03-31,8:45am,USD,Chicago PMI,Medium,61.2,59.5,
2021-03-31,9:00am,USD,Pending Home Sales m/m,Low,-3.1%,-2.4%,
2021-03-31,9:30am,USD,Crude Oil Inventories,Low,-1.3M,1.9M,
2021-03-31,3:20pm,USD,President Biden Speaks,High,,,
2021-03-31,6:50pm,JPY,Tankan Manufacturing Index,Medium,-1,-10,
2021-03-31,6:50pm,JPY,Tankan Non-Manufacturing Index,Medium,-4,-5,
2021-03-31,7:30pm,JPY,Final Manufacturing PMI,Medium,52.1,52.0,
2021-03-31,10:35pm,JPY,10-y Bond Auction,Medium,,0.13|3.1,
2021-04-01,1:00am,EUR,German Retail Sales m/m,Medium,2.0%,-4.5%,
2021-04-01,1:30am,CHF,CPI m/m,Medium,0.4%,0.2%,
2021-04-01,1:30am,CHF,Retail Sales y/y,Medium,1.9%,-0.7%,
2021-04-01,2:15am,EUR,Spanish Manufacturing PMI,Medium,56.0,52.9,
2021-04-01,2:30am,CHF,Manufacturing PMI,Medium,64.4,61.3,
2021-04-01,2:45am,EUR,Italian Manufacturing PMI,Medium,59.7,56.9,
2021-04-01,2:50am,EUR,French Final Manufacturing PMI,Medium,58.8,58.8,
2021-04-01,2:55am,EUR,German Final Manufacturing PMI,Medium,66.6,66.6,
2021-04-01,3:00am,EUR,Final Manufacturing PMI,Medium,62.4,62.4,
2021-04-01,3:30am,GBP,Final Manufacturing PMI,Medium,57.9,57.9,
2021-04-01,6:30am,USD,Challenger Job Cuts y/y,Medium,,-39.1%,
2021-04-01,7:30am,USD,Unemployment Claims,Medium,678K,658K,
2021-04-01,8:45am,USD,Final Manufacturing PMI,Medium,59.2,59.0,
2021-04-01,9:00am,USD,ISM Manufacturing PMI,Low,61.5,60.8,
2021-04-01,9:00am,USD,Construction Spending m/m,Medium,-0.9%,1.2%,
2021-04-01,9:00am,USD,ISM Manufacturing Prices,Medium,83.5,86.0,
2021-04-01,All Day,USD,Wards Total Vehicle Sales,Medium,16.4M,15.7M,
2021-04-01,9:30am,USD,Natural Gas Storage,Medium,-20B,-36B,
2021-04-01,6:50pm,JPY,Monetary Base y/y,Medium,19.9%,19.6%,
2021-04-02,1:45am,EUR,French Gov Budget Balance,Medium,,-21.9B,
2021-04-02,All Day,EUR,German Bank Holiday,Low,,,
2021-04-02,All Day,GBP,Bank Holiday,Low,,,
2021-04-02,7:30am,USD,Average Hourly Earnings m/m,High,0.1%,0.3%,
2021-04-02,7:30am,USD,Non-Farm Employment Change,High,652K,468K,
2021-04-02,7:30am,USD,Unemployment Rate,High,6.0%,6.2%,
2021-04-02,10:00am,USD,FOMC Member Bostic Speaks,Medium,,,
2021-04-05,All Day,EUR,French Bank Holiday,Low,,,
2021-04-05,All Day,EUR,German Bank Holiday,Low,,,
2021-04-05,All Day,EUR,Italian Bank Holiday,Low,,,
2021-04-05,All Day,GBP,Bank Holiday,Low,,,
2021-04-05,8:45am,USD,Final Services PMI,Medium,60.3,60.0,
2021-04-05,9:00am,USD,ISM Services PMI,Low,58.3,55.3,
2021-04-05,9:00am,USD,Factory Orders m/m,Medium,-0.5%,2.7%,
2021-04-05,10:00am,USD,Treasury Sec Yellen Speaks,High,,,
2021-04-05,6:30pm,JPY,Average Cash Earnings y/y,Medium,-0.5%,-0.8%,
2021-04-05,6:30pm,JPY,Household Spending y/y,Medium,-5.0%,-6.1%,
2021-04-05,10:35pm,JPY,30-y Bond Auction,Medium,,0.69|2.8,
2021-04-06,Jan Data,EUR,Italian Monthly Unemployment Rate,Medium,9.0%,9.8%,
2021-04-06,3:00am,EUR,Italian Monthly Unemployment Rate,Medium,8.9%,10.3%,
2021-04-06,3:30am,EUR,Sentix Investor Confidence,Medium,6.8,5.0,
2021-04-06,4:00am,EUR,Unemployment Rate,Medium,8.1%,8.3%,
2021-04-06,8:37am,USD,RCM/TIPP Economic Optimism,Medium,56.2,55.4,
2021-04-06,9:00am,USD,JOLTS Job Openings,Medium,6.91M,7.10M,
2021-04-06,3:30pm,USD,API Weekly Statistical Bulletin,Medium,,,
2021-04-06,11:59pm,JPY,Leading Indicators,Medium,99.7%,98.5%,
2021-04-07,2:45am,EUR,Italian Services PMI,Medium,49.2,48.8,
2021-04-07,2:50am,EUR,French Final Services PMI,Medium,47.8,47.8,
2021-04-07,2:55am,EUR,German Final Services PMI,Medium,50.8,50.8,
2021-04-07,3:00am,EUR,Final Services PMI,Medium,48.8,48.8,
2021-04-07,3:30am,GBP,Final Services PMI,Medium,56.8,56.8,
2021-04-07,7:30am,USD,FOMC Member Evans Speaks,Medium,,,
2021-04-07,7:30am,USD,Trade Balance,Medium,-70.2B,-67.8B,
2021-04-07,9:30am,USD,Crude Oil Inventories,Low,-2.0M,-0.9M,
2021-04-07,11:00am,USD,FOMC Member Barkin Speaks,Medium,,,
2021-04-07,12:00pm,USD,FOMC Member Daly Speaks,Medium,,,
2021-04-07,12:45pm,USD,President Biden Speaks,High,,,
2021-04-07,1:00pm,USD,FOMC Meeting Minutes,High,,,
2021-04-07,2:00pm,USD,Consumer Credit m/m,Medium,2.9B,0.1B,
2021-04-07,6:01pm,GBP,RICS House Price Balance,Medium,55%,54%,
2021-04-07,6:50pm,JPY,Current Account,Medium,1.02T,1.50T,
2021-04-08,1:00am,EUR,German Factory Orders m/m,Medium,1.3%,0.8%,
2021-04-08,1:02am,JPY,Economy Watchers Sentiment,Medium,45.1,41.3,
2021-04-08,1:45am,EUR,French Trade Balance,Medium,-3.8B,-4.2B,
2021-04-08,2:00am,CHF,Foreign Currency Reserves,Medium,,914B,
2021-04-08,3:30am,GBP,Construction PMI,Medium,55.0,53.3,
2021-04-08,3:30am,GBP,Housing Equity Withdrawal q/q,Medium,-1.5B,-6.8B,
2021-04-08,3:52am,EUR,Spanish 10-y Bond Auction,Medium,,0.35|1.6,
2021-04-08,4:00am,EUR,PPI m/m,Medium,0.6%,1.7%,
2021-04-08,4:03am,EUR,French 10-y Bond Auction,Medium,,-0.07|2.0,
2021-04-08,4:07am,GBP,10-y Bond Auction,Medium,,0.87|2.7,
2021-04-08,6:30am,EUR,ECB Monetary Policy Meeting Accounts,Medium,,,
2021-04-08,7:30am,USD,Unemployment Claims,Low,682K,728K,
2021-04-08,9:30am,USD,Natural Gas Storage,Medium,22B,14B,
2021-04-08,11:00am,USD,Fed Chairman Powell Speaks,High,,,
2021-04-09,1:00am,EUR,German Industrial Production m/m,Medium,1.6%,-2.0%,
2021-04-09,1:00am,EUR,German Trade Balance,Medium,23.4B,21.3B,
2021-04-09,1:45am,EUR,French Industrial Production m/m,Medium,0.5%,3.2%,
2021-04-09,2:30am,GBP,Halifax HPI m/m,Medium,0.3%,0.0%,
2021-04-09,3:00am,EUR,Italian Retail Sales m/m,Medium,2.0%,-2.7%,
2021-04-09,7:56am,USD,Core PPI m/m,Medium,0.2%,0.2%,
2021-04-09,7:56am,USD,PPI m/m,Medium,0.5%,0.5%,
2021-04-09,9:00am,USD,Final Wholesale Inventories m/m,Medium,0.5%,0.5%,
2021-04-11,6:00pm,USD,Fed Chairman Powell Speaks,High,,,
2021-04-11,6:50pm,JPY,Bank Lending y/y,Medium,6.3%,6.2%,
2021-04-11,6:50pm,JPY,PPI y/y,Medium,0.5%,-0.6%,
2021-04-12,4:00am,EUR,Retail Sales m/m,Medium,1.3%,-5.2%,
2021-04-12,8:00am,GBP,MPC Member Tenreyro Speaks,Medium,,,
2021-04-12,12:01pm,USD,10-y Bond Auction,Low,,1.52|2.4,
2021-04-12,1:00pm,USD,Federal Budget Balance,Medium,-665.5B,-310.9B,
2021-04-12,6:01pm,GBP,BRC Retail Sales Monitor y/y,Medium,11.9%,9.5%,
2021-04-12,6:50pm,JPY,M2 Money Stock y/y,Medium,9.6%,9.6%,
2021-04-13,TueApr 13,GBP,Construction Output m/m,Medium,0.5%,0.0%,
2021-04-13,TueApr 13,GBP,GDP m/m,Medium,0.5%,-2.2%,
2021-04-13,TueApr 13,GBP,Goods Trade Balance,Medium,-10.4B,-12.6B,
2021-04-13,TueApr 13,GBP,Index of Services 3m/3m,Medium,-2.3%,-1.9%,
2021-04-13,TueApr 13,GBP,Industrial Production m/m,Medium,0.5%,-1.8%,
2021-04-13,TueApr 13,GBP,Manufacturing Production m/m,Medium,0.5%,-2.3%,
2021-04-13,3:00am,EUR,Italian Industrial Production m/m,Medium,0.7%,1.1%,
2021-04-13,4:00am,EUR,ZEW Economic Sentiment,Medium,77.2,74.0,
2021-04-13,4:00am,EUR,German ZEW Economic Sentiment,Medium,79.1,76.6,
2021-04-13,5:00am,USD,NFIB Small Business Index,Medium,98.2,95.8,
2021-04-13,7:28am,GBP,NIESR GDP Estimate,Medium,,-1.6%,
2021-04-13,7:30am,USD,Core CPI m/m,High,0.2%,0.1%,
2021-04-13,7:30am,USD,CPI m/m,High,0.5%,0.4%,
2021-04-13,7:30am,USD,CPI y/y,High,2.5%,1.7%,
2021-04-13,12:01pm,USD,30-y Bond Auction,Low,,2.30|2.3,
2021-04-13,2:15pm,USD,FOMC Member Bostic Speaks,Medium,,,
2021-04-13,3:30pm,USD,API Weekly Statistical Bulletin,Medium,,,
2021-04-13,6:50pm,JPY,Core Machinery Orders m/m,Medium,2.4%,-4.5%,
2021-04-14,4:34am,EUR,German 30-y Bond Auction,Medium,,0.21|1.2,
2021-04-14,7:30am,USD,Import Prices m/m,Medium,1.0%,1.3%,
2021-04-14,9:00am,EUR,ECB President Lagarde Speaks,Low,,,
2021-04-14,9:30am,GBP,MPC Member Haskel Speaks,Medium,,,
2021-04-14,9:30am,USD,Crude Oil Inventories,Low,-2.4M,-3.5M,
2021-04-14,11:00am,USD,Fed Chairman Powell Speaks,High,,,
2021-04-14,1:00pm,USD,Beige Book,Medium,,,
2021-04-14,1:30pm,USD,FOMC Member Williams Speaks,Medium,,,
2021-04-14,2:45pm,USD,FOMC Member Clarida Speaks,Medium,,,
2021-04-14,3:00pm,USD,FOMC Member Bostic Speaks,Medium,,,
2021-04-15,1:45am,EUR,French Final CPI m/m,Medium,0.6%,0.6%,
2021-04-15,3:30am,GBP,BOE Credit Conditions Survey,Medium,,,
2021-04-15,7:30am,USD,Core Retail Sales m/m,High,5.1%,-2.5%,
2021-04-15,7:30am,USD,Retail Sales m/m,High,5.8%,-2.7%,
2021-04-15,7:30am,USD,Philly Fed Manufacturing Index,Low,41.0,51.8,
2021-04-15,7:30am,USD,Unemployment Claims,Low,703K,769K,
2021-04-15,7:30am,USD,Empire State Manufacturing Index,Medium,19.3,17.4,
2021-04-15,8:15am,USD,Capacity Utilization Rate,Medium,75.6%,73.8%,
2021-04-15,8:15am,USD,Industrial Production m/m,Medium,2.7%,-2.2%,
2021-04-15,8:30am,GBP,CB Leading Index m/m,Medium,,-0.5%,
2021-04-15,9:00am,CHF,Gov Board Member Maechler Speaks,Low,,,
2021-04-15,9:00am,USD,Business Inventories m/m,Medium,0.5%,0.4%,
2021-04-15,9:00am,USD,NAHB Housing Market Index,Medium,84,82,
2021-04-15,9:30am,USD,Natural Gas Storage,Medium,67B,20B,
2021-04-15,10:30am,USD,FOMC Member Bostic Speaks,Medium,,,
2021-04-15,1:00pm,USD,FOMC Member Daly Speaks,Medium,,,
2021-04-15,3:00pm,USD,TIC Long-Term Purchases,Medium,120.5B,91.0B,
2021-04-16,3:05am,EUR,Italian Trade Balance,Medium,4.95B,1.58B,
2021-04-16,4:00am,EUR,Final Core CPI y/y,Medium,0.9%,0.9%,
2021-04-16,4:00am,EUR,Final CPI y/y,Medium,1.3%,1.3%,
2021-04-16,4:00am,EUR,Trade Balance,Medium,21.9B,28.7B,
2021-04-16,4:00am,GBP,MPC Member Cunliffe Speaks,Medium,,,
2021-04-16,All Day,EUR,ECOFIN Meetings,Medium,,,
2021-04-16,All Day,EUR,Eurogroup Meetings,Medium,,,
2021-04-16,7:30am,USD,Building Permits,Medium,1.75M,1.72M,
2021-04-16,7:30am,USD,Housing Starts,Medium,1.60M,1.46M,
2021-04-16,8:00am,USD,Treasury Currency Report,Low,,,
2021-04-16,9:00am,USD,Prelim UoM Consumer Sentiment,Low,88.9,84.9,
2021-04-16,9:00am,USD,Prelim UoM Inflation Expectations,Medium,,3.1%,
2021-04-18,6:01pm,GBP,Rightmove HPI m/m,Medium,,0.8%,
2021-04-18,6:50pm,JPY,Trade Balance,Medium,0.20T,-0.01T,
2021-04-18,11:30pm,JPY,Revised Industrial Production m/m,Medium,-2.1%,-2.1%,
2021-04-19,5:00am,EUR,German Buba Monthly Report,Medium,,,
2021-04-19,11:30pm,JPY,Tertiary Industry Activity m/m,Medium,0.6%,-1.0%,
2021-04-20,TueApr 20,GBP,Unemployment Rate,Medium,5.0%,5.0%,
2021-04-20,1:02am,GBP,Claimant Count Change,Low,24.5K,67.3K,
2021-04-20,1:02am,GBP,Average Earnings Index 3m/y,Medium,4.7%,4.8%,
2021-04-20,3:30pm,USD,API Weekly Statistical Bulletin,Medium,,,
2021-04-21,WedApr 21,GBP,PPI Input m/m,Medium,0.5%,0.9%,
2021-04-21,WedApr 21,GBP,PPI Output m/m,Medium,0.3%,0.7%,
2021-04-21,1:02am,GBP,Core CPI y/y,Medium,1.1%,0.9%,
2021-04-21,1:02am,GBP,RPI y/y,Medium,1.6%,1.4%,
2021-04-21,3:05am,GBP,MPC Member Ramsden Speaks,Medium,,,
2021-04-21,3:30am,GBP,HPI y/y,Medium,8.0%,8.0%,
2021-04-21,4:33am,EUR,German 10-y Bond Auction,Medium,,-0.36|1.5,
2021-04-21,5:30am,GBP,BOE Gov Bailey Speaks,Low,,,
2021-04-21,9:30am,USD,Crude Oil Inventories,Low,-3.7M,-5.9M,
2021-04-22,3:42am,EUR,Spanish 10-y Bond Auction,Medium,,-0.04|1.8,
2021-04-22,5:00am,GBP,CBI Industrial Order Expectations,Medium,2,-5,
2021-04-22,6:45am,EUR,Monetary Policy Statement,High,,,
2021-04-22,6:45am,EUR,Main Refinancing Rate,Low,0.00%,0.00%,
2021-04-22,7:30am,EUR,ECB Press Conference,High,,,
2021-04-22,7:30am,USD,Unemployment Claims,Low,607K,586K,
2021-04-22,8:30am,EUR,Consumer Confidence,Medium,-11,-11,
2021-04-22,9:00am,USD,CB Leading Index m/m,Medium,1.0%,-0.1%,
2021-04-22,9:00am,USD,Existing Home Sales,Medium,6.18M,6.24M,
2021-04-22,9:30am,USD,Natural Gas Storage,Medium,47B,61B,
2021-04-22,6:01pm,GBP,GfK Consumer Confidence,Medium,-12,-16,
2021-04-22,6:30pm,JPY,National Core CPI y/y,Medium,-0.2%,-0.4%,
2021-04-22,7:30pm,JPY,Flash Manufacturing PMI,Medium,53.1,52.7,
2021-04-23,FriApr 23,GBP,Public Sector Net Borrowing,Medium,21.2B,15.3B,
2021-04-23,2:15am,EUR,French Flash Services PMI,High,46.6,48.2,
2021-04-23,2:15am,EUR,French Flash Manufacturing PMI,Low,59.0,59.3,
2021-04-23,2:30am,EUR,German Flash Manufacturing PMI,High,65.8,66.6,
2021-04-23,2:30am,EUR,German Flash Services PMI,High,51.1,51.5,
2021-04-23,3:00am,EUR,Flash Manufacturing PMI,Low,62.0,62.5,
2021-04-23,3:00am,EUR,Flash Services PMI,Low,49.1,49.6,
2021-04-23,3:30am,GBP,Flash Manufacturing PMI,Low,59.0,58.9,
2021-04-23,3:30am,GBP,Flash Services PMI,Low,58.9,56.3,
2021-04-23,8:45am,USD,Flash Manufacturing PMI,Low,60.9,59.1,
2021-04-23,8:45am,USD,Flash Services PMI,Medium,61.6,60.4,
2021-04-23,9:00am,USD,New Home Sales,Medium,885K,846K,
2021-04-23,9:35am,EUR,ECB President Lagarde Speaks,Low,,,
2021-04-25,6:50pm,JPY,SPPI y/y,Medium,0.0%,0.0%,
2021-04-26,7:30am,USD,Core Durable Goods Orders m/m,Medium,1.6%,-0.3%,
2021-04-26,7:30am,USD,Durable Goods Orders m/m,Medium,2.5%,-1.2%,
2021-04-26,7:58am,EUR,Belgian NBB Business Climate,Medium,1.7,-1.0,
2021-04-26,10:02pm,JPY,BOJ Outlook Report,High,,,
2021-04-26,10:02pm,JPY,Monetary Policy Statement,Low,,,
2021-04-26,10:02pm,JPY,BOJ Policy Rate,Medium,-0.10%,-0.10%,
2021-04-26,11:59pm,JPY,BOJ Core CPI y/y,Medium,-0.2%,-0.2%,
2021-04-27,5:00am,GBP,CBI Realized Sales,Medium,9,-45,
2021-04-27,8:00am,USD,HPI m/m,Medium,1.0%,1.0%,
2021-04-27,8:00am,USD,S&P/CS Composite-20 HPI y/y,Medium,11.8%,11.1%,
2021-04-27,8:59am,USD,Richmond Manufacturing Index,Medium,22,17,
2021-04-27,9:00am,USD,CB Consumer Confidence,Low,113.1,109.0,
2021-04-27,3:30pm,USD,API Weekly Statistical Bulletin,Medium,,,
2021-04-27,6:01pm,GBP,BRC Shop Price Index y/y,Medium,,-2.4%,
2021-04-27,6:50pm,JPY,Retail Sales y/y,Medium,4.6%,-1.5%,
2021-04-28,1:00am,EUR,German GfK Consumer Climate,Medium,-4.1,-6.1,
2021-04-28,3:00am,CHF,UBS Economic Expectations,Medium,,66.7,
2021-04-28,7:30am,USD,Goods Trade Balance,Medium,-88.2B,-87.1B,
2021-04-28,7:30am,USD,Prelim Wholesale Inventories m/m,Medium,0.5%,0.6%,
2021-04-28,9:00am,EUR,ECB President Lagarde Speaks,Low,,,
2021-04-28,9:30am,USD,Crude Oil Inventories,Low,-0.9M,0.6M,
2021-04-28,1:00pm,USD,FOMC Statement,High,,,
2021-04-28,1:00pm,USD,Federal Funds Rate,Low,<0.25%,<0.25%,
2021-04-28,1:30pm,USD,FOMC Press Conference,High,,,
2021-04-28,All Day,JPY,Bank Holiday,Low,,,
2021-04-28,8:00pm,USD,President Biden Speaks,High,,,
2021-04-29,All Day,EUR,German Prelim CPI m/m,Medium,0.5%,0.5%,
2021-04-29,2:00am,EUR,Spanish Flash CPI y/y,Medium,1.9%,1.3%,
2021-04-29,2:00am,EUR,Spanish Unemployment Rate,Medium,16.5%,16.1%,
2021-04-29,2:55am,EUR,German Unemployment Change,Medium,-10K,-6K,
2021-04-29,3:00am,EUR,M3 Money Supply y/y,Medium,10.2%,12.2%,
2021-04-29,3:00am,EUR,Private Loans y/y,Medium,3.2%,3.0%,
2021-04-29,4:16am,EUR,Italian 10-y Bond Auction,Medium,,0.72|1.4,
2021-04-29,7:30am,USD,Advance GDP q/q,High,6.8%,4.3%,
2021-04-29,7:30am,USD,Advance GDP Price Index q/q,Low,2.6%,2.0%,
2021-04-29,7:30am,USD,Unemployment Claims,Low,545K,566K,
2021-04-29,9:00am,USD,Pending Home Sales m/m,Low,4.2%,-11.5%,
2021-04-29,9:30am,USD,Natural Gas Storage,Medium,8B,38B,
2021-04-29,6:30pm,JPY,Tokyo Core CPI y/y,Medium,0.0%,-0.1%,
2021-04-29,6:30pm,JPY,Unemployment Rate,Medium,2.9%,2.9%,
2021-04-29,6:50pm,JPY,Prelim Industrial Production m/m,Medium,-2.0%,-1.3%,
2021-04-29,7:30pm,JPY,Final Manufacturing PMI,Medium,51.6,52.7,
2021-04-29,11:59pm,JPY,Consumer Confidence,Medium,34.3,36.1,
2021-04-30,FriApr 30,EUR,French Flash GDP q/q,Medium,0.0%,-1.4%,
2021-04-30,12:58am,GBP,Nationwide HPI m/m,Medium,0.5%,-0.3%,
2021-04-30,1:30am,CHF,Retail Sales y/y,Medium,-5.4%,-6.6%,
2021-04-30,1:45am,EUR,French Prelim CPI m/m,Medium,0.2%,0.6%,
2021-04-30,2:00am,CHF,KOF Economic Barometer,Medium,119.5,118.0,
2021-04-30,2:00am,EUR,Spanish Flash GDP q/q,Medium,-0.5%,0.0%,
2021-04-30,2:00am,EUR,Italian Monthly Unemployment Rate,Medium,10.3%,10.2%,
2021-04-30,3:00am,CHF,SNB Chairman Jordan Speaks,Low,,,
2021-04-30,3:00am,EUR,German Prelim GDP q/q,Low,-1.5%,0.3%,
2021-04-30,3:00am,EUR,Italian Prelim GDP q/q,Medium,-0.5%,-1.9%,
2021-04-30,4:00am,EUR,Core CPI Flash Estimate y/y,Medium,0.8%,0.9%,
2021-04-30,4:00am,EUR,CPI Flash Estimate y/y,Medium,1.6%,1.3%,
2021-04-30,4:00am,EUR,Italian Prelim CPI m/m,Medium,0.3%,0.3%,
2021-04-30,4:00am,EUR,Prelim Flash GDP q/q,Medium,-0.8%,-0.7%,
2021-04-30,4:00am,EUR,Unemployment Rate,Medium,8.3%,8.2%,
2021-04-30,7:30am,USD,Core PCE Price Index m/m,Medium,0.3%,0.1%,
2021-04-30,7:30am,USD,Employment Cost Index q/q,Medium,0.7%,0.7%,
2021-04-30,7:30am,USD,Personal Income m/m,Medium,20.1%,-7.0%,
2021-04-30,7:30am,USD,Personal Spending m/m,Medium,4.3%,-1.0%,
2021-04-30,8:45am,USD,Chicago PMI,Medium,65.4,66.3,
2021-04-30,9:00am,USD,Revised UoM Consumer Sentiment,Medium,87.3,86.5,
2021-04-30,9:00am,USD,Revised UoM Inflation Expectations,Medium,,3.7%,
2021-05-02,All Day,JPY,Bank Holiday,Low,,,
2021-05-03,2:15am,EUR,Spanish Manufacturing PMI,Medium,59.1,56.9,
2021-05-03,2:30am,CHF,Manufacturing PMI,Medium,66.4,66.3,
2021-05-03,2:45am,EUR,Italian Manufacturing PMI,Medium,60.9,59.8,
2021-05-03,2:50am,EUR,French Final Manufacturing PMI,Medium,59.2,59.2,
2021-05-03,2:55am,EUR,German Final Manufacturing PMI,Medium,66.4,66.4,
2021-05-03,3:00am,EUR,Final Manufacturing PMI,Medium,63.3,63.3,
2021-05-03,All Day,GBP,Bank Holiday,Low,,,
2021-05-03,8:45am,USD,Final Manufacturing PMI,Medium,60.7,60.6,
2021-05-03,9:00am,USD,ISM Manufacturing PMI,Low,65.0,64.7,
2021-05-03,9:00am,USD,Construction Spending m/m,Medium,1.7%,-0.6%,
2021-05-03,9:00am,USD,ISM Manufacturing Prices,Medium,86.0,85.6,
2021-05-03,All Day,USD,Wards Total Vehicle Sales,Medium,17.5M,17.7M,
2021-05-03,1:00pm,USD,Loan Officer Survey,Medium,,,
2021-05-03,1:10pm,USD,FOMC Member Williams Speaks,Medium,,,
2021-05-03,1:20pm,USD,Fed Chairman Powell Speaks,High,,,
2021-05-03,All Day,JPY,Bank Holiday,Low,,,
2021-05-04,2:00am,CHF,SECO Consumer Climate,Medium,-11,-15,
2021-05-04,3:30am,GBP,Final Manufacturing PMI,Medium,60.7,60.7,
2021-05-04,3:30am,GBP,M4 Money Supply m/m,Medium,0.7%,0.8%,
2021-05-04,3:30am,GBP,Mortgage Approvals,Medium,86K,87K,
2021-05-04,3:30am,GBP,Net Lending to Individuals m/m,Medium,5.0B,5.3B,
2021-05-04,7:30am,USD,Trade Balance,Medium,-74.5B,-70.5B,
2021-05-04,8:52am,USD,RCM/TIPP Economic Optimism,Medium,56.1,56.4,
2021-05-04,9:00am,USD,Factory Orders m/m,Medium,1.3%,-0.5%,
2021-05-04,12:00pm,USD,FOMC Member Daly Speaks,Medium,,,
2021-05-04,3:30pm,USD,API Weekly Statistical Bulletin,Medium,,,
2021-05-04,All Day,JPY,Bank Holiday,Low,,,
2021-05-05,2:00am,EUR,Spanish Unemployment Change,Medium,-70.0K,-59.1K,
2021-05-05,2:15am,EUR,Spanish Services PMI,Medium,50.0,48.1,
2021-05-05,2:45am,EUR,Italian Services PMI,Medium,50.0,48.6,
2021-05-05,2:50am,EUR,French Final Services PMI,Medium,50.4,50.4,
2021-05-05,2:55am,EUR,German Final Services PMI,Medium,50.1,50.1,
2021-05-05,3:00am,EUR,Final Services PMI,Medium,50.3,50.3,
2021-05-05,4:00am,EUR,PPI m/m,Medium,1.1%,0.5%,
2021-05-05,4:05am,GBP,10-y Bond Auction,Medium,,0.89|3.0,
2021-05-05,7:15am,USD,ADP Non-Farm Employment Change,Low,872K,565K,
2021-05-05,8:30am,USD,FOMC Member Evans Speaks,Medium,,,
2021-05-05,8:45am,USD,Final Services PMI,Medium,63.1,63.1,
2021-05-05,9:00am,USD,ISM Services PMI,Low,64.2,63.7,
2021-05-05,9:30am,USD,Crude Oil Inventories,Low,-1.9M,0.1M,
2021-05-05,2:00pm,USD,FOMC Member Evans Speaks,Medium,,,
2021-05-05,6:50pm,JPY,Monetary Policy Meeting Minutes,Medium,,,
2021-05-06,3:00am,EUR,ECB Economic Bulletin,Medium,,,
2021-05-06,3:30am,GBP,Final Services PMI,Low,60.2,60.1,
2021-05-06,3:46am,EUR,Spanish 10-y Bond Auction,Medium,,0.37|1.9,
2021-05-06,3:59am,EUR,French 10-y Bond Auction,Medium,,0.00|1.7,
2021-05-06,4:00am,EUR,Retail Sales m/m,Medium,1.5%,4.2%,
2021-05-06,6:00am,GBP,Asset Purchase Facility,High,875B,875B,
2021-05-06,6:00am,GBP,BOE Monetary Policy Report,High,,,
2021-05-06,6:00am,GBP,Monetary Policy Summary,High,,,
2021-05-06,6:00am,GBP,MPC Asset Purchase Facility Votes,High,0-0-9,0-0-9,
2021-05-06,6:00am,GBP,BOE Inflation Letter,Low,,,
2021-05-06,6:00am,GBP,MPC Official Bank Rate Votes,Low,0-0-9,0-0-9,
2021-05-06,6:00am,GBP,Official Bank Rate,Low,0.10%,0.10%,
2021-05-06,6:15am,EUR,ECB President Lagarde Speaks,Low,,,
2021-05-06,6:30am,USD,Challenger Job Cuts y/y,Medium,,-86.2%,
2021-05-06,7:00am,GBP,BOE Gov Bailey Speaks,High,,,
2021-05-06,7:30am,USD,Unemployment Claims,Low,540K,590K,
2021-05-06,7:30am,USD,Prelim Nonfarm Productivity q/q,Medium,4.3%,-4.2%,
2021-05-06,7:30am,USD,Prelim Unit Labor Costs q/q,Medium,-1.1%,6.0%,
2021-05-06,8:00am,USD,FOMC Member Williams Speaks,Medium,,,
2021-05-06,9:30am,USD,Natural Gas Storage,Medium,68B,15B,
2021-05-06,12:00pm,USD,FOMC Member Bostic Speaks,Medium,,,
2021-05-06,3:00pm,USD,FOMC Financial Stability Report,Medium,,,
2021-05-06,6:30pm,JPY,Average Cash Earnings y/y,Medium,-0.2%,-0.4%,
2021-05-06,6:50pm,JPY,Monetary Base y/y,Medium,21.4%,20.8%,
2021-05-07,1:00am,EUR,German Industrial Production m/m,Medium,2.1%,-1.9%,
2021-05-07,1:00am,EUR,German Trade Balance,Medium,22.3B,18.9B,
2021-05-07,1:45am,EUR,French Industrial Production m/m,Medium,2.1%,-4.8%,
2021-05-07,1:45am,EUR,French Prelim Private Payrolls q/q,Medium,-0.2%,-0.1%,
2021-05-07,1:45am,EUR,French Trade Balance,Medium,-5.4B,-5.1B,
2021-05-07,2:00am,CHF,Foreign Currency Reserves,Medium,,930B,
2021-05-07,3:00am,EUR,Italian Retail Sales m/m,Medium,-0.6%,5.9%,
2021-05-07,3:30am,GBP,Construction PMI,Medium,62.0,61.7,
2021-05-07,5:00am,EUR,ECB President Lagarde Speaks,Low,,,
2021-05-07,6:15am,GBP,MPC Member Broadbent Speaks,Low,,,
2021-05-07,7:30am,USD,Average Hourly Earnings m/m,High,0.0%,-0.1%,
2021-05-07,7:30am,USD,Non-Farm Employment Change,High,990K,770K,
2021-05-07,7:30am,USD,Unemployment Rate,High,5.8%,6.0%,
2021-05-07,8:00am,USD,FOMC Member Barkin Speaks,Medium,,,
2021-05-07,9:00am,USD,Final Wholesale Inventories m/m,Medium,1.4%,1.4%,
2021-05-07,9:00am,USD,Mortgage Delinquencies,Medium,,6.73%,
2021-05-07,10:30am,USD,President Biden Speaks,Medium,,,
2021-05-07,11:30am,USD,Treasury Sec Yellen Speaks,High,,,
2021-05-07,2:00pm,USD,Consumer Credit m/m,Medium,19.5B,26.1B,
2021-05-10,3:30am,EUR,Sentix Investor Confidence,Medium,14.9,13.1,
2021-05-10,12:15pm,USD,President Biden Speaks,Medium,,,
2021-05-10,1:00pm,USD,FOMC Member Evans Speaks,Medium,,,
2021-05-10,6:01pm,GBP,BRC Retail Sales Monitor y/y,Medium,9.3%,20.3%,
2021-05-10,6:30pm,JPY,Household Spending y/y,Medium,1.4%,-6.6%,
2021-05-10,6:50pm,JPY,BOJ Summary of Opinions,Medium,,,
2021-05-10,10:35pm,JPY,10-y Bond Auction,Medium,,0.12|3.5,
2021-05-11,3:00am,EUR,Italian Industrial Production m/m,Medium,0.5%,0.1%,
2021-05-11,4:00am,EUR,ZEW Economic Sentiment,Medium,68.0,66.3,
2021-05-11,4:00am,EUR,German ZEW Economic Sentiment,Medium,72.0,70.7,
2021-05-11,5:00am,USD,NFIB Small Business Index,Medium,100.7,98.2,
2021-05-11,9:00am,USD,JOLTS Job Openings,Medium,7.50M,7.53M,
2021-05-11,9:30am,GBP,BOE Gov Bailey Speaks,High,,,
2021-05-11,9:30am,USD,FOMC Member Williams Speaks,Medium,,,
2021-05-11,11:00am,USD,FOMC Member Brainard Speaks,Medium,,,
2021-05-11,12:00pm,USD,FOMC Member Daly Speaks,Medium,,,
2021-05-11,12:15pm,USD,FOMC Member Bostic Speaks,Medium,,,
2021-05-11,3:30pm,USD,API Weekly Statistical Bulletin,Medium,,,
2021-05-12,1:00am,EUR,German Final CPI m/m,Medium,0.7%,0.7%,
2021-05-12,1:00am,GBP,Prelim GDP q/q,Low,-1.6%,1.3%,
2021-05-12,1:00am,GBP,Construction Output m/m,Medium,1.1%,2.3%,
2021-05-12,1:00am,GBP,GDP m/m,Medium,1.5%,0.7%,
2021-05-12,1:00am,GBP,Goods Trade Balance,Medium,-14.2B,-10.5B,
2021-05-12,1:00am,GBP,Index of Services 3m/3m,Medium,-1.7%,-2.1%,
2021-05-12,1:00am,GBP,Industrial Production m/m,Medium,1.0%,1.0%,
2021-05-12,1:00am,GBP,Manufacturing Production m/m,Medium,1.0%,1.5%,
2021-05-12,1:00am,GBP,Prelim Business Investment q/q,Medium,-2.5%,5.9%,
2021-05-12,1:45am,EUR,French Final CPI m/m,Medium,0.2%,0.2%,
2021-05-12,4:00am,EUR,EU Economic Forecasts,Low,,,
2021-05-12,4:00am,EUR,Industrial Production m/m,Medium,0.8%,-1.2%,
2021-05-12,7:30am,USD,Core CPI m/m,High,0.3%,0.3%,
2021-05-12,7:30am,USD,CPI m/m,High,0.2%,0.6%,
2021-05-12,7:30am,USD,CPI y/y,High,3.6%,2.6%,
2021-05-12,7:46am,GBP,NIESR GDP Estimate,Medium,,-1.5%,
2021-05-12,8:00am,USD,FOMC Member Clarida Speaks,Medium,,,
2021-05-12,9:00am,GBP,BOE Gov Bailey Speaks,High,,,
2021-05-12,9:30am,USD,Crude Oil Inventories,Low,-2.1M,-8.0M,
2021-05-12,12:00pm,USD,FOMC Member Bostic Speaks,Medium,,,
2021-05-12,12:03pm,USD,10-y Bond Auction,Low,,1.68|2.4,
2021-05-12,1:00pm,USD,Federal Budget Balance,Medium,-212.5B,-659.6B,
2021-05-12,6:01pm,GBP,RICS House Price Balance,Medium,62%,62%,
2021-05-12,6:50pm,JPY,Bank Lending y/y,Medium,6.3%,6.2%,
2021-05-12,6:50pm,JPY,Current Account,Medium,1.87T,1.84T,
2021-05-12,10:35pm,JPY,30-y Bond Auction,Medium,,0.69|3.1,
2021-05-13,All Day,CHF,Bank Holiday,Low,,,
2021-05-13,All Day,EUR,French Bank Holiday,Low,,,
2021-05-13,All Day,EUR,German Bank Holiday,Low,,,
2021-05-13,7:00am,GBP,MPC Member Cunliffe Speaks,Medium,,,
2021-05-13,7:30am,USD,Unemployment Claims,Low,487K,507K,
2021-05-13,7:30am,USD,Core PPI m/m,Medium,0.4%,0.7%,
2021-05-13,7:30am,USD,PPI m/m,Medium,0.3%,1.0%,
2021-05-13,9:00am,USD,FOMC Member Barkin Speaks,Medium,,,
2021-05-13,9:30am,USD,Natural Gas Storage,Medium,74B,60B,
2021-05-13,11:00am,GBP,BOE Gov Bailey Speaks,Low,,,
2021-05-13,12:00pm,USD,FOMC Member Waller Speaks,Medium,,,
2021-05-13,12:01pm,USD,30-y Bond Auction,Low,,2.32|2.5,
2021-05-13,6:50pm,JPY,M2 Money Stock y/y,Medium,9.4%,9.4%,
2021-05-14,7:30am,USD,Retail Sales m/m,High,1.0%,10.7%,
2021-05-14,7:30am,USD,Import Prices m/m,Medium,0.6%,1.4%,
2021-05-14,7:32am,USD,Core Retail Sales m/m,High,0.5%,9.0%,
2021-05-14,8:15am,USD,Industrial Production m/m,Low,0.9%,2.4%,
2021-05-14,8:15am,USD,Capacity Utilization Rate,Medium,75.0%,74.4%,
2021-05-14,8:30am,GBP,CB Leading Index m/m,Medium,,-0.4%,
2021-05-14,9:00am,USD,Prelim UoM Consumer Sentiment,Low,90.2,88.3,
2021-05-14,9:00am,USD,Business Inventories m/m,Medium,0.3%,0.6%,
2021-05-14,9:00am,USD,Prelim UoM Inflation Expectations,Medium,,3.4%,
2021-05-16,6:01pm,GBP,Rightmove HPI m/m,Medium,,2.1%,
2021-05-16,6:50pm,JPY,PPI y/y,Medium,3.1%,1.2%,
2021-05-17,1:30am,CHF,PPI m/m,Medium,0.2%,0.6%,
2021-05-17,7:30am,USD,Empire State Manufacturing Index,Medium,23.9,26.3,
2021-05-17,9:00am,USD,NAHB Housing Market Index,Medium,83,83,
2021-05-17,9:05am,USD,FOMC Member Clarida Speaks,Medium,,,
2021-05-17,9:15am,GBP,MPC Member Tenreyro Speaks,Medium,,,
2021-05-17,9:25am,USD,FOMC Member Bostic Speaks,Medium,,,
2021-05-17,9:25am,USD,FOMC Member Clarida Speaks,Medium,,,
2021-05-17,10:30am,GBP,MPC Member Vlieghe Speaks,Medium,,,
2021-05-17,11:30am,GBP,MPC Member Haldane Speaks,Medium,,,
2021-05-17,3:00pm,USD,TIC Long-Term Purchases,Medium,67.0B,4.3B,
2021-05-17,6:50pm,JPY,Prelim GDP Price Index y/y,Medium,-0.1%,0.3%,
2021-05-17,6:50pm,JPY,Prelim GDP q/q,Medium,-1.1%,2.8%,
2021-05-17,11:30pm,JPY,Tertiary Industry Activity m/m,Medium,0.8%,-0.3%,
2021-05-18,TueMay 18,GBP,Claimant Count Change,Medium,25.6K,-19.4K,
2021-05-18,TueMay 18,GBP,Unemployment Rate,Medium,4.9%,4.9%,
2021-05-18,3:00am,EUR,Italian Trade Balance,Medium,4.40B,4.75B,
2021-05-18,4:00am,EUR,Flash Employment Change q/q,Medium,0.1%,0.4%,
2021-05-18,4:00am,EUR,Flash GDP q/q,Medium,-0.6%,-0.6%,
2021-05-18,4:00am,EUR,Trade Balance,Medium,20.3B,23.1B,
2021-05-18,7:30am,USD,Building Permits,Medium,1.77M,1.76M,
2021-05-18,7:30am,USD,Housing Starts,Medium,1.71M,1.73M,
2021-05-18,9:00am,GBP,BOE Gov Bailey Speaks,High,,,
2021-05-18,10:00am,CHF,SNB Chairman Jordan Speaks,Low,,,
2021-05-18,11:30am,USD,FOMC Member Bostic Speaks,Medium,,,
2021-05-18,3:30pm,USD,API Weekly Statistical Bulletin,Medium,,,
2021-05-18,11:30pm,JPY,Revised Industrial Production m/m,Medium,2.2%,2.2%,
2021-05-19,WedMay 19,GBP,Core CPI y/y,Medium,1.3%,1.1%,
2021-05-19,WedMay 19,GBP,PPI Input m/m,Medium,1.0%,1.9%,
2021-05-19,WedMay 19,GBP,PPI Output m/m,Medium,0.4%,0.8%,
2021-05-19,WedMay 19,GBP,RPI y/y,Medium,2.4%,1.5%,
2021-05-19,3:00am,EUR,ECB Financial Stability Review,Low,,,
2021-05-19,3:30am,GBP,HPI y/y,Medium,7.6%,9.2%,
2021-05-19,4:00am,EUR,Final Core CPI y/y,Medium,0.8%,0.8%,
2021-05-19,4:00am,EUR,Final CPI y/y,Medium,1.6%,1.6%,
2021-05-19,4:35am,EUR,German 10-y Bond Auction,Medium,,-0.25|1.7,
2021-05-19,9:30am,USD,Crude Oil Inventories,Low,1.5M,-0.4M,
2021-05-19,10:35am,USD,FOMC Member Bostic Speaks,Medium,,,
2021-05-19,1:00pm,USD,FOMC Meeting Minutes,Low,,,
2021-05-19,6:50pm,JPY,Core Machinery Orders m/m,Medium,5.1%,-8.5%,
2021-05-19,6:50pm,JPY,Trade Balance,Medium,0.07T,0.37T,
2021-05-20,3:00am,EUR,Current Account,Medium,24.3B,25.9B,
2021-05-20,3:45am,EUR,Spanish 10-y Bond Auction,Medium,,0.43|1.6,
2021-05-20,4:05am,GBP,MPC Member Cunliffe Speaks,Medium,,,
2021-05-20,5:00am,GBP,CBI Industrial Order Expectations,Medium,0,-8,
2021-05-20,7:00am,EUR,ECB President Lagarde Speaks,Medium,,,
2021-05-20,7:30am,USD,Philly Fed Manufacturing Index,Low,40.8,50.2,
2021-05-20,7:30am,USD,Unemployment Claims,Low,453K,478K,
2021-05-20,9:00am,USD,CB Leading Index m/m,Medium,1.3%,1.3%,
2021-05-20,9:30am,USD,Natural Gas Storage,Medium,60B,71B,
2021-05-20,6:01pm,GBP,GfK Consumer Confidence,Medium,-12,-15,
2021-05-20,6:30pm,JPY,National Core CPI y/y,Medium,-0.2%,-0.1%,
2021-05-20,7:30pm,JPY,Flash Manufacturing PMI,Medium,53.0,53.6,
2021-05-21,2:15am,EUR,French Flash Manufacturing PMI,Low,58.6,58.9,
2021-05-21,2:15am,EUR,French Flash Services PMI,Low,53.0,50.3,
2021-05-21,2:30am,EUR,German Flash Manufacturing PMI,High,66.0,66.2,
2021-05-21,2:30am,EUR,German Flash Services PMI,High,52.0,49.9,
2021-05-21,3:00am,EUR,Flash Manufacturing PMI,Low,62.5,62.9,
2021-05-21,3:00am,EUR,Flash Services PMI,Low,52.5,50.5,
2021-05-21,3:30am,GBP,Flash Manufacturing PMI,Low,60.7,60.9,
2021-05-21,3:30am,GBP,Flash Services PMI,Low,62.2,61.0,
2021-05-21,All Day,EUR,Eurogroup Meetings,Medium,,,
2021-05-21,5:00am,EUR,German Buba Monthly Report,Medium,,,
2021-05-21,6:00am,EUR,ECB President Lagarde Speaks,Low,,,
2021-05-21,8:32am,EUR,Consumer Confidence,Medium,-7,-8,
2021-05-21,8:45am,CHF,Gov Board Member Maechler Speaks,Medium,,,
2021-05-21,8:45am,USD,Flash Manufacturing PMI,Low,60.0,60.5,
2021-05-21,8:45am,USD,Flash Services PMI,Medium,64.3,64.7,
2021-05-21,9:00am,USD,Existing Home Sales,Medium,6.09M,6.01M,
2021-05-21,12:30pm,USD,FOMC Member Daly Speaks,Medium,,,
2021-05-24,All Day,EUR,French Bank Holiday,Low,,,
2021-05-24,All Day,EUR,German Bank Holiday,Low,,,
2021-05-24,6:06am,JPY,BOJ Gov Kuroda Speaks,Low,,,
2021-05-24,8:00am,USD,FOMC Member Brainard Speaks,Medium,,,
2021-05-24,9:30am,GBP,Monetary Policy Report Hearings,High,,,
2021-05-24,11:00am,USD,FOMC Member Bostic Speaks,Medium,,,
2021-05-25,1:00am,EUR,German Final GDP q/q,Medium,-1.7%,-1.7%,
2021-05-25,1:00am,GBP,Public Sector Net Borrowing,Medium,32.9B,25.5B,
2021-05-25,3:00am,EUR,German ifo Business Climate,Low,98.2,96.6,
2021-05-25,5:00am,GBP,CBI Realized Sales,Medium,24,20,
2021-05-25,8:00am,EUR,Belgian NBB Business Climate,Medium,5.6,4.4,
2021-05-25,8:00am,USD,HPI m/m,Medium,1.1%,1.1%,
2021-05-25,8:00am,USD,S&P/CS Composite-20 HPI y/y,Medium,12.6%,12.0%,
2021-05-25,8:40am,USD,FOMC Member Evans Speaks,Medium,,,
2021-05-25,8:59am,USD,Richmond Manufacturing Index,Medium,19,17,
2021-05-25,9:00am,USD,CB Consumer Confidence,Low,119.0,117.5,
2021-05-25,9:00am,USD,FOMC Member Quarles Speaks,Medium,,,
2021-05-25,9:00am,USD,New Home Sales,Medium,950K,917K,
2021-05-25,11:00am,GBP,MPC Member Tenreyro Speaks,Medium,,,
2021-05-25,3:30pm,USD,API Weekly Statistical Bulletin,Medium,,,
2021-05-25,6:50pm,JPY,SPPI y/y,Medium,0.9%,0.7%,
2021-05-26,9:00am,USD,FOMC Member Quarles Speaks,Medium,,,
2021-05-26,9:30am,USD,Crude Oil Inventories,Low,-1.0M,1.3M,
2021-05-26,2:00pm,USD,FOMC Member Quarles Speaks,Medium,,,
2021-05-27,ThuMay 27,EUR,German GfK Consumer Climate,Medium,-5.3,-8.6,
2021-05-27,6:00am,GBP,MPC Member Vlieghe Speaks,Medium,,,
2021-05-27,7:00am,EUR,German Buba President Weidmann Speaks,Medium,,,
2021-05-27,7:30am,USD,Prelim GDP q/q,High,6.5%,6.4%,
2021-05-27,7:30am,USD,Unemployment Claims,Low,427K,444K,
2021-05-27,7:30am,USD,Core Durable Goods Orders m/m,Medium,0.8%,1.9%,
2021-05-27,7:30am,USD,Durable Goods Orders m/m,Medium,0.8%,0.8%,
2021-05-27,7:30am,USD,Prelim GDP Price Index q/q,Medium,4.1%,4.1%,
2021-05-27,9:00am,USD,Pending Home Sales m/m,Low,0.6%,1.7%,
2021-05-27,9:30am,USD,Natural Gas Storage,Medium,105B,71B,
2021-05-27,6:30pm,JPY,Tokyo Core CPI y/y,Medium,-0.2%,-0.2%,
2021-05-27,6:30pm,JPY,Unemployment Rate,Medium,2.7%,2.6%,
2021-05-28,1:45am,EUR,French Consumer Spending m/m,Medium,-4.1%,-0.3%,
2021-05-28,1:45am,EUR,French Prelim CPI m/m,Medium,0.3%,0.1%,
2021-05-28,1:45am,EUR,French Prelim GDP q/q,Medium,0.4%,0.4%,
2021-05-28,2:00am,CHF,KOF Economic Barometer,Medium,132.2,136.4,
2021-05-28,4:15am,EUR,Italian 10-y Bond Auction,Medium,,0.88|1.4,
2021-05-28,7:30am,USD,Core PCE Price Index m/m,Low,0.6%,0.4%,
2021-05-28,7:30am,USD,Goods Trade Balance,Medium,-92.0B,-92.0B,
2021-05-28,7:30am,USD,Personal Income m/m,Medium,-14.2%,20.9%,
2021-05-28,7:30am,USD,Personal Spending m/m,Medium,0.5%,4.7%,
2021-05-28,7:30am,USD,Prelim Wholesale Inventories m/m,Medium,0.7%,1.3%,
2021-05-28,8:45am,USD,Chicago PMI,Low,67.9,72.1,
2021-05-28,9:00am,USD,Revised UoM Consumer Sentiment,Medium,83.1,82.8,
2021-05-28,9:00am,USD,Revised UoM Inflation Expectations,Medium,,4.6%,
2021-05-30,SunMay 30,JPY,Retail Sales y/y,Medium,15.4%,5.2%,
2021-05-30,11:59pm,JPY,Consumer Confidence,Medium,33.2,34.7,
2021-05-31,All Day,EUR,German Prelim CPI m/m,Medium,0.3%,0.7%,
2021-05-31,2:00am,EUR,Spanish Flash CPI y/y,Medium,2.4%,2.2%,
2021-05-31,3:00am,EUR,M3 Money Supply y/y,Medium,9.6%,10.0%,
2021-05-31,3:00am,EUR,Private Loans y/y,Medium,3.4%,3.3%,
2021-05-31,All Day,GBP,Bank Holiday,Low,,,
2021-05-31,4:00am,EUR,Italian Prelim CPI m/m,Medium,0.1%,0.4%,
2021-05-31,All Day,USD,Bank Holiday,Low,,,
2021-05-31,6:50pm,JPY,Capital Spending q/y,Medium,-6.7%,-4.8%,
2021-05-31,7:30pm,JPY,Final Manufacturing PMI,Medium,52.5,52.5,
2021-06-01,1:30am,CHF,Retail Sales y/y,Medium,15.4%,23.1%,
2021-06-01,2:00am,CHF,GDP q/q,Medium,-0.4%,0.1%,
2021-06-01,2:15am,EUR,Spanish Manufacturing PMI,Medium,59.3,57.7,
2021-06-01,2:30am,CHF,Manufacturing PMI,Medium,70.0,69.5,
2021-06-01,2:45am,EUR,Italian Manufacturing PMI,Medium,62.0,60.7,
2021-06-01,2:50am,EUR,French Final Manufacturing PMI,Medium,59.2,59.2,
2021-06-01,2:55am,EUR,German Final Manufacturing PMI,Low,64.0,64.0,
2021-06-01,2:55am,EUR,German Unemployment Change,Medium,-9K,8K,
2021-06-01,3:00am,EUR,Final Manufacturing PMI,Medium,62.8,62.8,
2021-06-01,3:02am,EUR,Italian Monthly Unemployment Rate,Medium,10.1%,10.4%,
2021-06-01,3:30am,GBP,Final Manufacturing PMI,Medium,66.1,66.1,
2021-06-01,4:00am,EUR,Core CPI Flash Estimate y/y,Medium,0.9%,0.7%,
2021-06-01,4:00am,EUR,CPI Flash Estimate y/y,Medium,1.9%,1.6%,
2021-06-01,4:00am,EUR,Unemployment Rate,Medium,8.1%,8.1%,
2021-06-01,8:45am,USD,Final Manufacturing PMI,Medium,61.5,61.5,
2021-06-01,9:00am,USD,ISM Manufacturing PMI,High,60.8,60.7,
2021-06-01,9:00am,USD,Construction Spending m/m,Medium,0.5%,1.0%,
2021-06-01,9:00am,USD,FOMC Member Quarles Speaks,Medium,,,
2021-06-01,9:00am,USD,ISM Manufacturing Prices,Medium,88.9,89.6,
2021-06-01,10:00am,GBP,BOE Gov Bailey Speaks,High,,,
2021-06-01,1:00pm,USD,FOMC Member Brainard Speaks,Low,,,
2021-06-01,6:01pm,GBP,BRC Shop Price Index y/y,Medium,,-1.3%,
2021-06-01,6:50pm,JPY,Monetary Base y/y,Medium,25.2%,24.3%,
2021-06-02,1:45am,EUR,French Gov Budget Balance,Medium,,-60.1B,
2021-06-02,2:00am,EUR,Spanish Unemployment Change,Medium,-115.2K,-39.0K,
2021-06-02,All Day,EUR,Italian Bank Holiday,Low,,,
2021-06-02,3:30am,GBP,M4 Money Supply m/m,Medium,0.7%,0.7%,
2021-06-02,3:30am,GBP,Mortgage Approvals,Medium,80K,83K,
2021-06-02,3:30am,GBP,Net Lending to Individuals m/m,Medium,7.4B,11.1B,
2021-06-02,4:00am,EUR,PPI m/m,Medium,0.9%,1.1%,
2021-06-02,4:24am,GBP,10-y Bond Auction,Medium,,0.92|2.7,
2021-06-02,8:45am,USD,RCM/TIPP Economic Optimism,Medium,55.8,54.4,
2021-06-02,All Day,USD,Wards Total Vehicle Sales,Medium,17.4M,18.5M,
2021-06-02,10:45am,EUR,German Buba President Weidmann Speaks,Medium,,,
2021-06-02,1:00pm,USD,Beige Book,Medium,,,
2021-06-02,1:00pm,USD,FOMC Member Bostic Speaks,Medium,,,
2021-06-02,1:00pm,USD,FOMC Member Evans Speaks,Medium,,,
2021-06-02,3:30pm,USD,API Weekly Statistical Bulletin,Medium,,,
2021-06-02,10:35pm,JPY,10-y Bond Auction,Medium,,0.07|3.0,
2021-06-03,2:45am,EUR,Italian Services PMI,Medium,52.4,47.3,
2021-06-03,2:50am,EUR,French Final Services PMI,Medium,56.6,56.6,
2021-06-03,2:55am,EUR,German Final Services PMI,Medium,52.8,52.8,
2021-06-03,3:00am,EUR,Final Services PMI,Medium,55.2,55.1,
2021-06-03,3:30am,GBP,Final Services PMI,Medium,61.8,61.8,
2021-06-03,4:00am,EUR,French 10-y Bond Auction,Medium,,0.13|1.7,
2021-06-03,6:30am,USD,Challenger Job Cuts y/y,Medium,,-96.6%,
2021-06-03,7:15am,USD,ADP Non-Farm Employment Change,Low,645K,654K,
2021-06-03,7:30am,USD,Unemployment Claims,Low,400K,405K,
2021-06-03,7:30am,USD,Revised Nonfarm Productivity q/q,Medium,5.5%,5.4%,
2021-06-03,7:30am,USD,Revised Unit Labor Costs q/q,Medium,-0.4%,-0.3%,
2021-06-03,8:45am,USD,Final Services PMI,Medium,70.1,70.1,
2021-06-03,9:00am,USD,ISM Services PMI,High,63.0,62.7,
2021-06-03,9:30am,USD,Natural Gas Storage,Medium,95B,115B,
2021-06-03,10:00am,USD,Crude Oil Inventories,Low,-1.0M,-1.7M,
2021-06-03,11:00am,GBP,BOE Gov Bailey Speaks,Low,,,
2021-06-03,11:30am,USD,FOMC Member Bostic Speaks,Medium,,,
2021-06-03,2:05pm,USD,FOMC Member Quarles Speaks,Medium,,,
2021-06-03,6:30pm,JPY,Household Spending y/y,Medium,8.6%,6.2%,
2021-06-04,3:30am,GBP,Construction PMI,Medium,61.9,61.6,
2021-06-04,4:00am,EUR,Retail Sales m/m,Medium,-1.4%,3.3%,
2021-06-04,6:00am,EUR,ECB President Lagarde Speaks,Low,,,
2021-06-04,6:00am,USD,Fed Chairman Powell Speaks,High,,,
2021-06-04,7:30am,USD,Average Hourly Earnings m/m,High,0.2%,0.7%,
2021-06-04,7:30am,USD,Non-Farm Employment Change,High,645K,278K,
2021-06-04,7:30am,USD,Unemployment Rate,High,5.9%,6.1%,
2021-06-04,9:00am,USD,Factory Orders m/m,Medium,-0.3%,1.4%,
2021-06-04,9:38am,USD,President Biden Speaks,Medium,,,
2021-06-07,12:45am,CHF,Unemployment Rate,Medium,3.1%,3.2%,
2021-06-07,12:58am,EUR,German Factory Orders m/m,Medium,0.4%,3.9%,
2021-06-07,1:30am,CHF,CPI m/m,Medium,0.3%,0.2%,
2021-06-07,2:00am,CHF,Foreign Currency Reserves,Medium,,914B,
2021-06-07,2:30am,GBP,Halifax HPI m/m,Medium,1.0%,1.5%,
2021-06-07,3:30am,EUR,Sentix Investor Confidence,Medium,25.5,21.0,
2021-06-07,2:00pm,USD,Consumer Credit m/m,Medium,19.5B,18.6B,
2021-06-07,6:01pm,GBP,BRC Retail Sales Monitor y/y,Medium,29.5%,39.6%,
2021-06-07,6:30pm,JPY,Average Cash Earnings y/y,Medium,0.8%,0.6%,
2021-06-07,6:50pm,JPY,Bank Lending y/y,Medium,5.6%,4.8%,
2021-06-07,6:50pm,JPY,Current Account,Medium,1.60T,1.70T,
2021-06-07,6:50pm,JPY,Final GDP q/q,Medium,-1.2%,-1.3%,
2021-06-07,6:54pm,JPY,Final GDP Price Index y/y,Medium,-0.2%,-0.2%,
2021-06-07,10:35pm,JPY,30-y Bond Auction,Medium,,0.65|3.1,
2021-06-07,11:59pm,JPY,Economy Watchers Sentiment,Medium,33.9,39.1,
2021-06-08,1:45am,EUR,French Trade Balance,Medium,-5.3B,-6.1B,
2021-06-08,3:00am,EUR,Italian Retail Sales m/m,Medium,0.2%,0.0%,
2021-06-08,4:00am,EUR,ZEW Economic Sentiment,Low,85.5,84.0,
2021-06-08,4:00am,EUR,German ZEW Economic Sentiment,Low,86.0,84.4,
2021-06-08,4:00am,EUR,Final Employment Change q/q,Medium,-0.3%,-0.3%,
2021-06-08,4:00am,EUR,Revised GDP q/q,Medium,-0.6%,-0.6%,
2021-06-08,5:00am,USD,NFIB Small Business Index,Medium,101.2,99.8,
2021-06-08,7:30am,USD,Trade Balance,Medium,-68.5B,-75.0B,
2021-06-08,8:00am,GBP,MPC Member Haldane Speaks,Medium,,,
2021-06-08,9:00am,USD,JOLTS Job Openings,Medium,8.18M,8.29M,
2021-06-08,3:30pm,USD,API Weekly Statistical Bulletin,Medium,,,
2021-06-08,6:50pm,JPY,M2 Money Stock y/y,Medium,8.5%,9.2%,
2021-06-09,1:02am,JPY,Prelim Machine Tool Orders y/y,Medium,,120.8%,
2021-06-09,4:35am,EUR,German 30-y Bond Auction,Medium,,0.22|1.3,
2021-06-09,9:00am,USD,Final Wholesale Inventories m/m,Medium,0.8%,0.8%,
2021-06-09,9:30am,USD,Crude Oil Inventories,Low,-3.3M,-5.1M,
2021-06-09,12:01pm,USD,10-y Bond Auction,Low,,1.68|2.5,
2021-06-09,6:01pm,GBP,RICS House Price Balance,Medium,77%,76%,
2021-06-09,6:50pm,JPY,PPI y/y,Medium,4.5%,3.8%,
2021-06-10,1:45am,EUR,French Industrial Production m/m,Medium,0.5%,1.0%,
2021-06-10,3:00am,EUR,Italian Industrial Production m/m,Medium,0.3%,0.3%,
2021-06-10,6:45am,EUR,Monetary Policy Statement,High,,,
2021-06-10,6:45am,EUR,Main Refinancing Rate,Low,0.00%,0.00%,
2021-06-10,7:05am,GBP,MPC Member Haldane Speaks,Medium,,,
2021-06-10,7:30am,EUR,ECB Press Conference,High,,,
2021-06-10,7:30am,USD,Core CPI m/m,High,0.5%,0.9%,
2021-06-10,7:30am,USD,CPI m/m,High,0.4%,0.8%,
2021-06-10,7:30am,USD,CPI y/y,High,4.7%,4.2%,
2021-06-10,7:30am,USD,Unemployment Claims,Low,370K,385K,
2021-06-10,9:30am,USD,Natural Gas Storage,Medium,99B,98B,
2021-06-10,12:01pm,USD,30-y Bond Auction,Low,,2.40|2.2,
2021-06-10,1:00pm,USD,Federal Budget Balance,Medium,-245.0B,-225.6B,
2021-06-10,6:50pm,JPY,BSI Manufacturing Index,Medium,1.9,1.6,
2021-06-11,FriJun 11,GBP,Construction Output m/m,Medium,1.0%,5.8%,
2021-06-11,FriJun 11,GBP,GDP m/m,Medium,2.4%,2.1%,
2021-06-11,FriJun 11,GBP,Goods Trade Balance,Medium,-11.8B,-11.7B,
2021-06-11,FriJun 11,GBP,Index of Services 3m/3m,Medium,1.3%,-2.0%,
2021-06-11,FriJun 11,GBP,Industrial Production m/m,Medium,1.2%,1.8%,
2021-06-11,FriJun 11,GBP,Manufacturing Production m/m,Medium,1.5%,2.1%,
2021-06-11,3:00am,EUR,Italian Quarterly Unemployment Rate,Medium,10.5%,10.0%,
2021-06-11,3:30am,GBP,BOE Gov Bailey Speaks,High,,,
2021-06-11,7:32am,GBP,NIESR GDP Estimate,Medium,,1.5%,
2021-06-11,9:00am,USD,Prelim UoM Consumer Sentiment,Low,84.1,82.9,
2021-06-11,9:00am,USD,Prelim UoM Inflation Expectations,Medium,,4.6%,
2021-06-13,11:30pm,JPY,Revised Industrial Production m/m,Medium,2.5%,2.5%,
2021-06-14,4:00am,EUR,Industrial Production m/m,Medium,0.4%,0.4%,
2021-06-14,8:00am,GBP,BOE Gov Bailey Speaks,Low,,,
2021-06-14,8:30am,GBP,CB Leading Index m/m,Medium,,0.1%,
2021-06-14,11:30pm,JPY,Tertiary Industry Activity m/m,Medium,-0.7%,2.4%,
2021-06-15,TueJun 15,GBP,Average Earnings Index 3m/y,Medium,4.9%,4.3%,
2021-06-15,TueJun 15,GBP,Claimant Count Change,Medium,25.0K,-55.8K,
2021-06-15,TueJun 15,GBP,Unemployment Rate,Medium,4.7%,4.8%,
2021-06-15,1:45am,EUR,French Final CPI m/m,Medium,0.3%,0.3%,
2021-06-15,2:00am,CHF,SECO Economic Forecasts,Medium,,,
2021-06-15,4:00am,EUR,Trade Balance,Medium,14.9B,18.3B,
2021-06-15,5:30am,GBP,30-y Bond Auction,Medium,,1.30|2.2,
2021-06-15,7:15am,GBP,BOE Gov Bailey Speaks,High,,,
2021-06-15,7:30am,USD,Core Retail Sales m/m,High,0.4%,0.0%,
2021-06-15,7:30am,USD,PPI m/m,High,0.5%,0.6%,
2021-06-15,7:30am,USD,Retail Sales m/m,High,-0.6%,0.9%,
2021-06-15,7:30am,USD,Core PPI m/m,Low,0.5%,0.7%,
2021-06-15,7:30am,USD,Empire State Manufacturing Index,Medium,22.2,24.3,
2021-06-15,8:15am,USD,Industrial Production m/m,Low,0.6%,0.1%,
2021-06-15,8:15am,USD,Capacity Utilization Rate,Medium,75.2%,74.6%,
2021-06-15,9:00am,USD,Business Inventories m/m,Medium,-0.1%,0.2%,
2021-06-15,9:00am,USD,NAHB Housing Market Index,Medium,83,83,
2021-06-15,3:00pm,USD,TIC Long-Term Purchases,Medium,119.5B,262.4B,
2021-06-15,3:30pm,USD,API Weekly Statistical Bulletin,Medium,,,
2021-06-15,6:50pm,JPY,Core Machinery Orders m/m,Medium,2.6%,3.7%,
2021-06-15,6:50pm,JPY,Trade Balance,Medium,0.24T,0.08T,
2021-06-16,WedJun 16,GBP,Core CPI y/y,Medium,1.5%,1.3%,
2021-06-16,WedJun 16,GBP,PPI Input m/m,Medium,1.0%,1.2%,
2021-06-16,WedJun 16,GBP,PPI Output m/m,Medium,0.4%,0.4%,
2021-06-16,WedJun 16,GBP,RPI y/y,Medium,3.3%,2.9%,
2021-06-16,3:30am,GBP,HPI y/y,Medium,12.1%,9.9%,
2021-06-16,4:33am,EUR,German 10-y Bond Auction,Medium,,-0.09|1.3,
2021-06-16,7:30am,USD,Building Permits,Medium,1.73M,1.73M,
2021-06-16,7:30am,USD,Housing Starts,Medium,1.64M,1.52M,
2021-06-16,7:30am,USD,Import Prices m/m,Medium,0.8%,0.8%,
2021-06-16,9:00am,USD,Treasury Sec Yellen Speaks,High,,,
2021-06-16,9:30am,USD,Crude Oil Inventories,Low,-2.1M,-5.2M,
2021-06-16,1:00pm,USD,FOMC Economic Projections,High,,,
2021-06-16,1:00pm,USD,FOMC Statement,High,,,
2021-06-16,1:00pm,USD,Federal Funds Rate,Low,<0.25%,<0.25%,
2021-06-16,1:30pm,USD,FOMC Press Conference,High,,,
2021-06-16,11:30pm,CHF,SNB Financial Stability Report,Medium,,,
2021-06-17,2:30am,CHF,SNB Monetary Policy Assessment,High,,,
2021-06-17,2:30am,CHF,SNB Policy Rate,Low,-0.75%,-0.75%,
2021-06-17,3:00am,CHF,SNB Press Conference,High,,,
2021-06-17,3:00am,EUR,Italian Trade Balance,Medium,6.23B,5.19B,
2021-06-17,4:00am,EUR,Final Core CPI y/y,Medium,0.9%,0.9%,
2021-06-17,4:00am,EUR,Final CPI y/y,Medium,2.0%,2.0%,
2021-06-17,All Day,EUR,Eurogroup Meetings,Medium,,,
2021-06-17,7:30am,USD,Philly Fed Manufacturing Index,Low,30.3,31.5,
2021-06-17,7:30am,USD,Unemployment Claims,Low,360K,375k,
2021-06-17,9:00am,USD,CB Leading Index m/m,Medium,1.3%,1.3%,
2021-06-17,9:30am,USD,Natural Gas Storage,Medium,71B,98B,
2021-06-17,6:30pm,JPY,National Core CPI y/y,Medium,0.0%,-0.1%,
2021-06-17,10:30pm,JPY,Monetary Policy Statement,Low,,,
2021-06-17,10:30pm,JPY,BOJ Policy Rate,Medium,-0.10%,-0.10%,
2021-06-18,FriJun 18,GBP,Retail Sales m/m,Low,1.5%,9.2%,
2021-06-18,1:30am,JPY,BOJ Press Conference,Low,,,
2021-06-18,3:00am,EUR,Current Account,Medium,20.3B,17.8B,
2021-06-18,3:30am,GBP,Consumer Inflation Expectations,Medium,,2.7%,
2021-06-18,All Day,EUR,ECOFIN Meetings,Medium,,,
2021-06-21,7:30am,EUR,ECB President Lagarde Speaks,Medium,,,
2021-06-21,9:15am,EUR,ECB President Lagarde Speaks,High,,,
2021-06-21,2:00pm,USD,FOMC Member Williams Speaks,Medium,,,
2021-06-21,11:59pm,JPY,BOJ Core CPI y/y,Medium,0.0%,-0.1%,
2021-06-22,5:00am,GBP,CBI Industrial Order Expectations,Medium,16,17,
2021-06-22,8:59am,USD,Richmond Manufacturing Index,Medium,18,18,
2021-06-22,9:00am,EUR,Consumer Confidence,Medium,-3,-5,
2021-06-22,9:00am,USD,Existing Home Sales,Medium,5.71M,5.85M,
2021-06-22,10:00am,USD,FOMC Member Daly Speaks,Medium,,,
2021-06-22,1:00pm,USD,Fed Chairman Powell Testifies,High,,,
2021-06-22,3:30pm,USD,API Weekly Statistical Bulletin,Medium,,,
2021-06-22,6:50pm,JPY,Monetary Policy Meeting Minutes,Medium,,,
2021-06-22,7:30pm,JPY,Flash Manufacturing PMI,Medium,53.2,53.0,
2021-06-23,WedJun 23,EUR,French Flash Services PMI,Low,59.6,56.6,
2021-06-23,2:30am,EUR,German Flash Manufacturing PMI,High,63.0,64.4,
2021-06-23,2:30am,EUR,German Flash Services PMI,High,55.8,52.8,
2021-06-23,3:00am,EUR,Flash Manufacturing PMI,Low,62.4,63.1,
2021-06-23,3:00am,EUR,Flash Services PMI,Low,58.1,55.2,
2021-06-23,3:30am,GBP,Flash Manufacturing PMI,Low,64.1,65.6,
2021-06-23,3:30am,GBP,Flash Services PMI,Low,62.9,62.9,
2021-06-23,7:30am,USD,Current Account,Medium,-205B,-175B,
2021-06-23,8:00am,CHF,SNB Quarterly Bulletin,Medium,,,
2021-06-23,8:00am,USD,FOMC Member Bowman Speaks,Medium,,,
2021-06-23,8:45am,USD,Flash Manufacturing PMI,High,61.5,62.1,
2021-06-23,8:45am,USD,Flash Services PMI,High,70.0,70.4,
2021-06-23,9:00am,USD,New Home Sales,Medium,864K,817K,
2021-06-23,9:30am,USD,Crude Oil Inventories,Low,-3.6M,-7.4M,
2021-06-23,10:00am,USD,FOMC Member Bostic Speaks,Medium,,,
2021-06-23,11:00am,EUR,ECB President Lagarde Speaks,Medium,,,
2021-06-23,6:50pm,JPY,SPPI y/y,Medium,1.4%,1.1%,
2021-06-24,ThuJun 24,EUR,ECB Economic Bulletin,Medium,,,
2021-06-24,6:00am,GBP,Asset Purchase Facility,High,875B,875B,
2021-06-24,6:00am,GBP,Monetary Policy Summary,High,,,
2021-06-24,6:00am,GBP,MPC Asset Purchase Facility Votes,High,0-1-8,0-1-8,
2021-06-24,6:00am,GBP,MPC Official Bank Rate Votes,Low,0-0-9,0-0-9,
2021-06-24,6:00am,GBP,Official Bank Rate,Low,0.10%,0.10%,
2021-06-24,7:30am,USD,Final GDP q/q,Low,6.4%,6.4%,
2021-06-24,7:30am,USD,Unemployment Claims,Low,382K,418K,
2021-06-24,7:30am,USD,Core Durable Goods Orders m/m,Medium,0.8%,1.7%,
2021-06-24,7:30am,USD,Durable Goods Orders m/m,Medium,2.9%,-0.8%,
2021-06-24,7:30am,USD,Goods Trade Balance,Medium,-87.4B,-85.7B,
2021-06-24,7:30am,USD,Prelim Wholesale Inventories m/m,Medium,0.8%,1.0%,
2021-06-24,7:36am,USD,Final GDP Price Index q/q,Medium,4.3%,4.3%,
2021-06-24,7:56am,EUR,Belgian NBB Business Climate,Medium,8.5,6.5,
2021-06-24,8:30am,USD,FOMC Member Bostic Speaks,Medium,,,
2021-06-24,9:30am,USD,Natural Gas Storage,Medium,64B,16B,
2021-06-24,10:00am,USD,FOMC Member Williams Speaks,Medium,,,
2021-06-24,3:30pm,USD,Bank Stress Test Results,Medium,,,
2021-06-24,6:01pm,GBP,GfK Consumer Confidence,Medium,-7,-9,
2021-06-24,6:30pm,JPY,Tokyo Core CPI y/y,Medium,-0.1%,-0.2%,
2021-06-25,3:00am,EUR,M3 Money Supply y/y,Medium,8.6%,9.2%,
2021-06-25,3:00am,EUR,Private Loans y/y,Medium,3.7%,3.8%,
2021-06-25,5:00am,GBP,CBI Realized Sales,Medium,12,18,
2021-06-25,7:30am,USD,Core PCE Price Index m/m,Low,0.6%,0.7%,
2021-06-25,7:30am,USD,Personal Income m/m,Medium,-2.5%,-13.1%,
2021-06-25,7:30am,USD,Personal Spending m/m,Medium,0.4%,0.9%,
2021-06-25,9:00am,USD,Revised UoM Consumer Sentiment,Low,86.5,86.4,
2021-06-25,9:00am,USD,Revised UoM Inflation Expectations,Medium,,4.0%,
2021-06-28,7:00am,EUR,German Buba President Weidmann Speaks,Medium,,,
2021-06-28,7:00am,GBP,MPC Member Haldane Speaks,Medium,,,
2021-06-28,8:00am,USD,FOMC Member Williams Speaks,Medium,,,
2021-06-28,11:00am,USD,FOMC Member Barkin Speaks,Medium,,,
2021-06-28,12:10pm,USD,FOMC Member Quarles Speaks,Medium,,,
2021-06-28,6:30pm,JPY,Unemployment Rate,Medium,2.9%,2.8%,
2021-06-28,6:50pm,JPY,Retail Sales y/y,Medium,8.2%,11.9%,
2021-06-29,All Day,EUR,German Prelim CPI m/m,Medium,0.4%,0.5%,
2021-06-29,2:00am,EUR,Spanish Flash CPI y/y,Medium,2.7%,2.7%,
2021-06-29,All Day,EUR,Italian Bank Holiday,Low,,,
2021-06-29,3:30am,GBP,M4 Money Supply m/m,Medium,0.2%,0.1%,
2021-06-29,3:30am,GBP,Mortgage Approvals,Medium,86K,87K,
2021-06-29,3:30am,GBP,Net Lending to Individuals m/m,Medium,4.6B,2.8B,
2021-06-29,8:00am,USD,FOMC Member Barkin Speaks,Medium,,,
2021-06-29,8:00am,USD,HPI m/m,Medium,1.5%,1.6%,
2021-06-29,8:00am,USD,S&P/CS Composite-20 HPI y/y,Medium,14.8%,13.4%,
2021-06-29,8:40am,EUR,ECB President Lagarde Speaks,Low,,,
2021-06-29,9:00am,USD,CB Consumer Confidence,Low,118.9,120.0,
2021-06-29,11:00am,EUR,German Buba President Weidmann Speaks,Medium,,,
2021-06-29,3:30pm,USD,API Weekly Statistical Bulletin,Medium,,,
2021-06-29,6:01pm,GBP,BRC Shop Price Index y/y,Medium,,-0.6%,
2021-06-29,6:50pm,JPY,Prelim Industrial Production m/m,Medium,-2.1%,2.9%,
2021-06-29,11:59pm,JPY,Consumer Confidence,Medium,34.8,34.1,
2021-06-30,1:00am,GBP,Current Account,Medium,-13.9B,-26.3B,
2021-06-30,1:00am,GBP,Final GDP q/q,Medium,-1.5%,-1.5%,
2021-06-30,1:00am,GBP,Revised Business Investment q/q,Medium,-11.9%,-11.9%,
2021-06-30,1:45am,EUR,French Consumer Spending m/m,Medium,7.4%,-8.7%,
2021-06-30,1:45am,EUR,French Prelim CPI m/m,Medium,0.2%,0.3%,
2021-06-30,2:00am,CHF,KOF Economic Barometer,Medium,144.9,143.7,
2021-06-30,2:55am,EUR,German Unemployment Change,Medium,-20K,-19K,
2021-06-30,3:00am,CHF,UBS Economic Expectations,Medium,,72.2,
2021-06-30,4:00am,EUR,CPI Flash Estimate y/y,Low,1.9%,2.0%,
2021-06-30,4:00am,EUR,Core CPI Flash Estimate y/y,Medium,0.9%,1.0%,
2021-06-30,4:00am,EUR,Italian Prelim CPI m/m,Medium,0.2%,0.0%,
2021-06-30,4:15am,EUR,Italian 10-y Bond Auction,Medium,,0.94|1.3,
2021-06-30,6:00am,GBP,MPC Member Haldane Speaks,Medium,,,
2021-06-30,7:00am,USD,FOMC Member Bostic Speaks,Medium,,,
2021-06-30,7:15am,USD,ADP Non-Farm Employment Change,Low,555K,886K,
2021-06-30,8:45am,USD,Chicago PMI,Low,70.2,75.2,
2021-06-30,9:00am,USD,Pending Home Sales m/m,Low,-1.1%,-4.4%,
2021-06-30,9:30am,USD,Crude Oil Inventories,Low,-4.2M,-7.6M,
2021-06-30,12:00pm,USD,FOMC Member Barkin Speaks,Medium,,,
2021-06-30,6:50pm,JPY,Tankan Manufacturing Index,Medium,16,5,
2021-06-30,6:50pm,JPY,Tankan Non-Manufacturing Index,Medium,3,-1,
2021-06-30,7:30pm,JPY,Final Manufacturing PMI,Medium,51.5,51.5,
2021-06-30,10:35pm,JPY,10-y Bond Auction,Medium,,0.08|2.9,
2021-07-01,1:30am,CHF,CPI m/m,Medium,0.2%,0.3%,
2021-07-01,1:30am,CHF,Retail Sales y/y,Medium,17.5%,37.7%,
2021-07-01,2:00am,EUR,ECB President Lagarde Speaks,Low,,,
2021-07-01,2:15am,EUR,Spanish Manufacturing PMI,Medium,59.6,59.4,
2021-07-01,2:30am,CHF,Manufacturing PMI,Medium,69.4,69.9,
2021-07-01,2:45am,EUR,Italian Manufacturing PMI,Medium,62.3,62.3,
2021-07-01,2:50am,EUR,French Final Manufacturing PMI,Medium,58.6,58.6,
2021-07-01,2:55am,EUR,German Final Manufacturing PMI,Low,64.9,64.9,
2021-07-01,3:00am,EUR,Final Manufacturing PMI,Medium,63.1,63.1,
2021-07-01,3:00am,EUR,Italian Monthly Unemployment Rate,Medium,10.7%,10.7%,
2021-07-01,3:00am,GBP,BOE Gov Bailey Speaks,High,,,
2021-07-01,3:30am,GBP,Final Manufacturing PMI,Low,64.2,64.2,
2021-07-01,4:00am,EUR,Unemployment Rate,Medium,8.0%,8.1%,
2021-07-01,4:00am,GBP,BOE Gov Bailey Speaks,Low,,,
2021-07-01,4:02am,EUR,French 10-y Bond Auction,Medium,,0.16|2.0,
2021-07-01,6:30am,USD,Challenger Job Cuts y/y,Medium,,-93.8%,
2021-07-01,7:30am,USD,Unemployment Claims,Low,388K,415K,
2021-07-01,8:45am,USD,Final Manufacturing PMI,Medium,62.6,62.6,
2021-07-01,9:00am,USD,ISM Manufacturing PMI,High,61.0,61.2,
2021-07-01,9:00am,USD,Construction Spending m/m,Medium,0.4%,0.1%,
2021-07-01,9:00am,USD,ISM Manufacturing Prices,Medium,86.0,88.0,
2021-07-01,All Day,USD,Wards Total Vehicle Sales,Medium,16.9M,17.0M,
2021-07-01,9:30am,USD,Natural Gas Storage,Medium,68B,55B,
2021-07-01,6:50pm,JPY,Monetary Base y/y,Medium,24.3%,22.4%,
2021-07-02,2:00am,EUR,Spanish Unemployment Change,Low,-110.5K,-129.4K,
2021-07-02,4:00am,EUR,PPI m/m,Medium,1.2%,0.9%,
2021-07-02,7:30am,EUR,ECB President Lagarde Speaks,Low,,,
2021-07-02,7:30am,USD,Average Hourly Earnings m/m,High,0.3%,0.4%,
2021-07-02,7:30am,USD,Non-Farm Employment Change,High,725K,583K,
2021-07-02,7:30am,USD,Unemployment Rate,High,5.6%,5.8%,
2021-07-02,7:30am,USD,Trade Balance,Medium,-71.4B,-69.1B,
2021-07-02,9:00am,USD,Factory Orders m/m,Medium,1.7%,-0.1%,
2021-07-05,2:15am,EUR,Spanish Services PMI,Medium,60.6,59.4,
2021-07-05,2:45am,EUR,Italian Services PMI,Medium,56.3,53.1,
2021-07-05,2:50am,EUR,French Final Services PMI,Medium,57.4,57.4,
2021-07-05,2:55am,EUR,German Final Services PMI,Medium,58.1,58.1,
2021-07-05,3:00am,EUR,Final Services PMI,Medium,58.0,58.0,
2021-07-05,3:30am,EUR,Sentix Investor Confidence,Medium,30.2,28.1,
2021-07-05,3:30am,GBP,Final Services PMI,Medium,61.7,61.7,
2021-07-05,All Day,USD,Bank Holiday,Low,,,
2021-07-05,6:30pm,JPY,Average Cash Earnings y/y,Medium,2.1%,1.4%,
2021-07-05,6:30pm,JPY,Household Spending y/y,Medium,10.9%,13.0%,
2021-07-05,10:35pm,JPY,30-y Bond Auction,Medium,,0.69|3.4,
2021-07-06,TueJul 6,EUR,German Factory Orders m/m,Medium,0.9%,1.2%,
2021-07-06,3:30am,GBP,Construction PMI,Medium,63.9,64.2,
2021-07-06,3:30am,GBP,Housing Equity Withdrawal q/q,Medium,-3.7B,0.0B,
2021-07-06,4:00am,EUR,German ZEW Economic Sentiment,Low,75.0,79.8,
2021-07-06,4:00am,EUR,ZEW Economic Sentiment,Low,79.0,81.3,
2021-07-06,4:00am,EUR,Retail Sales m/m,Medium,4.3%,-3.9%,
2021-07-06,4:03am,GBP,10-y Bond Auction,Medium,,0.94|2.6,
2021-07-06,8:45am,USD,Final Services PMI,Medium,64.8,64.8,
2021-07-06,9:00am,USD,ISM Services PMI,High,63.4,64.0,
2021-07-07,1:00am,EUR,German Industrial Production m/m,Medium,0.5%,-0.3%,
2021-07-07,1:45am,EUR,French Trade Balance,Medium,-6.0B,-6.3B,
2021-07-07,2:00am,CHF,Foreign Currency Reserves,Medium,,903B,
2021-07-07,2:29am,GBP,Halifax HPI m/m,Medium,1.5%,1.2%,
2021-07-07,3:00am,EUR,Italian Retail Sales m/m,Medium,3.1%,-0.1%,
2021-07-07,4:00am,EUR,EU Economic Forecasts,Low,,,
2021-07-07,9:00am,USD,JOLTS Job Openings,Low,9.30M,9.19M,
2021-07-07,9:01am,USD,RCM/TIPP Economic Optimism,Medium,57.3,56.4,
2021-07-07,1:00pm,USD,FOMC Meeting Minutes,High,,,
2021-07-07,2:30pm,USD,FOMC Member Bostic Speaks,Medium,,,
2021-07-07,3:30pm,USD,API Weekly Statistical Bulletin,Medium,,,
2021-07-07,6:01pm,GBP,RICS House Price Balance,Medium,80%,82%,
2021-07-07,6:50pm,JPY,Bank Lending y/y,Medium,3.0%,2.8%,
2021-07-07,6:50pm,JPY,Current Account,Medium,1.59T,1.55T,
2021-07-08,12:45am,CHF,Unemployment Rate,Medium,2.9%,3.2%,
2021-07-08,1:00am,EUR,German Trade Balance,Medium,15.8B,15.6B,
2021-07-08,7:30am,EUR,ECB President Lagarde Speaks,Low,,,
2021-07-08,7:30am,USD,Unemployment Claims,Low,345K,371K,
2021-07-08,9:30am,USD,Natural Gas Storage,Medium,29B,76B,
2021-07-08,10:00am,USD,Crude Oil Inventories,Low,-4.0M,-6.7M,
2021-07-08,2:00pm,USD,Consumer Credit m/m,Medium,17.9B,20.0B,
2021-07-08,6:50pm,JPY,M2 Money Stock y/y,Medium,6.0%,7.9%,
2021-07-09,FriJul 9,GBP,GDP m/m,Medium,1.5%,2.0%,
2021-07-09,FriJul 9,GBP,Index of Services 3m/3m,Medium,4.0%,1.4%,
2021-07-09,FriJul 9,GBP,Industrial Production m/m,Medium,1.3%,-1.0%,
2021-07-09,FriJul 9,GBP,Manufacturing Production m/m,Medium,0.9%,-0.3%,
2021-07-09,3:00am,EUR,Italian Industrial Production m/m,Medium,0.3%,1.5%,
2021-07-09,5:00am,EUR,ECB President Lagarde Speaks,Low,,,
2021-07-09,5:00am,GBP,BOE Gov Bailey Speaks,High,,,
2021-07-09,6:00am,GBP,Goods Trade Balance,Medium,-11.0B,-10.9B,
2021-07-09,6:30am,EUR,ECB Monetary Policy Meeting Accounts,Medium,,,
2021-07-09,7:35am,GBP,NIESR GDP Estimate,Medium,,3.6%,
2021-07-09,9:00am,USD,Final Wholesale Inventories m/m,Medium,1.1%,1.1%,
2021-07-09,10:00am,USD,Fed Monetary Policy Report,Medium,,,
2021-07-11,8:20am,USD,FOMC Member Quarles Speaks,Medium,,,
2021-07-11,6:50pm,JPY,Core Machinery Orders m/m,Medium,2.5%,0.6%,
2021-07-11,6:50pm,JPY,PPI y/y,Medium,4.8%,5.1%,
2021-07-12,MonJul 12,JPY,Prelim Machine Tool Orders y/y,Medium,,141.9%,
2021-07-12,All Day,EUR,Eurogroup Meetings,Medium,,,
2021-07-12,8:30am,USD,FOMC Member Williams Speaks,Medium,,,
2021-07-12,12:01pm,USD,10-y Bond Auction,Low,,1.50|2.6,
2021-07-12,6:01pm,GBP,BRC Retail Sales Monitor y/y,Medium,11.5%,18.5%,
2021-07-13,TueJul 13,GBP,BOE Financial Stability Report,Medium,,,
2021-07-13,TueJul 13,GBP,FPC Meeting Minutes,Medium,,,
2021-07-13,TueJul 13,GBP,FPC Statement,Medium,,,
2021-07-13,1:30am,CHF,PPI m/m,Medium,0.4%,0.8%,
2021-07-13,1:45am,EUR,French Final CPI m/m,Medium,0.2%,0.2%,
2021-07-13,2:30am,GBP,BOE Gov Bailey Speaks,High,,,
2021-07-13,All Day,EUR,ECOFIN Meetings,Medium,,,
2021-07-13,4:57am,USD,NFIB Small Business Index,Medium,99.5,99.6,
2021-07-13,7:30am,USD,Core CPI m/m,High,0.4%,0.7%,
2021-07-13,7:30am,USD,CPI m/m,High,0.5%,0.6%,
2021-07-13,7:30am,USD,CPI y/y,High,4.9%,5.0%,
2021-07-13,11:00am,USD,FOMC Member Bostic Speaks,Medium,,,
2021-07-13,12:01pm,USD,30-y Bond Auction,Low,,2.17|2.3,
2021-07-13,1:00pm,USD,Federal Budget Balance,Medium,-205.0B,-132.0B,
2021-07-13,1:30pm,USD,FOMC Member Bostic Speaks,Medium,,,
2021-07-13,3:30pm,USD,API Weekly Statistical Bulletin,Medium,,,
2021-07-13,11:30pm,JPY,Revised Industrial Production m/m,Medium,-5.9%,-5.9%,
2021-07-14,WedJul 14,GBP,Core CPI y/y,Medium,2.0%,2.0%,
2021-07-14,WedJul 14,GBP,PPI Input m/m,Medium,1.1%,1.2%,
2021-07-14,WedJul 14,GBP,PPI Output m/m,Medium,0.6%,0.8%,
2021-07-14,WedJul 14,GBP,RPI y/y,Medium,3.4%,3.3%,
2021-07-14,All Day,EUR,French Bank Holiday,Low,,,
2021-07-14,3:30am,GBP,HPI y/y,Medium,9.5%,9.6%,
2021-07-14,4:00am,EUR,Industrial Production m/m,Medium,-0.3%,0.6%,
2021-07-14,4:33am,EUR,German 10-y Bond Auction,Medium,,-0.19|1.3,
2021-07-14,7:30am,USD,PPI m/m,High,0.6%,0.8%,
2021-07-14,7:30am,USD,Core PPI m/m,Low,0.5%,0.7%,
2021-07-14,10:30am,USD,Crude Oil Inventories,Low,-4.3M,-6.9M,
2021-07-14,11:00am,USD,Fed Chairman Powell Testifies,High,,,
2021-07-14,12:00pm,GBP,MPC Member Ramsden Speaks,Medium,,,
2021-07-14,1:00pm,USD,Beige Book,Medium,,,
2021-07-14,11:30pm,JPY,Tertiary Industry Activity m/m,Medium,-0.9%,-0.8%,
2021-07-15,ThuJul 15,GBP,Claimant Count Change,Medium,-32.5K,-151.4K,
2021-07-15,ThuJul 15,GBP,Unemployment Rate,Medium,4.7%,4.7%,
2021-07-15,3:30am,GBP,BOE Credit Conditions Survey,Medium,,,
2021-07-15,4:00am,EUR,Spanish 10-y Bond Auction,Medium,,0.60|1.8,
2021-07-15,5:00am,GBP,MPC Member Saunders Speaks,Low,,,
2021-07-15,7:30am,USD,Philly Fed Manufacturing Index,Low,28.1,30.7,
2021-07-15,7:30am,USD,Unemployment Claims,Low,350K,386K,
2021-07-15,7:30am,USD,Empire State Manufacturing Index,Medium,17.9,17.4,
2021-07-15,7:30am,USD,Import Prices m/m,Medium,1.1%,1.4%,
2021-07-15,8:15am,USD,Industrial Production m/m,Low,0.6%,0.7%,
2021-07-15,8:15am,USD,Capacity Utilization Rate,Medium,75.7%,75.1%,
2021-07-15,8:30am,GBP,CB Leading Index m/m,Medium,,0.6%,
2021-07-15,8:30am,USD,Fed Chairman Powell Testifies,High,,,
2021-07-15,9:30am,USD,Natural Gas Storage,Medium,45B,16B,
2021-07-15,10:00am,USD,FOMC Member Evans Speaks,Medium,,,
2021-07-15,9:56pm,JPY,BOJ Outlook Report,High,,,
2021-07-15,9:56pm,JPY,Monetary Policy Statement,Low,,,
2021-07-15,9:56pm,JPY,BOJ Policy Rate,Medium,-0.10%,-0.10%,
2021-07-16,3:03am,EUR,Italian Trade Balance,Medium,5.27B,5.87B,
2021-07-16,4:00am,EUR,Final Core CPI y/y,Medium,0.9%,0.9%,
2021-07-16,4:00am,EUR,Final CPI y/y,Medium,1.9%,1.9%,
2021-07-16,4:00am,EUR,Trade Balance,Medium,7.9B,13.4B,
2021-07-16,7:30am,USD,Core Retail Sales m/m,High,0.4%,-0.9%,
2021-07-16,7:30am,USD,Retail Sales m/m,High,-0.4%,-1.7%,
2021-07-16,9:00am,USD,Prelim UoM Consumer Sentiment,Low,86.5,85.5,
2021-07-16,9:00am,USD,Business Inventories m/m,Medium,0.6%,0.1%,
2021-07-16,9:00am,USD,Prelim UoM Inflation Expectations,Medium,,4.2%,
2021-07-16,3:00pm,USD,TIC Long-Term Purchases,Medium,95.5B,100.7B,
2021-07-18,6:01pm,GBP,Rightmove HPI m/m,Medium,,0.8%,
2021-07-19,MonJul 19,GBP,MPC Member Haskel Speaks,Low,,,
2021-07-19,9:00am,USD,NAHB Housing Market Index,Medium,82,81,
2021-07-19,10:30am,USD,President Biden Speaks,Medium,,,
2021-07-19,6:30pm,JPY,National Core CPI y/y,Medium,0.2%,0.1%,
2021-07-20,TueJul 20,EUR,German PPI m/m,Medium,1.3%,1.5%,
2021-07-20,3:00am,EUR,Current Account,Medium,24.3B,22.1B,
2021-07-20,7:30am,USD,Building Permits,Medium,1.69M,1.68M,
2021-07-20,7:30am,USD,Housing Starts,Medium,1.59M,1.55M,
2021-07-20,3:30pm,USD,API Weekly Statistical Bulletin,Medium,,,
2021-07-20,6:50pm,JPY,Monetary Policy Meeting Minutes,Medium,,,
2021-07-20,6:50pm,JPY,Trade Balance,Medium,0.02T,0.02T,
2021-07-21,4:35am,EUR,German 30-y Bond Auction,Medium,,0.31|1.3,
2021-07-21,9:30am,USD,Crude Oil Inventories,Low,-4.6M,-7.9M,
2021-07-21,All Day,JPY,Bank Holiday,Low,,,
2021-07-22,5:00am,GBP,CBI Industrial Order Expectations,Medium,16,19,
2021-07-22,6:45am,EUR,Monetary Policy Statement,High,,,
2021-07-22,6:45am,EUR,Main Refinancing Rate,Low,0.00%,0.00%,
2021-07-22,7:30am,EUR,ECB Press Conference,High,,,
2021-07-22,7:30am,USD,Unemployment Claims,Low,350K,368K,
2021-07-22,8:26am,EUR,Consumer Confidence,Medium,-3,-3,
2021-07-22,9:00am,USD,CB Leading Index m/m,Medium,0.8%,1.2%,
2021-07-22,9:00am,USD,Existing Home Sales,Medium,5.89M,5.78M,
2021-07-22,9:30am,USD,Natural Gas Storage,Medium,42B,55B,
2021-07-22,6:01pm,GBP,GfK Consumer Confidence,Medium,-8,-9,
2021-07-22,All Day,JPY,Bank Holiday,Low,,,
2021-07-23,2:15am,EUR,French Flash Manufacturing PMI,Low,58.4,59.0,
2021-07-23,2:15am,EUR,French Flash Services PMI,Low,58.7,57.8,
2021-07-23,2:30am,EUR,German Flash Manufacturing PMI,High,64.2,65.1,
2021-07-23,2:30am,EUR,German Flash Services PMI,High,59.4,57.5,
2021-07-23,3:00am,EUR,Flash Manufacturing PMI,Low,62.6,63.4,
2021-07-23,3:00am,EUR,Flash Services PMI,Low,59.4,58.3,
2021-07-23,3:30am,GBP,Flash Manufacturing PMI,Low,62.3,63.9,
2021-07-23,3:30am,GBP,Flash Services PMI,Low,62.1,62.4,
2021-07-23,8:45am,USD,Flash Manufacturing PMI,Low,62.0,62.1,
2021-07-23,8:45am,USD,Flash Services PMI,Low,64.6,64.6,
2021-07-25,7:30pm,JPY,Flash Manufacturing PMI,Medium,53.1,52.4,
2021-07-25,11:59pm,JPY,BOJ Core CPI y/y,Medium,0.0%,0.0%,
2021-07-26,6:00am,GBP,MPC Member Vlieghe Speaks,Low,,,
2021-07-26,7:59am,EUR,Belgian NBB Business Climate,Medium,10.3,9.8,
2021-07-26,9:00am,USD,New Home Sales,Medium,800K,724K,
2021-07-26,6:50pm,JPY,SPPI y/y,Medium,1.4%,1.5%,
2021-07-27,3:00am,EUR,M3 Money Supply y/y,Medium,8.2%,8.5%,
2021-07-27,3:00am,EUR,Private Loans y/y,Medium,4.0%,3.9%,
2021-07-27,5:00am,GBP,CBI Realized Sales,Medium,21,25,
2021-07-27,7:30am,USD,Core Durable Goods Orders m/m,Medium,0.8%,0.5%,
2021-07-27,7:30am,USD,Durable Goods Orders m/m,Medium,2.1%,3.2%,
2021-07-27,8:00am,USD,HPI m/m,Medium,1.6%,1.8%,
2021-07-27,8:00am,USD,S&P/CS Composite-20 HPI y/y,Medium,16.1%,15.0%,
2021-07-27,8:59am,USD,Richmond Manufacturing Index,Medium,20,22,
2021-07-27,9:00am,USD,CB Consumer Confidence,High,123.9,128.9,
2021-07-27,3:30pm,USD,API Weekly Statistical Bulletin,Medium,,,
2021-07-27,6:01pm,GBP,BRC Shop Price Index y/y,Medium,,-0.7%,
2021-07-27,6:50pm,JPY,BOJ Summary of Opinions,Medium,,,
2021-07-28,WedJul 28,EUR,German Import Prices m/m,Medium,1.6%,1.7%,
2021-07-28,WedJul 28,GBP,Nationwide HPI m/m,Medium,0.4%,0.7%,
2021-07-28,3:00am,CHF,UBS Economic Expectations,Medium,,51.3,
2021-07-28,7:30am,USD,Goods Trade Balance,Medium,-88.0B,-88.2B,
2021-07-28,7:30am,USD,Prelim Wholesale Inventories m/m,Medium,1.2%,1.3%,
2021-07-28,9:30am,USD,Crude Oil Inventories,Low,-2.6M,2.1M,
2021-07-28,1:00pm,USD,FOMC Statement,High,,,
2021-07-28,1:00pm,USD,Federal Funds Rate,Low,<0.25%,<0.25%,
2021-07-28,1:30pm,USD,FOMC Press Conference,High,,,
2021-07-29,2:00am,EUR,Spanish Flash CPI y/y,Medium,2.7%,2.7%,
2021-07-29,2:00am,EUR,Spanish Unemployment Rate,Medium,15.1%,16.0%,
2021-07-29,2:55am,EUR,German Unemployment Change,Medium,-29K,-39K,
2021-07-29,3:30am,GBP,M4 Money Supply m/m,Medium,0.3%,0.5%,
2021-07-29,3:30am,GBP,Mortgage Approvals,Medium,85K,87K,
2021-07-29,3:30am,GBP,Net Lending to Individuals m/m,Medium,6.8B,7.2B,
2021-07-29,4:18am,EUR,Italian 10-y Bond Auction,Medium,,0.74|1.6,
2021-07-29,6:30am,EUR,ECB Monetary Policy Meeting Accounts,Medium,,,
2021-07-29,7:30am,USD,Advance GDP q/q,High,8.5%,6.4%,
2021-07-29,7:30am,USD,Unemployment Claims,Low,382K,424K,
2021-07-29,7:32am,USD,Advance GDP Price Index q/q,Low,5.4%,4.3%,
2021-07-29,9:00am,USD,Pending Home Sales m/m,Low,0.1%,8.3%,
2021-07-29,9:30am,USD,Natural Gas Storage,Medium,41B,49B,
2021-07-29,6:30pm,JPY,Unemployment Rate,Medium,3.0%,3.0%,
2021-07-29,6:50pm,JPY,Prelim Industrial Production m/m,Medium,5.0%,-6.5%,
2021-07-29,6:50pm,JPY,Retail Sales y/y,Medium,0.3%,8.3%,
2021-07-29,11:59pm,JPY,Housing Starts y/y,Medium,6.7%,9.9%,
2021-07-30,FriJul 30,EUR,French Flash GDP q/q,Medium,0.8%,-0.1%,
2021-07-30,1:45am,EUR,French Prelim CPI m/m,Medium,-0.1%,0.1%,
2021-07-30,2:00am,CHF,KOF Economic Barometer,Medium,129.6,133.3,
2021-07-30,2:00am,EUR,Spanish Flash GDP q/q,Medium,2.1%,-0.4%,
2021-07-30,2:00am,EUR,Italian Monthly Unemployment Rate,Medium,10.6%,10.2%,
2021-07-30,3:00am,EUR,German Prelim GDP q/q,Low,2.0%,-1.8%,
2021-07-30,3:00am,EUR,Italian Prelim GDP q/q,Medium,1.3%,0.1%,
2021-07-30,4:00am,EUR,Core CPI Flash Estimate y/y,Medium,0.7%,0.9%,
2021-07-30,4:00am,EUR,CPI Flash Estimate y/y,Medium,2.0%,1.9%,
2021-07-30,4:00am,EUR,Italian Prelim CPI m/m,Medium,0.1%,0.1%,
2021-07-30,4:00am,EUR,Prelim Flash GDP q/q,Medium,1.5%,-0.3%,
2021-07-30,4:00am,EUR,Unemployment Rate,Medium,7.9%,8.0%,
2021-07-30,7:30am,USD,Core PCE Price Index m/m,High,0.6%,0.5%,
2021-07-30,7:30am,USD,Employment Cost Index q/q,Medium,0.9%,0.9%,
2021-07-30,7:30am,USD,Personal Income m/m,Medium,-0.4%,-2.2%,
2021-07-30,7:30am,USD,Personal Spending m/m,Medium,0.7%,-0.1%,
2021-07-30,8:45am,USD,Chicago PMI,Low,64.2,66.1,
2021-07-30,9:00am,USD,Revised UoM Consumer Sentiment,Low,80.8,80.8,
2021-07-30,9:00am,USD,Revised UoM Inflation Expectations,Medium,,4.8%,
2021-07-30,7:30pm,USD,FOMC Member Brainard Speaks,Medium,,,
2021-08-01,7:30pm,JPY,Final Manufacturing PMI,Medium,52.4,52.2,
2021-08-01,11:59pm,JPY,Consumer Confidence,Medium,37.0,37.4,
2021-08-02,1:30am,CHF,CPI m/m,Medium,-0.1%,0.1%,
2021-08-02,1:30am,CHF,Retail Sales y/y,Medium,3.4%,2.8%,
2021-08-02,2:15am,EUR,Spanish Manufacturing PMI,Medium,59.4,60.4,
2021-08-02,2:30am,CHF,Manufacturing PMI,Medium,66.0,66.7,
2021-08-02,2:45am,EUR,Italian Manufacturing PMI,Medium,61.4,62.2,
2021-08-02,2:50am,EUR,French Final Manufacturing PMI,Medium,58.1,58.1,
2021-08-02,2:55am,EUR,German Final Manufacturing PMI,Low,65.6,65.6,
2021-08-02,3:00am,EUR,Final Manufacturing PMI,Medium,62.6,62.6,
2021-08-02,3:30am,GBP,Final Manufacturing PMI,Medium,60.4,60.4,
2021-08-02,8:45am,USD,Final Manufacturing PMI,Medium,63.1,63.1,
2021-08-02,9:00am,USD,ISM Manufacturing PMI,High,60.8,60.6,
2021-08-02,9:00am,USD,Construction Spending m/m,Medium,0.4%,-0.2%,
2021-08-02,9:00am,USD,ISM Manufacturing Prices,Medium,87.9,92.1,
2021-08-02,1:00pm,USD,Loan Officer Survey,Medium,,,
2021-08-02,6:30pm,JPY,Tokyo Core CPI y/y,Medium,0.0%,0.0%,
2021-08-02,6:50pm,JPY,Monetary Base y/y,Medium,20.5%,19.1%,
2021-08-02,10:35pm,JPY,10-y Bond Auction,Medium,,0.06|3.5,
2021-08-03,2:00am,CHF,SECO Consumer Climate,Medium,-5,-7,
2021-08-03,2:00am,EUR,Spanish Unemployment Change,Low,-115.5K,-166.9K,
2021-08-03,4:00am,EUR,PPI m/m,Medium,1.4%,1.3%,
2021-08-03,4:02am,GBP,30-y Bond Auction,Medium,,1.27|2.2,
2021-08-03,9:00am,USD,Factory Orders m/m,Medium,1.0%,2.3%,
2021-08-03,9:01am,USD,RCM/TIPP Economic Optimism,Medium,55.3,54.3,
2021-08-03,All Day,USD,Wards Total Vehicle Sales,Medium,15.2M,15.4M,
2021-08-03,1:00pm,USD,FOMC Member Bowman Speaks,Medium,,,
2021-08-03,3:30pm,USD,API Weekly Statistical Bulletin,Medium,,,
2021-08-04,2:45am,EUR,Italian Services PMI,Medium,58.8,56.7,
2021-08-04,2:50am,EUR,French Final Services PMI,Medium,57.0,57.0,
2021-08-04,2:55am,EUR,German Final Services PMI,Medium,62.2,62.2,
2021-08-04,3:00am,EUR,Final Services PMI,Medium,60.4,60.4,
2021-08-04,3:00am,EUR,Italian Retail Sales m/m,Medium,1.9%,-0.1%,
2021-08-04,3:29am,EUR,French Gov Budget Balance,Medium,,-118.8B,
2021-08-04,3:30am,GBP,Final Services PMI,Medium,57.8,57.8,
2021-08-04,4:00am,EUR,Retail Sales m/m,Medium,1.6%,4.1%,
2021-08-04,7:15am,USD,ADP Non-Farm Employment Change,High,695K,680K,
2021-08-04,8:45am,USD,Final Services PMI,Medium,59.8,59.8,
2021-08-04,9:00am,USD,ISM Services PMI,High,60.5,60.1,
2021-08-04,9:00am,USD,FOMC Member Clarida Speaks,Medium,,,
2021-08-04,9:30am,USD,Crude Oil Inventories,Low,-3.2M,-4.1M,
2021-08-05,1:45am,EUR,French Industrial Production m/m,Medium,0.5%,-0.4%,
2021-08-05,3:00am,EUR,ECB Economic Bulletin,Medium,,,
2021-08-05,3:30am,GBP,Construction PMI,Medium,64.5,66.3,
2021-08-05,3:51am,EUR,Spanish 10-y Bond Auction,Medium,,0.35|1.8,
2021-08-05,3:57am,EUR,French 10-y Bond Auction,Medium,,0.13|2.1,
2021-08-05,6:00am,GBP,Asset Purchase Facility,High,875B,875B,
2021-08-05,6:00am,GBP,BOE Monetary Policy Report,High,,,
2021-08-05,6:00am,GBP,Monetary Policy Summary,High,,,
2021-08-05,6:00am,GBP,MPC Asset Purchase Facility Votes,High,0-1-7,0-1-8,
2021-08-05,6:00am,GBP,MPC Official Bank Rate Votes,Low,0-0-8,0-0-9,
2021-08-05,6:00am,GBP,Official Bank Rate,Low,0.10%,0.10%,
2021-08-05,6:30am,USD,Challenger Job Cuts y/y,Medium,,-88.0%,
2021-08-05,7:00am,GBP,BOE Gov Bailey Speaks,High,,,
2021-08-05,7:30am,USD,Unemployment Claims,Low,382K,399K,
2021-08-05,7:30am,USD,Trade Balance,Medium,-74.2B,-71.0B,
2021-08-05,9:00am,USD,FOMC Member Waller Speaks,Low,,,
2021-08-05,9:30am,USD,Natural Gas Storage,Medium,19B,36B,
2021-08-05,6:30pm,JPY,Average Cash Earnings y/y,Medium,1.0%,1.9%,
2021-08-05,6:30pm,JPY,Household Spending y/y,Medium,0.1%,11.6%,
2021-08-05,11:59pm,JPY,Leading Indicators,Medium,104.2%,102.6%,
2021-08-06,FriAug 6,GBP,Halifax HPI m/m,Medium,0.4%,-0.6%,
2021-08-06,1:45am,EUR,French Prelim Private Payrolls q/q,Medium,0.6%,0.5%,
2021-08-06,1:45am,EUR,French Trade Balance,Medium,-6.1B,-6.6B,
2021-08-06,2:00am,CHF,Foreign Currency Reserves,Medium,,941B,
2021-08-06,3:00am,EUR,Italian Industrial Production m/m,Medium,1.1%,-1.6%,
2021-08-06,6:15am,GBP,MPC Member Broadbent Speaks,High,,,
2021-08-06,7:30am,USD,Average Hourly Earnings m/m,High,0.3%,0.4%,
2021-08-06,7:30am,USD,Non-Farm Employment Change,High,870K,938K,
2021-08-06,7:30am,USD,Unemployment Rate,High,5.7%,5.9%,
2021-08-06,9:00am,USD,Final Wholesale Inventories m/m,Medium,0.8%,0.8%,
2021-08-06,9:30am,USD,President Biden Speaks,Medium,,,
2021-08-06,2:00pm,USD,Consumer Credit m/m,Medium,23.2B,36.7B,
2021-08-09,1:00am,EUR,German Trade Balance,Medium,13.9B,12.8B,
2021-08-09,3:30am,EUR,Sentix Investor Confidence,Medium,29.2,29.8,
2021-08-09,9:00am,USD,FOMC Member Bostic Speaks,Low,,,
2021-08-09,9:00am,USD,JOLTS Job Openings,Low,9.27M,9.48M,
2021-08-09,11:00am,USD,FOMC Member Barkin Speaks,Low,,,
2021-08-09,6:01pm,GBP,BRC Retail Sales Monitor y/y,Medium,4.9%,6.7%,
2021-08-09,6:50pm,JPY,Bank Lending y/y,Medium,1.6%,1.4%,
2021-08-09,6:50pm,JPY,Current Account,Medium,1.71T,1.87T,
2021-08-10,4:00am,EUR,ZEW Economic Sentiment,Low,55.3,61.2,
2021-08-10,4:00am,EUR,German ZEW Economic Sentiment,Low,54.9,63.3,
2021-08-10,4:18am,GBP,10-y Bond Auction,Medium,,0.82|2.7,
2021-08-10,5:00am,USD,NFIB Small Business Index,Medium,101.9,102.5,
2021-08-10,7:30am,USD,Prelim Nonfarm Productivity q/q,Medium,3.3%,4.3%,
2021-08-10,7:30am,USD,Prelim Unit Labor Costs q/q,Medium,0.9%,1.7%,
2021-08-10,3:30pm,USD,API Weekly Statistical Bulletin,Medium,,,
2021-08-10,6:50pm,JPY,M2 Money Stock y/y,Medium,5.3%,5.8%,
2021-08-10,10:35pm,JPY,30-y Bond Auction,Medium,,0.68|3.6,
2021-08-11,WedAug 11,JPY,Prelim Machine Tool Orders y/y,Medium,,96.6%,
2021-08-11,4:32am,EUR,German 10-y Bond Auction,Medium,,-0.30|1.4,
2021-08-11,7:30am,USD,Core CPI m/m,High,0.4%,0.9%,
2021-08-11,7:30am,USD,CPI m/m,High,0.5%,0.9%,
2021-08-11,7:30am,USD,CPI y/y,High,5.3%,5.4%,
2021-08-11,9:30am,USD,Crude Oil Inventories,Low,-0.8M,3.6M,
2021-08-11,9:30am,USD,FOMC Member Bostic Speaks,Low,,,
2021-08-11,12:01pm,USD,10-y Bond Auction,Low,,1.37|2.4,
2021-08-11,1:00pm,USD,Federal Budget Balance,Medium,-305.0B,-174.2B,
2021-08-11,6:01pm,GBP,RICS House Price Balance,Medium,77%,82%,
2021-08-11,6:50pm,JPY,PPI y/y,Medium,5.1%,5.0%,
2021-08-12,ThuAug 12,GBP,Construction Output m/m,Medium,1.1%,-0.7%,
2021-08-12,ThuAug 12,GBP,GDP m/m,Medium,0.8%,0.6%,
2021-08-12,ThuAug 12,GBP,Goods Trade Balance,Medium,-9.1B,-9.6B,
2021-08-12,ThuAug 12,GBP,Index of Services 3m/3m,Medium,5.6%,3.9%,
2021-08-12,ThuAug 12,GBP,Industrial Production m/m,Medium,0.3%,0.6%,
2021-08-12,ThuAug 12,GBP,Manufacturing Production m/m,Medium,0.4%,0.1%,
2021-08-12,ThuAug 12,GBP,Prelim Business Investment q/q,Medium,5.9%,-10.7%,
2021-08-12,3:00am,EUR,Italian Trade Balance,Medium,5.59B,5.63B,
2021-08-12,4:00am,EUR,Industrial Production m/m,Medium,-0.3%,-1.1%,
2021-08-12,7:30am,USD,PPI m/m,High,0.6%,1.0%,
2021-08-12,7:30am,USD,Core PPI m/m,Low,0.5%,1.0%,
2021-08-12,7:30am,USD,Unemployment Claims,Low,375K,387K,
2021-08-12,7:40am,GBP,NIESR GDP Estimate,Medium,,4.8%,
2021-08-12,9:30am,USD,Natural Gas Storage,Medium,47B,13B,
2021-08-12,12:01pm,USD,30-y Bond Auction,Low,,2.00|2.2,
2021-08-13,1:30am,CHF,PPI m/m,Medium,0.3%,0.3%,
2021-08-13,1:45am,EUR,French Final CPI m/m,Medium,0.1%,0.1%,
2021-08-13,4:00am,EUR,Trade Balance,Medium,10.9B,13.8B,
2021-08-13,7:30am,USD,Import Prices m/m,Medium,0.6%,1.1%,
2021-08-13,9:00am,USD,Prelim UoM Consumer Sentiment,Low,81.2,81.2,
2021-08-13,9:00am,USD,Prelim UoM Inflation Expectations,Medium,,4.7%,
2021-08-15,6:01pm,GBP,Rightmove HPI m/m,Medium,,0.7%,
2021-08-15,6:50pm,JPY,Prelim GDP Price Index y/y,Medium,-0.9%,-0.1%,
2021-08-15,6:50pm,JPY,Prelim GDP q/q,Medium,0.1%,-1.0%,
2021-08-15,11:30pm,JPY,Revised Industrial Production m/m,Medium,6.2%,6.2%,
2021-08-16,MonAug 16,USD,Empire State Manufacturing Index,Medium,28.9,43.0,
2021-08-16,8:30am,GBP,CB Leading Index m/m,Medium,,0.9%,
2021-08-16,2:45pm,USD,President Biden Speaks,Medium,,,
2021-08-16,3:00pm,USD,TIC Long-Term Purchases,Medium,110.9B,-30.0B,
2021-08-16,11:30pm,JPY,Tertiary Industry Activity m/m,Medium,1.8%,-2.9%,
2021-08-17,TueAug 17,GBP,Claimant Count Change,Medium,-84.1K,-136.1K,
2021-08-17,TueAug 17,GBP,Unemployment Rate,Medium,4.8%,4.8%,
2021-08-17,4:00am,EUR,Flash Employment Change q/q,Medium,0.2%,-0.2%,
2021-08-17,4:00am,EUR,Flash GDP q/q,Medium,2.0%,2.0%,
2021-08-17,7:30am,USD,Core Retail Sales m/m,High,0.2%,1.6%,
2021-08-17,7:30am,USD,Retail Sales m/m,High,-0.2%,0.7%,
2021-08-17,8:15am,USD,Industrial Production m/m,Low,0.5%,0.2%,
2021-08-17,8:15am,USD,Capacity Utilization Rate,Medium,75.7%,75.4%,
2021-08-17,9:00am,USD,Business Inventories m/m,Medium,0.8%,0.6%,
2021-08-17,9:00am,USD,NAHB Housing Market Index,Medium,80,80,
2021-08-17,12:30pm,USD,Fed Chairman Powell Speaks,High,,,
2021-08-17,3:30pm,USD,API Weekly Statistical Bulletin,Medium,,,
2021-08-17,6:50pm,JPY,Core Machinery Orders m/m,Medium,-2.7%,7.8%,
2021-08-17,6:50pm,JPY,Trade Balance,Medium,0.12T,-0.06T,
2021-08-18,WedAug 18,GBP,Core CPI y/y,Medium,2.0%,2.3%,
2021-08-18,WedAug 18,GBP,PPI Input m/m,Medium,0.5%,0.5%,
2021-08-18,WedAug 18,GBP,PPI Output m/m,Medium,0.5%,0.6%,
2021-08-18,WedAug 18,GBP,RPI y/y,Medium,3.6%,3.9%,
2021-08-18,3:30am,GBP,HPI y/y,Medium,11.3%,9.8%,
2021-08-18,4:00am,EUR,Final Core CPI y/y,Medium,0.7%,0.7%,
2021-08-18,4:00am,EUR,Final CPI y/y,Medium,2.2%,1.9%,
2021-08-18,4:34am,EUR,German 30-y Bond Auction,Medium,,0.03|1.3,
2021-08-18,7:30am,USD,Building Permits,Medium,1.61M,1.59M,
2021-08-18,7:30am,USD,Housing Starts,Medium,1.60M,1.65M,
2021-08-18,9:00am,USD,Prelim Benchmark Payrolls Revision,Low,,-173K,
2021-08-18,9:30am,USD,Crude Oil Inventories,Low,-1.5M,-0.4M,
2021-08-18,1:00pm,USD,FOMC Meeting Minutes,High,,,
2021-08-19,3:00am,EUR,Current Account,Medium,12.3B,13.9B,
2021-08-19,7:30am,USD,Philly Fed Manufacturing Index,Low,23.2,21.9,
2021-08-19,7:30am,USD,Unemployment Claims,Low,362K,377K,
2021-08-19,9:00am,USD,CB Leading Index m/m,Medium,0.7%,0.5%,
2021-08-19,9:00am,USD,Mortgage Delinquencies,Medium,,6.38%,
2021-08-19,9:30am,USD,Natural Gas Storage,Medium,28B,49B,
2021-08-19,6:01pm,GBP,GfK Consumer Confidence,Medium,-7,-7,
2021-08-19,6:30pm,JPY,National Core CPI y/y,Medium,-0.4%,0.2%,
2021-08-20,FriAug 20,GBP,Retail Sales m/m,Low,0.2%,0.2%,
2021-08-20,FriAug 20,GBP,Public Sector Net Borrowing,Medium,10.8B,20.7B,
2021-08-22,7:30pm,JPY,Flash Manufacturing PMI,Medium,52.1,53.0,
2021-08-23,MonAug 23,EUR,French Flash Services PMI,Low,56.2,56.8,
2021-08-23,2:30am,EUR,German Flash Manufacturing PMI,High,65.1,65.9,
2021-08-23,2:30am,EUR,German Flash Services PMI,High,61.0,61.8,
2021-08-23,3:00am,EUR,Flash Manufacturing PMI,Low,62.0,62.8,
2021-08-23,3:00am,EUR,Flash Services PMI,Low,59.6,59.8,
2021-08-23,3:30am,GBP,Flash Manufacturing PMI,Low,59.5,60.4,
2021-08-23,3:30am,GBP,Flash Services PMI,Low,59.0,59.6,
2021-08-23,5:00am,EUR,German Buba Monthly Report,Medium,,,
2021-08-23,5:00am,GBP,CBI Industrial Order Expectations,Medium,16,17,
2021-08-23,8:33am,EUR,Consumer Confidence,Medium,-5,-4,
2021-08-23,8:45am,USD,Flash Manufacturing PMI,Low,62.4,63.4,
2021-08-23,8:45am,USD,Flash Services PMI,Low,59.1,59.9,
2021-08-23,9:00am,USD,Existing Home Sales,Medium,5.82M,5.87M,
2021-08-24,1:00am,EUR,German Final GDP q/q,Medium,1.5%,1.5%,
2021-08-24,4:00am,GBP,MPC Member Tenreyro Speaks,Medium,,,
2021-08-24,5:00am,GBP,CBI Realized Sales,Medium,19,23,
2021-08-24,8:59am,USD,Richmond Manufacturing Index,Medium,25,27,
2021-08-24,9:00am,USD,New Home Sales,Medium,698K,701K,
2021-08-24,3:30pm,USD,API Weekly Statistical Bulletin,Medium,,,
2021-08-25,WedAug 25,EUR,German ifo Business Climate,Low,100.2,100.7,
2021-08-25,7:30am,USD,Core Durable Goods Orders m/m,Low,0.5%,0.5%,
2021-08-25,7:30am,USD,Durable Goods Orders m/m,Medium,-0.3%,0.9%,
2021-08-25,7:56am,EUR,Belgian NBB Business Climate,Medium,9.1,10.1,
2021-08-25,9:30am,USD,Crude Oil Inventories,Low,-1.9M,-3.2M,
2021-08-25,6:50pm,JPY,SPPI y/y,Medium,1.3%,1.3%,
2021-08-26,3:00am,EUR,M3 Money Supply y/y,Medium,7.6%,8.3%,
2021-08-26,3:00am,EUR,Private Loans y/y,Medium,4.1%,4.0%,
2021-08-26,6:30am,EUR,ECB Monetary Policy Meeting Accounts,Medium,,,
2021-08-26,7:30am,USD,Prelim GDP q/q,High,6.7%,6.5%,
2021-08-26,7:30am,USD,Unemployment Claims,Low,345K,349K,
2021-08-26,7:30am,USD,Prelim GDP Price Index q/q,Medium,6.0%,6.0%,
2021-08-26,9:30am,USD,Natural Gas Storage,Medium,40B,46B,
2021-08-26,4:00pm,USD,President Biden Speaks,Medium,,,
2021-08-26,6:30pm,JPY,Tokyo Core CPI y/y,Medium,-0.1%,0.1%,
2021-08-27,7:30am,USD,Core PCE Price Index m/m,High,0.3%,0.5%,
2021-08-27,7:30am,USD,Goods Trade Balance,Medium,-90.8B,-92.1B,
2021-08-27,7:30am,USD,Personal Income m/m,Medium,0.2%,0.2%,
2021-08-27,7:30am,USD,Personal Spending m/m,Medium,0.4%,1.1%,
2021-08-27,7:30am,USD,Prelim Wholesale Inventories m/m,Medium,1.0%,1.1%,
2021-08-27,9:00am,USD,Fed Chairman Powell Speaks,High,,,
2021-08-27,9:00am,USD,Revised UoM Consumer Sentiment,Low,70.9,70.2,
2021-08-27,9:00am,USD,Revised UoM Inflation Expectations,Medium,,4.6%,
2021-08-30,2:00am,CHF,KOF Economic Barometer,Medium,126.3,130.9,
2021-08-30,2:00am,EUR,Spanish Flash CPI y/y,Medium,3.0%,2.9%,
2021-08-30,All Day,GBP,Bank Holiday,Low,,,
2021-08-30,9:00am,USD,Pending Home Sales m/m,Low,0.5%,-2.0%,
2021-08-30,6:30pm,JPY,Unemployment Rate,Medium,2.9%,2.9%,
2021-08-30,6:50pm,JPY,Prelim Industrial Production m/m,Medium,-2.4%,6.5%,
2021-08-30,11:59pm,JPY,Consumer Confidence,Medium,36.1,37.5,
2021-08-31,1:45am,EUR,French Consumer Spending m/m,Medium,0.1%,0.3%,
2021-08-31,1:45am,EUR,French Prelim CPI m/m,Medium,0.4%,0.1%,
2021-08-31,1:45am,EUR,French Prelim GDP q/q,Medium,0.9%,0.9%,
2021-08-31,2:55am,EUR,German Unemployment Change,Medium,-40K,-90K,
2021-08-31,3:30am,GBP,M4 Money Supply m/m,Medium,0.6%,0.6%,
2021-08-31,3:30am,GBP,Mortgage Approvals,Medium,79K,80K,
2021-08-31,3:30am,GBP,Net Lending to Individuals m/m,Medium,3.5B,18.0B,
2021-08-31,4:00am,EUR,Core CPI Flash Estimate y/y,Medium,1.5%,0.7%,
2021-08-31,4:00am,EUR,CPI Flash Estimate y/y,Medium,2.7%,2.2%,
2021-08-31,4:00am,EUR,Italian Prelim CPI m/m,Medium,0.4%,0.5%,
2021-08-31,4:13am,EUR,Italian 10-y Bond Auction,Medium,,0.66|1.3,
2021-08-31,8:00am,USD,HPI m/m,Medium,1.9%,1.8%,
2021-08-31,8:00am,USD,S&P/CS Composite-20 HPI y/y,Medium,18.7%,17.1%,
2021-08-31,8:45am,USD,Chicago PMI,Low,68.0,73.4,
2021-08-31,9:00am,USD,CB Consumer Confidence,Low,122.9,125.1,
2021-08-31,3:30pm,USD,API Weekly Statistical Bulletin,Medium,,,
2021-08-31,6:01pm,GBP,BRC Shop Price Index y/y,Medium,,-1.2%,
2021-08-31,6:50pm,JPY,Capital Spending q/y,Medium,3.4%,-7.8%,
2021-08-31,7:30pm,JPY,Final Manufacturing PMI,Medium,52.4,52.4,
2021-09-01,WedSep 1,GBP,Nationwide HPI m/m,Medium,0.1%,-0.6%,
2021-09-01,2:15am,EUR,Spanish Manufacturing PMI,Medium,58.9,59.0,
2021-09-01,2:30am,CHF,Manufacturing PMI,Medium,67.9,71.1,
2021-09-01,2:45am,EUR,Italian Manufacturing PMI,Medium,60.1,60.3,
2021-09-01,2:50am,EUR,French Final Manufacturing PMI,Medium,57.4,57.3,
2021-09-01,2:55am,EUR,German Final Manufacturing PMI,Low,62.7,62.7,
2021-09-01,3:00am,EUR,Final Manufacturing PMI,Medium,61.5,61.5,
2021-09-01,3:00am,EUR,Italian Monthly Unemployment Rate,Medium,9.6%,9.4%,
2021-09-01,3:30am,GBP,Final Manufacturing PMI,Medium,60.1,60.1,
2021-09-01,4:00am,EUR,Unemployment Rate,Medium,7.6%,7.8%,
2021-09-01,7:00am,EUR,German Buba President Weidmann Speaks,Medium,,,
2021-09-01,7:15am,USD,ADP Non-Farm Employment Change,High,640K,326K,
2021-09-01,8:45am,USD,Final Manufacturing PMI,Medium,61.2,61.2,
2021-09-01,9:00am,USD,ISM Manufacturing PMI,High,58.5,59.5,
2021-09-01,9:00am,USD,Construction Spending m/m,Medium,0.2%,0.0%,
2021-09-01,9:00am,USD,ISM Manufacturing Prices,Medium,84.1,85.7,
2021-09-01,All Day,USD,Wards Total Vehicle Sales,Medium,14.4M,14.8M,
2021-09-01,9:30am,USD,Crude Oil Inventories,Low,-2.5M,-3.0M,
2021-09-01,11:00am,USD,FOMC Member Bostic Speaks,Low,,,
2021-09-01,6:50pm,JPY,Monetary Base y/y,Medium,16.2%,15.4%,
2021-09-01,10:35pm,JPY,10-y Bond Auction,Medium,,0.01|3.3,
2021-09-02,ThuSep 2,CHF,Retail Sales y/y,Medium,0.2%,0.1%,
2021-09-02,2:00am,CHF,GDP q/q,Medium,1.9%,-0.4%,
2021-09-02,2:00am,EUR,Spanish Unemployment Change,Low,-164.7K,-197.8K,
2021-09-02,3:47am,EUR,Spanish 10-y Bond Auction,Medium,,0.20|1.3,
2021-09-02,3:56am,EUR,French 10-y Bond Auction,Medium,,-0.23|1.8,
2021-09-02,4:00am,EUR,PPI m/m,Medium,1.3%,1.4%,
2021-09-02,6:30am,USD,Challenger Job Cuts y/y,Medium,,-92.8%,
2021-09-02,7:30am,USD,Unemployment Claims,Low,342K,354K,
2021-09-02,7:30am,USD,Revised Nonfarm Productivity q/q,Medium,2.4%,2.3%,
2021-09-02,7:30am,USD,Revised Unit Labor Costs q/q,Medium,1.0%,1.0%,
2021-09-02,7:30am,USD,Trade Balance,Medium,-70.7B,-73.2B,
2021-09-02,9:00am,USD,Factory Orders m/m,Medium,0.4%,1.5%,
2021-09-02,9:30am,USD,Natural Gas Storage,Medium,25B,29B,
2021-09-02,12:00pm,USD,FOMC Member Bostic Speaks,Low,,,
2021-09-02,2:00pm,USD,FOMC Member Daly Speaks,Low,,,
2021-09-03,2:15am,EUR,Spanish Services PMI,Medium,61.4,61.9,
2021-09-03,2:45am,EUR,Italian Services PMI,Medium,58.4,58.0,
2021-09-03,2:50am,EUR,French Final Services PMI,Medium,56.4,56.4,
2021-09-03,2:55am,EUR,German Final Services PMI,Medium,61.5,61.5,
2021-09-03,3:00am,EUR,Final Services PMI,Medium,59.7,59.7,
2021-09-03,3:30am,GBP,Final Services PMI,Medium,55.5,55.5,
2021-09-03,4:00am,EUR,Retail Sales m/m,Medium,0.0%,1.8%,
2021-09-03,7:30am,USD,Average Hourly Earnings m/m,High,0.3%,0.4%,
2021-09-03,7:30am,USD,Non-Farm Employment Change,High,720K,1053K,
2021-09-03,7:30am,USD,Unemployment Rate,High,5.2%,5.4%,
2021-09-03,8:45am,USD,Final Services PMI,Medium,55.2,55.2,
2021-09-03,9:00am,USD,ISM Services PMI,High,61.9,64.1,
2021-09-03,9:30am,USD,President Biden Speaks,Medium,,,
2021-09-06,3:30am,EUR,Sentix Investor Confidence,Medium,18.3,22.2,
2021-09-06,3:30am,GBP,Construction PMI,Medium,57.4,58.7,
2021-09-06,6:10am,GBP,MPC Member Mann Speaks,Medium,,,
2021-09-06,All Day,USD,Bank Holiday,Low,,,
2021-09-06,6:01pm,GBP,BRC Retail Sales Monitor y/y,Medium,3.2%,4.7%,
2021-09-06,6:30pm,JPY,Average Cash Earnings y/y,Medium,0.2%,0.1%,
2021-09-06,6:30pm,JPY,Household Spending y/y,Medium,2.6%,-5.1%,
2021-09-06,10:35pm,JPY,30-y Bond Auction,Medium,,0.65|3.1,
2021-09-06,11:59pm,JPY,Leading Indicators,Medium,103.5%,104.6%,
2021-09-07,12:45am,CHF,Unemployment Rate,Medium,2.9%,3.0%,
2021-09-07,1:00am,EUR,German Industrial Production m/m,Medium,1.0%,-1.0%,
2021-09-07,1:00am,GBP,Halifax HPI m/m,Medium,1.1%,0.4%,
2021-09-07,2:00am,CHF,Foreign Currency Reserves,Medium,,922B,
2021-09-07,2:30am,GBP,MPC Member Saunders Speaks,Low,,,
2021-09-07,4:00am,EUR,ZEW Economic Sentiment,Low,35.3,42.7,
2021-09-07,4:00am,EUR,German ZEW Economic Sentiment,Low,30.2,40.4,
2021-09-07,4:00am,EUR,Final Employment Change q/q,Medium,0.5%,0.5%,
2021-09-07,4:00am,EUR,Revised GDP q/q,Medium,2.0%,2.0%,
2021-09-07,6:50pm,JPY,Bank Lending y/y,Medium,1.0%,0.9%,
2021-09-07,6:50pm,JPY,Current Account,Medium,1.85T,1.78T,
2021-09-07,6:50pm,JPY,Final GDP q/q,Medium,0.3%,0.3%,
2021-09-07,6:54pm,JPY,Final GDP Price Index y/y,Medium,-0.7%,-0.7%,
2021-09-08,12:30am,EUR,French Final Private Payrolls q/q,Medium,1.2%,1.2%,
2021-09-08,1:45am,EUR,French Trade Balance,Medium,-6.2B,-6.1B,
2021-09-08,3:00am,EUR,Italian Retail Sales m/m,Medium,0.3%,0.7%,
2021-09-08,4:34am,EUR,German 10-y Bond Auction,Medium,,-0.44|1.4,
2021-09-08,9:00am,USD,JOLTS Job Openings,Low,10.03M,10.19M,
2021-09-08,9:02am,USD,RCM/TIPP Economic Optimism,Medium,55.3,53.6,
2021-09-08,10:00am,GBP,Monetary Policy Report Hearings,High,,,
2021-09-08,12:01pm,USD,10-y Bond Auction,Low,,1.34|2.6,
2021-09-08,12:10pm,USD,FOMC Member Williams Speaks,Low,,,
2021-09-08,1:00pm,USD,Beige Book,Medium,,,
2021-09-08,2:00pm,USD,Consumer Credit m/m,Medium,24.5B,37.9B,
2021-09-08,3:30pm,USD,API Weekly Statistical Bulletin,Medium,,,
2021-09-08,6:01pm,GBP,RICS House Price Balance,Medium,75%,77%,
2021-09-08,6:50pm,JPY,M2 Money Stock y/y,Medium,4.7%,5.3%,
2021-09-09,ThuSep 9,JPY,Prelim Machine Tool Orders y/y,Medium,,93.4%,
2021-09-09,6:45am,EUR,Monetary Policy Statement,High,,,
2021-09-09,6:45am,EUR,Main Refinancing Rate,Low,0.00%,0.00%,
2021-09-09,7:30am,EUR,ECB Press Conference,High,,,
2021-09-09,7:30am,USD,Unemployment Claims,Low,343K,345K,
2021-09-09,9:30am,USD,Natural Gas Storage,Medium,38B,20B,
2021-09-09,10:00am,USD,Crude Oil Inventories,Low,-5.9M,-7.2M,
2021-09-09,10:05am,USD,FOMC Member Daly Speaks,Medium,,,
2021-09-09,10:05am,USD,FOMC Member Evans Speaks,Medium,,,
2021-09-09,12:00pm,USD,FOMC Member Bowman Speaks,Medium,,,
2021-09-09,12:01pm,USD,30-y Bond Auction,Low,,2.04|2.2,
2021-09-09,1:00pm,USD,FOMC Member Williams Speaks,Medium,,,
2021-09-10,FriSep 10,GBP,Construction Output m/m,Medium,0.6%,-1.3%,
2021-09-10,FriSep 10,GBP,GDP m/m,Medium,0.5%,1.0%,
2021-09-10,FriSep 10,GBP,Goods Trade Balance,Medium,-10.9B,-12.0B,
2021-09-10,FriSep 10,GBP,Index of Services 3m/3m,Medium,4.7%,5.7%,
2021-09-10,1:02am,GBP,Industrial Production m/m,Medium,0.3%,-0.7%,
2021-09-10,1:02am,GBP,Manufacturing Production m/m,Medium,0.1%,0.2%,
2021-09-10,1:45am,EUR,French Industrial Production m/m,Medium,0.4%,0.6%,
2021-09-10,3:00am,EUR,Italian Industrial Production m/m,Medium,0.0%,1.1%,
2021-09-10,All Day,EUR,Eurogroup Meetings,Medium,,,
2021-09-10,4:30am,EUR,ECB President Lagarde Speaks,Low,,,
2021-09-10,Day 1,EUR,ECOFIN Meetings,Medium,,,
2021-09-10,7:30am,USD,PPI m/m,High,0.6%,1.0%,
2021-09-10,7:30am,USD,Core PPI m/m,Low,0.5%,1.0%,
2021-09-10,7:32am,GBP,NIESR GDP Estimate,Medium,,3.6%,
2021-09-10,9:00am,USD,Final Wholesale Inventories m/m,Medium,0.6%,0.6%,
2021-09-12,6:50pm,JPY,BSI Manufacturing Index,Medium,-0.9,-1.4,
2021-09-12,6:50pm,JPY,PPI y/y,Medium,5.7%,5.6%,
2021-09-13,3:00am,EUR,Italian Quarterly Unemployment Rate,Medium,10.1%,10.1%,
2021-09-13,12:47pm,USD,Federal Budget Balance,Medium,-260.5B,-302.1B,
2021-09-13,11:30pm,JPY,Revised Industrial Production m/m,Medium,-1.5%,-1.5%,
2021-09-14,TueSep 14,GBP,Claimant Count Change,Medium,-71.7K,-48.9K,
2021-09-14,TueSep 14,GBP,Unemployment Rate,Medium,4.6%,4.7%,
2021-09-14,1:30am,CHF,PPI m/m,Medium,0.2%,0.5%,
2021-09-14,2:35am,EUR,German Buba President Weidmann Speaks,Medium,,,
2021-09-14,5:00am,USD,NFIB Small Business Index,Medium,99.0,99.7,
2021-09-14,7:30am,USD,Core CPI m/m,High,0.3%,0.3%,
2021-09-14,7:30am,USD,CPI m/m,High,0.4%,0.5%,
2021-09-14,7:30am,USD,CPI y/y,High,5.3%,5.4%,
2021-09-14,3:30pm,USD,API Weekly Statistical Bulletin,Medium,,,
2021-09-14,6:50pm,JPY,Core Machinery Orders m/m,Medium,2.4%,-1.5%,
2021-09-14,11:30pm,JPY,Tertiary Industry Activity m/m,Medium,0.2%,2.2%,
2021-09-15,WedSep 15,GBP,Core CPI y/y,Medium,2.9%,1.8%,
2021-09-15,WedSep 15,GBP,RPI y/y,Medium,4.6%,3.8%,
2021-09-15,1:02am,GBP,PPI Input m/m,Medium,0.2%,1.3%,
2021-09-15,1:02am,GBP,PPI Output m/m,Medium,0.4%,0.8%,
2021-09-15,1:45am,EUR,French Final CPI m/m,Medium,0.6%,0.6%,
2021-09-15,3:30am,GBP,HPI y/y,Medium,12.4%,13.1%,
2021-09-15,4:00am,EUR,Industrial Production m/m,Medium,0.6%,-0.1%,
2021-09-15,4:02am,GBP,10-y Bond Auction,Medium,,0.66|2.7,
2021-09-15,7:30am,USD,Empire State Manufacturing Index,Low,18.1,18.3,
2021-09-15,7:30am,USD,Import Prices m/m,Medium,0.3%,0.4%,
2021-09-15,8:15am,USD,Industrial Production m/m,Low,0.5%,0.8%,
2021-09-15,8:15am,USD,Capacity Utilization Rate,Medium,76.3%,76.2%,
2021-09-15,8:30am,GBP,CB Leading Index m/m,Medium,,0.5%,
2021-09-15,9:30am,USD,Crude Oil Inventories,Low,-3.6M,-1.5M,
2021-09-15,6:50pm,JPY,Trade Balance,Medium,0.10T,-0.01T,
2021-09-16,3:03am,EUR,Italian Trade Balance,Medium,6.22B,5.67B,
2021-09-16,3:49am,EUR,Spanish 10-y Bond Auction,Medium,,0.31|1.7,
2021-09-16,4:00am,EUR,Trade Balance,Medium,16.8B,11.9B,
2021-09-16,7:00am,EUR,ECB President Lagarde Speaks,Low,,,
2021-09-16,7:30am,USD,Core Retail Sales m/m,High,-0.1%,-1.0%,
2021-09-16,7:30am,USD,Retail Sales m/m,High,-0.7%,-1.8%,
2021-09-16,7:30am,USD,Philly Fed Manufacturing Index,Low,18.9,19.4,
2021-09-16,7:30am,USD,Unemployment Claims,Low,325K,312K,
2021-09-16,9:00am,USD,Business Inventories m/m,Medium,0.5%,0.9%,
2021-09-16,9:30am,USD,Natural Gas Storage,Medium,76B,52B,
2021-09-16,3:00pm,USD,TIC Long-Term Purchases,Medium,60.5B,110.9B,
2021-09-17,3:00am,EUR,Current Account,Medium,22.3B,21.8B,
2021-09-17,3:30am,GBP,Consumer Inflation Expectations,Medium,,2.4%,
2021-09-17,4:00am,EUR,Final Core CPI y/y,Medium,1.6%,1.6%,
2021-09-17,4:00am,EUR,Final CPI y/y,Medium,3.0%,2.2%,
2021-09-17,9:00am,USD,Prelim UoM Consumer Sentiment,Low,71.9,70.3,
2021-09-17,9:00am,USD,Prelim UoM Inflation Expectations,Medium,,4.6%,
2021-09-19,6:01pm,GBP,Rightmove HPI m/m,Medium,,-0.3%,
2021-09-19,All Day,JPY,Bank Holiday,Low,,,
2021-09-20,9:00am,USD,NAHB Housing Market Index,Medium,74,75,
2021-09-21,TueSep 21,GBP,Public Sector Net Borrowing,Medium,14.5B,6.2B,
2021-09-21,5:00am,GBP,CBI Industrial Order Expectations,Medium,15,18,
2021-09-21,7:30am,USD,Building Permits,Medium,1.60M,1.63M,
2021-09-21,7:30am,USD,Current Account,Medium,-193B,-189B,
2021-09-21,7:30am,USD,Housing Starts,Medium,1.55M,1.55M,
2021-09-21,3:30pm,USD,API Weekly Statistical Bulletin,Medium,,,
2021-09-21,9:48pm,JPY,Monetary Policy Statement,Low,,,
2021-09-21,9:48pm,JPY,BOJ Policy Rate,Medium,-0.10%,-0.10%,
2021-09-22,9:00am,USD,Existing Home Sales,Medium,5.87M,6.00M,
2021-09-22,9:30am,USD,Crude Oil Inventories,Low,-3.3M,-6.4M,
2021-09-22,1:00pm,USD,FOMC Economic Projections,High,,,
2021-09-22,1:00pm,USD,FOMC Statement,High,,,
2021-09-22,1:00pm,USD,Federal Funds Rate,Low,<0.25%,<0.25%,
2021-09-22,1:30pm,USD,FOMC Press Conference,High,,,
2021-09-22,3:00pm,EUR,Consumer Confidence,Medium,-6,-5,
2021-09-22,All Day,JPY,Bank Holiday,Low,,,
2021-09-23,ThuSep 23,EUR,French Flash Services PMI,Low,56.1,56.3,
2021-09-23,2:30am,CHF,SNB Monetary Policy Assessment,High,,,
2021-09-23,2:30am,CHF,SNB Policy Rate,Low,-0.75%,-0.75%,
2021-09-23,2:30am,EUR,German Flash Manufacturing PMI,High,61.3,62.6,
2021-09-23,2:30am,EUR,German Flash Services PMI,High,60.3,60.8,
2021-09-23,3:00am,EUR,Flash Manufacturing PMI,Low,60.4,61.4,
2021-09-23,3:00am,EUR,Flash Services PMI,Low,58.4,59.0,
2021-09-23,3:00am,EUR,ECB Economic Bulletin,Medium,,,
2021-09-23,3:30am,CHF,SNB Press Conference,High,,,
2021-09-23,3:30am,GBP,Flash Manufacturing PMI,Low,59.0,60.3,
2021-09-23,3:30am,GBP,Flash Services PMI,Low,55.0,55.0,
2021-09-23,6:00am,GBP,Asset Purchase Facility,High,875B,875B,
2021-09-23,6:00am,GBP,Monetary Policy Summary,High,,,
2021-09-23,6:00am,GBP,MPC Asset Purchase Facility Votes,High,0-1-8,0-1-7,
2021-09-23,6:00am,GBP,BOE Inflation Letter,Low,,,
2021-09-23,6:00am,GBP,MPC Official Bank Rate Votes,Low,0-0-9,0-0-8,
2021-09-23,6:00am,GBP,Official Bank Rate,Low,0.10%,0.10%,
2021-09-23,7:30am,USD,Unemployment Claims,Low,322K,335K,
2021-09-23,8:45am,USD,Flash Manufacturing PMI,Low,60.7,61.1,
2021-09-23,8:45am,USD,Flash Services PMI,Low,55.1,55.1,
2021-09-23,9:00am,USD,CB Leading Index m/m,Medium,0.7%,0.8%,
2021-09-23,9:30am,USD,Natural Gas Storage,Medium,76B,83B,
2021-09-23,6:01pm,GBP,GfK Consumer Confidence,Medium,-7,-8,
2021-09-23,6:30pm,JPY,National Core CPI y/y,Medium,0.0%,-0.2%,
2021-09-23,7:30pm,JPY,Flash Manufacturing PMI,Medium,52.5,52.7,
2021-09-24,5:00am,GBP,CBI Realized Sales,Medium,35,60,
2021-09-24,7:56am,EUR,Belgian NBB Business Climate,Medium,6.7,7.6,
2021-09-24,8:00am,GBP,MPC Member Tenreyro Speaks,Medium,,,
2021-09-24,9:00am,USD,Fed Chairman Powell Speaks,High,,,
2021-09-24,9:00am,USD,New Home Sales,Medium,712K,729K,
2021-09-26,6:50pm,JPY,SPPI y/y,Medium,1.2%,1.1%,
2021-09-27,3:00am,EUR,M3 Money Supply y/y,Medium,7.8%,7.6%,
2021-09-27,3:00am,EUR,Private Loans y/y,Medium,4.3%,4.2%,
2021-09-27,5:00am,EUR,German Buba Monthly Report,Medium,,,
2021-09-27,6:45am,EUR,ECB President Lagarde Speaks,Low,,,
2021-09-27,7:00am,USD,FOMC Member Evans Speaks,Low,,,
2021-09-27,7:30am,USD,Core Durable Goods Orders m/m,Low,0.5%,0.8%,
2021-09-27,7:30am,USD,Durable Goods Orders m/m,Low,0.7%,0.5%,
2021-09-27,8:00am,USD,FOMC Member Williams Speaks,Medium,,,
2021-09-27,10:00am,GBP,BOE Gov Bailey Speaks,High,,,
2021-09-27,11:00am,USD,FOMC Member Williams Speaks,Low,,,
2021-09-27,11:50am,USD,FOMC Member Brainard Speaks,Low,,,
2021-09-27,6:50pm,JPY,Monetary Policy Meeting Minutes,Medium,,,
2021-09-27,11:59pm,JPY,BOJ Core CPI y/y,Medium,0.2%,0.2%,
2021-09-28,4:04am,GBP,30-y Bond Auction,Medium,,0.97|2.4,
2021-09-28,7:00am,EUR,ECB President Lagarde Speaks,Medium,,,
2021-09-28,7:30am,USD,Goods Trade Balance,Medium,-87.4B,-86.8B,
2021-09-28,7:30am,USD,Prelim Wholesale Inventories m/m,Medium,0.8%,0.6%,
2021-09-28,7:50am,GBP,MPC Member Mann Speaks,Medium,,,
2021-09-28,8:00am,USD,FOMC Member Evans Speaks,Medium,,,
2021-09-28,8:00am,USD,HPI m/m,Medium,1.5%,1.7%,
2021-09-28,8:00am,USD,S&P/CS Composite-20 HPI y/y,Medium,20.1%,19.1%,
2021-09-28,8:59am,USD,Richmond Manufacturing Index,Medium,12,9,
2021-09-28,9:00am,USD,Fed Chairman Powell Testifies,High,,,
2021-09-28,9:00am,USD,CB Consumer Confidence,Low,115.2,115.2,
2021-09-28,12:40pm,USD,FOMC Member Bowman Speaks,Low,,,
2021-09-28,2:00pm,USD,FOMC Member Bostic Speaks,Low,,,
2021-09-28,3:30pm,USD,API Weekly Statistical Bulletin,Medium,,,
2021-09-28,6:01pm,GBP,BRC Shop Price Index y/y,Medium,,-0.8%,
2021-09-29,2:00am,EUR,Spanish Flash CPI y/y,Medium,3.5%,3.3%,
2021-09-29,3:00am,CHF,UBS Economic Expectations,Medium,,-7.8,
2021-09-29,3:30am,GBP,M4 Money Supply m/m,Medium,0.3%,0.1%,
2021-09-29,3:32am,GBP,Mortgage Approvals,Medium,73K,75K,
2021-09-29,3:32am,GBP,Net Lending to Individuals m/m,Medium,3.9B,-1.7B,
2021-09-29,4:12am,EUR,Italian 10-y Bond Auction,Medium,,0.67|1.4,
2021-09-29,4:37am,EUR,German 10-y Bond Auction,Medium,,-0.38|1.1,
2021-09-29,8:00am,CHF,SNB Quarterly Bulletin,Medium,,,
2021-09-29,9:00am,USD,Pending Home Sales m/m,Low,1.1%,-2.0%,
2021-09-29,9:30am,USD,Crude Oil Inventories,Low,-2.5M,-3.5M,
2021-09-29,10:45am,EUR,ECB President Lagarde Speaks,Low,,,
2021-09-29,10:45am,GBP,BOE Gov Bailey Speaks,High,,,
2021-09-29,10:45am,JPY,BOJ Gov Kuroda Speaks,Low,,,
2021-09-29,10:45am,USD,Fed Chairman Powell Speaks,High,,,
2021-09-29,1:00pm,USD,FOMC Member Bostic Speaks,Medium,,,
2021-09-29,6:50pm,JPY,Prelim Industrial Production m/m,Medium,-0.5%,-1.5%,
2021-09-29,6:50pm,JPY,Retail Sales y/y,Medium,-0.9%,2.4%,
2021-09-29,11:59pm,JPY,Housing Starts y/y,Medium,9.6%,9.9%,
2021-09-30,ThuSep 30,GBP,Final GDP q/q,Medium,4.8%,4.8%,
2021-09-30,ThuSep 30,GBP,Nationwide HPI m/m,Medium,0.6%,2.0%,
2021-09-30,ThuSep 30,GBP,Revised Business Investment q/q,Medium,2.4%,2.4%,
2021-09-30,All Day,EUR,German Prelim CPI m/m,Medium,0.1%,0.0%,
2021-09-30,1:45am,EUR,French Consumer Spending m/m,Medium,0.0%,-2.4%,
2021-09-30,1:45am,EUR,French Prelim CPI m/m,Medium,-0.1%,0.6%,
2021-09-30,2:00am,CHF,KOF Economic Barometer,Medium,110.3,113.5,
2021-09-30,2:05am,JPY,BOJ Gov Kuroda Speaks,Low,,,
2021-09-30,2:55am,EUR,German Unemployment Change,Medium,-38K,-53K,
2021-09-30,3:00am,EUR,Italian Monthly Unemployment Rate,Medium,9.2%,9.3%,
2021-09-30,4:00am,EUR,Italian Prelim CPI m/m,Medium,-0.3%,0.4%,
2021-09-30,4:00am,EUR,Unemployment Rate,Medium,7.5%,7.6%,
2021-09-30,7:30am,USD,Final GDP q/q,Low,6.6%,6.6%,
2021-09-30,7:30am,USD,Unemployment Claims,Low,333K,351K,
2021-09-30,7:30am,USD,Final GDP Price Index q/q,Medium,6.1%,6.1%,
2021-09-30,8:45am,USD,Chicago PMI,Low,64.9,66.8,
2021-09-30,9:00am,USD,Fed Chairman Powell Testifies,High,,,
2021-09-30,9:00am,USD,FOMC Member Williams Speaks,Low,,,
2021-09-30,9:30am,USD,Natural Gas Storage,Medium,86B,76B,
2021-09-30,10:00am,USD,FOMC Member Bostic Speaks,Low,,,
2021-09-30,11:30am,USD,FOMC Member Evans Speaks,Low,,,
2021-09-30,6:30pm,JPY,Unemployment Rate,Medium,2.9%,2.8%,
2021-09-30,6:50pm,JPY,BOJ Summary of Opinions,Medium,,,
2021-09-30,6:50pm,JPY,Tankan Manufacturing Index,Medium,13,14,
2021-09-30,6:50pm,JPY,Tankan Non-Manufacturing Index,Medium,0,1,
2021-09-30,7:30pm,JPY,Final Manufacturing PMI,Medium,51.5,51.2,
2021-10-01,1:00am,EUR,German Retail Sales m/m,Medium,1.6%,-4.5%,
2021-10-01,1:45am,EUR,French Gov Budget Balance,Medium,,-166.6B,
2021-10-01,2:15am,EUR,Spanish Manufacturing PMI,Medium,58.1,59.5,
2021-10-01,2:30am,CHF,Manufacturing PMI,Medium,65.6,67.7,
2021-10-01,2:45am,EUR,Italian Manufacturing PMI,Medium,59.4,60.9,
2021-10-01,2:50am,EUR,French Final Manufacturing PMI,Medium,55.2,55.2,
2021-10-01,2:55am,EUR,German Final Manufacturing PMI,Low,58.5,58.5,
2021-10-01,3:00am,EUR,Final Manufacturing PMI,Medium,58.7,58.7,
2021-10-01,3:30am,GBP,Final Manufacturing PMI,Medium,56.3,56.3,
2021-10-01,4:00am,EUR,Core CPI Flash Estimate y/y,Medium,1.9%,1.6%,
2021-10-01,4:00am,EUR,CPI Flash Estimate y/y,Medium,3.3%,3.0%,
2021-10-01,7:30am,USD,Core PCE Price Index m/m,High,0.2%,0.3%,
2021-10-01,7:30am,USD,Personal Income m/m,Medium,0.2%,1.1%,
2021-10-01,7:30am,USD,Personal Spending m/m,Medium,0.7%,-0.1%,
2021-10-01,8:45am,USD,Final Manufacturing PMI,Medium,60.5,60.5,
2021-10-01,9:00am,USD,ISM Manufacturing PMI,High,59.6,59.9,
2021-10-01,9:00am,USD,Revised UoM Consumer Sentiment,Low,71.0,71.0,
2021-10-01,9:00am,USD,Construction Spending m/m,Medium,0.3%,0.3%,
2021-10-01,9:00am,USD,ISM Manufacturing Prices,Medium,78.1,79.4,
2021-10-01,9:00am,USD,Revised UoM Inflation Expectations,Medium,,4.7%,
2021-10-01,All Day,USD,Wards Total Vehicle Sales,Medium,12.9M,13.1M,
2021-10-03,6:50pm,JPY,Monetary Base y/y,Medium,15.3%,14.9%,
2021-10-04,MonOct 4,CHF,Retail Sales y/y,Medium,0.6%,-2.3%,
2021-10-04,2:00am,EUR,Spanish Unemployment Change,Low,-80.3K,-82.6K,
2021-10-04,3:30am,EUR,Sentix Investor Confidence,Medium,18.5,19.6,
2021-10-04,All Day,EUR,Eurogroup Meetings,Medium,,,
2021-10-04,9:00am,USD,Factory Orders m/m,Medium,1.1%,0.7%,
2021-10-04,10:15am,USD,President Biden Speaks,Medium,,,
2021-10-04,6:30pm,JPY,Tokyo Core CPI y/y,Medium,0.2%,0.0%,
2021-10-04,10:35pm,JPY,10-y Bond Auction,Medium,,0.02|3.4,
2021-10-04,11:30pm,JPY,BOJ Gov Kuroda Speaks,Low,,,
2021-10-05,2:15am,EUR,Spanish Services PMI,Medium,58.3,60.1,
2021-10-05,2:45am,EUR,Italian Services PMI,Medium,56.4,58.0,
2021-10-05,2:50am,EUR,French Final Services PMI,Medium,56.0,56.0,
2021-10-05,2:55am,EUR,German Final Services PMI,Medium,56.0,56.0,
2021-10-05,3:00am,EUR,Final Services PMI,Medium,56.3,56.3,
2021-10-05,3:30am,GBP,Final Services PMI,Medium,54.6,54.6,
2021-10-05,4:00am,EUR,PPI m/m,Medium,1.3%,2.5%,
2021-10-05,All Day,EUR,ECOFIN Meetings,Medium,,,
2021-10-05,7:30am,USD,Trade Balance,Medium,-70.5B,-70.3B,
2021-10-05,8:45am,USD,Final Services PMI,Medium,54.4,54.4,
2021-10-05,8:54am,USD,RCM/TIPP Economic Optimism,Medium,51.3,48.5,
2021-10-05,9:00am,USD,ISM Services PMI,High,59.9,61.7,
2021-10-05,11:15am,EUR,ECB President Lagarde Speaks,Low,,,
2021-10-05,12:15pm,USD,FOMC Member Quarles Speaks,Low,,,
2021-10-05,3:30pm,USD,API Weekly Statistical Bulletin,Medium,,,
2021-10-06,3:30am,GBP,Construction PMI,Medium,53.9,55.2,
2021-10-06,3:30am,GBP,Housing Equity Withdrawal q/q,Medium,-0.9B,6.1B,
2021-10-06,4:00am,EUR,Retail Sales m/m,Medium,0.7%,-2.6%,
2021-10-06,7:15am,USD,ADP Non-Farm Employment Change,High,425K,340K,
2021-10-06,8:00am,USD,FOMC Member Bostic Speaks,Medium,,,
2021-10-06,9:30am,USD,Crude Oil Inventories,Low,0.8M,4.6M,
2021-10-06,10:30am,USD,FOMC Member Bostic Speaks,Medium,,,
2021-10-07,12:45am,CHF,Unemployment Rate,Medium,2.8%,2.9%,
2021-10-07,1:00am,EUR,German Industrial Production m/m,Medium,-0.4%,1.3%,
2021-10-07,1:00am,GBP,Halifax HPI m/m,Medium,1.3%,0.8%,
2021-10-07,1:45am,EUR,French Trade Balance,Medium,-6.8B,-7.1B,
2021-10-07,2:00am,CHF,Foreign Currency Reserves,Medium,,929B,
2021-10-07,3:00am,EUR,Italian Retail Sales m/m,Medium,0.2%,-0.3%,
2021-10-07,3:56am,EUR,Spanish 10-y Bond Auction,Medium,,0.33|1.4,
2021-10-07,4:07am,EUR,French 10-y Bond Auction,Medium,,-0.05|1.8,
2021-10-07,6:30am,EUR,ECB Monetary Policy Meeting Accounts,Medium,,,
2021-10-07,6:30am,USD,Challenger Job Cuts y/y,Medium,,-86.4%,
2021-10-07,7:30am,USD,Unemployment Claims,Low,350K,364K,
2021-10-07,7:40am,USD,FOMC Member Williams Speaks,Medium,,,
2021-10-07,9:30am,USD,Natural Gas Storage,Medium,104B,88B,
2021-10-07,2:00pm,USD,Consumer Credit m/m,Medium,17.4B,17.3B,
2021-10-07,6:30pm,JPY,Average Cash Earnings y/y,Medium,0.3%,0.6%,
2021-10-07,6:30pm,JPY,Household Spending y/y,Medium,-1.2%,0.7%,
2021-10-07,6:50pm,JPY,Current Account,Medium,1.15T,1.41T,
2021-10-08,1:02am,EUR,German Trade Balance,Medium,15.7B,17.7B,
2021-10-08,4:30am,GBP,FPC Meeting Minutes,Medium,,,
2021-10-08,4:30am,GBP,FPC Statement,Medium,,,
2021-10-08,7:05am,EUR,ECB President Lagarde Speaks,Low,,,
2021-10-08,7:05am,USD,Treasury Sec Yellen Speaks,Low,,,
2021-10-08,7:30am,USD,Average Hourly Earnings m/m,High,0.4%,0.4%,
2021-10-08,7:30am,USD,Non-Farm Employment Change,High,490K,366K,
2021-10-08,7:30am,USD,Unemployment Rate,High,5.1%,5.2%,
2021-10-08,9:00am,USD,Final Wholesale Inventories m/m,Medium,1.2%,1.2%,
2021-10-08,10:30am,USD,President Biden Speaks,Medium,,,
2021-10-11,3:00am,EUR,Italian Industrial Production m/m,Medium,-0.4%,1.0%,
2021-10-11,All Day,USD,Bank Holiday,Low,,,
2021-10-11,5:00pm,USD,FOMC Member Evans Speaks,Medium,,,
2021-10-11,6:01pm,GBP,BRC Retail Sales Monitor y/y,Medium,1.3%,1.5%,
2021-10-11,6:50pm,JPY,Bank Lending y/y,Medium,0.8%,0.6%,
2021-10-11,6:50pm,JPY,PPI y/y,Medium,5.8%,5.8%,
2021-10-11,10:35pm,JPY,30-y Bond Auction,Medium,,0.65|3.0,
2021-10-12,TueOct 12,GBP,Average Earnings Index 3m/y,Medium,6.9%,8.3%,
2021-10-12,TueOct 12,GBP,Claimant Count Change,Medium,-60.5K,-88.0K,
2021-10-12,TueOct 12,GBP,Unemployment Rate,Medium,4.5%,4.6%,
2021-10-12,4:00am,EUR,ZEW Economic Sentiment,Low,27.9,31.1,
2021-10-12,4:00am,EUR,German ZEW Economic Sentiment,Low,23.7,26.5,
2021-10-12,5:00am,USD,NFIB Small Business Index,Medium,99.7,100.1,
2021-10-12,9:00am,USD,JOLTS Job Openings,Low,10.95M,11.10M,
2021-10-12,10:15am,USD,FOMC Member Clarida Speaks,Low,,,
2021-10-12,11:30am,USD,FOMC Member Bostic Speaks,Medium,,,
2021-10-12,12:01pm,USD,10-y Bond Auction,Low,,1.34|2.6,
2021-10-12,6:50pm,JPY,Core Machinery Orders m/m,Medium,1.6%,0.9%,
2021-10-12,6:50pm,JPY,M2 Money Stock y/y,Medium,4.4%,4.7%,
2021-10-13,WedOct 13,GBP,Construction Output m/m,Medium,0.4%,-1.0%,
2021-10-13,WedOct 13,GBP,GDP m/m,Medium,0.5%,-0.1%,
2021-10-13,WedOct 13,GBP,Goods Trade Balance,Medium,-11.9B,-14.1B,
2021-10-13,WedOct 13,GBP,Index of Services 3m/3m,Medium,3.9%,5.2%,
2021-10-13,WedOct 13,GBP,Industrial Production m/m,Medium,0.2%,0.3%,
2021-10-13,WedOct 13,GBP,Manufacturing Production m/m,Medium,0.0%,-0.6%,
2021-10-13,4:00am,EUR,Industrial Production m/m,Medium,-1.8%,1.4%,
2021-10-13,4:34am,EUR,German 30-y Bond Auction,Medium,,-0.04|2.0,
2021-10-13,7:00am,GBP,NIESR GDP Estimate,Medium,,2.9%,
2021-10-13,7:30am,USD,Core CPI m/m,High,0.2%,0.1%,
2021-10-13,7:30am,USD,CPI m/m,High,0.3%,0.3%,
2021-10-13,7:30am,USD,CPI y/y,High,5.3%,5.3%,
2021-10-13,8:30am,GBP,MPC Member Cunliffe Speaks,Medium,,,
2021-10-13,12:01pm,USD,30-y Bond Auction,Low,,1.91|2.5,
2021-10-13,1:00pm,USD,FOMC Meeting Minutes,High,,,
2021-10-13,3:30pm,USD,FOMC Member Brainard Speaks,Low,,,
2021-10-13,3:30pm,USD,API Weekly Statistical Bulletin,Medium,,,
2021-10-13,6:01pm,GBP,RICS House Price Balance,Medium,70%,72%,
2021-10-13,7:00pm,USD,FOMC Member Bowman Speaks,Low,,,
2021-10-13,11:30pm,JPY,Revised Industrial Production m/m,Medium,-3.2%,-3.2%,
2021-10-14,3:30am,GBP,BOE Credit Conditions Survey,Medium,,,
2021-10-14,5:10am,GBP,MPC Member Tenreyro Speaks,Medium,,,
2021-10-14,7:30am,USD,PPI m/m,High,0.6%,0.7%,
2021-10-14,7:30am,USD,Core PPI m/m,Low,0.5%,0.6%,
2021-10-14,7:30am,USD,Unemployment Claims,Low,315K,329K,
2021-10-14,8:30am,GBP,CB Leading Index m/m,Medium,,0.6%,
2021-10-14,9:00am,USD,FOMC Member Bostic Speaks,Medium,,,
2021-10-14,9:30am,USD,Natural Gas Storage,Medium,97B,118B,
2021-10-14,9:40am,GBP,MPC Member Mann Speaks,Medium,,,
2021-10-14,10:00am,USD,Crude Oil Inventories,Low,1.1M,2.3M,
2021-10-14,12:00pm,USD,FOMC Member Barkin Speaks,Low,,,
2021-10-14,11:30pm,JPY,Tertiary Industry Activity m/m,Medium,-0.3%,-0.6%,
2021-10-15,4:00am,EUR,Italian Trade Balance,Medium,9.23B,8.76B,
2021-10-15,4:00am,EUR,Trade Balance,Medium,14.1B,13.5B,
2021-10-15,7:30am,USD,Core Retail Sales m/m,High,0.5%,2.0%,
2021-10-15,7:30am,USD,Retail Sales m/m,High,-0.2%,0.9%,
2021-10-15,7:30am,USD,Empire State Manufacturing Index,Low,24.9,34.3,
2021-10-15,7:30am,USD,Import Prices m/m,Medium,0.6%,-0.3%,
2021-10-15,9:00am,USD,Prelim UoM Consumer Sentiment,Low,73.5,72.8,
2021-10-15,9:00am,USD,Business Inventories m/m,Medium,0.7%,0.6%,
2021-10-15,9:00am,USD,Prelim UoM Inflation Expectations,Medium,,4.6%,
2021-10-15,11:20am,USD,FOMC Member Williams Speaks,Low,,,
2021-10-17,5:54pm,GBP,Rightmove HPI m/m,Medium,,0.3%,
2021-10-18,8:15am,USD,Industrial Production m/m,Low,0.3%,-0.1%,
2021-10-18,8:15am,USD,Capacity Utilization Rate,Medium,76.6%,76.2%,
2021-10-18,9:00am,USD,NAHB Housing Market Index,Medium,75,76,
2021-10-18,9:30am,GBP,MPC Member Cunliffe Speaks,Medium,,,
2021-10-18,3:00pm,USD,TIC Long-Term Purchases,Medium,27.6B,2.0B,
2021-10-19,5:00am,GBP,MPC Member Mann Speaks,Medium,,,
2021-10-19,7:05am,GBP,BOE Gov Bailey Speaks,Low,,,
2021-10-19,7:30am,USD,Building Permits,Medium,1.67M,1.72M,
2021-10-19,7:30am,USD,Housing Starts,Medium,1.61M,1.58M,
2021-10-19,10:00am,USD,FOMC Member Daly Speaks,Medium,,,
2021-10-19,12:15pm,USD,FOMC Member Bowman Speaks,Low,,,
2021-10-19,1:50pm,USD,FOMC Member Bostic Speaks,Medium,,,
2021-10-19,2:00pm,USD,FOMC Member Waller Speaks,Low,,,
2021-10-19,3:30pm,USD,API Weekly Statistical Bulletin,Medium,,,
2021-10-19,6:50pm,JPY,Trade Balance,Medium,-0.59T,-0.34T,
2021-10-20,WedOct 20,GBP,CPI y/y,High,3.2%,3.2%,
2021-10-20,WedOct 20,GBP,Core CPI y/y,Medium,3.0%,3.1%,
2021-10-20,WedOct 20,GBP,PPI Input m/m,Medium,1.0%,0.5%,
2021-10-20,WedOct 20,GBP,PPI Output m/m,Medium,0.5%,0.7%,
2021-10-20,WedOct 20,GBP,RPI y/y,Medium,4.7%,4.8%,
2021-10-20,3:00am,EUR,Current Account,Medium,24.3B,22.6B,
2021-10-20,3:30am,GBP,HPI y/y,Medium,9.2%,8.5%,
2021-10-20,4:00am,EUR,Final Core CPI y/y,Medium,1.9%,1.9%,
2021-10-20,4:00am,EUR,Final CPI y/y,Medium,3.4%,3.4%,
2021-10-20,4:08am,GBP,10-y Bond Auction,Medium,,0.74|2.5,
2021-10-20,4:35am,EUR,German 10-y Bond Auction,Medium,,-0.22|1.1,
2021-10-20,9:30am,USD,Crude Oil Inventories,Low,2.1M,6.1M,
2021-10-20,11:00am,USD,FOMC Member Evans Speaks,Medium,,,
2021-10-20,12:00pm,USD,FOMC Member Quarles Speaks,Medium,,,
2021-10-20,1:00pm,USD,Beige Book,Medium,,,
2021-10-21,5:00am,GBP,CBI Industrial Order Expectations,Medium,17,22,
2021-10-21,7:30am,USD,Philly Fed Manufacturing Index,Low,25.1,30.7,
2021-10-21,7:30am,USD,Unemployment Claims,Low,298K,296K,
2021-10-21,8:00am,USD,FOMC Member Waller Speaks,Low,,,
2021-10-21,9:00am,EUR,Consumer Confidence,Medium,-5,-4,
2021-10-21,9:00am,USD,CB Leading Index m/m,Medium,0.4%,0.8%,
2021-10-21,9:00am,USD,Existing Home Sales,Medium,6.10M,5.88M,
2021-10-21,9:30am,USD,Natural Gas Storage,Medium,87B,81B,
2021-10-21,6:01pm,GBP,GfK Consumer Confidence,Medium,-16,-13,
2021-10-21,6:30pm,JPY,National Core CPI y/y,Medium,0.1%,0.0%,
2021-10-21,7:30pm,JPY,Flash Manufacturing PMI,Medium,51.6,51.5,
2021-10-22,2:15am,EUR,French Flash Manufacturing PMI,Low,53.9,55.0,
2021-10-22,2:15am,EUR,French Flash Services PMI,Low,55.6,56.2,
2021-10-22,2:30am,EUR,German Flash Manufacturing PMI,High,56.5,58.4,
2021-10-22,2:30am,EUR,German Flash Services PMI,High,55.2,56.2,
2021-10-22,3:00am,EUR,Flash Manufacturing PMI,Low,57.0,58.6,
2021-10-22,3:00am,EUR,Flash Services PMI,Low,55.4,56.4,
2021-10-22,3:30am,GBP,Flash Manufacturing PMI,Low,56.1,57.1,
2021-10-22,3:30am,GBP,Flash Services PMI,Low,54.5,55.4,
2021-10-22,8:45am,USD,Flash Manufacturing PMI,Low,60.5,60.7,
2021-10-22,8:45am,USD,Flash Services PMI,Low,55.3,54.9,
2021-10-22,9:00am,USD,FOMC Member Daly Speaks,Medium,,,
2021-10-22,10:00am,USD,Fed Chairman Powell Speaks,High,,,
2021-10-22,12:58pm,USD,Federal Budget Balance,Medium,-61.0B,-170.6B,
2021-10-25,5:00am,EUR,German Buba Monthly Report,Medium,,,
2021-10-25,8:00am,EUR,Belgian NBB Business Climate,Medium,2.3,4.0,
2021-10-25,8:00am,GBP,MPC Member Tenreyro Speaks,Medium,,,
2021-10-25,6:50pm,JPY,SPPI y/y,Medium,1.1%,1.0%,
2021-10-25,11:59pm,JPY,BOJ Core CPI y/y,Medium,0.3%,0.3%,
2021-10-26,8:00am,USD,HPI m/m,Medium,1.5%,1.4%,
2021-10-26,8:00am,USD,S&P/CS Composite-20 HPI y/y,Medium,20.1%,20.0%,
2021-10-26,8:59am,USD,Richmond Manufacturing Index,Low,4,-3,
2021-10-26,9:00am,USD,CB Consumer Confidence,Low,108.4,109.8,
2021-10-26,9:00am,USD,New Home Sales,Medium,755K,702K,
2021-10-26,3:30pm,USD,API Weekly Statistical Bulletin,Medium,,,
2021-10-26,6:01pm,GBP,BRC Shop Price Index y/y,Medium,,-0.5%,
2021-10-27,WedOct 27,EUR,German Import Prices m/m,Medium,1.5%,1.4%,
2021-10-27,3:00am,CHF,UBS Economic Expectations,Medium,,25.7,
2021-10-27,3:00am,EUR,M3 Money Supply y/y,Medium,7.5%,7.9%,
2021-10-27,3:00am,EUR,Private Loans y/y,Medium,4.4%,4.2%,
2021-10-27,6:34am,GBP,Annual Budget Release,High,,,
2021-10-27,6:34am,GBP,Autumn Forecast Statement,Low,,,
2021-10-27,7:30am,USD,Core Durable Goods Orders m/m,Low,0.4%,0.3%,
2021-10-27,7:30am,USD,Durable Goods Orders m/m,Low,-1.1%,1.3%,
2021-10-27,7:30am,USD,Goods Trade Balance,Medium,-88.2B,-88.2B,
2021-10-27,7:30am,USD,Prelim Wholesale Inventories m/m,Medium,1.0%,1.2%,
2021-10-27,9:30am,USD,Crude Oil Inventories,Low,2.0M,-0.4M,
2021-10-27,6:50pm,JPY,Retail Sales y/y,Medium,-2.2%,-3.2%,
2021-10-27,9:45pm,JPY,BOJ Outlook Report,High,,,
2021-10-27,9:45pm,JPY,Monetary Policy Statement,Low,,,
2021-10-27,9:45pm,JPY,BOJ Policy Rate,Medium,-0.10%,-0.10%,
2021-10-28,1:30am,JPY,BOJ Press Conference,Low,,,
2021-10-28,2:00am,EUR,Spanish Flash CPI y/y,Medium,4.4%,4.0%,
2021-10-28,2:00am,EUR,Spanish Unemployment Rate,Medium,14.1%,15.3%,
2021-10-28,2:55am,EUR,German Unemployment Change,Medium,-20K,-31K,
2021-10-28,4:19am,EUR,Italian 10-y Bond Auction,Medium,,0.86|1.7,
2021-10-28,6:45am,EUR,Monetary Policy Statement,High,,,
2021-10-28,6:45am,EUR,Main Refinancing Rate,Low,0.00%,0.00%,
2021-10-28,7:30am,EUR,ECB Press Conference,High,,,
2021-10-28,7:30am,USD,Advance GDP q/q,High,2.6%,6.7%,
2021-10-28,7:30am,USD,Advance GDP Price Index q/q,Low,5.3%,6.1%,
2021-10-28,7:30am,USD,Unemployment Claims,Low,290K,291K,
2021-10-28,9:00am,USD,Pending Home Sales m/m,Low,0.4%,8.1%,
2021-10-28,9:30am,USD,Natural Gas Storage,Medium,86B,92B,
2021-10-28,10:15am,USD,President Biden Speaks,Medium,,,
2021-10-28,6:30pm,JPY,Tokyo Core CPI y/y,Medium,0.3%,0.1%,
2021-10-28,6:30pm,JPY,Unemployment Rate,Medium,2.8%,2.8%,
2021-10-28,6:50pm,JPY,Prelim Industrial Production m/m,Medium,-2.8%,-3.6%,
2021-10-28,11:59pm,JPY,Consumer Confidence,Medium,40.4,37.8,
2021-10-29,12:30am,EUR,French Consumer Spending m/m,Medium,0.5%,0.7%,
2021-10-29,12:30am,EUR,French Flash GDP q/q,Medium,2.2%,1.1%,
2021-10-29,1:45am,EUR,French Prelim CPI m/m,Medium,0.3%,-0.2%,
2021-10-29,2:00am,CHF,KOF Economic Barometer,Low,107.8,111.0,
2021-10-29,2:00am,EUR,Spanish Flash GDP q/q,Medium,2.9%,1.1%,
2021-10-29,3:00am,EUR,German Prelim GDP q/q,Low,2.2%,1.6%,
2021-10-29,3:00am,EUR,Italian Prelim GDP q/q,Medium,2.0%,2.7%,
2021-10-29,3:30am,GBP,M4 Money Supply m/m,Medium,0.6%,0.5%,
2021-10-29,3:30am,GBP,Mortgage Approvals,Medium,72K,74K,
2021-10-29,3:32am,GBP,Net Lending to Individuals m/m,Medium,6.3B,5.0B,
2021-10-29,4:00am,EUR,Core CPI Flash Estimate y/y,Medium,1.9%,1.9%,
2021-10-29,4:00am,EUR,CPI Flash Estimate y/y,Medium,3.7%,3.4%,
2021-10-29,4:00am,EUR,Italian Prelim CPI m/m,Medium,0.4%,-0.2%,
2021-10-29,4:00am,EUR,Prelim Flash GDP q/q,Medium,2.1%,2.2%,
2021-10-29,7:30am,USD,Core PCE Price Index m/m,High,0.2%,0.3%,
2021-10-29,7:30am,USD,Employment Cost Index q/q,Medium,0.9%,0.7%,
2021-10-29,7:30am,USD,Personal Income m/m,Medium,-0.2%,0.2%,
2021-10-29,7:30am,USD,Personal Spending m/m,Medium,0.6%,1.0%,
2021-10-29,8:45am,USD,Chicago PMI,Low,63.6,64.7,
2021-10-29,9:00am,USD,Revised UoM Consumer Sentiment,Low,71.4,71.4,
2021-10-29,9:00am,USD,Revised UoM Inflation Expectations,Medium,,4.8%,
2021-10-30,9:00pm,CHF,Daylight Saving Time Shift,Low,,,
2021-10-30,9:00pm,EUR,Daylight Saving Time Shift,Low,,,
2021-10-30,9:00pm,GBP,Daylight Saving Time Shift,Low,,,
2021-10-31,7:30pm,JPY,Final Manufacturing PMI,Medium,53.0,53.0,
2021-10-31,10:35pm,JPY,10-y Bond Auction,Medium,,0.05|2.5,
2021-11-01,2:00am,EUR,German Retail Sales m/m,Medium,0.5%,1.2%,
2021-11-01,All Day,EUR,French Bank Holiday,Low,,,
2021-11-01,All Day,EUR,Italian Bank Holiday,Low,,,
2021-11-01,3:30am,CHF,Manufacturing PMI,Medium,65.9,68.1,
2021-11-01,4:30am,GBP,Final Manufacturing PMI,Medium,57.7,57.7,
2021-11-01,8:45am,USD,Final Manufacturing PMI,Medium,59.2,59.2,
2021-11-01,9:00am,USD,ISM Manufacturing PMI,High,60.4,61.1,
2021-11-01,9:00am,USD,Construction Spending m/m,Medium,0.6%,0.1%,
2021-11-01,9:00am,USD,ISM Manufacturing Prices,Medium,82.5,81.2,
2021-11-01,6:50pm,JPY,Monetary Base y/y,Medium,12.3%,11.7%,
2021-11-01,6:50pm,JPY,Monetary Policy Meeting Minutes,Medium,,,
2021-11-02,2:30am,CHF,CPI m/m,Medium,0.2%,0.0%,
2021-11-02,2:30am,CHF,Retail Sales y/y,Medium,1.4%,0.8%,
2021-11-02,3:15am,EUR,Spanish Manufacturing PMI,Medium,58.2,58.1,
2021-11-02,3:45am,EUR,Italian Manufacturing PMI,Medium,59.6,59.7,
2021-11-02,3:50am,EUR,French Final Manufacturing PMI,Medium,53.5,53.5,
2021-11-02,3:55am,EUR,German Final Manufacturing PMI,Medium,58.2,58.2,
2021-11-02,4:00am,EUR,Final Manufacturing PMI,Medium,58.5,58.5,
2021-11-02,8:10am,USD,RCM/TIPP Economic Optimism,Medium,49.3,46.8,
2021-11-02,All Day,USD,Wards Total Vehicle Sales,Medium,12.5M,12.2M,
2021-11-02,3:30pm,USD,API Weekly Statistical Bulletin,Medium,,,
2021-11-02,All Day,JPY,Bank Holiday,Low,,,
2021-11-03,2:45am,EUR,French Gov Budget Balance,Medium,,-178.0B,
2021-11-03,3:00am,EUR,Spanish Unemployment Change,Low,21.2K,-76.1K,
2021-11-03,4:00am,EUR,Italian Monthly Unemployment Rate,Medium,9.3%,9.3%,
2021-11-03,4:30am,GBP,Final Services PMI,Medium,58.0,58.0,
2021-11-03,5:00am,EUR,ECB President Lagarde Speaks,Low,,,
2021-11-03,5:00am,EUR,Unemployment Rate,Medium,7.4%,7.5%,
2021-11-03,7:15am,USD,ADP Non-Farm Employment Change,High,400K,523K,
2021-11-03,8:45am,USD,Final Services PMI,Medium,58.2,58.2,
2021-11-03,9:00am,USD,ISM Services PMI,High,61.9,61.9,
2021-11-03,9:00am,USD,Factory Orders m/m,Medium,0.1%,1.0%,
2021-11-03,9:30am,USD,Crude Oil Inventories,Low,1.9M,4.3M,
2021-11-03,11:00am,GBP,BOE Gov Bailey Speaks,Low,,,
2021-11-03,1:00pm,USD,Federal Funds Rate,High,<0.25%,<0.25%,
2021-11-03,1:00pm,USD,FOMC Statement,High,,,
2021-11-03,1:30pm,USD,FOMC Press Conference,High,,,
2021-11-04,3:00am,CHF,SECO Consumer Climate,Medium,7,8,
2021-11-04,3:15am,EUR,Spanish Services PMI,Medium,55.7,56.9,
2021-11-04,3:45am,EUR,Italian Services PMI,Medium,54.6,55.5,
2021-11-04,3:50am,EUR,French Final Services PMI,Medium,56.6,56.6,
2021-11-04,3:55am,EUR,German Final Services PMI,Medium,52.4,52.4,
2021-11-04,4:00am,EUR,Final Services PMI,Medium,54.7,54.7,
2021-11-04,4:30am,GBP,Construction PMI,Medium,52.0,52.6,
2021-11-04,4:50am,EUR,Spanish 10-y Bond Auction,Medium,,0.45|1.4,
2021-11-04,5:00am,EUR,French 10-y Bond Auction,Medium,,0.15|2.1,
2021-11-04,5:00am,EUR,PPI m/m,Medium,2.3%,1.1%,
2021-11-04,6:30am,USD,Challenger Job Cuts y/y,Medium,,-84.9%,
2021-11-04,7:00am,GBP,Asset Purchase Facility,High,875B,875B,
2021-11-04,7:00am,GBP,BOE Monetary Policy Report,High,,,
2021-11-04,7:00am,GBP,Monetary Policy Summary,High,,,
2021-11-04,7:00am,GBP,MPC Asset Purchase Facility Votes,High,0-2-7,0-2-7,
2021-11-04,7:00am,GBP,MPC Official Bank Rate Votes,High,0-0-9,0-0-9,
2021-11-04,7:00am,GBP,Official Bank Rate,High,0.10%,0.10%,
2021-11-04,7:30am,GBP,BOE Gov Bailey Speaks,High,,,
2021-11-04,7:30am,USD,Unemployment Claims,Low,273K,283K,
2021-11-04,7:30am,USD,Prelim Nonfarm Productivity q/q,Medium,-3.2%,2.1%,
2021-11-04,7:30am,USD,Prelim Unit Labor Costs q/q,Medium,7.1%,1.3%,
2021-11-04,7:30am,USD,Trade Balance,Medium,-80.1B,-72.8B,
2021-11-04,8:00am,EUR,ECB President Lagarde Speaks,Low,,,
2021-11-04,9:30am,USD,Natural Gas Storage,Medium,67B,87B,
2021-11-04,11:50am,GBP,MPC Member Cunliffe Speaks,Medium,,,
2021-11-04,6:30pm,JPY,Household Spending y/y,Medium,-3.5%,-3.0%,
2021-11-05,FriNov 5,GBP,Halifax HPI m/m,Medium,0.7%,1.7%,
2021-11-05,2:45am,EUR,French Industrial Production m/m,Medium,0.0%,1.0%,
2021-11-05,2:45am,EUR,French Prelim Private Payrolls q/q,Medium,0.6%,1.4%,
2021-11-05,3:00am,CHF,Foreign Currency Reserves,Medium,,939B,
2021-11-05,4:00am,EUR,Italian Retail Sales m/m,Medium,0.2%,0.8%,
2021-11-05,5:00am,EUR,Retail Sales m/m,Medium,0.2%,1.0%,
2021-11-05,7:15am,GBP,MPC Member Ramsden Speaks,Medium,,,
2021-11-05,7:30am,USD,Average Hourly Earnings m/m,High,0.4%,0.6%,
2021-11-05,7:30am,USD,Non-Farm Employment Change,High,455K,312K,
2021-11-05,7:30am,USD,Unemployment Rate,High,4.7%,4.8%,
2021-11-05,8:00am,GBP,MPC Member Tenreyro Speaks,Medium,,,
2021-11-05,2:00pm,USD,Consumer Credit m/m,Medium,16.1B,13.8B,
2021-11-07,SunNov 7,USD,Daylight Saving Time Shift,Low,,,
2021-11-07,5:50pm,JPY,BOJ Summary of Opinions,Medium,,,
2021-11-07,11:00pm,JPY,Leading Indicators,Medium,99.9%,101.3%,
2021-11-08,3:30am,EUR,Sentix Investor Confidence,Medium,14.9,16.9,
2021-11-08,All Day,EUR,Eurogroup Meetings,Medium,,,
2021-11-08,8:00am,USD,FOMC Member Clarida Speaks,Low,,,
2021-11-08,9:30am,USD,Fed Chairman Powell Speaks,High,,,
2021-11-08,9:55am,USD,FOMC Member Williams Speaks,Medium,,,
2021-11-08,11:00am,GBP,BOE Gov Bailey Speaks,High,,,
2021-11-08,11:00am,USD,FOMC Member Bowman Speaks,Low,,,
2021-11-08,12:50pm,USD,FOMC Member Evans Speaks,Low,,,
2021-11-08,1:00pm,USD,Loan Officer Survey,Medium,,,
2021-11-08,3:00pm,USD,FOMC Financial Stability Report,Medium,,,
2021-11-08,5:30pm,JPY,Average Cash Earnings y/y,Medium,0.6%,0.6%,
2021-11-08,5:50pm,JPY,Bank Lending y/y,Medium,0.7%,0.6%,
2021-11-08,5:50pm,JPY,Current Account,Medium,0.85T,0.88T,
2021-11-08,6:01pm,GBP,BRC Retail Sales Monitor y/y,Medium,1.1%,-0.6%,
2021-11-08,9:35pm,JPY,30-y Bond Auction,Medium,,0.70|2.9,
2021-11-08,11:00pm,JPY,Economy Watchers Sentiment,Medium,48.6,42.1,
2021-11-09,1:45am,EUR,French Trade Balance,Medium,-7.0B,-6.7B,
2021-11-09,4:00am,EUR,ZEW Economic Sentiment,Low,20.6,21.0,
2021-11-09,4:00am,EUR,German ZEW Economic Sentiment,Low,20.3,22.3,
2021-11-09,All Day,EUR,ECOFIN Meetings,Medium,,,
2021-11-09,5:00am,USD,NFIB Small Business Index,Medium,99.4,99.1,
2021-11-09,7:00am,EUR,ECB President Lagarde Speaks,Low,,,
2021-11-09,7:30am,USD,PPI m/m,High,0.6%,0.5%,
2021-11-09,7:30am,USD,Core PPI m/m,Low,0.5%,0.2%,
2021-11-09,8:00am,USD,Fed Chairman Powell Speaks,High,,,
2021-11-09,9:30am,GBP,MPC Member Broadbent Speaks,Low,,,
2021-11-09,10:00am,GBP,BOE Gov Bailey Speaks,High,,,
2021-11-09,10:35am,USD,FOMC Member Daly Speaks,Medium,,,
2021-11-09,12:01pm,USD,10-y Bond Auction,Low,,1.58|2.6,
2021-11-09,3:30pm,USD,API Weekly Statistical Bulletin,Medium,,,
2021-11-09,5:50pm,JPY,M2 Money Stock y/y,Medium,4.0%,4.2%,
2021-11-09,11:57pm,JPY,Prelim Machine Tool Orders y/y,Medium,,71.9%,
2021-11-10,3:00am,EUR,German Buba President Weidmann Speaks,Medium,,,
2021-11-10,3:00am,EUR,Italian Industrial Production m/m,Medium,-0.1%,-0.3%,
2021-11-10,4:36am,EUR,German 10-y Bond Auction,Medium,,-0.16|1.1,
2021-11-10,7:30am,GBP,MPC Member Tenreyro Speaks,Medium,,,
2021-11-10,7:30am,USD,Core CPI m/m,High,0.4%,0.2%,
2021-11-10,7:30am,USD,CPI m/m,High,0.6%,0.4%,
2021-11-10,7:30am,USD,CPI y/y,High,5.9%,5.4%,
2021-11-10,7:30am,USD,Unemployment Claims,Low,257K,271K,
2021-11-10,9:00am,USD,Final Wholesale Inventories m/m,Medium,1.1%,1.1%,
2021-11-10,9:00am,USD,Mortgage Delinquencies,Medium,,5.47%,
2021-11-10,9:30am,USD,Crude Oil Inventories,Low,1.6M,3.3M,
2021-11-10,11:00am,USD,Natural Gas Storage,Medium,9B,63B,
2021-11-10,12:01pm,USD,30-y Bond Auction,Low,,2.05|2.4,
2021-11-10,1:00pm,USD,Federal Budget Balance,Medium,-180.3B,-61.5B,
2021-11-10,5:50pm,JPY,PPI y/y,Medium,6.9%,6.4%,
2021-11-10,6:01pm,GBP,RICS House Price Balance,Medium,65%,69%,
2021-11-11,ThuNov 11,GBP,Construction Output m/m,Medium,0.2%,-0.7%,
2021-11-11,ThuNov 11,GBP,GDP m/m,Medium,0.4%,0.2%,
2021-11-11,ThuNov 11,GBP,Goods Trade Balance,Medium,-14.3B,-13.7B,
2021-11-11,ThuNov 11,GBP,Index of Services 3m/3m,Medium,1.9%,3.5%,
2021-11-11,ThuNov 11,GBP,Industrial Production m/m,Medium,0.2%,1.0%,
2021-11-11,ThuNov 11,GBP,Manufacturing Production m/m,Medium,0.2%,0.3%,
2021-11-11,ThuNov 11,GBP,Prelim Business Investment q/q,Medium,3.5%,4.5%,
2021-11-11,All Day,EUR,French Bank Holiday,Low,,,
2021-11-11,3:00am,EUR,ECB Economic Bulletin,Medium,,,
2021-11-11,4:00am,EUR,EU Economic Forecasts,Low,,,
2021-11-11,4:45am,GBP,MPC Member Mann Speaks,Medium,,,
2021-11-11,6:58am,GBP,NIESR GDP Estimate,Medium,,1.3%,
2021-11-11,All Day,USD,Bank Holiday,Low,,,
2021-11-11,11:30am,CHF,Gov Board Member Maechler Speaks,Low,,,
2021-11-12,1:30am,CHF,PPI m/m,Medium,0.4%,0.2%,
2021-11-12,4:00am,EUR,Industrial Production m/m,Medium,-0.5%,-1.7%,
2021-11-12,All Day,EUR,ECOFIN Meetings,Medium,,,
2021-11-12,8:00am,GBP,MPC Member Haskel Speaks,Medium,,,
2021-11-12,9:00am,USD,JOLTS Job Openings,Low,10.02M,10.63M,
2021-11-12,9:00am,USD,Prelim UoM Consumer Sentiment,Low,72.5,71.7,
2021-11-12,9:00am,USD,Prelim UoM Inflation Expectations,Medium,,4.8%,
2021-11-12,11:10am,USD,FOMC Member Williams Speaks,Low,,,
2021-11-14,5:50pm,JPY,Prelim GDP Price Index y/y,Medium,-1.2%,-1.1%,
2021-11-14,5:50pm,JPY,Prelim GDP q/q,Medium,-0.2%,0.5%,
2021-11-14,6:01pm,GBP,Rightmove HPI m/m,Medium,,1.8%,
2021-11-14,10:30pm,JPY,Revised Industrial Production m/m,Medium,-5.4%,-5.4%,
2021-11-15,3:30am,GBP,MPC Member Haskel Speaks,Medium,,,
2021-11-15,4:00am,EUR,ECB President Lagarde Speaks,Low,,,
2021-11-15,4:00am,EUR,Trade Balance,Medium,12.5B,9.7B,
2021-11-15,7:30am,USD,Empire State Manufacturing Index,Low,22.1,19.8,
2021-11-15,8:30am,GBP,Monetary Policy Report Hearings,High,,,
2021-11-15,6:45pm,USD,President Biden Speaks,Medium,,,
2021-11-15,10:30pm,JPY,Tertiary Industry Activity m/m,Medium,0.9%,-1.1%,
2021-11-16,TueNov 16,GBP,Claimant Count Change,Medium,-39.2K,-85.9K,
2021-11-16,TueNov 16,GBP,Unemployment Rate,Medium,4.4%,4.5%,
2021-11-16,1:45am,EUR,French Final CPI m/m,Medium,0.4%,0.4%,
2021-11-16,4:00am,EUR,Flash Employment Change q/q,Medium,0.6%,0.7%,
2021-11-16,4:00am,EUR,Flash GDP q/q,Medium,2.2%,2.2%,
2021-11-16,7:30am,USD,Core Retail Sales m/m,High,1.0%,0.7%,
2021-11-16,7:30am,USD,Retail Sales m/m,High,1.3%,0.8%,
2021-11-16,7:30am,USD,Import Prices m/m,Medium,1.0%,0.4%,
2021-11-16,8:15am,USD,Industrial Production m/m,Low,0.9%,-1.3%,
2021-11-16,8:15am,USD,Capacity Utilization Rate,Medium,75.9%,75.2%,
2021-11-16,9:00am,USD,Business Inventories m/m,Medium,0.6%,0.8%,
2021-11-16,9:00am,USD,NAHB Housing Market Index,Medium,80,80,
2021-11-16,10:10am,EUR,ECB President Lagarde Speaks,Medium,,,
2021-11-16,12:30pm,USD,FOMC Member Barkin Speaks,Medium,,,
2021-11-16,12:30pm,USD,FOMC Member Bostic Speaks,Medium,,,
2021-11-16,2:30pm,USD,FOMC Member Daly Speaks,Medium,,,
2021-11-16,3:00pm,USD,TIC Long-Term Purchases,Medium,64.1B,79.3B,
2021-11-16,3:30pm,USD,API Weekly Statistical Bulletin,Medium,,,
2021-11-16,5:50pm,JPY,Core Machinery Orders m/m,Medium,1.4%,-2.4%,
2021-11-16,5:50pm,JPY,Trade Balance,Medium,-0.60T,-0.61T,
2021-11-16,7:20pm,EUR,ECB President Lagarde Speaks,Medium,,,
2021-11-17,WedNov 17,GBP,Core CPI y/y,Medium,3.1%,2.9%,
2021-11-17,WedNov 17,GBP,RPI y/y,Medium,5.7%,4.9%,
2021-11-17,1:02am,GBP,PPI Input m/m,Medium,1.1%,0.8%,
2021-11-17,1:02am,GBP,PPI Output m/m,Medium,0.7%,0.7%,
2021-11-17,3:00am,EUR,ECB Financial Stability Review,Low,,,
2021-11-17,3:02am,EUR,Italian Trade Balance,Medium,2.07B,1.32B,
2021-11-17,3:30am,GBP,HPI y/y,Medium,11.5%,10.2%,
2021-11-17,4:00am,EUR,Final Core CPI y/y,Medium,2.1%,2.1%,
2021-11-17,4:00am,EUR,Final CPI y/y,Medium,4.1%,4.1%,
2021-11-17,4:35am,EUR,German 30-y Bond Auction,Medium,,0.35|2.0,
2021-11-17,7:30am,USD,Building Permits,Medium,1.63M,1.59M,
2021-11-17,7:30am,USD,Housing Starts,Medium,1.58M,1.53M,
2021-11-17,8:10am,USD,FOMC Member Williams Speaks,Low,,,
2021-11-17,8:30am,GBP,CB Leading Index m/m,Medium,,0.1%,
2021-11-17,9:30am,USD,Crude Oil Inventories,Low,1.0M,1.0M,
2021-11-17,10:00am,USD,FOMC Member Bowman Speaks,Medium,,,
2021-11-17,11:40am,USD,FOMC Member Daly Speaks,Medium,,,
2021-11-17,11:40am,USD,FOMC Member Waller Speaks,Medium,,,
2021-11-17,3:05pm,USD,FOMC Member Evans Speaks,Low,,,
2021-11-17,3:10pm,USD,FOMC Member Bostic Speaks,Medium,,,
2021-11-18,3:49am,EUR,Spanish 10-y Bond Auction,Medium,,0.48|1.3,
2021-11-18,7:00am,USD,FOMC Member Bostic Speaks,Medium,,,
2021-11-18,7:30am,USD,Philly Fed Manufacturing Index,Low,24.2,23.8,
2021-11-18,7:30am,USD,Unemployment Claims,Low,260K,269K,
2021-11-18,8:30am,USD,FOMC Member Williams Speaks,Low,,,
2021-11-18,9:00am,USD,CB Leading Index m/m,Medium,0.8%,0.1%,
2021-11-18,9:30am,USD,Natural Gas Storage,Medium,25B,7B,
2021-11-18,1:00pm,USD,FOMC Member Evans Speaks,Low,,,
2021-11-18,2:30pm,USD,FOMC Member Daly Speaks,Medium,,,
2021-11-18,5:30pm,JPY,National Core CPI y/y,Medium,0.1%,0.1%,
2021-11-18,6:01pm,GBP,GfK Consumer Confidence,Medium,-18,-17,
2021-11-19,FriNov 19,GBP,Retail Sales m/m,Low,0.5%,0.0%,
2021-11-19,FriNov 19,GBP,Public Sector Net Borrowing,Medium,12.2B,19.9B,
2021-11-19,2:30am,EUR,ECB President Lagarde Speaks,Low,,,
2021-11-19,3:00am,EUR,Current Account,Medium,16.2B,17.1B,
2021-11-19,6:00am,GBP,MPC Member Pill Speaks,Medium,,,
2021-11-19,7:00am,EUR,German Buba President Weidmann Speaks,Medium,,,
2021-11-19,9:45am,USD,FOMC Member Waller Speaks,Low,,,
2021-11-19,11:15am,USD,FOMC Member Clarida Speaks,Low,,,
2021-11-22,8:59am,EUR,Consumer Confidence,Medium,-5,-5,
2021-11-22,9:00am,USD,Existing Home Sales,Medium,6.20M,6.29M,
2021-11-22,12:20pm,USD,President Biden Speaks,Medium,,,
2021-11-22,All Day,JPY,Bank Holiday,Low,,,
2021-11-23,TueNov 23,EUR,French Flash Manufacturing PMI,Medium,53.1,53.6,
2021-11-23,2:30am,EUR,German Flash Manufacturing PMI,High,57.0,57.8,
2021-11-23,2:30am,EUR,German Flash Services PMI,High,51.4,52.4,
2021-11-23,3:00am,EUR,Flash Manufacturing PMI,Low,57.5,58.3,
2021-11-23,3:00am,EUR,Flash Services PMI,Low,53.6,54.6,
2021-11-23,3:30am,GBP,Flash Manufacturing PMI,Low,57.2,57.8,
2021-11-23,3:30am,GBP,Flash Services PMI,Low,58.6,59.1,
2021-11-23,5:00am,GBP,MPC Member Haskel Speaks,Low,,,
2021-11-23,8:45am,USD,Flash Manufacturing PMI,Low,59.3,58.4,
2021-11-23,8:45am,USD,Flash Services PMI,Low,59.1,58.7,
2021-11-23,9:00am,USD,Richmond Manufacturing Index,Medium,10,12,
2021-11-23,3:30pm,USD,API Weekly Statistical Bulletin,Medium,,,
2021-11-23,6:30pm,JPY,Flash Manufacturing PMI,Medium,53.5,53.2,
2021-11-23,11:00pm,JPY,BOJ Core CPI y/y,Medium,0.4%,0.6%,
2021-11-24,WedNov 24,EUR,German ifo Business Climate,Low,96.8,97.7,
2021-11-24,5:00am,GBP,CBI Industrial Order Expectations,Medium,8,9,
2021-11-24,7:30am,USD,Prelim GDP q/q,High,2.2%,2.0%,
2021-11-24,7:30am,USD,Core Durable Goods Orders m/m,Low,0.5%,0.5%,
2021-11-24,7:30am,USD,Durable Goods Orders m/m,Low,0.2%,-0.3%,
2021-11-24,7:30am,USD,Unemployment Claims,Low,259K,270K,
2021-11-24,7:30am,USD,Goods Trade Balance,Medium,-94.9B,-96.3B,
2021-11-24,7:30am,USD,Prelim GDP Price Index q/q,Medium,5.7%,5.7%,
2021-11-24,7:30am,USD,Prelim Wholesale Inventories m/m,Medium,1.0%,1.4%,
2021-11-24,8:00am,EUR,Belgian NBB Business Climate,Medium,3.5,4.0,
2021-11-24,8:30am,GBP,MPC Member Tenreyro Speaks,Medium,,,
2021-11-24,9:00am,USD,Core PCE Price Index m/m,High,0.4%,0.2%,
2021-11-24,9:00am,USD,Revised UoM Consumer Sentiment,Low,66.8,66.8,
2021-11-24,9:00am,USD,New Home Sales,Medium,801K,742K,
2021-11-24,9:00am,USD,Personal Income m/m,Medium,0.2%,-1.0%,
2021-11-24,9:00am,USD,Personal Spending m/m,Medium,1.0%,0.6%,
2021-11-24,9:00am,USD,Revised UoM Inflation Expectations,Medium,,4.9%,
2021-11-24,9:30am,USD,Crude Oil Inventories,Low,-1.7M,-2.1M,
2021-11-24,11:00am,USD,Natural Gas Storage,Medium,-23B,26B,
2021-11-24,1:00pm,USD,FOMC Meeting Minutes,High,,,
2021-11-24,5:50pm,JPY,SPPI y/y,Medium,0.9%,0.9%,
2021-11-25,ThuNov 25,EUR,German GfK Consumer Climate,Medium,-1.0,1.0,
2021-11-25,5:00am,GBP,CBI Realized Sales,Medium,32,30,
2021-11-25,6:30am,EUR,ECB Monetary Policy Meeting Accounts,Medium,,,
2021-11-25,All Day,USD,Bank Holiday,Low,,,
2021-11-25,7:30am,EUR,ECB President Lagarde Speaks,Low,,,
2021-11-25,8:05am,GBP,MPC Member Haskel Speaks,Medium,,,
2021-11-25,11:00am,GBP,BOE Gov Bailey Speaks,High,,,
2021-11-25,5:30pm,JPY,Tokyo Core CPI y/y,Medium,0.3%,0.1%,
2021-11-26,2:00am,CHF,GDP q/q,Medium,1.6%,1.8%,
2021-11-26,2:00am,EUR,ECB President Lagarde Speaks,Low,,,
2021-11-26,3:00am,EUR,M3 Money Supply y/y,Medium,7.4%,7.5%,
2021-11-26,3:00am,EUR,Private Loans y/y,Medium,4.0%,4.1%,
2021-11-26,7:00am,GBP,MPC Member Pill Speaks,Medium,,,
2021-11-29,2:00am,EUR,Spanish Flash CPI y/y,Medium,5.5%,5.4%,
2021-11-29,2:34am,JPY,BOJ Gov Kuroda Speaks,Low,,,
2021-11-29,3:30am,GBP,M4 Money Supply m/m,Medium,0.7%,0.7%,
2021-11-29,3:30am,GBP,Mortgage Approvals,Medium,71K,72K,
2021-11-29,3:32am,GBP,Net Lending to Individuals m/m,Medium,9.7B,9.6B,
2021-11-29,9:00am,USD,Pending Home Sales m/m,Low,0.8%,-2.4%,
2021-11-29,11:15am,EUR,ECB President Lagarde Speaks,Medium,,,
2021-11-29,2:00pm,USD,FOMC Member Williams Speaks,Medium,,,
2021-11-29,2:05pm,USD,Fed Chairman Powell Speaks,Low,,,
2021-11-29,4:05pm,USD,FOMC Member Bowman Speaks,Medium,,,
2021-11-29,5:30pm,JPY,Unemployment Rate,Medium,2.8%,2.8%,
2021-11-29,5:50pm,JPY,Prelim Industrial Production m/m,Medium,1.9%,-5.4%,
2021-11-29,11:00pm,JPY,Housing Starts y/y,Medium,5.4%,4.3%,
2021-11-30,TueNov 30,EUR,French Prelim CPI m/m,Medium,0.2%,0.4%,
2021-11-30,TueNov 30,EUR,French Prelim GDP q/q,Medium,3.0%,3.0%,
2021-11-30,2:00am,CHF,KOF Economic Barometer,Low,109.0,110.2,
2021-11-30,2:55am,EUR,German Unemployment Change,Medium,-25K,-40K,
2021-11-30,4:00am,EUR,Core CPI Flash Estimate y/y,Medium,2.3%,2.0%,
2021-11-30,4:00am,EUR,CPI Flash Estimate y/y,Medium,4.5%,4.1%,
2021-11-30,4:00am,EUR,Italian Prelim CPI m/m,Medium,0.1%,0.7%,
2021-11-30,4:18am,EUR,Italian 10-y Bond Auction,Medium,,1.05|1.3,
2021-11-30,7:00am,GBP,MPC Member Mann Speaks,Medium,,,
2021-11-30,8:00am,USD,HPI m/m,Medium,1.2%,1.0%,
2021-11-30,8:00am,USD,S&P/CS Composite-20 HPI y/y,Medium,19.3%,19.6%,
2021-11-30,8:45am,USD,Chicago PMI,Low,67.1,68.4,
2021-11-30,9:00am,USD,Fed Chairman Powell Testifies,High,,,
2021-11-30,9:00am,USD,CB Consumer Confidence,Low,110.8,111.6,
2021-11-30,9:00am,USD,Treasury Sec Yellen Speaks,Low,,,
2021-11-30,9:30am,USD,FOMC Member Williams Speaks,Medium,,,
2021-11-30,12:00pm,USD,FOMC Member Clarida Speaks,Low,,,
2021-11-30,3:30pm,USD,API Weekly Statistical Bulletin,Medium,,,
2021-11-30,5:50pm,JPY,Capital Spending q/y,Medium,1.6%,5.3%,
2021-11-30,6:01pm,GBP,BRC Shop Price Index y/y,Medium,,-0.4%,
2021-11-30,6:30pm,JPY,Final Manufacturing PMI,Medium,54.2,54.2,
2021-12-01,WedDec 1,GBP,Nationwide HPI m/m,Medium,0.4%,0.7%,
2021-12-01,1:30am,CHF,CPI m/m,Medium,-0.1%,0.3%,
2021-12-01,2:15am,EUR,Spanish Manufacturing PMI,Medium,57.9,57.4,
2021-12-01,2:30am,CHF,Manufacturing PMI,Medium,64.3,65.4,
2021-12-01,2:45am,EUR,Italian Manufacturing PMI,Medium,61.1,61.1,
2021-12-01,2:50am,EUR,French Final Manufacturing PMI,Medium,54.6,54.6,
2021-12-01,2:55am,EUR,German Final Manufacturing PMI,Medium,57.6,57.6,
2021-12-01,3:00am,EUR,Final Manufacturing PMI,Medium,58.6,58.6,
2021-12-01,3:30am,GBP,Final Manufacturing PMI,Medium,58.2,58.2,
2021-12-01,4:06am,GBP,10-y Bond Auction,Medium,,1.14|2.7,
2021-12-01,7:15am,USD,ADP Non-Farm Employment Change,High,525K,570K,
2021-12-01,8:00am,GBP,BOE Gov Bailey Speaks,High,,,
2021-12-01,8:45am,USD,Final Manufacturing PMI,Medium,59.1,59.1,
2021-12-01,9:00am,USD,Fed Chairman Powell Testifies,High,,,
2021-12-01,9:00am,USD,ISM Manufacturing PMI,High,61.3,60.8,
2021-12-01,9:00am,USD,Treasury Sec Yellen Speaks,Low,,,
2021-12-01,9:00am,USD,Construction Spending m/m,Medium,0.4%,-0.1%,
2021-12-01,9:00am,USD,ISM Manufacturing Prices,Medium,85.5,85.7,
2021-12-01,All Day,USD,Wards Total Vehicle Sales,Medium,13.5M,13.0M,
2021-12-01,9:30am,USD,Crude Oil Inventories,Low,-1.5M,1.0M,
2021-12-01,1:00pm,USD,Beige Book,Medium,,,
2021-12-01,5:50pm,JPY,Monetary Base y/y,Medium,10.3%,9.9%,
2021-12-01,9:35pm,JPY,10-y Bond Auction,Medium,,0.11|3.1,
2021-12-01,11:00pm,JPY,Consumer Confidence,Medium,40.3,39.2,
2021-12-02,2:00am,EUR,Spanish Unemployment Change,Low,5.3K,-0.7K,
2021-12-02,3:00am,EUR,Italian Monthly Unemployment Rate,Medium,9.1%,9.2%,
2021-12-02,3:47am,EUR,Spanish 10-y Bond Auction,Medium,,0.47|1.4,
2021-12-02,4:00am,EUR,PPI m/m,Medium,3.6%,2.8%,
2021-12-02,4:00am,EUR,Unemployment Rate,Medium,7.3%,7.4%,
2021-12-02,4:02am,EUR,French 10-y Bond Auction,Medium,,0.16|1.8,
2021-12-02,6:30am,USD,Challenger Job Cuts y/y,Medium,,-71.7%,
2021-12-02,7:30am,USD,Unemployment Claims,Low,238K,194K,
2021-12-02,7:30am,USD,FOMC Member Bostic Speaks,Medium,,,
2021-12-02,8:00am,USD,Treasury Sec Yellen Speaks,Low,,,
2021-12-02,9:30am,USD,Natural Gas Storage,Medium,-59B,-21B,
2021-12-02,10:00am,USD,FOMC Member Quarles Speaks,Medium,,,
2021-12-02,10:30am,USD,FOMC Member Barkin Speaks,Low,,,
2021-12-02,10:30am,USD,FOMC Member Bostic Speaks,Medium,,,
2021-12-02,10:30am,USD,FOMC Member Daly Speaks,Medium,,,
2021-12-03,FriDec 3,EUR,French Industrial Production m/m,Medium,0.7%,-1.5%,
2021-12-03,2:15am,EUR,Spanish Services PMI,Medium,58.6,56.6,
2021-12-03,2:30am,EUR,ECB President Lagarde Speaks,Low,,,
2021-12-03,2:45am,EUR,Italian Services PMI,Medium,54.6,52.4,
2021-12-03,2:50am,EUR,French Final Services PMI,Medium,58.2,58.2,
2021-12-03,2:55am,EUR,German Final Services PMI,Medium,53.4,53.4,
2021-12-03,3:00am,EUR,Final Services PMI,Medium,56.6,56.6,
2021-12-03,3:30am,GBP,Final Services PMI,Medium,58.6,58.6,
2021-12-03,4:00am,EUR,Retail Sales m/m,Medium,0.3%,-0.4%,
2021-12-03,5:00am,GBP,MPC Member Saunders Speaks,High,,,
2021-12-03,7:30am,USD,Average Hourly Earnings m/m,High,0.4%,0.4%,
2021-12-03,7:30am,USD,Non-Farm Employment Change,High,553K,546K,
2021-12-03,7:30am,USD,Unemployment Rate,High,4.5%,4.6%,
2021-12-03,8:00am,USD,Treasury Currency Report,High,,,
2021-12-03,8:45am,USD,Final Services PMI,Medium,57.0,57.0,
2021-12-03,9:00am,USD,ISM Services PMI,High,64.9,66.7,
2021-12-03,9:00am,USD,Factory Orders m/m,Medium,0.5%,0.5%,
2021-12-06,3:00am,EUR,Italian Retail Sales m/m,Medium,0.4%,1.0%,
2021-12-06,3:30am,EUR,Sentix Investor Confidence,Medium,14.5,18.3,
2021-12-06,3:30am,GBP,Construction PMI,Medium,54.9,54.6,
2021-12-06,All Day,EUR,Eurogroup Meetings,Medium,,,
2021-12-06,5:30am,GBP,MPC Member Broadbent Speaks,High,,,
2021-12-06,5:30pm,JPY,Average Cash Earnings y/y,Medium,0.4%,0.2%,
2021-12-06,5:30pm,JPY,Household Spending y/y,Medium,-0.6%,-1.9%,
2021-12-06,6:01pm,GBP,BRC Retail Sales Monitor y/y,Medium,0.3%,-0.2%,
2021-12-06,9:35pm,JPY,30-y Bond Auction,Medium,,0.68|3.4,
2021-12-06,11:00pm,JPY,Leading Indicators,Medium,102.9%,100.9%,
2021-12-07,1:00am,EUR,German Industrial Production m/m,Medium,1.1%,-0.5%,
2021-12-07,1:00am,GBP,Halifax HPI m/m,Medium,0.8%,1.0%,
2021-12-07,1:45am,EUR,French Trade Balance,Medium,-7.0B,-6.9B,
2021-12-07,2:00am,CHF,Foreign Currency Reserves,Medium,,923B,
2021-12-07,4:00am,EUR,German ZEW Economic Sentiment,Low,25.3,31.7,
2021-12-07,4:00am,EUR,ZEW Economic Sentiment,Low,22.4,25.9,
2021-12-07,4:00am,EUR,Final Employment Change q/q,Medium,0.9%,0.9%,
2021-12-07,4:00am,EUR,Revised GDP q/q,Medium,2.2%,2.2%,
2021-12-07,4:07am,GBP,30-y Bond Auction,Medium,,1.33|2.1,
2021-12-07,All Day,EUR,ECOFIN Meetings,Medium,,,
2021-12-07,7:30am,USD,Revised Nonfarm Productivity q/q,Medium,-4.9%,-5.0%,
2021-12-07,7:30am,USD,Revised Unit Labor Costs q/q,Medium,8.3%,8.3%,
2021-12-07,7:30am,USD,Trade Balance,Medium,-66.9B,-81.4B,
2021-12-07,9:00am,USD,RCM/TIPP Economic Optimism,Medium,45.8,43.9,
2021-12-07,2:00pm,USD,Consumer Credit m/m,Medium,24.9B,27.8B,
2021-12-07,3:30pm,USD,API Weekly Statistical Bulletin,Medium,,,
2021-12-07,5:50pm,JPY,Bank Lending y/y,Medium,0.7%,0.9%,
2021-12-07,5:50pm,JPY,Current Account,Medium,0.98T,0.76T,
2021-12-07,5:50pm,JPY,Final GDP q/q,Medium,-0.8%,-0.8%,
2021-12-07,5:53pm,JPY,Final GDP Price Index y/y,Medium,-1.1%,-1.1%,
2021-12-07,11:00pm,JPY,Economy Watchers Sentiment,Medium,57.3,55.5,
2021-12-08,All Day,EUR,Italian Bank Holiday,Low,,,
2021-12-08,2:15am,EUR,ECB President Lagarde Speaks,Low,,,
2021-12-08,4:36am,EUR,German 10-y Bond Auction,Medium,,-0.29|1.1,
2021-12-08,9:00am,USD,JOLTS Job Openings,High,10.45M,10.60M,
2021-12-08,9:30am,USD,Crude Oil Inventories,Low,-1.5M,-0.9M,
2021-12-08,12:01pm,USD,10-y Bond Auction,Low,,1.44|2.4,
2021-12-08,5:50pm,JPY,BSI Manufacturing Index,Medium,5.3,7.0,
2021-12-08,5:50pm,JPY,M2 Money Stock y/y,Medium,4.1%,4.2%,
2021-12-08,6:01pm,GBP,RICS House Price Balance,Medium,70%,71%,
2021-12-08,11:59pm,JPY,Prelim Machine Tool Orders y/y,Medium,,81.5%,
2021-12-09,2:00am,CHF,SECO Economic Forecasts,Medium,,,
2021-12-09,7:30am,USD,Unemployment Claims,Low,218K,227K,
2021-12-09,9:00am,USD,Final Wholesale Inventories m/m,Medium,2.2%,2.2%,
2021-12-09,9:30am,USD,Natural Gas Storage,Medium,-60B,-59B,
2021-12-09,12:01pm,USD,30-y Bond Auction,Low,,1.94|2.2,
2021-12-09,5:50pm,JPY,PPI y/y,Medium,8.6%,8.3%,
2021-12-10,FriDec 10,GBP,Construction Output m/m,Medium,0.2%,1.3%,
2021-12-10,FriDec 10,GBP,GDP m/m,Medium,0.4%,0.6%,
2021-12-10,FriDec 10,GBP,Goods Trade Balance,Medium,-14.5B,-14.7B,
2021-12-10,FriDec 10,GBP,Index of Services 3m/3m,Medium,1.2%,1.6%,
2021-12-10,FriDec 10,GBP,Industrial Production m/m,Medium,0.1%,-0.4%,
2021-12-10,FriDec 10,GBP,Manufacturing Production m/m,Medium,0.2%,-0.1%,
2021-12-10,3:00am,EUR,Italian Industrial Production m/m,Medium,0.3%,0.1%,
2021-12-10,3:05am,EUR,ECB President Lagarde Speaks,Low,,,
2021-12-10,3:30am,GBP,Consumer Inflation Expectations,Medium,,2.7%,
2021-12-10,7:15am,GBP,NIESR GDP Estimate,Medium,,0.9%,
2021-12-10,7:30am,USD,Core CPI m/m,High,0.5%,0.6%,
2021-12-10,7:30am,USD,CPI m/m,High,0.7%,0.9%,
2021-12-10,7:30am,USD,CPI y/y,High,6.8%,6.2%,
2021-12-10,9:00am,USD,Prelim UoM Consumer Sentiment,Low,67.9,67.4,
2021-12-10,9:00am,USD,Prelim UoM Inflation Expectations,Medium,,4.9%,
2021-12-10,12:52pm,USD,Federal Budget Balance,Medium,-195.0B,-165.1B,
2021-12-12,5:50pm,JPY,Core Machinery Orders m/m,Medium,1.9%,0.0%,
2021-12-12,5:50pm,JPY,Tankan Manufacturing Index,Medium,19,18,
2021-12-12,5:50pm,JPY,Tankan Non-Manufacturing Index,Medium,5,2,
2021-12-12,6:01pm,GBP,Rightmove HPI m/m,Medium,,-0.6%,
2021-12-13,3:00am,EUR,Italian Quarterly Unemployment Rate,Medium,9.4%,9.8%,
2021-12-13,11:00am,GBP,Bank Stress Test Results,High,,,
2021-12-13,11:00am,GBP,BOE Financial Stability Report,Medium,,,
2021-12-13,11:00am,GBP,FPC Meeting Minutes,Medium,,,
2021-12-13,11:00am,GBP,FPC Statement,Medium,,,
2021-12-13,12:00pm,GBP,BOE Gov Bailey Speaks,High,,,
2021-12-13,10:30pm,JPY,Revised Industrial Production m/m,Medium,1.1%,1.1%,
2021-12-14,TueDec 14,GBP,Claimant Count Change,Medium,-31.5K,-58.5K,
2021-12-14,TueDec 14,GBP,Unemployment Rate,Medium,4.2%,4.3%,
2021-12-14,1:30am,CHF,PPI m/m,Medium,0.5%,0.6%,
2021-12-14,4:00am,EUR,Industrial Production m/m,Medium,1.2%,-0.2%,
2021-12-14,5:00am,USD,NFIB Small Business Index,Medium,98.4,98.2,
2021-12-14,7:30am,USD,PPI m/m,High,0.5%,0.6%,
2021-12-14,7:30am,USD,Core PPI m/m,Low,0.4%,0.4%,
2021-12-14,8:30am,GBP,CB Leading Index m/m,Medium,,0.1%,
2021-12-14,3:30pm,USD,API Weekly Statistical Bulletin,Medium,,,
2021-12-14,10:30pm,JPY,Tertiary Industry Activity m/m,Medium,1.2%,0.5%,
2021-12-15,WedDec 15,GBP,Core CPI y/y,Medium,3.7%,3.4%,
2021-12-15,WedDec 15,GBP,PPI Input m/m,Medium,0.5%,1.6%,
2021-12-15,WedDec 15,GBP,PPI Output m/m,Medium,0.6%,1.5%,
2021-12-15,WedDec 15,GBP,RPI y/y,Medium,6.7%,6.0%,
2021-12-15,1:45am,EUR,French Final CPI m/m,Medium,0.4%,0.4%,
2021-12-15,3:30am,GBP,HPI y/y,Medium,11.1%,12.3%,
2021-12-15,7:30am,USD,Core Retail Sales m/m,High,0.9%,1.8%,
2021-12-15,7:30am,USD,Retail Sales m/m,High,0.8%,1.8%,
2021-12-15,7:30am,USD,Empire State Manufacturing Index,Low,24.9,30.9,
2021-12-15,7:30am,USD,Import Prices m/m,Medium,0.5%,1.5%,
2021-12-15,9:00am,USD,Business Inventories m/m,Medium,1.0%,0.8%,
2021-12-15,9:00am,USD,NAHB Housing Market Index,Medium,84,83,
2021-12-15,9:30am,USD,Crude Oil Inventories,Medium,-1.8M,-0.2M,
2021-12-15,1:00pm,USD,Federal Funds Rate,High,<0.25%,<0.25%,
2021-12-15,1:00pm,USD,FOMC Economic Projections,High,,,
2021-12-15,1:00pm,USD,FOMC Statement,High,,,
2021-12-15,1:30pm,USD,FOMC Press Conference,High,,,
2021-12-15,3:00pm,USD,TIC Long-Term Purchases,Medium,35.9B,26.7B,
2021-12-15,5:50pm,JPY,Trade Balance,Medium,-0.32T,-0.42T,
2021-12-15,6:30pm,JPY,Flash Manufacturing PMI,Medium,55.0,54.5,
2021-12-16,2:15am,EUR,French Flash Services PMI,Low,55.9,57.4,
2021-12-16,2:15am,EUR,French Flash Manufacturing PMI,Medium,55.4,55.9,
2021-12-16,2:30am,CHF,SNB Monetary Policy Assessment,High,,,
2021-12-16,2:30am,CHF,SNB Policy Rate,Low,-0.75%,-0.75%,
2021-12-16,2:30am,EUR,German Flash Manufacturing PMI,High,57.0,57.4,
2021-12-16,2:30am,EUR,German Flash Services PMI,High,50.9,52.7,
2021-12-16,3:00am,CHF,SNB Press Conference,High,,,
2021-12-16,3:00am,EUR,Flash Manufacturing PMI,Low,57.8,58.4,
2021-12-16,3:00am,EUR,Flash Services PMI,Low,54.2,55.9,
2021-12-16,3:00am,EUR,Italian Trade Balance,Medium,3.25B,2.44B,
2021-12-16,3:30am,GBP,Flash Manufacturing PMI,Low,57.5,58.1,
2021-12-16,3:30am,GBP,Flash Services PMI,Low,57.1,58.5,
2021-12-16,4:00am,EUR,Trade Balance,Medium,5.7B,6.1B,
2021-12-16,6:00am,GBP,Asset Purchase Facility,High,875B,875B,
2021-12-16,6:00am,GBP,Monetary Policy Summary,High,,,
2021-12-16,6:00am,GBP,MPC Asset Purchase Facility Votes,High,0-3-6,0-3-6,
2021-12-16,6:00am,GBP,MPC Official Bank Rate Votes,High,2-0-7,2-0-7,
2021-12-16,6:00am,GBP,Official Bank Rate,High,0.10%,0.10%,
2021-12-16,6:00am,GBP,BOE Inflation Letter,Low,,,
2021-12-16,6:45am,EUR,Main Refinancing Rate,High,0.00%,0.00%,
2021-12-16,6:45am,EUR,Monetary Policy Statement,High,,,
2021-12-16,7:30am,EUR,ECB Press Conference,High,,,
2021-12-16,7:30am,USD,Philly Fed Manufacturing Index,Low,29.6,39.0,
2021-12-16,7:30am,USD,Unemployment Claims,Low,196K,188K,
2021-12-16,7:30am,USD,Building Permits,Medium,1.66M,1.65M,
2021-12-16,7:30am,USD,Housing Starts,Medium,1.57M,1.50M,
2021-12-16,8:15am,USD,Industrial Production m/m,Low,0.6%,1.7%,
2021-12-16,8:15am,USD,Capacity Utilization Rate,Medium,76.9%,76.5%,
2021-12-16,8:45am,USD,Flash Manufacturing PMI,Low,58.6,58.3,
2021-12-16,8:45am,USD,Flash Services PMI,Low,58.9,58.0,
2021-12-16,9:30am,USD,Natural Gas Storage,Medium,-85B,-59B,
2021-12-16,6:01pm,GBP,GfK Consumer Confidence,Medium,-17,-14,
2021-12-16,8:56pm,JPY,Monetary Policy Statement,Low,,,
2021-12-16,8:56pm,JPY,BOJ Policy Rate,Medium,-0.10%,-0.10%,
2021-12-17,1:00am,EUR,German PPI m/m,Medium,1.4%,3.8%,
2021-12-17,1:00am,GBP,Retail Sales m/m,Low,0.8%,1.1%,
2021-12-17,3:00am,EUR,German ifo Business Climate,Low,95.3,96.6,
2021-12-17,4:00am,EUR,Final Core CPI y/y,Medium,2.6%,2.6%,
2021-12-17,4:00am,EUR,Final CPI y/y,Medium,4.9%,4.9%,
2021-12-17,12:00pm,USD,FOMC Member Waller Speaks,Low,,,
2021-12-20,5:00am,EUR,German Buba Monthly Report,Medium,,,
2021-12-20,5:00am,GBP,CBI Industrial Order Expectations,Medium,20,26,
2021-12-20,9:00am,USD,CB Leading Index m/m,Medium,0.9%,0.9%,
2021-12-21,TueDec 21,EUR,German GfK Consumer Climate,Medium,-2.6,-1.8,
2021-12-21,TueDec 21,GBP,Public Sector Net Borrowing,Medium,15.4B,11.6B,
2021-12-21,5:00am,GBP,CBI Realized Sales,Medium,24,39,
2021-12-21,7:30am,USD,Current Account,Medium,-206B,-198B,
2021-12-21,8:57am,EUR,Consumer Confidence,Medium,-8,-7,
2021-12-21,3:30pm,USD,API Weekly Statistical Bulletin,Medium,,,
2021-12-21,5:50pm,JPY,Monetary Policy Meeting Minutes,Medium,,,
2021-12-22,WedDec 22,GBP,Final GDP q/q,Medium,1.3%,1.3%,
2021-12-22,WedDec 22,GBP,Revised Business Investment q/q,Medium,0.4%,0.4%,
2021-12-22,7:30am,USD,Final GDP q/q,Low,2.1%,2.1%,
2021-12-22,7:30am,USD,Final GDP Price Index q/q,Medium,5.9%,5.9%,
2021-12-22,8:00am,CHF,SNB Quarterly Bulletin,Medium,,,
2021-12-22,9:00am,USD,CB Consumer Confidence,Low,111.1,111.9,
2021-12-22,9:00am,USD,Existing Home Sales,Low,6.55M,6.34M,
2021-12-22,9:30am,USD,Crude Oil Inventories,Medium,-2.4M,-4.6M,
2021-12-22,10:31pm,JPY,BOJ Gov Kuroda Speaks,Low,,,
2021-12-23,7:30am,USD,Core PCE Price Index m/m,High,0.4%,0.5%,
2021-12-23,7:30am,USD,Core Durable Goods Orders m/m,Low,0.6%,0.3%,
2021-12-23,7:30am,USD,Durable Goods Orders m/m,Low,1.9%,-0.4%,
2021-12-23,7:30am,USD,Personal Income m/m,Medium,0.4%,0.5%,
2021-12-23,7:30am,USD,Personal Spending m/m,Medium,0.6%,1.4%,
2021-12-23,7:30am,USD,Unemployment Claims,Medium,200K,205K,
2021-12-23,7:56am,EUR,Belgian NBB Business Climate,Medium,4.5,4.2,
2021-12-23,9:00am,USD,New Home Sales,Medium,770K,662K,
2021-12-23,9:00am,USD,Revised UoM Consumer Sentiment,Medium,70.4,70.4,
2021-12-23,9:00am,USD,Revised UoM Inflation Expectations,Medium,,4.9%,
2021-12-23,9:30am,USD,Natural Gas Storage,Medium,-54B,-88B,
2021-12-23,5:30pm,JPY,National Core CPI y/y,Medium,0.4%,0.1%,
2021-12-23,5:50pm,JPY,SPPI y/y,Medium,1.0%,1.0%,
2021-12-23,11:02pm,JPY,Housing Starts y/y,Medium,7.4%,10.4%,
2021-12-24,All Day,USD,Bank Holiday,Low,,,
2021-12-26,5:50pm,JPY,BOJ Summary of Opinions,Medium,,,
2021-12-26,5:50pm,JPY,Retail Sales y/y,Medium,1.8%,0.9%,
2021-12-27,5:30pm,JPY,Unemployment Rate,Medium,2.7%,2.7%,
2021-12-27,5:50pm,JPY,Prelim Industrial Production m/m,Medium,4.9%,1.8%,
2021-12-27,11:00pm,JPY,BOJ Core CPI y/y,Medium,0.5%,0.6%,
2021-12-28,8:00am,USD,HPI m/m,Medium,0.9%,0.9%,
2021-12-28,8:00am,USD,S&P/CS Composite-20 HPI y/y,Medium,18.6%,19.1%,
2021-12-28,9:00am,USD,Richmond Manufacturing Index,Medium,11,11,
2021-12-28,3:30pm,USD,API Weekly Statistical Bulletin,Medium,,,
2021-12-29,WedDec 29,EUR,M3 Money Supply y/y,Medium,7.6%,7.7%,
2021-12-29,WedDec 29,EUR,Private Loans y/y,Medium,4.2%,4.1%,
2021-12-29,7:30am,USD,Goods Trade Balance,Medium,-89.0B,-83.2B,
2021-12-29,7:30am,USD,Prelim Wholesale Inventories m/m,Medium,1.5%,2.3%,
2021-12-29,9:00am,USD,Pending Home Sales m/m,Medium,0.6%,7.5%,
2021-12-29,9:30am,USD,Crude Oil Inventories,Medium,-2.7M,-4.7M,
2021-12-30,2:00am,CHF,KOF Economic Barometer,Low,106.2,107.5,
2021-12-30,2:00am,EUR,Spanish Flash CPI y/y,Medium,5.6%,5.5%,
2021-12-30,7:30am,USD,Unemployment Claims,Medium,205K,206K,
2021-12-30,8:45am,USD,Chicago PMI,Medium,61.9,61.8,
2021-12-30,9:30am,USD,Natural Gas Storage,Medium,-128B,-55B,
2021-12-30,All Day,JPY,Bank Holiday,Low,,,
2021-01-02,All Day,JPY,Bank Holiday,Low,,,
