date,time,currency,event,impact,actual,forecast,previous
2022-01-03,All Day,GBP,Bank Holiday,Low,,,
2022-01-03,2:15am,EUR,Spanish Manufacturing PMI,Medium,56.3,57.1,
2022-01-03,2:30am,CHF,Manufacturing PMI,Medium,61.2,62.5,
2022-01-03,2:45am,EUR,Italian Manufacturing PMI,Medium,61.6,62.8,
2022-01-03,2:50am,EUR,French Final Manufacturing PMI,Medium,54.9,54.9,
2022-01-03,2:55am,EUR,German Final Manufacturing PMI,Medium,57.9,57.9,
2022-01-03,3:00am,EUR,Final Manufacturing PMI,Medium,58.0,58.0,
2022-01-03,All Day,USD,Bank Holiday,Low,,,
2022-01-03,8:45am,USD,Final Manufacturing PMI,Medium,57.7,57.8,
2022-01-03,9:00am,USD,Construction Spending m/m,Medium,0.8%,0.4%,
2022-01-03,6:01pm,GBP,BRC Shop Price Index y/y,Medium,,0.3%,
2022-01-03,6:30pm,JPY,Final Manufacturing PMI,Medium,54.3,54.2,
2022-01-04,1:30am,CHF,CPI m/m,Medium,-0.1%,0.0%,
2022-01-04,1:45am,EUR,French Prelim CPI m/m,Medium,0.3%,0.4%,
2022-01-04,2:02am,EUR,Spanish Unemployment Change,Low,-32.5K,-74.4K,
2022-01-04,2:55am,EUR,German Unemployment Change,Medium,-15K,-34K,
2022-01-04,3:30am,GBP,Final Manufacturing PMI,Medium,57.6,57.6,
2022-01-04,3:30am,GBP,M4 Money Supply m/m,Medium,0.5%,0.6%,
2022-01-04,3:30am,GBP,Mortgage Approvals,Medium,66K,67K,
2022-01-04,3:32am,GBP,Net Lending to Individuals m/m,Medium,3.9B,2.0B,
2022-01-04,9:00am,USD,ISM Manufacturing PMI,High,60.0,61.1,
2022-01-04,9:00am,USD,JOLTS Job Openings,High,11.06M,11.09M,
2022-01-04,9:00am,USD,ISM Manufacturing Prices,Medium,79.3,82.4,
2022-01-04,All Day,USD,Wards Total Vehicle Sales,Medium,13.1M,12.9M,
2022-01-04,3:30pm,USD,API Weekly Statistical Bulletin,Medium,,,
2022-01-04,5:50pm,JPY,Monetary Base y/y,Medium,9.5%,9.3%,
2022-01-04,9:35pm,JPY,10-y Bond Auction,Medium,,0.06|3.2,
2022-01-04,11:00pm,JPY,Consumer Confidence,Medium,39.8,39.2,
2022-01-05,2:45am,EUR,Italian Services PMI,Medium,53.9,55.9,
2022-01-05,2:50am,EUR,French Final Services PMI,Medium,57.1,57.1,
2022-01-05,2:55am,EUR,German Final Services PMI,Medium,48.4,48.4,
2022-01-05,3:00am,EUR,Final Services PMI,Medium,53.3,53.3,
2022-01-05,4:00am,EUR,Italian Prelim CPI m/m,Medium,0.3%,0.6%,
2022-01-05,4:33am,EUR,German 10-y Bond Auction,Medium,,-0.38|1.3,
2022-01-05,7:15am,USD,ADP Non-Farm Employment Change,High,405K,505K,
2022-01-05,8:45am,USD,Final Services PMI,Medium,57.5,57.5,
2022-01-05,9:30am,USD,Crude Oil Inventories,Medium,-3.5M,-3.6M,
2022-01-05,1:00pm,USD,FOMC Meeting Minutes,High,,,
2022-01-06,All Day,EUR,Italian Bank Holiday,Low,,,
2022-01-06,All Day,EUR,German Prelim CPI m/m,Medium,0.4%,-0.2%,
2022-01-06,3:30am,GBP,Final Services PMI,Medium,53.2,53.2,
2022-01-06,4:00am,EUR,PPI m/m,Medium,1.1%,5.4%,
2022-01-06,4:07am,EUR,French 10-y Bond Auction,Medium,,-0.19|2.7,
2022-01-06,6:30am,USD,Challenger Job Cuts y/y,Medium,,-77.0%,
2022-01-06,7:30am,USD,Unemployment Claims,Low,199K,200K,
2022-01-06,7:30am,USD,Trade Balance,Medium,-80.5B,-67.2B,
2022-01-06,9:00am,USD,ISM Services PMI,High,67.0,69.1,
2022-01-06,9:00am,USD,Factory Orders m/m,Medium,1.5%,1.2%,
2022-01-06,9:30am,USD,Natural Gas Storage,Medium,-55B,-136B,
2022-01-06,5:30pm,JPY,Average Cash Earnings y/y,Medium,0.5%,0.2%,
2022-01-06,5:30pm,JPY,Household Spending y/y,Medium,1.3%,-0.6%,
2022-01-06,5:30pm,JPY,Tokyo Core CPI y/y,Medium,0.5%,0.3%,
2022-01-06,9:35pm,JPY,30-y Bond Auction,Medium,,0.67|3.2,
2022-01-07,1:00am,EUR,German Industrial Production m/m,Medium,1.1%,2.4%,
2022-01-07,1:00am,EUR,German Trade Balance,Medium,12.7B,12.4B,
2022-01-07,1:00am,GBP,Halifax HPI m/m,Medium,1.1%,1.1%,
2022-01-07,1:30am,CHF,Retail Sales y/y,Medium,0.8%,2.2%,
2022-01-07,1:45am,EUR,French Consumer Spending m/m,Medium,0.5%,-0.6%,
2022-01-07,1:45am,EUR,French Industrial Production m/m,Medium,0.5%,0.9%,
2022-01-07,1:45am,EUR,French Trade Balance,Medium,-7.2B,-7.7B,
2022-01-07,2:00am,CHF,Foreign Currency Reserves,Medium,,922B,
2022-01-07,3:30am,GBP,Construction PMI,Medium,53.9,55.5,
2022-01-07,3:30am,GBP,Housing Equity Withdrawal q/q,Medium,3.8B,6.1B,
2022-01-07,4:00am,EUR,Core CPI Flash Estimate y/y,Medium,2.5%,2.6%,
2022-01-07,4:00am,EUR,CPI Flash Estimate y/y,Medium,4.8%,4.9%,
2022-01-07,4:00am,EUR,Retail Sales m/m,Medium,-0.4%,0.3%,
2022-01-07,7:30am,USD,Average Hourly Earnings m/m,High,0.4%,0.4%,
2022-01-07,7:30am,USD,Non-Farm Employment Change,High,426K,249K,
2022-01-07,7:30am,USD,Unemployment Rate,High,4.1%,4.2%,
2022-01-07,11:15am,GBP,MPC Member Mann Speaks,Medium,,,
2022-01-07,2:00pm,USD,Consumer Credit m/m,Medium,19.9B,16.0B,
2022-01-08,11:15am,GBP,MPC Member Mann Speaks,Medium,,,
2022-01-09,All Day,JPY,Bank Holiday,Low,,,
2022-01-10,3:30am,EUR,Sentix Investor Confidence,Medium,12.6,13.5,
2022-01-10,4:00am,EUR,Unemployment Rate,Medium,7.2%,7.3%,
2022-01-10,9:00am,USD,Final Wholesale Inventories m/m,Medium,1.2%,1.2%,
2022-01-10,6:01pm,GBP,BRC Retail Sales Monitor y/y,Medium,0.3%,1.8%,
2022-01-10,11:00pm,JPY,Leading Indicators,Medium,102.9%,101.5%,
2022-01-11,4:20am,EUR,ECB President Lagarde Speaks,Low,,,
2022-01-11,4:50am,USD,NFIB Small Business Index,Medium,98.6,98.4,
2022-01-11,8:12am,USD,FOMC Member Mester Speaks,Medium,,,
2022-01-11,8:30am,USD,FOMC Member George Speaks,Medium,,,
2022-01-11,9:00am,USD,Fed Chairman Powell Testifies,High,,,
2022-01-11,9:00am,USD,RCM/TIPP Economic Optimism,Medium,50.2,48.4,
2022-01-11,3:30pm,USD,API Weekly Statistical Bulletin,Medium,,,
2022-01-11,5:50pm,JPY,Bank Lending y/y,Medium,0.7%,0.6%,
2022-01-11,5:50pm,JPY,Current Account,Medium,1.05T,1.03T,
2022-01-11,11:00pm,JPY,Economy Watchers Sentiment,Medium,56.2,56.3,
2022-01-12,4:00am,EUR,Industrial Production m/m,Medium,0.1%,-1.3%,
2022-01-12,4:35am,EUR,German 30-y Bond Auction,Medium,,0.08|1.1,
2022-01-12,7:30am,USD,Core CPI m/m,High,0.5%,0.5%,
2022-01-12,7:30am,USD,CPI m/m,High,0.4%,0.8%,
2022-01-12,7:30am,USD,CPI y/y,High,7.0%,6.8%,
2022-01-12,8:15am,GBP,MPC Member Cunliffe Speaks,Medium,,,
2022-01-12,9:30am,USD,Crude Oil Inventories,Low,-2.1M,-2.1M,
2022-01-12,12:01pm,USD,10-y Bond Auction,Low,,1.52|2.4,
2022-01-12,1:00pm,USD,Beige Book,Medium,,,
2022-01-12,1:00pm,USD,Federal Budget Balance,Medium,-5.8B,-191.3B,
2022-01-12,5:50pm,JPY,M2 Money Stock y/y,Medium,3.9%,4.0%,
2022-01-12,11:58pm,JPY,Prelim Machine Tool Orders y/y,Medium,,64.0%,
2022-01-13,2:45am,GBP,MPC Member Mann Speaks,Medium,,,
2022-01-13,3:00am,EUR,ECB Economic Bulletin,Medium,,,
2022-01-13,3:00am,EUR,Italian Industrial Production m/m,Medium,0.4%,-0.5%,
2022-01-13,3:30am,GBP,BOE Credit Conditions Survey,Medium,,,
2022-01-13,Tentative,GBP,10-y Bond Auction,Medium,,,
2022-01-13,7:30am,USD,PPI m/m,High,0.4%,0.8%,
2022-01-13,7:30am,USD,Core PPI m/m,Low,0.5%,0.7%,
2022-01-13,7:30am,USD,Unemployment Claims,Low,199K,207K,
2022-01-13,9:00am,USD,FOMC Member Brainard Speaks,Low,,,
2022-01-13,9:30am,USD,Natural Gas Storage,Medium,-175B,-31B,
2022-01-13,12:01pm,USD,30-y Bond Auction,Low,,1.90|2.2,
2022-01-13,5:50pm,JPY,PPI y/y,Medium,8.8%,9.2%,
2022-01-14,FriJan 14,GBP,GDP m/m,Medium,0.4%,0.2%,
2022-01-14,FriJan 14,GBP,Goods Trade Balance,Medium,-14.3B,-11.8B,
2022-01-14,FriJan 14,GBP,Index of Services 3m/3m,Medium,1.1%,1.2%,
2022-01-14,FriJan 14,GBP,Industrial Production m/m,Medium,0.2%,-0.5%,
2022-01-14,FriJan 14,GBP,Manufacturing Production m/m,Medium,0.2%,0.1%,
2022-01-14,1:45am,EUR,French Final CPI m/m,Medium,0.2%,0.2%,
2022-01-14,1:45am,EUR,French Gov Budget Balance,Medium,,-171.6B,
2022-01-14,4:00am,EUR,Trade Balance,Medium,1.5B,1.8B,
2022-01-14,7:15am,EUR,ECB President Lagarde Speaks,Low,,,
2022-01-14,7:30am,USD,Core Retail Sales m/m,High,0.2%,0.1%,
2022-01-14,7:30am,USD,Retail Sales m/m,High,0.0%,0.2%,
2022-01-14,7:30am,USD,Import Prices m/m,Medium,0.2%,0.7%,
2022-01-14,8:15am,USD,Industrial Production m/m,Low,0.2%,0.7%,
2022-01-14,8:15am,USD,Capacity Utilization Rate,Medium,77.1%,76.6%,
2022-01-14,8:30am,GBP,CB Leading Index m/m,Medium,,0.1%,
2022-01-14,8:57am,GBP,NIESR GDP Estimate,Medium,,1.1%,
2022-01-14,9:00am,USD,Prelim UoM Consumer Sentiment,Low,70.0,70.6,
2022-01-14,9:00am,USD,Business Inventories m/m,Medium,1.3%,1.3%,
2022-01-14,9:00am,USD,Prelim UoM Inflation Expectations,Medium,,4.8%,
2022-01-14,10:00am,USD,FOMC Member Williams Speaks,Medium,,,
2022-01-16,6:01pm,GBP,Rightmove HPI m/m,Medium,,-0.7%,
2022-01-16,10:30pm,JPY,Tertiary Industry Activity m/m,Medium,1.1%,1.9%,
2022-01-17,All Day,EUR,Eurogroup Meetings,Medium,,,
2022-01-17,All Day,USD,Bank Holiday,Low,,,
2022-01-17,8:45pm,JPY,BOJ Outlook Report,High,,,
2022-01-17,8:45pm,JPY,Monetary Policy Statement,Low,,,
2022-01-17,8:45pm,JPY,BOJ Policy Rate,Medium,-0.10%,-0.10%,
2022-01-17,10:30pm,JPY,Revised Industrial Production m/m,Medium,7.2%,7.2%,
2022-01-18,1:00am,GBP,Average Earnings Index 3m/y,Medium,4.2%,4.9%,
2022-01-18,1:00am,GBP,Claimant Count Change,Medium,-38.6K,-95.1K,
2022-01-18,1:00am,GBP,Unemployment Rate,Medium,4.2%,4.2%,
2022-01-18,1:30am,CHF,PPI m/m,Medium,0.4%,0.5%,
2022-01-18,3:00am,EUR,Italian Trade Balance,Medium,4.23B,3.89B,
2022-01-18,4:00am,EUR,ZEW Economic Sentiment,Low,29.2,26.8,
2022-01-18,4:00am,EUR,German ZEW Economic Sentiment,Low,32.1,29.9,
2022-01-18,All Day,EUR,ECOFIN Meetings,Medium,,,
2022-01-18,7:30am,USD,Empire State Manufacturing Index,Low,25.0,31.9,
2022-01-18,9:00am,USD,NAHB Housing Market Index,Medium,84,84,
2022-01-18,3:00pm,USD,TIC Long-Term Purchases,Medium,37.6B,7.1B,
2022-01-19,WedJan 19,GBP,CPI y/y,High,5.2%,5.1%,
2022-01-19,WedJan 19,GBP,Core CPI y/y,Medium,3.9%,4.0%,
2022-01-19,WedJan 19,GBP,PPI Input m/m,Medium,0.6%,1.5%,
2022-01-19,WedJan 19,GBP,PPI Output m/m,Medium,0.6%,1.0%,
2022-01-19,WedJan 19,GBP,RPI y/y,Medium,7.1%,7.1%,
2022-01-19,3:00am,EUR,Current Account,Medium,20.3B,19.4B,
2022-01-19,3:30am,GBP,HPI y/y,Medium,10.0%,9.8%,
2022-01-19,7:30am,USD,Building Permits,Medium,1.71M,1.71M,
2022-01-19,7:30am,USD,Housing Starts,Medium,1.65M,1.68M,
2022-01-19,8:15am,GBP,BOE Gov Bailey Speaks,High,,,
2022-01-19,3:30pm,USD,API Weekly Statistical Bulletin,Medium,,,
2022-01-19,5:50pm,JPY,Trade Balance,Medium,-0.73T,-0.47T,
2022-01-19,6:01pm,GBP,RICS House Price Balance,Medium,69%,71%,
2022-01-20,3:48am,EUR,Spanish 10-y Bond Auction,Medium,,0.39|2.1,
2022-01-20,4:00am,EUR,Final Core CPI y/y,Medium,2.6%,2.6%,
2022-01-20,4:00am,EUR,Final CPI y/y,Medium,5.0%,5.0%,
2022-01-20,6:30am,EUR,ECB Monetary Policy Meeting Accounts,Medium,,,
2022-01-20,7:30am,USD,Philly Fed Manufacturing Index,Low,18.9,15.4,
2022-01-20,7:30am,USD,Unemployment Claims,Low,227K,231K,
2022-01-20,9:00am,USD,Existing Home Sales,Low,6.42M,6.48M,
2022-01-20,9:30am,USD,Natural Gas Storage,Medium,-190B,-179B,
2022-01-20,10:00am,USD,Crude Oil Inventories,Low,-2.1M,-4.6M,
2022-01-20,5:30pm,JPY,National Core CPI y/y,Medium,0.6%,0.5%,
2022-01-20,5:50pm,JPY,Monetary Policy Meeting Minutes,Medium,,,
2022-01-20,6:01pm,GBP,GfK Consumer Confidence,Medium,-15,-15,
2022-01-21,6:30am,EUR,ECB President Lagarde Speaks,Low,,,
2022-01-21,7:00am,GBP,MPC Member Mann Speaks,Medium,,,
2022-01-21,8:57am,EUR,Consumer Confidence,Medium,-9,-8,
2022-01-21,9:00am,USD,CB Leading Index m/m,Medium,0.8%,0.7%,
2022-01-21,10:30am,USD,Treasury Sec Yellen Speaks,Low,,,
2022-01-23,6:30pm,JPY,Flash Manufacturing PMI,Medium,55.0,54.3,
2022-01-24,MonJan 24,EUR,French Flash Manufacturing PMI,Medium,55.2,55.6,
2022-01-24,2:30am,EUR,German Flash Manufacturing PMI,High,56.9,57.4,
2022-01-24,2:30am,EUR,German Flash Services PMI,High,47.9,48.7,
2022-01-24,3:00am,EUR,Flash Manufacturing PMI,Medium,57.6,58.0,
2022-01-24,3:00am,EUR,Flash Services PMI,Medium,51.9,53.1,
2022-01-24,3:30am,GBP,Flash Manufacturing PMI,Low,57.7,57.9,
2022-01-24,3:30am,GBP,Flash Services PMI,Low,53.9,53.6,
2022-01-24,5:00am,EUR,German Buba Monthly Report,Medium,,,
2022-01-24,8:45am,USD,Flash Manufacturing PMI,Low,56.9,57.7,
2022-01-24,8:45am,USD,Flash Services PMI,Low,54.9,57.6,
2022-01-24,11:00pm,JPY,BOJ Core CPI y/y,Medium,0.7%,0.8%,
2022-01-25,3:00am,EUR,German ifo Business Climate,Low,94.6,94.8,
2022-01-25,5:00am,GBP,CBI Industrial Order Expectations,Medium,22,24,
2022-01-25,7:56am,EUR,Belgian NBB Business Climate,Medium,4.2,3.6,
2022-01-25,8:00am,USD,HPI m/m,Medium,1.1%,1.1%,
2022-01-25,8:00am,USD,S&P/CS Composite-20 HPI y/y,Medium,17.9%,18.5%,
2022-01-25,8:59am,USD,Richmond Manufacturing Index,Medium,14,16,
2022-01-25,9:00am,USD,CB Consumer Confidence,Low,111.4,115.2,
2022-01-25,3:30pm,USD,API Weekly Statistical Bulletin,Medium,,,
2022-01-25,5:50pm,JPY,BOJ Summary of Opinions,Medium,,,
2022-01-25,5:50pm,JPY,SPPI y/y,Medium,1.0%,1.1%,
2022-01-26,4:32am,EUR,German 10-y Bond Auction,Medium,,-0.09|1.5,
2022-01-26,7:30am,USD,Goods Trade Balance,Medium,-96.1B,-98.0B,
2022-01-26,7:30am,USD,Prelim Wholesale Inventories m/m,Medium,1.3%,1.4%,
2022-01-26,9:00am,USD,New Home Sales,Medium,759K,725K,
2022-01-26,9:30am,USD,Crude Oil Inventories,Low,1.0M,0.5M,
2022-01-26,1:00pm,USD,Federal Funds Rate,High,<0.25%,<0.25%,
2022-01-26,1:00pm,USD,FOMC Statement,High,,,
2022-01-26,1:30pm,USD,FOMC Press Conference,High,,,
2022-01-27,ThuJan 27,EUR,German GfK Consumer Climate,Medium,-7.9,-6.9,
2022-01-27,2:00am,EUR,Spanish Unemployment Rate,Medium,14.2%,14.6%,
2022-01-27,5:00am,GBP,CBI Realized Sales,Medium,11,8,
2022-01-27,7:30am,USD,Advance GDP q/q,High,5.3%,2.3%,
2022-01-27,7:30am,USD,Advance GDP Price Index q/q,Low,6.0%,6.0%,
2022-01-27,7:30am,USD,Core Durable Goods Orders m/m,Low,0.4%,0.9%,
2022-01-27,7:30am,USD,Durable Goods Orders m/m,Low,-0.6%,2.6%,
2022-01-27,7:30am,USD,Unemployment Claims,Low,260K,290K,
2022-01-27,9:00am,USD,Pending Home Sales m/m,Low,-0.9%,-2.3%,
2022-01-27,9:30am,USD,Natural Gas Storage,Medium,-205B,-206B,
2022-01-27,5:30pm,JPY,Tokyo Core CPI y/y,Medium,0.3%,0.5%,
2022-01-28,FriJan 28,EUR,French Flash GDP q/q,Medium,0.5%,3.1%,
2022-01-28,1:00am,EUR,German Import Prices m/m,Medium,1.8%,3.0%,
2022-01-28,2:00am,CHF,KOF Economic Barometer,Low,106.0,107.2,
2022-01-28,2:00am,EUR,Spanish Flash GDP q/q,Medium,1.4%,2.6%,
2022-01-28,3:00am,EUR,M3 Money Supply y/y,Medium,6.8%,7.4%,
2022-01-28,3:00am,EUR,German Prelim GDP q/q,Medium,-0.3%,1.7%,
2022-01-28,3:00am,EUR,Private Loans y/y,Medium,4.2%,4.2%,
2022-01-28,4:20am,EUR,Italian 10-y Bond Auction,Medium,,1.02|1.5,
2022-01-28,7:30am,USD,Core PCE Price Index m/m,High,0.5%,0.5%,
2022-01-28,7:30am,USD,Employment Cost Index q/q,Medium,1.2%,1.3%,
2022-01-28,7:30am,USD,Personal Income m/m,Medium,0.5%,0.5%,
2022-01-28,7:30am,USD,Personal Spending m/m,Medium,-0.6%,0.4%,
2022-01-28,9:00am,USD,Revised UoM Consumer Sentiment,Low,68.8,68.8,
2022-01-28,9:00am,USD,Revised UoM Inflation Expectations,Medium,,4.9%,
2022-01-30,SunJan 30,JPY,Retail Sales y/y,Medium,2.9%,1.9%,
2022-01-30,11:00pm,JPY,Housing Starts y/y,Medium,8.2%,3.7%,
2022-01-30,11:02pm,JPY,Consumer Confidence,Medium,36.9,39.1,
2022-01-31,2:00am,EUR,Spanish Flash CPI y/y,Medium,5.3%,6.5%,
2022-01-31,4:00am,EUR,Prelim Flash GDP q/q,Medium,0.4%,2.3%,
2022-01-31,4:00am,EUR,Italian Prelim GDP q/q,Medium,0.5%,2.6%,
2022-01-31,8:45am,USD,Chicago PMI,Low,61.7,63.1,
2022-01-31,11:40am,USD,FOMC Member George Speaks,Low,,,
2022-01-31,1:00pm,USD,Loan Officer Survey,Medium,,,
2022-01-31,5:30pm,JPY,Unemployment Rate,Medium,2.8%,2.8%,
2022-01-31,6:30pm,JPY,Final Manufacturing PMI,Medium,54.6,54.6,
2022-01-31,9:35pm,JPY,10-y Bond Auction,Medium,,0.10|3.5,
2022-02-01,TueFeb 1,GBP,Nationwide HPI m/m,Medium,0.7%,1.1%,
2022-02-01,1:30am,CHF,Retail Sales y/y,Medium,5.5%,5.3%,
2022-02-01,1:45am,EUR,French Prelim CPI m/m,Medium,-0.2%,0.2%,
2022-02-01,2:00am,CHF,SECO Consumer Climate,Medium,3,4,
2022-02-01,2:15am,EUR,Spanish Manufacturing PMI,Medium,56.1,56.2,
2022-02-01,2:30am,CHF,Manufacturing PMI,Medium,63.9,62.7,
2022-02-01,2:45am,EUR,Italian Manufacturing PMI,Medium,61.2,62.0,
2022-02-01,2:50am,EUR,French Final Manufacturing PMI,Medium,55.5,55.5,
2022-02-01,2:55am,EUR,German Final Manufacturing PMI,Medium,60.5,60.5,
2022-02-01,2:55am,EUR,German Unemployment Change,Medium,-4K,-29K,
2022-02-01,3:00am,EUR,Final Manufacturing PMI,Medium,59.0,59.0,
2022-02-01,3:00am,EUR,Italian Monthly Unemployment Rate,Medium,9.2%,9.1%,
2022-02-01,3:30am,GBP,Final Manufacturing PMI,Medium,56.9,56.9,
2022-02-01,3:30am,GBP,M4 Money Supply m/m,Medium,0.8%,0.7%,
2022-02-01,3:30am,GBP,Mortgage Approvals,Medium,66K,68K,
2022-02-01,3:30am,GBP,Net Lending to Individuals m/m,Medium,4.0B,4.8B,
2022-02-01,4:00am,EUR,Unemployment Rate,Medium,7.1%,7.1%,
2022-02-01,8:45am,USD,Final Manufacturing PMI,Medium,55.0,55.0,
2022-02-01,9:00am,USD,ISM Manufacturing PMI,High,57.4,58.7,
2022-02-01,9:00am,USD,JOLTS Job Openings,High,10.35M,10.78M,
2022-02-01,9:00am,USD,Construction Spending m/m,Medium,0.7%,0.6%,
2022-02-01,9:00am,USD,ISM Manufacturing Prices,Medium,67.6,68.2,
2022-02-01,All Day,USD,Wards Total Vehicle Sales,Medium,13.0M,12.4M,
2022-02-01,3:30pm,USD,API Weekly Statistical Bulletin,Medium,,,
2022-02-01,5:50pm,JPY,Monetary Base y/y,Medium,8.5%,8.3%,
2022-02-01,6:01pm,GBP,BRC Shop Price Index y/y,Medium,,0.8%,
2022-02-02,2:00am,EUR,Spanish Unemployment Change,Low,-50.7K,-76.8K,
2022-02-02,4:00am,EUR,Core CPI Flash Estimate y/y,Medium,1.9%,2.6%,
2022-02-02,4:00am,EUR,CPI Flash Estimate y/y,Medium,4.4%,5.0%,
2022-02-02,4:00am,EUR,Italian Prelim CPI m/m,Medium,0.5%,0.4%,
2022-02-02,7:15am,USD,ADP Non-Farm Employment Change,High,185K,776K,
2022-02-02,9:30am,USD,Crude Oil Inventories,Low,1.8M,2.4M,
2022-02-02,9:35pm,JPY,30-y Bond Auction,Medium,,0.72|3.6,
2022-02-03,2:45am,EUR,Italian Services PMI,Medium,50.0,53.0,
2022-02-03,2:50am,EUR,French Final Services PMI,Medium,53.1,53.1,
2022-02-03,2:55am,EUR,German Final Services PMI,Medium,52.2,52.2,
2022-02-03,3:00am,EUR,Final Services PMI,Medium,51.2,51.2,
2022-02-03,3:30am,GBP,Final Services PMI,Medium,53.3,53.3,
2022-02-03,3:48am,EUR,Spanish 10-y Bond Auction,Medium,,0.43|1.9,
2022-02-03,4:00am,EUR,PPI m/m,Medium,2.9%,1.8%,
2022-02-03,4:06am,EUR,French 10-y Bond Auction,Medium,,0.30|2.1,
2022-02-03,6:00am,GBP,Asset Purchase Facility,High,875B,875B,
2022-02-03,6:00am,GBP,BOE Monetary Policy Report,High,,,
2022-02-03,6:00am,GBP,Monetary Policy Summary,High,,,
2022-02-03,6:00am,GBP,MPC Asset Purchase Facility Votes,High,0-0-9,0-0-9,
2022-02-03,6:00am,GBP,MPC Official Bank Rate Votes,High,7-0-2,8-0-1,
2022-02-03,6:00am,GBP,Official Bank Rate,High,0.50%,0.25%,
2022-02-03,6:30am,GBP,BOE Gov Bailey Speaks,High,,,
2022-02-03,6:30am,USD,Challenger Job Cuts y/y,Medium,,-75.3%,
2022-02-03,6:45am,EUR,Main Refinancing Rate,High,0.00%,0.00%,
2022-02-03,6:45am,EUR,Monetary Policy Statement,High,,,
2022-02-03,7:30am,EUR,ECB Press Conference,High,,,
2022-02-03,7:30am,USD,Unemployment Claims,Low,245K,261K,
2022-02-03,7:30am,USD,Prelim Nonfarm Productivity q/q,Medium,3.8%,-5.2%,
2022-02-03,7:30am,USD,Prelim Unit Labor Costs q/q,Medium,1.1%,9.6%,
2022-02-03,8:00am,USD,Fed Gov Nomination Hearings,High,,,
2022-02-03,8:45am,USD,Final Services PMI,Medium,50.9,50.9,
2022-02-03,9:00am,USD,ISM Services PMI,High,59.5,62.0,
2022-02-03,9:00am,USD,Factory Orders m/m,Medium,-0.4%,1.8%,
2022-02-03,9:30am,USD,Natural Gas Storage,Medium,-280B,-219B,
2022-02-04,1:45am,EUR,French Industrial Production m/m,Medium,0.5%,-0.5%,
2022-02-04,1:45am,EUR,French Prelim Private Payrolls q/q,Medium,0.4%,0.5%,
2022-02-04,3:30am,GBP,Construction PMI,Medium,54.3,54.3,
2022-02-04,4:00am,EUR,Retail Sales m/m,Medium,-1.0%,1.0%,
2022-02-04,6:15am,GBP,MPC Member Broadbent Speaks,Low,,,
2022-02-04,7:30am,USD,Average Hourly Earnings m/m,High,0.5%,0.5%,
2022-02-04,7:30am,USD,Non-Farm Employment Change,High,110K,510K,
2022-02-04,7:30am,USD,Unemployment Rate,High,3.9%,3.9%,
2022-02-04,9:45am,USD,President Biden Speaks,Medium,,,
2022-02-06,11:00pm,JPY,Leading Indicators,Medium,103.8%,103.2%,
2022-02-07,1:00am,EUR,German Industrial Production m/m,Medium,0.4%,0.3%,
2022-02-07,1:00am,GBP,Halifax HPI m/m,Medium,0.9%,1.1%,
2022-02-07,2:00am,CHF,Foreign Currency Reserves,Medium,,945B,
2022-02-07,3:30am,EUR,Sentix Investor Confidence,Medium,15.1,14.9,
2022-02-07,9:45am,EUR,ECB President Lagarde Speaks,Low,,,
2022-02-07,2:00pm,USD,Consumer Credit m/m,Medium,24.9B,38.8B,
2022-02-07,5:30pm,JPY,Average Cash Earnings y/y,Medium,0.9%,0.8%,
2022-02-07,5:30pm,JPY,Household Spending y/y,Medium,0.0%,-1.3%,
2022-02-07,5:50pm,JPY,Bank Lending y/y,Medium,0.8%,0.6%,
2022-02-07,5:50pm,JPY,Current Account,Medium,1.16T,1.37T,
2022-02-07,6:01pm,GBP,BRC Retail Sales Monitor y/y,Medium,0.7%,0.6%,
2022-02-07,11:00pm,JPY,Economy Watchers Sentiment,Medium,48.1,56.4,
2022-02-08,3:00am,EUR,Italian Retail Sales m/m,Medium,-0.4%,-0.4%,
2022-02-08,4:56am,USD,NFIB Small Business Index,Medium,97.4,98.9,
2022-02-08,7:30am,USD,Trade Balance,Medium,-83.0B,-79.3B,
2022-02-08,8:56am,USD,RCM/TIPP Economic Optimism,Medium,47.2,44.7,
2022-02-08,3:30pm,USD,API Weekly Statistical Bulletin,Medium,,,
2022-02-08,5:50pm,JPY,M2 Money Stock y/y,Medium,3.6%,3.7%,
2022-02-08,11:59pm,JPY,Prelim Machine Tool Orders y/y,Medium,,40.5%,
2022-02-09,3:00am,EUR,Italian Industrial Production m/m,Medium,-0.8%,2.1%,
2022-02-09,4:32am,EUR,German 30-y Bond Auction,Medium,,0.28|1.1,
2022-02-09,7:10am,GBP,MPC Member Pill Speaks,Medium,,,
2022-02-09,9:00am,USD,Final Wholesale Inventories m/m,Medium,2.1%,2.1%,
2022-02-09,9:30am,USD,Crude Oil Inventories,Low,1.5M,-1.0M,
2022-02-09,9:30am,USD,FOMC Member Bowman Speaks,Medium,,,
2022-02-09,11:00am,USD,FOMC Member Mester Speaks,Low,,,
2022-02-09,12:01pm,USD,10-y Bond Auction,Low,,1.72|2.5,
2022-02-09,5:50pm,JPY,PPI y/y,Medium,8.2%,8.7%,
2022-02-09,6:01pm,GBP,RICS House Price Balance,Medium,69%,70%,
2022-02-10,ThuFeb 10,EUR,EU Economic Forecasts,Low,,,
2022-02-10,7:30am,USD,Core CPI m/m,High,0.5%,0.6%,
2022-02-10,7:30am,USD,CPI m/m,High,0.4%,0.5%,
2022-02-10,7:30am,USD,CPI y/y,High,7.2%,7.0%,
2022-02-10,7:30am,USD,Unemployment Claims,Low,227K,239K,
2022-02-10,9:00am,USD,Mortgage Delinquencies,Medium,,4.88%,
2022-02-10,9:30am,USD,Natural Gas Storage,Medium,-223B,-268B,
2022-02-10,11:00am,GBP,BOE Gov Bailey Speaks,High,,,
2022-02-10,12:01pm,USD,30-y Bond Auction,Low,,2.08|2.4,
2022-02-10,1:00pm,USD,Federal Budget Balance,Medium,19.5B,-21.3B,
2022-02-10,All Day,JPY,Bank Holiday,Low,,,
2022-02-11,FriFeb 11,EUR,German WPI m/m,Medium,0.5%,0.2%,
2022-02-11,FriFeb 11,GBP,Prelim GDP q/q,Low,1.1%,1.1%,
2022-02-11,FriFeb 11,GBP,Construction Output m/m,Medium,-0.6%,1.9%,
2022-02-11,FriFeb 11,GBP,GDP m/m,Medium,-0.5%,0.7%,
2022-02-11,FriFeb 11,GBP,Goods Trade Balance,Medium,-12.4B,-12.7B,
2022-02-11,FriFeb 11,GBP,Index of Services 3m/3m,Medium,1.2%,1.3%,
2022-02-11,FriFeb 11,GBP,Industrial Production m/m,Medium,0.1%,0.7%,
2022-02-11,FriFeb 11,GBP,Manufacturing Production m/m,Medium,0.2%,0.7%,
2022-02-11,1:30am,CHF,CPI m/m,Medium,0.0%,-0.1%,
2022-02-11,3:30am,GBP,Prelim Business Investment q/q,Medium,-3.0%,-2.5%,
2022-02-11,7:03am,GBP,NIESR GDP Estimate,Medium,,1.0%,
2022-02-11,9:00am,USD,Prelim UoM Consumer Sentiment,Low,67.2,67.2,
2022-02-11,9:00am,USD,Prelim UoM Inflation Expectations,Medium,,4.9%,
2022-02-14,7:30am,USD,FOMC Member Bullard Speaks,High,,,
2022-02-14,10:15am,EUR,ECB President Lagarde Speaks,Low,,,
2022-02-14,5:50pm,JPY,Prelim GDP Price Index y/y,Medium,-1.3%,-1.2%,
2022-02-14,5:50pm,JPY,Prelim GDP q/q,Medium,1.5%,-0.9%,
2022-02-14,10:30pm,JPY,Revised Industrial Production m/m,Medium,-1.0%,-1.0%,
2022-02-15,1:00am,GBP,Average Earnings Index 3m/y,Medium,3.8%,4.2%,
2022-02-15,1:00am,GBP,Claimant Count Change,Medium,-36.2K,-51.6K,
2022-02-15,1:00am,GBP,Unemployment Rate,Medium,4.1%,4.1%,
2022-02-15,4:00am,EUR,ZEW Economic Sentiment,Low,54.4,49.4,
2022-02-15,4:00am,EUR,German ZEW Economic Sentiment,Low,55.1,51.7,
2022-02-15,4:00am,EUR,Flash Employment Change q/q,Medium,1.0%,1.0%,
2022-02-15,4:00am,EUR,Flash GDP q/q,Medium,0.3%,0.3%,
2022-02-15,4:00am,EUR,Trade Balance,Medium,-4.7B,-1.8B,
2022-02-15,4:08am,GBP,10-y Bond Auction,Medium,,0.92|2.2,
2022-02-15,7:30am,USD,PPI m/m,High,0.5%,0.2%,
2022-02-15,7:30am,USD,Core PPI m/m,Low,0.5%,0.5%,
2022-02-15,7:30am,USD,Empire State Manufacturing Index,Low,11.9,-0.7,
2022-02-15,8:30am,GBP,CB Leading Index m/m,Medium,,0.4%,
2022-02-15,2:30pm,USD,President Biden Speaks,Medium,,,
2022-02-15,3:00pm,USD,TIC Long-Term Purchases,Medium,56.9B,137.9B,
2022-02-15,3:30pm,USD,API Weekly Statistical Bulletin,Medium,,,
2022-02-15,10:30pm,JPY,Tertiary Industry Activity m/m,Medium,0.3%,0.7%,
2022-02-16,WedFeb 16,GBP,Core CPI y/y,Medium,4.3%,4.2%,
2022-02-16,WedFeb 16,GBP,PPI Input m/m,Medium,1.0%,0.1%,
2022-02-16,WedFeb 16,GBP,PPI Output m/m,Medium,0.6%,0.3%,
2022-02-16,WedFeb 16,GBP,RPI y/y,Medium,7.4%,7.5%,
2022-02-16,3:30am,GBP,HPI y/y,Medium,9.3%,10.7%,
2022-02-16,4:00am,EUR,Industrial Production m/m,Medium,0.4%,2.4%,
2022-02-16,4:32am,EUR,German 10-y Bond Auction,Medium,,-0.08|1.4,
2022-02-16,7:30am,USD,Core Retail Sales m/m,High,1.0%,-2.8%,
2022-02-16,7:30am,USD,Retail Sales m/m,High,2.1%,-2.5%,
2022-02-16,7:30am,USD,Import Prices m/m,Medium,1.3%,-0.4%,
2022-02-16,8:15am,USD,Industrial Production m/m,Low,0.4%,-0.1%,
2022-02-16,8:15am,USD,Capacity Utilization Rate,Medium,76.8%,76.6%,
2022-02-16,9:00am,USD,Business Inventories m/m,Medium,2.1%,1.5%,
2022-02-16,9:00am,USD,NAHB Housing Market Index,Medium,82,83,
2022-02-16,9:30am,USD,Crude Oil Inventories,Low,-2.2M,-4.8M,
2022-02-16,1:00pm,USD,FOMC Meeting Minutes,High,,,
2022-02-16,5:50pm,JPY,Core Machinery Orders m/m,Medium,-2.0%,3.4%,
2022-02-16,5:50pm,JPY,Trade Balance,Medium,-0.40T,-0.55T,
2022-02-17,3:00am,EUR,ECB Economic Bulletin,Medium,,,
2022-02-17,3:00am,EUR,Italian Trade Balance,Medium,5.11B,4.18B,
2022-02-17,3:35am,EUR,Spanish 10-y Bond Auction,Medium,,0.85|1.6,
2022-02-17,7:30am,USD,Philly Fed Manufacturing Index,Low,19.9,23.2,
2022-02-17,7:30am,USD,Unemployment Claims,Low,217K,225K,
2022-02-17,7:30am,USD,Building Permits,Medium,1.74M,1.89M,
2022-02-17,7:30am,USD,Housing Starts,Medium,1.70M,1.71M,
2022-02-17,9:30am,USD,Natural Gas Storage,Medium,-203B,-222B,
2022-02-17,10:00am,USD,FOMC Member Bullard Speaks,Low,,,
2022-02-17,4:00pm,USD,FOMC Member Mester Speaks,Low,,,
2022-02-17,5:30pm,JPY,National Core CPI y/y,Medium,0.3%,0.5%,
2022-02-18,1:45am,EUR,French Final CPI m/m,Medium,0.3%,0.3%,
2022-02-18,3:00am,EUR,Current Account,Medium,24.3B,23.6B,
2022-02-18,8:57am,EUR,Consumer Confidence,Medium,-8,-9,
2022-02-18,9:00am,USD,Existing Home Sales,Low,6.10M,6.09M,
2022-02-18,9:00am,USD,CB Leading Index m/m,Medium,0.2%,0.7%,
2022-02-18,9:45am,USD,FOMC Member Waller Speaks,Low,,,
2022-02-18,10:00am,USD,FOMC Member Williams Speaks,Medium,,,
2022-02-18,12:30pm,USD,FOMC Member Brainard Speaks,Low,,,
2022-02-18,3:00pm,USD,President Biden Speaks,Medium,,,
2022-02-20,6:01pm,GBP,Rightmove HPI m/m,Medium,,0.3%,
2022-02-20,6:30pm,JPY,Flash Manufacturing PMI,Medium,55.0,55.4,
2022-02-21,2:15am,EUR,French Flash Services PMI,Low,54.0,53.1,
2022-02-21,2:15am,EUR,French Flash Manufacturing PMI,Medium,55.5,55.5,
2022-02-21,2:30am,EUR,German Flash Manufacturing PMI,High,59.6,59.8,
2022-02-21,2:30am,EUR,German Flash Services PMI,High,53.2,52.2,
2022-02-21,3:00am,EUR,Flash Manufacturing PMI,Medium,58.9,58.7,
2022-02-21,3:00am,EUR,Flash Services PMI,Medium,52.3,51.1,
2022-02-21,3:30am,GBP,Flash Manufacturing PMI,Low,57.2,57.3,
2022-02-21,3:30am,GBP,Flash Services PMI,Low,55.6,54.1,
2022-02-21,5:00am,EUR,German Buba Monthly Report,Medium,,,
2022-02-21,All Day,USD,Bank Holiday,Low,,,
2022-02-21,10:15am,USD,FOMC Member Bowman Speaks,Medium,,,
2022-02-21,5:50pm,JPY,SPPI y/y,Medium,1.2%,1.1%,
2022-02-21,11:00pm,JPY,BOJ Core CPI y/y,Medium,1.1%,0.9%,
2022-02-22,3:00am,EUR,German ifo Business Climate,Low,96.4,96.0,
2022-02-22,4:45am,GBP,MPC Member Ramsden Speaks,Medium,,,
2022-02-22,5:00am,GBP,CBI Industrial Order Expectations,Medium,25,24,
2022-02-22,7:56am,EUR,Belgian NBB Business Climate,Medium,3.2,2.7,
2022-02-22,8:00am,USD,HPI m/m,Medium,1.0%,1.2%,
2022-02-22,8:00am,USD,S&P/CS Composite-20 HPI y/y,Medium,18.0%,18.3%,
2022-02-22,8:45am,USD,Flash Manufacturing PMI,Low,55.9,55.5,
2022-02-22,8:45am,USD,Flash Services PMI,Low,52.9,51.2,
2022-02-22,8:59am,USD,Richmond Manufacturing Index,Medium,10,8,
2022-02-22,9:00am,USD,CB Consumer Confidence,Low,109.9,111.1,
2022-02-22,1:00pm,USD,President Biden Speaks,Medium,,,
2022-02-22,All Day,JPY,Bank Holiday,Low,,,
2022-02-23,3:00am,CHF,UBS Economic Expectations,Medium,,9.5,
2022-02-23,3:30am,GBP,Monetary Policy Report Hearings,High,,,
2022-02-23,4:00am,EUR,Final Core CPI y/y,Medium,2.3%,2.3%,
2022-02-23,4:00am,EUR,Final CPI y/y,Medium,5.1%,5.1%,
2022-02-23,9:00am,GBP,MPC Member Tenreyro Speaks,Low,,,
2022-02-23,3:30pm,USD,API Weekly Statistical Bulletin,Medium,,,
2022-02-24,5:00am,GBP,CBI Realized Sales,Medium,26,28,
2022-02-24,7:15am,GBP,BOE Gov Bailey Speaks,Low,,,
2022-02-24,7:30am,USD,Prelim GDP q/q,High,7.0%,6.9%,
2022-02-24,7:30am,USD,Unemployment Claims,Low,233K,249K,
2022-02-24,7:30am,USD,Prelim GDP Price Index q/q,Medium,6.9%,6.9%,
2022-02-24,9:00am,USD,New Home Sales,Medium,800K,839K,
2022-02-24,9:30am,USD,Natural Gas Storage,Medium,-137B,-190B,
2022-02-24,10:00am,USD,Crude Oil Inventories,Low,-1.0M,1.1M,
2022-02-24,11:00am,USD,FOMC Member Mester Speaks,Low,,,
2022-02-24,12:00pm,GBP,MPC Member Pill Speaks,Low,,,
2022-02-24,12:30pm,USD,President Biden Speaks,Medium,,,
2022-02-24,5:30pm,JPY,Tokyo Core CPI y/y,Medium,0.4%,0.2%,
2022-02-24,6:01pm,GBP,GfK Consumer Confidence,Medium,-19,-19,
2022-02-24,7:25pm,USD,FOMC Member Waller Speaks,Low,,,
2022-02-25,FriFeb 25,EUR,German Import Prices m/m,Medium,1.7%,0.1%,
2022-02-25,1:45am,EUR,French Consumer Spending m/m,Medium,-0.9%,0.0%,
2022-02-25,1:45am,EUR,French Prelim CPI m/m,Medium,0.4%,0.3%,
2022-02-25,1:45am,EUR,French Prelim GDP q/q,Medium,0.7%,0.7%,
2022-02-25,3:00am,EUR,M3 Money Supply y/y,Medium,6.7%,6.9%,
2022-02-25,3:00am,EUR,Private Loans y/y,Medium,4.0%,4.2%,
2022-02-25,4:15am,EUR,Italian 10-y Bond Auction,Medium,,1.39|1.4,
2022-02-25,All Day,EUR,ECOFIN Meetings,Medium,,,
2022-02-25,All Day,EUR,Eurogroup Meetings,Medium,,,
2022-02-25,7:30am,USD,Core PCE Price Index m/m,High,0.5%,0.5%,
2022-02-25,7:30am,USD,Core Durable Goods Orders m/m,Low,0.4%,0.6%,
2022-02-25,7:30am,USD,Durable Goods Orders m/m,Low,1.1%,-0.7%,
2022-02-25,7:30am,USD,Personal Income m/m,Medium,-0.3%,0.4%,
2022-02-25,7:30am,USD,Personal Spending m/m,Medium,1.6%,-0.8%,
2022-02-25,8:00am,EUR,ECB President Lagarde Speaks,Low,,,
2022-02-25,9:00am,USD,Revised UoM Consumer Sentiment,Low,61.7,61.7,
2022-02-25,9:00am,USD,Pending Home Sales m/m,Medium,1.5%,-2.3%,
2022-02-25,9:00am,USD,Revised UoM Inflation Expectations,Medium,,5.0%,
2022-02-25,10:00am,USD,Fed Monetary Policy Report,Medium,,,
2022-02-27,SunFeb 27,JPY,Retail Sales y/y,Medium,1.5%,1.2%,
2022-02-27,11:00pm,JPY,Housing Starts y/y,Medium,2.2%,4.2%,
2022-02-28,2:00am,CHF,KOF Economic Barometer,Low,108.1,107.2,
2022-02-28,2:00am,CHF,GDP q/q,Medium,0.3%,1.9%,
2022-02-28,2:00am,EUR,Spanish Flash CPI y/y,Medium,7.1%,6.1%,
2022-02-28,7:30am,USD,Goods Trade Balance,Medium,-99.6B,-100.5B,
2022-02-28,7:30am,USD,Prelim Wholesale Inventories m/m,Medium,1.3%,2.2%,
2022-02-28,8:45am,USD,Chicago PMI,Low,62.1,65.2,
2022-02-28,6:30pm,JPY,Final Manufacturing PMI,Medium,52.9,52.9,
2022-02-28,9:35pm,JPY,10-y Bond Auction,Medium,,0.18|3.3,
2022-03-01,2:15am,EUR,Spanish Manufacturing PMI,Medium,55.9,56.2,
2022-03-01,2:30am,CHF,Manufacturing PMI,Medium,64.2,63.8,
2022-03-01,2:45am,EUR,Italian Manufacturing PMI,Medium,58.0,58.3,
2022-03-01,2:50am,EUR,French Final Manufacturing PMI,Medium,57.6,57.6,
2022-03-01,2:55am,EUR,German Final Manufacturing PMI,Medium,58.5,58.5,
2022-03-01,3:00am,EUR,Final Manufacturing PMI,Medium,58.4,58.4,
2022-03-01,3:30am,GBP,Final Manufacturing PMI,Medium,57.3,57.3,
2022-03-01,3:30am,GBP,M4 Money Supply m/m,Medium,0.4%,0.0%,
2022-03-01,3:30am,GBP,Mortgage Approvals,Medium,72K,71K,
2022-03-01,3:30am,GBP,Net Lending to Individuals m/m,Medium,5.0B,4.8B,
2022-03-01,4:00am,EUR,Italian Prelim CPI m/m,Medium,0.7%,1.6%,
2022-03-01,8:45am,USD,Final Manufacturing PMI,Medium,57.5,57.5,
2022-03-01,9:00am,USD,ISM Manufacturing PMI,High,58.0,57.6,
2022-03-01,9:00am,USD,Construction Spending m/m,Medium,0.2%,0.8%,
2022-03-01,9:00am,USD,ISM Manufacturing Prices,Medium,77.4,76.1,
2022-03-01,All Day,USD,Wards Total Vehicle Sales,Medium,14.4M,15.0M,
2022-03-01,12:30pm,GBP,MPC Member Saunders Speaks,Low,,,
2022-03-01,1:00pm,GBP,MPC Member Mann Speaks,Medium,,,
2022-03-01,3:30pm,USD,API Weekly Statistical Bulletin,Medium,,,
2022-03-01,5:50pm,JPY,Capital Spending q/y,Medium,2.9%,1.2%,
2022-03-01,5:50pm,JPY,Monetary Base y/y,Medium,8.6%,8.4%,
2022-03-01,6:01pm,GBP,BRC Shop Price Index y/y,Medium,,1.5%,
2022-03-01,8:00pm,USD,President Biden Speaks,Medium,,,
2022-03-02,1:45am,EUR,French Gov Budget Balance,Medium,,-170.7B,
2022-03-02,2:00am,EUR,Spanish Unemployment Change,Low,-44.5K,17.2K,
2022-03-02,2:55am,EUR,German Unemployment Change,Medium,-22K,-48K,
2022-03-02,4:00am,EUR,Core CPI Flash Estimate y/y,Low,2.6%,2.3%,
2022-03-02,4:00am,EUR,CPI Flash Estimate y/y,Low,5.6%,5.1%,
2022-03-02,4:35am,EUR,German 10-y Bond Auction,Medium,,0.31|2.0,
2022-03-02,7:17am,USD,ADP Non-Farm Employment Change,High,378K,509K,
2022-03-02,8:30am,USD,FOMC Member Bullard Speaks,Low,,,
2022-03-02,9:00am,USD,Fed Chairman Powell Testifies,High,,,
2022-03-02,9:30am,USD,Crude Oil Inventories,Low,2.5M,4.5M,
2022-03-02,12:30pm,GBP,MPC Member Tenreyro Speaks,Medium,,,
2022-03-02,1:00pm,USD,Beige Book,Medium,,,
2022-03-02,2:00pm,GBP,MPC Member Cunliffe Speaks,Medium,,,
2022-03-02,9:35pm,JPY,30-y Bond Auction,Medium,,0.79|3.4,
2022-03-02,11:00pm,JPY,Consumer Confidence,Medium,35.0,36.7,
2022-03-03,2:15am,EUR,Spanish Services PMI,Medium,51.5,46.6,
2022-03-03,2:45am,EUR,Italian Services PMI,Medium,52.6,48.5,
2022-03-03,2:50am,EUR,French Final Services PMI,Medium,57.9,57.9,
2022-03-03,2:55am,EUR,German Final Services PMI,Medium,56.6,56.6,
2022-03-03,3:00am,EUR,Final Services PMI,Medium,55.8,55.8,
2022-03-03,3:00am,EUR,Italian Monthly Unemployment Rate,Medium,9.0%,9.0%,
2022-03-03,3:30am,GBP,Final Services PMI,Medium,60.8,60.8,
2022-03-03,4:00am,EUR,PPI m/m,Medium,2.5%,3.0%,
2022-03-03,4:00am,EUR,Unemployment Rate,Medium,6.9%,7.0%,
2022-03-03,4:04am,EUR,French 10-y Bond Auction,Medium,,0.45|2.6,
2022-03-03,6:30am,EUR,ECB Monetary Policy Meeting Accounts,Medium,,,
2022-03-03,6:30am,USD,Challenger Job Cuts y/y,Medium,,-76.0%,
2022-03-03,7:30am,USD,Unemployment Claims,Low,223K,233K,
2022-03-03,7:30am,USD,Revised Nonfarm Productivity q/q,Medium,6.6%,6.6%,
2022-03-03,7:30am,USD,Revised Unit Labor Costs q/q,Medium,0.3%,0.3%,
2022-03-03,8:45am,USD,Final Services PMI,Medium,56.7,56.7,
2022-03-03,9:00am,USD,Fed Chairman Powell Testifies,High,,,
2022-03-03,9:00am,USD,ISM Services PMI,High,61.2,59.9,
2022-03-03,9:00am,USD,Factory Orders m/m,Medium,0.8%,0.7%,
2022-03-03,9:30am,USD,Natural Gas Storage,Medium,-138B,-129B,
2022-03-03,5:00pm,USD,FOMC Member Williams Speaks,Medium,,,
2022-03-03,5:30pm,JPY,Unemployment Rate,Medium,2.7%,2.7%,
2022-03-04,1:45am,EUR,French Industrial Production m/m,Medium,0.5%,-0.1%,
2022-03-04,3:30am,GBP,Construction PMI,Medium,57.4,56.3,
2022-03-04,4:00am,EUR,Retail Sales m/m,Medium,1.5%,-2.7%,
2022-03-04,7:30am,USD,Average Hourly Earnings m/m,High,0.5%,0.6%,
2022-03-04,7:30am,USD,Non-Farm Employment Change,High,407K,481K,
2022-03-04,7:30am,USD,Unemployment Rate,High,3.9%,4.0%,
2022-03-07,1:00am,EUR,German Factory Orders m/m,Medium,0.9%,3.0%,
2022-03-07,1:00am,EUR,German Retail Sales m/m,Medium,1.9%,-4.6%,
2022-03-07,1:00am,GBP,Halifax HPI m/m,Medium,1.0%,0.2%,
2022-03-07,2:00am,CHF,Foreign Currency Reserves,Medium,,947B,
2022-03-07,3:30am,EUR,Sentix Investor Confidence,Medium,5.1,16.6,
2022-03-07,9:00am,GBP,MPC Member Cunliffe Speaks,Medium,,,
2022-03-07,2:00pm,USD,Consumer Credit m/m,Medium,24.7B,22.4B,
2022-03-07,5:30pm,JPY,Average Cash Earnings y/y,Medium,0.2%,-0.4%,
2022-03-07,5:50pm,JPY,Bank Lending y/y,Medium,0.6%,0.5%,
2022-03-07,5:50pm,JPY,Current Account,Medium,0.33T,0.81T,
2022-03-07,6:01pm,GBP,BRC Retail Sales Monitor y/y,Medium,4.7%,8.1%,
2022-03-07,11:00pm,JPY,Leading Indicators,Medium,103.7%,104.8%,
2022-03-08,1:00am,EUR,German Industrial Production m/m,Medium,0.5%,1.1%,
2022-03-08,3:00am,EUR,Italian Retail Sales m/m,Medium,1.1%,0.8%,
2022-03-08,4:00am,EUR,Final Employment Change q/q,Medium,0.5%,0.5%,
2022-03-08,4:00am,EUR,Revised GDP q/q,Medium,0.3%,0.3%,
2022-03-08,4:11am,GBP,30-y Bond Auction,Medium,,0.87|2.4,
2022-03-08,5:00am,USD,NFIB Small Business Index,Medium,97.5,97.1,
2022-03-08,7:30am,USD,Trade Balance,Medium,-87.5B,-82.0B,
2022-03-08,9:00am,USD,Final Wholesale Inventories m/m,Medium,0.8%,0.8%,
2022-03-08,9:01am,USD,RCM/TIPP Economic Optimism,Medium,45.7,44.0,
2022-03-08,9:45am,USD,President Biden Speaks,Medium,,,
2022-03-08,3:30pm,USD,API Weekly Statistical Bulletin,Medium,,,
2022-03-08,5:50pm,JPY,Final GDP q/q,Medium,1.4%,1.3%,
2022-03-08,5:50pm,JPY,M2 Money Stock y/y,Medium,3.5%,3.6%,
2022-03-08,5:53pm,JPY,Final GDP Price Index y/y,Medium,-1.3%,-1.3%,
2022-03-08,11:58pm,JPY,Prelim Machine Tool Orders y/y,Medium,,61.4%,
2022-03-09,3:00am,EUR,Italian Industrial Production m/m,Medium,-0.6%,-1.1%,
2022-03-09,9:00am,USD,JOLTS Job Openings,High,10.96M,11.45M,
2022-03-09,9:30am,USD,Crude Oil Inventories,Low,-1.1M,-2.6M,
2022-03-09,12:01pm,USD,10-y Bond Auction,Low,,1.90|2.7,
2022-03-09,5:50pm,JPY,PPI y/y,Medium,8.6%,8.9%,
2022-03-09,6:01pm,GBP,RICS House Price Balance,Medium,72%,74%,
2022-03-10,6:45am,EUR,Main Refinancing Rate,High,0.00%,0.00%,
2022-03-10,6:45am,EUR,Monetary Policy Statement,High,,,
2022-03-10,7:30am,EUR,ECB Press Conference,High,,,
2022-03-10,7:30am,USD,Core CPI m/m,High,0.5%,0.6%,
2022-03-10,7:30am,USD,CPI m/m,High,0.8%,0.6%,
2022-03-10,7:30am,USD,Unemployment Claims,Low,220K,216K,
2022-03-10,9:30am,USD,Natural Gas Storage,Medium,-116B,-139B,
2022-03-10,12:01pm,USD,30-y Bond Auction,Low,,2.34|2.3,
2022-03-10,1:00pm,USD,Federal Budget Balance,Medium,-213.0B,118.7B,
2022-03-10,5:30pm,JPY,Household Spending y/y,Medium,3.3%,-0.2%,
2022-03-10,5:50pm,JPY,BSI Manufacturing Index,Medium,8.2,7.9,
2022-03-11,FriMar 11,GBP,Construction Output m/m,Medium,0.5%,2.0%,
2022-03-11,FriMar 11,GBP,GDP m/m,Medium,0.1%,-0.2%,
2022-03-11,FriMar 11,GBP,Index of Services 3m/3m,Medium,0.8%,1.2%,
2022-03-11,FriMar 11,GBP,Industrial Production m/m,Medium,0.1%,0.3%,
2022-03-11,FriMar 11,GBP,Manufacturing Production m/m,Medium,0.2%,0.2%,
2022-03-11,1:02am,GBP,Goods Trade Balance,Medium,-12.6B,-12.4B,
2022-03-11,3:00am,EUR,Italian Quarterly Unemployment Rate,Medium,9.0%,9.1%,
2022-03-11,3:30am,GBP,Consumer Inflation Expectations,Medium,,3.2%,
2022-03-11,8:45am,GBP,NIESR GDP Estimate,Medium,,1.1%,
2022-03-11,9:00am,USD,Prelim UoM Consumer Sentiment,High,61.4,62.8,
2022-03-11,9:00am,USD,Prelim UoM Inflation Expectations,Medium,,4.9%,
2022-03-13,SunMar 13,USD,Daylight Saving Time Shift,Low,,,
2022-03-14,2:45am,EUR,French Trade Balance,Medium,-9.8B,-11.4B,
2022-03-14,3:00am,CHF,SECO Economic Forecasts,Medium,,,
2022-03-14,All Day,EUR,Eurogroup Meetings,Medium,,,
2022-03-14,8:30am,GBP,CB Leading Index m/m,Medium,,0.1%,
2022-03-15,TueMar 15,GBP,Claimant Count Change,Medium,20.3K,-67.3K,
2022-03-15,TueMar 15,GBP,Unemployment Rate,Medium,4.0%,4.1%,
2022-03-15,2:30am,CHF,PPI m/m,Medium,0.4%,0.6%,
2022-03-15,2:45am,EUR,French Final CPI m/m,Medium,0.7%,0.7%,
2022-03-15,5:00am,EUR,ZEW Economic Sentiment,Low,10.3,48.6,
2022-03-15,5:00am,EUR,German ZEW Economic Sentiment,Low,5.2,54.3,
2022-03-15,5:00am,EUR,Industrial Production m/m,Medium,0.0%,1.3%,
2022-03-15,All Day,EUR,ECOFIN Meetings,Medium,,,
2022-03-15,7:30am,USD,PPI m/m,High,1.0%,1.0%,
2022-03-15,7:30am,USD,Core PPI m/m,Low,0.6%,0.8%,
2022-03-15,7:30am,USD,Empire State Manufacturing Index,Low,6.5,3.1,
2022-03-15,10:15am,EUR,ECB President Lagarde Speaks,Low,,,
2022-03-15,3:00pm,USD,TIC Long-Term Purchases,Medium,90.0B,114.5B,
2022-03-15,3:30pm,USD,API Weekly Statistical Bulletin,Medium,,,
2022-03-15,6:50pm,JPY,Trade Balance,Medium,-0.39T,-0.78T,
2022-03-15,11:30pm,JPY,Revised Industrial Production m/m,Medium,-1.3%,-1.3%,
2022-03-16,7:30am,USD,Core Retail Sales m/m,High,0.9%,4.4%,
2022-03-16,7:30am,USD,Retail Sales m/m,High,0.4%,4.9%,
2022-03-16,7:30am,USD,Import Prices m/m,Medium,1.7%,1.9%,
2022-03-16,9:00am,USD,Business Inventories m/m,Medium,1.2%,2.4%,
2022-03-16,9:00am,USD,NAHB Housing Market Index,Medium,81,81,
2022-03-16,9:30am,USD,Crude Oil Inventories,Low,-1.8M,-1.9M,
2022-03-16,11:30am,USD,President Biden Speaks,Medium,,,
2022-03-16,1:00pm,USD,Federal Funds Rate,High,0.50%,<0.25%,
2022-03-16,1:00pm,USD,FOMC Economic Projections,High,,,
2022-03-16,1:00pm,USD,FOMC Statement,High,,,
2022-03-16,1:30pm,USD,FOMC Press Conference,High,,,
2022-03-16,6:50pm,JPY,Core Machinery Orders m/m,Medium,-2.0%,3.6%,
2022-03-17,4:30am,EUR,ECB President Lagarde Speaks,Low,,,
2022-03-17,5:00am,EUR,Final Core CPI y/y,Medium,2.7%,2.7%,
2022-03-17,5:00am,EUR,Final CPI y/y,Medium,5.8%,5.8%,
2022-03-17,7:00am,GBP,Monetary Policy Summary,High,,,
2022-03-17,7:00am,GBP,MPC Official Bank Rate Votes,High,9-0-0,9-0-0,
2022-03-17,7:00am,GBP,Official Bank Rate,High,0.75%,0.50%,
2022-03-17,7:00am,GBP,BOE Inflation Letter,Low,,,
2022-03-17,7:30am,USD,Philly Fed Manufacturing Index,Low,15.1,16.0,
2022-03-17,7:30am,USD,Unemployment Claims,Low,221K,229K,
2022-03-17,7:30am,USD,Building Permits,Medium,1.84M,1.90M,
2022-03-17,7:30am,USD,Housing Starts,Medium,1.70M,1.66M,
2022-03-17,8:15am,USD,Industrial Production m/m,Low,0.5%,1.4%,
2022-03-17,8:15am,USD,Capacity Utilization Rate,Medium,77.9%,77.3%,
2022-03-17,9:30am,USD,Natural Gas Storage,Medium,-71B,-124B,
2022-03-17,6:30pm,JPY,National Core CPI y/y,Medium,0.6%,0.2%,
2022-03-17,9:51pm,JPY,Monetary Policy Statement,Low,,,
2022-03-17,9:51pm,JPY,BOJ Policy Rate,Medium,-0.10%,-0.10%,
2022-03-17,11:30pm,JPY,Tertiary Industry Activity m/m,Medium,-1.0%,0.1%,
2022-03-18,4:00am,EUR,Italian Trade Balance,Medium,3.05B,1.10B,
2022-03-18,5:00am,EUR,Trade Balance,Medium,-9.1B,-9.7B,
2022-03-18,9:00am,USD,Existing Home Sales,Low,6.10M,6.49M,
2022-03-18,9:00am,USD,CB Leading Index m/m,Medium,0.3%,-0.5%,
2022-03-18,1:00pm,USD,FOMC Member Bowman Speaks,Medium,,,
2022-03-20,All Day,JPY,Bank Holiday,Low,,,
2022-03-20,7:01pm,GBP,Rightmove HPI m/m,Medium,,2.3%,
2022-03-21,2:30am,EUR,ECB President Lagarde Speaks,Low,,,
2022-03-21,6:00am,EUR,German Buba Monthly Report,Medium,,,
2022-03-21,11:30am,USD,Fed Chairman Powell Speaks,High,,,
2022-03-22,4:05am,EUR,Current Account,Medium,24.3B,22.6B,
2022-03-22,6:00am,GBP,CBI Industrial Order Expectations,Medium,16,20,
2022-03-22,8:15am,EUR,ECB President Lagarde Speaks,Low,,,
2022-03-22,8:59am,USD,Richmond Manufacturing Index,Medium,2,1,
2022-03-22,9:35am,USD,FOMC Member Williams Speaks,Medium,,,
2022-03-22,10:15am,CHF,SNB Chairman Jordan Speaks,Low,,,
2022-03-22,10:15am,GBP,MPC Member Cunliffe Speaks,Medium,,,
2022-03-22,3:30pm,USD,API Weekly Statistical Bulletin,Medium,,,
2022-03-22,4:00pm,USD,FOMC Member Mester Speaks,Low,,,
2022-03-22,11:59pm,JPY,BOJ Core CPI y/y,Medium,0.8%,0.8%,
2022-03-23,WedMar 23,GBP,Core CPI y/y,Medium,5.0%,4.4%,
2022-03-23,WedMar 23,GBP,PPI Input m/m,Medium,1.2%,1.5%,
2022-03-23,WedMar 23,GBP,PPI Output m/m,Medium,0.9%,1.2%,
2022-03-23,WedMar 23,GBP,RPI y/y,Medium,8.2%,7.8%,
2022-03-23,4:30am,GBP,HPI y/y,Medium,10.2%,10.0%,
2022-03-23,7:00am,GBP,BOE Gov Bailey Speaks,High,,,
2022-03-23,7:00am,USD,Fed Chairman Powell Speaks,High,,,
2022-03-23,7:43am,GBP,Annual Budget Release,High,,,
2022-03-23,9:00am,USD,New Home Sales,Medium,809K,788K,
2022-03-23,9:30am,USD,Crude Oil Inventories,Low,-0.7M,4.3M,
2022-03-23,9:50am,EUR,Consumer Confidence,Medium,-13,-9,
2022-03-23,2:00pm,USD,FOMC Member Bullard Speaks,Low,,,
2022-03-23,6:50pm,JPY,Monetary Policy Meeting Minutes,Medium,,,
2022-03-23,7:30pm,JPY,Flash Manufacturing PMI,Medium,53.5,52.7,
2022-03-23,8:05pm,USD,FOMC Member Bullard Speaks,Low,,,
2022-03-24,ThuMar 24,EUR,French Flash Manufacturing PMI,Medium,55.1,57.2,
2022-03-24,3:30am,CHF,SNB Monetary Policy Assessment,High,,,
2022-03-24,3:30am,CHF,SNB Policy Rate,Low,-0.75%,-0.75%,
2022-03-24,3:30am,EUR,German Flash Manufacturing PMI,High,55.9,58.4,
2022-03-24,3:30am,EUR,German Flash Services PMI,High,53.6,55.8,
2022-03-24,4:00am,EUR,ECB Economic Bulletin,Medium,,,
2022-03-24,4:00am,EUR,Flash Manufacturing PMI,Medium,56.0,58.2,
2022-03-24,4:00am,EUR,Flash Services PMI,Medium,54.3,55.5,
2022-03-24,4:30am,GBP,Flash Manufacturing PMI,Low,57.0,58.0,
2022-03-24,4:30am,GBP,Flash Services PMI,Low,58.0,60.5,
2022-03-24,6:00am,GBP,CBI Realized Sales,Medium,11,14,
2022-03-24,7:30am,USD,Core Durable Goods Orders m/m,Low,0.5%,0.8%,
2022-03-24,7:30am,USD,Durable Goods Orders m/m,Low,-0.5%,1.6%,
2022-03-24,7:30am,USD,Unemployment Claims,Low,210K,215K,
2022-03-24,7:30am,USD,Current Account,Medium,-218B,-220B,
2022-03-24,8:00am,GBP,MPC Member Mann Speaks,Medium,,,
2022-03-24,8:10am,USD,FOMC Member Waller Speaks,Low,,,
2022-03-24,8:45am,USD,Flash Manufacturing PMI,Low,56.6,57.3,
2022-03-24,8:45am,USD,Flash Services PMI,Low,56.0,56.5,
2022-03-24,9:30am,USD,Natural Gas Storage,Medium,-52B,-79B,
2022-03-24,12:30pm,USD,President Biden Speaks,Medium,,,
2022-03-24,6:30pm,JPY,Tokyo Core CPI y/y,Medium,0.7%,0.5%,
2022-03-24,6:50pm,JPY,SPPI y/y,Medium,1.2%,1.2%,
2022-03-24,7:01pm,GBP,GfK Consumer Confidence,Medium,-30,-26,
2022-03-25,4:00am,EUR,German ifo Business Climate,Low,94.2,98.5,
2022-03-25,4:00am,EUR,M3 Money Supply y/y,Medium,6.3%,6.4%,
2022-03-25,4:00am,EUR,Private Loans y/y,Medium,4.4%,4.3%,
2022-03-25,5:30am,GBP,FPC Meeting Minutes,Medium,,,
2022-03-25,5:30am,GBP,FPC Statement,Medium,,,
2022-03-25,8:56am,EUR,Belgian NBB Business Climate,Medium,1.8,2.3,
2022-03-25,9:00am,USD,Revised UoM Consumer Sentiment,Low,59.7,59.7,
2022-03-25,9:00am,USD,FOMC Member Williams Speaks,Medium,,,
2022-03-25,9:00am,USD,Pending Home Sales m/m,Medium,1.0%,-5.8%,
2022-03-25,9:00am,USD,Revised UoM Inflation Expectations,Medium,,5.4%,
2022-03-25,11:00am,USD,FOMC Member Waller Speaks,Medium,,,
2022-03-26,SatMar 26,EUR,Daylight Saving Time Shift,Low,,,
2022-03-26,SatMar 26,GBP,Daylight Saving Time Shift,Low,,,
2022-03-28,7:30am,USD,Goods Trade Balance,Medium,-106.4B,-107.6B,
2022-03-28,7:30am,USD,Prelim Wholesale Inventories m/m,Medium,1.3%,1.1%,
2022-03-28,6:30pm,JPY,Unemployment Rate,Medium,2.8%,2.8%,
2022-03-28,6:50pm,JPY,BOJ Summary of Opinions,Medium,,,
2022-03-29,TueMar 29,EUR,German Import Prices m/m,Medium,1.5%,4.3%,
2022-03-29,3:30am,GBP,M4 Money Supply m/m,Medium,0.2%,0.1%,
2022-03-29,3:30am,GBP,Mortgage Approvals,Medium,75K,74K,
2022-03-29,3:30am,GBP,Net Lending to Individuals m/m,Medium,6.2B,6.1B,
2022-03-29,8:00am,USD,FOMC Member Williams Speaks,Medium,,,
2022-03-29,8:00am,USD,HPI m/m,Medium,1.2%,1.3%,
2022-03-29,8:00am,USD,S&P/CS Composite-20 HPI y/y,Medium,18.6%,18.6%,
2022-03-29,9:00am,USD,JOLTS Job Openings,High,11.00M,11.28M,
2022-03-29,9:00am,USD,CB Consumer Confidence,Low,106.9,105.7,
2022-03-29,11:30am,CHF,Gov Board Member Zurbrugg Speaks,Low,,,
2022-03-29,3:30pm,USD,API Weekly Statistical Bulletin,Medium,,,
2022-03-29,6:01pm,GBP,BRC Shop Price Index y/y,Medium,,1.8%,
2022-03-29,6:50pm,JPY,Retail Sales y/y,Medium,-0.3%,1.1%,
2022-03-30,2:00am,CHF,KOF Economic Barometer,Medium,101.4,105.3,
2022-03-30,2:00am,EUR,Spanish Flash CPI y/y,Medium,8.0%,7.6%,
2022-03-30,3:00am,CHF,UBS Economic Expectations,Medium,,9.0,
2022-03-30,3:00am,EUR,ECB President Lagarde Speaks,Low,,,
2022-03-30,3:10am,GBP,MPC Member Broadbent Speaks,Low,,,
2022-03-30,4:13am,EUR,Italian 10-y Bond Auction,Medium,,1.81|1.4,
2022-03-30,7:15am,USD,ADP Non-Farm Employment Change,High,455K,486K,
2022-03-30,7:30am,USD,Final GDP q/q,Low,7.0%,7.0%,
2022-03-30,7:30am,USD,Final GDP Price Index q/q,Medium,7.1%,7.1%,
2022-03-30,8:00am,CHF,SNB Quarterly Bulletin,Medium,,,
2022-03-30,9:30am,USD,Crude Oil Inventories,Low,-2.0M,-2.5M,
2022-03-30,12:00pm,USD,FOMC Member George Speaks,Low,,,
2022-03-30,6:50pm,JPY,Prelim Industrial Production m/m,Medium,0.5%,-0.8%,
2022-03-31,1:00am,EUR,German Retail Sales m/m,Medium,0.5%,1.4%,
2022-03-31,1:00am,GBP,Current Account,Medium,-18.5B,-28.9B,
2022-03-31,1:00am,GBP,Final GDP q/q,Medium,1.0%,1.0%,
2022-03-31,1:00am,GBP,Nationwide HPI m/m,Medium,0.5%,1.7%,
2022-03-31,1:00am,GBP,Revised Business Investment q/q,Medium,0.9%,0.9%,
2022-03-31,1:30am,CHF,Retail Sales y/y,Medium,5.3%,5.7%,
2022-03-31,1:45am,EUR,French Consumer Spending m/m,Medium,1.2%,-2.0%,
2022-03-31,1:45am,EUR,French Prelim CPI m/m,Medium,1.3%,0.7%,
2022-03-31,2:55am,EUR,German Unemployment Change,Medium,-19K,-33K,
2022-03-31,3:00am,EUR,Italian Monthly Unemployment Rate,Medium,8.7%,8.6%,
2022-03-31,4:00am,EUR,Italian Prelim CPI m/m,Medium,0.9%,0.9%,
2022-03-31,4:00am,EUR,Unemployment Rate,Medium,6.7%,6.9%,
2022-03-31,6:30am,USD,Challenger Job Cuts y/y,Medium,,-55.9%,
2022-03-31,7:30am,USD,Core PCE Price Index m/m,High,0.4%,0.5%,
2022-03-31,7:30am,USD,Unemployment Claims,Low,195K,188K,
2022-03-31,7:30am,USD,Personal Income m/m,Medium,0.5%,0.1%,
2022-03-31,7:30am,USD,Personal Spending m/m,Medium,0.5%,2.7%,
2022-03-31,8:00am,USD,FOMC Member Williams Speaks,Medium,,,
2022-03-31,8:45am,USD,Chicago PMI,Low,56.9,56.3,
2022-03-31,9:00am,CHF,Gov Board Member Maechler Speaks,Low,,,
2022-03-31,9:30am,USD,Natural Gas Storage,Medium,23B,-51B,
2022-03-31,12:30pm,USD,President Biden Speaks,Medium,,,
2022-03-31,6:50pm,JPY,Tankan Manufacturing Index,Medium,12,18,
2022-03-31,6:50pm,JPY,Tankan Non-Manufacturing Index,Medium,5,9,
2022-03-31,7:30pm,JPY,Final Manufacturing PMI,Medium,53.2,53.2,
2022-04-01,1:30am,CHF,CPI m/m,Medium,0.5%,0.7%,
2022-04-01,1:45am,EUR,French Gov Budget Balance,Medium,,-15.9B,
2022-04-01,2:15am,EUR,Spanish Manufacturing PMI,Medium,55.8,56.9,
2022-04-01,2:30am,CHF,Manufacturing PMI,Medium,61.0,62.6,
2022-04-01,2:45am,EUR,Italian Manufacturing PMI,Medium,57.0,58.3,
2022-04-01,2:50am,EUR,French Final Manufacturing PMI,Medium,54.8,54.8,
2022-04-01,2:55am,EUR,German Final Manufacturing PMI,Medium,57.6,57.6,
2022-04-01,3:00am,EUR,Final Manufacturing PMI,Medium,57.0,57.0,
2022-04-01,3:30am,GBP,Final Manufacturing PMI,Medium,55.5,55.5,
2022-04-01,4:00am,EUR,CPI Flash Estimate y/y,Low,6.7%,5.9%,
2022-04-01,4:00am,EUR,Core CPI Flash Estimate y/y,Medium,3.1%,2.7%,
2022-04-01,7:30am,USD,Average Hourly Earnings m/m,High,0.4%,0.1%,
2022-04-01,7:30am,USD,Non-Farm Employment Change,High,492K,750K,
2022-04-01,7:30am,USD,Unemployment Rate,High,3.7%,3.8%,
2022-04-01,8:45am,USD,Final Manufacturing PMI,Medium,58.5,58.5,
2022-04-01,9:00am,USD,ISM Manufacturing PMI,High,58.9,58.6,
2022-04-01,9:00am,USD,Construction Spending m/m,Medium,1.0%,1.6%,
2022-04-01,9:00am,USD,ISM Manufacturing Prices,Medium,79.9,75.6,
2022-04-01,All Day,USD,Wards Total Vehicle Sales,Medium,13.4M,14.1M,
2022-04-01,9:45am,USD,President Biden Speaks,Medium,,,
2022-04-02,12:00pm,USD,FOMC Member Williams Speaks,Medium,,,
2022-04-04,2:00am,EUR,Spanish Unemployment Change,Low,15.3K,-11.4K,
2022-04-04,3:30am,EUR,Sentix Investor Confidence,Medium,-9.3,-7.0,
2022-04-04,4:05am,GBP,BOE Gov Bailey Speaks,Low,,,
2022-04-04,All Day,EUR,Eurogroup Meetings,Medium,,,
2022-04-04,9:00am,GBP,MPC Member Cunliffe Speaks,Medium,,,
2022-04-04,9:00am,USD,Factory Orders m/m,Medium,-0.5%,1.5%,
2022-04-04,6:30pm,JPY,Average Cash Earnings y/y,Medium,0.6%,1.1%,
2022-04-04,6:30pm,JPY,Household Spending y/y,Medium,2.8%,6.9%,
2022-04-04,10:35pm,JPY,10-y Bond Auction,Medium,,0.18|3.2,
2022-04-05,2:15am,EUR,Spanish Services PMI,Medium,54.2,56.6,
2022-04-05,2:45am,EUR,Italian Services PMI,Medium,51.6,52.8,
2022-04-05,2:50am,EUR,French Final Services PMI,Medium,57.4,57.4,
2022-04-05,2:55am,EUR,German Final Services PMI,Medium,55.0,55.0,
2022-04-05,3:00am,EUR,Final Services PMI,Medium,54.8,54.8,
2022-04-05,3:30am,GBP,Final Services PMI,Medium,60.9,61.0,
2022-04-05,3:30am,GBP,Housing Equity Withdrawal q/q,Medium,1.4B,-6.7B,
2022-04-05,All Day,EUR,ECOFIN Meetings,Medium,,,
2022-04-05,7:30am,USD,Trade Balance,Medium,-88.5B,-89.2B,
2022-04-05,8:45am,USD,Final Services PMI,Medium,58.9,58.9,
2022-04-05,9:00am,USD,ISM Services PMI,High,58.6,56.5,
2022-04-05,9:05am,USD,FOMC Member Brainard Speaks,Low,,,
2022-04-05,1:00pm,USD,FOMC Member Williams Speaks,Medium,,,
2022-04-05,3:30pm,USD,API Weekly Statistical Bulletin,Medium,,,
2022-04-06,3:30am,GBP,Construction PMI,Medium,58.0,59.1,
2022-04-06,4:00am,EUR,PPI m/m,Medium,1.2%,5.1%,
2022-04-06,9:00am,USD,Treasury Sec Yellen Speaks,Low,,,
2022-04-06,9:30am,USD,Crude Oil Inventories,Medium,-2.9M,-3.4M,
2022-04-06,1:00pm,USD,FOMC Meeting Minutes,High,,,
2022-04-06,10:35pm,JPY,30-y Bond Auction,Medium,,0.89|3.1,
2022-04-07,12:45am,CHF,Unemployment Rate,Medium,2.2%,2.3%,
2022-04-07,1:00am,EUR,German Industrial Production m/m,Medium,0.1%,1.4%,
2022-04-07,1:00am,GBP,Halifax HPI m/m,Medium,0.9%,0.8%,
2022-04-07,2:00am,CHF,Foreign Currency Reserves,Medium,,938B,
2022-04-07,3:49am,EUR,Spanish 10-y Bond Auction,Medium,,1.23|1.5,
2022-04-07,4:00am,EUR,Retail Sales m/m,Medium,0.6%,0.2%,
2022-04-07,4:03am,EUR,French 10-y Bond Auction,Medium,,0.52|1.7,
2022-04-07,6:30am,EUR,ECB Monetary Policy Meeting Accounts,Medium,,,
2022-04-07,7:15am,GBP,MPC Member Pill Speaks,Medium,,,
2022-04-07,7:30am,USD,Unemployment Claims,Low,201K,171K,
2022-04-07,8:00am,USD,FOMC Member Bullard Speaks,Low,,,
2022-04-07,9:30am,USD,Treasury Sec Yellen Speaks,Low,,,
2022-04-07,9:30am,USD,Natural Gas Storage,Medium,-28B,26B,
2022-04-07,2:00pm,USD,Consumer Credit m/m,Medium,18.0B,8.9B,
2022-04-07,6:50pm,JPY,Current Account,Medium,0.27T,0.18T,
2022-04-08,1:00am,JPY,Economy Watchers Sentiment,Medium,45.0,37.7,
2022-04-08,3:00am,EUR,Italian Retail Sales m/m,Medium,0.5%,-0.6%,
2022-04-08,9:00am,USD,Final Wholesale Inventories m/m,Medium,2.1%,2.1%,
2022-04-10,7:30pm,JPY,BOJ Gov Kuroda Speaks,Low,,,
2022-04-11,1:00am,GBP,Construction Output m/m,Medium,0.5%,1.6%,
2022-04-11,1:00am,GBP,GDP m/m,Medium,0.2%,0.8%,
2022-04-11,1:00am,GBP,Goods Trade Balance,Medium,-16.8B,-23.9B,
2022-04-11,1:00am,GBP,Index of Services 3m/3m,Medium,0.7%,1.4%,
2022-04-11,1:00am,GBP,Industrial Production m/m,Medium,0.3%,0.7%,
2022-04-11,1:00am,GBP,Manufacturing Production m/m,Medium,0.3%,0.9%,
2022-04-11,5:00am,GBP,NIESR GDP Estimate,Medium,,1.0%,
2022-04-11,8:30am,USD,FOMC Member Bowman Speaks,Medium,,,
2022-04-11,6:01pm,GBP,BRC Retail Sales Monitor y/y,Medium,2.6%,2.7%,
2022-04-11,6:50pm,JPY,Bank Lending y/y,Medium,0.5%,0.3%,
2022-04-11,6:50pm,JPY,PPI y/y,Medium,9.2%,9.7%,
2022-04-12,TueApr 12,EUR,German WPI m/m,Medium,1.4%,1.7%,
2022-04-12,TueApr 12,GBP,Average Earnings Index 3m/y,Medium,5.4%,4.8%,
2022-04-12,TueApr 12,GBP,Claimant Count Change,Medium,-41.1K,-58.0K,
2022-04-12,TueApr 12,GBP,Unemployment Rate,Medium,3.8%,3.9%,
2022-04-12,1:45am,EUR,French Trade Balance,Medium,-9.3B,-8.0B,
2022-04-12,4:00am,EUR,ZEW Economic Sentiment,Low,-46.5,-38.7,
2022-04-12,4:00am,EUR,German ZEW Economic Sentiment,Low,-48.4,-39.3,
2022-04-12,4:02am,GBP,10-y Bond Auction,Medium,,1.60|2.5,
2022-04-12,5:00am,USD,NFIB Small Business Index,Medium,95.0,95.7,
2022-04-12,7:30am,USD,Core CPI m/m,High,0.5%,0.5%,
2022-04-12,7:30am,USD,CPI m/m,High,1.2%,0.8%,
2022-04-12,7:30am,USD,CPI y/y,High,8.4%,7.9%,
2022-04-12,9:00am,USD,RCM/TIPP Economic Optimism,Medium,43.2,41.0,
2022-04-12,11:10am,USD,FOMC Member Brainard Speaks,Low,,,
2022-04-12,12:01pm,USD,10-y Bond Auction,Low,,1.92|2.5,
2022-04-12,1:00pm,USD,Federal Budget Balance,Medium,-191.5B,-216.6B,
2022-04-12,3:30pm,USD,API Weekly Statistical Bulletin,Medium,,,
2022-04-12,6:50pm,JPY,Core Machinery Orders m/m,Medium,-1.5%,-2.0%,
2022-04-12,6:50pm,JPY,M2 Money Stock y/y,Medium,3.6%,3.6%,
2022-04-13,WedApr 13,GBP,Core CPI y/y,Medium,5.3%,5.2%,
2022-04-13,WedApr 13,GBP,PPI Input m/m,Medium,2.0%,1.8%,
2022-04-13,WedApr 13,GBP,PPI Output m/m,Medium,1.2%,0.9%,
2022-04-13,WedApr 13,GBP,RPI y/y,Medium,8.8%,8.2%,
2022-04-13,1:15am,JPY,BOJ Gov Kuroda Speaks,Low,,,
2022-04-13,3:00am,EUR,Italian Industrial Production m/m,Medium,0.9%,-3.4%,
2022-04-13,3:30am,GBP,HPI y/y,Medium,10.1%,10.2%,
2022-04-13,4:38am,EUR,German 10-y Bond Auction,Medium,,0.38|1.3,
2022-04-13,7:30am,USD,PPI m/m,High,1.1%,0.8%,
2022-04-13,7:30am,USD,Core PPI m/m,Low,0.5%,0.2%,
2022-04-13,9:30am,USD,Crude Oil Inventories,Medium,1.1M,2.4M,
2022-04-13,12:01pm,USD,30-y Bond Auction,Low,,2.38|2.5,
2022-04-13,6:01pm,GBP,RICS House Price Balance,Medium,75%,78%,
2022-04-14,3:30am,GBP,BOE Credit Conditions Survey,Medium,,,
2022-04-14,6:45am,EUR,Main Refinancing Rate,High,0.00%,0.00%,
2022-04-14,6:45am,EUR,Monetary Policy Statement,High,,,
2022-04-14,7:30am,EUR,ECB Press Conference,High,,,
2022-04-14,7:30am,USD,Core Retail Sales m/m,High,1.0%,0.6%,
2022-04-14,7:30am,USD,Retail Sales m/m,High,0.6%,0.8%,
2022-04-14,7:30am,USD,Unemployment Claims,Low,172K,167K,
2022-04-14,7:30am,USD,Import Prices m/m,Medium,2.3%,1.6%,
2022-04-14,8:30am,GBP,CB Leading Index m/m,Medium,,0.4%,
2022-04-14,9:00am,USD,Prelim UoM Consumer Sentiment,Low,59.1,59.4,
2022-04-14,9:00am,USD,Business Inventories m/m,Medium,1.3%,1.3%,
2022-04-14,9:00am,USD,Prelim UoM Inflation Expectations,Medium,,5.4%,
2022-04-14,9:30am,USD,Natural Gas Storage,Medium,15B,-33B,
2022-04-14,2:50pm,USD,FOMC Member Mester Speaks,Low,,,
2022-04-15,1:45am,EUR,French Final CPI m/m,Medium,1.4%,1.4%,
2022-04-15,All Day,GBP,Bank Holiday,Low,,,
2022-04-15,All Day,EUR,German Bank Holiday,Low,,,
2022-04-15,7:30am,USD,Empire State Manufacturing Index,Low,0.9,-11.8,
2022-04-15,8:15am,USD,Capacity Utilization Rate,Medium,77.8%,77.6%,
2022-04-15,8:15am,USD,Industrial Production m/m,Medium,0.4%,0.5%,
2022-04-15,3:00pm,USD,TIC Long-Term Purchases,Medium,103.5B,58.8B,
2022-04-18,All Day,GBP,Bank Holiday,Low,,,
2022-04-18,All Day,EUR,French Bank Holiday,Low,,,
2022-04-18,All Day,EUR,German Bank Holiday,Low,,,
2022-04-18,All Day,EUR,Italian Bank Holiday,Low,,,
2022-04-18,9:00am,USD,NAHB Housing Market Index,Medium,77,79,
2022-04-18,3:00pm,USD,FOMC Member Bullard Speaks,Low,,,
2022-04-18,11:30pm,JPY,Revised Industrial Production m/m,Medium,0.1%,0.1%,
2022-04-19,7:30am,USD,Building Permits,Medium,1.83M,1.87M,
2022-04-19,7:30am,USD,Housing Starts,Medium,1.74M,1.79M,
2022-04-19,11:30am,CHF,SNB Chairman Jordan Speaks,Low,,,
2022-04-19,3:30pm,USD,API Weekly Statistical Bulletin,Medium,,,
2022-04-19,6:50pm,JPY,Trade Balance,Medium,-0.58T,-1.07T,
2022-04-19,11:30pm,JPY,Tertiary Industry Activity m/m,Medium,0.3%,-0.2%,
2022-04-20,3:00am,EUR,Italian Trade Balance,Medium,-4.23B,-5.13B,
2022-04-20,4:00am,EUR,Industrial Production m/m,Medium,0.8%,-0.7%,
2022-04-20,4:00am,EUR,Trade Balance,Medium,-6.5B,-7.7B,
2022-04-20,7:30am,EUR,German Buba President Nagel Speaks,Medium,,,
2022-04-20,9:00am,USD,Existing Home Sales,Low,5.78M,5.93M,
2022-04-20,9:30am,USD,Crude Oil Inventories,Medium,3.0M,9.4M,
2022-04-20,1:00pm,USD,Beige Book,Medium,,,
2022-04-21,4:00am,EUR,Final Core CPI y/y,Medium,3.0%,3.0%,
2022-04-21,4:00am,EUR,Final CPI y/y,Medium,7.5%,7.5%,
2022-04-21,7:30am,USD,Philly Fed Manufacturing Index,Low,21.5,27.4,
2022-04-21,7:30am,USD,Unemployment Claims,Low,177K,186K,
2022-04-21,8:00am,GBP,MPC Member Mann Speaks,Medium,,,
2022-04-21,8:46am,EUR,Consumer Confidence,Medium,-20,-19,
2022-04-21,9:00am,USD,CB Leading Index m/m,Medium,0.3%,0.6%,
2022-04-21,9:30am,USD,Natural Gas Storage,Medium,40B,15B,
2022-04-21,10:00am,USD,Fed Chairman Powell Speaks,Low,,,
2022-04-21,11:30am,GBP,BOE Gov Bailey Speaks,High,,,
2022-04-21,12:00pm,EUR,ECB President Lagarde Speaks,Low,,,
2022-04-21,12:00pm,USD,Fed Chairman Powell Speaks,High,,,
2022-04-21,6:01pm,GBP,GfK Consumer Confidence,Medium,-33,-31,
2022-04-21,6:30pm,JPY,National Core CPI y/y,Medium,0.8%,0.6%,
2022-04-21,7:30pm,JPY,Flash Manufacturing PMI,Medium,53.3,54.1,
2022-04-22,2:15am,EUR,French Flash Services PMI,Low,56.4,57.4,
2022-04-22,2:15am,EUR,French Flash Manufacturing PMI,Medium,53.7,54.7,
2022-04-22,2:30am,EUR,German Flash Manufacturing PMI,High,54.6,56.9,
2022-04-22,2:30am,EUR,German Flash Services PMI,High,55.4,56.1,
2022-04-22,3:00am,EUR,Current Account,Medium,22.8B,21.6B,
2022-04-22,3:00am,EUR,Flash Manufacturing PMI,Medium,54.9,56.5,
2022-04-22,3:00am,EUR,Flash Services PMI,Medium,55.0,55.6,
2022-04-22,3:30am,GBP,Flash Manufacturing PMI,Low,53.9,55.2,
2022-04-22,3:30am,GBP,Flash Services PMI,Low,59.9,62.6,
2022-04-22,5:00am,EUR,German Buba Monthly Report,Medium,,,
2022-04-22,8:00am,EUR,ECB President Lagarde Speaks,Low,,,
2022-04-22,8:45am,USD,Flash Manufacturing PMI,Low,58.1,58.8,
2022-04-22,8:45am,USD,Flash Services PMI,Low,58.0,58.0,
2022-04-22,9:30am,GBP,BOE Gov Bailey Speaks,High,,,
2022-04-24,6:01pm,GBP,Rightmove HPI m/m,Medium,,1.7%,
2022-04-24,6:50pm,JPY,SPPI y/y,Medium,1.2%,1.1%,
2022-04-25,3:00am,EUR,German ifo Business Climate,Low,88.3,90.8,
2022-04-25,5:00am,GBP,CBI Industrial Order Expectations,Medium,24,26,
2022-04-25,7:58am,EUR,Belgian NBB Business Climate,Medium,0.2,0.4,
2022-04-25,6:30pm,JPY,Unemployment Rate,Medium,2.7%,2.7%,
2022-04-26,1:00am,CHF,Trade Balance,Medium,6.23B,5.88B,
2022-04-26,1:00am,GBP,Public Sector Net Borrowing,Medium,14.2B,9.9B,
2022-04-26,7:30am,USD,Core Durable Goods Orders m/m,Low,0.5%,-0.5%,
2022-04-26,7:30am,USD,Durable Goods Orders m/m,Low,1.0%,-2.1%,
2022-04-26,8:00am,USD,HPI m/m,Medium,1.5%,1.6%,
2022-04-26,8:00am,USD,S&P/CS Composite-20 HPI y/y,Medium,19.2%,18.9%,
2022-04-26,8:59am,USD,Richmond Manufacturing Index,Medium,9,13,
2022-04-26,9:00am,USD,CB Consumer Confidence,Low,108.5,107.6,
2022-04-26,9:00am,USD,New Home Sales,Medium,774K,835K,
2022-04-26,3:30pm,USD,API Weekly Statistical Bulletin,Medium,,,
2022-04-27,3:00am,CHF,UBS Economic Expectations,Medium,,-27.8,
2022-04-27,5:00am,GBP,CBI Realized Sales,Medium,-6,9,
2022-04-27,7:30am,USD,Goods Trade Balance,Medium,-105.0B,-106.3B,
2022-04-27,7:30am,USD,Prelim Wholesale Inventories m/m,Medium,1.5%,2.5%,
2022-04-27,9:00am,USD,Pending Home Sales m/m,Medium,-1.0%,-4.0%,
2022-04-27,9:30am,USD,Crude Oil Inventories,Medium,0.1M,-8.0M,
2022-04-27,11:00am,EUR,ECB President Lagarde Speaks,Low,,,
2022-04-27,6:50pm,JPY,Prelim Industrial Production m/m,Medium,0.5%,2.0%,
2022-04-27,6:50pm,JPY,Retail Sales y/y,Medium,0.3%,-0.9%,
2022-04-27,10:11pm,JPY,BOJ Outlook Report,High,,,
2022-04-27,10:11pm,JPY,Monetary Policy Statement,Low,,,
2022-04-27,10:11pm,JPY,BOJ Policy Rate,Medium,-0.10%,-0.10%,
2022-04-27,11:59pm,JPY,Housing Starts y/y,Medium,-0.5%,6.3%,
2022-04-28,1:30am,JPY,BOJ Press Conference,Low,,,
2022-04-28,2:00am,EUR,Spanish Flash CPI y/y,Medium,9.1%,9.8%,
2022-04-28,2:00am,EUR,Spanish Unemployment Rate,Medium,13.0%,13.3%,
2022-04-28,3:00am,EUR,ECB Economic Bulletin,Medium,,,
2022-04-28,7:30am,USD,Advance GDP q/q,High,1.1%,6.9%,
2022-04-28,7:30am,USD,Advance GDP Price Index q/q,Low,7.2%,7.1%,
2022-04-28,7:30am,USD,Unemployment Claims,Low,178K,185K,
2022-04-28,9:30am,USD,Natural Gas Storage,Medium,39B,53B,
2022-04-28,All Day,JPY,Bank Holiday,Low,,,
2022-04-29,FriApr 29,EUR,French Flash GDP q/q,Medium,0.3%,0.8%,
2022-04-29,1:00am,EUR,German Import Prices m/m,Medium,3.5%,1.3%,
2022-04-29,1:00am,GBP,Nationwide HPI m/m,Medium,0.8%,1.1%,
2022-04-29,1:30am,CHF,Retail Sales y/y,Medium,13.3%,12.5%,
2022-04-29,1:45am,EUR,French Prelim CPI m/m,Medium,0.2%,1.4%,
2022-04-29,2:00am,CHF,KOF Economic Barometer,Medium,98.8,99.2,
2022-04-29,2:00am,EUR,Spanish Flash GDP q/q,Medium,0.6%,2.2%,
2022-04-29,3:00am,CHF,SNB Chairman Jordan Speaks,Low,,,
2022-04-29,3:00am,EUR,German Prelim GDP q/q,Low,0.2%,-0.3%,
2022-04-29,3:00am,EUR,M3 Money Supply y/y,Medium,6.2%,6.4%,
2022-04-29,3:00am,EUR,Italian Prelim GDP q/q,Medium,-0.2%,0.7%,
2022-04-29,3:00am,EUR,Private Loans y/y,Medium,4.5%,4.4%,
2022-04-29,4:00am,EUR,CPI Flash Estimate y/y,Low,7.5%,7.4%,
2022-04-29,4:00am,EUR,Core CPI Flash Estimate y/y,Medium,3.2%,2.9%,
2022-04-29,4:00am,EUR,Italian Prelim CPI m/m,Medium,0.4%,1.0%,
2022-04-29,4:00am,EUR,Prelim Flash GDP q/q,Medium,0.3%,0.3%,
2022-04-29,4:10am,EUR,Italian 10-y Bond Auction,Medium,,2.14|1.3,
2022-04-29,7:30am,USD,Core PCE Price Index m/m,High,0.3%,0.3%,
2022-04-29,7:30am,USD,Employment Cost Index q/q,Medium,1.1%,1.0%,
2022-04-29,7:30am,USD,Personal Income m/m,Medium,0.4%,0.7%,
2022-04-29,7:30am,USD,Personal Spending m/m,Medium,0.7%,0.6%,
2022-04-29,8:45am,USD,Chicago PMI,Medium,62.1,62.9,
2022-04-29,9:00am,USD,Revised UoM Consumer Sentiment,Low,65.8,65.7,
2022-04-29,9:00am,USD,Revised UoM Inflation Expectations,Medium,,5.4%,
2022-05-01,7:30pm,JPY,Final Manufacturing PMI,Medium,53.4,53.4,
2022-05-01,11:59pm,JPY,Consumer Confidence,Medium,34.9,32.8,
2022-05-02,2:00am,CHF,SECO Consumer Climate,Medium,-15,-4,
2022-05-02,All Day,GBP,Bank Holiday,Low,,,
2022-05-02,2:15am,EUR,Spanish Manufacturing PMI,Medium,54.0,54.2,
2022-05-02,2:30am,CHF,Manufacturing PMI,Medium,60.5,64.0,
2022-05-02,2:45am,EUR,Italian Manufacturing PMI,Medium,55.1,55.8,
2022-05-02,2:50am,EUR,French Final Manufacturing PMI,Medium,55.4,55.4,
2022-05-02,2:55am,EUR,German Final Manufacturing PMI,Medium,54.1,54.1,
2022-05-02,3:00am,EUR,Final Manufacturing PMI,Medium,55.3,55.3,
2022-05-02,3:00am,EUR,Italian Monthly Unemployment Rate,Medium,8.4%,8.5%,
2022-05-02,8:45am,USD,Final Manufacturing PMI,Medium,59.7,59.7,
2022-05-02,9:00am,USD,ISM Manufacturing PMI,High,57.5,57.1,
2022-05-02,9:00am,USD,Construction Spending m/m,Medium,0.8%,0.5%,
2022-05-02,9:00am,USD,ISM Manufacturing Prices,Medium,87.6,87.1,
2022-05-02,All Day,JPY,Bank Holiday,Low,,,
2022-05-03,1:45am,EUR,French Gov Budget Balance,Medium,,-37.6B,
2022-05-03,2:55am,EUR,German Unemployment Change,Medium,-15K,-18K,
2022-05-03,3:30am,GBP,Final Manufacturing PMI,Medium,55.3,55.3,
2022-05-03,4:00am,EUR,PPI m/m,Medium,4.9%,1.1%,
2022-05-03,4:00am,EUR,Unemployment Rate,Medium,6.8%,6.9%,
2022-05-03,All Day,EUR,ECOFIN Meetings,Medium,,,
2022-05-03,All Day,EUR,Eurogroup Meetings,Medium,,,
2022-05-03,8:00am,EUR,ECB President Lagarde Speaks,Low,,,
2022-05-03,9:00am,USD,JOLTS Job Openings,High,11.19M,11.34M,
2022-05-03,9:00am,USD,Factory Orders m/m,Medium,1.3%,0.1%,
2022-05-03,All Day,USD,Wards Total Vehicle Sales,Medium,14.2M,13.3M,
2022-05-03,3:30pm,USD,API Weekly Statistical Bulletin,Medium,,,
2022-05-03,6:01pm,GBP,BRC Shop Price Index y/y,Medium,,2.1%,
2022-05-03,All Day,JPY,Bank Holiday,Low,,,
2022-05-04,2:00am,EUR,Spanish Unemployment Change,Low,-75.0K,-2.9K,
2022-05-04,2:15am,EUR,Spanish Services PMI,Medium,56.0,53.4,
2022-05-04,2:45am,EUR,Italian Services PMI,Medium,54.6,52.1,
2022-05-04,2:50am,EUR,French Final Services PMI,Medium,58.8,58.8,
2022-05-04,2:55am,EUR,German Final Services PMI,Medium,57.9,57.9,
2022-05-04,3:00am,EUR,Final Services PMI,Medium,57.7,57.7,
2022-05-04,3:30am,GBP,M4 Money Supply m/m,Medium,0.8%,1.0%,
2022-05-04,3:30am,GBP,Mortgage Approvals,Medium,70K,71K,
2022-05-04,3:32am,GBP,Net Lending to Individuals m/m,Medium,6.2B,6.1B,
2022-05-04,4:00am,EUR,Retail Sales m/m,Medium,-0.3%,0.4%,
2022-05-04,4:36am,EUR,German 10-y Bond Auction,Medium,,0.83|1.3,
2022-05-04,7:15am,USD,ADP Non-Farm Employment Change,High,382K,479K,
2022-05-04,7:30am,USD,Trade Balance,Medium,-107.3B,-89.8B,
2022-05-04,8:45am,USD,Final Services PMI,Medium,54.7,54.7,
2022-05-04,9:00am,USD,ISM Services PMI,Low,58.5,58.3,
2022-05-04,9:30am,USD,Crude Oil Inventories,Medium,-0.7M,0.7M,
2022-05-04,10:00am,USD,President Biden Speaks,Medium,,,
2022-05-04,1:00pm,USD,Federal Funds Rate,High,1.00%,0.50%,
2022-05-04,1:00pm,USD,FOMC Statement,High,,,
2022-05-04,1:30pm,USD,FOMC Press Conference,High,,,
2022-05-04,All Day,JPY,Bank Holiday,Low,,,
2022-05-05,1:30am,CHF,CPI m/m,Medium,0.3%,0.6%,
2022-05-05,1:45am,EUR,French Industrial Production m/m,Medium,-0.2%,-1.2%,
2022-05-05,3:30am,GBP,Final Services PMI,Medium,58.3,58.3,
2022-05-05,4:01am,EUR,French 10-y Bond Auction,Medium,,1.17|1.8,
2022-05-05,6:00am,GBP,BOE Monetary Policy Report,High,,,
2022-05-05,6:00am,GBP,Monetary Policy Summary,High,,,
2022-05-05,6:00am,GBP,MPC Official Bank Rate Votes,High,8-0-1,8-0-1,
2022-05-05,6:00am,GBP,Official Bank Rate,High,1.00%,0.75%,
2022-05-05,6:30am,GBP,BOE Gov Bailey Speaks,High,,,
2022-05-05,6:30am,USD,Challenger Job Cuts y/y,Medium,,-30.1%,
2022-05-05,7:30am,USD,Unemployment Claims,Low,180K,181K,
2022-05-05,7:30am,USD,Prelim Nonfarm Productivity q/q,Medium,-5.1%,6.3%,
2022-05-05,7:30am,USD,Prelim Unit Labor Costs q/q,Medium,10.1%,0.9%,
2022-05-05,9:00am,USD,Mortgage Delinquencies,Medium,,4.65%,
2022-05-05,9:30am,USD,Natural Gas Storage,Medium,69B,40B,
2022-05-05,6:30pm,JPY,Tokyo Core CPI y/y,Medium,1.8%,0.8%,
2022-05-05,6:50pm,JPY,Monetary Base y/y,Medium,8.2%,7.9%,
2022-05-06,1:00am,EUR,German Industrial Production m/m,Medium,-1.3%,0.1%,
2022-05-06,1:00am,GBP,Halifax HPI m/m,Medium,0.7%,1.5%,
2022-05-06,1:45am,EUR,French Prelim Private Payrolls q/q,Medium,0.2%,0.6%,
2022-05-06,2:00am,CHF,Foreign Currency Reserves,Medium,,910B,
2022-05-06,3:00am,EUR,Italian Retail Sales m/m,Medium,0.5%,0.7%,
2022-05-06,3:30am,GBP,Construction PMI,Medium,58.0,59.1,
2022-05-06,4:15am,GBP,MPC Member Mann Speaks,Medium,,,
2022-05-06,4:30am,EUR,German Buba President Nagel Speaks,Medium,,,
2022-05-06,6:15am,GBP,MPC Member Pill Speaks,Medium,,,
2022-05-06,7:30am,USD,Average Hourly Earnings m/m,High,0.4%,0.5%,
2022-05-06,7:30am,USD,Non-Farm Employment Change,High,390K,428K,
2022-05-06,7:30am,USD,Unemployment Rate,High,3.5%,3.6%,
2022-05-06,8:15am,USD,FOMC Member Williams Speaks,Medium,,,
2022-05-06,10:00am,GBP,MPC Member Tenreyro Speaks,Medium,,,
2022-05-06,2:00pm,USD,Consumer Credit m/m,Medium,25.1B,37.7B,
2022-05-06,6:15pm,USD,FOMC Member Bullard Speaks,Low,,,
2022-05-06,6:15pm,USD,FOMC Member Waller Speaks,Low,,,
2022-05-08,6:50pm,JPY,Monetary Policy Meeting Minutes,Medium,,,
2022-05-09,3:30am,EUR,Sentix Investor Confidence,Medium,-21.7,-18.0,
2022-05-09,8:00am,GBP,MPC Member Saunders Speaks,Low,,,
2022-05-09,9:00am,USD,Final Wholesale Inventories m/m,Medium,2.3%,2.3%,
2022-05-09,1:00pm,USD,Loan Officer Survey,Medium,,,
2022-05-09,3:00pm,USD,FOMC Financial Stability Report,Medium,,,
2022-05-09,6:01pm,GBP,BRC Retail Sales Monitor y/y,Medium,3.5%,-0.4%,
2022-05-09,6:30pm,JPY,Household Spending y/y,Medium,-3.2%,1.1%,
2022-05-09,10:35pm,JPY,10-y Bond Auction,Medium,,0.20|3.6,
2022-05-10,4:04am,EUR,ZEW Economic Sentiment,Medium,-42.0,-43.0,
2022-05-10,4:04am,EUR,German ZEW Economic Sentiment,Medium,-43.0,-41.0,
2022-05-10,4:54am,USD,NFIB Small Business Index,Medium,92.9,93.2,
2022-05-10,6:40am,USD,FOMC Member Williams Speaks,Medium,,,
2022-05-10,8:45am,USD,Treasury Sec Yellen Speaks,Low,,,
2022-05-10,8:58am,USD,RCM/TIPP Economic Optimism,Medium,42.5,45.5,
2022-05-10,9:00am,EUR,German Buba President Nagel Speaks,Medium,,,
2022-05-10,10:30am,USD,President Biden Speaks,Medium,,,
2022-05-10,12:00pm,USD,FOMC Member Waller Speaks,Low,,,
2022-05-10,2:00pm,USD,FOMC Member Mester Speaks,Low,,,
2022-05-10,3:30pm,USD,API Weekly Statistical Bulletin,Medium,,,
2022-05-11,1:00am,EUR,German Final CPI m/m,Medium,0.8%,0.8%,
2022-05-11,2:15am,EUR,German Buba President Nagel Speaks,Medium,,,
2022-05-11,3:00am,EUR,ECB President Lagarde Speaks,Low,,,
2022-05-11,4:32am,EUR,German 10-y Bond Auction,Medium,,0.93|1.6,
2022-05-11,7:30am,USD,Core CPI m/m,High,0.4%,0.3%,
2022-05-11,7:30am,USD,CPI m/m,High,0.2%,1.2%,
2022-05-11,7:30am,USD,CPI y/y,High,8.1%,8.5%,
2022-05-11,9:30am,USD,Crude Oil Inventories,Medium,-1.0M,1.3M,
2022-05-11,12:01pm,USD,10-y Bond Auction,Medium,,2.72|2.4,
2022-05-11,12:15pm,USD,President Biden Speaks,Medium,,,
2022-05-11,1:00pm,USD,Federal Budget Balance,Medium,218.5B,-192.7B,
2022-05-11,6:01pm,GBP,RICS House Price Balance,Medium,70%,74%,
2022-05-11,6:50pm,JPY,Bank Lending y/y,Medium,0.6%,0.5%,
2022-05-11,6:50pm,JPY,BOJ Summary of Opinions,Medium,,,
2022-05-11,6:50pm,JPY,Current Account,Medium,0.63T,0.52T,
2022-05-11,10:35pm,JPY,30-y Bond Auction,Medium,,0.99|3.0,
2022-05-12,1:00am,GBP,Prelim GDP q/q,Low,1.0%,1.3%,
2022-05-12,1:00am,GBP,Construction Output m/m,Medium,0.2%,0.2%,
2022-05-12,1:00am,GBP,GDP m/m,Medium,0.0%,0.0%,
2022-05-12,1:00am,GBP,Goods Trade Balance,Medium,-18.5B,-21.6B,
2022-05-12,1:00am,GBP,Index of Services 3m/3m,Medium,0.9%,0.6%,
2022-05-12,1:00am,GBP,Industrial Production m/m,Medium,0.0%,-0.3%,
2022-05-12,1:00am,GBP,Manufacturing Production m/m,Medium,0.0%,-0.6%,
2022-05-12,1:00am,GBP,Prelim Business Investment q/q,Medium,1.8%,1.0%,
2022-05-12,1:30am,CHF,PPI m/m,Medium,0.9%,0.8%,
2022-05-12,6:31am,GBP,NIESR GDP Estimate,Medium,,0.8%,
2022-05-12,7:30am,USD,PPI m/m,High,0.5%,1.4%,
2022-05-12,7:30am,USD,Core PPI m/m,Low,0.6%,1.0%,
2022-05-12,7:30am,USD,Unemployment Claims,Low,190K,202K,
2022-05-12,9:00am,USD,Treasury Sec Yellen Speaks,Low,,,
2022-05-12,9:30am,USD,Natural Gas Storage,Medium,82B,77B,
2022-05-12,12:01pm,USD,30-y Bond Auction,Medium,,2.82|2.3,
2022-05-12,6:50pm,JPY,M2 Money Stock y/y,Medium,3.4%,3.5%,
2022-05-13,4:00am,EUR,Industrial Production m/m,Medium,-2.1%,0.5%,
2022-05-13,7:30am,USD,Import Prices m/m,Medium,0.6%,2.9%,
2022-05-13,9:00am,USD,Prelim UoM Consumer Sentiment,Low,64.1,65.2,
2022-05-13,9:00am,USD,Prelim UoM Inflation Expectations,Medium,,5.4%,
2022-05-13,11:00am,USD,FOMC Member Mester Speaks,Low,,,
2022-05-15,6:50pm,JPY,PPI y/y,Medium,9.4%,9.7%,
2022-05-16,1:00am,EUR,German WPI m/m,Medium,4.2%,6.9%,
2022-05-16,4:00am,EUR,EU Economic Forecasts,Low,,,
2022-05-16,4:00am,EUR,Trade Balance,Medium,2.3B,-11.3B,
2022-05-16,7:30am,USD,Empire State Manufacturing Index,Low,15.3,24.6,
2022-05-16,7:55am,USD,FOMC Member Williams Speaks,Medium,,,
2022-05-16,8:30am,GBP,CB Leading Index m/m,Medium,,0.1%,
2022-05-16,9:15am,GBP,Monetary Policy Report Hearings,High,,,
2022-05-16,3:00pm,USD,TIC Long-Term Purchases,Medium,105.0B,141.7B,
2022-05-16,11:30pm,JPY,Tertiary Industry Activity m/m,Medium,1.2%,-1.8%,
2022-05-17,TueMay 17,GBP,Claimant Count Change,Medium,-42.3K,-81.6K,
2022-05-17,TueMay 17,GBP,Unemployment Rate,Medium,3.8%,3.8%,
2022-05-17,3:00am,EUR,Italian Trade Balance,Medium,0.79B,-1.77B,
2022-05-17,4:00am,EUR,Flash Employment Change q/q,Medium,0.5%,0.4%,
2022-05-17,4:00am,EUR,Flash GDP q/q,Medium,0.2%,0.2%,
2022-05-17,4:03am,GBP,30-y Bond Auction,Medium,,1.58|2.3,
2022-05-17,7:00am,USD,FOMC Member Bullard Speaks,Low,,,
2022-05-17,7:30am,USD,Core Retail Sales m/m,High,0.4%,2.1%,
2022-05-17,7:30am,USD,Retail Sales m/m,High,1.0%,1.4%,
2022-05-17,8:15am,USD,Capacity Utilization Rate,Medium,78.5%,78.2%,
2022-05-17,8:15am,USD,Industrial Production m/m,Medium,0.4%,0.9%,
2022-05-17,9:00am,USD,Business Inventories m/m,Medium,1.9%,1.8%,
2022-05-17,9:00am,USD,NAHB Housing Market Index,Medium,75,77,
2022-05-17,10:05am,GBP,MPC Member Cunliffe Speaks,Medium,,,
2022-05-17,12:30pm,EUR,ECB President Lagarde Speaks,Medium,,,
2022-05-17,1:00pm,USD,Fed Chairman Powell Speaks,High,,,
2022-05-17,1:30pm,USD,FOMC Member Mester Speaks,Low,,,
2022-05-17,3:30pm,USD,API Weekly Statistical Bulletin,Medium,,,
2022-05-17,6:50pm,JPY,Prelim GDP Price Index y/y,Medium,-1.0%,-1.3%,
2022-05-17,6:50pm,JPY,Prelim GDP q/q,Medium,-0.4%,1.1%,
2022-05-17,11:30pm,JPY,Revised Industrial Production m/m,Medium,0.3%,0.3%,
2022-05-18,WedMay 18,GBP,Core CPI y/y,Medium,6.2%,5.7%,
2022-05-18,WedMay 18,GBP,PPI Input m/m,Medium,1.0%,4.6%,
2022-05-18,WedMay 18,GBP,PPI Output m/m,Medium,1.1%,1.9%,
2022-05-18,WedMay 18,GBP,RPI y/y,Medium,11.0%,9.0%,
2022-05-18,3:30am,GBP,HPI y/y,Medium,9.8%,11.3%,
2022-05-18,4:00am,EUR,Final Core CPI y/y,Medium,3.5%,3.5%,
2022-05-18,4:00am,EUR,Final CPI y/y,Medium,7.5%,7.5%,
2022-05-18,4:36am,EUR,German 30-y Bond Auction,Medium,,0.39|1.2,
2022-05-18,7:30am,USD,Building Permits,Medium,1.81M,1.88M,
2022-05-18,7:30am,USD,Housing Starts,Medium,1.75M,1.73M,
2022-05-18,9:30am,USD,Crude Oil Inventories,Medium,2.1M,8.5M,
2022-05-18,6:50pm,JPY,Core Machinery Orders m/m,Medium,3.9%,-9.8%,
2022-05-18,6:50pm,JPY,Trade Balance,Medium,-1.52T,-1.02T,
2022-05-19,3:49am,EUR,Spanish 10-y Bond Auction,Medium,,1.74|1.3,
2022-05-19,5:00am,GBP,CBI Industrial Order Expectations,Medium,11,14,
2022-05-19,6:30am,EUR,ECB Monetary Policy Meeting Accounts,Medium,,,
2022-05-19,7:30am,USD,Philly Fed Manufacturing Index,Low,14.9,17.6,
2022-05-19,7:30am,USD,Unemployment Claims,Low,200K,197K,
2022-05-19,8:00am,USD,Fed Gov Nomination Hearings,High,,,
2022-05-19,9:00am,USD,Existing Home Sales,Low,5.65M,5.75M,
2022-05-19,9:00am,USD,CB Leading Index m/m,Medium,0.0%,0.1%,
2022-05-19,9:30am,USD,Natural Gas Storage,Medium,90B,76B,
2022-05-19,6:01pm,GBP,GfK Consumer Confidence,Medium,-39,-38,
2022-05-19,6:30pm,JPY,National Core CPI y/y,Medium,2.0%,0.8%,
2022-05-20,FriMay 20,GBP,Retail Sales m/m,Low,-0.3%,-1.2%,
2022-05-20,2:30am,GBP,MPC Member Pill Speaks,Low,,,
2022-05-20,8:46am,EUR,Consumer Confidence,Medium,-22,-22,
2022-05-22,6:01pm,GBP,Rightmove HPI m/m,Medium,,1.6%,
2022-05-23,All Day,EUR,Eurogroup Meetings,Medium,,,
2022-05-23,5:00am,EUR,German Buba Monthly Report,Medium,,,
2022-05-23,8:00am,EUR,Belgian NBB Business Climate,Medium,2.1,2.4,
2022-05-23,9:15am,EUR,German Buba President Nagel Speaks,Medium,,,
2022-05-23,9:15am,GBP,BOE Gov Bailey Speaks,High,,,
2022-05-23,6:30pm,USD,FOMC Member George Speaks,Medium,,,
2022-05-23,7:30pm,JPY,Flash Manufacturing PMI,Medium,53.8,53.5,
2022-05-23,11:59pm,JPY,BOJ Core CPI y/y,Medium,1.1%,1.1%,
2022-05-24,2:15am,EUR,French Flash Services PMI,Low,58.4,58.9,
2022-05-24,2:15am,EUR,French Flash Manufacturing PMI,Medium,55.3,55.7,
2022-05-24,2:30am,EUR,German Flash Manufacturing PMI,High,54.1,54.6,
2022-05-24,2:30am,EUR,German Flash Services PMI,High,57.2,57.6,
2022-05-24,3:00am,EUR,Flash Manufacturing PMI,Medium,54.8,55.5,
2022-05-24,3:00am,EUR,Flash Services PMI,Medium,57.3,57.7,
2022-05-24,3:30am,GBP,Flash Manufacturing PMI,Low,54.9,55.8,
2022-05-24,3:30am,GBP,Flash Services PMI,Low,56.9,58.9,
2022-05-24,All Day,EUR,ECOFIN Meetings,Medium,,,
2022-05-24,5:00am,GBP,CBI Realized Sales,Medium,-29,-35,
2022-05-24,8:45am,USD,Flash Manufacturing PMI,Low,57.6,59.2,
2022-05-24,8:45am,USD,Flash Services PMI,Low,55.1,55.6,
2022-05-24,8:59am,USD,Richmond Manufacturing Index,Medium,9,14,
2022-05-24,9:00am,USD,New Home Sales,Medium,751K,709K,
2022-05-24,11:20am,USD,Fed Chairman Powell Speaks,Low,,,
2022-05-24,12:15pm,GBP,MPC Member Tenreyro Speaks,Medium,,,
2022-05-24,1:00pm,EUR,ECB President Lagarde Speaks,Low,,,
2022-05-24,3:30pm,USD,API Weekly Statistical Bulletin,Medium,,,
2022-05-25,WedMay 25,EUR,German GfK Consumer Climate,Medium,-25.6,-26.6,
2022-05-25,3:00am,CHF,UBS Economic Expectations,Medium,,-51.6,
2022-05-25,3:00am,EUR,ECB Financial Stability Review,Low,,,
2022-05-25,3:00am,EUR,ECB President Lagarde Speaks,Low,,,
2022-05-25,6:05am,JPY,BOJ Gov Kuroda Speaks,Low,,,
2022-05-25,7:30am,USD,Core Durable Goods Orders m/m,Low,0.5%,1.4%,
2022-05-25,7:30am,USD,Durable Goods Orders m/m,Low,0.6%,1.1%,
2022-05-25,9:30am,USD,Crude Oil Inventories,Medium,-2.2M,-3.4M,
2022-05-25,10:15am,GBP,MPC Member Tenreyro Speaks,Medium,,,
2022-05-25,11:15am,USD,FOMC Member Brainard Speaks,Medium,,,
2022-05-25,1:00pm,USD,FOMC Meeting Minutes,High,,,
2022-05-25,6:50pm,JPY,SPPI y/y,Medium,1.5%,1.3%,
2022-05-26,All Day,EUR,French Bank Holiday,Low,,,
2022-05-26,All Day,EUR,German Bank Holiday,Low,,,
2022-05-26,7:30am,USD,Prelim GDP q/q,High,-1.3%,-1.4%,
2022-05-26,7:30am,USD,Unemployment Claims,Low,217K,218K,
2022-05-26,7:30am,USD,Prelim GDP Price Index q/q,Medium,8.0%,8.0%,
2022-05-26,9:00am,USD,Pending Home Sales m/m,Low,-1.9%,-1.6%,
2022-05-26,9:30am,USD,Natural Gas Storage,Medium,90B,89B,
2022-05-26,11:00am,USD,FOMC Member Brainard Speaks,Low,,,
2022-05-26,6:30pm,JPY,Tokyo Core CPI y/y,Medium,2.0%,1.9%,
2022-05-27,FriMay 27,EUR,Private Loans y/y,Medium,4.5%,4.5%,
2022-05-27,6:35am,USD,FOMC Member Bullard Speaks,Low,,,
2022-05-27,7:30am,USD,Core PCE Price Index m/m,High,0.3%,0.3%,
2022-05-27,7:30am,USD,Goods Trade Balance,Medium,-114.8B,-127.1B,
2022-05-27,7:30am,USD,Personal Income m/m,Medium,0.5%,0.5%,
2022-05-27,7:30am,USD,Personal Spending m/m,Medium,0.7%,1.4%,
2022-05-27,7:30am,USD,Prelim Wholesale Inventories m/m,Medium,2.0%,2.7%,
2022-05-27,9:00am,USD,Revised UoM Consumer Sentiment,Low,59.1,59.1,
2022-05-27,9:00am,USD,Revised UoM Inflation Expectations,Medium,,5.4%,
2022-05-30,All Day,EUR,German Prelim CPI m/m,Medium,0.5%,0.8%,
2022-05-30,2:00am,CHF,KOF Economic Barometer,Medium,102.6,103.0,
2022-05-30,2:00am,EUR,Spanish Flash CPI y/y,Medium,8.4%,8.3%,
2022-05-30,All Day,USD,Bank Holiday,Low,,,
2022-05-30,10:00am,USD,FOMC Member Waller Speaks,Low,,,
2022-05-30,6:30pm,JPY,Unemployment Rate,Medium,2.6%,2.6%,
2022-05-30,6:50pm,JPY,Prelim Industrial Production m/m,Medium,-0.1%,0.3%,
2022-05-30,6:50pm,JPY,Retail Sales y/y,Medium,2.6%,0.7%,
2022-05-31,TueMay 31,JPY,Housing Starts y/y,Medium,2.5%,6.0%,
2022-05-31,1:00am,CHF,Trade Balance,Medium,3.50B,2.98B,
2022-05-31,1:30am,CHF,Retail Sales y/y,Medium,-1.4%,-6.6%,
2022-05-31,1:45am,EUR,French Consumer Spending m/m,Medium,0.4%,-1.4%,
2022-05-31,1:45am,EUR,French Prelim CPI m/m,Medium,0.7%,0.4%,
2022-05-31,1:45am,EUR,French Prelim GDP q/q,Medium,0.0%,0.0%,
2022-05-31,2:00am,CHF,GDP q/q,Medium,0.3%,0.2%,
2022-05-31,2:55am,EUR,German Unemployment Change,Medium,-16K,-13K,
2022-05-31,3:30am,GBP,M4 Money Supply m/m,Medium,0.2%,0.1%,
2022-05-31,3:30am,GBP,Mortgage Approvals,Medium,72K,70K,
2022-05-31,3:30am,GBP,Net Lending to Individuals m/m,Medium,7.0B,7.7B,
2022-05-31,4:00am,EUR,Core CPI Flash Estimate y/y,Medium,3.6%,3.5%,
2022-05-31,4:00am,EUR,CPI Flash Estimate y/y,Medium,7.8%,7.5%,
2022-05-31,4:00am,EUR,Italian Prelim CPI m/m,Medium,0.2%,0.2%,
2022-05-31,4:16am,EUR,Italian 10-y Bond Auction,Medium,,2.78|1.3,
2022-05-31,7:00am,CHF,Gov Board Member Zurbrugg Speaks,Low,,,
2022-05-31,8:00am,USD,HPI m/m,Medium,2.0%,1.9%,
2022-05-31,8:00am,USD,S&P/CS Composite-20 HPI y/y,Medium,19.8%,20.3%,
2022-05-31,8:45am,USD,Chicago PMI,Medium,55.0,56.4,
2022-05-31,9:00am,USD,CB Consumer Confidence,Low,103.9,108.6,
2022-05-31,6:01pm,GBP,BRC Shop Price Index y/y,Medium,,2.7%,
2022-05-31,6:50pm,JPY,Capital Spending q/y,Medium,3.7%,4.3%,
2022-05-31,7:30pm,JPY,Final Manufacturing PMI,Medium,53.2,53.2,
2022-06-01,WedJun 1,GBP,Nationwide HPI m/m,Medium,0.6%,0.4%,
2022-06-01,2:15am,EUR,Spanish Manufacturing PMI,Medium,51.9,53.3,
2022-06-01,2:30am,CHF,Manufacturing PMI,Medium,61.2,62.5,
2022-06-01,2:45am,EUR,Italian Manufacturing PMI,Medium,53.5,54.5,
2022-06-01,2:50am,EUR,French Final Manufacturing PMI,Medium,54.5,54.5,
2022-06-01,2:55am,EUR,German Final Manufacturing PMI,Medium,54.7,54.7,
2022-06-01,3:00am,EUR,Final Manufacturing PMI,Medium,54.4,54.4,
2022-06-01,3:00am,EUR,Italian Monthly Unemployment Rate,Medium,8.3%,8.4%,
2022-06-01,3:30am,GBP,Final Manufacturing PMI,Medium,54.6,54.6,
2022-06-01,4:00am,EUR,Unemployment Rate,Medium,6.8%,6.8%,
2022-06-01,6:00am,EUR,ECB President Lagarde Speaks,Low,,,
2022-06-01,8:45am,USD,Final Manufacturing PMI,Medium,57.5,57.5,
2022-06-01,8:49am,EUR,French Gov Budget Balance,Medium,,-38.3B,
2022-06-01,9:00am,USD,ISM Manufacturing PMI,High,54.4,55.4,
2022-06-01,9:00am,USD,JOLTS Job Openings,High,11.29M,11.86M,
2022-06-01,9:00am,USD,Construction Spending m/m,Medium,0.7%,0.3%,
2022-06-01,9:00am,USD,ISM Manufacturing Prices,Medium,80.6,84.6,
2022-06-01,All Day,USD,Wards Total Vehicle Sales,Medium,13.6M,14.3M,
2022-06-01,10:30am,USD,FOMC Member Williams Speaks,Medium,,,
2022-06-01,12:00pm,USD,FOMC Member Bullard Speaks,Low,,,
2022-06-01,1:00pm,USD,Beige Book,Medium,,,
2022-06-01,3:30pm,USD,API Weekly Statistical Bulletin,Medium,,,
2022-06-01,6:50pm,JPY,Monetary Base y/y,Medium,2.3%,6.6%,
2022-06-01,10:35pm,JPY,10-y Bond Auction,Medium,,0.25|5.7,
2022-06-02,2:00am,EUR,Spanish Unemployment Change,Low,-33.5K,-86.3K,
2022-06-02,All Day,GBP,Bank Holiday,Low,,,
2022-06-02,All Day,EUR,Italian Bank Holiday,Low,,,
2022-06-02,3:48am,EUR,Spanish 10-y Bond Auction,Medium,,2.05|1.3,
2022-06-02,3:56am,EUR,French 10-y Bond Auction,Medium,,1.51|1.8,
2022-06-02,4:00am,EUR,PPI m/m,Medium,2.3%,5.3%,
2022-06-02,6:30am,USD,Challenger Job Cuts y/y,Medium,,6.0%,
2022-06-02,7:15am,USD,ADP Non-Farm Employment Change,High,295K,202K,
2022-06-02,7:30am,USD,Unemployment Claims,Low,210K,211K,
2022-06-02,7:30am,USD,Revised Nonfarm Productivity q/q,Medium,-7.5%,-7.5%,
2022-06-02,7:30am,USD,Revised Unit Labor Costs q/q,Medium,11.6%,11.6%,
2022-06-02,9:00am,USD,Factory Orders m/m,Medium,0.8%,1.8%,
2022-06-02,9:30am,USD,Natural Gas Storage,Medium,86B,80B,
2022-06-02,10:00am,USD,Crude Oil Inventories,Medium,-3.0M,-1.0M,
2022-06-02,12:00pm,USD,FOMC Member Mester Speaks,Low,,,
2022-06-03,1:45am,EUR,French Industrial Production m/m,Medium,0.2%,-0.4%,
2022-06-03,All Day,GBP,Bank Holiday,Low,,,
2022-06-03,2:15am,EUR,Spanish Services PMI,Medium,56.0,57.1,
2022-06-03,2:45am,EUR,Italian Services PMI,Medium,54.6,55.7,
2022-06-03,2:50am,EUR,French Final Services PMI,Medium,58.4,58.4,
2022-06-03,2:55am,EUR,German Final Services PMI,Medium,56.3,56.3,
2022-06-03,3:00am,EUR,Final Services PMI,Medium,56.3,56.3,
2022-06-03,4:00am,EUR,Retail Sales m/m,Medium,0.3%,0.3%,
2022-06-03,7:30am,USD,Average Hourly Earnings m/m,High,0.4%,0.3%,
2022-06-03,7:30am,USD,Non-Farm Employment Change,High,325K,436K,
2022-06-03,7:30am,USD,Unemployment Rate,High,3.5%,3.6%,
2022-06-03,8:45am,USD,Final Services PMI,Medium,53.5,53.5,
2022-06-03,9:00am,USD,ISM Services PMI,Low,56.5,57.1,
2022-06-03,9:30am,USD,FOMC Member Brainard Speaks,Low,,,
2022-06-03,9:30am,USD,President Biden Speaks,Medium,,,
2022-06-06,All Day,EUR,French Bank Holiday,Low,,,
2022-06-06,All Day,EUR,German Bank Holiday,Low,,,
2022-06-06,3:00pm,GBP,Govt Confidence Vote,High,,,
2022-06-06,6:01pm,GBP,BRC Retail Sales Monitor y/y,Medium,0.2%,-1.7%,
2022-06-06,6:30pm,JPY,Average Cash Earnings y/y,Medium,1.5%,2.0%,
2022-06-06,6:30pm,JPY,Household Spending y/y,Medium,-0.5%,-2.3%,
2022-06-06,10:35pm,JPY,30-y Bond Auction,Medium,,1.02|3.1,
2022-06-07,1:00am,EUR,German Factory Orders m/m,Medium,0.4%,-4.2%,
2022-06-07,2:00am,CHF,Foreign Currency Reserves,Medium,,925B,
2022-06-07,3:30am,EUR,Sentix Investor Confidence,Medium,-21.2,-22.6,
2022-06-07,3:30am,GBP,Final Services PMI,Medium,51.8,51.8,
2022-06-07,7:30am,USD,Trade Balance,Medium,-89.6B,-107.7B,
2022-06-07,9:00am,USD,Treasury Sec Yellen Speaks,Low,,,
2022-06-07,2:00pm,USD,Consumer Credit m/m,Medium,35.5B,47.3B,
2022-06-07,3:30pm,USD,API Weekly Statistical Bulletin,Medium,,,
2022-06-07,6:50pm,JPY,Bank Lending y/y,Medium,0.8%,0.9%,
2022-06-07,6:50pm,JPY,Current Account,Medium,0.40T,1.56T,
2022-06-07,6:50pm,JPY,Final GDP Price Index y/y,Medium,-0.4%,-0.4%,
2022-06-07,6:50pm,JPY,Final GDP q/q,Medium,-0.3%,-0.2%,
2022-06-08,12:45am,CHF,Unemployment Rate,Medium,2.2%,2.2%,
2022-06-08,1:00am,GBP,Halifax HPI m/m,Medium,0.8%,1.2%,
2022-06-08,1:02am,EUR,German Industrial Production m/m,Medium,1.3%,-3.7%,
2022-06-08,1:45am,EUR,French Trade Balance,Medium,-11.1B,-12.6B,
2022-06-08,3:00am,EUR,Italian Retail Sales m/m,Medium,0.1%,-0.6%,
2022-06-08,3:30am,GBP,Construction PMI,Medium,56.5,58.2,
2022-06-08,4:00am,EUR,Final Employment Change q/q,Medium,0.5%,0.5%,
2022-06-08,4:00am,EUR,Revised GDP q/q,Medium,0.3%,0.3%,
2022-06-08,4:02am,GBP,10-y Bond Auction,Medium,,1.93|2.6,
2022-06-08,4:32am,EUR,German 10-y Bond Auction,Medium,,0.96|1.4,
2022-06-08,9:00am,USD,Final Wholesale Inventories m/m,Medium,2.1%,2.1%,
2022-06-08,9:30am,USD,Crude Oil Inventories,Medium,-2.6M,-5.1M,
2022-06-08,12:01pm,USD,10-y Bond Auction,Medium,,2.94|2.5,
2022-06-08,6:01pm,GBP,RICS House Price Balance,Medium,76%,80%,
2022-06-08,6:50pm,JPY,M2 Money Stock y/y,Medium,3.6%,3.4%,
2022-06-09,12:58am,JPY,Prelim Machine Tool Orders y/y,Medium,,25.0%,
2022-06-09,6:45am,EUR,Main Refinancing Rate,High,0.00%,0.00%,
2022-06-09,6:45am,EUR,Monetary Policy Statement,High,,,
2022-06-09,7:30am,EUR,ECB Press Conference,High,,,
2022-06-09,7:30am,USD,Unemployment Claims,Low,205K,202K,
2022-06-09,9:30am,USD,Natural Gas Storage,Medium,94B,90B,
2022-06-09,12:01pm,USD,30-y Bond Auction,Medium,,3.00|2.4,
2022-06-09,6:50pm,JPY,PPI y/y,Medium,9.9%,9.8%,
2022-06-10,3:30am,GBP,Consumer Inflation Expectations,Medium,,4.3%,
2022-06-10,7:30am,USD,Core CPI m/m,High,0.5%,0.6%,
2022-06-10,7:30am,USD,CPI m/m,High,0.7%,0.3%,
2022-06-10,7:30am,USD,CPI y/y,High,8.3%,8.3%,
2022-06-10,8:00am,USD,Treasury Currency Report,High,,,
2022-06-10,8:45am,EUR,ECB President Lagarde Speaks,Medium,,,
2022-06-10,9:00am,USD,Prelim UoM Consumer Sentiment,Low,58.1,58.4,
2022-06-10,9:00am,USD,Prelim UoM Inflation Expectations,Medium,,5.3%,
2022-06-10,10:00am,EUR,German Buba President Nagel Speaks,Medium,,,
2022-06-10,12:45pm,USD,President Biden Speaks,Medium,,,
2022-06-10,1:00pm,USD,Federal Budget Balance,Medium,-150.0B,308.2B,
2022-06-12,6:50pm,JPY,BSI Manufacturing Index,Medium,-4.2,-7.6,
2022-06-13,MonJun 13,GBP,GDP m/m,Medium,0.2%,-0.1%,
2022-06-13,MonJun 13,GBP,Goods Trade Balance,Medium,-20.3B,-23.9B,
2022-06-13,MonJun 13,GBP,Index of Services 3m/3m,Medium,0.1%,0.4%,
2022-06-13,MonJun 13,GBP,Industrial Production m/m,Medium,0.3%,-0.2%,
2022-06-13,MonJun 13,GBP,Manufacturing Production m/m,Medium,0.3%,-0.2%,
2022-06-13,3:00am,EUR,Italian Quarterly Unemployment Rate,Medium,9.0%,9.0%,
2022-06-13,6:13am,GBP,NIESR GDP Estimate,Medium,,0.2%,
2022-06-13,1:00pm,USD,FOMC Member Brainard Speaks,Medium,,,
2022-06-13,11:30pm,JPY,Revised Industrial Production m/m,Medium,-1.3%,-1.3%,
2022-06-14,TueJun 14,GBP,Average Earnings Index 3m/y,Medium,7.2%,7.0%,
2022-06-14,TueJun 14,GBP,Claimant Count Change,Medium,-40.3K,-65.5K,
2022-06-14,TueJun 14,GBP,Unemployment Rate,Medium,3.6%,3.7%,
2022-06-14,1:02am,EUR,German Final CPI m/m,Medium,0.9%,0.9%,
2022-06-14,4:00am,EUR,ZEW Economic Sentiment,Medium,-24.5,-29.5,
2022-06-14,4:00am,EUR,German ZEW Economic Sentiment,Medium,-26.9,-34.3,
2022-06-14,5:00am,USD,NFIB Small Business Index,Medium,93.1,93.2,
2022-06-14,7:30am,USD,PPI m/m,High,0.8%,0.5%,
2022-06-14,7:30am,USD,Core PPI m/m,Low,0.6%,0.4%,
2022-06-14,8:30am,GBP,CB Leading Index m/m,Medium,,-0.2%,
2022-06-14,9:01am,USD,RCM/TIPP Economic Optimism,Medium,43.2,41.2,
2022-06-14,3:30pm,USD,API Weekly Statistical Bulletin,Medium,,,
2022-06-14,6:50pm,JPY,Core Machinery Orders m/m,Medium,-1.2%,7.1%,
2022-06-14,11:30pm,JPY,Tertiary Industry Activity m/m,Medium,0.8%,1.7%,
2022-06-15,1:45am,EUR,French Final CPI m/m,Medium,0.6%,0.6%,
2022-06-15,2:00am,CHF,SECO Economic Forecasts,Medium,,,
2022-06-15,4:00am,EUR,Industrial Production m/m,Medium,0.5%,-1.4%,
2022-06-15,4:00am,EUR,Trade Balance,Medium,-14.5B,-17.8B,
2022-06-15,4:15am,EUR,German Buba President Nagel Speaks,Medium,,,
2022-06-15,7:30am,USD,Core Retail Sales m/m,High,0.7%,0.4%,
2022-06-15,7:30am,USD,Retail Sales m/m,High,0.1%,0.7%,
2022-06-15,7:30am,USD,Empire State Manufacturing Index,Low,2.4,-11.6,
2022-06-15,7:30am,USD,Import Prices m/m,Medium,1.1%,0.4%,
2022-06-15,9:00am,USD,Business Inventories m/m,Medium,1.2%,2.4%,
2022-06-15,9:00am,USD,NAHB Housing Market Index,Medium,67,69,
2022-06-15,9:30am,USD,Crude Oil Inventories,Medium,-2.3M,2.0M,
2022-06-15,11:20am,EUR,ECB President Lagarde Speaks,Low,,,
2022-06-15,1:00pm,USD,Federal Funds Rate,High,1.50%,1.00%,
2022-06-15,1:00pm,USD,FOMC Economic Projections,High,,,
2022-06-15,1:00pm,USD,FOMC Statement,High,,,
2022-06-15,1:30pm,USD,FOMC Press Conference,High,,,
2022-06-15,3:00pm,USD,TIC Long-Term Purchases,Medium,74.5B,23.1B,
2022-06-15,6:50pm,JPY,Trade Balance,Medium,-1.72T,-1.58T,
2022-06-15,11:30pm,CHF,SNB Financial Stability Report,Medium,,,
2022-06-16,ThuJun 16,CHF,SNB Policy Rate,High,-0.75%,-0.75%,
2022-06-16,3:00am,CHF,SNB Press Conference,High,,,
2022-06-16,All Day,EUR,Eurogroup Meetings,Medium,,,
2022-06-16,6:00am,GBP,Monetary Policy Summary,High,,,
2022-06-16,6:00am,GBP,MPC Official Bank Rate Votes,High,9-0-0,9-0-0,
2022-06-16,6:00am,GBP,Official Bank Rate,High,1.25%,1.00%,
2022-06-16,6:00am,GBP,BOE Inflation Letter,Low,,,
2022-06-16,7:30am,USD,Philly Fed Manufacturing Index,Low,5.1,2.6,
2022-06-16,7:30am,USD,Unemployment Claims,Low,215K,232K,
2022-06-16,7:30am,USD,Building Permits,Medium,1.78M,1.82M,
2022-06-16,7:30am,USD,Housing Starts,Medium,1.70M,1.81M,
2022-06-16,9:30am,USD,Natural Gas Storage,Medium,92B,97B,
2022-06-16,9:43pm,JPY,Monetary Policy Statement,High,,,
2022-06-16,9:43pm,JPY,BOJ Policy Rate,Medium,-0.10%,-0.10%,
2022-06-17,3:30am,GBP,MPC Member Tenreyro Speaks,Medium,,,
2022-06-17,4:00am,EUR,Final Core CPI y/y,Medium,3.8%,3.8%,
2022-06-17,4:00am,EUR,Final CPI y/y,Medium,8.1%,8.1%,
2022-06-17,4:00am,EUR,Italian Trade Balance,Medium,-2.26B,-0.23B,
2022-06-17,All Day,EUR,ECOFIN Meetings,Medium,,,
2022-06-17,7:45am,USD,Fed Chairman Powell Speaks,High,,,
2022-06-17,8:15am,USD,Capacity Utilization Rate,Medium,79.2%,78.9%,
2022-06-17,8:15am,USD,Industrial Production m/m,Medium,0.4%,1.4%,
2022-06-17,9:00am,USD,CB Leading Index m/m,Medium,-0.4%,-0.4%,
2022-06-17,9:30am,GBP,MPC Member Pill Speaks,Medium,,,
2022-06-17,10:00am,USD,Fed Monetary Policy Report,Medium,,,
2022-06-19,6:01pm,GBP,Rightmove HPI m/m,Medium,,2.1%,
2022-06-20,3:00am,GBP,MPC Member Haskel Speaks,Medium,,,
2022-06-20,5:03am,EUR,German Buba Monthly Report,Medium,,,
2022-06-20,8:00am,EUR,ECB President Lagarde Speaks,Low,,,
2022-06-20,8:00am,GBP,MPC Member Mann Speaks,Medium,,,
2022-06-20,All Day,USD,Bank Holiday,Low,,,
2022-06-20,10:00am,EUR,ECB President Lagarde Speaks,Low,,,
2022-06-20,11:45am,USD,FOMC Member Bullard Speaks,Low,,,
2022-06-20,12:00pm,EUR,German Buba President Nagel Speaks,Medium,,,
2022-06-21,2:30am,GBP,MPC Member Pill Speaks,Medium,,,
2022-06-21,3:00am,EUR,Current Account,Medium,-3.2B,-1.6B,
2022-06-21,5:00am,GBP,CBI Industrial Order Expectations,Medium,22,26,
2022-06-21,7:15am,GBP,MPC Member Tenreyro Speaks,Medium,,,
2022-06-21,9:00am,USD,Existing Home Sales,Low,5.40M,5.60M,
2022-06-21,11:00am,USD,FOMC Member Mester Speaks,Medium,,,
2022-06-21,6:50pm,JPY,Monetary Policy Meeting Minutes,Medium,,,
2022-06-22,WedJun 22,GBP,Core CPI y/y,Medium,6.0%,6.2%,
2022-06-22,1:02am,GBP,PPI Input m/m,Medium,1.8%,2.7%,
2022-06-22,1:02am,GBP,PPI Output m/m,Medium,1.6%,2.8%,
2022-06-22,1:02am,GBP,RPI y/y,Medium,11.4%,11.1%,
2022-06-22,3:30am,GBP,HPI y/y,Medium,10.0%,9.7%,
2022-06-22,3:40am,GBP,MPC Member Cunliffe Speaks,Medium,,,
2022-06-22,8:00am,CHF,SNB Chairman Jordan Speaks,Low,,,
2022-06-22,8:00am,CHF,SNB Quarterly Bulletin,Medium,,,
2022-06-22,8:30am,USD,Fed Chairman Powell Testifies,High,,,
2022-06-22,9:00am,EUR,Consumer Confidence,Medium,-20,-21,
2022-06-22,1:00pm,USD,President Biden Speaks,Medium,,,
2022-06-22,3:30pm,USD,API Weekly Statistical Bulletin,Medium,,,
2022-06-22,7:30pm,JPY,Flash Manufacturing PMI,Medium,53.5,53.3,
2022-06-23,2:15am,EUR,French Flash Services PMI,Low,57.6,58.3,
2022-06-23,2:15am,EUR,French Flash Manufacturing PMI,Medium,53.9,54.6,
2022-06-23,2:30am,EUR,German Flash Manufacturing PMI,High,54.0,54.8,
2022-06-23,2:30am,EUR,German Flash Services PMI,High,54.6,55.0,
2022-06-23,3:00am,EUR,ECB Economic Bulletin,Medium,,,
2022-06-23,3:00am,EUR,Flash Manufacturing PMI,Medium,53.9,54.6,
2022-06-23,3:00am,EUR,Flash Services PMI,Medium,55.6,56.1,
2022-06-23,3:30am,GBP,Flash Manufacturing PMI,Low,53.5,54.6,
2022-06-23,3:30am,GBP,Flash Services PMI,Low,53.0,53.4,
2022-06-23,5:00am,GBP,CBI Realized Sales,Medium,-2,-1,
2022-06-23,7:30am,USD,Unemployment Claims,Low,227K,231K,
2022-06-23,7:30am,USD,Current Account,Medium,-275B,-225B,
2022-06-23,8:45am,USD,Flash Manufacturing PMI,Low,56.0,57.0,
2022-06-23,8:45am,USD,Flash Services PMI,Low,53.9,53.4,
2022-06-23,9:00am,USD,Fed Chairman Powell Testifies,High,,,
2022-06-23,9:30am,EUR,German Buba President Nagel Speaks,Medium,,,
2022-06-23,9:30am,USD,Natural Gas Storage,Medium,63B,92B,
2022-06-23,3:30pm,USD,Bank Stress Test Results,Medium,,,
2022-06-23,5:55pm,GBP,GfK Consumer Confidence,Medium,-40,-40,
2022-06-23,6:30pm,JPY,National Core CPI y/y,Medium,2.1%,2.1%,
2022-06-23,6:50pm,JPY,SPPI y/y,Medium,1.7%,1.7%,
2022-06-24,3:00am,EUR,German ifo Business Climate,Low,92.8,93.0,
2022-06-24,6:30am,USD,FOMC Member Bullard Speaks,Low,,,
2022-06-24,8:15am,EUR,Belgian NBB Business Climate,Medium,2.0,1.8,
2022-06-24,8:30am,GBP,MPC Member Pill Speaks,Medium,,,
2022-06-24,8:45am,GBP,MPC Member Haskel Speaks,Medium,,,
2022-06-24,9:00am,USD,Revised UoM Consumer Sentiment,Low,50.2,50.2,
2022-06-24,9:00am,USD,New Home Sales,Medium,590K,629K,
2022-06-24,9:00am,USD,Revised UoM Inflation Expectations,Medium,,5.4%,
2022-06-26,6:50pm,JPY,BOJ Summary of Opinions,Medium,,,
2022-06-27,7:30am,USD,Core Durable Goods Orders m/m,Low,0.4%,0.4%,
2022-06-27,7:30am,USD,Durable Goods Orders m/m,Low,0.1%,0.5%,
2022-06-27,9:00am,USD,Pending Home Sales m/m,Low,-3.5%,-4.0%,
2022-06-27,12:30pm,EUR,ECB President Lagarde Speaks,Medium,,,
2022-06-27,11:59pm,JPY,BOJ Core CPI y/y,Medium,1.5%,1.4%,
2022-06-28,3:00am,EUR,ECB President Lagarde Speaks,Low,,,
2022-06-28,6:00am,GBP,MPC Member Cunliffe Speaks,Medium,,,
2022-06-28,7:30am,USD,Goods Trade Balance,Medium,-106.0B,-106.7B,
2022-06-28,7:30am,USD,Prelim Wholesale Inventories m/m,Medium,2.1%,2.2%,
2022-06-28,8:00am,USD,HPI m/m,Medium,1.5%,1.6%,
2022-06-28,8:00am,USD,S&P/CS Composite-20 HPI y/y,Medium,21.2%,21.1%,
2022-06-28,8:59am,USD,Richmond Manufacturing Index,Low,-4,-9,
2022-06-28,9:00am,USD,CB Consumer Confidence,High,100.0,103.2,
2022-06-28,3:30pm,USD,API Weekly Statistical Bulletin,Medium,,,
2022-06-28,6:01pm,GBP,BRC Shop Price Index y/y,Medium,,2.8%,
2022-06-28,6:50pm,JPY,Retail Sales y/y,Medium,4.0%,3.1%,
2022-06-29,All Day,EUR,German Prelim CPI m/m,Low,0.4%,0.9%,
2022-06-29,2:00am,EUR,Spanish Flash CPI y/y,Medium,8.8%,8.7%,
2022-06-29,All Day,EUR,Italian Bank Holiday,Low,,,
2022-06-29,3:00am,CHF,UBS Economic Expectations,Medium,,-52.6,
2022-06-29,3:00am,EUR,M3 Money Supply y/y,Medium,5.8%,6.1%,
2022-06-29,3:00am,EUR,Private Loans y/y,Medium,4.5%,4.6%,
2022-06-29,5:15am,USD,FOMC Member Mester Speaks,Low,,,
2022-06-29,7:30am,USD,Final GDP q/q,Low,-1.5%,-1.5%,
2022-06-29,7:30am,USD,Final GDP Price Index q/q,Medium,8.1%,8.1%,
2022-06-29,8:00am,EUR,ECB President Lagarde Speaks,High,,,
2022-06-29,8:00am,GBP,BOE Gov Bailey Speaks,High,,,
2022-06-29,8:00am,USD,Fed Chairman Powell Speaks,High,,,
2022-06-29,17th June,USD,Crude Oil Inventories,Medium,-1.6M,2.0M,
2022-06-29,24th June,USD,Crude Oil Inventories,Medium,-0.9M,-0.4M,
2022-06-29,10:00am,EUR,ECB President Lagarde Speaks,Medium,,,
2022-06-29,12:05pm,USD,FOMC Member Bullard Speaks,Medium,,,
2022-06-29,6:50pm,JPY,Prelim Industrial Production m/m,Medium,-0.2%,-1.5%,
2022-06-29,11:59pm,JPY,Housing Starts y/y,Medium,1.7%,2.2%,
2022-06-30,ThuJun 30,EUR,German Retail Sales m/m,Medium,1.1%,-5.4%,
2022-06-30,ThuJun 30,GBP,Current Account,Medium,-39.7B,-7.3B,
2022-06-30,ThuJun 30,GBP,Final GDP q/q,Medium,0.8%,0.8%,
2022-06-30,ThuJun 30,GBP,Nationwide HPI m/m,Medium,0.5%,0.9%,
2022-06-30,ThuJun 30,GBP,Revised Business Investment q/q,Medium,-0.5%,-0.5%,
2022-06-30,1:30am,CHF,Retail Sales y/y,Medium,-5.0%,-5.5%,
2022-06-30,1:45am,EUR,French Consumer Spending m/m,Medium,0.2%,-0.7%,
2022-06-30,1:45am,EUR,French Prelim CPI m/m,Medium,0.7%,0.7%,
2022-06-30,2:00am,CHF,KOF Economic Barometer,Medium,96.2,97.7,
2022-06-30,2:55am,EUR,German Unemployment Change,Medium,-5K,-5K,
2022-06-30,3:00am,EUR,Italian Monthly Unemployment Rate,Medium,8.4%,8.3%,
2022-06-30,4:00am,EUR,Unemployment Rate,Medium,6.8%,6.7%,
2022-06-30,4:16am,EUR,Italian 10-y Bond Auction,Medium,,3.10|1.6,
2022-06-30,7:30am,USD,Core PCE Price Index m/m,High,0.4%,0.3%,
2022-06-30,7:30am,USD,Unemployment Claims,Low,228K,233K,
2022-06-30,7:30am,USD,Personal Income m/m,Medium,0.5%,0.5%,
2022-06-30,7:30am,USD,Personal Spending m/m,Medium,0.4%,0.6%,
2022-06-30,8:45am,USD,Chicago PMI,Medium,58.1,60.3,
2022-06-30,9:30am,USD,Natural Gas Storage,Medium,70B,74B,
2022-06-30,6:30pm,JPY,Tokyo Core CPI y/y,Medium,2.1%,1.9%,
2022-06-30,6:30pm,JPY,Unemployment Rate,Medium,2.5%,2.5%,
2022-06-30,6:50pm,JPY,Tankan Manufacturing Index,Medium,13,14,
2022-06-30,6:50pm,JPY,Tankan Non-Manufacturing Index,Medium,13,9,
2022-06-30,7:30pm,JPY,Final Manufacturing PMI,Medium,52.7,52.7,
2022-07-01,2:15am,EUR,Spanish Manufacturing PMI,Medium,52.3,53.8,
2022-07-01,2:30am,CHF,Manufacturing PMI,Medium,57.9,60.0,
2022-07-01,2:45am,EUR,Italian Manufacturing PMI,Medium,50.6,51.9,
2022-07-01,2:50am,EUR,French Final Manufacturing PMI,Medium,51.0,51.0,
2022-07-01,2:55am,EUR,German Final Manufacturing PMI,Medium,52.0,52.0,
2022-07-01,3:00am,EUR,Final Manufacturing PMI,Medium,52.0,52.0,
2022-07-01,3:30am,GBP,Final Manufacturing PMI,Medium,53.4,53.4,
2022-07-01,3:30am,GBP,M4 Money Supply m/m,Medium,0.4%,0.0%,
2022-07-01,3:30am,GBP,Mortgage Approvals,Medium,64K,66K,
2022-07-01,3:30am,GBP,Net Lending to Individuals m/m,Medium,5.6B,5.5B,
2022-07-01,4:00am,EUR,CPI Flash Estimate y/y,High,8.5%,8.1%,
2022-07-01,4:00am,EUR,Core CPI Flash Estimate y/y,Low,3.9%,3.8%,
2022-07-01,4:00am,EUR,Italian Prelim CPI m/m,Medium,0.6%,0.8%,
2022-07-01,4:45am,EUR,French Gov Budget Balance,Medium,,-67.3B,
2022-07-01,8:45am,USD,Final Manufacturing PMI,Medium,52.4,52.4,
2022-07-01,9:00am,USD,ISM Manufacturing PMI,High,54.6,56.1,
2022-07-01,9:00am,USD,Construction Spending m/m,Medium,0.3%,0.8%,
2022-07-01,9:00am,USD,ISM Manufacturing Prices,Medium,80.0,82.2,
2022-07-01,All Day,USD,Wards Total Vehicle Sales,Medium,13.3M,12.7M,
2022-07-04,1:30am,CHF,CPI m/m,High,0.3%,0.7%,
2022-07-04,2:00am,EUR,Spanish Unemployment Change,Medium,-41.3K,-99.5K,
2022-07-04,3:30am,EUR,Sentix Investor Confidence,Medium,-20.0,-15.8,
2022-07-04,4:00am,EUR,PPI m/m,Medium,1.0%,1.2%,
2022-07-04,All Day,USD,Bank Holiday,Low,,,
2022-07-04,9:00am,EUR,German Buba President Nagel Speaks,Medium,,,
2022-07-04,6:30pm,JPY,Average Cash Earnings y/y,Medium,1.5%,1.3%,
2022-07-04,10:35pm,JPY,10-y Bond Auction,Medium,,0.24|4.9,
2022-07-05,2:15am,EUR,Spanish Services PMI,Medium,53.4,56.5,
2022-07-05,2:45am,EUR,Italian Services PMI,Medium,51.6,53.7,
2022-07-05,2:50am,EUR,French Final Services PMI,Medium,54.4,54.4,
2022-07-05,2:55am,EUR,German Final Services PMI,Medium,52.4,52.4,
2022-07-05,3:00am,EUR,Final Services PMI,Medium,52.8,52.8,
2022-07-05,3:30am,GBP,Final Services PMI,Medium,53.4,53.4,
2022-07-05,4:04am,GBP,30-y Bond Auction,Medium,,2.04|2.9,
2022-07-05,4:30am,GBP,BOE Financial Stability Report,Medium,,,
2022-07-05,4:30am,GBP,FPC Meeting Minutes,Medium,,,
2022-07-05,4:30am,GBP,FPC Statement,Medium,,,
2022-07-05,5:00am,GBP,BOE Gov Bailey Speaks,Low,,,
2022-07-05,9:00am,USD,Factory Orders m/m,Medium,0.5%,0.7%,
2022-07-05,11:30am,GBP,MPC Member Tenreyro Speaks,Medium,,,
2022-07-06,3:10am,GBP,MPC Member Pill Speaks,Medium,,,
2022-07-06,3:30am,GBP,Construction PMI,Medium,54.9,56.4,
2022-07-06,3:30am,GBP,Housing Equity Withdrawal q/q,Medium,-10.3B,-10.4B,
2022-07-06,4:00am,EUR,Retail Sales m/m,Medium,0.4%,-1.4%,
2022-07-06,4:34am,EUR,German 10-y Bond Auction,Medium,,1.33|1.7,
2022-07-06,8:00am,GBP,MPC Member Cunliffe Speaks,Medium,,,
2022-07-06,8:00am,USD,FOMC Member Williams Speaks,Medium,,,
2022-07-06,8:45am,USD,Final Services PMI,Medium,51.6,51.6,
2022-07-06,9:00am,USD,JOLTS Job Openings,High,11.05M,11.68M,
2022-07-06,9:00am,USD,ISM Services PMI,Low,53.9,55.9,
2022-07-06,1:00pm,USD,FOMC Meeting Minutes,High,,,
2022-07-06,3:30pm,USD,API Weekly Statistical Bulletin,Medium,,,
2022-07-06,10:35pm,JPY,30-y Bond Auction,Medium,,1.05|3.1,
2022-07-07,12:45am,CHF,Unemployment Rate,Medium,2.2%,2.2%,
2022-07-07,1:00am,EUR,German Industrial Production m/m,Medium,0.3%,1.3%,
2022-07-07,1:07am,GBP,Halifax HPI m/m,Medium,0.7%,1.2%,
2022-07-07,2:00am,CHF,Foreign Currency Reserves,Medium,,925B,
2022-07-07,3:53am,EUR,Spanish 10-y Bond Auction,Medium,,2.15|2.0,
2022-07-07,4:02am,EUR,French 10-y Bond Auction,Medium,,1.72|2.0,
2022-07-07,6:30am,EUR,ECB Monetary Policy Meeting Accounts,Low,,,
2022-07-07,6:30am,USD,Challenger Job Cuts y/y,Medium,,-15.8%,
2022-07-07,7:30am,USD,Unemployment Claims,Low,230K,231K,
2022-07-07,7:30am,USD,Trade Balance,Medium,-85.0B,-86.7B,
2022-07-07,8:00am,GBP,MPC Member Mann Speaks,Medium,,,
2022-07-07,9:30am,USD,Natural Gas Storage,Medium,75B,82B,
2022-07-07,10:00am,USD,Crude Oil Inventories,Medium,-1.6M,-2.8M,
2022-07-07,12:00pm,USD,FOMC Member Bullard Speaks,Low,,,
2022-07-07,12:00pm,USD,FOMC Member Waller Speaks,Medium,,,
2022-07-07,12:30pm,EUR,German Buba President Nagel Speaks,Medium,,,
2022-07-07,6:30pm,JPY,Household Spending y/y,Medium,2.2%,-1.7%,
2022-07-07,6:50pm,JPY,Bank Lending y/y,Medium,0.9%,0.7%,
2022-07-07,6:50pm,JPY,Current Account,Medium,0.16T,0.51T,
2022-07-07,11:59pm,JPY,Economy Watchers Sentiment,Medium,55.0,54.0,
2022-07-08,3:00am,EUR,Italian Industrial Production m/m,Medium,-1.4%,1.4%,
2022-07-08,6:55am,EUR,ECB President Lagarde Speaks,Low,,,
2022-07-08,7:30am,USD,Average Hourly Earnings m/m,High,0.3%,0.4%,
2022-07-08,7:30am,USD,Non-Farm Employment Change,High,260K,384K,
2022-07-08,7:30am,USD,Unemployment Rate,High,3.6%,3.6%,
2022-07-08,9:00am,USD,Final Wholesale Inventories m/m,Medium,2.0%,2.0%,
2022-07-08,10:00am,USD,FOMC Member Williams Speaks,Medium,,,
2022-07-08,2:00pm,USD,Consumer Credit m/m,Medium,30.0B,36.8B,
2022-07-10,6:50pm,JPY,Core Machinery Orders m/m,Medium,-5.3%,10.8%,
2022-07-10,6:50pm,JPY,M2 Money Stock y/y,Medium,3.1%,3.1%,
2022-07-10,7:58pm,JPY,BOJ Gov Kuroda Speaks,Low,,,
2022-07-11,3:00am,EUR,Italian Retail Sales m/m,Medium,0.4%,0.3%,
2022-07-11,All Day,EUR,Eurogroup Meetings,Medium,,,
2022-07-11,9:15am,GBP,BOE Gov Bailey Speaks,High,,,
2022-07-11,11:30am,EUR,German Buba President Nagel Speaks,Medium,,,
2022-07-11,1:05pm,USD,FOMC Member Williams Speaks,Medium,,,
2022-07-11,6:01pm,GBP,BRC Retail Sales Monitor y/y,Medium,-1.2%,-1.5%,
2022-07-11,6:50pm,JPY,PPI y/y,Medium,9.1%,9.3%,
2022-07-12,4:00am,EUR,German ZEW Economic Sentiment,Medium,-40.6,-28.0,
2022-07-12,4:02am,EUR,ZEW Economic Sentiment,Medium,-39.0,-28.0,
2022-07-12,4:15am,GBP,10-y Bond Auction,Medium,,2.30|2.8,
2022-07-12,4:30am,EUR,German Buba President Nagel Speaks,Medium,,,
2022-07-12,4:59am,USD,NFIB Small Business Index,Medium,92.6,93.1,
2022-07-12,All Day,EUR,ECOFIN Meetings,Medium,,,
2022-07-12,9:00am,USD,RCM/TIPP Economic Optimism,Medium,40.3,38.1,
2022-07-12,12:00pm,GBP,BOE Gov Bailey Speaks,Low,,,
2022-07-12,12:01pm,USD,10-y Bond Auction,Medium,,3.03|2.4,
2022-07-12,3:30pm,USD,API Weekly Statistical Bulletin,Medium,,,
2022-07-13,WedJul 13,GBP,GDP m/m,Low,0.1%,-0.2%,
2022-07-13,WedJul 13,GBP,Construction Output m/m,Medium,0.2%,0.3%,
2022-07-13,WedJul 13,GBP,Goods Trade Balance,Medium,-19.8B,-21.5B,
2022-07-13,WedJul 13,GBP,Index of Services 3m/3m,Medium,-0.1%,0.2%,
2022-07-13,WedJul 13,GBP,Industrial Production m/m,Medium,0.0%,-0.1%,
2022-07-13,WedJul 13,GBP,Manufacturing Production m/m,Medium,0.0%,-0.6%,
2022-07-13,1:45am,EUR,French Final CPI m/m,Medium,0.7%,0.7%,
2022-07-13,4:00am,EUR,Industrial Production m/m,Medium,0.2%,0.5%,
2022-07-13,4:33am,EUR,German 30-y Bond Auction,Medium,,1.16|3.1,
2022-07-13,5:53am,GBP,NIESR GDP Estimate,Medium,,0.4%,
2022-07-13,7:30am,USD,Core CPI m/m,High,0.5%,0.6%,
2022-07-13,7:30am,USD,CPI m/m,High,1.1%,1.0%,
2022-07-13,7:30am,USD,CPI y/y,High,8.7%,8.6%,
2022-07-13,8:30am,GBP,CB Leading Index m/m,Medium,,-0.1%,
2022-07-13,9:30am,USD,Crude Oil Inventories,Medium,-1.5M,8.2M,
2022-07-13,12:01pm,USD,30-y Bond Auction,Medium,,3.19|2.4,
2022-07-13,1:00pm,USD,Beige Book,Medium,,,
2022-07-13,1:00pm,USD,Federal Budget Balance,Medium,-73.0B,-66.2B,
2022-07-13,6:01pm,GBP,RICS House Price Balance,Medium,70%,72%,
2022-07-13,11:30pm,JPY,Revised Industrial Production m/m,Medium,-7.2%,-7.2%,
2022-07-14,1:30am,CHF,PPI m/m,Medium,0.9%,0.9%,
2022-07-14,All Day,EUR,French Bank Holiday,Low,,,
2022-07-14,3:30am,GBP,BOE Credit Conditions Survey,Medium,,,
2022-07-14,4:00am,EUR,EU Economic Forecasts,Low,,,
2022-07-14,7:30am,USD,PPI m/m,High,0.8%,0.8%,
2022-07-14,7:30am,USD,Core PPI m/m,Low,0.5%,0.5%,
2022-07-14,7:30am,USD,Unemployment Claims,Low,235K,235K,
2022-07-14,9:30am,USD,Natural Gas Storage,Medium,56B,60B,
2022-07-14,10:00am,USD,FOMC Member Waller Speaks,Low,,,
2022-07-14,11:30pm,JPY,Tertiary Industry Activity m/m,Medium,0.5%,0.7%,
2022-07-15,7:30am,USD,Core Retail Sales m/m,High,0.7%,0.6%,
2022-07-15,7:30am,USD,Retail Sales m/m,High,0.9%,-0.1%,
2022-07-15,7:30am,USD,Empire State Manufacturing Index,Low,-2.1,-1.2,
2022-07-15,7:30am,USD,Import Prices m/m,Medium,0.7%,0.5%,
2022-07-15,8:00am,USD,FOMC Member Bullard Speaks,Low,,,
2022-07-15,8:15am,USD,Capacity Utilization Rate,Medium,80.7%,80.3%,
2022-07-15,8:15am,USD,Industrial Production m/m,Medium,0.1%,0.0%,
2022-07-15,9:00am,USD,Prelim UoM Consumer Sentiment,High,49.0,50.0,
2022-07-15,9:00am,USD,Business Inventories m/m,Medium,1.3%,1.3%,
2022-07-15,9:00am,USD,Prelim UoM Inflation Expectations,Medium,,5.3%,
2022-07-17,6:10pm,GBP,Rightmove HPI m/m,Medium,,0.3%,
2022-07-17,All Day,JPY,Bank Holiday,Low,,,
2022-07-18,4:00am,GBP,MPC Member Saunders Speaks,Low,,,
2022-07-18,9:00am,USD,NAHB Housing Market Index,Medium,66,67,
2022-07-18,3:00pm,USD,TIC Long-Term Purchases,Medium,84.1B,87.2B,
2022-07-19,TueJul 19,GBP,Average Earnings Index 3m/y,Medium,6.7%,6.8%,
2022-07-19,TueJul 19,GBP,Claimant Count Change,Medium,-41.2K,-34.7K,
2022-07-19,TueJul 19,GBP,Unemployment Rate,Medium,3.8%,3.8%,
2022-07-19,4:00am,EUR,Final Core CPI y/y,Medium,3.7%,3.7%,
2022-07-19,4:00am,EUR,Final CPI y/y,Medium,8.6%,8.6%,
2022-07-19,7:30am,USD,Building Permits,Medium,1.64M,1.70M,
2022-07-19,7:30am,USD,Housing Starts,Medium,1.57M,1.59M,
2022-07-19,10:00am,GBP,BOE Gov Bailey Speaks,High,,,
2022-07-19,1:35pm,USD,FOMC Member Brainard Speaks,Low,,,
2022-07-19,3:30pm,USD,API Weekly Statistical Bulletin,Medium,,,
2022-07-20,WedJul 20,GBP,CPI y/y,High,9.3%,9.1%,
2022-07-20,WedJul 20,GBP,Core CPI y/y,Medium,5.8%,5.9%,
2022-07-20,WedJul 20,GBP,PPI Input m/m,Medium,1.2%,2.4%,
2022-07-20,WedJul 20,GBP,PPI Output m/m,Medium,1.0%,1.6%,
2022-07-20,WedJul 20,GBP,RPI y/y,Medium,11.8%,11.7%,
2022-07-20,3:00am,EUR,Current Account,Medium,4.5B,-3.9B,
2022-07-20,3:30am,GBP,HPI y/y,Medium,11.9%,11.9%,
2022-07-20,9:00am,EUR,Consumer Confidence,Medium,-25,-24,
2022-07-20,9:00am,USD,Existing Home Sales,Low,5.37M,5.41M,
2022-07-20,9:30am,USD,Crude Oil Inventories,Medium,2.1M,3.3M,
2022-07-20,6:50pm,JPY,Trade Balance,Medium,-2.10T,-1.89T,
2022-07-20,10:05pm,JPY,BOJ Outlook Report,High,,,
2022-07-20,10:05pm,JPY,Monetary Policy Statement,High,,,
2022-07-20,10:05pm,JPY,BOJ Policy Rate,Medium,-0.10%,-0.10%,
2022-07-21,1:30am,JPY,BOJ Press Conference,High,,,
2022-07-21,3:00am,GBP,MPC Member Pill Speaks,Medium,,,
2022-07-21,3:49am,EUR,Spanish 10-y Bond Auction,Medium,,2.45|1.5,
2022-07-21,7:15am,EUR,Main Refinancing Rate,High,0.25%,0.00%,
2022-07-21,7:15am,EUR,Monetary Policy Statement,High,,,
2022-07-21,7:30am,USD,Philly Fed Manufacturing Index,Low,0.9,-3.3,
2022-07-21,7:30am,USD,Unemployment Claims,Low,240K,244K,
2022-07-21,7:45am,EUR,ECB Press Conference,High,,,
2022-07-21,9:00am,USD,CB Leading Index m/m,Medium,-0.6%,-0.6%,
2022-07-21,9:30am,USD,Natural Gas Storage,Medium,45B,58B,
2022-07-21,6:01pm,GBP,GfK Consumer Confidence,Medium,-42,-41,
2022-07-21,6:30pm,JPY,National Core CPI y/y,Medium,2.2%,2.1%,
2022-07-21,7:30pm,JPY,Flash Manufacturing PMI,Medium,53.1,52.7,
2022-07-22,2:15am,EUR,French Flash Services PMI,High,52.6,53.9,
2022-07-22,2:15am,EUR,French Flash Manufacturing PMI,Low,51.1,51.4,
2022-07-22,2:30am,EUR,German Flash Manufacturing PMI,High,50.6,52.0,
2022-07-22,2:30am,EUR,German Flash Services PMI,High,51.4,52.4,
2022-07-22,3:00am,EUR,Flash Manufacturing PMI,Medium,51.0,52.1,
2022-07-22,3:00am,EUR,Flash Services PMI,Medium,52.0,53.0,
2022-07-22,3:30am,GBP,Flash Manufacturing PMI,High,52.1,52.8,
2022-07-22,3:30am,GBP,Flash Services PMI,High,52.9,54.3,
2022-07-22,5:00am,EUR,German Buba Monthly Report,Medium,,,
2022-07-22,8:45am,USD,Flash Services PMI,High,52.6,52.7,
2022-07-22,8:45am,USD,Flash Manufacturing PMI,Low,52.0,52.7,
2022-07-25,5:00am,GBP,CBI Industrial Order Expectations,Medium,13,18,
2022-07-25,7:55am,EUR,Belgian NBB Business Climate,Medium,-1.5,-1.8,
2022-07-25,6:50pm,JPY,Monetary Policy Meeting Minutes,Medium,,,
2022-07-25,6:50pm,JPY,SPPI y/y,Medium,2.0%,1.9%,
2022-07-25,11:59pm,JPY,BOJ Core CPI y/y,Medium,1.5%,1.5%,
2022-07-26,8:00am,USD,HPI m/m,Medium,1.5%,1.5%,
2022-07-26,8:00am,USD,S&P/CS Composite-20 HPI y/y,Medium,20.5%,21.2%,
2022-07-26,8:59am,USD,Richmond Manufacturing Index,Low,-13,-11,
2022-07-26,9:00am,USD,CB Consumer Confidence,High,97.3,98.4,
2022-07-26,9:00am,USD,New Home Sales,Medium,663K,642K,
2022-07-26,3:30pm,USD,API Weekly Statistical Bulletin,Medium,,,
2022-07-26,6:01pm,GBP,BRC Shop Price Index y/y,Medium,,3.1%,
2022-07-27,3:00am,CHF,UBS Economic Expectations,Medium,,-72.7,
2022-07-27,3:00am,EUR,M3 Money Supply y/y,Medium,5.4%,5.8%,
2022-07-27,3:00am,EUR,Private Loans y/y,Medium,4.6%,4.6%,
2022-07-27,4:33am,EUR,German 10-y Bond Auction,Medium,,1.22|1.1,
2022-07-27,7:30am,USD,Core Durable Goods Orders m/m,Low,0.2%,0.5%,
2022-07-27,7:30am,USD,Durable Goods Orders m/m,Low,-0.5%,0.8%,
2022-07-27,7:30am,USD,Goods Trade Balance,Medium,-103.2B,-104.0B,
2022-07-27,7:30am,USD,Prelim Wholesale Inventories m/m,Medium,1.5%,1.8%,
2022-07-27,9:00am,USD,Pending Home Sales m/m,Low,-1.1%,0.4%,
2022-07-27,9:30am,USD,Crude Oil Inventories,Medium,-1.5M,-0.4M,
2022-07-27,1:00pm,USD,Federal Funds Rate,High,2.50%,1.75%,
2022-07-27,1:00pm,USD,FOMC Statement,High,,,
2022-07-27,1:30pm,USD,FOMC Press Conference,High,,,
2022-07-28,2:00am,EUR,Spanish Unemployment Rate,Medium,13.2%,13.6%,
2022-07-28,4:15am,EUR,Italian 10-y Bond Auction,Medium,,3.47|1.6,
2022-07-28,7:30am,USD,Advance GDP q/q,High,0.4%,-1.6%,
2022-07-28,7:30am,USD,Advance GDP Price Index q/q,Low,7.9%,8.2%,
2022-07-28,7:30am,USD,Unemployment Claims,Low,253K,261K,
2022-07-28,9:30am,USD,Natural Gas Storage,Medium,19B,32B,
2022-07-28,11:58am,USD,President Biden Speaks,Medium,,,
2022-07-28,12:32pm,USD,Treasury Sec Yellen Speaks,Low,,,
2022-07-28,1:38pm,USD,President Biden Speaks,Medium,,,
2022-07-28,6:30pm,JPY,Tokyo Core CPI y/y,Medium,2.2%,2.1%,
2022-07-28,6:30pm,JPY,Unemployment Rate,Medium,2.5%,2.6%,
2022-07-28,6:50pm,JPY,BOJ Summary of Opinions,Medium,,,
2022-07-28,6:50pm,JPY,Prelim Industrial Production m/m,Medium,4.3%,-7.5%,
2022-07-28,6:50pm,JPY,Retail Sales y/y,Medium,2.8%,3.7%,
2022-07-28,11:59pm,JPY,Consumer Confidence,Medium,31.4,32.1,
2022-07-29,12:30am,EUR,French Flash GDP q/q,Low,0.2%,-0.2%,
2022-07-29,12:30am,EUR,French Consumer Spending m/m,Medium,-1.0%,0.4%,
2022-07-29,1:00am,EUR,German Import Prices m/m,Medium,1.0%,0.9%,
2022-07-29,1:30am,CHF,Retail Sales y/y,Medium,1.2%,-1.3%,
2022-07-29,1:45am,EUR,French Prelim CPI m/m,Medium,0.3%,0.7%,
2022-07-29,2:00am,CHF,KOF Economic Barometer,Medium,95.3,95.2,
2022-07-29,2:00am,EUR,Spanish Flash CPI y/y,Medium,10.6%,10.2%,
2022-07-29,2:00am,EUR,Spanish Flash GDP q/q,Medium,0.4%,0.2%,
2022-07-29,2:55am,EUR,German Unemployment Change,Medium,18K,132K,
2022-07-29,3:00am,EUR,Italian Prelim GDP q/q,Medium,0.3%,0.1%,
2022-07-29,3:00am,EUR,German Prelim GDP q/q,Medium,0.1%,0.2%,
2022-07-29,3:30am,GBP,M4 Money Supply m/m,Medium,0.7%,0.6%,
2022-07-29,3:30am,GBP,Mortgage Approvals,Medium,64K,66K,
2022-07-29,3:30am,GBP,Net Lending to Individuals m/m,Medium,7.2B,8.9B,
2022-07-29,4:00am,EUR,Core CPI Flash Estimate y/y,Low,3.9%,3.7%,
2022-07-29,4:00am,EUR,CPI Flash Estimate y/y,Low,8.7%,8.6%,
2022-07-29,4:00am,EUR,Italian Prelim CPI m/m,Medium,0.5%,1.2%,
2022-07-29,4:00am,EUR,Prelim Flash GDP q/q,Medium,0.2%,0.6%,
2022-07-29,7:30am,USD,Core PCE Price Index m/m,High,0.5%,0.3%,
2022-07-29,7:30am,USD,Employment Cost Index q/q,Medium,1.1%,1.4%,
2022-07-29,7:30am,USD,Personal Income m/m,Medium,0.5%,0.6%,
2022-07-29,7:30am,USD,Personal Spending m/m,Medium,0.9%,0.3%,
2022-07-29,8:45am,USD,Chicago PMI,Medium,55.1,56.0,
2022-07-29,9:00am,USD,Revised UoM Consumer Sentiment,Low,51.1,51.1,
2022-07-29,9:00am,USD,Revised UoM Inflation Expectations,Medium,,5.2%,
2022-07-31,7:30pm,JPY,Final Manufacturing PMI,Medium,52.2,52.2,
2022-08-01,All Day,CHF,Bank Holiday,Low,,,
2022-08-01,2:15am,EUR,Spanish Manufacturing PMI,Medium,49.9,52.6,
2022-08-01,2:45am,EUR,Italian Manufacturing PMI,Medium,49.1,50.9,
2022-08-01,2:50am,EUR,French Final Manufacturing PMI,Medium,49.6,49.6,
2022-08-01,2:55am,EUR,German Final Manufacturing PMI,Medium,49.2,49.2,
2022-08-01,3:00am,EUR,Final Manufacturing PMI,Medium,49.6,49.6,
2022-08-01,3:00am,EUR,Italian Monthly Unemployment Rate,Medium,8.1%,8.2%,
2022-08-01,3:30am,GBP,Final Manufacturing PMI,Medium,52.2,52.2,
2022-08-01,4:00am,EUR,Unemployment Rate,Medium,6.6%,6.6%,
2022-08-01,8:45am,USD,Final Manufacturing PMI,Medium,52.3,52.3,
2022-08-01,9:00am,USD,ISM Manufacturing PMI,High,52.3,53.0,
2022-08-01,9:00am,USD,Construction Spending m/m,Medium,0.3%,0.1%,
2022-08-01,9:00am,USD,ISM Manufacturing Prices,Medium,74.9,78.5,
2022-08-01,1:00pm,USD,Loan Officer Survey,Medium,,,
2022-08-01,6:50pm,JPY,Monetary Base y/y,Medium,4.1%,3.9%,
2022-08-01,10:35pm,JPY,10-y Bond Auction,Medium,,0.25|5.0,
2022-08-02,2:00am,CHF,SECO Consumer Climate,Medium,-31,-27,
2022-08-02,2:00am,EUR,Spanish Unemployment Change,Medium,-40.3K,-42.4K,
2022-08-02,2:30am,CHF,Manufacturing PMI,Medium,56.3,59.1,
2022-08-02,4:03am,GBP,10-y Bond Auction,Medium,,2.15|2.5,
2022-08-02,9:00am,USD,JOLTS Job Openings,High,10.99M,11.30M,
2022-08-02,All Day,USD,Wards Total Vehicle Sales,Medium,13.4M,13.0M,
2022-08-02,3:30pm,USD,API Weekly Statistical Bulletin,Medium,,,
2022-08-02,5:45pm,USD,FOMC Member Bullard Speaks,Low,,,
2022-08-03,1:30am,CHF,CPI m/m,High,-0.1%,0.5%,
2022-08-03,2:15am,EUR,Spanish Services PMI,Low,52.0,54.0,
2022-08-03,2:45am,EUR,Italian Services PMI,Medium,50.1,51.6,
2022-08-03,2:50am,EUR,French Final Services PMI,Medium,52.1,52.1,
2022-08-03,2:55am,EUR,German Final Services PMI,Medium,49.2,49.2,
2022-08-03,3:00am,EUR,Final Services PMI,Medium,50.6,50.6,
2022-08-03,3:00am,EUR,Italian Retail Sales m/m,Medium,1.0%,2.0%,
2022-08-03,3:30am,GBP,Final Services PMI,Medium,53.3,53.3,
2022-08-03,4:00am,EUR,PPI m/m,Medium,1.0%,0.5%,
2022-08-03,4:00am,EUR,Retail Sales m/m,Medium,0.0%,0.4%,
2022-08-03,6:31am,EUR,French Gov Budget Balance,Medium,,-82.3B,
2022-08-03,8:45am,USD,Final Services PMI,Medium,47.0,47.0,
2022-08-03,9:00am,USD,ISM Services PMI,High,53.5,55.3,
2022-08-03,9:00am,USD,Factory Orders m/m,Medium,1.3%,1.8%,
2022-08-03,9:30am,USD,Crude Oil Inventories,Medium,-1.4M,-4.5M,
2022-08-04,3:00am,EUR,ECB Economic Bulletin,Medium,,,
2022-08-04,3:30am,GBP,Construction PMI,Low,52.0,52.6,
2022-08-04,3:43am,EUR,Spanish 10-y Bond Auction,Medium,,2.54|1.6,
2022-08-04,3:54am,EUR,French 10-y Bond Auction,Medium,,1.92|1.9,
2022-08-04,6:00am,GBP,BOE Monetary Policy Report,High,,,
2022-08-04,6:00am,GBP,Monetary Policy Summary,High,,,
2022-08-04,6:00am,GBP,MPC Official Bank Rate Votes,High,9-0-0,9-0-0,
2022-08-04,6:00am,GBP,Official Bank Rate,High,1.75%,1.25%,
2022-08-04,6:30am,GBP,BOE Gov Bailey Speaks,High,,,
2022-08-04,6:30am,USD,Challenger Job Cuts y/y,Medium,,58.8%,
2022-08-04,7:30am,USD,Unemployment Claims,Low,262K,254K,
2022-08-04,7:30am,USD,Trade Balance,Medium,-80.5B,-84.9B,
2022-08-04,9:30am,USD,Natural Gas Storage,Medium,25B,15B,
2022-08-04,11:00am,USD,FOMC Member Mester Speaks,Low,,,
2022-08-04,6:30pm,JPY,Average Cash Earnings y/y,Medium,1.9%,1.0%,
2022-08-04,6:30pm,JPY,Household Spending y/y,Medium,1.6%,-0.5%,
2022-08-05,1:00am,EUR,German Industrial Production m/m,Medium,-0.4%,-0.1%,
2022-08-05,1:00am,GBP,Halifax HPI m/m,Medium,1.2%,1.4%,
2022-08-05,1:45am,EUR,French Industrial Production m/m,Medium,-0.2%,0.2%,
2022-08-05,1:45am,EUR,French Prelim Private Payrolls q/q,Medium,0.2%,0.3%,
2022-08-05,1:45am,EUR,French Trade Balance,Medium,-12.3B,-12.9B,
2022-08-05,2:00am,CHF,Foreign Currency Reserves,Medium,,849B,
2022-08-05,3:00am,EUR,Italian Industrial Production m/m,Medium,-0.1%,-1.1%,
2022-08-05,6:15am,GBP,MPC Member Pill Speaks,Low,,,
2022-08-05,7:30am,USD,Average Hourly Earnings m/m,High,0.3%,0.4%,
2022-08-05,7:30am,USD,Non-Farm Employment Change,High,250K,398K,
2022-08-05,7:30am,USD,Unemployment Rate,High,3.6%,3.6%,
2022-08-05,2:00pm,USD,Consumer Credit m/m,Medium,25.0B,23.8B,
2022-08-07,SunAug 7,JPY,Current Account,Medium,-0.03T,0.01T,
2022-08-07,11:59pm,JPY,Economy Watchers Sentiment,Medium,51.6,52.9,
2022-08-08,3:30am,EUR,Sentix Investor Confidence,Medium,-29.1,-26.4,
2022-08-08,6:01pm,GBP,BRC Retail Sales Monitor y/y,Medium,-1.5%,-1.3%,
2022-08-08,6:50pm,JPY,M2 Money Stock y/y,Medium,3.3%,3.3%,
2022-08-08,10:35pm,JPY,30-y Bond Auction,Medium,,1.23|3.2,
2022-08-09,4:02am,GBP,30-y Bond Auction,Medium,,2.53|2.2,
2022-08-09,4:58am,USD,NFIB Small Business Index,Medium,89.5,89.5,
2022-08-09,7:30am,USD,Prelim Nonfarm Productivity q/q,Medium,-4.6%,-7.3%,
2022-08-09,7:30am,USD,Prelim Unit Labor Costs q/q,Medium,9.4%,12.6%,
2022-08-09,9:00am,USD,RCM/TIPP Economic Optimism,Medium,40.2,38.5,
2022-08-09,3:30pm,USD,API Weekly Statistical Bulletin,Medium,,,
2022-08-09,6:50pm,JPY,PPI y/y,Medium,8.5%,9.4%,
2022-08-10,4:35am,EUR,German 30-y Bond Auction,Medium,,1.41|2.1,
2022-08-10,7:30am,USD,Core CPI m/m,High,0.5%,0.7%,
2022-08-10,7:30am,USD,CPI m/m,High,0.2%,1.3%,
2022-08-10,7:30am,USD,CPI y/y,High,8.7%,9.1%,
2022-08-10,9:00am,USD,Final Wholesale Inventories m/m,Medium,1.9%,1.9%,
2022-08-10,9:30am,USD,Crude Oil Inventories,Medium,0.1M,4.5M,
2022-08-10,11:00am,GBP,MPC Member Pill Speaks,Medium,,,
2022-08-10,12:01pm,USD,10-y Bond Auction,Medium,,2.96|2.3,
2022-08-10,1:00pm,USD,Federal Budget Balance,Medium,-172.5B,-88.8B,
2022-08-10,6:01pm,GBP,RICS House Price Balance,Medium,60%,65%,
2022-08-10,All Day,JPY,Bank Holiday,Low,,,
2022-08-11,ThuAug 11,USD,Core PPI m/m,Low,0.4%,0.4%,
2022-08-11,ThuAug 11,USD,Unemployment Claims,Low,264K,248K,
2022-08-11,9:00am,USD,Mortgage Delinquencies,Medium,,4.11%,
2022-08-11,9:30am,USD,Natural Gas Storage,Medium,40B,41B,
2022-08-11,12:01pm,USD,30-y Bond Auction,Medium,,3.12|2.4,
2022-08-12,FriAug 12,GBP,Prelim GDP q/q,High,-0.2%,0.8%,
2022-08-12,FriAug 12,GBP,Construction Output m/m,Medium,-2.0%,1.8%,
2022-08-12,FriAug 12,GBP,Goods Trade Balance,Medium,-22.3B,-20.7B,
2022-08-12,FriAug 12,GBP,Index of Services 3m/3m,Medium,-0.4%,0.0%,
2022-08-12,FriAug 12,GBP,Industrial Production m/m,Medium,-1.3%,1.3%,
2022-08-12,FriAug 12,GBP,Manufacturing Production m/m,Medium,-1.9%,1.7%,
2022-08-12,FriAug 12,GBP,Prelim Business Investment q/q,Medium,1.2%,-0.6%,
2022-08-12,1:45am,EUR,French Final CPI m/m,Medium,0.3%,0.3%,
2022-08-12,3:00am,EUR,Italian Trade Balance,Medium,0.35B,-0.06B,
2022-08-12,4:00am,EUR,Industrial Production m/m,Medium,0.1%,2.1%,
2022-08-12,6:09am,GBP,NIESR GDP Estimate,Medium,,-0.1%,
2022-08-12,7:30am,USD,Import Prices m/m,Medium,-0.9%,0.3%,
2022-08-12,9:00am,USD,Prelim UoM Consumer Sentiment,High,52.5,51.5,
2022-08-12,9:00am,USD,Prelim UoM Inflation Expectations,Medium,,5.2%,
2022-08-14,6:01pm,GBP,Rightmove HPI m/m,Medium,,0.4%,
2022-08-14,6:50pm,JPY,Prelim GDP Price Index y/y,Medium,-0.8%,-0.5%,
2022-08-14,6:50pm,JPY,Prelim GDP q/q,Medium,0.7%,-0.1%,
2022-08-14,11:30pm,JPY,Revised Industrial Production m/m,Medium,8.9%,8.9%,
2022-08-15,1:30am,CHF,PPI m/m,Medium,0.4%,0.3%,
2022-08-15,All Day,EUR,French Bank Holiday,Low,,,
2022-08-15,All Day,EUR,Italian Bank Holiday,Low,,,
2022-08-15,7:30am,USD,Empire State Manufacturing Index,Low,5.1,11.1,
2022-08-15,8:30am,GBP,CB Leading Index m/m,Medium,,-0.5%,
2022-08-15,9:00am,USD,NAHB Housing Market Index,Medium,55,55,
2022-08-15,9:50am,USD,FOMC Member Waller Speaks,Low,,,
2022-08-15,3:00pm,USD,TIC Long-Term Purchases,Medium,-14.8B,155.3B,
2022-08-15,11:30pm,JPY,Tertiary Industry Activity m/m,Medium,0.3%,1.1%,
2022-08-16,TueAug 16,GBP,Claimant Count Change,Medium,-32.0K,-26.8K,
2022-08-16,TueAug 16,GBP,Unemployment Rate,Medium,3.8%,3.8%,
2022-08-16,4:00am,EUR,Trade Balance,Medium,-22.2B,-27.2B,
2022-08-16,4:00am,EUR,ZEW Economic Sentiment,Medium,-52.0,-51.1,
2022-08-16,4:00am,EUR,German ZEW Economic Sentiment,Medium,-52.7,-53.8,
2022-08-16,7:30am,USD,Building Permits,Medium,1.63M,1.70M,
2022-08-16,7:30am,USD,Housing Starts,Medium,1.53M,1.60M,
2022-08-16,8:15am,USD,Capacity Utilization Rate,Medium,80.2%,79.9%,
2022-08-16,8:15am,USD,Industrial Production m/m,Medium,0.3%,0.0%,
2022-08-16,3:30pm,USD,API Weekly Statistical Bulletin,Medium,,,
2022-08-16,6:50pm,JPY,Core Machinery Orders m/m,Medium,0.9%,-5.6%,
2022-08-16,6:50pm,JPY,Trade Balance,Medium,-1.90T,-1.95T,
2022-08-17,WedAug 17,GBP,Core CPI y/y,Medium,5.9%,5.8%,
2022-08-17,WedAug 17,GBP,RPI y/y,Medium,12.0%,11.8%,
2022-08-17,1:02am,GBP,PPI Input m/m,Medium,0.7%,1.8%,
2022-08-17,1:02am,GBP,PPI Output m/m,Medium,0.9%,1.4%,
2022-08-17,3:30am,GBP,HPI y/y,Medium,13.0%,12.8%,
2022-08-17,4:00am,EUR,Flash Employment Change q/q,Medium,0.4%,0.6%,
2022-08-17,4:00am,EUR,Flash GDP q/q,Medium,0.7%,0.7%,
2022-08-17,7:30am,USD,Core Retail Sales m/m,High,-0.1%,0.9%,
2022-08-17,7:30am,USD,Retail Sales m/m,High,0.1%,0.8%,
2022-08-17,8:30am,USD,FOMC Member Bowman Speaks,Medium,,,
2022-08-17,9:00am,USD,Business Inventories m/m,Medium,1.4%,1.6%,
2022-08-17,9:30am,USD,Crude Oil Inventories,Medium,0.3M,5.5M,
2022-08-17,1:00pm,USD,FOMC Meeting Minutes,High,,,
2022-08-17,1:20pm,USD,FOMC Member Bowman Speaks,Medium,,,
2022-08-18,4:00am,EUR,Final Core CPI y/y,Medium,4.0%,4.0%,
2022-08-18,4:00am,EUR,Final CPI y/y,Medium,8.9%,8.9%,
2022-08-18,7:30am,USD,Philly Fed Manufacturing Index,High,-4.9,-12.3,
2022-08-18,7:30am,USD,Unemployment Claims,Low,265K,252K,
2022-08-18,9:00am,USD,Existing Home Sales,Low,4.87M,5.11M,
2022-08-18,9:00am,USD,CB Leading Index m/m,Medium,-0.5%,-0.7%,
2022-08-18,9:30am,USD,Natural Gas Storage,Medium,38B,44B,
2022-08-18,12:20pm,USD,FOMC Member George Speaks,Low,,,
2022-08-18,6:01pm,GBP,GfK Consumer Confidence,Medium,-42,-41,
2022-08-18,6:30pm,JPY,National Core CPI y/y,Medium,2.4%,2.2%,
2022-08-19,FriAug 19,GBP,Retail Sales m/m,Low,-0.2%,-0.2%,
2022-08-19,FriAug 19,GBP,Public Sector Net Borrowing,Medium,25.3B,20.1B,
2022-08-19,3:00am,EUR,Current Account,Medium,-3.3B,-6.9B,
2022-08-22,7:30pm,JPY,Flash Manufacturing PMI,Medium,51.0,52.1,
2022-08-22,11:59pm,JPY,BOJ Core CPI y/y,Medium,1.5%,1.6%,
2022-08-23,TueAug 23,EUR,French Flash Manufacturing PMI,Low,49.0,49.5,
2022-08-23,2:30am,EUR,German Flash Manufacturing PMI,High,48.0,49.3,
2022-08-23,2:30am,EUR,German Flash Services PMI,High,49.0,49.7,
2022-08-23,3:00am,EUR,Flash Manufacturing PMI,Medium,48.9,49.8,
2022-08-23,3:00am,EUR,Flash Services PMI,Medium,50.5,51.2,
2022-08-23,3:30am,GBP,Flash Manufacturing PMI,High,51.0,52.1,
2022-08-23,3:30am,GBP,Flash Services PMI,High,51.5,52.6,
2022-08-23,5:00am,GBP,CBI Industrial Order Expectations,Medium,2,8,
2022-08-23,8:45am,USD,Flash Services PMI,High,49.8,47.3,
2022-08-23,8:45am,USD,Flash Manufacturing PMI,Low,51.8,52.2,
2022-08-23,8:59am,USD,Richmond Manufacturing Index,Low,-3,0,
2022-08-23,9:00am,EUR,Consumer Confidence,Medium,-28,-27,
2022-08-23,9:00am,USD,New Home Sales,Low,574K,585K,
2022-08-23,3:30pm,USD,API Weekly Statistical Bulletin,Medium,,,
2022-08-24,7:30am,USD,Core Durable Goods Orders m/m,Low,0.2%,0.4%,
2022-08-24,7:30am,USD,Durable Goods Orders m/m,Low,0.9%,2.0%,
2022-08-24,9:00am,USD,Prelim Benchmark Payrolls Revision,High,,-166K,
2022-08-24,9:00am,USD,Pending Home Sales m/m,Low,-2.6%,-8.9%,
2022-08-24,9:30am,USD,Crude Oil Inventories,Medium,-2.4M,-7.1M,
2022-08-24,6:50pm,JPY,SPPI y/y,Medium,2.2%,2.1%,
2022-08-25,3:00am,EUR,German ifo Business Climate,Low,86.7,88.7,
2022-08-25,5:00am,GBP,CBI Realized Sales,Medium,-8,-4,
2022-08-25,6:30am,EUR,ECB Monetary Policy Meeting Accounts,Low,,,
2022-08-25,7:30am,USD,Prelim GDP q/q,High,-0.7%,-0.9%,
2022-08-25,7:30am,USD,Unemployment Claims,Low,250K,245K,
2022-08-25,7:30am,USD,Prelim GDP Price Index q/q,Medium,8.7%,8.7%,
2022-08-25,7:55am,EUR,Belgian NBB Business Climate,Medium,-1.7,-2.8,
2022-08-25,9:30am,USD,Natural Gas Storage,Medium,54B,18B,
2022-08-25,6:30pm,JPY,Tokyo Core CPI y/y,Medium,2.5%,2.3%,
2022-08-26,3:00am,EUR,M3 Money Supply y/y,Medium,5.5%,5.7%,
2022-08-26,3:00am,EUR,Private Loans y/y,Medium,4.6%,4.6%,
2022-08-26,7:30am,USD,Core PCE Price Index m/m,High,0.2%,0.6%,
2022-08-26,7:30am,USD,Goods Trade Balance,Medium,-98.5B,-98.6B,
2022-08-26,7:30am,USD,Personal Income m/m,Medium,0.6%,0.7%,
2022-08-26,7:30am,USD,Personal Spending m/m,Medium,0.4%,1.0%,
2022-08-26,7:30am,USD,Prelim Wholesale Inventories m/m,Medium,1.3%,1.8%,
2022-08-26,9:00am,USD,Fed Chairman Powell Speaks,High,,,
2022-08-26,9:00am,USD,Revised UoM Consumer Sentiment,Low,55.3,55.1,
2022-08-26,9:00am,USD,Revised UoM Inflation Expectations,Medium,,5.0%,
2022-08-27,11:25am,CHF,SNB Chairman Jordan Speaks,Low,,,
2022-08-29,1:15pm,USD,FOMC Member Brainard Speaks,Low,,,
2022-08-29,6:30pm,JPY,Unemployment Rate,Medium,2.6%,2.6%,
2022-08-30,TueAug 30,EUR,Spanish Flash CPI y/y,Medium,10.7%,10.8%,
2022-08-30,All Day,EUR,German Prelim CPI m/m,High,0.3%,0.9%,
2022-08-30,3:30am,GBP,M4 Money Supply m/m,Medium,0.0%,-0.3%,
2022-08-30,3:30am,GBP,Mortgage Approvals,Medium,62K,64K,
2022-08-30,3:30am,GBP,Net Lending to Individuals m/m,Medium,6.6B,7.1B,
2022-08-30,4:34am,EUR,Italian 10-y Bond Auction,Medium,,3.36|1.7,
2022-08-30,8:00am,USD,HPI m/m,Medium,0.8%,1.3%,
2022-08-30,8:00am,USD,S&P/CS Composite-20 HPI y/y,Medium,19.2%,20.5%,
2022-08-30,9:00am,USD,CB Consumer Confidence,High,97.6,95.3,
2022-08-30,9:00am,USD,JOLTS Job Openings,High,10.37M,11.04M,
2022-08-30,10:00am,USD,FOMC Member Williams Speaks,Low,,,
2022-08-30,3:30pm,USD,API Weekly Statistical Bulletin,Medium,,,
2022-08-30,6:01pm,GBP,BRC Shop Price Index y/y,Medium,,4.4%,
2022-08-30,6:50pm,JPY,Prelim Industrial Production m/m,Medium,-0.5%,9.2%,
2022-08-30,6:50pm,JPY,Retail Sales y/y,Medium,1.9%,1.5%,
2022-08-30,11:59pm,JPY,Consumer Confidence,Medium,29.4,30.2,
2022-08-31,1:00am,EUR,German Import Prices m/m,Medium,1.6%,1.0%,
2022-08-31,1:45am,EUR,French Consumer Spending m/m,Medium,-0.3%,0.1%,
2022-08-31,1:45am,EUR,French Prelim CPI m/m,Medium,0.6%,0.3%,
2022-08-31,1:45am,EUR,French Prelim GDP q/q,Medium,0.5%,0.5%,
2022-08-31,2:55am,EUR,German Unemployment Change,Medium,28K,45K,
2022-08-31,3:00am,CHF,UBS Economic Expectations,Medium,,-57.2,
2022-08-31,3:56am,EUR,Italian Prelim CPI m/m,Medium,0.6%,0.4%,
2022-08-31,4:00am,EUR,Core CPI Flash Estimate y/y,Low,4.1%,4.0%,
2022-08-31,4:00am,EUR,CPI Flash Estimate y/y,Low,9.0%,8.9%,
2022-08-31,7:00am,USD,FOMC Member Mester Speaks,Low,,,
2022-08-31,7:15am,USD,ADP Non-Farm Employment Change,High,300K,128K,
2022-08-31,8:45am,USD,Chicago PMI,Low,52.5,52.1,
2022-08-31,9:30am,USD,Crude Oil Inventories,Medium,-0.4M,-3.3M,
2022-08-31,6:50pm,JPY,Capital Spending q/y,Medium,3.0%,3.0%,
2022-08-31,7:30pm,JPY,Final Manufacturing PMI,Medium,51.0,51.0,
2022-08-31,10:35pm,JPY,10-y Bond Auction,Medium,,0.17|3.0,
2022-09-01,ThuSep 1,GBP,Nationwide HPI m/m,Medium,0.1%,0.2%,
2022-09-01,1:30am,CHF,CPI m/m,High,0.2%,0.0%,
2022-09-01,1:30am,CHF,Retail Sales y/y,Medium,0.9%,0.7%,
2022-09-01,2:15am,EUR,Spanish Manufacturing PMI,Medium,48.5,48.7,
2022-09-01,2:30am,CHF,Manufacturing PMI,Medium,56.4,58.0,
2022-09-01,2:45am,EUR,Italian Manufacturing PMI,Medium,48.0,48.5,
2022-09-01,2:50am,EUR,French Final Manufacturing PMI,Medium,49.0,49.0,
2022-09-01,2:55am,EUR,German Final Manufacturing PMI,Medium,49.8,49.8,
2022-09-01,3:00am,EUR,Final Manufacturing PMI,Medium,49.7,49.7,
2022-09-01,3:00am,EUR,Italian Monthly Unemployment Rate,Medium,8.1%,8.0%,
2022-09-01,3:30am,GBP,Final Manufacturing PMI,Medium,46.0,46.0,
2022-09-01,3:48am,EUR,Spanish 10-y Bond Auction,Medium,,1.98|1.7,
2022-09-01,3:57am,EUR,French 10-y Bond Auction,Medium,,1.43|2.5,
2022-09-01,4:00am,EUR,Unemployment Rate,Medium,6.6%,6.7%,
2022-09-01,6:30am,USD,Challenger Job Cuts y/y,Medium,,36.3%,
2022-09-01,7:30am,USD,Unemployment Claims,Low,250K,237K,
2022-09-01,7:30am,USD,Revised Nonfarm Productivity q/q,Medium,-4.3%,-4.6%,
2022-09-01,7:30am,USD,Revised Unit Labor Costs q/q,Medium,10.8%,10.8%,
2022-09-01,8:45am,USD,Final Manufacturing PMI,Medium,51.3,51.3,
2022-09-01,9:00am,USD,ISM Manufacturing PMI,High,52.1,52.8,
2022-09-01,9:00am,USD,Construction Spending m/m,Medium,-0.3%,-0.5%,
2022-09-01,9:00am,USD,ISM Manufacturing Prices,Medium,55.4,60.0,
2022-09-01,All Day,USD,Wards Total Vehicle Sales,Medium,13.3M,13.4M,
2022-09-01,9:30am,USD,Natural Gas Storage,Medium,58B,60B,
2022-09-01,6:50pm,JPY,Monetary Base y/y,Medium,3.1%,2.8%,
2022-09-02,1:45am,EUR,French Gov Budget Balance,Medium,,-76.1B,
2022-09-02,2:00am,EUR,Spanish Unemployment Change,Medium,4.6K,3.2K,
2022-09-02,4:00am,EUR,PPI m/m,Medium,2.5%,1.3%,
2022-09-02,7:30am,USD,Average Hourly Earnings m/m,High,0.4%,0.5%,
2022-09-02,7:30am,USD,Non-Farm Employment Change,High,295K,526K,
2022-09-02,7:30am,USD,Unemployment Rate,High,3.5%,3.5%,
2022-09-02,9:00am,USD,Factory Orders m/m,Medium,0.2%,1.8%,
2022-09-05,2:15am,EUR,Spanish Services PMI,Medium,52.3,53.8,
2022-09-05,2:45am,EUR,Italian Services PMI,Medium,48.9,48.4,
2022-09-05,2:50am,EUR,French Final Services PMI,Medium,51.0,51.0,
2022-09-05,2:55am,EUR,German Final Services PMI,Medium,48.2,48.2,
2022-09-05,3:00am,EUR,Final Services PMI,Medium,50.2,50.2,
2022-09-05,3:30am,EUR,Sentix Investor Confidence,Medium,-26.8,-25.2,
2022-09-05,3:30am,GBP,Final Services PMI,Medium,52.5,52.5,
2022-09-05,4:00am,EUR,Retail Sales m/m,Medium,0.3%,-1.0%,
2022-09-05,All Day,USD,Bank Holiday,Low,,,
2022-09-05,10:30am,GBP,MPC Member Mann Speaks,Low,,,
2022-09-05,6:01pm,GBP,BRC Retail Sales Monitor y/y,Medium,0.5%,1.6%,
2022-09-05,6:30pm,JPY,Average Cash Earnings y/y,Medium,1.9%,2.0%,
2022-09-05,6:30pm,JPY,Household Spending y/y,Medium,4.5%,3.5%,
2022-09-05,10:35pm,JPY,30-y Bond Auction,Medium,,1.12|3.0,
2022-09-06,3:30am,GBP,Construction PMI,Medium,48.0,48.9,
2022-09-06,8:45am,USD,Final Services PMI,Low,44.3,44.1,
2022-09-06,9:00am,USD,ISM Services PMI,High,55.4,56.7,
2022-09-07,1:00am,EUR,German Industrial Production m/m,Medium,-0.5%,0.8%,
2022-09-07,1:00am,GBP,Halifax HPI m/m,Medium,0.1%,-0.1%,
2022-09-07,2:00am,CHF,Foreign Currency Reserves,Medium,,850B,
2022-09-07,3:00am,EUR,Italian Retail Sales m/m,Medium,0.3%,-1.1%,
2022-09-07,4:00am,EUR,Final Employment Change q/q,Medium,0.3%,0.3%,
2022-09-07,4:00am,EUR,Revised GDP q/q,Medium,0.6%,0.6%,
2022-09-07,4:00am,GBP,Monetary Policy Report Hearings,High,,,
2022-09-07,4:02am,GBP,10-y Bond Auction,Medium,,1.78|2.4,
2022-09-07,7:30am,USD,Trade Balance,Medium,-70.2B,-80.9B,
2022-09-07,9:00am,USD,FOMC Member Mester Speaks,Low,,,
2022-09-07,11:40am,USD,FOMC Member Brainard Speaks,Low,,,
2022-09-07,1:00pm,USD,Beige Book,Medium,,,
2022-09-07,1:00pm,USD,FOMC Member Barr Speaks,Medium,,,
2022-09-07,3:30pm,USD,API Weekly Statistical Bulletin,Medium,,,
2022-09-07,6:01pm,GBP,RICS House Price Balance,Medium,60%,62%,
2022-09-07,6:50pm,JPY,Bank Lending y/y,Medium,1.9%,1.7%,
2022-09-07,6:50pm,JPY,Current Account,Medium,0.06T,0.84T,
2022-09-07,6:50pm,JPY,Final GDP Price Index y/y,Medium,-0.4%,-0.4%,
2022-09-07,6:50pm,JPY,Final GDP q/q,Medium,0.7%,0.5%,
2022-09-08,12:30am,EUR,French Final Private Payrolls q/q,Medium,0.5%,0.5%,
2022-09-08,12:45am,CHF,Unemployment Rate,Medium,2.2%,2.2%,
2022-09-08,1:45am,EUR,French Trade Balance,Medium,-13.0B,-13.1B,
2022-09-08,7:15am,EUR,Main Refinancing Rate,High,1.25%,0.50%,
2022-09-08,7:15am,EUR,Monetary Policy Statement,High,,,
2022-09-08,7:30am,USD,Unemployment Claims,Low,234K,228K,
2022-09-08,7:45am,EUR,ECB Press Conference,High,,,
2022-09-08,8:10am,USD,Fed Chairman Powell Speaks,High,,,
2022-09-08,9:30am,USD,Natural Gas Storage,Medium,55B,61B,
2022-09-08,10:00am,USD,Crude Oil Inventories,Medium,-2.0M,-3.3M,
2022-09-08,2:00pm,USD,Consumer Credit m/m,Medium,31.5B,39.1B,
2022-09-08,6:50pm,JPY,M2 Money Stock y/y,Medium,3.4%,3.4%,
2022-09-09,4:30am,EUR,ECB President Lagarde Speaks,Low,,,
2022-09-09,All Day,EUR,EU Economic Summit,Low,,,
2022-09-09,All Day,EUR,Eurogroup Meetings,Medium,,,
2022-09-09,9:00am,USD,Final Wholesale Inventories m/m,Medium,0.8%,0.8%,
2022-09-09,11:00am,USD,FOMC Member George Speaks,Low,,,
2022-09-09,11:00am,USD,FOMC Member Waller Speaks,Low,,,
2022-09-12,1:00am,GBP,GDP m/m,High,0.3%,-0.6%,
2022-09-12,1:00am,GBP,Construction Output m/m,Medium,0.4%,-1.4%,
2022-09-12,1:00am,GBP,Goods Trade Balance,Medium,-22.2B,-22.8B,
2022-09-12,1:00am,GBP,Index of Services 3m/3m,Medium,-0.2%,-0.4%,
2022-09-12,1:00am,GBP,Industrial Production m/m,Medium,0.4%,-0.9%,
2022-09-12,1:00am,GBP,Manufacturing Production m/m,Medium,0.3%,-1.6%,
2022-09-12,3:00am,EUR,Italian Industrial Production m/m,Medium,0.0%,-2.0%,
2022-09-12,5:22am,GBP,NIESR GDP Estimate,Medium,,0.0%,
2022-09-12,12:01pm,USD,10-y Bond Auction,Medium,,2.76|2.5,
2022-09-12,6:50pm,JPY,BSI Manufacturing Index,Medium,-8.1,-9.9,
2022-09-12,6:50pm,JPY,PPI y/y,Medium,8.9%,9.0%,
2022-09-13,TueSep 13,GBP,Average Earnings Index 3m/y,Medium,5.4%,5.2%,
2022-09-13,TueSep 13,GBP,Claimant Count Change,Medium,-13.2K,-14.5K,
2022-09-13,TueSep 13,GBP,Unemployment Rate,Medium,3.8%,3.8%,
2022-09-13,1:30am,CHF,PPI m/m,Medium,0.1%,-0.1%,
2022-09-13,3:00am,EUR,Italian Quarterly Unemployment Rate,Medium,8.1%,8.5%,
2022-09-13,4:00am,EUR,ZEW Economic Sentiment,Medium,-57.9,-54.9,
2022-09-13,4:00am,EUR,German ZEW Economic Sentiment,Medium,-59.4,-55.3,
2022-09-13,4:55am,USD,NFIB Small Business Index,Medium,90.9,89.9,
2022-09-13,7:30am,USD,Core CPI m/m,High,0.3%,0.3%,
2022-09-13,7:30am,USD,CPI m/m,High,-0.1%,0.0%,
2022-09-13,7:30am,USD,CPI y/y,High,8.1%,8.5%,
2022-09-13,9:00am,USD,RCM/TIPP Economic Optimism,Medium,42.5,38.1,
2022-09-13,12:01pm,USD,30-y Bond Auction,Medium,,3.11|2.3,
2022-09-13,12:53pm,USD,Federal Budget Balance,Medium,-215.0B,-211.1B,
2022-09-13,3:30pm,USD,API Weekly Statistical Bulletin,Medium,,,
2022-09-13,6:50pm,JPY,Core Machinery Orders m/m,Medium,-0.6%,0.9%,
2022-09-13,11:30pm,JPY,Revised Industrial Production m/m,Medium,1.0%,1.0%,
2022-09-14,WedSep 14,GBP,Core CPI y/y,Medium,6.2%,6.2%,
2022-09-14,WedSep 14,GBP,PPI Input m/m,Medium,0.2%,0.0%,
2022-09-14,WedSep 14,GBP,PPI Output m/m,Medium,1.0%,1.6%,
2022-09-14,WedSep 14,GBP,RPI y/y,Medium,12.3%,12.3%,
2022-09-14,3:30am,GBP,HPI y/y,Medium,7.9%,7.8%,
2022-09-14,4:00am,EUR,Industrial Production m/m,Medium,-1.0%,1.1%,
2022-09-14,7:30am,USD,PPI m/m,High,-0.1%,-0.5%,
2022-09-14,7:30am,USD,Core PPI m/m,Low,0.3%,0.2%,
2022-09-14,8:30am,GBP,CB Leading Index m/m,Medium,,-0.6%,
2022-09-14,9:30am,USD,Crude Oil Inventories,Medium,1.9M,8.8M,
2022-09-14,6:50pm,JPY,Trade Balance,Medium,-2.08T,-2.16T,
2022-09-14,11:30pm,JPY,Tertiary Industry Activity m/m,Medium,-0.1%,-0.4%,
2022-09-15,1:45am,EUR,French Final CPI m/m,Medium,0.4%,0.4%,
2022-09-15,3:30am,GBP,Consumer Inflation Expectations,Medium,,4.6%,
2022-09-15,4:00am,EUR,Trade Balance,Medium,-31.9B,-32.2B,
2022-09-15,7:30am,USD,Core Retail Sales m/m,High,0.0%,0.0%,
2022-09-15,7:30am,USD,Empire State Manufacturing Index,High,-12.7,-31.3,
2022-09-15,7:30am,USD,Retail Sales m/m,High,-0.1%,-0.4%,
2022-09-15,7:30am,USD,Philly Fed Manufacturing Index,Low,2.4,6.2,
2022-09-15,7:30am,USD,Unemployment Claims,Low,225K,218K,
2022-09-15,7:30am,USD,Import Prices m/m,Medium,-1.3%,-1.5%,
2022-09-15,8:15am,USD,Capacity Utilization Rate,Medium,80.2%,80.2%,
2022-09-15,8:15am,USD,Industrial Production m/m,Medium,0.0%,0.5%,
2022-09-15,9:00am,USD,Business Inventories m/m,Medium,0.6%,1.4%,
2022-09-15,9:30am,USD,Natural Gas Storage,Medium,71B,54B,
2022-09-16,3:00am,EUR,Italian Trade Balance,Medium,-1.50B,-2.51B,
2022-09-16,4:00am,EUR,Final Core CPI y/y,Medium,4.3%,4.3%,
2022-09-16,4:00am,EUR,Final CPI y/y,Medium,9.1%,9.1%,
2022-09-16,9:00am,USD,Prelim UoM Consumer Sentiment,High,60.0,58.2,
2022-09-16,9:00am,USD,Prelim UoM Inflation Expectations,Low,,4.8%,
2022-09-16,3:00pm,USD,TIC Long-Term Purchases,Medium,121.6B,121.8B,
2022-09-18,All Day,JPY,Bank Holiday,Low,,,
2022-09-19,5:00am,EUR,German Buba Monthly Report,Medium,,,
2022-09-19,9:00am,USD,NAHB Housing Market Index,Medium,47,49,
2022-09-19,6:30pm,JPY,National Core CPI y/y,Medium,2.7%,2.4%,
2022-09-20,TueSep 20,EUR,German PPI m/m,Medium,2.5%,5.3%,
2022-09-20,2:00am,CHF,SECO Economic Forecasts,Medium,,,
2022-09-20,3:00am,EUR,Current Account,Medium,5.3B,4.2B,
2022-09-20,7:30am,USD,Building Permits,Medium,1.60M,1.69M,
2022-09-20,7:30am,USD,Housing Starts,Medium,1.45M,1.40M,
2022-09-20,12:00pm,EUR,ECB President Lagarde Speaks,Low,,,
2022-09-20,3:30pm,USD,API Weekly Statistical Bulletin,Medium,,,
2022-09-21,4:34am,EUR,German 10-y Bond Auction,Medium,,1.33|1.6,
2022-09-21,5:00am,GBP,CBI Industrial Order Expectations,Medium,-13,-7,
2022-09-21,9:00am,USD,Existing Home Sales,Low,4.69M,4.82M,
2022-09-21,9:30am,USD,Crude Oil Inventories,Medium,2.0M,2.4M,
2022-09-21,1:00pm,USD,Federal Funds Rate,High,3.25%,2.50%,
2022-09-21,1:00pm,USD,FOMC Economic Projections,High,,,
2022-09-21,1:00pm,USD,FOMC Statement,High,,,
2022-09-21,1:30pm,USD,FOMC Press Conference,High,,,
2022-09-21,9:51pm,JPY,Monetary Policy Statement,High,,,
2022-09-21,9:51pm,JPY,BOJ Policy Rate,Medium,-0.10%,-0.10%,
2022-09-22,1:30am,JPY,BOJ Press Conference,High,,,
2022-09-22,2:30am,CHF,SNB Monetary Policy Assessment,High,,,
2022-09-22,2:30am,CHF,SNB Policy Rate,High,0.50%,-0.25%,
2022-09-22,3:00am,CHF,SNB Press Conference,High,,,
2022-09-22,3:00am,EUR,ECB Economic Bulletin,Medium,,,
2022-09-22,6:00am,GBP,Monetary Policy Summary,High,,,
2022-09-22,6:00am,GBP,MPC Official Bank Rate Votes,High,9-0-0,9-0-0,
2022-09-22,6:00am,GBP,Official Bank Rate,High,2.25%,1.75%,
2022-09-22,6:00am,GBP,BOE Inflation Letter,Low,,,
2022-09-22,7:30am,USD,Unemployment Claims,Low,220K,208K,
2022-09-22,7:30am,USD,Current Account,Medium,-261B,-283B,
2022-09-22,9:00am,EUR,Consumer Confidence,Medium,-26,-25,
2022-09-22,9:00am,USD,CB Leading Index m/m,Medium,-0.1%,-0.5%,
2022-09-22,9:30am,USD,Natural Gas Storage,Medium,97B,77B,
2022-09-22,10:00am,GBP,MPC Member Tenreyro Speaks,Medium,,,
2022-09-22,1:30pm,GBP,MPC Member Haskel Speaks,Medium,,,
2022-09-22,6:01pm,GBP,GfK Consumer Confidence,Medium,-42,-44,
2022-09-22,All Day,JPY,Bank Holiday,Low,,,
2022-09-23,FriSep 23,EUR,French Flash Manufacturing PMI,Low,49.8,50.6,
2022-09-23,2:30am,EUR,German Flash Manufacturing PMI,High,48.3,49.1,
2022-09-23,2:30am,EUR,German Flash Services PMI,High,47.2,47.7,
2022-09-23,3:00am,EUR,Flash Manufacturing PMI,Medium,48.7,49.6,
2022-09-23,3:00am,EUR,Flash Services PMI,Medium,49.1,49.8,
2022-09-23,3:30am,GBP,Flash Manufacturing PMI,High,47.4,47.3,
2022-09-23,3:30am,GBP,Flash Services PMI,High,49.9,50.9,
2022-09-23,5:00am,GBP,CBI Realized Sales,Medium,9,37,
2022-09-23,8:45am,USD,Flash Services PMI,High,45.5,43.7,
2022-09-23,8:45am,USD,Flash Manufacturing PMI,Low,51.0,51.5,
2022-09-23,10:30am,CHF,SNB Chairman Jordan Speaks,Low,,,
2022-09-23,10:30am,EUR,German Buba President Nagel Speaks,Medium,,,
2022-09-23,1:00pm,USD,Fed Chairman Powell Speaks,High,,,
2022-09-25,6:01pm,GBP,Rightmove HPI m/m,Medium,,-1.3%,
2022-09-25,7:30pm,JPY,Flash Manufacturing PMI,Medium,51.3,51.5,
2022-09-26,2:00am,EUR,German Buba President Nagel Speaks,Medium,,,
2022-09-26,3:00am,EUR,German ifo Business Climate,Low,86.9,88.6,
2022-09-26,7:59am,EUR,Belgian NBB Business Climate,Medium,-8.9,-5.8,
2022-09-26,8:00am,EUR,ECB President Lagarde Speaks,High,,,
2022-09-26,9:00am,USD,FOMC Member Collins Speaks,Medium,,,
2022-09-26,11:00am,GBP,MPC Member Tenreyro Speaks,Medium,,,
2022-09-26,12:00pm,EUR,German Buba President Nagel Speaks,Medium,,,
2022-09-26,3:00pm,USD,FOMC Member Mester Speaks,Low,,,
2022-09-26,6:50pm,JPY,SPPI y/y,Medium,2.4%,2.0%,
2022-09-27,TueSep 27,EUR,Private Loans y/y,Medium,4.5%,4.5%,
2022-09-27,6:30am,EUR,ECB President Lagarde Speaks,Low,,,
2022-09-27,6:30am,USD,Fed Chairman Powell Speaks,High,,,
2022-09-27,7:30am,USD,Core Durable Goods Orders m/m,Low,0.3%,0.2%,
2022-09-27,7:30am,USD,Durable Goods Orders m/m,Low,0.1%,-0.1%,
2022-09-27,8:00am,USD,HPI m/m,Medium,0.0%,0.1%,
2022-09-27,8:00am,USD,S&P/CS Composite-20 HPI y/y,Medium,17.1%,18.6%,
2022-09-27,8:35am,GBP,MPC Member Pill Speaks,Medium,,,
2022-09-27,8:55am,USD,FOMC Member Bullard Speaks,Low,,,
2022-09-27,9:00am,USD,CB Consumer Confidence,High,104.0,103.6,
2022-09-27,9:00am,USD,New Home Sales,Low,500K,532K,
2022-09-27,9:00am,USD,Richmond Manufacturing Index,Low,-10,-8,
2022-09-27,3:30pm,USD,API Weekly Statistical Bulletin,Medium,,,
2022-09-27,6:01pm,GBP,BRC Shop Price Index y/y,Medium,,5.1%,
2022-09-27,6:50pm,JPY,Monetary Policy Meeting Minutes,Medium,,,
2022-09-28,2:15am,EUR,ECB President Lagarde Speaks,Low,,,
2022-09-28,3:00am,CHF,UBS Economic Expectations,Medium,,-56.3,
2022-09-28,3:15am,GBP,MPC Member Cunliffe Speaks,Medium,,,
2022-09-28,7:30am,USD,Goods Trade Balance,Medium,-88.9B,-90.2B,
2022-09-28,7:30am,USD,Prelim Wholesale Inventories m/m,Medium,0.4%,0.6%,
2022-09-28,8:00am,CHF,SNB Quarterly Bulletin,Medium,,,
2022-09-28,9:00am,USD,Pending Home Sales m/m,Low,-0.9%,-0.6%,
2022-09-28,9:10am,USD,FOMC Member Bullard Speaks,Low,,,
2022-09-28,9:15am,USD,Fed Chairman Powell Speaks,Low,,,
2022-09-28,9:30am,USD,Crude Oil Inventories,Medium,2.0M,1.1M,
2022-09-28,10:00am,USD,FOMC Member Bowman Speaks,Medium,,,
2022-09-28,1:00pm,GBP,MPC Member Dhingra Speaks,Medium,,,
2022-09-29,2:00am,EUR,Spanish Flash CPI y/y,Medium,10.1%,10.5%,
2022-09-29,4:15am,EUR,Italian 10-y Bond Auction,Medium,,3.76|1.5,
2022-09-29,6:30am,GBP,MPC Member Ramsden Speaks,Medium,,,
2022-09-29,6:45am,CHF,Gov Board Member Maechler Speaks,Low,,,
2022-09-29,7:30am,USD,Final GDP q/q,Low,-0.6%,-0.6%,
2022-09-29,7:30am,USD,Unemployment Claims,Low,215K,209K,
2022-09-29,7:30am,USD,Final GDP Price Index q/q,Medium,8.9%,8.9%,
2022-09-29,8:30am,USD,FOMC Member Bullard Speaks,Low,,,
2022-09-29,9:30am,USD,Natural Gas Storage,Medium,93B,103B,
2022-09-29,12:00pm,USD,FOMC Member Mester Speaks,Low,,,
2022-09-29,6:30pm,JPY,Unemployment Rate,Medium,2.5%,2.6%,
2022-09-29,6:50pm,JPY,Prelim Industrial Production m/m,Medium,-0.2%,0.8%,
2022-09-29,6:50pm,JPY,Retail Sales y/y,Medium,2.8%,2.4%,
2022-09-30,FriSep 30,JPY,Housing Starts y/y,Medium,-4.0%,-5.4%,
2022-09-30,1:00am,GBP,Current Account,Medium,-43.2B,-43.9B,
2022-09-30,1:00am,GBP,Final GDP q/q,Medium,-0.1%,-0.1%,
2022-09-30,1:00am,GBP,Nationwide HPI m/m,Medium,0.2%,0.7%,
2022-09-30,1:00am,GBP,Revised Business Investment q/q,Medium,3.7%,3.8%,
2022-09-30,1:30am,CHF,Retail Sales y/y,Medium,2.8%,3.0%,
2022-09-30,1:45am,EUR,French Consumer Spending m/m,Medium,-0.1%,-0.9%,
2022-09-30,1:45am,EUR,French Prelim CPI m/m,Medium,-0.2%,0.5%,
2022-09-30,2:00am,CHF,KOF Economic Barometer,Medium,85.0,93.5,
2022-09-30,2:55am,EUR,German Unemployment Change,Medium,20K,26K,
2022-09-30,3:00am,EUR,Italian Monthly Unemployment Rate,Medium,7.9%,7.9%,
2022-09-30,3:30am,GBP,M4 Money Supply m/m,Medium,0.5%,0.5%,
2022-09-30,3:30am,GBP,Mortgage Approvals,Medium,63K,64K,
2022-09-30,3:30am,GBP,Net Lending to Individuals m/m,Medium,6.4B,6.6B,
2022-09-30,4:00am,EUR,Core CPI Flash Estimate y/y,Low,4.7%,4.3%,
2022-09-30,4:00am,EUR,CPI Flash Estimate y/y,Low,9.7%,9.1%,
2022-09-30,4:00am,EUR,Italian Prelim CPI m/m,Medium,-0.4%,0.8%,
2022-09-30,4:00am,EUR,Unemployment Rate,Medium,6.6%,6.6%,
2022-09-30,7:30am,USD,Core PCE Price Index m/m,High,0.5%,0.0%,
2022-09-30,7:30am,USD,Personal Income m/m,Medium,0.3%,0.3%,
2022-09-30,7:30am,USD,Personal Spending m/m,Medium,0.2%,-0.2%,
2022-09-30,8:00am,USD,FOMC Member Brainard Speaks,Low,,,
2022-09-30,8:45am,USD,Chicago PMI,Medium,51.6,52.2,
2022-09-30,9:00am,USD,Revised UoM Consumer Sentiment,Low,59.5,59.5,
2022-09-30,9:00am,USD,Revised UoM Inflation Expectations,Medium,,4.6%,
2022-09-30,10:00am,USD,FOMC Member Bowman Speaks,Medium,,,
2022-09-30,3:15pm,USD,FOMC Member Williams Speaks,Medium,,,
2022-10-02,6:50pm,JPY,BOJ Summary of Opinions,Medium,,,
2022-10-02,6:50pm,JPY,Tankan Manufacturing Index,Medium,11,9,
2022-10-02,6:50pm,JPY,Tankan Non-Manufacturing Index,Medium,13,13,
2022-10-02,7:30pm,JPY,Final Manufacturing PMI,Medium,51.0,51.0,
2022-10-03,All Day,EUR,German Bank Holiday,Low,,,
2022-10-03,2:15am,EUR,Spanish Manufacturing PMI,Medium,49.5,49.9,
2022-10-03,2:30am,CHF,Manufacturing PMI,Medium,54.9,56.4,
2022-10-03,2:45am,EUR,Italian Manufacturing PMI,Medium,47.6,48.0,
2022-10-03,2:50am,EUR,French Final Manufacturing PMI,Medium,47.8,47.8,
2022-10-03,2:55am,EUR,German Final Manufacturing PMI,Medium,48.3,48.3,
2022-10-03,3:00am,EUR,Final Manufacturing PMI,Medium,48.5,48.5,
2022-10-03,3:30am,GBP,Final Manufacturing PMI,Medium,48.5,48.5,
2022-10-03,All Day,EUR,Eurogroup Meetings,Medium,,,
2022-10-03,8:45am,USD,Final Manufacturing PMI,Medium,51.8,51.8,
2022-10-03,9:00am,USD,ISM Manufacturing PMI,High,52.5,52.8,
2022-10-03,9:00am,USD,Construction Spending m/m,Medium,-0.1%,-0.6%,
2022-10-03,9:00am,USD,ISM Manufacturing Prices,Medium,52.0,52.5,
2022-10-03,All Day,USD,Wards Total Vehicle Sales,Medium,13.6M,13.2M,
2022-10-03,12:19pm,EUR,French Gov Budget Balance,Medium,,-131.2B,
2022-10-03,1:00pm,GBP,MPC Member Mann Speaks,Low,,,
2022-10-03,2:00pm,USD,Fed Chairman Powell Speaks,High,,,
2022-10-03,2:00pm,USD,Treasury Sec Yellen Speaks,Low,,,
2022-10-03,2:10pm,USD,FOMC Member Williams Speaks,Medium,,,
2022-10-03,6:30pm,JPY,Tokyo Core CPI y/y,Medium,2.8%,2.6%,
2022-10-03,6:50pm,JPY,Monetary Base y/y,Medium,0.6%,0.4%,
2022-10-03,10:35pm,JPY,10-y Bond Auction,Medium,,0.24|4.0,
2022-10-04,2:00am,EUR,Spanish Unemployment Change,Medium,30.8K,40.4K,
2022-10-04,4:00am,EUR,PPI m/m,Medium,5.0%,4.0%,
2022-10-04,All Day,EUR,ECOFIN Meetings,Medium,,,
2022-10-04,8:00am,USD,FOMC Member Williams Speaks,Medium,,,
2022-10-04,8:15am,USD,FOMC Member Mester Speaks,Low,,,
2022-10-04,9:00am,USD,JOLTS Job Openings,High,11.07M,11.17M,
2022-10-04,9:00am,USD,Factory Orders m/m,Medium,0.0%,-1.0%,
2022-10-04,10:00am,EUR,ECB President Lagarde Speaks,Low,,,
2022-10-04,10:45am,USD,FOMC Member Jefferson Speaks,Medium,,,
2022-10-04,3:30pm,USD,API Weekly Statistical Bulletin,Medium,,,
2022-10-05,1:45am,EUR,French Industrial Production m/m,Medium,0.0%,-1.6%,
2022-10-05,2:15am,EUR,Spanish Services PMI,Medium,49.7,50.6,
2022-10-05,2:45am,EUR,Italian Services PMI,Medium,48.9,50.5,
2022-10-05,2:50am,EUR,French Final Services PMI,Medium,53.0,53.0,
2022-10-05,2:55am,EUR,German Final Services PMI,Medium,45.4,45.4,
2022-10-05,3:00am,EUR,Final Services PMI,Medium,48.9,48.9,
2022-10-05,3:30am,GBP,Final Services PMI,Medium,49.2,49.2,
2022-10-05,4:03am,GBP,10-y Bond Auction,Medium,,3.09|2.4,
2022-10-05,7:15am,USD,ADP Non-Farm Employment Change,High,200K,185K,
2022-10-05,7:30am,USD,Trade Balance,Medium,-67.8B,-70.5B,
2022-10-05,8:45am,USD,Final Services PMI,Medium,49.2,49.2,
2022-10-05,9:00am,USD,ISM Services PMI,High,56.0,56.9,
2022-10-05,9:30am,USD,Crude Oil Inventories,Medium,1.7M,-0.2M,
2022-10-05,9:00pm,JPY,BOJ Gov Kuroda Speaks,Low,,,
2022-10-06,3:30am,GBP,Construction PMI,Medium,48.1,49.2,
2022-10-06,3:30am,GBP,Housing Equity Withdrawal q/q,Medium,-8.0B,-4.3B,
2022-10-06,3:45am,EUR,Spanish 10-y Bond Auction,Medium,,2.81|1.8,
2022-10-06,4:00am,EUR,Retail Sales m/m,Medium,-0.3%,-0.4%,
2022-10-06,4:03am,EUR,French 10-y Bond Auction,Medium,,2.21|2.0,
2022-10-06,6:30am,EUR,ECB Monetary Policy Meeting Accounts,Low,,,
2022-10-06,6:30am,USD,Challenger Job Cuts y/y,Medium,,30.3%,
2022-10-06,7:30am,USD,Unemployment Claims,Low,205K,190K,
2022-10-06,9:30am,USD,Natural Gas Storage,Medium,125B,103B,
2022-10-06,10:15am,GBP,MPC Member Haskel Speaks,Medium,,,
2022-10-06,12:00pm,USD,FOMC Member Cook Speaks,Medium,,,
2022-10-06,4:00pm,USD,FOMC Member Waller Speaks,Low,,,
2022-10-06,5:30pm,USD,FOMC Member Mester Speaks,Low,,,
2022-10-06,6:30pm,JPY,Average Cash Earnings y/y,Medium,1.4%,1.3%,
2022-10-06,6:30pm,JPY,Household Spending y/y,Medium,6.8%,3.4%,
2022-10-07,12:45am,CHF,Unemployment Rate,Medium,2.1%,2.1%,
2022-10-07,1:00am,EUR,German Import Prices m/m,Medium,2.2%,1.4%,
2022-10-07,1:00am,EUR,German Industrial Production m/m,Medium,-0.5%,0.0%,
2022-10-07,1:00am,EUR,German Retail Sales m/m,Medium,-1.0%,0.7%,
2022-10-07,1:00am,GBP,Halifax HPI m/m,Medium,0.2%,0.3%,
2022-10-07,1:45am,EUR,French Trade Balance,Medium,-14.4B,-14.8B,
2022-10-07,2:00am,CHF,Foreign Currency Reserves,Medium,,859B,
2022-10-07,3:00am,EUR,Italian Retail Sales m/m,Medium,0.0%,1.3%,
2022-10-07,5:25am,GBP,MPC Member Ramsden Speaks,Medium,,,
2022-10-07,7:30am,USD,Average Hourly Earnings m/m,High,0.3%,0.3%,
2022-10-07,7:30am,USD,Non-Farm Employment Change,High,248K,315K,
2022-10-07,7:30am,USD,Unemployment Rate,High,3.7%,3.7%,
2022-10-07,9:00am,USD,Final Wholesale Inventories m/m,Medium,1.3%,1.3%,
2022-10-07,9:00am,USD,FOMC Member Williams Speaks,Medium,,,
2022-10-07,2:00pm,USD,Consumer Credit m/m,Medium,25.0B,26.1B,
2022-10-09,All Day,JPY,Bank Holiday,Low,,,
2022-10-10,All Day,USD,Bank Holiday,Low,,,
2022-10-10,12:35pm,USD,FOMC Member Brainard Speaks,Low,,,
2022-10-10,6:01pm,GBP,BRC Retail Sales Monitor y/y,Medium,-0.4%,0.5%,
2022-10-10,6:50pm,JPY,Current Account,Medium,-0.56T,-0.63T,
2022-10-10,11:59pm,JPY,Economy Watchers Sentiment,Medium,47.6,45.5,
2022-10-11,TueOct 11,GBP,Claimant Count Change,Low,4.2K,1.1K,
2022-10-11,TueOct 11,GBP,Unemployment Rate,Medium,3.6%,3.6%,
2022-10-11,3:00am,EUR,Italian Industrial Production m/m,Medium,0.0%,0.5%,
2022-10-11,5:00am,USD,NFIB Small Business Index,Medium,91.2,91.8,
2022-10-11,9:00am,USD,RCM/TIPP Economic Optimism,Medium,40.5,44.7,
2022-10-11,10:00am,GBP,MPC Member Cunliffe Speaks,Medium,,,
2022-10-11,11:00am,USD,FOMC Member Mester Speaks,Low,,,
2022-10-11,11:45am,CHF,SNB Chairman Jordan Speaks,Low,,,
2022-10-11,1:00pm,GBP,MPC Member Cunliffe Speaks,Medium,,,
2022-10-11,1:35pm,GBP,BOE Gov Bailey Speaks,High,,,
2022-10-11,6:50pm,JPY,Core Machinery Orders m/m,Medium,-2.7%,5.3%,
2022-10-11,10:35pm,JPY,30-y Bond Auction,Medium,,1.24|3.3,
2022-10-12,1:00am,GBP,GDP m/m,High,0.0%,0.1%,
2022-10-12,1:00am,GBP,Bank Stress Test Results,Medium,,,
2022-10-12,1:00am,GBP,Construction Output m/m,Medium,0.5%,0.1%,
2022-10-12,1:00am,GBP,Goods Trade Balance,Medium,-20.3B,-17.6B,
2022-10-12,1:00am,GBP,Index of Services 3m/3m,Medium,-0.2%,0.2%,
2022-10-12,1:00am,GBP,Industrial Production m/m,Medium,-0.1%,-1.1%,
2022-10-12,1:00am,GBP,Manufacturing Production m/m,Medium,-0.1%,-1.1%,
2022-10-12,3:00am,GBP,MPC Member Haskel Speaks,Medium,,,
2022-10-12,4:00am,EUR,Industrial Production m/m,Medium,0.6%,-2.3%,
2022-10-12,4:30am,GBP,FPC Meeting Minutes,Medium,,,
2022-10-12,4:30am,GBP,FPC Statement,Medium,,,
2022-10-12,4:34am,EUR,German 10-y Bond Auction,Medium,,1.87|1.8,
2022-10-12,6:35am,GBP,MPC Member Pill Speaks,Low,,,
2022-10-12,7:05am,GBP,NIESR GDP Estimate,Medium,,-0.3%,
2022-10-12,7:30am,USD,PPI m/m,High,0.2%,-0.2%,
2022-10-12,7:30am,USD,Core PPI m/m,Low,0.3%,0.3%,
2022-10-12,8:30am,EUR,ECB President Lagarde Speaks,Low,,,
2022-10-12,12:00pm,GBP,MPC Member Mann Speaks,Medium,,,
2022-10-12,12:03pm,USD,10-y Bond Auction,Medium,,3.33|2.4,
2022-10-12,12:45pm,USD,FOMC Member Barr Speaks,Medium,,,
2022-10-12,1:00pm,USD,FOMC Meeting Minutes,High,,,
2022-10-12,3:30pm,USD,API Weekly Statistical Bulletin,Medium,,,
2022-10-12,5:30pm,USD,FOMC Member Bowman Speaks,Medium,,,
2022-10-12,6:01pm,GBP,RICS House Price Balance,Medium,44%,51%,
2022-10-12,6:50pm,JPY,Bank Lending y/y,Medium,2.0%,1.9%,
2022-10-12,6:50pm,JPY,PPI y/y,Medium,8.9%,9.4%,
2022-10-13,1:30am,CHF,PPI m/m,Medium,-0.1%,-0.1%,
2022-10-13,3:30am,GBP,BOE Credit Conditions Survey,Medium,,,
2022-10-13,6:00am,GBP,MPC Member Mann Speaks,Medium,,,
2022-10-13,7:30am,USD,Core CPI m/m,High,0.4%,0.6%,
2022-10-13,7:30am,USD,CPI m/m,High,0.2%,0.1%,
2022-10-13,7:30am,USD,CPI y/y,High,8.1%,8.3%,
2022-10-13,7:30am,USD,Unemployment Claims,Low,225K,219K,
2022-10-13,9:30am,USD,Natural Gas Storage,Medium,126B,129B,
2022-10-13,10:00am,USD,Crude Oil Inventories,Medium,0.9M,-1.4M,
2022-10-13,12:01pm,USD,30-y Bond Auction,Medium,,3.51|2.4,
2022-10-13,6:50pm,JPY,M2 Money Stock y/y,Medium,3.4%,3.4%,
2022-10-14,1:45am,EUR,French Final CPI m/m,Medium,-0.5%,-0.5%,
2022-10-14,4:00am,EUR,Trade Balance,Medium,-45.0B,-40.5B,
2022-10-14,7:30am,USD,Core Retail Sales m/m,High,-0.1%,-0.1%,
2022-10-14,7:30am,USD,Retail Sales m/m,High,0.2%,0.4%,
2022-10-14,7:30am,USD,Import Prices m/m,Medium,-1.1%,-1.1%,
2022-10-14,8:30am,GBP,CB Leading Index m/m,Medium,,-0.6%,
2022-10-14,8:30am,GBP,Prime Minister Truss Speaks,Medium,,,
2022-10-14,9:00am,USD,Prelim UoM Consumer Sentiment,High,58.7,58.6,
2022-10-14,9:00am,USD,Prelim UoM Inflation Expectations,Low,,4.7%,
2022-10-14,9:00am,USD,Business Inventories m/m,Medium,0.9%,0.5%,
2022-10-14,9:30am,USD,FOMC Member Cook Speaks,Medium,,,
2022-10-14,11:15am,USD,FOMC Member Waller Speaks,Low,,,
2022-10-15,8:00am,GBP,BOE Gov Bailey Speaks,High,,,
2022-10-15,12:15pm,USD,FOMC Member Bullard Speaks,Low,,,
2022-10-16,6:01pm,GBP,Rightmove HPI m/m,Medium,,0.7%,
2022-10-16,11:30pm,JPY,Tertiary Industry Activity m/m,Medium,0.3%,-0.5%,
2022-10-16,11:32pm,JPY,Revised Industrial Production m/m,Medium,2.7%,2.7%,
2022-10-17,2:00pm,EUR,German Buba President Nagel Speaks,Medium,,,
2022-10-18,4:00am,EUR,ZEW Economic Sentiment,Medium,-61.2,-60.7,
2022-10-18,4:00am,EUR,German ZEW Economic Sentiment,Medium,-66.7,-61.9,
2022-10-18,8:15am,USD,Capacity Utilization Rate,Medium,80.0%,80.1%,
2022-10-18,8:15am,USD,Industrial Production m/m,Medium,0.1%,-0.1%,
2022-10-18,9:00am,USD,NAHB Housing Market Index,Medium,43,46,
2022-10-18,3:00pm,USD,TIC Long-Term Purchases,Medium,28.2B,21.4B,
2022-10-18,3:30pm,USD,API Weekly Statistical Bulletin,Medium,,,
2022-10-19,WedOct 19,GBP,Core CPI y/y,Medium,6.4%,6.3%,
2022-10-19,WedOct 19,GBP,PPI Input m/m,Medium,-0.4%,-0.9%,
2022-10-19,WedOct 19,GBP,PPI Output m/m,Medium,0.4%,0.1%,
2022-10-19,WedOct 19,GBP,RPI y/y,Medium,12.4%,12.3%,
2022-10-19,3:30am,GBP,HPI y/y,Medium,14.2%,16.0%,
2022-10-19,4:00am,EUR,Final Core CPI y/y,Medium,4.8%,4.8%,
2022-10-19,4:00am,EUR,Final CPI y/y,Medium,10.0%,10.0%,
2022-10-19,5:32am,GBP,10-y Bond Auction,Medium,,4.12|2.5,
2022-10-19,7:30am,USD,Building Permits,Medium,1.52M,1.54M,
2022-10-19,7:30am,USD,Housing Starts,Medium,1.46M,1.57M,
2022-10-19,9:00am,GBP,MPC Member Cunliffe Speaks,Medium,,,
2022-10-19,9:30am,USD,Crude Oil Inventories,Medium,2.5M,9.9M,
2022-10-19,10:00am,GBP,MPC Member Mann Speaks,Medium,,,
2022-10-19,1:00pm,USD,Beige Book,Medium,,,
2022-10-19,5:30pm,USD,FOMC Member Bullard Speaks,Low,,,
2022-10-19,6:50pm,JPY,Trade Balance,Medium,-2.06T,-2.34T,
2022-10-20,ThuOct 20,EUR,German PPI m/m,Medium,1.5%,7.9%,
2022-10-20,3:00am,EUR,Current Account,Medium,-20.3B,-20.0B,
2022-10-20,7:30am,USD,Philly Fed Manufacturing Index,High,-5.0,-9.9,
2022-10-20,7:30am,USD,Unemployment Claims,Low,229K,226K,
2022-10-20,9:00am,USD,Existing Home Sales,Low,4.69M,4.78M,
2022-10-20,9:00am,USD,CB Leading Index m/m,Medium,-0.3%,0.0%,
2022-10-20,9:30am,USD,Natural Gas Storage,Medium,103B,125B,
2022-10-20,11:30am,USD,FOMC Member Cook Speaks,Medium,,,
2022-10-20,12:30pm,USD,FOMC Member Jefferson Speaks,Medium,,,
2022-10-20,12:45pm,USD,FOMC Member Cook Speaks,Medium,,,
2022-10-20,1:05pm,USD,FOMC Member Bowman Speaks,Medium,,,
2022-10-20,6:01pm,GBP,GfK Consumer Confidence,Medium,-52,-49,
2022-10-20,6:30pm,JPY,National Core CPI y/y,Medium,3.0%,2.8%,
2022-10-21,FriOct 21,GBP,Public Sector Net Borrowing,Medium,15.5B,8.6B,
2022-10-21,5:00am,EUR,German Buba Monthly Report,Medium,,,
2022-10-21,8:10am,USD,FOMC Member Williams Speaks,Medium,,,
2022-10-21,9:00am,EUR,Consumer Confidence,Medium,-30,-29,
2022-10-21,9:30am,USD,Federal Budget Balance,Medium,-173.5B,-219.6B,
2022-10-23,7:30pm,JPY,Flash Manufacturing PMI,Medium,51.3,50.8,
2022-10-24,MonOct 24,EUR,French Flash Manufacturing PMI,Low,47.0,47.7,
2022-10-24,2:30am,EUR,German Flash Manufacturing PMI,High,46.9,47.8,
2022-10-24,2:30am,EUR,German Flash Services PMI,High,45.0,45.0,
2022-10-24,3:00am,EUR,Flash Manufacturing PMI,Medium,47.9,48.4,
2022-10-24,3:00am,EUR,Flash Services PMI,Medium,48.1,48.8,
2022-10-24,3:30am,GBP,Flash Manufacturing PMI,High,47.9,48.4,
2022-10-24,3:30am,GBP,Flash Services PMI,High,48.0,50.0,
2022-10-24,8:45am,USD,Flash Services PMI,High,49.6,49.3,
2022-10-24,8:45am,USD,Flash Manufacturing PMI,Low,51.0,52.0,
2022-10-24,9:15am,GBP,MPC Member Ramsden Speaks,Medium,,,
2022-10-24,10:00am,USD,Treasury Sec Yellen Speaks,Low,,,
2022-10-24,11:59pm,JPY,BOJ Core CPI y/y,Medium,1.9%,1.9%,
2022-10-25,3:55am,GBP,MPC Member Pill Speaks,Medium,,,
2022-10-25,5:00am,GBP,CBI Industrial Order Expectations,Medium,-13,-2,
2022-10-25,8:00am,EUR,Belgian NBB Business Climate,Medium,-10.9,-11.8,
2022-10-25,8:00am,USD,HPI m/m,Medium,-0.7%,-0.6%,
2022-10-25,8:00am,USD,S&P/CS Composite-20 HPI y/y,Medium,14.0%,16.0%,
2022-10-25,8:59am,USD,Richmond Manufacturing Index,Low,-5,0,
2022-10-25,9:00am,USD,CB Consumer Confidence,High,105.9,107.8,
2022-10-25,12:55pm,USD,FOMC Member Waller Speaks,Low,,,
2022-10-25,3:30pm,USD,API Weekly Statistical Bulletin,Medium,,,
2022-10-25,6:50pm,JPY,SPPI y/y,Medium,2.1%,2.0%,
2022-10-26,WedOct 26,EUR,M3 Money Supply y/y,Medium,6.0%,6.1%,
2022-10-26,WedOct 26,EUR,Private Loans y/y,Medium,4.8%,4.5%,
2022-10-26,7:30am,USD,Goods Trade Balance,Medium,-87.4B,-87.3B,
2022-10-26,7:30am,USD,Prelim Wholesale Inventories m/m,Medium,1.0%,1.3%,
2022-10-26,9:00am,USD,New Home Sales,Low,579K,677K,
2022-10-26,9:30am,USD,Crude Oil Inventories,Medium,-0.3M,-1.7M,
2022-10-27,2:00am,EUR,Spanish Unemployment Rate,Medium,12.4%,12.5%,
2022-10-27,5:00am,GBP,CBI Realized Sales,Medium,-15,-20,
2022-10-27,7:15am,EUR,Main Refinancing Rate,High,2.00%,1.25%,
2022-10-27,7:15am,EUR,Monetary Policy Statement,High,,,
2022-10-27,7:30am,USD,Advance GDP q/q,High,2.3%,-0.6%,
2022-10-27,7:30am,USD,Advance GDP Price Index q/q,Low,5.3%,9.0%,
2022-10-27,7:30am,USD,Core Durable Goods Orders m/m,Low,0.2%,0.3%,
2022-10-27,7:30am,USD,Durable Goods Orders m/m,Low,0.6%,-0.2%,
2022-10-27,7:30am,USD,Unemployment Claims,Low,219K,214K,
2022-10-27,7:45am,EUR,ECB Press Conference,High,,,
2022-10-27,9:30am,USD,Natural Gas Storage,Medium,60B,111B,
2022-10-27,6:30pm,JPY,Tokyo Core CPI y/y,Medium,3.2%,2.8%,
2022-10-27,6:30pm,JPY,Unemployment Rate,Medium,2.5%,2.5%,
2022-10-27,9:50pm,JPY,BOJ Outlook Report,High,,,
2022-10-27,9:50pm,JPY,Monetary Policy Statement,High,,,
2022-10-27,9:50pm,JPY,BOJ Policy Rate,Medium,-0.10%,-0.10%,
2022-10-28,FriOct 28,EUR,French Flash GDP q/q,Medium,0.2%,0.5%,
2022-10-28,All Day,EUR,German Prelim CPI m/m,Medium,0.6%,1.9%,
2022-10-28,1:30am,JPY,BOJ Press Conference,High,,,
2022-10-28,1:45am,EUR,French Prelim CPI m/m,Medium,0.6%,-0.6%,
2022-10-28,2:00am,CHF,KOF Economic Barometer,Medium,93.1,92.3,
2022-10-28,2:00am,EUR,Spanish Flash CPI y/y,Medium,8.0%,8.9%,
2022-10-28,2:00am,EUR,Spanish Flash GDP q/q,Medium,0.3%,1.5%,
2022-10-28,3:00am,EUR,German Prelim GDP q/q,Medium,-0.2%,0.1%,
2022-10-28,4:00am,EUR,Italian Prelim CPI m/m,Medium,1.1%,0.3%,
2022-10-28,4:12am,EUR,Italian 10-y Bond Auction,Medium,,4.70|1.4,
2022-10-28,7:30am,USD,Core PCE Price Index m/m,High,0.5%,0.5%,
2022-10-28,7:30am,USD,Employment Cost Index q/q,Medium,1.2%,1.3%,
2022-10-28,7:30am,USD,Personal Income m/m,Medium,0.4%,0.4%,
2022-10-28,7:30am,USD,Personal Spending m/m,Medium,0.4%,0.6%,
2022-10-28,9:00am,USD,Pending Home Sales m/m,Low,-4.4%,-1.9%,
2022-10-28,9:00am,USD,Revised UoM Consumer Sentiment,Low,59.7,59.8,
2022-10-28,9:00am,USD,Revised UoM Inflation Expectations,Medium,,5.1%,
2022-10-29,SatOct 29,EUR,Daylight Saving Time Shift,Low,,,
2022-10-29,SatOct 29,GBP,Daylight Saving Time Shift,Low,,,
2022-10-30,SunOct 30,JPY,Retail Sales y/y,Medium,4.0%,4.1%,
2022-10-30,11:59pm,JPY,Consumer Confidence,Medium,31.0,30.8,
2022-10-31,2:00am,EUR,German Retail Sales m/m,Medium,-0.5%,-1.4%,
2022-10-31,2:30am,CHF,Retail Sales y/y,Medium,3.5%,2.1%,
2022-10-31,4:00am,EUR,Italian Prelim GDP q/q,Medium,-0.1%,1.1%,
2022-10-31,4:30am,GBP,M4 Money Supply m/m,Medium,0.2%,-0.1%,
2022-10-31,4:30am,GBP,Mortgage Approvals,Medium,66K,74K,
2022-10-31,4:30am,GBP,Net Lending to Individuals m/m,Medium,6.3B,7.3B,
2022-10-31,5:00am,EUR,Core CPI Flash Estimate y/y,Low,4.8%,4.8%,
2022-10-31,5:00am,EUR,CPI Flash Estimate y/y,Low,9.9%,9.9%,
2022-10-31,5:00am,EUR,Prelim Flash GDP q/q,Medium,0.1%,0.8%,
2022-10-31,8:45am,USD,Chicago PMI,Medium,47.8,45.7,
2022-10-31,3:30pm,USD,President Biden Speaks,Medium,,,
2022-10-31,7:30pm,JPY,Final Manufacturing PMI,Medium,50.7,50.7,
2022-10-31,10:35pm,JPY,10-y Bond Auction,Medium,,0.25|5.6,
2022-11-01,2:00am,EUR,German Import Prices m/m,Medium,0.7%,4.3%,
2022-11-01,2:00am,GBP,Nationwide HPI m/m,Medium,-0.4%,0.0%,
2022-11-01,All Day,EUR,French Bank Holiday,Low,,,
2022-11-01,All Day,EUR,Italian Bank Holiday,Low,,,
2022-11-01,3:00am,CHF,SECO Consumer Climate,Medium,-43,-42,
2022-11-01,3:30am,CHF,Manufacturing PMI,Medium,55.5,57.1,
2022-11-01,4:30am,GBP,Final Manufacturing PMI,Medium,45.8,45.8,
2022-11-01,8:45am,USD,Final Manufacturing PMI,Medium,49.9,49.9,
2022-11-01,9:00am,USD,ISM Manufacturing PMI,High,50.0,50.9,
2022-11-01,9:00am,USD,JOLTS Job Openings,High,9.75M,10.28M,
2022-11-01,9:00am,USD,Construction Spending m/m,Medium,-0.5%,-0.6%,
2022-11-01,9:00am,USD,ISM Manufacturing Prices,Medium,53.0,51.7,
2022-11-01,All Day,USD,Wards Total Vehicle Sales,Medium,14.5M,13.5M,
2022-11-01,3:30pm,USD,API Weekly Statistical Bulletin,Medium,,,
2022-11-01,6:50pm,JPY,Monetary Base y/y,Medium,-2.0%,-3.3%,
2022-11-01,6:50pm,JPY,Monetary Policy Meeting Minutes,Medium,,,
2022-11-01,7:01pm,GBP,BRC Shop Price Index y/y,Medium,,5.7%,
2022-11-02,2:45am,EUR,French Gov Budget Balance,Medium,,-149.9B,
2022-11-02,3:15am,EUR,Spanish Manufacturing PMI,Medium,47.6,49.0,
2022-11-02,3:45am,EUR,Italian Manufacturing PMI,Medium,46.9,48.3,
2022-11-02,3:50am,EUR,French Final Manufacturing PMI,Medium,47.4,47.4,
2022-11-02,3:55am,EUR,German Final Manufacturing PMI,Medium,45.7,45.7,
2022-11-02,3:55am,EUR,German Unemployment Change,Medium,12K,13K,
2022-11-02,4:00am,EUR,Final Manufacturing PMI,Medium,46.6,46.6,
2022-11-02,7:15am,USD,ADP Non-Farm Employment Change,High,178K,192K,
2022-11-02,9:30am,USD,Crude Oil Inventories,Medium,-0.2M,2.6M,
2022-11-02,1:00pm,EUR,German Buba President Nagel Speaks,Medium,,,
2022-11-02,1:00pm,USD,Federal Funds Rate,High,4.00%,3.25%,
2022-11-02,1:00pm,USD,FOMC Statement,High,,,
2022-11-02,1:30pm,USD,FOMC Press Conference,High,,,
2022-11-02,All Day,JPY,Bank Holiday,Low,,,
2022-11-03,3:00am,EUR,German Buba President Nagel Speaks,Medium,,,
2022-11-03,3:00am,EUR,Spanish Unemployment Change,Medium,23.8K,17.7K,
2022-11-03,3:05am,EUR,ECB President Lagarde Speaks,Low,,,
2022-11-03,4:00am,EUR,Italian Monthly Unemployment Rate,Medium,7.8%,7.9%,
2022-11-03,4:30am,GBP,Final Services PMI,Medium,47.5,47.5,
2022-11-03,4:47am,EUR,Spanish 10-y Bond Auction,Medium,,3.23|1.4,
2022-11-03,4:58am,EUR,French 10-y Bond Auction,Medium,,2.59|2.4,
2022-11-03,5:00am,EUR,Unemployment Rate,Medium,6.6%,6.7%,
2022-11-03,6:30am,USD,Challenger Job Cuts y/y,Medium,,67.6%,
2022-11-03,7:00am,GBP,BOE Monetary Policy Report,High,,,
2022-11-03,7:00am,GBP,Monetary Policy Summary,High,,,
2022-11-03,7:00am,GBP,MPC Official Bank Rate Votes,High,9-0-0,9-0-0,
2022-11-03,7:00am,GBP,Official Bank Rate,High,3.00%,2.25%,
2022-11-03,7:30am,GBP,BOE Gov Bailey Speaks,High,,,
2022-11-03,7:30am,USD,Unemployment Claims,Low,220K,218K,
2022-11-03,7:30am,USD,Prelim Nonfarm Productivity q/q,Medium,-0.1%,-4.1%,
2022-11-03,7:30am,USD,Prelim Unit Labor Costs q/q,Medium,3.9%,10.2%,
2022-11-03,7:30am,USD,Trade Balance,Medium,-72.4B,-65.7B,
2022-11-03,8:45am,USD,Final Services PMI,Medium,46.6,46.6,
2022-11-03,9:00am,USD,ISM Services PMI,High,55.5,56.7,
2022-11-03,9:00am,USD,Factory Orders m/m,Medium,0.4%,0.2%,
2022-11-03,9:30am,USD,Natural Gas Storage,Medium,99B,52B,
2022-11-03,3:30pm,GBP,MPC Member Mann Speaks,Medium,,,
2022-11-04,2:45am,EUR,French Industrial Production m/m,Medium,-0.9%,2.7%,
2022-11-04,3:15am,EUR,Spanish Services PMI,Medium,48.2,48.5,
2022-11-04,3:30am,EUR,German Buba President Nagel Speaks,Medium,,,
2022-11-04,3:45am,EUR,Italian Services PMI,Medium,48.5,48.8,
2022-11-04,3:50am,EUR,French Final Services PMI,Medium,51.3,51.3,
2022-11-04,3:55am,EUR,German Final Services PMI,Medium,44.9,44.9,
2022-11-04,4:00am,EUR,Final Services PMI,Medium,48.2,48.2,
2022-11-04,4:30am,EUR,ECB President Lagarde Speaks,Low,,,
2022-11-04,4:30am,GBP,Construction PMI,Medium,50.2,52.3,
2022-11-04,5:00am,EUR,PPI m/m,Medium,1.7%,5.0%,
2022-11-04,7:15am,GBP,MPC Member Pill Speaks,Medium,,,
2022-11-04,7:30am,USD,Average Hourly Earnings m/m,High,0.3%,0.3%,
2022-11-04,7:30am,USD,Non-Farm Employment Change,High,197K,315K,
2022-11-04,7:30am,USD,Unemployment Rate,High,3.6%,3.5%,
2022-11-04,9:00am,USD,FOMC Member Collins Speaks,Low,,,
2022-11-04,3:00pm,USD,FOMC Financial Stability Report,Medium,,,
2022-11-06,SunNov 6,USD,Daylight Saving Time Shift,Low,,,
2022-11-07,1:00am,EUR,German Industrial Production m/m,Medium,0.2%,-1.2%,
2022-11-07,1:00am,GBP,Halifax HPI m/m,Medium,-0.4%,-0.1%,
2022-11-07,2:00am,CHF,Foreign Currency Reserves,Medium,,806B,
2022-11-07,2:40am,EUR,ECB President Lagarde Speaks,Low,,,
2022-11-07,3:30am,EUR,Sentix Investor Confidence,Medium,-35.2,-38.3,
2022-11-07,All Day,EUR,Eurogroup Meetings,Medium,,,
2022-11-07,1:00pm,USD,Loan Officer Survey,Medium,,,
2022-11-07,2:00pm,USD,Consumer Credit m/m,Medium,31.5B,30.2B,
2022-11-07,2:40pm,USD,FOMC Member Collins Speaks,Medium,,,
2022-11-07,2:40pm,USD,FOMC Member Mester Speaks,Medium,,,
2022-11-07,5:30pm,JPY,Average Cash Earnings y/y,Medium,1.7%,1.7%,
2022-11-07,5:30pm,JPY,Household Spending y/y,Medium,2.6%,5.1%,
2022-11-07,5:50pm,JPY,BOJ Summary of Opinions,Medium,,,
2022-11-07,6:01pm,GBP,BRC Retail Sales Monitor y/y,Medium,1.5%,1.8%,
2022-11-07,11:00pm,JPY,Leading Indicators,Medium,97.9%,101.3%,
2022-11-08,TueNov 8,EUR,French Trade Balance,Medium,-14.7B,-15.3B,
2022-11-08,2:00am,EUR,German Buba President Nagel Speaks,Medium,,,
2022-11-08,2:15am,CHF,SNB Chairman Jordan Speaks,Low,,,
2022-11-08,2:30am,CHF,Gov Board Member Maechler Speaks,Low,,,
2022-11-08,3:00am,EUR,Italian Retail Sales m/m,Medium,0.2%,-0.3%,
2022-11-08,3:00am,GBP,MPC Member Pill Speaks,Medium,,,
2022-11-08,4:00am,EUR,Retail Sales m/m,Medium,0.4%,0.0%,
2022-11-08,4:56am,USD,NFIB Small Business Index,Medium,91.3,92.1,
2022-11-08,9:00am,USD,RCM/TIPP Economic Optimism,Medium,41.5,41.6,
2022-11-08,All Day,USD,Congressional Elections,High,,,
2022-11-08,10:00am,GBP,MPC Member Pill Speaks,Medium,,,
2022-11-08,3:30pm,USD,API Weekly Statistical Bulletin,Medium,,,
2022-11-08,5:50pm,JPY,Bank Lending y/y,Medium,2.5%,2.3%,
2022-11-08,5:50pm,JPY,Current Account,Medium,0.01T,0.10T,
2022-11-08,9:35pm,JPY,30-y Bond Auction,Medium,,1.48|2.9,
2022-11-08,11:00pm,JPY,Economy Watchers Sentiment,Medium,50.0,48.4,
2022-11-09,4:03am,GBP,10-y Bond Auction,Medium,,4.11|2.4,
2022-11-09,4:37am,EUR,German 10-y Bond Auction,Medium,,2.33|1.2,
2022-11-09,7:00am,GBP,MPC Member Haskel Speaks,Medium,,,
2022-11-09,9:00am,USD,Final Wholesale Inventories m/m,Medium,0.8%,0.8%,
2022-11-09,9:30am,USD,Crude Oil Inventories,Medium,0.3M,-3.1M,
2022-11-09,10:30am,GBP,MPC Member Cunliffe Speaks,Medium,,,
2022-11-09,12:01pm,USD,10-y Bond Auction,Medium,,3.93|2.3,
2022-11-09,5:50pm,JPY,M2 Money Stock y/y,Medium,3.2%,3.3%,
2022-11-09,6:01pm,GBP,RICS House Price Balance,Medium,19%,30%,
2022-11-09,11:59pm,JPY,Prelim Machine Tool Orders y/y,Medium,,4.3%,
2022-11-10,3:00am,EUR,ECB Economic Bulletin,Medium,,,
2022-11-10,3:00am,EUR,Italian Industrial Production m/m,Medium,-1.6%,2.3%,
2022-11-10,6:30am,CHF,Gov Board Member Maechler Speaks,Low,,,
2022-11-10,7:00am,GBP,MPC Member Ramsden Speaks,Medium,,,
2022-11-10,7:10am,GBP,MPC Member Tenreyro Speaks,Medium,,,
2022-11-10,7:30am,USD,Core CPI m/m,High,0.5%,0.6%,
2022-11-10,7:30am,USD,CPI m/m,High,0.6%,0.4%,
2022-11-10,7:30am,USD,CPI y/y,High,7.9%,8.2%,
2022-11-10,7:30am,USD,Unemployment Claims,Low,220K,218K,
2022-11-10,8:00am,USD,Treasury Currency Report,High,,,
2022-11-10,9:00am,USD,Mortgage Delinquencies,Medium,,3.64%,
2022-11-10,9:30am,USD,Natural Gas Storage,Medium,92B,107B,
2022-11-10,11:30am,USD,FOMC Member Mester Speaks,Low,,,
2022-11-10,12:01pm,USD,30-y Bond Auction,Medium,,3.93|2.4,
2022-11-10,12:30pm,USD,FOMC Member George Speaks,Low,,,
2022-11-10,1:00pm,USD,Federal Budget Balance,Medium,-93.0B,-429.7B,
2022-11-10,5:50pm,JPY,PPI y/y,Medium,8.8%,10.2%,
2022-11-11,FriNov 11,GBP,GDP m/m,High,-0.4%,-0.1%,
2022-11-11,FriNov 11,GBP,Prelim GDP q/q,Low,-0.5%,0.2%,
2022-11-11,FriNov 11,GBP,Construction Output m/m,Medium,-0.6%,0.6%,
2022-11-11,FriNov 11,GBP,Goods Trade Balance,Medium,-18.6B,-17.2B,
2022-11-11,FriNov 11,GBP,Index of Services 3m/3m,Medium,-0.2%,0.1%,
2022-11-11,FriNov 11,GBP,Industrial Production m/m,Medium,-0.3%,-1.4%,
2022-11-11,FriNov 11,GBP,Manufacturing Production m/m,Medium,-0.4%,-1.1%,
2022-11-11,FriNov 11,GBP,Prelim Business Investment q/q,Medium,0.6%,3.7%,
2022-11-11,All Day,EUR,French Bank Holiday,Low,,,
2022-11-11,4:00am,EUR,EU Economic Forecasts,Low,,,
2022-11-11,All Day,EUR,ECOFIN Meetings,Medium,,,
2022-11-11,6:45am,CHF,SNB Chairman Jordan Speaks,Low,,,
2022-11-11,6:55am,GBP,NIESR GDP Estimate,Medium,,-0.2%,
2022-11-11,All Day,USD,Bank Holiday,Low,,,
2022-11-11,9:00am,USD,Prelim UoM Consumer Sentiment,High,59.5,59.9,
2022-11-11,9:00am,USD,Prelim UoM Inflation Expectations,Low,,5.0%,
2022-11-11,10:00am,GBP,MPC Member Haskel Speaks,Medium,,,
2022-11-11,11:30am,EUR,German Buba President Nagel Speaks,Medium,,,
2022-11-13,SunNov 13,USD,FOMC Member Waller Speaks,Medium,,,
2022-11-13,6:01pm,GBP,Rightmove HPI m/m,Medium,,0.9%,
2022-11-14,4:00am,EUR,Industrial Production m/m,Medium,0.1%,2.0%,
2022-11-14,8:30am,GBP,CB Leading Index m/m,Medium,,-0.6%,
2022-11-14,10:30am,CHF,SNB Chairman Jordan Speaks,Low,,,
2022-11-14,10:30am,USD,FOMC Member Brainard Speaks,Low,,,
2022-11-14,5:50pm,JPY,Prelim GDP Price Index y/y,Medium,-0.6%,-0.3%,
2022-11-14,5:50pm,JPY,Prelim GDP q/q,Medium,0.3%,0.9%,
2022-11-14,10:30pm,JPY,Revised Industrial Production m/m,Medium,-1.6%,-1.6%,
2022-11-15,TueNov 15,GBP,Claimant Count Change,High,17.3K,3.9K,
2022-11-15,TueNov 15,GBP,Average Earnings Index 3m/y,Low,5.9%,6.1%,
2022-11-15,TueNov 15,GBP,Unemployment Rate,Medium,3.5%,3.5%,
2022-11-15,1:45am,EUR,French Final CPI m/m,Medium,1.0%,1.0%,
2022-11-15,4:00am,EUR,German ZEW Economic Sentiment,Low,-50.9,-59.2,
2022-11-15,4:00am,EUR,Flash Employment Change q/q,Medium,0.4%,0.4%,
2022-11-15,4:00am,EUR,Flash GDP q/q,Medium,0.2%,0.2%,
2022-11-15,4:00am,EUR,Trade Balance,Medium,-42.3B,-47.6B,
2022-11-15,4:00am,EUR,ZEW Economic Sentiment,Medium,-52.0,-59.7,
2022-11-15,7:30am,USD,Empire State Manufacturing Index,High,-6.1,-9.1,
2022-11-15,7:30am,USD,PPI m/m,High,0.4%,0.2%,
2022-11-15,7:30am,USD,Core PPI m/m,Low,0.3%,0.2%,
2022-11-15,8:00am,USD,FOMC Member Cook Speaks,Medium,,,
2022-11-15,9:00am,USD,FOMC Member Barr Speaks,Medium,,,
2022-11-15,3:30pm,USD,API Weekly Statistical Bulletin,Medium,,,
2022-11-15,5:50pm,JPY,Core Machinery Orders m/m,Medium,0.6%,-5.8%,
2022-11-15,10:30pm,JPY,Tertiary Industry Activity m/m,Medium,0.6%,0.7%,
2022-11-16,WedNov 16,GBP,Core CPI y/y,Medium,6.4%,6.5%,
2022-11-16,WedNov 16,GBP,PPI Input m/m,Medium,0.3%,0.9%,
2022-11-16,WedNov 16,GBP,PPI Output m/m,Medium,0.5%,0.3%,
2022-11-16,WedNov 16,GBP,RPI y/y,Medium,13.6%,12.6%,
2022-11-16,3:00am,EUR,ECB Financial Stability Review,Low,,,
2022-11-16,3:30am,GBP,HPI y/y,Medium,9.8%,13.1%,
2022-11-16,7:30am,USD,Core Retail Sales m/m,High,0.5%,0.1%,
2022-11-16,7:30am,USD,Retail Sales m/m,High,1.0%,0.0%,
2022-11-16,7:30am,USD,Import Prices m/m,Medium,-0.5%,-1.1%,
2022-11-16,8:15am,GBP,Monetary Policy Report Hearings,High,,,
2022-11-16,8:15am,USD,Capacity Utilization Rate,Medium,80.4%,80.1%,
2022-11-16,8:15am,USD,Industrial Production m/m,Medium,0.1%,0.1%,
2022-11-16,8:50am,USD,FOMC Member Williams Speaks,Medium,,,
2022-11-16,9:00am,EUR,ECB President Lagarde Speaks,Low,,,
2022-11-16,9:00am,USD,Business Inventories m/m,Medium,0.5%,0.9%,
2022-11-16,9:00am,USD,FOMC Member Barr Speaks,Medium,,,
2022-11-16,9:00am,USD,NAHB Housing Market Index,Medium,36,38,
2022-11-16,9:30am,USD,Crude Oil Inventories,Medium,-2.0M,3.9M,
2022-11-16,1:35pm,USD,FOMC Member Waller Speaks,Medium,,,
2022-11-16,3:00pm,USD,TIC Long-Term Purchases,Medium,113.0B,198.3B,
2022-11-16,5:50pm,JPY,Trade Balance,Medium,-1.93T,-2.04T,
2022-11-17,3:00am,EUR,Italian Trade Balance,Medium,-4.05B,-9.51B,
2022-11-17,3:44am,EUR,Spanish 10-y Bond Auction,Medium,,3.31|2.1,
2022-11-17,4:00am,EUR,Final Core CPI y/y,Medium,5.0%,5.0%,
2022-11-17,4:00am,EUR,Final CPI y/y,Medium,10.7%,10.7%,
2022-11-17,5:32am,GBP,Autumn Forecast Statement,High,,,
2022-11-17,6:30am,GBP,MPC Member Pill Speaks,Medium,,,
2022-11-17,7:00am,USD,FOMC Member Bullard Speaks,Low,,,
2022-11-17,7:30am,USD,Philly Fed Manufacturing Index,High,-6.0,-8.7,
2022-11-17,7:30am,USD,Unemployment Claims,Low,228K,226K,
2022-11-17,7:30am,USD,Building Permits,Medium,1.51M,1.56M,
2022-11-17,7:30am,USD,Housing Starts,Medium,1.41M,1.49M,
2022-11-17,8:15am,USD,FOMC Member Bowman Speaks,Medium,,,
2022-11-17,8:30am,GBP,MPC Member Tenreyro Speaks,Medium,,,
2022-11-17,8:40am,USD,FOMC Member Mester Speaks,Low,,,
2022-11-17,9:30am,USD,Natural Gas Storage,Medium,66B,79B,
2022-11-17,9:40am,USD,FOMC Member Jefferson Speaks,Medium,,,
2022-11-17,11:30am,CHF,Gov Board Member Maechler Speaks,Low,,,
2022-11-17,5:30pm,JPY,National Core CPI y/y,Medium,3.5%,3.0%,
2022-11-17,6:01pm,GBP,GfK Consumer Confidence,Medium,-46,-47,
2022-11-18,2:30am,EUR,ECB President Lagarde Speaks,Low,,,
2022-11-18,7:00am,EUR,German Buba President Nagel Speaks,Medium,,,
2022-11-18,7:15am,GBP,MPC Member Mann Speaks,Medium,,,
2022-11-18,9:00am,USD,Existing Home Sales,Low,4.41M,4.71M,
2022-11-18,9:00am,USD,CB Leading Index m/m,Medium,-0.4%,-0.5%,
2022-11-18,11:15am,GBP,MPC Member Haskel Speaks,Medium,,,
2022-11-21,3:05am,GBP,MPC Member Cunliffe Speaks,Medium,,,
2022-11-21,11:30am,EUR,German Buba President Nagel Speaks,Medium,,,
2022-11-21,11:05pm,JPY,BOJ Core CPI y/y,Medium,2.2%,2.0%,
2022-11-22,3:00am,EUR,Current Account,Medium,-20.3B,-26.9B,
2022-11-22,9:00am,EUR,Consumer Confidence,Medium,-26,-28,
2022-11-22,9:00am,USD,Richmond Manufacturing Index,Low,-9,-10,
2022-11-22,10:00am,USD,FOMC Member Mester Speaks,Low,,,
2022-11-22,12:00pm,EUR,German Buba President Nagel Speaks,Medium,,,
2022-11-22,1:15pm,USD,FOMC Member Bullard Speaks,Low,,,
2022-11-22,1:15pm,USD,FOMC Member George Speaks,Low,,,
2022-11-22,3:30pm,USD,API Weekly Statistical Bulletin,Medium,,,
2022-11-22,All Day,JPY,Bank Holiday,Low,,,
2022-11-23,WedNov 23,EUR,French Flash Manufacturing PMI,Low,46.9,47.2,
2022-11-23,2:30am,EUR,German Flash Manufacturing PMI,High,44.9,45.1,
2022-11-23,2:30am,EUR,German Flash Services PMI,High,46.1,46.5,
2022-11-23,3:00am,EUR,Flash Manufacturing PMI,Medium,46.0,46.4,
2022-11-23,3:00am,EUR,Flash Services PMI,Medium,48.0,48.6,
2022-11-23,3:30am,GBP,Flash Manufacturing PMI,High,45.7,46.2,
2022-11-23,3:30am,GBP,Flash Services PMI,High,48.0,48.8,
2022-11-23,4:34am,EUR,German 30-y Bond Auction,Medium,,1.10|1.6,
2022-11-23,5:00am,EUR,German Buba Monthly Report,Medium,,,
2022-11-23,7:30am,USD,Core Durable Goods Orders m/m,Low,0.0%,-0.9%,
2022-11-23,7:30am,USD,Durable Goods Orders m/m,Low,0.4%,0.3%,
2022-11-23,7:30am,USD,Unemployment Claims,Low,225K,223K,
2022-11-23,8:45am,USD,Flash Services PMI,High,48.0,47.8,
2022-11-23,8:45am,USD,Flash Manufacturing PMI,Low,50.0,50.4,
2022-11-23,9:00am,USD,New Home Sales,Low,570K,588K,
2022-11-23,9:00am,USD,Revised UoM Consumer Sentiment,Low,55.0,54.7,
2022-11-23,9:00am,USD,Revised UoM Inflation Expectations,Medium,,5.1%,
2022-11-23,9:30am,GBP,MPC Member Pill Speaks,Medium,,,
2022-11-23,9:30am,USD,Crude Oil Inventories,Medium,-2.6M,-5.4M,
2022-11-23,11:00am,USD,Natural Gas Storage,Medium,-86B,64B,
2022-11-23,1:00pm,USD,FOMC Meeting Minutes,High,,,
2022-11-23,6:30pm,JPY,Flash Manufacturing PMI,Medium,50.9,50.7,
2022-11-24,3:45am,GBP,MPC Member Ramsden Speaks,Medium,,,
2022-11-24,4:30am,GBP,MPC Member Pill Speaks,Medium,,,
2022-11-24,5:00am,GBP,CBI Industrial Order Expectations,Medium,-9,-4,
2022-11-24,6:30am,EUR,ECB Monetary Policy Meeting Accounts,Medium,,,
2022-11-24,All Day,USD,Bank Holiday,Low,,,
2022-11-24,7:45am,GBP,MPC Member Mann Speaks,Medium,,,
2022-11-24,7:57am,EUR,Belgian NBB Business Climate,Medium,-14.2,-15.5,
2022-11-24,5:30pm,JPY,Tokyo Core CPI y/y,Medium,3.5%,3.4%,
2022-11-24,5:50pm,JPY,SPPI y/y,Medium,2.1%,2.1%,
2022-11-25,FriNov 25,EUR,German GfK Consumer Climate,Medium,-39.5,-41.9,
2022-11-28,MonNov 28,EUR,Private Loans y/y,Medium,4.5%,4.4%,
2022-11-28,5:00am,GBP,CBI Realized Sales,Medium,2,18,
2022-11-28,8:00am,EUR,ECB President Lagarde Speaks,Low,,,
2022-11-28,11:00am,USD,FOMC Member Bullard Speaks,Low,,,
2022-11-28,11:00am,USD,FOMC Member Williams Speaks,Medium,,,
2022-11-28,11:10am,EUR,German Buba President Nagel Speaks,Medium,,,
2022-11-28,5:30pm,JPY,Unemployment Rate,Medium,2.5%,2.6%,
2022-11-28,5:50pm,JPY,Retail Sales y/y,Medium,5.0%,4.8%,
2022-11-29,2:00am,CHF,GDP q/q,Medium,0.3%,0.1%,
2022-11-29,2:00am,EUR,Spanish Flash CPI y/y,Medium,7.4%,7.3%,
2022-11-29,3:30am,GBP,M4 Money Supply m/m,Medium,0.8%,2.1%,
2022-11-29,3:30am,GBP,Mortgage Approvals,Medium,60K,66K,
2022-11-29,3:32am,GBP,Net Lending to Individuals m/m,Medium,6.7B,6.5B,
2022-11-29,4:10am,EUR,Italian 10-y Bond Auction,Medium,,4.24|1.3,
2022-11-29,6:35am,GBP,MPC Member Mann Speaks,Medium,,,
2022-11-29,8:00am,USD,HPI m/m,Medium,-1.2%,-0.7%,
2022-11-29,8:00am,USD,S&P/CS Composite-20 HPI y/y,Medium,10.5%,13.1%,
2022-11-29,9:00am,CHF,Gov Board Member Schlegel Speaks,Medium,,,
2022-11-29,9:00am,GBP,BOE Gov Bailey Speaks,High,,,
2022-11-29,9:00am,USD,CB Consumer Confidence,High,100.0,102.2,
2022-11-29,3:30pm,USD,API Weekly Statistical Bulletin,Medium,,,
2022-11-29,5:50pm,JPY,Prelim Industrial Production m/m,Medium,-1.8%,-1.7%,
2022-11-29,6:01pm,GBP,BRC Shop Price Index y/y,Medium,,6.6%,
2022-11-29,11:00pm,JPY,Housing Starts y/y,Medium,-1.1%,1.0%,
2022-11-30,WedNov 30,EUR,French Prelim CPI m/m,Medium,0.3%,1.0%,
2022-11-30,WedNov 30,EUR,French Prelim GDP q/q,Medium,0.2%,0.2%,
2022-11-30,2:00am,CHF,KOF Economic Barometer,Medium,91.9,90.9,
2022-11-30,2:30am,GBP,MPC Member Pill Speaks,Medium,,,
2022-11-30,2:55am,EUR,German Unemployment Change,Medium,14K,9K,
2022-11-30,3:00am,CHF,UBS Economic Expectations,Medium,,-53.1,
2022-11-30,4:00am,EUR,Core CPI Flash Estimate y/y,Low,5.0%,5.0%,
2022-11-30,4:00am,EUR,CPI Flash Estimate y/y,Low,10.4%,10.6%,
2022-11-30,4:00am,EUR,Italian Prelim CPI m/m,Medium,0.3%,3.4%,
2022-11-30,4:35am,EUR,German 10-y Bond Auction,Medium,,2.25|1.7,
2022-11-30,7:15am,USD,ADP Non-Farm Employment Change,High,196K,239K,
2022-11-30,7:30am,USD,Prelim GDP q/q,High,2.8%,2.6%,
2022-11-30,7:30am,USD,Goods Trade Balance,Medium,-90.7B,-91.9B,
2022-11-30,7:30am,USD,Prelim GDP Price Index q/q,Medium,4.1%,4.1%,
2022-11-30,7:30am,USD,Prelim Wholesale Inventories m/m,Medium,0.5%,0.6%,
2022-11-30,8:45am,USD,Chicago PMI,Medium,47.0,45.2,
2022-11-30,9:00am,USD,JOLTS Job Openings,High,10.24M,10.69M,
2022-11-30,9:00am,USD,Pending Home Sales m/m,Low,-5.8%,-8.7%,
2022-11-30,9:30am,USD,Crude Oil Inventories,Medium,-3.2M,-3.7M,
2022-11-30,11:35am,USD,FOMC Member Cook Speaks,Medium,,,
2022-11-30,12:30pm,USD,Fed Chairman Powell Speaks,High,,,
2022-11-30,1:00pm,USD,Beige Book,Medium,,,
2022-11-30,5:50pm,JPY,Capital Spending q/y,Medium,6.4%,4.6%,
2022-11-30,6:30pm,JPY,Final Manufacturing PMI,Medium,49.4,49.4,
2022-11-30,9:35pm,JPY,10-y Bond Auction,Medium,,0.25|5.2,
2022-11-30,11:00pm,JPY,Consumer Confidence,Medium,30.0,29.9,
2022-12-01,ThuDec 1,GBP,Nationwide HPI m/m,Medium,-0.3%,-0.9%,
2022-12-01,1:30am,CHF,CPI m/m,High,0.0%,0.1%,
2022-12-01,1:30am,CHF,Retail Sales y/y,Medium,3.5%,2.6%,
2022-12-01,2:15am,EUR,Spanish Manufacturing PMI,Medium,45.9,44.7,
2022-12-01,2:30am,CHF,Manufacturing PMI,Medium,54.1,54.9,
2022-12-01,2:45am,EUR,Italian Manufacturing PMI,Medium,47.0,46.5,
2022-12-01,2:50am,EUR,French Final Manufacturing PMI,Medium,49.1,49.1,
2022-12-01,2:55am,EUR,German Final Manufacturing PMI,Medium,46.7,46.7,
2022-12-01,3:00am,EUR,Final Manufacturing PMI,Medium,47.3,47.3,
2022-12-01,3:00am,EUR,Italian Monthly Unemployment Rate,Medium,8.0%,7.9%,
2022-12-01,3:30am,GBP,Final Manufacturing PMI,Medium,46.2,46.2,
2022-12-01,4:00am,EUR,Unemployment Rate,Medium,6.6%,6.6%,
2022-12-01,4:02am,EUR,French 10-y Bond Auction,Medium,,2.76|2.1,
2022-12-01,4:03am,GBP,30-y Bond Auction,Medium,,2.36|2.5,
2022-12-01,4:06am,EUR,Spanish 10-y Bond Auction,Medium,,2.90|1.8,
2022-12-01,6:30am,USD,Challenger Job Cuts y/y,Medium,,48.3%,
2022-12-01,7:30am,USD,Core PCE Price Index m/m,High,0.3%,0.5%,
2022-12-01,7:30am,USD,Unemployment Claims,Low,234K,241K,
2022-12-01,7:30am,USD,Personal Income m/m,Medium,0.4%,0.4%,
2022-12-01,7:30am,USD,Personal Spending m/m,Medium,0.8%,0.6%,
2022-12-01,8:30am,USD,FOMC Member Bowman Speaks,Medium,,,
2022-12-01,8:45am,USD,Final Manufacturing PMI,Medium,47.6,47.6,
2022-12-01,9:00am,USD,ISM Manufacturing PMI,High,49.7,50.2,
2022-12-01,9:00am,USD,Construction Spending m/m,Medium,-0.2%,0.1%,
2022-12-01,9:00am,USD,ISM Manufacturing Prices,Medium,45.9,46.6,
2022-12-01,All Day,USD,Wards Total Vehicle Sales,Medium,14.5M,14.9M,
2022-12-01,9:30am,USD,Natural Gas Storage,Medium,-82B,-80B,
2022-12-01,2:00pm,USD,FOMC Member Barr Speaks,Medium,,,
2022-12-01,5:50pm,JPY,Monetary Base y/y,Medium,-4.5%,-6.9%,
2022-12-01,7:30pm,JPY,BOJ Gov Kuroda Speaks,Low,,,
2022-12-01,8:40pm,EUR,ECB President Lagarde Speaks,Low,,,
2022-12-02,FriDec 2,EUR,German Trade Balance,Medium,5.3B,2.8B,
2022-12-02,1:45am,EUR,French Gov Budget Balance,Medium,,-146.6B,
2022-12-02,1:45am,EUR,French Industrial Production m/m,Medium,0.0%,-0.9%,
2022-12-02,2:00am,EUR,Spanish Unemployment Change,Medium,-20.3K,-27.0K,
2022-12-02,4:00am,EUR,PPI m/m,Medium,-2.0%,1.6%,
2022-12-02,7:30am,EUR,German Buba President Nagel Speaks,Medium,,,
2022-12-02,7:30am,USD,Average Hourly Earnings m/m,High,0.3%,0.5%,
2022-12-02,7:30am,USD,Non-Farm Employment Change,High,200K,284K,
2022-12-02,7:30am,USD,Unemployment Rate,High,3.7%,3.7%,
2022-12-04,7:45pm,EUR,ECB President Lagarde Speaks,Low,,,
2022-12-05,2:45am,EUR,Italian Services PMI,Medium,47.6,46.4,
2022-12-05,2:50am,EUR,French Final Services PMI,Medium,49.4,49.4,
2022-12-05,2:55am,EUR,German Final Services PMI,Medium,46.4,46.4,
2022-12-05,3:00am,EUR,Final Services PMI,Medium,48.6,48.6,
2022-12-05,3:30am,EUR,Sentix Investor Confidence,Medium,-27.6,-30.9,
2022-12-05,3:30am,GBP,Final Services PMI,Medium,48.8,48.8,
2022-12-05,4:00am,EUR,Retail Sales m/m,Medium,-1.7%,0.8%,
2022-12-05,All Day,EUR,Eurogroup Meetings,Medium,,,
2022-12-05,8:45am,USD,Final Services PMI,Medium,46.1,46.1,
2022-12-05,9:00am,USD,ISM Services PMI,High,53.5,54.4,
2022-12-05,9:00am,USD,Factory Orders m/m,Medium,0.7%,0.3%,
2022-12-05,5:30pm,JPY,Average Cash Earnings y/y,Medium,2.0%,2.2%,
2022-12-05,5:30pm,JPY,Household Spending y/y,Medium,0.9%,2.3%,
2022-12-05,6:01pm,GBP,BRC Retail Sales Monitor y/y,Medium,4.0%,1.2%,
2022-12-05,9:35pm,JPY,30-y Bond Auction,Medium,,1.56|3.3,
2022-12-06,3:30am,GBP,Construction PMI,Medium,52.0,53.2,
2022-12-06,All Day,EUR,ECOFIN Meetings,Medium,,,
2022-12-06,7:30am,USD,Trade Balance,Medium,-80.1B,-74.1B,
2022-12-06,3:30pm,USD,API Weekly Statistical Bulletin,Medium,,,
2022-12-06,11:00pm,JPY,Leading Indicators,Medium,98.4%,97.5%,
2022-12-07,1:00am,EUR,German Industrial Production m/m,Medium,-0.6%,1.1%,
2022-12-07,1:00am,GBP,Halifax HPI m/m,Medium,-0.2%,-0.4%,
2022-12-07,1:45am,EUR,French Trade Balance,Medium,-15.9B,-17.2B,
2022-12-07,2:00am,CHF,Foreign Currency Reserves,Medium,,817B,
2022-12-07,3:00am,EUR,Italian Retail Sales m/m,Medium,-0.6%,0.5%,
2022-12-07,4:00am,EUR,Final Employment Change q/q,Medium,0.2%,0.2%,
2022-12-07,4:00am,EUR,Revised GDP q/q,Medium,0.2%,0.2%,
2022-12-07,7:30am,USD,Revised Nonfarm Productivity q/q,Medium,0.6%,0.3%,
2022-12-07,7:30am,USD,Revised Unit Labor Costs q/q,Medium,3.1%,3.5%,
2022-12-07,9:30am,USD,Crude Oil Inventories,Medium,-3.5M,-12.6M,
2022-12-07,2:00pm,USD,Consumer Credit m/m,Medium,28.2B,25.8B,
2022-12-07,5:50pm,JPY,Bank Lending y/y,Medium,2.2%,2.6%,
2022-12-07,5:50pm,JPY,Current Account,Medium,0.35T,0.67T,
2022-12-07,5:50pm,JPY,Final GDP Price Index y/y,Medium,-0.5%,-0.5%,
2022-12-07,5:50pm,JPY,Final GDP q/q,Medium,-0.3%,-0.3%,
2022-12-07,6:01pm,GBP,RICS House Price Balance,Medium,-10%,-2%,
2022-12-07,11:00pm,JPY,Economy Watchers Sentiment,Medium,50.7,49.9,
2022-12-08,6:00am,EUR,ECB President Lagarde Speaks,Low,,,
2022-12-08,7:30am,USD,Unemployment Claims,Low,230K,226K,
2022-12-08,8:30am,CHF,Gov Board Member Maechler Speaks,Low,,,
2022-12-08,9:30am,USD,Natural Gas Storage,Medium,-38B,-81B,
2022-12-08,5:50pm,JPY,M2 Money Stock y/y,Medium,3.0%,3.1%,
2022-12-09,7:30am,USD,Core PPI m/m,High,0.2%,0.1%,
2022-12-09,7:30am,USD,PPI m/m,High,0.2%,0.3%,
2022-12-09,9:00am,USD,Prelim UoM Consumer Sentiment,High,56.9,56.8,
2022-12-09,9:00am,USD,Prelim UoM Inflation Expectations,Low,,4.9%,
2022-12-09,9:00am,USD,Final Wholesale Inventories m/m,Medium,0.8%,0.8%,
2022-12-11,5:50pm,JPY,BSI Manufacturing Index,Medium,2.3,1.7,
2022-12-11,5:50pm,JPY,PPI y/y,Medium,8.8%,9.4%,
2022-12-11,6:01pm,GBP,Rightmove HPI m/m,Medium,,-1.1%,
2022-12-11,11:58pm,JPY,Prelim Machine Tool Orders y/y,Medium,,-5.5%,
2022-12-12,MonDec 12,GBP,Construction Output m/m,Medium,0.1%,0.4%,
2022-12-12,MonDec 12,GBP,Goods Trade Balance,Medium,-15.4B,-15.7B,
2022-12-12,MonDec 12,GBP,Index of Services 3m/3m,Medium,-0.1%,0.0%,
2022-12-12,MonDec 12,GBP,Industrial Production m/m,Medium,-0.1%,0.2%,
2022-12-12,MonDec 12,GBP,Manufacturing Production m/m,Medium,-0.1%,0.0%,
2022-12-12,6:13am,GBP,NIESR GDP Estimate,Medium,,-0.3%,
2022-12-12,12:01pm,USD,10-y Bond Auction,Medium,,4.14|2.2,
2022-12-12,1:00pm,USD,Federal Budget Balance,Medium,-248.5B,-87.8B,
2022-12-13,1:00am,EUR,German Final CPI m/m,Medium,-0.5%,-0.5%,
2022-12-13,1:00am,GBP,Claimant Count Change,High,3.5K,-6.4K,
2022-12-13,1:00am,GBP,Average Earnings Index 3m/y,Low,6.1%,6.0%,
2022-12-13,1:00am,GBP,Unemployment Rate,Medium,3.7%,3.6%,
2022-12-13,2:00am,CHF,SECO Economic Forecasts,Medium,,,
2022-12-13,3:00am,EUR,Italian Industrial Production m/m,Medium,-0.2%,-1.7%,
2022-12-13,4:00am,EUR,German ZEW Economic Sentiment,Low,-26.5,-36.7,
2022-12-13,4:00am,EUR,ZEW Economic Sentiment,Medium,-25.4,-38.7,
2022-12-13,4:02am,GBP,10-y Bond Auction,Medium,,3.71|2.2,
2022-12-13,4:30am,GBP,BOE Financial Stability Report,Medium,,,
2022-12-13,4:30am,GBP,FPC Meeting Minutes,Medium,,,
2022-12-13,4:30am,GBP,FPC Statement,Medium,,,
2022-12-13,5:00am,GBP,BOE Gov Bailey Speaks,High,,,
2022-12-13,5:00am,USD,NFIB Small Business Index,Medium,90.4,91.3,
2022-12-13,7:30am,USD,Core CPI m/m,High,0.3%,0.3%,
2022-12-13,7:30am,USD,CPI m/m,High,0.3%,0.4%,
2022-12-13,7:30am,USD,CPI y/y,High,7.3%,7.7%,
2022-12-13,9:00am,USD,RCM/TIPP Economic Optimism,Medium,41.3,40.4,
2022-12-13,12:01pm,USD,30-y Bond Auction,Medium,,4.08|2.4,
2022-12-13,3:30pm,USD,API Weekly Statistical Bulletin,Medium,,,
2022-12-13,5:50pm,JPY,Core Machinery Orders m/m,Medium,1.7%,-4.6%,
2022-12-13,5:50pm,JPY,Tankan Manufacturing Index,Medium,6,8,
2022-12-13,5:50pm,JPY,Tankan Non-Manufacturing Index,Medium,17,14,
2022-12-13,10:30pm,JPY,Revised Industrial Production m/m,Medium,-2.6%,-2.6%,
2022-12-14,WedDec 14,GBP,Core CPI y/y,Medium,6.5%,6.5%,
2022-12-14,WedDec 14,GBP,RPI y/y,Medium,13.9%,14.2%,
2022-12-14,1:30am,CHF,PPI m/m,Medium,0.1%,0.0%,
2022-12-14,3:00am,EUR,Italian Quarterly Unemployment Rate,Medium,8.0%,8.1%,
2022-12-14,3:30am,GBP,HPI y/y,Medium,11.2%,9.9%,
2022-12-14,4:00am,EUR,Industrial Production m/m,Medium,-1.4%,0.8%,
2022-12-14,7:30am,USD,Import Prices m/m,Medium,-0.5%,-0.4%,
2022-12-14,8:30am,GBP,CB Leading Index m/m,Medium,,-1.0%,
2022-12-14,9:30am,USD,Crude Oil Inventories,Medium,-3.4M,-5.2M,
2022-12-14,1:00pm,USD,Federal Funds Rate,High,4.50%,4.00%,
2022-12-14,1:00pm,USD,FOMC Economic Projections,High,,,
2022-12-14,1:00pm,USD,FOMC Statement,High,,,
2022-12-14,1:30pm,USD,FOMC Press Conference,High,,,
2022-12-14,5:50pm,JPY,Trade Balance,Medium,-1.24T,-2.21T,
2022-12-14,10:30pm,JPY,Tertiary Industry Activity m/m,Medium,0.7%,-0.2%,
2022-12-15,1:45am,EUR,French Final CPI m/m,Medium,0.4%,0.4%,
2022-12-15,2:30am,CHF,SNB Monetary Policy Assessment,High,,,
2022-12-15,2:30am,CHF,SNB Policy Rate,High,1.00%,0.50%,
2022-12-15,3:00am,CHF,SNB Press Conference,High,,,
2022-12-15,6:00am,GBP,Monetary Policy Summary,High,,,
2022-12-15,6:00am,GBP,MPC Official Bank Rate Votes,High,9-0-0,9-0-0,
2022-12-15,6:00am,GBP,Official Bank Rate,High,3.50%,3.00%,
2022-12-15,6:00am,GBP,BOE Inflation Letter,Low,,,
2022-12-15,7:15am,EUR,Main Refinancing Rate,High,2.50%,2.00%,
2022-12-15,7:15am,EUR,Monetary Policy Statement,High,,,
2022-12-15,7:30am,USD,Core Retail Sales m/m,High,0.2%,1.2%,
2022-12-15,7:30am,USD,Empire State Manufacturing Index,High,-1.1,4.5,
2022-12-15,7:30am,USD,Retail Sales m/m,High,-0.2%,1.3%,
2022-12-15,7:30am,USD,Philly Fed Manufacturing Index,Low,-10.0,-19.4,
2022-12-15,7:30am,USD,Unemployment Claims,Low,230K,231K,
2022-12-15,7:45am,EUR,ECB Press Conference,High,,,
2022-12-15,8:15am,USD,Capacity Utilization Rate,Medium,79.8%,79.9%,
2022-12-15,8:15am,USD,Industrial Production m/m,Medium,0.1%,-0.1%,
2022-12-15,9:00am,USD,Business Inventories m/m,Medium,0.4%,0.2%,
2022-12-15,9:30am,USD,Natural Gas Storage,Medium,-39B,-21B,
2022-12-15,3:00pm,USD,TIC Long-Term Purchases,Medium,110.0B,117.7B,
2022-12-15,6:01pm,GBP,GfK Consumer Confidence,Medium,-43,-44,
2022-12-15,6:30pm,JPY,Flash Manufacturing PMI,Medium,49.0,49.0,
2022-12-16,2:15am,EUR,French Flash Services PMI,High,49.1,49.3,
2022-12-16,2:15am,EUR,French Flash Manufacturing PMI,Low,48.1,48.3,
2022-12-16,2:30am,EUR,German Flash Manufacturing PMI,High,46.3,46.2,
2022-12-16,2:30am,EUR,German Flash Services PMI,High,46.4,46.1,
2022-12-16,3:00am,EUR,Flash Manufacturing PMI,Medium,47.1,47.1,
2022-12-16,3:00am,EUR,Flash Services PMI,Medium,48.5,48.5,
2022-12-16,3:00am,EUR,Italian Trade Balance,Medium,-4.50B,-6.51B,
2022-12-16,3:30am,GBP,Flash Manufacturing PMI,High,46.5,46.5,
2022-12-16,3:30am,GBP,Flash Services PMI,High,48.5,48.8,
2022-12-16,4:00am,EUR,Final Core CPI y/y,Medium,5.0%,5.0%,
2022-12-16,4:00am,EUR,Final CPI y/y,Medium,10.0%,10.0%,
2022-12-16,4:00am,EUR,Trade Balance,Medium,-32.5B,-36.4B,
2022-12-16,8:45am,USD,Flash Services PMI,High,46.5,46.2,
2022-12-16,8:45am,USD,Flash Manufacturing PMI,Low,47.7,47.7,
2022-12-19,5:00am,EUR,German Buba Monthly Report,Medium,,,
2022-12-19,5:00am,GBP,CBI Industrial Order Expectations,Medium,-10,-5,
2022-12-19,9:00am,USD,NAHB Housing Market Index,Medium,34,33,
2022-12-19,9:01pm,JPY,Monetary Policy Statement,High,,,
2022-12-19,9:01pm,JPY,BOJ Policy Rate,Medium,-0.10%,-0.10%,
2022-12-20,1:00am,CHF,Trade Balance,Medium,3.27B,4.27B,
2022-12-20,1:00am,EUR,German PPI m/m,Medium,-1.7%,-4.2%,
2022-12-20,3:00am,EUR,Current Account,Medium,-10.3B,-8.1B,
2022-12-20,7:30am,USD,Building Permits,Medium,1.48M,1.51M,
2022-12-20,7:30am,USD,Housing Starts,Medium,1.40M,1.43M,
2022-12-20,9:00am,EUR,Consumer Confidence,Medium,-22,-24,
2022-12-20,3:30pm,USD,API Weekly Statistical Bulletin,Medium,,,
2022-12-21,WedDec 21,GBP,Public Sector Net Borrowing,Medium,14.6B,13.4B,
2022-12-21,5:00am,GBP,CBI Realized Sales,Medium,-24,-19,
2022-12-21,7:30am,USD,Current Account,Medium,-222B,-239B,
2022-12-21,8:00am,CHF,SNB Quarterly Bulletin,Medium,,,
2022-12-21,9:00am,USD,CB Consumer Confidence,High,101.0,101.4,
2022-12-21,9:00am,USD,Existing Home Sales,Medium,4.20M,4.43M,
2022-12-21,9:30am,USD,Crude Oil Inventories,Medium,2.5M,10.2M,
2022-12-22,ThuDec 22,GBP,Final GDP q/q,Medium,-0.2%,-0.2%,
2022-12-22,ThuDec 22,GBP,Revised Business Investment q/q,Medium,-0.5%,-0.5%,
2022-12-22,7:30am,USD,Final GDP q/q,Low,2.9%,2.9%,
2022-12-22,7:30am,USD,Unemployment Claims,Low,221K,214K,
2022-12-22,7:30am,USD,Final GDP Price Index q/q,Medium,4.3%,4.3%,
2022-12-22,9:00am,USD,CB Leading Index m/m,Medium,-0.5%,-0.9%,
2022-12-22,9:30am,USD,Natural Gas Storage,Medium,-91B,-50B,
2022-12-22,5:30pm,JPY,National Core CPI y/y,Medium,3.7%,3.6%,
2022-12-22,5:50pm,JPY,Monetary Policy Meeting Minutes,Medium,,,
2022-12-23,7:30am,USD,Core PCE Price Index m/m,High,0.2%,0.3%,
2022-12-23,7:30am,USD,Core Durable Goods Orders m/m,Medium,0.0%,0.1%,
2022-12-23,7:30am,USD,Durable Goods Orders m/m,Medium,-0.9%,1.1%,
2022-12-23,7:30am,USD,Personal Income m/m,Medium,0.3%,0.7%,
2022-12-23,7:30am,USD,Personal Spending m/m,Medium,0.2%,0.9%,
2022-12-23,7:59am,EUR,Belgian NBB Business Climate,Medium,-15.0,-16.6,
2022-12-23,9:00am,USD,New Home Sales,Medium,600K,605K,
2022-12-23,9:00am,USD,Revised UoM Consumer Sentiment,Medium,59.1,59.1,
2022-12-23,9:00am,USD,Revised UoM Inflation Expectations,Medium,,4.6%,
2022-12-25,5:50pm,JPY,SPPI y/y,Medium,1.7%,1.8%,
2022-12-25,10:22pm,JPY,BOJ Gov Kuroda Speaks,Low,,,
2022-12-26,All Day,EUR,German Bank Holiday,Low,,,
2022-12-26,All Day,EUR,Italian Bank Holiday,Low,,,
2022-12-26,All Day,GBP,Bank Holiday,Low,,,
2022-12-26,All Day,USD,Bank Holiday,Low,,,
2022-12-26,5:30pm,JPY,Unemployment Rate,Medium,2.6%,2.6%,
2022-12-26,5:50pm,JPY,Retail Sales y/y,Medium,3.8%,4.4%,
2022-12-26,11:00pm,JPY,Housing Starts y/y,Medium,1.3%,-1.8%,
2022-12-26,11:02pm,JPY,BOJ Core CPI y/y,Medium,2.8%,2.7%,
2022-12-27,7:30am,USD,Goods Trade Balance,Medium,-96.2B,-98.8B,
2022-12-27,7:30am,USD,Prelim Wholesale Inventories m/m,Medium,0.4%,0.5%,
2022-12-27,8:00am,USD,HPI m/m,Medium,-0.9%,0.1%,
2022-12-27,8:00am,USD,S&P/CS Composite-20 HPI y/y,Medium,8.0%,10.4%,
2022-12-27,5:50pm,JPY,BOJ Summary of Opinions,Medium,,,
2022-12-27,5:50pm,JPY,Prelim Industrial Production m/m,Medium,-0.2%,-3.2%,
2022-12-28,8:59am,USD,Richmond Manufacturing Index,Medium,-10,-9,
2022-12-28,9:00am,USD,Pending Home Sales m/m,Medium,-0.9%,-4.7%,
2022-12-28,3:30pm,USD,API Weekly Statistical Bulletin,Medium,,,
2022-12-29,ThuDec 29,EUR,Private Loans y/y,Medium,4.3%,4.2%,
2022-12-29,7:30am,USD,Unemployment Claims,Low,225K,216K,
2022-12-29,9:30am,USD,Natural Gas Storage,Medium,-198B,-87B,
2022-12-29,10:00am,USD,Crude Oil Inventories,Medium,-1.2M,-5.9M,
2022-12-30,2:00am,CHF,KOF Economic Barometer,Medium,90.9,89.2,
2022-12-30,2:00am,EUR,Spanish Flash CPI y/y,Medium,6.1%,6.8%,
2022-12-30,8:45am,USD,Chicago PMI,Low,40.1,37.2,
2022-01-01,All Day,JPY,Bank Holiday,Low,,,
