date,time,currency,event,impact,actual,forecast,previous
2023-01-02,All Day,GBP,Bank Holiday,Low,,,
2023-01-02,2:15am,EUR,Spanish Manufacturing PMI,Medium,45.9,45.7,
2023-01-02,2:45am,EUR,Italian Manufacturing PMI,Medium,48.5,48.4,
2023-01-02,2:50am,EUR,French Final Manufacturing PMI,Medium,48.9,48.9,
2023-01-02,2:55am,EUR,German Final Manufacturing PMI,Medium,47.4,47.4,
2023-01-02,3:00am,EUR,Final Manufacturing PMI,Medium,47.8,47.8,
2023-01-02,All Day,USD,Bank Holiday,Low,,,
2023-01-02,All Day,JPY,Bank Holiday,Low,,,
2023-01-03,2:00am,EUR,Spanish Unemployment Change,Medium,-40.3K,-33.5K,
2023-01-03,2:30am,CHF,Manufacturing PMI,Medium,53.0,53.9,
2023-01-03,2:55am,EUR,German Unemployment Change,Medium,15K,15K,
2023-01-03,3:30am,GBP,Final Manufacturing PMI,Medium,44.7,44.7,
2023-01-03,8:45am,USD,Final Manufacturing PMI,Medium,46.2,46.2,
2023-01-03,9:00am,USD,Construction Spending m/m,Medium,-0.4%,-0.2%,
2023-01-03,6:01pm,GBP,BRC Shop Price Index y/y,Medium,,7.4%,
2023-01-03,6:30pm,JPY,Final Manufacturing PMI,Medium,48.8,48.8,
2023-01-04,1:30am,CHF,CPI m/m,High,-0.1%,0.0%,
2023-01-04,1:45am,EUR,French Prelim CPI m/m,Medium,0.5%,0.3%,
2023-01-04,2:15am,EUR,Spanish Services PMI,Medium,50.8,51.2,
2023-01-04,2:45am,EUR,Italian Services PMI,Medium,49.5,49.5,
2023-01-04,2:50am,EUR,French Final Services PMI,Medium,48.1,48.1,
2023-01-04,2:55am,EUR,German Final Services PMI,Medium,49.0,49.0,
2023-01-04,3:00am,EUR,Final Services PMI,Medium,49.1,49.1,
2023-01-04,3:30am,GBP,M4 Money Supply m/m,Medium,0.2%,0.1%,
2023-01-04,3:30am,GBP,Mortgage Approvals,Medium,54K,58K,
2023-01-04,3:30am,GBP,Net Lending to Individuals m/m,Medium,4.5B,4.3B,
2023-01-04,9:00am,USD,ISM Manufacturing PMI,High,48.5,49.0,
2023-01-04,9:00am,USD,JOLTS Job Openings,High,10.04M,10.51M,
2023-01-04,9:00am,USD,ISM Manufacturing Prices,Medium,42.9,43.0,
2023-01-04,All Day,USD,Wards Total Vehicle Sales,Medium,13.4M,14.1M,
2023-01-04,1:00pm,USD,FOMC Meeting Minutes,High,,,
2023-01-04,3:30pm,USD,API Weekly Statistical Bulletin,Medium,,,
2023-01-04,5:50pm,JPY,Monetary Base y/y,Medium,-6.1%,-6.4%,
2023-01-04,9:35pm,JPY,10-y Bond Auction,Medium,,0.25|6.0,
2023-01-04,11:00pm,JPY,Consumer Confidence,Medium,28.2,28.6,
2023-01-05,3:30am,GBP,Final Services PMI,Medium,50.0,50.0,
2023-01-05,3:58am,EUR,French 10-y Bond Auction,Medium,,2.19|2.2,
2023-01-05,4:00am,EUR,PPI m/m,Medium,-0.8%,-3.0%,
2023-01-05,4:00am,EUR,Italian Prelim CPI m/m,Medium,0.2%,0.5%,
2023-01-05,6:30am,USD,Challenger Job Cuts y/y,Medium,,416.5%,
2023-01-05,7:15am,USD,ADP Non-Farm Employment Change,High,152K,182K,
2023-01-05,7:30am,USD,Unemployment Claims,Low,230K,223K,
2023-01-05,7:30am,USD,Trade Balance,Medium,-64.2B,-77.8B,
2023-01-05,8:45am,USD,Final Services PMI,Medium,44.4,44.4,
2023-01-05,9:30am,USD,Natural Gas Storage,Medium,-230B,-213B,
2023-01-05,10:00am,USD,Crude Oil Inventories,Medium,1.5M,0.7M,
2023-01-05,5:30pm,JPY,Average Cash Earnings y/y,Medium,1.7%,1.4%,
2023-01-06,FriJan 6,EUR,German Retail Sales m/m,Medium,1.5%,-2.8%,
2023-01-06,FriJan 6,GBP,Halifax HPI m/m,Medium,-0.6%,-2.4%,
2023-01-06,All Day,EUR,Italian Bank Holiday,Low,,,
2023-01-06,1:36am,CHF,Retail Sales y/y,Medium,-1.0%,-2.6%,
2023-01-06,1:45am,EUR,French Consumer Spending m/m,Medium,1.0%,-2.7%,
2023-01-06,3:30am,GBP,Construction PMI,Medium,50.6,50.4,
2023-01-06,4:00am,EUR,Core CPI Flash Estimate y/y,Low,5.1%,5.0%,
2023-01-06,4:00am,EUR,CPI Flash Estimate y/y,Low,9.6%,10.1%,
2023-01-06,4:00am,EUR,Retail Sales m/m,Medium,0.5%,-1.5%,
2023-01-06,7:30am,USD,Average Hourly Earnings m/m,High,0.4%,0.4%,
2023-01-06,7:30am,USD,Non-Farm Employment Change,High,200K,256K,
2023-01-06,7:30am,USD,Unemployment Rate,High,3.7%,3.7%,
2023-01-06,9:00am,USD,ISM Services PMI,High,55.0,56.5,
2023-01-06,9:00am,USD,Factory Orders m/m,Medium,-0.9%,0.4%,
2023-01-06,10:15am,USD,FOMC Member Cook Speaks,Medium,,,
2023-01-08,All Day,JPY,Bank Holiday,Low,,,
2023-01-09,1:00am,EUR,German Industrial Production m/m,Medium,0.2%,-0.4%,
2023-01-09,1:45am,EUR,French Trade Balance,Medium,-11.3B,-11.6B,
2023-01-09,2:00am,CHF,Foreign Currency Reserves,Medium,,790B,
2023-01-09,3:00am,EUR,Italian Monthly Unemployment Rate,Medium,7.8%,7.9%,
2023-01-09,3:30am,EUR,Sentix Investor Confidence,Medium,-18.1,-21.0,
2023-01-09,4:00am,EUR,Unemployment Rate,Medium,6.5%,6.5%,
2023-01-09,9:30am,GBP,MPC Member Pill Speaks,Medium,,,
2023-01-09,2:00pm,USD,Consumer Credit m/m,Medium,25.0B,29.1B,
2023-01-09,5:30pm,JPY,Household Spending y/y,Medium,0.6%,1.2%,
2023-01-09,5:30pm,JPY,Tokyo Core CPI y/y,Medium,3.8%,3.6%,
2023-01-09,6:01pm,GBP,BRC Retail Sales Monitor y/y,Medium,2.4%,4.1%,
2023-01-10,4:02am,GBP,10-y Bond Auction,Medium,,3.33|2.2,
2023-01-10,4:10am,JPY,BOJ Gov Kuroda Speaks,Low,,,
2023-01-10,4:59am,USD,NFIB Small Business Index,Medium,91.6,91.9,
2023-01-10,8:00am,USD,Fed Chairman Powell Speaks,High,,,
2023-01-10,9:00am,USD,Final Wholesale Inventories m/m,Medium,1.0%,1.0%,
2023-01-10,9:00am,USD,RCM/TIPP Economic Optimism,Medium,41.7,42.9,
2023-01-10,3:30pm,USD,API Weekly Statistical Bulletin,Medium,,,
2023-01-10,9:35pm,JPY,30-y Bond Auction,Medium,,1.48|3.0,
2023-01-10,11:00pm,JPY,Leading Indicators,Medium,97.5%,98.6%,
2023-01-11,4:33am,EUR,German 10-y Bond Auction,Medium,,1.95|2.0,
2023-01-11,9:30am,USD,Crude Oil Inventories,Medium,-2.0M,1.7M,
2023-01-11,12:01pm,USD,10-y Bond Auction,Low,,3.63|2.3,
2023-01-11,5:50pm,JPY,Bank Lending y/y,Medium,2.8%,2.7%,
2023-01-11,5:50pm,JPY,Current Account,Medium,0.65T,-0.61T,
2023-01-11,11:00pm,JPY,Economy Watchers Sentiment,Medium,47.8,48.1,
2023-01-12,6:30am,USD,FOMC Member Harker Speaks,Medium,,,
2023-01-12,7:30am,USD,Core CPI m/m,High,0.3%,0.2%,
2023-01-12,7:30am,USD,CPI m/m,High,-0.1%,0.1%,
2023-01-12,7:30am,USD,CPI y/y,High,6.5%,7.1%,
2023-01-12,7:30am,USD,Unemployment Claims,Low,216K,206K,
2023-01-12,9:30am,USD,Natural Gas Storage,Medium,-15B,-221B,
2023-01-12,11:00am,GBP,MPC Member Mann Speaks,Medium,,,
2023-01-12,12:01pm,USD,30-y Bond Auction,Medium,,3.51|2.2,
2023-01-12,1:00pm,USD,Federal Budget Balance,Medium,-59.5B,-248.5B,
2023-01-12,5:50pm,JPY,M2 Money Stock y/y,Medium,3.2%,3.1%,
2023-01-13,FriJan 13,GBP,Construction Output m/m,Medium,-0.3%,0.4%,
2023-01-13,FriJan 13,GBP,Goods Trade Balance,Medium,-14.9B,-12.3B,
2023-01-13,FriJan 13,GBP,Index of Services 3m/3m,Medium,-0.3%,-0.1%,
2023-01-13,FriJan 13,GBP,Industrial Production m/m,Medium,-0.2%,-0.1%,
2023-01-13,FriJan 13,GBP,Manufacturing Production m/m,Medium,-0.2%,0.7%,
2023-01-13,1:45am,EUR,French Final CPI m/m,Medium,-0.1%,-0.1%,
2023-01-13,3:00am,EUR,Italian Industrial Production m/m,Medium,0.4%,-1.1%,
2023-01-13,4:00am,EUR,Industrial Production m/m,Medium,0.6%,-1.9%,
2023-01-13,4:00am,EUR,Trade Balance,Medium,-21.1B,-28.1B,
2023-01-13,6:01am,GBP,NIESR GDP Estimate,Medium,,-0.3%,
2023-01-13,7:30am,USD,Import Prices m/m,Medium,-0.9%,-0.7%,
2023-01-13,9:00am,USD,Prelim UoM Consumer Sentiment,High,60.8,59.7,
2023-01-13,9:00am,USD,Prelim UoM Inflation Expectations,Low,,4.4%,
2023-01-15,6:01pm,GBP,Rightmove HPI m/m,Medium,,-2.1%,
2023-01-16,1:00am,EUR,German WPI m/m,Medium,-0.3%,-0.9%,
2023-01-16,4:05am,EUR,French Gov Budget Balance,Medium,,-143.2B,
2023-01-16,All Day,EUR,Eurogroup Meetings,Medium,,,
2023-01-16,All Day,USD,Bank Holiday,Low,,,
2023-01-16,9:00am,GBP,BOE Gov Bailey Speaks,High,,,
2023-01-16,10:30pm,JPY,Tertiary Industry Activity m/m,Medium,0.2%,0.5%,
2023-01-17,TueJan 17,GBP,Claimant Count Change,High,19.8K,16.1K,
2023-01-17,TueJan 17,GBP,Average Earnings Index 3m/y,Low,6.2%,6.2%,
2023-01-17,TueJan 17,GBP,Unemployment Rate,Medium,3.7%,3.7%,
2023-01-17,4:00am,EUR,German ZEW Economic Sentiment,Low,-15.0,-23.3,
2023-01-17,4:00am,EUR,ZEW Economic Sentiment,Medium,-14.3,-23.6,
2023-01-17,All Day,EUR,ECOFIN Meetings,Medium,,,
2023-01-17,7:30am,USD,Empire State Manufacturing Index,High,-8.7,-11.2,
2023-01-17,2:00pm,USD,FOMC Member Williams Speaks,Medium,,,
2023-01-17,5:50pm,JPY,Core Machinery Orders m/m,Medium,-1.3%,5.4%,
2023-01-17,8:40pm,JPY,BOJ Outlook Report,High,,,
2023-01-17,8:40pm,JPY,Monetary Policy Statement,High,,,
2023-01-17,8:40pm,JPY,BOJ Policy Rate,Medium,-0.10%,-0.10%,
2023-01-17,10:30pm,JPY,Revised Industrial Production m/m,Medium,-0.1%,-0.1%,
2023-01-18,1:00am,GBP,CPI y/y,High,10.5%,10.7%,
2023-01-18,1:00am,GBP,Core CPI y/y,Medium,6.2%,6.3%,
2023-01-18,1:00am,GBP,RPI y/y,Medium,13.6%,14.0%,
2023-01-18,3:00am,EUR,Italian Trade Balance,Medium,-1.80B,-2.06B,
2023-01-18,3:30am,GBP,Housing Equity Withdrawal q/q,Medium,-7.9B,-6.1B,
2023-01-18,3:30am,GBP,HPI y/y,Medium,10.4%,12.4%,
2023-01-18,4:00am,EUR,Final Core CPI y/y,Medium,5.2%,5.2%,
2023-01-18,4:00am,EUR,Final CPI y/y,Medium,9.2%,9.2%,
2023-01-18,4:39am,EUR,German 30-y Bond Auction,Medium,,1.94|1.8,
2023-01-18,7:30am,USD,Core PPI m/m,High,0.1%,0.2%,
2023-01-18,7:30am,USD,Core Retail Sales m/m,High,-0.5%,-0.6%,
2023-01-18,7:30am,USD,PPI m/m,High,-0.1%,0.2%,
2023-01-18,7:30am,USD,Retail Sales m/m,High,-0.8%,-1.0%,
2023-01-18,8:15am,USD,Capacity Utilization Rate,Medium,79.6%,79.4%,
2023-01-18,8:15am,USD,Industrial Production m/m,Medium,-0.1%,-0.6%,
2023-01-18,8:30am,GBP,CB Leading Index m/m,Medium,,-0.9%,
2023-01-18,9:00am,USD,Business Inventories m/m,Medium,0.4%,0.2%,
2023-01-18,9:00am,USD,NAHB Housing Market Index,Medium,31,31,
2023-01-18,1:00pm,USD,Beige Book,Medium,,,
2023-01-18,2:15pm,USD,FOMC Member Harker Speaks,Medium,,,
2023-01-18,3:00pm,USD,TIC Long-Term Purchases,Medium,127.9B,67.8B,
2023-01-18,3:30pm,USD,API Weekly Statistical Bulletin,Medium,,,
2023-01-18,4:00pm,USD,FOMC Member Logan Speaks,Medium,,,
2023-01-18,5:50pm,JPY,Trade Balance,Medium,-1.60T,-1.78T,
2023-01-18,6:01pm,GBP,RICS House Price Balance,Medium,-30%,-26%,
2023-01-19,3:00am,EUR,Current Account,Medium,-11.6B,-0.5B,
2023-01-19,3:30am,GBP,BOE Credit Conditions Survey,Medium,,,
2023-01-19,4:30am,EUR,ECB President Lagarde Speaks,Low,,,
2023-01-19,6:30am,EUR,ECB Monetary Policy Meeting Accounts,Medium,,,
2023-01-19,7:30am,USD,Philly Fed Manufacturing Index,Low,-10.9,-13.8,
2023-01-19,7:30am,USD,Unemployment Claims,Low,214K,205K,
2023-01-19,7:30am,USD,Building Permits,Medium,1.37M,1.35M,
2023-01-19,7:30am,USD,Housing Starts,Medium,1.36M,1.40M,
2023-01-19,9:30am,USD,Natural Gas Storage,Medium,-76B,11B,
2023-01-19,10:00am,USD,Crude Oil Inventories,Medium,-2.1M,19.0M,
2023-01-19,12:15pm,USD,FOMC Member Brainard Speaks,Low,,,
2023-01-19,5:30pm,JPY,National Core CPI y/y,Medium,4.0%,3.7%,
2023-01-19,5:35pm,USD,FOMC Member Williams Speaks,Medium,,,
2023-01-19,6:01pm,GBP,GfK Consumer Confidence,Medium,-41,-42,
2023-01-20,FriJan 20,GBP,Retail Sales m/m,Low,0.5%,-0.5%,
2023-01-20,2:00am,CHF,SNB Chairman Jordan Speaks,Low,,,
2023-01-20,4:00am,EUR,ECB President Lagarde Speaks,Low,,,
2023-01-20,8:00am,USD,FOMC Member Harker Speaks,Medium,,,
2023-01-20,9:00am,USD,Existing Home Sales,Low,3.95M,4.08M,
2023-01-20,12:00pm,USD,FOMC Member Waller Speaks,Low,,,
2023-01-23,9:00am,EUR,Consumer Confidence,Medium,-20,-22,
2023-01-23,9:00am,USD,CB Leading Index m/m,Medium,-0.7%,-1.1%,
2023-01-23,12:10pm,EUR,ECB President Lagarde Speaks,Low,,,
2023-01-23,6:30pm,JPY,Flash Manufacturing PMI,Medium,49.4,48.9,
2023-01-23,11:00pm,JPY,BOJ Core CPI y/y,Medium,2.9%,2.9%,
2023-01-24,TueJan 24,EUR,German GfK Consumer Climate,Medium,-33.2,-37.6,
2023-01-24,TueJan 24,GBP,Public Sector Net Borrowing,Medium,22.3B,18.8B,
2023-01-24,2:15am,EUR,French Flash Manufacturing PMI,Low,49.6,49.2,
2023-01-24,2:15am,EUR,French Flash Services PMI,Low,49.7,49.5,
2023-01-24,2:30am,EUR,German Flash Manufacturing PMI,Low,48.0,47.1,
2023-01-24,2:30am,EUR,German Flash Services PMI,Low,49.6,49.2,
2023-01-24,3:00am,EUR,Flash Manufacturing PMI,Medium,48.6,47.8,
2023-01-24,3:00am,EUR,Flash Services PMI,Medium,50.0,49.8,
2023-01-24,3:30am,GBP,Flash Manufacturing PMI,High,45.4,45.3,
2023-01-24,3:30am,GBP,Flash Services PMI,High,49.6,49.9,
2023-01-24,5:00am,GBP,CBI Industrial Order Expectations,Medium,-7,-6,
2023-01-24,8:45am,USD,Flash Services PMI,High,45.3,44.7,
2023-01-24,8:45am,USD,Flash Manufacturing PMI,Low,46.0,46.2,
2023-01-24,8:59am,USD,Richmond Manufacturing Index,Low,-5,1,
2023-01-24,10:30am,CHF,Gov Board Member Schlegel Speaks,Medium,,,
2023-01-24,3:30pm,USD,API Weekly Statistical Bulletin,Medium,,,
2023-01-25,Nov Data,GBP,PPI Output m/m,Medium,,0.9%,
2023-01-25,1:00am,GBP,PPI Input m/m,Medium,-0.8%,-0.2%,
2023-01-25,1:00am,GBP,PPI Output m/m,Medium,0.1%,-0.1%,
2023-01-25,3:00am,CHF,UBS Economic Expectations,Medium,,-42.8,
2023-01-25,3:00am,EUR,German ifo Business Climate,Low,90.2,88.6,
2023-01-25,7:58am,EUR,Belgian NBB Business Climate,Medium,-12.0,-13.6,
2023-01-25,9:30am,USD,Crude Oil Inventories,Medium,1.2M,8.4M,
2023-01-25,5:50pm,JPY,BOJ Summary of Opinions,Medium,,,
2023-01-25,5:50pm,JPY,SPPI y/y,Medium,1.6%,1.7%,
2023-01-26,5:00am,GBP,CBI Realized Sales,Medium,2,11,
2023-01-26,7:30am,USD,Advance GDP q/q,High,2.6%,3.2%,
2023-01-26,7:30am,USD,Advance GDP Price Index q/q,Low,3.2%,4.4%,
2023-01-26,7:30am,USD,Core Durable Goods Orders m/m,Low,-0.2%,0.1%,
2023-01-26,7:30am,USD,Durable Goods Orders m/m,Low,2.4%,-1.7%,
2023-01-26,7:30am,USD,Unemployment Claims,Low,203K,192K,
2023-01-26,7:30am,USD,Goods Trade Balance,Medium,-88.4B,-82.9B,
2023-01-26,7:30am,USD,Prelim Wholesale Inventories m/m,Medium,0.5%,0.9%,
2023-01-26,9:00am,USD,New Home Sales,Low,610K,602K,
2023-01-26,9:30am,USD,Natural Gas Storage,Medium,-79B,-82B,
2023-01-26,1:45pm,USD,President Biden Speaks,Medium,,,
2023-01-26,5:30pm,JPY,Tokyo Core CPI y/y,Medium,4.2%,3.9%,
2023-01-27,3:00am,EUR,M3 Money Supply y/y,Medium,4.6%,4.8%,
2023-01-27,3:00am,EUR,Private Loans y/y,Medium,4.1%,4.1%,
2023-01-27,7:30am,USD,Core PCE Price Index m/m,High,0.3%,0.2%,
2023-01-27,7:30am,USD,Personal Income m/m,Medium,0.2%,0.3%,
2023-01-27,7:30am,USD,Personal Spending m/m,Medium,-0.1%,-0.1%,
2023-01-27,9:00am,USD,Pending Home Sales m/m,Low,-1.0%,-2.6%,
2023-01-27,9:00am,USD,Revised UoM Consumer Sentiment,Low,64.6,64.6,
2023-01-27,9:00am,USD,Revised UoM Inflation Expectations,Medium,,4.0%,
2023-01-30,MonJan 30,EUR,Spanish Flash CPI y/y,Medium,4.9%,5.7%,
2023-01-30,3:00am,EUR,German Prelim GDP q/q,Medium,0.0%,0.4%,
2023-01-30,5:30pm,JPY,Unemployment Rate,Medium,2.5%,2.5%,
2023-01-30,5:50pm,JPY,Prelim Industrial Production m/m,Medium,-1.1%,0.2%,
2023-01-30,5:50pm,JPY,Retail Sales y/y,Medium,3.2%,2.5%,
2023-01-30,11:00pm,JPY,Housing Starts y/y,Medium,0.5%,-1.4%,
2023-01-30,11:02pm,JPY,Consumer Confidence,Medium,30.5,30.3,
2023-01-31,TueJan 31,EUR,French Flash GDP q/q,Medium,0.0%,0.2%,
2023-01-31,1:00am,EUR,German Import Prices m/m,Medium,-2.4%,-4.5%,
2023-01-31,1:00am,EUR,German Retail Sales m/m,Medium,-0.1%,1.9%,
2023-01-31,1:30am,CHF,Retail Sales y/y,Medium,-0.7%,-1.4%,
2023-01-31,1:45am,EUR,French Prelim CPI m/m,Medium,0.5%,-0.1%,
2023-01-31,2:55am,EUR,German Unemployment Change,Medium,5K,-13K,
2023-01-31,3:00am,EUR,Italian Monthly Unemployment Rate,Medium,7.8%,7.8%,
2023-01-31,3:30am,GBP,M4 Money Supply m/m,Medium,1.2%,-1.5%,
2023-01-31,3:30am,GBP,Mortgage Approvals,Medium,44K,46K,
2023-01-31,3:30am,GBP,Net Lending to Individuals m/m,Medium,5.1B,5.7B,
2023-01-31,4:00am,EUR,Prelim Flash GDP q/q,Medium,-0.1%,0.3%,
2023-01-31,4:00am,EUR,Italian Prelim GDP q/q,Medium,-0.2%,0.5%,
2023-01-31,4:19am,EUR,Italian 10-y Bond Auction,Medium,,3.96|1.5,
2023-01-31,7:30am,USD,Employment Cost Index q/q,Medium,1.1%,1.2%,
2023-01-31,8:00am,USD,HPI m/m,Medium,-0.4%,0.0%,
2023-01-31,8:00am,USD,S&P/CS Composite-20 HPI y/y,Medium,6.8%,8.6%,
2023-01-31,8:45am,USD,Chicago PMI,Low,45.1,44.9,
2023-01-31,9:00am,USD,CB Consumer Confidence,High,109.1,109.0,
2023-01-31,3:30pm,USD,API Weekly Statistical Bulletin,Medium,,,
2023-01-31,6:01pm,GBP,BRC Shop Price Index y/y,Medium,,7.3%,
2023-01-31,6:30pm,JPY,Final Manufacturing PMI,Medium,48.9,48.9,
2023-02-01,2:15am,EUR,Spanish Manufacturing PMI,Medium,47.9,46.4,
2023-02-01,2:30am,CHF,Manufacturing PMI,Medium,54.3,54.1,
2023-02-01,2:45am,EUR,Italian Manufacturing PMI,Medium,49.6,48.5,
2023-02-01,2:50am,EUR,French Final Manufacturing PMI,Medium,50.8,50.8,
2023-02-01,2:55am,EUR,German Final Manufacturing PMI,Medium,47.0,47.0,
2023-02-01,3:00am,EUR,Final Manufacturing PMI,Medium,48.8,48.8,
2023-02-01,3:30am,GBP,Final Manufacturing PMI,Medium,46.7,46.7,
2023-02-01,4:00am,EUR,Core CPI Flash Estimate y/y,Low,5.1%,5.2%,
2023-02-01,4:00am,EUR,CPI Flash Estimate y/y,Low,9.0%,9.2%,
2023-02-01,4:00am,EUR,Italian Prelim CPI m/m,Medium,0.0%,0.3%,
2023-02-01,4:00am,EUR,Unemployment Rate,Medium,6.5%,6.6%,
2023-02-01,4:34am,EUR,German 10-y Bond Auction,Medium,,2.25|1.4,
2023-02-01,7:15am,USD,ADP Non-Farm Employment Change,High,176K,253K,
2023-02-01,8:45am,USD,Final Manufacturing PMI,Medium,46.8,46.8,
2023-02-01,9:00am,USD,ISM Manufacturing PMI,High,48.0,48.4,
2023-02-01,9:00am,USD,JOLTS Job Openings,High,10.28M,10.44M,
2023-02-01,9:00am,USD,Construction Spending m/m,Medium,0.0%,0.5%,
2023-02-01,9:00am,USD,ISM Manufacturing Prices,Medium,40.6,39.4,
2023-02-01,All Day,USD,Wards Total Vehicle Sales,Medium,15.2M,13.3M,
2023-02-01,9:30am,USD,Crude Oil Inventories,Medium,-1.0M,0.5M,
2023-02-01,1:00pm,USD,Federal Funds Rate,High,4.75%,4.50%,
2023-02-01,1:00pm,USD,FOMC Statement,High,,,
2023-02-01,1:30pm,USD,FOMC Press Conference,High,,,
2023-02-01,5:50pm,JPY,Monetary Base y/y,Medium,-3.2%,-6.1%,
2023-02-01,9:35pm,JPY,10-y Bond Auction,Medium,,0.50|4.8,
2023-02-02,2:00am,CHF,SECO Consumer Climate,Medium,-38,-47,
2023-02-02,2:00am,EUR,Spanish Unemployment Change,Medium,-15.2K,-43.7K,
2023-02-02,3:59am,EUR,French 10-y Bond Auction,Medium,,2.77|1.9,
2023-02-02,6:00am,GBP,BOE Monetary Policy Report,High,,,
2023-02-02,6:00am,GBP,Monetary Policy Summary,High,,,
2023-02-02,6:00am,GBP,MPC Official Bank Rate Votes,High,7-0-2,7-0-2,
2023-02-02,6:00am,GBP,Official Bank Rate,High,4.00%,3.50%,
2023-02-02,6:30am,GBP,BOE Gov Bailey Speaks,High,,,
2023-02-02,6:30am,USD,Challenger Job Cuts y/y,Medium,,129.1%,
2023-02-02,7:15am,EUR,Main Refinancing Rate,High,3.00%,2.50%,
2023-02-02,7:15am,EUR,Monetary Policy Statement,High,,,
2023-02-02,7:30am,USD,Unemployment Claims,Low,196K,186K,
2023-02-02,7:30am,USD,Prelim Nonfarm Productivity q/q,Medium,2.5%,0.8%,
2023-02-02,7:30am,USD,Prelim Unit Labor Costs q/q,Medium,1.6%,2.4%,
2023-02-02,7:45am,EUR,ECB Press Conference,High,,,
2023-02-02,9:00am,USD,Factory Orders m/m,Medium,2.3%,-1.9%,
2023-02-02,9:30am,USD,Natural Gas Storage,Medium,-146B,-91B,
2023-02-02,11:30am,CHF,SNB Chairman Jordan Speaks,Low,,,
2023-02-03,2:15am,EUR,Spanish Services PMI,Medium,52.5,51.6,
2023-02-03,2:30am,CHF,Gov Board Member Maechler Speaks,Low,,,
2023-02-03,2:45am,EUR,Italian Services PMI,Medium,50.9,49.9,
2023-02-03,2:50am,EUR,French Final Services PMI,Medium,49.2,49.2,
2023-02-03,2:55am,EUR,German Final Services PMI,Medium,50.4,50.4,
2023-02-03,3:00am,EUR,Final Services PMI,Medium,50.7,50.7,
2023-02-03,3:30am,GBP,Final Services PMI,Medium,48.0,48.0,
2023-02-03,4:00am,EUR,PPI m/m,Medium,-0.6%,-1.0%,
2023-02-03,6:15am,GBP,MPC Member Pill Speaks,Medium,,,
2023-02-03,7:30am,USD,Average Hourly Earnings m/m,High,0.3%,0.4%,
2023-02-03,7:30am,USD,Non-Farm Employment Change,High,193K,260K,
2023-02-03,7:30am,USD,Unemployment Rate,High,3.6%,3.5%,
2023-02-03,8:45am,USD,Final Services PMI,Medium,46.6,46.6,
2023-02-03,9:00am,USD,ISM Services PMI,High,50.5,49.6,
2023-02-06,2:40am,GBP,MPC Member Mann Speaks,Medium,,,
2023-02-06,3:30am,EUR,Sentix Investor Confidence,Medium,-12.9,-17.5,
2023-02-06,3:30am,GBP,Construction PMI,Medium,48.5,48.8,
2023-02-06,4:00am,EUR,Retail Sales m/m,Medium,-2.4%,1.2%,
2023-02-06,11:00am,GBP,MPC Member Pill Speaks,Medium,,,
2023-02-06,1:00pm,USD,Loan Officer Survey,Medium,,,
2023-02-06,5:30pm,JPY,Average Cash Earnings y/y,Medium,2.5%,1.9%,
2023-02-06,5:30pm,JPY,Household Spending y/y,Medium,-0.3%,-1.2%,
2023-02-06,6:01pm,GBP,BRC Retail Sales Monitor y/y,Medium,3.9%,6.5%,
2023-02-06,9:35pm,JPY,30-y Bond Auction,Medium,,1.65|3.1,
2023-02-06,11:00pm,JPY,Leading Indicators,Medium,97.0%,97.4%,
2023-02-07,1:00am,EUR,German Industrial Production m/m,Medium,-0.7%,0.4%,
2023-02-07,1:00am,GBP,Halifax HPI m/m,Medium,-0.8%,-1.3%,
2023-02-07,1:45am,EUR,French Gov Budget Balance,Medium,,-159.3B,
2023-02-07,1:45am,EUR,French Trade Balance,Medium,-12.1B,-13.6B,
2023-02-07,2:00am,CHF,Foreign Currency Reserves,Medium,,784B,
2023-02-07,3:00am,GBP,MPC Member Ramsden Speaks,Medium,,,
2023-02-07,7:30am,USD,Trade Balance,Medium,-68.5B,-61.0B,
2023-02-07,9:00am,USD,RCM/TIPP Economic Optimism,Medium,44.3,42.3,
2023-02-07,9:30am,GBP,MPC Member Cunliffe Speaks,Medium,,,
2023-02-07,11:40am,USD,Fed Chairman Powell Speaks,High,,,
2023-02-07,1:00pm,USD,FOMC Member Barr Speaks,Medium,,,
2023-02-07,2:00pm,USD,Consumer Credit m/m,Medium,25.0B,33.1B,
2023-02-07,3:30pm,USD,API Weekly Statistical Bulletin,Medium,,,
2023-02-07,5:50pm,JPY,Bank Lending y/y,Medium,2.5%,2.7%,
2023-02-07,5:50pm,JPY,Current Account,Medium,1.25T,1.92T,
2023-02-07,8:00pm,USD,President Biden Speaks,Medium,,,
2023-02-07,11:00pm,JPY,Economy Watchers Sentiment,Medium,48.3,47.9,
2023-02-08,3:00am,EUR,Italian Retail Sales m/m,Medium,-0.8%,0.8%,
2023-02-08,8:15am,USD,FOMC Member Williams Speaks,High,,,
2023-02-08,9:00am,USD,Final Wholesale Inventories m/m,Medium,0.1%,0.1%,
2023-02-08,9:00am,USD,FOMC Member Barr Speaks,Medium,,,
2023-02-08,9:30am,USD,Crude Oil Inventories,Medium,2.0M,4.1M,
2023-02-08,12:01pm,USD,10-y Bond Auction,Low,,3.58|2.5,
2023-02-08,12:45pm,USD,FOMC Member Waller Speaks,Low,,,
2023-02-08,5:50pm,JPY,M2 Money Stock y/y,Medium,3.0%,2.9%,
2023-02-08,6:01pm,GBP,RICS House Price Balance,Medium,-45%,-42%,
2023-02-08,11:59pm,JPY,Prelim Machine Tool Orders y/y,Medium,,0.9%,
2023-02-09,3:45am,GBP,Monetary Policy Report Hearings,High,,,
2023-02-09,7:30am,USD,Unemployment Claims,Low,191K,183K,
2023-02-09,9:30am,USD,Natural Gas Storage,Medium,-200B,-151B,
2023-02-09,11:00am,EUR,German Buba President Nagel Speaks,Medium,,,
2023-02-09,12:01pm,USD,30-y Bond Auction,Medium,,3.59|2.5,
2023-02-09,5:50pm,JPY,PPI y/y,Medium,9.7%,10.5%,
2023-02-10,FriFeb 10,GBP,Prelim GDP q/q,Low,0.0%,-0.3%,
2023-02-10,FriFeb 10,GBP,Construction Output m/m,Medium,-0.2%,-0.5%,
2023-02-10,FriFeb 10,GBP,Goods Trade Balance,Medium,-17.2B,-14.7B,
2023-02-10,FriFeb 10,GBP,Index of Services 3m/3m,Medium,0.1%,-0.1%,
2023-02-10,FriFeb 10,GBP,Industrial Production m/m,Medium,-0.2%,0.1%,
2023-02-10,FriFeb 10,GBP,Manufacturing Production m/m,Medium,-0.2%,-0.6%,
2023-02-10,FriFeb 10,GBP,Prelim Business Investment q/q,Medium,-0.3%,-2.5%,
2023-02-10,3:00am,EUR,Italian Industrial Production m/m,Medium,0.2%,-0.1%,
2023-02-10,6:06am,GBP,NIESR GDP Estimate,Medium,,0.0%,
2023-02-10,8:00am,GBP,MPC Member Pill Speaks,Medium,,,
2023-02-10,9:00am,USD,Prelim UoM Consumer Sentiment,High,65.0,64.9,
2023-02-10,9:00am,USD,Prelim UoM Inflation Expectations,Low,,3.9%,
2023-02-10,11:30am,USD,FOMC Member Waller Speaks,Low,,,
2023-02-10,1:00pm,USD,Federal Budget Balance,Medium,-40.5B,-85.0B,
2023-02-10,3:00pm,USD,FOMC Member Harker Speaks,Medium,,,
2023-02-13,3:00am,EUR,EU Economic Forecasts,Low,,,
2023-02-13,All Day,EUR,Eurogroup Meetings,Medium,,,
2023-02-13,7:00am,USD,FOMC Member Bowman Speaks,Medium,,,
2023-02-13,5:50pm,JPY,Prelim GDP Price Index y/y,Medium,1.1%,-0.3%,
2023-02-13,5:50pm,JPY,Prelim GDP q/q,Medium,0.5%,-0.2%,
2023-02-13,10:30pm,JPY,Revised Industrial Production m/m,Medium,-0.1%,-0.1%,
2023-02-14,TueFeb 14,GBP,Claimant Count Change,High,17.9K,-3.2K,
2023-02-14,TueFeb 14,GBP,Average Earnings Index 3m/y,Low,6.2%,6.5%,
2023-02-14,TueFeb 14,GBP,Unemployment Rate,Medium,3.7%,3.7%,
2023-02-14,1:30am,CHF,PPI m/m,Medium,0.2%,-0.7%,
2023-02-14,4:00am,EUR,Flash Employment Change q/q,Medium,0.1%,0.3%,
2023-02-14,4:00am,EUR,Flash GDP q/q,Medium,0.1%,0.1%,
2023-02-14,4:02am,GBP,10-y Bond Auction,Medium,,3.70|2.8,
2023-02-14,All Day,EUR,ECOFIN Meetings,Medium,,,
2023-02-14,5:00am,USD,NFIB Small Business Index,Medium,90.9,89.8,
2023-02-14,7:30am,USD,Core CPI m/m,High,0.4%,0.3%,
2023-02-14,7:30am,USD,CPI m/m,High,0.5%,-0.1%,
2023-02-14,7:30am,USD,CPI y/y,High,6.2%,6.5%,
2023-02-14,8:30am,GBP,CB Leading Index m/m,Medium,,-0.4%,
2023-02-14,10:00am,USD,FOMC Member Logan Speaks,Medium,,,
2023-02-14,12:00pm,USD,FOMC Member Harker Speaks,Medium,,,
2023-02-14,1:05pm,USD,FOMC Member Williams Speaks,Medium,,,
2023-02-14,3:30pm,USD,API Weekly Statistical Bulletin,Medium,,,
2023-02-14,10:30pm,JPY,Tertiary Industry Activity m/m,Medium,0.1%,0.1%,
2023-02-15,WedFeb 15,GBP,Core CPI y/y,Medium,6.2%,6.3%,
2023-02-15,WedFeb 15,GBP,PPI Input m/m,Medium,0.2%,-1.1%,
2023-02-15,WedFeb 15,GBP,PPI Output m/m,Medium,0.1%,-0.8%,
2023-02-15,WedFeb 15,GBP,RPI y/y,Medium,13.2%,13.4%,
2023-02-15,3:30am,GBP,HPI y/y,Medium,9.2%,10.6%,
2023-02-15,4:00am,EUR,Industrial Production m/m,Medium,-0.8%,1.4%,
2023-02-15,4:00am,EUR,Trade Balance,Medium,-16.0B,-14.4B,
2023-02-15,4:40am,EUR,German 30-y Bond Auction,Medium,,2.05|1.5,
2023-02-15,7:30am,USD,Core Retail Sales m/m,High,0.9%,-0.9%,
2023-02-15,7:30am,USD,Empire State Manufacturing Index,High,-18.2,-32.9,
2023-02-15,7:30am,USD,Retail Sales m/m,High,1.9%,-1.1%,
2023-02-15,8:15am,USD,Capacity Utilization Rate,Medium,79.1%,78.4%,
2023-02-15,8:15am,USD,Industrial Production m/m,Medium,0.5%,-1.0%,
2023-02-15,9:00am,USD,Business Inventories m/m,Medium,0.3%,0.3%,
2023-02-15,9:00am,USD,NAHB Housing Market Index,Medium,37,35,
2023-02-15,9:30am,USD,Crude Oil Inventories,Medium,1.5M,2.4M,
2023-02-15,11:15am,EUR,ECB President Lagarde Speaks,Low,,,
2023-02-15,3:00pm,USD,TIC Long-Term Purchases,Medium,119.1B,171.5B,
2023-02-15,5:50pm,JPY,Core Machinery Orders m/m,Medium,2.7%,-8.3%,
2023-02-15,5:50pm,JPY,Trade Balance,Medium,-2.35T,-1.82T,
2023-02-16,ThuFeb 16,EUR,Italian Trade Balance,Medium,1.40B,1.42B,
2023-02-16,3:46am,EUR,Spanish 10-y Bond Auction,Medium,,2.66|2.2,
2023-02-16,7:00am,EUR,German Buba President Nagel Speaks,Medium,,,
2023-02-16,7:30am,USD,Core PPI m/m,High,0.3%,0.3%,
2023-02-16,7:30am,USD,PPI m/m,High,0.4%,-0.2%,
2023-02-16,7:30am,USD,Philly Fed Manufacturing Index,Low,-7.6,-8.9,
2023-02-16,7:30am,USD,Unemployment Claims,Low,200K,195K,
2023-02-16,7:30am,USD,Building Permits,Medium,1.35M,1.34M,
2023-02-16,7:30am,USD,Housing Starts,Medium,1.35M,1.37M,
2023-02-16,9:00am,USD,Mortgage Delinquencies,Medium,,3.45%,
2023-02-16,9:30am,USD,Natural Gas Storage,Medium,-97B,-217B,
2023-02-16,11:00am,GBP,MPC Member Pill Speaks,Medium,,,
2023-02-16,3:00pm,USD,FOMC Member Cook Speaks,Medium,,,
2023-02-17,FriFeb 17,GBP,Retail Sales m/m,Low,-0.3%,-1.2%,
2023-02-17,1:45am,EUR,French Final CPI m/m,Medium,0.4%,0.4%,
2023-02-17,3:00am,EUR,Current Account,Medium,5.1B,12.8B,
2023-02-17,7:30am,USD,Import Prices m/m,Medium,-0.1%,-0.1%,
2023-02-17,8:45am,USD,FOMC Member Bowman Speaks,Medium,,,
2023-02-17,9:00am,USD,CB Leading Index m/m,Medium,-0.3%,-0.8%,
2023-02-20,5:00am,EUR,German Buba Monthly Report,Medium,,,
2023-02-20,All Day,USD,Bank Holiday,Low,,,
2023-02-20,9:00am,EUR,Consumer Confidence,Medium,-19,-21,
2023-02-20,6:30pm,JPY,Flash Manufacturing PMI,Medium,49.3,48.9,
2023-02-21,TueFeb 21,GBP,Public Sector Net Borrowing,Medium,2.0B,24.8B,
2023-02-21,2:15am,EUR,French Flash Manufacturing PMI,Low,51.0,50.5,
2023-02-21,2:15am,EUR,French Flash Services PMI,Low,49.7,49.4,
2023-02-21,2:30am,EUR,German Flash Manufacturing PMI,Low,48.0,47.3,
2023-02-21,2:30am,EUR,German Flash Services PMI,Low,51.0,50.7,
2023-02-21,3:00am,EUR,Flash Manufacturing PMI,Medium,49.4,48.8,
2023-02-21,3:00am,EUR,Flash Services PMI,Medium,51.0,50.8,
2023-02-21,3:30am,GBP,Flash Manufacturing PMI,High,47.5,47.0,
2023-02-21,3:30am,GBP,Flash Services PMI,High,49.2,48.7,
2023-02-21,4:00am,EUR,German ZEW Economic Sentiment,Low,22.8,16.9,
2023-02-21,4:00am,EUR,ZEW Economic Sentiment,Medium,22.3,16.7,
2023-02-21,5:00am,GBP,CBI Industrial Order Expectations,Medium,-14,-17,
2023-02-21,8:45am,USD,Flash Services PMI,High,47.3,46.8,
2023-02-21,8:45am,USD,Flash Manufacturing PMI,Low,47.4,46.9,
2023-02-21,9:00am,USD,Existing Home Sales,Low,4.09M,4.03M,
2023-02-21,5:50pm,JPY,SPPI y/y,Medium,1.5%,1.5%,
2023-02-22,3:00am,CHF,UBS Economic Expectations,Medium,,-40.0,
2023-02-22,3:00am,EUR,German ifo Business Climate,Low,91.1,90.2,
2023-02-22,4:35am,EUR,German 10-y Bond Auction,Medium,,2.27|1.5,
2023-02-22,8:00am,EUR,Belgian NBB Business Climate,Medium,-12.0,-13.5,
2023-02-22,1:00pm,USD,FOMC Meeting Minutes,High,,,
2023-02-22,3:30pm,USD,API Weekly Statistical Bulletin,Medium,,,
2023-02-22,4:30pm,USD,FOMC Member Williams Speaks,Medium,,,
2023-02-22,All Day,JPY,Bank Holiday,Low,,,
2023-02-23,4:00am,EUR,Final Core CPI y/y,Medium,5.2%,5.2%,
2023-02-23,4:00am,EUR,Final CPI y/y,Medium,8.6%,8.5%,
2023-02-23,4:45am,GBP,MPC Member Cunliffe Speaks,Medium,,,
2023-02-23,4:45am,GBP,MPC Member Cunliffe Speaks,Medium,,,
2023-02-23,5:00am,GBP,CBI Realized Sales,Medium,-11,-23,
2023-02-23,7:30am,USD,Prelim GDP q/q,High,2.9%,2.9%,
2023-02-23,7:30am,USD,Unemployment Claims,Low,200K,195K,
2023-02-23,7:30am,USD,Prelim GDP Price Index q/q,Medium,3.5%,3.5%,
2023-02-23,9:30am,USD,Natural Gas Storage,Medium,-60B,-100B,
2023-02-23,10:00am,USD,Crude Oil Inventories,Medium,2.9M,16.3M,
2023-02-23,5:30pm,JPY,National Core CPI y/y,Medium,4.3%,4.0%,
2023-02-23,6:01pm,GBP,GfK Consumer Confidence,Medium,-43,-45,
2023-02-23,6:34pm,JPY,BOJ Gov Ueda Speaks,High,,,
2023-02-24,FriFeb 24,EUR,German GfK Consumer Climate,Medium,-30.6,-33.8,
2023-02-24,4:13am,EUR,Italian 10-y Bond Auction,Medium,,4.28|1.3,
2023-02-24,7:30am,USD,Core PCE Price Index m/m,High,0.4%,0.4%,
2023-02-24,7:30am,USD,Personal Income m/m,Medium,1.0%,0.3%,
2023-02-24,7:30am,USD,Personal Spending m/m,Medium,1.4%,-0.1%,
2023-02-24,9:00am,USD,New Home Sales,Low,620K,625K,
2023-02-24,9:00am,USD,Revised UoM Consumer Sentiment,Low,66.4,66.4,
2023-02-24,9:00am,USD,Revised UoM Inflation Expectations,Medium,,4.2%,
2023-02-24,9:15am,USD,FOMC Member Jefferson Speaks,Medium,,,
2023-02-24,10:30am,GBP,MPC Member Tenreyro Speaks,Medium,,,
2023-02-26,10:10pm,JPY,BOJ Gov Ueda Speaks,High,,,
2023-02-27,MonFeb 27,EUR,Private Loans y/y,Medium,3.9%,3.8%,
2023-02-27,MonFeb 27,GBP,MPC Member Broadbent Speaks,Low,,,
2023-02-27,7:30am,USD,Core Durable Goods Orders m/m,Low,0.1%,-0.2%,
2023-02-27,7:30am,USD,Durable Goods Orders m/m,Low,-3.7%,5.1%,
2023-02-27,9:00am,USD,Pending Home Sales m/m,Low,0.9%,1.1%,
2023-02-27,9:30am,USD,FOMC Member Jefferson Speaks,Medium,,,
2023-02-27,5:50pm,JPY,Prelim Industrial Production m/m,Medium,-2.9%,0.3%,
2023-02-27,5:50pm,JPY,Retail Sales y/y,Medium,4.2%,3.8%,
2023-02-27,11:00pm,JPY,Housing Starts y/y,Medium,1.0%,-1.7%,
2023-02-27,11:02pm,JPY,BOJ Core CPI y/y,Medium,3.1%,3.1%,
2023-02-28,1:45am,EUR,French Consumer Spending m/m,Medium,0.3%,-1.6%,
2023-02-28,1:45am,EUR,French Prelim CPI m/m,Medium,1.0%,0.4%,
2023-02-28,1:45am,EUR,French Prelim GDP q/q,Medium,0.1%,0.1%,
2023-02-28,2:00am,CHF,GDP q/q,Medium,0.2%,0.2%,
2023-02-28,2:00am,CHF,KOF Economic Barometer,Medium,97.9,97.4,
2023-02-28,2:00am,EUR,Spanish Flash CPI y/y,Medium,5.9%,5.9%,
2023-02-28,4:15am,GBP,MPC Member Cunliffe Speaks,Medium,,,
2023-02-28,6:15am,GBP,MPC Member Pill Speaks,Medium,,,
2023-02-28,6:30am,GBP,MPC Member Mann Speaks,Medium,,,
2023-02-28,7:30am,USD,Goods Trade Balance,Medium,-90.6B,-89.7B,
2023-02-28,7:30am,USD,Prelim Wholesale Inventories m/m,Medium,0.1%,0.1%,
2023-02-28,8:00am,USD,HPI m/m,Medium,-0.2%,-0.1%,
2023-02-28,8:00am,USD,S&P/CS Composite-20 HPI y/y,Medium,4.7%,6.8%,
2023-02-28,8:45am,USD,Chicago PMI,Medium,45.6,44.3,
2023-02-28,8:59am,USD,Richmond Manufacturing Index,Low,-5,-11,
2023-02-28,9:00am,USD,CB Consumer Confidence,High,108.5,106.0,
2023-02-28,1:30pm,USD,FOMC Member Goolsbee Speaks,Medium,,,
2023-02-28,3:30pm,USD,API Weekly Statistical Bulletin,Medium,,,
2023-02-28,6:01pm,GBP,BRC Shop Price Index y/y,Medium,,8.0%,
2023-02-28,6:30pm,JPY,Final Manufacturing PMI,Medium,47.4,47.4,
2023-03-01,All Day,EUR,German Prelim CPI m/m,Medium,0.5%,1.0%,
2023-03-01,1:30am,CHF,Retail Sales y/y,Medium,-2.2%,-3.0%,
2023-03-01,2:15am,EUR,Spanish Manufacturing PMI,Medium,49.1,48.4,
2023-03-01,2:30am,CHF,Manufacturing PMI,Medium,50.4,49.3,
2023-03-01,2:45am,EUR,Italian Manufacturing PMI,Medium,50.9,50.4,
2023-03-01,2:50am,EUR,French Final Manufacturing PMI,Medium,47.9,47.9,
2023-03-01,2:55am,EUR,German Final Manufacturing PMI,Medium,46.5,46.5,
2023-03-01,2:55am,EUR,German Unemployment Change,Medium,-9K,-11K,
2023-03-01,3:00am,EUR,Final Manufacturing PMI,Medium,48.5,48.5,
2023-03-01,3:30am,GBP,Final Manufacturing PMI,Medium,49.2,49.2,
2023-03-01,3:30am,GBP,M4 Money Supply m/m,Medium,-0.9%,-0.9%,
2023-03-01,3:30am,GBP,Mortgage Approvals,Medium,37K,41K,
2023-03-01,3:30am,GBP,Net Lending to Individuals m/m,Medium,4.6B,3.9B,
2023-03-01,4:00am,EUR,German Buba President Nagel Speaks,Medium,,,
2023-03-01,4:00am,GBP,BOE Gov Bailey Speaks,High,,,
2023-03-01,8:00am,USD,FOMC Member Kashkari Speaks,Medium,,,
2023-03-01,8:45am,USD,Final Manufacturing PMI,Medium,47.8,47.8,
2023-03-01,9:00am,USD,ISM Manufacturing PMI,High,47.9,47.4,
2023-03-01,9:00am,USD,Construction Spending m/m,Medium,0.2%,-0.7%,
2023-03-01,9:00am,USD,ISM Manufacturing Prices,Medium,45.5,44.5,
2023-03-01,All Day,USD,Wards Total Vehicle Sales,Medium,14.7M,15.7M,
2023-03-01,9:30am,USD,Crude Oil Inventories,Medium,1.7M,7.6M,
2023-03-01,5:50pm,JPY,Capital Spending q/y,Medium,7.2%,9.8%,
2023-03-01,5:50pm,JPY,Monetary Base y/y,Medium,-3.2%,-3.8%,
2023-03-01,9:35pm,JPY,10-y Bond Auction,Medium,,0.49|4.6,
2023-03-01,11:00pm,JPY,Consumer Confidence,Medium,32.1,31.0,
2023-03-02,2:00am,EUR,Spanish Unemployment Change,Medium,11.5K,70.7K,
2023-03-02,3:00am,EUR,Italian Monthly Unemployment Rate,Medium,7.8%,7.8%,
2023-03-02,3:49am,EUR,Spanish 10-y Bond Auction,Medium,,3.40|1.8,
2023-03-02,4:00am,EUR,Core CPI Flash Estimate y/y,Low,5.3%,5.3%,
2023-03-02,4:00am,EUR,CPI Flash Estimate y/y,Low,8.3%,8.6%,
2023-03-02,4:00am,EUR,Italian Prelim CPI m/m,Medium,0.1%,0.1%,
2023-03-02,4:00am,EUR,Unemployment Rate,Medium,6.6%,6.6%,
2023-03-02,4:03am,EUR,French 10-y Bond Auction,Medium,,2.68|2.1,
2023-03-02,6:30am,EUR,ECB Monetary Policy Meeting Accounts,Medium,,,
2023-03-02,7:30am,USD,Unemployment Claims,Low,196K,192K,
2023-03-02,7:30am,USD,Revised Nonfarm Productivity q/q,Medium,2.5%,3.0%,
2023-03-02,7:30am,USD,Revised Unit Labor Costs q/q,Medium,1.6%,1.1%,
2023-03-02,9:00am,GBP,MPC Member Pill Speaks,Medium,,,
2023-03-02,9:30am,USD,Natural Gas Storage,Medium,-72B,-71B,
2023-03-02,3:00pm,USD,FOMC Member Waller Speaks,Low,,,
2023-03-02,5:00pm,USD,FOMC Member Kashkari Speaks,Medium,,,
2023-03-02,5:30pm,JPY,Tokyo Core CPI y/y,Medium,3.3%,4.3%,
2023-03-02,5:30pm,JPY,Unemployment Rate,Medium,2.5%,2.5%,
2023-03-03,1:45am,EUR,French Industrial Production m/m,Medium,-0.2%,1.5%,
2023-03-03,2:15am,EUR,Spanish Services PMI,Medium,53.8,52.7,
2023-03-03,2:45am,EUR,Italian Services PMI,Medium,52.4,51.2,
2023-03-03,2:50am,EUR,French Final Services PMI,Medium,52.8,52.8,
2023-03-03,2:55am,EUR,German Final Services PMI,Medium,51.3,51.3,
2023-03-03,3:00am,EUR,Final Services PMI,Medium,53.0,53.0,
2023-03-03,3:30am,GBP,Final Services PMI,Medium,53.3,53.3,
2023-03-03,4:00am,EUR,PPI m/m,Medium,-0.3%,1.1%,
2023-03-03,8:45am,USD,Final Services PMI,Medium,50.5,50.5,
2023-03-03,9:00am,USD,ISM Services PMI,High,54.5,55.2,
2023-03-03,10:00am,USD,Fed Monetary Policy Report,Medium,,,
2023-03-03,10:00am,USD,FOMC Member Logan Speaks,Medium,,,
2023-03-06,3:30am,EUR,Sentix Investor Confidence,Medium,-5.6,-8.0,
2023-03-06,3:30am,GBP,Construction PMI,Medium,48.7,48.4,
2023-03-06,4:00am,EUR,Retail Sales m/m,Medium,0.7%,-1.7%,
2023-03-06,9:00am,USD,Factory Orders m/m,Medium,-1.8%,1.7%,
2023-03-06,5:30pm,JPY,Average Cash Earnings y/y,Medium,1.9%,4.1%,
2023-03-06,6:01pm,GBP,BRC Retail Sales Monitor y/y,Medium,4.8%,3.9%,
2023-03-06,9:35pm,JPY,30-y Bond Auction,Medium,,1.54|3.3,
2023-03-07,1:00am,EUR,German Factory Orders m/m,Medium,-0.6%,3.4%,
2023-03-07,1:00am,GBP,Halifax HPI m/m,Medium,-0.3%,0.2%,
2023-03-07,2:00am,CHF,Foreign Currency Reserves,Medium,,785B,
2023-03-07,9:00am,USD,Fed Chairman Powell Testifies,High,,,
2023-03-07,9:00am,USD,Final Wholesale Inventories m/m,Medium,-0.4%,-0.4%,
2023-03-07,9:00am,USD,RCM/TIPP Economic Optimism,Medium,47.2,45.1,
2023-03-07,12:00pm,CHF,SNB Chairman Jordan Speaks,Low,,,
2023-03-07,2:00pm,USD,Consumer Credit m/m,Medium,25.2B,10.7B,
2023-03-07,3:30pm,USD,API Weekly Statistical Bulletin,Medium,,,
2023-03-07,5:50pm,JPY,Bank Lending y/y,Medium,3.2%,3.1%,
2023-03-07,5:50pm,JPY,Current Account,Medium,0.80T,1.18T,
2023-03-07,11:00pm,JPY,Leading Indicators,Medium,96.9%,97.2%,
2023-03-08,1:00am,EUR,German Industrial Production m/m,Medium,1.4%,-2.4%,
2023-03-08,1:00am,EUR,German Retail Sales m/m,Medium,2.3%,-1.7%,
2023-03-08,3:00am,EUR,Italian Retail Sales m/m,Medium,0.2%,-0.2%,
2023-03-08,3:30am,GBP,MPC Member Dhingra Speaks,Medium,,,
2023-03-08,4:00am,EUR,ECB President Lagarde Speaks,Low,,,
2023-03-08,4:00am,EUR,Final Employment Change q/q,Medium,0.4%,0.4%,
2023-03-08,4:00am,EUR,Revised GDP q/q,Medium,0.0%,0.1%,
2023-03-08,7:15am,USD,ADP Non-Farm Employment Change,High,197K,119K,
2023-03-08,7:30am,USD,Trade Balance,Medium,-68.7B,-67.2B,
2023-03-08,9:00am,USD,Fed Chairman Powell Testifies,High,,,
2023-03-08,9:00am,USD,JOLTS Job Openings,High,10.58M,11.23M,
2023-03-08,9:30am,USD,Crude Oil Inventories,Medium,1.3M,1.2M,
2023-03-08,12:01pm,USD,10-y Bond Auction,Low,,3.61|2.7,
2023-03-08,1:00pm,USD,Beige Book,Medium,,,
2023-03-08,5:50pm,JPY,Final GDP Price Index y/y,Medium,1.1%,1.1%,
2023-03-08,5:50pm,JPY,Final GDP q/q,Medium,0.2%,0.2%,
2023-03-08,5:50pm,JPY,M2 Money Stock y/y,Medium,2.8%,2.7%,
2023-03-08,6:01pm,GBP,RICS House Price Balance,Medium,-48%,-46%,
2023-03-08,11:58pm,JPY,Prelim Machine Tool Orders y/y,Medium,,-9.7%,
2023-03-09,6:30am,USD,Challenger Job Cuts y/y,Medium,,440.0%,
2023-03-09,7:30am,USD,Unemployment Claims,Low,195K,190K,
2023-03-09,9:00am,USD,FOMC Member Barr Speaks,Medium,,,
2023-03-09,9:30am,USD,Natural Gas Storage,Medium,-76B,-81B,
2023-03-09,12:01pm,USD,30-y Bond Auction,Medium,,3.69|2.2,
2023-03-09,5:30pm,JPY,Household Spending y/y,Medium,-0.2%,-1.3%,
2023-03-09,5:50pm,JPY,PPI y/y,Medium,8.4%,9.5%,
2023-03-09,8:31pm,JPY,Monetary Policy Statement,High,,,
2023-03-09,8:31pm,JPY,BOJ Policy Rate,Medium,-0.10%,-0.10%,
2023-03-10,1:00am,EUR,German Final CPI m/m,Medium,0.8%,0.8%,
2023-03-10,1:00am,GBP,GDP m/m,High,0.1%,-0.5%,
2023-03-10,1:00am,GBP,Construction Output m/m,Medium,0.0%,0.0%,
2023-03-10,1:00am,GBP,Goods Trade Balance,Medium,-17.5B,-19.3B,
2023-03-10,1:00am,GBP,Index of Services 3m/3m,Medium,-0.1%,0.0%,
2023-03-10,1:00am,GBP,Industrial Production m/m,Medium,0.0%,0.3%,
2023-03-10,1:00am,GBP,Manufacturing Production m/m,Medium,0.1%,0.0%,
2023-03-10,1:45am,EUR,French Trade Balance,Medium,-14.0B,-14.7B,
2023-03-10,5:40am,GBP,NIESR GDP Estimate,Medium,,0.0%,
2023-03-10,7:30am,USD,Average Hourly Earnings m/m,High,0.3%,0.3%,
2023-03-10,7:30am,USD,Non-Farm Employment Change,High,224K,504K,
2023-03-10,7:30am,USD,Unemployment Rate,High,3.4%,3.4%,
2023-03-10,1:00pm,USD,Federal Budget Balance,Medium,-261.0B,-38.8B,
2023-03-12,SunMar 12,USD,Daylight Saving Time Shift,Low,,,
2023-03-12,5:20pm,USD,Fed Announcement,High,,,
2023-03-12,6:50pm,JPY,BSI Manufacturing Index,Medium,-4.2,-3.6,
2023-03-13,1:05pm,GBP,MPC Member Dhingra Speaks,Medium,,,
2023-03-14,TueMar 14,GBP,Average Earnings Index 3m/y,Low,5.7%,6.0%,
2023-03-14,TueMar 14,GBP,Unemployment Rate,Medium,3.8%,3.7%,
2023-03-14,2:30am,CHF,PPI m/m,Medium,0.5%,0.7%,
2023-03-14,4:00am,EUR,Italian Industrial Production m/m,Medium,-0.3%,1.2%,
2023-03-14,4:59am,USD,NFIB Small Business Index,Medium,90.3,90.3,
2023-03-14,5:02am,GBP,10-y Bond Auction,Medium,,3.53|2.4,
2023-03-14,All Day,EUR,ECOFIN Meetings,Medium,,,
2023-03-14,7:30am,USD,Core CPI m/m,High,0.4%,0.4%,
2023-03-14,7:30am,USD,CPI m/m,High,0.4%,0.5%,
2023-03-14,7:30am,USD,CPI y/y,High,6.0%,6.4%,
2023-03-14,8:30am,GBP,CB Leading Index m/m,Medium,,-0.8%,
2023-03-14,3:30pm,USD,API Weekly Statistical Bulletin,Medium,,,
2023-03-14,4:20pm,USD,FOMC Member Bowman Speaks,Medium,,,
2023-03-14,6:50pm,JPY,Monetary Policy Meeting Minutes,Medium,,,
2023-03-15,2:45am,EUR,French Final CPI m/m,Medium,0.9%,0.9%,
2023-03-15,4:00am,EUR,Italian Quarterly Unemployment Rate,Medium,7.8%,8.0%,
2023-03-15,5:00am,EUR,Industrial Production m/m,Medium,0.3%,-1.3%,
2023-03-15,5:39am,EUR,German 30-y Bond Auction,Medium,,2.26|1.1,
2023-03-15,7:30am,GBP,Annual Budget Release,High,,,
2023-03-15,7:30am,USD,Core PPI m/m,High,0.4%,0.1%,
2023-03-15,7:30am,USD,Core Retail Sales m/m,High,-0.1%,2.4%,
2023-03-15,7:30am,USD,Empire State Manufacturing Index,High,-7.9,-5.8,
2023-03-15,7:30am,USD,PPI m/m,High,0.3%,0.3%,
2023-03-15,7:30am,USD,Retail Sales m/m,High,-0.3%,3.2%,
2023-03-15,9:00am,USD,Business Inventories m/m,Medium,0.0%,0.3%,
2023-03-15,9:00am,USD,NAHB Housing Market Index,Medium,40,42,
2023-03-15,9:30am,USD,Crude Oil Inventories,Medium,1.3M,-1.7M,
2023-03-15,3:00pm,USD,TIC Long-Term Purchases,Medium,130.7B,152.8B,
2023-03-15,6:50pm,JPY,Core Machinery Orders m/m,Medium,1.5%,1.6%,
2023-03-15,6:50pm,JPY,Trade Balance,Medium,-1.46T,-1.82T,
2023-03-15,11:30pm,JPY,Revised Industrial Production m/m,Medium,-4.6%,-4.6%,
2023-03-16,4:40am,EUR,Spanish 10-y Bond Auction,Medium,,3.77|1.9,
2023-03-16,7:30am,USD,Unemployment Claims,High,205K,212K,
2023-03-16,7:30am,USD,Philly Fed Manufacturing Index,Low,-14.7,-24.3,
2023-03-16,7:30am,USD,Building Permits,Medium,1.34M,1.34M,
2023-03-16,7:30am,USD,Housing Starts,Medium,1.32M,1.32M,
2023-03-16,7:30am,USD,Import Prices m/m,Medium,-0.2%,-0.4%,
2023-03-16,8:15am,EUR,Main Refinancing Rate,High,3.50%,3.00%,
2023-03-16,8:15am,EUR,Monetary Policy Statement,High,,,
2023-03-16,8:45am,EUR,ECB Press Conference,High,,,
2023-03-16,9:00am,USD,Treasury Sec Yellen Speaks,Low,,,
2023-03-16,9:30am,USD,Natural Gas Storage,Medium,-62B,-84B,
2023-03-16,11:30pm,JPY,Tertiary Industry Activity m/m,Medium,0.5%,-0.4%,
2023-03-17,4:00am,EUR,Italian Trade Balance,Medium,1.50B,1.36B,
2023-03-17,4:30am,GBP,Consumer Inflation Expectations,Medium,,4.8%,
2023-03-17,5:00am,EUR,Final Core CPI y/y,Medium,5.6%,5.6%,
2023-03-17,5:00am,EUR,Final CPI y/y,Medium,8.5%,8.6%,
2023-03-17,8:15am,USD,Capacity Utilization Rate,Medium,78.5%,78.0%,
2023-03-17,8:15am,USD,Industrial Production m/m,Medium,0.2%,0.3%,
2023-03-17,9:00am,USD,Prelim UoM Consumer Sentiment,High,66.9,67.0,
2023-03-17,9:00am,USD,Prelim UoM Inflation Expectations,Low,,4.1%,
2023-03-17,9:00am,USD,CB Leading Index m/m,Medium,-0.3%,-0.3%,
2023-03-19,6:50pm,JPY,BOJ Summary of Opinions,Medium,,,
2023-03-19,7:01pm,GBP,Rightmove HPI m/m,Medium,,0.0%,
2023-03-20,5:00am,EUR,Trade Balance,Medium,-17.3B,-13.4B,
2023-03-20,6:00am,EUR,German Buba Monthly Report,Medium,,,
2023-03-20,9:00am,EUR,ECB President Lagarde Speaks,Low,,,
2023-03-20,All Day,JPY,Bank Holiday,Low,,,
2023-03-21,TueMar 21,GBP,Public Sector Net Borrowing,Medium,10.1B,-9.1B,
2023-03-21,5:00am,EUR,German ZEW Economic Sentiment,Low,14.9,28.1,
2023-03-21,5:00am,EUR,ZEW Economic Sentiment,Medium,16.0,29.7,
2023-03-21,5:02am,GBP,30-y Bond Auction,Medium,,3.41|2.1,
2023-03-21,7:30am,EUR,ECB President Lagarde Speaks,Low,,,
2023-03-21,9:00am,USD,Existing Home Sales,Low,4.19M,4.00M,
2023-03-21,9:00am,USD,Treasury Sec Yellen Speaks,Low,,,
2023-03-21,3:30pm,USD,API Weekly Statistical Bulletin,Medium,,,
2023-03-22,WedMar 22,GBP,Core CPI y/y,Medium,5.7%,5.8%,
2023-03-22,WedMar 22,GBP,PPI Input m/m,Medium,-0.2%,0.4%,
2023-03-22,WedMar 22,GBP,PPI Output m/m,Medium,0.1%,0.5%,
2023-03-22,WedMar 22,GBP,RPI y/y,Medium,13.3%,13.4%,
2023-03-22,3:45am,EUR,ECB President Lagarde Speaks,Low,,,
2023-03-22,4:02am,EUR,Current Account,Medium,16.5B,13.3B,
2023-03-22,4:30am,GBP,HPI y/y,Medium,7.1%,9.3%,
2023-03-22,5:32am,EUR,German 10-y Bond Auction,Medium,,2.56|2.0,
2023-03-22,6:00am,GBP,CBI Industrial Order Expectations,Medium,-15,-16,
2023-03-22,9:30am,USD,Crude Oil Inventories,Medium,-1.7M,1.6M,
2023-03-22,12:00pm,EUR,German Buba President Nagel Speaks,Medium,,,
2023-03-22,1:00pm,USD,Federal Funds Rate,High,5.00%,4.75%,
2023-03-22,1:00pm,USD,FOMC Economic Projections,High,,,
2023-03-22,1:00pm,USD,FOMC Statement,High,,,
2023-03-22,1:30pm,USD,FOMC Press Conference,High,,,
2023-03-22,1:30pm,USD,Treasury Sec Yellen Speaks,Low,,,
2023-03-23,ThuMar 23,CHF,SNB Policy Rate,High,1.50%,1.00%,
2023-03-23,4:00am,CHF,SNB Press Conference,High,,,
2023-03-23,7:00am,GBP,Monetary Policy Summary,High,,,
2023-03-23,7:00am,GBP,MPC Official Bank Rate Votes,High,7-0-2,7-0-2,
2023-03-23,7:00am,GBP,Official Bank Rate,High,4.25%,4.00%,
2023-03-23,7:00am,GBP,BOE Inflation Letter,Medium,,,
2023-03-23,7:30am,USD,Unemployment Claims,High,198K,192K,
2023-03-23,7:30am,USD,Current Account,Medium,-213B,-219B,
2023-03-23,9:00am,GBP,BOE Gov Bailey Speaks,High,,,
2023-03-23,9:00am,USD,New Home Sales,Low,650K,633K,
2023-03-23,9:30am,USD,Natural Gas Storage,Medium,-75B,-58B,
2023-03-23,9:57am,EUR,Consumer Confidence,Medium,-18,-19,
2023-03-23,10:00am,GBP,MPC Member Mann Speaks,Medium,,,
2023-03-23,2:00pm,USD,Treasury Sec Yellen Speaks,Low,,,
2023-03-23,6:30pm,JPY,National Core CPI y/y,Low,3.1%,4.2%,
2023-03-23,7:01pm,GBP,GfK Consumer Confidence,Medium,-35,-38,
2023-03-23,7:30pm,JPY,Flash Manufacturing PMI,Medium,48.2,47.7,
2023-03-24,3:15am,EUR,French Flash Manufacturing PMI,High,48.1,47.4,
2023-03-24,3:15am,EUR,French Flash Services PMI,High,52.4,53.1,
2023-03-24,3:30am,EUR,German Flash Manufacturing PMI,High,47.1,46.3,
2023-03-24,3:30am,EUR,German Flash Services PMI,High,51.0,50.9,
2023-03-24,4:00am,EUR,Flash Manufacturing PMI,Low,48.9,48.5,
2023-03-24,4:00am,EUR,Flash Services PMI,Low,52.6,52.7,
2023-03-24,4:15am,EUR,German Buba President Nagel Speaks,Medium,,,
2023-03-24,4:30am,GBP,Flash Manufacturing PMI,High,49.8,49.3,
2023-03-24,4:30am,GBP,Flash Services PMI,High,53.1,53.5,
2023-03-24,All Day,EUR,Euro Summit,High,,,
2023-03-24,7:30am,USD,Core Durable Goods Orders m/m,Low,0.2%,0.8%,
2023-03-24,7:30am,USD,Durable Goods Orders m/m,Low,0.4%,-5.0%,
2023-03-24,8:45am,USD,Flash Manufacturing PMI,High,47.0,47.3,
2023-03-24,8:45am,USD,Flash Services PMI,High,50.3,50.6,
2023-03-24,9:00am,EUR,Belgian NBB Business Climate,Medium,-12.5,-12.8,
2023-03-24,9:30am,GBP,MPC Member Mann Speaks,Medium,,,
2023-03-25,SatMar 25,EUR,Daylight Saving Time Shift,Low,,,
2023-03-25,SatMar 25,GBP,Daylight Saving Time Shift,Low,,,
2023-03-27,MonMar 27,EUR,M3 Money Supply y/y,Medium,3.2%,3.5%,
2023-03-27,MonMar 27,EUR,Private Loans y/y,Medium,3.6%,3.6%,
2023-03-27,4:30am,EUR,German Buba President Nagel Speaks,Medium,,,
2023-03-27,5:00am,GBP,CBI Realized Sales,Medium,-2,2,
2023-03-27,12:00pm,GBP,BOE Gov Bailey Speaks,High,,,
2023-03-27,4:00pm,USD,FOMC Member Jefferson Speaks,Medium,,,
2023-03-27,6:01pm,GBP,BRC Shop Price Index y/y,Medium,,8.4%,
2023-03-27,11:00pm,JPY,BOJ Gov Kuroda Speaks,Low,,,
2023-03-28,3:45am,GBP,BOE Gov Bailey Speaks,High,,,
2023-03-28,7:30am,USD,Goods Trade Balance,Medium,-90.2B,-91.1B,
2023-03-28,7:30am,USD,Prelim Wholesale Inventories m/m,Medium,-0.1%,-0.4%,
2023-03-28,8:00am,EUR,ECB President Lagarde Speaks,Low,,,
2023-03-28,8:00am,EUR,German Buba President Nagel Speaks,Medium,,,
2023-03-28,8:00am,USD,HPI m/m,Medium,-0.2%,-0.1%,
2023-03-28,8:00am,USD,S&P/CS Composite-20 HPI y/y,Medium,2.6%,4.6%,
2023-03-28,8:59am,USD,Richmond Manufacturing Index,Low,-10,-16,
2023-03-28,9:00am,USD,CB Consumer Confidence,High,101.0,103.4,
2023-03-28,9:00am,USD,FOMC Member Barr Speaks,Medium,,,
2023-03-28,3:30pm,USD,API Weekly Statistical Bulletin,Medium,,,
2023-03-29,3:00am,CHF,UBS Economic Expectations,Medium,,-12.3,
2023-03-29,3:30am,GBP,M4 Money Supply m/m,Medium,0.9%,1.2%,
2023-03-29,3:32am,GBP,Mortgage Approvals,Medium,41K,40K,
2023-03-29,3:32am,GBP,Net Lending to Individuals m/m,Medium,3.7B,3.7B,
2023-03-29,4:30am,GBP,FPC Meeting Minutes,Medium,,,
2023-03-29,4:30am,GBP,FPC Statement,Medium,,,
2023-03-29,8:00am,CHF,SNB Quarterly Bulletin,Medium,,,
2023-03-29,9:00am,USD,Pending Home Sales m/m,Low,-2.9%,8.1%,
2023-03-29,9:00am,USD,FOMC Member Barr Speaks,Medium,,,
2023-03-29,9:30am,USD,Crude Oil Inventories,Medium,1.8M,1.1M,
2023-03-29,1:55pm,GBP,MPC Member Mann Speaks,Medium,,,
2023-03-30,2:00am,CHF,KOF Economic Barometer,Medium,100.4,98.9,
2023-03-30,2:00am,EUR,Spanish Flash CPI y/y,Low,3.9%,6.0%,
2023-03-30,3:00am,EUR,ECB Economic Bulletin,Medium,,,
2023-03-30,3:00am,EUR,Italian Monthly Unemployment Rate,Medium,7.9%,8.0%,
2023-03-30,4:10am,EUR,Italian 10-y Bond Auction,Medium,,4.34|1.3,
2023-03-30,7:30am,USD,Final GDP q/q,High,2.7%,2.7%,
2023-03-30,7:30am,USD,Unemployment Claims,High,196K,191K,
2023-03-30,7:30am,USD,Final GDP Price Index q/q,Low,3.9%,3.9%,
2023-03-30,9:30am,USD,Natural Gas Storage,Medium,-55B,-72B,
2023-03-30,11:00am,CHF,Gov Board Member Maechler Speaks,Low,,,
2023-03-30,12:00pm,USD,FOMC Member Kashkari Speaks,Medium,,,
2023-03-30,2:45pm,USD,Treasury Sec Yellen Speaks,Low,,,
2023-03-30,6:30pm,JPY,Tokyo Core CPI y/y,Low,3.1%,3.3%,
2023-03-30,6:30pm,JPY,Unemployment Rate,Medium,2.4%,2.4%,
2023-03-30,6:50pm,JPY,Prelim Industrial Production m/m,Medium,2.8%,-5.3%,
2023-03-30,6:50pm,JPY,Retail Sales y/y,Medium,5.9%,5.0%,
2023-03-31,1:00am,EUR,German Import Prices m/m,Medium,-1.0%,-1.2%,
2023-03-31,1:00am,EUR,German Retail Sales m/m,Medium,0.5%,0.1%,
2023-03-31,1:00am,GBP,Current Account,Medium,-17.5B,-12.7B,
2023-03-31,1:00am,GBP,Final GDP q/q,Medium,0.0%,0.0%,
2023-03-31,1:00am,GBP,Nationwide HPI m/m,Medium,-0.3%,-0.5%,
2023-03-31,1:00am,GBP,Revised Business Investment q/q,Medium,4.8%,4.8%,
2023-03-31,1:30am,CHF,Retail Sales y/y,Medium,-1.0%,-2.2%,
2023-03-31,1:45am,EUR,French Consumer Spending m/m,Medium,0.0%,1.7%,
2023-03-31,1:45am,EUR,French Prelim CPI m/m,Medium,0.6%,1.0%,
2023-03-31,2:55am,EUR,German Unemployment Change,Medium,1K,6K,
2023-03-31,4:00am,EUR,Core CPI Flash Estimate y/y,Low,5.7%,5.6%,
2023-03-31,4:00am,EUR,CPI Flash Estimate y/y,Low,7.1%,8.5%,
2023-03-31,4:00am,EUR,Italian Prelim CPI m/m,Medium,0.0%,0.2%,
2023-03-31,4:00am,EUR,Unemployment Rate,Medium,6.6%,6.6%,
2023-03-31,7:30am,USD,Core PCE Price Index m/m,High,0.4%,0.5%,
2023-03-31,7:30am,USD,Personal Income m/m,Medium,0.2%,0.6%,
2023-03-31,7:30am,USD,Personal Spending m/m,Medium,0.3%,2.0%,
2023-03-31,8:45am,USD,Chicago PMI,Low,43.1,43.6,
2023-03-31,9:00am,USD,Revised UoM Consumer Sentiment,Low,63.1,63.4,
2023-03-31,9:00am,USD,Revised UoM Inflation Expectations,Medium,,3.8%,
2023-03-31,10:00am,EUR,ECB President Lagarde Speaks,Low,,,
2023-03-31,2:05pm,USD,FOMC Member Williams Speaks,Medium,,,
2023-03-31,4:45pm,USD,FOMC Member Cook Speaks,Medium,,,
2023-03-31,9:00pm,USD,FOMC Member Waller Speaks,Low,,,
2023-04-02,SunApr 2,JPY,Tankan Non-Manufacturing Index,Medium,20,19,
2023-04-02,7:30pm,JPY,Final Manufacturing PMI,Medium,48.6,48.6,
2023-04-03,MonApr 3,CHF,CPI m/m,High,0.4%,0.7%,
2023-04-03,1:45am,EUR,French Gov Budget Balance,Medium,,-21.1B,
2023-04-03,2:15am,EUR,Spanish Manufacturing PMI,Medium,50.1,50.7,
2023-04-03,2:30am,CHF,Manufacturing PMI,Medium,48.5,48.9,
2023-04-03,2:45am,EUR,Italian Manufacturing PMI,Medium,51.1,52.0,
2023-04-03,2:50am,EUR,French Final Manufacturing PMI,Medium,47.7,47.7,
2023-04-03,2:55am,EUR,German Final Manufacturing PMI,Medium,44.4,44.4,
2023-04-03,3:00am,EUR,Final Manufacturing PMI,Medium,47.1,47.1,
2023-04-03,3:30am,GBP,Final Manufacturing PMI,Medium,48.0,48.0,
2023-04-03,8:45am,USD,Final Manufacturing PMI,Medium,49.3,49.3,
2023-04-03,9:00am,USD,ISM Manufacturing PMI,High,47.5,47.7,
2023-04-03,9:00am,USD,ISM Manufacturing Prices,Low,51.2,51.3,
2023-04-03,9:00am,USD,Construction Spending m/m,Medium,0.0%,0.4%,
2023-04-03,All Day,USD,Wards Total Vehicle Sales,Medium,14.5M,14.9M,
2023-04-03,3:15pm,USD,FOMC Member Cook Speaks,Medium,,,
2023-04-03,6:50pm,JPY,Monetary Base y/y,Medium,2.0%,-1.6%,
2023-04-03,10:35pm,JPY,10-y Bond Auction,Medium,,0.50|7.6,
2023-04-04,2:00am,EUR,Spanish Unemployment Change,Medium,8.5K,2.6K,
2023-04-04,4:00am,EUR,PPI m/m,Medium,-0.5%,-2.8%,
2023-04-04,4:15am,GBP,MPC Member Tenreyro Speaks,Medium,,,
2023-04-04,9:00am,USD,JOLTS Job Openings,High,10.49M,10.56M,
2023-04-04,9:00am,USD,Factory Orders m/m,Medium,-0.4%,-2.1%,
2023-04-04,9:00am,USD,RCM/TIPP Economic Optimism,Medium,47.2,46.9,
2023-04-04,9:30am,GBP,MPC Member Pill Speaks,Medium,,,
2023-04-04,12:30pm,USD,FOMC Member Cook Speaks,Medium,,,
2023-04-04,3:30pm,USD,API Weekly Statistical Bulletin,Medium,,,
2023-04-05,1:45am,EUR,French Industrial Production m/m,Medium,0.5%,-1.4%,
2023-04-05,2:15am,EUR,Spanish Services PMI,Medium,57.6,56.7,
2023-04-05,2:45am,EUR,Italian Services PMI,Medium,53.8,51.6,
2023-04-05,2:50am,EUR,French Final Services PMI,Medium,55.5,55.5,
2023-04-05,2:55am,EUR,German Final Services PMI,Medium,53.9,53.9,
2023-04-05,3:00am,EUR,Final Services PMI,Medium,55.6,55.6,
2023-04-05,3:30am,GBP,Final Services PMI,Medium,52.8,52.8,
2023-04-05,4:00am,EUR,Italian Retail Sales m/m,Medium,0.5%,1.7%,
2023-04-05,4:15am,GBP,MPC Member Tenreyro Speaks,Medium,,,
2023-04-05,7:15am,USD,ADP Non-Farm Employment Change,High,208K,261K,
2023-04-05,7:30am,USD,Trade Balance,Medium,-68.9B,-68.7B,
2023-04-05,8:45am,USD,Final Services PMI,Medium,53.8,53.8,
2023-04-05,9:00am,USD,ISM Services PMI,High,54.3,55.1,
2023-04-05,9:30am,USD,Crude Oil Inventories,Medium,-1.6M,-7.5M,
2023-04-05,10:35pm,JPY,30-y Bond Auction,Medium,,1.42|3.0,
2023-04-06,1:00am,EUR,German Industrial Production m/m,Medium,-0.1%,3.7%,
2023-04-06,1:00am,GBP,Halifax HPI m/m,Medium,-0.5%,1.2%,
2023-04-06,2:00am,CHF,Foreign Currency Reserves,Medium,,770B,
2023-04-06,3:30am,GBP,Construction PMI,Medium,53.4,54.6,
2023-04-06,3:30am,GBP,Housing Equity Withdrawal q/q,Medium,2.3B,-6.3B,
2023-04-06,4:05am,EUR,French 10-y Bond Auction,Medium,,3.20|2.3,
2023-04-06,6:30am,USD,Challenger Job Cuts y/y,Medium,,410.1%,
2023-04-06,7:30am,USD,Unemployment Claims,High,200K,246K,
2023-04-06,9:30am,USD,Natural Gas Storage,Medium,-20B,-47B,
2023-04-06,6:30pm,JPY,Average Cash Earnings y/y,Medium,1.2%,0.8%,
2023-04-06,6:30pm,JPY,Household Spending y/y,Medium,4.9%,-0.3%,
2023-04-06,11:59pm,JPY,Leading Indicators,Medium,97.5%,96.6%,
2023-04-07,1:45am,EUR,French Trade Balance,Medium,-11.8B,-12.5B,
2023-04-07,All Day,GBP,Bank Holiday,Low,,,
2023-04-07,All Day,EUR,German Bank Holiday,Low,,,
2023-04-07,7:30am,USD,Average Hourly Earnings m/m,High,0.3%,0.2%,
2023-04-07,7:30am,USD,Non-Farm Employment Change,High,228K,326K,
2023-04-07,7:30am,USD,Unemployment Rate,High,3.6%,3.6%,
2023-04-07,2:00pm,USD,Consumer Credit m/m,Medium,18.3B,19.5B,
2023-04-09,6:50pm,JPY,Current Account,Medium,1.43T,0.20T,
2023-04-10,1:00am,JPY,Economy Watchers Sentiment,Medium,52.9,52.0,
2023-04-10,All Day,CHF,Bank Holiday,Low,,,
2023-04-10,All Day,GBP,Bank Holiday,Low,,,
2023-04-10,All Day,EUR,French Bank Holiday,Low,,,
2023-04-10,All Day,EUR,German Bank Holiday,Low,,,
2023-04-10,All Day,EUR,Italian Bank Holiday,Low,,,
2023-04-10,9:00am,USD,Final Wholesale Inventories m/m,Medium,0.2%,0.2%,
2023-04-10,3:15pm,USD,FOMC Member Williams Speaks,Medium,,,
2023-04-10,6:01pm,GBP,BRC Retail Sales Monitor y/y,Medium,5.1%,4.9%,
2023-04-11,3:30am,EUR,Sentix Investor Confidence,Medium,-11.7,-11.1,
2023-04-11,4:00am,EUR,Retail Sales m/m,Medium,-0.8%,0.8%,
2023-04-11,5:00am,USD,NFIB Small Business Index,Medium,89.6,90.9,
2023-04-11,12:30pm,USD,FOMC Member Goolsbee Speaks,Medium,,,
2023-04-11,3:30pm,USD,API Weekly Statistical Bulletin,Medium,,,
2023-04-11,5:00pm,USD,FOMC Member Harker Speaks,Low,,,
2023-04-11,6:30pm,USD,FOMC Member Kashkari Speaks,Medium,,,
2023-04-11,6:50pm,JPY,Bank Lending y/y,Medium,3.5%,3.3%,
2023-04-11,6:50pm,JPY,Core Machinery Orders m/m,Medium,-6.4%,9.5%,
2023-04-11,6:50pm,JPY,PPI y/y,Medium,7.1%,8.3%,
2023-04-12,7:30am,USD,Core CPI m/m,High,0.4%,0.5%,
2023-04-12,7:30am,USD,CPI m/m,High,0.2%,0.4%,
2023-04-12,7:30am,USD,CPI y/y,High,5.1%,6.0%,
2023-04-12,8:00am,GBP,BOE Gov Bailey Speaks,High,,,
2023-04-12,9:30am,USD,Crude Oil Inventories,Medium,-1.0M,-3.7M,
2023-04-12,12:01pm,USD,10-y Bond Auction,Low,,3.99|2.4,
2023-04-12,1:00pm,USD,FOMC Meeting Minutes,High,,,
2023-04-12,1:00pm,USD,Federal Budget Balance,Medium,-309.5B,-262.4B,
2023-04-12,2:15pm,GBP,BOE Gov Bailey Speaks,High,,,
2023-04-12,6:01pm,GBP,RICS House Price Balance,Medium,-47%,-47%,
2023-04-12,6:50pm,JPY,M2 Money Stock y/y,Medium,2.5%,2.6%,
2023-04-13,ThuApr 13,GBP,GDP m/m,High,0.1%,0.4%,
2023-04-13,ThuApr 13,GBP,Construction Output m/m,Medium,0.9%,-1.7%,
2023-04-13,ThuApr 13,GBP,Goods Trade Balance,Medium,-16.9B,-16.1B,
2023-04-13,ThuApr 13,GBP,Index of Services 3m/3m,Medium,-0.1%,0.1%,
2023-04-13,ThuApr 13,GBP,Industrial Production m/m,Medium,0.2%,-0.5%,
2023-04-13,ThuApr 13,GBP,Manufacturing Production m/m,Medium,0.2%,-0.1%,
2023-04-13,3:00am,EUR,Italian Industrial Production m/m,Medium,0.5%,-0.5%,
2023-04-13,3:30am,GBP,BOE Credit Conditions Survey,Medium,,,
2023-04-13,3:48am,EUR,Spanish 10-y Bond Auction,Medium,,3.36|1.6,
2023-04-13,4:00am,EUR,Industrial Production m/m,Medium,0.9%,1.0%,
2023-04-13,4:02am,GBP,10-y Bond Auction,Medium,,3.50|2.4,
2023-04-13,6:08am,GBP,NIESR GDP Estimate,Medium,,0.1%,
2023-04-13,6:45am,EUR,German Buba President Nagel Speaks,Medium,,,
2023-04-13,7:30am,USD,Core PPI m/m,High,0.2%,0.2%,
2023-04-13,7:30am,USD,PPI m/m,High,0.0%,0.0%,
2023-04-13,7:30am,USD,Unemployment Claims,High,233K,228K,
2023-04-13,8:00am,GBP,MPC Member Pill Speaks,Medium,,,
2023-04-13,8:30am,GBP,CB Leading Index m/m,Medium,,-0.5%,
2023-04-13,9:30am,USD,Natural Gas Storage,Medium,25B,-23B,
2023-04-13,12:01pm,USD,30-y Bond Auction,Low,,3.88|2.4,
2023-04-13,1:00pm,EUR,German Buba President Nagel Speaks,Medium,,,
2023-04-14,1:30am,CHF,PPI m/m,Medium,0.1%,-0.2%,
2023-04-14,1:45am,EUR,French Final CPI m/m,Medium,0.8%,0.8%,
2023-04-14,7:30am,USD,Core Retail Sales m/m,High,-0.4%,0.0%,
2023-04-14,7:30am,USD,Retail Sales m/m,High,-0.4%,-0.2%,
2023-04-14,7:30am,USD,Import Prices m/m,Medium,-0.1%,-0.2%,
2023-04-14,7:45am,USD,FOMC Member Waller Speaks,Low,,,
2023-04-14,8:15am,USD,Capacity Utilization Rate,Medium,79.1%,79.6%,
2023-04-14,8:15am,USD,Industrial Production m/m,Medium,0.3%,0.2%,
2023-04-14,9:00am,USD,Prelim UoM Consumer Sentiment,High,62.0,62.0,
2023-04-14,9:00am,USD,Prelim UoM Inflation Expectations,Low,,3.6%,
2023-04-14,9:00am,USD,Business Inventories m/m,Medium,0.2%,-0.2%,
2023-04-14,10:30am,GBP,MPC Member Tenreyro Speaks,Medium,,,
2023-04-14,1:15pm,EUR,German Buba President Nagel Speaks,Medium,,,
2023-04-17,MonApr 17,USD,Empire State Manufacturing Index,High,-17.7,-24.6,
2023-04-17,8:00am,GBP,MPC Member Cunliffe Speaks,Medium,,,
2023-04-17,9:00am,USD,NAHB Housing Market Index,Medium,45,44,
2023-04-17,10:00am,EUR,ECB President Lagarde Speaks,Low,,,
2023-04-17,3:00pm,USD,TIC Long-Term Purchases,Medium,40.3B,31.9B,
2023-04-18,TueApr 18,GBP,Average Earnings Index 3m/y,Low,5.1%,5.9%,
2023-04-18,TueApr 18,GBP,Unemployment Rate,Medium,3.7%,3.7%,
2023-04-18,3:00am,EUR,Italian Trade Balance,Medium,-3.23B,-4.24B,
2023-04-18,4:00am,EUR,German ZEW Economic Sentiment,Low,15.5,13.0,
2023-04-18,4:00am,EUR,ZEW Economic Sentiment,Medium,12.2,10.0,
2023-04-18,4:15am,GBP,30-y Bond Auction,Medium,,3.86|2.7,
2023-04-18,7:30am,USD,Building Permits,Medium,1.46M,1.55M,
2023-04-18,7:30am,USD,Housing Starts,Medium,1.40M,1.43M,
2023-04-18,12:00pm,USD,FOMC Member Bowman Speaks,Medium,,,
2023-04-18,3:30pm,USD,API Weekly Statistical Bulletin,Medium,,,
2023-04-18,11:30pm,JPY,Revised Industrial Production m/m,Medium,4.5%,4.5%,
2023-04-19,WedApr 19,GBP,Core CPI y/y,Medium,6.0%,6.2%,
2023-04-19,WedApr 19,GBP,PPI Input m/m,Medium,-0.3%,0.0%,
2023-04-19,WedApr 19,GBP,PPI Output m/m,Medium,-0.2%,-0.4%,
2023-04-19,WedApr 19,GBP,RPI y/y,Medium,13.3%,13.8%,
2023-04-19,2:00am,CHF,Gov Board Member Maechler Speaks,Low,,,
2023-04-19,3:00am,EUR,Current Account,Medium,10.3B,18.6B,
2023-04-19,3:30am,GBP,HPI y/y,Medium,5.0%,6.5%,
2023-04-19,4:00am,EUR,Final Core CPI y/y,Medium,5.7%,5.7%,
2023-04-19,4:00am,EUR,Final CPI y/y,Medium,6.9%,6.9%,
2023-04-19,4:34am,EUR,German 10-y Bond Auction,Medium,,2.32|1.4,
2023-04-19,9:30am,USD,Crude Oil Inventories,Medium,-0.4M,0.6M,
2023-04-19,11:00am,CHF,Gov Board Member Schlegel Speaks,Medium,,,
2023-04-19,1:00pm,USD,Beige Book,Medium,,,
2023-04-19,4:30pm,GBP,MPC Member Mann Speaks,Medium,,,
2023-04-19,4:30pm,USD,FOMC Member Goolsbee Speaks,Medium,,,
2023-04-19,6:00pm,USD,FOMC Member Williams Speaks,Medium,,,
2023-04-19,6:50pm,JPY,Trade Balance,Medium,-1.70T,-1.25T,
2023-04-19,11:30pm,JPY,Tertiary Industry Activity m/m,Medium,0.4%,0.7%,
2023-04-20,3:41am,EUR,Spanish 10-y Bond Auction,Medium,,3.40|1.4,
2023-04-20,4:00am,EUR,Trade Balance,Medium,-8.5B,-11.6B,
2023-04-20,6:30am,EUR,ECB Monetary Policy Meeting Accounts,Medium,,,
2023-04-20,7:15am,EUR,ECB President Lagarde Speaks,Low,,,
2023-04-20,7:30am,USD,Unemployment Claims,High,240K,240K,
2023-04-20,7:30am,USD,Philly Fed Manufacturing Index,Low,-19.1,-23.2,
2023-04-20,9:00am,EUR,Consumer Confidence,Medium,-19,-19,
2023-04-20,9:00am,USD,Existing Home Sales,Low,4.50M,4.55M,
2023-04-20,9:00am,USD,CB Leading Index m/m,Medium,-0.7%,-0.5%,
2023-04-20,9:15am,USD,Treasury Sec Yellen Speaks,Low,,,
2023-04-20,9:30am,USD,Natural Gas Storage,Medium,69B,25B,
2023-04-20,11:00am,USD,FOMC Member Waller Speaks,Low,,,
2023-04-20,2:00pm,USD,FOMC Member Bowman Speaks,Medium,,,
2023-04-20,3:30pm,GBP,MPC Member Tenreyro Speaks,Medium,,,
2023-04-20,6:01pm,GBP,GfK Consumer Confidence,Medium,-35,-36,
2023-04-20,6:30pm,JPY,National Core CPI y/y,Medium,3.0%,3.1%,
2023-04-20,6:45pm,USD,FOMC Member Harker Speaks,Low,,,
2023-04-20,7:30pm,JPY,Flash Manufacturing PMI,Medium,49.9,49.2,
2023-04-21,2:15am,EUR,French Flash Manufacturing PMI,High,47.9,47.3,
2023-04-21,2:15am,EUR,French Flash Services PMI,High,53.6,53.9,
2023-04-21,2:30am,EUR,German Flash Manufacturing PMI,High,45.6,44.7,
2023-04-21,2:30am,EUR,German Flash Services PMI,High,53.3,53.7,
2023-04-21,3:00am,EUR,Flash Manufacturing PMI,Low,47.9,47.3,
2023-04-21,3:00am,EUR,Flash Services PMI,Low,54.6,55.0,
2023-04-21,3:30am,GBP,Flash Manufacturing PMI,High,48.3,47.9,
2023-04-21,3:30am,GBP,Flash Services PMI,High,52.9,52.9,
2023-04-21,8:45am,USD,Flash Manufacturing PMI,High,49.0,49.2,
2023-04-21,8:45am,USD,Flash Services PMI,High,51.5,52.6,
2023-04-21,3:35pm,USD,FOMC Member Cook Speaks,Medium,,,
2023-04-24,5:00am,EUR,German Buba Monthly Report,Medium,,,
2023-04-24,8:00am,EUR,Belgian NBB Business Climate,Medium,-5.2,-7.6,
2023-04-24,6:50pm,JPY,SPPI y/y,Medium,1.7%,1.7%,
2023-04-25,1:00am,CHF,Trade Balance,Medium,4.20B,3.14B,
2023-04-25,1:00am,GBP,Public Sector Net Borrowing,Medium,20.5B,12.5B,
2023-04-25,All Day,EUR,Italian Bank Holiday,Low,,,
2023-04-25,4:00am,GBP,MPC Member Broadbent Speaks,Medium,,,
2023-04-25,5:00am,GBP,CBI Industrial Order Expectations,Medium,-21,-20,
2023-04-25,8:00am,USD,HPI m/m,Medium,-0.1%,0.1%,
2023-04-25,8:00am,USD,S&P/CS Composite-20 HPI y/y,Medium,-0.1%,2.6%,
2023-04-25,8:59am,USD,Richmond Manufacturing Index,Low,-8,-5,
2023-04-25,9:00am,USD,CB Consumer Confidence,High,104.1,104.0,
2023-04-25,9:00am,USD,New Home Sales,Low,633K,623K,
2023-04-25,3:30pm,USD,API Weekly Statistical Bulletin,Medium,,,
2023-04-26,3:00am,CHF,UBS Economic Expectations,Medium,,-41.3,
2023-04-26,5:00am,GBP,CBI Realized Sales,Medium,4,1,
2023-04-26,7:30am,USD,Core Durable Goods Orders m/m,Low,-0.2%,-0.1%,
2023-04-26,7:30am,USD,Durable Goods Orders m/m,Low,0.7%,-1.2%,
2023-04-26,7:30am,USD,Goods Trade Balance,Medium,-90.1B,-92.0B,
2023-04-26,7:30am,USD,Prelim Wholesale Inventories m/m,Medium,0.1%,0.1%,
2023-04-26,9:30am,USD,Crude Oil Inventories,Medium,-1.3M,-4.6M,
2023-04-27,4:13am,EUR,Italian 10-y Bond Auction,Medium,,4.12|1.4,
2023-04-27,7:30am,USD,Advance GDP q/q,High,2.0%,2.6%,
2023-04-27,7:30am,USD,Unemployment Claims,High,247K,246K,
2023-04-27,7:30am,USD,Advance GDP Price Index q/q,Low,3.7%,3.9%,
2023-04-27,9:00am,USD,Pending Home Sales m/m,Low,0.6%,0.8%,
2023-04-27,9:30am,USD,Natural Gas Storage,Medium,76B,75B,
2023-04-27,6:30pm,JPY,Tokyo Core CPI y/y,High,3.2%,3.2%,
2023-04-27,6:30pm,JPY,Unemployment Rate,Medium,2.5%,2.6%,
2023-04-27,6:50pm,JPY,Prelim Industrial Production m/m,Medium,0.4%,4.6%,
2023-04-27,6:50pm,JPY,Retail Sales y/y,Medium,6.5%,7.3%,
2023-04-27,11:00pm,JPY,BOJ Outlook Report,High,,,
2023-04-27,11:00pm,JPY,Monetary Policy Statement,High,,,
2023-04-27,11:00pm,JPY,BOJ Policy Rate,Low,-0.10%,-0.10%,
2023-04-28,12:30am,EUR,French Flash GDP q/q,Low,0.2%,0.0%,
2023-04-28,12:30am,EUR,French Consumer Spending m/m,Medium,0.5%,-0.8%,
2023-04-28,1:00am,EUR,German Import Prices m/m,Medium,-1.3%,-2.4%,
2023-04-28,All Day,EUR,German Prelim CPI m/m,High,0.6%,0.8%,
2023-04-28,1:30am,CHF,Retail Sales y/y,Medium,0.4%,-0.5%,
2023-04-28,1:30am,JPY,BOJ Press Conference,High,,,
2023-04-28,1:45am,EUR,French Prelim CPI m/m,Medium,0.5%,0.9%,
2023-04-28,2:00am,CHF,KOF Economic Barometer,Medium,98.0,99.2,
2023-04-28,2:00am,EUR,Spanish Flash CPI y/y,Low,4.4%,3.3%,
2023-04-28,2:00am,EUR,Spanish Flash GDP q/q,Medium,0.3%,0.4%,
2023-04-28,2:55am,EUR,German Unemployment Change,Medium,8K,19K,
2023-04-28,3:00am,CHF,SNB Chairman Jordan Speaks,Low,,,
2023-04-28,3:00am,EUR,Italian Prelim GDP q/q,Medium,0.2%,-0.1%,
2023-04-28,3:00am,EUR,German Prelim GDP q/q,Medium,0.2%,-0.4%,
2023-04-28,4:00am,EUR,Prelim Flash GDP q/q,Medium,0.2%,0.0%,
2023-04-28,Day 1,EUR,ECOFIN Meetings,Medium,,,
2023-04-28,All Day,EUR,Eurogroup Meetings,Medium,,,
2023-04-28,7:30am,USD,Core PCE Price Index m/m,High,0.3%,0.3%,
2023-04-28,7:30am,USD,Employment Cost Index q/q,High,1.1%,1.0%,
2023-04-28,7:30am,USD,Personal Income m/m,Medium,0.2%,0.3%,
2023-04-28,7:30am,USD,Personal Spending m/m,Medium,-0.1%,0.1%,
2023-04-28,8:45am,USD,Chicago PMI,Low,43.6,43.8,
2023-04-28,9:00am,USD,Revised UoM Consumer Sentiment,Low,63.5,63.5,
2023-04-28,9:00am,USD,Revised UoM Inflation Expectations,Medium,,4.6%,
2023-04-30,7:30pm,JPY,Final Manufacturing PMI,Medium,49.5,49.5,
2023-05-01,All Day,CHF,Bank Holiday,Low,,,
2023-05-01,All Day,GBP,Bank Holiday,Low,,,
2023-05-01,All Day,EUR,French Bank Holiday,Low,,,
2023-05-01,All Day,EUR,German Bank Holiday,Low,,,
2023-05-01,All Day,EUR,Italian Bank Holiday,Low,,,
2023-05-01,8:45am,USD,Final Manufacturing PMI,Medium,50.4,50.4,
2023-05-01,9:00am,USD,ISM Manufacturing PMI,High,46.8,46.3,
2023-05-01,9:00am,USD,ISM Manufacturing Prices,Low,49.4,49.2,
2023-05-01,9:00am,USD,Construction Spending m/m,Medium,0.2%,-0.3%,
2023-05-01,6:01pm,GBP,BRC Shop Price Index y/y,Medium,,8.9%,
2023-05-01,6:50pm,JPY,Monetary Base y/y,Medium,-1.3%,-1.0%,
2023-05-02,TueMay 2,GBP,Nationwide HPI m/m,Medium,-0.5%,-0.7%,
2023-05-02,2:00am,CHF,SECO Consumer Climate,Medium,-22,-30,
2023-05-02,2:15am,EUR,Spanish Manufacturing PMI,Medium,49.8,51.3,
2023-05-02,2:30am,CHF,Manufacturing PMI,Medium,47.2,47.0,
2023-05-02,2:45am,EUR,Italian Manufacturing PMI,Medium,49.4,51.1,
2023-05-02,2:50am,EUR,French Final Manufacturing PMI,Medium,45.5,45.5,
2023-05-02,2:55am,EUR,German Final Manufacturing PMI,Medium,44.0,44.0,
2023-05-02,3:00am,EUR,Final Manufacturing PMI,Medium,45.5,45.5,
2023-05-02,3:00am,EUR,M3 Money Supply y/y,Medium,2.4%,2.9%,
2023-05-02,3:00am,EUR,Private Loans y/y,Medium,3.2%,3.2%,
2023-05-02,3:30am,GBP,Final Manufacturing PMI,Medium,46.6,46.6,
2023-05-02,4:00am,EUR,Core CPI Flash Estimate y/y,Low,5.6%,5.7%,
2023-05-02,4:00am,EUR,CPI Flash Estimate y/y,Low,7.0%,6.9%,
2023-05-02,4:00am,EUR,Italian Prelim CPI m/m,Medium,0.3%,-0.4%,
2023-05-02,9:00am,USD,JOLTS Job Openings,High,9.74M,9.97M,
2023-05-02,9:00am,USD,Factory Orders m/m,Medium,1.3%,-1.1%,
2023-05-02,All Day,USD,Wards Total Vehicle Sales,Medium,15.1M,14.8M,
2023-05-02,3:30pm,USD,API Weekly Statistical Bulletin,Medium,,,
2023-05-02,All Day,JPY,Bank Holiday,Low,,,
2023-05-03,3:00am,EUR,Italian Monthly Unemployment Rate,Medium,8.0%,7.9%,
2023-05-03,4:00am,EUR,Unemployment Rate,Medium,6.6%,6.6%,
2023-05-03,7:15am,USD,ADP Non-Farm Employment Change,High,148K,142K,
2023-05-03,8:45am,USD,Final Services PMI,Medium,53.7,53.7,
2023-05-03,9:00am,USD,ISM Services PMI,High,51.8,51.2,
2023-05-03,9:30am,USD,Crude Oil Inventories,Medium,-0.5M,-5.1M,
2023-05-03,1:00pm,USD,Federal Funds Rate,High,5.25%,5.00%,
2023-05-03,1:00pm,USD,FOMC Statement,High,,,
2023-05-03,1:30pm,USD,FOMC Press Conference,High,,,
2023-05-03,All Day,JPY,Bank Holiday,Low,,,
2023-05-04,2:00am,EUR,Spanish Unemployment Change,Medium,-12.4K,-48.8K,
2023-05-04,2:15am,EUR,Spanish Services PMI,Medium,59.2,59.4,
2023-05-04,2:45am,EUR,Italian Services PMI,Medium,56.6,55.7,
2023-05-04,2:50am,EUR,French Final Services PMI,Medium,56.3,56.3,
2023-05-04,2:55am,EUR,German Final Services PMI,Medium,55.7,55.7,
2023-05-04,3:00am,EUR,Final Services PMI,Medium,56.6,56.6,
2023-05-04,3:30am,GBP,Final Services PMI,Medium,54.9,54.9,
2023-05-04,3:30am,GBP,M4 Money Supply m/m,Medium,0.2%,-0.3%,
2023-05-04,3:30am,GBP,Mortgage Approvals,Medium,46K,44K,
2023-05-04,3:30am,GBP,Net Lending to Individuals m/m,Medium,2.8B,2.2B,
2023-05-04,4:00am,EUR,PPI m/m,Medium,-1.4%,-0.4%,
2023-05-04,4:05am,EUR,French 10-y Bond Auction,Medium,,2.70|2.0,
2023-05-04,6:30am,USD,Challenger Job Cuts y/y,Medium,,319.4%,
2023-05-04,7:15am,EUR,Main Refinancing Rate,High,3.75%,3.50%,
2023-05-04,7:15am,EUR,Monetary Policy Statement,High,,,
2023-05-04,7:30am,USD,Unemployment Claims,High,239K,229K,
2023-05-04,7:30am,USD,Prelim Nonfarm Productivity q/q,Medium,-1.7%,1.7%,
2023-05-04,7:30am,USD,Prelim Unit Labor Costs q/q,Medium,5.6%,3.2%,
2023-05-04,7:30am,USD,Trade Balance,Medium,-63.7B,-70.6B,
2023-05-04,7:45am,EUR,ECB Press Conference,High,,,
2023-05-04,9:30am,USD,Natural Gas Storage,Medium,51B,79B,
2023-05-04,All Day,JPY,Bank Holiday,Low,,,
2023-05-05,1:00am,EUR,German Factory Orders m/m,Medium,-2.4%,4.5%,
2023-05-05,1:30am,CHF,CPI m/m,High,0.2%,0.2%,
2023-05-05,1:45am,EUR,French Industrial Production m/m,Medium,-0.5%,1.4%,
2023-05-05,1:45am,EUR,French Prelim Private Payrolls q/q,Medium,0.2%,0.2%,
2023-05-05,2:00am,CHF,Foreign Currency Reserves,Medium,,743B,
2023-05-05,3:00am,EUR,Italian Retail Sales m/m,Medium,-0.3%,-0.1%,
2023-05-05,3:30am,GBP,Construction PMI,Medium,50.9,50.7,
2023-05-05,4:00am,CHF,SNB Chairman Jordan Speaks,Low,,,
2023-05-05,4:00am,EUR,Retail Sales m/m,Medium,-0.2%,-0.2%,
2023-05-05,7:30am,USD,Average Hourly Earnings m/m,High,0.3%,0.3%,
2023-05-05,7:30am,USD,Non-Farm Employment Change,High,181K,165K,
2023-05-05,7:30am,USD,Unemployment Rate,High,3.6%,3.5%,
2023-05-05,12:00pm,USD,FOMC Member Cook Speaks,Medium,,,
2023-05-05,2:00pm,USD,Consumer Credit m/m,Medium,17.3B,15.0B,
2023-05-08,All Day,GBP,Bank Holiday,Low,,,
2023-05-08,All Day,EUR,French Bank Holiday,Low,,,
2023-05-08,3:30am,EUR,Sentix Investor Confidence,Medium,-7.9,-8.7,
2023-05-08,9:00am,USD,Final Wholesale Inventories m/m,Medium,0.1%,0.1%,
2023-05-08,1:00pm,USD,Loan Officer Survey,Medium,,,
2023-05-08,3:00pm,USD,FOMC Financial Stability Report,Medium,,,
2023-05-08,6:01pm,GBP,BRC Retail Sales Monitor y/y,Medium,4.7%,4.9%,
2023-05-08,6:30pm,JPY,Average Cash Earnings y/y,Medium,1.0%,0.8%,
2023-05-08,6:30pm,JPY,Household Spending y/y,Medium,0.9%,1.6%,
2023-05-08,10:35pm,JPY,10-y Bond Auction,Medium,,0.46|3.8,
2023-05-09,1:45am,EUR,French Trade Balance,Medium,-9.5B,-9.3B,
2023-05-09,5:00am,USD,NFIB Small Business Index,Medium,89.6,90.1,
2023-05-09,7:30am,USD,FOMC Member Jefferson Speaks,Medium,,,
2023-05-09,9:00am,USD,RCM/TIPP Economic Optimism,Medium,48.2,47.4,
2023-05-09,11:05am,USD,FOMC Member Williams Speaks,Medium,,,
2023-05-09,3:30pm,USD,API Weekly Statistical Bulletin,Medium,,,
2023-05-10,1:00am,EUR,German Final CPI m/m,Medium,0.4%,0.4%,
2023-05-10,3:00am,EUR,Italian Industrial Production m/m,Medium,0.2%,-0.2%,
2023-05-10,4:03am,GBP,10-y Bond Auction,Medium,,3.59|3.0,
2023-05-10,4:35am,EUR,German 30-y Bond Auction,Medium,,2.31|1.1,
2023-05-10,7:30am,USD,Core CPI m/m,High,0.3%,0.4%,
2023-05-10,7:30am,USD,CPI m/m,High,0.4%,0.1%,
2023-05-10,7:30am,USD,CPI y/y,High,5.0%,5.0%,
2023-05-10,9:30am,USD,Crude Oil Inventories,Medium,-2.2M,-1.3M,
2023-05-10,11:00am,CHF,SNB Chairman Jordan Speaks,Low,,,
2023-05-10,12:01pm,USD,10-y Bond Auction,Low,,3.46|2.4,
2023-05-10,12:53pm,USD,Federal Budget Balance,Medium,220.5B,-378.1B,
2023-05-10,5:55pm,GBP,RICS House Price Balance,Medium,-39%,-43%,
2023-05-10,6:50pm,JPY,Bank Lending y/y,Medium,3.0%,3.0%,
2023-05-10,6:50pm,JPY,BOJ Summary of Opinions,Medium,,,
2023-05-10,6:50pm,JPY,Current Account,Medium,1.31T,1.23T,
2023-05-10,10:35pm,JPY,30-y Bond Auction,Medium,,1.35|3.2,
2023-05-11,6:00am,GBP,BOE Monetary Policy Report,High,,,
2023-05-11,6:00am,GBP,Monetary Policy Summary,High,,,
2023-05-11,6:00am,GBP,MPC Official Bank Rate Votes,High,7-0-2,7-0-2,
2023-05-11,6:00am,GBP,Official Bank Rate,High,4.50%,4.25%,
2023-05-11,6:30am,GBP,BOE Gov Bailey Speaks,High,,,
2023-05-11,7:00am,EUR,ECB President Lagarde Speaks,Low,,,
2023-05-11,7:30am,USD,Core PPI m/m,High,0.2%,0.0%,
2023-05-11,7:30am,USD,PPI m/m,High,0.3%,-0.4%,
2023-05-11,7:30am,USD,Unemployment Claims,High,245K,242K,
2023-05-11,8:00am,USD,FOMC Member Kashkari Speaks,Medium,,,
2023-05-11,9:00am,USD,Mortgage Delinquencies,Medium,,3.96%,
2023-05-11,9:15am,USD,FOMC Member Waller Speaks,Low,,,
2023-05-11,9:30am,USD,Natural Gas Storage,Medium,78B,54B,
2023-05-11,12:04pm,USD,30-y Bond Auction,Low,,3.66|2.4,
2023-05-11,6:50pm,JPY,M2 Money Stock y/y,Medium,2.5%,2.5%,
2023-05-12,FriMay 12,GBP,Prelim GDP q/q,Low,0.1%,0.1%,
2023-05-12,FriMay 12,GBP,Construction Output m/m,Medium,-0.4%,2.6%,
2023-05-12,FriMay 12,GBP,Goods Trade Balance,Medium,-17.5B,-16.6B,
2023-05-12,FriMay 12,GBP,Index of Services 3m/3m,Medium,0.2%,0.1%,
2023-05-12,FriMay 12,GBP,Industrial Production m/m,Medium,0.1%,-0.1%,
2023-05-12,FriMay 12,GBP,Manufacturing Production m/m,Medium,0.0%,0.1%,
2023-05-12,FriMay 12,GBP,Prelim Business Investment q/q,Medium,-0.7%,-0.2%,
2023-05-12,1:45am,EUR,French Final CPI m/m,Medium,0.6%,0.6%,
2023-05-12,2:00am,USD,FOMC Member Bowman Speaks,Medium,,,
2023-05-12,6:15am,GBP,MPC Member Pill Speaks,Medium,,,
2023-05-12,6:30am,GBP,NIESR GDP Estimate,Medium,,0.1%,
2023-05-12,7:30am,USD,Import Prices m/m,Medium,0.3%,-0.8%,
2023-05-12,9:00am,USD,Prelim UoM Consumer Sentiment,High,63.0,63.5,
2023-05-12,9:00am,USD,Prelim UoM Inflation Expectations,Low,,4.6%,
2023-05-12,6:45pm,USD,FOMC Member Jefferson Speaks,Medium,,,
2023-05-14,6:50pm,JPY,PPI y/y,Medium,5.6%,7.4%,
2023-05-15,1:00am,EUR,German WPI m/m,Medium,0.3%,0.2%,
2023-05-15,1:30am,CHF,PPI m/m,Medium,0.1%,0.2%,
2023-05-15,4:00am,EUR,EU Economic Forecasts,Medium,,,
2023-05-15,4:00am,EUR,Industrial Production m/m,Medium,-2.5%,1.5%,
2023-05-15,All Day,EUR,Eurogroup Meetings,Medium,,,
2023-05-15,7:10am,EUR,German Buba President Nagel Speaks,Medium,,,
2023-05-15,7:30am,USD,Empire State Manufacturing Index,High,-3.7,10.8,
2023-05-15,7:30am,USD,FOMC Member Goolsbee Speaks,Medium,,,
2023-05-15,8:15am,USD,FOMC Member Kashkari Speaks,Medium,,,
2023-05-15,8:30am,GBP,CB Leading Index m/m,Medium,,-0.6%,
2023-05-15,11:00am,GBP,MPC Member Pill Speaks,Medium,,,
2023-05-15,3:00pm,USD,TIC Long-Term Purchases,Medium,85.4B,56.6B,
2023-05-15,4:00pm,USD,FOMC Member Cook Speaks,Medium,,,
2023-05-16,TueMay 16,GBP,Average Earnings Index 3m/y,Low,5.8%,5.8%,
2023-05-16,TueMay 16,GBP,Unemployment Rate,Medium,3.8%,3.8%,
2023-05-16,4:00am,EUR,German ZEW Economic Sentiment,Low,-5.4,4.1,
2023-05-16,4:00am,EUR,Flash Employment Change q/q,Medium,0.4%,0.3%,
2023-05-16,4:00am,EUR,Flash GDP q/q,Medium,0.1%,0.1%,
2023-05-16,4:00am,EUR,Trade Balance,Medium,5.6B,-0.2B,
2023-05-16,4:00am,EUR,ZEW Economic Sentiment,Medium,-1.0,6.4,
2023-05-16,All Day,EUR,ECOFIN Meetings,Medium,,,
2023-05-16,7:30am,USD,Core Retail Sales m/m,High,0.5%,-0.5%,
2023-05-16,7:30am,USD,Retail Sales m/m,High,0.8%,-0.7%,
2023-05-16,8:15am,USD,Capacity Utilization Rate,Medium,79.7%,79.4%,
2023-05-16,8:15am,USD,Industrial Production m/m,Medium,0.0%,0.4%,
2023-05-16,9:00am,EUR,ECB President Lagarde Speaks,Low,,,
2023-05-16,9:00am,USD,Business Inventories m/m,Medium,0.0%,0.0%,
2023-05-16,9:00am,USD,FOMC Member Barr Speaks,Medium,,,
2023-05-16,9:00am,USD,NAHB Housing Market Index,Medium,45,45,
2023-05-16,11:15am,USD,FOMC Member Williams Speaks,Medium,,,
2023-05-16,1:30pm,USD,FOMC Member Goolsbee Speaks,Medium,,,
2023-05-16,3:30pm,USD,API Weekly Statistical Bulletin,Medium,,,
2023-05-16,6:00pm,USD,FOMC Member Goolsbee Speaks,Medium,,,
2023-05-16,6:50pm,JPY,Prelim GDP Price Index y/y,Medium,2.0%,1.2%,
2023-05-16,6:50pm,JPY,Prelim GDP q/q,Medium,0.2%,0.0%,
2023-05-16,11:30pm,JPY,Revised Industrial Production m/m,Medium,0.8%,0.8%,
2023-05-17,3:00am,EUR,Italian Trade Balance,Medium,2.50B,2.11B,
2023-05-17,4:00am,EUR,Final Core CPI y/y,Medium,5.6%,5.6%,
2023-05-17,4:00am,EUR,Final CPI y/y,Medium,7.0%,7.0%,
2023-05-17,4:34am,EUR,German 10-y Bond Auction,Medium,,2.51|1.9,
2023-05-17,4:50am,GBP,BOE Gov Bailey Speaks,High,,,
2023-05-17,7:30am,USD,Building Permits,Medium,1.44M,1.43M,
2023-05-17,7:30am,USD,Housing Starts,Medium,1.40M,1.37M,
2023-05-17,9:30am,USD,Crude Oil Inventories,Medium,-1.5M,3.0M,
2023-05-17,6:50pm,JPY,Trade Balance,Medium,-1.08T,-1.21T,
2023-05-18,All Day,EUR,French Bank Holiday,Low,,,
2023-05-18,All Day,EUR,German Bank Holiday,Low,,,
2023-05-18,2:45am,GBP,MPC Member Pill Speaks,Medium,,,
2023-05-18,4:15am,GBP,Monetary Policy Report Hearings,Low,,,
2023-05-18,7:30am,USD,Unemployment Claims,High,253K,264K,
2023-05-18,7:30am,USD,Philly Fed Manufacturing Index,Low,-19.5,-31.3,
2023-05-18,7:45am,USD,FOMC Member Logan Speaks,Medium,,,
2023-05-18,8:05am,USD,FOMC Member Jefferson Speaks,Medium,,,
2023-05-18,8:30am,USD,FOMC Member Barr Speaks,Medium,,,
2023-05-18,9:00am,USD,Existing Home Sales,Low,4.30M,4.43M,
2023-05-18,9:00am,USD,CB Leading Index m/m,Medium,-0.6%,-1.2%,
2023-05-18,9:30am,USD,Natural Gas Storage,Medium,109B,78B,
2023-05-18,6:01pm,GBP,GfK Consumer Confidence,Medium,-27,-30,
2023-05-18,6:30pm,JPY,National Core CPI y/y,Medium,3.4%,3.1%,
2023-05-18,11:30pm,JPY,Tertiary Industry Activity m/m,Medium,0.3%,1.7%,
2023-05-19,3:00am,EUR,ECB Economic Bulletin,Medium,,,
2023-05-19,4:45am,GBP,MPC Member Haskel Speaks,Medium,,,
2023-05-19,7:45am,USD,FOMC Member Williams Speaks,Medium,,,
2023-05-19,8:00am,USD,FOMC Member Bowman Speaks,Medium,,,
2023-05-19,10:00am,USD,Fed Chairman Powell Speaks,High,,,
2023-05-19,2:00pm,EUR,ECB President Lagarde Speaks,Low,,,
2023-05-21,6:01pm,GBP,Rightmove HPI m/m,Medium,,0.2%,
2023-05-21,6:50pm,JPY,Core Machinery Orders m/m,Medium,0.5%,-4.5%,
2023-05-22,8:45am,USD,Cleveland Fed Inflation Expectations,Medium,,6.0%,
2023-05-22,9:00am,EUR,Consumer Confidence,Medium,-17,-18,
2023-05-22,7:30pm,JPY,Flash Manufacturing PMI,Medium,50.2,49.5,
2023-05-23,1:00am,GBP,Public Sector Net Borrowing,Medium,17.5B,20.0B,
2023-05-23,2:15am,EUR,French Flash Manufacturing PMI,High,46.1,45.6,
2023-05-23,2:15am,EUR,French Flash Services PMI,High,54.0,54.6,
2023-05-23,2:30am,EUR,German Flash Manufacturing PMI,High,44.9,44.5,
2023-05-23,2:30am,EUR,German Flash Services PMI,High,55.0,56.0,
2023-05-23,3:00am,EUR,Flash Manufacturing PMI,Low,45.9,45.8,
2023-05-23,3:00am,EUR,Flash Services PMI,Low,55.4,56.2,
2023-05-23,3:00am,EUR,Current Account,Medium,20.2B,24.5B,
2023-05-23,3:30am,GBP,Flash Manufacturing PMI,High,47.9,47.8,
2023-05-23,3:30am,GBP,Flash Services PMI,High,55.5,55.9,
2023-05-23,4:15am,GBP,Monetary Policy Report Hearings,Low,,,
2023-05-23,8:00am,USD,FOMC Member Logan Speaks,Medium,,,
2023-05-23,8:45am,USD,Flash Manufacturing PMI,High,50.0,50.2,
2023-05-23,8:45am,USD,Flash Services PMI,High,52.6,53.6,
2023-05-23,8:59am,USD,Richmond Manufacturing Index,Low,-8,-10,
2023-05-23,9:00am,USD,New Home Sales,Low,665K,656K,
2023-05-23,9:35am,GBP,MPC Member Haskel Speaks,Medium,,,
2023-05-23,12:50pm,EUR,German Buba President Nagel Speaks,Medium,,,
2023-05-23,3:30pm,USD,API Weekly Statistical Bulletin,Medium,,,
2023-05-24,WedMay 24,GBP,Core CPI y/y,Medium,6.2%,6.2%,
2023-05-24,WedMay 24,GBP,RPI y/y,Medium,11.1%,13.5%,
2023-05-24,1:02am,GBP,PPI Input m/m,Medium,0.1%,0.2%,
2023-05-24,1:02am,GBP,PPI Output m/m,Medium,0.2%,0.0%,
2023-05-24,3:00am,EUR,German ifo Business Climate,Low,93.0,93.4,
2023-05-24,3:30am,GBP,HPI y/y,Medium,5.2%,5.8%,
2023-05-24,4:30am,GBP,BOE Gov Bailey Speaks,High,,,
2023-05-24,5:00am,EUR,German Buba Monthly Report,Medium,,,
2023-05-24,5:00am,GBP,CBI Industrial Order Expectations,Medium,-19,-20,
2023-05-24,5:33am,GBP,10-y Bond Auction,Medium,,3.85|2.8,
2023-05-24,7:57am,EUR,Belgian NBB Business Climate,Medium,-6.0,-7.8,
2023-05-24,8:00am,GBP,BOE Gov Bailey Speaks,High,,,
2023-05-24,9:05am,USD,Treasury Sec Yellen Speaks,Low,,,
2023-05-24,9:30am,USD,Crude Oil Inventories,Medium,1.9M,5.0M,
2023-05-24,1:00pm,USD,FOMC Meeting Minutes,High,,,
2023-05-25,ThuMay 25,EUR,German GfK Consumer Climate,Medium,-23.6,-25.8,
2023-05-25,3:35am,CHF,Gov Board Member Maechler Speaks,Medium,,,
2023-05-25,5:00am,GBP,CBI Realized Sales,Medium,10,5,
2023-05-25,5:30am,EUR,German Buba President Nagel Speaks,Medium,,,
2023-05-25,7:30am,USD,Prelim GDP q/q,High,1.1%,1.1%,
2023-05-25,7:30am,USD,Unemployment Claims,High,249K,225K,
2023-05-25,7:30am,USD,Prelim GDP Price Index q/q,Low,4.0%,4.0%,
2023-05-25,9:00am,USD,Pending Home Sales m/m,Low,1.0%,-5.2%,
2023-05-25,9:30am,USD,Natural Gas Storage,Medium,100B,99B,
2023-05-25,11:30am,GBP,MPC Member Haskel Speaks,Medium,,,
2023-05-25,6:30pm,JPY,Tokyo Core CPI y/y,Low,3.4%,3.5%,
2023-05-25,6:50pm,JPY,SPPI y/y,Medium,1.4%,1.7%,
2023-05-26,7:30am,USD,Core PCE Price Index m/m,High,0.3%,0.3%,
2023-05-26,7:30am,USD,Core Durable Goods Orders m/m,Low,0.0%,0.2%,
2023-05-26,7:30am,USD,Durable Goods Orders m/m,Low,-1.0%,3.3%,
2023-05-26,7:30am,USD,Goods Trade Balance,Medium,-85.6B,-82.7B,
2023-05-26,7:30am,USD,Personal Income m/m,Medium,0.4%,0.3%,
2023-05-26,7:30am,USD,Personal Spending m/m,Medium,0.4%,0.1%,
2023-05-26,7:30am,USD,Prelim Wholesale Inventories m/m,Medium,0.2%,0.0%,
2023-05-26,9:00am,USD,Revised UoM Consumer Sentiment,Low,58.2,57.7,
2023-05-26,9:00am,USD,Revised UoM Inflation Expectations,Medium,,4.5%,
2023-05-29,All Day,GBP,Bank Holiday,Low,,,
2023-05-29,All Day,EUR,French Bank Holiday,Low,,,
2023-05-29,All Day,EUR,German Bank Holiday,Low,,,
2023-05-29,All Day,USD,Bank Holiday,Low,,,
2023-05-29,6:01pm,GBP,BRC Shop Price Index y/y,Medium,,8.8%,
2023-05-29,6:30pm,JPY,Unemployment Rate,Medium,2.7%,2.8%,
2023-05-30,TueMay 30,CHF,KOF Economic Barometer,Medium,95.7,96.1,
2023-05-30,TueMay 30,EUR,Spanish Flash CPI y/y,Low,3.6%,4.1%,
2023-05-30,3:00am,EUR,M3 Money Supply y/y,Medium,2.1%,2.5%,
2023-05-30,3:00am,EUR,Private Loans y/y,Medium,2.7%,2.9%,
2023-05-30,4:14am,EUR,Italian 10-y Bond Auction,Medium,,4.42|1.3,
2023-05-30,8:00am,USD,HPI m/m,Medium,0.2%,0.7%,
2023-05-30,8:00am,USD,S&P/CS Composite-20 HPI y/y,Medium,-1.7%,0.4%,
2023-05-30,9:00am,USD,CB Consumer Confidence,High,99.1,103.7,
2023-05-30,6:50pm,JPY,Prelim Industrial Production m/m,Medium,1.4%,1.1%,
2023-05-30,6:50pm,JPY,Retail Sales y/y,Medium,7.1%,6.9%,
2023-05-31,WedMay 31,JPY,Housing Starts y/y,Medium,-0.9%,-3.2%,
2023-05-31,1:00am,EUR,German Import Prices m/m,Medium,-0.6%,-1.1%,
2023-05-31,All Day,EUR,German Prelim CPI m/m,High,0.2%,0.4%,
2023-05-31,1:30am,CHF,Retail Sales y/y,Medium,-1.4%,-1.9%,
2023-05-31,1:45am,EUR,French Consumer Spending m/m,Medium,0.3%,-0.8%,
2023-05-31,1:45am,EUR,French Prelim CPI m/m,Medium,0.3%,0.6%,
2023-05-31,1:45am,EUR,French Prelim GDP q/q,Medium,0.2%,0.2%,
2023-05-31,2:55am,EUR,German Unemployment Change,Medium,14K,23k,
2023-05-31,3:00am,CHF,UBS Economic Expectations,Medium,,-33.3,
2023-05-31,3:00am,EUR,ECB Financial Stability Review,Low,,,
2023-05-31,4:00am,EUR,Italian Prelim CPI m/m,Medium,-0.1%,0.4%,
2023-05-31,7:50am,USD,FOMC Member Bowman Speaks,Medium,,,
2023-05-31,8:15am,GBP,MPC Member Mann Speaks,Medium,,,
2023-05-31,8:45am,USD,Chicago PMI,Medium,47.1,48.6,
2023-05-31,9:00am,USD,JOLTS Job Openings,High,9.41M,9.75M,
2023-05-31,10:05am,CHF,SNB Chairman Jordan Speaks,Low,,,
2023-05-31,11:30am,USD,FOMC Member Harker Speaks,Low,,,
2023-05-31,12:30pm,USD,FOMC Member Jefferson Speaks,Medium,,,
2023-05-31,1:00pm,USD,Beige Book,Medium,,,
2023-05-31,3:30pm,USD,API Weekly Statistical Bulletin,Medium,,,
2023-05-31,6:50pm,JPY,Capital Spending q/y,Medium,6.1%,7.7%,
2023-05-31,Tentative,JPY,Final Manufacturing PMI,Medium,50.8,50.8,
2023-05-31,10:35pm,JPY,10-y Bond Auction,Medium,,0.43|3.6,
2023-06-01,ThuJun 1,EUR,German Retail Sales m/m,Medium,1.0%,-1.3%,
2023-06-01,ThuJun 1,GBP,Nationwide HPI m/m,Medium,-0.5%,0.4%,
2023-06-01,1:45am,EUR,French Gov Budget Balance,Medium,,-54.7B,
2023-06-01,2:15am,EUR,Spanish Manufacturing PMI,Medium,47.9,49.0,
2023-06-01,2:30am,CHF,Gov Board Member Schlegel Speaks,Medium,,,
2023-06-01,2:30am,CHF,Manufacturing PMI,Medium,44.5,45.3,
2023-06-01,2:45am,EUR,Italian Manufacturing PMI,Medium,45.8,46.8,
2023-06-01,2:50am,EUR,French Final Manufacturing PMI,Medium,46.1,46.1,
2023-06-01,2:55am,EUR,German Final Manufacturing PMI,Medium,42.9,42.9,
2023-06-01,3:00am,EUR,Final Manufacturing PMI,Medium,44.6,44.6,
2023-06-01,3:00am,EUR,Italian Monthly Unemployment Rate,Medium,7.8%,7.9%,
2023-06-01,3:30am,GBP,Final Manufacturing PMI,Medium,46.9,46.9,
2023-06-01,3:30am,GBP,M4 Money Supply m/m,Medium,-0.2%,-0.6%,
2023-06-01,3:30am,GBP,Mortgage Approvals,Medium,54K,51K,
2023-06-01,3:30am,GBP,Net Lending to Individuals m/m,Medium,2.2B,1.6B,
2023-06-01,3:59am,EUR,French 10-y Bond Auction,Medium,,2.83|1.9,
2023-06-01,4:00am,EUR,CPI Flash Estimate y/y,High,6.3%,7.0%,
2023-06-01,4:00am,EUR,Core CPI Flash Estimate y/y,Low,5.5%,5.6%,
2023-06-01,4:00am,EUR,Unemployment Rate,Medium,6.5%,6.5%,
2023-06-01,4:30am,EUR,ECB President Lagarde Speaks,Low,,,
2023-06-01,6:30am,EUR,ECB Monetary Policy Meeting Accounts,Medium,,,
2023-06-01,6:30am,USD,Challenger Job Cuts y/y,Medium,,175.9%,
2023-06-01,7:15am,USD,ADP Non-Farm Employment Change,High,173K,291K,
2023-06-01,7:30am,USD,Unemployment Claims,High,236K,230K,
2023-06-01,7:30am,USD,Revised Nonfarm Productivity q/q,Medium,-2.6%,-2.7%,
2023-06-01,7:30am,USD,Revised Unit Labor Costs q/q,Medium,6.2%,6.3%,
2023-06-01,8:45am,USD,Final Manufacturing PMI,Medium,48.5,48.5,
2023-06-01,9:00am,USD,ISM Manufacturing PMI,High,47.0,47.1,
2023-06-01,9:00am,USD,ISM Manufacturing Prices,Low,52.4,53.2,
2023-06-01,9:00am,USD,Construction Spending m/m,Medium,0.2%,0.3%,
2023-06-01,All Day,USD,Wards Total Vehicle Sales,Medium,15.3M,15.9M,
2023-06-01,9:30am,USD,Natural Gas Storage,Medium,106B,96B,
2023-06-01,10:00am,USD,Crude Oil Inventories,Medium,-1.4M,-12.5M,
2023-06-01,12:00pm,USD,FOMC Member Harker Speaks,Low,,,
2023-06-01,6:50pm,JPY,Monetary Base y/y,Medium,-1.4%,-1.7%,
2023-06-02,2:00am,EUR,Spanish Unemployment Change,Medium,-40.1K,-73.9K,
2023-06-02,All Day,EUR,Italian Bank Holiday,Low,,,
2023-06-02,7:30am,USD,Average Hourly Earnings m/m,High,0.3%,0.4%,
2023-06-02,7:30am,USD,Non-Farm Employment Change,High,193K,294K,
2023-06-02,7:30am,USD,Unemployment Rate,High,3.5%,3.4%,
2023-06-05,1:30am,CHF,CPI m/m,High,0.3%,0.0%,
2023-06-05,2:15am,EUR,Spanish Services PMI,Medium,56.9,57.9,
2023-06-05,2:45am,EUR,Italian Services PMI,Medium,57.0,57.6,
2023-06-05,2:50am,EUR,French Final Services PMI,Medium,52.8,52.8,
2023-06-05,2:55am,EUR,German Final Services PMI,Medium,57.8,57.8,
2023-06-05,3:00am,EUR,Final Services PMI,Medium,55.9,55.9,
2023-06-05,3:30am,EUR,Sentix Investor Confidence,Medium,-15.2,-13.1,
2023-06-05,3:30am,GBP,Final Services PMI,Medium,55.1,55.1,
2023-06-05,4:00am,EUR,PPI m/m,Medium,-3.0%,-1.3%,
2023-06-05,8:00am,EUR,ECB President Lagarde Speaks,Low,,,
2023-06-05,8:45am,USD,Final Services PMI,Medium,55.1,55.1,
2023-06-05,9:00am,EUR,German Buba President Nagel Speaks,Medium,,,
2023-06-05,9:00am,USD,ISM Services PMI,High,52.6,51.9,
2023-06-05,9:00am,USD,Factory Orders m/m,Medium,0.8%,0.6%,
2023-06-05,6:01pm,GBP,BRC Retail Sales Monitor y/y,Medium,5.2%,5.2%,
2023-06-05,6:30pm,JPY,Average Cash Earnings y/y,Medium,1.7%,1.3%,
2023-06-05,6:30pm,JPY,Household Spending y/y,Medium,-2.2%,-1.9%,
2023-06-05,10:35pm,JPY,30-y Bond Auction,Medium,,1.25|3.5,
2023-06-06,3:30am,GBP,Construction PMI,Medium,50.9,51.1,
2023-06-06,4:00am,EUR,Retail Sales m/m,Medium,0.2%,-0.4%,
2023-06-06,4:04am,GBP,30-y Bond Auction,Medium,,4.08|2.5,
2023-06-06,9:00am,USD,RCM/TIPP Economic Optimism,Medium,45.2,41.6,
2023-06-06,3:30pm,USD,API Weekly Statistical Bulletin,Medium,,,
2023-06-07,12:45am,CHF,Unemployment Rate,Medium,1.9%,1.9%,
2023-06-07,1:00am,EUR,German Industrial Production m/m,Medium,0.7%,-2.1%,
2023-06-07,1:00am,GBP,Halifax HPI m/m,Medium,0.2%,-0.4%,
2023-06-07,1:45am,EUR,French Trade Balance,Medium,-7.7B,-8.4B,
2023-06-07,2:00am,CHF,Foreign Currency Reserves,Low,,732B,
2023-06-07,3:00am,EUR,Italian Retail Sales m/m,Medium,0.3%,0.0%,
2023-06-07,7:30am,USD,Trade Balance,Medium,-75.8B,-60.6B,
2023-06-07,9:30am,USD,Crude Oil Inventories,Medium,1.2M,4.5M,
2023-06-07,2:00pm,USD,Consumer Credit m/m,Medium,22.2B,22.8B,
2023-06-07,6:01pm,GBP,RICS House Price Balance,Medium,-39%,-39%,
2023-06-07,6:50pm,JPY,Bank Lending y/y,Medium,3.1%,3.2%,
2023-06-07,6:50pm,JPY,Current Account,Medium,1.39T,1.01T,
2023-06-07,6:50pm,JPY,Final GDP Price Index y/y,Medium,2.0%,2.0%,
2023-06-07,6:50pm,JPY,Final GDP q/q,Medium,0.5%,0.4%,
2023-06-08,12:30am,EUR,French Final Private Payrolls q/q,Medium,0.2%,0.2%,
2023-06-08,4:00am,EUR,Final Employment Change q/q,Medium,0.6%,0.6%,
2023-06-08,4:00am,EUR,Revised GDP q/q,Medium,0.0%,0.1%,
2023-06-08,7:05am,CHF,SNB Chairman Jordan Speaks,Low,,,
2023-06-08,7:30am,USD,Unemployment Claims,High,236K,233K,
2023-06-08,9:00am,USD,Final Wholesale Inventories m/m,Medium,-0.2%,-0.2%,
2023-06-08,9:30am,USD,Natural Gas Storage,Medium,115B,110B,
2023-06-08,6:50pm,JPY,M2 Money Stock y/y,Medium,2.7%,2.6%,
2023-06-11,6:50pm,JPY,PPI y/y,Medium,5.6%,5.9%,
2023-06-12,9:00am,GBP,MPC Member Mann Speaks,Medium,,,
2023-06-12,12:01pm,USD,10-y Bond Auction,Low,,3.45|2.4,
2023-06-12,1:00pm,USD,Federal Budget Balance,Medium,-230.0B,176.2B,
2023-06-12,6:50pm,JPY,BSI Manufacturing Index,Medium,-4.2,-10.5,
2023-06-13,TueJun 13,GBP,Claimant Count Change,High,21.4K,23.4K,
2023-06-13,TueJun 13,GBP,Average Earnings Index 3m/y,Low,6.1%,6.1%,
2023-06-13,TueJun 13,GBP,Unemployment Rate,Medium,4.0%,3.9%,
2023-06-13,3:00am,EUR,Italian Quarterly Unemployment Rate,Medium,7.8%,7.9%,
2023-06-13,4:00am,EUR,German ZEW Economic Sentiment,Low,-13.4,-10.7,
2023-06-13,4:00am,EUR,ZEW Economic Sentiment,Medium,-12.1,-9.4,
2023-06-13,4:02am,GBP,10-y Bond Auction,Medium,,4.24|3.0,
2023-06-13,4:54am,USD,NFIB Small Business Index,Medium,88.5,89.0,
2023-06-13,7:30am,USD,Core CPI m/m,High,0.4%,0.4%,
2023-06-13,7:30am,USD,CPI m/m,High,0.2%,0.4%,
2023-06-13,7:30am,USD,CPI y/y,High,4.1%,4.9%,
2023-06-13,8:30am,GBP,CB Leading Index m/m,Medium,,-0.6%,
2023-06-13,9:00am,GBP,BOE Gov Bailey Speaks,High,,,
2023-06-13,10:00am,GBP,MPC Member Dhingra Speaks,Medium,,,
2023-06-13,12:01pm,USD,30-y Bond Auction,Medium,,3.74|2.4,
2023-06-13,3:30pm,USD,API Weekly Statistical Bulletin,Medium,,,
2023-06-14,WedJun 14,GBP,GDP m/m,High,0.2%,-0.3%,
2023-06-14,WedJun 14,GBP,Construction Output m/m,Medium,0.0%,0.2%,
2023-06-14,WedJun 14,GBP,Goods Trade Balance,Medium,-16.5B,-16.4B,
2023-06-14,WedJun 14,GBP,Index of Services 3m/3m,Medium,-0.1%,0.1%,
2023-06-14,WedJun 14,GBP,Industrial Production m/m,Medium,-0.1%,0.7%,
2023-06-14,WedJun 14,GBP,Manufacturing Production m/m,Medium,-0.1%,0.7%,
2023-06-14,4:00am,EUR,Industrial Production m/m,Medium,0.8%,-3.8%,
2023-06-14,4:33am,EUR,German 10-y Bond Auction,Medium,,2.31|2.3,
2023-06-14,6:15am,GBP,NIESR GDP Estimate,Medium,,0.1%,
2023-06-14,7:30am,USD,Core PPI m/m,High,0.2%,0.2%,
2023-06-14,7:30am,USD,PPI m/m,High,-0.1%,0.2%,
2023-06-14,9:30am,USD,Crude Oil Inventories,Medium,-1.3M,-0.5M,
2023-06-14,1:00pm,USD,Federal Funds Rate,High,5.25%,5.25%,
2023-06-14,1:00pm,USD,FOMC Economic Projections,High,,,
2023-06-14,1:00pm,USD,FOMC Statement,High,,,
2023-06-14,1:30pm,USD,FOMC Press Conference,High,,,
2023-06-14,6:50pm,JPY,Core Machinery Orders m/m,Medium,3.1%,-3.9%,
2023-06-14,6:50pm,JPY,Trade Balance,Medium,-0.81T,-1.04T,
2023-06-14,11:30pm,JPY,Tertiary Industry Activity m/m,Medium,0.5%,-1.5%,
2023-06-15,1:45am,EUR,French Final CPI m/m,Medium,-0.1%,-0.1%,
2023-06-15,2:00am,CHF,SECO Economic Forecasts,Medium,,,
2023-06-15,2:00am,EUR,German Buba President Nagel Speaks,Medium,,,
2023-06-15,4:00am,EUR,Trade Balance,Medium,16.8B,14.0B,
2023-06-15,All Day,EUR,Eurogroup Meetings,Medium,,,
2023-06-15,7:15am,EUR,Main Refinancing Rate,High,4.00%,3.75%,
2023-06-15,7:15am,EUR,Monetary Policy Statement,High,,,
2023-06-15,7:30am,USD,Core Retail Sales m/m,High,0.1%,0.4%,
2023-06-15,7:30am,USD,Empire State Manufacturing Index,High,-15.0,-31.8,
2023-06-15,7:30am,USD,Retail Sales m/m,High,-0.2%,0.4%,
2023-06-15,7:30am,USD,Unemployment Claims,High,246K,262K,
2023-06-15,7:30am,USD,Philly Fed Manufacturing Index,Low,-13.9,-10.4,
2023-06-15,7:30am,USD,Import Prices m/m,Medium,-0.5%,0.3%,
2023-06-15,7:45am,EUR,ECB Press Conference,High,,,
2023-06-15,8:15am,USD,Industrial Production m/m,Low,0.1%,0.5%,
2023-06-15,8:15am,USD,Capacity Utilization Rate,Medium,79.7%,79.8%,
2023-06-15,9:00am,USD,Business Inventories m/m,Medium,0.2%,-0.2%,
2023-06-15,9:30am,USD,Natural Gas Storage,Medium,97B,104B,
2023-06-15,10:35am,GBP,MPC Member Cunliffe Speaks,Medium,,,
2023-06-15,3:00pm,USD,TIC Long-Term Purchases,Medium,78.7B,205.6B,
2023-06-15,9:47pm,JPY,Monetary Policy Statement,High,,,
2023-06-15,9:47pm,JPY,BOJ Policy Rate,Low,-0.10%,-0.10%,
2023-06-16,2:00am,EUR,German Buba President Nagel Speaks,Medium,,,
2023-06-16,3:30am,GBP,Consumer Inflation Expectations,Medium,,3.9%,
2023-06-16,4:00am,EUR,Final Core CPI y/y,Medium,5.3%,5.3%,
2023-06-16,4:00am,EUR,Final CPI y/y,Medium,6.1%,6.1%,
2023-06-16,4:00am,EUR,Italian Trade Balance,Medium,3.29B,7.62B,
2023-06-16,All Day,EUR,ECOFIN Meetings,Medium,,,
2023-06-16,6:45am,USD,FOMC Member Waller Speaks,Low,,,
2023-06-16,9:00am,USD,Prelim UoM Consumer Sentiment,High,60.1,59.2,
2023-06-16,9:00am,USD,Prelim UoM Inflation Expectations,Low,,4.2%,
2023-06-16,10:00am,USD,Fed Monetary Policy Report,Medium,,,
2023-06-16,1:00pm,USD,Treasury Currency Report,High,,,
2023-06-18,6:01pm,GBP,Rightmove HPI m/m,Medium,,1.8%,
2023-06-19,9:00am,USD,NAHB Housing Market Index,Medium,51,50,
2023-06-19,11:30pm,JPY,Revised Industrial Production m/m,Medium,-0.4%,-0.4%,
2023-06-20,TueJun 20,EUR,German PPI m/m,Medium,-0.7%,0.3%,
2023-06-20,3:02am,EUR,Current Account,Medium,27.3B,31.2B,
2023-06-20,7:30am,USD,Building Permits,Medium,1.42M,1.42M,
2023-06-20,7:30am,USD,Housing Starts,Medium,1.40M,1.34M,
2023-06-20,10:45am,USD,FOMC Member Williams Speaks,Medium,,,
2023-06-20,6:50pm,JPY,Monetary Policy Meeting Minutes,Medium,,,
2023-06-21,WedJun 21,GBP,PPI Output m/m,Medium,-0.1%,-0.2%,
2023-06-21,1:02am,GBP,CPI y/y,High,8.4%,8.7%,
2023-06-21,1:02am,GBP,Core CPI y/y,Medium,6.8%,6.8%,
2023-06-21,1:02am,GBP,Public Sector Net Borrowing,Medium,19.9B,22.0B,
2023-06-21,1:02am,GBP,RPI y/y,Medium,11.2%,11.4%,
2023-06-21,3:30am,GBP,HPI y/y,Medium,2.6%,4.1%,
2023-06-21,4:38am,EUR,German 30-y Bond Auction,Medium,,2.53|2.0,
2023-06-21,5:00am,GBP,CBI Industrial Order Expectations,Medium,-18,-17,
2023-06-21,8:45am,EUR,German Buba President Nagel Speaks,Medium,,,
2023-06-21,9:00am,USD,Fed Chairman Powell Testifies,High,,,
2023-06-21,9:00am,USD,Fed Gov Nomination Hearings,High,,,
2023-06-21,9:00am,USD,FOMC Member Cook Speaks,Medium,,,
2023-06-21,9:00am,USD,FOMC Member Jefferson Speaks,Medium,,,
2023-06-21,11:40am,USD,FOMC Member Goolsbee Speaks,Medium,,,
2023-06-21,3:30pm,USD,API Weekly Statistical Bulletin,Medium,,,
2023-06-21,11:30pm,CHF,SNB Financial Stability Report,Medium,,,
2023-06-22,ThuJun 22,CHF,SNB Policy Rate,High,1.75%,1.50%,
2023-06-22,3:00am,CHF,SNB Press Conference,High,,,
2023-06-22,3:00am,USD,FOMC Member Waller Speaks,Low,,,
2023-06-22,6:00am,GBP,Monetary Policy Summary,High,,,
2023-06-22,6:00am,GBP,MPC Official Bank Rate Votes,High,7-0-2,7-0-2,
2023-06-22,6:00am,GBP,Official Bank Rate,High,4.75%,4.50%,
2023-06-22,6:00am,GBP,BOE Inflation Letter,Medium,,,
2023-06-22,6:15am,GBP,BOE Gov Bailey Speaks,High,,,
2023-06-22,7:05am,EUR,German Buba President Nagel Speaks,Medium,,,
2023-06-22,7:30am,USD,Unemployment Claims,High,261K,264K,
2023-06-22,7:30am,USD,Current Account,Medium,-214B,-216B,
2023-06-22,8:55am,USD,FOMC Member Bowman Speaks,Medium,,,
2023-06-22,9:00am,EUR,Consumer Confidence,Medium,-17,-17,
2023-06-22,9:00am,USD,Fed Chairman Powell Testifies,High,,,
2023-06-22,9:00am,USD,Existing Home Sales,Low,4.25M,4.29M,
2023-06-22,9:00am,USD,CB Leading Index m/m,Medium,-0.8%,-0.6%,
2023-06-22,9:30am,USD,Natural Gas Storage,Medium,89B,84B,
2023-06-22,10:00am,USD,Crude Oil Inventories,Medium,0.3M,7.9M,
2023-06-22,6:01pm,GBP,GfK Consumer Confidence,Medium,-26,-27,
2023-06-22,6:30pm,JPY,National Core CPI y/y,Medium,3.1%,3.4%,
2023-06-22,7:30pm,JPY,Flash Manufacturing PMI,Medium,50.2,50.6,
2023-06-23,1:45am,EUR,ECB President Lagarde Speaks,Low,,,
2023-06-23,2:15am,EUR,French Flash Manufacturing PMI,High,45.4,45.7,
2023-06-23,2:15am,EUR,French Flash Services PMI,High,52.2,52.5,
2023-06-23,2:30am,EUR,German Flash Manufacturing PMI,High,43.6,43.2,
2023-06-23,2:30am,EUR,German Flash Services PMI,High,56.3,57.2,
2023-06-23,3:00am,EUR,Flash Manufacturing PMI,Low,44.8,44.8,
2023-06-23,3:00am,EUR,Flash Services PMI,Low,54.4,55.1,
2023-06-23,3:30am,GBP,Flash Manufacturing PMI,High,46.9,47.1,
2023-06-23,3:30am,GBP,Flash Services PMI,High,54.8,55.2,
2023-06-23,7:59am,EUR,Belgian NBB Business Climate,Medium,-10.3,-9.2,
2023-06-23,8:45am,USD,Flash Manufacturing PMI,High,48.6,48.4,
2023-06-23,8:45am,USD,Flash Services PMI,High,53.9,54.9,
2023-06-25,6:50pm,JPY,BOJ Summary of Opinions,Medium,,,
2023-06-25,6:50pm,JPY,SPPI y/y,Medium,1.8%,1.6%,
2023-06-26,3:50am,CHF,SNB Chairman Jordan Speaks,Low,,,
2023-06-26,5:00am,EUR,German Buba Monthly Report,Medium,,,
2023-06-26,5:00am,GBP,CBI Realized Sales,Medium,-6,-10,
2023-06-26,9:25am,CHF,Gov Board Member Maechler Speaks,Medium,,,
2023-06-26,12:30pm,EUR,ECB President Lagarde Speaks,Low,,,
2023-06-26,6:01pm,GBP,BRC Shop Price Index y/y,Medium,,9.0%,
2023-06-26,11:59pm,JPY,BOJ Core CPI y/y,Medium,3.1%,3.0%,
2023-06-27,3:15am,GBP,MPC Member Dhingra Speaks,Medium,,,
2023-06-27,3:30am,GBP,MPC Member Tenreyro Speaks,Medium,,,
2023-06-27,7:30am,USD,Core Durable Goods Orders m/m,Low,0.0%,-0.3%,
2023-06-27,7:30am,USD,Durable Goods Orders m/m,Low,-0.8%,1.2%,
2023-06-27,8:00am,USD,HPI m/m,Medium,0.5%,0.5%,
2023-06-27,8:00am,USD,S&P/CS Composite-20 HPI y/y,Medium,-2.5%,-1.1%,
2023-06-27,8:59am,USD,Richmond Manufacturing Index,Low,-12,-15,
2023-06-27,9:00am,USD,CB Consumer Confidence,High,103.9,102.5,
2023-06-27,9:00am,USD,New Home Sales,Low,677K,680K,
2023-06-27,3:30pm,USD,API Weekly Statistical Bulletin,Medium,,,
2023-06-28,3:00am,CHF,UBS Economic Expectations,Medium,,-32.2,
2023-06-28,3:00am,EUR,M3 Money Supply y/y,Medium,1.5%,1.9%,
2023-06-28,3:00am,EUR,Private Loans y/y,Medium,2.3%,2.5%,
2023-06-28,4:00am,EUR,Italian Prelim CPI m/m,Medium,0.3%,0.3%,
2023-06-28,5:30am,GBP,MPC Member Pill Speaks,Medium,,,
2023-06-28,7:30am,USD,Goods Trade Balance,Medium,-93.3B,-97.1B,
2023-06-28,7:30am,USD,Prelim Wholesale Inventories m/m,Medium,-0.1%,-0.1%,
2023-06-28,8:00am,CHF,SNB Quarterly Bulletin,Medium,,,
2023-06-28,8:30am,EUR,ECB President Lagarde Speaks,Low,,,
2023-06-28,8:30am,GBP,BOE Gov Bailey Speaks,High,,,
2023-06-28,8:30am,JPY,BOJ Gov Ueda Speaks,High,,,
2023-06-28,8:30am,USD,Fed Chairman Powell Speaks,High,,,
2023-06-28,9:30am,USD,Crude Oil Inventories,Medium,-1.4M,-3.8M,
2023-06-28,10:00am,EUR,ECB President Lagarde Speaks,Low,,,
2023-06-28,3:30pm,USD,Bank Stress Test Results,Medium,,,
2023-06-28,6:50pm,JPY,Retail Sales y/y,Medium,5.2%,5.1%,
2023-06-28,11:59pm,JPY,Consumer Confidence,Medium,36.2,36.0,
2023-06-29,1:30am,USD,Fed Chairman Powell Speaks,High,,,
2023-06-29,2:00am,EUR,Spanish Flash CPI y/y,Low,1.7%,3.2%,
2023-06-29,All Day,EUR,Italian Bank Holiday,Low,,,
2023-06-29,3:00am,EUR,ECB Economic Bulletin,Medium,,,
2023-06-29,3:30am,GBP,M4 Money Supply m/m,Medium,0.2%,-0.1%,
2023-06-29,3:30am,GBP,Mortgage Approvals,Medium,50K,49K,
2023-06-29,3:30am,GBP,Net Lending to Individuals m/m,Medium,-0.6B,0.0B,
2023-06-29,7:30am,USD,Final GDP q/q,High,1.4%,1.3%,
2023-06-29,7:30am,USD,Final GDP Price Index q/q,Low,4.2%,4.2%,
2023-06-29,7:32am,USD,Unemployment Claims,High,264K,265K,
2023-06-29,9:00am,USD,Pending Home Sales m/m,Low,-0.5%,-0.4%,
2023-06-29,9:30am,USD,Natural Gas Storage,Medium,83B,95B,
2023-06-29,11:30am,GBP,MPC Member Tenreyro Speaks,Medium,,,
2023-06-29,6:30pm,JPY,Tokyo Core CPI y/y,Low,3.4%,3.1%,
2023-06-29,6:30pm,JPY,Unemployment Rate,Medium,2.6%,2.6%,
2023-06-29,6:50pm,JPY,Prelim Industrial Production m/m,Medium,-0.9%,0.7%,
2023-06-30,1:00am,EUR,German Import Prices m/m,Medium,-1.5%,-1.7%,
2023-06-30,1:00am,EUR,German Retail Sales m/m,Medium,0.0%,0.7%,
2023-06-30,1:00am,GBP,Current Account,Medium,-9.8B,-2.5B,
2023-06-30,1:00am,GBP,Final GDP q/q,Medium,0.1%,0.1%,
2023-06-30,1:00am,GBP,Nationwide HPI m/m,Medium,-0.3%,-0.1%,
2023-06-30,1:00am,GBP,Revised Business Investment q/q,Medium,0.7%,0.7%,
2023-06-30,1:30am,CHF,Retail Sales y/y,Medium,-2.5%,-4.0%,
2023-06-30,1:45am,EUR,French Consumer Spending m/m,Medium,0.7%,-0.8%,
2023-06-30,1:45am,EUR,French Prelim CPI m/m,Medium,0.2%,-0.1%,
2023-06-30,2:00am,CHF,KOF Economic Barometer,Medium,89.1,91.4,
2023-06-30,2:55am,EUR,German Unemployment Change,Medium,14K,13K,
2023-06-30,3:00am,EUR,Italian Monthly Unemployment Rate,Medium,7.9%,7.8%,
2023-06-30,4:00am,EUR,Core CPI Flash Estimate y/y,Low,5.5%,5.3%,
2023-06-30,4:00am,EUR,CPI Flash Estimate y/y,Low,5.6%,6.1%,
2023-06-30,4:00am,EUR,Unemployment Rate,Medium,6.5%,6.5%,
2023-06-30,4:13am,EUR,Italian 10-y Bond Auction,Medium,,4.24|1.5,
2023-06-30,7:30am,USD,Core PCE Price Index m/m,High,0.3%,0.4%,
2023-06-30,7:30am,USD,Personal Income m/m,Medium,0.3%,0.3%,
2023-06-30,7:30am,USD,Personal Spending m/m,Medium,0.2%,0.6%,
2023-06-30,8:45am,USD,Chicago PMI,Medium,43.6,40.4,
2023-06-30,9:00am,USD,Revised UoM Consumer Sentiment,Low,63.9,63.9,
2023-06-30,9:00am,USD,Revised UoM Inflation Expectations,Medium,,3.3%,
2023-07-02,6:50pm,JPY,Tankan Manufacturing Index,Medium,3,1,
2023-07-02,6:50pm,JPY,Tankan Non-Manufacturing Index,Medium,22,20,
2023-07-02,7:30pm,JPY,Final Manufacturing PMI,Medium,49.8,49.8,
2023-07-03,MonJul 3,CHF,CPI m/m,High,0.2%,0.3%,
2023-07-03,1:45am,EUR,French Gov Budget Balance,Medium,,-83.7B,
2023-07-03,2:15am,EUR,Spanish Manufacturing PMI,Low,48.0,48.4,
2023-07-03,2:30am,CHF,Manufacturing PMI,Medium,42.8,43.2,
2023-07-03,2:45am,EUR,Italian Manufacturing PMI,Medium,45.4,45.9,
2023-07-03,2:50am,EUR,French Final Manufacturing PMI,Medium,45.5,45.5,
2023-07-03,2:55am,EUR,German Final Manufacturing PMI,Medium,41.0,41.0,
2023-07-03,3:00am,EUR,Final Manufacturing PMI,Medium,43.6,43.6,
2023-07-03,3:30am,GBP,Final Manufacturing PMI,Medium,46.2,46.2,
2023-07-03,8:45am,USD,Final Manufacturing PMI,Medium,46.3,46.3,
2023-07-03,9:00am,USD,ISM Manufacturing PMI,High,47.2,46.9,
2023-07-03,9:00am,USD,ISM Manufacturing Prices,Low,44.0,44.2,
2023-07-03,9:00am,USD,Construction Spending m/m,Medium,0.4%,0.4%,
2023-07-03,6:50pm,JPY,Monetary Base y/y,Medium,-0.7%,-1.1%,
2023-07-03,10:35pm,JPY,10-y Bond Auction,Medium,,0.44|3.7,
2023-07-04,2:00am,EUR,Spanish Unemployment Change,Medium,-63.5K,-49.3K,
2023-07-04,4:03am,GBP,30-y Bond Auction,Medium,,4.48|2.6,
2023-07-04,All Day,USD,Bank Holiday,Low,,,
2023-07-05,2:15am,EUR,Spanish Services PMI,Medium,55.8,56.7,
2023-07-05,2:45am,EUR,Italian Services PMI,Medium,53.0,54.0,
2023-07-05,2:50am,EUR,French Final Services PMI,Medium,48.0,48.0,
2023-07-05,2:55am,EUR,German Final Services PMI,Medium,54.1,54.1,
2023-07-05,3:00am,EUR,Final Services PMI,Medium,52.4,52.4,
2023-07-05,3:30am,GBP,Final Services PMI,Medium,53.7,53.7,
2023-07-05,4:00am,EUR,PPI m/m,Medium,-1.7%,-3.2%,
2023-07-05,4:33am,EUR,German 10-y Bond Auction,Medium,,2.43|1.9,
2023-07-05,9:00am,USD,Factory Orders m/m,Medium,0.7%,0.3%,
2023-07-05,All Day,USD,Wards Total Vehicle Sales,Medium,15.3M,15.1M,
2023-07-05,1:00pm,USD,FOMC Meeting Minutes,High,,,
2023-07-05,3:00pm,USD,FOMC Member Williams Speaks,Medium,,,
2023-07-05,3:30pm,USD,API Weekly Statistical Bulletin,Medium,,,
2023-07-05,10:35pm,JPY,30-y Bond Auction,Medium,,1.26|3.1,
2023-07-06,3:30am,GBP,Construction PMI,Medium,50.9,51.6,
2023-07-06,3:30am,GBP,Housing Equity Withdrawal q/q,Medium,-10.7B,-15.3B,
2023-07-06,3:47am,EUR,Spanish 10-y Bond Auction,Medium,,3.51|1.4,
2023-07-06,3:58am,EUR,French 10-y Bond Auction,Medium,,2.85|1.9,
2023-07-06,4:00am,EUR,Retail Sales m/m,Medium,0.2%,0.0%,
2023-07-06,6:30am,USD,Challenger Job Cuts y/y,Medium,,286.7%,
2023-07-06,7:15am,USD,ADP Non-Farm Employment Change,High,226K,267K,
2023-07-06,7:30am,USD,Unemployment Claims,High,247K,236K,
2023-07-06,7:30am,USD,Trade Balance,Medium,-68.9B,-74.4B,
2023-07-06,7:45am,USD,FOMC Member Logan Speaks,Medium,,,
2023-07-06,8:45am,USD,Final Services PMI,Medium,54.1,54.1,
2023-07-06,9:00am,USD,ISM Services PMI,High,51.3,50.3,
2023-07-06,9:00am,USD,JOLTS Job Openings,High,9.93M,10.32M,
2023-07-06,10:00am,USD,Crude Oil Inventories,Medium,-2.0M,-9.6M,
2023-07-06,6:30pm,JPY,Average Cash Earnings y/y,Medium,1.2%,0.8%,
2023-07-06,6:30pm,JPY,Household Spending y/y,Medium,-2.4%,-4.4%,
2023-07-07,12:45am,CHF,Unemployment Rate,Medium,2.0%,2.0%,
2023-07-07,1:00am,EUR,German Industrial Production m/m,Medium,0.0%,0.3%,
2023-07-07,1:00am,GBP,Halifax HPI m/m,Medium,0.1%,-0.2%,
2023-07-07,1:45am,EUR,French Trade Balance,Medium,-9.5B,-10.6B,
2023-07-07,2:00am,CHF,Foreign Currency Reserves,Low,,734B,
2023-07-07,3:00am,EUR,Italian Retail Sales m/m,Medium,-0.2%,0.2%,
2023-07-07,7:00am,EUR,German Buba President Nagel Speaks,Medium,,,
2023-07-07,7:30am,USD,Average Hourly Earnings m/m,High,0.3%,0.4%,
2023-07-07,7:30am,USD,Non-Farm Employment Change,High,224K,306K,
2023-07-07,7:30am,USD,Unemployment Rate,High,3.6%,3.7%,
2023-07-07,9:30am,GBP,MPC Member Mann Speaks,Medium,,,
2023-07-07,9:30am,USD,Natural Gas Storage,Medium,65B,76B,
2023-07-07,11:45am,EUR,ECB President Lagarde Speaks,Low,,,
2023-07-09,6:50pm,JPY,Bank Lending y/y,Medium,3.5%,3.4%,
2023-07-09,6:50pm,JPY,Current Account,Medium,1.87T,1.90T,
2023-07-10,3:30am,EUR,Sentix Investor Confidence,Medium,-18.0,-17.0,
2023-07-10,9:00am,USD,Final Wholesale Inventories m/m,Medium,-0.1%,-0.1%,
2023-07-10,9:00am,USD,FOMC Member Barr Speaks,Medium,,,
2023-07-10,10:00am,GBP,BOE Gov Bailey Speaks,High,,,
2023-07-10,11:00am,EUR,German Buba President Nagel Speaks,Medium,,,
2023-07-10,2:00pm,USD,Consumer Credit m/m,Medium,21.1B,20.3B,
2023-07-10,6:01pm,GBP,BRC Retail Sales Monitor y/y,Medium,4.6%,3.7%,
2023-07-10,6:50pm,JPY,M2 Money Stock y/y,Medium,2.7%,2.6%,
2023-07-11,1:00am,EUR,German Final CPI m/m,Medium,0.3%,0.3%,
2023-07-11,1:00am,GBP,Claimant Count Change,High,20.5K,-22.5K,
2023-07-11,1:00am,GBP,Average Earnings Index 3m/y,Low,6.8%,6.7%,
2023-07-11,1:00am,GBP,Unemployment Rate,Medium,3.8%,3.8%,
2023-07-11,3:00am,EUR,Italian Industrial Production m/m,Medium,0.6%,-2.0%,
2023-07-11,4:00am,EUR,German ZEW Economic Sentiment,Low,-10.7,-8.5,
2023-07-11,4:00am,EUR,ZEW Economic Sentiment,Medium,-10.2,-10.0,
2023-07-11,4:50am,USD,NFIB Small Business Index,Medium,89.9,89.4,
2023-07-11,9:00am,USD,RCM/TIPP Economic Optimism,Medium,45.3,41.7,
2023-07-11,3:30pm,USD,API Weekly Statistical Bulletin,Medium,,,
2023-07-11,6:50pm,JPY,Core Machinery Orders m/m,Medium,0.9%,5.5%,
2023-07-11,6:50pm,JPY,PPI y/y,Medium,4.3%,5.2%,
2023-07-12,WedJul 12,GBP,BOE Financial Stability Report,Medium,,,
2023-07-12,WedJul 12,GBP,FPC Meeting Minutes,Medium,,,
2023-07-12,WedJul 12,GBP,FPC Statement,Medium,,,
2023-07-12,3:00am,GBP,BOE Gov Bailey Speaks,High,,,
2023-07-12,4:03am,GBP,10-y Bond Auction,Medium,,4.35|2.3,
2023-07-12,4:35am,EUR,German 10-y Bond Auction,Medium,,2.39|2.2,
2023-07-12,7:30am,USD,Core CPI m/m,High,0.3%,0.4%,
2023-07-12,7:30am,USD,CPI m/m,High,0.3%,0.1%,
2023-07-12,7:30am,USD,CPI y/y,High,3.1%,4.0%,
2023-07-12,8:30am,GBP,CB Leading Index m/m,Medium,,-0.6%,
2023-07-12,8:45am,USD,FOMC Member Kashkari Speaks,Medium,,,
2023-07-12,9:30am,USD,Crude Oil Inventories,Medium,-1.1M,-1.5M,
2023-07-12,12:01pm,USD,10-y Bond Auction,Low,,3.79|2.4,
2023-07-12,1:00pm,USD,Beige Book,Medium,,,
2023-07-12,6:01pm,GBP,RICS House Price Balance,Medium,-35%,-30%,
2023-07-13,ThuJul 13,GBP,Construction Output m/m,Medium,-0.5%,-0.9%,
2023-07-13,ThuJul 13,GBP,Goods Trade Balance,Medium,-14.9B,-14.6B,
2023-07-13,ThuJul 13,GBP,Index of Services 3m/3m,Medium,-0.2%,0.0%,
2023-07-13,ThuJul 13,GBP,Industrial Production m/m,Medium,-0.4%,-0.2%,
2023-07-13,ThuJul 13,GBP,Manufacturing Production m/m,Medium,-0.5%,-0.1%,
2023-07-13,1:45am,EUR,French Final CPI m/m,Medium,0.2%,0.2%,
2023-07-13,3:30am,GBP,BOE Credit Conditions Survey,Medium,,,
2023-07-13,4:00am,EUR,Industrial Production m/m,Medium,0.3%,1.0%,
2023-07-13,All Day,EUR,Eurogroup Meetings,Medium,,,
2023-07-13,6:30am,EUR,ECB Monetary Policy Meeting Accounts,Medium,,,
2023-07-13,7:20am,GBP,NIESR GDP Estimate,Medium,,0.0%,
2023-07-13,7:30am,USD,Core PPI m/m,High,0.2%,0.1%,
2023-07-13,7:30am,USD,PPI m/m,High,0.2%,-0.4%,
2023-07-13,7:30am,USD,Unemployment Claims,High,251K,249K,
2023-07-13,9:30am,USD,Natural Gas Storage,Medium,49B,72B,
2023-07-13,12:01pm,USD,30-y Bond Auction,Medium,,3.91|2.5,
2023-07-13,1:00pm,USD,Federal Budget Balance,Medium,-173.5B,-240.3B,
2023-07-13,5:45pm,USD,FOMC Member Waller Speaks,Low,,,
2023-07-13,11:30pm,JPY,Revised Industrial Production m/m,Medium,-1.6%,-1.6%,
2023-07-14,1:30am,CHF,PPI m/m,Medium,0.2%,-0.3%,
2023-07-14,All Day,EUR,French Bank Holiday,Low,,,
2023-07-14,3:00am,EUR,Italian Trade Balance,Medium,1.45B,0.36B,
2023-07-14,4:00am,EUR,Trade Balance,Medium,-10.3B,-8.0B,
2023-07-14,All Day,EUR,ECOFIN Meetings,Medium,,,
2023-07-14,7:30am,USD,Import Prices m/m,Medium,-0.1%,-0.4%,
2023-07-14,9:00am,USD,Prelim UoM Consumer Sentiment,High,65.5,64.4,
2023-07-14,9:00am,USD,Prelim UoM Inflation Expectations,Low,,3.3%,
2023-07-16,6:01pm,GBP,Rightmove HPI m/m,Medium,,0.0%,
2023-07-16,All Day,JPY,Bank Holiday,Low,,,
2023-07-17,5:00am,EUR,German Buba Monthly Report,Medium,,,
2023-07-17,7:30am,USD,Empire State Manufacturing Index,High,-3.5,6.6,
2023-07-17,11:30pm,JPY,Tertiary Industry Activity m/m,Medium,0.4%,0.9%,
2023-07-18,7:30am,USD,Core Retail Sales m/m,High,0.4%,0.3%,
2023-07-18,7:30am,USD,Retail Sales m/m,High,0.5%,0.5%,
2023-07-18,8:15am,USD,Industrial Production m/m,Low,0.0%,-0.5%,
2023-07-18,8:15am,USD,Capacity Utilization Rate,Medium,79.5%,79.4%,
2023-07-18,9:00am,USD,Business Inventories m/m,Medium,0.2%,0.1%,
2023-07-18,9:00am,USD,FOMC Member Barr Speaks,Medium,,,
2023-07-18,9:00am,USD,NAHB Housing Market Index,Medium,56,55,
2023-07-18,3:00pm,USD,TIC Long-Term Purchases,Medium,110.7B,127.8B,
2023-07-18,3:30pm,USD,API Weekly Statistical Bulletin,Medium,,,
2023-07-19,1:00am,GBP,CPI y/y,High,8.2%,8.7%,
2023-07-19,1:00am,GBP,Core CPI y/y,Medium,7.1%,7.1%,
2023-07-19,1:00am,GBP,PPI Input m/m,Medium,-0.3%,-1.2%,
2023-07-19,1:00am,GBP,PPI Output m/m,Medium,-0.3%,-0.6%,
2023-07-19,1:00am,GBP,RPI y/y,Medium,10.9%,11.3%,
2023-07-19,3:30am,GBP,HPI y/y,Medium,3.3%,3.2%,
2023-07-19,4:00am,EUR,Final Core CPI y/y,Medium,5.4%,5.4%,
2023-07-19,4:00am,EUR,Final CPI y/y,Medium,5.5%,5.5%,
2023-07-19,4:47am,EUR,German 30-y Bond Auction,Medium,,2.37|2.3,
2023-07-19,7:30am,USD,Housing Starts,High,1.48M,1.56M,
2023-07-19,7:30am,USD,Building Permits,Low,1.49M,1.50M,
2023-07-19,9:30am,USD,Crude Oil Inventories,Medium,-2.0M,5.9M,
2023-07-19,11:00am,GBP,MPC Member Ramsden Speaks,Medium,,,
2023-07-19,7:05pm,JPY,Trade Balance,Medium,-0.66T,-0.77T,
2023-07-20,ThuJul 20,EUR,German PPI m/m,Medium,-0.4%,-1.4%,
2023-07-20,3:00am,EUR,Current Account,Medium,2.5B,3.8B,
2023-07-20,7:30am,USD,Unemployment Claims,High,239K,237K,
2023-07-20,7:30am,USD,Philly Fed Manufacturing Index,Low,-10.1,-13.7,
2023-07-20,9:00am,USD,Existing Home Sales,Low,4.21M,4.30M,
2023-07-20,9:00am,USD,CB Leading Index m/m,Medium,-0.6%,-0.6%,
2023-07-20,9:02am,EUR,Consumer Confidence,Medium,-16,-16,
2023-07-20,9:30am,USD,Natural Gas Storage,Medium,45B,49B,
2023-07-20,6:01pm,GBP,GfK Consumer Confidence,Medium,-25,-24,
2023-07-20,6:30pm,JPY,National Core CPI y/y,Low,3.3%,3.2%,
2023-07-21,FriJul 21,GBP,Public Sector Net Borrowing,Medium,20.7B,15.8B,
2023-07-23,7:30pm,JPY,Flash Manufacturing PMI,Medium,50.1,49.8,
2023-07-24,MonJul 24,EUR,French Flash Services PMI,High,48.5,48.0,
2023-07-24,2:30am,EUR,German Flash Manufacturing PMI,High,40.9,40.6,
2023-07-24,2:30am,EUR,German Flash Services PMI,High,53.2,54.1,
2023-07-24,3:00am,EUR,Flash Manufacturing PMI,Low,43.5,43.4,
2023-07-24,3:00am,EUR,Flash Services PMI,Low,51.7,52.0,
2023-07-24,3:30am,GBP,Flash Manufacturing PMI,High,46.1,46.5,
2023-07-24,3:30am,GBP,Flash Services PMI,High,53.1,53.7,
2023-07-24,8:45am,USD,Flash Manufacturing PMI,High,46.1,46.3,
2023-07-24,8:45am,USD,Flash Services PMI,High,54.0,54.4,
2023-07-25,3:00am,EUR,German ifo Business Climate,Low,88.0,88.6,
2023-07-25,5:00am,GBP,CBI Industrial Order Expectations,Medium,-17,-15,
2023-07-25,7:58am,EUR,Belgian NBB Business Climate,Medium,-10.0,-12.1,
2023-07-25,8:00am,USD,HPI m/m,Medium,0.6%,0.7%,
2023-07-25,8:00am,USD,S&P/CS Composite-20 HPI y/y,Medium,-2.3%,-1.7%,
2023-07-25,9:00am,USD,CB Consumer Confidence,High,112.1,110.1,
2023-07-25,9:00am,USD,Richmond Manufacturing Index,Low,-9,-7,
2023-07-25,3:30pm,USD,API Weekly Statistical Bulletin,Medium,,,
2023-07-25,6:50pm,JPY,SPPI y/y,Medium,1.5%,1.7%,
2023-07-26,WedJul 26,EUR,M3 Money Supply y/y,Medium,0.9%,1.4%,
2023-07-26,WedJul 26,EUR,Private Loans y/y,Medium,2.0%,2.1%,
2023-07-26,9:00am,USD,New Home Sales,Low,726K,715K,
2023-07-26,9:30am,USD,Crude Oil Inventories,Medium,-2.2M,-0.7M,
2023-07-26,1:00pm,USD,Federal Funds Rate,High,5.50%,5.25%,
2023-07-26,1:00pm,USD,FOMC Statement,High,,,
2023-07-26,1:30pm,USD,FOMC Press Conference,High,,,
2023-07-27,2:00am,EUR,Spanish Unemployment Rate,Medium,13.0%,13.3%,
2023-07-27,4:13am,EUR,Italian 10-y Bond Auction,Medium,,4.13|1.4,
2023-07-27,5:00am,GBP,CBI Realized Sales,Medium,-9,-9,
2023-07-27,7:15am,EUR,Main Refinancing Rate,High,4.25%,4.00%,
2023-07-27,7:15am,EUR,Monetary Policy Statement,High,,,
2023-07-27,7:30am,USD,Advance GDP q/q,High,1.8%,2.0%,
2023-07-27,7:30am,USD,Unemployment Claims,High,234K,228K,
2023-07-27,7:30am,USD,Advance GDP Price Index q/q,Low,3.0%,4.1%,
2023-07-27,7:30am,USD,Core Durable Goods Orders m/m,Low,0.1%,0.7%,
2023-07-27,7:30am,USD,Durable Goods Orders m/m,Low,1.3%,1.8%,
2023-07-27,7:30am,USD,Goods Trade Balance,Medium,-91.8B,-91.9B,
2023-07-27,7:30am,USD,Prelim Wholesale Inventories m/m,Medium,-0.1%,0.0%,
2023-07-27,7:45am,EUR,ECB Press Conference,High,,,
2023-07-27,9:00am,USD,Pending Home Sales m/m,Low,-0.5%,-2.5%,
2023-07-27,9:30am,USD,Natural Gas Storage,Medium,12B,41B,
2023-07-27,6:30pm,JPY,Tokyo Core CPI y/y,Low,2.9%,3.2%,
2023-07-27,10:28pm,JPY,BOJ Outlook Report,High,,,
2023-07-27,10:28pm,JPY,Monetary Policy Statement,High,,,
2023-07-27,10:28pm,JPY,BOJ Policy Rate,Low,-0.10%,-0.10%,
2023-07-28,FriJul 28,EUR,French Flash GDP q/q,Medium,0.1%,0.1%,
2023-07-28,All Day,EUR,German Prelim CPI m/m,High,0.3%,0.3%,
2023-07-28,1:30am,CHF,Retail Sales y/y,Medium,-0.7%,-0.9%,
2023-07-28,1:30am,JPY,BOJ Press Conference,High,,,
2023-07-28,1:45am,EUR,French Prelim CPI m/m,Medium,0.0%,0.2%,
2023-07-28,2:00am,CHF,KOF Economic Barometer,Medium,90.0,90.7,
2023-07-28,2:00am,EUR,Spanish Flash CPI y/y,Low,1.7%,1.9%,
2023-07-28,2:00am,EUR,Spanish Flash GDP q/q,Medium,0.4%,0.6%,
2023-07-28,3:00am,EUR,German Prelim GDP q/q,Medium,0.1%,-0.3%,
2023-07-28,7:30am,USD,Core PCE Price Index m/m,High,0.2%,0.3%,
2023-07-28,7:30am,USD,Employment Cost Index q/q,High,1.1%,1.2%,
2023-07-28,7:30am,USD,Personal Income m/m,Medium,0.5%,0.5%,
2023-07-28,7:30am,USD,Personal Spending m/m,Medium,0.4%,0.2%,
2023-07-28,9:00am,USD,Revised UoM Consumer Sentiment,High,72.6,72.6,
2023-07-28,9:00am,USD,Revised UoM Inflation Expectations,Medium,,3.4%,
2023-07-30,SunJul 30,JPY,Retail Sales y/y,Medium,5.4%,5.8%,
2023-07-31,MonJul 31,JPY,Housing Starts y/y,Medium,-0.4%,3.5%,
2023-07-31,1:00am,EUR,German Import Prices m/m,Medium,-0.8%,-1.4%,
2023-07-31,1:00am,EUR,German Retail Sales m/m,Medium,-0.3%,1.9%,
2023-07-31,3:00am,EUR,Italian Prelim GDP q/q,Medium,0.0%,0.6%,
2023-07-31,3:30am,GBP,M4 Money Supply m/m,Medium,0.5%,0.3%,
2023-07-31,3:30am,GBP,Mortgage Approvals,Medium,49K,51K,
2023-07-31,3:30am,GBP,Net Lending to Individuals m/m,Medium,1.3B,1.0B,
2023-07-31,4:00am,EUR,Core CPI Flash Estimate y/y,Low,5.4%,5.5%,
2023-07-31,4:00am,EUR,CPI Flash Estimate y/y,Low,5.3%,5.5%,
2023-07-31,4:00am,EUR,Italian Prelim CPI m/m,Medium,-0.1%,0.0%,
2023-07-31,4:00am,EUR,Prelim Flash GDP q/q,Medium,0.2%,-0.1%,
2023-07-31,8:45am,USD,Chicago PMI,Medium,43.3,41.5,
2023-07-31,1:00pm,USD,Loan Officer Survey,Medium,,,
2023-07-31,6:01pm,GBP,BRC Shop Price Index y/y,Medium,,8.4%,
2023-07-31,6:30pm,JPY,Unemployment Rate,Medium,2.6%,2.6%,
2023-07-31,7:30pm,JPY,Final Manufacturing PMI,Medium,49.4,49.4,
2023-07-31,10:35pm,JPY,10-y Bond Auction,Medium,,0.43|4.0,
2023-08-01,All Day,CHF,Bank Holiday,Low,,,
2023-08-01,2:15am,EUR,Spanish Manufacturing PMI,Medium,48.2,48.0,
2023-08-01,2:45am,EUR,Italian Manufacturing PMI,Medium,44.4,43.8,
2023-08-01,2:50am,EUR,French Final Manufacturing PMI,Medium,44.5,44.5,
2023-08-01,2:55am,EUR,German Final Manufacturing PMI,Medium,38.8,38.8,
2023-08-01,2:55am,EUR,German Unemployment Change,Medium,19K,30K,
2023-08-01,3:00am,EUR,Final Manufacturing PMI,Medium,42.7,42.7,
2023-08-01,3:00am,EUR,Italian Monthly Unemployment Rate,Medium,7.7%,7.6%,
2023-08-01,3:30am,GBP,Final Manufacturing PMI,Medium,45.0,45.0,
2023-08-01,4:00am,EUR,Unemployment Rate,Medium,6.5%,6.5%,
2023-08-01,8:45am,USD,Final Manufacturing PMI,Medium,49.0,49.0,
2023-08-01,9:00am,USD,ISM Manufacturing PMI,High,46.9,46.0,
2023-08-01,9:00am,USD,JOLTS Job Openings,High,9.61M,9.62M,
2023-08-01,9:00am,USD,ISM Manufacturing Prices,Low,43.8,41.8,
2023-08-01,9:00am,USD,Construction Spending m/m,Medium,0.6%,1.1%,
2023-08-01,9:00am,USD,FOMC Member Goolsbee Speaks,Medium,,,
2023-08-01,All Day,USD,Wards Total Vehicle Sales,Medium,15.7M,15.7M,
2023-08-01,3:30pm,USD,API Weekly Statistical Bulletin,Medium,,,
2023-08-01,6:50pm,JPY,Monetary Base y/y,Medium,-0.7%,-1.0%,
2023-08-01,6:50pm,JPY,Monetary Policy Meeting Minutes,Medium,,,
2023-08-02,WedAug 2,EUR,Spanish Unemployment Change,Medium,-38.2K,-50.3K,
2023-08-02,2:30am,CHF,Manufacturing PMI,Medium,43.8,44.9,
2023-08-02,7:15am,USD,ADP Non-Farm Employment Change,High,191K,455K,
2023-08-02,9:30am,USD,Crude Oil Inventories,Medium,-0.9M,-0.6M,
2023-08-03,1:30am,CHF,CPI m/m,High,-0.1%,0.1%,
2023-08-03,1:45am,EUR,French Gov Budget Balance,Medium,,-107.2B,
2023-08-03,2:15am,EUR,Spanish Services PMI,Medium,53.5,53.4,
2023-08-03,2:45am,EUR,Italian Services PMI,Medium,52.2,52.2,
2023-08-03,2:50am,EUR,French Final Services PMI,Medium,47.4,47.4,
2023-08-03,2:55am,EUR,German Final Services PMI,Medium,52.0,52.0,
2023-08-03,3:00am,EUR,Final Services PMI,Medium,51.1,51.1,
2023-08-03,3:00am,EUR,Italian Retail Sales m/m,Medium,0.2%,0.6%,
2023-08-03,3:30am,GBP,Final Services PMI,Medium,51.5,51.5,
2023-08-03,3:44am,EUR,Spanish 10-y Bond Auction,Medium,,3.55|1.5,
2023-08-03,3:58am,EUR,French 10-y Bond Auction,Medium,,3.04|1.9,
2023-08-03,4:00am,EUR,PPI m/m,Medium,-0.3%,-1.9%,
2023-08-03,6:00am,GBP,BOE Monetary Policy Report,High,,,
2023-08-03,6:00am,GBP,Monetary Policy Summary,High,,,
2023-08-03,6:00am,GBP,MPC Official Bank Rate Votes,High,7-0-2,7-0-2,
2023-08-03,6:00am,GBP,Official Bank Rate,High,5.25%,5.00%,
2023-08-03,6:30am,GBP,BOE Gov Bailey Speaks,High,,,
2023-08-03,6:30am,USD,Challenger Job Cuts y/y,Medium,,25.2%,
2023-08-03,7:30am,USD,Unemployment Claims,High,226K,221K,
2023-08-03,7:30am,USD,Prelim Nonfarm Productivity q/q,Medium,2.1%,-2.1%,
2023-08-03,7:30am,USD,Prelim Unit Labor Costs q/q,Medium,2.5%,4.2%,
2023-08-03,8:45am,USD,Final Services PMI,Medium,52.4,52.4,
2023-08-03,9:00am,USD,ISM Services PMI,High,53.1,53.9,
2023-08-03,9:00am,USD,Factory Orders m/m,Medium,2.0%,0.4%,
2023-08-03,9:30am,USD,Natural Gas Storage,Medium,18B,16B,
2023-08-04,1:45am,EUR,French Industrial Production m/m,Medium,-0.3%,1.1%,
2023-08-04,1:45am,EUR,French Prelim Private Payrolls q/q,Medium,0.2%,0.4%,
2023-08-04,3:00am,EUR,Italian Industrial Production m/m,Medium,-0.3%,1.7%,
2023-08-04,3:30am,GBP,Construction PMI,Medium,48.1,48.9,
2023-08-04,4:00am,EUR,Retail Sales m/m,Medium,0.3%,0.6%,
2023-08-04,6:15am,GBP,MPC Member Pill Speaks,Medium,,,
2023-08-04,7:30am,USD,Average Hourly Earnings m/m,High,0.3%,0.4%,
2023-08-04,7:30am,USD,Non-Farm Employment Change,High,205K,185K,
2023-08-04,7:30am,USD,Unemployment Rate,High,3.6%,3.6%,
2023-08-06,6:50pm,JPY,BOJ Summary of Opinions,Medium,,,
2023-08-07,12:45am,CHF,Unemployment Rate,Medium,2.0%,2.0%,
2023-08-07,1:00am,EUR,German Industrial Production m/m,Medium,-0.4%,-0.1%,
2023-08-07,1:00am,GBP,Halifax HPI m/m,Medium,0.0%,-0.1%,
2023-08-07,2:00am,CHF,Foreign Currency Reserves,Low,,725B,
2023-08-07,3:30am,EUR,Sentix Investor Confidence,Medium,-24.3,-22.5,
2023-08-07,7:30am,USD,FOMC Member Bowman Speaks,Medium,,,
2023-08-07,11:00am,GBP,MPC Member Pill Speaks,Medium,,,
2023-08-07,2:00pm,USD,Consumer Credit m/m,Medium,13.8B,9.5B,
2023-08-07,6:01pm,GBP,BRC Retail Sales Monitor y/y,Medium,3.0%,4.2%,
2023-08-07,6:30pm,JPY,Average Cash Earnings y/y,Medium,3.0%,2.9%,
2023-08-07,6:30pm,JPY,Household Spending y/y,Medium,-3.9%,-4.0%,
2023-08-07,6:50pm,JPY,Bank Lending y/y,Medium,3.0%,3.1%,
2023-08-07,6:50pm,JPY,Current Account,Medium,2.24T,1.70T,
2023-08-07,10:35pm,JPY,30-y Bond Auction,Medium,,1.22|3.0,
2023-08-08,1:00am,EUR,German Final CPI m/m,Medium,0.3%,0.3%,
2023-08-08,1:45am,EUR,French Trade Balance,Medium,-8.0B,-7.9B,
2023-08-08,5:00am,USD,NFIB Small Business Index,Medium,91.2,91.0,
2023-08-08,7:15am,USD,FOMC Member Harker Speaks,Low,,,
2023-08-08,7:30am,USD,Trade Balance,Medium,-65.1B,-68.3B,
2023-08-08,9:00am,USD,Final Wholesale Inventories m/m,Medium,-0.3%,-0.3%,
2023-08-08,9:00am,USD,RCM/TIPP Economic Optimism,Medium,43.0,41.3,
2023-08-08,3:30pm,USD,API Weekly Statistical Bulletin,Medium,,,
2023-08-08,6:50pm,JPY,M2 Money Stock y/y,Medium,2.6%,2.6%,
2023-08-09,4:02am,GBP,10-y Bond Auction,Medium,,4.60|2.7,
2023-08-09,4:34am,EUR,German 10-y Bond Auction,Medium,,2.64|1.9,
2023-08-09,9:30am,USD,Crude Oil Inventories,Medium,2.1M,-17.0M,
2023-08-09,12:01pm,USD,10-y Bond Auction,Low,,3.86|2.5,
2023-08-09,6:01pm,GBP,RICS House Price Balance,Medium,-50%,-48%,
2023-08-09,6:50pm,JPY,PPI y/y,Medium,3.5%,4.3%,
2023-08-10,7:30am,USD,Core CPI m/m,High,0.2%,0.2%,
2023-08-10,7:30am,USD,CPI m/m,High,0.2%,0.2%,
2023-08-10,7:30am,USD,CPI y/y,High,3.3%,3.0%,
2023-08-10,7:30am,USD,Unemployment Claims,High,231K,227K,
2023-08-10,9:00am,USD,Mortgage Delinquencies,Medium,,3.56%,
2023-08-10,9:30am,USD,Natural Gas Storage,Medium,24B,14B,
2023-08-10,12:01pm,USD,30-y Bond Auction,Medium,,3.91|2.4,
2023-08-10,1:00pm,USD,Federal Budget Balance,Medium,-107.5B,-227.8B,
2023-08-10,3:15pm,USD,FOMC Member Harker Speaks,Low,,,
2023-08-10,All Day,JPY,Bank Holiday,Low,,,
2023-08-11,FriAug 11,GBP,Prelim GDP q/q,Low,0.0%,0.1%,
2023-08-11,FriAug 11,GBP,Construction Output m/m,Medium,0.0%,-0.3%,
2023-08-11,FriAug 11,GBP,Goods Trade Balance,Medium,-16.6B,-18.4B,
2023-08-11,FriAug 11,GBP,Index of Services 3m/3m,Medium,0.0%,0.0%,
2023-08-11,FriAug 11,GBP,Industrial Production m/m,Medium,0.2%,-0.6%,
2023-08-11,FriAug 11,GBP,Manufacturing Production m/m,Medium,0.2%,-0.1%,
2023-08-11,FriAug 11,GBP,Prelim Business Investment q/q,Medium,-1.0%,3.3%,
2023-08-11,1:45am,EUR,French Final CPI m/m,Medium,0.0%,0.0%,
2023-08-11,3:00am,EUR,Italian Trade Balance,Medium,4.23B,4.77B,
2023-08-11,7:01am,GBP,NIESR GDP Estimate,Medium,,0.2%,
2023-08-11,7:30am,USD,Core PPI m/m,High,0.2%,-0.1%,
2023-08-11,7:30am,USD,PPI m/m,High,0.2%,0.0%,
2023-08-11,9:00am,USD,Prelim UoM Consumer Sentiment,High,71.4,71.6,
2023-08-11,9:00am,USD,Prelim UoM Inflation Expectations,Low,,3.4%,
2023-08-14,8:45am,USD,Cleveland Fed Inflation Expectations,Medium,,5.0%,
2023-08-14,6:50pm,JPY,Prelim GDP Price Index y/y,Medium,3.8%,2.0%,
2023-08-14,6:50pm,JPY,Prelim GDP q/q,Medium,0.8%,0.7%,
2023-08-14,11:30pm,JPY,Revised Industrial Production m/m,Medium,2.0%,2.0%,
2023-08-15,TueAug 15,GBP,Average Earnings Index 3m/y,Low,7.3%,7.2%,
2023-08-15,TueAug 15,GBP,Unemployment Rate,Medium,4.0%,4.0%,
2023-08-15,1:30am,CHF,PPI m/m,Medium,0.2%,0.0%,
2023-08-15,All Day,EUR,French Bank Holiday,Low,,,
2023-08-15,All Day,EUR,Italian Bank Holiday,Low,,,
2023-08-15,4:00am,EUR,German ZEW Economic Sentiment,Low,-15.0,-14.7,
2023-08-15,4:00am,EUR,ZEW Economic Sentiment,Medium,-12.0,-12.2,
2023-08-15,7:30am,USD,Core Retail Sales m/m,High,0.4%,0.2%,
2023-08-15,7:30am,USD,Empire State Manufacturing Index,High,-0.9,1.1,
2023-08-15,7:30am,USD,Retail Sales m/m,High,0.4%,0.3%,
2023-08-15,7:30am,USD,Import Prices m/m,Medium,0.2%,-0.1%,
2023-08-15,8:30am,GBP,CB Leading Index m/m,Medium,,-0.8%,
2023-08-15,9:00am,USD,Business Inventories m/m,Medium,0.2%,0.0%,
2023-08-15,9:00am,USD,NAHB Housing Market Index,Medium,56,56,
2023-08-15,10:00am,USD,FOMC Member Kashkari Speaks,Medium,,,
2023-08-15,3:00pm,USD,TIC Long-Term Purchases,Medium,50.0B,23.6B,
2023-08-15,3:30pm,USD,API Weekly Statistical Bulletin,Medium,,,
2023-08-16,WedAug 16,GBP,Core CPI y/y,Medium,6.8%,6.9%,
2023-08-16,WedAug 16,GBP,PPI Input m/m,Medium,-0.1%,-1.3%,
2023-08-16,WedAug 16,GBP,PPI Output m/m,Medium,-0.2%,-0.2%,
2023-08-16,WedAug 16,GBP,RPI y/y,Medium,9.1%,10.7%,
2023-08-16,3:30am,GBP,HPI y/y,Medium,1.8%,1.8%,
2023-08-16,4:00am,EUR,Flash Employment Change q/q,Medium,0.4%,0.5%,
2023-08-16,4:00am,EUR,Flash GDP q/q,Medium,0.3%,0.3%,
2023-08-16,4:00am,EUR,Industrial Production m/m,Medium,-0.1%,0.0%,
2023-08-16,4:36am,EUR,German 30-y Bond Auction,Medium,,2.40|2.0,
2023-08-16,7:30am,USD,Building Permits,Low,1.47M,1.44M,
2023-08-16,7:30am,USD,Housing Starts,Medium,1.45M,1.40M,
2023-08-16,8:15am,USD,Industrial Production m/m,Low,0.3%,-0.8%,
2023-08-16,8:15am,USD,Capacity Utilization Rate,Medium,79.1%,78.6%,
2023-08-16,9:30am,USD,Crude Oil Inventories,Medium,-2.4M,5.9M,
2023-08-16,1:00pm,USD,FOMC Meeting Minutes,High,,,
2023-08-16,6:50pm,JPY,Core Machinery Orders m/m,Medium,3.6%,-7.6%,
2023-08-16,6:50pm,JPY,Trade Balance,Medium,-0.44T,-0.54T,
2023-08-16,11:30pm,JPY,Tertiary Industry Activity m/m,Medium,-0.1%,1.0%,
2023-08-17,7:30am,USD,Unemployment Claims,High,240K,250K,
2023-08-17,7:30am,USD,Philly Fed Manufacturing Index,Low,-9.8,-13.5,
2023-08-17,9:00am,USD,CB Leading Index m/m,Medium,-0.4%,-0.7%,
2023-08-17,9:30am,USD,Natural Gas Storage,Medium,35B,29B,
2023-08-17,6:30pm,JPY,National Core CPI y/y,Medium,3.1%,3.3%,
2023-08-18,4:00am,EUR,Final Core CPI y/y,Medium,5.5%,5.5%,
2023-08-18,4:00am,EUR,Final CPI y/y,Medium,5.3%,5.3%,
2023-08-20,6:01pm,GBP,Rightmove HPI m/m,Medium,,-0.2%,
2023-08-21,5:00am,EUR,German Buba Monthly Report,Medium,,,
2023-08-22,1:00am,CHF,Trade Balance,Medium,4.50B,4.79B,
2023-08-22,1:00am,GBP,Public Sector Net Borrowing,Medium,3.8B,17.1B,
2023-08-22,3:00am,EUR,Current Account,Medium,10.2B,7.9B,
2023-08-22,5:00am,GBP,CBI Industrial Order Expectations,Medium,-11,-9,
2023-08-22,8:59am,USD,Richmond Manufacturing Index,Low,-10,-9,
2023-08-22,9:00am,USD,Existing Home Sales,Low,4.15M,4.16M,
2023-08-22,1:30pm,USD,FOMC Member Goolsbee Speaks,Medium,,,
2023-08-22,1:32pm,USD,FOMC Member Bowman Speaks,Medium,,,
2023-08-22,2:30pm,USD,FOMC Member Goolsbee Speaks,Medium,,,
2023-08-22,3:30pm,USD,API Weekly Statistical Bulletin,Medium,,,
2023-08-22,7:30pm,JPY,Flash Manufacturing PMI,Medium,49.6,49.6,
2023-08-23,WedAug 23,EUR,French Flash Services PMI,High,47.5,47.1,
2023-08-23,2:30am,EUR,German Flash Manufacturing PMI,High,38.9,38.8,
2023-08-23,2:30am,EUR,German Flash Services PMI,High,51.5,52.3,
2023-08-23,3:00am,EUR,Flash Manufacturing PMI,Low,42.8,42.7,
2023-08-23,3:00am,EUR,Flash Services PMI,Low,50.6,50.9,
2023-08-23,3:30am,GBP,Flash Manufacturing PMI,High,45.1,45.3,
2023-08-23,3:30am,GBP,Flash Services PMI,High,50.9,51.5,
2023-08-23,8:45am,USD,Flash Manufacturing PMI,High,48.9,49.0,
2023-08-23,8:45am,USD,Flash Services PMI,High,52.1,52.3,
2023-08-23,9:00am,EUR,Consumer Confidence,Medium,-15,-15,
2023-08-23,9:00am,USD,Prelim Benchmark Payrolls Revision,High,,462K,
2023-08-23,9:00am,USD,New Home Sales,Low,705K,684K,
2023-08-23,9:30am,USD,Crude Oil Inventories,Medium,-2.9M,-6.0M,
2023-08-24,5:00am,GBP,CBI Realized Sales,Medium,-14,-25,
2023-08-24,7:30am,USD,Unemployment Claims,High,239K,240K,
2023-08-24,7:30am,USD,Core Durable Goods Orders m/m,Low,0.2%,0.5%,
2023-08-24,7:30am,USD,Durable Goods Orders m/m,Low,-4.1%,4.6%,
2023-08-24,9:30am,USD,Natural Gas Storage,Medium,36B,35B,
2023-08-24,11:00am,USD,FOMC Member Harker Speaks,Low,,,
2023-08-24,6:01pm,GBP,GfK Consumer Confidence,Medium,-29,-30,
2023-08-24,6:30pm,JPY,Tokyo Core CPI y/y,Low,2.9%,3.0%,
2023-08-24,6:50pm,JPY,SPPI y/y,Medium,1.2%,1.4%,
2023-08-25,3:00am,EUR,German ifo Business Climate,High,86.8,87.4,
2023-08-25,8:00am,EUR,Belgian NBB Business Climate,Medium,-13.5,-14.8,
2023-08-25,9:00am,USD,Revised UoM Consumer Sentiment,High,71.2,71.2,
2023-08-25,9:00am,USD,Revised UoM Inflation Expectations,Medium,,3.3%,
2023-08-25,9:05am,USD,Fed Chairman Powell Speaks,High,,,
2023-08-25,10:00am,USD,FOMC Member Harker Speaks,Low,,,
2023-08-25,10:30am,USD,FOMC Member Harker Speaks,Low,,,
2023-08-25,11:30am,USD,FOMC Member Goolsbee Speaks,Medium,,,
2023-08-25,1:00pm,USD,FOMC Member Goolsbee Speaks,Medium,,,
2023-08-25,2:00pm,EUR,ECB President Lagarde Speaks,High,,,
2023-08-26,11:25am,GBP,MPC Member Broadbent Speaks,Medium,,,
2023-08-26,11:25am,JPY,BOJ Gov Ueda Speaks,Low,,,
2023-08-28,3:00am,EUR,M3 Money Supply y/y,Medium,0.0%,0.6%,
2023-08-28,3:00am,EUR,Private Loans y/y,Medium,1.6%,1.7%,
2023-08-28,7:00am,EUR,German Buba President Nagel Speaks,Medium,,,
2023-08-28,6:01pm,GBP,BRC Shop Price Index y/y,Medium,,7.6%,
2023-08-28,6:30pm,JPY,Unemployment Rate,Medium,2.5%,2.5%,
2023-08-29,8:00am,USD,S&P/CS Composite-20 HPI y/y,High,-1.5%,-1.7%,
2023-08-29,8:00am,USD,HPI m/m,Medium,0.2%,0.7%,
2023-08-29,9:00am,USD,CB Consumer Confidence,High,116.0,114.0,
2023-08-29,9:00am,USD,JOLTS Job Openings,High,9.49M,9.17M,
2023-08-29,3:30pm,USD,API Weekly Statistical Bulletin,Medium,,,
2023-08-30,1:00am,EUR,German Import Prices m/m,Medium,-0.3%,-1.6%,
2023-08-30,All Day,EUR,German Prelim CPI m/m,High,0.3%,0.3%,
2023-08-30,2:00am,CHF,KOF Economic Barometer,Medium,90.9,92.1,
2023-08-30,2:00am,EUR,Spanish Flash CPI y/y,High,2.5%,2.3%,
2023-08-30,3:00am,CHF,UBS Economic Expectations,Medium,,-32.6,
2023-08-30,3:30am,GBP,M4 Money Supply m/m,Medium,0.1%,-0.1%,
2023-08-30,3:30am,GBP,Mortgage Approvals,Medium,51K,55K,
2023-08-30,3:30am,GBP,Net Lending to Individuals m/m,Medium,1.4B,1.7B,
2023-08-30,4:14am,EUR,Italian 10-y Bond Auction,Medium,,4.10|1.4,
2023-08-30,7:15am,USD,ADP Non-Farm Employment Change,High,194K,371K,
2023-08-30,7:30am,USD,Prelim GDP q/q,High,2.4%,2.4%,
2023-08-30,7:30am,USD,Prelim GDP Price Index q/q,Low,2.2%,2.2%,
2023-08-30,7:30am,USD,Goods Trade Balance,Medium,-90.0B,-88.8B,
2023-08-30,7:30am,USD,Prelim Wholesale Inventories m/m,Medium,0.2%,-0.5%,
2023-08-30,9:00am,USD,Pending Home Sales m/m,Low,-0.8%,0.4%,
2023-08-30,9:30am,USD,Crude Oil Inventories,Medium,-2.2M,-6.1M,
2023-08-30,6:50pm,JPY,Prelim Industrial Production m/m,Medium,-1.2%,2.4%,
2023-08-30,6:50pm,JPY,Retail Sales y/y,Medium,5.5%,5.6%,
2023-08-31,1:00am,EUR,German Retail Sales m/m,Medium,0.3%,-0.2%,
2023-08-31,1:30am,CHF,Retail Sales y/y,Medium,1.5%,1.0%,
2023-08-31,1:45am,EUR,French Consumer Spending m/m,Medium,0.3%,0.9%,
2023-08-31,1:45am,EUR,French Prelim CPI m/m,Medium,0.7%,0.1%,
2023-08-31,1:45am,EUR,French Prelim GDP q/q,Medium,0.5%,0.5%,
2023-08-31,2:15am,GBP,MPC Member Pill Speaks,Medium,,,
2023-08-31,2:55am,EUR,German Unemployment Change,Medium,10K,1K,
2023-08-31,3:00am,EUR,Italian Monthly Unemployment Rate,Medium,7.4%,7.5%,
2023-08-31,4:00am,EUR,Core CPI Flash Estimate y/y,Low,5.3%,5.5%,
2023-08-31,4:00am,EUR,CPI Flash Estimate y/y,Low,5.1%,5.3%,
2023-08-31,4:00am,EUR,Italian Prelim CPI m/m,Medium,0.1%,0.0%,
2023-08-31,4:00am,EUR,Unemployment Rate,Medium,6.4%,6.4%,
2023-08-31,6:30am,EUR,ECB Monetary Policy Meeting Accounts,Medium,,,
2023-08-31,6:30am,USD,Challenger Job Cuts y/y,Medium,,-8.2%,
2023-08-31,7:30am,USD,Core PCE Price Index m/m,High,0.2%,0.2%,
2023-08-31,7:30am,USD,Unemployment Claims,High,236K,232K,
2023-08-31,7:30am,USD,Personal Income m/m,Medium,0.3%,0.3%,
2023-08-31,7:30am,USD,Personal Spending m/m,Medium,0.7%,0.6%,
2023-08-31,8:45am,USD,Chicago PMI,Medium,44.3,42.8,
2023-08-31,9:30am,USD,Natural Gas Storage,Medium,28B,18B,
2023-08-31,6:50pm,JPY,Capital Spending q/y,Medium,7.9%,11.0%,
2023-08-31,7:30pm,JPY,Final Manufacturing PMI,Medium,49.7,49.7,
2023-09-01,1:30am,CHF,CPI m/m,High,0.2%,-0.1%,
2023-09-01,1:45am,EUR,French Gov Budget Balance,Medium,,-116.2B,
2023-09-01,2:15am,EUR,Spanish Manufacturing PMI,Medium,47.8,47.8,
2023-09-01,2:30am,CHF,Manufacturing PMI,Medium,40.5,38.5,
2023-09-01,2:45am,EUR,Italian Manufacturing PMI,Medium,44.0,44.5,
2023-09-01,2:50am,EUR,French Final Manufacturing PMI,Medium,46.4,46.4,
2023-09-01,2:55am,EUR,German Final Manufacturing PMI,Medium,39.1,39.1,
2023-09-01,3:00am,EUR,Final Manufacturing PMI,Medium,43.7,43.7,
2023-09-01,3:30am,GBP,Final Manufacturing PMI,Medium,42.5,42.5,
2023-09-01,5:00am,GBP,MPC Member Pill Speaks,Medium,,,
2023-09-01,7:30am,USD,Average Hourly Earnings m/m,High,0.3%,0.4%,
2023-09-01,7:30am,USD,Non-Farm Employment Change,High,169K,157K,
2023-09-01,7:30am,USD,Unemployment Rate,High,3.5%,3.5%,
2023-09-01,8:45am,USD,Final Manufacturing PMI,Medium,47.0,47.0,
2023-09-01,9:00am,USD,ISM Manufacturing PMI,High,46.9,46.4,
2023-09-01,9:00am,USD,ISM Manufacturing Prices,Low,43.9,42.6,
2023-09-01,9:00am,USD,Construction Spending m/m,Medium,0.5%,0.6%,
2023-09-01,All Day,USD,Wards Total Vehicle Sales,Medium,15.5M,15.7M,
2023-09-03,6:50pm,JPY,Monetary Base y/y,Medium,-0.7%,-1.3%,
2023-09-04,2:00am,CHF,GDP q/q,Low,0.1%,0.3%,
2023-09-04,2:00am,EUR,Spanish Unemployment Change,Medium,-21.3K,-11.0K,
2023-09-04,3:30am,EUR,Sentix Investor Confidence,Medium,-19.6,-18.9,
2023-09-04,All Day,USD,Bank Holiday,Low,,,
2023-09-04,8:00am,EUR,German Buba President Nagel Speaks,Medium,,,
2023-09-04,8:30am,EUR,ECB President Lagarde Speaks,Low,,,
2023-09-04,6:01pm,GBP,BRC Retail Sales Monitor y/y,Medium,2.2%,1.8%,
2023-09-04,6:30pm,JPY,Household Spending y/y,Medium,-2.4%,-4.2%,
2023-09-04,10:35pm,JPY,10-y Bond Auction,Medium,,0.59|3.6,
2023-09-05,2:45am,EUR,Italian Services PMI,Medium,50.3,51.5,
2023-09-05,2:50am,EUR,French Final Services PMI,Medium,46.7,46.7,
2023-09-05,2:55am,EUR,German Final Services PMI,Medium,47.3,47.3,
2023-09-05,3:00am,EUR,Final Services PMI,Medium,48.3,48.3,
2023-09-05,3:30am,GBP,Final Services PMI,Medium,48.7,48.7,
2023-09-05,4:00am,EUR,PPI m/m,Medium,-0.5%,-0.4%,
2023-09-05,9:00am,USD,Factory Orders m/m,Medium,-2.5%,2.3%,
2023-09-06,3:30am,GBP,Construction PMI,Medium,49.8,51.7,
2023-09-06,4:00am,EUR,Retail Sales m/m,Medium,-0.1%,0.2%,
2023-09-06,4:34am,EUR,German 10-y Bond Auction,Medium,,2.46|1.6,
2023-09-06,7:30am,USD,Trade Balance,Medium,-67.9B,-63.7B,
2023-09-06,8:15am,GBP,Monetary Policy Report Hearings,Low,,,
2023-09-06,8:45am,USD,Final Services PMI,Medium,51.0,51.0,
2023-09-06,9:00am,USD,ISM Services PMI,High,52.5,52.7,
2023-09-06,9:00am,USD,RCM/TIPP Economic Optimism,Medium,41.1,40.3,
2023-09-06,1:00pm,USD,Beige Book,Medium,,,
2023-09-06,2:00pm,USD,FOMC Member Logan Speaks,Medium,,,
2023-09-06,3:30pm,USD,API Weekly Statistical Bulletin,Medium,,,
2023-09-06,10:35pm,JPY,30-y Bond Auction,Medium,,1.59|3.5,
2023-09-07,12:30am,EUR,French Final Private Payrolls q/q,Medium,0.2%,0.1%,
2023-09-07,12:45am,CHF,Unemployment Rate,Medium,2.1%,2.1%,
2023-09-07,1:00am,EUR,German Industrial Production m/m,Medium,-0.4%,-1.4%,
2023-09-07,1:00am,GBP,Halifax HPI m/m,Medium,-0.1%,-0.4%,
2023-09-07,1:45am,EUR,French Trade Balance,Medium,-6.8B,-6.8B,
2023-09-07,2:00am,CHF,Foreign Currency Reserves,Low,,698B,
2023-09-07,3:00am,EUR,Italian Retail Sales m/m,Medium,0.2%,-0.2%,
2023-09-07,3:44am,EUR,Spanish 10-y Bond Auction,Medium,,3.61|1.5,
2023-09-07,3:58am,EUR,French 10-y Bond Auction,Medium,,3.09|1.8,
2023-09-07,4:00am,EUR,Final Employment Change q/q,Medium,0.2%,0.2%,
2023-09-07,4:00am,EUR,Revised GDP q/q,Medium,0.3%,0.3%,
2023-09-07,7:30am,USD,Unemployment Claims,High,232K,229K,
2023-09-07,7:30am,USD,Revised Nonfarm Productivity q/q,Medium,3.5%,3.7%,
2023-09-07,7:30am,USD,Revised Unit Labor Costs q/q,Medium,1.8%,1.6%,
2023-09-07,9:00am,USD,FOMC Member Harker Speaks,Low,,,
2023-09-07,9:30am,USD,Natural Gas Storage,Medium,38B,32B,
2023-09-07,10:00am,USD,Crude Oil Inventories,Medium,-1.8M,-10.6M,
2023-09-07,10:45am,USD,FOMC Member Goolsbee Speaks,Medium,,,
2023-09-07,2:30pm,USD,FOMC Member Williams Speaks,Medium,,,
2023-09-07,3:55pm,USD,FOMC Member Bowman Speaks,Medium,,,
2023-09-07,6:05pm,USD,FOMC Member Logan Speaks,Medium,,,
2023-09-07,6:30pm,JPY,Average Cash Earnings y/y,Medium,2.4%,2.3%,
2023-09-07,6:50pm,JPY,Bank Lending y/y,Medium,2.8%,2.9%,
2023-09-07,6:50pm,JPY,Current Account,Medium,2.24T,2.35T,
2023-09-07,6:50pm,JPY,Final GDP Price Index y/y,Medium,3.4%,3.4%,
2023-09-07,6:50pm,JPY,Final GDP q/q,Medium,1.4%,1.5%,
2023-09-08,1:00am,EUR,German Final CPI m/m,Medium,0.3%,0.3%,
2023-09-08,1:45am,EUR,French Industrial Production m/m,Medium,0.2%,-0.9%,
2023-09-08,8:00am,USD,FOMC Member Barr Speaks,Medium,,,
2023-09-08,9:00am,USD,Final Wholesale Inventories m/m,Medium,-0.1%,-0.1%,
2023-09-08,2:00pm,USD,Consumer Credit m/m,Medium,16.1B,14.0B,
2023-09-10,6:50pm,JPY,M2 Money Stock y/y,Medium,2.5%,2.5%,
2023-09-11,3:00am,EUR,Italian Industrial Production m/m,Medium,-0.2%,0.5%,
2023-09-11,4:00am,EUR,EU Economic Forecasts,Medium,,,
2023-09-11,6:00pm,GBP,MPC Member Mann Speaks,Medium,,,
2023-09-12,TueSep 12,GBP,Claimant Count Change,High,17.1K,7.3K,
2023-09-12,TueSep 12,GBP,Average Earnings Index 3m/y,Low,8.2%,8.4%,
2023-09-12,TueSep 12,GBP,Unemployment Rate,Medium,4.3%,4.2%,
2023-09-12,4:00am,EUR,German ZEW Economic Sentiment,Low,-15.0,-12.3,
2023-09-12,4:00am,EUR,ZEW Economic Sentiment,Medium,-6.2,-5.5,
2023-09-12,5:00am,USD,NFIB Small Business Index,Medium,91.6,91.9,
2023-09-12,12:01pm,USD,10-y Bond Auction,Medium,,4.00|2.6,
2023-09-12,3:30pm,USD,API Weekly Statistical Bulletin,Medium,,,
2023-09-12,6:50pm,JPY,BSI Manufacturing Index,Medium,0.2,-0.4,
2023-09-12,6:50pm,JPY,PPI y/y,Medium,3.3%,3.4%,
2023-09-13,WedSep 13,GBP,Construction Output m/m,Medium,-0.5%,1.6%,
2023-09-13,WedSep 13,GBP,Goods Trade Balance,Medium,-15.9B,-15.5B,
2023-09-13,WedSep 13,GBP,Index of Services 3m/3m,Medium,0.2%,0.1%,
2023-09-13,WedSep 13,GBP,Industrial Production m/m,Medium,-0.6%,1.8%,
2023-09-13,WedSep 13,GBP,Manufacturing Production m/m,Medium,-0.9%,2.4%,
2023-09-13,3:00am,EUR,Italian Quarterly Unemployment Rate,Medium,8.0%,7.9%,
2023-09-13,4:00am,EUR,Industrial Production m/m,Medium,-0.8%,0.4%,
2023-09-13,4:02am,GBP,10-y Bond Auction,Medium,,4.35|2.6,
2023-09-13,4:42am,EUR,German 30-y Bond Auction,Medium,,2.68|2.2,
2023-09-13,6:05am,GBP,NIESR GDP Estimate,Medium,,0.2%,
2023-09-13,7:30am,USD,Core CPI m/m,High,0.2%,0.2%,
2023-09-13,7:30am,USD,CPI m/m,High,0.6%,0.2%,
2023-09-13,7:30am,USD,CPI y/y,High,3.6%,3.2%,
2023-09-13,8:30am,GBP,CB Leading Index m/m,Medium,,-0.9%,
2023-09-13,9:30am,USD,Crude Oil Inventories,Medium,-2.2M,-6.3M,
2023-09-13,12:01pm,USD,30-y Bond Auction,Medium,,4.19|2.4,
2023-09-13,1:00pm,USD,Federal Budget Balance,Medium,-251.0B,-220.8B,
2023-09-13,6:01pm,GBP,RICS House Price Balance,Medium,-55%,-55%,
2023-09-13,6:50pm,JPY,Core Machinery Orders m/m,Medium,-0.7%,2.7%,
2023-09-13,11:30pm,JPY,Revised Industrial Production m/m,Medium,-2.0%,-2.0%,
2023-09-14,7:15am,EUR,Main Refinancing Rate,High,4.25%,4.25%,
2023-09-14,7:15am,EUR,Monetary Policy Statement,High,,,
2023-09-14,7:30am,USD,Core PPI m/m,High,0.2%,0.4%,
2023-09-14,7:30am,USD,Core Retail Sales m/m,High,0.4%,0.7%,
2023-09-14,7:30am,USD,PPI m/m,High,0.4%,0.4%,
2023-09-14,7:30am,USD,Retail Sales m/m,High,0.1%,0.5%,
2023-09-14,7:30am,USD,Unemployment Claims,High,226K,217K,
2023-09-14,7:45am,EUR,ECB Press Conference,High,,,
2023-09-14,9:00am,USD,Business Inventories m/m,Medium,0.1%,0.0%,
2023-09-14,9:30am,USD,Natural Gas Storage,Medium,51B,33B,
2023-09-14,11:30pm,JPY,Tertiary Industry Activity m/m,Medium,0.2%,-0.7%,
2023-09-15,3:30am,GBP,Consumer Inflation Expectations,Medium,,3.5%,
2023-09-15,4:00am,EUR,Italian Trade Balance,Medium,6.50B,3.46B,
2023-09-15,4:00am,EUR,Trade Balance,Medium,13.5B,8.6B,
2023-09-15,All Day,EUR,ECOFIN Meetings,Medium,,,
2023-09-15,All Day,EUR,Eurogroup Meetings,Medium,,,
2023-09-15,4:45am,EUR,ECB President Lagarde Speaks,Low,,,
2023-09-15,7:30am,USD,Empire State Manufacturing Index,High,-9.9,-19.0,
2023-09-15,7:30am,USD,Import Prices m/m,Medium,0.3%,0.1%,
2023-09-15,8:15am,USD,Industrial Production m/m,Low,0.1%,0.7%,
2023-09-15,8:15am,USD,Capacity Utilization Rate,Medium,79.3%,79.5%,
2023-09-15,9:00am,USD,Prelim UoM Consumer Sentiment,High,69.0,69.5,
2023-09-15,9:00am,USD,Prelim UoM Inflation Expectations,Low,,3.5%,
2023-09-17,6:01pm,GBP,Rightmove HPI m/m,Medium,,-1.9%,
2023-09-17,All Day,JPY,Bank Holiday,Low,,,
2023-09-18,9:00am,USD,NAHB Housing Market Index,Medium,50,50,
2023-09-18,3:00pm,USD,TIC Long-Term Purchases,Medium,116.5B,186.0B,
2023-09-19,3:00am,EUR,Current Account,Medium,30.2B,35.8B,
2023-09-19,4:00am,EUR,Final Core CPI y/y,Medium,5.3%,5.3%,
2023-09-19,4:00am,EUR,Final CPI y/y,Medium,5.3%,5.3%,
2023-09-19,4:11am,GBP,30-y Bond Auction,Medium,,4.48|2.3,
2023-09-19,7:30am,USD,Building Permits,Low,1.44M,1.44M,
2023-09-19,7:30am,USD,Housing Starts,Medium,1.44M,1.45M,
2023-09-19,3:30pm,USD,API Weekly Statistical Bulletin,Medium,,,
2023-09-19,6:50pm,JPY,Trade Balance,Medium,-0.44T,-0.60T,
2023-09-20,WedSep 20,GBP,CPI y/y,High,7.0%,6.8%,
2023-09-20,WedSep 20,GBP,Core CPI y/y,Medium,6.8%,6.9%,
2023-09-20,WedSep 20,GBP,PPI Input m/m,Medium,0.3%,-0.4%,
2023-09-20,WedSep 20,GBP,PPI Output m/m,Medium,0.1%,0.2%,
2023-09-20,WedSep 20,GBP,RPI y/y,Medium,9.3%,9.0%,
2023-09-20,2:00am,CHF,SECO Economic Forecasts,Medium,,,
2023-09-20,3:30am,GBP,HPI y/y,Medium,0.0%,1.9%,
2023-09-20,9:30am,USD,Crude Oil Inventories,Medium,-1.3M,4.0M,
2023-09-20,1:00pm,USD,Federal Funds Rate,High,5.50%,5.50%,
2023-09-20,1:00pm,USD,FOMC Economic Projections,High,,,
2023-09-20,1:00pm,USD,FOMC Statement,High,,,
2023-09-20,1:30pm,USD,FOMC Press Conference,High,,,
2023-09-21,2:30am,CHF,SNB Monetary Policy Assessment,High,,,
2023-09-21,2:30am,CHF,SNB Policy Rate,High,2.00%,1.75%,
2023-09-21,3:00am,CHF,SNB Press Conference,High,,,
2023-09-21,3:00am,EUR,German Buba President Nagel Speaks,Medium,,,
2023-09-21,6:00am,GBP,Monetary Policy Summary,High,,,
2023-09-21,6:00am,GBP,MPC Official Bank Rate Votes,High,7-0-2,8-0-1,
2023-09-21,6:00am,GBP,Official Bank Rate,High,5.50%,5.25%,
2023-09-21,6:00am,GBP,BOE Inflation Letter,Medium,,,
2023-09-21,7:30am,USD,Unemployment Claims,High,224K,221K,
2023-09-21,7:30am,USD,Philly Fed Manufacturing Index,Low,-1.1,12.0,
2023-09-21,7:30am,USD,Current Account,Medium,-220B,-214B,
2023-09-21,9:00am,EUR,ECB President Lagarde Speaks,Low,,,
2023-09-21,9:00am,EUR,Consumer Confidence,Medium,-16,-16,
2023-09-21,9:00am,USD,Existing Home Sales,Low,4.10M,4.07M,
2023-09-21,9:00am,USD,CB Leading Index m/m,Medium,-0.5%,-0.3%,
2023-09-21,9:30am,USD,Natural Gas Storage,Medium,65B,57B,
2023-09-21,6:01pm,GBP,GfK Consumer Confidence,Medium,-26,-25,
2023-09-21,6:30pm,JPY,National Core CPI y/y,Medium,3.0%,3.1%,
2023-09-21,7:30pm,JPY,Flash Manufacturing PMI,Medium,49.9,49.6,
2023-09-21,9:52pm,JPY,Monetary Policy Statement,High,,,
2023-09-21,9:52pm,JPY,BOJ Policy Rate,Low,-0.10%,-0.10%,
2023-09-22,1:30am,JPY,BOJ Press Conference,High,,,
2023-09-22,2:15am,EUR,French Flash Manufacturing PMI,High,46.2,46.0,
2023-09-22,2:15am,EUR,French Flash Services PMI,High,46.0,46.0,
2023-09-22,2:30am,EUR,German Flash Manufacturing PMI,High,39.5,39.1,
2023-09-22,2:30am,EUR,German Flash Services PMI,High,47.2,47.3,
2023-09-22,3:00am,EUR,Flash Manufacturing PMI,Low,44.0,43.5,
2023-09-22,3:00am,EUR,Flash Services PMI,Low,47.7,47.9,
2023-09-22,3:30am,GBP,Flash Manufacturing PMI,High,43.3,43.0,
2023-09-22,3:30am,GBP,Flash Services PMI,High,49.3,49.5,
2023-09-22,5:00am,GBP,CBI Industrial Order Expectations,Medium,-16,-15,
2023-09-22,7:50am,USD,FOMC Member Cook Speaks,Medium,,,
2023-09-22,8:45am,USD,Flash Manufacturing PMI,High,48.2,47.9,
2023-09-22,8:45am,USD,Flash Services PMI,High,50.7,50.5,
2023-09-22,12:00pm,USD,FOMC Member Kashkari Speaks,Medium,,,
2023-09-25,3:00am,EUR,German ifo Business Climate,High,85.1,85.8,
2023-09-25,5:00am,GBP,CBI Realized Sales,Medium,-33,-44,
2023-09-25,8:00am,EUR,ECB President Lagarde Speaks,Low,,,
2023-09-25,8:00am,EUR,Belgian NBB Business Climate,Medium,-10.3,-14.9,
2023-09-25,5:00pm,USD,FOMC Member Kashkari Speaks,Medium,,,
2023-09-25,6:50pm,JPY,SPPI y/y,Medium,1.8%,1.7%,
2023-09-26,4:02am,GBP,10-y Bond Auction,Medium,,4.40|2.4,
2023-09-26,8:00am,USD,HPI m/m,Medium,0.4%,0.4%,
2023-09-26,8:03am,USD,S&P/CS Composite-20 HPI y/y,Low,0.0%,-1.2%,
2023-09-26,8:59am,USD,Richmond Manufacturing Index,Low,-6,-7,
2023-09-26,9:00am,USD,CB Consumer Confidence,High,105.5,108.7,
2023-09-26,9:00am,USD,New Home Sales,Low,699K,739K,
2023-09-26,12:30pm,USD,FOMC Member Bowman Speaks,Medium,,,
2023-09-26,3:30pm,USD,API Weekly Statistical Bulletin,Medium,,,
2023-09-26,6:50pm,JPY,Monetary Policy Meeting Minutes,Medium,,,
2023-09-27,3:00am,CHF,UBS Economic Expectations,Medium,,-38.6,
2023-09-27,3:00am,EUR,M3 Money Supply y/y,Medium,-1.1%,-0.4%,
2023-09-27,3:00am,EUR,Private Loans y/y,Medium,1.2%,1.3%,
2023-09-27,4:31am,EUR,German 10-y Bond Auction,Medium,,2.63|1.7,
2023-09-27,7:00am,USD,FOMC Member Kashkari Speaks,Medium,,,
2023-09-27,7:30am,USD,Core Durable Goods Orders m/m,Low,0.2%,0.4%,
2023-09-27,7:30am,USD,Durable Goods Orders m/m,Low,-0.5%,-5.6%,
2023-09-27,8:00am,CHF,SNB Quarterly Bulletin,Medium,,,
2023-09-27,9:30am,USD,Crude Oil Inventories,Medium,-0.7M,-2.1M,
2023-09-27,11:45am,CHF,SNB Chairman Jordan Speaks,Low,,,
2023-09-28,2:00am,EUR,Spanish Flash CPI y/y,High,3.5%,2.6%,
2023-09-28,4:16am,EUR,Italian 10-y Bond Auction,Medium,,4.20|1.6,
2023-09-28,7:30am,USD,Final GDP q/q,High,2.2%,2.1%,
2023-09-28,7:30am,USD,Unemployment Claims,High,214K,202K,
2023-09-28,7:30am,USD,Final GDP Price Index q/q,Low,2.0%,2.0%,
2023-09-28,8:00am,USD,FOMC Member Goolsbee Speaks,Medium,,,
2023-09-28,9:00am,USD,Pending Home Sales m/m,Low,-1.1%,0.5%,
2023-09-28,9:03am,EUR,ECB Economic Bulletin,Medium,,,
2023-09-28,9:30am,USD,Natural Gas Storage,Medium,90B,64B,
2023-09-28,12:00pm,USD,FOMC Member Cook Speaks,Medium,,,
2023-09-28,3:00pm,USD,Fed Chairman Powell Speaks,High,,,
2023-09-28,6:30pm,JPY,Tokyo Core CPI y/y,Low,2.6%,2.8%,
2023-09-28,6:30pm,JPY,Unemployment Rate,Medium,2.6%,2.7%,
2023-09-28,6:50pm,JPY,Prelim Industrial Production m/m,Medium,-0.7%,-1.8%,
2023-09-28,6:50pm,JPY,Retail Sales y/y,Medium,6.6%,7.0%,
2023-09-29,FriSep 29,JPY,Housing Starts y/y,Medium,-8.7%,-6.7%,
2023-09-29,1:00am,EUR,German Import Prices m/m,Medium,0.6%,-0.6%,
2023-09-29,1:00am,EUR,German Retail Sales m/m,Medium,0.5%,-1.0%,
2023-09-29,1:00am,GBP,Current Account,Medium,-14.5B,-15.2B,
2023-09-29,1:00am,GBP,Final GDP q/q,Medium,0.2%,0.2%,
2023-09-29,1:00am,GBP,Revised Business Investment q/q,Medium,3.2%,3.4%,
2023-09-29,1:45am,EUR,French Consumer Spending m/m,Medium,-0.4%,0.4%,
2023-09-29,1:45am,EUR,French Prelim CPI m/m,Medium,-0.3%,1.0%,
2023-09-29,2:00am,CHF,KOF Economic Barometer,Medium,90.6,96.2,
2023-09-29,2:40am,EUR,ECB President Lagarde Speaks,Low,,,
2023-09-29,2:55am,EUR,German Unemployment Change,Medium,15K,20K,
2023-09-29,3:30am,GBP,M4 Money Supply m/m,Medium,0.2%,-0.6%,
2023-09-29,3:30am,GBP,Mortgage Approvals,Medium,48K,50K,
2023-09-29,3:30am,GBP,Net Lending to Individuals m/m,Medium,1.5B,1.5B,
2023-09-29,4:00am,EUR,Core CPI Flash Estimate y/y,Low,4.8%,5.3%,
2023-09-29,4:00am,EUR,CPI Flash Estimate y/y,Low,4.5%,5.2%,
2023-09-29,4:00am,EUR,Italian Prelim CPI m/m,Medium,-0.1%,0.3%,
2023-09-29,7:30am,USD,Core PCE Price Index m/m,High,0.2%,0.2%,
2023-09-29,7:30am,USD,Goods Trade Balance,Medium,-91.4B,-90.9B,
2023-09-29,7:30am,USD,Personal Income m/m,Medium,0.4%,0.2%,
2023-09-29,7:30am,USD,Personal Spending m/m,Medium,0.5%,0.9%,
2023-09-29,7:30am,USD,Prelim Wholesale Inventories m/m,Medium,-0.1%,-0.2%,
2023-09-29,8:45am,USD,Chicago PMI,Low,47.5,48.7,
2023-09-29,9:00am,USD,Revised UoM Consumer Sentiment,High,67.7,67.7,
2023-09-29,9:00am,USD,Revised UoM Inflation Expectations,Medium,,3.1%,
2023-09-30,9:00am,GBP,MPC Member Cunliffe Speaks,Medium,,,
2023-10-01,6:50pm,JPY,BOJ Summary of Opinions,Medium,,,
2023-10-01,6:50pm,JPY,Tankan Manufacturing Index,Medium,6,5,
2023-10-01,6:50pm,JPY,Tankan Non-Manufacturing Index,Medium,24,23,
2023-10-01,7:30pm,JPY,Final Manufacturing PMI,Medium,48.6,48.6,
2023-10-02,1:30am,CHF,Retail Sales y/y,Medium,-1.8%,-2.5%,
2023-10-02,2:15am,EUR,Spanish Manufacturing PMI,Medium,46.6,46.5,
2023-10-02,2:30am,CHF,Manufacturing PMI,Medium,40.6,39.9,
2023-10-02,2:45am,EUR,Italian Manufacturing PMI,Medium,45.8,45.4,
2023-10-02,2:50am,EUR,French Final Manufacturing PMI,Medium,43.6,43.6,
2023-10-02,2:55am,EUR,German Final Manufacturing PMI,Medium,39.8,39.8,
2023-10-02,3:00am,EUR,Final Manufacturing PMI,Medium,43.4,43.4,
2023-10-02,3:00am,EUR,Italian Monthly Unemployment Rate,Medium,7.7%,7.5%,
2023-10-02,3:30am,GBP,Final Manufacturing PMI,Medium,44.2,44.2,
2023-10-02,4:00am,EUR,Unemployment Rate,Medium,6.4%,6.5%,
2023-10-02,8:45am,USD,Final Manufacturing PMI,Medium,48.9,48.9,
2023-10-02,9:00am,USD,ISM Manufacturing PMI,High,47.8,47.6,
2023-10-02,9:00am,USD,ISM Manufacturing Prices,Low,48.9,48.4,
2023-10-02,9:00am,USD,Construction Spending m/m,Medium,0.6%,0.9%,
2023-10-02,10:00am,GBP,MPC Member Mann Speaks,Medium,,,
2023-10-02,10:00am,USD,Fed Chairman Powell Speaks,High,,,
2023-10-02,10:00am,USD,FOMC Member Harker Speaks,Low,,,
2023-10-02,12:00pm,USD,FOMC Member Barr Speaks,Medium,,,
2023-10-02,6:01pm,GBP,BRC Shop Price Index y/y,Medium,,6.9%,
2023-10-02,6:50pm,JPY,Monetary Base y/y,Medium,1.6%,1.2%,
2023-10-02,10:35pm,JPY,10-y Bond Auction,Medium,,0.66|4.0,
2023-10-03,1:30am,CHF,CPI m/m,High,0.0%,0.2%,
2023-10-03,1:45am,EUR,French Gov Budget Balance,Medium,,-169.0B,
2023-10-03,2:00am,EUR,Spanish Unemployment Change,Medium,-12.2K,24.8K,
2023-10-03,All Day,EUR,German Bank Holiday,Low,,,
2023-10-03,4:03am,GBP,30-y Bond Auction,Medium,,4.70|2.4,
2023-10-03,9:00am,USD,JOLTS Job Openings,High,8.81M,8.92M,
2023-10-03,9:00am,USD,RCM/TIPP Economic Optimism,Medium,41.6,43.2,
2023-10-03,All Day,USD,Wards Total Vehicle Sales,Medium,15.4M,15.0M,
2023-10-03,3:30pm,USD,API Weekly Statistical Bulletin,Medium,,,
2023-10-04,2:45am,EUR,Italian Services PMI,Medium,50.1,49.8,
2023-10-04,2:50am,EUR,French Final Services PMI,Medium,43.9,43.9,
2023-10-04,2:55am,EUR,German Final Services PMI,Medium,49.8,49.8,
2023-10-04,3:00am,EUR,Final Services PMI,Medium,48.4,48.4,
2023-10-04,3:15am,EUR,ECB President Lagarde Speaks,Low,,,
2023-10-04,3:30am,GBP,Final Services PMI,Medium,47.2,47.2,
2023-10-04,4:00am,EUR,PPI m/m,Medium,0.6%,-0.5%,
2023-10-04,4:00am,EUR,Retail Sales m/m,Medium,-0.5%,-0.1%,
2023-10-04,7:15am,USD,ADP Non-Farm Employment Change,High,154K,180K,
2023-10-04,8:45am,USD,Final Services PMI,Medium,50.2,50.2,
2023-10-04,9:00am,USD,ISM Services PMI,High,53.5,54.5,
2023-10-04,9:00am,USD,Factory Orders m/m,Medium,0.2%,-2.1%,
2023-10-04,9:25am,USD,FOMC Member Bowman Speaks,Medium,,,
2023-10-04,9:30am,USD,Crude Oil Inventories,Medium,-0.1M,-2.2M,
2023-10-04,9:30am,USD,FOMC Member Goolsbee Speaks,Medium,,,
2023-10-04,11:00am,EUR,ECB President Lagarde Speaks,Low,,,
2023-10-04,10:35pm,JPY,30-y Bond Auction,Medium,,1.64|3.5,
2023-10-05,1:45am,EUR,French Industrial Production m/m,Medium,-0.4%,0.5%,
2023-10-05,3:30am,GBP,Construction PMI,Low,50.0,50.8,
2023-10-05,3:30am,GBP,Housing Equity Withdrawal q/q,Medium,-14.5B,-22.2B,
2023-10-05,3:40am,EUR,Spanish 10-y Bond Auction,Medium,,3.66|1.7,
2023-10-05,3:55am,EUR,French 10-y Bond Auction,Medium,,3.15|1.7,
2023-10-05,4:45am,GBP,MPC Member Broadbent Speaks,Medium,,,
2023-10-05,6:30am,USD,Challenger Job Cuts y/y,Medium,,266.9%,
2023-10-05,7:30am,USD,Unemployment Claims,High,211K,205K,
2023-10-05,7:30am,USD,Trade Balance,Medium,-60.5B,-64.7B,
2023-10-05,8:00am,EUR,German Buba President Nagel Speaks,Medium,,,
2023-10-05,9:30am,USD,Natural Gas Storage,Medium,97B,90B,
2023-10-05,10:00am,EUR,German Buba President Nagel Speaks,Medium,,,
2023-10-05,11:15am,USD,FOMC Member Barr Speaks,Medium,,,
2023-10-05,6:30pm,JPY,Average Cash Earnings y/y,Medium,1.5%,1.1%,
2023-10-05,6:30pm,JPY,Household Spending y/y,Medium,-4.0%,-5.0%,
2023-10-06,12:45am,CHF,Unemployment Rate,Medium,2.1%,2.1%,
2023-10-06,1:00am,EUR,German Factory Orders m/m,Medium,1.6%,-11.3%,
2023-10-06,1:00am,GBP,Halifax HPI m/m,Medium,-0.8%,-1.8%,
2023-10-06,1:45am,EUR,French Trade Balance,Medium,-8.9B,-8.1B,
2023-10-06,2:00am,CHF,Foreign Currency Reserves,Low,,694B,
2023-10-06,3:00am,EUR,Italian Retail Sales m/m,Medium,0.0%,0.4%,
2023-10-06,7:30am,USD,Average Hourly Earnings m/m,High,0.3%,0.2%,
2023-10-06,7:30am,USD,Non-Farm Employment Change,High,171K,227K,
2023-10-06,7:30am,USD,Unemployment Rate,High,3.7%,3.8%,
2023-10-06,11:00am,USD,FOMC Member Waller Speaks,Low,,,
2023-10-06,11:21am,USD,President Biden Speaks,Medium,,,
2023-10-06,2:00pm,USD,Consumer Credit m/m,Medium,11.7B,11.0B,
2023-10-09,3:30am,EUR,Sentix Investor Confidence,Medium,-24.0,-21.5,
2023-10-09,All Day,USD,Bank Holiday,Low,,,
2023-10-09,8:00am,USD,FOMC Member Logan Speaks,Medium,,,
2023-10-09,8:15am,USD,FOMC Member Barr Speaks,Medium,,,
2023-10-09,11:50am,USD,FOMC Member Jefferson Speaks,Medium,,,
2023-10-09,3:00pm,GBP,MPC Member Mann Speaks,Medium,,,
2023-10-09,6:01pm,GBP,BRC Retail Sales Monitor y/y,Medium,3.1%,4.3%,
2023-10-09,6:50pm,JPY,Current Account,Medium,2.41T,2.77T,
2023-10-10,3:00am,EUR,Italian Industrial Production m/m,Medium,-0.3%,-0.9%,
2023-10-10,4:30am,GBP,FPC Meeting Minutes,Medium,,,
2023-10-10,4:30am,GBP,FPC Statement,Medium,,,
2023-10-10,4:56am,USD,NFIB Small Business Index,Medium,91.1,91.3,
2023-10-10,7:00am,EUR,ECB President Lagarde Speaks,Low,,,
2023-10-10,9:00am,USD,Final Wholesale Inventories m/m,Medium,-0.1%,-0.1%,
2023-10-10,12:00pm,USD,FOMC Member Waller Speaks,Low,,,
2023-10-10,2:00pm,USD,FOMC Member Kashkari Speaks,Medium,,,
2023-10-11,1:00am,EUR,German Final CPI m/m,Medium,0.3%,0.3%,
2023-10-11,3:15am,USD,FOMC Member Bowman Speaks,Medium,,,
2023-10-11,4:07am,GBP,10-y Bond Auction,Medium,,4.32|2.6,
2023-10-11,4:30am,EUR,German 30-y Bond Auction,Medium,,2.79|2.3,
2023-10-11,7:30am,USD,Core PPI m/m,High,0.2%,0.2%,
2023-10-11,7:30am,USD,PPI m/m,High,0.3%,0.7%,
2023-10-11,9:15am,USD,FOMC Member Waller Speaks,Low,,,
2023-10-11,12:01pm,USD,10-y Bond Auction,Medium,,4.29|2.5,
2023-10-11,1:00pm,USD,FOMC Meeting Minutes,High,,,
2023-10-11,3:30pm,USD,API Weekly Statistical Bulletin,Medium,,,
2023-10-11,6:01pm,GBP,RICS House Price Balance,Medium,-60%,-68%,
2023-10-11,6:50pm,JPY,Bank Lending y/y,Medium,3.1%,3.1%,
2023-10-11,6:50pm,JPY,Core Machinery Orders m/m,Medium,0.7%,-1.1%,
2023-10-11,6:50pm,JPY,PPI y/y,Medium,2.4%,3.3%,
2023-10-12,ThuOct 12,GBP,Construction Output m/m,Medium,0.0%,-0.4%,
2023-10-12,ThuOct 12,GBP,Goods Trade Balance,Medium,-14.8B,-13.9B,
2023-10-12,ThuOct 12,GBP,Index of Services 3m/3m,Medium,0.1%,-0.1%,
2023-10-12,ThuOct 12,GBP,Industrial Production m/m,Medium,-0.2%,-1.1%,
2023-10-12,ThuOct 12,GBP,Manufacturing Production m/m,Medium,-0.3%,-1.2%,
2023-10-12,3:30am,GBP,BOE Credit Conditions Survey,Medium,,,
2023-10-12,4:00am,GBP,MPC Member Pill Speaks,Medium,,,
2023-10-12,6:30am,EUR,ECB Monetary Policy Meeting Accounts,Medium,,,
2023-10-12,7:18am,GBP,NIESR GDP Estimate,Medium,,0.3%,
2023-10-12,7:30am,USD,Core CPI m/m,High,0.3%,0.3%,
2023-10-12,7:30am,USD,CPI m/m,High,0.3%,0.6%,
2023-10-12,7:30am,USD,CPI y/y,High,3.6%,3.7%,
2023-10-12,7:30am,USD,Unemployment Claims,High,211K,209K,
2023-10-12,9:30am,USD,Natural Gas Storage,Medium,85B,86B,
2023-10-12,10:00am,USD,Crude Oil Inventories,Medium,-0.4M,-2.2M,
2023-10-12,12:01pm,USD,30-y Bond Auction,Medium,,4.35|2.5,
2023-10-12,6:50pm,JPY,M2 Money Stock y/y,Medium,2.4%,2.5%,
2023-10-13,1:45am,EUR,German Buba President Nagel Speaks,Medium,,,
2023-10-13,1:45am,EUR,French Final CPI m/m,Medium,-0.5%,-0.5%,
2023-10-13,3:00am,GBP,BOE Gov Bailey Speaks,High,,,
2023-10-13,4:00am,EUR,Industrial Production m/m,Medium,0.1%,-1.3%,
2023-10-13,7:30am,USD,Import Prices m/m,Medium,0.6%,0.6%,
2023-10-13,8:00am,EUR,ECB President Lagarde Speaks,Low,,,
2023-10-13,8:00am,USD,FOMC Member Harker Speaks,Low,,,
2023-10-13,8:30am,GBP,CB Leading Index m/m,Medium,,-0.8%,
2023-10-13,9:00am,USD,Prelim UoM Consumer Sentiment,High,67.2,68.1,
2023-10-13,9:00am,USD,Prelim UoM Inflation Expectations,Low,,3.2%,
2023-10-13,11:30am,GBP,MPC Member Cunliffe Speaks,Medium,,,
2023-10-14,10:00am,GBP,BOE Gov Bailey Speaks,High,,,
2023-10-14,10:10am,EUR,ECB President Lagarde Speaks,Low,,,
2023-10-15,6:01pm,GBP,Rightmove HPI m/m,Medium,,0.4%,
2023-10-15,11:30pm,JPY,Revised Industrial Production m/m,Medium,0.0%,0.0%,
2023-10-16,3:30am,GBP,MPC Member Pill Speaks,Medium,,,
2023-10-16,4:00am,EUR,Trade Balance,Medium,5.4B,3.5B,
2023-10-16,All Day,EUR,Eurogroup Meetings,Medium,,,
2023-10-16,7:30am,USD,Empire State Manufacturing Index,High,-6.4,1.9,
2023-10-16,9:30am,USD,FOMC Member Harker Speaks,Low,,,
2023-10-16,3:30pm,USD,FOMC Member Harker Speaks,Low,,,
2023-10-16,11:30pm,JPY,Tertiary Industry Activity m/m,Medium,0.4%,1.1%,
2023-10-17,4:00am,EUR,German ZEW Economic Sentiment,Low,-9.1,-11.4,
2023-10-17,4:00am,EUR,ZEW Economic Sentiment,Medium,-7.7,-8.9,
2023-10-17,4:03am,GBP,30-y Bond Auction,Medium,,4.94|2.8,
2023-10-17,4:05am,GBP,MPC Member Dhingra Speaks,Medium,,,
2023-10-17,All Day,EUR,ECOFIN Meetings,Medium,,,
2023-10-17,7:00am,USD,FOMC Member Williams Speaks,Medium,,,
2023-10-17,7:30am,USD,Core Retail Sales m/m,High,0.2%,0.9%,
2023-10-17,7:30am,USD,Retail Sales m/m,High,0.3%,0.8%,
2023-10-17,8:15am,USD,Industrial Production m/m,Low,0.0%,0.0%,
2023-10-17,8:15am,USD,Capacity Utilization Rate,Medium,79.6%,79.5%,
2023-10-17,8:20am,USD,FOMC Member Bowman Speaks,Medium,,,
2023-10-17,9:00am,USD,Business Inventories m/m,Medium,0.3%,0.1%,
2023-10-17,9:00am,USD,NAHB Housing Market Index,Medium,44,44,
2023-10-17,12:00pm,EUR,German Buba President Nagel Speaks,Medium,,,
2023-10-17,3:30pm,USD,API Weekly Statistical Bulletin,Medium,,,
2023-10-18,WedOct 18,GBP,Core CPI y/y,Medium,6.0%,6.2%,
2023-10-18,WedOct 18,GBP,PPI Input m/m,Medium,0.8%,0.8%,
2023-10-18,WedOct 18,GBP,PPI Output m/m,Medium,0.3%,0.2%,
2023-10-18,WedOct 18,GBP,RPI y/y,Medium,8.9%,9.1%,
2023-10-18,3:00am,EUR,Italian Trade Balance,Medium,6.05B,6.11B,
2023-10-18,3:30am,GBP,HPI y/y,Medium,-0.5%,0.7%,
2023-10-18,4:00am,EUR,Final Core CPI y/y,Medium,4.5%,4.5%,
2023-10-18,4:00am,EUR,Final CPI y/y,Medium,4.3%,4.3%,
2023-10-18,4:34am,EUR,German 10-y Bond Auction,Medium,,2.78|2.0,
2023-10-18,7:30am,USD,Building Permits,Low,1.45M,1.54M,
2023-10-18,7:30am,USD,Housing Starts,Medium,1.39M,1.27M,
2023-10-18,9:30am,USD,Crude Oil Inventories,Medium,-0.5M,10.2M,
2023-10-18,11:00am,USD,FOMC Member Waller Speaks,Low,,,
2023-10-18,11:30am,USD,FOMC Member Williams Speaks,Medium,,,
2023-10-18,12:00pm,USD,FOMC Member Bowman Speaks,Medium,,,
2023-10-18,1:00pm,USD,Beige Book,Medium,,,
2023-10-18,2:15pm,USD,FOMC Member Harker Speaks,Low,,,
2023-10-18,3:00pm,USD,TIC Long-Term Purchases,Medium,76.8B,9.5B,
2023-10-18,5:55pm,USD,FOMC Member Cook Speaks,Medium,,,
2023-10-18,6:50pm,JPY,Trade Balance,Medium,-0.54T,-0.55T,
2023-10-19,3:00am,EUR,Current Account,Medium,27.2B,21.0B,
2023-10-19,3:40am,EUR,Spanish 10-y Bond Auction,Medium,,3.98|2.3,
2023-10-19,7:30am,USD,Unemployment Claims,High,210K,211K,
2023-10-19,7:30am,USD,Philly Fed Manufacturing Index,Low,-6.7,-13.5,
2023-10-19,8:00am,USD,FOMC Member Jefferson Speaks,Medium,,,
2023-10-19,9:00am,USD,Existing Home Sales,Low,3.89M,4.04M,
2023-10-19,9:00am,USD,CB Leading Index m/m,Medium,-0.4%,-0.5%,
2023-10-19,9:30am,USD,Natural Gas Storage,Medium,82B,84B,
2023-10-19,11:00am,USD,Fed Chairman Powell Speaks,High,,,
2023-10-19,12:20pm,USD,FOMC Member Goolsbee Speaks,Medium,,,
2023-10-19,12:30pm,USD,FOMC Member Barr Speaks,Medium,,,
2023-10-19,4:30pm,USD,FOMC Member Harker Speaks,Low,,,
2023-10-19,6:00pm,USD,FOMC Member Logan Speaks,Medium,,,
2023-10-19,6:01pm,GBP,GfK Consumer Confidence,Medium,-20,-21,
2023-10-19,6:30pm,JPY,National Core CPI y/y,Medium,2.7%,3.1%,
2023-10-20,FriOct 20,GBP,Retail Sales m/m,High,-0.3%,0.4%,
2023-10-20,FriOct 20,GBP,Public Sector Net Borrowing,Medium,17.6B,10.6B,
2023-10-20,8:00am,USD,FOMC Member Harker Speaks,Low,,,
2023-10-20,3:00pm,USD,Federal Budget Balance,Medium,-164.5B,89.3B,
2023-10-20,3:00pm,USD,FOMC Financial Stability Report,Medium,,,
2023-10-23,9:00am,EUR,Consumer Confidence,Medium,-18,-18,
2023-10-23,7:30pm,JPY,Flash Manufacturing PMI,Medium,48.9,48.5,
2023-10-24,1:00am,EUR,German GfK Consumer Climate,Medium,-26.8,-26.7,
2023-10-24,1:00am,GBP,Claimant Count Change,High,2.3K,-9.0K,
2023-10-24,1:00am,GBP,Unemployment Rate,Medium,4.3%,4.3%,
2023-10-24,2:15am,EUR,French Flash Manufacturing PMI,High,44.4,44.2,
2023-10-24,2:15am,EUR,French Flash Services PMI,High,44.9,44.4,
2023-10-24,2:30am,EUR,German Flash Manufacturing PMI,High,40.1,39.6,
2023-10-24,2:30am,EUR,German Flash Services PMI,High,50.1,50.3,
2023-10-24,3:00am,EUR,Flash Manufacturing PMI,Low,43.6,43.4,
2023-10-24,3:00am,EUR,Flash Services PMI,Low,48.7,48.7,
2023-10-24,3:30am,GBP,Flash Manufacturing PMI,High,44.7,44.3,
2023-10-24,3:30am,GBP,Flash Services PMI,High,49.4,49.3,
2023-10-24,5:00am,GBP,CBI Industrial Order Expectations,Medium,-16,-18,
2023-10-24,7:30am,EUR,ECB President Lagarde Speaks,Medium,,,
2023-10-24,8:45am,USD,Flash Manufacturing PMI,High,49.5,49.8,
2023-10-24,8:45am,USD,Flash Services PMI,High,49.9,50.1,
2023-10-24,8:59am,USD,Richmond Manufacturing Index,Low,3,5,
2023-10-24,3:30pm,USD,API Weekly Statistical Bulletin,Medium,,,
2023-10-25,WedOct 25,EUR,German ifo Business Climate,High,85.9,85.8,
2023-10-25,WedOct 25,EUR,M3 Money Supply y/y,Medium,-1.7%,-1.3%,
2023-10-25,WedOct 25,EUR,Private Loans y/y,Medium,1.0%,1.0%,
2023-10-25,8:00am,EUR,Belgian NBB Business Climate,Medium,-14.7,-14.4,
2023-10-25,9:00am,USD,New Home Sales,Low,678K,676K,
2023-10-25,9:30am,USD,Crude Oil Inventories,Medium,-0.5M,-4.5M,
2023-10-25,12:00pm,EUR,ECB President Lagarde Speaks,Low,,,
2023-10-25,3:35pm,USD,Fed Chairman Powell Speaks,High,,,
2023-10-25,6:50pm,JPY,SPPI y/y,Medium,2.0%,2.1%,
2023-10-26,5:00am,GBP,CBI Realized Sales,Medium,-16,-14,
2023-10-26,7:15am,EUR,Main Refinancing Rate,High,4.50%,4.50%,
2023-10-26,7:15am,EUR,Monetary Policy Statement,High,,,
2023-10-26,7:30am,USD,Advance GDP q/q,High,4.5%,2.1%,
2023-10-26,7:30am,USD,Unemployment Claims,High,208K,200K,
2023-10-26,7:30am,USD,Advance GDP Price Index q/q,Low,2.7%,1.7%,
2023-10-26,7:30am,USD,Core Durable Goods Orders m/m,Low,0.2%,0.5%,
2023-10-26,7:30am,USD,Durable Goods Orders m/m,Low,1.9%,0.1%,
2023-10-26,7:30am,USD,Goods Trade Balance,Medium,-86.2B,-84.6B,
2023-10-26,7:30am,USD,Prelim Wholesale Inventories m/m,Medium,0.1%,-0.1%,
2023-10-26,7:45am,EUR,ECB Press Conference,High,,,
2023-10-26,8:00am,USD,FOMC Member Waller Speaks,Low,,,
2023-10-26,9:00am,USD,Pending Home Sales m/m,Low,-2.0%,-7.1%,
2023-10-26,9:30am,USD,Natural Gas Storage,Medium,82B,97B,
2023-10-26,11:45am,GBP,MPC Member Cunliffe Speaks,Medium,,,
2023-10-26,6:30pm,JPY,Tokyo Core CPI y/y,Low,2.5%,2.5%,
2023-10-27,All Day,EUR,Euro Summit,High,,,
2023-10-27,7:30am,USD,Core PCE Price Index m/m,High,0.3%,0.1%,
2023-10-27,7:30am,USD,Personal Income m/m,Medium,0.4%,0.4%,
2023-10-27,7:30am,USD,Personal Spending m/m,Medium,0.5%,0.4%,
2023-10-27,8:00am,USD,FOMC Member Barr Speaks,Medium,,,
2023-10-27,9:00am,USD,Revised UoM Consumer Sentiment,High,63.0,63.0,
2023-10-27,9:00am,USD,Revised UoM Inflation Expectations,Medium,,3.8%,
2023-10-28,SatOct 28,EUR,Daylight Saving Time Shift,Low,,,
2023-10-28,SatOct 28,GBP,Daylight Saving Time Shift,Low,,,
2023-10-30,3:00am,CHF,KOF Economic Barometer,Medium,95.7,95.9,
2023-10-30,3:00am,EUR,Spanish Flash CPI y/y,High,3.8%,3.5%,
2023-10-30,4:00am,EUR,German Prelim GDP q/q,Low,-0.2%,0.1%,
2023-10-30,4:30am,GBP,M4 Money Supply m/m,Medium,0.1%,0.2%,
2023-10-30,4:30am,GBP,Mortgage Approvals,Medium,44K,45K,
2023-10-30,4:30am,GBP,Net Lending to Individuals m/m,Medium,2.4B,2.8B,
2023-10-30,6:30pm,JPY,Unemployment Rate,Medium,2.6%,2.7%,
2023-10-30,6:50pm,JPY,Prelim Industrial Production m/m,Medium,2.4%,-0.7%,
2023-10-30,6:50pm,JPY,Retail Sales y/y,Medium,6.0%,7.1%,
2023-10-30,7:01pm,GBP,BRC Shop Price Index y/y,Medium,,6.2%,
2023-10-30,10:28pm,JPY,BOJ Outlook Report,High,,,
2023-10-30,10:28pm,JPY,BOJ Policy Rate,High,-0.10%,-0.10%,
2023-10-30,10:28pm,JPY,Monetary Policy Statement,High,,,
2023-10-31,TueOct 31,JPY,Housing Starts y/y,Medium,-6.1%,-9.4%,
2023-10-31,1:30am,EUR,French Consumer Spending m/m,Medium,0.3%,-0.6%,
2023-10-31,1:30am,EUR,French Flash GDP q/q,Medium,0.1%,0.6%,
2023-10-31,1:40am,JPY,BOJ Press Conference,High,,,
2023-10-31,2:00am,EUR,German Import Prices m/m,Medium,0.4%,0.4%,
2023-10-31,2:00am,EUR,German Retail Sales m/m,Medium,0.5%,-1.1%,
2023-10-31,2:30am,CHF,Retail Sales y/y,Medium,-1.2%,-2.2%,
2023-10-31,2:45am,EUR,French Prelim CPI m/m,Medium,0.2%,-0.5%,
2023-10-31,4:00am,EUR,Italian Prelim GDP q/q,Medium,0.1%,-0.4%,
2023-10-31,5:00am,EUR,Core CPI Flash Estimate y/y,Low,4.2%,4.5%,
2023-10-31,5:00am,EUR,CPI Flash Estimate y/y,Low,3.1%,4.3%,
2023-10-31,5:00am,EUR,Italian Prelim CPI m/m,Medium,0.4%,0.2%,
2023-10-31,5:00am,EUR,Prelim Flash GDP q/q,Medium,0.0%,0.1%,
2023-10-31,5:13am,EUR,Italian 10-y Bond Auction,Medium,,4.93|1.4,
2023-10-31,5:38am,EUR,German 30-y Bond Auction,Medium,,2.87|2.9,
2023-10-31,7:30am,USD,Employment Cost Index q/q,High,1.0%,1.0%,
2023-10-31,8:00am,USD,S&P/CS Composite-20 HPI y/y,Low,1.8%,0.2%,
2023-10-31,8:00am,USD,HPI m/m,Medium,0.5%,0.8%,
2023-10-31,8:45am,USD,Chicago PMI,Low,45.4,44.1,
2023-10-31,9:00am,USD,CB Consumer Confidence,High,100.5,104.3,
2023-10-31,11:00am,EUR,German Buba President Nagel Speaks,Medium,,,
2023-10-31,3:30pm,USD,API Weekly Statistical Bulletin,Medium,,,
2023-10-31,7:30pm,JPY,Final Manufacturing PMI,Medium,49.0,48.5,
2023-11-01,2:00am,GBP,Nationwide HPI m/m,Medium,-0.3%,0.1%,
2023-11-01,All Day,EUR,French Bank Holiday,Low,,,
2023-11-01,All Day,EUR,Italian Bank Holiday,Low,,,
2023-11-01,3:30am,CHF,Manufacturing PMI,Medium,45.0,44.9,
2023-11-01,4:30am,GBP,Final Manufacturing PMI,Medium,45.2,45.2,
2023-11-01,7:15am,USD,ADP Non-Farm Employment Change,High,149K,89K,
2023-11-01,7:40am,CHF,SNB Chairman Jordan Speaks,Low,,,
2023-11-01,8:45am,USD,Final Manufacturing PMI,Medium,50.0,50.0,
2023-11-01,9:00am,USD,ISM Manufacturing PMI,High,49.0,49.0,
2023-11-01,9:00am,USD,JOLTS Job Openings,High,9.34M,9.50M,
2023-11-01,9:00am,USD,ISM Manufacturing Prices,Low,46.2,43.8,
2023-11-01,9:00am,USD,Construction Spending m/m,Medium,0.4%,1.0%,
2023-11-01,All Day,USD,Wards Total Vehicle Sales,Medium,15.6M,15.7M,
2023-11-01,9:30am,USD,Crude Oil Inventories,Medium,1.5M,1.4M,
2023-11-01,1:00pm,USD,Federal Funds Rate,High,5.50%,5.50%,
2023-11-01,1:00pm,USD,FOMC Statement,High,,,
2023-11-01,1:30pm,USD,FOMC Press Conference,High,,,
2023-11-01,6:50pm,JPY,Monetary Base y/y,Medium,5.9%,5.6%,
2023-11-01,10:35pm,JPY,10-y Bond Auction,Medium,,0.77|3.9,
2023-11-02,2:45am,EUR,French Gov Budget Balance,Medium,,-187.9B,
2023-11-02,3:00am,CHF,SECO Consumer Climate,Medium,-25,-27,
2023-11-02,3:15am,EUR,Spanish Manufacturing PMI,Medium,47.1,47.7,
2023-11-02,3:45am,EUR,Italian Manufacturing PMI,Medium,46.3,46.8,
2023-11-02,3:50am,EUR,French Final Manufacturing PMI,Medium,42.6,42.6,
2023-11-02,3:55am,EUR,German Final Manufacturing PMI,Medium,40.7,40.7,
2023-11-02,3:55am,EUR,German Unemployment Change,Medium,14K,12K,
2023-11-02,4:00am,EUR,Final Manufacturing PMI,Medium,43.0,43.0,
2023-11-02,4:53am,EUR,Spanish 10-y Bond Auction,Medium,,4.07|2.1,
2023-11-02,5:01am,EUR,French 10-y Bond Auction,Medium,,3.56|1.9,
2023-11-02,6:30am,USD,Challenger Job Cuts y/y,Medium,,58.2%,
2023-11-02,7:00am,GBP,BOE Monetary Policy Report,High,,,
2023-11-02,7:00am,GBP,Monetary Policy Summary,High,,,
2023-11-02,7:00am,GBP,MPC Official Bank Rate Votes,High,2-0-7,4-0-5,
2023-11-02,7:00am,GBP,Official Bank Rate,High,5.25%,5.25%,
2023-11-02,7:30am,GBP,BOE Gov Bailey Speaks,High,,,
2023-11-02,7:30am,USD,Unemployment Claims,High,210K,212K,
2023-11-02,7:30am,USD,Prelim Nonfarm Productivity q/q,Medium,4.2%,3.5%,
2023-11-02,7:30am,USD,Prelim Unit Labor Costs q/q,Medium,0.4%,2.2%,
2023-11-02,9:00am,USD,Factory Orders m/m,Medium,2.2%,1.0%,
2023-11-02,9:30am,USD,Natural Gas Storage,Medium,81B,74B,
2023-11-02,12:00pm,CHF,SNB Chairman Jordan Speaks,Low,,,
2023-11-02,All Day,JPY,Bank Holiday,Low,,,
2023-11-03,2:45am,EUR,French Industrial Production m/m,Medium,0.0%,-0.1%,
2023-11-03,2:45am,EUR,French Prelim Private Payrolls q/q,Medium,0.2%,0.1%,
2023-11-03,3:00am,EUR,Spanish Unemployment Change,Medium,11.2K,19.8K,
2023-11-03,4:00am,EUR,Italian Monthly Unemployment Rate,Medium,7.4%,7.3%,
2023-11-03,4:30am,GBP,Final Services PMI,Medium,49.2,49.2,
2023-11-03,5:00am,EUR,Unemployment Rate,Medium,6.4%,6.4%,
2023-11-03,7:00am,USD,FOMC Member Barr Speaks,Medium,,,
2023-11-03,7:15am,GBP,MPC Member Pill Speaks,Medium,,,
2023-11-03,7:30am,USD,Average Hourly Earnings m/m,High,0.3%,0.3%,
2023-11-03,7:30am,USD,Non-Farm Employment Change,High,178K,297K,
2023-11-03,7:30am,USD,Unemployment Rate,High,3.8%,3.8%,
2023-11-03,8:45am,USD,Final Services PMI,Medium,50.9,50.9,
2023-11-03,9:00am,USD,ISM Services PMI,High,53.0,53.6,
2023-11-03,11:00am,GBP,MPC Member Haskel Speaks,Medium,,,
2023-11-03,2:30pm,USD,FOMC Member Barr Speaks,Medium,,,
2023-11-05,SunNov 5,USD,Daylight Saving Time Shift,Low,,,
2023-11-05,5:50pm,JPY,Monetary Policy Meeting Minutes,Medium,,,
2023-11-05,7:05pm,JPY,BOJ Gov Ueda Speaks,High,,,
2023-11-06,2:15am,EUR,Spanish Services PMI,Medium,49.4,50.5,
2023-11-06,2:45am,EUR,Italian Services PMI,Medium,48.7,49.9,
2023-11-06,2:50am,EUR,French Final Services PMI,Medium,46.1,46.1,
2023-11-06,2:55am,EUR,German Final Services PMI,Medium,48.0,48.0,
2023-11-06,3:00am,EUR,Final Services PMI,Medium,47.8,47.8,
2023-11-06,3:30am,EUR,Sentix Investor Confidence,Medium,-22.2,-21.9,
2023-11-06,3:30am,GBP,Construction PMI,Low,46.1,45.0,
2023-11-06,10:00am,USD,FOMC Member Cook Speaks,Medium,,,
2023-11-06,11:00am,GBP,MPC Member Pill Speaks,Medium,,,
2023-11-06,12:00pm,EUR,German Buba President Nagel Speaks,Medium,,,
2023-11-06,1:00pm,USD,Loan Officer Survey,Medium,,,
2023-11-06,5:00pm,USD,FOMC Member Kashkari Speaks,Medium,,,
2023-11-06,5:30pm,JPY,Average Cash Earnings y/y,Medium,1.1%,0.8%,
2023-11-06,5:30pm,JPY,Household Spending y/y,Medium,-3.0%,-2.5%,
2023-11-06,6:01pm,GBP,BRC Retail Sales Monitor y/y,Medium,2.4%,2.8%,
2023-11-07,1:00am,EUR,German Industrial Production m/m,Medium,-0.1%,-0.1%,
2023-11-07,1:02am,GBP,Halifax HPI m/m,Medium,0.2%,-0.3%,
2023-11-07,2:00am,CHF,Foreign Currency Reserves,Low,,678B,
2023-11-07,4:00am,EUR,PPI m/m,Medium,0.5%,0.7%,
2023-11-07,4:03am,GBP,10-y Bond Auction,Medium,,4.44|3.1,
2023-11-07,6:30am,USD,FOMC Member Kashkari Speaks,Medium,,,
2023-11-07,7:00am,USD,FOMC Member Goolsbee Speaks,Medium,,,
2023-11-07,7:30am,USD,Trade Balance,Medium,-59.7B,-58.7B,
2023-11-07,8:15am,USD,FOMC Member Barr Speaks,Medium,,,
2023-11-07,9:00am,USD,FOMC Member Waller Speaks,Low,,,
2023-11-07,9:16am,USD,RCM/TIPP Economic Optimism,Medium,40.2,36.3,
2023-11-07,12:25pm,USD,FOMC Member Logan Speaks,Medium,,,
2023-11-07,1:30pm,EUR,German Buba President Nagel Speaks,Medium,,,
2023-11-07,2:00pm,USD,Consumer Credit m/m,Medium,8.8B,-15.8B,
2023-11-07,3:00pm,USD,Treasury Currency Report,High,,,
2023-11-07,3:30pm,USD,API Weekly Statistical Bulletin,Medium,,,
2023-11-07,11:00pm,JPY,Leading Indicators,Medium,108.8%,109.2%,
2023-11-08,1:45am,EUR,French Trade Balance,Medium,-8.1B,-8.3B,
2023-11-08,3:00am,EUR,Italian Retail Sales m/m,Medium,0.1%,-0.4%,
2023-11-08,All Day,EUR,Eurogroup Meetings,Medium,,,
2023-11-08,3:30am,GBP,BOE Gov Bailey Speaks,High,,,
2023-11-08,4:00am,EUR,Retail Sales m/m,Medium,-0.2%,-0.7%,
2023-11-08,4:15am,USD,FOMC Member Cook Speaks,Medium,,,
2023-11-08,4:34am,EUR,German 10-y Bond Auction,Medium,,2.90|2.0,
2023-11-08,8:15am,USD,Fed Chairman Powell Speaks,High,,,
2023-11-08,9:00am,USD,Final Wholesale Inventories m/m,Medium,0.0%,0.0%,
2023-11-08,12:01pm,USD,10-y Bond Auction,Medium,,4.61|2.5,
2023-11-08,12:40pm,USD,FOMC Member Williams Speaks,Medium,,,
2023-11-08,1:00pm,USD,FOMC Member Barr Speaks,Medium,,,
2023-11-08,3:45pm,USD,FOMC Member Jefferson Speaks,Medium,,,
2023-11-08,5:50pm,JPY,Bank Lending y/y,Medium,2.8%,2.9%,
2023-11-08,5:50pm,JPY,BOJ Summary of Opinions,Medium,,,
2023-11-08,5:50pm,JPY,Current Account,Medium,2.30T,1.50T,
2023-11-08,6:01pm,GBP,RICS House Price Balance,Medium,-65%,-67%,
2023-11-08,9:35pm,JPY,30-y Bond Auction,Medium,,1.69|3.1,
2023-11-08,11:00pm,JPY,Economy Watchers Sentiment,Medium,50.1,49.9,
2023-11-09,3:00am,EUR,ECB Economic Bulletin,Medium,,,
2023-11-09,Day 1,EUR,ECOFIN Meetings,Medium,,,
2023-11-09,7:30am,USD,Unemployment Claims,High,218K,220K,
2023-11-09,9:12am,USD,Mortgage Delinquencies,Medium,,3.37%,
2023-11-09,11:15am,CHF,Gov Board Member Schlegel Speaks,Medium,,,
2023-11-09,11:30am,EUR,ECB President Lagarde Speaks,Low,,,
2023-11-09,12:01pm,USD,30-y Bond Auction,Medium,,4.84|2.3,
2023-11-09,1:00pm,USD,Fed Chairman Powell Speaks,High,,,
2023-11-09,5:50pm,JPY,M2 Money Stock y/y,Medium,2.4%,2.4%,
2023-11-10,FriNov 10,GBP,Prelim GDP q/q,Low,-0.1%,0.2%,
2023-11-10,FriNov 10,GBP,Construction Output m/m,Medium,-0.5%,-0.8%,
2023-11-10,FriNov 10,GBP,Goods Trade Balance,Medium,-15.3B,-15.5B,
2023-11-10,FriNov 10,GBP,Index of Services 3m/3m,Medium,-0.2%,0.1%,
2023-11-10,FriNov 10,GBP,Industrial Production m/m,Medium,-0.1%,-0.5%,
2023-11-10,FriNov 10,GBP,Manufacturing Production m/m,Medium,0.2%,-0.7%,
2023-11-10,FriNov 10,GBP,Prelim Business Investment q/q,Medium,-3.2%,4.1%,
2023-11-10,3:00am,EUR,Italian Industrial Production m/m,Medium,0.0%,0.3%,
2023-11-10,4:00am,CHF,Gov Board Member Schlegel Speaks,Medium,,,
2023-11-10,Day 2,EUR,ECOFIN Meetings,Medium,,,
2023-11-10,6:05am,GBP,NIESR GDP Estimate,Medium,,0.0%,
2023-11-10,6:30am,EUR,ECB President Lagarde Speaks,Low,,,
2023-11-10,6:30am,USD,FOMC Member Logan Speaks,Medium,,,
2023-11-10,9:00am,USD,Prelim UoM Consumer Sentiment,High,63.7,63.8,
2023-11-10,9:00am,USD,Prelim UoM Inflation Expectations,Low,,4.2%,
2023-11-10,9:20am,EUR,German Buba President Nagel Speaks,Medium,,,
2023-11-12,5:50pm,JPY,PPI y/y,Medium,1.0%,2.2%,
2023-11-12,6:01pm,GBP,Rightmove HPI m/m,Medium,,0.5%,
2023-11-12,11:58pm,JPY,Prelim Machine Tool Orders y/y,Medium,,-11.2%,
2023-11-13,5:55am,GBP,MPC Member Breeden Speaks,Medium,,,
2023-11-13,7:50am,USD,FOMC Member Cook Speaks,Medium,,,
2023-11-13,8:30am,GBP,CB Leading Index m/m,Medium,,-0.7%,
2023-11-13,8:45am,USD,Cleveland Fed Inflation Expectations,Medium,,4.3%,
2023-11-13,10:05am,GBP,MPC Member Mann Speaks,Medium,,,
2023-11-13,1:00pm,USD,Federal Budget Balance,Medium,-70.5B,-171.0B,
2023-11-14,TueNov 14,GBP,Average Earnings Index 3m/y,Low,7.4%,8.2%,
2023-11-14,TueNov 14,GBP,Unemployment Rate,Medium,4.2%,4.2%,
2023-11-14,1:30am,CHF,PPI m/m,Medium,0.1%,-0.1%,
2023-11-14,1:45am,CHF,SNB Chairman Jordan Speaks,Low,,,
2023-11-14,4:00am,EUR,Flash Employment Change q/q,Medium,0.2%,0.1%,
2023-11-14,4:00am,EUR,Flash GDP q/q,Medium,-0.1%,-0.1%,
2023-11-14,4:00am,EUR,German ZEW Economic Sentiment,Medium,4.9,-1.1,
2023-11-14,4:00am,EUR,ZEW Economic Sentiment,Medium,6.1,2.3,
2023-11-14,4:30am,USD,FOMC Member Jefferson Speaks,Medium,,,
2023-11-14,4:58am,USD,NFIB Small Business Index,Medium,90.6,90.8,
2023-11-14,6:00am,GBP,MPC Member Dhingra Speaks,Medium,,,
2023-11-14,7:30am,USD,Core CPI m/m,High,0.3%,0.3%,
2023-11-14,7:30am,USD,CPI m/m,High,0.1%,0.4%,
2023-11-14,7:30am,USD,CPI y/y,High,3.3%,3.7%,
2023-11-14,7:45am,GBP,MPC Member Pill Speaks,Medium,,,
2023-11-14,9:00am,USD,FOMC Member Barr Speaks,Medium,,,
2023-11-14,11:45am,USD,FOMC Member Goolsbee Speaks,Medium,,,
2023-11-14,3:30pm,USD,API Weekly Statistical Bulletin,Medium,,,
2023-11-14,5:50pm,JPY,Prelim GDP Price Index y/y,Medium,4.8%,3.5%,
2023-11-14,5:50pm,JPY,Prelim GDP q/q,Medium,-0.1%,1.2%,
2023-11-14,10:30pm,JPY,Revised Industrial Production m/m,Medium,0.2%,0.2%,
2023-11-15,WedNov 15,GBP,CPI y/y,High,4.7%,6.7%,
2023-11-15,WedNov 15,GBP,Core CPI y/y,Medium,5.8%,6.1%,
2023-11-15,WedNov 15,GBP,PPI Input m/m,Medium,0.1%,0.6%,
2023-11-15,WedNov 15,GBP,PPI Output m/m,Medium,0.1%,0.6%,
2023-11-15,WedNov 15,GBP,RPI y/y,Medium,6.3%,8.9%,
2023-11-15,1:45am,EUR,French Final CPI m/m,Medium,0.1%,0.1%,
2023-11-15,3:30am,GBP,HPI y/y,Medium,-0.8%,0.8%,
2023-11-15,4:00am,EUR,EU Economic Forecasts,Medium,,,
2023-11-15,4:00am,EUR,Industrial Production m/m,Medium,-0.9%,0.6%,
2023-11-15,4:00am,EUR,Trade Balance,Medium,6.6B,11.1B,
2023-11-15,4:33am,EUR,German 30-y Bond Auction,Medium,,3.04|2.1,
2023-11-15,7:30am,USD,Core PPI m/m,High,0.3%,0.2%,
2023-11-15,7:30am,USD,Core Retail Sales m/m,High,-0.1%,0.8%,
2023-11-15,7:30am,USD,Empire State Manufacturing Index,High,-3.3,-4.6,
2023-11-15,7:30am,USD,PPI m/m,High,0.1%,0.4%,
2023-11-15,7:30am,USD,Retail Sales m/m,High,-0.3%,0.9%,
2023-11-15,8:30am,USD,FOMC Member Barr Speaks,Medium,,,
2023-11-15,9:00am,USD,Business Inventories m/m,Medium,0.4%,0.4%,
2023-11-15,Nov 3rd,USD,Crude Oil Inventories,Medium,,0.8M,
2023-11-15,9:30am,USD,Crude Oil Inventories,Low,2.5M,13.9M,
2023-11-15,12:00pm,GBP,MPC Member Haskel Speaks,Medium,,,
2023-11-15,5:50pm,JPY,Core Machinery Orders m/m,Medium,0.9%,-0.5%,
2023-11-15,5:50pm,JPY,Trade Balance,Medium,-0.69T,-0.42T,
2023-11-15,10:30pm,JPY,Tertiary Industry Activity m/m,Medium,-0.1%,0.7%,
2023-11-16,3:42am,EUR,Spanish 10-y Bond Auction,Medium,,3.58|2.0,
2023-11-16,5:30am,EUR,ECB President Lagarde Speaks,Medium,,,
2023-11-16,6:10am,USD,FOMC Member Barr Speaks,Medium,,,
2023-11-16,7:30am,USD,Unemployment Claims,High,221K,218K,
2023-11-16,7:30am,USD,Philly Fed Manufacturing Index,Low,-10.4,-9.0,
2023-11-16,7:30am,USD,Import Prices m/m,Medium,-0.3%,0.4%,
2023-11-16,8:15am,USD,Industrial Production m/m,Low,-0.4%,0.1%,
2023-11-16,8:15am,USD,Capacity Utilization Rate,Medium,79.4%,79.5%,
2023-11-16,8:25am,USD,FOMC Member Williams Speaks,Medium,,,
2023-11-16,9:00am,USD,NAHB Housing Market Index,Medium,40,40,
2023-11-16,Nov 3rd,USD,Natural Gas Storage,Medium,,79B,
2023-11-16,9:30am,USD,FOMC Member Waller Speaks,Medium,,,
2023-11-16,9:30am,USD,Natural Gas Storage,Medium,38B,-6B,
2023-11-16,9:35am,USD,FOMC Member Barr Speaks,Medium,,,
2023-11-16,9:45am,GBP,MPC Member Ramsden Speaks,Medium,,,
2023-11-16,11:00am,USD,FOMC Member Cook Speaks,Medium,,,
2023-11-16,3:00pm,USD,TIC Long-Term Purchases,Medium,89.4B,62.2B,
2023-11-17,2:30am,EUR,ECB President Lagarde Speaks,Low,,,
2023-11-17,3:00am,EUR,Current Account,Medium,20.3B,30.8B,
2023-11-17,4:00am,EUR,Final Core CPI y/y,Medium,4.2%,4.2%,
2023-11-17,4:00am,EUR,Final CPI y/y,Medium,2.9%,2.9%,
2023-11-17,7:00am,EUR,German Buba President Nagel Speaks,Medium,,,
2023-11-17,7:00am,GBP,MPC Member Ramsden Speaks,Medium,,,
2023-11-17,7:15am,GBP,MPC Member Greene Speaks,Medium,,,
2023-11-17,7:30am,USD,Building Permits,Low,1.45M,1.47M,
2023-11-17,7:30am,USD,Housing Starts,Medium,1.35M,1.35M,
2023-11-17,8:45am,USD,FOMC Member Goolsbee Speaks,Medium,,,
2023-11-20,5:00am,EUR,German Buba Monthly Report,Medium,,,
2023-11-20,9:00am,USD,CB Leading Index m/m,Medium,-0.5%,-0.7%,
2023-11-20,12:45pm,GBP,BOE Gov Bailey Speaks,High,,,
2023-11-21,TueNov 21,GBP,Public Sector Net Borrowing,Medium,16.8B,13.7B,
2023-11-21,4:15am,GBP,Monetary Policy Report Hearings,Low,,,
2023-11-21,9:00am,USD,Existing Home Sales,Low,3.90M,3.95M,
2023-11-21,10:15am,EUR,ECB President Lagarde Speaks,Low,,,
2023-11-21,1:00pm,USD,FOMC Meeting Minutes,High,,,
2023-11-21,2:00pm,USD,Treasury Sec Yellen Speaks,Medium,,,
2023-11-21,3:30pm,USD,API Weekly Statistical Bulletin,Medium,,,
2023-11-22,3:00am,EUR,ECB Financial Stability Review,Low,,,
2023-11-22,All Day,EUR,Dutch Parliamentary Election,Low,,,
2023-11-22,5:00am,GBP,CBI Industrial Order Expectations,Medium,-25,-26,
2023-11-22,6:35am,GBP,Autumn Forecast Statement,Low,,,
2023-11-22,7:30am,USD,Unemployment Claims,High,226K,233K,
2023-11-22,7:30am,USD,Core Durable Goods Orders m/m,Low,0.2%,0.4%,
2023-11-22,7:30am,USD,Durable Goods Orders m/m,Low,-3.2%,4.6%,
2023-11-22,9:00am,EUR,Consumer Confidence,Medium,-18,-18,
2023-11-22,9:00am,USD,Revised UoM Consumer Sentiment,High,61.1,60.4,
2023-11-22,9:00am,USD,Revised UoM Inflation Expectations,Medium,,4.4%,
2023-11-22,9:30am,USD,Crude Oil Inventories,Medium,0.9M,3.6M,
2023-11-22,10:00am,EUR,German Buba President Nagel Speaks,Medium,,,
2023-11-22,11:00am,USD,Natural Gas Storage,Medium,1B,60B,
2023-11-22,All Day,JPY,Bank Holiday,Low,,,
2023-11-23,ThuNov 23,EUR,French Flash Services PMI,High,45.6,45.2,
2023-11-23,2:30am,EUR,German Flash Manufacturing PMI,High,41.1,40.8,
2023-11-23,2:30am,EUR,German Flash Services PMI,High,48.4,48.2,
2023-11-23,3:00am,EUR,Flash Manufacturing PMI,Low,43.3,43.1,
2023-11-23,3:00am,EUR,Flash Services PMI,Low,48.0,47.8,
2023-11-23,3:30am,GBP,Flash Manufacturing PMI,High,45.0,44.8,
2023-11-23,3:30am,GBP,Flash Services PMI,High,49.5,49.5,
2023-11-23,6:30am,EUR,ECB Monetary Policy Meeting Accounts,Medium,,,
2023-11-23,All Day,USD,Bank Holiday,Low,,,
2023-11-23,5:30pm,JPY,National Core CPI y/y,Medium,3.0%,2.8%,
2023-11-23,6:01pm,GBP,GfK Consumer Confidence,Medium,-28,-30,
2023-11-23,6:30pm,JPY,Flash Manufacturing PMI,Medium,48.8,48.7,
2023-11-24,3:00am,EUR,German ifo Business Climate,Low,87.5,86.9,
2023-11-24,3:00am,EUR,German Buba President Nagel Speaks,Medium,,,
2023-11-24,4:00am,EUR,ECB President Lagarde Speaks,Medium,,,
2023-11-24,8:00am,EUR,Belgian NBB Business Climate,Medium,-15.0,-16.8,
2023-11-24,8:45am,USD,Flash Manufacturing PMI,High,49.9,50.0,
2023-11-24,8:45am,USD,Flash Services PMI,High,50.4,50.6,
2023-11-27,8:00am,EUR,ECB President Lagarde Speaks,Low,,,
2023-11-27,9:00am,USD,New Home Sales,Low,724K,719K,
2023-11-27,6:01pm,GBP,BRC Shop Price Index y/y,Medium,,5.2%,
2023-11-27,7:18pm,GBP,MPC Member Ramsden Speaks,Medium,,,
2023-11-27,11:00pm,JPY,BOJ Core CPI y/y,Medium,3.4%,3.4%,
2023-11-28,2:00am,EUR,German Buba President Nagel Speaks,Medium,,,
2023-11-28,3:00am,EUR,M3 Money Supply y/y,Medium,-0.9%,-1.2%,
2023-11-28,3:00am,EUR,Private Loans y/y,Medium,0.7%,0.8%,
2023-11-28,4:03am,GBP,30-y Bond Auction,Medium,,4.93|2.6,
2023-11-28,8:00am,USD,S&P/CS Composite-20 HPI y/y,Low,4.0%,2.1%,
2023-11-28,8:00am,USD,HPI m/m,Medium,0.4%,0.7%,
2023-11-28,8:59am,USD,Richmond Manufacturing Index,Low,1,3,
2023-11-28,9:00am,USD,CB Consumer Confidence,High,101.0,99.1,
2023-11-28,9:00am,USD,FOMC Member Goolsbee Speaks,Medium,,,
2023-11-28,9:05am,USD,FOMC Member Waller Speaks,Low,,,
2023-11-28,9:45am,USD,FOMC Member Bowman Speaks,Medium,,,
2023-11-28,10:00am,EUR,ECB President Lagarde Speaks,Medium,,,
2023-11-28,11:00am,GBP,MPC Member Haskel Speaks,Medium,,,
2023-11-28,12:05pm,USD,FOMC Member Barr Speaks,Medium,,,
2023-11-28,2:30pm,USD,FOMC Member Barr Speaks,Medium,,,
2023-11-28,3:30pm,USD,API Weekly Statistical Bulletin,Medium,,,
2023-11-29,1:00am,EUR,German Import Prices m/m,Medium,-0.3%,1.6%,
2023-11-29,All Day,EUR,German Prelim CPI m/m,High,-0.1%,0.0%,
2023-11-29,2:00am,EUR,Spanish Flash CPI y/y,High,3.6%,3.5%,
2023-11-29,3:00am,CHF,UBS Economic Expectations,Medium,,-37.8,
2023-11-29,3:30am,GBP,M4 Money Supply m/m,Medium,-0.2%,-1.1%,
2023-11-29,3:30am,GBP,Mortgage Approvals,Medium,45K,44K,
2023-11-29,3:30am,GBP,Net Lending to Individuals m/m,Medium,1.2B,0.4B,
2023-11-29,4:15am,EUR,Italian 10-y Bond Auction,Medium,,4.76|1.3,
2023-11-29,4:35am,EUR,German 10-y Bond Auction,Medium,,2.64|2.5,
2023-11-29,7:30am,USD,Prelim GDP q/q,High,5.0%,4.9%,
2023-11-29,7:30am,USD,Prelim GDP Price Index q/q,Low,3.5%,3.5%,
2023-11-29,7:30am,USD,Goods Trade Balance,Medium,-86.4B,-86.8B,
2023-11-29,7:30am,USD,Prelim Wholesale Inventories m/m,Medium,0.1%,0.2%,
2023-11-29,9:05am,GBP,BOE Gov Bailey Speaks,High,,,
2023-11-29,9:30am,USD,Crude Oil Inventories,Medium,-0.1M,8.7M,
2023-11-29,1:00pm,USD,Beige Book,Medium,,,
2023-11-29,5:50pm,JPY,Prelim Industrial Production m/m,Medium,0.7%,0.5%,
2023-11-29,5:50pm,JPY,Retail Sales y/y,Medium,5.9%,6.3%,
2023-11-29,11:00pm,JPY,Consumer Confidence,Medium,35.6,35.7,
2023-11-29,11:00pm,JPY,Housing Starts y/y,Medium,-7.0%,-6.8%,
2023-11-30,1:30am,CHF,Retail Sales y/y,Medium,0.2%,-1.2%,
2023-11-30,1:45am,EUR,French Consumer Spending m/m,Medium,-0.1%,0.0%,
2023-11-30,1:45am,EUR,French Prelim CPI m/m,Medium,0.1%,0.1%,
2023-11-30,1:45am,EUR,French Prelim GDP q/q,Medium,0.1%,0.1%,
2023-11-30,2:00am,CHF,KOF Economic Barometer,Medium,96.3,95.1,
2023-11-30,2:55am,EUR,German Unemployment Change,Medium,21K,31K,
2023-11-30,3:00am,EUR,Italian Monthly Unemployment Rate,Medium,7.4%,7.6%,
2023-11-30,4:00am,EUR,Core CPI Flash Estimate y/y,Low,3.9%,4.2%,
2023-11-30,4:00am,EUR,CPI Flash Estimate y/y,Low,2.7%,2.9%,
2023-11-30,4:00am,EUR,Italian Prelim CPI m/m,Medium,-0.2%,-0.2%,
2023-11-30,4:00am,EUR,Unemployment Rate,Medium,6.5%,6.5%,
2023-11-30,7:30am,EUR,ECB President Lagarde Speaks,Low,,,
2023-11-30,7:30am,USD,Core PCE Price Index m/m,High,0.2%,0.3%,
2023-11-30,7:30am,USD,Unemployment Claims,High,219K,211K,
2023-11-30,7:30am,USD,Personal Income m/m,Medium,0.2%,0.4%,
2023-11-30,7:30am,USD,Personal Spending m/m,Medium,0.2%,0.7%,
2023-11-30,8:15am,USD,FOMC Member Williams Speaks,Medium,,,
2023-11-30,8:45am,USD,Chicago PMI,Low,46.0,44.0,
2023-11-30,9:00am,USD,Pending Home Sales m/m,Low,-1.9%,1.0%,
2023-11-30,9:30am,USD,Natural Gas Storage,Medium,-8B,-7B,
2023-11-30,10:00am,GBP,MPC Member Greene Speaks,Medium,,,
2023-11-30,11:00am,EUR,German Buba President Nagel Speaks,Medium,,,
2023-11-30,5:30pm,JPY,Unemployment Rate,Medium,2.6%,2.6%,
2023-11-30,5:50pm,JPY,Capital Spending q/y,Medium,3.4%,4.5%,
2023-11-30,6:30pm,JPY,Final Manufacturing PMI,Medium,48.1,48.1,
2023-12-01,1:45am,EUR,French Gov Budget Balance,Medium,,-186.1B,
2023-12-01,2:00am,CHF,GDP q/q,Low,0.1%,-0.1%,
2023-12-01,2:00am,USD,FOMC Member Barr Speaks,Medium,,,
2023-12-01,2:15am,EUR,Spanish Manufacturing PMI,Medium,45.6,45.1,
2023-12-01,2:30am,CHF,Manufacturing PMI,Medium,42.0,40.6,
2023-12-01,2:45am,EUR,Italian Manufacturing PMI,Medium,45.3,44.9,
2023-12-01,2:50am,EUR,French Final Manufacturing PMI,Medium,42.6,42.6,
2023-12-01,2:55am,EUR,German Final Manufacturing PMI,Medium,42.3,42.3,
2023-12-01,3:00am,EUR,Final Manufacturing PMI,Medium,43.8,43.8,
2023-12-01,3:30am,GBP,Final Manufacturing PMI,Medium,46.7,46.7,
2023-12-01,5:30am,EUR,ECB President Lagarde Speaks,Low,,,
2023-12-01,8:45am,USD,Final Manufacturing PMI,Medium,49.4,49.4,
2023-12-01,9:00am,USD,ISM Manufacturing PMI,High,47.9,46.7,
2023-12-01,9:00am,USD,ISM Manufacturing Prices,Low,46.1,45.1,
2023-12-01,9:00am,USD,Construction Spending m/m,Medium,0.4%,0.2%,
2023-12-01,9:00am,USD,FOMC Member Goolsbee Speaks,Medium,,,
2023-12-01,All Day,USD,Wards Total Vehicle Sales,Medium,15.5M,15.5M,
2023-12-01,10:00am,USD,Fed Chairman Powell Speaks,High,,,
2023-12-01,1:00pm,USD,Fed Chairman Powell Speaks,High,,,
2023-12-01,1:00pm,USD,FOMC Member Cook Speaks,Medium,,,
2023-12-03,5:50pm,JPY,Monetary Base y/y,Medium,8.9%,9.0%,
2023-12-04,1:30am,CHF,CPI m/m,High,0.0%,0.1%,
2023-12-04,2:00am,EUR,Spanish Unemployment Change,Medium,28.1K,36.9K,
2023-12-04,3:30am,EUR,Sentix Investor Confidence,Medium,-15.0,-18.6,
2023-12-04,5:30am,GBP,MPC Member Dhingra Speaks,Medium,,,
2023-12-04,8:00am,EUR,ECB President Lagarde Speaks,Low,,,
2023-12-04,9:00am,USD,Factory Orders m/m,Medium,-2.7%,2.3%,
2023-12-04,5:30pm,JPY,Tokyo Core CPI y/y,Low,2.4%,2.7%,
2023-12-04,6:01pm,GBP,BRC Retail Sales Monitor y/y,Medium,2.5%,2.6%,
2023-12-04,9:35pm,JPY,10-y Bond Auction,Medium,,0.91|3.6,
2023-12-05,2:15am,EUR,Spanish Services PMI,Medium,51.6,51.1,
2023-12-05,2:45am,EUR,Italian Services PMI,Medium,48.3,47.7,
2023-12-05,2:50am,EUR,French Final Services PMI,Medium,45.3,45.3,
2023-12-05,2:55am,EUR,German Final Services PMI,Medium,48.7,48.7,
2023-12-05,3:00am,EUR,Final Services PMI,Medium,48.2,48.2,
2023-12-05,3:30am,GBP,Final Services PMI,Medium,50.5,50.5,
2023-12-05,4:00am,EUR,PPI m/m,Medium,0.2%,0.5%,
2023-12-05,8:45am,USD,Final Services PMI,Medium,50.8,50.8,
2023-12-05,9:00am,USD,ISM Services PMI,High,52.2,51.8,
2023-12-05,9:00am,USD,JOLTS Job Openings,High,9.31M,9.35M,
2023-12-05,9:09am,USD,RCM/TIPP Economic Optimism,Medium,45.2,44.5,
2023-12-05,3:30pm,USD,API Weekly Statistical Bulletin,Medium,,,
2023-12-06,3:30am,GBP,Construction PMI,Low,46.7,45.6,
2023-12-06,4:00am,EUR,Retail Sales m/m,Medium,0.2%,-0.1%,
2023-12-06,4:03am,GBP,10-y Bond Auction,Medium,,4.41|2.9,
2023-12-06,4:30am,GBP,BOE Financial Stability Report,Medium,,,
2023-12-06,4:30am,GBP,FPC Meeting Minutes,Medium,,,
2023-12-06,4:30am,GBP,FPC Statement,Medium,,,
2023-12-06,5:00am,GBP,BOE Gov Bailey Speaks,High,,,
2023-12-06,7:15am,USD,ADP Non-Farm Employment Change,High,131K,106K,
2023-12-06,7:30am,USD,Revised Nonfarm Productivity q/q,Medium,4.8%,4.7%,
2023-12-06,7:30am,USD,Revised Unit Labor Costs q/q,Medium,-0.9%,-0.8%,
2023-12-06,7:30am,USD,Trade Balance,Medium,-64.1B,-61.2B,
2023-12-06,9:00am,EUR,German Buba President Nagel Speaks,Medium,,,
2023-12-06,9:30am,USD,Crude Oil Inventories,Medium,-1.3M,1.6M,
2023-12-06,9:35pm,JPY,30-y Bond Auction,Medium,,1.74|3.6,
2023-12-06,11:00pm,JPY,Leading Indicators,Medium,108.2%,108.9%,
2023-12-07,1:00am,EUR,German Industrial Production m/m,Medium,0.1%,-1.3%,
2023-12-07,1:00am,GBP,Halifax HPI m/m,Medium,0.3%,1.2%,
2023-12-07,1:45am,EUR,French Trade Balance,Medium,-8.5B,-8.9B,
2023-12-07,2:00am,CHF,Foreign Currency Reserves,Low,,658B,
2023-12-07,3:00am,EUR,Italian Industrial Production m/m,Medium,-0.4%,0.1%,
2023-12-07,4:00am,EUR,Final Employment Change q/q,Medium,0.3%,0.3%,
2023-12-07,4:00am,EUR,Italian Retail Sales m/m,Medium,-0.1%,-0.4%,
2023-12-07,4:00am,EUR,Revised GDP q/q,Medium,-0.1%,-0.1%,
2023-12-07,4:01am,EUR,French 10-y Bond Auction,Medium,,3.32|2.0,
2023-12-07,All Day,EUR,Eurogroup Meetings,Medium,,,
2023-12-07,6:30am,USD,Challenger Job Cuts y/y,Medium,,8.8%,
2023-12-07,7:30am,USD,Unemployment Claims,High,221K,219K,
2023-12-07,9:00am,USD,Final Wholesale Inventories m/m,Medium,-0.2%,-0.2%,
2023-12-07,9:30am,USD,Natural Gas Storage,Medium,-110B,10B,
2023-12-07,2:00pm,USD,Consumer Credit m/m,Medium,8.3B,12.2B,
2023-12-07,5:30pm,JPY,Average Cash Earnings y/y,Medium,1.0%,0.6%,
2023-12-07,5:30pm,JPY,Household Spending y/y,Medium,-2.9%,-2.8%,
2023-12-07,5:50pm,JPY,Bank Lending y/y,Medium,2.8%,2.7%,
2023-12-07,5:50pm,JPY,Current Account,Medium,1.85T,2.01T,
2023-12-07,5:50pm,JPY,Final GDP Price Index y/y,Medium,5.1%,5.1%,
2023-12-07,5:50pm,JPY,Final GDP q/q,Medium,-0.5%,-0.5%,
2023-12-07,11:00pm,JPY,Economy Watchers Sentiment,Medium,49.0,49.5,
2023-12-08,All Day,EUR,Italian Bank Holiday,Low,,,
2023-12-08,3:30am,GBP,Consumer Inflation Expectations,Medium,,3.6%,
2023-12-08,All Day,EUR,ECOFIN Meetings,Medium,,,
2023-12-08,7:30am,USD,Average Hourly Earnings m/m,High,0.3%,0.2%,
2023-12-08,7:30am,USD,Non-Farm Employment Change,High,184K,150K,
2023-12-08,7:30am,USD,Unemployment Rate,High,3.9%,3.9%,
2023-12-08,9:00am,USD,Prelim UoM Consumer Sentiment,High,62.0,61.3,
2023-12-08,9:00am,USD,Prelim UoM Inflation Expectations,Low,,4.5%,
2023-12-10,SunDec 10,JPY,M2 Money Stock y/y,Medium,2.5%,2.4%,
2023-12-10,6:01pm,GBP,Rightmove HPI m/m,Medium,,-1.7%,
2023-12-11,12:01pm,USD,10-y Bond Auction,Low,,4.52|2.5,
2023-12-11,5:50pm,JPY,PPI y/y,Medium,0.1%,0.9%,
2023-12-12,TueDec 12,GBP,Claimant Count Change,High,20.3K,8.9K,
2023-12-12,TueDec 12,GBP,Average Earnings Index 3m/y,Low,7.7%,8.0%,
2023-12-12,TueDec 12,GBP,Unemployment Rate,Medium,4.2%,4.2%,
2023-12-12,4:00am,EUR,ZEW Economic Sentiment,Medium,13.3,13.8,
2023-12-12,4:00am,EUR,German ZEW Economic Sentiment,Medium,9.6,9.8,
2023-12-12,5:00am,USD,NFIB Small Business Index,Medium,90.7,90.7,
2023-12-12,7:30am,USD,Core CPI m/m,High,0.3%,0.2%,
2023-12-12,7:30am,USD,CPI m/m,High,0.0%,0.0%,
2023-12-12,7:30am,USD,CPI y/y,High,3.1%,3.2%,
2023-12-12,12:01pm,USD,30-y Bond Auction,Low,,4.77|2.2,
2023-12-12,12:58pm,USD,Federal Budget Balance,Medium,-293.5B,-66.6B,
2023-12-12,3:30pm,USD,API Weekly Statistical Bulletin,Medium,,,
2023-12-12,5:50pm,JPY,Tankan Manufacturing Index,Medium,10,9,
2023-12-12,5:50pm,JPY,Tankan Non-Manufacturing Index,Medium,27,27,
2023-12-13,WedDec 13,GBP,Construction Output m/m,Medium,-0.2%,0.4%,
2023-12-13,WedDec 13,GBP,Goods Trade Balance,Medium,-14.1B,-14.3B,
2023-12-13,WedDec 13,GBP,Index of Services 3m/3m,Medium,0.2%,-0.1%,
2023-12-13,WedDec 13,GBP,Industrial Production m/m,Medium,-0.1%,0.0%,
2023-12-13,WedDec 13,GBP,Manufacturing Production m/m,Medium,0.0%,0.1%,
2023-12-13,2:00am,CHF,SECO Economic Forecasts,Medium,,,
2023-12-13,3:00am,EUR,Italian Quarterly Unemployment Rate,Medium,7.6%,7.7%,
2023-12-13,4:00am,EUR,Industrial Production m/m,Medium,-0.3%,-1.0%,
2023-12-13,4:03am,GBP,30-y Bond Auction,Medium,,4.66|2.3,
2023-12-13,6:50am,GBP,NIESR GDP Estimate,Medium,,0.0%,
2023-12-13,7:30am,USD,Core PPI m/m,High,0.2%,0.0%,
2023-12-13,7:30am,USD,PPI m/m,High,0.0%,-0.4%,
2023-12-13,8:30am,GBP,CB Leading Index m/m,Medium,,-0.4%,
2023-12-13,9:30am,USD,Crude Oil Inventories,Medium,-1.9M,-4.6M,
2023-12-13,1:00pm,USD,Federal Funds Rate,High,5.50%,5.50%,
2023-12-13,1:00pm,USD,FOMC Economic Projections,High,,,
2023-12-13,1:00pm,USD,FOMC Statement,High,,,
2023-12-13,1:30pm,USD,FOMC Press Conference,High,,,
2023-12-13,5:50pm,JPY,Core Machinery Orders m/m,Medium,-0.4%,1.4%,
2023-12-13,6:01pm,GBP,RICS House Price Balance,Medium,-57%,-61%,
2023-12-13,10:30pm,JPY,Revised Industrial Production m/m,Medium,1.0%,1.0%,
2023-12-14,2:30am,CHF,SNB Monetary Policy Assessment,High,,,
2023-12-14,2:30am,CHF,SNB Policy Rate,High,1.75%,1.75%,
2023-12-14,3:00am,CHF,SNB Press Conference,High,,,
2023-12-14,6:00am,GBP,Monetary Policy Summary,High,,,
2023-12-14,6:00am,GBP,MPC Official Bank Rate Votes,High,2-0-7,3-0-6,
2023-12-14,6:00am,GBP,Official Bank Rate,High,5.25%,5.25%,
2023-12-14,6:00am,GBP,BOE Inflation Letter,Medium,,,
2023-12-14,7:00am,GBP,BOE Gov Bailey Speaks,High,,,
2023-12-14,7:15am,EUR,Main Refinancing Rate,High,4.50%,4.50%,
2023-12-14,7:15am,EUR,Monetary Policy Statement,High,,,
2023-12-14,7:30am,USD,Core Retail Sales m/m,High,-0.1%,0.0%,
2023-12-14,7:30am,USD,Retail Sales m/m,High,-0.1%,-0.2%,
2023-12-14,7:30am,USD,Unemployment Claims,High,219K,221K,
2023-12-14,7:30am,USD,Import Prices m/m,Medium,-0.7%,-0.6%,
2023-12-14,7:45am,EUR,ECB Press Conference,High,,,
2023-12-14,9:00am,USD,Business Inventories m/m,Medium,0.0%,0.2%,
2023-12-14,9:30am,USD,Natural Gas Storage,Medium,-60B,-117B,
2023-12-14,6:01pm,GBP,GfK Consumer Confidence,Medium,-23,-24,
2023-12-14,6:30pm,JPY,Flash Manufacturing PMI,Medium,48.2,48.3,
2023-12-14,10:30pm,JPY,Tertiary Industry Activity m/m,Medium,0.2%,-1.2%,
2023-12-15,2:15am,EUR,French Flash Manufacturing PMI,High,43.3,42.9,
2023-12-15,2:15am,EUR,French Flash Services PMI,High,46.1,45.4,
2023-12-15,2:30am,EUR,German Flash Manufacturing PMI,High,43.1,42.6,
2023-12-15,2:30am,EUR,German Flash Services PMI,High,49.9,49.6,
2023-12-15,3:00am,EUR,Flash Manufacturing PMI,Low,44.5,44.2,
2023-12-15,3:00am,EUR,Flash Services PMI,Low,49.0,48.7,
2023-12-15,3:30am,GBP,Flash Manufacturing PMI,High,47.6,47.2,
2023-12-15,3:30am,GBP,Flash Services PMI,High,51.0,50.9,
2023-12-15,4:00am,EUR,Italian Trade Balance,Medium,3.45B,2.39B,
2023-12-15,4:00am,EUR,Trade Balance,Medium,10.3B,8.7B,
2023-12-15,4:00am,GBP,MPC Member Ramsden Speaks,Medium,,,
2023-12-15,7:30am,USD,Empire State Manufacturing Index,High,2.0,9.1,
2023-12-15,8:15am,USD,Industrial Production m/m,Low,0.3%,-0.9%,
2023-12-15,8:15am,USD,Capacity Utilization Rate,Medium,79.1%,78.7%,
2023-12-15,8:45am,USD,Flash Manufacturing PMI,High,49.5,49.4,
2023-12-15,8:45am,USD,Flash Services PMI,High,50.7,50.8,
2023-12-18,4:30am,GBP,MPC Member Broadbent Speaks,Medium,,,
2023-12-18,5:00am,EUR,German Buba Monthly Report,Medium,,,
2023-12-18,9:00am,USD,NAHB Housing Market Index,Medium,36,34,
2023-12-18,8:49pm,JPY,Monetary Policy Statement,High,,,
2023-12-18,8:49pm,JPY,BOJ Policy Rate,Low,-0.10%,-0.10%,
2023-12-19,1:00am,CHF,Trade Balance,Medium,3.50B,4.71B,
2023-12-19,4:00am,EUR,Final Core CPI y/y,Medium,3.6%,3.6%,
2023-12-19,4:00am,EUR,Final CPI y/y,Medium,2.4%,2.4%,
2023-12-19,4:03am,GBP,10-y Bond Auction,Medium,,4.09|2.7,
2023-12-19,5:00am,GBP,CBI Industrial Order Expectations,Medium,-28,-35,
2023-12-19,7:00am,GBP,MPC Member Breeden Speaks,Medium,,,
2023-12-19,7:30am,USD,Building Permits,Low,1.47M,1.50M,
2023-12-19,7:30am,USD,Housing Starts,Medium,1.36M,1.36M,
2023-12-19,8:30am,USD,FOMC Member Barkin Speaks,Low,,,
2023-12-19,11:30am,USD,FOMC Member Bostic Speaks,Medium,,,
2023-12-19,3:00pm,USD,TIC Long-Term Purchases,Medium,37.8B,0.9B,
2023-12-19,3:30pm,USD,API Weekly Statistical Bulletin,Medium,,,
2023-12-19,5:00pm,USD,FOMC Member Goolsbee Speaks,Medium,,,
2023-12-19,5:50pm,JPY,Trade Balance,Medium,-0.76T,-0.50T,
2023-12-20,WedDec 20,EUR,German PPI m/m,Medium,-0.3%,-0.1%,
2023-12-20,WedDec 20,GBP,CPI y/y,High,4.3%,4.6%,
2023-12-20,WedDec 20,GBP,Core CPI y/y,Medium,5.6%,5.7%,
2023-12-20,WedDec 20,GBP,PPI Input m/m,Medium,-0.6%,0.5%,
2023-12-20,WedDec 20,GBP,PPI Output m/m,Medium,-0.1%,0.3%,
2023-12-20,WedDec 20,GBP,RPI y/y,Medium,5.6%,6.1%,
2023-12-20,3:00am,EUR,Current Account,Medium,27.0B,31.2B,
2023-12-20,3:30am,GBP,HPI y/y,Medium,0.0%,-0.6%,
2023-12-20,7:30am,USD,Current Account,Medium,-197B,-217B,
2023-12-20,8:00am,CHF,SNB Quarterly Bulletin,Medium,,,
2023-12-20,9:00am,EUR,Consumer Confidence,Medium,-16,-17,
2023-12-20,9:00am,USD,CB Consumer Confidence,High,104.6,101.0,
2023-12-20,9:00am,USD,Existing Home Sales,Low,3.77M,3.79M,
2023-12-20,9:30am,USD,Crude Oil Inventories,Medium,-2.3M,-4.3M,
2023-12-20,11:00am,USD,FOMC Member Goolsbee Speaks,Medium,,,
2023-12-21,5:00am,GBP,CBI Realized Sales,Medium,-13,-11,
2023-12-21,7:30am,USD,Final GDP q/q,High,5.2%,5.2%,
2023-12-21,7:30am,USD,Unemployment Claims,High,214K,203K,
2023-12-21,7:30am,USD,Final GDP Price Index q/q,Low,3.6%,3.6%,
2023-12-21,7:30am,USD,Philly Fed Manufacturing Index,Low,-3.3,-5.9,
2023-12-21,9:00am,USD,CB Leading Index m/m,Medium,-0.5%,-1.0%,
2023-12-21,9:30am,USD,Natural Gas Storage,Medium,-82B,-55B,
2023-12-21,5:30pm,JPY,National Core CPI y/y,Medium,2.5%,2.9%,
2023-12-21,5:50pm,JPY,Monetary Policy Meeting Minutes,Medium,,,
2023-12-22,FriDec 22,GBP,Retail Sales m/m,High,0.4%,0.0%,
2023-12-22,FriDec 22,GBP,Current Account,Medium,-13.1B,-24.0B,
2023-12-22,FriDec 22,GBP,Final GDP q/q,Medium,0.0%,0.0%,
2023-12-22,FriDec 22,GBP,Revised Business Investment q/q,Medium,-4.2%,-4.2%,
2023-12-22,7:30am,USD,Core PCE Price Index m/m,High,0.2%,0.1%,
2023-12-22,7:30am,USD,Core Durable Goods Orders m/m,Low,0.1%,-0.3%,
2023-12-22,7:30am,USD,Durable Goods Orders m/m,Low,2.4%,-5.1%,
2023-12-22,7:30am,USD,Personal Income m/m,Medium,0.4%,0.3%,
2023-12-22,7:30am,USD,Personal Spending m/m,Medium,0.3%,0.1%,
2023-12-22,7:59am,EUR,Belgian NBB Business Climate,Medium,-14.6,-15.0,
2023-12-22,9:00am,USD,Revised UoM Consumer Sentiment,High,69.4,69.4,
2023-12-22,9:00am,USD,New Home Sales,Low,689K,672K,
2023-12-22,9:00am,USD,Revised UoM Inflation Expectations,Medium,,3.1%,
2023-12-24,10:00pm,JPY,BOJ Gov Ueda Speaks,Low,,,
2023-12-25,All Day,EUR,French Bank Holiday,Low,,,
2023-12-25,All Day,EUR,German Bank Holiday,Low,,,
2023-12-25,All Day,EUR,Italian Bank Holiday,Low,,,
2023-12-25,All Day,GBP,Bank Holiday,Low,,,
2023-12-25,All Day,USD,Bank Holiday,Low,,,
2023-12-25,5:30pm,JPY,Unemployment Rate,Medium,2.5%,2.5%,
2023-12-25,5:50pm,JPY,SPPI y/y,Medium,2.4%,2.3%,
2023-12-25,11:00pm,JPY,BOJ Core CPI y/y,Medium,3.0%,3.0%,
2023-12-26,All Day,EUR,German Bank Holiday,Low,,,
2023-12-26,All Day,EUR,Italian Bank Holiday,Low,,,
2023-12-26,All Day,GBP,Bank Holiday,Low,,,
2023-12-26,8:00am,USD,HPI m/m,Medium,0.5%,0.7%,
2023-12-26,8:00am,USD,S&P/CS Composite-20 HPI y/y,Medium,5.0%,3.9%,
2023-12-26,5:50pm,JPY,BOJ Summary of Opinions,Medium,,,
2023-12-26,11:00pm,JPY,Housing Starts y/y,Medium,-4.2%,-6.3%,
2023-12-27,8:59am,USD,Richmond Manufacturing Index,Low,-4,-5,
2023-12-27,3:30pm,USD,API Weekly Statistical Bulletin,Medium,,,
2023-12-27,5:50pm,JPY,Prelim Industrial Production m/m,Medium,-1.7%,1.3%,
2023-12-27,5:50pm,JPY,Retail Sales y/y,Medium,5.1%,4.1%,
2023-12-28,ThuDec 28,USD,Goods Trade Balance,Medium,-88.6B,-89.6B,
2023-12-28,ThuDec 28,USD,Prelim Wholesale Inventories m/m,Medium,-0.2%,-0.4%,
2023-12-28,9:00am,USD,Pending Home Sales m/m,Low,0.8%,-1.2%,
2023-12-28,9:30am,USD,Natural Gas Storage,Medium,-80B,-87B,
2023-12-28,10:00am,USD,Crude Oil Inventories,Medium,-2.7M,2.9M,
2023-12-29,2:00am,CHF,KOF Economic Barometer,Medium,96.9,97.2,
2023-12-29,2:00am,EUR,Spanish Flash CPI y/y,Low,3.2%,3.2%,
2023-12-29,8:45am,USD,Chicago PMI,Low,50.1,55.8,
2023-12-31,All Day,JPY,Bank Holiday,Low,,,
