date,time,currency,event,impact,actual,forecast,previous
2024-01-01,All Day,EUR,French Bank Holiday,Low,,,
2024-01-01,All Day,EUR,German Bank Holiday,Low,,,
2024-01-01,All Day,EUR,Italian Bank Holiday,Low,,,
2024-01-01,All Day,GBP,Bank Holiday,Low,,,
2024-01-01,All Day,USD,Bank Holiday,Low,,,
2024-01-01,All Day,JPY,Bank Holiday,Low,,,
2024-01-01,6:01pm,GBP,BRC Shop Price Index y/y,Medium,,4.3%,
2024-01-02,2:15am,EUR,Spanish Manufacturing PMI,Medium,46.3,46.3,
2024-01-02,2:45am,EUR,Italian Manufacturing PMI,Medium,44.3,44.4,
2024-01-02,2:50am,EUR,French Final Manufacturing PMI,Medium,42.0,42.0,
2024-01-02,2:55am,EUR,German Final Manufacturing PMI,Medium,43.1,43.1,
2024-01-02,3:00am,EUR,Final Manufacturing PMI,Medium,44.2,44.2,
2024-01-02,3:00am,EUR,M3 Money Supply y/y,Medium,-1.0%,-1.0%,
2024-01-02,3:00am,EUR,Private Loans y/y,Medium,0.8%,0.6%,
2024-01-02,3:30am,GBP,Final Manufacturing PMI,Medium,46.4,46.4,
2024-01-02,8:45am,USD,Final Manufacturing PMI,Medium,48.4,48.2,
2024-01-02,9:00am,USD,Construction Spending m/m,Medium,0.6%,1.2%,
2024-01-02,All Day,JPY,Bank Holiday,Low,,,
2024-01-03,2:30am,CHF,Manufacturing PMI,Medium,43.0,42.1,
2024-01-03,2:55am,EUR,German Unemployment Change,Medium,20K,21K,
2024-01-03,7:30am,USD,FOMC Member Barkin Speaks,Low,,,
2024-01-03,9:00am,USD,ISM Manufacturing PMI,High,47.2,46.7,
2024-01-03,9:00am,USD,JOLTS Job Openings,High,8.84M,8.85M,
2024-01-03,9:00am,USD,ISM Manufacturing Prices,Low,49.5,49.9,
2024-01-03,All Day,USD,Wards Total Vehicle Sales,Medium,15.5M,15.3M,
2024-01-03,1:00pm,USD,FOMC Meeting Minutes,High,,,
2024-01-03,3:30pm,USD,API Weekly Statistical Bulletin,Medium,,,
2024-01-03,6:30pm,JPY,Final Manufacturing PMI,Medium,47.7,47.7,
2024-01-04,1:45am,EUR,French Prelim CPI m/m,Medium,0.2%,-0.2%,
2024-01-04,2:15am,EUR,Spanish Services PMI,Medium,51.1,51.0,
2024-01-04,2:45am,EUR,Italian Services PMI,Medium,49.8,49.5,
2024-01-04,2:50am,EUR,French Final Services PMI,Medium,44.3,44.3,
2024-01-04,2:55am,EUR,German Final Services PMI,Medium,48.4,48.4,
2024-01-04,3:00am,EUR,Final Services PMI,Medium,48.1,48.1,
2024-01-04,3:30am,GBP,Final Services PMI,Medium,52.7,52.7,
2024-01-04,3:30am,GBP,M4 Money Supply m/m,Medium,0.2%,0.3%,
2024-01-04,3:30am,GBP,Mortgage Approvals,Medium,48K,48K,
2024-01-04,3:30am,GBP,Net Lending to Individuals m/m,Medium,1.6B,1.3B,
2024-01-04,4:01am,EUR,French 10-y Bond Auction,Medium,,2.75|3.0,
2024-01-04,6:30am,USD,Challenger Job Cuts y/y,Medium,,-40.8%,
2024-01-04,7:15am,USD,ADP Non-Farm Employment Change,High,120K,101K,
2024-01-04,7:30am,USD,Unemployment Claims,High,217K,220K,
2024-01-04,8:45am,USD,Final Services PMI,Medium,51.3,51.3,
2024-01-04,9:30am,USD,Natural Gas Storage,Medium,-33B,-87B,
2024-01-04,10:00am,USD,Crude Oil Inventories,Medium,-3.2M,-7.1M,
2024-01-04,5:50pm,JPY,Monetary Base y/y,Medium,9.0%,8.9%,
2024-01-04,11:00pm,JPY,Consumer Confidence,Medium,36.4,36.1,
2024-01-05,FriJan 5,GBP,Halifax HPI m/m,Medium,0.1%,0.6%,
2024-01-05,3:30am,GBP,Construction PMI,Low,46.1,45.5,
2024-01-05,4:00am,EUR,Core CPI Flash Estimate y/y,Low,3.4%,3.6%,
2024-01-05,4:00am,EUR,CPI Flash Estimate y/y,Low,3.0%,2.4%,
2024-01-05,4:00am,EUR,PPI m/m,Medium,-0.1%,0.3%,
2024-01-05,4:00am,EUR,Italian Prelim CPI m/m,Medium,0.2%,-0.5%,
2024-01-05,7:30am,USD,Average Hourly Earnings m/m,High,0.3%,0.4%,
2024-01-05,7:30am,USD,Non-Farm Employment Change,High,168K,173K,
2024-01-05,7:30am,USD,Unemployment Rate,High,3.8%,3.7%,
2024-01-05,9:00am,USD,ISM Services PMI,High,52.5,52.7,
2024-01-05,9:00am,USD,Factory Orders m/m,Medium,2.0%,-3.4%,
2024-01-05,12:30pm,USD,FOMC Member Barkin Speaks,Low,,,
2024-01-08,MonJan 8,EUR,German Trade Balance,Medium,17.9B,17.7B,
2024-01-08,1:30am,CHF,CPI m/m,High,-0.1%,-0.2%,
2024-01-08,1:30am,CHF,Retail Sales y/y,Medium,0.0%,-0.3%,
2024-01-08,3:30am,EUR,Sentix Investor Confidence,Medium,-15.5,-16.8,
2024-01-08,4:00am,EUR,Retail Sales m/m,Medium,-0.3%,0.4%,
2024-01-08,11:30am,USD,FOMC Member Bostic Speaks,Medium,,,
2024-01-08,2:00pm,USD,Consumer Credit m/m,Medium,8.9B,5.8B,
2024-01-08,5:30pm,JPY,Tokyo Core CPI y/y,Low,2.1%,2.3%,
2024-01-08,5:30pm,JPY,Household Spending y/y,Medium,-2.2%,-2.5%,
2024-01-08,6:01pm,GBP,BRC Retail Sales Monitor y/y,Medium,2.3%,2.6%,
2024-01-09,1:00am,EUR,German Industrial Production m/m,Medium,0.4%,-0.3%,
2024-01-09,1:45am,EUR,French Trade Balance,Medium,-7.9B,-8.5B,
2024-01-09,2:00am,CHF,Foreign Currency Reserves,Low,,642B,
2024-01-09,3:00am,EUR,Italian Monthly Unemployment Rate,Medium,7.8%,7.7%,
2024-01-09,4:00am,EUR,Unemployment Rate,Medium,6.5%,6.5%,
2024-01-09,5:00am,USD,NFIB Small Business Index,Medium,90.7,90.6,
2024-01-09,7:30am,USD,Trade Balance,Medium,-64.9B,-64.5B,
2024-01-09,9:02am,USD,RCM/TIPP Economic Optimism,Medium,42.0,40.0,
2024-01-09,11:00am,USD,FOMC Member Barr Speaks,Medium,,,
2024-01-09,3:30pm,USD,API Weekly Statistical Bulletin,Medium,,,
2024-01-09,5:30pm,JPY,Average Cash Earnings y/y,Medium,1.5%,1.5%,
2024-01-09,9:35pm,JPY,10-y Bond Auction,Medium,,0.70|2.8,
2024-01-10,3:00am,EUR,Italian Retail Sales m/m,Medium,0.2%,0.4%,
2024-01-10,4:34am,EUR,German 10-y Bond Auction,Medium,,2.45|1.7,
2024-01-10,8:15am,GBP,BOE Gov Bailey Speaks,High,,,
2024-01-10,9:00am,USD,Final Wholesale Inventories m/m,Medium,-0.2%,-0.2%,
2024-01-10,9:30am,USD,Crude Oil Inventories,Medium,-0.2M,-5.5M,
2024-01-10,12:01pm,USD,10-y Bond Auction,Low,,4.30|2.5,
2024-01-10,2:15pm,USD,FOMC Member Williams Speaks,Medium,,,
2024-01-10,11:00pm,JPY,Leading Indicators,Medium,107.9%,108.9%,
2024-01-11,ThuJan 11,EUR,Italian Industrial Production m/m,Medium,-0.2%,-0.2%,
2024-01-11,3:30am,GBP,Housing Equity Withdrawal q/q,Medium,-20.4B,-23.5B,
2024-01-11,7:30am,USD,Core CPI m/m,High,0.3%,0.3%,
2024-01-11,7:30am,USD,CPI m/m,High,0.2%,0.1%,
2024-01-11,7:30am,USD,CPI y/y,High,3.2%,3.1%,
2024-01-11,7:30am,USD,Unemployment Claims,High,209K,203K,
2024-01-11,9:30am,USD,Natural Gas Storage,Medium,-121B,-14B,
2024-01-11,12:01pm,USD,30-y Bond Auction,Low,,4.34|2.4,
2024-01-11,1:00pm,USD,Federal Budget Balance,Medium,-66.2B,-314.0B,
2024-01-11,5:50pm,JPY,Bank Lending y/y,Medium,2.7%,2.8%,
2024-01-11,5:50pm,JPY,Current Account,Medium,2.18T,2.62T,
2024-01-11,9:35pm,JPY,30-y Bond Auction,Medium,,1.62|2.6,
2024-01-11,11:00pm,JPY,Economy Watchers Sentiment,Medium,49.9,49.5,
2024-01-12,FriJan 12,GBP,Construction Output m/m,Medium,0.2%,-0.4%,
2024-01-12,FriJan 12,GBP,Goods Trade Balance,Medium,-15.7B,-15.9B,
2024-01-12,FriJan 12,GBP,Index of Services 3m/3m,Medium,0.1%,-0.1%,
2024-01-12,FriJan 12,GBP,Industrial Production m/m,Medium,0.3%,-1.3%,
2024-01-12,FriJan 12,GBP,Manufacturing Production m/m,Medium,0.3%,-1.2%,
2024-01-12,1:45am,EUR,French Consumer Spending m/m,Medium,-0.1%,-0.9%,
2024-01-12,1:45am,EUR,French Final CPI m/m,Medium,0.1%,0.1%,
2024-01-12,6:35am,GBP,NIESR GDP Estimate,Medium,,-0.2%,
2024-01-12,7:30am,USD,Core PPI m/m,High,0.2%,0.0%,
2024-01-12,7:30am,USD,PPI m/m,High,0.1%,-0.1%,
2024-01-14,6:01pm,GBP,Rightmove HPI m/m,Medium,,-1.9%,
2024-01-14,11:59pm,JPY,Prelim Machine Tool Orders y/y,Medium,,-13.6%,
2024-01-15,3:00am,EUR,Italian Trade Balance,Medium,5.20B,4.73B,
2024-01-15,4:00am,EUR,Industrial Production m/m,Medium,-0.3%,-0.7%,
2024-01-15,4:00am,EUR,Trade Balance,Medium,11.2B,11.1B,
2024-01-15,All Day,EUR,Eurogroup Meetings,Medium,,,
2024-01-15,All Day,USD,Bank Holiday,Low,,,
2024-01-15,5:50pm,JPY,PPI y/y,Medium,-0.3%,0.3%,
2024-01-16,TueJan 16,GBP,Claimant Count Change,High,18.1K,0.6K,
2024-01-16,TueJan 16,GBP,Average Earnings Index 3m/y,Low,6.8%,7.2%,
2024-01-16,TueJan 16,GBP,Unemployment Rate,Medium,4.2%,4.2%,
2024-01-16,4:00am,EUR,German ZEW Economic Sentiment,Medium,11.6,12.8,
2024-01-16,4:00am,EUR,ZEW Economic Sentiment,Medium,20.2,23.0,
2024-01-16,All Day,EUR,ECOFIN Meetings,Medium,,,
2024-01-16,7:30am,USD,Empire State Manufacturing Index,High,-4.9,-14.5,
2024-01-16,9:00am,GBP,BOE Gov Bailey Speaks,High,,,
2024-01-16,10:00am,USD,FOMC Member Waller Speaks,Medium,,,
2024-01-17,WedJan 17,GBP,Core CPI y/y,Medium,4.9%,5.1%,
2024-01-17,WedJan 17,GBP,PPI Input m/m,Medium,-0.6%,-0.4%,
2024-01-17,WedJan 17,GBP,PPI Output m/m,Medium,-0.2%,0.0%,
2024-01-17,WedJan 17,GBP,RPI y/y,Medium,5.1%,5.3%,
2024-01-17,1:45am,EUR,French Gov Budget Balance,Medium,,-177.7B,
2024-01-17,3:30am,GBP,HPI y/y,Medium,-1.9%,-1.3%,
2024-01-17,4:00am,EUR,Final Core CPI y/y,Medium,3.4%,3.4%,
2024-01-17,4:00am,EUR,Final CPI y/y,Medium,2.9%,2.9%,
2024-01-17,4:36am,EUR,German 30-y Bond Auction,Medium,,2.81|3.0,
2024-01-17,5:33am,GBP,10-y Bond Auction,Medium,,3.74|2.8,
2024-01-17,7:30am,USD,Core Retail Sales m/m,High,0.2%,0.2%,
2024-01-17,7:30am,USD,Retail Sales m/m,High,0.4%,0.3%,
2024-01-17,7:30am,USD,Import Prices m/m,Medium,-0.6%,-0.5%,
2024-01-17,8:00am,USD,FOMC Member Barr Speaks,Medium,,,
2024-01-17,8:00am,USD,FOMC Member Bowman Speaks,Medium,,,
2024-01-17,8:15am,USD,Industrial Production m/m,Low,-0.1%,0.0%,
2024-01-17,8:15am,USD,Capacity Utilization Rate,Medium,78.7%,78.6%,
2024-01-17,9:00am,USD,Business Inventories m/m,Medium,-0.1%,-0.1%,
2024-01-17,9:00am,USD,NAHB Housing Market Index,Medium,39,37,
2024-01-17,9:15am,EUR,ECB President Lagarde Speaks,Low,,,
2024-01-17,12:30pm,EUR,German Buba President Nagel Speaks,Medium,,,
2024-01-17,1:00pm,USD,Beige Book,Medium,,,
2024-01-17,2:00pm,USD,FOMC Member Williams Speaks,Medium,,,
2024-01-17,3:30pm,USD,API Weekly Statistical Bulletin,Medium,,,
2024-01-17,5:50pm,JPY,Core Machinery Orders m/m,Medium,-0.8%,0.7%,
2024-01-17,6:01pm,GBP,RICS House Price Balance,Medium,-35%,-41%,
2024-01-17,10:30pm,JPY,Revised Industrial Production m/m,Medium,-0.9%,-0.9%,
2024-01-18,3:30am,GBP,BOE Credit Conditions Survey,Medium,,,
2024-01-18,4:30am,CHF,SNB Chairman Jordan Speaks,Low,,,
2024-01-18,6:30am,EUR,ECB Monetary Policy Meeting Accounts,Medium,,,
2024-01-18,6:30am,USD,FOMC Member Bostic Speaks,Medium,,,
2024-01-18,7:30am,USD,Unemployment Claims,High,206K,203K,
2024-01-18,7:30am,USD,Building Permits,Low,1.47M,1.47M,
2024-01-18,7:30am,USD,Philly Fed Manufacturing Index,Low,-6.6,-10.5,
2024-01-18,7:30am,USD,Housing Starts,Medium,1.43M,1.53M,
2024-01-18,9:15am,EUR,ECB President Lagarde Speaks,Low,,,
2024-01-18,9:30am,USD,Natural Gas Storage,Medium,-166B,-140B,
2024-01-18,10:00am,USD,Crude Oil Inventories,Medium,-0.6M,1.3M,
2024-01-18,11:05am,USD,FOMC Member Bostic Speaks,Medium,,,
2024-01-18,5:30pm,JPY,National Core CPI y/y,Medium,2.3%,2.5%,
2024-01-18,10:30pm,JPY,Tertiary Industry Activity m/m,Medium,0.2%,-0.2%,
2024-01-19,FriJan 19,GBP,Retail Sales m/m,High,-0.5%,1.4%,
2024-01-19,1:30am,CHF,PPI m/m,Medium,-0.6%,-0.9%,
2024-01-19,4:00am,EUR,ECB President Lagarde Speaks,Low,,,
2024-01-19,8:30am,GBP,CB Leading Index m/m,Medium,,-0.5%,
2024-01-19,9:00am,USD,Prelim UoM Consumer Sentiment,High,69.8,69.7,
2024-01-19,9:00am,USD,Existing Home Sales,Low,3.83M,3.82M,
2024-01-19,9:00am,USD,Prelim UoM Inflation Expectations,Low,,3.1%,
2024-01-19,3:00pm,USD,TIC Long-Term Purchases,Medium,21.7B,3.4B,
2024-01-19,3:15pm,USD,FOMC Member Daly Speaks,Medium,,,
2024-01-22,9:09pm,JPY,BOJ Outlook Report,High,,,
2024-01-22,9:09pm,JPY,Monetary Policy Statement,High,,,
2024-01-22,9:09pm,JPY,BOJ Policy Rate,Low,-0.10%,-0.10%,
2024-01-22,11:00pm,JPY,BOJ Core CPI y/y,Medium,2.8%,2.7%,
2024-01-23,1:00am,GBP,Public Sector Net Borrowing,Medium,11.4B,12.8B,
2024-01-23,8:59am,USD,Richmond Manufacturing Index,Low,-7,-11,
2024-01-23,9:00am,EUR,Consumer Confidence,Medium,-14,-15,
2024-01-23,3:30pm,USD,API Weekly Statistical Bulletin,Medium,,,
2024-01-23,5:50pm,JPY,Trade Balance,Medium,-0.45T,-0.35T,
2024-01-23,6:30pm,JPY,Flash Manufacturing PMI,Medium,48.2,47.9,
2024-01-24,WedJan 24,EUR,French Flash Services PMI,High,46.1,45.7,
2024-01-24,2:30am,EUR,German Flash Manufacturing PMI,High,43.7,43.3,
2024-01-24,2:30am,EUR,German Flash Services PMI,High,49.3,49.3,
2024-01-24,3:00am,EUR,Flash Manufacturing PMI,Low,44.8,44.4,
2024-01-24,3:00am,EUR,Flash Services PMI,Low,49.1,48.8,
2024-01-24,3:30am,GBP,Flash Manufacturing PMI,High,46.7,46.2,
2024-01-24,3:30am,GBP,Flash Services PMI,High,53.1,53.4,
2024-01-24,5:00am,GBP,CBI Industrial Order Expectations,Medium,-23,-23,
2024-01-24,8:45am,USD,Flash Manufacturing PMI,High,47.6,47.9,
2024-01-24,8:45am,USD,Flash Services PMI,High,51.4,51.4,
2024-01-24,9:30am,USD,Crude Oil Inventories,Medium,-1.2M,-2.5M,
2024-01-25,5:00am,GBP,CBI Realized Sales,Medium,-19,-32,
2024-01-25,7:15am,EUR,Main Refinancing Rate,High,4.50%,4.50%,
2024-01-25,7:15am,EUR,Monetary Policy Statement,High,,,
2024-01-25,7:30am,USD,Advance GDP q/q,High,2.0%,4.9%,
2024-01-25,7:30am,USD,Unemployment Claims,High,199K,189K,
2024-01-25,7:30am,USD,Advance GDP Price Index q/q,Low,2.3%,3.3%,
2024-01-25,7:30am,USD,Core Durable Goods Orders m/m,Low,0.2%,0.4%,
2024-01-25,7:30am,USD,Durable Goods Orders m/m,Low,1.2%,5.5%,
2024-01-25,7:30am,USD,Goods Trade Balance,Medium,-88.7B,-89.3B,
2024-01-25,7:30am,USD,Prelim Wholesale Inventories m/m,Medium,-0.2%,-0.4%,
2024-01-25,7:45am,EUR,ECB Press Conference,High,,,
2024-01-25,8:00am,EUR,Belgian NBB Business Climate,Medium,-11.9,-12.7,
2024-01-25,9:00am,USD,New Home Sales,Low,648K,615K,
2024-01-25,9:30am,USD,Natural Gas Storage,Medium,-322B,-154B,
2024-01-25,5:30pm,JPY,Tokyo Core CPI y/y,Low,1.9%,2.1%,
2024-01-25,5:50pm,JPY,Monetary Policy Meeting Minutes,Medium,,,
2024-01-25,5:50pm,JPY,SPPI y/y,Medium,2.4%,2.4%,
2024-01-25,6:01pm,GBP,GfK Consumer Confidence,Medium,-21,-22,
2024-01-26,2:00am,EUR,Spanish Unemployment Rate,Medium,11.9%,11.8%,
2024-01-26,3:00am,EUR,M3 Money Supply y/y,Medium,-0.7%,-0.9%,
2024-01-26,3:00am,EUR,Private Loans y/y,Medium,0.6%,0.5%,
2024-01-26,5:00am,EUR,German Buba Monthly Report,Medium,,,
2024-01-26,7:30am,USD,Core PCE Price Index m/m,High,0.2%,0.1%,
2024-01-26,7:30am,USD,Personal Income m/m,Medium,0.3%,0.4%,
2024-01-26,7:30am,USD,Personal Spending m/m,Medium,0.5%,0.4%,
2024-01-26,9:00am,USD,Pending Home Sales m/m,Low,2.1%,-0.3%,
2024-01-29,5:30pm,JPY,Unemployment Rate,Medium,2.5%,2.5%,
2024-01-29,6:01pm,GBP,BRC Shop Price Index y/y,Medium,,4.3%,
2024-01-30,TueJan 30,EUR,French Flash GDP q/q,Medium,0.0%,-0.1%,
2024-01-30,1:00am,CHF,Trade Balance,Medium,2.55B,3.83B,
2024-01-30,2:00am,CHF,KOF Economic Barometer,Medium,98.3,98.0,
2024-01-30,2:00am,EUR,Spanish Flash CPI y/y,Low,3.0%,3.1%,
2024-01-30,2:00am,EUR,Spanish Flash GDP q/q,Medium,0.2%,0.4%,
2024-01-30,3:00am,EUR,Italian Prelim GDP q/q,Medium,0.0%,0.1%,
2024-01-30,3:00am,EUR,German Prelim GDP q/q,Medium,-0.3%,0.0%,
2024-01-30,3:30am,GBP,M4 Money Supply m/m,Medium,0.2%,-0.1%,
2024-01-30,3:30am,GBP,Mortgage Approvals,Medium,53K,49K,
2024-01-30,3:30am,GBP,Net Lending to Individuals m/m,Medium,1.5B,2.1B,
2024-01-30,4:00am,EUR,Prelim Flash GDP q/q,Medium,-0.1%,-0.1%,
2024-01-30,4:19am,EUR,Italian 10-y Bond Auction,Medium,,4.17|1.4,
2024-01-30,8:00am,USD,S&P/CS Composite-20 HPI y/y,Low,5.8%,4.9%,
2024-01-30,8:00am,USD,HPI m/m,Medium,0.3%,0.3%,
2024-01-30,9:00am,USD,CB Consumer Confidence,High,114.2,108.0,
2024-01-30,9:00am,USD,JOLTS Job Openings,High,8.73M,8.93M,
2024-01-30,9:30am,EUR,German Buba President Nagel Speaks,Medium,,,
2024-01-30,3:30pm,USD,API Weekly Statistical Bulletin,Medium,,,
2024-01-30,5:50pm,JPY,BOJ Summary of Opinions,Medium,,,
2024-01-30,5:50pm,JPY,Prelim Industrial Production m/m,Medium,2.5%,-0.9%,
2024-01-30,5:50pm,JPY,Retail Sales y/y,Medium,5.0%,5.4%,
2024-01-30,11:00pm,JPY,Consumer Confidence,Medium,37.6,37.2,
2024-01-30,11:00pm,JPY,Housing Starts y/y,Medium,-6.6%,-8.5%,
2024-01-31,WedJan 31,EUR,German Retail Sales m/m,Medium,0.6%,-0.8%,
2024-01-31,WedJan 31,GBP,Nationwide HPI m/m,Medium,0.1%,0.0%,
2024-01-31,All Day,EUR,German Prelim CPI m/m,High,0.1%,0.1%,
2024-01-31,1:30am,CHF,Retail Sales y/y,Medium,0.9%,-1.5%,
2024-01-31,1:45am,EUR,French Prelim CPI m/m,Medium,0.0%,0.1%,
2024-01-31,2:55am,EUR,German Unemployment Change,Medium,11K,2K,
2024-01-31,3:00am,CHF,UBS Economic Expectations,Medium,,-23.7,
2024-01-31,3:00am,EUR,Italian Monthly Unemployment Rate,Medium,7.5%,7.4%,
2024-01-31,4:32am,EUR,German 10-y Bond Auction,Medium,,2.19|1.7,
2024-01-31,7:15am,USD,ADP Non-Farm Employment Change,High,148K,158K,
2024-01-31,7:30am,USD,Employment Cost Index q/q,High,1.0%,1.1%,
2024-01-31,8:45am,USD,Chicago PMI,Low,47.9,46.9,
2024-01-31,9:30am,USD,Crude Oil Inventories,Medium,-0.8M,-9.2M,
2024-01-31,1:00pm,USD,Federal Funds Rate,High,5.50%,5.50%,
2024-01-31,1:00pm,USD,FOMC Statement,High,,,
2024-01-31,1:30pm,USD,FOMC Press Conference,High,,,
2024-01-31,6:30pm,JPY,Final Manufacturing PMI,Medium,48.0,48.0,
2024-01-31,9:35pm,JPY,10-y Bond Auction,Medium,,0.60|2.9,
2024-02-01,2:15am,EUR,Spanish Manufacturing PMI,Medium,47.9,46.2,
2024-02-01,2:30am,CHF,Manufacturing PMI,Medium,44.5,43.0,
2024-02-01,2:45am,EUR,Italian Manufacturing PMI,Medium,47.0,45.3,
2024-02-01,2:50am,EUR,French Final Manufacturing PMI,Medium,43.2,43.2,
2024-02-01,2:55am,EUR,German Final Manufacturing PMI,Medium,45.4,45.4,
2024-02-01,3:00am,EUR,Final Manufacturing PMI,Medium,46.6,46.6,
2024-02-01,3:30am,GBP,Final Manufacturing PMI,Medium,47.3,47.3,
2024-02-01,3:45am,EUR,Spanish 10-y Bond Auction,Medium,,3.61|2.2,
2024-02-01,4:00am,EUR,Core CPI Flash Estimate y/y,Low,3.2%,3.4%,
2024-02-01,4:00am,EUR,CPI Flash Estimate y/y,Low,2.7%,2.9%,
2024-02-01,4:00am,EUR,Italian Prelim CPI m/m,Medium,0.5%,0.2%,
2024-02-01,4:00am,EUR,Unemployment Rate,Medium,6.4%,6.4%,
2024-02-01,4:01am,EUR,French 10-y Bond Auction,Medium,,2.59|1.8,
2024-02-01,6:00am,GBP,BOE Monetary Policy Report,High,,,
2024-02-01,6:00am,GBP,Monetary Policy Summary,High,,,
2024-02-01,6:00am,GBP,MPC Official Bank Rate Votes,High,2-0-7,3-0-6,
2024-02-01,6:00am,GBP,Official Bank Rate,High,5.25%,5.25%,
2024-02-01,6:30am,GBP,BOE Gov Bailey Speaks,High,,,
2024-02-01,6:30am,USD,Challenger Job Cuts y/y,Medium,,-20.2%,
2024-02-01,7:30am,USD,Unemployment Claims,High,213K,215K,
2024-02-01,7:30am,USD,Prelim Nonfarm Productivity q/q,Medium,2.4%,5.2%,
2024-02-01,7:30am,USD,Prelim Unit Labor Costs q/q,Medium,1.3%,-1.2%,
2024-02-01,8:45am,USD,Final Manufacturing PMI,Medium,50.3,50.3,
2024-02-01,9:00am,USD,ISM Manufacturing PMI,High,47.2,47.4,
2024-02-01,9:00am,USD,ISM Manufacturing Prices,Low,46.0,45.2,
2024-02-01,9:00am,USD,Construction Spending m/m,Medium,0.5%,0.9%,
2024-02-01,All Day,USD,Wards Total Vehicle Sales,Medium,15.7M,15.8M,
2024-02-01,9:30am,USD,Natural Gas Storage,Medium,-202B,-326B,
2024-02-01,5:50pm,JPY,Monetary Base y/y,Medium,7.5%,7.8%,
2024-02-02,FriFeb 2,EUR,French Industrial Production m/m,Medium,0.2%,0.5%,
2024-02-02,2:00am,EUR,Spanish Unemployment Change,Medium,-38.6K,-27.4K,
2024-02-02,6:15am,GBP,MPC Member Pill Speaks,Medium,,,
2024-02-02,7:30am,USD,Average Hourly Earnings m/m,High,0.3%,0.4%,
2024-02-02,7:30am,USD,Non-Farm Employment Change,High,187K,333K,
2024-02-02,7:30am,USD,Unemployment Rate,High,3.8%,3.7%,
2024-02-02,9:00am,USD,Revised UoM Consumer Sentiment,High,78.9,78.8,
2024-02-02,9:00am,USD,Factory Orders m/m,Medium,0.3%,2.6%,
2024-02-02,9:00am,USD,Revised UoM Inflation Expectations,Medium,,2.9%,
2024-02-04,SunFeb 4,USD,Fed Chairman Powell Speaks,High,,,
2024-02-05,2:15am,EUR,Spanish Services PMI,Medium,52.2,51.5,
2024-02-05,2:45am,EUR,Italian Services PMI,Medium,50.7,49.8,
2024-02-05,2:50am,EUR,French Final Services PMI,Medium,45.0,45.0,
2024-02-05,2:55am,EUR,German Final Services PMI,Medium,47.6,47.6,
2024-02-05,3:00am,EUR,Final Services PMI,Medium,48.4,48.4,
2024-02-05,3:30am,EUR,Sentix Investor Confidence,Medium,-15.0,-15.8,
2024-02-05,3:30am,GBP,Final Services PMI,Medium,53.8,53.8,
2024-02-05,4:00am,EUR,PPI m/m,Medium,-0.8%,-0.3%,
2024-02-05,8:45am,USD,Final Services PMI,Medium,52.9,52.9,
2024-02-05,9:00am,USD,ISM Services PMI,High,52.0,50.6,
2024-02-05,11:30am,GBP,MPC Member Pill Speaks,Medium,,,
2024-02-05,1:00pm,USD,FOMC Member Bostic Speaks,Medium,,,
2024-02-05,1:00pm,USD,Loan Officer Survey,Medium,,,
2024-02-05,5:30pm,JPY,Average Cash Earnings y/y,Medium,1.3%,0.7%,
2024-02-05,5:30pm,JPY,Household Spending y/y,Medium,-2.0%,-2.9%,
2024-02-05,6:01pm,GBP,BRC Retail Sales Monitor y/y,Medium,1.2%,1.9%,
2024-02-06,3:30am,GBP,Construction PMI,Low,47.2,46.8,
2024-02-06,4:00am,EUR,Retail Sales m/m,Medium,-0.9%,0.3%,
2024-02-06,9:06am,USD,RCM/TIPP Economic Optimism,Medium,47.2,44.7,
2024-02-06,11:00am,USD,FOMC Member Mester Speaks,Low,,,
2024-02-06,3:30pm,USD,API Weekly Statistical Bulletin,Medium,,,
2024-02-06,9:35pm,JPY,30-y Bond Auction,Medium,,1.63|3.0,
2024-02-06,11:00pm,JPY,Leading Indicators,Medium,109.4%,108.1%,
2024-02-07,1:00am,EUR,German Industrial Production m/m,Medium,-0.4%,-0.2%,
2024-02-07,1:00am,GBP,Halifax HPI m/m,Medium,0.8%,1.1%,
2024-02-07,1:45am,EUR,French Prelim Private Payrolls q/q,Medium,-0.1%,0.1%,
2024-02-07,1:45am,EUR,French Trade Balance,Medium,-6.0B,-5.9B,
2024-02-07,2:00am,CHF,Foreign Currency Reserves,Low,,654B,
2024-02-07,2:40am,GBP,MPC Member Breeden Speaks,Medium,,,
2024-02-07,3:00am,EUR,Italian Retail Sales m/m,Medium,0.2%,0.3%,
2024-02-07,7:30am,USD,Trade Balance,Medium,-62.0B,-61.9B,
2024-02-07,9:30am,USD,Crude Oil Inventories,Medium,1.7M,1.2M,
2024-02-07,10:00am,USD,FOMC Member Kugler Speaks,Low,,,
2024-02-07,11:30am,USD,FOMC Member Barkin Speaks,Low,,,
2024-02-07,12:01pm,USD,10-y Bond Auction,Low,,4.02|2.6,
2024-02-07,1:00pm,USD,FOMC Member Bowman Speaks,Medium,,,
2024-02-07,2:00pm,USD,Consumer Credit m/m,Medium,14.9B,23.5B,
2024-02-07,5:50pm,JPY,Bank Lending y/y,Medium,3.2%,3.0%,
2024-02-07,5:50pm,JPY,Current Account,Medium,1.93T,1.89T,
2024-02-07,6:01pm,GBP,RICS House Price Balance,Medium,-22%,-29%,
2024-02-07,11:00pm,JPY,Economy Watchers Sentiment,Medium,50.3,50.7,
2024-02-08,7:30am,USD,Unemployment Claims,High,221K,227K,
2024-02-08,7:30am,USD,FOMC Member Barkin Speaks,Low,,,
2024-02-08,9:00am,GBP,MPC Member Mann Speaks,Medium,,,
2024-02-08,9:00am,USD,Final Wholesale Inventories m/m,Medium,0.4%,0.4%,
2024-02-08,9:00am,USD,Mortgage Delinquencies,Medium,,3.62%,
2024-02-08,9:30am,USD,Natural Gas Storage,Medium,-73B,-197B,
2024-02-08,11:05am,USD,FOMC Member Barkin Speaks,Low,,,
2024-02-08,12:01pm,USD,30-y Bond Auction,Low,,4.23|2.4,
2024-02-08,5:50pm,JPY,M2 Money Stock y/y,Medium,2.2%,2.3%,
2024-02-09,FriFeb 9,EUR,German Final CPI m/m,Medium,0.2%,0.2%,
2024-02-09,3:00am,EUR,Italian Industrial Production m/m,Medium,0.8%,-1.3%,
2024-02-09,4:30am,EUR,German Buba President Nagel Speaks,Medium,,,
2024-02-12,8:45am,USD,Cleveland Fed Inflation Expectations,Medium,,4.2%,
2024-02-12,11:00am,USD,FOMC Member Barkin Speaks,Low,,,
2024-02-12,12:00pm,GBP,BOE Gov Bailey Speaks,High,,,
2024-02-12,1:00pm,USD,Federal Budget Balance,Medium,-39.3B,-129.4B,
2024-02-12,5:50pm,JPY,PPI y/y,Medium,0.1%,0.2%,
2024-02-12,11:58pm,JPY,Prelim Machine Tool Orders y/y,Medium,,-9.6%,
2024-02-13,TueFeb 13,GBP,Average Earnings Index 3m/y,Low,5.6%,6.7%,
2024-02-13,TueFeb 13,GBP,Unemployment Rate,Medium,4.0%,4.2%,
2024-02-13,1:30am,CHF,CPI m/m,High,0.6%,0.0%,
2024-02-13,4:00am,EUR,ZEW Economic Sentiment,Medium,20.1,22.7,
2024-02-13,4:00am,EUR,German ZEW Economic Sentiment,Medium,17.4,15.2,
2024-02-13,5:00am,USD,NFIB Small Business Index,Medium,92.3,91.9,
2024-02-13,7:30am,USD,Core CPI m/m,High,0.3%,0.3%,
2024-02-13,7:30am,USD,CPI m/m,High,0.2%,0.3%,
2024-02-13,7:30am,USD,CPI y/y,High,2.9%,3.4%,
2024-02-13,3:30pm,USD,API Weekly Statistical Bulletin,Medium,,,
2024-02-14,WedFeb 14,GBP,Core CPI y/y,Medium,5.2%,5.1%,
2024-02-14,WedFeb 14,GBP,PPI Input m/m,Medium,0.1%,-0.4%,
2024-02-14,WedFeb 14,GBP,PPI Output m/m,Medium,-0.2%,-0.5%,
2024-02-14,WedFeb 14,GBP,RPI y/y,Medium,5.1%,5.2%,
2024-02-14,3:30am,GBP,HPI y/y,Medium,-1.8%,-2.3%,
2024-02-14,4:00am,EUR,Flash Employment Change q/q,Medium,0.3%,0.2%,
2024-02-14,4:00am,EUR,Flash GDP q/q,Medium,0.0%,0.0%,
2024-02-14,4:00am,EUR,Industrial Production m/m,Medium,-0.2%,0.4%,
2024-02-14,4:33am,EUR,German 30-y Bond Auction,Medium,,2.45|2.5,
2024-02-14,5:33am,GBP,10-y Bond Auction,Medium,,3.97|3.1,
2024-02-14,8:30am,GBP,CB Leading Index m/m,Medium,,-0.3%,
2024-02-14,9:00am,GBP,BOE Gov Bailey Speaks,High,,,
2024-02-14,9:30am,USD,Crude Oil Inventories,Medium,3.3M,5.5M,
2024-02-14,11:00am,EUR,German Buba President Nagel Speaks,Medium,,,
2024-02-14,3:00pm,USD,FOMC Member Barr Speaks,Medium,,,
2024-02-14,5:50pm,JPY,Prelim GDP Price Index y/y,Medium,4.0%,5.3%,
2024-02-14,5:50pm,JPY,Prelim GDP q/q,Medium,0.2%,-0.7%,
2024-02-14,10:30pm,JPY,Revised Industrial Production m/m,Medium,1.8%,1.8%,
2024-02-15,ThuFeb 15,GBP,Prelim GDP q/q,Low,-0.1%,-0.1%,
2024-02-15,ThuFeb 15,GBP,Construction Output m/m,Medium,-0.1%,-0.7%,
2024-02-15,ThuFeb 15,GBP,Goods Trade Balance,Medium,-15.0B,-15.1B,
2024-02-15,ThuFeb 15,GBP,Index of Services 3m/3m,Medium,0.1%,-0.2%,
2024-02-15,ThuFeb 15,GBP,Industrial Production m/m,Medium,-0.1%,0.5%,
2024-02-15,ThuFeb 15,GBP,Manufacturing Production m/m,Medium,-0.1%,0.8%,
2024-02-15,ThuFeb 15,GBP,Prelim Business Investment q/q,Medium,-0.1%,-3.2%,
2024-02-15,1:30am,CHF,PPI m/m,Medium,-0.2%,-0.6%,
2024-02-15,2:00am,CHF,SECO Consumer Climate,Medium,-33,-40,
2024-02-15,2:00am,EUR,ECB President Lagarde Speaks,Low,,,
2024-02-15,3:00am,EUR,Italian Trade Balance,Medium,3.65B,3.88B,
2024-02-15,3:46am,EUR,Spanish 10-y Bond Auction,Medium,,3.17|1.8,
2024-02-15,4:00am,EUR,EU Economic Forecasts,Medium,,,
2024-02-15,4:00am,EUR,Trade Balance,Medium,15.7B,15.1B,
2024-02-15,6:22am,GBP,NIESR GDP Estimate,Medium,,-0.3%,
2024-02-15,7:00am,GBP,MPC Member Greene Speaks,Medium,,,
2024-02-15,7:30am,USD,Core Retail Sales m/m,High,0.2%,0.4%,
2024-02-15,7:30am,USD,Empire State Manufacturing Index,High,-13.7,-43.7,
2024-02-15,7:30am,USD,Retail Sales m/m,High,-0.2%,0.4%,
2024-02-15,7:30am,USD,Unemployment Claims,High,219K,220K,
2024-02-15,7:30am,USD,Philly Fed Manufacturing Index,Low,-8.0,-10.6,
2024-02-15,7:30am,USD,Import Prices m/m,Medium,0.0%,-0.7%,
2024-02-15,7:50am,GBP,MPC Member Mann Speaks,Medium,,,
2024-02-15,8:15am,USD,Industrial Production m/m,Low,0.2%,0.0%,
2024-02-15,8:15am,USD,Capacity Utilization Rate,Medium,78.8%,78.7%,
2024-02-15,9:00am,USD,Business Inventories m/m,Medium,0.4%,-0.1%,
2024-02-15,9:00am,USD,NAHB Housing Market Index,Medium,46,44,
2024-02-15,9:30am,USD,Natural Gas Storage,Medium,-67B,-75B,
2024-02-15,12:00pm,EUR,German Buba President Nagel Speaks,Medium,,,
2024-02-15,12:15pm,USD,FOMC Member Waller Speaks,Low,,,
2024-02-15,3:00pm,USD,TIC Long-Term Purchases,Medium,42.6B,99.7B,
2024-02-15,6:00pm,USD,FOMC Member Bostic Speaks,Medium,,,
2024-02-15,10:30pm,JPY,Tertiary Industry Activity m/m,Medium,0.2%,-1.4%,
2024-02-16,FriFeb 16,GBP,Retail Sales m/m,High,1.5%,-3.3%,
2024-02-16,1:45am,EUR,French Final CPI m/m,Medium,-0.2%,-0.2%,
2024-02-16,7:30am,USD,Core PPI m/m,High,0.1%,-0.1%,
2024-02-16,7:30am,USD,PPI m/m,High,0.1%,-0.1%,
2024-02-16,7:30am,USD,Building Permits,Low,1.51M,1.49M,
2024-02-16,7:30am,USD,Housing Starts,Medium,1.45M,1.56M,
2024-02-16,8:10am,USD,FOMC Member Barr Speaks,Medium,,,
2024-02-16,9:00am,USD,Prelim UoM Consumer Sentiment,High,80.0,79.0,
2024-02-16,9:00am,USD,Prelim UoM Inflation Expectations,Low,,2.9%,
2024-02-16,11:45am,USD,FOMC Member Daly Speaks,Medium,,,
2024-02-16,1:40pm,GBP,MPC Member Pill Speaks,Medium,,,
2024-02-18,5:50pm,JPY,Core Machinery Orders m/m,Medium,2.7%,-4.9%,
2024-02-18,6:01pm,GBP,Rightmove HPI m/m,Medium,,1.3%,
2024-02-19,All Day,USD,Bank Holiday,Low,,,
2024-02-20,3:00am,EUR,Current Account,Medium,20.3B,22.5B,
2024-02-20,4:15am,GBP,Monetary Policy Report Hearings,Low,,,
2024-02-20,9:00am,USD,CB Leading Index m/m,Medium,-0.3%,-0.2%,
2024-02-20,5:50pm,JPY,Trade Balance,Medium,-0.23T,-0.44T,
2024-02-21,4:35am,EUR,German 10-y Bond Auction,Medium,,2.23|1.8,
2024-02-21,5:00am,GBP,CBI Industrial Order Expectations,Medium,-27,-30,
2024-02-21,7:00am,USD,FOMC Member Bostic Speaks,Medium,,,
2024-02-21,8:00am,GBP,MPC Member Dhingra Speaks,Medium,,,
2024-02-21,8:10am,USD,FOMC Member Barkin Speaks,Low,,,
2024-02-21,9:00am,EUR,Consumer Confidence,Medium,-16,-16,
2024-02-21,12:00pm,USD,FOMC Member Bowman Speaks,Medium,,,
2024-02-21,1:00pm,USD,FOMC Meeting Minutes,High,,,
2024-02-21,3:30pm,USD,API Weekly Statistical Bulletin,Medium,,,
2024-02-21,6:30pm,JPY,Flash Manufacturing PMI,Medium,48.2,48.0,
2024-02-22,2:15am,EUR,French Flash Manufacturing PMI,High,43.5,43.1,
2024-02-22,2:15am,EUR,French Flash Services PMI,High,45.7,45.4,
2024-02-22,2:30am,EUR,German Flash Manufacturing PMI,High,46.1,45.5,
2024-02-22,2:30am,EUR,German Flash Services PMI,High,48.0,47.7,
2024-02-22,3:00am,EUR,Flash Manufacturing PMI,Low,47.0,46.6,
2024-02-22,3:00am,EUR,Flash Services PMI,Low,48.8,48.4,
2024-02-22,3:30am,GBP,Flash Manufacturing PMI,High,47.5,47.0,
2024-02-22,3:30am,GBP,Flash Services PMI,High,54.2,54.3,
2024-02-22,4:00am,EUR,Final Core CPI y/y,Medium,3.3%,3.3%,
2024-02-22,4:00am,EUR,Final CPI y/y,Medium,2.8%,2.8%,
2024-02-22,Day 1,EUR,ECOFIN Meetings,Medium,,,
2024-02-22,6:30am,EUR,ECB Monetary Policy Meeting Accounts,Medium,,,
2024-02-22,7:30am,USD,Unemployment Claims,High,217K,213K,
2024-02-22,8:45am,USD,Flash Manufacturing PMI,High,50.5,50.7,
2024-02-22,8:45am,USD,Flash Services PMI,High,52.4,52.5,
2024-02-22,9:00am,USD,Existing Home Sales,Low,3.96M,3.88M,
2024-02-22,9:00am,USD,FOMC Member Jefferson Speaks,Medium,,,
2024-02-22,9:30am,USD,Natural Gas Storage,Medium,-59B,-49B,
2024-02-22,10:00am,USD,Crude Oil Inventories,Medium,3.9M,12.0M,
2024-02-22,4:00pm,USD,FOMC Member Cook Speaks,Medium,,,
2024-02-22,All Day,JPY,Bank Holiday,Low,,,
2024-02-22,6:01pm,GBP,GfK Consumer Confidence,Medium,-18,-19,
2024-02-22,6:35pm,USD,FOMC Member Waller Speaks,Low,,,
2024-02-23,2:00am,GBP,MPC Member Greene Speaks,Medium,,,
2024-02-23,2:30am,CHF,Gov Board Member Schlegel Speaks,Medium,,,
2024-02-23,3:00am,EUR,German ifo Business Climate,Low,85.5,85.2,
2024-02-23,4:00am,EUR,German Buba President Nagel Speaks,Medium,,,
2024-02-23,Day 2,EUR,ECOFIN Meetings,Medium,,,
2024-02-23,All Day,EUR,Eurogroup Meetings,Medium,,,
2024-02-23,7:56am,EUR,Belgian NBB Business Climate,Medium,-16.0,-16.4,
2024-02-26,5:00am,GBP,CBI Realized Sales,Medium,-33,-50,
2024-02-26,5:00am,GBP,MPC Member Pill Speaks,Medium,,,
2024-02-26,9:00am,USD,New Home Sales,Low,680K,651K,
2024-02-26,10:00am,EUR,ECB President Lagarde Speaks,Low,,,
2024-02-26,5:30pm,JPY,National Core CPI y/y,Medium,1.9%,2.3%,
2024-02-26,6:01pm,GBP,BRC Shop Price Index y/y,Medium,,2.9%,
2024-02-27,3:00am,EUR,M3 Money Supply y/y,Medium,0.3%,0.2%,
2024-02-27,3:00am,EUR,Private Loans y/y,Medium,0.4%,0.4%,
2024-02-27,7:30am,USD,Durable Goods Orders m/m,High,-4.9%,-0.3%,
2024-02-27,7:30am,USD,Core Durable Goods Orders m/m,Low,0.2%,0.5%,
2024-02-27,7:40am,GBP,MPC Member Ramsden Speaks,Medium,,,
2024-02-27,8:00am,USD,S&P/CS Composite-20 HPI y/y,Low,6.0%,5.4%,
2024-02-27,8:00am,USD,HPI m/m,Medium,0.3%,0.4%,
2024-02-27,8:05am,USD,FOMC Member Barr Speaks,Medium,,,
2024-02-27,8:59am,USD,Richmond Manufacturing Index,Low,-4,-15,
2024-02-27,9:00am,USD,CB Consumer Confidence,High,114.8,110.9,
2024-02-27,3:30pm,USD,API Weekly Statistical Bulletin,Medium,,,
2024-02-28,4:19am,EUR,Italian 10-y Bond Auction,Medium,,3.69|1.7,
2024-02-28,7:30am,USD,Prelim GDP q/q,High,3.3%,3.3%,
2024-02-28,7:30am,USD,Prelim GDP Price Index q/q,Low,1.5%,1.5%,
2024-02-28,7:30am,USD,Goods Trade Balance,Medium,-88.4B,-87.9B,
2024-02-28,7:30am,USD,Prelim Wholesale Inventories m/m,Medium,0.1%,0.4%,
2024-02-28,9:30am,GBP,MPC Member Mann Speaks,Medium,,,
2024-02-28,9:30am,USD,Crude Oil Inventories,Medium,3.1M,3.5M,
2024-02-28,11:00am,USD,FOMC Member Bostic Speaks,Medium,,,
2024-02-28,11:45am,USD,FOMC Member Williams Speaks,Medium,,,
2024-02-28,5:50pm,JPY,Prelim Industrial Production m/m,Medium,-6.7%,1.4%,
2024-02-28,5:50pm,JPY,Retail Sales y/y,Medium,2.0%,2.3%,
2024-02-28,11:00pm,JPY,Housing Starts y/y,Medium,-7.6%,-4.0%,
2024-02-28,11:02pm,JPY,BOJ Core CPI y/y,Medium,2.3%,2.6%,
2024-02-29,1:00am,EUR,German Retail Sales m/m,Medium,0.5%,-0.5%,
2024-02-29,All Day,EUR,German Prelim CPI m/m,High,0.5%,0.2%,
2024-02-29,1:45am,EUR,French Consumer Spending m/m,Medium,-0.1%,0.3%,
2024-02-29,1:45am,EUR,French Prelim CPI m/m,Medium,0.7%,-0.2%,
2024-02-29,1:45am,EUR,French Prelim GDP q/q,Medium,0.0%,0.0%,
2024-02-29,2:00am,CHF,GDP q/q,Low,0.1%,0.3%,
2024-02-29,2:00am,CHF,KOF Economic Barometer,Medium,101.6,102.5,
2024-02-29,2:00am,EUR,Spanish Flash CPI y/y,Low,2.8%,3.4%,
2024-02-29,2:55am,EUR,German Unemployment Change,Medium,6K,1K,
2024-02-29,3:30am,GBP,M4 Money Supply m/m,Medium,0.3%,0.5%,
2024-02-29,3:30am,GBP,Mortgage Approvals,Medium,52K,52K,
2024-02-29,3:30am,GBP,Net Lending to Individuals m/m,Medium,1.9B,0.4B,
2024-02-29,7:30am,USD,Core PCE Price Index m/m,High,0.4%,0.1%,
2024-02-29,7:30am,USD,Unemployment Claims,High,209K,202K,
2024-02-29,7:30am,USD,Personal Income m/m,Medium,0.4%,0.3%,
2024-02-29,7:30am,USD,Personal Spending m/m,Medium,0.2%,0.7%,
2024-02-29,8:45am,USD,Chicago PMI,Low,48.1,46.0,
2024-02-29,9:00am,USD,Pending Home Sales m/m,Low,1.4%,5.7%,
2024-02-29,9:30am,USD,Natural Gas Storage,Medium,-86B,-60B,
2024-02-29,9:50am,USD,FOMC Member Bostic Speaks,Medium,,,
2024-02-29,12:15pm,USD,FOMC Member Mester Speaks,Low,,,
2024-02-29,5:30pm,JPY,Unemployment Rate,Medium,2.4%,2.4%,
2024-02-29,6:30pm,JPY,Final Manufacturing PMI,Medium,47.2,47.2,
2024-02-29,7:10pm,USD,FOMC Member Williams Speaks,Medium,,,
2024-02-29,11:00pm,JPY,Consumer Confidence,Medium,38.4,38.0,
2024-03-01,1:30am,CHF,Retail Sales y/y,Medium,0.4%,-0.1%,
2024-03-01,2:15am,EUR,Spanish Manufacturing PMI,Medium,49.7,49.2,
2024-03-01,2:30am,CHF,Manufacturing PMI,Medium,44.3,43.1,
2024-03-01,2:45am,EUR,Italian Manufacturing PMI,Medium,49.0,48.5,
2024-03-01,2:50am,EUR,French Final Manufacturing PMI,Medium,46.8,46.8,
2024-03-01,2:55am,EUR,German Final Manufacturing PMI,Medium,42.3,42.3,
2024-03-01,3:00am,EUR,Final Manufacturing PMI,Medium,46.1,46.1,
2024-03-01,3:00am,EUR,Italian Monthly Unemployment Rate,Medium,7.2%,7.2%,
2024-03-01,3:30am,GBP,Final Manufacturing PMI,Medium,47.1,47.1,
2024-03-01,4:00am,EUR,Core CPI Flash Estimate y/y,Low,2.9%,3.3%,
2024-03-01,4:00am,EUR,CPI Flash Estimate y/y,Low,2.5%,2.8%,
2024-03-01,4:00am,EUR,Italian Prelim CPI m/m,Medium,0.3%,0.3%,
2024-03-01,4:00am,EUR,Unemployment Rate,Medium,6.4%,6.5%,
2024-03-01,8:00am,GBP,MPC Member Pill Speaks,Medium,,,
2024-03-01,8:45am,USD,Final Manufacturing PMI,Medium,51.5,51.5,
2024-03-01,9:00am,USD,ISM Manufacturing PMI,High,49.5,49.1,
2024-03-01,9:00am,USD,Revised UoM Consumer Sentiment,High,79.6,79.6,
2024-03-01,9:00am,USD,ISM Manufacturing Prices,Low,53.5,52.9,
2024-03-01,9:00am,USD,Construction Spending m/m,Medium,0.2%,1.1%,
2024-03-01,9:00am,USD,Revised UoM Inflation Expectations,Medium,,3.0%,
2024-03-01,9:15am,USD,FOMC Member Waller Speaks,Low,,,
2024-03-01,All Day,USD,Wards Total Vehicle Sales,Medium,15.4M,15.0M,
2024-03-01,10:00am,USD,Fed Monetary Policy Report,Medium,,,
2024-03-01,11:15am,USD,FOMC Member Bostic Speaks,Medium,,,
2024-03-01,12:30pm,USD,FOMC Member Daly Speaks,Medium,,,
2024-03-01,2:30pm,USD,FOMC Member Kugler Speaks,Medium,,,
2024-03-03,5:50pm,JPY,Capital Spending q/y,Medium,2.9%,3.4%,
2024-03-03,5:50pm,JPY,Monetary Base y/y,Medium,4.7%,4.8%,
2024-03-04,1:45am,EUR,French Gov Budget Balance,Medium,,-173.3B,
2024-03-04,2:00am,EUR,Spanish Unemployment Change,Medium,50.0K,60.4K,
2024-03-04,3:30am,EUR,Sentix Investor Confidence,Medium,-10.8,-12.9,
2024-03-04,5:30pm,JPY,Tokyo Core CPI y/y,Low,2.5%,1.8%,
2024-03-04,6:01pm,GBP,BRC Retail Sales Monitor y/y,Medium,1.6%,1.4%,
2024-03-04,9:35pm,JPY,10-y Bond Auction,Medium,,0.74|3.6,
2024-03-04,10:00pm,JPY,BOJ Gov Ueda Speaks,High,,,
2024-03-05,2:15am,EUR,Spanish Services PMI,Medium,53.4,52.1,
2024-03-05,2:45am,EUR,Italian Services PMI,Medium,52.2,51.2,
2024-03-05,2:50am,EUR,French Final Services PMI,Medium,48.0,48.0,
2024-03-05,2:55am,EUR,German Final Services PMI,Medium,48.2,48.2,
2024-03-05,3:00am,EUR,Final Services PMI,Medium,50.0,50.0,
2024-03-05,3:30am,GBP,Final Services PMI,Medium,54.3,54.3,
2024-03-05,4:00am,EUR,PPI m/m,Medium,-0.1%,-0.9%,
2024-03-05,8:45am,USD,Final Services PMI,Medium,51.4,51.3,
2024-03-05,9:00am,USD,ISM Services PMI,High,53.0,53.4,
2024-03-05,9:00am,USD,Factory Orders m/m,Medium,-3.1%,-0.3%,
2024-03-05,9:36am,USD,RCM/TIPP Economic Optimism,Medium,45.2,44.0,
2024-03-05,11:00am,USD,FOMC Member Barr Speaks,Medium,,,
2024-03-05,2:30pm,USD,FOMC Member Barr Speaks,Medium,,,
2024-03-05,3:30pm,USD,API Weekly Statistical Bulletin,Medium,,,
2024-03-06,3:30am,GBP,Construction PMI,Low,49.0,48.8,
2024-03-06,4:00am,EUR,Retail Sales m/m,Medium,0.1%,-0.6%,
2024-03-06,6:34am,GBP,Annual Budget Release,High,,,
2024-03-06,7:15am,USD,ADP Non-Farm Employment Change,High,149K,111K,
2024-03-06,9:00am,USD,Fed Chairman Powell Testifies,High,,,
2024-03-06,9:00am,USD,JOLTS Job Openings,High,8.80M,8.89M,
2024-03-06,9:00am,USD,Final Wholesale Inventories m/m,Medium,-0.1%,-0.1%,
2024-03-06,9:30am,USD,Crude Oil Inventories,Medium,2.4M,4.2M,
2024-03-06,11:00am,USD,FOMC Member Daly Speaks,Medium,,,
2024-03-06,1:00pm,USD,Beige Book,Medium,,,
2024-03-06,5:30pm,JPY,Average Cash Earnings y/y,Medium,1.3%,0.8%,
2024-03-06,9:35pm,JPY,30-y Bond Auction,Medium,,1.79|3.2,
2024-03-07,1:00am,EUR,German Factory Orders m/m,Medium,-6.0%,12.0%,
2024-03-07,1:00am,GBP,Halifax HPI m/m,Medium,0.8%,1.2%,
2024-03-07,2:00am,CHF,Foreign Currency Reserves,Low,,662B,
2024-03-07,3:55am,EUR,Spanish 10-y Bond Auction,Medium,,3.14|1.9,
2024-03-07,4:09am,EUR,French 10-y Bond Auction,Medium,,2.70|1.9,
2024-03-07,6:30am,USD,Challenger Job Cuts y/y,Medium,,-20.0%,
2024-03-07,7:15am,EUR,Main Refinancing Rate,High,4.50%,4.50%,
2024-03-07,7:15am,EUR,Monetary Policy Statement,High,,,
2024-03-07,7:30am,USD,Unemployment Claims,High,217K,217K,
2024-03-07,7:30am,USD,Revised Nonfarm Productivity q/q,Medium,3.1%,3.2%,
2024-03-07,7:30am,USD,Revised Unit Labor Costs q/q,Medium,0.7%,0.5%,
2024-03-07,7:30am,USD,Trade Balance,Medium,-63.4B,-64.2B,
2024-03-07,7:45am,EUR,ECB Press Conference,High,,,
2024-03-07,9:00am,USD,Fed Chairman Powell Testifies,High,,,
2024-03-07,9:30am,USD,Natural Gas Storage,Medium,-42B,-96B,
2024-03-07,10:30am,USD,FOMC Member Mester Speaks,Low,,,
2024-03-07,2:00pm,USD,Consumer Credit m/m,Medium,10.1B,0.9B,
2024-03-07,5:30pm,JPY,Household Spending y/y,Medium,-4.1%,-2.5%,
2024-03-07,5:50pm,JPY,Bank Lending y/y,Medium,3.2%,3.1%,
2024-03-07,5:50pm,JPY,Current Account,Medium,2.07T,1.81T,
2024-03-07,8:00pm,USD,President Biden Speaks,Medium,,,
2024-03-07,11:00pm,JPY,Leading Indicators,Medium,109.7%,110.2%,
2024-03-08,1:00am,EUR,German Industrial Production m/m,Medium,0.5%,-2.0%,
2024-03-08,1:00am,EUR,German PPI m/m,Medium,0.1%,-0.8%,
2024-03-08,1:45am,EUR,French Trade Balance,Medium,-6.5B,-6.4B,
2024-03-08,4:00am,EUR,Final Employment Change q/q,Medium,0.3%,0.3%,
2024-03-08,4:00am,EUR,Revised GDP q/q,Medium,0.0%,0.0%,
2024-03-08,6:00am,USD,FOMC Member Williams Speaks,Medium,,,
2024-03-08,7:30am,USD,Average Hourly Earnings m/m,High,0.2%,0.5%,
2024-03-08,7:30am,USD,Non-Farm Employment Change,High,198K,229K,
2024-03-08,7:30am,USD,Unemployment Rate,High,3.7%,3.7%,
2024-03-10,SunMar 10,USD,Daylight Saving Time Shift,Low,,,
2024-03-10,6:50pm,JPY,Final GDP q/q,Low,0.3%,-0.1%,
2024-03-10,6:50pm,JPY,Final GDP Price Index y/y,Medium,3.8%,3.8%,
2024-03-10,6:50pm,JPY,M2 Money Stock y/y,Medium,2.4%,2.5%,
2024-03-11,3:00am,CHF,SECO Consumer Climate,Medium,-35,-41,
2024-03-11,All Day,EUR,Eurogroup Meetings,Medium,,,
2024-03-11,12:00pm,GBP,MPC Member Mann Speaks,Medium,,,
2024-03-11,6:50pm,JPY,BSI Manufacturing Index,Medium,6.2,5.7,
2024-03-11,6:50pm,JPY,PPI y/y,Medium,0.6%,0.2%,
2024-03-12,TueMar 12,GBP,Claimant Count Change,High,20.3K,3.1K,
2024-03-12,TueMar 12,GBP,Average Earnings Index 3m/y,Low,5.7%,5.8%,
2024-03-12,TueMar 12,GBP,Unemployment Rate,Medium,3.8%,3.8%,
2024-03-12,All Day,EUR,ECOFIN Meetings,Medium,,,
2024-03-12,5:00am,USD,NFIB Small Business Index,Medium,90.5,89.9,
2024-03-12,5:03am,GBP,10-y Bond Auction,Medium,,4.13|3.1,
2024-03-12,6:00am,GBP,MPC Member Mann Speaks,Medium,,,
2024-03-12,7:30am,USD,Core CPI m/m,High,0.3%,0.4%,
2024-03-12,7:30am,USD,CPI m/m,High,0.4%,0.3%,
2024-03-12,7:30am,USD,CPI y/y,High,3.1%,3.1%,
2024-03-12,8:30am,GBP,CB Leading Index m/m,Medium,,-0.3%,
2024-03-12,11:15am,GBP,BOE Gov Bailey Speaks,Low,,,
2024-03-12,12:01pm,USD,10-y Bond Auction,High,,4.09|2.6,
2024-03-12,1:00pm,USD,Federal Budget Balance,Medium,-298.5B,-21.9B,
2024-03-12,3:30pm,USD,API Weekly Statistical Bulletin,Medium,,,
2024-03-13,WedMar 13,GBP,GDP m/m,High,0.2%,-0.1%,
2024-03-13,WedMar 13,GBP,Construction Output m/m,Medium,0.0%,-0.5%,
2024-03-13,WedMar 13,GBP,Goods Trade Balance,Medium,-14.9B,-14.0B,
2024-03-13,WedMar 13,GBP,Index of Services 3m/3m,Medium,0.0%,-0.2%,
2024-03-13,WedMar 13,GBP,Industrial Production m/m,Medium,0.0%,0.6%,
2024-03-13,WedMar 13,GBP,Manufacturing Production m/m,Medium,0.0%,0.8%,
2024-03-13,4:00am,EUR,Italian Quarterly Unemployment Rate,Medium,7.3%,7.6%,
2024-03-13,5:00am,EUR,Industrial Production m/m,Medium,-1.8%,1.6%,
2024-03-13,5:33am,EUR,German 10-y Bond Auction,Medium,,2.38|2.1,
2024-03-13,6:50am,GBP,NIESR GDP Estimate,Medium,,-0.1%,
2024-03-13,9:30am,USD,Crude Oil Inventories,Medium,0.9M,1.4M,
2024-03-13,12:01pm,USD,30-y Bond Auction,High,,4.36|2.4,
2024-03-13,7:01pm,GBP,RICS House Price Balance,Medium,-10%,-19%,
2024-03-14,7:30am,USD,Core PPI m/m,High,0.2%,0.5%,
2024-03-14,7:30am,USD,Core Retail Sales m/m,High,0.5%,-0.8%,
2024-03-14,7:30am,USD,PPI m/m,High,0.3%,0.3%,
2024-03-14,7:30am,USD,Retail Sales m/m,High,0.8%,-1.1%,
2024-03-14,7:30am,USD,Unemployment Claims,High,218K,210K,
2024-03-14,9:00am,USD,Business Inventories m/m,Medium,0.2%,0.3%,
2024-03-14,9:30am,USD,Natural Gas Storage,Medium,-3B,-40B,
2024-03-14,11:30pm,JPY,Tertiary Industry Activity m/m,Medium,0.1%,0.5%,
2024-03-15,4:30am,GBP,Consumer Inflation Expectations,Medium,,3.3%,
2024-03-15,5:00am,EUR,Italian Retail Sales m/m,Medium,0.2%,-0.2%,
2024-03-15,6:00am,EUR,Italian Trade Balance,Medium,6.22B,5.53B,
2024-03-15,7:30am,USD,Empire State Manufacturing Index,High,-7.0,-2.4,
2024-03-15,7:30am,USD,Import Prices m/m,Medium,0.3%,0.8%,
2024-03-15,8:15am,USD,Industrial Production m/m,Low,0.0%,-0.5%,
2024-03-15,8:15am,USD,Capacity Utilization Rate,Medium,78.5%,78.3%,
2024-03-15,9:00am,USD,Prelim UoM Consumer Sentiment,High,77.1,76.9,
2024-03-15,9:00am,USD,Prelim UoM Inflation Expectations,Low,,3.0%,
2024-03-17,6:50pm,JPY,Core Machinery Orders m/m,Medium,-0.7%,2.7%,
2024-03-17,7:01pm,GBP,Rightmove HPI m/m,Medium,,0.9%,
2024-03-18,MonMar 18,EUR,Final CPI y/y,Medium,2.6%,2.6%,
2024-03-18,MonMar 18,EUR,Trade Balance,Medium,14.2B,14.3B,
2024-03-18,9:00am,USD,NAHB Housing Market Index,Medium,48,48,
2024-03-18,10:36pm,JPY,BOJ Policy Rate,High,-0.10%,-0.10%,
2024-03-18,10:36pm,JPY,Monetary Policy Statement,High,,,
2024-03-18,11:30pm,JPY,Revised Industrial Production m/m,Medium,-7.5%,-7.5%,
2024-03-19,2:00am,CHF,Trade Balance,Medium,3.50B,4.70B,
2024-03-19,3:00am,CHF,SECO Economic Forecasts,Medium,,,
2024-03-19,5:00am,EUR,German ZEW Economic Sentiment,Medium,20.6,19.9,
2024-03-19,5:00am,EUR,ZEW Economic Sentiment,Medium,25.4,25.0,
2024-03-19,7:30am,USD,Building Permits,Low,1.50M,1.49M,
2024-03-19,7:30am,USD,Housing Starts,Medium,1.43M,1.37M,
2024-03-19,3:00pm,USD,TIC Long-Term Purchases,Medium,95.5B,158.6B,
2024-03-19,3:30pm,USD,API Weekly Statistical Bulletin,Medium,,,
2024-03-19,All Day,JPY,Bank Holiday,Low,,,
2024-03-20,WedMar 20,GBP,CPI y/y,High,3.5%,4.0%,
2024-03-20,WedMar 20,GBP,Core CPI y/y,Medium,4.6%,5.1%,
2024-03-20,WedMar 20,GBP,PPI Input m/m,Medium,0.2%,-0.1%,
2024-03-20,WedMar 20,GBP,PPI Output m/m,Medium,0.1%,0.0%,
2024-03-20,WedMar 20,GBP,RPI y/y,Medium,4.5%,4.9%,
2024-03-20,3:45am,EUR,ECB President Lagarde Speaks,Low,,,
2024-03-20,4:00am,EUR,Italian Industrial Production m/m,Medium,-0.6%,1.2%,
2024-03-20,4:30am,GBP,HPI y/y,Medium,-0.7%,-2.2%,
2024-03-20,5:38am,EUR,German 30-y Bond Auction,Medium,,2.53|2.8,
2024-03-20,9:30am,USD,Crude Oil Inventories,Medium,-0.9M,-1.5M,
2024-03-20,10:00am,EUR,Consumer Confidence,Medium,-15,-16,
2024-03-20,11:30am,EUR,German Buba President Nagel Speaks,Medium,,,
2024-03-20,1:00pm,USD,Federal Funds Rate,High,5.50%,5.50%,
2024-03-20,1:00pm,USD,FOMC Economic Projections,High,,,
2024-03-20,1:00pm,USD,FOMC Statement,High,,,
2024-03-20,1:30pm,USD,FOMC Press Conference,High,,,
2024-03-20,6:50pm,JPY,Trade Balance,Medium,-0.83T,0.01T,
2024-03-20,7:30pm,JPY,Flash Manufacturing PMI,Medium,47.5,47.2,
2024-03-21,3:15am,EUR,French Flash Manufacturing PMI,High,47.5,47.1,
2024-03-21,3:15am,EUR,French Flash Services PMI,High,48.8,48.4,
2024-03-21,3:30am,CHF,SNB Monetary Policy Assessment,High,,,
2024-03-21,3:30am,CHF,SNB Policy Rate,High,1.75%,1.75%,
2024-03-21,3:30am,EUR,German Flash Manufacturing PMI,High,43.1,42.5,
2024-03-21,3:30am,EUR,German Flash Services PMI,High,48.8,48.3,
2024-03-21,4:00am,CHF,SNB Press Conference,High,,,
2024-03-21,4:00am,EUR,Flash Manufacturing PMI,Low,47.0,46.5,
2024-03-21,4:00am,EUR,Flash Services PMI,Low,50.5,50.2,
2024-03-21,4:00am,EUR,Current Account,Medium,32.3B,31.9B,
2024-03-21,4:00am,EUR,ECB Economic Bulletin,Medium,,,
2024-03-21,4:30am,GBP,Flash Manufacturing PMI,High,47.9,47.5,
2024-03-21,4:30am,GBP,Flash Services PMI,High,53.8,53.8,
2024-03-21,6:00am,EUR,German Buba Monthly Report,Medium,,,
2024-03-21,7:00am,GBP,Monetary Policy Summary,High,,,
2024-03-21,7:00am,GBP,MPC Official Bank Rate Votes,High,0-1-8,2-1-6,
2024-03-21,7:00am,GBP,Official Bank Rate,High,5.25%,5.25%,
2024-03-21,7:00am,GBP,BOE Inflation Letter,Medium,,,
2024-03-21,7:30am,USD,Unemployment Claims,High,212K,212K,
2024-03-21,7:30am,USD,Philly Fed Manufacturing Index,Low,-2.6,5.2,
2024-03-21,7:30am,USD,Current Account,Medium,-209B,-196B,
2024-03-21,8:45am,USD,Flash Manufacturing PMI,High,51.8,52.2,
2024-03-21,8:45am,USD,Flash Services PMI,High,52.0,52.3,
2024-03-21,9:00am,USD,Existing Home Sales,Low,3.95M,4.00M,
2024-03-21,9:00am,USD,CB Leading Index m/m,Medium,-0.1%,-0.4%,
2024-03-21,9:30am,USD,Natural Gas Storage,Medium,5B,-9B,
2024-03-21,11:00am,USD,FOMC Member Barr Speaks,Medium,,,
2024-03-21,6:30pm,JPY,National Core CPI y/y,Low,2.8%,2.0%,
2024-03-21,7:01pm,GBP,GfK Consumer Confidence,Medium,-19,-21,
2024-03-22,FriMar 22,GBP,Retail Sales m/m,High,-0.4%,3.6%,
2024-03-22,4:00am,EUR,German ifo Business Climate,Low,85.9,85.7,
2024-03-22,4:00am,EUR,German Buba President Nagel Speaks,Medium,,,
2024-03-22,All Day,EUR,Euro Summit,High,,,
2024-03-22,6:00am,GBP,CBI Industrial Order Expectations,Medium,-20,-20,
2024-03-22,8:00am,EUR,German Buba President Nagel Speaks,Medium,,,
2024-03-22,8:00am,USD,Fed Chairman Powell Speaks,High,,,
2024-03-22,8:55am,EUR,Belgian NBB Business Climate,Medium,-12.4,-12.8,
2024-03-22,11:15am,USD,FOMC Member Barr Speaks,Medium,,,
2024-03-22,3:00pm,USD,FOMC Member Bostic Speaks,Medium,,,
2024-03-25,7:25am,USD,FOMC Member Bostic Speaks,Medium,,,
2024-03-25,9:00am,USD,New Home Sales,Low,675K,664K,
2024-03-25,9:15am,GBP,MPC Member Mann Speaks,Medium,,,
2024-03-25,9:30am,USD,FOMC Member Cook Speaks,Medium,,,
2024-03-25,6:50pm,JPY,SPPI y/y,Medium,2.1%,2.1%,
2024-03-26,2:00am,EUR,German GfK Consumer Climate,Medium,-27.9,-28.8,
2024-03-26,5:32am,EUR,German 10-y Bond Auction,Medium,,2.31|2.3,
2024-03-26,7:30am,USD,Core Durable Goods Orders m/m,Low,0.4%,-0.4%,
2024-03-26,7:30am,USD,Durable Goods Orders m/m,Low,1.2%,-6.2%,
2024-03-26,8:00am,USD,S&P/CS Composite-20 HPI y/y,Low,6.6%,6.2%,
2024-03-26,8:00am,USD,HPI m/m,Medium,0.2%,0.1%,
2024-03-26,8:59am,USD,Richmond Manufacturing Index,Low,-5,-5,
2024-03-26,9:00am,USD,CB Consumer Confidence,High,106.9,104.8,
2024-03-26,3:30pm,USD,API Weekly Statistical Bulletin,Medium,,,
2024-03-27,4:00am,CHF,UBS Economic Expectations,Medium,,10.2,
2024-03-27,5:17am,EUR,Italian 10-y Bond Auction,Medium,,3.91|1.4,
2024-03-27,5:30am,GBP,FPC Meeting Minutes,Medium,,,
2024-03-27,5:30am,GBP,FPC Statement,Medium,,,
2024-03-27,9:00am,CHF,SNB Quarterly Bulletin,Medium,,,
2024-03-27,9:30am,USD,Crude Oil Inventories,Medium,-0.7M,-2.0M,
2024-03-27,12:40pm,CHF,Gov Board Member Schlegel Speaks,Medium,,,
2024-03-27,5:00pm,USD,FOMC Member Waller Speaks,High,,,
2024-03-27,6:50pm,JPY,BOJ Summary of Opinions,Medium,,,
2024-03-28,ThuMar 28,GBP,Current Account,Medium,-21.3B,-18.5B,
2024-03-28,ThuMar 28,GBP,Final GDP q/q,Medium,-0.3%,-0.3%,
2024-03-28,ThuMar 28,GBP,Revised Business Investment q/q,Medium,1.5%,1.5%,
2024-03-28,3:00am,CHF,KOF Economic Barometer,Medium,102.1,102.0,
2024-03-28,3:55am,EUR,German Unemployment Change,Medium,10K,12K,
2024-03-28,4:00am,EUR,M3 Money Supply y/y,Medium,0.3%,0.1%,
2024-03-28,4:00am,EUR,Private Loans y/y,Medium,0.4%,0.3%,
2024-03-28,7:30am,USD,Final GDP q/q,High,3.2%,3.2%,
2024-03-28,7:30am,USD,Unemployment Claims,High,212K,212K,
2024-03-28,7:30am,USD,Final GDP Price Index q/q,Low,1.6%,1.6%,
2024-03-28,8:45am,USD,Chicago PMI,Low,45.9,44.0,
2024-03-28,9:00am,USD,Pending Home Sales m/m,High,1.4%,-4.7%,
2024-03-28,9:00am,USD,Revised UoM Consumer Sentiment,High,76.5,76.5,
2024-03-28,9:00am,USD,Revised UoM Inflation Expectations,Medium,,3.0%,
2024-03-28,9:30am,USD,Natural Gas Storage,Medium,-26B,7B,
2024-03-28,6:30pm,JPY,Tokyo Core CPI y/y,Low,2.4%,2.5%,
2024-03-28,6:30pm,JPY,Unemployment Rate,Medium,2.4%,2.4%,
2024-03-28,6:50pm,JPY,Prelim Industrial Production m/m,Medium,1.2%,-6.7%,
2024-03-28,6:50pm,JPY,Retail Sales y/y,Medium,2.8%,2.1%,
2024-03-29,All Day,CHF,Bank Holiday,Low,,,
2024-03-29,All Day,EUR,German Bank Holiday,Low,,,
2024-03-29,All Day,GBP,Bank Holiday,Low,,,
2024-03-29,2:45am,EUR,French Consumer Spending m/m,Medium,0.3%,-0.6%,
2024-03-29,2:45am,EUR,French Prelim CPI m/m,Medium,0.5%,0.9%,
2024-03-29,5:00am,EUR,Italian Prelim CPI m/m,Medium,0.1%,0.1%,
2024-03-29,7:30am,USD,Core PCE Price Index m/m,High,0.3%,0.5%,
2024-03-29,7:30am,USD,Goods Trade Balance,Medium,-90.1B,-90.5B,
2024-03-29,7:30am,USD,Personal Income m/m,Medium,0.4%,1.0%,
2024-03-29,7:30am,USD,Personal Spending m/m,Medium,0.5%,0.2%,
2024-03-29,7:30am,USD,Prelim Wholesale Inventories m/m,Medium,0.2%,-0.3%,
2024-03-29,10:20am,USD,FOMC Member Daly Speaks,Medium,,,
2024-03-29,10:30am,USD,Fed Chairman Powell Speaks,High,,,
2024-03-30,SatMar 30,EUR,Daylight Saving Time Shift,Low,,,
2024-03-30,SatMar 30,GBP,Daylight Saving Time Shift,Low,,,
2024-03-31,6:50pm,JPY,Tankan Manufacturing Index,Medium,10,12,
2024-03-31,6:50pm,JPY,Tankan Non-Manufacturing Index,Medium,31,30,
2024-03-31,7:30pm,JPY,Final Manufacturing PMI,Medium,48.2,48.2,
2024-04-01,All Day,EUR,French Bank Holiday,Low,,,
2024-04-01,All Day,EUR,German Bank Holiday,Low,,,
2024-04-01,All Day,EUR,Italian Bank Holiday,Low,,,
2024-04-01,All Day,GBP,Bank Holiday,Low,,,
2024-04-01,8:45am,USD,Final Manufacturing PMI,Medium,52.5,52.5,
2024-04-01,9:00am,USD,ISM Manufacturing PMI,High,48.5,47.8,
2024-04-01,9:00am,USD,ISM Manufacturing Prices,Low,53.3,52.5,
2024-04-01,9:00am,USD,Construction Spending m/m,Medium,0.7%,-0.2%,
2024-04-01,5:50pm,USD,FOMC Member Cook Speaks,Medium,,,
2024-04-01,6:01pm,GBP,BRC Shop Price Index y/y,Medium,,2.5%,
2024-04-01,6:50pm,JPY,Monetary Base y/y,Medium,2.5%,2.4%,
2024-04-01,10:35pm,JPY,10-y Bond Auction,Medium,,0.72|3.2,
2024-04-02,All Day,EUR,German Prelim CPI m/m,High,0.5%,0.4%,
2024-04-02,1:30am,CHF,Retail Sales y/y,Medium,0.4%,0.3%,
2024-04-02,2:00am,EUR,Spanish Unemployment Change,Medium,10.0K,-7.5K,
2024-04-02,2:15am,EUR,Spanish Manufacturing PMI,Medium,51.1,51.5,
2024-04-02,2:30am,CHF,Manufacturing PMI,Medium,45.0,44.0,
2024-04-02,2:45am,EUR,Italian Manufacturing PMI,Medium,48.9,48.7,
2024-04-02,2:50am,EUR,French Final Manufacturing PMI,Medium,45.8,45.8,
2024-04-02,2:55am,EUR,German Final Manufacturing PMI,Medium,41.6,41.6,
2024-04-02,3:00am,EUR,Final Manufacturing PMI,Medium,45.7,45.7,
2024-04-02,3:30am,GBP,Final Manufacturing PMI,Medium,49.9,49.9,
2024-04-02,3:30am,GBP,M4 Money Supply m/m,Medium,0.2%,-0.1%,
2024-04-02,3:30am,GBP,Mortgage Approvals,Medium,57K,56K,
2024-04-02,3:30am,GBP,Net Lending to Individuals m/m,Medium,1.2B,0.7B,
2024-04-02,9:00am,USD,JOLTS Job Openings,High,8.76M,8.75M,
2024-04-02,9:00am,USD,Factory Orders m/m,Medium,1.1%,-3.8%,
2024-04-02,9:10am,USD,FOMC Member Bowman Speaks,Medium,,,
2024-04-02,All Day,USD,Wards Total Vehicle Sales,Medium,15.9M,15.8M,
2024-04-02,11:00am,USD,FOMC Member Williams Speaks,Medium,,,
2024-04-02,11:05am,USD,FOMC Member Mester Speaks,Low,,,
2024-04-02,12:30pm,USD,FOMC Member Daly Speaks,Medium,,,
2024-04-02,3:30pm,USD,API Weekly Statistical Bulletin,Medium,,,
2024-04-03,3:00am,EUR,Italian Monthly Unemployment Rate,Medium,7.2%,7.3%,
2024-04-03,4:00am,EUR,Core CPI Flash Estimate y/y,Low,3.0%,3.1%,
2024-04-03,4:00am,EUR,CPI Flash Estimate y/y,Low,2.5%,2.6%,
2024-04-03,4:00am,EUR,Unemployment Rate,Medium,6.4%,6.5%,
2024-04-03,4:33am,EUR,German 10-y Bond Auction,Medium,,2.30|2.3,
2024-04-03,7:15am,USD,ADP Non-Farm Employment Change,High,148K,155K,
2024-04-03,7:30am,USD,FOMC Member Bostic Speaks,Medium,,,
2024-04-03,8:45am,USD,Final Services PMI,Low,51.7,51.7,
2024-04-03,8:45am,USD,FOMC Member Bowman Speaks,Medium,,,
2024-04-03,9:00am,USD,ISM Services PMI,High,52.8,52.6,
2024-04-03,9:30am,USD,Crude Oil Inventories,Medium,-0.3M,3.2M,
2024-04-03,11:10am,USD,Fed Chairman Powell Speaks,High,,,
2024-04-03,12:10pm,USD,FOMC Member Barr Speaks,Medium,,,
2024-04-03,3:30pm,USD,FOMC Member Kugler Speaks,Medium,,,
2024-04-03,10:35pm,JPY,30-y Bond Auction,Medium,,1.77|2.9,
2024-04-04,2:15am,EUR,Spanish Services PMI,Medium,55.5,54.7,
2024-04-04,2:45am,EUR,Italian Services PMI,Medium,53.0,52.2,
2024-04-04,2:50am,EUR,French Final Services PMI,Medium,47.8,47.8,
2024-04-04,2:55am,EUR,German Final Services PMI,Medium,49.8,49.8,
2024-04-04,3:00am,EUR,Final Services PMI,Medium,51.1,51.1,
2024-04-04,3:30am,GBP,Final Services PMI,Medium,53.4,53.4,
2024-04-04,3:42am,EUR,Spanish 10-y Bond Auction,Medium,,3.16|2.2,
2024-04-04,4:00am,EUR,PPI m/m,Medium,-0.6%,-0.9%,
2024-04-04,4:02am,EUR,French 10-y Bond Auction,Medium,,2.81|2.4,
2024-04-04,4:03am,GBP,10-y Bond Auction,Medium,,3.93|3.6,
2024-04-04,6:30am,EUR,ECB Monetary Policy Meeting Accounts,Medium,,,
2024-04-04,6:30am,USD,Challenger Job Cuts y/y,Medium,,8.8%,
2024-04-04,7:30am,USD,Unemployment Claims,High,213K,212K,
2024-04-04,7:30am,USD,Trade Balance,Medium,-66.9B,-67.6B,
2024-04-04,9:30am,USD,Natural Gas Storage,Medium,-42B,-36B,
2024-04-04,11:15am,USD,FOMC Member Barkin Speaks,Low,,,
2024-04-04,1:00pm,USD,FOMC Member Mester Speaks,Low,,,
2024-04-04,6:30pm,JPY,Household Spending y/y,Medium,-2.8%,-6.3%,
2024-04-04,6:30pm,USD,FOMC Member Kugler Speaks,Medium,,,
2024-04-05,1:00am,EUR,German Factory Orders m/m,Medium,0.6%,-11.4%,
2024-04-05,1:00am,EUR,German Import Prices m/m,Medium,-0.1%,0.0%,
2024-04-05,1:00am,GBP,Halifax HPI m/m,Medium,0.3%,0.3%,
2024-04-05,1:45am,EUR,French Industrial Production m/m,Medium,0.5%,-0.9%,
2024-04-05,2:00am,CHF,Foreign Currency Reserves,Low,,678B,
2024-04-05,2:00am,CHF,SECO Consumer Climate,Medium,-41,-42,
2024-04-05,3:30am,GBP,Construction PMI,Low,49.8,49.7,
2024-04-05,3:30am,GBP,Housing Equity Withdrawal q/q,Medium,-22.3B,-21.4B,
2024-04-05,4:00am,EUR,Retail Sales m/m,Medium,-0.3%,0.0%,
2024-04-05,7:30am,USD,Average Hourly Earnings m/m,High,0.3%,0.2%,
2024-04-05,7:30am,USD,Non-Farm Employment Change,High,212K,270K,
2024-04-05,7:30am,USD,Unemployment Rate,High,3.9%,3.9%,
2024-04-05,8:15am,USD,FOMC Member Barkin Speaks,Medium,,,
2024-04-05,11:30am,USD,FOMC Member Bowman Speaks,Medium,,,
2024-04-05,2:00pm,USD,Consumer Credit m/m,Medium,16.2B,17.7B,
2024-04-07,6:50pm,JPY,Current Account,Medium,1.99T,2.75T,
2024-04-08,12:45am,CHF,Unemployment Rate,Medium,2.2%,2.2%,
2024-04-08,1:00am,EUR,German Industrial Production m/m,Medium,0.6%,1.3%,
2024-04-08,1:00am,EUR,German Trade Balance,Medium,25.1B,27.6B,
2024-04-08,3:30am,EUR,Sentix Investor Confidence,Medium,-8.3,-10.5,
2024-04-08,10:15am,CHF,SNB Chairman Jordan Speaks,Low,,,
2024-04-08,10:30am,GBP,MPC Member Breeden Speaks,Medium,,,
2024-04-08,6:01pm,GBP,BRC Retail Sales Monitor y/y,Medium,1.8%,1.0%,
2024-04-09,12:58am,JPY,Prelim Machine Tool Orders y/y,Medium,,-8.0%,
2024-04-09,1:45am,EUR,French Trade Balance,Medium,-7.0B,-7.2B,
2024-04-09,5:00am,USD,NFIB Small Business Index,Medium,88.8,89.4,
2024-04-09,9:06am,USD,RCM/TIPP Economic Optimism,Medium,44.2,43.5,
2024-04-09,11:30am,CHF,Gov Board Member Schlegel Speaks,Medium,,,
2024-04-09,3:30pm,USD,API Weekly Statistical Bulletin,Medium,,,
2024-04-09,6:50pm,JPY,Bank Lending y/y,Medium,3.1%,3.0%,
2024-04-09,6:50pm,JPY,PPI y/y,Medium,0.8%,0.7%,
2024-04-10,7:30am,USD,Core CPI m/m,High,0.3%,0.4%,
2024-04-10,7:30am,USD,CPI m/m,High,0.3%,0.4%,
2024-04-10,7:30am,USD,CPI y/y,High,3.4%,3.2%,
2024-04-10,7:45am,USD,FOMC Member Bowman Speaks,Medium,,,
2024-04-10,9:00am,USD,Final Wholesale Inventories m/m,Medium,0.5%,0.5%,
2024-04-10,9:30am,USD,Crude Oil Inventories,Medium,0.9M,3.2M,
2024-04-10,11:45am,USD,FOMC Member Barkin Speaks,Low,,,
2024-04-10,12:01pm,USD,10-y Bond Auction,Low,,4.17|2.5,
2024-04-10,1:00pm,USD,FOMC Meeting Minutes,High,,,
2024-04-10,1:00pm,USD,Federal Budget Balance,Medium,-209.4B,-296.3B,
2024-04-10,6:01pm,GBP,RICS House Price Balance,Medium,-6%,-10%,
2024-04-10,6:50pm,JPY,M2 Money Stock y/y,Medium,2.4%,2.4%,
2024-04-11,3:30am,GBP,BOE Credit Conditions Survey,Medium,,,
2024-04-11,All Day,EUR,Eurogroup Meetings,Medium,,,
2024-04-11,7:15am,EUR,Main Refinancing Rate,High,4.50%,4.50%,
2024-04-11,7:15am,EUR,Monetary Policy Statement,High,,,
2024-04-11,7:30am,USD,Core PPI m/m,High,0.2%,0.3%,
2024-04-11,7:30am,USD,PPI m/m,High,0.3%,0.6%,
2024-04-11,7:30am,USD,Unemployment Claims,High,216K,222k,
2024-04-11,7:45am,EUR,ECB Press Conference,High,,,
2024-04-11,7:45am,USD,FOMC Member Williams Speaks,Medium,,,
2024-04-11,9:00am,USD,FOMC Member Barkin Speaks,Low,,,
2024-04-11,9:30am,USD,Natural Gas Storage,Medium,14B,-37B,
2024-04-11,11:50am,GBP,MPC Member Greene Speaks,Medium,,,
2024-04-11,12:01pm,USD,30-y Bond Auction,High,,4.33|2.5,
2024-04-11,12:30pm,USD,FOMC Member Bostic Speaks,Medium,,,
2024-04-11,11:30pm,JPY,Revised Industrial Production m/m,Medium,-0.1%,-0.1%,
2024-04-12,FriApr 12,GBP,GDP m/m,High,0.1%,0.3%,
2024-04-12,FriApr 12,GBP,Construction Output m/m,Medium,-0.4%,1.1%,
2024-04-12,FriApr 12,GBP,Goods Trade Balance,Medium,-14.5B,-14.1B,
2024-04-12,FriApr 12,GBP,Index of Services 3m/3m,Medium,0.1%,0.0%,
2024-04-12,FriApr 12,GBP,Industrial Production m/m,Medium,0.0%,-0.3%,
2024-04-12,FriApr 12,GBP,Manufacturing Production m/m,Medium,0.1%,-0.2%,
2024-04-12,FriApr 12,GBP,MPC Member Greene Speaks,Medium,,,
2024-04-12,1:45am,EUR,French Final CPI m/m,Medium,0.2%,0.2%,
2024-04-12,All Day,EUR,ECOFIN Meetings,Medium,,,
2024-04-12,6:02am,GBP,NIESR GDP Estimate,Medium,,0.2%,
2024-04-12,7:30am,USD,Import Prices m/m,Medium,0.3%,0.3%,
2024-04-12,9:00am,USD,Prelim UoM Consumer Sentiment,High,79.0,79.4,
2024-04-12,9:00am,USD,Prelim UoM Inflation Expectations,Low,,2.9%,
2024-04-12,1:30pm,USD,FOMC Member Bostic Speaks,Medium,,,
2024-04-12,2:30pm,USD,FOMC Member Daly Speaks,Medium,,,
2024-04-14,6:50pm,JPY,Core Machinery Orders m/m,Medium,0.8%,-1.7%,
2024-04-15,4:00am,EUR,Industrial Production m/m,Medium,0.8%,-3.0%,
2024-04-15,6:15am,GBP,MPC Member Breeden Speaks,Medium,,,
2024-04-15,7:30am,USD,Core Retail Sales m/m,High,0.5%,0.6%,
2024-04-15,7:30am,USD,Empire State Manufacturing Index,High,-5.2,-20.9,
2024-04-15,7:30am,USD,Retail Sales m/m,High,0.4%,0.9%,
2024-04-15,7:30am,USD,FOMC Member Williams Speaks,Medium,,,
2024-04-15,9:00am,USD,Business Inventories m/m,Medium,0.3%,0.0%,
2024-04-15,9:00am,USD,NAHB Housing Market Index,Medium,51,51,
2024-04-15,7:00pm,USD,FOMC Member Daly Speaks,Medium,,,
2024-04-16,TueApr 16,GBP,Claimant Count Change,High,17.2K,4.1K,
2024-04-16,TueApr 16,GBP,Average Earnings Index 3m/y,Low,5.5%,5.6%,
2024-04-16,TueApr 16,GBP,Unemployment Rate,Medium,4.0%,3.9%,
2024-04-16,4:00am,EUR,Italian Trade Balance,Medium,3.44B,2.50B,
2024-04-16,4:00am,EUR,Trade Balance,Medium,27.3B,27.1B,
2024-04-16,4:00am,EUR,German ZEW Economic Sentiment,Medium,35.9,31.7,
2024-04-16,4:00am,EUR,ZEW Economic Sentiment,Medium,37.8,33.5,
2024-04-16,7:30am,USD,Building Permits,Low,1.51M,1.52M,
2024-04-16,7:30am,USD,Housing Starts,Medium,1.48M,1.55M,
2024-04-16,8:00am,USD,FOMC Member Jefferson Speaks,Medium,,,
2024-04-16,8:15am,USD,Industrial Production m/m,Low,0.4%,0.4%,
2024-04-16,8:15am,USD,Capacity Utilization Rate,Medium,78.5%,78.2%,
2024-04-16,8:30am,GBP,CB Leading Index m/m,Medium,,0.0%,
2024-04-16,9:30am,EUR,German Buba President Nagel Speaks,Medium,,,
2024-04-16,11:30am,USD,FOMC Member Williams Speaks,Medium,,,
2024-04-16,12:00pm,GBP,BOE Gov Bailey Speaks,High,,,
2024-04-16,12:00pm,USD,FOMC Member Barkin Speaks,Low,,,
2024-04-16,12:15pm,USD,Fed Chairman Powell Speaks,High,,,
2024-04-16,3:30pm,USD,API Weekly Statistical Bulletin,Medium,,,
2024-04-16,6:50pm,JPY,Trade Balance,Medium,-0.30T,-0.57T,
2024-04-17,WedApr 17,GBP,Core CPI y/y,Medium,4.1%,4.5%,
2024-04-17,WedApr 17,GBP,PPI Input m/m,Medium,0.1%,0.3%,
2024-04-17,WedApr 17,GBP,PPI Output m/m,Medium,0.2%,0.3%,
2024-04-17,WedApr 17,GBP,RPI y/y,Medium,4.2%,4.5%,
2024-04-17,3:30am,GBP,HPI y/y,Medium,0.2%,-1.3%,
2024-04-17,4:00am,EUR,Final Core CPI y/y,Medium,2.9%,2.9%,
2024-04-17,4:00am,EUR,Final CPI y/y,Medium,2.4%,2.4%,
2024-04-17,4:37am,EUR,German 30-y Bond Auction,Medium,,2.52|3.4,
2024-04-17,7:05am,GBP,MPC Member Greene Speaks,Medium,,,
2024-04-17,9:30am,USD,Crude Oil Inventories,Medium,1.6M,5.8M,
2024-04-17,11:00am,GBP,BOE Gov Bailey Speaks,High,,,
2024-04-17,1:00pm,EUR,ECB President Lagarde Speaks,Low,,,
2024-04-17,1:00pm,GBP,MPC Member Haskel Speaks,Medium,,,
2024-04-17,1:00pm,USD,Beige Book,Medium,,,
2024-04-17,3:00pm,USD,TIC Long-Term Purchases,Medium,40.2B,14.0B,
2024-04-17,4:30pm,USD,FOMC Member Mester Speaks,Low,,,
2024-04-17,5:30pm,USD,FOMC Member Bowman Speaks,Medium,,,
2024-04-17,11:30pm,JPY,Tertiary Industry Activity m/m,Medium,0.4%,-0.5%,
2024-04-18,3:00am,EUR,Current Account,Medium,45.2B,39.3B,
2024-04-18,3:45am,EUR,Spanish 10-y Bond Auction,Medium,,3.19|1.8,
2024-04-18,5:00am,EUR,German Buba Monthly Report,Medium,,,
2024-04-18,7:00am,EUR,German Buba President Nagel Speaks,Medium,,,
2024-04-18,7:30am,USD,Unemployment Claims,High,215K,212K,
2024-04-18,7:30am,USD,Philly Fed Manufacturing Index,Low,1.5,3.2,
2024-04-18,8:05am,USD,FOMC Member Bowman Speaks,Medium,,,
2024-04-18,8:15am,USD,FOMC Member Bowman Speaks,Medium,,,
2024-04-18,8:15am,USD,FOMC Member Williams Speaks,Medium,,,
2024-04-18,9:00am,USD,Existing Home Sales,Low,4.20M,4.38M,
2024-04-18,9:00am,USD,CB Leading Index m/m,Medium,-0.1%,0.2%,
2024-04-18,9:30am,USD,Natural Gas Storage,Medium,54B,24B,
2024-04-18,10:00am,USD,FOMC Member Bostic Speaks,Medium,,,
2024-04-18,11:00am,CHF,Gov Board Member Martin Speaks,Medium,,,
2024-04-18,4:45pm,USD,FOMC Member Bostic Speaks,Medium,,,
2024-04-18,6:30pm,JPY,National Core CPI y/y,Medium,2.7%,2.8%,
2024-04-19,FriApr 19,GBP,Retail Sales m/m,High,0.3%,0.1%,
2024-04-19,9:15am,GBP,MPC Member Breeden Speaks,Medium,,,
2024-04-19,9:15am,GBP,MPC Member Ramsden Speaks,Medium,,,
2024-04-19,11:30am,GBP,MPC Member Mann Speaks,Medium,,,
2024-04-19,2:00pm,EUR,German Buba President Nagel Speaks,Medium,,,
2024-04-19,3:00pm,USD,FOMC Financial Stability Report,Medium,,,
2024-04-22,9:00am,EUR,Consumer Confidence,Medium,-14,-15,
2024-04-22,10:30am,EUR,ECB President Lagarde Speaks,Low,,,
2024-04-22,7:30pm,JPY,Flash Manufacturing PMI,Medium,48.0,48.2,
2024-04-23,1:00am,GBP,Public Sector Net Borrowing,Medium,8.9B,8.6B,
2024-04-23,2:15am,EUR,French Flash Manufacturing PMI,High,46.9,46.2,
2024-04-23,2:15am,EUR,French Flash Services PMI,High,48.9,48.3,
2024-04-23,2:30am,EUR,German Flash Manufacturing PMI,High,42.8,41.9,
2024-04-23,2:30am,EUR,German Flash Services PMI,High,50.6,50.1,
2024-04-23,3:00am,EUR,Flash Manufacturing PMI,Low,46.5,46.1,
2024-04-23,3:00am,EUR,Flash Services PMI,Low,51.8,51.5,
2024-04-23,3:00am,GBP,MPC Member Haskel Speaks,Medium,,,
2024-04-23,3:30am,GBP,Flash Manufacturing PMI,High,50.3,50.3,
2024-04-23,3:30am,GBP,Flash Services PMI,High,53.0,53.1,
2024-04-23,6:15am,GBP,MPC Member Pill Speaks,Medium,,,
2024-04-23,7:30am,EUR,German Buba President Nagel Speaks,Medium,,,
2024-04-23,8:45am,USD,Flash Manufacturing PMI,High,52.0,51.9,
2024-04-23,8:45am,USD,Flash Services PMI,High,52.0,51.7,
2024-04-23,8:59am,USD,Richmond Manufacturing Index,Low,-7,-11,
2024-04-23,9:00am,USD,New Home Sales,Low,668K,637K,
2024-04-23,3:30pm,USD,API Weekly Statistical Bulletin,Medium,,,
2024-04-23,6:50pm,JPY,SPPI y/y,Medium,2.1%,2.2%,
2024-04-24,3:00am,CHF,UBS Economic Expectations,Medium,,11.5,
2024-04-24,3:00am,EUR,German ifo Business Climate,Low,88.9,87.9,
2024-04-24,4:33am,EUR,German 10-y Bond Auction,Medium,,2.38|2.0,
2024-04-24,5:00am,GBP,CBI Industrial Order Expectations,Medium,-16,-18,
2024-04-24,7:30am,USD,Core Durable Goods Orders m/m,Low,0.3%,0.3%,
2024-04-24,7:30am,USD,Durable Goods Orders m/m,Low,2.5%,1.3%,
2024-04-24,7:55am,EUR,Belgian NBB Business Climate,Medium,-9.6,-10.4,
2024-04-24,9:30am,USD,Crude Oil Inventories,Medium,1.6M,2.7M,
2024-04-25,All Day,EUR,Italian Bank Holiday,Low,,,
2024-04-25,3:00am,EUR,ECB Economic Bulletin,Medium,,,
2024-04-25,5:00am,GBP,CBI Realized Sales,Medium,-2,2,
2024-04-25,7:30am,USD,Advance GDP q/q,High,2.5%,3.4%,
2024-04-25,7:30am,USD,Unemployment Claims,High,214K,212K,
2024-04-25,7:30am,USD,Advance GDP Price Index q/q,Low,3.0%,1.6%,
2024-04-25,7:30am,USD,Goods Trade Balance,Medium,-91.1B,-90.3B,
2024-04-25,7:30am,USD,Prelim Wholesale Inventories m/m,Medium,0.2%,0.4%,
2024-04-25,9:00am,USD,Pending Home Sales m/m,High,0.3%,1.6%,
2024-04-25,9:30am,USD,Natural Gas Storage,Medium,87B,50B,
2024-04-25,10:15am,EUR,German Buba President Nagel Speaks,Medium,,,
2024-04-25,6:01pm,GBP,GfK Consumer Confidence,Medium,-20,-21,
2024-04-25,6:30pm,JPY,Tokyo Core CPI y/y,Low,2.2%,2.4%,
2024-04-25,10:22pm,JPY,BOJ Outlook Report,High,,,
2024-04-25,10:22pm,JPY,BOJ Policy Rate,High,<0.10%,<0.10%,
2024-04-25,10:22pm,JPY,Monetary Policy Statement,High,,,
2024-04-26,2:00am,EUR,Spanish Unemployment Rate,Medium,11.8%,11.8%,
2024-04-26,3:00am,CHF,SNB Chairman Jordan Speaks,Low,,,
2024-04-26,3:00am,EUR,M3 Money Supply y/y,Medium,0.5%,0.4%,
2024-04-26,3:00am,EUR,Private Loans y/y,Medium,0.3%,0.3%,
2024-04-26,7:30am,USD,Core PCE Price Index m/m,High,0.3%,0.3%,
2024-04-26,7:30am,USD,Personal Income m/m,Medium,0.5%,0.3%,
2024-04-26,7:30am,USD,Personal Spending m/m,Medium,0.6%,0.8%,
2024-04-26,9:00am,USD,Revised UoM Consumer Sentiment,High,77.9,77.9,
2024-04-26,9:00am,USD,Revised UoM Inflation Expectations,Medium,,3.1%,
2024-04-29,2:00am,EUR,Spanish Flash CPI y/y,Low,3.4%,3.2%,
2024-04-29,4:13am,EUR,Italian 10-y Bond Auction,Medium,,3.67|1.4,
2024-04-29,6:01pm,GBP,BRC Shop Price Index y/y,Medium,,1.3%,
2024-04-29,6:30pm,JPY,Unemployment Rate,Medium,2.5%,2.6%,
2024-04-29,6:50pm,JPY,Prelim Industrial Production m/m,Medium,3.4%,-0.6%,
2024-04-29,6:50pm,JPY,Retail Sales y/y,Medium,2.5%,4.7%,
2024-04-30,12:30am,EUR,French Consumer Spending m/m,Medium,0.2%,0.1%,
2024-04-30,12:30am,EUR,French Flash GDP q/q,Medium,0.1%,0.1%,
2024-04-30,1:00am,EUR,German Import Prices m/m,Medium,0.1%,-0.2%,
2024-04-30,1:00am,EUR,German Retail Sales m/m,Medium,1.3%,-1.9%,
2024-04-30,1:45am,EUR,French Prelim CPI m/m,Medium,0.5%,0.2%,
2024-04-30,2:00am,CHF,KOF Economic Barometer,Medium,102.1,100.4,
2024-04-30,2:00am,EUR,Spanish Flash GDP q/q,Medium,0.4%,0.7%,
2024-04-30,2:55am,EUR,German Unemployment Change,Medium,7K,6K,
2024-04-30,3:00am,EUR,Italian Prelim GDP q/q,Medium,0.1%,0.1%,
2024-04-30,3:00am,EUR,German Prelim GDP q/q,Medium,0.1%,-0.5%,
2024-04-30,3:30am,GBP,M4 Money Supply m/m,Medium,0.4%,0.6%,
2024-04-30,3:30am,GBP,Mortgage Approvals,Medium,61K,60K,
2024-04-30,3:30am,GBP,Net Lending to Individuals m/m,Medium,1.7B,3.1B,
2024-04-30,4:00am,EUR,Core CPI Flash Estimate y/y,Low,2.6%,2.9%,
2024-04-30,4:00am,EUR,CPI Flash Estimate y/y,Low,2.4%,2.4%,
2024-04-30,4:00am,EUR,Italian Prelim CPI m/m,Medium,0.3%,0.0%,
2024-04-30,4:00am,EUR,Prelim Flash GDP q/q,Medium,0.1%,0.0%,
2024-04-30,7:30am,USD,Employment Cost Index q/q,High,1.0%,0.9%,
2024-04-30,8:00am,USD,S&P/CS Composite-20 HPI y/y,Low,6.7%,6.6%,
2024-04-30,8:00am,USD,HPI m/m,Medium,0.1%,-0.1%,
2024-04-30,8:45am,USD,Chicago PMI,Low,44.9,41.4,
2024-04-30,9:00am,USD,CB Consumer Confidence,High,104.0,103.1,
2024-04-30,3:30pm,USD,API Weekly Statistical Bulletin,Medium,,,
2024-04-30,7:30pm,JPY,Final Manufacturing PMI,Medium,49.9,49.9,
2024-05-01,1:00am,GBP,Nationwide HPI m/m,Medium,0.1%,-0.2%,
2024-05-01,All Day,EUR,French Bank Holiday,Low,,,
2024-05-01,All Day,EUR,German Bank Holiday,Low,,,
2024-05-01,All Day,EUR,Italian Bank Holiday,Low,,,
2024-05-01,3:30am,GBP,Final Manufacturing PMI,Medium,48.7,48.7,
2024-05-01,4:03am,GBP,10-y Bond Auction,Medium,,4.01|3.3,
2024-05-01,7:15am,USD,ADP Non-Farm Employment Change,High,179K,208K,
2024-05-01,8:45am,USD,Final Manufacturing PMI,High,49.9,49.9,
2024-05-01,9:00am,USD,ISM Manufacturing PMI,High,50.0,50.3,
2024-05-01,9:00am,USD,JOLTS Job Openings,High,8.68M,8.81M,
2024-05-01,9:00am,USD,ISM Manufacturing Prices,Low,55.5,55.8,
2024-05-01,9:00am,USD,Construction Spending m/m,Medium,0.3%,0.0%,
2024-05-01,All Day,USD,Wards Total Vehicle Sales,Medium,15.7M,15.5M,
2024-05-01,9:30am,USD,Crude Oil Inventories,Medium,-2.3M,-6.4M,
2024-05-01,1:00pm,USD,Federal Funds Rate,High,5.50%,5.50%,
2024-05-01,1:00pm,USD,FOMC Statement,High,,,
2024-05-01,1:30pm,USD,FOMC Press Conference,High,,,
2024-05-01,6:50pm,JPY,Monetary Base y/y,Medium,1.7%,1.6%,
2024-05-01,6:50pm,JPY,Monetary Policy Meeting Minutes,Medium,,,
2024-05-01,11:59pm,JPY,Consumer Confidence,Medium,39.7,39.5,
2024-05-02,ThuMay 2,CHF,Retail Sales y/y,Medium,0.2%,0.2%,
2024-05-02,2:15am,EUR,Spanish Manufacturing PMI,Medium,51.3,51.4,
2024-05-02,2:30am,CHF,Manufacturing PMI,Medium,45.5,45.2,
2024-05-02,2:45am,EUR,Italian Manufacturing PMI,Medium,50.3,50.4,
2024-05-02,2:50am,EUR,French Final Manufacturing PMI,Medium,44.9,44.9,
2024-05-02,2:55am,EUR,German Final Manufacturing PMI,Medium,42.2,42.2,
2024-05-02,3:00am,EUR,Final Manufacturing PMI,Medium,45.6,45.6,
2024-05-02,3:58am,EUR,French 10-y Bond Auction,Medium,,2.87|1.9,
2024-05-02,6:30am,USD,Challenger Job Cuts y/y,Medium,,0.7%,
2024-05-02,7:30am,USD,Unemployment Claims,High,212K,208K,
2024-05-02,7:30am,USD,Prelim Nonfarm Productivity q/q,Medium,0.8%,3.5%,
2024-05-02,7:30am,USD,Prelim Unit Labor Costs q/q,Medium,3.6%,0.4%,
2024-05-02,7:30am,USD,Trade Balance,Medium,-69.5B,-69.5B,
2024-05-02,9:00am,USD,Factory Orders m/m,Medium,1.6%,1.2%,
2024-05-02,9:30am,USD,Natural Gas Storage,Medium,68B,92B,
2024-05-02,All Day,JPY,Bank Holiday,Low,,,
2024-05-03,FriMay 3,EUR,French Industrial Production m/m,Medium,0.3%,0.2%,
2024-05-03,3:00am,EUR,Italian Monthly Unemployment Rate,Medium,7.5%,7.4%,
2024-05-03,3:30am,GBP,Final Services PMI,Medium,54.9,54.9,
2024-05-03,4:00am,EUR,Unemployment Rate,Medium,6.5%,6.5%,
2024-05-03,7:30am,USD,Average Hourly Earnings m/m,High,0.3%,0.3%,
2024-05-03,7:30am,USD,Non-Farm Employment Change,High,238K,315K,
2024-05-03,7:30am,USD,Unemployment Rate,High,3.8%,3.8%,
2024-05-03,8:45am,USD,Final Services PMI,Low,50.9,50.9,
2024-05-03,8:45am,USD,FOMC Member Bowman Speaks,Medium,,,
2024-05-03,9:00am,USD,ISM Services PMI,High,52.0,51.4,
2024-05-03,7:15pm,USD,FOMC Member Williams Speaks,Medium,,,
2024-05-06,All Day,GBP,Bank Holiday,Low,,,
2024-05-06,2:15am,EUR,Spanish Services PMI,Medium,56.0,56.1,
2024-05-06,2:45am,EUR,Italian Services PMI,Medium,54.7,54.6,
2024-05-06,2:50am,EUR,French Final Services PMI,Medium,50.5,50.5,
2024-05-06,2:55am,EUR,German Final Services PMI,Medium,53.3,53.3,
2024-05-06,3:00am,EUR,Final Services PMI,Medium,52.9,52.9,
2024-05-06,3:30am,EUR,Sentix Investor Confidence,Medium,-4.8,-5.9,
2024-05-06,4:00am,EUR,PPI m/m,Medium,-0.4%,-1.1%,
2024-05-06,6:30am,EUR,German Buba President Nagel Speaks,Medium,,,
2024-05-06,7:25am,CHF,SNB Chairman Jordan Speaks,Low,,,
2024-05-06,11:50am,USD,FOMC Member Barkin Speaks,Medium,,,
2024-05-06,12:00pm,USD,FOMC Member Williams Speaks,Medium,,,
2024-05-06,1:00pm,USD,Loan Officer Survey,Medium,,,
2024-05-06,6:01pm,GBP,BRC Retail Sales Monitor y/y,Medium,1.8%,3.2%,
2024-05-07,12:45am,CHF,Unemployment Rate,Medium,2.3%,2.3%,
2024-05-07,1:00am,EUR,German Factory Orders m/m,Medium,0.4%,-0.8%,
2024-05-07,1:00am,EUR,German Trade Balance,Medium,22.4B,21.4B,
2024-05-07,1:00am,GBP,Halifax HPI m/m,Medium,0.2%,-0.9%,
2024-05-07,1:45am,EUR,French Prelim Private Payrolls q/q,Medium,0.0%,-0.1%,
2024-05-07,1:45am,EUR,French Trade Balance,Medium,-5.0B,-5.6B,
2024-05-07,2:00am,CHF,Foreign Currency Reserves,Medium,,716B,
2024-05-07,3:30am,GBP,Construction PMI,Low,50.4,50.2,
2024-05-07,4:00am,EUR,Retail Sales m/m,Medium,0.6%,-0.3%,
2024-05-07,9:00am,EUR,German Buba President Nagel Speaks,Medium,,,
2024-05-07,9:06am,USD,RCM/TIPP Economic Optimism,Medium,44.1,43.2,
2024-05-07,10:30am,EUR,German Buba President Nagel Speaks,Medium,,,
2024-05-07,2:00pm,USD,Consumer Credit m/m,Medium,14.8B,15.0B,
2024-05-07,3:30pm,USD,API Weekly Statistical Bulletin,Medium,,,
2024-05-07,10:35pm,JPY,10-y Bond Auction,Medium,,0.75|3.8,
2024-05-08,All Day,EUR,French Bank Holiday,Low,,,
2024-05-08,3:00am,EUR,Italian Retail Sales m/m,Medium,0.2%,0.1%,
2024-05-08,4:03am,GBP,30-y Bond Auction,Medium,,4.43|2.7,
2024-05-08,9:00am,USD,Final Wholesale Inventories m/m,Medium,-0.4%,-0.4%,
2024-05-08,9:30am,USD,Crude Oil Inventories,Medium,-1.0M,7.3M,
2024-05-08,10:00am,USD,FOMC Member Jefferson Speaks,Medium,,,
2024-05-08,12:01pm,USD,10-y Bond Auction,Low,,4.56|2.3,
2024-05-08,12:30pm,USD,FOMC Member Cook Speaks,Medium,,,
2024-05-08,6:01pm,GBP,RICS House Price Balance,Medium,-2%,-5%,
2024-05-08,6:30pm,JPY,Average Cash Earnings y/y,Medium,1.5%,1.4%,
2024-05-08,6:50pm,JPY,BOJ Summary of Opinions,Medium,,,
2024-05-09,All Day,CHF,Bank Holiday,Low,,,
2024-05-09,All Day,EUR,French Bank Holiday,Low,,,
2024-05-09,All Day,EUR,German Bank Holiday,Low,,,
2024-05-09,6:00am,GBP,BOE Monetary Policy Report,High,,,
2024-05-09,6:00am,GBP,Monetary Policy Summary,High,,,
2024-05-09,6:00am,GBP,MPC Official Bank Rate Votes,High,0-0-9,0-1-8,
2024-05-09,6:00am,GBP,Official Bank Rate,High,5.25%,5.25%,
2024-05-09,6:30am,GBP,BOE Gov Bailey Speaks,High,,,
2024-05-09,7:30am,USD,Unemployment Claims,High,212K,209K,
2024-05-09,9:30am,USD,Natural Gas Storage,Medium,87B,59B,
2024-05-09,11:15am,GBP,MPC Member Pill Speaks,Medium,,,
2024-05-09,12:01pm,USD,30-y Bond Auction,High,,4.67|2.4,
2024-05-09,1:00pm,USD,FOMC Member Daly Speaks,Medium,,,
2024-05-09,6:30pm,JPY,Household Spending y/y,Medium,-2.3%,-0.5%,
2024-05-09,6:50pm,JPY,Bank Lending y/y,Medium,3.1%,3.2%,
2024-05-09,6:50pm,JPY,Current Account,Medium,2.04T,1.41T,
2024-05-09,10:35pm,JPY,30-y Bond Auction,Medium,,1.81|3.5,
2024-05-10,1:00am,GBP,GDP m/m,High,0.1%,0.2%,
2024-05-10,1:00am,GBP,Prelim GDP q/q,Low,0.4%,-0.3%,
2024-05-10,1:00am,GBP,Construction Output m/m,Medium,0.8%,-2.0%,
2024-05-10,1:00am,GBP,Goods Trade Balance,Medium,-14.5B,-14.1B,
2024-05-10,1:00am,GBP,Index of Services 3m/3m,Medium,0.4%,0.3%,
2024-05-10,1:00am,GBP,Industrial Production m/m,Medium,-0.5%,1.0%,
2024-05-10,1:00am,GBP,Manufacturing Production m/m,Medium,-0.5%,1.2%,
2024-05-10,1:00am,GBP,Prelim Business Investment q/q,Medium,0.2%,1.4%,
2024-05-10,3:00am,EUR,Italian Industrial Production m/m,Medium,0.3%,0.0%,
2024-05-10,6:15am,GBP,MPC Member Pill Speaks,Medium,,,
2024-05-10,6:30am,EUR,ECB Monetary Policy Meeting Accounts,Medium,,,
2024-05-10,6:40am,GBP,NIESR GDP Estimate,Medium,,0.4%,
2024-05-10,6:45am,GBP,MPC Member Dhingra Speaks,Medium,,,
2024-05-10,8:00am,USD,FOMC Member Bowman Speaks,Medium,,,
2024-05-10,9:00am,USD,Prelim UoM Consumer Sentiment,High,76.3,77.2,
2024-05-10,9:00am,USD,Prelim UoM Inflation Expectations,Low,,3.2%,
2024-05-10,12:30pm,USD,FOMC Member Barr Speaks,Medium,,,
2024-05-10,1:00pm,USD,Federal Budget Balance,Medium,244.5B,-236.5B,
2024-05-12,6:50pm,JPY,M2 Money Stock y/y,Medium,2.5%,2.5%,
2024-05-13,All Day,EUR,Eurogroup Meetings,Medium,,,
2024-05-13,8:00am,USD,FOMC Member Jefferson Speaks,Medium,,,
2024-05-13,8:00am,USD,FOMC Member Mester Speaks,Medium,,,
2024-05-13,8:45am,USD,Cleveland Fed Inflation Expectations,Medium,,3.4%,
2024-05-13,11:45am,CHF,SNB Chairman Jordan Speaks,Low,,,
2024-05-13,6:50pm,JPY,PPI y/y,Medium,0.9%,0.9%,
2024-05-14,1:00am,EUR,German Final CPI m/m,Medium,0.5%,0.5%,
2024-05-14,1:00am,GBP,Claimant Count Change,High,13.9K,-2.4K,
2024-05-14,1:00am,GBP,Average Earnings Index 3m/y,Low,5.3%,5.7%,
2024-05-14,1:00am,GBP,Unemployment Rate,Medium,4.3%,4.2%,
2024-05-14,1:30am,CHF,PPI m/m,Medium,0.2%,0.1%,
2024-05-14,2:30am,GBP,MPC Member Pill Speaks,Medium,,,
2024-05-14,4:00am,EUR,ZEW Economic Sentiment,Medium,46.1,43.9,
2024-05-14,4:00am,EUR,German ZEW Economic Sentiment,Medium,44.9,42.9,
2024-05-14,All Day,EUR,ECOFIN Meetings,Medium,,,
2024-05-14,5:00am,USD,NFIB Small Business Index,Medium,88.1,88.5,
2024-05-14,7:30am,USD,Core PPI m/m,High,0.2%,-0.1%,
2024-05-14,7:30am,USD,PPI m/m,High,0.3%,-0.1%,
2024-05-14,8:10am,USD,FOMC Member Cook Speaks,Medium,,,
2024-05-14,8:30am,GBP,CB Leading Index m/m,Medium,,-0.1%,
2024-05-14,9:00am,USD,Fed Chairman Powell Speaks,High,,,
2024-05-14,3:30pm,USD,API Weekly Statistical Bulletin,Medium,,,
2024-05-15,4:00am,EUR,EU Economic Forecasts,Medium,,,
2024-05-15,4:00am,EUR,Flash Employment Change q/q,Medium,0.3%,0.3%,
2024-05-15,4:00am,EUR,Flash GDP q/q,Medium,0.3%,0.3%,
2024-05-15,4:00am,EUR,Industrial Production m/m,Medium,0.5%,1.0%,
2024-05-15,4:03am,GBP,10-y Bond Auction,Medium,,4.37|3.1,
2024-05-15,4:33am,EUR,German 30-y Bond Auction,Medium,,2.62|3.2,
2024-05-15,7:30am,USD,Core CPI m/m,High,0.3%,0.4%,
2024-05-15,7:30am,USD,Core Retail Sales m/m,High,0.2%,0.9%,
2024-05-15,7:30am,USD,CPI m/m,High,0.4%,0.4%,
2024-05-15,7:30am,USD,CPI y/y,High,3.4%,3.5%,
2024-05-15,7:30am,USD,Empire State Manufacturing Index,High,-9.9,-14.3,
2024-05-15,7:30am,USD,Retail Sales m/m,High,0.4%,0.6%,
2024-05-15,9:00am,USD,Business Inventories m/m,Medium,0.0%,0.3%,
2024-05-15,9:00am,USD,FOMC Member Barr Speaks,Medium,,,
2024-05-15,9:00am,USD,NAHB Housing Market Index,Medium,51,51,
2024-05-15,9:30am,USD,Crude Oil Inventories,Medium,-0.4M,-1.4M,
2024-05-15,2:20pm,USD,FOMC Member Bowman Speaks,Medium,,,
2024-05-15,3:00pm,USD,TIC Long-Term Purchases,Medium,89.3B,62.9B,
2024-05-15,6:50pm,JPY,Prelim GDP q/q,Low,-0.3%,0.1%,
2024-05-15,6:50pm,JPY,Prelim GDP Price Index y/y,Medium,3.3%,3.9%,
2024-05-15,11:30pm,JPY,Revised Industrial Production m/m,Medium,3.4%,3.8%,
2024-05-16,4:00am,EUR,Italian Trade Balance,Medium,4.77B,6.00B,
2024-05-16,6:00am,GBP,MPC Member Greene Speaks,Medium,,,
2024-05-16,6:30am,EUR,German Buba President Nagel Speaks,Medium,,,
2024-05-16,7:30am,USD,Unemployment Claims,High,219K,232K,
2024-05-16,7:30am,USD,Building Permits,Low,1.48M,1.49M,
2024-05-16,7:30am,USD,Philly Fed Manufacturing Index,Low,7.7,15.5,
2024-05-16,7:30am,USD,Housing Starts,Medium,1.42M,1.29M,
2024-05-16,7:30am,USD,Import Prices m/m,Medium,0.2%,0.6%,
2024-05-16,8:15am,USD,Industrial Production m/m,Low,0.1%,0.1%,
2024-05-16,8:15am,USD,Capacity Utilization Rate,Medium,78.4%,78.5%,
2024-05-16,9:00am,USD,FOMC Member Barr Speaks,Medium,,,
2024-05-16,9:23am,USD,Mortgage Delinquencies,Medium,,3.88%,
2024-05-16,9:30am,USD,Natural Gas Storage,Medium,76B,79B,
2024-05-16,11:00am,USD,FOMC Member Mester Speaks,Medium,,,
2024-05-16,2:50pm,USD,FOMC Member Bostic Speaks,Medium,,,
2024-05-17,4:00am,EUR,Final Core CPI y/y,Medium,2.7%,2.7%,
2024-05-17,4:00am,EUR,Final CPI y/y,Medium,2.4%,2.4%,
2024-05-17,9:00am,USD,CB Leading Index m/m,Medium,-0.3%,-0.3%,
2024-05-17,9:15am,USD,FOMC Member Waller Speaks,Low,,,
2024-05-17,11:15am,USD,FOMC Member Daly Speaks,Medium,,,
2024-05-19,6:01pm,GBP,Rightmove HPI m/m,Medium,,1.1%,
2024-05-19,11:30pm,JPY,Tertiary Industry Activity m/m,Medium,0.1%,2.2%,
2024-05-20,All Day,EUR,French Bank Holiday,Low,,,
2024-05-20,All Day,EUR,German Bank Holiday,Low,,,
2024-05-20,4:00am,GBP,MPC Member Broadbent Speaks,Medium,,,
2024-05-20,6:30am,USD,FOMC Member Bostic Speaks,Medium,,,
2024-05-20,7:45am,USD,FOMC Member Bostic Speaks,Medium,,,
2024-05-20,8:00am,USD,FOMC Member Waller Speaks,Low,,,
2024-05-20,8:00am,USD,FOMC Member Barr Speaks,Medium,,,
2024-05-20,9:30am,USD,FOMC Member Jefferson Speaks,Medium,,,
2024-05-20,1:00pm,USD,FOMC Member Mester Speaks,Medium,,,
2024-05-21,3:00am,EUR,ECB President Lagarde Speaks,Low,,,
2024-05-21,3:00am,EUR,Current Account,Medium,30.2B,28.9B,
2024-05-21,3:00am,USD,Treasury Sec Yellen Speaks,Low,,,
2024-05-21,4:00am,EUR,Trade Balance,Medium,19.9B,16.7B,
2024-05-21,5:00am,GBP,CBI Industrial Order Expectations,Medium,-20,-23,
2024-05-21,8:00am,USD,FOMC Member Waller Speaks,Low,,,
2024-05-21,8:00am,USD,FOMC Member Barkin Speaks,Medium,,,
2024-05-21,8:05am,USD,FOMC Member Williams Speaks,Medium,,,
2024-05-21,8:10am,USD,FOMC Member Bostic Speaks,Medium,,,
2024-05-21,10:45am,USD,FOMC Member Barr Speaks,Medium,,,
2024-05-21,12:00pm,GBP,BOE Gov Bailey Speaks,High,,,
2024-05-21,3:30pm,USD,API Weekly Statistical Bulletin,Medium,,,
2024-05-21,6:00pm,USD,FOMC Member Mester Speaks,Medium,,,
2024-05-21,6:50pm,JPY,Core Machinery Orders m/m,Medium,-1.8%,7.7%,
2024-05-21,6:50pm,JPY,Trade Balance,Medium,-0.72T,-0.68T,
2024-05-22,WedMay 22,GBP,Core CPI y/y,Medium,3.6%,4.2%,
2024-05-22,WedMay 22,GBP,PPI Input m/m,Medium,0.4%,-0.2%,
2024-05-22,WedMay 22,GBP,PPI Output m/m,Medium,0.4%,0.2%,
2024-05-22,WedMay 22,GBP,Public Sector Net Borrowing,Medium,18.5B,12.1B,
2024-05-22,WedMay 22,GBP,RPI y/y,Medium,3.3%,4.3%,
2024-05-22,3:30am,GBP,HPI y/y,Medium,0.1%,-0.2%,
2024-05-22,4:32am,EUR,German 10-y Bond Auction,Medium,,2.54|2.5,
2024-05-22,5:00am,EUR,German Buba Monthly Report,Medium,,,
2024-05-22,7:45am,GBP,MPC Member Breeden Speaks,Medium,,,
2024-05-22,9:00am,USD,Existing Home Sales,Low,4.21M,4.22M,
2024-05-22,9:30am,USD,Crude Oil Inventories,Medium,-2.4M,-2.5M,
2024-05-22,1:00pm,USD,FOMC Meeting Minutes,High,,,
2024-05-22,7:30pm,JPY,Flash Manufacturing PMI,Medium,49.7,49.6,
2024-05-23,ThuMay 23,EUR,French Flash Services PMI,High,51.8,51.3,
2024-05-23,2:30am,EUR,German Flash Manufacturing PMI,High,43.4,42.5,
2024-05-23,2:30am,EUR,German Flash Services PMI,High,53.5,53.2,
2024-05-23,3:00am,EUR,Flash Manufacturing PMI,Low,46.2,45.7,
2024-05-23,3:00am,EUR,Flash Services PMI,Low,53.6,53.3,
2024-05-23,3:30am,GBP,Flash Manufacturing PMI,High,49.5,49.1,
2024-05-23,3:30am,GBP,Flash Services PMI,High,54.7,55.0,
2024-05-23,6:30am,GBP,MPC Member Pill Speaks,Medium,,,
2024-05-23,7:30am,USD,Unemployment Claims,High,220K,223K,
2024-05-23,8:45am,USD,Flash Manufacturing PMI,High,50.0,50.0,
2024-05-23,8:45am,USD,Flash Services PMI,High,51.2,51.3,
2024-05-23,9:00am,EUR,Consumer Confidence,Medium,-14,-15,
2024-05-23,9:00am,USD,New Home Sales,Low,677K,665K,
2024-05-23,9:30am,USD,Natural Gas Storage,Medium,84B,70B,
2024-05-23,2:00pm,USD,FOMC Member Bostic Speaks,Medium,,,
2024-05-23,6:01pm,GBP,GfK Consumer Confidence,Medium,-18,-19,
2024-05-23,6:30pm,JPY,National Core CPI y/y,Medium,2.2%,2.6%,
2024-05-24,FriMay 24,GBP,Retail Sales m/m,High,-0.5%,-0.2%,
2024-05-24,2:45am,CHF,SNB Chairman Jordan Speaks,Low,,,
2024-05-24,4:15am,EUR,German Buba President Nagel Speaks,Medium,,,
2024-05-24,7:30am,USD,Core Durable Goods Orders m/m,Low,0.1%,0.0%,
2024-05-24,7:30am,USD,Durable Goods Orders m/m,Low,-0.9%,0.9%,
2024-05-24,8:35am,USD,FOMC Member Waller Speaks,Low,,,
2024-05-24,9:00am,USD,Revised UoM Consumer Sentiment,High,67.8,67.4,
2024-05-24,9:00am,USD,Revised UoM Inflation Expectations,Medium,,3.5%,
2024-05-27,3:00am,EUR,German ifo Business Climate,Low,90.4,89.3,
2024-05-27,All Day,USD,Bank Holiday,Low,,,
2024-05-27,7:59am,EUR,Belgian NBB Business Climate,Medium,-10.8,-11.9,
2024-05-27,6:01pm,GBP,BRC Shop Price Index y/y,Medium,,0.8%,
2024-05-27,6:50pm,JPY,SPPI y/y,Medium,2.3%,2.4%,
2024-05-27,11:55pm,CHF,SNB Chairman Jordan Speaks,Low,,,
2024-05-27,11:55pm,USD,FOMC Member Bowman Speaks,Medium,,,
2024-05-27,11:55pm,USD,FOMC Member Mester Speaks,Medium,,,
2024-05-28,1:00am,EUR,German WPI m/m,Medium,0.1%,0.2%,
2024-05-28,5:00am,GBP,CBI Realized Sales,Medium,-24,-44,
2024-05-28,8:00am,USD,S&P/CS Composite-20 HPI y/y,Low,7.3%,7.3%,
2024-05-28,8:00am,USD,HPI m/m,Medium,0.5%,1.2%,
2024-05-28,9:00am,USD,CB Consumer Confidence,High,96.0,97.5,
2024-05-28,12:05pm,USD,FOMC Member Cook Speaks,Medium,,,
2024-05-28,12:05pm,USD,FOMC Member Daly Speaks,Medium,,,
2024-05-28,11:59pm,JPY,Consumer Confidence,Medium,39.1,38.3,
2024-05-29,All Day,EUR,German Prelim CPI m/m,High,0.2%,0.5%,
2024-05-29,3:00am,CHF,UBS Economic Expectations,Medium,,17.6,
2024-05-29,3:00am,EUR,M3 Money Supply y/y,Medium,1.3%,0.9%,
2024-05-29,3:00am,EUR,Private Loans y/y,Medium,0.4%,0.2%,
2024-05-29,8:59am,USD,Richmond Manufacturing Index,Low,-6,-7,
2024-05-29,12:45pm,USD,FOMC Member Williams Speaks,Medium,,,
2024-05-29,1:00pm,USD,Beige Book,Medium,,,
2024-05-29,3:30pm,USD,API Weekly Statistical Bulletin,Medium,,,
2024-05-29,6:00pm,USD,FOMC Member Bostic Speaks,Medium,,,
2024-05-29,7:00pm,CHF,SNB Chairman Jordan Speaks,Low,,,
2024-05-30,2:00am,CHF,GDP q/q,Low,0.3%,0.3%,
2024-05-30,2:00am,CHF,KOF Economic Barometer,Medium,102.2,101.9,
2024-05-30,2:00am,EUR,Spanish Flash CPI y/y,Low,3.7%,3.3%,
2024-05-30,3:00am,EUR,Italian Monthly Unemployment Rate,Medium,7.3%,7.1%,
2024-05-30,4:00am,EUR,Unemployment Rate,Medium,6.5%,6.5%,
2024-05-30,4:21am,EUR,Italian 10-y Bond Auction,Medium,,3.86|1.3,
2024-05-30,7:30am,USD,Prelim GDP q/q,High,1.2%,1.6%,
2024-05-30,7:30am,USD,Unemployment Claims,High,218K,216K,
2024-05-30,7:30am,USD,Prelim GDP Price Index q/q,Low,3.1%,3.1%,
2024-05-30,7:30am,USD,Goods Trade Balance,Medium,-91.9B,-92.3B,
2024-05-30,7:30am,USD,Prelim Wholesale Inventories m/m,Medium,0.0%,-0.4%,
2024-05-30,9:00am,USD,Pending Home Sales m/m,High,-1.1%,3.6%,
2024-05-30,9:30am,USD,Natural Gas Storage,Medium,77B,78B,
2024-05-30,10:00am,USD,Crude Oil Inventories,Medium,-1.6M,1.8M,
2024-05-30,11:05am,USD,FOMC Member Williams Speaks,Medium,,,
2024-05-30,6:30pm,JPY,Tokyo Core CPI y/y,Low,1.9%,1.6%,
2024-05-30,6:30pm,JPY,Unemployment Rate,Medium,2.6%,2.6%,
2024-05-30,6:50pm,JPY,Prelim Industrial Production m/m,Medium,1.5%,4.4%,
2024-05-30,6:50pm,JPY,Retail Sales y/y,Medium,1.8%,1.1%,
2024-05-31,12:30am,EUR,French Final Private Payrolls q/q,Medium,0.2%,0.2%,
2024-05-31,1:00am,EUR,German Import Prices m/m,Medium,0.5%,0.4%,
2024-05-31,1:00am,EUR,German Retail Sales m/m,Medium,-0.2%,2.6%,
2024-05-31,1:00am,GBP,Nationwide HPI m/m,Medium,0.1%,-0.4%,
2024-05-31,1:30am,CHF,Retail Sales y/y,Medium,0.2%,-0.2%,
2024-05-31,1:45am,EUR,French Consumer Spending m/m,Medium,0.2%,0.5%,
2024-05-31,1:45am,EUR,French Prelim CPI m/m,Medium,0.1%,0.5%,
2024-05-31,1:45am,EUR,French Prelim GDP q/q,Medium,0.2%,0.2%,
2024-05-31,3:30am,GBP,M4 Money Supply m/m,Medium,0.4%,0.7%,
2024-05-31,3:30am,GBP,Mortgage Approvals,Medium,62K,61K,
2024-05-31,3:30am,GBP,Net Lending to Individuals m/m,Medium,2.0B,1.9B,
2024-05-31,4:00am,EUR,Core CPI Flash Estimate y/y,High,2.7%,2.7%,
2024-05-31,4:00am,EUR,CPI Flash Estimate y/y,High,2.5%,2.4%,
2024-05-31,4:00am,EUR,Italian Prelim CPI m/m,Medium,0.2%,0.1%,
2024-05-31,7:30am,USD,Core PCE Price Index m/m,High,0.3%,0.3%,
2024-05-31,7:30am,USD,Personal Income m/m,Medium,0.3%,0.5%,
2024-05-31,7:30am,USD,Personal Spending m/m,Medium,0.3%,0.7%,
2024-05-31,8:45am,USD,Chicago PMI,Low,41.1,37.9,
2024-05-31,5:15pm,USD,FOMC Member Bostic Speaks,Medium,,,
2024-06-02,6:50pm,JPY,Capital Spending q/y,Medium,12.2%,16.4%,
2024-06-02,7:30pm,JPY,Final Manufacturing PMI,Medium,50.5,50.5,
2024-06-03,2:15am,EUR,Spanish Manufacturing PMI,Medium,52.5,52.2,
2024-06-03,2:30am,CHF,Manufacturing PMI,Medium,45.4,41.4,
2024-06-03,2:45am,EUR,Italian Manufacturing PMI,Medium,47.9,47.3,
2024-06-03,2:50am,EUR,French Final Manufacturing PMI,Medium,46.7,46.7,
2024-06-03,2:55am,EUR,German Final Manufacturing PMI,Medium,45.4,45.4,
2024-06-03,3:00am,EUR,Final Manufacturing PMI,Medium,47.4,47.4,
2024-06-03,3:30am,GBP,Final Manufacturing PMI,Medium,51.3,51.3,
2024-06-03,8:45am,USD,Final Manufacturing PMI,High,50.9,50.9,
2024-06-03,9:00am,USD,ISM Manufacturing PMI,High,49.8,49.2,
2024-06-03,9:00am,USD,ISM Manufacturing Prices,Low,60.0,60.9,
2024-06-03,9:00am,USD,Construction Spending m/m,Medium,0.2%,-0.2%,
2024-06-03,All Day,USD,Wards Total Vehicle Sales,Medium,15.8M,15.7M,
2024-06-03,6:01pm,GBP,BRC Retail Sales Monitor y/y,Medium,1.2%,-4.4%,
2024-06-03,6:50pm,JPY,Monetary Base y/y,Medium,2.2%,2.1%,
2024-06-03,10:35pm,JPY,10-y Bond Auction,Medium,,0.86|3.2,
2024-06-04,1:45am,EUR,French Gov Budget Balance,Medium,,-52.8B,
2024-06-04,2:00am,EUR,Spanish Unemployment Change,Medium,-55.4K,-60.5K,
2024-06-04,2:55am,EUR,German Unemployment Change,Medium,7K,10K,
2024-06-04,9:00am,USD,JOLTS Job Openings,High,8.37M,8.36M,
2024-06-04,9:00am,USD,Factory Orders m/m,Medium,0.7%,0.8%,
2024-06-04,9:02am,USD,RCM/TIPP Economic Optimism,Medium,45.2,41.8,
2024-06-04,3:30pm,USD,API Weekly Statistical Bulletin,Medium,,,
2024-06-04,6:30pm,JPY,Average Cash Earnings y/y,Medium,1.7%,1.0%,
2024-06-05,2:15am,EUR,Spanish Services PMI,Medium,56.5,56.2,
2024-06-05,2:45am,EUR,Italian Services PMI,Medium,54.4,54.3,
2024-06-05,2:50am,EUR,French Final Services PMI,Medium,49.4,49.4,
2024-06-05,2:55am,EUR,German Final Services PMI,Medium,53.9,53.9,
2024-06-05,3:00am,EUR,Final Services PMI,Medium,53.3,53.3,
2024-06-05,3:30am,GBP,Final Services PMI,Medium,52.9,52.9,
2024-06-05,4:00am,EUR,PPI m/m,Medium,-0.6%,-0.5%,
2024-06-05,7:15am,USD,ADP Non-Farm Employment Change,High,173K,188K,
2024-06-05,8:45am,USD,Final Services PMI,Low,54.8,54.8,
2024-06-05,9:00am,USD,ISM Services PMI,High,51.0,49.4,
2024-06-05,9:30am,USD,Crude Oil Inventories,Medium,-2.1M,-4.2M,
2024-06-05,10:35pm,JPY,30-y Bond Auction,Medium,,1.99|3.2,
2024-06-06,1:00am,EUR,German Factory Orders m/m,Medium,0.6%,-0.4%,
2024-06-06,3:00am,EUR,Italian Retail Sales m/m,Medium,0.3%,0.0%,
2024-06-06,3:30am,GBP,Construction PMI,Low,52.5,53.0,
2024-06-06,3:58am,EUR,French 10-y Bond Auction,Medium,,3.03|2.2,
2024-06-06,4:00am,EUR,Retail Sales m/m,Medium,-0.2%,0.7%,
2024-06-06,Day 1,EUR,European Parliamentary Elections,Low,,,
2024-06-06,6:30am,USD,Challenger Job Cuts y/y,Medium,,-3.3%,
2024-06-06,7:15am,EUR,Main Refinancing Rate,High,4.25%,4.50%,
2024-06-06,7:15am,EUR,Monetary Policy Statement,High,,,
2024-06-06,7:30am,USD,Unemployment Claims,High,220K,221K,
2024-06-06,7:30am,USD,Revised Nonfarm Productivity q/q,Medium,0.1%,0.3%,
2024-06-06,7:30am,USD,Revised Unit Labor Costs q/q,Medium,4.8%,4.7%,
2024-06-06,7:30am,USD,Trade Balance,Medium,-76.2B,-68.6B,
2024-06-06,7:45am,EUR,ECB Press Conference,High,,,
2024-06-06,9:30am,USD,Natural Gas Storage,Medium,89B,84B,
2024-06-06,6:30pm,JPY,Household Spending y/y,Medium,0.6%,-1.2%,
2024-06-07,1:00am,EUR,German Industrial Production m/m,Medium,0.1%,-0.4%,
2024-06-07,1:00am,EUR,German Trade Balance,Medium,22.6B,22.2B,
2024-06-07,1:00am,GBP,Halifax HPI m/m,Medium,0.3%,0.0%,
2024-06-07,1:45am,EUR,French Trade Balance,Medium,-5.4B,-5.4B,
2024-06-07,2:00am,CHF,Foreign Currency Reserves,Medium,,720B,
2024-06-07,2:00am,EUR,German Buba President Nagel Speaks,Medium,,,
2024-06-07,4:00am,EUR,Final Employment Change q/q,Medium,0.3%,0.3%,
2024-06-07,4:00am,EUR,Revised GDP q/q,Medium,0.3%,0.3%,
2024-06-07,5:03am,EUR,German Buba Monthly Report,Medium,,,
2024-06-07,Day 2,EUR,European Parliamentary Elections,Low,,,
2024-06-07,7:30am,USD,Average Hourly Earnings m/m,High,0.3%,0.2%,
2024-06-07,7:30am,USD,Non-Farm Employment Change,High,182K,165K,
2024-06-07,7:30am,USD,Unemployment Rate,High,3.9%,3.9%,
2024-06-07,9:00am,USD,Final Wholesale Inventories m/m,Medium,0.2%,0.2%,
2024-06-07,11:00am,USD,FOMC Member Cook Speaks,Medium,,,
2024-06-07,2:00pm,USD,Consumer Credit m/m,Medium,9.3B,-1.1B,
2024-06-09,6:50pm,JPY,Bank Lending y/y,Medium,3.1%,3.1%,
2024-06-09,6:50pm,JPY,Current Account,Medium,2.09T,2.01T,
2024-06-09,6:50pm,JPY,Final GDP Price Index y/y,Medium,3.6%,3.6%,
2024-06-09,6:50pm,JPY,Final GDP q/q,Medium,-0.5%,-0.5%,
2024-06-10,2:00am,CHF,SECO Consumer Climate,Medium,-37,-38,
2024-06-10,3:00am,EUR,Italian Industrial Production m/m,Medium,0.3%,-0.5%,
2024-06-10,3:30am,EUR,Sentix Investor Confidence,Medium,-1.5,-3.6,
2024-06-10,4:30am,EUR,German Buba President Nagel Speaks,Medium,,,
2024-06-10,6:50pm,JPY,M2 Money Stock y/y,Medium,2.1%,2.2%,
2024-06-11,1:00am,GBP,Claimant Count Change,High,10.2K,8.4K,
2024-06-11,1:00am,GBP,Average Earnings Index 3m/y,Low,5.7%,5.9%,
2024-06-11,1:00am,GBP,Unemployment Rate,Medium,4.3%,4.3%,
2024-06-11,5:00am,USD,NFIB Small Business Index,Medium,89.8,89.7,
2024-06-11,8:30am,GBP,CB Leading Index m/m,Medium,,-0.1%,
2024-06-11,12:01pm,USD,10-y Bond Auction,Low,,4.48|2.5,
2024-06-11,3:30pm,USD,API Weekly Statistical Bulletin,Medium,,,
2024-06-11,6:50pm,JPY,PPI y/y,Medium,2.0%,1.1%,
2024-06-12,WedJun 12,GBP,GDP m/m,High,0.0%,0.4%,
2024-06-12,WedJun 12,GBP,Construction Output m/m,Medium,0.1%,-0.4%,
2024-06-12,WedJun 12,GBP,Goods Trade Balance,Medium,-14.2B,-14.0B,
2024-06-12,WedJun 12,GBP,Index of Services 3m/3m,Medium,0.8%,0.7%,
2024-06-12,WedJun 12,GBP,Industrial Production m/m,Medium,-0.1%,0.2%,
2024-06-12,WedJun 12,GBP,Manufacturing Production m/m,Medium,-0.2%,0.3%,
2024-06-12,All Day,EUR,Eurogroup Meetings,Medium,,,
2024-06-12,4:33am,EUR,German 10-y Bond Auction,Medium,,2.53|2.8,
2024-06-12,6:01am,GBP,NIESR GDP Estimate,Medium,,0.7%,
2024-06-12,7:30am,USD,Core CPI m/m,High,0.3%,0.3%,
2024-06-12,7:30am,USD,CPI m/m,High,0.1%,0.3%,
2024-06-12,7:30am,USD,CPI y/y,High,3.4%,3.4%,
2024-06-12,9:30am,USD,Crude Oil Inventories,Medium,-1.2M,1.2M,
2024-06-12,1:00pm,USD,Federal Funds Rate,High,5.50%,5.50%,
2024-06-12,1:00pm,USD,FOMC Economic Projections,High,,,
2024-06-12,1:00pm,USD,FOMC Statement,High,,,
2024-06-12,1:00pm,USD,Federal Budget Balance,Medium,-279.6B,209.5B,
2024-06-12,1:30pm,USD,FOMC Press Conference,High,,,
2024-06-12,2:30pm,EUR,German Buba President Nagel Speaks,Medium,,,
2024-06-12,6:01pm,GBP,RICS House Price Balance,Medium,-5%,-7%,
2024-06-12,6:50pm,JPY,BSI Manufacturing Index,Medium,-5.2,-6.7,
2024-06-13,1:30am,CHF,PPI m/m,Medium,0.5%,0.6%,
2024-06-13,3:00am,EUR,Italian Quarterly Unemployment Rate,Medium,7.4%,7.4%,
2024-06-13,4:00am,EUR,Industrial Production m/m,Medium,0.1%,0.5%,
2024-06-13,7:30am,USD,Core PPI m/m,High,0.3%,0.5%,
2024-06-13,7:30am,USD,PPI m/m,High,0.1%,0.5%,
2024-06-13,7:30am,USD,Unemployment Claims,High,225K,229K,
2024-06-13,9:30am,USD,Natural Gas Storage,Medium,73B,98B,
2024-06-13,11:00am,USD,Treasury Sec Yellen Speaks,Low,,,
2024-06-13,11:00am,USD,FOMC Member Williams Speaks,Medium,,,
2024-06-13,12:01pm,USD,30-y Bond Auction,Low,,4.64|2.4,
2024-06-13,10:23pm,JPY,BOJ Policy Rate,High,<0.10%,<0.10%,
2024-06-13,10:23pm,JPY,Monetary Policy Statement,High,,,
2024-06-13,11:29pm,JPY,Revised Industrial Production m/m,Medium,-0.1%,-0.1%,
2024-06-13,11:30pm,JPY,Tertiary Industry Activity m/m,Medium,0.4%,-2.3%,
2024-06-14,1:45am,EUR,French Final CPI m/m,Medium,0.0%,0.0%,
2024-06-14,3:00am,EUR,Italian Trade Balance,Medium,4.25B,4.30B,
2024-06-14,3:30am,GBP,Consumer Inflation Expectations,Medium,,3.0%,
2024-06-14,4:00am,EUR,Trade Balance,Medium,17.0B,17.2B,
2024-06-14,7:30am,USD,Import Prices m/m,Medium,0.0%,0.9%,
2024-06-14,9:00am,USD,Prelim UoM Consumer Sentiment,High,72.1,69.1,
2024-06-14,9:00am,USD,Prelim UoM Inflation Expectations,Low,,3.3%,
2024-06-14,12:30pm,EUR,ECB President Lagarde Speaks,Low,,,
2024-06-14,6:00pm,USD,FOMC Member Cook Speaks,Medium,,,
2024-06-16,6:01pm,GBP,Rightmove HPI m/m,Medium,,0.8%,
2024-06-16,6:50pm,JPY,Core Machinery Orders m/m,Medium,-2.9%,2.9%,
2024-06-17,7:30am,USD,Empire State Manufacturing Index,High,-12.5,-15.6,
2024-06-17,8:00pm,USD,FOMC Member Cook Speaks,Medium,,,
2024-06-18,4:00am,EUR,Final Core CPI y/y,Medium,2.9%,2.9%,
2024-06-18,4:00am,EUR,Final CPI y/y,Medium,2.6%,2.6%,
2024-06-18,4:00am,EUR,ZEW Economic Sentiment,Medium,47.8,47.0,
2024-06-18,4:00am,EUR,German ZEW Economic Sentiment,Medium,49.6,47.1,
2024-06-18,7:30am,USD,Core Retail Sales m/m,High,0.2%,-0.1%,
2024-06-18,7:30am,USD,Retail Sales m/m,High,0.3%,-0.2%,
2024-06-18,8:15am,USD,Industrial Production m/m,Low,0.3%,0.0%,
2024-06-18,8:15am,USD,Capacity Utilization Rate,Medium,78.6%,78.2%,
2024-06-18,9:00am,USD,Business Inventories m/m,Medium,0.3%,-0.1%,
2024-06-18,9:00am,USD,FOMC Member Barkin Speaks,Medium,,,
2024-06-18,12:00pm,USD,FOMC Member Kugler Speaks,Medium,,,
2024-06-18,3:00pm,USD,TIC Long-Term Purchases,Medium,69.3B,102.6B,
2024-06-18,3:30pm,USD,API Weekly Statistical Bulletin,Medium,,,
2024-06-18,6:50pm,JPY,Monetary Policy Meeting Minutes,Medium,,,
2024-06-18,6:50pm,JPY,Trade Balance,Medium,-0.64T,-0.58T,
2024-06-19,WedJun 19,GBP,Core CPI y/y,Medium,3.5%,3.9%,
2024-06-19,WedJun 19,GBP,PPI Input m/m,Medium,-0.3%,0.8%,
2024-06-19,WedJun 19,GBP,PPI Output m/m,Medium,0.1%,0.3%,
2024-06-19,WedJun 19,GBP,RPI y/y,Medium,3.1%,3.3%,
2024-06-19,3:00am,EUR,Current Account,Medium,35.2B,35.8B,
2024-06-19,3:30am,GBP,HPI y/y,Medium,2.0%,0.9%,
2024-06-19,4:36am,EUR,German 30-y Bond Auction,Medium,,2.62|3.1,
2024-06-19,All Day,USD,Bank Holiday,Low,,,
2024-06-19,9:00am,USD,NAHB Housing Market Index,Medium,45,45,
2024-06-19,11:30pm,CHF,SNB Financial Stability Report,Medium,,,
2024-06-20,ThuJun 20,EUR,German PPI m/m,Medium,0.1%,0.2%,
2024-06-20,2:30am,CHF,SNB Monetary Policy Assessment,High,,,
2024-06-20,2:30am,CHF,SNB Policy Rate,High,1.50%,1.50%,
2024-06-20,3:00am,CHF,SNB Press Conference,High,,,
2024-06-20,3:00am,EUR,ECB Economic Bulletin,Medium,,,
2024-06-20,3:45am,EUR,Spanish 10-y Bond Auction,Medium,,3.25|1.8,
2024-06-20,6:00am,GBP,Monetary Policy Summary,High,,,
2024-06-20,6:00am,GBP,MPC Official Bank Rate Votes,High,0-2-7,0-2-7,
2024-06-20,6:00am,GBP,Official Bank Rate,High,5.25%,5.25%,
2024-06-20,7:30am,USD,Unemployment Claims,High,235K,243K,
2024-06-20,7:30am,USD,Building Permits,Low,1.45M,1.44M,
2024-06-20,7:30am,USD,Philly Fed Manufacturing Index,Low,4.8,4.5,
2024-06-20,7:30am,USD,Current Account,Medium,-207B,-222B,
2024-06-20,7:30am,USD,Housing Starts,Medium,1.37M,1.35M,
2024-06-20,9:00am,EUR,Consumer Confidence,Medium,-14,-14,
2024-06-20,10:00am,USD,Crude Oil Inventories,Medium,-2.8M,3.7M,
2024-06-20,2:30pm,USD,FOMC Member Barkin Speaks,Medium,,,
2024-06-20,3:00pm,USD,Treasury Currency Report,High,,,
2024-06-20,6:01pm,GBP,GfK Consumer Confidence,Medium,-16,-17,
2024-06-20,6:30pm,JPY,National Core CPI y/y,Medium,2.6%,2.2%,
2024-06-20,7:30pm,JPY,Flash Manufacturing PMI,Medium,50.6,50.4,
2024-06-21,FriJun 21,GBP,Public Sector Net Borrowing,Medium,14.5B,17.5B,
2024-06-21,2:00am,EUR,German Buba President Nagel Speaks,Medium,,,
2024-06-21,2:15am,EUR,French Flash Manufacturing PMI,High,46.8,46.4,
2024-06-21,2:15am,EUR,French Flash Services PMI,High,50.0,49.3,
2024-06-21,2:30am,EUR,German Flash Manufacturing PMI,High,46.4,45.4,
2024-06-21,2:30am,EUR,German Flash Services PMI,High,54.4,54.2,
2024-06-21,3:00am,EUR,Flash Manufacturing PMI,Low,48.0,47.3,
2024-06-21,3:00am,EUR,Flash Services PMI,Low,53.5,53.2,
2024-06-21,3:30am,GBP,Flash Manufacturing PMI,High,51.3,51.2,
2024-06-21,3:30am,GBP,Flash Services PMI,High,53.0,52.9,
2024-06-21,All Day,EUR,ECOFIN Meetings,Medium,,,
2024-06-21,8:45am,USD,Flash Manufacturing PMI,High,51.0,51.3,
2024-06-21,8:45am,USD,Flash Services PMI,High,53.4,54.8,
2024-06-21,9:00am,USD,Existing Home Sales,Low,4.08M,4.14M,
2024-06-21,9:00am,USD,CB Leading Index m/m,Medium,-0.4%,-0.6%,
2024-06-21,9:30am,USD,Natural Gas Storage,Medium,69B,74B,
2024-06-23,6:50pm,JPY,BOJ Summary of Opinions,Medium,,,
2024-06-24,3:00am,EUR,German ifo Business Climate,Low,89.4,89.3,
2024-06-24,5:00am,GBP,CBI Industrial Order Expectations,Medium,-26,-33,
2024-06-24,5:10am,EUR,German Buba President Nagel Speaks,Medium,,,
2024-06-24,7:58am,EUR,Belgian NBB Business Climate,Medium,-10.2,-11.0,
2024-06-24,1:00pm,USD,FOMC Member Daly Speaks,Medium,,,
2024-06-24,6:50pm,JPY,SPPI y/y,Medium,3.0%,2.7%,
2024-06-25,6:00am,USD,FOMC Member Bowman Speaks,Medium,,,
2024-06-25,8:00am,USD,S&P/CS Composite-20 HPI y/y,Low,7.0%,7.5%,
2024-06-25,8:00am,USD,HPI m/m,Medium,0.3%,0.0%,
2024-06-25,8:59am,USD,Richmond Manufacturing Index,Low,-3,0,
2024-06-25,9:00am,USD,CB Consumer Confidence,High,100.0,101.3,
2024-06-25,11:00am,USD,FOMC Member Cook Speaks,Medium,,,
2024-06-25,12:15pm,EUR,German Buba President Nagel Speaks,Medium,,,
2024-06-25,1:10pm,USD,FOMC Member Bowman Speaks,Medium,,,
2024-06-25,3:30pm,USD,API Weekly Statistical Bulletin,Medium,,,
2024-06-26,3:00am,CHF,UBS Economic Expectations,Medium,,18.2,
2024-06-26,5:00am,GBP,CBI Realized Sales,Medium,1,8,
2024-06-26,8:00am,CHF,SNB Quarterly Bulletin,Medium,,,
2024-06-26,9:00am,USD,New Home Sales,High,636K,698K,
2024-06-26,9:30am,USD,Crude Oil Inventories,Medium,-2.6M,-2.5M,
2024-06-26,3:30pm,USD,Bank Stress Test Results,Medium,,,
2024-06-26,6:50pm,JPY,Retail Sales y/y,Medium,2.0%,2.0%,
2024-06-27,ThuJun 27,EUR,Private Loans y/y,Medium,0.3%,0.2%,
2024-06-27,4:09am,EUR,Italian 10-y Bond Auction,Medium,,3.97|1.5,
2024-06-27,4:30am,GBP,BOE Gov Bailey Speaks,High,,,
2024-06-27,4:30am,GBP,BOE Financial Stability Report,Medium,,,
2024-06-27,4:30am,GBP,FPC Meeting Minutes,Medium,,,
2024-06-27,4:30am,GBP,FPC Statement,Medium,,,
2024-06-27,7:30am,USD,Final GDP q/q,High,1.4%,1.3%,
2024-06-27,7:30am,USD,Unemployment Claims,High,236K,239K,
2024-06-27,7:30am,USD,Core Durable Goods Orders m/m,Low,0.2%,0.4%,
2024-06-27,7:30am,USD,Durable Goods Orders m/m,Low,-0.5%,0.6%,
2024-06-27,7:30am,USD,Final GDP Price Index q/q,Low,3.0%,3.0%,
2024-06-27,7:30am,USD,Goods Trade Balance,Medium,-96.0B,-98.0B,
2024-06-27,7:30am,USD,Prelim Wholesale Inventories m/m,Medium,0.1%,0.1%,
2024-06-27,9:00am,USD,Pending Home Sales m/m,High,0.6%,-7.7%,
2024-06-27,9:30am,USD,Natural Gas Storage,Medium,53B,71B,
2024-06-27,6:30pm,JPY,Tokyo Core CPI y/y,Low,2.0%,1.9%,
2024-06-27,6:30pm,JPY,Unemployment Rate,Medium,2.6%,2.6%,
2024-06-27,6:50pm,JPY,Prelim Industrial Production m/m,Medium,2.0%,-0.9%,
2024-06-27,8:00pm,USD,President Biden Speaks,Low,,,
2024-06-28,1:00am,EUR,German Import Prices m/m,Medium,0.2%,0.7%,
2024-06-28,1:00am,GBP,Current Account,Medium,-17.7B,-21.2B,
2024-06-28,1:00am,GBP,Final GDP q/q,Medium,0.6%,0.6%,
2024-06-28,1:00am,GBP,Revised Business Investment q/q,Medium,0.9%,0.9%,
2024-06-28,1:45am,EUR,French Prelim CPI m/m,Low,0.1%,0.0%,
2024-06-28,1:45am,EUR,French Consumer Spending m/m,Medium,0.2%,-0.9%,
2024-06-28,2:00am,CHF,KOF Economic Barometer,Medium,101.0,102.2,
2024-06-28,2:00am,EUR,Spanish Flash CPI y/y,Low,3.4%,3.6%,
2024-06-28,2:55am,EUR,German Unemployment Change,Medium,14K,25K,
2024-06-28,4:00am,EUR,Italian Prelim CPI m/m,Medium,0.2%,0.2%,
2024-06-28,5:00am,USD,FOMC Member Barkin Speaks,Medium,,,
2024-06-28,7:30am,USD,Core PCE Price Index m/m,High,0.1%,0.3%,
2024-06-28,7:30am,USD,Personal Income m/m,Medium,0.4%,0.3%,
2024-06-28,7:30am,USD,Personal Spending m/m,Medium,0.3%,0.1%,
2024-06-28,8:45am,USD,Chicago PMI,Low,39.7,35.4,
2024-06-28,9:00am,USD,Revised UoM Consumer Sentiment,Low,65.9,65.6,
2024-06-28,9:00am,USD,Revised UoM Inflation Expectations,Medium,,3.3%,
2024-06-28,11:00am,USD,FOMC Member Bowman Speaks,Medium,,,
2024-06-30,6:50pm,JPY,Tankan Manufacturing Index,Medium,11,11,
2024-06-30,6:50pm,JPY,Tankan Non-Manufacturing Index,Medium,33,34,
2024-06-30,7:30pm,JPY,Final Manufacturing PMI,Medium,50.1,50.1,
2024-07-01,1:25am,GBP,Nationwide HPI m/m,Medium,0.0%,0.4%,
2024-07-01,All Day,EUR,German Prelim CPI m/m,High,0.2%,0.1%,
2024-07-01,1:30am,CHF,Retail Sales y/y,Medium,2.5%,2.2%,
2024-07-01,2:15am,EUR,Spanish Manufacturing PMI,Medium,53.1,54.0,
2024-07-01,2:30am,CHF,Manufacturing PMI,Medium,45.2,46.4,
2024-07-01,2:45am,EUR,Italian Manufacturing PMI,Medium,44.3,45.6,
2024-07-01,2:50am,EUR,French Final Manufacturing PMI,Medium,45.3,45.3,
2024-07-01,2:55am,EUR,German Final Manufacturing PMI,Medium,43.4,43.4,
2024-07-01,3:00am,EUR,Final Manufacturing PMI,Medium,45.6,45.6,
2024-07-01,3:30am,GBP,Final Manufacturing PMI,Medium,51.4,51.4,
2024-07-01,3:30am,GBP,M4 Money Supply m/m,Medium,0.2%,0.0%,
2024-07-01,3:30am,GBP,Mortgage Approvals,Medium,60K,61K,
2024-07-01,3:30am,GBP,Net Lending to Individuals m/m,Medium,3.3B,3.0B,
2024-07-01,7:15am,EUR,German Buba President Nagel Speaks,Medium,,,
2024-07-01,8:45am,USD,Final Manufacturing PMI,Low,51.7,51.7,
2024-07-01,9:00am,USD,ISM Manufacturing PMI,High,49.2,48.7,
2024-07-01,9:00am,USD,ISM Manufacturing Prices,Low,55.8,57.0,
2024-07-01,9:00am,USD,Construction Spending m/m,Medium,0.3%,0.3%,
2024-07-01,2:00pm,EUR,ECB President Lagarde Speaks,Low,,,
2024-07-01,6:01pm,GBP,BRC Shop Price Index y/y,Medium,,0.6%,
2024-07-01,6:50pm,JPY,Monetary Base y/y,Medium,1.0%,0.9%,
2024-07-01,10:35pm,JPY,10-y Bond Auction,Medium,,1.05|3.7,
2024-07-02,3:00am,EUR,Italian Monthly Unemployment Rate,Medium,6.9%,6.8%,
2024-07-02,4:00am,EUR,Core CPI Flash Estimate y/y,High,2.8%,2.9%,
2024-07-02,4:00am,EUR,CPI Flash Estimate y/y,High,2.5%,2.6%,
2024-07-02,4:00am,EUR,Unemployment Rate,Medium,6.4%,6.4%,
2024-07-02,8:30am,EUR,ECB President Lagarde Speaks,Low,,,
2024-07-02,8:30am,USD,Fed Chairman Powell Speaks,High,,,
2024-07-02,9:00am,USD,JOLTS Job Openings,High,7.96M,7.92M,
2024-07-02,All Day,USD,Wards Total Vehicle Sales,Medium,15.8M,15.9M,
2024-07-02,9:40am,USD,RCM/TIPP Economic Optimism,Medium,41.2,40.5,
2024-07-02,3:30pm,USD,API Weekly Statistical Bulletin,Medium,,,
2024-07-03,2:15am,EUR,Spanish Services PMI,Medium,56.5,56.9,
2024-07-03,2:45am,EUR,Italian Services PMI,Medium,53.9,54.2,
2024-07-03,2:50am,EUR,French Final Services PMI,Medium,48.8,48.8,
2024-07-03,2:55am,EUR,German Final Services PMI,Medium,53.5,53.5,
2024-07-03,3:00am,EUR,Final Services PMI,Medium,52.6,52.6,
2024-07-03,3:30am,GBP,Final Services PMI,Medium,51.2,51.2,
2024-07-03,4:00am,EUR,PPI m/m,Medium,-0.1%,-1.0%,
2024-07-03,4:39am,EUR,German 10-y Bond Auction,Medium,,2.60|2.0,
2024-07-03,5:30am,USD,FOMC Member Williams Speaks,Medium,,,
2024-07-03,6:30am,CHF,Gov Board Member Martin Speaks,Medium,,,
2024-07-03,6:30am,USD,Challenger Job Cuts y/y,Medium,,-20.3%,
2024-07-03,7:15am,USD,ADP Non-Farm Employment Change,High,163K,157K,
2024-07-03,7:30am,USD,Unemployment Claims,High,234K,234K,
2024-07-03,7:30am,USD,Trade Balance,Medium,-76.3B,-74.5B,
2024-07-03,8:45am,USD,Final Services PMI,Low,55.0,55.1,
2024-07-03,9:00am,USD,ISM Services PMI,High,52.6,53.8,
2024-07-03,9:00am,USD,Factory Orders m/m,Medium,0.2%,0.4%,
2024-07-03,9:15am,EUR,ECB President Lagarde Speaks,Low,,,
2024-07-03,9:30am,USD,Crude Oil Inventories,Medium,-0.4M,3.6M,
2024-07-03,11:00am,USD,Natural Gas Storage,Medium,31B,52B,
2024-07-03,1:00pm,USD,FOMC Meeting Minutes,High,,,
2024-07-03,10:35pm,JPY,30-y Bond Auction,Medium,,2.16|3.6,
2024-07-04,1:00am,EUR,German Factory Orders m/m,Medium,0.5%,-0.6%,
2024-07-04,1:30am,CHF,CPI m/m,High,0.1%,0.3%,
2024-07-04,All Day,GBP,Parliamentary Elections,High,,,
2024-07-04,3:30am,GBP,Construction PMI,Low,54.0,54.7,
2024-07-04,3:41am,EUR,Spanish 10-y Bond Auction,Medium,,3.35|1.7,
2024-07-04,4:01am,EUR,French 10-y Bond Auction,Medium,,3.05|2.0,
2024-07-04,6:30am,EUR,ECB Monetary Policy Meeting Accounts,Medium,,,
2024-07-04,All Day,USD,Bank Holiday,Low,,,
2024-07-04,6:30pm,JPY,Household Spending y/y,Medium,0.2%,0.5%,
2024-07-05,1:00am,EUR,German Industrial Production m/m,Medium,0.2%,0.1%,
2024-07-05,1:00am,GBP,Halifax HPI m/m,Medium,0.2%,0.0%,
2024-07-05,1:45am,EUR,French Industrial Production m/m,Medium,-0.6%,0.6%,
2024-07-05,1:45am,EUR,French Trade Balance,Medium,-7.2B,-7.6B,
2024-07-05,2:00am,CHF,Foreign Currency Reserves,Medium,,718B,
2024-07-05,2:00am,CHF,SECO Consumer Climate,Medium,-35,-38,
2024-07-05,2:00am,EUR,German Buba President Nagel Speaks,Medium,,,
2024-07-05,3:00am,EUR,Italian Retail Sales m/m,Medium,0.2%,-0.1%,
2024-07-05,3:30am,GBP,Housing Equity Withdrawal q/q,Medium,-20.3B,-24.7B,
2024-07-05,4:00am,EUR,Retail Sales m/m,Medium,0.2%,-0.2%,
2024-07-05,4:40am,USD,FOMC Member Williams Speaks,Medium,,,
2024-07-05,7:30am,USD,Average Hourly Earnings m/m,High,0.3%,0.4%,
2024-07-05,7:30am,USD,Non-Farm Employment Change,High,191K,218K,
2024-07-05,7:30am,USD,Unemployment Rate,High,4.0%,4.0%,
2024-07-05,10:00am,USD,Fed Monetary Policy Report,Medium,,,
2024-07-05,12:15pm,EUR,ECB President Lagarde Speaks,Low,,,
2024-07-07,6:30pm,JPY,Average Cash Earnings y/y,Medium,2.1%,1.6%,
2024-07-07,6:50pm,JPY,Bank Lending y/y,Medium,3.1%,2.9%,
2024-07-07,6:50pm,JPY,Current Account,Medium,2.07T,2.52T,
2024-07-08,1:00am,EUR,German Trade Balance,Medium,19.9B,22.2B,
2024-07-08,3:30am,EUR,Sentix Investor Confidence,Medium,-0.6,0.3,
2024-07-08,6:00am,GBP,MPC Member Haskel Speaks,Medium,,,
2024-07-08,2:00pm,USD,Consumer Credit m/m,Medium,9.7B,6.5B,
2024-07-08,6:01pm,GBP,BRC Retail Sales Monitor y/y,Medium,0.9%,0.4%,
2024-07-08,6:50pm,JPY,M2 Money Stock y/y,Medium,2.0%,1.9%,
2024-07-09,5:00am,USD,NFIB Small Business Index,Medium,90.3,90.5,
2024-07-09,8:15am,USD,FOMC Member Barr Speaks,Medium,,,
2024-07-09,9:00am,USD,Fed Chairman Powell Testifies,High,,,
2024-07-09,9:00am,USD,Treasury Sec Yellen Speaks,Low,,,
2024-07-09,12:30pm,USD,FOMC Member Bowman Speaks,Medium,,,
2024-07-09,3:30pm,USD,API Weekly Statistical Bulletin,Medium,,,
2024-07-09,6:50pm,JPY,PPI y/y,Medium,2.9%,2.6%,
2024-07-10,WedJul 10,EUR,Italian Industrial Production m/m,Medium,0.0%,-1.0%,
2024-07-10,8:30am,GBP,MPC Member Pill Speaks,Medium,,,
2024-07-10,9:00am,EUR,German Buba President Nagel Speaks,Medium,,,
2024-07-10,9:00am,USD,Fed Chairman Powell Testifies,High,,,
2024-07-10,9:00am,USD,Final Wholesale Inventories m/m,Medium,0.6%,0.6%,
2024-07-10,9:30am,USD,Crude Oil Inventories,Medium,0.7M,-12.2M,
2024-07-10,10:30am,GBP,MPC Member Mann Speaks,Medium,,,
2024-07-10,12:01pm,USD,10-y Bond Auction,Low,,4.44|2.7,
2024-07-10,1:30pm,USD,FOMC Member Bowman Speaks,Medium,,,
2024-07-10,1:30pm,USD,FOMC Member Goolsbee Speaks,Medium,,,
2024-07-10,6:01pm,GBP,RICS House Price Balance,Medium,-14%,-17%,
2024-07-10,6:30pm,USD,FOMC Member Cook Speaks,Medium,,,
2024-07-10,6:50pm,JPY,Core Machinery Orders m/m,Medium,0.9%,-2.9%,
2024-07-11,ThuJul 11,GBP,GDP m/m,High,0.2%,0.0%,
2024-07-11,ThuJul 11,GBP,Construction Output m/m,Medium,0.5%,-1.1%,
2024-07-11,ThuJul 11,GBP,Goods Trade Balance,Medium,-15.6B,-19.4B,
2024-07-11,ThuJul 11,GBP,Index of Services 3m/3m,Medium,1.0%,1.0%,
2024-07-11,ThuJul 11,GBP,Industrial Production m/m,Medium,0.3%,-0.9%,
2024-07-11,ThuJul 11,GBP,Manufacturing Production m/m,Medium,0.4%,-1.6%,
2024-07-11,3:30am,GBP,BOE Credit Conditions Survey,Medium,,,
2024-07-11,5:50am,GBP,NIESR GDP Estimate,Medium,,0.8%,
2024-07-11,7:30am,USD,Core CPI m/m,High,0.2%,0.2%,
2024-07-11,7:30am,USD,CPI m/m,High,0.1%,0.0%,
2024-07-11,7:30am,USD,CPI y/y,High,3.1%,3.3%,
2024-07-11,7:30am,USD,Unemployment Claims,High,236K,239K,
2024-07-11,8:30am,GBP,CB Leading Index m/m,Medium,,-0.1%,
2024-07-11,9:30am,USD,Natural Gas Storage,Medium,56B,32B,
2024-07-11,10:30am,USD,FOMC Member Bostic Speaks,Medium,,,
2024-07-11,12:00pm,USD,FOMC Member Musalem Speaks,Medium,,,
2024-07-11,12:01pm,USD,30-y Bond Auction,Low,,4.40|2.5,
2024-07-11,1:00pm,USD,Federal Budget Balance,Medium,-71.2B,-347.1B,
2024-07-11,5:30pm,USD,President Biden Speaks,Medium,,,
2024-07-11,11:30pm,JPY,Revised Industrial Production m/m,Medium,2.8%,2.8%,
2024-07-12,1:45am,EUR,French Final CPI m/m,Medium,0.1%,0.1%,
2024-07-12,7:30am,USD,Core PPI m/m,High,0.2%,0.3%,
2024-07-12,7:30am,USD,PPI m/m,High,0.1%,0.0%,
2024-07-12,9:00am,USD,Prelim UoM Consumer Sentiment,High,68.5,68.2,
2024-07-12,9:00am,USD,Prelim UoM Inflation Expectations,Low,,3.0%,
2024-07-14,All Day,JPY,Bank Holiday,Low,,,
2024-07-14,6:01pm,GBP,Rightmove HPI m/m,Medium,,0.0%,
2024-07-15,4:00am,EUR,Industrial Production m/m,Medium,-0.9%,0.0%,
2024-07-15,All Day,EUR,Eurogroup Meetings,Medium,,,
2024-07-15,7:30am,USD,Empire State Manufacturing Index,High,-5.5,-6.0,
2024-07-15,11:30am,USD,Fed Chairman Powell Speaks,High,,,
2024-07-15,3:35pm,USD,FOMC Member Daly Speaks,Medium,,,
2024-07-15,11:30pm,JPY,Tertiary Industry Activity m/m,Medium,0.1%,2.2%,
2024-07-16,TueJul 16,EUR,Trade Balance,Medium,18.0B,18.5B,
2024-07-16,TueJul 16,EUR,ZEW Economic Sentiment,Medium,48.1,51.3,
2024-07-16,TueJul 16,EUR,German ZEW Economic Sentiment,Medium,41.2,47.5,
2024-07-16,All Day,EUR,ECOFIN Meetings,Medium,,,
2024-07-16,7:30am,USD,Core Retail Sales m/m,High,0.1%,0.1%,
2024-07-16,7:30am,USD,Retail Sales m/m,High,-0.3%,0.3%,
2024-07-16,7:30am,USD,Import Prices m/m,Medium,0.2%,-0.2%,
2024-07-16,9:00am,USD,Business Inventories m/m,Medium,0.4%,0.3%,
2024-07-16,9:00am,USD,NAHB Housing Market Index,Medium,43,43,
2024-07-16,1:45pm,USD,FOMC Member Kugler Speaks,Medium,,,
2024-07-16,3:30pm,USD,API Weekly Statistical Bulletin,Medium,,,
2024-07-17,WedJul 17,GBP,Core CPI y/y,Medium,3.4%,3.5%,
2024-07-17,WedJul 17,GBP,PPI Input m/m,Medium,0.1%,-0.6%,
2024-07-17,WedJul 17,GBP,PPI Output m/m,Medium,0.1%,0.0%,
2024-07-17,WedJul 17,GBP,RPI y/y,Medium,2.9%,3.0%,
2024-07-17,3:30am,GBP,HPI y/y,Medium,1.5%,1.3%,
2024-07-17,4:00am,EUR,Final Core CPI y/y,Medium,2.9%,2.9%,
2024-07-17,4:00am,EUR,Final CPI y/y,Medium,2.5%,2.5%,
2024-07-17,4:36am,EUR,German 30-y Bond Auction,Medium,,2.54|1.6,
2024-07-17,7:30am,USD,Building Permits,Low,1.40M,1.40M,
2024-07-17,7:30am,USD,Housing Starts,Medium,1.30M,1.31M,
2024-07-17,8:00am,USD,FOMC Member Barkin Speaks,Medium,,,
2024-07-17,8:15am,USD,Industrial Production m/m,Low,0.3%,0.9%,
2024-07-17,8:15am,USD,Capacity Utilization Rate,Medium,78.5%,78.3%,
2024-07-17,8:35am,USD,FOMC Member Waller Speaks,Low,,,
2024-07-17,9:30am,USD,Crude Oil Inventories,Medium,-0.9M,-3.4M,
2024-07-17,1:00pm,USD,Beige Book,Medium,,,
2024-07-17,6:50pm,JPY,Trade Balance,Medium,-0.82T,-0.64T,
2024-07-18,ThuJul 18,GBP,Claimant Count Change,High,23.4K,51.9K,
2024-07-18,ThuJul 18,GBP,Average Earnings Index 3m/y,Low,5.7%,5.9%,
2024-07-18,ThuJul 18,GBP,Unemployment Rate,Medium,4.4%,4.4%,
2024-07-18,3:42am,EUR,Spanish 10-y Bond Auction,Medium,,3.42|2.2,
2024-07-18,5:00am,EUR,German Buba Monthly Report,Medium,,,
2024-07-18,7:15am,EUR,Main Refinancing Rate,High,4.25%,4.25%,
2024-07-18,7:15am,EUR,Monetary Policy Statement,High,,,
2024-07-18,7:30am,USD,Unemployment Claims,High,229K,223K,
2024-07-18,7:30am,USD,Philly Fed Manufacturing Index,Low,2.7,1.3,
2024-07-18,7:45am,EUR,ECB Press Conference,High,,,
2024-07-18,9:00am,USD,CB Leading Index m/m,Medium,-0.3%,-0.4%,
2024-07-18,9:30am,USD,Natural Gas Storage,Medium,27B,65B,
2024-07-18,12:45pm,USD,FOMC Member Logan Speaks,Medium,,,
2024-07-18,3:00pm,USD,TIC Long-Term Purchases,Medium,98.4B,123.3B,
2024-07-18,5:05pm,USD,FOMC Member Daly Speaks,Low,,,
2024-07-18,6:01pm,GBP,GfK Consumer Confidence,Medium,-12,-14,
2024-07-18,6:30pm,JPY,National Core CPI y/y,Medium,2.7%,2.5%,
2024-07-18,6:45pm,USD,FOMC Member Bowman Speaks,Medium,,,
2024-07-19,FriJul 19,GBP,Retail Sales m/m,High,-0.6%,2.9%,
2024-07-19,FriJul 19,GBP,Public Sector Net Borrowing,Medium,10.8B,15.6B,
2024-07-19,3:05am,EUR,Current Account,Medium,34.6B,36.7B,
2024-07-19,9:40am,USD,FOMC Member Williams Speaks,Low,,,
2024-07-19,12:00pm,USD,FOMC Member Bostic Speaks,Medium,,,
2024-07-23,8:59am,USD,Richmond Manufacturing Index,Low,-7,-10,
2024-07-23,9:00am,EUR,Consumer Confidence,Medium,-13,-14,
2024-07-23,9:00am,USD,Existing Home Sales,Low,3.99M,4.11M,
2024-07-23,3:30pm,USD,API Weekly Statistical Bulletin,Medium,,,
2024-07-23,7:30pm,JPY,Flash Manufacturing PMI,Medium,50.5,50.0,
2024-07-24,2:15am,EUR,French Flash Manufacturing PMI,High,45.8,45.4,
2024-07-24,2:15am,EUR,French Flash Services PMI,High,49.7,49.6,
2024-07-24,2:30am,EUR,German Flash Manufacturing PMI,High,44.1,43.5,
2024-07-24,2:30am,EUR,German Flash Services PMI,High,53.2,53.1,
2024-07-24,3:00am,EUR,Flash Manufacturing PMI,Low,46.0,45.8,
2024-07-24,3:00am,EUR,Flash Services PMI,Low,52.9,52.8,
2024-07-24,3:30am,GBP,Flash Manufacturing PMI,High,51.1,50.9,
2024-07-24,3:30am,GBP,Flash Services PMI,High,52.5,52.1,
2024-07-24,4:02am,GBP,30-y Bond Auction,Medium,,4.55|3.3,
2024-07-24,4:32am,EUR,German 10-y Bond Auction,Medium,,2.63|1.9,
2024-07-24,7:30am,USD,Goods Trade Balance,Medium,-98.8B,-99.4B,
2024-07-24,7:30am,USD,Prelim Wholesale Inventories m/m,Medium,0.5%,0.6%,
2024-07-24,8:45am,USD,Flash Manufacturing PMI,High,51.7,51.6,
2024-07-24,8:45am,USD,Flash Services PMI,High,54.7,55.3,
2024-07-24,9:00am,USD,New Home Sales,Low,639K,621K,
2024-07-24,9:30am,USD,Crude Oil Inventories,Medium,-2.6M,-4.9M,
2024-07-24,3:05pm,USD,FOMC Member Bowman Speaks,Medium,,,
2024-07-24,3:05pm,USD,FOMC Member Logan Speaks,Medium,,,
2024-07-24,6:50pm,JPY,SPPI y/y,Medium,2.6%,2.7%,
2024-07-24,7:00pm,USD,President Biden Speaks,Medium,,,
2024-07-25,ThuJul 25,EUR,M3 Money Supply y/y,Medium,1.9%,1.5%,
2024-07-25,ThuJul 25,EUR,Private Loans y/y,Medium,0.5%,0.3%,
2024-07-25,5:00am,GBP,CBI Industrial Order Expectations,Medium,-19,-18,
2024-07-25,7:30am,USD,Advance GDP q/q,High,2.0%,1.4%,
2024-07-25,7:30am,USD,Unemployment Claims,High,237K,245K,
2024-07-25,7:30am,USD,Advance GDP Price Index q/q,Low,2.6%,3.1%,
2024-07-25,7:30am,USD,Core Durable Goods Orders m/m,Low,0.2%,-0.1%,
2024-07-25,7:30am,USD,Durable Goods Orders m/m,Low,0.3%,0.1%,
2024-07-25,8:00am,EUR,Belgian NBB Business Climate,Medium,-11.0,-11.1,
2024-07-25,9:30am,USD,Natural Gas Storage,Medium,13B,10B,
2024-07-25,10:00am,EUR,ECB President Lagarde Speaks,Low,,,
2024-07-25,6:30pm,JPY,Tokyo Core CPI y/y,Low,2.2%,2.1%,
2024-07-26,7:30am,USD,Core PCE Price Index m/m,High,0.2%,0.1%,
2024-07-26,7:30am,USD,Personal Income m/m,Medium,0.4%,0.4%,
2024-07-26,7:30am,USD,Personal Spending m/m,Medium,0.3%,0.4%,
2024-07-26,9:00am,USD,Revised UoM Consumer Sentiment,Low,66.3,66.0,
2024-07-26,9:00am,USD,Revised UoM Inflation Expectations,Medium,,2.9%,
2024-07-29,MonJul 29,GBP,Mortgage Approvals,Medium,60K,60K,
2024-07-29,MonJul 29,GBP,Net Lending to Individuals m/m,Medium,2.2B,2.8B,
2024-07-29,5:00am,GBP,CBI Realized Sales,Medium,-20,-24,
2024-07-29,6:01pm,GBP,BRC Shop Price Index y/y,Medium,,0.2%,
2024-07-29,6:30pm,JPY,Unemployment Rate,Medium,2.6%,2.6%,
2024-07-30,TueJul 30,EUR,French Flash GDP q/q,Medium,0.2%,0.3%,
2024-07-30,All Day,EUR,German Prelim CPI m/m,High,0.3%,0.1%,
2024-07-30,2:00am,CHF,KOF Economic Barometer,Medium,102.6,102.7,
2024-07-30,2:00am,EUR,Spanish Flash CPI y/y,Low,3.0%,3.4%,
2024-07-30,2:00am,EUR,Spanish Flash GDP q/q,Medium,0.5%,0.8%,
2024-07-30,3:00am,EUR,Italian Prelim GDP q/q,Medium,0.2%,0.3%,
2024-07-30,3:00am,EUR,German Prelim GDP q/q,Medium,0.1%,0.2%,
2024-07-30,4:00am,EUR,Prelim Flash GDP q/q,Medium,0.2%,0.3%,
2024-07-30,4:03am,GBP,10-y Bond Auction,Medium,,4.07|3.5,
2024-07-30,4:18am,EUR,Italian 10-y Bond Auction,Medium,,4.01|1.4,
2024-07-30,8:00am,USD,S&P/CS Composite-20 HPI y/y,Low,6.5%,7.3%,
2024-07-30,8:00am,USD,HPI m/m,Medium,0.2%,0.3%,
2024-07-30,9:00am,USD,CB Consumer Confidence,High,99.7,97.8,
2024-07-30,9:00am,USD,JOLTS Job Openings,High,8.02M,8.23M,
2024-07-30,3:30pm,USD,API Weekly Statistical Bulletin,Medium,,,
2024-07-30,6:50pm,JPY,Prelim Industrial Production m/m,Medium,-4.2%,3.6%,
2024-07-30,6:50pm,JPY,Retail Sales y/y,Medium,3.3%,2.8%,
2024-07-30,10:57pm,JPY,BOJ Outlook Report,High,,,
2024-07-30,10:57pm,JPY,BOJ Policy Rate,High,<0.10%,<0.10%,
2024-07-30,10:57pm,JPY,Monetary Policy Statement,High,,,
2024-07-30,11:59pm,JPY,Consumer Confidence,Medium,36.5,36.4,
2024-07-31,1:00am,EUR,German Import Prices m/m,Medium,0.1%,0.0%,
2024-07-31,1:30am,JPY,BOJ Press Conference,High,,,
2024-07-31,1:45am,EUR,French Prelim CPI m/m,Medium,0.3%,0.1%,
2024-07-31,2:55am,EUR,German Unemployment Change,Medium,16K,20K,
2024-07-31,3:00am,CHF,UBS Economic Expectations,Medium,,17.5,
2024-07-31,3:41am,EUR,Italian Prelim CPI m/m,Medium,0.3%,0.1%,
2024-07-31,4:00am,EUR,Core CPI Flash Estimate y/y,High,2.8%,2.9%,
2024-07-31,4:00am,EUR,CPI Flash Estimate y/y,High,2.5%,2.5%,
2024-07-31,7:15am,USD,ADP Non-Farm Employment Change,High,147K,155K,
2024-07-31,7:30am,USD,Employment Cost Index q/q,High,1.0%,1.2%,
2024-07-31,8:45am,USD,Chicago PMI,Low,44.8,47.4,
2024-07-31,9:00am,USD,Pending Home Sales m/m,High,1.4%,-1.9%,
2024-07-31,9:30am,USD,Crude Oil Inventories,Medium,-1.6M,-3.7M,
2024-07-31,1:00pm,USD,Federal Funds Rate,High,5.50%,5.50%,
2024-07-31,1:00pm,USD,FOMC Statement,High,,,
2024-07-31,1:30pm,USD,FOMC Press Conference,High,,,
2024-07-31,7:30pm,JPY,Final Manufacturing PMI,Medium,49.2,49.2,
2024-08-01,1:00am,GBP,Nationwide HPI m/m,Medium,0.1%,0.2%,
2024-08-01,2:15am,EUR,Spanish Manufacturing PMI,Medium,52.5,52.3,
2024-08-01,2:45am,EUR,Italian Manufacturing PMI,Medium,46.0,45.7,
2024-08-01,2:50am,EUR,French Final Manufacturing PMI,Medium,44.1,44.1,
2024-08-01,2:55am,EUR,German Final Manufacturing PMI,Medium,42.6,42.6,
2024-08-01,3:00am,EUR,ECB Economic Bulletin,Medium,,,
2024-08-01,3:00am,EUR,Final Manufacturing PMI,Medium,45.6,45.6,
2024-08-01,3:00am,EUR,Italian Monthly Unemployment Rate,Medium,6.8%,6.9%,
2024-08-01,3:30am,GBP,Final Manufacturing PMI,Medium,51.8,51.8,
2024-08-01,3:50am,EUR,Spanish 10-y Bond Auction,Medium,,3.19|1.4,
2024-08-01,4:00am,EUR,Unemployment Rate,Medium,6.4%,6.4%,
2024-08-01,4:02am,EUR,French 10-y Bond Auction,Medium,,3.23|2.4,
2024-08-01,6:00am,GBP,BOE Monetary Policy Report,High,,,
2024-08-01,6:00am,GBP,Monetary Policy Summary,High,,,
2024-08-01,6:00am,GBP,MPC Official Bank Rate Votes,High,0-6-3,0-2-7,
2024-08-01,6:00am,GBP,Official Bank Rate,High,5.00%,5.25%,
2024-08-01,6:30am,GBP,BOE Gov Bailey Speaks,High,,,
2024-08-01,6:30am,USD,Challenger Job Cuts y/y,Medium,,19.8%,
2024-08-01,7:30am,USD,Unemployment Claims,High,236K,235K,
2024-08-01,7:30am,USD,Prelim Nonfarm Productivity q/q,Medium,1.7%,0.2%,
2024-08-01,7:30am,USD,Prelim Unit Labor Costs q/q,Medium,1.8%,4.0%,
2024-08-01,8:45am,USD,Final Manufacturing PMI,Low,49.5,49.5,
2024-08-01,9:00am,USD,ISM Manufacturing PMI,High,48.8,48.5,
2024-08-01,9:00am,USD,ISM Manufacturing Prices,Low,51.9,52.1,
2024-08-01,9:00am,USD,Construction Spending m/m,Medium,0.2%,-0.4%,
2024-08-01,All Day,USD,Wards Total Vehicle Sales,Medium,16.1M,15.3M,
2024-08-01,9:30am,USD,Natural Gas Storage,Medium,30B,22B,
2024-08-01,11:15am,GBP,MPC Member Pill Speaks,Low,,,
2024-08-01,6:50pm,JPY,Monetary Base y/y,Medium,0.9%,0.6%,
2024-08-02,1:45am,EUR,French Gov Budget Balance,Medium,,-113.5B,
2024-08-02,1:45am,EUR,French Industrial Production m/m,Medium,1.0%,-2.2%,
2024-08-02,2:00am,EUR,Spanish Unemployment Change,Medium,-17.4K,-46.8K,
2024-08-02,2:30am,CHF,Manufacturing PMI,Medium,44.4,43.9,
2024-08-02,3:00am,EUR,Italian Industrial Production m/m,Medium,0.0%,0.5%,
2024-08-02,4:00am,EUR,Italian Retail Sales m/m,Medium,0.2%,0.4%,
2024-08-02,6:15am,GBP,MPC Member Pill Speaks,Medium,,,
2024-08-02,7:30am,USD,Average Hourly Earnings m/m,High,0.3%,0.3%,
2024-08-02,7:30am,USD,Non-Farm Employment Change,High,176K,179K,
2024-08-02,7:30am,USD,Unemployment Rate,High,4.1%,4.1%,
2024-08-02,9:00am,USD,Factory Orders m/m,Medium,-2.7%,-0.5%,
2024-08-04,6:50pm,JPY,Monetary Policy Meeting Minutes,Medium,,,
2024-08-05,2:45am,EUR,Italian Services PMI,Medium,51.9,53.7,
2024-08-05,2:50am,EUR,French Final Services PMI,Medium,50.7,50.7,
2024-08-05,2:55am,EUR,German Final Services PMI,Medium,52.0,52.0,
2024-08-05,3:00am,EUR,Final Services PMI,Medium,51.9,51.9,
2024-08-05,3:30am,EUR,Sentix Investor Confidence,Medium,-5.5,-7.3,
2024-08-05,3:30am,GBP,Final Services PMI,Medium,52.4,52.4,
2024-08-05,4:00am,EUR,PPI m/m,Medium,0.1%,-0.2%,
2024-08-05,7:30am,USD,FOMC Member Goolsbee Speaks,Medium,,,
2024-08-05,8:45am,USD,Final Services PMI,Low,56.0,56.0,
2024-08-05,9:00am,USD,ISM Services PMI,High,51.1,48.8,
2024-08-05,1:00pm,USD,Loan Officer Survey,Medium,,,
2024-08-05,4:00pm,USD,FOMC Member Daly Speaks,Medium,,,
2024-08-05,6:01pm,GBP,BRC Retail Sales Monitor y/y,Medium,0.3%,-0.5%,
2024-08-05,6:30pm,JPY,Average Cash Earnings y/y,Medium,2.5%,2.0%,
2024-08-05,6:30pm,JPY,Household Spending y/y,Medium,-0.9%,-1.8%,
2024-08-05,10:35pm,JPY,10-y Bond Auction,Medium,,1.09|3.2,
2024-08-06,12:45am,CHF,Unemployment Rate,Medium,2.5%,2.4%,
2024-08-06,1:00am,EUR,German Factory Orders m/m,Medium,0.4%,-1.7%,
2024-08-06,1:30am,CHF,Retail Sales y/y,Medium,0.5%,-0.2%,
2024-08-06,1:45am,EUR,French Prelim Private Payrolls q/q,Medium,0.2%,0.3%,
2024-08-06,3:30am,GBP,Construction PMI,Low,52.5,52.2,
2024-08-06,4:00am,EUR,Retail Sales m/m,Medium,0.0%,0.1%,
2024-08-06,7:30am,USD,Trade Balance,Medium,-72.5B,-75.0B,
2024-08-06,9:05am,USD,RCM/TIPP Economic Optimism,Medium,45.0,44.2,
2024-08-06,3:30pm,USD,API Weekly Statistical Bulletin,Medium,,,
2024-08-07,1:00am,EUR,German Industrial Production m/m,Medium,1.0%,-3.1%,
2024-08-07,1:00am,EUR,German Trade Balance,Medium,21.7B,25.3B,
2024-08-07,1:00am,GBP,Halifax HPI m/m,Medium,0.2%,0.0%,
2024-08-07,1:45am,EUR,French Trade Balance,Medium,-7.5B,-7.7B,
2024-08-07,2:00am,CHF,Foreign Currency Reserves,Medium,,712B,
2024-08-07,9:30am,USD,Crude Oil Inventories,Medium,-1.6M,-3.4M,
2024-08-07,12:01pm,USD,10-y Bond Auction,Low,,4.28|2.6,
2024-08-07,2:00pm,USD,Consumer Credit m/m,Medium,9.8B,13.9B,
2024-08-07,6:01pm,GBP,RICS House Price Balance,Medium,-12%,-17%,
2024-08-07,6:50pm,JPY,Bank Lending y/y,Medium,3.2%,3.2%,
2024-08-07,6:50pm,JPY,BOJ Summary of Opinions,Medium,,,
2024-08-07,6:50pm,JPY,Current Account,Medium,2.34T,2.41T,
2024-08-07,10:35pm,JPY,30-y Bond Auction,Medium,,2.19|3.0,
2024-08-08,7:30am,USD,Unemployment Claims,High,241K,250K,
2024-08-08,9:00am,USD,Final Wholesale Inventories m/m,Medium,0.2%,0.2%,
2024-08-08,9:30am,USD,Natural Gas Storage,Medium,22B,18B,
2024-08-08,12:01pm,USD,30-y Bond Auction,Low,,4.41|2.3,
2024-08-08,2:00pm,USD,FOMC Member Barkin Speaks,Medium,,,
2024-08-08,6:50pm,JPY,M2 Money Stock y/y,Medium,1.6%,1.5%,
2024-08-09,2:00am,CHF,SECO Consumer Climate,Medium,-36,-37,
2024-08-09,4:00am,EUR,Italian Trade Balance,Medium,5.55B,6.38B,
2024-08-12,8:56am,USD,Cleveland Fed Inflation Expectations,Medium,,3.8%,
2024-08-12,1:00pm,USD,Federal Budget Balance,Medium,-238.1B,-66.0B,
2024-08-12,6:50pm,JPY,PPI y/y,Medium,3.0%,2.9%,
2024-08-13,1:00am,GBP,Claimant Count Change,High,14.5K,36.2K,
2024-08-13,1:00am,GBP,Average Earnings Index 3m/y,Low,4.6%,5.7%,
2024-08-13,1:00am,GBP,Unemployment Rate,Medium,4.5%,4.4%,
2024-08-13,4:00am,EUR,German ZEW Economic Sentiment,Medium,32.6,41.8,
2024-08-13,4:00am,EUR,ZEW Economic Sentiment,Medium,35.4,43.7,
2024-08-13,4:55am,USD,NFIB Small Business Index,Medium,91.5,91.5,
2024-08-13,7:30am,USD,Core PPI m/m,High,0.2%,0.3%,
2024-08-13,7:30am,USD,PPI m/m,High,0.2%,0.2%,
2024-08-13,12:15pm,USD,FOMC Member Bostic Speaks,Medium,,,
2024-08-13,3:30pm,USD,API Weekly Statistical Bulletin,Medium,,,
2024-08-14,WedAug 14,GBP,Core CPI y/y,Medium,3.4%,3.5%,
2024-08-14,WedAug 14,GBP,PPI Input m/m,Medium,-0.3%,-0.4%,
2024-08-14,WedAug 14,GBP,PPI Output m/m,Medium,0.1%,-0.7%,
2024-08-14,WedAug 14,GBP,RPI y/y,Medium,3.4%,2.9%,
2024-08-14,1:45am,EUR,French Final CPI m/m,Medium,0.1%,0.1%,
2024-08-14,3:30am,GBP,HPI y/y,Medium,2.6%,2.7%,
2024-08-14,4:00am,EUR,Flash Employment Change q/q,Medium,0.2%,0.3%,
2024-08-14,4:00am,EUR,Flash GDP q/q,Medium,0.3%,0.3%,
2024-08-14,4:00am,EUR,Industrial Production m/m,Medium,0.4%,-0.9%,
2024-08-14,4:34am,EUR,German 30-y Bond Auction,Medium,,2.59|2.6,
2024-08-14,7:30am,USD,Core CPI m/m,High,0.2%,0.1%,
2024-08-14,7:30am,USD,CPI m/m,High,0.2%,-0.1%,
2024-08-14,7:30am,USD,CPI y/y,High,3.0%,3.0%,
2024-08-14,9:30am,USD,Crude Oil Inventories,Medium,-1.9M,-3.7M,
2024-08-14,6:50pm,JPY,Prelim GDP Price Index y/y,Medium,2.6%,3.4%,
2024-08-14,6:50pm,JPY,Prelim GDP q/q,Medium,0.6%,-0.5%,
2024-08-14,11:30pm,JPY,Revised Industrial Production m/m,Medium,-3.6%,-3.6%,
2024-08-15,ThuAug 15,GBP,Prelim GDP q/q,Low,0.6%,0.7%,
2024-08-15,ThuAug 15,GBP,Construction Output m/m,Medium,-0.3%,1.7%,
2024-08-15,ThuAug 15,GBP,Goods Trade Balance,Medium,-16.0B,-18.6B,
2024-08-15,ThuAug 15,GBP,Index of Services 3m/3m,Medium,0.9%,1.1%,
2024-08-15,ThuAug 15,GBP,Industrial Production m/m,Medium,0.1%,0.3%,
2024-08-15,ThuAug 15,GBP,Manufacturing Production m/m,Medium,0.2%,0.3%,
2024-08-15,ThuAug 15,GBP,Prelim Business Investment q/q,Medium,0.4%,0.5%,
2024-08-15,All Day,EUR,French Bank Holiday,Low,,,
2024-08-15,All Day,EUR,Italian Bank Holiday,Low,,,
2024-08-15,1:30am,CHF,PPI m/m,Medium,0.2%,0.0%,
2024-08-15,6:02am,GBP,NIESR GDP Estimate,Medium,,0.6%,
2024-08-15,7:30am,USD,Core Retail Sales m/m,High,0.1%,0.5%,
2024-08-15,7:30am,USD,Retail Sales m/m,High,0.4%,-0.2%,
2024-08-15,7:30am,USD,Unemployment Claims,High,236K,234K,
2024-08-15,7:30am,USD,Empire State Manufacturing Index,Low,-5.9,-6.6,
2024-08-15,7:30am,USD,Philly Fed Manufacturing Index,Low,5.4,13.9,
2024-08-15,7:30am,USD,Import Prices m/m,Medium,-0.1%,0.0%,
2024-08-15,8:10am,USD,FOMC Member Musalem Speaks,Medium,,,
2024-08-15,8:15am,USD,Capacity Utilization Rate,Medium,78.5%,78.4%,
2024-08-15,8:15am,USD,Industrial Production m/m,Medium,-0.3%,0.3%,
2024-08-15,9:00am,USD,Business Inventories m/m,Medium,0.3%,0.5%,
2024-08-15,9:00am,USD,NAHB Housing Market Index,Medium,43,41,
2024-08-15,9:23am,USD,Mortgage Delinquencies,Medium,,3.94%,
2024-08-15,9:30am,USD,Natural Gas Storage,Medium,3B,21B,
2024-08-15,12:10pm,USD,FOMC Member Harker Speaks,Medium,,,
2024-08-15,3:00pm,USD,TIC Long-Term Purchases,Medium,56.3B,-54.1B,
2024-08-15,11:30pm,JPY,Tertiary Industry Activity m/m,Medium,0.3%,0.6%,
2024-08-16,4:00am,EUR,Trade Balance,Medium,13.3B,12.4B,
2024-08-16,7:30am,USD,Building Permits,Low,1.43M,1.45M,
2024-08-16,7:30am,USD,Housing Starts,Medium,1.34M,1.33M,
2024-08-16,8:30am,GBP,CB Leading Index m/m,Medium,,-0.1%,
2024-08-16,9:00am,USD,Prelim UoM Consumer Sentiment,Low,66.7,66.4,
2024-08-16,9:00am,USD,Prelim UoM Inflation Expectations,Low,,2.9%,
2024-08-16,12:25pm,USD,FOMC Member Goolsbee Speaks,Medium,,,
2024-08-18,6:01pm,GBP,Rightmove HPI m/m,Medium,,-0.4%,
2024-08-18,6:50pm,JPY,Core Machinery Orders m/m,Medium,0.9%,-3.2%,
2024-08-19,9:00am,USD,CB Leading Index m/m,Medium,-0.4%,-0.2%,
2024-08-20,TueAug 20,EUR,German PPI m/m,Medium,0.2%,0.2%,
2024-08-20,3:00am,EUR,Current Account,Medium,37.0B,37.6B,
2024-08-20,4:00am,EUR,Final Core CPI y/y,Medium,2.9%,2.9%,
2024-08-20,4:00am,EUR,Final CPI y/y,Medium,2.6%,2.6%,
2024-08-20,4:30am,CHF,SNB Chairman Jordan Speaks,Low,,,
2024-08-20,5:00am,EUR,German Buba Monthly Report,Medium,,,
2024-08-20,12:35pm,USD,FOMC Member Bostic Speaks,Medium,,,
2024-08-20,1:45pm,USD,FOMC Member Barr Speaks,Medium,,,
2024-08-20,3:30pm,USD,API Weekly Statistical Bulletin,Medium,,,
2024-08-20,6:50pm,JPY,Trade Balance,Medium,-0.72T,-0.82T,
2024-08-21,4:38am,EUR,German 10-y Bond Auction,Medium,,2.43|1.8,
2024-08-21,9:00am,USD,Prelim Benchmark Payrolls Revision,High,,-306K,
2024-08-21,9:30am,USD,Crude Oil Inventories,Low,-2.0M,1.4M,
2024-08-21,1:00pm,USD,FOMC Meeting Minutes,High,,,
2024-08-21,7:30pm,JPY,Flash Manufacturing PMI,Medium,49.8,49.1,
2024-08-22,ThuAug 22,EUR,French Flash Services PMI,High,50.2,50.1,
2024-08-22,2:30am,EUR,German Flash Manufacturing PMI,High,43.4,43.2,
2024-08-22,2:30am,EUR,German Flash Services PMI,High,52.3,52.5,
2024-08-22,3:00am,EUR,Flash Manufacturing PMI,Low,45.7,45.8,
2024-08-22,3:00am,EUR,Flash Services PMI,Low,51.7,51.9,
2024-08-22,3:30am,GBP,Flash Manufacturing PMI,High,52.1,52.1,
2024-08-22,3:30am,GBP,Flash Services PMI,High,52.8,52.5,
2024-08-22,5:00am,GBP,CBI Industrial Order Expectations,Medium,-26,-32,
2024-08-22,6:30am,EUR,ECB Monetary Policy Meeting Accounts,Medium,,,
2024-08-22,7:30am,USD,Unemployment Claims,High,232K,228K,
2024-08-22,7:30am,USD,FOMC Member Collins Speaks,Medium,,,
2024-08-22,8:45am,USD,Flash Manufacturing PMI,High,49.5,49.6,
2024-08-22,8:45am,USD,Flash Services PMI,High,54.0,55.0,
2024-08-22,9:00am,EUR,Consumer Confidence,Medium,-13,-13,
2024-08-22,9:00am,USD,Existing Home Sales,Low,3.94M,3.90M,
2024-08-22,9:00am,USD,FOMC Member Harker Speaks,Medium,,,
2024-08-22,9:30am,USD,Natural Gas Storage,Medium,26B,-6B,
2024-08-22,6:01pm,GBP,GfK Consumer Confidence,Medium,-12,-13,
2024-08-22,6:30pm,JPY,National Core CPI y/y,Medium,2.7%,2.6%,
2024-08-22,7:33pm,JPY,BOJ Gov Ueda Speaks,High,,,
2024-08-22,11:00pm,JPY,BOJ Gov Ueda Speaks,High,,,
2024-08-23,8:00am,USD,FOMC Member Bostic Speaks,Medium,,,
2024-08-23,9:00am,USD,Fed Chairman Powell Speaks,High,,,
2024-08-23,9:00am,USD,New Home Sales,Low,624K,668K,
2024-08-23,10:00am,GBP,BOE Gov Bailey Speaks,High,,,
2024-08-23,10:00am,USD,FOMC Member Harker Speaks,Low,,,
2024-08-23,11:30am,USD,FOMC Member Goolsbee Speaks,Low,,,
2024-08-23,12:45pm,USD,FOMC Member Goolsbee Speaks,Medium,,,
2024-08-23,1:15pm,USD,FOMC Member Goolsbee Speaks,Medium,,,
2024-08-26,3:00am,EUR,German ifo Business Climate,Low,86.0,87.0,
2024-08-26,7:30am,USD,Core Durable Goods Orders m/m,Low,0.0%,0.4%,
2024-08-26,7:30am,USD,Durable Goods Orders m/m,Low,4.0%,-6.7%,
2024-08-26,8:00am,EUR,Belgian NBB Business Climate,Medium,-12.6,-12.3,
2024-08-26,6:01pm,GBP,BRC Shop Price Index y/y,Medium,,0.2%,
2024-08-26,6:50pm,JPY,SPPI y/y,Medium,2.9%,3.1%,
2024-08-27,1:00am,EUR,German GfK Consumer Climate,Medium,-18.3,-18.6,
2024-08-27,1:03am,EUR,German Final GDP q/q,Medium,-0.1%,-0.1%,
2024-08-27,5:00am,GBP,CBI Realized Sales,Medium,-11,-43,
2024-08-27,8:00am,USD,S&P/CS Composite-20 HPI y/y,Low,6.2%,6.9%,
2024-08-27,8:00am,USD,HPI m/m,Medium,0.1%,0.0%,
2024-08-27,8:59am,USD,Richmond Manufacturing Index,Low,-14,-17,
2024-08-27,9:00am,EUR,German Buba President Nagel Speaks,Medium,,,
2024-08-27,9:00am,USD,CB Consumer Confidence,High,100.9,101.9,
2024-08-27,3:30pm,USD,API Weekly Statistical Bulletin,Medium,,,
2024-08-28,3:00am,CHF,UBS Economic Expectations,Medium,,9.4,
2024-08-28,3:00am,EUR,M3 Money Supply y/y,Medium,2.7%,2.3%,
2024-08-28,3:00am,EUR,Private Loans y/y,Medium,0.5%,0.3%,
2024-08-28,7:15am,GBP,MPC Member Mann Speaks,Medium,,,
2024-08-28,9:30am,USD,Crude Oil Inventories,Low,-2.7M,-4.6M,
2024-08-28,5:00pm,USD,FOMC Member Bostic Speaks,Medium,,,
2024-08-29,All Day,EUR,German Prelim CPI m/m,High,0.0%,0.3%,
2024-08-29,2:00am,EUR,Spanish Flash CPI y/y,Low,2.4%,2.8%,
2024-08-29,4:14am,EUR,Italian 10-y Bond Auction,Medium,,3.76|1.4,
2024-08-29,7:30am,USD,Prelim GDP q/q,High,2.8%,2.8%,
2024-08-29,7:30am,USD,Unemployment Claims,High,232K,233K,
2024-08-29,7:30am,USD,Prelim GDP Price Index q/q,Low,2.3%,2.3%,
2024-08-29,7:30am,USD,Goods Trade Balance,Medium,-97.7B,-96.6B,
2024-08-29,7:30am,USD,Prelim Wholesale Inventories m/m,Medium,0.3%,0.2%,
2024-08-29,9:00am,USD,Pending Home Sales m/m,Low,0.2%,4.8%,
2024-08-29,9:30am,USD,Natural Gas Storage,Medium,33B,35B,
2024-08-29,11:00am,CHF,SNB Chairman Jordan Speaks,Low,,,
2024-08-29,12:00pm,EUR,German Buba President Nagel Speaks,Medium,,,
2024-08-29,2:30pm,USD,FOMC Member Bostic Speaks,Medium,,,
2024-08-29,6:30pm,JPY,Tokyo Core CPI y/y,Low,2.2%,2.2%,
2024-08-29,6:30pm,JPY,Unemployment Rate,Medium,2.5%,2.5%,
2024-08-29,6:50pm,JPY,Prelim Industrial Production m/m,Medium,3.6%,-4.2%,
2024-08-29,6:50pm,JPY,Retail Sales y/y,Medium,2.8%,3.8%,
2024-08-30,12:30am,EUR,French Final Private Payrolls q/q,Medium,0.0%,0.0%,
2024-08-30,1:00am,EUR,German Import Prices m/m,Medium,0.1%,0.4%,
2024-08-30,1:00am,GBP,Nationwide HPI m/m,Medium,0.2%,0.3%,
2024-08-30,1:45am,EUR,French Consumer Spending m/m,Medium,0.4%,-0.6%,
2024-08-30,1:45am,EUR,French Prelim CPI m/m,Medium,0.5%,0.2%,
2024-08-30,1:45am,EUR,French Prelim GDP q/q,Medium,0.3%,0.3%,
2024-08-30,2:00am,CHF,KOF Economic Barometer,Medium,100.6,100.6,
2024-08-30,2:55am,EUR,German Unemployment Change,Medium,17K,17K,
2024-08-30,3:00am,EUR,Italian Monthly Unemployment Rate,Medium,7.0%,6.9%,
2024-08-30,3:30am,GBP,M4 Money Supply m/m,Medium,0.5%,0.5%,
2024-08-30,3:30am,GBP,Mortgage Approvals,Medium,61K,60K,
2024-08-30,3:30am,GBP,Net Lending to Individuals m/m,Medium,3.4B,3.5B,
2024-08-30,4:00am,EUR,CPI Flash Estimate y/y,High,2.2%,2.6%,
2024-08-30,4:00am,EUR,Core CPI Flash Estimate y/y,Low,2.8%,2.9%,
2024-08-30,4:00am,EUR,Italian Prelim CPI m/m,Medium,0.3%,0.4%,
2024-08-30,4:00am,EUR,Unemployment Rate,Medium,6.5%,6.5%,
2024-08-30,7:30am,USD,Core PCE Price Index m/m,High,0.2%,0.2%,
2024-08-30,7:30am,USD,Personal Income m/m,Medium,0.2%,0.2%,
2024-08-30,7:30am,USD,Personal Spending m/m,Medium,0.5%,0.3%,
2024-08-30,8:45am,USD,Chicago PMI,Low,45.0,45.3,
2024-08-30,9:00am,USD,Revised UoM Consumer Sentiment,Low,68.0,67.8,
2024-08-30,9:00am,USD,Revised UoM Inflation Expectations,Medium,,2.9%,
2024-09-01,7:30pm,JPY,Final Manufacturing PMI,Medium,49.5,49.5,
2024-09-02,2:15am,EUR,Spanish Manufacturing PMI,Medium,51.4,51.0,
2024-09-02,2:30am,CHF,Manufacturing PMI,Medium,43.7,43.5,
2024-09-02,2:45am,EUR,Italian Manufacturing PMI,Medium,48.0,47.4,
2024-09-02,2:50am,EUR,French Final Manufacturing PMI,Medium,42.1,42.1,
2024-09-02,2:55am,EUR,German Final Manufacturing PMI,Medium,42.1,42.1,
2024-09-02,3:00am,EUR,Final Manufacturing PMI,Medium,45.6,45.6,
2024-09-02,3:30am,GBP,Final Manufacturing PMI,Medium,52.5,52.5,
2024-09-02,All Day,USD,Bank Holiday,Low,,,
2024-09-02,6:01pm,GBP,BRC Retail Sales Monitor y/y,Medium,0.7%,0.3%,
2024-09-02,6:50pm,JPY,Monetary Base y/y,Medium,0.6%,1.0%,
2024-09-02,10:35pm,JPY,10-y Bond Auction,Medium,,0.93|3.0,
2024-09-03,1:45am,EUR,French Gov Budget Balance,Medium,,-103.5B,
2024-09-03,2:00am,CHF,GDP q/q,Low,0.5%,0.5%,
2024-09-03,2:00am,EUR,Spanish Unemployment Change,Medium,34.3K,-10.8K,
2024-09-03,8:45am,USD,Final Manufacturing PMI,Medium,48.1,48.0,
2024-09-03,9:00am,USD,ISM Manufacturing PMI,High,47.5,46.8,
2024-09-03,9:00am,USD,ISM Manufacturing Prices,Low,52.1,52.9,
2024-09-03,9:00am,USD,Construction Spending m/m,Medium,0.1%,0.0%,
2024-09-03,9:07am,USD,RCM/TIPP Economic Optimism,Medium,46.2,44.5,
2024-09-03,11:45am,EUR,German Buba President Nagel Speaks,Medium,,,
2024-09-04,2:45am,EUR,Italian Services PMI,Medium,52.5,51.7,
2024-09-04,2:50am,EUR,French Final Services PMI,Medium,55.0,55.0,
2024-09-04,2:55am,EUR,German Final Services PMI,Medium,51.4,51.4,
2024-09-04,3:00am,EUR,Final Services PMI,Medium,53.3,53.3,
2024-09-04,3:30am,GBP,Final Services PMI,Medium,53.3,53.3,
2024-09-04,4:00am,EUR,PPI m/m,Medium,0.3%,0.6%,
2024-09-04,7:30am,USD,Trade Balance,Medium,-78.8B,-73.0B,
2024-09-04,9:00am,USD,JOLTS Job Openings,High,8.09M,7.91M,
2024-09-04,9:00am,USD,Factory Orders m/m,Medium,4.7%,-3.3%,
2024-09-04,All Day,USD,Wards Total Vehicle Sales,Medium,15.4M,15.8M,
2024-09-04,1:00pm,USD,Beige Book,Medium,,,
2024-09-04,3:30pm,USD,API Weekly Statistical Bulletin,Medium,,,
2024-09-04,6:30pm,JPY,Average Cash Earnings y/y,Medium,3.0%,4.5%,
2024-09-04,10:35pm,JPY,30-y Bond Auction,Medium,,2.23|3.5,
2024-09-05,1:00am,EUR,German Factory Orders m/m,Medium,-1.6%,4.6%,
2024-09-05,3:30am,GBP,Construction PMI,Low,54.6,55.3,
2024-09-05,3:52am,EUR,Spanish 10-y Bond Auction,Medium,,3.11|1.5,
2024-09-05,4:00am,EUR,Retail Sales m/m,Medium,0.1%,-0.4%,
2024-09-05,4:02am,EUR,French 10-y Bond Auction,Medium,,3.01|2.2,
2024-09-05,6:30am,USD,Challenger Job Cuts y/y,Medium,,9.2%,
2024-09-05,7:15am,USD,ADP Non-Farm Employment Change,High,144K,111K,
2024-09-05,7:30am,USD,Unemployment Claims,High,231K,232K,
2024-09-05,7:30am,USD,Revised Nonfarm Productivity q/q,Medium,2.4%,2.3%,
2024-09-05,7:30am,USD,Revised Unit Labor Costs q/q,Medium,0.8%,0.9%,
2024-09-05,8:45am,USD,Final Services PMI,Low,55.0,55.2,
2024-09-05,9:00am,USD,ISM Services PMI,High,51.3,51.4,
2024-09-05,9:30am,USD,Natural Gas Storage,Medium,26B,35B,
2024-09-05,10:00am,USD,Crude Oil Inventories,Low,-0.6M,-0.8M,
2024-09-05,6:30pm,JPY,Household Spending y/y,Medium,1.2%,-1.4%,
2024-09-06,1:00am,EUR,German Industrial Production m/m,Medium,-0.4%,1.7%,
2024-09-06,1:00am,EUR,German Trade Balance,Medium,21.0B,20.4B,
2024-09-06,1:00am,GBP,Halifax HPI m/m,Medium,0.2%,0.9%,
2024-09-06,1:45am,EUR,French Industrial Production m/m,Medium,-0.3%,0.8%,
2024-09-06,1:45am,EUR,French Trade Balance,Medium,-6.5B,-6.0B,
2024-09-06,2:00am,CHF,Foreign Currency Reserves,Medium,,704B,
2024-09-06,2:00am,CHF,SECO Consumer Climate,Medium,-33,-32,
2024-09-06,3:00am,EUR,Italian Retail Sales m/m,Medium,0.1%,-0.2%,
2024-09-06,4:00am,EUR,Final Employment Change q/q,Medium,0.2%,0.2%,
2024-09-06,4:00am,EUR,Revised GDP q/q,Medium,0.3%,0.3%,
2024-09-06,7:30am,USD,Average Hourly Earnings m/m,High,0.3%,0.2%,
2024-09-06,7:30am,USD,Non-Farm Employment Change,High,164K,89K,
2024-09-06,7:30am,USD,Unemployment Rate,High,4.2%,4.3%,
2024-09-06,7:45am,USD,FOMC Member Williams Speaks,Low,,,
2024-09-06,10:00am,USD,FOMC Member Waller Speaks,High,,,
2024-09-08,SunSep 8,JPY,Current Account,Medium,2.08T,1.78T,
2024-09-08,SunSep 8,JPY,Final GDP Price Index y/y,Medium,3.0%,3.0%,
2024-09-08,SunSep 8,JPY,Final GDP q/q,Medium,0.8%,0.8%,
2024-09-09,3:30am,EUR,Sentix Investor Confidence,Medium,-12.4,-13.9,
2024-09-09,9:00am,USD,Final Wholesale Inventories m/m,Medium,0.3%,0.3%,
2024-09-09,2:00pm,USD,Consumer Credit m/m,Medium,12.3B,5.2B,
2024-09-09,6:50pm,JPY,M2 Money Stock y/y,Medium,1.5%,1.5%,
2024-09-10,1:00am,EUR,German Final CPI m/m,Medium,-0.1%,-0.1%,
2024-09-10,1:00am,GBP,Claimant Count Change,High,95.5K,102.3K,
2024-09-10,1:00am,GBP,Average Earnings Index 3m/y,Low,4.1%,4.6%,
2024-09-10,1:00am,GBP,Unemployment Rate,Medium,4.1%,4.2%,
2024-09-10,3:00am,EUR,Italian Industrial Production m/m,Medium,-0.2%,0.5%,
2024-09-10,4:59am,USD,NFIB Small Business Index,Medium,93.6,93.7,
2024-09-10,6:00am,GBP,MPC Member Breeden Speaks,Medium,,,
2024-09-10,9:00am,USD,FOMC Member Barr Speaks,Medium,,,
2024-09-10,11:15am,USD,FOMC Member Bowman Speaks,Medium,,,
2024-09-10,3:30pm,USD,API Weekly Statistical Bulletin,Medium,,,
2024-09-11,WedSep 11,GBP,Construction Output m/m,Medium,0.4%,0.5%,
2024-09-11,WedSep 11,GBP,Goods Trade Balance,Medium,-18.0B,-18.9B,
2024-09-11,WedSep 11,GBP,Index of Services 3m/3m,Medium,0.6%,0.8%,
2024-09-11,WedSep 11,GBP,Industrial Production m/m,Medium,0.3%,0.8%,
2024-09-11,WedSep 11,GBP,Manufacturing Production m/m,Medium,0.2%,1.1%,
2024-09-11,4:03am,GBP,10-y Bond Auction,Medium,,4.08|2.9,
2024-09-11,4:33am,EUR,German 10-y Bond Auction,Medium,,2.22|2.0,
2024-09-11,6:18am,GBP,NIESR GDP Estimate,Medium,,0.5%,
2024-09-11,7:30am,USD,Core CPI m/m,High,0.2%,0.2%,
2024-09-11,7:30am,USD,CPI m/m,High,0.2%,0.2%,
2024-09-11,7:30am,USD,CPI y/y,High,2.5%,2.9%,
2024-09-11,8:30am,GBP,CB Leading Index m/m,Medium,,-0.1%,
2024-09-11,9:30am,USD,Crude Oil Inventories,Low,0.9M,-6.9M,
2024-09-11,12:01pm,USD,10-y Bond Auction,Medium,,3.96|2.3,
2024-09-11,6:01pm,GBP,RICS House Price Balance,Medium,-14%,-18%,
2024-09-11,6:50pm,JPY,BSI Manufacturing Index,Medium,-2.5,-1.0,
2024-09-11,6:50pm,JPY,PPI y/y,Medium,2.8%,3.0%,
2024-09-12,3:05am,EUR,Italian Quarterly Unemployment Rate,Medium,7.1%,7.2%,
2024-09-12,7:00am,USD,Federal Budget Balance,Medium,-285.7B,-243.7B,
2024-09-12,7:15am,EUR,Main Refinancing Rate,High,3.65%,4.25%,
2024-09-12,7:15am,EUR,Monetary Policy Statement,High,,,
2024-09-12,7:30am,USD,Core PPI m/m,High,0.2%,-0.2%,
2024-09-12,7:30am,USD,PPI m/m,High,0.1%,0.0%,
2024-09-12,7:30am,USD,Unemployment Claims,High,227K,228K,
2024-09-12,7:45am,EUR,ECB Press Conference,High,,,
2024-09-12,9:25am,CHF,SNB Chairman Jordan Speaks,Low,,,
2024-09-12,9:30am,USD,Natural Gas Storage,Medium,49B,13B,
2024-09-12,12:01pm,USD,30-y Bond Auction,Low,,4.31|2.3,
2024-09-12,11:30pm,JPY,Revised Industrial Production m/m,Medium,2.8%,2.8%,
2024-09-13,3:30am,GBP,Consumer Inflation Expectations,Medium,,2.8%,
2024-09-13,4:00am,EUR,Industrial Production m/m,Medium,-0.6%,0.0%,
2024-09-13,Day 1,EUR,ECOFIN Meetings,Medium,,,
2024-09-13,All Day,EUR,Eurogroup Meetings,Medium,,,
2024-09-13,7:30am,USD,Import Prices m/m,Medium,-0.2%,0.1%,
2024-09-13,9:00am,USD,Prelim UoM Consumer Sentiment,Low,68.3,67.9,
2024-09-13,9:00am,USD,Prelim UoM Inflation Expectations,Low,,2.8%,
2024-09-15,All Day,JPY,Bank Holiday,Low,,,
2024-09-15,6:01pm,GBP,Rightmove HPI m/m,Medium,,-1.5%,
2024-09-16,4:00am,EUR,Italian Trade Balance,Medium,4.45B,5.15B,
2024-09-16,4:00am,EUR,Trade Balance,Medium,14.9B,17.0B,
2024-09-16,7:30am,USD,Empire State Manufacturing Index,Low,-4.1,-4.7,
2024-09-16,11:30pm,JPY,Tertiary Industry Activity m/m,Medium,0.8%,-1.2%,
2024-09-17,TueSep 17,EUR,ZEW Economic Sentiment,Medium,16.3,17.9,
2024-09-17,4:02am,GBP,30-y Bond Auction,Medium,,4.64|3.3,
2024-09-17,7:30am,USD,Core Retail Sales m/m,High,0.2%,0.4%,
2024-09-17,7:30am,USD,Retail Sales m/m,High,-0.2%,1.1%,
2024-09-17,8:15am,USD,Capacity Utilization Rate,Medium,77.9%,77.4%,
2024-09-17,8:15am,USD,Industrial Production m/m,Medium,0.2%,-0.9%,
2024-09-17,9:00am,USD,Business Inventories m/m,Medium,0.3%,0.3%,
2024-09-17,9:00am,USD,FOMC Member Logan Speaks,Medium,,,
2024-09-17,9:00am,USD,NAHB Housing Market Index,Medium,41,39,
2024-09-17,3:30pm,USD,API Weekly Statistical Bulletin,Medium,,,
2024-09-17,6:50pm,JPY,Core Machinery Orders m/m,Medium,0.4%,2.1%,
2024-09-17,6:50pm,JPY,Trade Balance,Medium,-0.96T,-0.68T,
2024-09-18,WedSep 18,GBP,Core CPI y/y,Medium,3.6%,3.3%,
2024-09-18,WedSep 18,GBP,PPI Input m/m,Medium,-0.3%,-0.3%,
2024-09-18,WedSep 18,GBP,PPI Output m/m,Medium,0.0%,0.0%,
2024-09-18,WedSep 18,GBP,RPI y/y,Medium,3.4%,3.6%,
2024-09-18,3:30am,GBP,HPI y/y,Medium,2.8%,2.7%,
2024-09-18,4:00am,EUR,Final Core CPI y/y,Medium,2.8%,2.8%,
2024-09-18,4:00am,EUR,Final CPI y/y,Medium,2.2%,2.2%,
2024-09-18,4:36am,EUR,German 30-y Bond Auction,Medium,,2.45|2.8,
2024-09-18,6:00am,EUR,German Buba President Nagel Speaks,Medium,,,
2024-09-18,7:30am,USD,Building Permits,Low,1.41M,1.41M,
2024-09-18,7:30am,USD,Housing Starts,Medium,1.31M,1.24M,
2024-09-18,9:30am,USD,Crude Oil Inventories,Low,-0.2M,0.8M,
2024-09-18,1:00pm,USD,Federal Funds Rate,High,5.25%,5.50%,
2024-09-18,1:00pm,USD,FOMC Economic Projections,High,,,
2024-09-18,1:00pm,USD,FOMC Statement,High,,,
2024-09-18,1:30pm,USD,FOMC Press Conference,High,,,
2024-09-18,3:00pm,USD,TIC Long-Term Purchases,Medium,54.9B,80.5B,
2024-09-19,2:00am,CHF,SECO Economic Forecasts,Medium,,,
2024-09-19,3:00am,EUR,Current Account,Medium,40.3B,50.5B,
2024-09-19,5:00am,EUR,German Buba Monthly Report,Medium,,,
2024-09-19,6:00am,GBP,Monetary Policy Summary,High,,,
2024-09-19,6:00am,GBP,MPC Official Bank Rate Votes,High,0-2-7,0-5-4,
2024-09-19,6:00am,GBP,Official Bank Rate,High,5.00%,5.00%,
2024-09-19,6:30am,EUR,German Buba President Nagel Speaks,Medium,,,
2024-09-19,7:30am,USD,Unemployment Claims,High,230K,231K,
2024-09-19,7:30am,USD,Philly Fed Manufacturing Index,Low,-0.8,-7.0,
2024-09-19,7:30am,USD,Current Account,Medium,-259B,-241B,
2024-09-19,9:00am,USD,Existing Home Sales,Low,3.92M,3.96M,
2024-09-19,9:00am,USD,CB Leading Index m/m,Medium,-0.3%,-0.6%,
2024-09-19,9:30am,USD,Natural Gas Storage,Medium,53B,40B,
2024-09-19,6:01pm,GBP,GfK Consumer Confidence,Medium,-13,-13,
2024-09-19,6:30pm,JPY,National Core CPI y/y,Medium,2.8%,2.7%,
2024-09-19,9:52pm,JPY,BOJ Policy Rate,High,<0.25%,<0.25%,
2024-09-19,9:52pm,JPY,Monetary Policy Statement,High,,,
2024-09-20,FriSep 20,GBP,Retail Sales m/m,High,0.3%,0.7%,
2024-09-20,FriSep 20,GBP,Public Sector Net Borrowing,Medium,12.1B,3.1B,
2024-09-20,1:30am,JPY,BOJ Press Conference,High,,,
2024-09-20,4:00am,GBP,MPC Member Mann Speaks,Medium,,,
2024-09-20,9:00am,EUR,Consumer Confidence,Medium,-13,-13,
2024-09-20,10:00am,EUR,ECB President Lagarde Speaks,Low,,,
2024-09-20,10:30am,USD,FOMC Member Waller Speaks,Low,,,
2024-09-20,1:00pm,USD,FOMC Member Harker Speaks,Low,,,
2024-09-22,All Day,JPY,Bank Holiday,Low,,,
2024-09-23,MonSep 23,EUR,French Flash Services PMI,High,53.0,55.0,
2024-09-23,2:30am,EUR,German Flash Manufacturing PMI,High,42.4,42.4,
2024-09-23,2:30am,EUR,German Flash Services PMI,High,51.1,51.2,
2024-09-23,3:00am,EUR,Flash Manufacturing PMI,Low,45.7,45.8,
2024-09-23,3:00am,EUR,Flash Services PMI,Low,52.3,52.9,
2024-09-23,3:30am,GBP,Flash Manufacturing PMI,High,52.3,52.5,
2024-09-23,3:30am,GBP,Flash Services PMI,High,53.5,53.7,
2024-09-23,5:00am,GBP,CBI Industrial Order Expectations,Medium,-23,-22,
2024-09-23,7:00am,USD,FOMC Member Bostic Speaks,Medium,,,
2024-09-23,7:10am,USD,FOMC Member Kashkari Speaks,Medium,,,
2024-09-23,8:45am,USD,Flash Manufacturing PMI,High,48.6,47.9,
2024-09-23,8:45am,USD,Flash Services PMI,High,55.3,55.7,
2024-09-23,9:15am,USD,FOMC Member Goolsbee Speaks,Medium,,,
2024-09-23,12:00pm,USD,FOMC Member Kashkari Speaks,Medium,,,
2024-09-23,7:30pm,JPY,Flash Manufacturing PMI,Medium,49.9,49.8,
2024-09-24,3:00am,EUR,German ifo Business Climate,Low,86.1,86.6,
2024-09-24,7:57am,EUR,Belgian NBB Business Climate,Medium,-12.3,-12.6,
2024-09-24,8:00am,USD,S&P/CS Composite-20 HPI y/y,Low,5.9%,6.5%,
2024-09-24,8:00am,USD,FOMC Member Bowman Speaks,Medium,,,
2024-09-24,8:00am,USD,HPI m/m,Medium,0.2%,0.0%,
2024-09-24,8:59am,USD,Richmond Manufacturing Index,Low,-13,-19,
2024-09-24,9:00am,USD,CB Consumer Confidence,High,103.9,105.6,
2024-09-24,11:00am,EUR,German Buba President Nagel Speaks,Medium,,,
2024-09-24,3:30pm,USD,API Weekly Statistical Bulletin,Medium,,,
2024-09-24,6:50pm,JPY,SPPI y/y,Medium,2.6%,2.7%,
2024-09-24,11:59pm,JPY,BOJ Core CPI y/y,Medium,1.8%,1.8%,
2024-09-25,WedSep 25,GBP,MPC Member Greene Speaks,Medium,,,
2024-09-25,9:00am,USD,New Home Sales,Low,699K,751K,
2024-09-25,9:30am,USD,Crude Oil Inventories,Low,-1.3M,-1.6M,
2024-09-25,3:00pm,USD,FOMC Member Kugler Speaks,Medium,,,
2024-09-25,6:50pm,JPY,Monetary Policy Meeting Minutes,Medium,,,
2024-09-26,2:30am,CHF,SNB Monetary Policy Assessment,High,,,
2024-09-26,2:30am,CHF,SNB Policy Rate,High,1.00%,1.25%,
2024-09-26,3:00am,CHF,SNB Press Conference,High,,,
2024-09-26,3:00am,EUR,ECB Economic Bulletin,Medium,,,
2024-09-26,3:00am,EUR,M3 Money Supply y/y,Medium,2.5%,2.3%,
2024-09-26,3:00am,EUR,Private Loans y/y,Medium,0.6%,0.5%,
2024-09-26,7:30am,USD,Final GDP q/q,High,3.0%,3.0%,
2024-09-26,7:30am,USD,Unemployment Claims,High,224K,222K,
2024-09-26,7:30am,USD,Core Durable Goods Orders m/m,Low,0.1%,-0.2%,
2024-09-26,7:30am,USD,Durable Goods Orders m/m,Low,-2.8%,9.8%,
2024-09-26,7:30am,USD,Final GDP Price Index q/q,Low,2.5%,2.5%,
2024-09-26,8:10am,USD,FOMC Member Collins Speaks,Medium,,,
2024-09-26,8:10am,USD,FOMC Member Kugler Speaks,Medium,,,
2024-09-26,8:15am,USD,FOMC Member Bowman Speaks,Medium,,,
2024-09-26,8:20am,USD,Fed Chairman Powell Speaks,High,,,
2024-09-26,8:25am,USD,FOMC Member Williams Speaks,Medium,,,
2024-09-26,8:30am,EUR,ECB President Lagarde Speaks,Low,,,
2024-09-26,9:00am,USD,Pending Home Sales m/m,Low,0.9%,-5.5%,
2024-09-26,9:30am,USD,FOMC Member Barr Speaks,Medium,,,
2024-09-26,9:30am,USD,FOMC Member Cook Speaks,Medium,,,
2024-09-26,9:30am,USD,Natural Gas Storage,Medium,52B,58B,
2024-09-26,10:15am,USD,Treasury Sec Yellen Speaks,Low,,,
2024-09-26,12:00pm,USD,FOMC Member Barr Speaks,Medium,,,
2024-09-26,12:00pm,USD,FOMC Member Kashkari Speaks,Medium,,,
2024-09-26,5:00pm,USD,FOMC Member Cook Speaks,Medium,,,
2024-09-26,6:30pm,JPY,Tokyo Core CPI y/y,Low,2.0%,2.4%,
2024-09-27,FriSep 27,EUR,French Prelim CPI m/m,Medium,-0.7%,0.5%,
2024-09-27,2:00am,EUR,Spanish Flash CPI y/y,Low,1.9%,2.3%,
2024-09-27,2:55am,EUR,German Unemployment Change,Medium,13K,4K,
2024-09-27,4:10am,EUR,Italian 10-y Bond Auction,Medium,,3.68|1.6,
2024-09-27,5:00am,GBP,CBI Realized Sales,Medium,-17,-27,
2024-09-27,6:15am,EUR,German Buba President Nagel Speaks,Medium,,,
2024-09-27,7:30am,USD,Core PCE Price Index m/m,High,0.2%,0.2%,
2024-09-27,7:30am,USD,Goods Trade Balance,Medium,-100.6B,-102.8B,
2024-09-27,7:30am,USD,Personal Income m/m,Medium,0.4%,0.3%,
2024-09-27,7:30am,USD,Personal Spending m/m,Medium,0.3%,0.5%,
2024-09-27,7:30am,USD,Prelim Wholesale Inventories m/m,Medium,0.2%,0.2%,
2024-09-27,9:00am,USD,Revised UoM Consumer Sentiment,Low,69.3,69.0,
2024-09-27,9:00am,USD,Revised UoM Inflation Expectations,Medium,,2.7%,
2024-09-27,12:15pm,USD,FOMC Member Bowman Speaks,Medium,,,
2024-09-29,SunSep 29,JPY,Retail Sales y/y,Medium,2.6%,2.7%,
2024-09-30,1:00am,EUR,German Import Prices m/m,Medium,-0.4%,-0.4%,
2024-09-30,1:00am,GBP,Current Account,Medium,-32.5B,-13.8B,
2024-09-30,1:00am,GBP,Final GDP q/q,Medium,0.6%,0.6%,
2024-09-30,1:00am,GBP,Nationwide HPI m/m,Medium,0.3%,-0.2%,
2024-09-30,1:00am,GBP,Revised Business Investment q/q,Medium,-0.1%,-0.1%,
2024-09-30,All Day,EUR,German Prelim CPI m/m,High,0.1%,-0.1%,
2024-09-30,2:00am,CHF,KOF Economic Barometer,Medium,101.0,105.0,
2024-09-30,3:30am,GBP,M4 Money Supply m/m,Medium,0.2%,0.3%,
2024-09-30,3:30am,GBP,Mortgage Approvals,Medium,64K,62K,
2024-09-30,3:30am,GBP,Net Lending to Individuals m/m,Medium,4.1B,4.0B,
2024-09-30,4:00am,EUR,Italian Prelim CPI m/m,Medium,-0.2%,0.2%,
2024-09-30,7:50am,USD,FOMC Member Bowman Speaks,Medium,,,
2024-09-30,8:00am,EUR,ECB President Lagarde Speaks,Low,,,
2024-09-30,8:45am,USD,Chicago PMI,Low,46.1,46.1,
2024-09-30,12:55pm,USD,Fed Chairman Powell Speaks,High,,,
2024-09-30,3:10pm,GBP,MPC Member Greene Speaks,Medium,,,
2024-09-30,6:01pm,GBP,BRC Shop Price Index y/y,Medium,,-0.3%,
2024-09-30,6:30pm,JPY,Unemployment Rate,Medium,2.6%,2.7%,
2024-09-30,6:50pm,JPY,BOJ Summary of Opinions,Medium,,,
2024-09-30,6:50pm,JPY,Tankan Manufacturing Index,Medium,12,13,
2024-09-30,6:50pm,JPY,Tankan Non-Manufacturing Index,Medium,32,33,
2024-09-30,7:30pm,JPY,Final Manufacturing PMI,Medium,49.6,49.6,
2024-10-01,TueOct 1,CHF,Retail Sales y/y,Medium,2.6%,2.9%,
2024-10-01,2:00am,EUR,German Buba President Nagel Speaks,Medium,,,
2024-10-01,2:15am,EUR,Spanish Manufacturing PMI,Medium,50.2,50.5,
2024-10-01,2:30am,CHF,Manufacturing PMI,Medium,47.9,49.0,
2024-10-01,2:45am,EUR,Italian Manufacturing PMI,Medium,49.0,49.4,
2024-10-01,2:50am,EUR,French Final Manufacturing PMI,Medium,44.0,44.0,
2024-10-01,2:55am,EUR,German Final Manufacturing PMI,Medium,40.3,40.3,
2024-10-01,3:00am,EUR,Final Manufacturing PMI,Medium,44.8,44.8,
2024-10-01,3:30am,GBP,Final Manufacturing PMI,Medium,51.5,51.5,
2024-10-01,4:00am,EUR,Core CPI Flash Estimate y/y,High,2.7%,2.8%,
2024-10-01,4:00am,EUR,CPI Flash Estimate y/y,High,1.8%,2.2%,
2024-10-01,8:45am,USD,Final Manufacturing PMI,Low,47.0,47.0,
2024-10-01,9:00am,GBP,MPC Member Pill Speaks,Medium,,,
2024-10-01,9:00am,USD,ISM Manufacturing PMI,High,47.6,47.2,
2024-10-01,9:00am,USD,JOLTS Job Openings,High,7.64M,7.71M,
2024-10-01,9:00am,USD,ISM Manufacturing Prices,Low,53.5,54.0,
2024-10-01,9:00am,USD,Construction Spending m/m,Medium,0.2%,-0.5%,
2024-10-01,All Day,USD,Wards Total Vehicle Sales,Medium,15.6M,15.1M,
2024-10-01,10:00am,USD,FOMC Member Bostic Speaks,Medium,,,
2024-10-01,10:10am,USD,FOMC Member Cook Speaks,Medium,,,
2024-10-01,10:15am,CHF,SNB Chairman Schlegel Speaks,High,,,
2024-10-01,3:30pm,USD,API Weekly Statistical Bulletin,Medium,,,
2024-10-01,5:15pm,USD,FOMC Member Barkin Speaks,Medium,,,
2024-10-01,5:15pm,USD,FOMC Member Bostic Speaks,Medium,,,
2024-10-01,5:15pm,USD,FOMC Member Collins Speaks,Medium,,,
2024-10-01,6:50pm,JPY,Monetary Base y/y,Medium,0.8%,0.6%,
2024-10-02,2:00am,EUR,Spanish Unemployment Change,Medium,12.1K,21.9K,
2024-10-02,2:48am,EUR,French Gov Budget Balance,Medium,,-156.9B,
2024-10-02,3:00am,EUR,Italian Monthly Unemployment Rate,Medium,6.5%,6.4%,
2024-10-02,4:00am,EUR,Unemployment Rate,Medium,6.4%,6.4%,
2024-10-02,4:30am,GBP,FPC Meeting Minutes,Medium,,,
2024-10-02,4:30am,GBP,FPC Statement,Medium,,,
2024-10-02,4:32am,EUR,German 10-y Bond Auction,Medium,,2.11|2.1,
2024-10-02,7:15am,USD,ADP Non-Farm Employment Change,High,124K,103K,
2024-10-02,8:00am,CHF,SNB Quarterly Bulletin,Medium,,,
2024-10-02,8:00am,USD,FOMC Member Hammack Speaks,Medium,,,
2024-10-02,9:05am,USD,FOMC Member Musalem Speaks,Medium,,,
2024-10-02,9:30am,USD,Crude Oil Inventories,Low,-1.5M,-4.5M,
2024-10-02,10:00am,USD,FOMC Member Bowman Speaks,Medium,,,
2024-10-02,11:15am,USD,FOMC Member Barkin Speaks,Medium,,,
2024-10-02,10:35pm,JPY,10-y Bond Auction,Medium,,0.92|3.2,
2024-10-03,1:30am,CHF,CPI m/m,High,-0.1%,0.0%,
2024-10-03,2:15am,EUR,Spanish Services PMI,Medium,54.0,54.6,
2024-10-03,2:45am,EUR,Italian Services PMI,Medium,51.2,51.4,
2024-10-03,2:50am,EUR,French Final Services PMI,Medium,48.3,48.3,
2024-10-03,2:55am,EUR,German Final Services PMI,Medium,50.6,50.6,
2024-10-03,3:00am,EUR,Final Services PMI,Medium,50.5,50.5,
2024-10-03,3:30am,GBP,Final Services PMI,Medium,52.8,52.8,
2024-10-03,3:59am,EUR,French 10-y Bond Auction,Medium,,2.95|2.2,
2024-10-03,4:00am,EUR,PPI m/m,Medium,0.4%,0.7%,
2024-10-03,6:30am,USD,Challenger Job Cuts y/y,Medium,,1.0%,
2024-10-03,7:30am,USD,Unemployment Claims,High,222K,219K,
2024-10-03,8:45am,USD,Final Services PMI,Low,55.4,55.4,
2024-10-03,9:00am,USD,ISM Services PMI,High,51.7,51.5,
2024-10-03,9:00am,USD,Factory Orders m/m,Medium,0.1%,4.9%,
2024-10-03,9:00am,USD,FOMC Member Schmid Speaks,Medium,,,
2024-10-03,9:30am,USD,Natural Gas Storage,Medium,59B,47B,
2024-10-03,9:40am,USD,FOMC Member Bostic Speaks,Medium,,,
2024-10-04,1:45am,EUR,French Industrial Production m/m,Medium,0.3%,0.2%,
2024-10-04,2:55am,GBP,MPC Member Pill Speaks,Medium,,,
2024-10-04,3:30am,GBP,Construction PMI,Low,53.1,53.6,
2024-10-04,3:30am,GBP,Housing Equity Withdrawal q/q,Medium,-20.3B,-23.0B,
2024-10-04,5:00am,EUR,Italian Retail Sales m/m,Medium,0.2%,0.5%,
2024-10-04,7:30am,USD,Average Hourly Earnings m/m,High,0.3%,0.5%,
2024-10-04,7:30am,USD,Non-Farm Employment Change,High,147K,159K,
2024-10-04,7:30am,USD,Unemployment Rate,High,4.2%,4.2%,
2024-10-04,8:00am,USD,FOMC Member Williams Speaks,Medium,,,
2024-10-04,9:00am,USD,FOMC Member Goolsbee Speaks,Medium,,,
2024-10-04,9:30am,USD,FOMC Member Goolsbee Speaks,Medium,,,
2024-10-04,3:00pm,USD,FOMC Member Goolsbee Speaks,Medium,,,
2024-10-07,1:00am,EUR,German Factory Orders m/m,Medium,-1.9%,3.9%,
2024-10-07,1:00am,GBP,Halifax HPI m/m,Medium,0.2%,0.3%,
2024-10-07,2:00am,CHF,Foreign Currency Reserves,Medium,,694B,
2024-10-07,3:30am,EUR,Sentix Investor Confidence,Medium,-14.6,-15.4,
2024-10-07,4:00am,EUR,Retail Sales m/m,Medium,0.2%,0.0%,
2024-10-07,All Day,EUR,Eurogroup Meetings,Medium,,,
2024-10-07,9:30am,EUR,German Buba President Nagel Speaks,Medium,,,
2024-10-07,12:00pm,USD,FOMC Member Bowman Speaks,Medium,,,
2024-10-07,12:50pm,USD,FOMC Member Kashkari Speaks,Medium,,,
2024-10-07,2:00pm,USD,Consumer Credit m/m,Medium,11.8B,26.6B,
2024-10-07,5:30pm,USD,FOMC Member Musalem Speaks,Medium,,,
2024-10-07,6:01pm,GBP,BRC Retail Sales Monitor y/y,Medium,0.8%,0.8%,
2024-10-07,6:30pm,JPY,Average Cash Earnings y/y,Medium,3.0%,3.4%,
2024-10-07,6:30pm,JPY,Household Spending y/y,Medium,-2.5%,0.1%,
2024-10-07,6:50pm,JPY,Current Account,Medium,2.43T,2.80T,
2024-10-07,10:35pm,JPY,30-y Bond Auction,Medium,,2.04|3.4,
2024-10-08,1:00am,EUR,German Industrial Production m/m,Medium,0.8%,-2.9%,
2024-10-08,1:45am,EUR,French Trade Balance,Medium,-5.5B,-6.0B,
2024-10-08,2:00am,USD,FOMC Member Kugler Speaks,Medium,,,
2024-10-08,All Day,EUR,ECOFIN Meetings,Medium,,,
2024-10-08,5:00am,USD,NFIB Small Business Index,Medium,92.0,91.2,
2024-10-08,7:30am,USD,Trade Balance,Medium,-70.1B,-78.9B,
2024-10-08,9:00am,USD,RCM/TIPP Economic Optimism,Medium,47.2,46.1,
2024-10-08,11:45am,USD,FOMC Member Bostic Speaks,Medium,,,
2024-10-08,12:00pm,EUR,German Buba President Nagel Speaks,Medium,,,
2024-10-08,3:00pm,USD,FOMC Member Collins Speaks,Medium,,,
2024-10-08,3:30pm,USD,API Weekly Statistical Bulletin,Medium,,,
2024-10-08,6:30pm,USD,FOMC Member Jefferson Speaks,Medium,,,
2024-10-09,1:00am,EUR,German Trade Balance,Medium,18.9B,16.9B,
2024-10-09,4:08am,GBP,10-y Bond Auction,Medium,,3.76|2.8,
2024-10-09,7:00am,USD,FOMC Member Bostic Speaks,Medium,,,
2024-10-09,8:15am,USD,FOMC Member Logan Speaks,Medium,,,
2024-10-09,9:00am,USD,Final Wholesale Inventories m/m,Medium,0.2%,0.2%,
2024-10-09,9:30am,USD,Crude Oil Inventories,Low,2.0M,3.9M,
2024-10-09,9:30am,USD,FOMC Member Goolsbee Speaks,Medium,,,
2024-10-09,11:30am,USD,FOMC Member Jefferson Speaks,Medium,,,
2024-10-09,12:01pm,USD,10-y Bond Auction,Medium,,3.65|2.6,
2024-10-09,1:00pm,USD,FOMC Meeting Minutes,High,,,
2024-10-09,4:00pm,USD,FOMC Member Collins Speaks,Medium,,,
2024-10-09,5:00pm,USD,FOMC Member Daly Speaks,Medium,,,
2024-10-09,6:01pm,GBP,RICS House Price Balance,Medium,9%,0%,
2024-10-09,6:50pm,JPY,Bank Lending y/y,Medium,2.9%,3.0%,
2024-10-09,6:50pm,JPY,PPI y/y,Medium,2.3%,2.6%,
2024-10-10,June Data,EUR,German Retail Sales m/m,Medium,,-1.4%,
2024-10-10,July Data,EUR,German Retail Sales m/m,Medium,,-1.1%,
2024-10-10,1:00am,EUR,German Retail Sales m/m,Medium,,1.5%,
2024-10-10,3:00am,EUR,Italian Industrial Production m/m,Medium,0.3%,-1.0%,
2024-10-10,3:30am,GBP,BOE Credit Conditions Survey,Medium,,,
2024-10-10,6:30am,EUR,ECB Monetary Policy Meeting Accounts,Medium,,,
2024-10-10,7:30am,USD,Core CPI m/m,High,0.2%,0.3%,
2024-10-10,7:30am,USD,CPI m/m,High,0.1%,0.2%,
2024-10-10,7:30am,USD,CPI y/y,High,2.3%,2.5%,
2024-10-10,7:30am,USD,Unemployment Claims,High,231K,225K,
2024-10-10,8:15am,USD,FOMC Member Cook Speaks,Medium,,,
2024-10-10,9:30am,USD,FOMC Member Barkin Speaks,Medium,,,
2024-10-10,9:30am,USD,Natural Gas Storage,Medium,73B,55B,
2024-10-10,10:00am,USD,FOMC Member Williams Speaks,Medium,,,
2024-10-10,10:30am,CHF,Gov Board Member Martin Speaks,Medium,,,
2024-10-10,12:01pm,USD,30-y Bond Auction,Medium,,4.02|2.4,
2024-10-10,6:50pm,JPY,M2 Money Stock y/y,Medium,1.5%,1.3%,
2024-10-11,FriOct 11,GBP,GDP m/m,High,0.2%,0.0%,
2024-10-11,FriOct 11,GBP,Construction Output m/m,Medium,0.5%,-0.4%,
2024-10-11,FriOct 11,GBP,Goods Trade Balance,Medium,-18.8B,-18.9B,
2024-10-11,FriOct 11,GBP,Index of Services 3m/3m,Medium,0.3%,0.4%,
2024-10-11,FriOct 11,GBP,Industrial Production m/m,Medium,0.2%,-0.7%,
2024-10-11,FriOct 11,GBP,Manufacturing Production m/m,Medium,0.3%,-1.2%,
2024-10-11,2:00am,CHF,SECO Consumer Climate,Medium,-33,-35,
2024-10-11,7:30am,USD,Core PPI m/m,High,0.2%,0.3%,
2024-10-11,7:30am,USD,PPI m/m,High,0.1%,0.2%,
2024-10-11,7:32am,GBP,NIESR GDP Estimate,Medium,,0.2%,
2024-10-11,8:30am,GBP,CB Leading Index m/m,Medium,,-0.3%,
2024-10-11,8:45am,USD,FOMC Member Goolsbee Speaks,Medium,,,
2024-10-11,9:00am,USD,Prelim UoM Consumer Sentiment,Low,70.9,70.1,
2024-10-11,9:00am,USD,Prelim UoM Inflation Expectations,Low,,2.7%,
2024-10-11,9:45am,USD,FOMC Member Logan Speaks,Medium,,,
2024-10-11,12:10pm,USD,FOMC Member Bowman Speaks,Medium,,,
2024-10-13,All Day,JPY,Bank Holiday,Low,,,
2024-10-14,1:30am,CHF,PPI m/m,Medium,0.1%,0.2%,
2024-10-14,1:30am,GBP,MPC Member Dhingra Speaks,Medium,,,
2024-10-14,All Day,USD,Bank Holiday,Low,,,
2024-10-14,8:00am,USD,FOMC Member Kashkari Speaks,Medium,,,
2024-10-14,2:00pm,USD,FOMC Member Waller Speaks,Low,,,
2024-10-14,4:00pm,USD,FOMC Member Kashkari Speaks,Medium,,,
2024-10-14,11:30pm,JPY,Revised Industrial Production m/m,Medium,-3.3%,-3.3%,
2024-10-15,TueOct 15,GBP,Claimant Count Change,High,20.2K,0.3K,
2024-10-15,TueOct 15,GBP,Average Earnings Index 3m/y,Low,3.8%,4.1%,
2024-10-15,TueOct 15,GBP,Unemployment Rate,Medium,4.1%,4.1%,
2024-10-15,1:45am,EUR,French Final CPI m/m,Medium,-1.2%,-1.2%,
2024-10-15,4:00am,EUR,German ZEW Economic Sentiment,Low,10.2,3.6,
2024-10-15,4:00am,EUR,Industrial Production m/m,Medium,1.8%,-0.5%,
2024-10-15,4:00am,EUR,ZEW Economic Sentiment,Medium,16.9,9.3,
2024-10-15,7:30am,USD,Empire State Manufacturing Index,Low,3.4,11.5,
2024-10-15,10:30am,USD,FOMC Member Daly Speaks,Medium,,,
2024-10-15,12:00pm,USD,FOMC Member Kugler Speaks,Medium,,,
2024-10-15,6:50pm,JPY,Core Machinery Orders m/m,Medium,0.1%,-0.1%,
2024-10-16,WedOct 16,GBP,Core CPI y/y,Medium,3.4%,3.6%,
2024-10-16,WedOct 16,GBP,PPI Input m/m,Medium,-0.5%,-0.3%,
2024-10-16,WedOct 16,GBP,PPI Output m/m,Medium,-0.3%,-0.3%,
2024-10-16,WedOct 16,GBP,RPI y/y,Medium,3.1%,3.5%,
2024-10-16,3:30am,GBP,HPI y/y,Medium,2.5%,1.8%,
2024-10-16,4:34am,EUR,German 30-y Bond Auction,Medium,,2.44|2.7,
2024-10-16,7:30am,USD,Import Prices m/m,Medium,-0.3%,-0.2%,
2024-10-16,1:40pm,EUR,ECB President Lagarde Speaks,Low,,,
2024-10-16,3:30pm,USD,API Weekly Statistical Bulletin,Medium,,,
2024-10-16,6:50pm,JPY,Trade Balance,Medium,-0.49T,-0.47T,
2024-10-16,11:30pm,JPY,Tertiary Industry Activity m/m,Medium,-0.2%,2.2%,
2024-10-17,3:47am,EUR,Spanish 10-y Bond Auction,Medium,,3.04|2.1,
2024-10-17,4:00am,EUR,Final Core CPI y/y,Medium,2.7%,2.7%,
2024-10-17,4:00am,EUR,Final CPI y/y,Medium,1.8%,1.8%,
2024-10-17,4:00am,EUR,Italian Trade Balance,Medium,5.55B,6.82B,
2024-10-17,4:00am,EUR,Trade Balance,Medium,17.8B,13.7B,
2024-10-17,7:15am,EUR,Main Refinancing Rate,High,3.40%,3.65%,
2024-10-17,7:15am,EUR,Monetary Policy Statement,High,,,
2024-10-17,7:30am,USD,Core Retail Sales m/m,High,0.1%,0.2%,
2024-10-17,7:30am,USD,Retail Sales m/m,High,0.3%,0.1%,
2024-10-17,7:30am,USD,Unemployment Claims,High,241K,260K,
2024-10-17,7:30am,USD,Philly Fed Manufacturing Index,Low,4.2,1.7,
2024-10-17,7:45am,EUR,ECB Press Conference,High,,,
2024-10-17,8:15am,USD,Capacity Utilization Rate,Medium,77.9%,77.8%,
2024-10-17,8:15am,USD,Industrial Production m/m,Medium,-0.1%,0.3%,
2024-10-17,9:00am,USD,Business Inventories m/m,Medium,0.3%,0.3%,
2024-10-17,9:00am,USD,NAHB Housing Market Index,Medium,43,41,
2024-10-17,9:30am,USD,Natural Gas Storage,Medium,80B,82B,
2024-10-17,10:00am,USD,Crude Oil Inventories,Low,1.8M,5.8M,
2024-10-17,10:00am,USD,FOMC Member Goolsbee Speaks,Medium,,,
2024-10-17,2:00pm,USD,Treasury Sec Yellen Speaks,Low,,,
2024-10-17,3:00pm,USD,TIC Long-Term Purchases,Medium,58.9B,137.9B,
2024-10-17,6:30pm,JPY,National Core CPI y/y,Medium,2.3%,2.8%,
2024-10-18,3:00am,EUR,Current Account,Medium,42.2B,40.8B,
2024-10-18,7:30am,USD,Building Permits,Low,1.45M,1.47M,
2024-10-18,7:30am,USD,Housing Starts,Medium,1.35M,1.36M,
2024-10-18,11:10am,USD,FOMC Member Waller Speaks,Low,,,
2024-10-18,11:30am,USD,FOMC Member Bostic Speaks,Medium,,,
2024-10-18,3:00pm,USD,Federal Budget Balance,Medium,43.5B,-380.1B,
2024-10-21,7:55am,USD,FOMC Member Logan Speaks,Medium,,,
2024-10-21,9:00am,USD,CB Leading Index m/m,Medium,-0.3%,-0.3%,
2024-10-21,12:00pm,USD,FOMC Member Kashkari Speaks,Medium,,,
2024-10-21,4:05pm,USD,FOMC Member Schmid Speaks,Medium,,,
2024-10-21,5:40pm,USD,FOMC Member Daly Speaks,Medium,,,
2024-10-22,1:00am,GBP,Public Sector Net Borrowing,Medium,17.4B,13.0B,
2024-10-22,8:25am,GBP,BOE Gov Bailey Speaks,High,,,
2024-10-22,8:45am,GBP,MPC Member Greene Speaks,Medium,,,
2024-10-22,8:59am,USD,Richmond Manufacturing Index,Low,-19,-21,
2024-10-22,9:00am,EUR,ECB President Lagarde Speaks,Low,,,
2024-10-22,9:00am,USD,FOMC Member Harker Speaks,Low,,,
2024-10-22,2:15pm,EUR,ECB President Lagarde Speaks,Low,,,
2024-10-22,2:15pm,GBP,MPC Member Breeden Speaks,Medium,,,
2024-10-22,3:30pm,USD,API Weekly Statistical Bulletin,Medium,,,
2024-10-23,4:37am,EUR,German 10-y Bond Auction,Medium,,2.08|2.0,
2024-10-23,8:00am,GBP,MPC Member Breeden Speaks,Medium,,,
2024-10-23,8:00am,USD,FOMC Member Bowman Speaks,Medium,,,
2024-10-23,9:00am,EUR,ECB President Lagarde Speaks,Low,,,
2024-10-23,9:00am,EUR,Consumer Confidence,Medium,-12,-13,
2024-10-23,9:00am,USD,Existing Home Sales,Low,3.88M,3.88M,
2024-10-23,9:30am,USD,Crude Oil Inventories,Low,0.9M,-2.2M,
2024-10-23,11:00am,USD,FOMC Member Barkin Speaks,Medium,,,
2024-10-23,1:00pm,USD,Beige Book,Medium,,,
2024-10-23,1:45pm,GBP,BOE Gov Bailey Speaks,High,,,
2024-10-23,7:30pm,JPY,Flash Manufacturing PMI,Medium,49.9,49.7,
2024-10-24,ThuOct 24,EUR,French Flash Services PMI,High,49.8,49.6,
2024-10-24,2:30am,EUR,German Flash Manufacturing PMI,High,40.7,40.6,
2024-10-24,2:30am,EUR,German Flash Services PMI,High,50.6,50.6,
2024-10-24,3:00am,EUR,Flash Manufacturing PMI,Low,45.1,45.0,
2024-10-24,3:00am,EUR,Flash Services PMI,Low,51.5,51.4,
2024-10-24,3:30am,GBP,Flash Manufacturing PMI,High,51.5,51.5,
2024-10-24,3:30am,GBP,Flash Services PMI,High,52.3,52.4,
2024-10-24,5:00am,EUR,German Buba Monthly Report,Medium,,,
2024-10-24,5:00am,GBP,CBI Industrial Order Expectations,Medium,-28,-35,
2024-10-24,7:30am,USD,Unemployment Claims,High,243K,242K,
2024-10-24,7:45am,USD,FOMC Member Hammack Speaks,Medium,,,
2024-10-24,8:00am,GBP,MPC Member Mann Speaks,Medium,,,
2024-10-24,8:45am,USD,Flash Manufacturing PMI,High,47.5,47.3,
2024-10-24,8:45am,USD,Flash Services PMI,High,55.0,55.2,
2024-10-24,9:00am,USD,New Home Sales,Low,719K,709K,
2024-10-24,9:30am,USD,Natural Gas Storage,Medium,61B,76B,
2024-10-24,2:45pm,GBP,BOE Gov Bailey Speaks,High,,,
2024-10-24,6:01pm,GBP,GfK Consumer Confidence,Medium,-20,-20,
2024-10-24,6:30pm,JPY,Tokyo Core CPI y/y,Low,1.7%,2.0%,
2024-10-24,6:50pm,JPY,SPPI y/y,Medium,2.7%,2.8%,
2024-10-25,3:00am,EUR,German ifo Business Climate,Low,85.6,85.4,
2024-10-25,3:00am,EUR,M3 Money Supply y/y,Medium,2.9%,2.9%,
2024-10-25,3:00am,EUR,Private Loans y/y,Medium,0.8%,0.6%,
2024-10-25,7:30am,USD,Core Durable Goods Orders m/m,Low,-0.1%,0.6%,
2024-10-25,7:30am,USD,Durable Goods Orders m/m,Low,-1.1%,-0.8%,
2024-10-25,7:55am,EUR,Belgian NBB Business Climate,Medium,-12.7,-13.3,
2024-10-25,9:00am,USD,Revised UoM Consumer Sentiment,Low,69.2,68.9,
2024-10-25,9:00am,USD,Revised UoM Inflation Expectations,Medium,,2.9%,
2024-10-25,10:00am,USD,FOMC Member Collins Speaks,Medium,,,
2024-10-26,10:20am,GBP,BOE Gov Bailey Speaks,Low,,,
2024-10-26,9:00pm,CHF,Daylight Saving Time Shift,Low,,,
2024-10-26,9:00pm,EUR,Daylight Saving Time Shift,Low,,,
2024-10-26,9:00pm,GBP,Daylight Saving Time Shift,Low,,,
2024-10-28,6:30pm,JPY,Unemployment Rate,Medium,2.5%,2.5%,
2024-10-28,7:01pm,GBP,BRC Shop Price Index y/y,Medium,,-0.6%,
2024-10-29,4:30am,GBP,M4 Money Supply m/m,Medium,0.1%,-0.1%,
2024-10-29,4:30am,GBP,Mortgage Approvals,Medium,65K,65K,
2024-10-29,4:30am,GBP,Net Lending to Individuals m/m,Medium,4.1B,4.2B,
2024-10-29,7:30am,USD,Goods Trade Balance,Medium,-95.9B,-94.2B,
2024-10-29,7:30am,USD,Prelim Wholesale Inventories m/m,Medium,0.1%,0.1%,
2024-10-29,8:00am,USD,S&P/CS Composite-20 HPI y/y,Low,4.9%,5.9%,
2024-10-29,8:00am,USD,HPI m/m,Medium,0.1%,0.2%,
2024-10-29,9:00am,USD,CB Consumer Confidence,High,99.5,99.2,
2024-10-29,9:00am,USD,JOLTS Job Openings,High,7.98M,7.86M,
2024-10-29,1:00pm,CHF,SNB Chairman Schlegel Speaks,High,,,
2024-10-29,3:30pm,USD,API Weekly Statistical Bulletin,Medium,,,
2024-10-30,All Day,EUR,German Prelim CPI m/m,High,0.2%,0.0%,
2024-10-30,1:30am,EUR,French Consumer Spending m/m,Medium,0.1%,0.4%,
2024-10-30,1:30am,EUR,French Flash GDP q/q,Medium,0.3%,0.2%,
2024-10-30,3:00am,CHF,KOF Economic Barometer,Medium,105.1,104.5,
2024-10-30,3:00am,EUR,Spanish Flash CPI y/y,Low,1.7%,1.5%,
2024-10-30,3:00am,EUR,Spanish Flash GDP q/q,Medium,0.6%,0.8%,
2024-10-30,3:55am,EUR,German Unemployment Change,Medium,15K,19K,
2024-10-30,4:00am,CHF,SNB Chairman Schlegel Speaks,High,,,
2024-10-30,4:00am,CHF,UBS Economic Expectations,Medium,,-8.8,
2024-10-30,4:00am,EUR,Italian Prelim GDP q/q,Medium,0.2%,0.2%,
2024-10-30,4:00am,EUR,German Prelim GDP q/q,Medium,-0.1%,-0.3%,
2024-10-30,5:00am,EUR,Prelim Flash GDP q/q,Medium,0.2%,0.2%,
2024-10-30,5:22am,EUR,Italian 10-y Bond Auction,Medium,,3.43|1.6,
2024-10-30,7:15am,USD,ADP Non-Farm Employment Change,High,110K,159K,
2024-10-30,7:30am,USD,Advance GDP q/q,High,3.0%,3.0%,
2024-10-30,7:30am,USD,Advance GDP Price Index q/q,Low,1.9%,2.5%,
2024-10-30,7:33am,GBP,Autumn Forecast Statement,Low,,,
2024-10-30,9:00am,USD,Pending Home Sales m/m,Low,1.9%,0.6%,
2024-10-30,9:30am,USD,Crude Oil Inventories,Low,1.5M,5.5M,
2024-10-30,1:00pm,EUR,German Buba President Nagel Speaks,Medium,,,
2024-10-30,6:50pm,JPY,Prelim Industrial Production m/m,Medium,0.9%,-3.3%,
2024-10-30,6:50pm,JPY,Retail Sales y/y,Medium,2.1%,3.1%,
2024-10-30,8:35pm,GBP,MPC Member Breeden Speaks,Medium,,,
2024-10-30,9:48pm,JPY,BOJ Outlook Report,High,,,
2024-10-30,9:48pm,JPY,BOJ Policy Rate,High,<0.25%,<0.25%,
2024-10-30,9:48pm,JPY,Monetary Policy Statement,High,,,
2024-10-31,1:30am,JPY,BOJ Press Conference,High,,,
2024-10-31,2:00am,EUR,German Import Prices m/m,Medium,-0.4%,-0.4%,
2024-10-31,2:00am,EUR,German Retail Sales m/m,Medium,-0.7%,1.6%,
2024-10-31,2:45am,EUR,French Prelim CPI m/m,Medium,0.2%,-1.2%,
2024-10-31,4:00am,EUR,ECB Economic Bulletin,Medium,,,
2024-10-31,4:00am,EUR,Italian Monthly Unemployment Rate,Medium,6.2%,6.1%,
2024-10-31,5:00am,EUR,Core CPI Flash Estimate y/y,Low,2.6%,2.7%,
2024-10-31,5:00am,EUR,CPI Flash Estimate y/y,Low,1.9%,1.7%,
2024-10-31,5:00am,EUR,Italian Prelim CPI m/m,Medium,-0.1%,-0.2%,
2024-10-31,5:00am,EUR,Unemployment Rate,Medium,6.4%,6.3%,
2024-10-31,5:03am,GBP,30-y Bond Auction,Medium,,4.33|2.9,
2024-10-31,6:30am,USD,Challenger Job Cuts y/y,Medium,,53.4%,
2024-10-31,7:30am,USD,Core PCE Price Index m/m,High,0.3%,0.2%,
2024-10-31,7:30am,USD,Employment Cost Index q/q,High,0.9%,0.9%,
2024-10-31,7:30am,USD,Unemployment Claims,High,229K,228K,
2024-10-31,7:30am,USD,Personal Income m/m,Medium,0.3%,0.2%,
2024-10-31,7:30am,USD,Personal Spending m/m,Medium,0.4%,0.3%,
2024-10-31,8:45am,USD,Chicago PMI,Low,46.9,46.6,
2024-10-31,9:30am,USD,Natural Gas Storage,Medium,79B,80B,
2024-10-31,7:30pm,JPY,Final Manufacturing PMI,Medium,49.0,49.0,
2024-11-01,All Day,EUR,French Bank Holiday,Low,,,
2024-11-01,All Day,EUR,Italian Bank Holiday,Low,,,
2024-11-01,2:00am,GBP,Nationwide HPI m/m,Medium,0.3%,0.6%,
2024-11-01,2:30am,CHF,CPI m/m,High,0.0%,-0.3%,
2024-11-01,2:30am,CHF,Retail Sales y/y,Medium,2.5%,2.7%,
2024-11-01,3:30am,CHF,Manufacturing PMI,Medium,49.5,49.9,
2024-11-01,4:30am,GBP,Final Manufacturing PMI,Medium,50.3,50.3,
2024-11-01,7:30am,USD,Average Hourly Earnings m/m,High,0.3%,0.3%,
2024-11-01,7:30am,USD,Non-Farm Employment Change,High,106K,223K,
2024-11-01,7:30am,USD,Unemployment Rate,High,4.1%,4.1%,
2024-11-01,8:45am,USD,Final Manufacturing PMI,Medium,47.8,47.8,
2024-11-01,9:00am,USD,ISM Manufacturing PMI,High,47.6,47.2,
2024-11-01,9:00am,USD,ISM Manufacturing Prices,Low,49.9,48.3,
2024-11-01,9:00am,USD,Construction Spending m/m,Medium,0.0%,0.1%,
2024-11-01,All Day,USD,Wards Total Vehicle Sales,Medium,15.8M,15.8M,
2024-11-03,SunNov 3,USD,Daylight Saving Time Shift,Low,,,
2024-11-03,All Day,JPY,Bank Holiday,Low,,,
2024-11-04,2:45am,EUR,Italian Manufacturing PMI,Medium,48.8,48.3,
2024-11-04,2:50am,EUR,French Final Manufacturing PMI,Medium,44.5,44.5,
2024-11-04,2:55am,EUR,German Final Manufacturing PMI,Medium,42.6,42.6,
2024-11-04,3:00am,EUR,Final Manufacturing PMI,Medium,45.9,45.9,
2024-11-04,3:30am,EUR,Sentix Investor Confidence,Medium,-12.7,-13.8,
2024-11-04,All Day,EUR,Eurogroup Meetings,Medium,,,
2024-11-04,9:00am,USD,Factory Orders m/m,Medium,-0.4%,-0.8%,
2024-11-04,5:50pm,JPY,Monetary Base y/y,Medium,0.3%,-0.1%,
2024-11-04,6:01pm,GBP,BRC Retail Sales Monitor y/y,Medium,1.4%,1.7%,
2024-11-05,1:45am,EUR,French Gov Budget Balance,Medium,,-171.9B,
2024-11-05,1:45am,EUR,French Industrial Production m/m,Medium,-0.5%,1.1%,
2024-11-05,2:00am,EUR,Spanish Unemployment Change,Medium,26.5K,3.2K,
2024-11-05,3:30am,GBP,Final Services PMI,Medium,51.8,51.8,
2024-11-05,4:03am,GBP,10-y Bond Auction,Medium,,4.17|3.3,
2024-11-05,All Day,EUR,ECOFIN Meetings,Medium,,,
2024-11-05,7:30am,USD,Trade Balance,Medium,-83.8B,-70.8B,
2024-11-05,8:45am,USD,Final Services PMI,Low,55.3,55.3,
2024-11-05,9:00am,USD,ISM Services PMI,High,53.8,54.9,
2024-11-05,9:10am,EUR,ECB President Lagarde Speaks,Low,,,
2024-11-05,All Day,USD,Presidential Election,High,,,
2024-11-05,All Day,USD,Congressional Elections,High,,,
2024-11-05,12:01pm,USD,10-y Bond Auction,Medium,,4.07|2.5,
2024-11-05,3:30pm,USD,API Weekly Statistical Bulletin,Medium,,,
2024-11-05,5:50pm,JPY,Monetary Policy Meeting Minutes,Medium,,,
2024-11-06,2:15am,EUR,Spanish Services PMI,Medium,56.6,57.0,
2024-11-06,2:45am,EUR,Italian Services PMI,Medium,50.3,50.5,
2024-11-06,2:50am,EUR,French Final Services PMI,Medium,48.3,48.3,
2024-11-06,2:55am,EUR,German Final Services PMI,Medium,51.4,51.4,
2024-11-06,3:00am,EUR,Final Services PMI,Medium,51.2,51.2,
2024-11-06,3:30am,GBP,Construction PMI,Low,55.3,57.2,
2024-11-06,4:00am,EUR,PPI m/m,Medium,-0.5%,0.6%,
2024-11-06,8:00am,EUR,ECB President Lagarde Speaks,Low,,,
2024-11-06,9:30am,USD,Crude Oil Inventories,Low,0.3M,-0.5M,
2024-11-06,12:01pm,USD,30-y Bond Auction,Medium,,4.39|2.5,
2024-11-06,5:30pm,JPY,Average Cash Earnings y/y,Medium,3.0%,2.8%,
2024-11-06,9:35pm,JPY,10-y Bond Auction,Medium,,0.87|3.5,
2024-11-07,ThuNov 7,EUR,German Trade Balance,Medium,20.8B,21.4B,
2024-11-07,ThuNov 7,GBP,Halifax HPI m/m,Medium,0.2%,0.3%,
2024-11-07,1:45am,EUR,French Prelim Private Payrolls q/q,Medium,0.0%,-0.1%,
2024-11-07,2:00am,CHF,Foreign Currency Reserves,Medium,,716B,
2024-11-07,3:58am,EUR,French 10-y Bond Auction,Medium,,2.92|2.1,
2024-11-07,4:00am,EUR,Retail Sales m/m,Medium,0.4%,0.2%,
2024-11-07,6:00am,GBP,BOE Monetary Policy Report,High,,,
2024-11-07,6:00am,GBP,Monetary Policy Summary,High,,,
2024-11-07,6:00am,GBP,MPC Official Bank Rate Votes,High,0-8-1,0-1-8,
2024-11-07,6:00am,GBP,Official Bank Rate,High,4.75%,5.00%,
2024-11-07,6:30am,GBP,BOE Gov Bailey Speaks,High,,,
2024-11-07,7:30am,USD,Unemployment Claims,High,223K,218K,
2024-11-07,7:30am,USD,Prelim Nonfarm Productivity q/q,Medium,2.6%,2.5%,
2024-11-07,7:30am,USD,Prelim Unit Labor Costs q/q,Medium,1.1%,0.4%,
2024-11-07,9:00am,USD,Final Wholesale Inventories m/m,Medium,-0.1%,-0.1%,
2024-11-07,9:00am,USD,Mortgage Delinquencies,Medium,,3.97%,
2024-11-07,9:30am,USD,Natural Gas Storage,Medium,67B,78B,
2024-11-07,1:00pm,USD,Federal Funds Rate,High,4.75%,5.00%,
2024-11-07,1:00pm,USD,FOMC Statement,High,,,
2024-11-07,1:30pm,USD,FOMC Press Conference,High,,,
2024-11-07,1:30pm,USD,FOMC Member Musalem Speaks,Medium,,,
2024-11-07,2:00pm,USD,Consumer Credit m/m,Medium,12.2B,7.6B,
2024-11-07,5:30pm,JPY,Household Spending y/y,Medium,-1.8%,-1.9%,
2024-11-07,11:00pm,JPY,Leading Indicators,Medium,108.9%,106.9%,
2024-11-08,2:00am,CHF,Gov Board Member Martin Speaks,Medium,,,
2024-11-08,2:10am,CHF,SECO Consumer Climate,Medium,-33,-34,
2024-11-08,3:00am,EUR,Italian Industrial Production m/m,Medium,-0.4%,0.0%,
2024-11-08,5:00am,EUR,Italian Retail Sales m/m,Medium,0.2%,-0.3%,
2024-11-08,6:15am,GBP,MPC Member Pill Speaks,Medium,,,
2024-11-08,9:00am,USD,Prelim UoM Consumer Sentiment,Low,71.0,70.5,
2024-11-08,9:00am,USD,Prelim UoM Inflation Expectations,Low,,2.7%,
2024-11-08,10:00am,USD,FOMC Member Bowman Speaks,Medium,,,
2024-11-10,SunNov 10,JPY,BOJ Summary of Opinions,Medium,,,
2024-11-10,SunNov 10,JPY,Current Account,Medium,2.80T,3.15T,
2024-11-10,11:00pm,JPY,Economy Watchers Sentiment,Medium,47.2,47.8,
2024-11-11,All Day,USD,Bank Holiday,Low,,,
2024-11-11,8:30am,GBP,CB Leading Index m/m,Medium,,0.1%,
2024-11-11,5:50pm,JPY,M2 Money Stock y/y,Medium,1.5%,1.2%,
2024-11-11,11:59pm,JPY,Prelim Machine Tool Orders y/y,Medium,,-6.4%,
2024-11-12,TueNov 12,GBP,Claimant Count Change,High,30.5K,10.1K,
2024-11-12,TueNov 12,GBP,Average Earnings Index 3m/y,Low,3.9%,3.9%,
2024-11-12,TueNov 12,GBP,Unemployment Rate,Medium,4.1%,4.0%,
2024-11-12,3:00am,GBP,MPC Member Pill Speaks,Medium,,,
2024-11-12,4:00am,EUR,German ZEW Economic Sentiment,Low,13.2,13.1,
2024-11-12,4:00am,EUR,ZEW Economic Sentiment,Medium,20.5,20.1,
2024-11-12,4:55am,USD,NFIB Small Business Index,Medium,91.9,91.5,
2024-11-12,8:45am,USD,Cleveland Fed Inflation Expectations,Medium,,3.4%,
2024-11-12,9:00am,USD,FOMC Member Waller Speaks,Low,,,
2024-11-12,9:06am,USD,RCM/TIPP Economic Optimism,Medium,47.3,46.9,
2024-11-12,9:15am,USD,FOMC Member Barkin Speaks,Medium,,,
2024-11-12,1:00pm,USD,FOMC Member Kashkari Speaks,Medium,,,
2024-11-12,1:00pm,USD,Loan Officer Survey,Medium,,,
2024-11-12,4:00pm,USD,FOMC Member Harker Speaks,Low,,,
2024-11-12,4:30pm,USD,FOMC Member Barkin Speaks,Medium,,,
2024-11-12,5:50pm,JPY,PPI y/y,Medium,2.9%,3.1%,
2024-11-12,9:35pm,JPY,30-y Bond Auction,Medium,,2.15|3.3,
2024-11-13,4:35am,EUR,German 10-y Bond Auction,Medium,,2.31|2.3,
2024-11-13,7:30am,USD,Core CPI m/m,High,0.3%,0.3%,
2024-11-13,7:30am,USD,CPI m/m,High,0.2%,0.2%,
2024-11-13,7:30am,USD,CPI y/y,High,2.6%,2.4%,
2024-11-13,7:40am,USD,FOMC Member Kashkari Speaks,Medium,,,
2024-11-13,8:45am,USD,FOMC Member Logan Speaks,Medium,,,
2024-11-13,12:00pm,USD,FOMC Member Musalem Speaks,Medium,,,
2024-11-13,12:30pm,USD,FOMC Member Schmid Speaks,Medium,,,
2024-11-13,1:00pm,USD,Federal Budget Balance,Medium,-226.4B,64.3B,
2024-11-13,3:30pm,USD,API Weekly Statistical Bulletin,Medium,,,
2024-11-13,6:01pm,GBP,RICS House Price Balance,Medium,12%,11%,
2024-11-14,ThuNov 14,EUR,Flash GDP q/q,Medium,0.4%,0.4%,
2024-11-14,ThuNov 14,EUR,Industrial Production m/m,Medium,-1.3%,1.5%,
2024-11-14,6:00am,USD,FOMC Member Kugler Speaks,Medium,,,
2024-11-14,6:30am,EUR,ECB Monetary Policy Meeting Accounts,Medium,,,
2024-11-14,7:00am,GBP,MPC Member Mann Speaks,Medium,,,
2024-11-14,7:30am,USD,Core PPI m/m,High,0.3%,0.2%,
2024-11-14,7:30am,USD,PPI m/m,High,0.2%,0.1%,
2024-11-14,7:30am,USD,Unemployment Claims,High,224K,221K,
2024-11-14,8:00am,USD,FOMC Member Barkin Speaks,Medium,,,
2024-11-14,9:30am,USD,Natural Gas Storage,Medium,34B,69B,
2024-11-14,10:00am,USD,Crude Oil Inventories,Low,0.4M,2.1M,
2024-11-14,1:00pm,EUR,ECB President Lagarde Speaks,Low,,,
2024-11-14,2:00pm,USD,Fed Chairman Powell Speaks,High,,,
2024-11-14,2:43pm,GBP,BOE Gov Bailey Speaks,High,,,
2024-11-14,3:00pm,USD,Treasury Currency Report,Low,,,
2024-11-14,3:15pm,USD,FOMC Member Williams Speaks,Medium,,,
2024-11-14,5:50pm,JPY,Prelim GDP Price Index y/y,Medium,2.8%,3.2%,
2024-11-14,5:50pm,JPY,Prelim GDP q/q,Medium,0.2%,0.7%,
2024-11-14,10:30pm,JPY,Revised Industrial Production m/m,Medium,1.4%,1.4%,
2024-11-14,10:30pm,JPY,Tertiary Industry Activity m/m,Medium,0.2%,-1.1%,
2024-11-15,FriNov 15,GBP,GDP m/m,High,0.2%,0.2%,
2024-11-15,FriNov 15,GBP,Prelim GDP q/q,Low,0.2%,0.5%,
2024-11-15,FriNov 15,GBP,Construction Output m/m,Medium,0.3%,0.6%,
2024-11-15,FriNov 15,GBP,Goods Trade Balance,Medium,-15.7B,-15.2B,
2024-11-15,FriNov 15,GBP,Index of Services 3m/3m,Medium,0.2%,0.1%,
2024-11-15,FriNov 15,GBP,Industrial Production m/m,Medium,0.1%,0.5%,
2024-11-15,FriNov 15,GBP,Manufacturing Production m/m,Medium,0.0%,1.3%,
2024-11-15,FriNov 15,GBP,Prelim Business Investment q/q,Medium,0.6%,1.4%,
2024-11-15,1:30am,CHF,PPI m/m,Medium,0.1%,-0.1%,
2024-11-15,1:45am,EUR,French Final CPI m/m,Medium,0.2%,0.2%,
2024-11-15,3:58am,EUR,Italian Trade Balance,Medium,2.55B,1.34B,
2024-11-15,4:00am,EUR,EU Economic Forecasts,Medium,,,
2024-11-15,7:20am,GBP,NIESR GDP Estimate,Medium,,0.1%,
2024-11-15,7:30am,USD,Core Retail Sales m/m,High,0.3%,1.0%,
2024-11-15,7:30am,USD,Retail Sales m/m,High,0.3%,0.8%,
2024-11-15,7:30am,USD,Empire State Manufacturing Index,Low,-0.3,-11.9,
2024-11-15,7:30am,USD,Import Prices m/m,Medium,-0.1%,-0.4%,
2024-11-15,8:00am,USD,FOMC Member Collins Speaks,Medium,,,
2024-11-15,8:15am,USD,Capacity Utilization Rate,Medium,77.1%,77.4%,
2024-11-15,8:15am,USD,Industrial Production m/m,Medium,-0.3%,-0.5%,
2024-11-15,9:00am,USD,Business Inventories m/m,Medium,0.2%,0.3%,
2024-11-15,12:15pm,USD,FOMC Member Williams Speaks,Medium,,,
2024-11-15,1:05pm,USD,FOMC Member Goolsbee Speaks,Medium,,,
2024-11-15,2:00pm,USD,FOMC Member Barkin Speaks,Medium,,,
2024-11-17,5:50pm,JPY,Core Machinery Orders m/m,Medium,1.4%,-1.9%,
2024-11-17,6:01pm,GBP,Rightmove HPI m/m,Medium,,0.3%,
2024-11-17,7:05pm,JPY,BOJ Gov Ueda Speaks,High,,,
2024-11-18,2:00am,EUR,German Buba President Nagel Speaks,Medium,,,
2024-11-18,4:00am,EUR,Trade Balance,Medium,7.9B,10.8B,
2024-11-18,9:00am,USD,FOMC Member Goolsbee Speaks,Medium,,,
2024-11-18,9:00am,USD,NAHB Housing Market Index,Medium,42,43,
2024-11-18,12:30pm,EUR,ECB President Lagarde Speaks,Low,,,
2024-11-18,12:30pm,GBP,MPC Member Greene Speaks,Medium,,,
2024-11-18,3:00pm,USD,TIC Long-Term Purchases,Medium,114.3B,108.8B,
2024-11-19,3:00am,EUR,Current Account,Medium,27.0B,35.4B,
2024-11-19,4:00am,EUR,Final Core CPI y/y,Medium,2.7%,2.7%,
2024-11-19,4:00am,EUR,Final CPI y/y,Medium,2.0%,2.0%,
2024-11-19,4:00am,GBP,Monetary Policy Report Hearings,High,,,
2024-11-19,5:00am,EUR,German Buba Monthly Report,Medium,,,
2024-11-19,7:30am,USD,Building Permits,Low,1.44M,1.43M,
2024-11-19,7:30am,USD,Housing Starts,Medium,1.34M,1.35M,
2024-11-19,12:10pm,USD,FOMC Member Schmid Speaks,Medium,,,
2024-11-19,3:30pm,USD,API Weekly Statistical Bulletin,Medium,,,
2024-11-19,5:50pm,JPY,Trade Balance,Medium,-0.15T,-0.27T,
2024-11-20,WedNov 20,GBP,CPI y/y,High,2.2%,1.7%,
2024-11-20,WedNov 20,GBP,Core CPI y/y,Medium,3.1%,3.2%,
2024-11-20,WedNov 20,GBP,PPI Input m/m,Medium,0.5%,-0.5%,
2024-11-20,WedNov 20,GBP,PPI Output m/m,Medium,-0.1%,-0.4%,
2024-11-20,WedNov 20,GBP,RPI y/y,Medium,3.4%,2.7%,
2024-11-20,3:00am,EUR,ECB Financial Stability Review,Low,,,
2024-11-20,3:30am,GBP,HPI y/y,Medium,2.9%,2.7%,
2024-11-20,4:32am,EUR,German 30-y Bond Auction,Medium,,2.49|3.6,
2024-11-20,7:00am,EUR,ECB President Lagarde Speaks,Low,,,
2024-11-20,9:00am,USD,FOMC Member Barr Speaks,Medium,,,
2024-11-20,9:30am,USD,Crude Oil Inventories,Low,-0.1M,2.1M,
2024-11-20,10:00am,GBP,MPC Member Ramsden Speaks,Medium,,,
2024-11-20,10:00am,USD,FOMC Member Cook Speaks,Medium,,,
2024-11-20,11:15am,USD,FOMC Member Bowman Speaks,Medium,,,
2024-11-20,3:00pm,USD,FOMC Member Collins Speaks,Medium,,,
2024-11-20,11:12pm,JPY,BOJ Gov Ueda Speaks,High,,,
2024-11-21,5:00am,GBP,CBI Industrial Order Expectations,Medium,-25,-27,
2024-11-21,7:30am,USD,Unemployment Claims,High,220K,219K,
2024-11-21,7:30am,USD,Philly Fed Manufacturing Index,Low,7.4,10.3,
2024-11-21,7:45am,USD,FOMC Member Hammack Speaks,Medium,,,
2024-11-21,8:00am,GBP,MPC Member Mann Speaks,Medium,,,
2024-11-21,9:00am,EUR,Consumer Confidence,Medium,-13,-13,
2024-11-21,9:00am,USD,Existing Home Sales,Low,3.95M,3.83M,
2024-11-21,9:00am,USD,CB Leading Index m/m,Medium,-0.3%,-0.3%,
2024-11-21,9:30am,USD,Natural Gas Storage,Medium,2B,42B,
2024-11-21,11:00am,CHF,Gov Board Member Tschudin Speaks,Medium,,,
2024-11-21,11:25am,USD,FOMC Member Goolsbee Speaks,Medium,,,
2024-11-21,11:30am,USD,FOMC Member Hammack Speaks,Medium,,,
2024-11-21,3:40pm,USD,FOMC Member Barr Speaks,Medium,,,
2024-11-21,5:30pm,JPY,National Core CPI y/y,Medium,2.2%,2.4%,
2024-11-21,6:01pm,GBP,GfK Consumer Confidence,Medium,-21,-21,
2024-11-21,6:30pm,JPY,Flash Manufacturing PMI,Medium,49.5,49.2,
2024-11-22,FriNov 22,GBP,Retail Sales m/m,High,-0.3%,0.1%,
2024-11-22,2:15am,EUR,French Flash Manufacturing PMI,High,44.6,44.5,
2024-11-22,2:15am,EUR,French Flash Services PMI,High,49.1,49.2,
2024-11-22,2:30am,EUR,German Flash Manufacturing PMI,High,43.1,43.0,
2024-11-22,2:30am,EUR,German Flash Services PMI,High,51.6,51.6,
2024-11-22,2:30am,EUR,ECB President Lagarde Speaks,Low,,,
2024-11-22,3:00am,EUR,Flash Manufacturing PMI,Low,46.0,46.0,
2024-11-22,3:00am,EUR,Flash Services PMI,Low,51.6,51.6,
2024-11-22,3:30am,GBP,Flash Manufacturing PMI,High,50.0,49.9,
2024-11-22,3:30am,GBP,Flash Services PMI,High,51.9,52.0,
2024-11-22,6:40am,CHF,SNB Chairman Schlegel Speaks,High,,,
2024-11-22,7:00am,EUR,German Buba President Nagel Speaks,Medium,,,
2024-11-22,8:45am,USD,Flash Manufacturing PMI,High,48.8,48.5,
2024-11-22,8:45am,USD,Flash Services PMI,High,55.2,55.0,
2024-11-22,9:00am,USD,Revised UoM Consumer Sentiment,Low,74.0,73.0,
2024-11-22,9:00am,USD,Revised UoM Inflation Expectations,Medium,,2.6%,
2024-11-22,3:00pm,USD,FOMC Financial Stability Report,Medium,,,
2024-11-22,5:15pm,USD,FOMC Member Bowman Speaks,Medium,,,
2024-11-25,MonNov 25,GBP,MPC Member Lombardelli Speaks,Medium,,,
2024-11-25,4:30am,GBP,MPC Member Dhingra Speaks,Medium,,,
2024-11-25,7:56am,EUR,Belgian NBB Business Climate,Medium,-12.7,-12.8,
2024-11-25,11:30am,EUR,German Buba President Nagel Speaks,Medium,,,
2024-11-25,5:50pm,JPY,SPPI y/y,Medium,2.5%,2.8%,
2024-11-25,6:01pm,GBP,BRC Shop Price Index y/y,Medium,,-0.8%,
2024-11-25,11:00pm,JPY,BOJ Core CPI y/y,Medium,1.8%,1.7%,
2024-11-26,8:00am,USD,S&P/CS Composite-20 HPI y/y,Low,4.7%,5.2%,
2024-11-26,8:00am,USD,HPI m/m,Medium,0.3%,0.4%,
2024-11-26,8:59am,USD,Richmond Manufacturing Index,Low,-10,-14,
2024-11-26,9:00am,GBP,MPC Member Pill Speaks,Medium,,,
2024-11-26,9:00am,USD,CB Consumer Confidence,High,111.8,109.6,
2024-11-26,9:00am,USD,New Home Sales,Low,725K,738K,
2024-11-26,1:00pm,USD,FOMC Meeting Minutes,High,,,
2024-11-26,1:30pm,USD,President Biden Speaks,Medium,,,
2024-11-26,3:30pm,USD,API Weekly Statistical Bulletin,Medium,,,
2024-11-27,3:30am,EUR,German GfK Consumer Climate,Medium,-18.8,-18.4,
2024-11-27,7:30am,USD,Prelim GDP q/q,High,2.8%,2.8%,
2024-11-27,7:30am,USD,Unemployment Claims,High,215K,215K,
2024-11-27,7:30am,USD,Core Durable Goods Orders m/m,Low,0.2%,0.5%,
2024-11-27,7:30am,USD,Durable Goods Orders m/m,Low,0.4%,-0.7%,
2024-11-27,7:30am,USD,Prelim GDP Price Index q/q,Low,1.8%,1.8%,
2024-11-27,7:30am,USD,Goods Trade Balance,Medium,-102.2B,-108.7B,
2024-11-27,7:30am,USD,Prelim Wholesale Inventories m/m,Medium,0.0%,-0.2%,
2024-11-27,8:45am,USD,Chicago PMI,Low,44.9,41.6,
2024-11-27,9:00am,USD,Core PCE Price Index m/m,High,0.3%,0.3%,
2024-11-27,9:00am,USD,Pending Home Sales m/m,Low,-2.1%,7.5%,
2024-11-27,9:00am,USD,Personal Income m/m,Medium,0.3%,0.3%,
2024-11-27,9:00am,USD,Personal Spending m/m,Medium,0.4%,0.6%,
2024-11-27,9:30am,USD,Crude Oil Inventories,Low,-1.3M,0.5M,
2024-11-27,11:00am,USD,Natural Gas Storage,Medium,-2B,-3B,
2024-11-28,2:00am,EUR,Spanish Flash CPI y/y,Low,2.3%,1.8%,
2024-11-28,3:00am,EUR,M3 Money Supply y/y,Medium,3.4%,3.2%,
2024-11-28,3:00am,EUR,Private Loans y/y,Medium,0.8%,0.7%,
2024-11-28,4:10am,EUR,Italian 10-y Bond Auction,Medium,,3.57|1.6,
2024-11-28,All Day,USD,Bank Holiday,Low,,,
2024-11-28,5:30pm,JPY,Tokyo Core CPI y/y,Low,2.0%,1.8%,
2024-11-28,5:30pm,JPY,Unemployment Rate,Medium,2.5%,2.4%,
2024-11-28,5:50pm,JPY,Prelim Industrial Production m/m,Medium,3.8%,1.6%,
2024-11-28,5:50pm,JPY,Retail Sales y/y,Medium,2.1%,0.7%,
2024-11-28,11:00pm,JPY,Consumer Confidence,Medium,36.4,36.2,
2024-11-28,11:00pm,JPY,Housing Starts y/y,Medium,-2.0%,-0.6%,
2024-11-29,FriNov 29,EUR,German Retail Sales m/m,Medium,-0.5%,1.6%,
2024-11-29,1:45am,EUR,French Consumer Spending m/m,Medium,-0.1%,0.1%,
2024-11-29,1:45am,EUR,French Final Private Payrolls q/q,Medium,0.0%,-0.1%,
2024-11-29,1:45am,EUR,French Prelim CPI m/m,Medium,0.0%,0.2%,
2024-11-29,1:45am,EUR,French Prelim GDP q/q,Medium,0.4%,0.4%,
2024-11-29,2:00am,CHF,GDP q/q,Low,0.4%,0.6%,
2024-11-29,2:00am,CHF,KOF Economic Barometer,Medium,100.1,99.7,
2024-11-29,2:55am,EUR,German Unemployment Change,Medium,20K,26K,
2024-11-29,3:30am,GBP,M4 Money Supply m/m,Medium,0.4%,0.5%,
2024-11-29,3:30am,GBP,Mortgage Approvals,Medium,65K,66K,
2024-11-29,3:32am,GBP,Net Lending to Individuals m/m,Medium,4.1B,3.8B,
2024-11-29,4:00am,EUR,Core CPI Flash Estimate y/y,Low,2.8%,2.7%,
2024-11-29,4:00am,EUR,CPI Flash Estimate y/y,Low,2.3%,2.0%,
2024-11-29,4:00am,EUR,Italian Prelim CPI m/m,Medium,-0.2%,0.0%,
2024-11-29,4:30am,GBP,Bank Stress Test Results,Medium,,,
2024-11-29,4:30am,GBP,BOE Financial Stability Report,Medium,,,
2024-11-29,4:30am,GBP,FPC Meeting Minutes,Medium,,,
2024-11-29,4:30am,GBP,FPC Statement,Medium,,,
2024-11-29,5:00am,GBP,BOE Gov Bailey Speaks,High,,,
2024-11-29,7:00am,EUR,German Buba President Nagel Speaks,Medium,,,
2024-12-01,5:50pm,JPY,Capital Spending q/y,Medium,6.7%,7.4%,
2024-12-01,6:30pm,JPY,Final Manufacturing PMI,Medium,49.0,49.0,
2024-12-02,1:30am,CHF,Retail Sales y/y,Medium,2.6%,1.8%,
2024-12-02,2:15am,EUR,Spanish Manufacturing PMI,Medium,53.9,54.5,
2024-12-02,2:30am,CHF,Manufacturing PMI,Medium,49.6,49.9,
2024-12-02,2:45am,EUR,Italian Manufacturing PMI,Medium,46.1,46.9,
2024-12-02,2:50am,EUR,French Final Manufacturing PMI,Medium,43.3,43.2,
2024-12-02,2:55am,EUR,German Final Manufacturing PMI,Medium,43.2,43.2,
2024-12-02,3:00am,EUR,Final Manufacturing PMI,Medium,45.2,45.2,
2024-12-02,3:00am,EUR,Italian Monthly Unemployment Rate,Medium,6.1%,6.0%,
2024-12-02,3:30am,GBP,Final Manufacturing PMI,Medium,48.6,48.6,
2024-12-02,4:00am,EUR,Unemployment Rate,Medium,6.3%,6.3%,
2024-12-02,8:45am,USD,Final Manufacturing PMI,Low,48.8,48.8,
2024-12-02,9:00am,USD,ISM Manufacturing PMI,High,47.7,46.5,
2024-12-02,9:00am,USD,ISM Manufacturing Prices,Low,55.2,54.8,
2024-12-02,9:00am,USD,Construction Spending m/m,Medium,0.2%,0.1%,
2024-12-02,2:15pm,USD,FOMC Member Waller Speaks,Low,,,
2024-12-02,3:30pm,USD,FOMC Member Williams Speaks,Medium,,,
2024-12-02,5:50pm,JPY,Monetary Base y/y,Medium,0.2%,-0.3%,
2024-12-02,6:01pm,GBP,BRC Retail Sales Monitor y/y,Medium,0.7%,0.3%,
2024-12-02,9:35pm,JPY,10-y Bond Auction,Medium,,1.00|3.1,
2024-12-03,2:00am,EUR,Spanish Unemployment Change,Medium,29.3K,26.8K,
2024-12-03,9:00am,USD,JOLTS Job Openings,High,7.51M,7.37M,
2024-12-03,9:06am,USD,RCM/TIPP Economic Optimism,Medium,54.1,53.2,
2024-12-03,All Day,USD,Wards Total Vehicle Sales,Medium,16.0M,16.0M,
2024-12-03,9:52am,EUR,French Gov Budget Balance,Medium,,-173.8B,
2024-12-03,11:35am,USD,FOMC Member Kugler Speaks,Medium,,,
2024-12-03,2:45pm,USD,FOMC Member Goolsbee Speaks,Medium,,,
2024-12-03,3:30pm,USD,API Weekly Statistical Bulletin,Medium,,,
2024-12-04,2:45am,EUR,Italian Services PMI,Medium,50.9,52.4,
2024-12-04,2:50am,EUR,French Final Services PMI,Medium,45.7,45.7,
2024-12-04,2:55am,EUR,German Final Services PMI,Medium,49.4,49.4,
2024-12-04,3:00am,EUR,Final Services PMI,Medium,49.2,49.2,
2024-12-04,3:00am,GBP,BOE Gov Bailey Speaks,Low,,,
2024-12-04,3:30am,GBP,Final Services PMI,Medium,50.0,50.0,
2024-12-04,4:00am,EUR,PPI m/m,Medium,0.4%,-0.6%,
2024-12-04,4:33am,EUR,German 10-y Bond Auction,Medium,,2.38|2.3,
2024-12-04,7:15am,USD,ADP Non-Farm Employment Change,High,152K,184K,
2024-12-04,7:30am,EUR,ECB President Lagarde Speaks,Low,,,
2024-12-04,7:45am,USD,FOMC Member Musalem Speaks,Medium,,,
2024-12-04,8:45am,USD,Final Services PMI,Low,57.0,57.0,
2024-12-04,9:00am,USD,ISM Services PMI,High,55.7,56.0,
2024-12-04,9:00am,USD,Factory Orders m/m,Medium,0.2%,-0.2%,
2024-12-04,9:30am,USD,Crude Oil Inventories,Low,-1.6M,-1.8M,
2024-12-04,11:10am,EUR,German Buba President Nagel Speaks,Medium,,,
2024-12-04,12:45pm,USD,Fed Chairman Powell Speaks,High,,,
2024-12-04,1:00pm,USD,Beige Book,Medium,,,
2024-12-04,9:35pm,JPY,30-y Bond Auction,Medium,,2.27|3.4,
2024-12-05,1:00am,EUR,German Factory Orders m/m,Medium,-2.0%,7.2%,
2024-12-05,1:45am,EUR,French Industrial Production m/m,Medium,0.2%,-0.8%,
2024-12-05,3:30am,GBP,Construction PMI,Low,53.5,54.3,
2024-12-05,3:37am,EUR,Spanish 10-y Bond Auction,Medium,,2.92|1.7,
2024-12-05,4:00am,EUR,Retail Sales m/m,Medium,-0.3%,0.5%,
2024-12-05,6:30am,USD,Challenger Job Cuts y/y,Medium,,50.9%,
2024-12-05,7:30am,USD,Unemployment Claims,High,215K,215K,
2024-12-05,7:30am,USD,Trade Balance,Medium,-75.2B,-83.8B,
2024-12-05,9:30am,USD,Natural Gas Storage,Medium,-38B,-2B,
2024-12-05,11:00am,GBP,MPC Member Greene Speaks,Medium,,,
2024-12-05,5:30pm,JPY,Average Cash Earnings y/y,Medium,2.6%,2.5%,
2024-12-05,5:30pm,JPY,Household Spending y/y,Medium,-2.6%,-1.1%,
2024-12-05,11:00pm,JPY,Leading Indicators,Medium,108.9%,109.1%,
2024-12-06,FriDec 6,GBP,Halifax HPI m/m,Medium,0.3%,0.2%,
2024-12-06,1:45am,EUR,French Trade Balance,Medium,-8.0B,-8.4B,
2024-12-06,2:00am,CHF,Foreign Currency Reserves,Medium,,719B,
2024-12-06,3:01am,EUR,Italian Retail Sales m/m,Medium,0.9%,1.3%,
2024-12-06,4:00am,EUR,Final Employment Change q/q,Medium,0.2%,0.2%,
2024-12-06,4:00am,EUR,Revised GDP q/q,Medium,0.4%,0.4%,
2024-12-06,7:30am,USD,Average Hourly Earnings m/m,High,0.3%,0.4%,
2024-12-06,7:30am,USD,Non-Farm Employment Change,High,218K,36K,
2024-12-06,7:30am,USD,Unemployment Rate,High,4.1%,4.1%,
2024-12-06,8:15am,USD,FOMC Member Bowman Speaks,Medium,,,
2024-12-06,9:00am,USD,Prelim UoM Consumer Sentiment,Low,73.3,71.8,
2024-12-06,9:00am,USD,Prelim UoM Inflation Expectations,Low,,2.6%,
2024-12-06,9:30am,USD,FOMC Member Goolsbee Speaks,Medium,,,
2024-12-06,11:00am,USD,FOMC Member Hammack Speaks,Medium,,,
2024-12-06,12:00pm,USD,FOMC Member Daly Speaks,Medium,,,
2024-12-06,2:00pm,USD,Consumer Credit m/m,Medium,10.4B,3.2B,
2024-12-08,SunDec 8,JPY,Current Account,Medium,2.28T,1.27T,
2024-12-08,SunDec 8,JPY,Final GDP Price Index y/y,Medium,2.5%,2.5%,
2024-12-08,SunDec 8,JPY,Final GDP q/q,Medium,0.3%,0.2%,
2024-12-08,11:00pm,JPY,Economy Watchers Sentiment,Medium,47.3,47.5,
2024-12-09,3:30am,EUR,Sentix Investor Confidence,Medium,-12.4,-12.8,
2024-12-09,All Day,EUR,Eurogroup Meetings,Medium,,,
2024-12-09,7:00am,GBP,MPC Member Ramsden Speaks,Medium,,,
2024-12-09,9:00am,USD,Final Wholesale Inventories m/m,Medium,0.2%,0.2%,
2024-12-09,5:50pm,JPY,M2 Money Stock y/y,Medium,1.2%,1.2%,
2024-12-09,11:58pm,JPY,Prelim Machine Tool Orders y/y,Medium,,9.3%,
2024-12-10,3:00am,EUR,Italian Industrial Production m/m,Medium,-0.1%,-0.3%,
2024-12-10,All Day,EUR,ECOFIN Meetings,Medium,,,
2024-12-10,5:00am,USD,NFIB Small Business Index,Medium,94.6,93.7,
2024-12-10,7:30am,USD,Revised Nonfarm Productivity q/q,Medium,2.3%,2.2%,
2024-12-10,7:30am,USD,Revised Unit Labor Costs q/q,Medium,1.3%,1.9%,
2024-12-10,3:30pm,USD,API Weekly Statistical Bulletin,Medium,,,
2024-12-10,5:50pm,JPY,BSI Manufacturing Index,Medium,1.8,4.5,
2024-12-10,5:50pm,JPY,PPI y/y,Medium,3.4%,3.6%,
2024-12-11,4:05am,GBP,10-y Bond Auction,Medium,,4.48|2.8,
2024-12-11,7:30am,USD,Core CPI m/m,High,0.3%,0.3%,
2024-12-11,7:30am,USD,CPI m/m,High,0.3%,0.2%,
2024-12-11,7:30am,USD,CPI y/y,High,2.7%,2.6%,
2024-12-11,9:30am,USD,Crude Oil Inventories,Low,-1.0M,-5.1M,
2024-12-11,12:01pm,USD,10-y Bond Auction,Medium,,4.35|2.6,
2024-12-11,1:00pm,USD,Federal Budget Balance,Medium,-349.0B,-257.5B,
2024-12-11,6:01pm,GBP,RICS House Price Balance,Medium,19%,16%,
2024-12-12,ThuDec 12,CHF,SNB Policy Rate,High,0.75%,1.00%,
2024-12-12,3:00am,CHF,SNB Press Conference,High,,,
2024-12-12,3:00am,EUR,Italian Quarterly Unemployment Rate,Medium,6.6%,6.7%,
2024-12-12,4:15am,EUR,Italian 10-y Bond Auction,Medium,,3.39|1.6,
2024-12-12,7:15am,EUR,Main Refinancing Rate,High,3.15%,3.40%,
2024-12-12,7:15am,EUR,Monetary Policy Statement,High,,,
2024-12-12,7:30am,USD,Core PPI m/m,High,0.2%,0.3%,
2024-12-12,7:30am,USD,PPI m/m,High,0.2%,0.3%,
2024-12-12,7:30am,USD,Unemployment Claims,High,221K,225K,
2024-12-12,7:45am,EUR,ECB Press Conference,High,,,
2024-12-12,8:30am,GBP,CB Leading Index m/m,Medium,,0.0%,
2024-12-12,9:30am,USD,Natural Gas Storage,Medium,-172B,-30B,
2024-12-12,12:01pm,USD,30-y Bond Auction,Medium,,4.61|2.6,
2024-12-12,5:50pm,JPY,Tankan Manufacturing Index,Medium,13,13,
2024-12-12,5:50pm,JPY,Tankan Non-Manufacturing Index,Medium,33,34,
2024-12-12,6:01pm,GBP,GfK Consumer Confidence,Medium,-18,-18,
2024-12-12,10:30pm,JPY,Revised Industrial Production m/m,Medium,3.0%,3.0%,
2024-12-13,FriDec 13,EUR,German WPI m/m,Medium,0.2%,0.4%,
2024-12-13,FriDec 13,GBP,GDP m/m,High,0.1%,-0.1%,
2024-12-13,FriDec 13,GBP,Construction Output m/m,Medium,0.2%,0.1%,
2024-12-13,FriDec 13,GBP,Goods Trade Balance,Medium,-16.1B,-16.3B,
2024-12-13,FriDec 13,GBP,Index of Services 3m/3m,Medium,0.2%,0.1%,
2024-12-13,FriDec 13,GBP,Industrial Production m/m,Medium,0.3%,-0.5%,
2024-12-13,FriDec 13,GBP,Manufacturing Production m/m,Medium,0.2%,-1.0%,
2024-12-13,1:45am,EUR,French Final CPI m/m,Medium,-0.1%,-0.1%,
2024-12-13,3:30am,GBP,Consumer Inflation Expectations,Medium,,2.7%,
2024-12-13,4:00am,EUR,German Buba Monthly Report,Medium,,,
2024-12-13,4:00am,EUR,Industrial Production m/m,Medium,0.0%,-1.5%,
2024-12-13,6:32am,GBP,NIESR GDP Estimate,Medium,,0.1%,
2024-12-13,7:30am,USD,Import Prices m/m,Medium,-0.2%,0.1%,
2024-12-15,5:50pm,JPY,Core Machinery Orders m/m,Medium,1.1%,-0.7%,
2024-12-15,6:01pm,GBP,Rightmove HPI m/m,Medium,,-1.4%,
2024-12-15,6:30pm,JPY,Flash Manufacturing PMI,Medium,49.2,49.0,
2024-12-15,10:30pm,JPY,Tertiary Industry Activity m/m,Medium,-0.1%,-0.1%,
2024-12-16,2:15am,EUR,French Flash Manufacturing PMI,High,43.2,43.1,
2024-12-16,2:15am,EUR,French Flash Services PMI,High,46.9,46.9,
2024-12-16,2:15am,EUR,ECB President Lagarde Speaks,Low,,,
2024-12-16,2:30am,EUR,German Flash Manufacturing PMI,High,43.1,43.0,
2024-12-16,2:30am,EUR,German Flash Services PMI,High,49.5,49.3,
2024-12-16,2:35am,EUR,ECB President Lagarde Speaks,Low,,,
2024-12-16,3:00am,EUR,Flash Manufacturing PMI,Low,45.3,45.2,
2024-12-16,3:00am,EUR,Flash Services PMI,Low,49.5,49.5,
2024-12-16,3:30am,GBP,Flash Manufacturing PMI,High,48.4,48.0,
2024-12-16,3:30am,GBP,Flash Services PMI,High,50.9,50.8,
2024-12-16,7:30am,USD,Empire State Manufacturing Index,Low,6.4,31.2,
2024-12-16,8:45am,USD,Flash Manufacturing PMI,High,49.4,49.7,
2024-12-16,8:45am,USD,Flash Services PMI,High,55.7,56.1,
2024-12-17,TueDec 17,GBP,Average Earnings Index 3m/y,Low,4.6%,4.4%,
2024-12-17,TueDec 17,GBP,Unemployment Rate,Medium,4.3%,4.3%,
2024-12-17,2:00am,CHF,SECO Economic Forecasts,Medium,,,
2024-12-17,3:00am,EUR,German ifo Business Climate,Low,85.5,85.6,
2024-12-17,3:00am,EUR,Italian Trade Balance,Medium,3.22B,2.58B,
2024-12-17,4:00am,EUR,German ZEW Economic Sentiment,Low,6.8,7.4,
2024-12-17,4:00am,EUR,Trade Balance,Medium,11.7B,12.6B,
2024-12-17,4:00am,EUR,ZEW Economic Sentiment,Medium,12.2,12.5,
2024-12-17,7:30am,USD,Core Retail Sales m/m,High,0.4%,0.2%,
2024-12-17,7:30am,USD,Retail Sales m/m,High,0.6%,0.5%,
2024-12-17,8:15am,USD,Capacity Utilization Rate,Medium,77.3%,77.0%,
2024-12-17,8:15am,USD,Industrial Production m/m,Medium,0.3%,-0.4%,
2024-12-17,9:00am,USD,Business Inventories m/m,Medium,0.2%,0.0%,
2024-12-17,9:00am,USD,NAHB Housing Market Index,Medium,47,46,
2024-12-17,3:30pm,USD,API Weekly Statistical Bulletin,Medium,,,
2024-12-17,5:50pm,JPY,Trade Balance,Medium,-0.45T,-0.23T,
2024-12-18,WedDec 18,GBP,Core CPI y/y,Medium,3.6%,3.3%,
2024-12-18,WedDec 18,GBP,PPI Input m/m,Medium,0.2%,0.1%,
2024-12-18,WedDec 18,GBP,PPI Output m/m,Medium,0.2%,-0.1%,
2024-12-18,WedDec 18,GBP,RPI y/y,Medium,3.7%,3.4%,
2024-12-18,3:30am,EUR,German Buba President Nagel Speaks,Medium,,,
2024-12-18,3:30am,GBP,HPI y/y,Medium,3.1%,2.8%,
2024-12-18,4:00am,EUR,Final Core CPI y/y,Medium,2.7%,2.7%,
2024-12-18,4:00am,EUR,Final CPI y/y,Medium,2.3%,2.3%,
2024-12-18,5:00am,GBP,CBI Industrial Order Expectations,Medium,-22,-19,
2024-12-18,7:30am,USD,Building Permits,Low,1.43M,1.42M,
2024-12-18,7:30am,USD,Current Account,Medium,-286B,-275B,
2024-12-18,7:30am,USD,Housing Starts,Medium,1.35M,1.31M,
2024-12-18,8:00am,CHF,SNB Quarterly Bulletin,Medium,,,
2024-12-18,9:30am,USD,Crude Oil Inventories,Low,-1.6M,-1.4M,
2024-12-18,1:00pm,USD,Federal Funds Rate,High,4.50%,4.75%,
2024-12-18,1:00pm,USD,FOMC Economic Projections,High,,,
2024-12-18,1:00pm,USD,FOMC Statement,High,,,
2024-12-18,1:30pm,USD,FOMC Press Conference,High,,,
2024-12-18,8:52pm,JPY,BOJ Policy Rate,High,<0.25%,<0.25%,
2024-12-18,8:52pm,JPY,Monetary Policy Statement,High,,,
2024-12-19,1:00am,CHF,Trade Balance,Medium,6.20B,8.03B,
2024-12-19,1:00am,EUR,German GfK Consumer Climate,Medium,-22.6,-23.1,
2024-12-19,3:02am,EUR,Current Account,Medium,33.5B,38.8B,
2024-12-19,6:00am,GBP,Monetary Policy Summary,High,,,
2024-12-19,6:00am,GBP,MPC Official Bank Rate Votes,High,0-2-7,0-8-1,
2024-12-19,6:00am,GBP,Official Bank Rate,High,4.75%,4.75%,
2024-12-19,7:30am,USD,Final GDP q/q,High,2.8%,2.8%,
2024-12-19,7:30am,USD,Unemployment Claims,High,229K,242K,
2024-12-19,7:30am,USD,Final GDP Price Index q/q,Low,1.9%,1.9%,
2024-12-19,7:30am,USD,Philly Fed Manufacturing Index,Low,2.9,-5.5,
2024-12-19,9:00am,USD,Existing Home Sales,Low,4.09M,3.96M,
2024-12-19,9:00am,USD,CB Leading Index m/m,Medium,-0.1%,-0.4%,
2024-12-19,9:30am,USD,Natural Gas Storage,Medium,-123B,-190B,
2024-12-19,3:00pm,USD,TIC Long-Term Purchases,Medium,154.3B,216.1B,
2024-12-19,5:30pm,JPY,National Core CPI y/y,Medium,2.6%,2.3%,
2024-12-20,FriDec 20,GBP,Retail Sales m/m,High,0.5%,-0.7%,
2024-12-20,FriDec 20,GBP,Public Sector Net Borrowing,Medium,15.5B,18.2B,
2024-12-20,5:00am,GBP,CBI Realized Sales,Medium,-9,-18,
2024-12-20,6:30am,USD,FOMC Member Daly Speaks,Medium,,,
2024-12-20,7:30am,USD,Core PCE Price Index m/m,High,0.2%,0.3%,
2024-12-20,7:30am,USD,Personal Income m/m,Medium,0.4%,0.7%,
2024-12-20,7:30am,USD,Personal Spending m/m,Medium,0.5%,0.3%,
2024-12-20,7:48am,EUR,Belgian NBB Business Climate,Medium,-11.7,-11.1,
2024-12-20,9:00am,EUR,Consumer Confidence,Medium,-14,-14,
2024-12-20,9:00am,USD,Revised UoM Consumer Sentiment,Low,74.1,74.0,
2024-12-20,9:00am,USD,Revised UoM Inflation Expectations,Medium,,2.9%,
2024-12-23,MonDec 23,GBP,Current Account,Medium,-22.9B,-24.0B,
2024-12-23,MonDec 23,GBP,Final GDP q/q,Medium,0.1%,0.1%,
2024-12-23,MonDec 23,GBP,Revised Business Investment q/q,Medium,1.2%,1.2%,
2024-12-23,3:00am,CHF,UBS Economic Expectations,Medium,,-12.4,
2024-12-23,7:30am,USD,Core Durable Goods Orders m/m,Low,0.3%,0.2%,
2024-12-23,7:30am,USD,Durable Goods Orders m/m,Low,-0.3%,0.3%,
2024-12-23,9:00am,USD,CB Consumer Confidence,Low,112.9,112.8,
2024-12-23,9:00am,USD,New Home Sales,Low,666K,627K,
2024-12-23,5:50pm,JPY,Monetary Policy Meeting Minutes,Medium,,,
2024-12-23,10:59pm,JPY,BOJ Core CPI y/y,Medium,1.5%,1.5%,
2024-12-24,8:59am,USD,Richmond Manufacturing Index,Low,-10,-14,
2024-12-24,3:30pm,USD,API Weekly Statistical Bulletin,Medium,,,
2024-12-24,5:50pm,JPY,SPPI y/y,Medium,3.0%,2.9%,
2024-12-24,10:17pm,JPY,BOJ Gov Ueda Speaks,Medium,,,
2024-12-25,All Day,EUR,French Bank Holiday,Low,,,
2024-12-25,All Day,EUR,German Bank Holiday,Low,,,
2024-12-25,All Day,EUR,Italian Bank Holiday,Low,,,
2024-12-25,All Day,GBP,Bank Holiday,Low,,,
2024-12-25,All Day,USD,Bank Holiday,Low,,,
2024-12-26,All Day,EUR,German Bank Holiday,Low,,,
2024-12-26,All Day,EUR,Italian Bank Holiday,Low,,,
2024-12-26,All Day,GBP,Bank Holiday,Low,,,
2024-12-26,7:30am,USD,Unemployment Claims,High,223K,220K,
2024-12-26,5:30pm,JPY,Tokyo Core CPI y/y,Low,2.5%,2.2%,
2024-12-26,5:30pm,JPY,Unemployment Rate,Medium,2.5%,2.5%,
2024-12-26,5:50pm,JPY,BOJ Summary of Opinions,Medium,,,
2024-12-26,5:50pm,JPY,Prelim Industrial Production m/m,Medium,-3.4%,2.8%,
2024-12-26,5:50pm,JPY,Retail Sales y/y,Medium,1.5%,1.3%,
2024-12-26,11:00pm,JPY,Housing Starts y/y,Medium,-0.1%,-2.9%,
2024-12-27,FriDec 27,USD,Prelim Wholesale Inventories m/m,Medium,0.1%,0.1%,
2024-12-27,9:30am,USD,Natural Gas Storage,Medium,-100B,-125B,
2024-12-27,12:00pm,USD,Crude Oil Inventories,Low,-0.7M,-0.9M,
2024-12-30,MonDec 30,EUR,Spanish Flash CPI y/y,Low,2.6%,2.4%,
2024-12-30,8:45am,USD,Chicago PMI,Low,42.7,40.2,
2024-12-30,9:00am,USD,Pending Home Sales m/m,Low,0.9%,1.8%,
2024-12-30,All Day,JPY,Bank Holiday,Low,,,
2024-12-31,8:00am,USD,S&P/CS Composite-20 HPI y/y,Low,4.1%,4.6%,
2024-12-31,8:00am,USD,HPI m/m,Medium,0.5%,0.7%,
2024-12-31,3:30pm,USD,API Weekly Statistical Bulletin,Medium,,,
2024-12-31,All Day,JPY,Bank Holiday,Low,,,
2024-01-01,All Day,EUR,French Bank Holiday,Low,,,
2024-01-01,All Day,EUR,German Bank Holiday,Low,,,
2024-01-01,All Day,EUR,Italian Bank Holiday,Low,,,
2024-01-01,2:00am,GBP,Bank Holiday,Low,,,
2024-01-01,All Day,USD,Bank Holiday,Low,,,
2024-01-01,All Day,JPY,Bank Holiday,Low,,,
2024-01-02,1:00am,GBP,Nationwide HPI m/m,Medium,0.1%,1.2%,
2024-01-02,2:15am,EUR,Spanish Manufacturing PMI,Medium,53.6,53.1,
2024-01-02,2:45am,EUR,Italian Manufacturing PMI,Medium,44.9,44.5,
2024-01-02,2:50am,EUR,French Final Manufacturing PMI,Medium,41.9,41.9,
2024-01-02,2:55am,EUR,German Final Manufacturing PMI,Medium,42.5,42.5,
2024-01-02,3:00am,EUR,Final Manufacturing PMI,Medium,45.2,45.2,
2024-01-02,3:00am,EUR,M3 Money Supply y/y,Medium,3.5%,3.4%,
2024-01-02,3:00am,EUR,Private Loans y/y,Medium,0.9%,0.8%,
2024-01-02,3:30am,GBP,Final Manufacturing PMI,Medium,47.3,47.3,
2024-01-02,7:30am,USD,Unemployment Claims,High,222K,220K,
2024-01-02,8:45am,USD,Final Manufacturing PMI,Low,48.3,48.3,
2024-01-02,9:00am,USD,Construction Spending m/m,Medium,0.3%,0.5%,
2024-01-02,10:00am,USD,Crude Oil Inventories,Low,-2.4M,-4.2M,
2024-01-02,All Day,JPY,Bank Holiday,Low,,,
2024-01-03,2:30am,CHF,Manufacturing PMI,Medium,48.4,48.5,
2024-01-03,2:55am,EUR,German Unemployment Change,Medium,15K,6K,
2024-01-03,3:30am,GBP,M4 Money Supply m/m,Medium,0.1%,-0.2%,
2024-01-03,3:30am,GBP,Mortgage Approvals,Medium,69K,68K,
2024-01-03,3:30am,GBP,Net Lending to Individuals m/m,Medium,4.4B,4.5B,
2024-01-03,9:00am,USD,ISM Manufacturing PMI,High,48.2,48.4,
2024-01-03,9:00am,USD,ISM Manufacturing Prices,Low,51.5,50.3,
2024-01-03,All Day,USD,Wards Total Vehicle Sales,Medium,16.5M,16.5M,
2024-01-03,9:30am,USD,Natural Gas Storage,Medium,-127B,-93B,
2024-01-03,10:00am,USD,FOMC Member Barkin Speaks,Medium,,,
2024-01-04,SatJan 4,USD,FOMC Member Kugler Speaks,Medium,,,
