date,time,currency,event,impact,actual,forecast,previous
2025-01-06,All Day,EUR,German Prelim CPI m/m,High,0.3%,-0.2%,
2025-01-06,1:30am,CHF,Retail Sales y/y,Medium,1.3%,1.5%,
2025-01-06,2:15am,EUR,Spanish Services PMI,Medium,54.1,53.1,
2025-01-06,2:45am,EUR,Italian Services PMI,Medium,50.0,49.2,
2025-01-06,2:50am,EUR,French Final Services PMI,Medium,48.2,48.2,
2025-01-06,2:55am,EUR,German Final Services PMI,Medium,51.0,51.0,
2025-01-06,3:00am,EUR,Final Services PMI,Medium,51.4,51.4,
2025-01-06,3:30am,EUR,Sentix Investor Confidence,Medium,-17.7,-17.5,
2025-01-06,3:30am,GBP,Final Services PMI,Medium,51.4,51.4,
2025-01-06,8:30am,USD,FOMC Member Cook Speaks,Medium,,,
2025-01-06,8:45am,USD,Final Services PMI,Low,58.5,58.5,
2025-01-06,9:00am,USD,Factory Orders m/m,Medium,-0.3%,0.5%,
2025-01-06,5:50pm,JPY,Monetary Base y/y,Medium,-0.2%,-0.3%,
2025-01-06,6:01pm,GBP,BRC Retail Sales Monitor y/y,Medium,-0.2%,-3.4%,
2025-01-06,9:35pm,JPY,10-y Bond Auction,Medium,,1.08|3.1,
2025-01-07,1:30am,CHF,CPI m/m,High,-0.1%,-0.1%,
2025-01-07,1:45am,EUR,French Prelim CPI m/m,Medium,0.3%,-0.1%,
2025-01-07,3:00am,EUR,Italian Monthly Unemployment Rate,Medium,5.8%,5.8%,
2025-01-07,3:30am,GBP,Construction PMI,Low,54.3,55.2,
2025-01-07,3:30am,GBP,Housing Equity Withdrawal q/q,Medium,-11.5B,-15.2B,
2025-01-07,4:00am,EUR,Core CPI Flash Estimate y/y,Low,2.7%,2.7%,
2025-01-07,4:00am,EUR,CPI Flash Estimate y/y,Low,2.4%,2.2%,
2025-01-07,4:00am,EUR,Italian Prelim CPI m/m,Medium,0.3%,0.0%,
2025-01-07,4:00am,EUR,Unemployment Rate,Medium,6.3%,6.3%,
2025-01-07,4:02am,GBP,30-y Bond Auction,Medium,,4.83|3.1,
2025-01-07,7:00am,USD,FOMC Member Barkin Speaks,Medium,,,
2025-01-07,7:30am,USD,Trade Balance,Medium,-78.3B,-73.6B,
2025-01-07,9:00am,USD,ISM Services PMI,High,53.5,52.1,
2025-01-07,9:00am,USD,JOLTS Job Openings,High,7.73M,7.84M,
2025-01-07,12:01pm,USD,10-y Bond Auction,Medium,,4.24|2.7,
2025-01-07,3:30pm,USD,API Weekly Statistical Bulletin,Medium,,,
2025-01-07,11:00pm,JPY,Consumer Confidence,Medium,36.6,36.4,
2025-01-08,WedJan 8,EUR,German Retail Sales m/m,Medium,0.5%,-0.3%,
2025-01-08,1:45am,EUR,French Trade Balance,Medium,-7.0B,-7.5B,
2025-01-08,4:00am,EUR,PPI m/m,Medium,1.5%,0.4%,
2025-01-08,4:38am,EUR,German 10-y Bond Auction,Medium,,2.07|2.4,
2025-01-08,7:00am,USD,FOMC Member Waller Speaks,Low,,,
2025-01-08,7:15am,USD,ADP Non-Farm Employment Change,High,139K,146K,
2025-01-08,7:30am,USD,Unemployment Claims,High,214K,211K,
2025-01-08,9:00am,USD,Final Wholesale Inventories m/m,Medium,-0.2%,-0.2%,
2025-01-08,9:30am,USD,Crude Oil Inventories,Low,-1.8M,-1.2M,
2025-01-08,11:00am,USD,Natural Gas Storage,Medium,-39B,-116B,
2025-01-08,12:01pm,USD,30-y Bond Auction,Medium,,4.54|2.4,
2025-01-08,1:00pm,USD,FOMC Meeting Minutes,High,,,
2025-01-08,2:00pm,USD,Consumer Credit m/m,Medium,10.3B,17.3B,
2025-01-08,5:30pm,JPY,Average Cash Earnings y/y,Medium,2.7%,2.2%,
2025-01-08,6:01pm,GBP,BRC Shop Price Index y/y,Medium,,-0.6%,
2025-01-08,9:35pm,JPY,30-y Bond Auction,Medium,,2.29|3.5,
2025-01-09,ThuJan 9,EUR,German Trade Balance,Medium,14.7B,13.4B,
2025-01-09,2:00am,CHF,Foreign Currency Reserves,Medium,,725B,
2025-01-09,3:00am,EUR,ECB Economic Bulletin,Medium,,,
2025-01-09,3:59am,EUR,French 10-y Bond Auction,Medium,,3.24|2.0,
2025-01-09,4:00am,EUR,Retail Sales m/m,Medium,0.3%,-0.3%,
2025-01-09,6:30am,USD,Challenger Job Cuts y/y,Medium,,26.8%,
2025-01-09,8:00am,USD,FOMC Member Collins Speaks,Medium,,,
2025-01-09,8:00am,USD,FOMC Member Harker Speaks,Medium,,,
2025-01-09,10:00am,GBP,MPC Member Breeden Speaks,Medium,,,
2025-01-09,11:45am,USD,FOMC Member Barkin Speaks,Medium,,,
2025-01-09,12:30pm,USD,FOMC Member Schmid Speaks,Medium,,,
2025-01-09,12:35pm,USD,FOMC Member Bowman Speaks,Medium,,,
2025-01-09,5:30pm,JPY,Household Spending y/y,Medium,-0.8%,-1.3%,
2025-01-09,11:00pm,JPY,Leading Indicators,Medium,107.2%,109.1%,
2025-01-10,1:45am,EUR,French Consumer Spending m/m,Medium,0.1%,-0.3%,
2025-01-10,1:45am,EUR,French Industrial Production m/m,Medium,-0.1%,-0.3%,
2025-01-10,3:00am,EUR,Italian Retail Sales m/m,Medium,0.2%,-0.5%,
2025-01-10,7:30am,USD,Average Hourly Earnings m/m,High,0.3%,0.4%,
2025-01-10,7:30am,USD,Non-Farm Employment Change,High,164K,212K,
2025-01-10,7:30am,USD,Unemployment Rate,High,4.2%,4.2%,
2025-01-10,9:00am,USD,Prelim UoM Consumer Sentiment,Low,74.0,74.0,
2025-01-10,9:00am,USD,Prelim UoM Inflation Expectations,Low,,2.8%,
2025-01-10,9:05am,USD,FOMC Member Goolsbee Speaks,Medium,,,
2025-01-12,All Day,JPY,Bank Holiday,Low,,,
2025-01-13,5:50pm,JPY,Bank Lending y/y,Medium,3.1%,2.9%,
2025-01-13,5:50pm,JPY,Current Account,Medium,2.59T,2.41T,
2025-01-13,11:00pm,JPY,Economy Watchers Sentiment,Medium,49.4,49.4,
2025-01-14,1:45am,EUR,French Gov Budget Balance,Medium,,-157.4B,
2025-01-14,2:30am,GBP,MPC Member Breeden Speaks,Medium,,,
2025-01-14,3:00am,EUR,Italian Industrial Production m/m,Medium,0.0%,0.1%,
2025-01-14,Tentative,GBP,10-y Bond Auction,Medium,,,
2025-01-14,5:00am,USD,NFIB Small Business Index,Medium,101.3,101.7,
2025-01-14,7:30am,USD,Core PPI m/m,High,0.2%,0.2%,
2025-01-14,7:30am,USD,PPI m/m,High,0.4%,0.4%,
2025-01-14,9:00am,USD,FOMC Member Schmid Speaks,Medium,,,
2025-01-14,9:06am,USD,RCM/TIPP Economic Optimism,Medium,55.1,54.0,
2025-01-14,1:00pm,USD,Federal Budget Balance,Medium,-77.6B,-366.8B,
2025-01-14,2:00pm,USD,FOMC Member Williams Speaks,Medium,,,
2025-01-14,3:30pm,USD,API Weekly Statistical Bulletin,Medium,,,
2025-01-14,5:50pm,JPY,M2 Money Stock y/y,Medium,1.2%,1.2%,
2025-01-14,11:58pm,JPY,Prelim Machine Tool Orders y/y,Medium,,3.0%,
2025-01-15,WedJan 15,GBP,CPI y/y,High,2.6%,2.6%,
2025-01-15,WedJan 15,GBP,Core CPI y/y,Medium,3.4%,3.5%,
2025-01-15,WedJan 15,GBP,PPI Input m/m,Medium,0.2%,0.0%,
2025-01-15,WedJan 15,GBP,PPI Output m/m,Medium,0.1%,0.4%,
2025-01-15,WedJan 15,GBP,RPI y/y,Medium,3.8%,3.6%,
2025-01-15,1:45am,EUR,French Final CPI m/m,Medium,0.2%,0.2%,
2025-01-15,3:30am,GBP,HPI y/y,Medium,3.5%,3.4%,
2025-01-15,4:00am,EUR,Industrial Production m/m,Medium,0.3%,0.2%,
2025-01-15,4:02am,GBP,10-y Bond Auction,Medium,,4.33|2.9,
2025-01-15,4:34am,EUR,German 30-y Bond Auction,Medium,,2.55|3.6,
2025-01-15,7:30am,USD,Core CPI m/m,High,0.3%,0.3%,
2025-01-15,7:30am,USD,CPI m/m,High,0.4%,0.3%,
2025-01-15,7:30am,USD,CPI y/y,High,2.9%,2.7%,
2025-01-15,7:30am,USD,Empire State Manufacturing Index,Low,2.7,0.2,
2025-01-15,8:20am,USD,FOMC Member Barkin Speaks,Medium,,,
2025-01-15,9:00am,USD,FOMC Member Kashkari Speaks,Medium,,,
2025-01-15,9:30am,USD,Crude Oil Inventories,Low,-1.0M,-1.0M,
2025-01-15,10:00am,USD,FOMC Member Williams Speaks,Medium,,,
2025-01-15,10:30am,GBP,MPC Member Taylor Speaks,Medium,,,
2025-01-15,11:00am,USD,FOMC Member Goolsbee Speaks,Medium,,,
2025-01-15,1:00pm,USD,Beige Book,Medium,,,
2025-01-15,5:50pm,JPY,PPI y/y,Medium,3.8%,3.8%,
2025-01-15,6:01pm,GBP,RICS House Price Balance,Medium,28%,24%,
2025-01-16,ThuJan 16,GBP,GDP m/m,High,0.2%,-0.1%,
2025-01-16,ThuJan 16,GBP,Construction Output m/m,Medium,0.4%,-0.3%,
2025-01-16,ThuJan 16,GBP,Goods Trade Balance,Medium,-18.0B,-19.3B,
2025-01-16,ThuJan 16,GBP,Index of Services 3m/3m,Medium,0.1%,0.0%,
2025-01-16,ThuJan 16,GBP,Industrial Production m/m,Medium,0.1%,-0.6%,
2025-01-16,ThuJan 16,GBP,Manufacturing Production m/m,Medium,-0.2%,-0.6%,
2025-01-16,3:30am,GBP,BOE Credit Conditions Survey,Medium,,,
2025-01-16,4:00am,EUR,Italian Trade Balance,Medium,4.50B,5.07B,
2025-01-16,4:00am,EUR,Trade Balance,Medium,11.8B,7.0B,
2025-01-16,Tentative,GBP,30-y Bond Auction,Medium,,,
2025-01-16,6:30am,EUR,ECB Monetary Policy Meeting Accounts,Medium,,,
2025-01-16,6:45am,GBP,NIESR GDP Estimate,Medium,,0.0%,
2025-01-16,7:30am,USD,Core Retail Sales m/m,High,0.5%,0.2%,
2025-01-16,7:30am,USD,Retail Sales m/m,High,0.6%,0.8%,
2025-01-16,7:30am,USD,Unemployment Claims,High,210K,203K,
2025-01-16,7:30am,USD,Philly Fed Manufacturing Index,Low,-5.2,-16.4,
2025-01-16,7:30am,USD,Import Prices m/m,Medium,-0.1%,0.1%,
2025-01-16,9:00am,USD,Business Inventories m/m,Medium,0.1%,0.0%,
2025-01-16,9:00am,USD,NAHB Housing Market Index,Medium,45,46,
2025-01-16,9:30am,USD,Natural Gas Storage,Medium,-260B,-40B,
2025-01-17,3:00am,EUR,Current Account,Medium,28.0B,30.2B,
2025-01-17,4:00am,EUR,Final Core CPI y/y,Medium,2.7%,2.7%,
2025-01-17,4:00am,EUR,Final CPI y/y,Medium,2.4%,2.4%,
2025-01-17,7:30am,USD,Building Permits,Low,1.46M,1.49M,
2025-01-17,7:30am,USD,Housing Starts,Medium,1.33M,1.29M,
2025-01-17,8:15am,USD,Capacity Utilization Rate,Medium,77.0%,77.0%,
2025-01-17,8:15am,USD,Industrial Production m/m,Medium,0.3%,0.2%,
2025-01-17,8:30am,GBP,CB Leading Index m/m,Medium,,0.1%,
2025-01-17,3:00pm,USD,TIC Long-Term Purchases,Medium,159.9B,159.1B,
2025-01-19,6:01pm,GBP,Rightmove HPI m/m,Medium,,-1.7%,
2025-01-19,10:30pm,JPY,Revised Industrial Production m/m,Medium,-2.3%,-2.3%,
2025-01-19,10:30pm,JPY,Tertiary Industry Activity m/m,Medium,0.1%,0.1%,
2025-01-20,1:30am,CHF,PPI m/m,Medium,0.2%,-0.6%,
2025-01-20,All Day,EUR,Eurogroup Meetings,Medium,,,
2025-01-20,All Day,USD,Bank Holiday,Low,,,
2025-01-20,11:00am,USD,President Trump Speaks,High,,,
2025-01-21,TueJan 21,GBP,Average Earnings Index 3m/y,Low,5.6%,5.2%,
2025-01-21,TueJan 21,GBP,Unemployment Rate,Medium,4.3%,4.3%,
2025-01-21,4:00am,EUR,German ZEW Economic Sentiment,Low,15.2,15.7,
2025-01-21,4:00am,EUR,ZEW Economic Sentiment,Medium,16.9,17.0,
2025-01-21,All Day,EUR,ECOFIN Meetings,Medium,,,
2025-01-22,5:00am,EUR,German Buba Monthly Report,Medium,,,
2025-01-22,9:00am,USD,CB Leading Index m/m,Medium,-0.1%,0.4%,
2025-01-22,9:15am,EUR,ECB President Lagarde Speaks,Low,,,
2025-01-22,3:30pm,USD,API Weekly Statistical Bulletin,Medium,,,
2025-01-22,5:50pm,JPY,Trade Balance,Medium,-0.51T,-0.39T,
2025-01-23,5:00am,GBP,CBI Industrial Order Expectations,Medium,-35,-40,
2025-01-23,7:30am,USD,Unemployment Claims,High,221K,217K,
2025-01-23,9:00am,EUR,Consumer Confidence,Medium,-14,-15,
2025-01-23,9:30am,USD,Natural Gas Storage,Medium,-270B,-258B,
2025-01-23,10:00am,USD,President Trump Speaks,High,,,
2025-01-23,11:00am,USD,Crude Oil Inventories,Low,-0.1M,-2.0M,
2025-01-23,5:30pm,JPY,National Core CPI y/y,Medium,3.0%,2.7%,
2025-01-23,6:01pm,GBP,GfK Consumer Confidence,Medium,-18,-17,
2025-01-23,6:30pm,JPY,Flash Manufacturing PMI,Medium,48.9,49.6,
2025-01-23,9:23pm,JPY,BOJ Outlook Report,High,,,
2025-01-23,9:23pm,JPY,BOJ Policy Rate,High,<0.50%,<0.25%,
2025-01-23,9:23pm,JPY,Monetary Policy Statement,High,,,
2025-01-24,2:15am,EUR,French Flash Manufacturing PMI,High,42.4,41.9,
2025-01-24,2:15am,EUR,French Flash Services PMI,High,49.3,49.3,
2025-01-24,2:30am,EUR,German Flash Manufacturing PMI,High,42.7,42.5,
2025-01-24,2:30am,EUR,German Flash Services PMI,High,51.1,51.2,
2025-01-24,3:00am,EUR,Flash Manufacturing PMI,Low,45.6,45.1,
2025-01-24,3:00am,EUR,Flash Services PMI,Low,51.4,51.6,
2025-01-24,3:30am,GBP,Flash Manufacturing PMI,High,46.9,47.0,
2025-01-24,3:30am,GBP,Flash Services PMI,High,50.8,51.1,
2025-01-24,4:00am,EUR,ECB President Lagarde Speaks,Low,,,
2025-01-24,5:00am,GBP,CBI Realized Sales,Medium,-11,-15,
2025-01-24,8:45am,USD,Flash Manufacturing PMI,High,49.8,49.4,
2025-01-24,8:45am,USD,Flash Services PMI,High,56.4,56.8,
2025-01-24,9:00am,USD,Existing Home Sales,Low,4.19M,4.15M,
2025-01-24,9:00am,USD,Revised UoM Consumer Sentiment,Low,73.3,73.2,
2025-01-24,9:00am,USD,Revised UoM Inflation Expectations,Medium,,3.3%,
2025-01-27,3:00am,EUR,German ifo Business Climate,Low,84.9,84.7,
2025-01-27,7:58am,EUR,Belgian NBB Business Climate,Medium,-10.3,-13.8,
2025-01-27,9:00am,USD,New Home Sales,Low,669K,674K,
2025-01-27,3:25pm,CHF,SNB Chairman Schlegel Speaks,High,,,
2025-01-27,5:50pm,JPY,SPPI y/y,Medium,3.2%,3.0%,
2025-01-27,6:01pm,GBP,BRC Shop Price Index y/y,Medium,,-1.0%,
2025-01-27,11:00pm,JPY,BOJ Core CPI y/y,Medium,1.7%,1.7%,
2025-01-28,7:30am,USD,Core Durable Goods Orders m/m,Low,0.4%,-0.2%,
2025-01-28,7:30am,USD,Durable Goods Orders m/m,Low,0.3%,-1.2%,
2025-01-28,8:00am,USD,S&P/CS Composite-20 HPI y/y,Low,4.2%,4.2%,
2025-01-28,8:00am,USD,HPI m/m,Medium,0.4%,0.5%,
2025-01-28,8:59am,USD,Richmond Manufacturing Index,Low,-13,-10,
2025-01-28,9:00am,USD,CB Consumer Confidence,High,105.7,109.5,
2025-01-28,3:30pm,USD,API Weekly Statistical Bulletin,Medium,,,
2025-01-28,5:50pm,JPY,Monetary Policy Meeting Minutes,Medium,,,
2025-01-28,11:00pm,JPY,Consumer Confidence,Medium,36.6,36.2,
2025-01-29,2:00am,EUR,Spanish Flash GDP q/q,Medium,0.6%,0.8%,
2025-01-29,3:00am,CHF,UBS Economic Expectations,Medium,,-20.0,
2025-01-29,3:00am,EUR,M3 Money Supply y/y,Medium,3.9%,3.8%,
2025-01-29,3:00am,EUR,Private Loans y/y,Medium,1.0%,0.9%,
2025-01-29,4:31am,EUR,German 10-y Bond Auction,Medium,,2.51|2.1,
2025-01-29,7:30am,USD,Goods Trade Balance,Medium,-105.6B,-103.5B,
2025-01-29,7:30am,USD,Prelim Wholesale Inventories m/m,Medium,0.2%,-0.1%,
2025-01-29,8:15am,GBP,BOE Gov Bailey Speaks,High,,,
2025-01-29,9:30am,USD,Crude Oil Inventories,Low,2.2M,-1.0M,
2025-01-29,1:00pm,USD,Federal Funds Rate,High,4.50%,4.50%,
2025-01-29,1:00pm,USD,FOMC Statement,High,,,
2025-01-29,1:30pm,USD,FOMC Press Conference,High,,,
2025-01-30,ThuJan 30,EUR,French Flash GDP q/q,Medium,0.0%,0.4%,
2025-01-30,1:00am,CHF,Trade Balance,Medium,4.50B,6.11B,
2025-01-30,1:00am,EUR,German Import Prices m/m,Medium,0.5%,0.9%,
2025-01-30,2:00am,CHF,KOF Economic Barometer,Medium,100.3,99.6,
2025-01-30,2:00am,EUR,Spanish Flash CPI y/y,Low,2.9%,2.8%,
2025-01-30,3:00am,EUR,Italian Prelim GDP q/q,Medium,0.1%,0.0%,
2025-01-30,3:00am,EUR,German Prelim GDP q/q,Medium,-0.1%,0.1%,
2025-01-30,3:30am,GBP,M4 Money Supply m/m,Medium,0.2%,0.0%,
2025-01-30,3:30am,GBP,Mortgage Approvals,Medium,65K,66K,
2025-01-30,3:30am,GBP,Net Lending to Individuals m/m,Medium,3.6B,3.5B,
2025-01-30,4:00am,EUR,Italian Monthly Unemployment Rate,Medium,5.7%,5.9%,
2025-01-30,4:00am,EUR,Prelim Flash GDP q/q,Medium,0.1%,0.4%,
2025-01-30,4:00am,EUR,Unemployment Rate,Medium,6.3%,6.2%,
2025-01-30,4:23am,EUR,Italian 10-y Bond Auction,Medium,,3.19|2.1,
2025-01-30,7:15am,EUR,Main Refinancing Rate,High,2.90%,3.15%,
2025-01-30,7:15am,EUR,Monetary Policy Statement,High,,,
2025-01-30,7:30am,USD,Advance GDP q/q,High,2.7%,3.1%,
2025-01-30,7:30am,USD,Unemployment Claims,High,224K,223K,
2025-01-30,7:30am,USD,Advance GDP Price Index q/q,Low,2.5%,1.9%,
2025-01-30,7:45am,EUR,ECB Press Conference,High,,,
2025-01-30,9:00am,USD,Pending Home Sales m/m,Low,0.0%,1.6%,
2025-01-30,9:30am,USD,Natural Gas Storage,Medium,-317B,-223B,
2025-01-30,5:30pm,JPY,Tokyo Core CPI y/y,Low,2.5%,2.4%,
2025-01-30,5:30pm,JPY,Unemployment Rate,Medium,2.5%,2.5%,
2025-01-30,5:50pm,JPY,Prelim Industrial Production m/m,Medium,-0.1%,-2.2%,
2025-01-30,5:50pm,JPY,Retail Sales y/y,Medium,3.4%,2.8%,
2025-01-30,11:00pm,JPY,Housing Starts y/y,Medium,-3.7%,-1.8%,
2025-01-31,FriJan 31,GBP,Nationwide HPI m/m,Medium,0.3%,0.7%,
2025-01-31,All Day,EUR,German Prelim CPI m/m,High,0.1%,0.5%,
2025-01-31,1:30am,CHF,Retail Sales y/y,Medium,0.6%,1.4%,
2025-01-31,1:45am,EUR,French Prelim CPI m/m,Medium,0.0%,0.2%,
2025-01-31,2:55am,EUR,German Unemployment Change,Medium,14K,10K,
2025-01-31,7:30am,USD,Core PCE Price Index m/m,High,0.2%,0.1%,
2025-01-31,7:30am,USD,Employment Cost Index q/q,High,0.9%,0.8%,
2025-01-31,7:30am,USD,FOMC Member Bowman Speaks,Medium,,,
2025-01-31,7:30am,USD,Personal Income m/m,Medium,0.4%,0.3%,
2025-01-31,7:30am,USD,Personal Spending m/m,Medium,0.5%,0.6%,
2025-01-31,8:45am,USD,Chicago PMI,Low,40.3,36.9,
2025-01-31,9:05am,USD,FOMC Member Goolsbee Speaks,Medium,,,
2025-02-02,6:30pm,JPY,Final Manufacturing PMI,Medium,48.8,48.8,
2025-02-03,2:30am,CHF,Manufacturing PMI,Medium,49.0,48.4,
2025-02-03,2:45am,EUR,Italian Manufacturing PMI,Medium,46.8,46.2,
2025-02-03,2:50am,EUR,French Final Manufacturing PMI,Medium,45.3,45.3,
2025-02-03,2:55am,EUR,German Final Manufacturing PMI,Medium,44.1,44.1,
2025-02-03,3:00am,EUR,Final Manufacturing PMI,Medium,46.1,46.1,
2025-02-03,3:30am,GBP,Final Manufacturing PMI,Medium,48.2,48.2,
2025-02-03,4:00am,EUR,Core CPI Flash Estimate y/y,Low,2.6%,2.7%,
2025-02-03,4:00am,EUR,CPI Flash Estimate y/y,Low,2.4%,2.4%,
2025-02-03,4:00am,EUR,Italian Prelim CPI m/m,Medium,0.4%,0.1%,
2025-02-03,8:45am,USD,Final Manufacturing PMI,Low,50.1,50.1,
2025-02-03,9:00am,USD,ISM Manufacturing PMI,High,49.3,49.3,
2025-02-03,9:00am,USD,ISM Manufacturing Prices,Low,52.6,52.5,
2025-02-03,9:00am,USD,Construction Spending m/m,Medium,0.3%,0.2%,
2025-02-03,All Day,USD,Wards Total Vehicle Sales,Medium,16.0M,16.8M,
2025-02-03,11:30am,USD,FOMC Member Bostic Speaks,Medium,,,
2025-02-03,1:00pm,USD,Loan Officer Survey,Medium,,,
2025-02-03,5:30pm,USD,FOMC Member Musalem Speaks,Medium,,,
2025-02-03,5:50pm,JPY,Monetary Base y/y,Medium,-0.5%,-1.0%,
2025-02-03,9:35pm,JPY,10-y Bond Auction,Medium,,1.14|3.4,
2025-02-04,2:00am,EUR,Spanish Unemployment Change,Medium,55.4K,-25.3K,
2025-02-04,9:00am,USD,JOLTS Job Openings,High,8.01M,8.16M,
2025-02-04,9:00am,USD,Factory Orders m/m,Medium,-0.7%,-0.8%,
2025-02-04,9:07am,USD,RCM/TIPP Economic Optimism,Medium,53.0,51.9,
2025-02-04,10:00am,USD,FOMC Member Bostic Speaks,Medium,,,
2025-02-04,1:00pm,USD,FOMC Member Daly Speaks,Medium,,,
2025-02-04,3:30pm,USD,API Weekly Statistical Bulletin,Medium,,,
2025-02-04,4:10pm,USD,President Trump Speaks,High,,,
2025-02-04,5:30pm,JPY,Average Cash Earnings y/y,Medium,3.6%,3.9%,
2025-02-04,6:30pm,USD,FOMC Member Jefferson Speaks,Medium,,,
2025-02-05,2:15am,EUR,Spanish Services PMI,Medium,56.7,57.3,
2025-02-05,2:45am,EUR,Italian Services PMI,Medium,50.5,50.7,
2025-02-05,2:50am,EUR,French Final Services PMI,Medium,48.9,48.9,
2025-02-05,2:55am,EUR,German Final Services PMI,Medium,52.5,52.5,
2025-02-05,3:00am,EUR,Final Services PMI,Medium,51.4,51.4,
2025-02-05,3:00am,EUR,Italian Retail Sales m/m,Medium,0.1%,-0.4%,
2025-02-05,3:30am,GBP,Final Services PMI,Medium,51.2,51.2,
2025-02-05,4:00am,EUR,PPI m/m,Medium,0.5%,1.7%,
2025-02-05,4:02am,GBP,30-y Bond Auction,Medium,,5.20|2.7,
2025-02-05,6:30am,USD,FOMC Member Barkin Speaks,Medium,,,
2025-02-05,7:15am,USD,ADP Non-Farm Employment Change,High,148K,176K,
2025-02-05,7:30am,USD,Trade Balance,Medium,-96.5B,-78.9B,
2025-02-05,8:00am,USD,FOMC Member Barkin Speaks,Medium,,,
2025-02-05,8:45am,USD,Final Services PMI,Low,52.9,52.8,
2025-02-05,9:00am,USD,ISM Services PMI,High,54.2,54.1,
2025-02-05,9:30am,USD,Crude Oil Inventories,Low,2.4M,3.5M,
2025-02-05,1:30pm,USD,FOMC Member Goolsbee Speaks,Medium,,,
2025-02-05,2:00pm,USD,FOMC Member Bowman Speaks,Medium,,,
2025-02-05,6:30pm,USD,FOMC Member Jefferson Speaks,Medium,,,
2025-02-05,9:35pm,JPY,30-y Bond Auction,Medium,,2.30|3.7,
2025-02-06,1:00am,EUR,German Factory Orders m/m,Medium,1.9%,-5.2%,
2025-02-06,3:30am,GBP,Construction PMI,Low,53.5,53.3,
2025-02-06,4:00am,EUR,Retail Sales m/m,Medium,-0.1%,0.0%,
2025-02-06,4:02am,EUR,French 10-y Bond Auction,Medium,,3.40|2.0,
2025-02-06,6:00am,GBP,BOE Monetary Policy Report,High,,,
2025-02-06,6:00am,GBP,Monetary Policy Summary,High,,,
2025-02-06,6:00am,GBP,MPC Official Bank Rate Votes,High,0-8-1,0-3-6,
2025-02-06,6:00am,GBP,Official Bank Rate,High,4.50%,4.75%,
2025-02-06,6:30am,GBP,BOE Gov Bailey Speaks,High,,,
2025-02-06,6:30am,USD,Challenger Job Cuts y/y,Medium,,11.4%,
2025-02-06,7:30am,USD,Unemployment Claims,High,214K,208K,
2025-02-06,7:30am,USD,Prelim Nonfarm Productivity q/q,Medium,1.5%,2.3%,
2025-02-06,7:30am,USD,Prelim Unit Labor Costs q/q,Medium,3.4%,0.8%,
2025-02-06,9:00am,USD,Mortgage Delinquencies,Medium,,3.92%,
2025-02-06,9:30am,USD,Natural Gas Storage,Medium,-167B,-321B,
2025-02-06,1:30pm,USD,FOMC Member Waller Speaks,Low,,,
2025-02-06,2:30pm,USD,FOMC Member Daly Speaks,Medium,,,
2025-02-06,3:05pm,GBP,BOE Gov Bailey Speaks,High,,,
2025-02-06,4:10pm,USD,FOMC Member Logan Speaks,Medium,,,
2025-02-06,5:30pm,JPY,Household Spending y/y,Medium,0.5%,-0.4%,
2025-02-06,11:00pm,JPY,Leading Indicators,Medium,108.2%,107.5%,
2025-02-07,FriFeb 7,EUR,German Trade Balance,Medium,17.0B,19.2B,
2025-02-07,FriFeb 7,GBP,Halifax HPI m/m,Medium,0.4%,-0.2%,
2025-02-07,1:45am,EUR,French Prelim Private Payrolls q/q,Medium,-0.1%,0.1%,
2025-02-07,1:45am,EUR,French Trade Balance,Medium,-5.3B,-6.3B,
2025-02-07,2:00am,CHF,Foreign Currency Reserves,Medium,,731B,
2025-02-07,2:00am,CHF,SECO Consumer Climate,Medium,-31,-30,
2025-02-07,6:15am,GBP,MPC Member Pill Speaks,Medium,,,
2025-02-07,7:30am,USD,Average Hourly Earnings m/m,High,0.3%,0.3%,
2025-02-07,7:30am,USD,Non-Farm Employment Change,High,169K,307K,
2025-02-07,7:30am,USD,Unemployment Rate,High,4.1%,4.1%,
2025-02-07,8:25am,USD,FOMC Member Bowman Speaks,Medium,,,
2025-02-07,9:00am,USD,Prelim UoM Consumer Sentiment,Low,71.9,71.1,
2025-02-07,9:00am,USD,Prelim UoM Inflation Expectations,Low,,3.3%,
2025-02-07,9:00am,USD,Final Wholesale Inventories m/m,Medium,-0.5%,-0.5%,
2025-02-07,9:30am,USD,FOMC Member Goolsbee Speaks,Medium,,,
2025-02-07,10:00am,USD,Fed Monetary Policy Report,Medium,,,
2025-02-07,11:00am,USD,FOMC Member Kugler Speaks,Medium,,,
2025-02-07,2:00pm,USD,Consumer Credit m/m,Medium,17.7B,-5.4B,
2025-02-09,SunFeb 9,JPY,Current Account,Medium,2.73T,3.03T,
2025-02-09,11:00pm,JPY,Economy Watchers Sentiment,Medium,49.7,49.9,
2025-02-10,8:45am,USD,Cleveland Fed Inflation Expectations,Medium,,3.8%,
2025-02-10,10:15am,EUR,ECB President Lagarde Speaks,Low,,,
2025-02-10,3:30pm,USD,President Trump Speaks,High,,,
2025-02-10,All Day,JPY,Bank Holiday,Low,,,
2025-02-10,6:01pm,GBP,BRC Retail Sales Monitor y/y,Medium,1.1%,3.1%,
2025-02-11,5:00am,USD,NFIB Small Business Index,Medium,104.6,105.1,
2025-02-11,6:15am,GBP,BOE Gov Bailey Speaks,High,,,
2025-02-11,7:50am,USD,FOMC Member Hammack Speaks,Medium,,,
2025-02-11,9:00am,USD,Fed Chairman Powell Testifies,High,,,
2025-02-11,2:30pm,USD,FOMC Member Bowman Speaks,Medium,,,
2025-02-11,2:30pm,USD,FOMC Member Williams Speaks,Medium,,,
2025-02-11,2:40pm,USD,President Trump Speaks,High,,,
2025-02-11,3:30pm,USD,API Weekly Statistical Bulletin,Medium,,,
2025-02-11,5:50pm,JPY,M2 Money Stock y/y,Medium,1.3%,1.3%,
2025-02-11,11:59pm,JPY,Prelim Machine Tool Orders y/y,Medium,,12.6%,
2025-02-12,3:00am,EUR,Italian Industrial Production m/m,Medium,-0.1%,0.3%,
2025-02-12,4:37am,EUR,German 30-y Bond Auction,Medium,,2.84|2.8,
2025-02-12,7:30am,USD,Core CPI m/m,High,0.3%,0.2%,
2025-02-12,7:30am,USD,CPI m/m,High,0.3%,0.4%,
2025-02-12,7:30am,USD,CPI y/y,High,2.9%,2.9%,
2025-02-12,8:30am,GBP,CB Leading Index m/m,Medium,,-0.1%,
2025-02-12,9:00am,GBP,MPC Member Greene Speaks,Medium,,,
2025-02-12,9:00am,USD,Fed Chairman Powell Testifies,High,,,
2025-02-12,9:30am,USD,Crude Oil Inventories,Low,2.4M,8.7M,
2025-02-12,11:00am,EUR,German Buba President Nagel Speaks,Medium,,,
2025-02-12,11:00am,USD,FOMC Member Bostic Speaks,Medium,,,
2025-02-12,12:01pm,USD,10-y Bond Auction,Medium,,4.68|2.5,
2025-02-12,1:00pm,USD,Federal Budget Balance,Medium,-88.1B,-86.7B,
2025-02-12,2:48pm,USD,President Trump Speaks,High,,,
2025-02-12,4:05pm,USD,FOMC Member Waller Speaks,Low,,,
2025-02-12,5:50pm,JPY,PPI y/y,Medium,4.0%,3.9%,
2025-02-12,6:01pm,GBP,RICS House Price Balance,Medium,27%,26%,
2025-02-13,ThuFeb 13,GBP,GDP m/m,High,0.1%,0.1%,
2025-02-13,ThuFeb 13,GBP,Prelim GDP q/q,Low,-0.1%,0.0%,
2025-02-13,ThuFeb 13,GBP,Construction Output m/m,Medium,0.2%,0.6%,
2025-02-13,ThuFeb 13,GBP,Goods Trade Balance,Medium,-18.6B,-18.9B,
2025-02-13,ThuFeb 13,GBP,Index of Services 3m/3m,Medium,0.1%,0.0%,
2025-02-13,ThuFeb 13,GBP,Industrial Production m/m,Medium,0.2%,-0.5%,
2025-02-13,ThuFeb 13,GBP,Manufacturing Production m/m,Medium,0.0%,-0.3%,
2025-02-13,ThuFeb 13,GBP,Prelim Business Investment q/q,Medium,-0.4%,1.9%,
2025-02-13,1:30am,CHF,CPI m/m,High,-0.1%,-0.1%,
2025-02-13,3:00am,EUR,ECB Economic Bulletin,Medium,,,
2025-02-13,4:00am,EUR,Industrial Production m/m,Medium,-0.6%,0.4%,
2025-02-13,6:46am,GBP,NIESR GDP Estimate,Medium,,0.1%,
2025-02-13,7:30am,USD,Core PPI m/m,High,0.3%,0.4%,
2025-02-13,7:30am,USD,PPI m/m,High,0.3%,0.5%,
2025-02-13,7:30am,USD,Unemployment Claims,High,217K,220K,
2025-02-13,9:30am,USD,Natural Gas Storage,Medium,-90B,-174B,
2025-02-13,11:00am,EUR,German Buba President Nagel Speaks,Medium,,,
2025-02-13,12:01pm,USD,30-y Bond Auction,Medium,,4.91|2.5,
2025-02-13,12:36pm,USD,President Trump Speaks,High,,,
2025-02-14,1:30am,CHF,PPI m/m,Medium,0.1%,0.0%,
2025-02-14,4:00am,EUR,Flash Employment Change q/q,Medium,0.1%,0.2%,
2025-02-14,4:00am,EUR,Flash GDP q/q,Medium,0.0%,0.0%,
2025-02-14,7:30am,USD,Core Retail Sales m/m,High,0.3%,0.7%,
2025-02-14,7:30am,USD,Retail Sales m/m,High,-0.2%,0.7%,
2025-02-14,7:30am,USD,Import Prices m/m,Medium,0.4%,0.2%,
2025-02-14,8:15am,USD,Capacity Utilization Rate,Medium,77.7%,77.5%,
2025-02-14,8:15am,USD,Industrial Production m/m,Medium,0.3%,1.0%,
2025-02-14,9:00am,USD,Business Inventories m/m,Medium,0.0%,0.1%,
2025-02-14,1:08pm,USD,President Trump Speaks,High,,,
2025-02-14,2:00pm,USD,FOMC Member Logan Speaks,Medium,,,
2025-02-16,5:50pm,JPY,Prelim GDP Price Index y/y,Medium,2.8%,2.4%,
2025-02-16,5:50pm,JPY,Prelim GDP q/q,Medium,0.3%,0.3%,
2025-02-16,6:01pm,GBP,Rightmove HPI m/m,Medium,,1.7%,
2025-02-16,10:30pm,JPY,Revised Industrial Production m/m,Medium,0.3%,0.3%,
2025-02-16,10:30pm,JPY,Tertiary Industry Activity m/m,Medium,0.2%,-0.3%,
2025-02-17,4:00am,EUR,Trade Balance,Medium,14.4B,13.3B,
2025-02-17,All Day,EUR,Eurogroup Meetings,Medium,,,
2025-02-17,5:00am,EUR,German Buba President Nagel Speaks,Medium,,,
2025-02-17,All Day,USD,Bank Holiday,Low,,,
2025-02-17,8:30am,USD,FOMC Member Harker Speaks,Medium,,,
2025-02-17,9:20am,USD,FOMC Member Bowman Speaks,Medium,,,
2025-02-17,5:00pm,USD,FOMC Member Waller Speaks,Low,,,
2025-02-18,TueFeb 18,GBP,Average Earnings Index 3m/y,Low,5.9%,5.5%,
2025-02-18,TueFeb 18,GBP,Unemployment Rate,Medium,4.5%,4.4%,
2025-02-18,1:45am,EUR,French Final CPI m/m,Medium,-0.1%,-0.1%,
2025-02-18,3:30am,GBP,BOE Gov Bailey Speaks,High,,,
2025-02-18,4:00am,EUR,German ZEW Economic Sentiment,Low,19.9,10.3,
2025-02-18,4:00am,EUR,ZEW Economic Sentiment,Medium,24.3,18.0,
2025-02-18,All Day,EUR,ECOFIN Meetings,Medium,,,
2025-02-18,7:30am,USD,Empire State Manufacturing Index,Low,-1.9,-12.6,
2025-02-18,9:00am,USD,NAHB Housing Market Index,Medium,46,47,
2025-02-18,9:20am,USD,FOMC Member Daly Speaks,Medium,,,
2025-02-18,12:00pm,USD,FOMC Member Barr Speaks,Medium,,,
2025-02-18,3:00pm,USD,TIC Long-Term Purchases,Medium,149.1B,53.2B,
2025-02-18,3:13pm,USD,President Trump Speaks,High,,,
2025-02-18,5:50pm,JPY,Core Machinery Orders m/m,Medium,0.4%,3.4%,
2025-02-18,5:50pm,JPY,Trade Balance,Medium,-0.26T,-0.22T,
2025-02-18,8:00pm,USD,President Trump Speaks,High,,,
2025-02-19,WedFeb 19,GBP,Core CPI y/y,Medium,3.7%,3.2%,
2025-02-19,WedFeb 19,GBP,PPI Input m/m,Medium,0.7%,0.2%,
2025-02-19,WedFeb 19,GBP,PPI Output m/m,Medium,0.2%,-0.2%,
2025-02-19,WedFeb 19,GBP,RPI y/y,Medium,3.7%,3.5%,
2025-02-19,3:00am,EUR,Current Account,Medium,30.2B,25.1B,
2025-02-19,3:30am,GBP,HPI y/y,Medium,3.2%,3.9%,
2025-02-19,4:35am,EUR,German 10-y Bond Auction,Medium,,2.54|2.8,
2025-02-19,7:30am,USD,Building Permits,Medium,1.46M,1.48M,
2025-02-19,7:30am,USD,Housing Starts,Medium,1.39M,1.52M,
2025-02-19,1:00pm,USD,FOMC Meeting Minutes,High,,,
2025-02-19,3:30pm,USD,API Weekly Statistical Bulletin,Medium,,,
2025-02-19,4:00pm,USD,President Trump Speaks,High,,,
2025-02-19,4:00pm,USD,FOMC Member Jefferson Speaks,Medium,,,
2025-02-20,ThuFeb 20,EUR,German PPI m/m,Medium,0.6%,-0.1%,
2025-02-20,5:00am,GBP,CBI Industrial Order Expectations,Medium,-30,-34,
2025-02-20,7:30am,USD,Unemployment Claims,High,215K,214K,
2025-02-20,7:30am,USD,Philly Fed Manufacturing Index,Low,19.4,44.3,
2025-02-20,8:35am,USD,FOMC Member Goolsbee Speaks,Medium,,,
2025-02-20,9:00am,EUR,Consumer Confidence,Medium,-14,-14,
2025-02-20,9:00am,USD,CB Leading Index m/m,Medium,-0.1%,0.1%,
2025-02-20,9:30am,USD,Natural Gas Storage,Medium,-191B,-100B,
2025-02-20,10:00am,EUR,German Buba President Nagel Speaks,Medium,,,
2025-02-20,11:00am,USD,Crude Oil Inventories,Low,3.2M,4.1M,
2025-02-20,11:05am,USD,FOMC Member Musalem Speaks,Medium,,,
2025-02-20,1:30pm,USD,FOMC Member Barr Speaks,Medium,,,
2025-02-20,4:00pm,USD,FOMC Member Kugler Speaks,Medium,,,
2025-02-20,5:30pm,JPY,National Core CPI y/y,Medium,3.1%,3.0%,
2025-02-20,6:01pm,GBP,GfK Consumer Confidence,Medium,-22,-22,
2025-02-20,6:20pm,USD,President Trump Speaks,High,,,
2025-02-20,6:30pm,JPY,Flash Manufacturing PMI,Medium,49.0,48.7,
2025-02-21,FriFeb 21,GBP,Public Sector Net Borrowing,Medium,-20.1B,18.1B,
2025-02-21,2:15am,EUR,French Flash Manufacturing PMI,High,45.3,45.0,
2025-02-21,2:15am,EUR,French Flash Services PMI,High,48.8,48.2,
2025-02-21,2:30am,EUR,German Flash Manufacturing PMI,High,45.4,45.0,
2025-02-21,2:30am,EUR,German Flash Services PMI,High,52.4,52.5,
2025-02-21,3:00am,EUR,Flash Manufacturing PMI,Low,46.9,46.6,
2025-02-21,3:00am,EUR,Flash Services PMI,Low,51.5,51.3,
2025-02-21,3:30am,GBP,Flash Manufacturing PMI,High,48.5,48.3,
2025-02-21,3:30am,GBP,Flash Services PMI,High,50.8,50.8,
2025-02-21,8:45am,USD,Flash Manufacturing PMI,High,51.3,51.2,
2025-02-21,8:45am,USD,Flash Services PMI,High,53.0,52.9,
2025-02-21,9:00am,USD,Existing Home Sales,Low,4.13M,4.29M,
2025-02-21,9:00am,USD,Revised UoM Consumer Sentiment,Low,67.8,67.8,
2025-02-21,9:00am,USD,Revised UoM Inflation Expectations,Medium,,4.3%,
2025-02-21,10:30am,USD,FOMC Member Jefferson Speaks,Medium,,,
2025-02-21,2:56pm,USD,President Trump Speaks,High,,,
2025-02-23,All Day,JPY,Bank Holiday,Low,,,
2025-02-24,MonFeb 24,GBP,MPC Member Lombardelli Speaks,Medium,,,
2025-02-24,4:00am,EUR,Final Core CPI y/y,Medium,2.7%,2.7%,
2025-02-24,4:00am,EUR,Final CPI y/y,Medium,2.5%,2.5%,
2025-02-24,5:00am,EUR,German Buba Monthly Report,Medium,,,
2025-02-24,7:15am,GBP,MPC Member Ramsden Speaks,Medium,,,
2025-02-24,7:55am,EUR,Belgian NBB Business Climate,Medium,-12.9,-13.6,
2025-02-24,12:00pm,GBP,MPC Member Dhingra Speaks,Medium,,,
2025-02-24,1:49pm,USD,President Trump Speaks,High,,,
2025-02-24,5:30pm,USD,FOMC Member Goolsbee Speaks,Medium,,,
2025-02-24,5:50pm,JPY,SPPI y/y,Medium,3.1%,3.0%,
2025-02-25,3:15am,USD,FOMC Member Logan Speaks,Medium,,,
2025-02-25,4:00am,EUR,German Buba President Nagel Speaks,Medium,,,
2025-02-25,5:00am,GBP,CBI Realized Sales,Medium,-21,-24,
2025-02-25,8:00am,GBP,MPC Member Pill Speaks,Medium,,,
2025-02-25,8:00am,USD,S&P/CS Composite-20 HPI y/y,Low,4.4%,4.3%,
2025-02-25,8:00am,USD,HPI m/m,Medium,0.2%,0.4%,
2025-02-25,9:00am,USD,CB Consumer Confidence,Low,102.7,104.1,
2025-02-25,9:00am,USD,Richmond Manufacturing Index,Low,-3,-4,
2025-02-25,10:45am,USD,FOMC Member Barr Speaks,Medium,,,
2025-02-25,12:00pm,USD,FOMC Member Barkin Speaks,Medium,,,
2025-02-25,2:59pm,USD,President Trump Speaks,High,,,
2025-02-25,3:30pm,USD,API Weekly Statistical Bulletin,Medium,,,
2025-02-25,11:00pm,JPY,BOJ Core CPI y/y,Medium,2.0%,1.9%,
2025-02-26,3:00am,CHF,UBS Economic Expectations,Medium,,17.7,
2025-02-26,7:30am,USD,FOMC Member Barkin Speaks,Medium,,,
2025-02-26,9:00am,USD,New Home Sales,Low,679K,734K,
2025-02-26,9:30am,USD,Crude Oil Inventories,Low,2.5M,4.6M,
2025-02-26,10:30am,GBP,MPC Member Dhingra Speaks,Medium,,,
2025-02-26,11:00am,USD,FOMC Member Bostic Speaks,Medium,,,
2025-02-27,ThuFeb 27,EUR,Spanish Flash CPI y/y,Low,3.0%,2.9%,
2025-02-27,3:00am,EUR,M3 Money Supply y/y,Medium,3.8%,3.4%,
2025-02-27,3:00am,EUR,Private Loans y/y,Medium,1.2%,1.1%,
2025-02-27,4:22am,EUR,Italian 10-y Bond Auction,Medium,,3.60|1.8,
2025-02-27,6:30am,EUR,ECB Monetary Policy Meeting Accounts,Medium,,,
2025-02-27,7:00am,USD,FOMC Member Barkin Speaks,Medium,,,
2025-02-27,7:30am,USD,Prelim GDP q/q,High,2.3%,2.3%,
2025-02-27,7:30am,USD,Unemployment Claims,High,222K,220K,
2025-02-27,7:30am,USD,Core Durable Goods Orders m/m,Low,0.2%,0.1%,
2025-02-27,7:30am,USD,Durable Goods Orders m/m,Low,2.0%,-1.8%,
2025-02-27,7:30am,USD,Prelim GDP Price Index q/q,Low,2.2%,2.2%,
2025-02-27,8:15am,USD,FOMC Member Schmid Speaks,Medium,,,
2025-02-27,9:00am,USD,Pending Home Sales m/m,Low,-0.9%,-4.1%,
2025-02-27,9:00am,USD,FOMC Member Barr Speaks,Medium,,,
2025-02-27,9:30am,USD,Natural Gas Storage,Medium,-276B,-196B,
2025-02-27,10:45am,USD,FOMC Member Bowman Speaks,Medium,,,
2025-02-27,12:15pm,USD,FOMC Member Hammack Speaks,Medium,,,
2025-02-27,2:15pm,USD,FOMC Member Harker Speaks,Medium,,,
2025-02-27,2:30pm,USD,President Trump Speaks,Low,,,
2025-02-27,5:30pm,JPY,Tokyo Core CPI y/y,Low,2.3%,2.5%,
2025-02-27,5:50pm,JPY,Prelim Industrial Production m/m,Medium,-1.0%,-0.2%,
2025-02-27,5:50pm,JPY,Retail Sales y/y,Medium,3.9%,3.5%,
2025-02-27,11:00pm,JPY,Housing Starts y/y,Medium,-2.6%,-2.5%,
2025-02-28,FriFeb 28,EUR,German Retail Sales m/m,Medium,0.4%,-0.9%,
2025-02-28,FriFeb 28,GBP,MPC Member Ramsden Speaks,Medium,,,
2025-02-28,FriFeb 28,GBP,Nationwide HPI m/m,Medium,0.2%,0.1%,
2025-02-28,All Day,EUR,German Prelim CPI m/m,High,0.4%,-0.2%,
2025-02-28,1:30am,CHF,Retail Sales y/y,Medium,1.6%,2.1%,
2025-02-28,1:45am,EUR,French Consumer Spending m/m,Medium,-0.6%,0.7%,
2025-02-28,1:45am,EUR,French Final Private Payrolls q/q,Medium,-0.2%,-0.2%,
2025-02-28,1:45am,EUR,French Prelim CPI m/m,Medium,0.5%,0.2%,
2025-02-28,1:45am,EUR,French Prelim GDP q/q,Medium,-0.1%,-0.1%,
2025-02-28,2:00am,CHF,KOF Economic Barometer,Medium,101.9,103.0,
2025-02-28,2:55am,EUR,German Unemployment Change,Medium,14K,11K,
2025-02-28,4:00am,EUR,Italian Prelim CPI m/m,Medium,0.2%,0.6%,
2025-02-28,7:30am,USD,Core PCE Price Index m/m,High,0.3%,0.2%,
2025-02-28,7:30am,USD,Goods Trade Balance,Medium,-116.9B,-122.0B,
2025-02-28,7:30am,USD,Personal Income m/m,Medium,0.4%,0.4%,
2025-02-28,7:30am,USD,Personal Spending m/m,Medium,0.2%,0.8%,
2025-02-28,7:30am,USD,Prelim Wholesale Inventories m/m,Medium,0.1%,-0.4%,
2025-02-28,8:45am,USD,Chicago PMI,Low,40.5,39.5,
2025-02-28,11:15am,USD,President Trump Speaks,High,,,
2025-02-28,9:15pm,USD,FOMC Member Goolsbee Speaks,Medium,,,
2025-03-02,6:30pm,JPY,Final Manufacturing PMI,Medium,48.9,48.9,
2025-03-03,2:30am,CHF,Manufacturing PMI,Medium,48.3,47.5,
2025-03-03,2:45am,EUR,Italian Manufacturing PMI,Medium,46.6,46.3,
2025-03-03,2:50am,EUR,French Final Manufacturing PMI,Medium,45.5,45.5,
2025-03-03,2:55am,EUR,German Final Manufacturing PMI,Medium,46.1,46.1,
2025-03-03,3:00am,EUR,Final Manufacturing PMI,Medium,47.3,47.3,
2025-03-03,3:30am,GBP,Final Manufacturing PMI,Medium,46.4,46.4,
2025-03-03,3:30am,GBP,M4 Money Supply m/m,Medium,0.2%,0.1%,
2025-03-03,3:30am,GBP,Mortgage Approvals,Medium,66K,67K,
2025-03-03,3:30am,GBP,Net Lending to Individuals m/m,Medium,4.7B,4.4B,
2025-03-03,4:00am,EUR,Core CPI Flash Estimate y/y,Low,2.5%,2.7%,
2025-03-03,4:00am,EUR,CPI Flash Estimate y/y,Low,2.3%,2.5%,
2025-03-03,8:45am,USD,Final Manufacturing PMI,Low,51.6,51.6,
2025-03-03,9:00am,USD,ISM Manufacturing PMI,High,50.6,50.9,
2025-03-03,9:00am,USD,ISM Manufacturing Prices,Low,56.2,54.9,
2025-03-03,9:00am,USD,Construction Spending m/m,Medium,-0.1%,0.5%,
2025-03-03,All Day,USD,Wards Total Vehicle Sales,Medium,16.1M,15.6M,
2025-03-03,11:05am,USD,FOMC Member Musalem Speaks,Medium,,,
2025-03-03,1:39pm,USD,President Trump Speaks,Low,,,
2025-03-03,5:30pm,JPY,Unemployment Rate,Medium,2.4%,2.4%,
2025-03-03,5:50pm,JPY,Capital Spending q/y,Medium,4.9%,8.1%,
2025-03-03,5:50pm,JPY,Monetary Base y/y,Medium,-1.8%,-2.5%,
2025-03-03,6:01pm,GBP,BRC Shop Price Index y/y,Medium,,-0.7%,
2025-03-03,9:35pm,JPY,10-y Bond Auction,Medium,,1.26|3.2,
2025-03-03,11:00pm,JPY,Consumer Confidence,Medium,35.2,35.2,
2025-03-04,2:00am,EUR,Spanish Unemployment Change,Medium,45.2K,38.7K,
2025-03-04,3:00am,EUR,Italian Monthly Unemployment Rate,Medium,6.2%,6.4%,
2025-03-04,4:00am,EUR,Unemployment Rate,Medium,6.3%,6.2%,
2025-03-04,4:03am,GBP,30-y Bond Auction,Medium,,4.98|3.2,
2025-03-04,9:06am,USD,RCM/TIPP Economic Optimism,Medium,53.1,52.0,
2025-03-04,1:20pm,USD,FOMC Member Williams Speaks,Medium,,,
2025-03-04,3:30pm,USD,API Weekly Statistical Bulletin,Medium,,,
2025-03-04,6:30pm,JPY,BOJ Gov Ueda Speaks,Low,,,
2025-03-04,8:10pm,USD,President Trump Speaks,High,,,
2025-03-05,1:45am,EUR,French Industrial Production m/m,Medium,0.5%,-0.5%,
2025-03-05,2:15am,EUR,Spanish Services PMI,Medium,55.4,54.9,
2025-03-05,2:45am,EUR,Italian Services PMI,Medium,50.9,50.4,
2025-03-05,2:50am,EUR,French Final Services PMI,Medium,44.6,44.5,
2025-03-05,2:55am,EUR,German Final Services PMI,Medium,52.2,52.2,
2025-03-05,3:00am,EUR,Final Services PMI,Medium,50.7,50.7,
2025-03-05,3:30am,GBP,Final Services PMI,Medium,51.1,51.1,
2025-03-05,4:00am,EUR,PPI m/m,Medium,0.3%,0.5%,
2025-03-05,4:00am,EUR,Italian Retail Sales m/m,Medium,0.3%,0.6%,
2025-03-05,7:15am,USD,ADP Non-Farm Employment Change,High,141K,186K,
2025-03-05,8:30am,GBP,Monetary Policy Report Hearings,Low,,,
2025-03-05,8:45am,USD,Final Services PMI,Low,49.7,49.7,
2025-03-05,9:00am,USD,ISM Services PMI,High,52.5,52.8,
2025-03-05,9:00am,USD,Factory Orders m/m,Medium,1.7%,-0.6%,
2025-03-05,9:30am,USD,Crude Oil Inventories,Medium,0.6M,-2.3M,
2025-03-05,1:00pm,USD,Beige Book,Medium,,,
2025-03-05,9:35pm,JPY,30-y Bond Auction,Medium,,2.29|3.7,
2025-03-06,3:30am,GBP,Construction PMI,Low,49.5,48.1,
2025-03-06,3:40am,EUR,Spanish 10-y Bond Auction,Medium,,2.74|2.6,
2025-03-06,3:59am,EUR,French 10-y Bond Auction,Medium,,3.15|2.2,
2025-03-06,4:00am,EUR,Retail Sales m/m,Medium,0.1%,0.0%,
2025-03-06,All Day,EUR,Euro Summit,High,,,
2025-03-06,6:30am,USD,Challenger Job Cuts y/y,Medium,,-39.5%,
2025-03-06,7:15am,EUR,Main Refinancing Rate,High,2.65%,2.90%,
2025-03-06,7:15am,EUR,Monetary Policy Statement,High,,,
2025-03-06,7:30am,USD,Unemployment Claims,High,234K,242K,
2025-03-06,7:30am,USD,Revised Nonfarm Productivity q/q,Medium,1.2%,1.2%,
2025-03-06,7:30am,USD,Revised Unit Labor Costs q/q,Medium,3.0%,3.0%,
2025-03-06,7:30am,USD,Trade Balance,Medium,-128.3B,-98.1B,
2025-03-06,7:45am,EUR,ECB Press Conference,High,,,
2025-03-06,7:45am,USD,FOMC Member Harker Speaks,Medium,,,
2025-03-06,9:00am,GBP,MPC Member Mann Speaks,Medium,,,
2025-03-06,9:00am,USD,Final Wholesale Inventories m/m,Medium,0.7%,0.7%,
2025-03-06,9:30am,USD,Natural Gas Storage,Medium,-96B,-261B,
2025-03-06,1:39pm,USD,President Trump Speaks,Low,,,
2025-03-06,2:30pm,USD,FOMC Member Waller Speaks,Low,,,
2025-03-06,6:00pm,USD,FOMC Member Bostic Speaks,Medium,,,
2025-03-07,FriMar 7,GBP,Halifax HPI m/m,Medium,0.5%,0.6%,
2025-03-07,1:45am,EUR,French Trade Balance,Medium,-4.1B,-3.5B,
2025-03-07,2:00am,CHF,Foreign Currency Reserves,Medium,,736B,
2025-03-07,3:30am,EUR,ECB President Lagarde Speaks,Low,,,
2025-03-07,4:00am,EUR,Final Employment Change q/q,Medium,0.1%,0.1%,
2025-03-07,4:00am,EUR,Revised GDP q/q,Medium,0.1%,0.1%,
2025-03-07,7:30am,USD,Average Hourly Earnings m/m,High,0.3%,0.4%,
2025-03-07,7:30am,USD,Non-Farm Employment Change,High,159K,125K,
2025-03-07,7:30am,USD,Unemployment Rate,High,4.0%,4.0%,
2025-03-07,9:15am,USD,FOMC Member Bowman Speaks,Medium,,,
2025-03-07,9:45am,USD,FOMC Member Williams Speaks,Medium,,,
2025-03-07,10:00am,USD,President Trump Speaks,Low,,,
2025-03-07,11:20am,USD,FOMC Member Kugler Speaks,Medium,,,
2025-03-07,11:30am,USD,Fed Chairman Powell Speaks,High,,,
2025-03-07,12:00pm,USD,FOMC Member Kugler Speaks,Medium,,,
2025-03-07,2:00pm,USD,President Trump Speaks,Low,,,
2025-03-07,2:00pm,USD,Consumer Credit m/m,Medium,15.6B,37.1B,
2025-03-09,SunMar 9,USD,Daylight Saving Time Shift,Low,,,
2025-03-09,6:30pm,JPY,Average Cash Earnings y/y,Medium,3.2%,4.4%,
2025-03-09,6:50pm,JPY,Bank Lending y/y,Medium,3.1%,2.9%,
2025-03-09,6:50pm,JPY,Current Account,Medium,1.97T,2.73T,
2025-03-10,1:00am,JPY,Economy Watchers Sentiment,Medium,48.5,48.6,
2025-03-10,2:00am,EUR,German Industrial Production m/m,Medium,1.6%,-1.5%,
2025-03-10,2:00am,EUR,German Trade Balance,Medium,21.0B,20.7B,
2025-03-10,2:59am,CHF,SECO Consumer Climate,Medium,-28,-29,
2025-03-10,All Day,EUR,Eurogroup Meetings,Medium,,,
2025-03-10,4:30am,EUR,Sentix Investor Confidence,Medium,-9.1,-12.7,
2025-03-10,6:30pm,JPY,Household Spending y/y,Medium,3.7%,2.7%,
2025-03-10,6:50pm,JPY,Final GDP Price Index y/y,Medium,2.8%,2.8%,
2025-03-10,6:50pm,JPY,Final GDP q/q,Medium,0.7%,0.7%,
2025-03-10,6:50pm,JPY,M2 Money Stock y/y,Medium,1.4%,1.3%,
2025-03-10,7:01pm,GBP,BRC Retail Sales Monitor y/y,Medium,1.9%,2.5%,
2025-03-11,All Day,EUR,ECOFIN Meetings,Medium,,,
2025-03-11,5:00am,USD,NFIB Small Business Index,Medium,100.9,102.8,
2025-03-11,8:30am,GBP,CB Leading Index m/m,Medium,,0.0%,
2025-03-11,9:00am,USD,JOLTS Job Openings,High,7.65M,7.51M,
2025-03-11,3:30pm,USD,API Weekly Statistical Bulletin,Medium,,,
2025-03-11,4:00pm,USD,President Trump Speaks,Low,,,
2025-03-11,6:50pm,JPY,BSI Manufacturing Index,Medium,6.5,6.3,
2025-03-11,6:50pm,JPY,PPI y/y,Medium,4.0%,4.2%,
2025-03-12,5:09am,GBP,10-y Bond Auction,Medium,,4.81|2.8,
2025-03-12,5:31am,EUR,German 10-y Bond Auction,Medium,,2.52|2.8,
2025-03-12,7:30am,USD,Core CPI m/m,High,0.3%,0.4%,
2025-03-12,7:30am,USD,CPI m/m,High,0.3%,0.5%,
2025-03-12,7:30am,USD,CPI y/y,High,2.9%,3.0%,
2025-03-12,8:45am,EUR,German Buba President Nagel Speaks,Medium,,,
2025-03-12,9:30am,USD,Crude Oil Inventories,Medium,2.1M,3.6M,
2025-03-12,12:01pm,USD,10-y Bond Auction,Medium,,4.63|2.5,
2025-03-12,1:00pm,USD,Federal Budget Balance,Medium,-302.5B,-128.6B,
2025-03-12,7:01pm,GBP,RICS House Price Balance,Medium,20%,21%,
2025-03-13,4:00am,EUR,Italian Quarterly Unemployment Rate,Medium,6.2%,6.3%,
2025-03-13,5:00am,EUR,Industrial Production m/m,Medium,0.5%,-0.4%,
2025-03-13,7:30am,USD,Core PPI m/m,High,0.3%,0.5%,
2025-03-13,7:30am,USD,PPI m/m,High,0.3%,0.6%,
2025-03-13,7:30am,USD,Unemployment Claims,High,226K,222K,
2025-03-13,9:30am,USD,Natural Gas Storage,Medium,-46B,-80B,
2025-03-13,12:01pm,USD,30-y Bond Auction,Medium,,4.75|2.3,
2025-03-13,12:30pm,EUR,German Buba President Nagel Speaks,Medium,,,
2025-03-14,FriMar 14,EUR,German WPI m/m,Medium,0.2%,0.9%,
2025-03-14,FriMar 14,GBP,GDP m/m,High,0.1%,0.4%,
2025-03-14,FriMar 14,GBP,Construction Output m/m,Medium,-0.1%,-0.2%,
2025-03-14,FriMar 14,GBP,Index of Services 3m/3m,Medium,0.3%,0.2%,
2025-03-14,FriMar 14,GBP,Industrial Production m/m,Medium,-0.1%,0.5%,
2025-03-14,FriMar 14,GBP,Manufacturing Production m/m,Medium,0.0%,0.7%,
2025-03-14,2:45am,EUR,French Final CPI m/m,Medium,0.0%,0.0%,
2025-03-14,4:00am,EUR,Italian Industrial Production m/m,Medium,1.5%,-2.7%,
2025-03-14,4:30am,GBP,Consumer Inflation Expectations,Medium,,3.0%,
2025-03-14,5:27am,GBP,NIESR GDP Estimate,Medium,,0.2%,
2025-03-14,9:00am,USD,Prelim UoM Consumer Sentiment,High,63.1,64.7,
2025-03-14,9:00am,USD,Prelim UoM Inflation Expectations,High,,4.3%,
2025-03-14,2:00pm,USD,President Trump Speaks,Low,,,
2025-03-16,7:01pm,GBP,Rightmove HPI m/m,Medium,,0.5%,
2025-03-17,7:30am,USD,Core Retail Sales m/m,High,0.3%,-0.6%,
2025-03-17,7:30am,USD,Retail Sales m/m,High,0.6%,-1.2%,
2025-03-17,7:30am,USD,Empire State Manufacturing Index,Low,-1.9,5.7,
2025-03-17,9:00am,USD,Business Inventories m/m,Medium,0.3%,-0.2%,
2025-03-17,9:00am,USD,NAHB Housing Market Index,Medium,42,42,
2025-03-17,11:30pm,JPY,Tertiary Industry Activity m/m,Medium,-0.1%,0.4%,
2025-03-18,4:00am,EUR,Italian Trade Balance,Medium,5.15B,5.82B,
2025-03-18,5:00am,EUR,German ZEW Economic Sentiment,Low,48.1,26.0,
2025-03-18,5:00am,EUR,Trade Balance,Medium,14.0B,14.2B,
2025-03-18,5:00am,EUR,ZEW Economic Sentiment,Medium,43.6,24.2,
2025-03-18,7:30am,USD,Building Permits,Medium,1.45M,1.47M,
2025-03-18,7:30am,USD,Housing Starts,Medium,1.38M,1.35M,
2025-03-18,7:30am,USD,Import Prices m/m,Medium,-0.1%,0.4%,
2025-03-18,8:15am,USD,Capacity Utilization Rate,Medium,77.8%,77.7%,
2025-03-18,8:15am,USD,Industrial Production m/m,Medium,0.2%,0.3%,
2025-03-18,3:30pm,USD,API Weekly Statistical Bulletin,Medium,,,
2025-03-18,6:50pm,JPY,Core Machinery Orders m/m,Medium,-0.1%,-1.2%,
2025-03-18,6:50pm,JPY,Trade Balance,Medium,0.50T,-0.60T,
2025-03-18,9:25pm,JPY,BOJ Policy Rate,High,<0.50%,<0.50%,
2025-03-18,9:25pm,JPY,Monetary Policy Statement,High,,,
2025-03-18,11:30pm,JPY,Revised Industrial Production m/m,Medium,-1.1%,-1.1%,
2025-03-19,5:00am,EUR,Final Core CPI y/y,Medium,2.6%,2.6%,
2025-03-19,5:00am,EUR,Final CPI y/y,Medium,2.4%,2.5%,
2025-03-19,5:33am,EUR,German 30-y Bond Auction,Medium,,2.70|2.5,
2025-03-19,9:30am,USD,Crude Oil Inventories,Medium,0.8M,1.4M,
2025-03-19,1:00pm,USD,Federal Funds Rate,High,4.50%,4.50%,
2025-03-19,1:00pm,USD,FOMC Economic Projections,High,,,
2025-03-19,1:00pm,USD,FOMC Statement,High,,,
2025-03-19,1:30pm,USD,FOMC Press Conference,High,,,
2025-03-19,3:00pm,USD,TIC Long-Term Purchases,Medium,101.1B,75.0B,
2025-03-19,All Day,JPY,Bank Holiday,Low,,,
2025-03-20,ThuMar 20,EUR,German PPI m/m,Medium,0.2%,-0.1%,
2025-03-20,ThuMar 20,GBP,Claimant Count Change,High,7.9K,2.8K,
2025-03-20,ThuMar 20,GBP,Average Earnings Index 3m/y,Low,5.8%,6.1%,
2025-03-20,ThuMar 20,GBP,Unemployment Rate,Medium,4.4%,4.4%,
2025-03-20,3:00am,EUR,ECB President Lagarde Speaks,Low,,,
2025-03-20,3:30am,CHF,SNB Monetary Policy Assessment,High,,,
2025-03-20,3:30am,CHF,SNB Policy Rate,High,0.25%,0.50%,
2025-03-20,4:00am,CHF,SNB Press Conference,High,,,
2025-03-20,4:00am,EUR,ECB Economic Bulletin,Medium,,,
2025-03-20,4:40am,EUR,Spanish 10-y Bond Auction,Medium,,3.51|1.9,
2025-03-20,6:00am,EUR,German Buba Monthly Report,Medium,,,
2025-03-20,7:00am,GBP,Monetary Policy Summary,High,,,
2025-03-20,7:00am,GBP,MPC Official Bank Rate Votes,High,0-2-7,0-9-0,
2025-03-20,7:00am,GBP,Official Bank Rate,High,4.50%,4.50%,
2025-03-20,7:30am,USD,Unemployment Claims,High,224K,221K,
2025-03-20,7:30am,USD,Philly Fed Manufacturing Index,Low,8.8,18.1,
2025-03-20,7:30am,USD,Current Account,Medium,-330B,-310B,
2025-03-20,9:00am,USD,Existing Home Sales,Low,3.95M,4.09M,
2025-03-20,9:00am,USD,CB Leading Index m/m,Medium,-0.2%,-0.2%,
2025-03-20,9:30am,USD,Natural Gas Storage,Medium,3B,-62B,
2025-03-20,9:40am,USD,President Trump Speaks,Low,,,
2025-03-20,6:30pm,JPY,National Core CPI y/y,Low,2.9%,3.2%,
2025-03-20,7:01pm,GBP,GfK Consumer Confidence,Medium,-20,-20,
2025-03-21,4:00am,EUR,Current Account,Medium,35.0B,38.4B,
2025-03-21,6:00am,GBP,CBI Industrial Order Expectations,Medium,-30,-28,
2025-03-21,8:05am,USD,FOMC Member Williams Speaks,Medium,,,
2025-03-21,10:00am,EUR,Consumer Confidence,Medium,-13,-14,
2025-03-23,7:30pm,JPY,Flash Manufacturing PMI,Medium,49.2,49.0,
2025-03-24,MonMar 24,EUR,French Flash Services PMI,High,46.3,45.3,
2025-03-24,3:30am,EUR,German Flash Manufacturing PMI,High,47.1,46.5,
2025-03-24,3:30am,EUR,German Flash Services PMI,High,52.3,51.1,
2025-03-24,4:00am,EUR,Flash Manufacturing PMI,Low,48.3,47.6,
2025-03-24,4:00am,EUR,Flash Services PMI,Low,51.2,50.6,
2025-03-24,4:30am,GBP,Flash Manufacturing PMI,High,47.3,46.9,
2025-03-24,4:30am,GBP,Flash Services PMI,High,51.2,51.0,
2025-03-24,8:45am,USD,Flash Manufacturing PMI,High,51.9,52.7,
2025-03-24,8:45am,USD,Flash Services PMI,High,51.2,51.0,
2025-03-24,12:45pm,USD,FOMC Member Bostic Speaks,Medium,,,
2025-03-24,1:00pm,GBP,BOE Gov Bailey Speaks,High,,,
2025-03-24,1:30pm,USD,President Trump Speaks,Low,,,
2025-03-24,2:10pm,USD,FOMC Member Barr Speaks,Medium,,,
2025-03-24,6:50pm,JPY,Monetary Policy Meeting Minutes,Medium,,,
2025-03-25,4:00am,EUR,German ifo Business Climate,Low,86.8,85.3,
2025-03-25,6:00am,GBP,CBI Realized Sales,Medium,-28,-23,
2025-03-25,7:40am,USD,FOMC Member Kugler Speaks,Medium,,,
2025-03-25,8:00am,USD,S&P/CS Composite-20 HPI y/y,Low,4.6%,4.5%,
2025-03-25,8:00am,USD,HPI m/m,Medium,0.2%,0.5%,
2025-03-25,8:05am,USD,FOMC Member Williams Speaks,Medium,,,
2025-03-25,8:55am,EUR,Belgian NBB Business Climate,Medium,-11.4,-12.3,
2025-03-25,8:59am,USD,Richmond Manufacturing Index,Low,8,6,
2025-03-25,9:00am,USD,CB Consumer Confidence,Low,94.2,100.1,
2025-03-25,9:00am,USD,New Home Sales,Low,682K,664K,
2025-03-25,11:00am,EUR,German Buba President Nagel Speaks,Medium,,,
2025-03-25,3:30pm,USD,API Weekly Statistical Bulletin,Medium,,,
2025-03-25,6:50pm,JPY,SPPI y/y,Medium,3.1%,3.2%,
2025-03-26,WedMar 26,GBP,Core CPI y/y,Medium,3.6%,3.7%,
2025-03-26,WedMar 26,GBP,RPI y/y,Medium,3.5%,3.6%,
2025-03-26,4:00am,CHF,UBS Economic Expectations,Medium,,3.4,
2025-03-26,4:30am,GBP,HPI y/y,Medium,4.4%,4.6%,
2025-03-26,7:30am,GBP,Annual Budget Release,High,,,
2025-03-26,7:30am,USD,Core Durable Goods Orders m/m,Low,0.2%,0.1%,
2025-03-26,7:30am,USD,Durable Goods Orders m/m,Low,-1.1%,3.2%,
2025-03-26,9:00am,CHF,SNB Quarterly Bulletin,Medium,,,
2025-03-26,9:00am,USD,FOMC Member Kashkari Speaks,Medium,,,
2025-03-26,9:30am,USD,Crude Oil Inventories,Medium,1.5M,1.7M,
2025-03-26,12:10pm,USD,FOMC Member Musalem Speaks,Medium,,,
2025-03-26,3:00pm,USD,President Trump Speaks,High,,,
2025-03-26,8:00pm,USD,President Trump Speaks,Low,,,
2025-03-27,ThuMar 27,EUR,Private Loans y/y,Medium,1.4%,1.3%,
2025-03-27,5:00am,GBP,MPC Member Dhingra Speaks,Medium,,,
2025-03-27,7:30am,USD,Final GDP q/q,High,2.3%,2.3%,
2025-03-27,7:30am,USD,Unemployment Claims,High,225K,225K,
2025-03-27,7:30am,USD,Final GDP Price Index q/q,Low,2.4%,2.4%,
2025-03-27,7:30am,USD,Goods Trade Balance,Medium,-134.6B,-155.6B,
2025-03-27,7:30am,USD,Prelim Wholesale Inventories m/m,Medium,0.7%,0.8%,
2025-03-27,9:00am,USD,Pending Home Sales m/m,Low,0.9%,-4.6%,
2025-03-27,9:30am,USD,Natural Gas Storage,Medium,37B,9B,
2025-03-27,1:05pm,EUR,ECB President Lagarde Speaks,Medium,,,
2025-03-27,3:30pm,USD,FOMC Member Barkin Speaks,Medium,,,
2025-03-27,6:30pm,JPY,Tokyo Core CPI y/y,Low,2.2%,2.2%,
2025-03-27,6:50pm,JPY,BOJ Summary of Opinions,Medium,,,
2025-03-28,FriMar 28,GBP,Retail Sales m/m,High,-0.3%,1.4%,
2025-03-28,FriMar 28,GBP,Current Account,Medium,-16.7B,-12.5B,
2025-03-28,FriMar 28,GBP,Final GDP q/q,Medium,0.1%,0.1%,
2025-03-28,FriMar 28,GBP,Goods Trade Balance,Medium,-16.8B,-19.7B,
2025-03-28,FriMar 28,GBP,Revised Business Investment q/q,Medium,-3.2%,-3.2%,
2025-03-28,2:45am,EUR,French Consumer Spending m/m,Medium,0.3%,-0.6%,
2025-03-28,2:45am,EUR,French Prelim CPI m/m,Medium,0.3%,0.0%,
2025-03-28,3:00am,CHF,KOF Economic Barometer,Medium,102.5,102.6,
2025-03-28,3:00am,EUR,Spanish Flash CPI y/y,Low,2.6%,3.0%,
2025-03-28,3:55am,EUR,German Unemployment Change,Medium,10K,9K,
2025-03-28,5:13am,EUR,Italian 10-y Bond Auction,Medium,,3.55|1.6,
2025-03-28,7:30am,USD,Core PCE Price Index m/m,High,0.3%,0.3%,
2025-03-28,7:30am,USD,Personal Income m/m,Medium,0.4%,0.7%,
2025-03-28,7:30am,USD,Personal Spending m/m,Medium,0.5%,-0.3%,
2025-03-28,8:00am,EUR,German Buba President Nagel Speaks,Medium,,,
2025-03-28,9:00am,USD,Revised UoM Consumer Sentiment,Low,57.9,57.9,
2025-03-28,9:00am,USD,Revised UoM Inflation Expectations,Medium,,4.9%,
2025-03-28,11:15am,USD,FOMC Member Barr Speaks,Medium,,,
2025-03-28,2:45pm,USD,FOMC Member Bostic Speaks,Medium,,,
2025-03-29,SatMar 29,EUR,Daylight Saving Time Shift,Low,,,
2025-03-29,SatMar 29,GBP,Daylight Saving Time Shift,Low,,,
2025-03-30,SunMar 30,JPY,Retail Sales y/y,Medium,2.4%,4.4%,
2025-03-31,1:00am,EUR,German Import Prices m/m,Medium,0.0%,1.1%,
2025-03-31,1:00am,EUR,German Retail Sales m/m,Medium,0.0%,0.7%,
2025-03-31,All Day,EUR,German Prelim CPI m/m,High,0.3%,0.4%,
2025-03-31,3:30am,GBP,M4 Money Supply m/m,Medium,1.1%,1.4%,
2025-03-31,3:30am,GBP,Mortgage Approvals,Medium,66K,66K,
2025-03-31,3:30am,GBP,Net Lending to Individuals m/m,Medium,4.9B,5.9B,
2025-03-31,4:00am,EUR,Italian Prelim CPI m/m,Medium,0.0%,0.2%,
2025-03-31,8:45am,USD,Chicago PMI,Medium,45.5,45.5,
2025-03-31,6:01pm,GBP,BRC Shop Price Index y/y,Medium,,-0.7%,
2025-03-31,6:30pm,JPY,Unemployment Rate,Medium,2.5%,2.5%,
2025-03-31,6:50pm,JPY,Tankan Manufacturing Index,Medium,12,14,
2025-03-31,6:50pm,JPY,Tankan Non-Manufacturing Index,Medium,33,33,
2025-03-31,7:30pm,JPY,Final Manufacturing PMI,Medium,48.3,48.3,
2025-04-01,1:02am,GBP,Nationwide HPI m/m,Medium,0.2%,0.4%,
2025-04-01,1:30am,CHF,Retail Sales y/y,Medium,1.5%,2.9%,
2025-04-01,2:15am,EUR,Spanish Manufacturing PMI,Medium,49.8,49.7,
2025-04-01,2:30am,CHF,Manufacturing PMI,Medium,50.4,49.6,
2025-04-01,2:45am,EUR,Italian Manufacturing PMI,Medium,47.9,47.4,
2025-04-01,2:50am,EUR,French Final Manufacturing PMI,Medium,48.9,48.9,
2025-04-01,2:55am,EUR,German Final Manufacturing PMI,Medium,48.4,48.3,
2025-04-01,3:00am,EUR,Final Manufacturing PMI,Medium,48.7,48.7,
2025-04-01,3:00am,EUR,Italian Monthly Unemployment Rate,Medium,6.3%,6.2%,
2025-04-01,3:15am,GBP,MPC Member Greene Speaks,Medium,,,
2025-04-01,3:30am,GBP,Final Manufacturing PMI,Medium,44.6,44.6,
2025-04-01,4:00am,EUR,Core CPI Flash Estimate y/y,Low,2.5%,2.6%,
2025-04-01,4:00am,EUR,CPI Flash Estimate y/y,Low,2.2%,2.3%,
2025-04-01,4:00am,EUR,Unemployment Rate,Medium,6.2%,6.2%,
2025-04-01,7:30am,EUR,ECB President Lagarde Speaks,Low,,,
2025-04-01,8:00am,USD,FOMC Member Barkin Speaks,Medium,,,
2025-04-01,8:45am,USD,Final Manufacturing PMI,Low,49.8,49.8,
2025-04-01,9:00am,USD,ISM Manufacturing PMI,High,49.5,50.3,
2025-04-01,9:00am,USD,JOLTS Job Openings,High,7.69M,7.76M,
2025-04-01,9:00am,USD,ISM Manufacturing Prices,Low,64.6,62.4,
2025-04-01,9:00am,USD,Construction Spending m/m,Medium,0.3%,-0.5%,
2025-04-01,All Day,USD,Wards Total Vehicle Sales,Medium,16.1M,16.0M,
2025-04-01,9:34am,USD,RCM/TIPP Economic Optimism,Medium,50.1,49.8,
2025-04-01,3:30pm,USD,API Weekly Statistical Bulletin,Medium,,,
2025-04-01,6:50pm,JPY,Monetary Base y/y,Medium,-1.5%,-1.8%,
2025-04-02,2:00am,EUR,Spanish Unemployment Change,Medium,-2.5K,-6.0K,
2025-04-02,4:33am,EUR,German 10-y Bond Auction,Medium,,2.92|2.1,
2025-04-02,7:15am,USD,ADP Non-Farm Employment Change,High,118K,84K,
2025-04-02,9:00am,USD,Factory Orders m/m,Medium,0.5%,1.8%,
2025-04-02,9:30am,USD,Crude Oil Inventories,Medium,-0.4M,-3.3M,
2025-04-02,3:00pm,USD,President Trump Speaks,High,,,
2025-04-02,3:30pm,USD,FOMC Member Kugler Speaks,Medium,,,
2025-04-02,10:35pm,JPY,10-y Bond Auction,Medium,,1.40|2.7,
2025-04-03,2:15am,EUR,Spanish Services PMI,Medium,55.6,56.2,
2025-04-03,2:45am,EUR,Italian Services PMI,Medium,52.6,53.0,
2025-04-03,2:50am,EUR,French Final Services PMI,Medium,46.6,46.6,
2025-04-03,2:55am,EUR,German Final Services PMI,Medium,50.2,50.2,
2025-04-03,3:00am,EUR,Final Services PMI,Medium,50.4,50.4,
2025-04-03,3:30am,CHF,Gov Board Member Tschudin Speaks,Medium,,,
2025-04-03,3:30am,GBP,Final Services PMI,Medium,53.2,53.2,
2025-04-03,3:56am,EUR,French 10-y Bond Auction,Medium,,3.51|2.7,
2025-04-03,4:00am,EUR,PPI m/m,Medium,0.3%,0.7%,
2025-04-03,6:30am,EUR,ECB Monetary Policy Meeting Accounts,Medium,,,
2025-04-03,6:30am,USD,Challenger Job Cuts y/y,Medium,,103.2%,
2025-04-03,7:30am,USD,Unemployment Claims,High,225K,225K,
2025-04-03,7:30am,USD,Trade Balance,Medium,-122.5B,-130.7B,
2025-04-03,8:45am,USD,Final Services PMI,Low,54.1,54.3,
2025-04-03,9:00am,USD,ISM Services PMI,High,53.0,53.5,
2025-04-03,9:30am,USD,Natural Gas Storage,Medium,27B,37B,
2025-04-03,11:00am,USD,FOMC Member Jefferson Speaks,Medium,,,
2025-04-03,1:30pm,USD,FOMC Member Cook Speaks,Medium,,,
2025-04-03,6:30pm,JPY,Household Spending y/y,Medium,-0.9%,0.8%,
2025-04-04,1:00am,EUR,German Factory Orders m/m,Medium,3.4%,-5.5%,
2025-04-04,1:45am,EUR,French Industrial Production m/m,Medium,0.5%,-0.5%,
2025-04-04,3:00am,EUR,Italian Retail Sales m/m,Medium,0.2%,-0.4%,
2025-04-04,3:30am,GBP,Construction PMI,Low,46.3,44.6,
2025-04-04,3:30am,GBP,Housing Equity Withdrawal q/q,Medium,-10.8B,-13.4B,
2025-04-04,7:30am,USD,Average Hourly Earnings m/m,High,0.3%,0.2%,
2025-04-04,7:30am,USD,Non-Farm Employment Change,High,137K,117K,
2025-04-04,7:30am,USD,Unemployment Rate,High,4.1%,4.1%,
2025-04-04,10:25am,USD,Fed Chairman Powell Speaks,High,,,
2025-04-04,11:00am,USD,FOMC Member Barr Speaks,Medium,,,
2025-04-04,11:45am,USD,FOMC Member Waller Speaks,Low,,,
2025-04-07,1:00am,EUR,German Industrial Production m/m,Medium,-0.9%,2.0%,
2025-04-07,1:00am,EUR,German Trade Balance,Medium,18.4B,16.2B,
2025-04-07,1:00am,GBP,Halifax HPI m/m,Medium,0.2%,-0.2%,
2025-04-07,2:00am,CHF,Foreign Currency Reserves,Medium,,735B,
2025-04-07,3:30am,EUR,Sentix Investor Confidence,Medium,-8.9,-2.9,
2025-04-07,4:00am,EUR,Retail Sales m/m,Medium,0.5%,0.0%,
2025-04-07,9:30am,USD,FOMC Member Kugler Speaks,Medium,,,
2025-04-07,2:00pm,USD,Consumer Credit m/m,Medium,14.9B,8.9B,
2025-04-07,6:50pm,JPY,Current Account,Medium,2.74T,1.95T,
2025-04-07,10:35pm,JPY,30-y Bond Auction,Medium,,2.50|3.5,
2025-04-08,1:45am,EUR,French Trade Balance,Medium,-5.4B,-6.5B,
2025-04-08,4:03am,GBP,30-y Bond Auction,Medium,,5.10|2.8,
2025-04-08,4:42am,EUR,German 10-y Bond Auction,Medium,,2.68|2.2,
2025-04-08,5:00am,USD,NFIB Small Business Index,Medium,98.9,100.7,
2025-04-08,11:00am,GBP,MPC Member Lombardelli Speaks,Medium,,,
2025-04-08,1:00pm,USD,FOMC Member Daly Speaks,Medium,,,
2025-04-08,3:30pm,USD,API Weekly Statistical Bulletin,Medium,,,
2025-04-08,5:45pm,USD,President Trump Speaks,Low,,,
2025-04-09,12:59am,JPY,Prelim Machine Tool Orders y/y,Medium,,3.5%,
2025-04-09,1:15am,JPY,BOJ Gov Ueda Speaks,High,,,
2025-04-09,4:30am,GBP,FPC Meeting Minutes,Medium,,,
2025-04-09,4:30am,GBP,FPC Statement,Medium,,,
2025-04-09,9:00am,USD,Final Wholesale Inventories m/m,Medium,0.4%,0.3%,
2025-04-09,9:30am,USD,Crude Oil Inventories,Medium,2.2M,6.2M,
2025-04-09,10:00am,USD,FOMC Member Barkin Speaks,Medium,,,
2025-04-09,12:01pm,USD,10-y Bond Auction,Low,,4.31|2.6,
2025-04-09,1:00pm,USD,FOMC Meeting Minutes,High,,,
2025-04-09,6:01pm,GBP,RICS House Price Balance,Medium,8%,11%,
2025-04-09,6:50pm,JPY,Bank Lending y/y,Medium,3.1%,3.0%,
2025-04-09,6:50pm,JPY,PPI y/y,Medium,3.9%,4.1%,
2025-04-10,3:44am,EUR,Spanish 10-y Bond Auction,Medium,,3.38|1.5,
2025-04-10,7:30am,USD,Core CPI m/m,High,0.3%,0.2%,
2025-04-10,7:30am,USD,CPI m/m,High,0.1%,0.2%,
2025-04-10,7:30am,USD,CPI y/y,High,2.5%,2.8%,
2025-04-10,7:30am,USD,Unemployment Claims,High,223K,219K,
2025-04-10,8:00am,GBP,MPC Member Breeden Speaks,Medium,,,
2025-04-10,8:30am,USD,FOMC Member Logan Speaks,Medium,,,
2025-04-10,9:00am,USD,FOMC Member Bowman Speaks,Medium,,,
2025-04-10,9:00am,USD,FOMC Member Schmid Speaks,Medium,,,
2025-04-10,9:30am,USD,Natural Gas Storage,Medium,60B,29B,
2025-04-10,11:00am,CHF,Gov Board Member Tschudin Speaks,Medium,,,
2025-04-10,11:00am,USD,FOMC Member Goolsbee Speaks,Medium,,,
2025-04-10,11:00am,USD,FOMC Member Harker Speaks,Medium,,,
2025-04-10,12:01pm,USD,30-y Bond Auction,Low,,4.62|2.4,
2025-04-10,1:00pm,USD,Federal Budget Balance,Medium,-115.9B,-307.0B,
2025-04-10,6:50pm,JPY,M2 Money Stock y/y,Medium,1.2%,1.2%,
2025-04-11,FriApr 11,GBP,GDP m/m,High,0.1%,0.0%,
2025-04-11,FriApr 11,GBP,Construction Output m/m,Medium,0.2%,-0.3%,
2025-04-11,FriApr 11,GBP,Goods Trade Balance,Medium,-17.3B,-18.2B,
2025-04-11,FriApr 11,GBP,Index of Services 3m/3m,Medium,0.5%,0.4%,
2025-04-11,FriApr 11,GBP,Industrial Production m/m,Medium,0.1%,-0.5%,
2025-04-11,FriApr 11,GBP,Manufacturing Production m/m,Medium,0.2%,-1.0%,
2025-04-11,2:00am,CHF,SECO Consumer Climate,Medium,-32,-34,
2025-04-11,All Day,EUR,Eurogroup Meetings,Medium,,,
2025-04-11,7:30am,USD,Core PPI m/m,High,0.3%,0.1%,
2025-04-11,7:30am,USD,PPI m/m,High,0.2%,0.1%,
2025-04-11,9:00am,USD,Prelim UoM Consumer Sentiment,High,54.0,57.0,
2025-04-11,9:00am,USD,Prelim UoM Inflation Expectations,High,,5.0%,
2025-04-11,9:00am,USD,FOMC Member Musalem Speaks,Medium,,,
2025-04-11,10:00am,USD,FOMC Member Williams Speaks,Medium,,,
2025-04-11,3:00pm,USD,FOMC Financial Stability Report,Medium,,,
2025-04-13,6:01pm,GBP,Rightmove HPI m/m,Medium,,1.1%,
2025-04-13,11:30pm,JPY,Revised Industrial Production m/m,Medium,2.5%,2.5%,
2025-04-14,All Day,EUR,ECOFIN Meetings,Medium,,,
2025-04-14,11:00am,USD,FOMC Member Barkin Speaks,Medium,,,
2025-04-14,12:00pm,USD,FOMC Member Waller Speaks,Low,,,
2025-04-14,5:00pm,USD,FOMC Member Harker Speaks,Medium,,,
2025-04-14,6:01pm,GBP,BRC Retail Sales Monitor y/y,Medium,0.7%,0.9%,
2025-04-14,6:40pm,USD,FOMC Member Bostic Speaks,Medium,,,
2025-04-15,TueApr 15,GBP,Claimant Count Change,High,30.3K,16.5K,
2025-04-15,TueApr 15,GBP,Average Earnings Index 3m/y,Low,5.7%,5.6%,
2025-04-15,TueApr 15,GBP,Unemployment Rate,Medium,4.4%,4.4%,
2025-04-15,1:45am,EUR,French Final CPI m/m,Medium,0.2%,0.2%,
2025-04-15,4:00am,EUR,German ZEW Economic Sentiment,Low,10.6,51.6,
2025-04-15,4:00am,EUR,Industrial Production m/m,Medium,0.1%,0.6%,
2025-04-15,4:00am,EUR,ZEW Economic Sentiment,Medium,13.2,39.8,
2025-04-15,4:03am,GBP,10-y Bond Auction,Medium,,4.68|2.9,
2025-04-15,7:30am,USD,Empire State Manufacturing Index,Low,-12.8,-20.0,
2025-04-15,7:30am,USD,Import Prices m/m,Medium,0.1%,0.2%,
2025-04-15,8:30am,GBP,CB Leading Index m/m,Medium,,0.0%,
2025-04-15,3:30pm,USD,API Weekly Statistical Bulletin,Medium,,,
2025-04-15,6:10pm,USD,FOMC Member Cook Speaks,Medium,,,
2025-04-15,6:50pm,JPY,Core Machinery Orders m/m,Medium,1.1%,-3.5%,
2025-04-16,WedApr 16,GBP,Core CPI y/y,Medium,3.4%,3.5%,
2025-04-16,WedApr 16,GBP,RPI y/y,Medium,3.2%,3.4%,
2025-04-16,3:00am,EUR,Current Account,Medium,37.3B,40.3B,
2025-04-16,3:30am,GBP,HPI y/y,Medium,5.1%,4.8%,
2025-04-16,4:00am,EUR,Final Core CPI y/y,Medium,2.4%,2.4%,
2025-04-16,4:00am,EUR,Final CPI y/y,Medium,2.2%,2.2%,
2025-04-16,4:37am,EUR,German 30-y Bond Auction,Medium,,3.08|1.9,
2025-04-16,7:30am,USD,Core Retail Sales m/m,High,0.4%,0.7%,
2025-04-16,7:30am,USD,Retail Sales m/m,High,1.3%,0.2%,
2025-04-16,8:15am,USD,Capacity Utilization Rate,Medium,78.0%,78.2%,
2025-04-16,8:15am,USD,Industrial Production m/m,Medium,-0.2%,0.8%,
2025-04-16,9:00am,USD,Business Inventories m/m,Medium,0.3%,0.3%,
2025-04-16,9:00am,USD,NAHB Housing Market Index,Medium,38,39,
2025-04-16,9:30am,USD,Crude Oil Inventories,Medium,0.4M,2.6M,
2025-04-16,11:00am,USD,FOMC Member Hammack Speaks,Medium,,,
2025-04-16,12:30pm,USD,Fed Chairman Powell Speaks,High,,,
2025-04-16,3:00pm,USD,TIC Long-Term Purchases,Medium,35.2B,-42.2B,
2025-04-16,6:00pm,USD,FOMC Member Schmid Speaks,Medium,,,
2025-04-16,6:50pm,JPY,Trade Balance,Medium,-0.25T,0.19T,
2025-04-17,ThuApr 17,EUR,German PPI m/m,Medium,-0.1%,-0.2%,
2025-04-17,3:30am,GBP,BOE Credit Conditions Survey,Medium,,,
2025-04-17,7:15am,EUR,Main Refinancing Rate,High,2.40%,2.65%,
2025-04-17,7:15am,EUR,Monetary Policy Statement,High,,,
2025-04-17,7:30am,USD,Unemployment Claims,High,225K,224K,
2025-04-17,7:30am,USD,Philly Fed Manufacturing Index,Low,2.2,12.5,
2025-04-17,7:30am,USD,Building Permits,Medium,1.45M,1.46M,
2025-04-17,7:30am,USD,Housing Starts,Medium,1.42M,1.49M,
2025-04-17,7:45am,EUR,ECB Press Conference,High,,,
2025-04-17,9:30am,USD,Natural Gas Storage,Medium,24B,57B,
2025-04-17,10:45am,USD,FOMC Member Barr Speaks,Medium,,,
2025-04-17,6:30pm,JPY,National Core CPI y/y,Medium,3.2%,3.0%,
2025-04-18,All Day,EUR,German Bank Holiday,Low,,,
2025-04-18,All Day,GBP,Bank Holiday,Low,,,
2025-04-18,3:00am,EUR,Italian Trade Balance,Medium,3.31B,-0.26B,
2025-04-18,10:00am,USD,FOMC Member Daly Speaks,Medium,,,
2025-04-21,All Day,EUR,French Bank Holiday,Low,,,
2025-04-21,All Day,EUR,German Bank Holiday,Low,,,
2025-04-21,All Day,EUR,Italian Bank Holiday,Low,,,
2025-04-21,All Day,GBP,Bank Holiday,Low,,,
2025-04-21,7:30am,USD,FOMC Member Goolsbee Speaks,Medium,,,
2025-04-21,9:00am,USD,CB Leading Index m/m,Medium,-0.5%,-0.2%,
2025-04-22,8:00am,USD,FOMC Member Jefferson Speaks,Medium,,,
2025-04-22,8:30am,USD,FOMC Member Harker Speaks,Medium,,,
2025-04-22,8:59am,USD,Richmond Manufacturing Index,Low,-6,-4,
2025-04-22,9:00am,EUR,ECB President Lagarde Speaks,Low,,,
2025-04-22,9:00am,EUR,Consumer Confidence,Medium,-15,-15,
2025-04-22,12:40pm,USD,FOMC Member Kashkari Speaks,Medium,,,
2025-04-22,3:30pm,USD,API Weekly Statistical Bulletin,Medium,,,
2025-04-22,5:00pm,USD,FOMC Member Kugler Speaks,Medium,,,
2025-04-22,7:30pm,JPY,Flash Manufacturing PMI,Medium,48.7,48.4,
2025-04-22,11:30pm,JPY,Tertiary Industry Activity m/m,Medium,0.5%,1.4%,
2025-04-23,2:15am,EUR,French Flash Manufacturing PMI,High,47.9,48.5,
2025-04-23,2:15am,EUR,French Flash Services PMI,High,47.7,47.9,
2025-04-23,2:30am,EUR,German Flash Manufacturing PMI,High,47.5,48.3,
2025-04-23,2:30am,EUR,German Flash Services PMI,High,50.3,50.9,
2025-04-23,3:00am,EUR,Flash Manufacturing PMI,Low,47.4,48.6,
2025-04-23,3:00am,EUR,Flash Services PMI,Low,50.4,51.0,
2025-04-23,3:30am,GBP,Flash Manufacturing PMI,High,44.0,44.9,
2025-04-23,3:30am,GBP,Flash Services PMI,High,51.5,52.5,
2025-04-23,4:00am,EUR,Trade Balance,Medium,14.9B,14.4B,
2025-04-23,4:31am,EUR,German 10-y Bond Auction,Medium,,2.62|1.3,
2025-04-23,5:30am,GBP,MPC Member Pill Speaks,Medium,,,
2025-04-23,8:00am,USD,FOMC Member Goolsbee Speaks,Medium,,,
2025-04-23,8:35am,USD,FOMC Member Waller Speaks,Low,,,
2025-04-23,8:45am,USD,Flash Manufacturing PMI,High,49.0,50.2,
2025-04-23,8:45am,USD,Flash Services PMI,High,52.8,54.4,
2025-04-23,9:00am,USD,New Home Sales,Low,684K,674K,
2025-04-23,9:30am,USD,Crude Oil Inventories,Medium,1.6M,0.5M,
2025-04-23,12:15pm,GBP,BOE Gov Bailey Speaks,High,,,
2025-04-23,1:00pm,GBP,MPC Member Breeden Speaks,Medium,,,
2025-04-23,1:00pm,USD,Beige Book,Medium,,,
2025-04-23,5:30pm,USD,FOMC Member Hammack Speaks,Medium,,,
2025-04-23,6:50pm,JPY,SPPI y/y,Medium,3.0%,3.2%,
2025-04-24,5:00am,EUR,German Buba Monthly Report,Medium,,,
2025-04-24,5:00am,GBP,CBI Industrial Order Expectations,Medium,-36,-29,
2025-04-24,7:00am,EUR,German Buba President Nagel Speaks,Medium,,,
2025-04-24,7:30am,USD,Unemployment Claims,High,222K,216K,
2025-04-24,7:30am,USD,Core Durable Goods Orders m/m,Low,0.3%,0.7%,
2025-04-24,7:30am,USD,Durable Goods Orders m/m,Low,2.1%,0.9%,
2025-04-24,7:55am,EUR,Belgian NBB Business Climate,Medium,-15.9,-15.1,
2025-04-24,8:25am,GBP,MPC Member Lombardelli Speaks,Medium,,,
2025-04-24,9:00am,USD,Existing Home Sales,Low,4.14M,4.27M,
2025-04-24,9:30am,USD,Natural Gas Storage,Medium,69B,16B,
2025-04-24,4:00pm,USD,FOMC Member Kashkari Speaks,Medium,,,
2025-04-24,6:01pm,GBP,GfK Consumer Confidence,Medium,-21,-19,
2025-04-24,6:30pm,JPY,Tokyo Core CPI y/y,Low,3.2%,2.4%,
2025-04-25,All Day,EUR,Italian Bank Holiday,Low,,,
2025-04-25,3:00am,CHF,SNB Chairman Schlegel Speaks,High,,,
2025-04-25,9:00am,USD,Revised UoM Consumer Sentiment,Low,50.6,50.8,
2025-04-25,9:00am,USD,Revised UoM Inflation Expectations,Medium,,6.7%,
2025-04-25,2:15pm,GBP,MPC Member Greene Speaks,Medium,,,
2025-04-28,5:00am,GBP,CBI Realized Sales,Medium,-21,-41,
2025-04-28,All Day,JPY,Bank Holiday,Low,,,
2025-04-28,6:01pm,GBP,BRC Shop Price Index y/y,Medium,-0.2%,-0.4%,
2025-04-29,2:00am,EUR,Spanish Flash CPI y/y,Low,2.0%,2.3%,
2025-04-29,2:00am,EUR,Spanish Flash GDP q/q,Medium,0.7%,0.7%,
2025-04-29,3:00am,EUR,M3 Money Supply y/y,Medium,4.0%,3.9%,
2025-04-29,3:00am,EUR,Private Loans y/y,Medium,1.6%,1.5%,
2025-04-29,4:13am,EUR,Italian 10-y Bond Auction,Medium,,3.83|1.7,
2025-04-29,4:40am,GBP,MPC Member Ramsden Speaks,Medium,,,
2025-04-29,7:30am,USD,Goods Trade Balance,Medium,-142.8B,-147.8B,
2025-04-29,7:30am,USD,Prelim Wholesale Inventories m/m,Medium,0.6%,0.5%,
2025-04-29,8:00am,USD,S&P/CS Composite-20 HPI y/y,Low,4.6%,4.7%,
2025-04-29,8:00am,USD,HPI m/m,Medium,0.3%,0.3%,
2025-04-29,9:00am,USD,JOLTS Job Openings,High,7.49M,7.48M,
2025-04-29,9:00am,USD,CB Consumer Confidence,Low,87.7,93.9,
2025-04-29,11:30am,CHF,Gov Board Member Martin Speaks,Medium,,,
2025-04-29,3:30pm,USD,API Weekly Statistical Bulletin,Medium,,,
2025-04-29,5:00pm,USD,President Trump Speaks,Low,,,
2025-04-29,6:50pm,JPY,Prelim Industrial Production m/m,Medium,-0.5%,2.3%,
2025-04-29,6:50pm,JPY,Retail Sales y/y,Medium,3.6%,1.3%,
2025-04-30,12:30am,EUR,French Consumer Spending m/m,Medium,0.0%,-0.2%,
2025-04-30,12:30am,EUR,French Flash GDP q/q,Medium,0.1%,-0.1%,
2025-04-30,1:00am,EUR,German Import Prices m/m,Medium,-0.7%,0.3%,
2025-04-30,1:00am,EUR,German Retail Sales m/m,Medium,-0.4%,0.2%,
2025-04-30,1:00am,GBP,Nationwide HPI m/m,Medium,-0.1%,0.0%,
2025-04-30,All Day,EUR,German Prelim CPI m/m,High,0.3%,0.3%,
2025-04-30,1:45am,EUR,French Prelim CPI m/m,Medium,0.4%,0.2%,
2025-04-30,2:00am,CHF,KOF Economic Barometer,Medium,101.8,103.2,
2025-04-30,2:55am,EUR,German Unemployment Change,Medium,16K,25K,
2025-04-30,3:00am,CHF,UBS Economic Expectations,Medium,,-10.7,
2025-04-30,3:00am,EUR,Italian Prelim GDP q/q,Medium,0.2%,0.1%,
2025-04-30,3:00am,EUR,German Prelim GDP q/q,Medium,0.2%,-0.2%,
2025-04-30,4:00am,EUR,Italian Prelim CPI m/m,Medium,0.2%,0.3%,
2025-04-30,4:00am,EUR,Prelim Flash GDP q/q,Medium,0.2%,0.2%,
2025-04-30,7:15am,USD,ADP Non-Farm Employment Change,High,114K,147K,
2025-04-30,7:30am,USD,Advance GDP q/q,High,0.2%,2.4%,
2025-04-30,7:30am,USD,Employment Cost Index q/q,High,0.9%,0.9%,
2025-04-30,7:30am,USD,Advance GDP Price Index q/q,Low,3.1%,2.3%,
2025-04-30,8:45am,USD,Chicago PMI,Medium,45.9,47.6,
2025-04-30,9:00am,USD,Core PCE Price Index m/m,High,0.1%,0.5%,
2025-04-30,9:00am,USD,Pending Home Sales m/m,Low,0.9%,2.1%,
2025-04-30,9:00am,USD,Personal Income m/m,Medium,0.4%,0.7%,
2025-04-30,9:00am,USD,Personal Spending m/m,Medium,0.6%,0.5%,
2025-04-30,9:30am,USD,Crude Oil Inventories,Medium,-0.6M,0.2M,
2025-04-30,7:00pm,USD,President Trump Speaks,Low,,,
2025-04-30,7:30pm,JPY,Final Manufacturing PMI,Medium,48.5,48.5,
2025-04-30,10:03pm,JPY,BOJ Outlook Report,High,,,
2025-04-30,10:03pm,JPY,BOJ Policy Rate,High,<0.50%,<0.50%,
2025-04-30,10:03pm,JPY,Monetary Policy Statement,High,,,
2025-05-01,All Day,CHF,Bank Holiday,Low,,,
2025-05-01,All Day,EUR,French Bank Holiday,Low,,,
2025-05-01,All Day,EUR,German Bank Holiday,Low,,,
2025-05-01,All Day,EUR,Italian Bank Holiday,Low,,,
2025-05-01,1:30am,CHF,Retail Sales y/y,Medium,1.9%,1.2%,
2025-05-01,1:30am,JPY,BOJ Press Conference,High,,,
2025-05-01,3:30am,GBP,Final Manufacturing PMI,Medium,44.0,44.0,
2025-05-01,3:30am,GBP,M4 Money Supply m/m,Medium,0.2%,0.2%,
2025-05-01,3:30am,GBP,Mortgage Approvals,Medium,64K,65K,
2025-05-01,3:32am,GBP,Net Lending to Individuals m/m,Medium,4.4B,4.6B,
2025-05-01,6:30am,USD,Challenger Job Cuts y/y,Medium,,204.8%,
2025-05-01,7:30am,USD,Unemployment Claims,High,224K,223K,
2025-05-01,8:45am,USD,Final Manufacturing PMI,Medium,50.5,50.7,
2025-05-01,9:00am,USD,ISM Manufacturing PMI,High,48.0,49.0,
2025-05-01,9:00am,USD,ISM Manufacturing Prices,Low,72.9,69.4,
2025-05-01,9:00am,USD,Construction Spending m/m,Medium,0.2%,0.6%,
2025-05-01,All Day,USD,Wards Total Vehicle Sales,Medium,17.1M,17.8M,
2025-05-01,1:00pm,USD,Natural Gas Storage,Medium,111B,88B,
2025-05-01,6:30pm,JPY,Unemployment Rate,Medium,2.4%,2.4%,
2025-05-01,6:50pm,JPY,Monetary Base y/y,Medium,-2.0%,-3.1%,
2025-05-02,2:15am,EUR,Spanish Manufacturing PMI,Medium,50.0,49.5,
2025-05-02,2:30am,CHF,Manufacturing PMI,Medium,48.7,48.9,
2025-05-02,2:45am,EUR,Italian Manufacturing PMI,Medium,47.1,46.6,
2025-05-02,2:50am,EUR,French Final Manufacturing PMI,Medium,48.2,48.2,
2025-05-02,2:55am,EUR,German Final Manufacturing PMI,Medium,48.0,48.0,
2025-05-02,3:00am,EUR,Final Manufacturing PMI,Medium,48.7,48.7,
2025-05-02,3:00am,EUR,Italian Monthly Unemployment Rate,Medium,6.0%,5.9%,
2025-05-02,4:00am,EUR,Core CPI Flash Estimate y/y,Low,2.5%,2.4%,
2025-05-02,4:00am,EUR,CPI Flash Estimate y/y,Low,2.1%,2.2%,
2025-05-02,4:00am,EUR,ECB Economic Bulletin,Medium,,,
2025-05-02,4:00am,EUR,Unemployment Rate,Medium,6.1%,6.2%,
2025-05-02,7:30am,USD,Average Hourly Earnings m/m,High,0.3%,0.3%,
2025-05-02,7:30am,USD,Non-Farm Employment Change,High,138K,185K,
2025-05-02,7:30am,USD,Unemployment Rate,High,4.2%,4.2%,
2025-05-02,9:00am,USD,Factory Orders m/m,Medium,4.4%,0.5%,
2025-05-05,All Day,GBP,Bank Holiday,Low,,,
2025-05-05,3:30am,EUR,Sentix Investor Confidence,Medium,-14.9,-19.5,
2025-05-05,8:45am,USD,Final Services PMI,Medium,51.4,51.4,
2025-05-05,9:00am,USD,ISM Services PMI,High,50.2,50.8,
2025-05-05,All Day,JPY,Bank Holiday,Low,,,
2025-05-06,1:45am,EUR,French Industrial Production m/m,Medium,0.4%,1.0%,
2025-05-06,2:00am,EUR,Spanish Unemployment Change,Medium,6.5K,-13.3K,
2025-05-06,2:15am,EUR,Spanish Services PMI,Medium,53.9,54.7,
2025-05-06,2:35am,CHF,SNB Chairman Schlegel Speaks,Low,,,
2025-05-06,2:45am,EUR,Italian Services PMI,Medium,51.3,52.0,
2025-05-06,2:50am,EUR,French Final Services PMI,Medium,46.8,46.8,
2025-05-06,2:55am,EUR,German Final Services PMI,Medium,48.8,48.8,
2025-05-06,3:00am,EUR,Final Services PMI,Medium,49.7,49.7,
2025-05-06,3:30am,GBP,Final Services PMI,Medium,48.9,48.9,
2025-05-06,4:00am,EUR,PPI m/m,Medium,-1.4%,0.2%,
2025-05-06,7:30am,USD,Trade Balance,Medium,-136.8B,-123.2B,
2025-05-06,9:06am,USD,RCM/TIPP Economic Optimism,Medium,50.2,49.1,
2025-05-06,12:01pm,USD,10-y Bond Auction,Medium,,4.44|2.7,
2025-05-06,3:30pm,USD,API Weekly Statistical Bulletin,Medium,,,
2025-05-07,1:45am,EUR,French Prelim Private Payrolls q/q,Medium,0.0%,-0.3%,
2025-05-07,1:45am,EUR,French Trade Balance,Medium,-7.0B,-7.7B,
2025-05-07,2:00am,CHF,Foreign Currency Reserves,Medium,,726B,
2025-05-07,3:00am,EUR,Italian Retail Sales m/m,Medium,0.2%,0.1%,
2025-05-07,3:30am,GBP,Construction PMI,Low,46.0,46.4,
2025-05-07,3:57am,EUR,French 10-y Bond Auction,Medium,,3.37|3.0,
2025-05-07,4:00am,CHF,Gov Board Member Tschudin Speaks,Medium,,,
2025-05-07,4:00am,EUR,Retail Sales m/m,Medium,-0.1%,0.2%,
2025-05-07,9:30am,USD,Crude Oil Inventories,Medium,-1.7M,-2.7M,
2025-05-07,1:00pm,USD,Federal Funds Rate,High,4.50%,4.50%,
2025-05-07,1:00pm,USD,FOMC Statement,High,,,
2025-05-07,1:30pm,USD,FOMC Press Conference,High,,,
2025-05-07,2:00pm,USD,Consumer Credit m/m,Medium,9.8B,-0.6B,
2025-05-07,6:01pm,GBP,RICS House Price Balance,Medium,-4%,2%,
2025-05-07,6:50pm,JPY,Monetary Policy Meeting Minutes,Medium,,,
2025-05-07,10:35pm,JPY,10-y Bond Auction,Medium,,1.41|3.1,
2025-05-08,ThuMay 8,EUR,German Trade Balance,Medium,19.0B,18.0B,
2025-05-08,ThuMay 8,GBP,Halifax HPI m/m,Medium,0.2%,-0.5%,
2025-05-08,All Day,EUR,French Bank Holiday,Low,,,
2025-05-08,6:02am,GBP,BOE Monetary Policy Report,High,,,
2025-05-08,6:02am,GBP,Monetary Policy Summary,High,,,
2025-05-08,6:02am,GBP,MPC Official Bank Rate Votes,High,0-9-0,0-1-8,
2025-05-08,6:02am,GBP,Official Bank Rate,High,4.25%,4.50%,
2025-05-08,6:30am,GBP,BOE Gov Bailey Speaks,High,,,
2025-05-08,7:30am,USD,Unemployment Claims,High,231K,241K,
2025-05-08,7:30am,USD,Prelim Nonfarm Productivity q/q,Medium,-0.4%,1.5%,
2025-05-08,7:30am,USD,Prelim Unit Labor Costs q/q,Medium,5.3%,2.2%,
2025-05-08,9:00am,USD,President Trump Speaks,High,,,
2025-05-08,9:00am,USD,Final Wholesale Inventories m/m,Medium,0.5%,0.5%,
2025-05-08,9:30am,USD,Natural Gas Storage,Medium,103B,107B,
2025-05-08,12:01pm,USD,30-y Bond Auction,Medium,,4.81|2.4,
2025-05-08,6:30pm,JPY,Average Cash Earnings y/y,Medium,2.4%,2.7%,
2025-05-08,6:30pm,JPY,Household Spending y/y,Medium,0.2%,-0.5%,
2025-05-09,2:00am,CHF,SECO Consumer Climate,Medium,-34,-35,
2025-05-09,3:00am,EUR,Italian Industrial Production m/m,Medium,0.4%,-0.9%,
2025-05-09,3:40am,GBP,BOE Gov Bailey Speaks,High,,,
2025-05-09,4:55am,USD,FOMC Member Barr Speaks,Medium,,,
2025-05-09,5:45am,USD,FOMC Member Kugler Speaks,Medium,,,
2025-05-09,6:15am,GBP,MPC Member Pill Speaks,Medium,,,
2025-05-09,7:30am,USD,FOMC Member Barkin Speaks,Medium,,,
2025-05-09,7:30am,USD,FOMC Member Williams Speaks,Medium,,,
2025-05-09,9:00am,USD,FOMC Member Goolsbee Speaks,Medium,,,
2025-05-09,10:30am,USD,FOMC Member Waller Speaks,Low,,,
2025-05-09,10:30am,USD,FOMC Member Williams Speaks,Medium,,,
2025-05-09,6:45pm,USD,FOMC Member Cook Speaks,Medium,,,
2025-05-09,6:45pm,USD,FOMC Member Hammack Speaks,Medium,,,
2025-05-09,6:45pm,USD,FOMC Member Musalem Speaks,Medium,,,
2025-05-11,6:50pm,JPY,Bank Lending y/y,Medium,2.8%,2.8%,
2025-05-11,6:50pm,JPY,Current Account,Medium,2.42T,2.91T,
2025-05-12,3:00am,GBP,MPC Member Lombardelli Speaks,Medium,,,
2025-05-12,All Day,EUR,Eurogroup Meetings,Medium,,,
2025-05-12,5:30am,GBP,MPC Member Greene Speaks,Medium,,,
2025-05-12,7:50am,GBP,MPC Member Mann Speaks,Medium,,,
2025-05-12,8:30am,USD,President Trump Speaks,Low,,,
2025-05-12,8:45am,USD,Cleveland Fed Inflation Expectations,Medium,,3.2%,
2025-05-12,9:25am,USD,FOMC Member Kugler Speaks,Medium,,,
2025-05-12,11:00am,GBP,MPC Member Taylor Speaks,Medium,,,
2025-05-12,1:00pm,USD,Federal Budget Balance,Medium,256.4B,-160.5B,
2025-05-12,1:00pm,USD,Loan Officer Survey,Medium,,,
2025-05-12,6:01pm,GBP,BRC Retail Sales Monitor y/y,Medium,2.4%,0.9%,
2025-05-12,6:50pm,JPY,BOJ Summary of Opinions,Medium,,,
2025-05-12,6:50pm,JPY,M2 Money Stock y/y,Medium,0.6%,0.8%,
2025-05-12,10:35pm,JPY,30-y Bond Auction,Medium,,2.41|3.0,
2025-05-13,TueMay 13,GBP,Average Earnings Index 3m/y,Low,5.2%,5.7%,
2025-05-13,TueMay 13,GBP,Unemployment Rate,Medium,4.5%,4.4%,
2025-05-13,All Day,EUR,ECOFIN Meetings,Medium,,,
2025-05-13,3:45am,GBP,MPC Member Pill Speaks,Medium,,,
2025-05-13,4:00am,EUR,German ZEW Economic Sentiment,Low,10.7,-14.0,
2025-05-13,4:00am,EUR,ZEW Economic Sentiment,Medium,-3.5,-18.5,
2025-05-13,5:00am,USD,NFIB Small Business Index,Medium,94.9,97.4,
2025-05-13,7:30am,USD,Core CPI m/m,High,0.3%,0.1%,
2025-05-13,7:30am,USD,CPI m/m,High,0.3%,-0.1%,
2025-05-13,7:30am,USD,CPI y/y,High,2.4%,2.4%,
2025-05-13,8:30am,GBP,CB Leading Index m/m,Medium,,-0.1%,
2025-05-13,9:00am,USD,Mortgage Delinquencies,Medium,,3.98%,
2025-05-13,10:00am,GBP,BOE Gov Bailey Speaks,High,,,
2025-05-13,10:34am,USD,President Trump Speaks,Low,,,
2025-05-13,3:30pm,USD,API Weekly Statistical Bulletin,Medium,,,
2025-05-13,6:50pm,JPY,PPI y/y,Medium,4.0%,4.3%,
2025-05-14,2:15am,GBP,MPC Member Breeden Speaks,Medium,,,
2025-05-14,3:15am,EUR,German Buba President Nagel Speaks,Medium,,,
2025-05-14,4:03am,GBP,10-y Bond Auction,Medium,,4.64|2.9,
2025-05-14,4:15am,USD,FOMC Member Waller Speaks,Medium,,,
2025-05-14,4:38am,EUR,German 30-y Bond Auction,Medium,,2.90|1.7,
2025-05-14,8:10am,USD,FOMC Member Jefferson Speaks,Medium,,,
2025-05-14,9:30am,USD,Crude Oil Inventories,Medium,-2.0M,-2.0M,
2025-05-14,4:40pm,USD,FOMC Member Daly Speaks,Medium,,,
2025-05-15,1:00am,EUR,German WPI m/m,Medium,0.2%,-0.2%,
2025-05-15,1:00am,GBP,GDP m/m,High,0.0%,0.5%,
2025-05-15,1:00am,GBP,Prelim GDP q/q,Low,0.6%,0.1%,
2025-05-15,1:00am,GBP,Construction Output m/m,Medium,0.2%,0.2%,
2025-05-15,1:00am,GBP,Goods Trade Balance,Medium,-19.1B,-21.0B,
2025-05-15,1:00am,GBP,Index of Services 3m/3m,Medium,0.7%,0.6%,
2025-05-15,1:00am,GBP,Industrial Production m/m,Medium,-0.6%,1.7%,
2025-05-15,1:00am,GBP,Manufacturing Production m/m,Medium,-0.8%,2.4%,
2025-05-15,1:00am,GBP,Prelim Business Investment q/q,Medium,0.4%,-1.9%,
2025-05-15,1:30am,CHF,PPI m/m,Medium,0.2%,0.1%,
2025-05-15,1:45am,EUR,French Final CPI m/m,Medium,0.5%,0.5%,
2025-05-15,4:00am,EUR,Flash Employment Change q/q,Medium,0.1%,0.1%,
2025-05-15,4:00am,EUR,Flash GDP q/q,Medium,0.4%,0.4%,
2025-05-15,4:00am,EUR,Industrial Production m/m,Medium,1.9%,1.1%,
2025-05-15,7:30am,USD,Core PPI m/m,High,0.3%,0.4%,
2025-05-15,7:30am,USD,Core Retail Sales m/m,High,0.3%,0.8%,
2025-05-15,7:30am,USD,PPI m/m,High,0.2%,0.0%,
2025-05-15,7:30am,USD,Retail Sales m/m,High,0.0%,1.7%,
2025-05-15,7:30am,USD,Unemployment Claims,High,229K,229K,
2025-05-15,7:30am,USD,Empire State Manufacturing Index,Low,-8.2,-8.1,
2025-05-15,7:30am,USD,Philly Fed Manufacturing Index,Low,-11.3,-26.4,
2025-05-15,7:40am,USD,Fed Chairman Powell Speaks,High,,,
2025-05-15,8:15am,USD,Capacity Utilization Rate,Medium,77.8%,77.8%,
2025-05-15,8:15am,USD,Industrial Production m/m,Medium,0.2%,-0.3%,
2025-05-15,9:00am,USD,Business Inventories m/m,Medium,0.2%,0.2%,
2025-05-15,9:00am,USD,NAHB Housing Market Index,Medium,40,40,
2025-05-15,9:30am,USD,Natural Gas Storage,Medium,111B,104B,
2025-05-15,10:15am,GBP,MPC Member Dhingra Speaks,Medium,,,
2025-05-15,1:05pm,USD,FOMC Member Barr Speaks,Medium,,,
2025-05-15,6:50pm,JPY,Prelim GDP Price Index y/y,Medium,3.2%,2.9%,
2025-05-15,6:50pm,JPY,Prelim GDP q/q,Medium,-0.1%,0.7%,
2025-05-15,11:30pm,JPY,Revised Industrial Production m/m,Medium,-1.1%,-1.1%,
2025-05-16,FriMay 16,EUR,Trade Balance,Medium,17.5B,22.7B,
2025-05-16,6:00am,CHF,SNB Chairman Schlegel Speaks,Low,,,
2025-05-16,7:30am,USD,Building Permits,Medium,1.45M,1.48M,
2025-05-16,7:30am,USD,Housing Starts,Medium,1.36M,1.34M,
2025-05-16,7:30am,USD,Import Prices m/m,Medium,-0.4%,-0.4%,
2025-05-16,9:00am,USD,Prelim UoM Consumer Sentiment,High,53.1,52.2,
2025-05-16,9:00am,USD,Prelim UoM Inflation Expectations,High,,6.5%,
2025-05-16,10:00am,GBP,MPC Member Lombardelli Speaks,Medium,,,
2025-05-16,3:00pm,USD,TIC Long-Term Purchases,Medium,44.2B,112.9B,
2025-05-16,5:00pm,USD,FOMC Member Barkin Speaks,Medium,,,
2025-05-16,8:40pm,USD,FOMC Member Daly Speaks,Medium,,,
2025-05-18,6:01pm,GBP,Rightmove HPI m/m,Medium,,1.4%,
2025-05-18,11:30pm,JPY,Tertiary Industry Activity m/m,Medium,-0.2%,0.5%,
2025-05-19,MonMay 19,EUR,Final Core CPI y/y,Medium,2.7%,2.7%,
2025-05-19,MonMay 19,EUR,Final CPI y/y,Medium,2.2%,2.2%,
2025-05-19,7:30am,USD,FOMC Member Bostic Speaks,Medium,,,
2025-05-19,7:45am,USD,FOMC Member Jefferson Speaks,Medium,,,
2025-05-19,7:45am,USD,FOMC Member Williams Speaks,Medium,,,
2025-05-19,9:00am,USD,CB Leading Index m/m,Medium,-0.7%,-0.8%,
2025-05-19,11:30am,CHF,SNB Chairman Schlegel Speaks,Low,,,
2025-05-19,12:15pm,USD,FOMC Member Logan Speaks,Medium,,,
2025-05-19,12:30pm,USD,FOMC Member Kashkari Speaks,Medium,,,
2025-05-19,1:45pm,USD,FOMC Member Bostic Speaks,Medium,,,
2025-05-20,1:00am,EUR,German PPI m/m,Medium,-0.3%,-0.7%,
2025-05-20,3:00am,EUR,Current Account,Medium,35.9B,40.6B,
2025-05-20,3:00am,GBP,MPC Member Pill Speaks,Medium,,,
2025-05-20,8:00am,USD,FOMC Member Barkin Speaks,Medium,,,
2025-05-20,8:00am,USD,FOMC Member Bostic Speaks,Medium,,,
2025-05-20,9:00am,EUR,Consumer Confidence,Medium,-16,-17,
2025-05-20,12:00pm,USD,FOMC Member Musalem Speaks,Medium,,,
2025-05-20,2:00pm,USD,President Trump Speaks,Low,,,
2025-05-20,3:30pm,USD,API Weekly Statistical Bulletin,Medium,,,
2025-05-20,4:00pm,USD,FOMC Member Kugler Speaks,Medium,,,
2025-05-20,6:00pm,USD,FOMC Member Daly Speaks,Medium,,,
2025-05-20,6:00pm,USD,FOMC Member Hammack Speaks,Medium,,,
2025-05-20,6:50pm,JPY,Trade Balance,Medium,-0.24T,-0.29T,
2025-05-21,WedMay 21,GBP,Core CPI y/y,Medium,3.6%,3.4%,
2025-05-21,WedMay 21,GBP,RPI y/y,Medium,4.2%,3.2%,
2025-05-21,3:00am,EUR,ECB Financial Stability Review,Low,,,
2025-05-21,3:30am,GBP,HPI y/y,Medium,5.2%,5.5%,
2025-05-21,4:34am,EUR,German 10-y Bond Auction,Medium,,2.47|1.4,
2025-05-21,9:30am,USD,Crude Oil Inventories,Medium,-0.9M,3.5M,
2025-05-21,11:15am,USD,FOMC Member Barkin Speaks,Medium,,,
2025-05-21,11:15am,USD,FOMC Member Bowman Speaks,Medium,,,
2025-05-21,6:50pm,JPY,Core Machinery Orders m/m,Medium,-1.5%,4.3%,
2025-05-21,7:30pm,JPY,Flash Manufacturing PMI,Medium,49.0,48.7,
2025-05-22,2:15am,EUR,French Flash Manufacturing PMI,High,48.9,48.7,
2025-05-22,2:15am,EUR,French Flash Services PMI,High,47.7,47.3,
2025-05-22,2:15am,GBP,MPC Member Breeden Speaks,Medium,,,
2025-05-22,2:30am,EUR,German Flash Manufacturing PMI,High,48.8,48.4,
2025-05-22,2:30am,EUR,German Flash Services PMI,High,49.6,49.0,
2025-05-22,3:00am,EUR,Flash Manufacturing PMI,Low,49.2,49.0,
2025-05-22,3:00am,EUR,Flash Services PMI,Low,50.4,50.1,
2025-05-22,3:00am,EUR,German ifo Business Climate,Low,87.4,86.9,
2025-05-22,3:30am,GBP,Flash Manufacturing PMI,High,46.2,45.4,
2025-05-22,3:30am,GBP,Flash Services PMI,High,50.0,49.0,
2025-05-22,5:00am,EUR,German Buba Monthly Report,Medium,,,
2025-05-22,5:00am,GBP,CBI Industrial Order Expectations,Medium,-24,-26,
2025-05-22,5:50am,GBP,MPC Member Breeden Speaks,Medium,,,
2025-05-22,6:30am,EUR,ECB Monetary Policy Meeting Accounts,Medium,,,
2025-05-22,7:00am,GBP,MPC Member Dhingra Speaks,Medium,,,
2025-05-22,7:30am,GBP,MPC Member Pill Speaks,Medium,,,
2025-05-22,7:30am,USD,Unemployment Claims,High,230K,229K,
2025-05-22,7:55am,EUR,Belgian NBB Business Climate,Medium,-13.9,-14.7,
2025-05-22,8:30am,EUR,German Buba President Nagel Speaks,Medium,,,
2025-05-22,8:45am,USD,Flash Manufacturing PMI,High,49.9,50.2,
2025-05-22,8:45am,USD,Flash Services PMI,High,51.0,50.8,
2025-05-22,9:00am,USD,Existing Home Sales,Low,4.15M,4.02M,
2025-05-22,9:30am,USD,Natural Gas Storage,Medium,118B,110B,
2025-05-22,1:00pm,USD,FOMC Member Williams Speaks,Medium,,,
2025-05-22,6:01pm,GBP,GfK Consumer Confidence,Medium,-22,-23,
2025-05-22,6:30pm,JPY,National Core CPI y/y,Medium,3.4%,3.2%,
2025-05-23,FriMay 23,GBP,Retail Sales m/m,High,0.3%,0.1%,
2025-05-23,8:35am,USD,FOMC Member Musalem Speaks,Medium,,,
2025-05-23,8:35am,USD,FOMC Member Schmid Speaks,Medium,,,
2025-05-23,9:00am,USD,New Home Sales,Low,694K,670K,
2025-05-23,11:00am,USD,FOMC Member Cook Speaks,Medium,,,
2025-05-26,All Day,USD,Bank Holiday,Low,,,
2025-05-26,8:20am,EUR,ECB President Lagarde Speaks,Low,,,
2025-05-26,8:30am,EUR,German Buba President Nagel Speaks,Medium,,,
2025-05-26,6:01pm,GBP,BRC Shop Price Index y/y,Medium,-0.1%,-0.1%,
2025-05-26,6:50pm,JPY,SPPI y/y,Medium,3.0%,3.3%,
2025-05-26,7:00pm,JPY,BOJ Gov Ueda Speaks,High,,,
2025-05-27,1:00am,CHF,Trade Balance,Medium,5.55B,6.29B,
2025-05-27,1:00am,EUR,German GfK Consumer Climate,Medium,-19.9,-20.8,
2025-05-27,1:45am,EUR,French Prelim CPI m/m,Medium,0.1%,0.6%,
2025-05-27,3:00am,USD,FOMC Member Kashkari Speaks,Medium,,,
2025-05-27,5:00am,GBP,CBI Realized Sales,Medium,-18,-8,
2025-05-27,7:30am,USD,Core Durable Goods Orders m/m,Low,-0.1%,-0.4%,
2025-05-27,7:30am,USD,Durable Goods Orders m/m,Low,-7.6%,7.5%,
2025-05-27,8:00am,USD,HPI m/m,Medium,0.1%,0.0%,
2025-05-27,8:00am,USD,S&P/CS Composite-20 HPI y/y,Medium,4.5%,4.5%,
2025-05-27,9:00am,USD,CB Consumer Confidence,Low,87.1,85.7,
2025-05-27,11:00am,EUR,German Buba President Nagel Speaks,Medium,,,
2025-05-27,11:20am,CHF,SNB Chairman Schlegel Speaks,Low,,,
2025-05-27,7:00pm,USD,FOMC Member Williams Speaks,Medium,,,
2025-05-27,9:10pm,GBP,MPC Member Lombardelli Speaks,Medium,,,
2025-05-27,9:10pm,USD,FOMC Member Waller Speaks,Low,,,
2025-05-28,1:45am,EUR,French Consumer Spending m/m,Medium,0.8%,-1.1%,
2025-05-28,1:45am,EUR,French Final Private Payrolls q/q,Medium,0.0%,0.0%,
2025-05-28,1:45am,EUR,French Prelim GDP q/q,Medium,0.1%,0.1%,
2025-05-28,2:55am,EUR,German Unemployment Change,Medium,12K,6K,
2025-05-28,3:00am,CHF,UBS Economic Expectations,Medium,,-51.6,
2025-05-28,3:00am,USD,FOMC Member Kashkari Speaks,Medium,,,
2025-05-28,8:59am,USD,Richmond Manufacturing Index,Low,-9,-13,
2025-05-28,1:00pm,USD,FOMC Meeting Minutes,High,,,
2025-05-28,3:30pm,USD,API Weekly Statistical Bulletin,Medium,,,
2025-05-29,All Day,CHF,Bank Holiday,Low,,,
2025-05-29,All Day,EUR,French Bank Holiday,Low,,,
2025-05-29,All Day,EUR,German Bank Holiday,Low,,,
2025-05-29,4:00am,GBP,MPC Member Breeden Speaks,Medium,,,
2025-05-29,4:11am,EUR,Italian 10-y Bond Auction,Medium,,3.62|1.6,
2025-05-29,7:30am,USD,Prelim GDP q/q,High,-0.3%,-0.3%,
2025-05-29,7:30am,USD,Unemployment Claims,High,229K,226K,
2025-05-29,7:30am,USD,Prelim GDP Price Index q/q,Low,3.7%,3.7%,
2025-05-29,7:30am,USD,FOMC Member Barkin Speaks,Medium,,,
2025-05-29,9:00am,USD,Pending Home Sales m/m,Low,-0.9%,5.5%,
2025-05-29,9:30am,USD,Natural Gas Storage,Medium,98B,120B,
2025-05-29,9:40am,USD,FOMC Member Goolsbee Speaks,Medium,,,
2025-05-29,10:00am,GBP,BOE Gov Bailey Speaks,High,,,
2025-05-29,11:00am,USD,Crude Oil Inventories,Medium,0.3M,1.3M,
2025-05-29,1:00pm,USD,FOMC Member Kugler Speaks,Medium,,,
2025-05-29,3:00pm,USD,FOMC Member Daly Speaks,Medium,,,
2025-05-29,6:30pm,JPY,Tokyo Core CPI y/y,Low,3.5%,3.4%,
2025-05-29,6:30pm,JPY,Unemployment Rate,Medium,2.5%,2.5%,
2025-05-29,6:50pm,JPY,Prelim Industrial Production m/m,Medium,-1.4%,0.2%,
2025-05-29,6:50pm,JPY,Retail Sales y/y,Medium,2.9%,3.1%,
2025-05-29,7:25pm,USD,FOMC Member Logan Speaks,Medium,,,
2025-05-30,1:00am,EUR,German Retail Sales m/m,Medium,0.2%,0.9%,
2025-05-30,All Day,EUR,German Prelim CPI m/m,High,0.1%,0.4%,
2025-05-30,2:00am,CHF,KOF Economic Barometer,Medium,98.3,97.1,
2025-05-30,2:00am,EUR,Spanish Flash CPI y/y,Low,2.1%,2.2%,
2025-05-30,3:00am,EUR,M3 Money Supply y/y,Medium,3.7%,3.7%,
2025-05-30,3:00am,EUR,Private Loans y/y,Medium,1.8%,1.7%,
2025-05-30,4:02am,EUR,Italian Prelim CPI m/m,Medium,0.1%,0.1%,
2025-05-30,7:30am,USD,Core PCE Price Index m/m,High,0.1%,0.1%,
2025-05-30,7:30am,USD,Goods Trade Balance,Medium,-142.8B,-163.2B,
2025-05-30,7:30am,USD,Personal Income m/m,Medium,0.3%,0.7%,
2025-05-30,7:30am,USD,Personal Spending m/m,Medium,0.2%,0.7%,
2025-05-30,7:30am,USD,Prelim Wholesale Inventories m/m,Medium,0.4%,0.5%,
2025-05-30,8:45am,USD,Chicago PMI,Medium,45.1,44.6,
2025-05-30,9:00am,USD,Revised UoM Consumer Sentiment,Low,51.1,50.8,
2025-05-30,9:00am,USD,Revised UoM Inflation Expectations,Medium,,7.3%,
2025-05-30,11:20am,USD,FOMC Member Bostic Speaks,Medium,,,
2025-05-30,6:30pm,USD,FOMC Member Goolsbee Speaks,Medium,,,
2025-06-01,6:50pm,JPY,Capital Spending q/y,Medium,3.8%,-0.2%,
2025-06-01,7:00pm,USD,FOMC Member Waller Speaks,Low,,,
2025-06-01,7:30pm,JPY,Final Manufacturing PMI,Medium,49.0,49.0,
2025-06-02,All Day,EUR,Italian Bank Holiday,Low,,,
2025-06-02,1:30am,CHF,Retail Sales y/y,Medium,2.5%,2.1%,
2025-06-02,2:00am,CHF,GDP q/q,Low,0.4%,0.3%,
2025-06-02,2:15am,EUR,Spanish Manufacturing PMI,Medium,48.3,48.1,
2025-06-02,2:30am,CHF,Manufacturing PMI,Medium,48.1,45.8,
2025-06-02,2:45am,EUR,Italian Manufacturing PMI,Medium,49.5,49.3,
2025-06-02,2:50am,EUR,French Final Manufacturing PMI,Medium,49.5,49.5,
2025-06-02,2:55am,EUR,German Final Manufacturing PMI,Medium,48.8,48.8,
2025-06-02,3:00am,EUR,Final Manufacturing PMI,Medium,49.4,49.4,
2025-06-02,3:30am,GBP,Final Manufacturing PMI,Medium,45.1,45.1,
2025-06-02,3:30am,GBP,M4 Money Supply m/m,Medium,0.2%,0.3%,
2025-06-02,3:30am,GBP,Mortgage Approvals,Medium,65K,64K,
2025-06-02,3:30am,GBP,Net Lending to Individuals m/m,Medium,2.8B,14.1B,
2025-06-02,8:45am,USD,Final Manufacturing PMI,Medium,52.3,52.3,
2025-06-02,9:00am,USD,ISM Manufacturing PMI,High,49.3,48.7,
2025-06-02,9:00am,USD,ISM Manufacturing Prices,Low,70.2,69.8,
2025-06-02,9:00am,USD,Construction Spending m/m,Medium,0.4%,-0.8%,
2025-06-02,9:15am,USD,FOMC Member Logan Speaks,Medium,,,
2025-06-02,11:45am,USD,FOMC Member Goolsbee Speaks,Medium,,,
2025-06-02,11:59am,GBP,MPC Member Mann Speaks,Medium,,,
2025-06-02,12:00pm,GBP,MPC Member Greene Speaks,Medium,,,
2025-06-02,12:00pm,USD,Fed Chairman Powell Speaks,High,,,
2025-06-02,6:50pm,JPY,Monetary Base y/y,Medium,-4.2%,-4.8%,
2025-06-02,10:35pm,JPY,10-y Bond Auction,Medium,,1.27|2.5,
2025-06-03,1:45am,EUR,French Gov Budget Balance,Medium,,-47.0B,
2025-06-03,2:00am,EUR,Spanish Unemployment Change,Medium,-68.5K,-67.4K,
2025-06-03,2:50am,JPY,BOJ Gov Ueda Speaks,High,,,
2025-06-03,3:00am,EUR,Italian Monthly Unemployment Rate,Medium,6.1%,6.1%,
2025-06-03,4:00am,EUR,Core CPI Flash Estimate y/y,Low,2.4%,2.7%,
2025-06-03,4:00am,EUR,CPI Flash Estimate y/y,Low,2.0%,2.2%,
2025-06-03,4:00am,EUR,Unemployment Rate,Medium,6.2%,6.3%,
2025-06-03,4:15am,GBP,Monetary Policy Report Hearings,Low,,,
2025-06-03,9:00am,USD,JOLTS Job Openings,High,7.11M,7.20M,
2025-06-03,9:00am,USD,Factory Orders m/m,Medium,-3.1%,3.4%,
2025-06-03,9:04am,USD,RCM/TIPP Economic Optimism,Medium,49.1,47.9,
2025-06-03,11:15am,CHF,Gov Board Member Tschudin Speaks,Medium,,,
2025-06-03,11:45am,USD,FOMC Member Goolsbee Speaks,Medium,,,
2025-06-03,12:00pm,USD,FOMC Member Cook Speaks,Medium,,,
2025-06-03,2:30pm,USD,FOMC Member Logan Speaks,Medium,,,
2025-06-03,3:30pm,USD,API Weekly Statistical Bulletin,Medium,,,
2025-06-03,All Day,USD,Wards Total Vehicle Sales,Medium,16.0M,17.3M,
2025-06-04,2:45am,EUR,Italian Services PMI,Medium,52.1,52.9,
2025-06-04,2:50am,EUR,French Final Services PMI,Medium,47.4,47.4,
2025-06-04,2:55am,EUR,German Final Services PMI,Medium,47.2,47.2,
2025-06-04,3:00am,EUR,Final Services PMI,Medium,48.9,48.9,
2025-06-04,3:30am,GBP,Final Services PMI,Medium,50.2,50.2,
2025-06-04,7:15am,USD,ADP Non-Farm Employment Change,High,111K,60K,
2025-06-04,7:30am,USD,FOMC Member Bostic Speaks,Medium,,,
2025-06-04,7:30am,USD,FOMC Member Cook Speaks,Medium,,,
2025-06-04,8:45am,USD,Final Services PMI,Medium,52.3,52.3,
2025-06-04,9:00am,USD,ISM Services PMI,High,52.0,51.6,
2025-06-04,9:30am,USD,Crude Oil Inventories,Medium,-2.9M,-2.8M,
2025-06-04,1:00pm,USD,Beige Book,Medium,,,
2025-06-04,6:30pm,JPY,Average Cash Earnings y/y,Medium,2.6%,2.3%,
2025-06-04,10:35pm,JPY,30-y Bond Auction,Medium,,2.94|3.1,
2025-06-05,2:00am,CHF,Unemployment Rate,Medium,2.8%,2.8%,
2025-06-05,2:45am,GBP,MPC Member Greene Speaks,Medium,,,
2025-06-05,3:00am,EUR,Italian Retail Sales m/m,Medium,0.4%,-0.4%,
2025-06-05,3:30am,GBP,Construction PMI,Low,47.4,46.6,
2025-06-05,3:30am,GBP,MPC Member Breeden Speaks,Medium,,,
2025-06-05,3:59am,EUR,French 10-y Bond Auction,Medium,,3.24|2.8,
2025-06-05,4:00am,EUR,PPI m/m,Medium,-1.8%,-1.7%,
2025-06-05,6:30am,USD,Challenger Job Cuts y/y,Medium,,62.7%,
2025-06-05,7:15am,EUR,Main Refinancing Rate,High,2.15%,2.40%,
2025-06-05,7:15am,EUR,Monetary Policy Statement,High,,,
2025-06-05,7:30am,USD,Unemployment Claims,High,236K,239K,
2025-06-05,7:30am,USD,Revised Nonfarm Productivity q/q,Medium,-0.8%,-0.8%,
2025-06-05,7:30am,USD,Revised Unit Labor Costs q/q,Medium,5.7%,5.7%,
2025-06-05,7:30am,USD,Trade Balance,Medium,-67.6B,-138.3B,
2025-06-05,7:45am,EUR,ECB Press Conference,High,,,
2025-06-05,9:30am,USD,Natural Gas Storage,Medium,111B,101B,
2025-06-05,11:00am,USD,FOMC Member Kugler Speaks,Medium,,,
2025-06-05,12:30pm,USD,FOMC Member Harker Speaks,Medium,,,
2025-06-05,12:30pm,USD,FOMC Member Schmid Speaks,Medium,,,
2025-06-05,3:00pm,USD,Treasury Currency Report,Low,,,
2025-06-05,6:30pm,JPY,Household Spending y/y,Medium,1.5%,2.1%,
2025-06-06,1:00am,EUR,German Industrial Production m/m,Medium,-0.9%,2.3%,
2025-06-06,1:00am,EUR,German Trade Balance,Medium,20.2B,21.3B,
2025-06-06,1:00am,GBP,Halifax HPI m/m,Medium,0.4%,0.3%,
2025-06-06,1:45am,EUR,French Industrial Production m/m,Medium,0.0%,0.1%,
2025-06-06,1:45am,EUR,French Trade Balance,Medium,-6.0B,-6.3B,
2025-06-06,2:00am,CHF,Foreign Currency Reserves,Medium,,703B,
2025-06-06,4:00am,EUR,Final Employment Change q/q,Medium,0.3%,0.3%,
2025-06-06,4:00am,EUR,Retail Sales m/m,Medium,0.2%,0.4%,
2025-06-06,4:00am,EUR,Revised GDP q/q,Medium,0.4%,0.3%,
2025-06-06,7:30am,USD,Average Hourly Earnings m/m,High,0.3%,0.2%,
2025-06-06,7:30am,USD,Non-Farm Employment Change,High,126K,147K,
2025-06-06,7:30am,USD,Unemployment Rate,High,4.2%,4.2%,
2025-06-06,9:00am,USD,FOMC Member Bowman Speaks,Medium,,,
2025-06-06,12:00pm,USD,FOMC Member Harker Speaks,Medium,,,
2025-06-06,2:00pm,USD,Consumer Credit m/m,Medium,11.3B,8.6B,
2025-06-07,4:40am,GBP,MPC Member Greene Speaks,Medium,,,
2025-06-08,6:50pm,JPY,Bank Lending y/y,Medium,2.3%,2.3%,
2025-06-08,6:50pm,JPY,Current Account,Medium,2.59T,2.72T,
2025-06-08,6:50pm,JPY,Final GDP Price Index y/y,Medium,3.3%,3.3%,
2025-06-08,6:50pm,JPY,Final GDP q/q,Medium,-0.2%,-0.2%,
2025-06-09,All Day,CHF,Bank Holiday,Low,,,
2025-06-09,All Day,EUR,French Bank Holiday,Low,,,
2025-06-09,All Day,EUR,German Bank Holiday,Low,,,
2025-06-09,9:00am,USD,Final Wholesale Inventories m/m,Medium,0.0%,0.0%,
2025-06-09,6:01pm,GBP,BRC Retail Sales Monitor y/y,Medium,2.7%,6.8%,
2025-06-09,6:50pm,JPY,M2 Money Stock y/y,Medium,0.6%,0.5%,
2025-06-10,1:00am,GBP,Average Earnings Index 3m/y,Low,5.5%,5.6%,
2025-06-10,1:00am,GBP,Claimant Count Change,Low,9.5K,-21.2K,
2025-06-10,1:00am,GBP,Unemployment Rate,Medium,4.6%,4.5%,
2025-06-10,1:59am,CHF,SECO Consumer Climate,Medium,-38,-42,
2025-06-10,3:00am,EUR,Italian Industrial Production m/m,Medium,0.0%,0.0%,
2025-06-10,3:30am,EUR,Sentix Investor Confidence,Medium,-5.3,-8.1,
2025-06-10,5:00am,USD,NFIB Small Business Index,Medium,95.9,95.8,
2025-06-10,3:00pm,USD,President Trump Speaks,Low,,,
2025-06-10,3:30pm,USD,API Weekly Statistical Bulletin,Medium,,,
2025-06-10,6:50pm,JPY,PPI y/y,Medium,3.5%,4.1%,
2025-06-11,4:31am,EUR,German 10-y Bond Auction,Medium,,2.66|2.4,
2025-06-11,7:30am,USD,Core CPI m/m,High,0.3%,0.2%,
2025-06-11,7:30am,USD,CPI m/m,High,0.2%,0.2%,
2025-06-11,7:30am,USD,CPI y/y,High,2.5%,2.3%,
2025-06-11,9:30am,USD,Crude Oil Inventories,Medium,-2.4M,-4.3M,
2025-06-11,12:01pm,USD,10-y Bond Auction,Medium,,4.34|2.6,
2025-06-11,12:59pm,USD,Federal Budget Balance,Medium,-314.3B,258.4B,
2025-06-11,6:01pm,GBP,RICS House Price Balance,Medium,-3%,-3%,
2025-06-11,6:50pm,JPY,BSI Manufacturing Index,Medium,0.8,-2.4,
2025-06-12,ThuJun 12,GBP,Construction Output m/m,Medium,0.3%,0.5%,
2025-06-12,ThuJun 12,GBP,Goods Trade Balance,Medium,-20.8B,-19.9B,
2025-06-12,ThuJun 12,GBP,Index of Services 3m/3m,Medium,0.7%,0.7%,
2025-06-12,ThuJun 12,GBP,Industrial Production m/m,Medium,-0.4%,-0.7%,
2025-06-12,ThuJun 12,GBP,Manufacturing Production m/m,Medium,-0.8%,-0.8%,
2025-06-12,3:00am,EUR,Italian Quarterly Unemployment Rate,Medium,6.0%,6.1%,
2025-06-12,7:30am,USD,Core PPI m/m,High,0.3%,-0.2%,
2025-06-12,7:30am,USD,PPI m/m,High,0.2%,-0.2%,
2025-06-12,7:30am,USD,Unemployment Claims,High,242K,248K,
2025-06-12,8:30am,GBP,CB Leading Index m/m,Medium,,-0.4%,
2025-06-12,9:30am,USD,Natural Gas Storage,Medium,108B,122B,
2025-06-12,12:01pm,USD,30-y Bond Auction,Medium,,4.82|2.3,
2025-06-12,11:30pm,JPY,Revised Industrial Production m/m,Medium,-1.2%,-0.9%,
2025-06-12,11:30pm,JPY,Tertiary Industry Activity m/m,Medium,0.2%,-1.0%,
2025-06-13,FriJun 13,EUR,German WPI m/m,Medium,-0.2%,-0.1%,
2025-06-13,1:45am,EUR,French Final CPI m/m,Medium,-0.1%,-0.1%,
2025-06-13,3:00am,EUR,Italian Trade Balance,Medium,2.73B,4.71B,
2025-06-13,3:30am,GBP,Consumer Inflation Expectations,Medium,,3.4%,
2025-06-13,4:00am,EUR,Industrial Production m/m,Medium,-1.6%,2.4%,
2025-06-13,4:00am,EUR,Trade Balance,Medium,18.2B,28.8B,
2025-06-13,9:00am,USD,Prelim UoM Consumer Sentiment,High,53.5,52.2,
2025-06-13,9:00am,USD,Prelim UoM Inflation Expectations,High,,6.6%,
2025-06-15,6:01pm,GBP,Rightmove HPI m/m,Medium,,0.6%,
2025-06-16,2:00am,CHF,SECO Economic Forecasts,Medium,,,
2025-06-16,2:00am,EUR,German Buba President Nagel Speaks,Medium,,,
2025-06-16,7:30am,USD,Empire State Manufacturing Index,Low,-5.9,-9.2,
2025-06-16,10:30pm,JPY,BOJ Policy Rate,High,<0.50%,<0.50%,
2025-06-16,10:30pm,JPY,Monetary Policy Statement,High,,,
2025-06-17,4:00am,EUR,German ZEW Economic Sentiment,Low,34.8,25.2,
2025-06-17,4:00am,EUR,ZEW Economic Sentiment,Medium,23.5,11.6,
2025-06-17,5:00am,EUR,German Buba Monthly Report,Medium,,,
2025-06-17,7:30am,USD,Core Retail Sales m/m,High,0.2%,0.0%,
2025-06-17,7:30am,USD,Retail Sales m/m,High,-0.5%,-0.1%,
2025-06-17,7:30am,USD,Import Prices m/m,Medium,-0.2%,0.1%,
2025-06-17,8:15am,USD,Capacity Utilization Rate,Medium,77.7%,77.7%,
2025-06-17,8:15am,USD,Industrial Production m/m,Medium,0.0%,0.1%,
2025-06-17,9:00am,USD,Business Inventories m/m,Medium,0.0%,0.1%,
2025-06-17,9:00am,USD,NAHB Housing Market Index,Medium,36,34,
2025-06-17,3:30pm,USD,API Weekly Statistical Bulletin,Medium,,,
2025-06-17,6:50pm,JPY,Core Machinery Orders m/m,Medium,-9.3%,13.0%,
2025-06-17,6:50pm,JPY,Trade Balance,Medium,-0.37T,-0.35T,
2025-06-18,WedJun 18,GBP,Core CPI y/y,Medium,3.5%,3.8%,
2025-06-18,WedJun 18,GBP,RPI y/y,Medium,4.2%,4.5%,
2025-06-18,3:00am,EUR,Current Account,Medium,40.4B,50.9B,
2025-06-18,3:30am,GBP,HPI y/y,Medium,5.6%,6.4%,
2025-06-18,4:00am,EUR,Final Core CPI y/y,Medium,2.3%,2.3%,
2025-06-18,4:00am,EUR,Final CPI y/y,Medium,1.9%,1.9%,
2025-06-18,4:38am,EUR,German 30-y Bond Auction,Medium,,3.12|2.3,
2025-06-18,7:30am,USD,Unemployment Claims,High,246K,250K,
2025-06-18,7:30am,USD,Building Permits,Medium,1.42M,1.42M,
2025-06-18,7:30am,USD,Housing Starts,Medium,1.35M,1.39M,
2025-06-18,9:30am,USD,Crude Oil Inventories,Medium,-2.3M,-3.6M,
2025-06-18,11:00am,USD,Natural Gas Storage,Medium,96B,109B,
2025-06-18,1:00pm,USD,Federal Funds Rate,High,4.50%,4.50%,
2025-06-18,1:00pm,USD,FOMC Economic Projections,High,,,
2025-06-18,1:00pm,USD,FOMC Statement,High,,,
2025-06-18,1:30pm,USD,FOMC Press Conference,High,,,
2025-06-18,3:00pm,USD,TIC Long-Term Purchases,Medium,142.4B,162.4B,
2025-06-18,11:30pm,CHF,SNB Financial Stability Report,Medium,,,
2025-06-19,2:30am,CHF,SNB Monetary Policy Assessment,High,,,
2025-06-19,2:30am,CHF,SNB Policy Rate,High,0.00%,0.25%,
2025-06-19,3:00am,CHF,SNB Press Conference,High,,,
2025-06-19,3:45am,EUR,Spanish 10-y Bond Auction,Medium,,3.35|1.9,
2025-06-19,4:00am,EUR,German Buba President Nagel Speaks,Medium,,,
2025-06-19,All Day,EUR,Eurogroup Meetings,Medium,,,
2025-06-19,6:00am,GBP,Monetary Policy Summary,High,,,
2025-06-19,6:00am,GBP,MPC Official Bank Rate Votes,High,0-2-7,0-7-2,
2025-06-19,6:00am,GBP,Official Bank Rate,High,4.25%,4.25%,
2025-06-19,6:00am,GBP,BOE Inflation Letter,Medium,,,
2025-06-19,All Day,USD,Bank Holiday,Low,,,
2025-06-19,6:01pm,GBP,GfK Consumer Confidence,Medium,-19,-20,
2025-06-19,6:30pm,JPY,National Core CPI y/y,Medium,3.6%,3.5%,
2025-06-19,6:50pm,JPY,Monetary Policy Meeting Minutes,Medium,,,
2025-06-20,FriJun 20,GBP,Retail Sales m/m,High,-0.5%,1.3%,
2025-06-20,FriJun 20,GBP,Public Sector Net Borrowing,Medium,17.9B,20.1B,
2025-06-20,1:40am,JPY,BOJ Gov Ueda Speaks,High,,,
2025-06-20,3:00am,EUR,ECB Economic Bulletin,Medium,,,
2025-06-20,All Day,EUR,ECOFIN Meetings,Medium,,,
2025-06-20,7:30am,USD,Philly Fed Manufacturing Index,Low,-1.7,-4.0,
2025-06-20,9:00am,EUR,Consumer Confidence,Medium,-15,-15,
2025-06-20,9:00am,USD,CB Leading Index m/m,Medium,-0.1%,-1.4%,
2025-06-20,10:00am,USD,Fed Monetary Policy Report,Medium,,,
2025-06-22,7:30pm,JPY,Flash Manufacturing PMI,Medium,49.5,49.4,
2025-06-23,2:15am,EUR,French Flash Manufacturing PMI,High,49.8,49.8,
2025-06-23,2:15am,EUR,French Flash Services PMI,High,49.2,48.9,
2025-06-23,2:30am,EUR,German Flash Manufacturing PMI,High,48.9,48.3,
2025-06-23,2:30am,EUR,German Flash Services PMI,High,47.8,47.1,
2025-06-23,3:00am,EUR,Flash Manufacturing PMI,Low,49.6,49.4,
2025-06-23,3:00am,EUR,Flash Services PMI,Low,50.0,49.7,
2025-06-23,3:30am,GBP,Flash Manufacturing PMI,High,46.9,46.4,
2025-06-23,3:30am,GBP,Flash Services PMI,High,51.2,50.9,
2025-06-23,8:00am,EUR,ECB President Lagarde Speaks,Low,,,
2025-06-23,8:45am,USD,Flash Manufacturing PMI,High,51.1,52.0,
2025-06-23,8:45am,USD,Flash Services PMI,High,52.9,53.7,
2025-06-23,9:00am,USD,Existing Home Sales,Low,3.96M,4.00M,
2025-06-23,9:00am,USD,FOMC Member Bowman Speaks,Medium,,,
2025-06-23,10:00am,EUR,German Buba President Nagel Speaks,Medium,,,
2025-06-23,12:10pm,USD,FOMC Member Goolsbee Speaks,Medium,,,
2025-06-23,1:30pm,USD,FOMC Member Kugler Speaks,Medium,,,
2025-06-23,1:30pm,USD,FOMC Member Williams Speaks,Medium,,,
2025-06-24,3:00am,EUR,German ifo Business Climate,Low,88.1,87.5,
2025-06-24,3:00am,GBP,BOE Gov Bailey Speaks,High,,,
2025-06-24,4:30am,GBP,MPC Member Greene Speaks,Medium,,,
2025-06-24,5:00am,GBP,CBI Industrial Order Expectations,Medium,-28,-30,
2025-06-24,7:30am,USD,Current Account,Medium,-448B,-312B,
2025-06-24,7:51am,EUR,Belgian NBB Business Climate,Medium,-13.1,-13.5,
2025-06-24,8:00am,EUR,ECB President Lagarde Speaks,Low,,,
2025-06-24,8:00am,USD,HPI m/m,Medium,0.0%,0.0%,
2025-06-24,8:00am,USD,S&P/CS Composite-20 HPI y/y,Medium,4.0%,4.1%,
2025-06-24,8:15am,USD,FOMC Member Hammack Speaks,Medium,,,
2025-06-24,8:35am,GBP,MPC Member Ramsden Speaks,Medium,,,
2025-06-24,8:59am,USD,Richmond Manufacturing Index,Low,-10,-9,
2025-06-24,9:00am,GBP,BOE Gov Bailey Speaks,High,,,
2025-06-24,9:00am,USD,Fed Chairman Powell Testifies,High,,,
2025-06-24,9:00am,USD,CB Consumer Confidence,Low,99.4,98.4,
2025-06-24,10:40am,GBP,MPC Member Pill Speaks,Medium,,,
2025-06-24,10:50am,GBP,MPC Member Breeden Speaks,Medium,,,
2025-06-24,11:30am,USD,FOMC Member Williams Speaks,Medium,,,
2025-06-24,1:00pm,USD,FOMC Member Collins Speaks,Medium,,,
2025-06-24,3:00pm,USD,FOMC Member Barr Speaks,Medium,,,
2025-06-24,3:30pm,USD,API Weekly Statistical Bulletin,Medium,,,
2025-06-24,6:50pm,JPY,BOJ Summary of Opinions,Medium,,,
2025-06-24,6:50pm,JPY,SPPI y/y,Medium,3.1%,3.4%,
2025-06-25,3:45am,GBP,MPC Member Lombardelli Speaks,Medium,,,
2025-06-25,8:00am,CHF,SNB Quarterly Bulletin,Medium,,,
2025-06-25,9:00am,USD,Fed Chairman Powell Testifies,High,,,
2025-06-25,9:00am,USD,New Home Sales,Low,694K,722K,
2025-06-25,9:30am,USD,Crude Oil Inventories,Medium,-1.2M,-11.5M,
2025-06-26,3:30am,GBP,MPC Member Breeden Speaks,Medium,,,
2025-06-26,5:00am,GBP,CBI Realized Sales,Medium,-24,-27,
2025-06-26,6:00am,GBP,BOE Gov Bailey Speaks,High,,,
2025-06-26,7:30am,USD,Final GDP q/q,High,-0.2%,-0.2%,
2025-06-26,7:30am,USD,Unemployment Claims,High,244K,246K,
2025-06-26,7:30am,USD,Core Durable Goods Orders m/m,Low,0.1%,0.1%,
2025-06-26,7:30am,USD,Durable Goods Orders m/m,Low,8.6%,-6.6%,
2025-06-26,7:30am,USD,Final GDP Price Index q/q,Low,3.7%,3.7%,
2025-06-26,7:30am,USD,FOMC Member Goolsbee Speaks,Medium,,,
2025-06-26,7:30am,USD,Goods Trade Balance,Medium,-86.3B,-87.0B,
2025-06-26,7:30am,USD,Prelim Wholesale Inventories m/m,Medium,0.2%,0.2%,
2025-06-26,7:45am,USD,FOMC Member Barkin Speaks,Medium,,,
2025-06-26,7:45am,USD,FOMC Member Daly Speaks,Medium,,,
2025-06-26,8:00am,USD,FOMC Member Hammack Speaks,Medium,,,
2025-06-26,9:00am,USD,Pending Home Sales m/m,Low,0.2%,-6.3%,
2025-06-26,9:30am,USD,Natural Gas Storage,Medium,88B,95B,
2025-06-26,12:15pm,USD,FOMC Member Barr Speaks,Medium,,,
2025-06-26,1:30pm,EUR,ECB President Lagarde Speaks,Low,,,
2025-06-26,6:30pm,JPY,Tokyo Core CPI y/y,Low,3.3%,3.6%,
2025-06-26,6:30pm,JPY,Unemployment Rate,Medium,2.5%,2.5%,
2025-06-26,6:50pm,JPY,Retail Sales y/y,Medium,2.4%,3.5%,
2025-06-27,FriJun 27,EUR,French Prelim CPI m/m,Medium,0.1%,-0.1%,
2025-06-27,2:00am,EUR,Spanish Flash CPI y/y,Low,2.0%,2.0%,
2025-06-27,5:08am,EUR,Italian 10-y Bond Auction,Medium,,3.57|1.5,
2025-06-27,7:30am,USD,Core PCE Price Index m/m,High,0.1%,0.1%,
2025-06-27,7:30am,USD,Personal Income m/m,Medium,0.3%,0.7%,
2025-06-27,7:30am,USD,Personal Spending m/m,Medium,0.1%,0.2%,
2025-06-27,8:15am,USD,FOMC Member Cook Speaks,Medium,,,
2025-06-27,8:15am,USD,FOMC Member Hammack Speaks,Medium,,,
2025-06-27,9:00am,USD,Revised UoM Consumer Sentiment,Low,60.4,60.5,
2025-06-27,9:00am,USD,Revised UoM Inflation Expectations,Medium,,5.1%,
2025-06-27,3:30pm,USD,Bank Stress Test Results,Medium,,,
2025-06-30,1:00am,EUR,German Import Prices m/m,Medium,-0.3%,-1.7%,
2025-06-30,1:00am,EUR,German Retail Sales m/m,Medium,0.5%,-0.6%,
2025-06-30,1:00am,GBP,Current Account,Medium,-19.7B,-21.0B,
2025-06-30,1:00am,GBP,Final GDP q/q,Medium,0.7%,0.7%,
2025-06-30,1:00am,GBP,Revised Business Investment q/q,Medium,5.8%,5.9%,
2025-06-30,All Day,EUR,German Prelim CPI m/m,Low,0.2%,0.1%,
2025-06-30,2:00am,CHF,KOF Economic Barometer,Medium,99.3,98.6,
2025-06-30,3:00am,EUR,M3 Money Supply y/y,Medium,4.0%,3.9%,
2025-06-30,3:00am,EUR,Private Loans y/y,Medium,2.0%,1.9%,
2025-06-30,3:30am,GBP,M4 Money Supply m/m,Medium,0.2%,-0.1%,
2025-06-30,3:30am,GBP,Mortgage Approvals,Medium,61K,61K,
2025-06-30,3:30am,GBP,Net Lending to Individuals m/m,Medium,4.1B,1.2B,
2025-06-30,4:00am,EUR,Italian Prelim CPI m/m,Medium,0.1%,-0.1%,
2025-06-30,8:45am,USD,Chicago PMI,Medium,42.7,40.5,
2025-06-30,9:00am,USD,FOMC Member Bostic Speaks,Medium,,,
2025-06-30,12:00pm,USD,FOMC Member Goolsbee Speaks,Medium,,,
2025-06-30,2:00pm,EUR,ECB President Lagarde Speaks,Low,,,
2025-06-30,6:01pm,GBP,BRC Shop Price Index y/y,Medium,0.2%,-0.1%,
2025-06-30,6:50pm,JPY,Tankan Manufacturing Index,Medium,10,12,
2025-06-30,6:50pm,JPY,Tankan Non-Manufacturing Index,Medium,34,35,
2025-06-30,7:30pm,JPY,Final Manufacturing PMI,Medium,50.4,50.4,
2025-06-30,10:35pm,JPY,10-y Bond Auction,Medium,,1.51|3.7,
2025-07-01,1:00am,GBP,Nationwide HPI m/m,Medium,-0.2%,0.4%,
2025-07-01,1:30am,CHF,Retail Sales y/y,Medium,0.8%,0.9%,
2025-07-01,2:15am,EUR,Spanish Manufacturing PMI,Medium,50.6,50.5,
2025-07-01,2:30am,CHF,Manufacturing PMI,Medium,44.2,42.1,
2025-07-01,2:45am,EUR,Italian Manufacturing PMI,Medium,49.5,49.2,
2025-07-01,2:50am,EUR,French Final Manufacturing PMI,Medium,47.8,47.8,
2025-07-01,2:55am,EUR,German Final Manufacturing PMI,Medium,49.0,49.0,
2025-07-01,2:55am,EUR,German Unemployment Change,Medium,18K,33K,
2025-07-01,3:00am,EUR,Final Manufacturing PMI,Medium,49.4,49.4,
2025-07-01,3:30am,GBP,Final Manufacturing PMI,Medium,47.7,47.7,
2025-07-01,4:00am,EUR,Core CPI Flash Estimate y/y,Low,2.3%,2.3%,
2025-07-01,4:00am,EUR,CPI Flash Estimate y/y,Low,2.0%,1.9%,
2025-07-01,4:03am,GBP,30-y Bond Auction,Medium,,5.36|3.0,
2025-07-01,8:30am,EUR,ECB President Lagarde Speaks,Low,,,
2025-07-01,8:30am,GBP,BOE Gov Bailey Speaks,High,,,
2025-07-01,8:30am,JPY,BOJ Gov Ueda Speaks,High,,,
2025-07-01,8:30am,USD,Fed Chairman Powell Speaks,High,,,
2025-07-01,8:45am,USD,Final Manufacturing PMI,Medium,52.0,52.0,
2025-07-01,9:00am,USD,ISM Manufacturing PMI,High,48.8,48.5,
2025-07-01,9:00am,USD,JOLTS Job Openings,High,7.32M,7.40M,
2025-07-01,9:00am,USD,ISM Manufacturing Prices,Low,69.6,69.4,
2025-07-01,9:00am,USD,Construction Spending m/m,Medium,-0.2%,-0.2%,
2025-07-01,9:03am,USD,RCM/TIPP Economic Optimism,Medium,50.1,49.2,
2025-07-01,All Day,USD,Wards Total Vehicle Sales,Medium,15.5M,15.7M,
2025-07-01,3:30pm,USD,API Weekly Statistical Bulletin,Medium,,,
2025-07-01,6:50pm,JPY,Monetary Base y/y,Medium,-3.5%,-3.4%,
2025-07-02,2:00am,EUR,Spanish Unemployment Change,Medium,-69.5K,-57.8K,
2025-07-02,3:00am,EUR,Italian Monthly Unemployment Rate,Medium,6.0%,6.1%,
2025-07-02,4:00am,EUR,Unemployment Rate,Medium,6.2%,6.2%,
2025-07-02,4:36am,EUR,German 10-y Bond Auction,Medium,,2.54|2.7,
2025-07-02,5:30am,GBP,MPC Member Taylor Speaks,Medium,,,
2025-07-02,6:30am,USD,Challenger Job Cuts y/y,Medium,,47.0%,
2025-07-02,7:15am,USD,ADP Non-Farm Employment Change,High,99K,29K,
2025-07-02,9:15am,EUR,ECB President Lagarde Speaks,Low,,,
2025-07-02,9:30am,USD,Crude Oil Inventories,Medium,-3.5M,-5.8M,
2025-07-02,10:35pm,JPY,30-y Bond Auction,Medium,,2.90|2.9,
2025-07-03,2:15am,EUR,Spanish Services PMI,Medium,51.1,51.3,
2025-07-03,2:45am,EUR,Italian Services PMI,Medium,52.6,53.2,
2025-07-03,2:50am,EUR,French Final Services PMI,Medium,48.7,48.7,
2025-07-03,2:55am,EUR,German Final Services PMI,Medium,49.4,49.4,
2025-07-03,3:00am,EUR,Final Services PMI,Medium,50.0,50.0,
2025-07-03,3:30am,GBP,BOE Credit Conditions Survey,Medium,,,
2025-07-03,3:30am,GBP,Final Services PMI,Medium,51.3,51.3,
2025-07-03,3:44am,EUR,Spanish 10-y Bond Auction,Medium,,3.21|1.7,
2025-07-03,3:57am,EUR,French 10-y Bond Auction,Medium,,3.17|2.8,
2025-07-03,6:30am,EUR,ECB Monetary Policy Meeting Accounts,Medium,,,
2025-07-03,7:20am,GBP,BOE Gov Bailey Speaks,High,,,
2025-07-03,7:30am,USD,Average Hourly Earnings m/m,High,0.3%,0.4%,
2025-07-03,7:30am,USD,Non-Farm Employment Change,High,111K,144K,
2025-07-03,7:30am,USD,Unemployment Rate,High,4.3%,4.2%,
2025-07-03,7:30am,USD,Unemployment Claims,Low,240K,237K,
2025-07-03,7:30am,USD,Trade Balance,Medium,-69.9B,-60.3B,
2025-07-03,8:45am,USD,Final Services PMI,Medium,53.1,53.1,
2025-07-03,9:00am,USD,ISM Services PMI,High,50.8,49.9,
2025-07-03,9:00am,USD,Factory Orders m/m,Medium,8.1%,-3.9%,
2025-07-03,9:30am,USD,Natural Gas Storage,Medium,48B,96B,
2025-07-03,10:00am,USD,FOMC Member Bostic Speaks,Medium,,,
2025-07-03,6:30pm,JPY,Household Spending y/y,Medium,1.3%,-0.1%,
2025-07-04,1:45am,EUR,French Industrial Production m/m,Medium,0.4%,-1.4%,
2025-07-04,2:00am,CHF,Unemployment Rate,Medium,2.9%,2.8%,
2025-07-04,3:00am,EUR,Italian Retail Sales m/m,Medium,0.5%,0.7%,
2025-07-04,3:30am,GBP,Construction PMI,Medium,48.6,47.9,
2025-07-04,3:37am,GBP,Housing Equity Withdrawal q/q,Medium,-10.3B,-13.5B,
2025-07-04,4:00am,EUR,PPI m/m,Medium,-0.6%,-2.2%,
2025-07-04,All Day,USD,Bank Holiday,Low,,,
2025-07-04,10:01am,GBP,MPC Member Taylor Speaks,Medium,,,
2025-07-04,1:00pm,EUR,ECB President Lagarde Speaks,Low,,,
2025-07-05,10:45am,GBP,BOE Gov Bailey Speaks,Low,,,
2025-07-06,6:30pm,JPY,Average Cash Earnings y/y,Medium,2.4%,2.0%,
2025-07-07,1:00am,EUR,German Industrial Production m/m,Medium,-0.6%,-1.6%,
2025-07-07,1:00am,GBP,Halifax HPI m/m,Medium,-0.1%,-0.3%,
2025-07-07,2:00am,CHF,Foreign Currency Reserves,Medium,,704B,
2025-07-07,3:00am,EUR,German Buba President Nagel Speaks,Medium,,,
2025-07-07,3:30am,EUR,Sentix Investor Confidence,Medium,1.1,0.2,
2025-07-07,4:00am,EUR,Retail Sales m/m,Medium,-0.8%,0.3%,
2025-07-07,6:50pm,JPY,Bank Lending y/y,Medium,2.3%,2.4%,
2025-07-07,7:02pm,JPY,Current Account,Medium,2.57T,2.31T,
2025-07-08,1:00am,EUR,German Trade Balance,Medium,15.7B,15.8B,
2025-07-08,1:45am,EUR,French Trade Balance,Medium,-7.7B,-7.7B,
2025-07-08,5:00am,USD,NFIB Small Business Index,Medium,98.7,98.8,
2025-07-08,9:00am,EUR,German Buba President Nagel Speaks,Medium,,,
2025-07-08,2:00pm,USD,Consumer Credit m/m,Medium,10.4B,16.9B,
2025-07-08,3:30pm,USD,API Weekly Statistical Bulletin,Medium,,,
2025-07-08,6:50pm,JPY,M2 Money Stock y/y,Medium,0.2%,0.6%,
2025-07-09,12:57am,JPY,Prelim Machine Tool Orders y/y,Medium,,3.4%,
2025-07-09,4:04am,GBP,10-y Bond Auction,Medium,,4.59|2.9,
2025-07-09,4:30am,GBP,BOE Financial Stability Report,Medium,,,
2025-07-09,4:30am,GBP,FPC Meeting Minutes,Medium,,,
2025-07-09,4:30am,GBP,FPC Statement,Medium,,,
2025-07-09,5:00am,GBP,BOE Gov Bailey Speaks,High,,,
2025-07-09,7:15am,EUR,German Buba President Nagel Speaks,Medium,,,
2025-07-09,9:00am,USD,Final Wholesale Inventories m/m,Medium,-0.2%,-0.3%,
2025-07-09,9:30am,USD,Crude Oil Inventories,Medium,-1.7M,3.8M,
2025-07-09,12:01pm,USD,10-y Bond Auction,Medium,,4.42|2.5,
2025-07-09,1:00pm,USD,FOMC Meeting Minutes,High,,,
2025-07-09,6:01pm,GBP,RICS House Price Balance,Medium,-9%,-7%,
2025-07-09,6:50pm,JPY,PPI y/y,Medium,2.9%,3.3%,
2025-07-10,3:00am,EUR,Italian Industrial Production m/m,Medium,-0.2%,0.9%,
2025-07-10,7:30am,USD,Unemployment Claims,High,236K,232K,
2025-07-10,9:00am,USD,FOMC Member Musalem Speaks,Medium,,,
2025-07-10,9:30am,USD,Natural Gas Storage,Medium,56B,55B,
2025-07-10,10:00am,GBP,MPC Member Breeden Speaks,Medium,,,
2025-07-10,12:01pm,USD,30-y Bond Auction,Medium,,4.84|2.4,
2025-07-10,12:15pm,USD,FOMC Member Waller Speaks,Low,,,
2025-07-10,1:30pm,USD,FOMC Member Daly Speaks,Medium,,,
2025-07-11,FriJul 11,GBP,GDP m/m,High,0.1%,-0.3%,
2025-07-11,FriJul 11,GBP,Construction Output m/m,Medium,0.2%,0.8%,
2025-07-11,FriJul 11,GBP,Goods Trade Balance,Medium,-21.1B,-22.4B,
2025-07-11,FriJul 11,GBP,Index of Services 3m/3m,Medium,0.4%,0.6%,
2025-07-11,FriJul 11,GBP,Industrial Production m/m,Medium,-0.1%,-0.6%,
2025-07-11,FriJul 11,GBP,Manufacturing Production m/m,Medium,-0.1%,-0.7%,
2025-07-11,1:45am,EUR,French Final CPI m/m,Medium,0.3%,0.3%,
2025-07-11,1:59am,CHF,SECO Consumer Climate,Medium,-35,-37,
2025-07-11,12:59pm,USD,Federal Budget Balance,Medium,-41.5B,-316.0B,
2025-07-13,6:50pm,JPY,Core Machinery Orders m/m,Medium,-1.4%,-9.1%,
2025-07-13,11:30pm,JPY,Revised Industrial Production m/m,Medium,0.5%,0.5%,
2025-07-13,11:30pm,JPY,Tertiary Industry Activity m/m,Medium,0.1%,0.5%,
2025-07-14,1:30am,CHF,PPI m/m,Medium,0.2%,-0.5%,
2025-07-14,All Day,EUR,Eurogroup Meetings,Medium,,,
2025-07-14,6:01pm,GBP,BRC Retail Sales Monitor y/y,Medium,1.2%,0.6%,
2025-07-15,TueJul 15,EUR,Industrial Production m/m,Medium,1.1%,-2.2%,
2025-07-15,TueJul 15,EUR,ZEW Economic Sentiment,Medium,37.8,35.3,
2025-07-15,All Day,EUR,ECOFIN Meetings,Medium,,,
2025-07-15,7:30am,USD,Core CPI m/m,High,0.3%,0.1%,
2025-07-15,7:30am,USD,CPI m/m,High,0.3%,0.1%,
2025-07-15,7:30am,USD,CPI y/y,High,2.6%,2.4%,
2025-07-15,7:30am,USD,Empire State Manufacturing Index,Low,-8.3,-16.0,
2025-07-15,8:15am,USD,FOMC Member Bowman Speaks,Medium,,,
2025-07-15,11:45am,USD,FOMC Member Barr Speaks,Medium,,,
2025-07-15,12:00pm,USD,FOMC Member Barkin Speaks,Medium,,,
2025-07-15,1:45pm,USD,FOMC Member Collins Speaks,Medium,,,
2025-07-15,3:00pm,GBP,BOE Gov Bailey Speaks,High,,,
2025-07-15,3:30pm,USD,API Weekly Statistical Bulletin,Medium,,,
2025-07-15,6:45pm,USD,FOMC Member Logan Speaks,Medium,,,
2025-07-16,WedJul 16,GBP,Core CPI y/y,Medium,3.5%,3.5%,
2025-07-16,WedJul 16,GBP,RPI y/y,Medium,4.3%,4.3%,
2025-07-16,3:30am,GBP,HPI y/y,Medium,3.2%,3.6%,
2025-07-16,4:00am,EUR,Italian Trade Balance,Medium,2.87B,2.45B,
2025-07-16,4:00am,EUR,Trade Balance,Medium,13.9B,15.1B,
2025-07-16,4:33am,EUR,German 30-y Bond Auction,Medium,,2.99|2.2,
2025-07-16,5:00am,EUR,German Buba Monthly Report,Medium,,,
2025-07-16,7:00am,USD,FOMC Member Barkin Speaks,Medium,,,
2025-07-16,7:30am,USD,Core PPI m/m,High,0.2%,0.4%,
2025-07-16,7:30am,USD,PPI m/m,High,0.2%,0.3%,
2025-07-16,8:15am,USD,Capacity Utilization Rate,Medium,77.4%,77.5%,
2025-07-16,8:15am,USD,FOMC Member Hammack Speaks,Medium,,,
2025-07-16,8:15am,USD,Industrial Production m/m,Medium,0.1%,0.0%,
2025-07-16,8:30am,GBP,CB Leading Index m/m,Medium,,-0.4%,
2025-07-16,9:00am,USD,FOMC Member Barr Speaks,Medium,,,
2025-07-16,9:30am,USD,Crude Oil Inventories,Medium,-1.8M,7.1M,
2025-07-16,1:00pm,USD,Beige Book,Medium,,,
2025-07-16,2:30pm,USD,FOMC Member Bostic Speaks,Medium,,,
2025-07-16,5:30pm,USD,FOMC Member Williams Speaks,Medium,,,
2025-07-16,6:50pm,JPY,Trade Balance,Medium,-0.26T,-0.29T,
2025-07-17,ThuJul 17,GBP,Average Earnings Index 3m/y,Low,5.0%,5.4%,
2025-07-17,ThuJul 17,GBP,Claimant Count Change,Low,17.9K,15.3K,
2025-07-17,ThuJul 17,GBP,Unemployment Rate,Medium,4.6%,4.6%,
2025-07-17,3:42am,EUR,Spanish 10-y Bond Auction,Medium,,3.16|1.9,
2025-07-17,4:00am,EUR,Final Core CPI y/y,Medium,2.3%,2.3%,
2025-07-17,4:00am,EUR,Final CPI y/y,Medium,2.0%,2.0%,
2025-07-17,7:30am,USD,Core Retail Sales m/m,High,0.3%,-0.2%,
2025-07-17,7:30am,USD,Retail Sales m/m,High,0.1%,-0.9%,
2025-07-17,7:30am,USD,Unemployment Claims,High,233K,228K,
2025-07-17,7:30am,USD,Philly Fed Manufacturing Index,Low,-1.2,-4.0,
2025-07-17,7:30am,USD,Import Prices m/m,Medium,0.3%,-0.4%,
2025-07-17,8:15am,USD,FOMC Member Kugler Speaks,Medium,,,
2025-07-17,9:00am,USD,Business Inventories m/m,Medium,0.0%,0.0%,
2025-07-17,9:00am,USD,NAHB Housing Market Index,Medium,33,32,
2025-07-17,9:30am,USD,Natural Gas Storage,Medium,44B,53B,
2025-07-17,11:45am,USD,FOMC Member Daly Speaks,Medium,,,
2025-07-17,12:30pm,USD,FOMC Member Cook Speaks,Medium,,,
2025-07-17,3:00pm,USD,TIC Long-Term Purchases,Medium,48.3B,-8.2B,
2025-07-17,5:30pm,USD,FOMC Member Waller Speaks,Low,,,
2025-07-17,6:30pm,JPY,National Core CPI y/y,Medium,3.4%,3.7%,
2025-07-18,3:00am,EUR,Current Account,Medium,34.8B,18.6B,
2025-07-18,3:15am,EUR,German Buba President Nagel Speaks,Medium,,,
2025-07-18,7:30am,USD,Building Permits,Medium,1.39M,1.39M,
2025-07-18,7:30am,USD,Housing Starts,Medium,1.29M,1.26M,
2025-07-18,9:00am,USD,Prelim UoM Consumer Sentiment,Low,61.4,60.7,
2025-07-18,9:00am,USD,Prelim UoM Inflation Expectations,Low,,5.0%,
2025-07-20,All Day,JPY,Bank Holiday,Low,,,
2025-07-20,6:01pm,GBP,Rightmove HPI m/m,Medium,,-0.3%,
2025-07-21,9:00am,USD,CB Leading Index m/m,Medium,-0.2%,0.0%,
2025-07-22,4:15am,GBP,BOE Gov Bailey Speaks,High,,,
2025-07-22,7:30am,USD,Fed Chairman Powell Speaks,Low,,,
2025-07-22,8:59am,USD,Richmond Manufacturing Index,Low,-2,-7,
2025-07-22,3:30pm,USD,API Weekly Statistical Bulletin,Medium,,,
2025-07-23,4:31am,EUR,German 10-y Bond Auction,Medium,,2.63|1.6,
2025-07-23,9:00am,EUR,Consumer Confidence,Medium,-15,-15,
2025-07-23,9:00am,USD,Existing Home Sales,Low,4.00M,4.04M,
2025-07-23,9:30am,USD,Crude Oil Inventories,Medium,-1.4M,-3.9M,
2025-07-23,4:00pm,USD,President Trump Speaks,Low,,,
2025-07-23,7:30pm,JPY,Flash Manufacturing PMI,Medium,50.2,50.1,
2025-07-24,2:00am,EUR,Spanish Unemployment Rate,Medium,10.6%,11.4%,
2025-07-24,2:15am,EUR,French Flash Manufacturing PMI,High,48.5,48.1,
2025-07-24,2:15am,EUR,French Flash Services PMI,High,49.7,49.6,
2025-07-24,2:30am,EUR,German Flash Manufacturing PMI,High,49.4,49.0,
2025-07-24,2:30am,EUR,German Flash Services PMI,High,50.0,49.7,
2025-07-24,3:00am,EUR,Flash Manufacturing PMI,Low,49.7,49.5,
2025-07-24,3:00am,EUR,Flash Services PMI,Low,50.6,50.5,
2025-07-24,3:30am,GBP,Flash Manufacturing PMI,High,47.9,47.7,
2025-07-24,3:30am,GBP,Flash Services PMI,High,52.8,52.8,
2025-07-24,5:00am,GBP,CBI Industrial Order Expectations,Medium,-27,-33,
2025-07-24,7:15am,EUR,Main Refinancing Rate,High,2.15%,2.15%,
2025-07-24,7:15am,EUR,Monetary Policy Statement,High,,,
2025-07-24,7:30am,USD,Unemployment Claims,High,227K,221K,
2025-07-24,7:45am,EUR,ECB Press Conference,High,,,
2025-07-24,8:45am,USD,Flash Manufacturing PMI,High,52.7,52.9,
2025-07-24,8:45am,USD,Flash Services PMI,High,53.0,52.9,
2025-07-24,9:00am,USD,New Home Sales,Low,649K,623K,
2025-07-24,9:30am,USD,Natural Gas Storage,Medium,28B,46B,
2025-07-24,6:01pm,GBP,GfK Consumer Confidence,Medium,-19,-18,
2025-07-24,6:30pm,JPY,Tokyo Core CPI y/y,Low,3.0%,3.1%,
2025-07-24,6:50pm,JPY,SPPI y/y,Medium,3.2%,3.4%,
2025-07-25,3:00am,EUR,German ifo Business Climate,Low,89.1,88.4,
2025-07-25,3:00am,EUR,M3 Money Supply y/y,Medium,3.7%,3.9%,
2025-07-25,3:00am,EUR,Private Loans y/y,Medium,1.9%,2.0%,
2025-07-25,7:30am,USD,Core Durable Goods Orders m/m,Low,0.1%,0.6%,
2025-07-25,7:30am,USD,Durable Goods Orders m/m,Low,-10.4%,16.5%,
2025-07-25,7:31am,EUR,Belgian NBB Business Climate,Medium,-9.8,-10.1,
2025-07-28,5:00am,GBP,CBI Realized Sales,Medium,-28,-46,
2025-07-28,6:01pm,GBP,BRC Shop Price Index y/y,Medium,0.2%,0.4%,
2025-07-29,3:30am,GBP,M4 Money Supply m/m,Medium,0.3%,0.2%,
2025-07-29,3:30am,GBP,Mortgage Approvals,Medium,63K,63K,
2025-07-29,3:30am,GBP,Net Lending to Individuals m/m,Medium,3.7B,3.1B,
2025-07-29,7:30am,USD,Goods Trade Balance,Medium,-98.3B,-96.4B,
2025-07-29,7:30am,USD,Prelim Wholesale Inventories m/m,Medium,-0.1%,-0.3%,
2025-07-29,8:00am,USD,HPI m/m,Medium,-0.1%,-0.3%,
2025-07-29,8:00am,USD,S&P/CS Composite-20 HPI y/y,Medium,2.9%,3.4%,
2025-07-29,9:00am,USD,JOLTS Job Openings,High,7.51M,7.71M,
2025-07-29,9:00am,USD,CB Consumer Confidence,Low,95.9,95.2,
2025-07-29,3:30pm,USD,API Weekly Statistical Bulletin,Medium,,,
2025-07-30,WedJul 30,EUR,French Flash GDP q/q,Medium,0.1%,0.1%,
2025-07-30,1:00am,EUR,German Retail Sales m/m,Medium,0.5%,-0.6%,
2025-07-30,2:00am,CHF,KOF Economic Barometer,Medium,97.9,96.3,
2025-07-30,2:00am,EUR,Spanish Flash CPI y/y,Low,2.3%,2.3%,
2025-07-30,3:00am,CHF,UBS Economic Expectations,Medium,,-2.1,
2025-07-30,3:00am,EUR,German Prelim GDP q/q,High,-0.1%,0.4%,
2025-07-30,3:00am,EUR,Italian Prelim GDP q/q,Medium,0.1%,0.3%,
2025-07-30,4:00am,EUR,Prelim Flash GDP q/q,Medium,0.0%,0.6%,
2025-07-30,4:07am,EUR,Italian 10-y Bond Auction,Medium,,3.48|1.5,
2025-07-30,7:15am,USD,ADP Non-Farm Employment Change,High,77K,-23K,
2025-07-30,7:30am,USD,Advance GDP q/q,High,2.5%,-0.5%,
2025-07-30,7:30am,USD,Advance GDP Price Index q/q,Low,2.2%,3.8%,
2025-07-30,9:00am,USD,Pending Home Sales m/m,Low,0.2%,1.8%,
2025-07-30,9:30am,USD,Crude Oil Inventories,Medium,-2.3M,-3.2M,
2025-07-30,1:00pm,USD,Federal Funds Rate,High,4.50%,4.50%,
2025-07-30,1:00pm,USD,FOMC Statement,High,,,
2025-07-30,1:30pm,USD,FOMC Press Conference,High,,,
2025-07-30,3:00pm,USD,President Trump Speaks,Low,,,
2025-07-30,6:50pm,JPY,Prelim Industrial Production m/m,Medium,-0.7%,-0.1%,
2025-07-30,6:50pm,JPY,Retail Sales y/y,Medium,1.8%,1.9%,
2025-07-30,9:57pm,JPY,BOJ Outlook Report,High,,,
2025-07-30,9:57pm,JPY,BOJ Policy Rate,High,<0.50%,<0.50%,
2025-07-30,9:57pm,JPY,Monetary Policy Statement,High,,,
2025-07-31,ThuJul 31,JPY,Housing Starts y/y,Medium,-16.3%,-34.4%,
2025-07-31,1:00am,EUR,German Import Prices m/m,Medium,-0.2%,-0.7%,
2025-07-31,All Day,EUR,German Prelim CPI m/m,Low,0.2%,0.0%,
2025-07-31,1:30am,CHF,Retail Sales y/y,Medium,0.2%,0.3%,
2025-07-31,1:30am,JPY,BOJ Press Conference,High,,,
2025-07-31,1:45am,EUR,French Prelim CPI m/m,Medium,0.3%,0.4%,
2025-07-31,2:55am,EUR,German Unemployment Change,Medium,15K,10K,
2025-07-31,2:59am,EUR,Italian Monthly Unemployment Rate,Medium,6.4%,6.5%,
2025-07-31,4:00am,EUR,Italian Prelim CPI m/m,Medium,0.1%,0.2%,
2025-07-31,4:00am,EUR,Unemployment Rate,Medium,6.3%,6.2%,
2025-07-31,6:30am,USD,Challenger Job Cuts y/y,Medium,,-1.6%,
2025-07-31,7:30am,USD,Core PCE Price Index m/m,High,0.3%,0.2%,
2025-07-31,7:30am,USD,Employment Cost Index q/q,High,0.8%,0.9%,
2025-07-31,7:30am,USD,Unemployment Claims,High,222K,217K,
2025-07-31,7:30am,USD,Personal Income m/m,Medium,0.2%,-0.4%,
2025-07-31,7:30am,USD,Personal Spending m/m,Medium,0.4%,0.0%,
2025-07-31,8:45am,USD,Chicago PMI,Medium,41.9,40.4,
2025-07-31,9:30am,USD,Natural Gas Storage,Medium,37B,23B,
2025-07-31,6:30pm,JPY,Unemployment Rate,Medium,2.5%,2.5%,
2025-07-31,7:30pm,JPY,Final Manufacturing PMI,Medium,48.8,48.8,
2025-08-01,1:00am,GBP,Nationwide HPI m/m,Medium,0.5%,-0.9%,
2025-08-01,2:15am,EUR,Spanish Manufacturing PMI,Medium,51.7,51.4,
2025-08-01,2:45am,EUR,Italian Manufacturing PMI,Medium,48.7,48.4,
2025-08-01,2:50am,EUR,French Final Manufacturing PMI,Medium,48.4,48.4,
2025-08-01,2:55am,EUR,German Final Manufacturing PMI,Medium,49.2,49.2,
2025-08-01,3:00am,EUR,Final Manufacturing PMI,Medium,49.8,49.8,
2025-08-01,3:00am,EUR,Italian Retail Sales m/m,Medium,0.3%,-0.4%,
2025-08-01,3:30am,GBP,Final Manufacturing PMI,Medium,48.2,48.2,
2025-08-01,4:00am,EUR,Core CPI Flash Estimate y/y,Low,2.3%,2.3%,
2025-08-01,4:00am,EUR,CPI Flash Estimate y/y,Low,1.9%,2.0%,
2025-08-01,7:30am,USD,Average Hourly Earnings m/m,High,0.3%,0.2%,
2025-08-01,7:30am,USD,Non-Farm Employment Change,High,106K,14K,
2025-08-01,7:30am,USD,Unemployment Rate,High,4.2%,4.1%,
2025-08-01,8:45am,USD,Final Manufacturing PMI,Medium,49.7,49.5,
2025-08-01,9:00am,USD,ISM Manufacturing PMI,High,49.5,49.0,
2025-08-01,9:00am,USD,ISM Manufacturing Prices,Low,69.9,69.7,
2025-08-01,9:00am,USD,Revised UoM Consumer Sentiment,Low,62.0,61.8,
2025-08-01,9:00am,USD,Construction Spending m/m,Medium,0.0%,-0.4%,
2025-08-01,9:00am,USD,Revised UoM Inflation Expectations,Medium,,4.4%,
2025-08-01,All Day,USD,Wards Total Vehicle Sales,Medium,16.0M,15.3M,
2025-08-03,6:50pm,JPY,Monetary Base y/y,Medium,-2.8%,-3.5%,
2025-08-04,2:00am,EUR,Spanish Unemployment Change,Medium,-21.3K,-48.9K,
2025-08-04,2:30am,CHF,Manufacturing PMI,Medium,49.8,49.6,
2025-08-04,3:30am,EUR,Sentix Investor Confidence,Medium,6.2,4.5,
2025-08-04,9:00am,USD,Factory Orders m/m,Medium,-4.9%,8.3%,
2025-08-04,1:00pm,USD,Loan Officer Survey,Medium,,,
2025-08-04,6:50pm,JPY,Monetary Policy Meeting Minutes,Medium,,,
2025-08-04,10:35pm,JPY,10-y Bond Auction,Medium,,1.44|3.5,
2025-08-05,TueAug 5,EUR,French Industrial Production m/m,Medium,0.8%,-0.7%,
2025-08-05,2:15am,EUR,Spanish Services PMI,Medium,52.6,51.9,
2025-08-05,2:45am,EUR,Italian Services PMI,Medium,52.5,52.1,
2025-08-05,2:50am,EUR,French Final Services PMI,Medium,49.7,49.7,
2025-08-05,2:55am,EUR,German Final Services PMI,Medium,50.1,50.1,
2025-08-05,3:00am,EUR,Final Services PMI,Medium,51.2,51.2,
2025-08-05,3:30am,GBP,Final Services PMI,Medium,51.2,51.2,
2025-08-05,4:00am,EUR,PPI m/m,Medium,0.9%,-0.6%,
2025-08-05,4:02am,GBP,10-y Bond Auction,Medium,,4.64|2.9,
2025-08-05,7:00am,USD,President Trump Speaks,Low,,,
2025-08-05,7:30am,USD,Trade Balance,Medium,-62.6B,-71.7B,
2025-08-05,8:45am,USD,Final Services PMI,Medium,55.2,55.2,
2025-08-05,9:00am,USD,ISM Services PMI,High,51.5,50.8,
2025-08-05,9:01am,USD,RCM/TIPP Economic Optimism,Medium,49.2,48.6,
2025-08-05,3:30pm,USD,API Weekly Statistical Bulletin,Medium,,,
2025-08-05,6:30pm,JPY,Average Cash Earnings y/y,Medium,3.1%,1.4%,
2025-08-06,1:45am,EUR,French Prelim Private Payrolls q/q,Medium,0.1%,-0.1%,
2025-08-06,3:00am,EUR,Italian Industrial Production m/m,Medium,-0.1%,-0.8%,
2025-08-06,3:30am,GBP,Construction PMI,Medium,48.9,48.8,
2025-08-06,4:00am,EUR,Retail Sales m/m,Medium,0.4%,-0.3%,
2025-08-06,9:30am,USD,Crude Oil Inventories,Medium,0.2M,7.7M,
2025-08-06,12:01pm,USD,10-y Bond Auction,Medium,,4.36|2.6,
2025-08-06,1:00pm,USD,FOMC Member Collins Speaks,Medium,,,
2025-08-06,1:00pm,USD,FOMC Member Cook Speaks,Medium,,,
2025-08-06,3:10pm,USD,FOMC Member Daly Speaks,Medium,,,
2025-08-06,10:35pm,JPY,30-y Bond Auction,Medium,,2.81|3.6,
2025-08-07,1:00am,EUR,German Industrial Production m/m,Medium,-0.4%,-0.1%,
2025-08-07,1:00am,EUR,German Trade Balance,Medium,17.8B,18.5B,
2025-08-07,1:00am,GBP,Halifax HPI m/m,Medium,0.1%,0.1%,
2025-08-07,1:45am,EUR,French Trade Balance,Medium,-7.5B,-7.6B,
2025-08-07,2:00am,CHF,Foreign Currency Reserves,Medium,,713B,
2025-08-07,2:00am,CHF,Unemployment Rate,Medium,2.9%,2.9%,
2025-08-07,3:00am,EUR,ECB Economic Bulletin,Medium,,,
2025-08-07,3:45am,EUR,Spanish 10-y Bond Auction,Medium,,3.30|2.0,
2025-08-07,3:58am,EUR,French 10-y Bond Auction,Medium,,3.27|2.3,
2025-08-07,6:00am,GBP,BOE Monetary Policy Report,High,,,
2025-08-07,6:00am,GBP,Monetary Policy Summary,High,,,
2025-08-07,6:00am,GBP,MPC Official Bank Rate Votes,High,0-8-1,0-3-6,
2025-08-07,6:00am,GBP,Official Bank Rate,High,4.00%,4.25%,
2025-08-07,6:30am,GBP,BOE Gov Bailey Speaks,High,,,
2025-08-07,7:30am,USD,Unemployment Claims,High,221K,219K,
2025-08-07,7:30am,USD,Prelim Nonfarm Productivity q/q,Medium,1.9%,-1.5%,
2025-08-07,7:30am,USD,Prelim Unit Labor Costs q/q,Medium,1.6%,6.6%,
2025-08-07,9:00am,USD,Final Wholesale Inventories m/m,Medium,0.2%,0.2%,
2025-08-07,9:00am,USD,FOMC Member Bostic Speaks,Medium,,,
2025-08-07,9:30am,USD,Natural Gas Storage,Medium,10B,48B,
2025-08-07,12:01pm,USD,30-y Bond Auction,Medium,,4.89|2.4,
2025-08-07,2:00pm,USD,Consumer Credit m/m,Medium,7.4B,5.1B,
2025-08-07,3:00pm,USD,President Trump Speaks,Low,,,
2025-08-07,6:30pm,JPY,Household Spending y/y,Medium,2.8%,4.7%,
2025-08-07,6:50pm,JPY,Bank Lending y/y,Medium,2.7%,2.7%,
2025-08-07,6:50pm,JPY,BOJ Summary of Opinions,Medium,,,
2025-08-07,6:50pm,JPY,Current Account,Medium,2.76T,2.82T,
2025-08-08,2:00am,CHF,SECO Consumer Climate,Medium,-30,-32,
2025-08-08,6:15am,GBP,MPC Member Pill Speaks,Medium,,,
2025-08-08,9:20am,USD,FOMC Member Musalem Speaks,Medium,,,
2025-08-11,8:35am,USD,Cleveland Fed Inflation Expectations,Medium,,3.9%,
2025-08-11,9:00am,USD,President Trump Speaks,Low,,,
2025-08-11,6:01pm,GBP,BRC Retail Sales Monitor y/y,Medium,2.1%,2.7%,
2025-08-11,6:50pm,JPY,M2 Money Stock y/y,Medium,0.8%,0.9%,
2025-08-12,1:00am,GBP,Average Earnings Index 3m/y,Low,4.7%,5.0%,
2025-08-12,1:00am,GBP,Claimant Count Change,Low,19.7K,-15.5K,
2025-08-12,1:00am,GBP,Unemployment Rate,Medium,4.7%,4.7%,
2025-08-12,4:00am,EUR,German ZEW Economic Sentiment,Low,39.5,52.7,
2025-08-12,4:00am,EUR,ZEW Economic Sentiment,Medium,28.1,36.1,
2025-08-12,5:00am,USD,NFIB Small Business Index,Medium,98.9,98.6,
2025-08-12,7:30am,USD,Core CPI m/m,High,0.3%,0.2%,
2025-08-12,7:30am,USD,CPI m/m,High,0.2%,0.3%,
2025-08-12,7:30am,USD,CPI y/y,High,2.8%,2.7%,
2025-08-12,9:00am,USD,FOMC Member Barkin Speaks,Medium,,,
2025-08-12,9:30am,USD,FOMC Member Schmid Speaks,Medium,,,
2025-08-12,1:00pm,USD,Federal Budget Balance,Medium,-206.7B,27.0B,
2025-08-12,3:30pm,USD,API Weekly Statistical Bulletin,Medium,,,
2025-08-12,6:50pm,JPY,PPI y/y,Medium,2.5%,2.9%,
2025-08-13,1:00am,EUR,German Final CPI m/m,Medium,0.3%,0.3%,
2025-08-13,1:00am,EUR,German WPI m/m,Medium,0.2%,0.2%,
2025-08-13,4:33am,EUR,German 10-y Bond Auction,Medium,,2.62|1.5,
2025-08-13,7:00am,USD,FOMC Member Barkin Speaks,Medium,,,
2025-08-13,9:30am,USD,Crude Oil Inventories,Medium,-0.9M,-3.0M,
2025-08-13,10:15am,USD,President Trump Speaks,Low,,,
2025-08-13,12:00pm,USD,FOMC Member Goolsbee Speaks,Medium,,,
2025-08-13,12:30pm,USD,FOMC Member Bostic Speaks,Medium,,,
2025-08-13,6:01pm,GBP,RICS House Price Balance,Medium,-4%,-7%,
2025-08-14,ThuAug 14,GBP,Prelim GDP q/q,Low,0.1%,0.7%,
2025-08-14,ThuAug 14,GBP,Construction Output m/m,Medium,0.3%,-0.5%,
2025-08-14,ThuAug 14,GBP,Goods Trade Balance,Medium,-21.7B,-22.1B,
2025-08-14,ThuAug 14,GBP,Index of Services 3m/3m,Medium,0.2%,0.5%,
2025-08-14,ThuAug 14,GBP,Industrial Production m/m,Medium,0.3%,-1.3%,
2025-08-14,ThuAug 14,GBP,Manufacturing Production m/m,Medium,0.4%,-1.0%,
2025-08-14,ThuAug 14,GBP,Prelim Business Investment q/q,Medium,0.1%,3.9%,
2025-08-14,1:30am,CHF,PPI m/m,Medium,0.0%,-0.1%,
2025-08-14,1:45am,EUR,French Final CPI m/m,Medium,0.2%,0.2%,
2025-08-14,4:00am,EUR,Flash Employment Change q/q,Medium,0.2%,0.2%,
2025-08-14,4:00am,EUR,Flash GDP q/q,Medium,0.1%,0.1%,
2025-08-14,4:00am,EUR,Industrial Production m/m,Medium,-0.9%,1.1%,
2025-08-14,All Day,EUR,Eurogroup Meetings,Medium,,,
2025-08-14,7:30am,USD,Core PPI m/m,High,0.2%,0.0%,
2025-08-14,7:30am,USD,PPI m/m,High,0.2%,0.0%,
2025-08-14,7:30am,USD,Unemployment Claims,High,225K,227K,
2025-08-14,8:30am,GBP,CB Leading Index m/m,Medium,,-0.1%,
2025-08-14,9:10am,USD,FOMC Member Musalem Speaks,Medium,,,
2025-08-14,9:30am,USD,Natural Gas Storage,Medium,53B,7B,
2025-08-14,10:50am,USD,Mortgage Delinquencies,Medium,,4.04%,
2025-08-14,12:00pm,USD,President Trump Speaks,Low,,,
2025-08-14,1:00pm,USD,FOMC Member Barkin Speaks,Medium,,,
2025-08-14,6:50pm,JPY,Prelim GDP Price Index y/y,Medium,3.1%,3.3%,
2025-08-14,6:50pm,JPY,Prelim GDP q/q,Medium,0.1%,0.0%,
2025-08-14,11:30pm,JPY,Revised Industrial Production m/m,Medium,1.7%,1.7%,
2025-08-15,All Day,EUR,Italian Bank Holiday,Low,,,
2025-08-15,All Day,EUR,ECOFIN Meetings,Medium,,,
2025-08-15,7:30am,USD,Core Retail Sales m/m,High,0.3%,0.8%,
2025-08-15,7:30am,USD,Retail Sales m/m,High,0.6%,0.9%,
2025-08-15,7:30am,USD,Empire State Manufacturing Index,Low,-1.2,5.5,
2025-08-15,7:30am,USD,Import Prices m/m,Medium,0.1%,-0.1%,
2025-08-15,8:15am,USD,Capacity Utilization Rate,Medium,77.6%,77.7%,
2025-08-15,8:15am,USD,Industrial Production m/m,Medium,0.0%,0.4%,
2025-08-15,9:00am,USD,Prelim UoM Consumer Sentiment,High,61.9,61.7,
2025-08-15,9:00am,USD,Prelim UoM Inflation Expectations,High,,4.5%,
2025-08-15,9:00am,USD,Business Inventories m/m,Medium,0.2%,0.0%,
2025-08-15,3:00pm,USD,TIC Long-Term Purchases,Medium,57.2B,266.8B,
2025-08-15,5:55pm,USD,President Trump Speaks,High,,,
2025-08-17,6:01pm,GBP,Rightmove HPI m/m,Medium,,-1.2%,
2025-08-17,11:30pm,JPY,Tertiary Industry Activity m/m,Medium,0.2%,0.3%,
2025-08-18,9:00am,USD,NAHB Housing Market Index,Medium,34,33,
2025-08-19,7:00am,USD,President Trump Speaks,Low,,,
2025-08-19,7:30am,USD,Building Permits,Medium,1.39M,1.40M,
2025-08-19,7:30am,USD,Housing Starts,Medium,1.29M,1.36M,
2025-08-19,9:00am,USD,FOMC Member Bowman Speaks,Medium,,,
2025-08-19,1:10pm,USD,FOMC Member Bowman Speaks,Medium,,,
2025-08-19,3:30pm,USD,API Weekly Statistical Bulletin,Medium,,,
2025-08-19,6:50pm,JPY,Core Machinery Orders m/m,Medium,-0.4%,-0.6%,
2025-08-19,6:50pm,JPY,Trade Balance,Medium,-0.07T,-0.25T,
2025-08-20,WedAug 20,GBP,CPI y/y,High,3.7%,3.6%,
2025-08-20,WedAug 20,GBP,Core CPI y/y,Medium,3.7%,3.7%,
2025-08-20,WedAug 20,GBP,RPI y/y,Medium,4.5%,4.4%,
2025-08-20,2:10am,EUR,ECB President Lagarde Speaks,Low,,,
2025-08-20,3:30am,GBP,HPI y/y,Medium,4.0%,2.7%,
2025-08-20,4:00am,EUR,Final Core CPI y/y,Medium,2.3%,2.3%,
2025-08-20,4:00am,EUR,Final CPI y/y,Medium,2.0%,2.0%,
2025-08-20,4:39am,EUR,German 30-y Bond Auction,Medium,,3.22|1.4,
2025-08-20,9:30am,USD,Crude Oil Inventories,Medium,-0.8M,3.0M,
2025-08-20,10:00am,USD,FOMC Member Waller Speaks,Low,,,
2025-08-20,1:00pm,USD,FOMC Meeting Minutes,High,,,
2025-08-20,2:00pm,USD,FOMC Member Bostic Speaks,Medium,,,
2025-08-20,7:30pm,JPY,Flash Manufacturing PMI,Medium,49.2,48.9,
2025-08-21,ThuAug 21,GBP,Public Sector Net Borrowing,Medium,2.1B,22.6B,
2025-08-21,2:15am,EUR,French Flash Manufacturing PMI,Low,48.2,48.2,
2025-08-21,2:15am,EUR,French Flash Services PMI,Low,48.5,48.5,
2025-08-21,2:30am,EUR,German Flash Manufacturing PMI,High,48.8,49.1,
2025-08-21,2:30am,EUR,German Flash Services PMI,High,50.4,50.6,
2025-08-21,3:00am,EUR,Flash Manufacturing PMI,Low,49.5,49.8,
2025-08-21,3:00am,EUR,Flash Services PMI,Low,50.8,51.0,
2025-08-21,3:30am,GBP,Flash Manufacturing PMI,High,48.2,48.0,
2025-08-21,3:30am,GBP,Flash Services PMI,High,51.8,51.8,
2025-08-21,5:00am,EUR,German Buba Monthly Report,Medium,,,
2025-08-21,5:00am,GBP,CBI Industrial Order Expectations,Medium,-28,-30,
2025-08-21,6:30am,USD,FOMC Member Bostic Speaks,Medium,,,
2025-08-21,7:30am,USD,Unemployment Claims,High,226K,224K,
2025-08-21,7:30am,USD,Philly Fed Manufacturing Index,Low,6.8,15.9,
2025-08-21,8:45am,USD,Flash Manufacturing PMI,High,49.7,49.8,
2025-08-21,8:45am,USD,Flash Services PMI,High,54.2,55.7,
2025-08-21,9:00am,EUR,Consumer Confidence,Medium,-15,-15,
2025-08-21,9:00am,USD,Existing Home Sales,Low,3.92M,3.93M,
2025-08-21,9:00am,USD,CB Leading Index m/m,Medium,-0.1%,-0.3%,
2025-08-21,9:30am,USD,Natural Gas Storage,Medium,19B,56B,
2025-08-21,10:45am,CHF,Gov Board Member Martin Speaks,Medium,,,
2025-08-21,6:01pm,GBP,GfK Consumer Confidence,Medium,-19,-19,
2025-08-21,6:30pm,JPY,National Core CPI y/y,Medium,3.0%,3.3%,
2025-08-22,8:00am,USD,FOMC Member Collins Speaks,Medium,,,
2025-08-22,9:00am,USD,Fed Chairman Powell Speaks,High,,,
2025-08-22,10:30am,USD,FOMC Member Hammack Speaks,Medium,,,
2025-08-22,12:05pm,USD,President Trump Speaks,High,,,
2025-08-23,11:25am,EUR,ECB President Lagarde Speaks,High,,,
2025-08-23,11:25am,GBP,BOE Gov Bailey Speaks,High,,,
2025-08-23,11:25am,JPY,BOJ Gov Ueda Speaks,High,,,
2025-08-25,3:00am,EUR,German ifo Business Climate,Low,88.7,88.6,
2025-08-25,7:50am,EUR,Belgian NBB Business Climate,Medium,-9.8,-10.8,
2025-08-25,9:00am,USD,New Home Sales,Low,635K,656K,
2025-08-25,1:30pm,USD,FOMC Member Logan Speaks,Medium,,,
2025-08-25,6:01pm,GBP,BRC Shop Price Index y/y,Medium,0.9%,0.7%,
2025-08-25,6:15pm,USD,FOMC Member Williams Speaks,Medium,,,
2025-08-25,6:50pm,JPY,SPPI y/y,Medium,3.2%,3.2%,
2025-08-26,7:30am,USD,Core Durable Goods Orders m/m,Low,0.2%,0.3%,
2025-08-26,7:30am,USD,Durable Goods Orders m/m,Low,-3.8%,-9.4%,
2025-08-26,7:30am,USD,FOMC Member Barkin Speaks,Medium,,,
2025-08-26,8:00am,USD,HPI m/m,Medium,-0.1%,-0.1%,
2025-08-26,8:00am,USD,S&P/CS Composite-20 HPI y/y,Medium,2.1%,2.8%,
2025-08-26,8:59am,USD,Richmond Manufacturing Index,Low,-11,-20,
2025-08-26,9:00am,GBP,MPC Member Mann Speaks,Medium,,,
2025-08-26,9:00am,USD,CB Consumer Confidence,Low,96.4,98.7,
2025-08-26,3:30pm,USD,API Weekly Statistical Bulletin,Medium,,,
2025-08-27,3:00am,CHF,UBS Economic Expectations,Medium,,2.4,
2025-08-27,5:00am,GBP,CBI Realized Sales,Medium,-26,-34,
2025-08-27,9:30am,USD,Crude Oil Inventories,Medium,-1.7M,-6.0M,
2025-08-27,10:55am,USD,FOMC Member Barkin Speaks,Medium,,,
2025-08-28,ThuAug 28,CHF,KOF Economic Barometer,Medium,97.9,101.3,
2025-08-28,3:00am,EUR,M3 Money Supply y/y,Medium,3.5%,3.3%,
2025-08-28,3:00am,EUR,Private Loans y/y,Medium,2.4%,2.2%,
2025-08-28,4:09am,EUR,Italian 10-y Bond Auction,Medium,,3.52|1.6,
2025-08-28,6:30am,EUR,ECB Monetary Policy Meeting Accounts,Medium,,,
2025-08-28,7:30am,USD,Prelim GDP q/q,High,3.1%,3.0%,
2025-08-28,7:30am,USD,Unemployment Claims,High,231K,234K,
2025-08-28,7:30am,USD,Prelim GDP Price Index q/q,Low,2.0%,2.0%,
2025-08-28,9:00am,USD,Pending Home Sales m/m,Low,-0.4%,-0.8%,
2025-08-28,9:30am,USD,Natural Gas Storage,Medium,27B,13B,
2025-08-28,5:30pm,USD,FOMC Member Waller Speaks,Low,,,
2025-08-28,6:30pm,JPY,Tokyo Core CPI y/y,Low,2.5%,2.9%,
2025-08-28,6:30pm,JPY,Unemployment Rate,Medium,2.5%,2.5%,
2025-08-28,6:50pm,JPY,Prelim Industrial Production m/m,Medium,-1.1%,2.1%,
2025-08-28,6:50pm,JPY,Retail Sales y/y,Medium,1.6%,1.9%,
2025-08-29,FriAug 29,JPY,Housing Starts y/y,Medium,-9.9%,-15.6%,
2025-08-29,1:00am,EUR,German Import Prices m/m,Medium,-0.3%,0.0%,
2025-08-29,1:00am,EUR,German Retail Sales m/m,Medium,0.0%,1.0%,
2025-08-29,All Day,EUR,German Prelim CPI m/m,Low,0.0%,0.3%,
2025-08-29,1:45am,EUR,French Consumer Spending m/m,Medium,-0.3%,0.4%,
2025-08-29,1:45am,EUR,French Final Private Payrolls q/q,Medium,0.0%,0.0%,
2025-08-29,1:45am,EUR,French Prelim CPI m/m,Medium,0.5%,0.2%,
2025-08-29,1:45am,EUR,French Prelim GDP q/q,Medium,0.3%,0.3%,
2025-08-29,2:00am,EUR,Spanish Flash CPI y/y,Low,2.8%,2.7%,
2025-08-29,2:55am,EUR,German Unemployment Change,Medium,10K,2K,
2025-08-29,4:00am,EUR,Italian Prelim CPI m/m,Medium,0.2%,0.4%,
2025-08-29,7:30am,USD,Core PCE Price Index m/m,High,0.3%,0.3%,
2025-08-29,7:30am,USD,Goods Trade Balance,Medium,-90.2B,-84.9B,
2025-08-29,7:30am,USD,Personal Income m/m,Medium,0.4%,0.3%,
2025-08-29,7:30am,USD,Personal Spending m/m,Medium,0.5%,0.4%,
2025-08-29,7:30am,USD,Prelim Wholesale Inventories m/m,Medium,0.1%,0.1%,
2025-08-29,8:45am,USD,Chicago PMI,Medium,46.6,47.1,
2025-08-29,9:00am,USD,Revised UoM Consumer Sentiment,Low,58.7,58.6,
2025-08-29,9:00am,USD,Revised UoM Inflation Expectations,Medium,,4.9%,
2025-08-31,6:50pm,JPY,Capital Spending q/y,Medium,6.3%,6.4%,
2025-08-31,7:30pm,JPY,Final Manufacturing PMI,Medium,49.9,49.9,
2025-09-01,1:30am,CHF,Retail Sales y/y,Medium,3.6%,3.9%,
2025-09-01,2:15am,EUR,Spanish Manufacturing PMI,Medium,52.1,51.9,
2025-09-01,2:30am,CHF,Manufacturing PMI,Medium,46.9,48.8,
2025-09-01,2:45am,EUR,Italian Manufacturing PMI,Medium,49.8,49.8,
2025-09-01,2:50am,EUR,French Final Manufacturing PMI,Medium,49.9,49.9,
2025-09-01,2:55am,EUR,German Final Manufacturing PMI,Medium,49.9,49.9,
2025-09-01,3:00am,EUR,Final Manufacturing PMI,Medium,50.5,50.5,
2025-09-01,3:00am,EUR,Italian Monthly Unemployment Rate,Medium,6.2%,6.2%,
2025-09-01,3:30am,GBP,Final Manufacturing PMI,Medium,47.3,47.3,
2025-09-01,3:30am,GBP,M4 Money Supply m/m,Medium,0.2%,0.3%,
2025-09-01,3:30am,GBP,Mortgage Approvals,Medium,64K,65K,
2025-09-01,3:30am,GBP,Net Lending to Individuals m/m,Medium,4.9B,6.9B,
2025-09-01,4:00am,EUR,Unemployment Rate,Medium,6.2%,6.3%,
2025-09-01,All Day,USD,Bank Holiday,Low,,,
2025-09-01,6:50pm,JPY,Monetary Base y/y,Medium,-3.5%,-3.9%,
2025-09-01,10:35pm,JPY,10-y Bond Auction,Medium,,1.46|3.1,
2025-09-02,2:00am,EUR,Spanish Unemployment Change,Medium,14.2K,-1.4K,
2025-09-02,4:00am,EUR,Core CPI Flash Estimate y/y,Low,2.2%,2.3%,
2025-09-02,4:00am,EUR,CPI Flash Estimate y/y,Low,2.1%,2.0%,
2025-09-02,8:45am,USD,Final Manufacturing PMI,Medium,53.3,53.3,
2025-09-02,9:00am,EUR,German Buba President Nagel Speaks,Medium,,,
2025-09-02,9:00am,USD,ISM Manufacturing PMI,High,49.0,48.0,
2025-09-02,9:00am,USD,ISM Manufacturing Prices,Low,65.1,64.8,
2025-09-02,9:00am,USD,Construction Spending m/m,Medium,-0.1%,-0.4%,
2025-09-02,9:05am,USD,RCM/TIPP Economic Optimism,Medium,51.8,50.9,
2025-09-02,1:00pm,USD,President Trump Speaks,Low,,,
2025-09-03,2:30am,EUR,ECB President Lagarde Speaks,Low,,,
2025-09-03,2:45am,EUR,Italian Services PMI,Medium,52.1,52.3,
2025-09-03,2:50am,EUR,French Final Services PMI,Medium,49.7,49.7,
2025-09-03,2:55am,EUR,German Final Services PMI,Medium,50.1,50.1,
2025-09-03,3:00am,EUR,Final Services PMI,Medium,50.7,50.7,
2025-09-03,3:15am,GBP,MPC Member Breeden Speaks,Medium,,,
2025-09-03,3:30am,GBP,Final Services PMI,Medium,53.6,53.6,
2025-09-03,4:00am,EUR,PPI m/m,Medium,0.2%,0.8%,
2025-09-03,4:32am,EUR,German 10-y Bond Auction,Medium,,2.69|1.4,
2025-09-03,8:00am,USD,FOMC Member Musalem Speaks,Medium,,,
2025-09-03,8:15am,GBP,Monetary Policy Report Hearings,High,,,
2025-09-03,9:00am,USD,JOLTS Job Openings,High,7.38M,7.36M,
2025-09-03,9:00am,USD,Factory Orders m/m,Medium,-1.3%,-4.8%,
2025-09-03,All Day,USD,Wards Total Vehicle Sales,Medium,16.1M,16.4M,
2025-09-03,12:30pm,USD,FOMC Member Kashkari Speaks,Medium,,,
2025-09-03,1:00pm,USD,Beige Book,Medium,,,
2025-09-03,3:30pm,USD,API Weekly Statistical Bulletin,Medium,,,
2025-09-03,10:35pm,JPY,30-y Bond Auction,Medium,,3.09|3.4,
2025-09-04,2:00am,CHF,Unemployment Rate,Medium,2.9%,2.9%,
2025-09-04,3:30am,GBP,Construction PMI,Medium,45.2,44.3,
2025-09-04,3:57am,EUR,French 10-y Bond Auction,Medium,,3.41|2.9,
2025-09-04,4:00am,EUR,Retail Sales m/m,Medium,-0.3%,0.6%,
2025-09-04,6:30am,USD,Challenger Job Cuts y/y,Medium,,139.8%,
2025-09-04,7:15am,USD,ADP Non-Farm Employment Change,High,73K,106K,
2025-09-04,7:30am,USD,Unemployment Claims,High,230K,229K,
2025-09-04,7:30am,USD,Revised Nonfarm Productivity q/q,Medium,2.8%,2.4%,
2025-09-04,7:30am,USD,Revised Unit Labor Costs q/q,Medium,1.2%,1.6%,
2025-09-04,7:30am,USD,Trade Balance,Medium,-77.7B,-59.1B,
2025-09-04,8:45am,USD,Final Services PMI,Medium,55.3,55.4,
2025-09-04,9:00am,USD,Fed Gov Nomination Hearings,High,,,
2025-09-04,9:00am,USD,ISM Services PMI,High,50.9,50.1,
2025-09-04,9:30am,USD,Natural Gas Storage,Medium,54B,18B,
2025-09-04,11:00am,USD,Crude Oil Inventories,Medium,-2.0M,-2.4M,
2025-09-04,11:05am,USD,FOMC Member Williams Speaks,Medium,,,
2025-09-04,6:00pm,USD,FOMC Member Goolsbee Speaks,Medium,,,
2025-09-04,6:30pm,JPY,Average Cash Earnings y/y,Medium,3.0%,3.1%,
2025-09-04,6:30pm,JPY,Household Spending y/y,Medium,2.2%,1.3%,
2025-09-05,1:00am,EUR,German Factory Orders m/m,Medium,0.5%,-0.2%,
2025-09-05,1:00am,GBP,Retail Sales m/m,Low,0.3%,0.3%,
2025-09-05,1:00am,GBP,Halifax HPI m/m,Medium,0.2%,0.4%,
2025-09-05,1:45am,EUR,French Trade Balance,Medium,-7.3B,-7.2B,
2025-09-05,1:59am,CHF,SECO Consumer Climate,Medium,-37,-33,
2025-09-05,2:00am,CHF,Foreign Currency Reserves,Medium,,716B,
2025-09-05,3:00am,EUR,Italian Retail Sales m/m,Medium,0.2%,0.7%,
2025-09-05,4:00am,EUR,Final Employment Change q/q,Medium,0.1%,0.1%,
2025-09-05,4:00am,EUR,Revised GDP q/q,Medium,0.1%,0.1%,
2025-09-05,7:30am,USD,Average Hourly Earnings m/m,High,0.3%,0.3%,
2025-09-05,7:30am,USD,Non-Farm Employment Change,High,75K,79K,
2025-09-05,7:30am,USD,Unemployment Rate,High,4.3%,4.2%,
2025-09-05,3:00pm,USD,President Trump Speaks,Low,,,
2025-09-07,6:50pm,JPY,Bank Lending y/y,Medium,3.2%,3.2%,
2025-09-07,6:50pm,JPY,Current Account,Medium,2.60T,2.40T,
2025-09-07,6:50pm,JPY,Final GDP Price Index y/y,Medium,3.0%,3.0%,
2025-09-07,6:50pm,JPY,Final GDP q/q,Medium,0.3%,0.3%,
2025-09-08,1:00am,EUR,German Industrial Production m/m,Medium,1.1%,-0.1%,
2025-09-08,1:00am,EUR,German Trade Balance,Medium,15.7B,15.4B,
2025-09-08,3:30am,EUR,Sentix Investor Confidence,Medium,-2.2,-3.7,
2025-09-08,2:00pm,USD,Consumer Credit m/m,Medium,10.4B,9.6B,
2025-09-08,6:01pm,GBP,BRC Retail Sales Monitor y/y,Medium,2.0%,1.8%,
2025-09-08,6:50pm,JPY,M2 Money Stock y/y,Medium,1.1%,1.0%,
2025-09-09,1:45am,EUR,French Industrial Production m/m,Medium,-1.4%,3.7%,
2025-09-09,4:31am,EUR,German 10-y Bond Auction,Medium,,2.77|1.4,
2025-09-09,5:00am,USD,NFIB Small Business Index,Medium,100.5,100.3,
2025-09-09,6:30am,EUR,German Buba President Nagel Speaks,Medium,,,
2025-09-09,6:50am,CHF,SNB Chairman Schlegel Speaks,Low,,,
2025-09-09,9:00am,USD,Prelim Benchmark Payrolls Revision,High,,-818K,
2025-09-09,3:30pm,USD,API Weekly Statistical Bulletin,Medium,,,
2025-09-10,6:45am,CHF,SNB Chairman Schlegel Speaks,Low,,,
2025-09-10,7:30am,USD,Core PPI m/m,High,0.3%,0.7%,
2025-09-10,7:30am,USD,PPI m/m,High,0.3%,0.7%,
2025-09-10,9:00am,USD,Final Wholesale Inventories m/m,Medium,0.2%,0.2%,
2025-09-10,9:30am,USD,Crude Oil Inventories,Medium,-1.9M,2.4M,
2025-09-10,12:01pm,USD,10-y Bond Auction,Medium,,4.26|2.4,
2025-09-10,6:01pm,GBP,RICS House Price Balance,Medium,-12%,-13%,
2025-09-10,6:50pm,JPY,BSI Manufacturing Index,Medium,-3.3,-4.8,
2025-09-10,6:50pm,JPY,PPI y/y,Medium,2.7%,2.5%,
2025-09-11,ThuSep 11,EUR,Monetary Policy Statement,High,,,
2025-09-11,7:30am,USD,Core CPI m/m,High,0.3%,0.3%,
2025-09-11,7:30am,USD,CPI m/m,High,0.3%,0.2%,
2025-09-11,7:30am,USD,CPI y/y,High,2.9%,2.7%,
2025-09-11,7:30am,USD,Unemployment Claims,High,235K,236K,
2025-09-11,7:45am,EUR,ECB Press Conference,High,,,
2025-09-11,9:30am,USD,Natural Gas Storage,Medium,69B,55B,
2025-09-11,12:01pm,USD,30-y Bond Auction,Medium,,4.81|2.3,
2025-09-11,1:00pm,USD,Federal Budget Balance,Medium,-305.7B,-291.1B,
2025-09-11,11:30pm,JPY,Revised Industrial Production m/m,Medium,-1.6%,-1.6%,
2025-09-12,FriSep 12,GBP,GDP m/m,High,0.0%,0.4%,
2025-09-12,FriSep 12,GBP,Construction Output m/m,Medium,-0.2%,0.3%,
2025-09-12,FriSep 12,GBP,Goods Trade Balance,Medium,-21.6B,-22.2B,
2025-09-12,FriSep 12,GBP,Index of Services 3m/3m,Medium,0.3%,0.4%,
2025-09-12,FriSep 12,GBP,Industrial Production m/m,Medium,0.0%,0.7%,
2025-09-12,FriSep 12,GBP,Manufacturing Production m/m,Medium,0.1%,0.5%,
2025-09-12,1:45am,EUR,French Final CPI m/m,Medium,0.4%,0.4%,
2025-09-12,3:00am,EUR,Italian Quarterly Unemployment Rate,Medium,6.1%,6.1%,
2025-09-12,3:15am,EUR,German Buba President Nagel Speaks,Medium,,,
2025-09-12,3:30am,GBP,Consumer Inflation Expectations,Medium,,3.2%,
2025-09-12,8:30am,GBP,CB Leading Index m/m,Medium,,-0.1%,
2025-09-12,9:00am,USD,Prelim UoM Consumer Sentiment,High,58.2,58.2,
2025-09-12,9:00am,USD,Prelim UoM Inflation Expectations,High,,4.8%,
2025-09-14,All Day,JPY,Bank Holiday,Low,,,
2025-09-14,6:01pm,GBP,Rightmove HPI m/m,Medium,,-1.3%,
2025-09-15,1:30am,CHF,PPI m/m,Medium,0.1%,-0.2%,
2025-09-15,3:00am,EUR,Italian Trade Balance,Medium,5.50B,5.38B,
2025-09-15,4:00am,EUR,Trade Balance,Medium,11.7B,3.7B,
2025-09-15,7:30am,USD,Empire State Manufacturing Index,Low,4.3,11.9,
2025-09-15,1:30pm,EUR,ECB President Lagarde Speaks,Low,,,
2025-09-15,11:30pm,JPY,Tertiary Industry Activity m/m,Medium,0.1%,-0.2%,
2025-09-16,1:00am,GBP,Average Earnings Index 3m/y,Low,4.7%,4.6%,
2025-09-16,1:00am,GBP,Claimant Count Change,Low,15.3K,-33.3K,
2025-09-16,1:00am,GBP,Unemployment Rate,Medium,4.7%,4.7%,
2025-09-16,4:00am,EUR,German ZEW Economic Sentiment,Low,25.3,34.7,
2025-09-16,4:00am,EUR,Industrial Production m/m,Medium,0.4%,-0.6%,
2025-09-16,4:00am,EUR,ZEW Economic Sentiment,Medium,20.3,25.1,
2025-09-16,7:30am,USD,Core Retail Sales m/m,High,0.4%,0.4%,
2025-09-16,7:30am,USD,Retail Sales m/m,High,0.2%,0.6%,
2025-09-16,7:30am,USD,Import Prices m/m,Medium,-0.2%,0.2%,
2025-09-16,8:15am,USD,Capacity Utilization Rate,Medium,77.4%,77.4%,
2025-09-16,8:15am,USD,Industrial Production m/m,Medium,-0.1%,-0.4%,
2025-09-16,9:00am,USD,Business Inventories m/m,Medium,0.2%,0.2%,
2025-09-16,9:00am,USD,NAHB Housing Market Index,Medium,33,32,
2025-09-16,3:30pm,USD,API Weekly Statistical Bulletin,Medium,,,
2025-09-16,6:50pm,JPY,Trade Balance,Medium,-0.37T,-0.29T,
2025-09-17,WedSep 17,GBP,Core CPI y/y,Medium,3.7%,3.8%,
2025-09-17,WedSep 17,GBP,RPI y/y,Medium,4.7%,4.8%,
2025-09-17,2:30am,EUR,ECB President Lagarde Speaks,Low,,,
2025-09-17,3:30am,GBP,HPI y/y,Medium,3.6%,3.6%,
2025-09-17,4:00am,EUR,Final Core CPI y/y,Medium,2.3%,2.3%,
2025-09-17,4:00am,EUR,Final CPI y/y,Medium,2.1%,2.1%,
2025-09-17,4:34am,EUR,German 30-y Bond Auction,Medium,,3.28|1.0,
2025-09-17,7:30am,USD,Building Permits,Medium,1.37M,1.35M,
2025-09-17,7:30am,USD,Housing Starts,Medium,1.37M,1.43M,
2025-09-17,9:30am,USD,Crude Oil Inventories,Medium,1.4M,3.9M,
2025-09-17,12:00pm,EUR,German Buba President Nagel Speaks,Medium,,,
2025-09-17,1:00pm,USD,Federal Funds Rate,High,4.25%,4.50%,
2025-09-17,1:00pm,USD,FOMC Economic Projections,High,,,
2025-09-17,1:00pm,USD,FOMC Statement,High,,,
2025-09-17,1:30pm,USD,FOMC Press Conference,High,,,
2025-09-17,6:50pm,JPY,Core Machinery Orders m/m,Medium,-1.8%,3.0%,
2025-09-18,2:10am,EUR,ECB President Lagarde Speaks,Medium,,,
2025-09-18,3:00am,EUR,Current Account,Medium,34.6B,35.8B,
2025-09-18,3:41am,EUR,Spanish 10-y Bond Auction,Medium,,3.20|2.1,
2025-09-18,5:00am,EUR,German Buba Monthly Report,Medium,,,
2025-09-18,6:00am,GBP,Monetary Policy Summary,High,,,
2025-09-18,6:00am,GBP,MPC Official Bank Rate Votes,High,0-1-8,0-5-4,
2025-09-18,6:00am,GBP,Official Bank Rate,High,4.00%,4.00%,
2025-09-18,6:00am,GBP,BOE Inflation Letter,Medium,,,
2025-09-18,7:30am,USD,Unemployment Claims,High,241K,264K,
2025-09-18,7:30am,USD,Philly Fed Manufacturing Index,Low,1.7,-0.3,
2025-09-18,9:00am,EUR,German Buba President Nagel Speaks,Medium,,,
2025-09-18,9:00am,USD,CB Leading Index m/m,Medium,-0.2%,0.1%,
2025-09-18,9:30am,USD,Natural Gas Storage,Medium,80B,71B,
2025-09-18,3:00pm,USD,TIC Long-Term Purchases,Medium,97.2B,151.0B,
2025-09-18,6:01pm,GBP,GfK Consumer Confidence,Medium,-18,-17,
2025-09-18,6:30pm,JPY,National Core CPI y/y,Medium,2.7%,3.1%,
2025-09-18,10:47pm,JPY,BOJ Policy Rate,High,<0.50%,<0.50%,
2025-09-18,10:47pm,JPY,Monetary Policy Statement,High,,,
2025-09-19,FriSep 19,GBP,Retail Sales m/m,Low,0.4%,0.5%,
2025-09-19,FriSep 19,GBP,Public Sector Net Borrowing,Medium,12.8B,2.8B,
2025-09-19,1:30am,JPY,BOJ Press Conference,High,,,
2025-09-19,All Day,EUR,Eurogroup Meetings,Medium,,,
2025-09-19,1:30pm,USD,FOMC Member Daly Speaks,Medium,,,
2025-09-22,8:45am,GBP,MPC Member Pill Speaks,Medium,,,
2025-09-22,9:00am,EUR,Consumer Confidence,Medium,-15,-16,
2025-09-22,9:00am,USD,FOMC Member Musalem Speaks,Medium,,,
2025-09-22,11:00am,EUR,German Buba President Nagel Speaks,Medium,,,
2025-09-22,11:00am,USD,FOMC Member Miran Speaks,Low,,,
2025-09-22,11:00am,USD,FOMC Member Barkin Speaks,Medium,,,
2025-09-22,11:00am,USD,FOMC Member Hammack Speaks,Medium,,,
2025-09-22,1:00pm,GBP,BOE Gov Bailey Speaks,Low,,,
2025-09-22,All Day,JPY,Bank Holiday,Low,,,
2025-09-23,TueSep 23,EUR,French Flash Services PMI,Low,49.7,49.8,
2025-09-23,2:30am,EUR,German Flash Manufacturing PMI,High,50.0,48.8,
2025-09-23,2:30am,EUR,German Flash Services PMI,High,49.5,49.3,
2025-09-23,3:00am,EUR,Flash Manufacturing PMI,Low,50.7,50.7,
2025-09-23,3:00am,EUR,Flash Services PMI,Low,50.6,50.5,
2025-09-23,3:30am,GBP,Flash Manufacturing PMI,High,47.1,47.0,
2025-09-23,3:30am,GBP,Flash Services PMI,High,53.4,54.2,
2025-09-23,4:00am,GBP,MPC Member Pill Speaks,Medium,,,
2025-09-23,4:02am,GBP,30-y Bond Auction,Medium,,5.17|3.2,
2025-09-23,5:00am,GBP,CBI Industrial Order Expectations,Medium,-30,-33,
2025-09-23,7:30am,USD,Current Account,Medium,-259B,-440B,
2025-09-23,7:30am,USD,FOMC Member Goolsbee Speaks,Medium,,,
2025-09-23,8:00am,USD,FOMC Member Bowman Speaks,Medium,,,
2025-09-23,8:45am,USD,Flash Manufacturing PMI,High,52.2,53.0,
2025-09-23,8:45am,USD,Flash Services PMI,High,54.0,54.5,
2025-09-23,8:50am,USD,President Trump Speaks,Low,,,
2025-09-23,9:00am,USD,FOMC Member Bostic Speaks,Medium,,,
2025-09-23,9:05am,USD,Richmond Manufacturing Index,Low,-5,-7,
2025-09-23,11:35am,USD,Fed Chairman Powell Speaks,High,,,
2025-09-23,2:10pm,USD,FOMC Member Goolsbee Speaks,Medium,,,
2025-09-23,3:30pm,USD,API Weekly Statistical Bulletin,Medium,,,
2025-09-23,6:20pm,USD,President Trump Speaks,Low,,,
2025-09-23,7:30pm,JPY,Flash Manufacturing PMI,Medium,49.5,49.7,
2025-09-24,3:00am,CHF,UBS Economic Expectations,Medium,,-53.8,
2025-09-24,3:00am,EUR,German ifo Business Climate,Low,89.3,88.9,
2025-09-24,7:43am,EUR,Belgian NBB Business Climate,Medium,-8.7,-8.9,
2025-09-24,9:00am,USD,New Home Sales,Low,650K,664K,
2025-09-24,9:30am,USD,Crude Oil Inventories,Medium,0.8M,-9.3M,
2025-09-24,11:30am,GBP,MPC Member Greene Speaks,Medium,,,
2025-09-24,3:10pm,USD,FOMC Member Daly Speaks,Medium,,,
2025-09-24,6:50pm,JPY,Monetary Policy Meeting Minutes,Medium,,,
2025-09-24,6:50pm,JPY,SPPI y/y,Medium,2.9%,2.6%,
2025-09-25,2:30am,CHF,SNB Monetary Policy Assessment,High,,,
2025-09-25,2:30am,CHF,SNB Policy Rate,High,0.00%,0.00%,
2025-09-25,3:00am,CHF,SNB Press Conference,High,,,
2025-09-25,3:00am,EUR,ECB Economic Bulletin,Medium,,,
2025-09-25,3:00am,EUR,M3 Money Supply y/y,Medium,3.3%,3.3%,
2025-09-25,3:00am,EUR,Private Loans y/y,Medium,2.3%,2.4%,
2025-09-25,5:00am,GBP,CBI Realized Sales,Medium,-31,-32,
2025-09-25,7:15am,USD,FOMC Member Miran Speaks,Medium,,,
2025-09-25,7:20am,USD,FOMC Member Goolsbee Speaks,Medium,,,
2025-09-25,7:30am,USD,Final GDP q/q,High,3.3%,3.3%,
2025-09-25,7:30am,USD,Unemployment Claims,High,233K,232K,
2025-09-25,7:30am,USD,Core Durable Goods Orders m/m,Low,-0.1%,1.0%,
2025-09-25,7:30am,USD,Durable Goods Orders m/m,Low,-0.3%,-2.7%,
2025-09-25,7:30am,USD,Final GDP Price Index q/q,Low,2.0%,2.0%,
2025-09-25,7:30am,USD,Goods Trade Balance,Medium,-95.7B,-102.8B,
2025-09-25,7:30am,USD,Prelim Wholesale Inventories m/m,Medium,0.2%,0.1%,
2025-09-25,8:00am,USD,FOMC Member Schmid Speaks,Medium,,,
2025-09-25,8:00am,USD,FOMC Member Williams Speaks,Medium,,,
2025-09-25,9:00am,USD,Existing Home Sales,Low,3.96M,4.01M,
2025-09-25,9:00am,USD,FOMC Member Bowman Speaks,Medium,,,
2025-09-25,9:30am,USD,Natural Gas Storage,Medium,76B,90B,
2025-09-25,12:00pm,USD,FOMC Member Barr Speaks,Medium,,,
2025-09-25,12:40pm,USD,FOMC Member Logan Speaks,Medium,,,
2025-09-25,2:30pm,USD,FOMC Member Daly Speaks,Medium,,,
2025-09-25,6:30pm,JPY,Tokyo Core CPI y/y,Low,2.8%,2.5%,
2025-09-26,7:30am,USD,Core PCE Price Index m/m,High,0.2%,0.2%,
2025-09-26,7:30am,USD,Personal Income m/m,Medium,0.3%,0.4%,
2025-09-26,7:30am,USD,Personal Spending m/m,Medium,0.5%,0.5%,
2025-09-26,8:00am,USD,FOMC Member Barkin Speaks,Medium,,,
2025-09-26,9:00am,USD,Revised UoM Consumer Sentiment,Low,55.5,55.4,
2025-09-26,9:00am,USD,Revised UoM Inflation Expectations,Medium,,4.8%,
2025-09-26,12:00pm,USD,FOMC Member Bowman Speaks,Medium,,,
2025-09-29,3:30am,GBP,M4 Money Supply m/m,Medium,0.2%,0.1%,
2025-09-29,3:30am,GBP,Mortgage Approvals,Medium,65K,65K,
2025-09-29,3:30am,GBP,Net Lending to Individuals m/m,Medium,6.3B,6.2B,
2025-09-29,4:00am,EUR,German Buba President Nagel Speaks,Medium,,,
2025-09-29,6:30am,USD,FOMC Member Waller Speaks,Medium,,,
2025-09-29,7:00am,GBP,MPC Member Ramsden Speaks,Medium,,,
2025-09-29,7:00am,USD,FOMC Member Hammack Speaks,Medium,,,
2025-09-29,9:00am,USD,Pending Home Sales m/m,Low,0.2%,-0.3%,
2025-09-29,12:15pm,USD,President Trump Speaks,Low,,,
2025-09-29,12:30pm,USD,FOMC Member Musalem Speaks,Medium,,,
2025-09-29,12:30pm,USD,FOMC Member Williams Speaks,Medium,,,
2025-09-29,5:00pm,USD,FOMC Member Bostic Speaks,Medium,,,
2025-09-29,6:01pm,GBP,BRC Shop Price Index y/y,Medium,1.2%,0.9%,
2025-09-29,6:50pm,JPY,BOJ Summary of Opinions,Medium,,,
2025-09-29,6:50pm,JPY,Prelim Industrial Production m/m,Medium,-0.8%,-1.2%,
2025-09-29,6:50pm,JPY,Retail Sales y/y,Medium,1.1%,0.4%,
2025-09-30,1:00am,EUR,German Import Prices m/m,Medium,-0.2%,-0.4%,
2025-09-30,1:00am,EUR,German Retail Sales m/m,Medium,0.6%,-0.5%,
2025-09-30,1:00am,GBP,Current Account,Medium,-24.8B,-21.2B,
2025-09-30,1:00am,GBP,Final GDP q/q,Medium,0.3%,0.3%,
2025-09-30,1:00am,GBP,Revised Business Investment q/q,Medium,-4.0%,-4.0%,
2025-09-30,All Day,EUR,German Prelim CPI m/m,Low,0.2%,0.1%,
2025-09-30,1:45am,EUR,French Consumer Spending m/m,Medium,0.3%,-0.6%,
2025-09-30,1:45am,EUR,French Prelim CPI m/m,Medium,-0.9%,0.4%,
2025-09-30,2:00am,CHF,KOF Economic Barometer,Medium,97.1,96.2,
2025-09-30,2:55am,EUR,German Unemployment Change,Medium,8K,-7K,
2025-09-30,4:00am,EUR,Italian Prelim CPI m/m,Medium,-0.1%,0.1%,
2025-09-30,5:00am,USD,FOMC Member Jefferson Speaks,Medium,,,
2025-09-30,6:50am,GBP,MPC Member Lombardelli Speaks,Medium,,,
2025-09-30,7:50am,EUR,ECB President Lagarde Speaks,Low,,,
2025-09-30,8:00am,USD,FOMC Member Collins Speaks,Medium,,,
2025-09-30,8:00am,USD,HPI m/m,Medium,-0.2%,-0.2%,
2025-09-30,8:00am,USD,S&P/CS Composite-20 HPI y/y,Medium,1.7%,2.2%,
2025-09-30,8:25am,GBP,MPC Member Mann Speaks,Medium,,,
2025-09-30,8:45am,USD,Chicago PMI,Medium,43.4,41.5,
2025-09-30,9:00am,USD,JOLTS Job Openings,High,7.19M,7.21M,
2025-09-30,9:00am,USD,CB Consumer Confidence,Low,96.0,97.8,
2025-09-30,10:00am,USD,President Trump Speaks,Low,,,
2025-09-30,10:30am,GBP,MPC Member Breeden Speaks,Medium,,,
2025-09-30,12:00pm,EUR,German Buba President Nagel Speaks,Medium,,,
2025-09-30,12:30pm,USD,FOMC Member Goolsbee Speaks,Medium,,,
2025-09-30,2:30pm,USD,FOMC Member Goolsbee Speaks,Medium,,,
2025-09-30,3:30pm,USD,API Weekly Statistical Bulletin,Medium,,,
2025-09-30,6:10pm,USD,FOMC Member Logan Speaks,Medium,,,
2025-09-30,6:50pm,JPY,Tankan Manufacturing Index,Medium,14,13,
2025-09-30,6:50pm,JPY,Tankan Non-Manufacturing Index,Medium,33,34,
2025-09-30,7:30pm,JPY,Final Manufacturing PMI,Medium,48.4,48.4,
2025-10-01,1:30am,CHF,Retail Sales y/y,Medium,0.5%,0.9%,
2025-10-01,2:15am,EUR,Spanish Manufacturing PMI,Medium,53.8,54.3,
2025-10-01,2:30am,CHF,Manufacturing PMI,Medium,47.9,49.0,
2025-10-01,2:45am,EUR,Italian Manufacturing PMI,Medium,49.9,50.4,
2025-10-01,2:50am,EUR,French Final Manufacturing PMI,Medium,48.1,48.1,
2025-10-01,2:55am,EUR,German Final Manufacturing PMI,Medium,48.5,48.5,
2025-10-01,3:00am,EUR,Final Manufacturing PMI,Medium,49.5,49.5,
2025-10-01,3:30am,GBP,Final Manufacturing PMI,Medium,46.2,46.2,
2025-10-01,4:00am,EUR,Core CPI Flash Estimate y/y,Low,2.3%,2.3%,
2025-10-01,4:00am,EUR,CPI Flash Estimate y/y,Low,2.2%,2.0%,
2025-10-01,4:32am,EUR,German 10-y Bond Auction,Medium,,2.61|1.9,
2025-10-01,4:55am,GBP,MPC Member Mann Speaks,Medium,,,
2025-10-01,6:00am,EUR,German Buba President Nagel Speaks,Medium,,,
2025-10-01,7:15am,USD,ADP Non-Farm Employment Change,High,52K,-3K,
2025-10-01,8:00am,CHF,SNB Quarterly Bulletin,Medium,,,
2025-10-01,8:45am,USD,Final Manufacturing PMI,Medium,52.0,52.0,
2025-10-01,9:00am,USD,ISM Manufacturing PMI,High,49.0,48.7,
2025-10-01,9:00am,USD,ISM Manufacturing Prices,Low,62.7,63.7,
2025-10-01,All Day,USD,Wards Total Vehicle Sales,Medium,16.2M,16.1M,
2025-10-01,9:30am,USD,Crude Oil Inventories,Medium,1.5M,-0.6M,
2025-10-01,11:15am,USD,FOMC Member Barkin Speaks,Medium,,,
2025-10-01,4:00pm,USD,FOMC Member Goolsbee Speaks,Medium,,,
2025-10-01,6:50pm,JPY,Monetary Base y/y,Medium,-3.8%,-4.1%,
2025-10-01,10:35pm,JPY,10-y Bond Auction,Medium,,1.61|3.9,
2025-10-02,1:30am,CHF,CPI m/m,High,-0.2%,-0.1%,
2025-10-02,1:45am,EUR,French Gov Budget Balance,Medium,,-142.0B,
2025-10-02,2:00am,EUR,Spanish Unemployment Change,Medium,15.4K,21.9K,
2025-10-02,3:00am,EUR,Italian Monthly Unemployment Rate,Medium,6.0%,5.9%,
2025-10-02,3:55am,EUR,French 10-y Bond Auction,Medium,,3.57|2.2,
2025-10-02,4:00am,EUR,Unemployment Rate,Medium,6.2%,6.2%,
2025-10-02,5:10am,USD,Challenger Job Cuts y/y,Medium,,13.3%,
2025-10-02,9:30am,USD,FOMC Member Logan Speaks,Medium,,,
2025-10-02,9:30am,USD,Natural Gas Storage,Medium,66B,75B,
2025-10-02,1:30pm,USD,FOMC Member Goolsbee Speaks,Medium,,,
2025-10-02,6:30pm,JPY,Unemployment Rate,Medium,2.4%,2.3%,
2025-10-02,8:05pm,JPY,BOJ Gov Ueda Speaks,High,,,
2025-10-03,1:45am,EUR,French Industrial Production m/m,Medium,0.3%,-1.1%,
2025-10-03,2:15am,EUR,Spanish Services PMI,Medium,53.3,53.2,
2025-10-03,2:45am,EUR,Italian Services PMI,Medium,51.5,51.5,
2025-10-03,2:50am,EUR,French Final Services PMI,Medium,48.9,48.9,
2025-10-03,2:55am,EUR,German Final Services PMI,Medium,52.5,52.5,
2025-10-03,3:00am,EUR,Final Services PMI,Medium,51.4,51.4,
2025-10-03,3:00am,EUR,Italian Retail Sales m/m,Medium,0.0%,0.0%,
2025-10-03,3:30am,GBP,Final Services PMI,Medium,51.9,51.9,
2025-10-03,4:00am,EUR,PPI m/m,Medium,-0.1%,0.3%,
2025-10-03,4:40am,EUR,ECB President Lagarde Speaks,Low,,,
2025-10-03,5:05am,USD,FOMC Member Williams Speaks,Medium,,,
2025-10-03,7:30am,USD,FOMC Member Goolsbee Speaks,Medium,,,
2025-10-03,8:20am,GBP,BOE Gov Bailey Speaks,High,,,
2025-10-03,8:35am,USD,FOMC Member Miran Speaks,Medium,,,
2025-10-03,8:45am,USD,Final Services PMI,Medium,53.9,53.9,
2025-10-03,9:00am,USD,ISM Services PMI,High,51.8,52.0,
2025-10-03,12:30pm,USD,FOMC Member Logan Speaks,Medium,,,
2025-10-03,12:40pm,USD,FOMC Member Jefferson Speaks,Medium,,,
2025-10-03,2:30pm,USD,FOMC Member Miran Speaks,Medium,,,
2025-10-06,3:30am,EUR,Sentix Investor Confidence,Medium,-7.5,-9.2,
2025-10-06,3:30am,GBP,Construction PMI,Medium,46.1,45.5,
2025-10-06,3:30am,GBP,Housing Equity Withdrawal q/q,Medium,-4.5B,-4.9B,
2025-10-06,4:00am,EUR,Retail Sales m/m,Medium,0.1%,-0.4%,
2025-10-06,10:00am,GBP,BOE Gov Bailey Speaks,High,,,
2025-10-06,12:00pm,EUR,ECB President Lagarde Speaks,High,,,
2025-10-06,4:00pm,USD,FOMC Member Schmid Speaks,Medium,,,
2025-10-06,6:30pm,JPY,Household Spending y/y,Medium,1.4%,1.4%,
2025-10-06,10:35pm,JPY,30-y Bond Auction,Medium,,3.26|3.3,
2025-10-07,1:00am,EUR,German Factory Orders m/m,Medium,1.2%,-2.7%,
2025-10-07,1:00am,GBP,Halifax HPI m/m,Medium,0.2%,0.3%,
2025-10-07,1:45am,EUR,French Trade Balance,Medium,-5.2B,-5.7B,
2025-10-07,2:00am,CHF,Foreign Currency Reserves,Medium,,715B,
2025-10-07,9:00am,USD,FOMC Member Bostic Speaks,Medium,,,
2025-10-07,9:02am,USD,RCM/TIPP Economic Optimism,Medium,49.3,48.7,
2025-10-07,9:05am,USD,FOMC Member Bowman Speaks,Medium,,,
2025-10-07,9:45am,USD,FOMC Member Miran Speaks,Medium,,,
2025-10-07,10:30am,USD,FOMC Member Kashkari Speaks,Medium,,,
2025-10-07,11:00am,EUR,German Buba President Nagel Speaks,Medium,,,
2025-10-07,11:10am,EUR,ECB President Lagarde Speaks,Low,,,
2025-10-07,2:00pm,USD,Consumer Credit m/m,Medium,12.9B,18.1B,
2025-10-07,3:05pm,USD,FOMC Member Miran Speaks,Medium,,,
2025-10-07,3:30pm,USD,API Weekly Statistical Bulletin,Medium,,,
2025-10-07,6:30pm,JPY,Average Cash Earnings y/y,Medium,2.6%,3.4%,
2025-10-07,6:50pm,JPY,Current Account,Medium,2.45T,1.88T,
2025-10-08,1:00am,EUR,German Industrial Production m/m,Medium,-1.0%,1.3%,
2025-10-08,4:30am,GBP,FPC Meeting Minutes,Medium,,,
2025-10-08,4:30am,GBP,FPC Statement,Medium,,,
2025-10-08,8:20am,USD,FOMC Member Musalem Speaks,Medium,,,
2025-10-08,8:30am,USD,FOMC Member Barr Speaks,Medium,,,
2025-10-08,9:00am,USD,FOMC Member Goolsbee Speaks,Medium,,,
2025-10-08,9:30am,USD,Crude Oil Inventories,Medium,0.4M,1.8M,
2025-10-08,10:00am,GBP,MPC Member Pill Speaks,Medium,,,
2025-10-08,11:00am,EUR,ECB President Lagarde Speaks,Medium,,,
2025-10-08,12:01pm,USD,10-y Bond Auction,Medium,,4.03|2.7,
2025-10-08,12:15pm,USD,FOMC Member Logan Speaks,Medium,,,
2025-10-08,1:00pm,USD,FOMC Meeting Minutes,High,,,
2025-10-08,2:15pm,USD,FOMC Member Kashkari Speaks,Medium,,,
2025-10-08,4:45pm,USD,FOMC Member Barr Speaks,Medium,,,
2025-10-08,6:01pm,GBP,RICS House Price Balance,Medium,-18%,-18%,
2025-10-09,1:00am,EUR,German Trade Balance,Medium,15.1B,16.3B,
2025-10-09,3:30am,GBP,MPC Member Mann Speaks,Medium,,,
2025-10-09,All Day,EUR,Eurogroup Meetings,Medium,,,
2025-10-09,6:30am,EUR,ECB Monetary Policy Meeting Accounts,Medium,,,
2025-10-09,7:30am,USD,Fed Chairman Powell Speaks,Low,,,
2025-10-09,7:35am,USD,FOMC Member Bowman Speaks,Medium,,,
2025-10-09,9:30am,USD,Natural Gas Storage,Medium,76B,53B,
2025-10-09,11:45am,USD,FOMC Member Barr Speaks,Medium,,,
2025-10-09,12:01pm,USD,30-y Bond Auction,Medium,,4.65|2.4,
2025-10-09,2:45pm,USD,FOMC Member Bowman Speaks,Medium,,,
2025-10-09,6:50pm,JPY,Bank Lending y/y,Medium,3.7%,3.5%,
2025-10-09,6:50pm,JPY,PPI y/y,Medium,2.5%,2.7%,
2025-10-09,8:40pm,USD,FOMC Member Daly Speaks,Medium,,,
2025-10-10,3:00am,EUR,Italian Industrial Production m/m,Medium,-0.3%,0.4%,
2025-10-10,All Day,EUR,ECOFIN Meetings,Medium,,,
2025-10-10,8:45am,USD,FOMC Member Goolsbee Speaks,Medium,,,
2025-10-10,9:00am,USD,Prelim UoM Consumer Sentiment,High,54.1,55.1,
2025-10-10,9:00am,USD,Prelim UoM Inflation Expectations,High,,4.7%,
2025-10-10,12:00pm,USD,FOMC Member Musalem Speaks,Medium,,,
2025-10-12,All Day,JPY,Bank Holiday,Low,,,
2025-10-13,6:05am,GBP,MPC Member Greene Speaks,Medium,,,
2025-10-13,All Day,USD,Bank Holiday,Low,,,
2025-10-13,8:30am,GBP,CB Leading Index m/m,Medium,,0.0%,
2025-10-13,11:55am,USD,FOMC Member Paulson Speaks,Medium,,,
2025-10-13,2:10pm,GBP,MPC Member Mann Speaks,Medium,,,
2025-10-13,6:01pm,GBP,BRC Retail Sales Monitor y/y,Medium,2.5%,2.9%,
2025-10-13,6:50pm,JPY,M2 Money Stock y/y,Medium,1.2%,1.3%,
2025-10-14,TueOct 14,GBP,Average Earnings Index 3m/y,Low,4.7%,4.8%,
2025-10-14,TueOct 14,GBP,Claimant Count Change,Low,10.3K,-2.0K,
2025-10-14,TueOct 14,GBP,Unemployment Rate,Medium,4.7%,4.7%,
2025-10-14,1:30am,CHF,PPI m/m,Medium,-0.2%,-0.6%,
2025-10-14,4:00am,EUR,German ZEW Economic Sentiment,Low,41.2,37.3,
2025-10-14,4:00am,EUR,ZEW Economic Sentiment,Medium,30.2,26.1,
2025-10-14,5:00am,USD,NFIB Small Business Index,Medium,100.6,100.8,
2025-10-14,7:00am,GBP,MPC Member Taylor Speaks,Medium,,,
2025-10-14,7:45am,USD,FOMC Member Bowman Speaks,Medium,,,
2025-10-14,11:20am,USD,Fed Chairman Powell Speaks,High,,,
2025-10-14,12:00pm,GBP,BOE Gov Bailey Speaks,High,,,
2025-10-14,2:25pm,USD,FOMC Member Waller Speaks,Medium,,,
2025-10-14,2:30pm,USD,FOMC Member Collins Speaks,Medium,,,
2025-10-14,11:30pm,JPY,Revised Industrial Production m/m,Medium,-1.2%,-1.2%,
2025-10-15,3:00am,GBP,MPC Member Ramsden Speaks,Medium,,,
2025-10-15,4:00am,EUR,Industrial Production m/m,Medium,-1.6%,0.5%,
2025-10-15,4:32am,EUR,German 30-y Bond Auction,Medium,,3.25|1.8,
2025-10-15,7:30am,USD,Empire State Manufacturing Index,Low,-1.8,-8.7,
2025-10-15,8:30am,USD,FOMC Member Miran Speaks,Medium,,,
2025-10-15,10:00am,GBP,MPC Member Breeden Speaks,Medium,,,
2025-10-15,10:45am,GBP,MPC Member Breeden Speaks,Medium,,,
2025-10-15,11:30am,USD,FOMC Member Miran Speaks,Medium,,,
2025-10-15,12:00pm,USD,FOMC Member Waller Speaks,Medium,,,
2025-10-15,1:00pm,USD,Beige Book,Medium,,,
2025-10-15,1:30pm,USD,FOMC Member Schmid Speaks,Medium,,,
2025-10-15,3:30pm,USD,API Weekly Statistical Bulletin,Medium,,,
2025-10-15,6:50pm,JPY,Core Machinery Orders m/m,Medium,0.4%,-4.6%,
2025-10-15,11:30pm,JPY,Tertiary Industry Activity m/m,Medium,-0.2%,0.2%,
2025-10-16,ThuOct 16,GBP,Construction Output m/m,Medium,-0.1%,0.2%,
2025-10-16,ThuOct 16,GBP,Goods Trade Balance,Medium,-21.8B,-20.6B,
2025-10-16,ThuOct 16,GBP,Index of Services 3m/3m,Medium,0.4%,0.4%,
2025-10-16,ThuOct 16,GBP,Industrial Production m/m,Medium,0.2%,-0.4%,
2025-10-16,ThuOct 16,GBP,Manufacturing Production m/m,Medium,0.2%,-1.1%,
2025-10-16,2:00am,CHF,SECO Economic Forecasts,Medium,,,
2025-10-16,3:30am,GBP,BOE Credit Conditions Survey,Medium,,,
2025-10-16,3:39am,EUR,Spanish 10-y Bond Auction,Medium,,3.23|1.9,
2025-10-16,4:00am,EUR,Italian Trade Balance,Medium,8.94B,7.83B,
2025-10-16,4:00am,EUR,Trade Balance,Medium,6.9B,6.0B,
2025-10-16,5:00am,EUR,German Buba Monthly Report,Medium,,,
2025-10-16,7:30am,USD,Philly Fed Manufacturing Index,Low,8.6,23.2,
2025-10-16,8:00am,GBP,MPC Member Mann Speaks,Medium,,,
2025-10-16,8:00am,USD,FOMC Member Waller Speaks,Low,,,
2025-10-16,8:00am,USD,FOMC Member Barr Speaks,Medium,,,
2025-10-16,8:00am,USD,FOMC Member Miran Speaks,Medium,,,
2025-10-16,9:00am,USD,FOMC Member Bowman Speaks,Medium,,,
2025-10-16,9:00am,USD,NAHB Housing Market Index,Medium,33,32,
2025-10-16,9:30am,USD,Natural Gas Storage,Medium,76B,80B,
2025-10-16,9:45am,GBP,MPC Member Mann Speaks,Medium,,,
2025-10-16,11:00am,EUR,ECB President Lagarde Speaks,Low,,,
2025-10-16,11:00am,USD,Crude Oil Inventories,Medium,0.3M,3.7M,
2025-10-16,1:00pm,USD,Federal Budget Balance,Medium,42.3B,-344.8B,
2025-10-16,1:30pm,GBP,MPC Member Greene Speaks,Medium,,,
2025-10-16,3:15pm,USD,FOMC Member Miran Speaks,Medium,,,
2025-10-16,5:00pm,USD,FOMC Member Kashkari Speaks,Medium,,,
2025-10-17,FriOct 17,EUR,Final CPI y/y,Medium,2.2%,2.2%,
2025-10-17,4:35am,GBP,MPC Member Pill Speaks,Medium,,,
2025-10-17,7:45am,EUR,German Buba President Nagel Speaks,Medium,,,
2025-10-17,11:00am,GBP,MPC Member Greene Speaks,Medium,,,
2025-10-17,11:15am,USD,FOMC Member Musalem Speaks,Medium,,,
2025-10-17,11:30am,GBP,MPC Member Breeden Speaks,Medium,,,
2025-10-18,8:00am,EUR,ECB President Lagarde Speaks,Low,,,
2025-10-18,8:00am,GBP,BOE Gov Bailey Speaks,High,,,
2025-10-19,6:01pm,GBP,Rightmove HPI m/m,Medium,,0.4%,
2025-10-20,3:00am,EUR,Current Account,Medium,22.5B,29.8B,
2025-10-20,2:00pm,EUR,German Buba President Nagel Speaks,Medium,,,
2025-10-20,5:00pm,EUR,German Buba President Nagel Speaks,Medium,,,
2025-10-21,TueOct 21,GBP,Public Sector Net Borrowing,Medium,20.7B,15.3B,
2025-10-21,4:02am,GBP,30-y Bond Auction,Medium,,5.48|3.1,
2025-10-21,6:00am,EUR,ECB President Lagarde Speaks,Low,,,
2025-10-21,8:00am,USD,FOMC Member Waller Speaks,Medium,,,
2025-10-21,2:30pm,USD,FOMC Member Waller Speaks,Medium,,,
2025-10-21,3:30pm,USD,API Weekly Statistical Bulletin,Medium,,,
2025-10-21,6:50pm,JPY,Trade Balance,Medium,-0.11T,-0.17T,
2025-10-22,Feb Data,GBP,PPI Output m/m,Medium,,0.6%,
2025-10-22,Mar Data,GBP,PPI Input m/m,Medium,,-0.2%,
2025-10-22,Mar Data,GBP,PPI Output m/m,Medium,,0.3%,
2025-10-22,Apr Data,GBP,PPI Input m/m,Medium,,-0.3%,
2025-10-22,Apr Data,GBP,PPI Output m/m,Medium,,0.1%,
2025-10-22,May Data,GBP,PPI Input m/m,Medium,,0.1%,
2025-10-22,May Data,GBP,PPI Output m/m,Medium,,0.4%,
2025-10-22,June Data,GBP,PPI Input m/m,Medium,,-0.5%,
2025-10-22,June Data,GBP,PPI Output m/m,Medium,,0.6%,
2025-10-22,July Data,GBP,PPI Input m/m,Medium,,-0.2%,
2025-10-22,July Data,GBP,PPI Output m/m,Medium,,0.2%,
2025-10-22,Aug Data,GBP,PPI Input m/m,Medium,,0.6%,
2025-10-22,Aug Data,GBP,PPI Output m/m,Medium,,0.6%,
2025-10-22,1:00am,GBP,CPI y/y,High,4.0%,3.8%,
2025-10-22,1:00am,GBP,Core CPI y/y,Medium,3.7%,3.6%,
2025-10-22,1:00am,GBP,RPI y/y,Medium,4.7%,4.6%,
2025-10-22,1:05am,GBP,PPI Input m/m,Medium,0.3%,0.0%,
2025-10-22,1:05am,GBP,PPI Output m/m,Medium,0.2%,0.1%,
2025-10-22,3:30am,GBP,HPI y/y,Medium,2.5%,3.2%,
2025-10-22,7:25am,EUR,ECB President Lagarde Speaks,Low,,,
2025-10-22,9:30am,USD,Crude Oil Inventories,Medium,2.2M,3.5M,
2025-10-22,3:00pm,USD,FOMC Member Barr Speaks,Medium,,,
2025-10-23,3:30am,GBP,MPC Member Dhingra Speaks,Medium,,,
2025-10-23,5:00am,GBP,CBI Industrial Order Expectations,Medium,-28,-27,
2025-10-23,All Day,EUR,Euro Summit,Medium,,,
2025-10-23,9:00am,EUR,Consumer Confidence,Medium,-15,-15,
2025-10-23,9:00am,USD,Existing Home Sales,Low,4.06M,4.00M,
2025-10-23,9:25am,USD,FOMC Member Barr Speaks,Medium,,,
2025-10-23,9:30am,USD,Natural Gas Storage,Medium,78B,80B,
2025-10-23,2:00pm,USD,President Trump Speaks,Low,,,
2025-10-23,6:01pm,GBP,GfK Consumer Confidence,Medium,-20,-19,
2025-10-23,6:30pm,JPY,National Core CPI y/y,Medium,2.9%,2.7%,
2025-10-23,7:30pm,JPY,Flash Manufacturing PMI,Medium,48.8,48.5,
2025-10-24,2:00am,EUR,Spanish Unemployment Rate,Medium,10.1%,10.3%,
2025-10-24,2:15am,EUR,French Flash Manufacturing PMI,Low,48.2,48.2,
2025-10-24,2:15am,EUR,French Flash Services PMI,Low,48.7,48.5,
2025-10-24,2:30am,EUR,German Flash Manufacturing PMI,High,49.5,49.5,
2025-10-24,2:30am,EUR,German Flash Services PMI,High,51.1,51.5,
2025-10-24,3:00am,EUR,Flash Manufacturing PMI,Low,49.8,49.8,
2025-10-24,3:00am,EUR,Flash Services PMI,Low,51.2,51.3,
2025-10-24,3:30am,GBP,Flash Manufacturing PMI,High,46.6,46.2,
2025-10-24,3:30am,GBP,Flash Services PMI,High,51.0,50.8,
2025-10-24,7:30am,USD,Core CPI m/m,High,0.3%,0.3%,
2025-10-24,7:30am,USD,CPI m/m,High,0.4%,0.4%,
2025-10-24,7:30am,USD,CPI y/y,High,3.1%,2.9%,
2025-10-24,7:45am,EUR,German Buba President Nagel Speaks,Medium,,,
2025-10-24,7:51am,EUR,Belgian NBB Business Climate,Medium,-7.8,-7.9,
2025-10-24,8:45am,USD,Flash Manufacturing PMI,High,51.9,52.0,
2025-10-24,8:45am,USD,Flash Services PMI,High,53.5,54.2,
2025-10-24,9:00am,USD,Revised UoM Consumer Sentiment,Medium,54.6,55.0,
2025-10-24,9:00am,USD,Revised UoM Inflation Expectations,Medium,,4.6%,
2025-10-25,9:00pm,CHF,Daylight Saving Time Shift,Low,,,
2025-10-25,9:00pm,EUR,Daylight Saving Time Shift,Low,,,
2025-10-25,9:00pm,GBP,Daylight Saving Time Shift,Low,,,
2025-10-26,6:50pm,JPY,SPPI y/y,Medium,2.8%,2.7%,
2025-10-27,4:00am,EUR,German ifo Business Climate,Low,88.1,87.7,
2025-10-27,4:00am,EUR,M3 Money Supply y/y,Medium,2.7%,2.9%,
2025-10-27,4:00am,EUR,Private Loans y/y,Medium,2.6%,2.5%,
2025-10-27,6:00am,GBP,CBI Realized Sales,Medium,-28,-29,
2025-10-27,7:01pm,GBP,BRC Shop Price Index y/y,Medium,1.6%,1.4%,
2025-10-28,2:00am,EUR,German GfK Consumer Climate,Medium,-22.0,-22.5,
2025-10-28,7:15am,USD,ADP Weekly Employment Change,Low,,,
2025-10-28,8:00am,USD,HPI m/m,Medium,-0.1%,0.0%,
2025-10-28,8:00am,USD,S&P/CS Composite-20 HPI y/y,Medium,1.4%,1.8%,
2025-10-28,8:59am,USD,Richmond Manufacturing Index,Low,-11,-17,
2025-10-28,9:00am,USD,CB Consumer Confidence,Low,93.4,95.6,
2025-10-28,3:30pm,USD,API Weekly Statistical Bulletin,Medium,,,
2025-10-29,3:00am,EUR,Spanish Flash GDP q/q,Medium,0.6%,0.8%,
2025-10-29,All Day,EUR,Dutch Parliamentary Election,Low,,,
2025-10-29,4:00am,CHF,UBS Economic Expectations,Medium,,-46.4,
2025-10-29,4:30am,GBP,M4 Money Supply m/m,Medium,0.1%,0.4%,
2025-10-29,4:30am,GBP,Mortgage Approvals,Medium,64K,65K,
2025-10-29,4:30am,GBP,Net Lending to Individuals m/m,Medium,5.6B,6.0B,
2025-10-29,5:32am,EUR,German 10-y Bond Auction,Medium,,2.72|1.2,
2025-10-29,9:00am,USD,Pending Home Sales m/m,Low,1.6%,4.2%,
2025-10-29,9:30am,USD,Crude Oil Inventories,Medium,-0.9M,-1.0M,
2025-10-29,1:00pm,USD,Federal Funds Rate,High,4.00%,4.25%,
2025-10-29,1:00pm,USD,FOMC Statement,High,,,
2025-10-29,1:30pm,USD,FOMC Press Conference,High,,,
2025-10-29,10:15pm,JPY,BOJ Outlook Report,High,,,
2025-10-29,10:15pm,JPY,BOJ Policy Rate,High,<0.50%,<0.50%,
2025-10-29,10:15pm,JPY,Monetary Policy Statement,High,,,
2025-10-30,ThuOct 30,EUR,French Flash GDP q/q,Medium,0.2%,0.3%,
2025-10-30,ThuOct 30,JPY,BOJ Press Conference,High,,,
2025-10-30,All Day,EUR,German Prelim CPI m/m,Low,0.2%,0.2%,
2025-10-30,3:00am,CHF,KOF Economic Barometer,Medium,98.4,98.0,
2025-10-30,3:00am,EUR,Spanish Flash CPI y/y,Low,2.9%,3.0%,
2025-10-30,3:55am,EUR,German Unemployment Change,Medium,8K,13K,
2025-10-30,4:00am,EUR,German Prelim GDP q/q,Low,0.0%,-0.3%,
2025-10-30,4:00am,EUR,Italian Prelim GDP q/q,Medium,0.1%,-0.1%,
2025-10-30,5:00am,EUR,Italian Monthly Unemployment Rate,Medium,6.0%,6.0%,
2025-10-30,5:00am,EUR,Prelim Flash GDP q/q,Medium,0.1%,0.1%,
2025-10-30,5:00am,EUR,Unemployment Rate,Medium,6.3%,6.3%,
2025-10-30,5:06am,EUR,Italian 10-y Bond Auction,Medium,,3.62|1.7,
2025-10-30,8:15am,EUR,Main Refinancing Rate,High,2.15%,2.15%,
2025-10-30,8:15am,EUR,Monetary Policy Statement,High,,,
2025-10-30,8:45am,EUR,ECB Press Conference,High,,,
2025-10-30,8:55am,USD,FOMC Member Bowman Speaks,Medium,,,
2025-10-30,9:30am,USD,Natural Gas Storage,Medium,71B,87B,
2025-10-30,12:00pm,CHF,Gov Board Member Tschudin Speaks,Medium,,,
2025-10-30,12:20pm,USD,FOMC Member Logan Speaks,Medium,,,
2025-10-30,6:30pm,JPY,Tokyo Core CPI y/y,Low,2.6%,2.5%,
2025-10-30,6:30pm,JPY,Unemployment Rate,Medium,2.5%,2.6%,
2025-10-30,6:50pm,JPY,Prelim Industrial Production m/m,Medium,1.5%,-1.5%,
2025-10-30,6:50pm,JPY,Retail Sales y/y,Medium,0.8%,-0.9%,
2025-10-31,2:00am,EUR,German Import Prices m/m,Medium,-0.2%,-0.5%,
2025-10-31,2:00am,EUR,German Retail Sales m/m,Medium,0.2%,-0.5%,
2025-10-31,2:00am,GBP,Nationwide HPI m/m,Medium,0.0%,0.5%,
2025-10-31,2:30am,CHF,Retail Sales y/y,Medium,0.3%,-0.4%,
2025-10-31,2:45am,EUR,French Prelim CPI m/m,Medium,0.1%,-1.0%,
2025-10-31,5:00am,EUR,Core CPI Flash Estimate y/y,Low,2.3%,2.4%,
2025-10-31,5:00am,EUR,CPI Flash Estimate y/y,Low,2.1%,2.2%,
2025-10-31,5:00am,EUR,Italian Prelim CPI m/m,Medium,0.0%,-0.2%,
2025-10-31,7:30am,USD,FOMC Member Logan Speaks,Medium,,,
2025-10-31,8:45am,USD,Chicago PMI,Medium,42.3,40.6,
2025-10-31,11:00am,USD,FOMC Member Bostic Speaks,Medium,,,
2025-10-31,11:00am,USD,FOMC Member Hammack Speaks,Medium,,,
2025-11-02,SunNov 2,USD,Daylight Saving Time Shift,Low,,,
2025-11-02,All Day,JPY,Bank Holiday,Low,,,
2025-11-03,2:15am,EUR,Spanish Manufacturing PMI,Medium,51.8,51.5,
2025-11-03,2:30am,CHF,Manufacturing PMI,Medium,47.7,46.3,
2025-11-03,2:45am,EUR,Italian Manufacturing PMI,Medium,49.3,49.0,
2025-11-03,2:50am,EUR,French Final Manufacturing PMI,Medium,48.3,48.3,
2025-11-03,2:55am,EUR,German Final Manufacturing PMI,Medium,49.6,49.6,
2025-11-03,3:00am,EUR,Final Manufacturing PMI,Medium,50.0,50.0,
2025-11-03,3:30am,GBP,Final Manufacturing PMI,Medium,49.6,49.6,
2025-11-03,8:45am,USD,Final Manufacturing PMI,Medium,52.2,52.2,
2025-11-03,9:00am,USD,ISM Manufacturing PMI,High,49.4,49.1,
2025-11-03,9:00am,USD,ISM Manufacturing Prices,Low,62.4,61.9,
2025-11-03,9:00am,USD,FOMC Member Goolsbee Speaks,Medium,,,
2025-11-03,All Day,USD,Wards Total Vehicle Sales,Medium,15.6M,16.4M,
2025-11-03,11:00am,USD,FOMC Member Daly Speaks,Medium,,,
2025-11-03,1:00pm,USD,FOMC Member Cook Speaks,Medium,,,
2025-11-03,1:00pm,USD,Loan Officer Survey,Medium,,,
2025-11-03,6:30pm,JPY,Final Manufacturing PMI,Medium,48.3,48.3,
2025-11-04,1:45am,EUR,French Gov Budget Balance,Medium,,-157.5B,
2025-11-04,2:00am,EUR,Spanish Unemployment Change,Medium,5.2K,-4.8K,
2025-11-04,4:00am,EUR,ECB President Lagarde Speaks,Low,,,
2025-11-04,5:35am,USD,FOMC Member Bowman Speaks,Medium,,,
2025-11-04,7:00am,GBP,MPC Member Breeden Speaks,Medium,,,
2025-11-04,9:01am,USD,RCM/TIPP Economic Optimism,Medium,48.1,48.3,
2025-11-04,11:00am,EUR,German Buba President Nagel Speaks,Medium,,,
2025-11-04,3:30pm,USD,API Weekly Statistical Bulletin,Medium,,,
2025-11-04,5:50pm,JPY,Monetary Base y/y,Medium,-4.8%,-6.2%,
2025-11-04,5:50pm,JPY,Monetary Policy Meeting Minutes,Medium,,,
2025-11-04,9:35pm,JPY,10-y Bond Auction,Medium,,1.64|3.3,
2025-11-05,1:45am,EUR,French Industrial Production m/m,Medium,0.1%,-0.9%,
2025-11-05,2:15am,EUR,Spanish Services PMI,Medium,54.8,54.3,
2025-11-05,2:45am,EUR,Italian Services PMI,Medium,53.0,52.5,
2025-11-05,2:50am,EUR,French Final Services PMI,Medium,47.1,47.1,
2025-11-05,2:55am,EUR,German Final Services PMI,Medium,54.5,54.5,
2025-11-05,3:00am,EUR,Final Services PMI,Medium,52.6,52.6,
2025-11-05,3:00am,EUR,Italian Retail Sales m/m,Medium,0.2%,-0.1%,
2025-11-05,3:30am,GBP,Final Services PMI,Medium,51.1,51.1,
2025-11-05,4:00am,EUR,German Buba President Nagel Speaks,Medium,,,
2025-11-05,4:00am,EUR,PPI m/m,Medium,0.0%,-0.4%,
2025-11-05,7:15am,USD,ADP Non-Farm Employment Change,High,32K,-29K,
2025-11-05,8:45am,USD,Final Services PMI,Medium,55.2,55.2,
2025-11-05,9:00am,USD,ISM Services PMI,High,50.7,50.0,
2025-11-05,9:30am,USD,Crude Oil Inventories,Medium,-2.5M,-6.9M,
2025-11-05,10:10am,GBP,MPC Member Breeden Speaks,Medium,,,
2025-11-05,10:30am,CHF,Gov Board Member Tschudin Speaks,Medium,,,
2025-11-05,12:00pm,USD,President Trump Speaks,Low,,,
2025-11-05,5:30pm,JPY,Average Cash Earnings y/y,Medium,1.9%,1.3%,
2025-11-06,1:45am,EUR,French Prelim Private Payrolls q/q,Medium,-0.1%,0.2%,
2025-11-06,2:00am,CHF,Unemployment Rate,Medium,3.0%,3.0%,
2025-11-06,2:57am,USD,Challenger Job Cuts y/y,Medium,,-25.8%,
2025-11-06,3:30am,GBP,Construction PMI,Medium,46.9,46.2,
2025-11-06,3:47am,EUR,Spanish 10-y Bond Auction,Medium,,3.09|1.7,
2025-11-06,3:59am,EUR,French 10-y Bond Auction,Medium,,3.51|2.5,
2025-11-06,4:00am,EUR,Retail Sales m/m,Medium,0.2%,0.1%,
2025-11-06,6:00am,GBP,BOE Monetary Policy Report,High,,,
2025-11-06,6:00am,GBP,Monetary Policy Summary,High,,,
2025-11-06,6:00am,GBP,MPC Official Bank Rate Votes,High,0-3-6,0-2-7,
2025-11-06,6:00am,GBP,Official Bank Rate,High,4.00%,4.00%,
2025-11-06,6:30am,EUR,German Buba President Nagel Speaks,Medium,,,
2025-11-06,6:30am,GBP,BOE Gov Bailey Speaks,High,,,
2025-11-06,8:00am,EUR,German Buba President Nagel Speaks,Medium,,,
2025-11-06,9:30am,USD,Natural Gas Storage,Medium,34B,74B,
2025-11-06,10:00am,USD,President Trump Speaks,Low,,,
2025-11-06,10:00am,USD,FOMC Member Barr Speaks,Medium,,,
2025-11-06,10:00am,USD,FOMC Member Williams Speaks,Medium,,,
2025-11-06,11:00am,USD,FOMC Member Hammack Speaks,Medium,,,
2025-11-06,2:30pm,USD,FOMC Member Waller Speaks,Low,,,
2025-11-06,3:30pm,USD,FOMC Member Paulson Speaks,Medium,,,
2025-11-06,4:30pm,USD,FOMC Member Musalem Speaks,Medium,,,
2025-11-06,5:30pm,JPY,Household Spending y/y,Medium,2.5%,2.3%,
2025-11-07,FriNov 7,GBP,Halifax HPI m/m,Medium,0.1%,-0.3%,
2025-11-07,1:45am,EUR,French Trade Balance,Medium,-5.9B,-5.2B,
2025-11-07,2:00am,CHF,Foreign Currency Reserves,Medium,,727B,
2025-11-07,2:00am,CHF,SECO Consumer Climate,Medium,-36,-37,
2025-11-07,2:00am,USD,FOMC Member Williams Speaks,Medium,,,
2025-11-07,6:00am,EUR,German Buba President Nagel Speaks,Medium,,,
2025-11-07,6:00am,USD,FOMC Member Jefferson Speaks,Medium,,,
2025-11-07,9:00am,USD,Prelim UoM Consumer Sentiment,Low,53.0,53.6,
2025-11-07,9:00am,USD,Prelim UoM Inflation Expectations,Low,,4.6%,
2025-11-07,9:15am,GBP,MPC Member Pill Speaks,Medium,,,
2025-11-07,2:00pm,USD,Consumer Credit m/m,Medium,10.4B,3.1B,
2025-11-07,2:00pm,USD,FOMC Member Miran Speaks,Medium,,,
2025-11-07,3:01pm,USD,FOMC Financial Stability Report,Medium,,,
2025-11-09,5:50pm,JPY,BOJ Summary of Opinions,Medium,,,
2025-11-09,11:00pm,JPY,Leading Indicators,Medium,107.9%,107.0%,
2025-11-10,3:30am,EUR,Sentix Investor Confidence,Medium,-3.9,-5.4,
2025-11-10,7:30am,USD,FOMC Member Daly Speaks,Medium,,,
2025-11-10,8:45am,USD,Cleveland Fed Inflation Expectations,Medium,,3.5%,
2025-11-10,8:45am,USD,FOMC Member Musalem Speaks,Medium,,,
2025-11-10,5:50pm,JPY,Bank Lending y/y,Medium,3.8%,3.8%,
2025-11-10,5:50pm,JPY,Current Account,Medium,2.26T,2.39T,
2025-11-10,6:01pm,GBP,BRC Retail Sales Monitor y/y,Medium,2.4%,2.0%,
2025-11-10,9:35pm,JPY,30-y Bond Auction,Medium,,3.25|3.4,
2025-11-10,11:00pm,JPY,Economy Watchers Sentiment,Medium,47.5,47.1,
2025-11-11,TueNov 11,GBP,Average Earnings Index 3m/y,Low,5.0%,5.0%,
2025-11-11,TueNov 11,GBP,Unemployment Rate,Medium,4.9%,4.8%,
2025-11-11,All Day,EUR,French Bank Holiday,Low,,,
2025-11-11,2:30am,GBP,MPC Member Greene Speaks,Medium,,,
2025-11-11,4:00am,EUR,German ZEW Economic Sentiment,Medium,41.0,39.3,
2025-11-11,4:00am,EUR,ZEW Economic Sentiment,Medium,23.5,22.7,
2025-11-11,5:00am,USD,NFIB Small Business Index,Medium,98.5,98.8,
2025-11-11,All Day,USD,Bank Holiday,Low,,,
2025-11-11,7:26am,USD,ADP Weekly Employment Change,Low,,14.3K,
2025-11-11,8:30am,GBP,CB Leading Index m/m,Medium,,-0.1%,
2025-11-11,5:50pm,JPY,M2 Money Stock y/y,Medium,1.8%,1.5%,
2025-11-11,9:25pm,USD,FOMC Member Barr Speaks,Medium,,,
2025-11-11,11:58pm,JPY,Prelim Machine Tool Orders y/y,Medium,,11.0%,
2025-11-12,WedNov 12,EUR,German WPI m/m,Medium,0.1%,0.2%,
2025-11-12,3:00am,EUR,Italian Industrial Production m/m,Medium,1.5%,-2.7%,
2025-11-12,All Day,EUR,Eurogroup Meetings,Medium,,,
2025-11-12,4:32am,EUR,German 30-y Bond Auction,Medium,,3.17|1.4,
2025-11-12,6:05am,GBP,MPC Member Pill Speaks,Medium,,,
2025-11-12,8:20am,USD,FOMC Member Williams Speaks,Medium,,,
2025-11-12,9:00am,USD,FOMC Member Paulson Speaks,Medium,,,
2025-11-12,9:20am,USD,FOMC Member Waller Speaks,Medium,,,
2025-11-12,11:15am,USD,FOMC Member Bostic Speaks,Medium,,,
2025-11-12,11:30am,USD,FOMC Member Miran Speaks,Medium,,,
2025-11-12,12:01pm,USD,10-y Bond Auction,Medium,,4.12|2.5,
2025-11-12,3:00pm,USD,FOMC Member Collins Speaks,Medium,,,
2025-11-12,3:30pm,USD,API Weekly Statistical Bulletin,Medium,,,
2025-11-12,5:50pm,JPY,PPI y/y,Medium,2.5%,2.8%,
2025-11-12,6:01pm,GBP,RICS House Price Balance,Medium,-14%,-17%,
2025-11-13,ThuNov 13,GBP,Prelim GDP q/q,Low,0.2%,0.3%,
2025-11-13,ThuNov 13,GBP,Construction Output m/m,Medium,0.0%,-0.5%,
2025-11-13,ThuNov 13,GBP,Goods Trade Balance,Medium,-20.8B,-19.5B,
2025-11-13,ThuNov 13,GBP,Index of Services 3m/3m,Medium,0.3%,0.3%,
2025-11-13,ThuNov 13,GBP,Industrial Production m/m,Medium,-0.5%,0.3%,
2025-11-13,ThuNov 13,GBP,Manufacturing Production m/m,Medium,-0.7%,0.6%,
2025-11-13,ThuNov 13,GBP,Prelim Business Investment q/q,Medium,0.3%,-1.1%,
2025-11-13,1:30am,CHF,PPI m/m,Medium,-0.1%,-0.2%,
2025-11-13,3:00am,EUR,ECB Economic Bulletin,Medium,,,
2025-11-13,4:00am,EUR,Industrial Production m/m,Medium,0.7%,-1.1%,
2025-11-13,All Day,EUR,ECOFIN Meetings,Medium,,,
2025-11-13,6:00am,GBP,MPC Member Greene Speaks,Medium,,,
2025-11-13,7:00am,USD,FOMC Member Daly Speaks,Medium,,,
2025-11-13,9:30am,USD,FOMC Member Kashkari Speaks,Medium,,,
2025-11-13,11:00am,USD,Crude Oil Inventories,Medium,1.0M,5.2M,
2025-11-13,11:15am,USD,FOMC Member Musalem Speaks,Medium,,,
2025-11-13,11:20am,USD,FOMC Member Hammack Speaks,Medium,,,
2025-11-13,11:30am,CHF,Gov Board Member Tschudin Speaks,Medium,,,
2025-11-13,12:01pm,USD,30-y Bond Auction,Medium,,4.73|2.4,
2025-11-13,10:30pm,JPY,Tertiary Industry Activity m/m,Medium,0.3%,0.1%,
2025-11-14,3:00am,EUR,Italian Trade Balance,Medium,3.18B,1.88B,
2025-11-14,4:00am,EUR,Flash Employment Change q/q,Medium,0.1%,0.1%,
2025-11-14,4:00am,EUR,Flash GDP q/q,Medium,0.2%,0.2%,
2025-11-14,4:00am,EUR,Trade Balance,Medium,8.8B,10.6B,
2025-11-14,9:05am,USD,FOMC Member Schmid Speaks,Medium,,,
2025-11-14,9:25am,USD,Mortgage Delinquencies,Medium,,3.93%,
2025-11-14,9:30am,USD,Natural Gas Storage,Medium,34B,33B,
2025-11-14,1:30pm,USD,FOMC Member Logan Speaks,Medium,,,
2025-11-14,2:20pm,USD,FOMC Member Bostic Speaks,Medium,,,
2025-11-16,5:50pm,JPY,Prelim GDP Price Index y/y,Medium,3.1%,3.0%,
2025-11-16,5:50pm,JPY,Prelim GDP q/q,Medium,-0.6%,0.5%,
2025-11-16,6:01pm,GBP,Rightmove HPI m/m,Medium,,0.3%,
2025-11-16,10:30pm,JPY,Revised Industrial Production m/m,Medium,2.2%,2.2%,
2025-11-17,7:20am,GBP,MPC Member Mann Speaks,Medium,,,
2025-11-17,7:30am,USD,Empire State Manufacturing Index,Low,6.1,10.7,
2025-11-17,8:00am,USD,FOMC Member Williams Speaks,Medium,,,
2025-11-17,8:30am,USD,FOMC Member Jefferson Speaks,Medium,,,
2025-11-17,9:00am,USD,Construction Spending m/m,Medium,-0.2%,0.2%,
2025-11-17,2:35pm,USD,FOMC Member Waller Speaks,Low,,,
2025-11-17,5:00pm,USD,President Trump Speaks,Low,,,
2025-11-18,Oct 4th,USD,Unemployment Claims,Medium,,224K,
2025-11-18,Oct 11th,USD,Unemployment Claims,Medium,,235K,
2025-11-18,2:10am,USD,Unemployment Claims,High,,220K,
2025-11-18,7:00am,GBP,MPC Member Pill Speaks,Medium,,,
2025-11-18,7:29am,USD,ADP Weekly Employment Change,Low,,-11.3K,
2025-11-18,9:00am,USD,Factory Orders m/m,Medium,1.4%,-1.3%,
2025-11-18,9:00am,USD,NAHB Housing Market Index,Medium,37,37,
2025-11-18,9:30am,USD,FOMC Member Barr Speaks,Medium,,,
2025-11-18,10:00am,USD,FOMC Member Barkin Speaks,Medium,,,
2025-11-18,11:00am,GBP,MPC Member Dhingra Speaks,Medium,,,
2025-11-18,Aug Data,USD,TIC Long-Term Purchases,Medium,,39.0B,
2025-11-18,3:00pm,USD,TIC Long-Term Purchases,Medium,,134.2B,
2025-11-18,3:30pm,USD,API Weekly Statistical Bulletin,Medium,,,
2025-11-18,5:50pm,JPY,Core Machinery Orders m/m,Medium,2.2%,-0.9%,
2025-11-18,6:55pm,USD,FOMC Member Logan Speaks,Medium,,,
2025-11-19,WedNov 19,GBP,Core CPI y/y,Medium,3.4%,3.5%,
2025-11-19,WedNov 19,GBP,PPI Input m/m,Medium,0.0%,-0.1%,
2025-11-19,WedNov 19,GBP,PPI Output m/m,Medium,0.1%,0.0%,
2025-11-19,WedNov 19,GBP,RPI y/y,Medium,4.3%,4.5%,
2025-11-19,3:00am,EUR,Current Account,Medium,15.9B,11.9B,
2025-11-19,3:30am,GBP,HPI y/y,Medium,3.0%,3.1%,
2025-11-19,4:00am,EUR,Final Core CPI y/y,Medium,2.4%,2.4%,
2025-11-19,4:00am,EUR,Final CPI y/y,Medium,2.1%,2.1%,
2025-11-19,4:03am,GBP,10-y Bond Auction,Medium,,4.52|3.3,
2025-11-19,7:30am,USD,Trade Balance,Medium,-61.3B,-78.2B,
2025-11-19,9:00am,USD,FOMC Member Miran Speaks,Medium,,,
2025-11-19,9:30am,USD,Crude Oil Inventories,Medium,-1.9M,6.4M,
2025-11-19,11:00am,USD,President Trump Speaks,Low,,,
2025-11-19,11:45am,USD,FOMC Member Barkin Speaks,Medium,,,
2025-11-19,1:00pm,USD,FOMC Meeting Minutes,High,,,
2025-11-19,1:00pm,USD,FOMC Member Williams Speaks,Medium,,,
2025-11-20,ThuNov 20,EUR,German PPI m/m,Medium,0.0%,-0.1%,
2025-11-20,3:38am,EUR,Spanish 10-y Bond Auction,Medium,,3.11|2.6,
2025-11-20,5:00am,EUR,German Buba Monthly Report,Medium,,,
2025-11-20,5:00am,GBP,CBI Industrial Order Expectations,Medium,-33,-38,
2025-11-20,Oct 25th,USD,Unemployment Claims,Medium,,232K,
2025-11-20,Nov 1st,USD,Unemployment Claims,Medium,,220K,
2025-11-20,Nov 8th,USD,Unemployment Claims,Medium,,229K,
2025-11-20,7:30am,USD,Average Hourly Earnings m/m,High,0.3%,0.4%,
2025-11-20,7:30am,USD,Non-Farm Employment Change,High,53K,-4K,
2025-11-20,7:30am,USD,Unemployment Claims,High,227K,228K,
2025-11-20,7:30am,USD,Unemployment Rate,High,4.3%,4.3%,
2025-11-20,7:30am,USD,Philly Fed Manufacturing Index,Low,1.0,-12.8,
2025-11-20,7:50am,USD,FOMC Member Hammack Speaks,Medium,,,
2025-11-20,9:00am,EUR,Consumer Confidence,Medium,-14,-14,
2025-11-20,9:00am,USD,Existing Home Sales,Low,4.08M,4.05M,
2025-11-20,9:30am,USD,Natural Gas Storage,Medium,-14B,45B,
2025-11-20,10:00am,USD,FOMC Member Cook Speaks,Medium,,,
2025-11-20,11:40am,USD,FOMC Member Goolsbee Speaks,Medium,,,
2025-11-20,12:30pm,GBP,MPC Member Dhingra Speaks,Medium,,,
2025-11-20,3:00pm,GBP,MPC Member Mann Speaks,Medium,,,
2025-11-20,5:15pm,USD,FOMC Member Miran Speaks,Medium,,,
2025-11-20,5:30pm,JPY,National Core CPI y/y,Medium,3.0%,2.9%,
2025-11-20,5:45pm,USD,FOMC Member Paulson Speaks,Medium,,,
2025-11-20,5:50pm,JPY,Trade Balance,Medium,-0.13T,-0.30T,
2025-11-20,6:01pm,GBP,GfK Consumer Confidence,Medium,-18,-17,
2025-11-20,6:30pm,JPY,Flash Manufacturing PMI,Medium,48.8,48.2,
2025-11-21,FriNov 21,GBP,Public Sector Net Borrowing,Medium,15.2B,19.9B,
2025-11-21,2:15am,EUR,French Flash Manufacturing PMI,Low,49.0,48.8,
2025-11-21,2:15am,EUR,French Flash Services PMI,Low,48.4,48.0,
2025-11-21,2:30am,EUR,German Flash Manufacturing PMI,High,49.8,49.6,
2025-11-21,2:30am,EUR,German Flash Services PMI,High,54.0,54.6,
2025-11-21,2:30am,EUR,ECB President Lagarde Speaks,Low,,,
2025-11-21,3:00am,EUR,Flash Manufacturing PMI,Medium,50.1,50.0,
2025-11-21,3:00am,EUR,Flash Services PMI,Medium,52.8,53.0,
2025-11-21,3:30am,GBP,Flash Manufacturing PMI,High,49.3,49.7,
2025-11-21,3:30am,GBP,Flash Services PMI,High,51.9,52.3,
2025-11-21,6:30am,USD,FOMC Member Williams Speaks,Medium,,,
2025-11-21,6:40am,CHF,SNB Chairman Schlegel Speaks,Low,,,
2025-11-21,7:00am,EUR,German Buba President Nagel Speaks,Medium,,,
2025-11-21,7:00am,USD,FOMC Member Collins Speaks,Medium,,,
2025-11-21,7:30am,USD,FOMC Member Barr Speaks,Medium,,,
2025-11-21,7:30am,USD,FOMC Member Miran Speaks,Medium,,,
2025-11-21,7:45am,USD,FOMC Member Jefferson Speaks,Medium,,,
2025-11-21,8:00am,USD,FOMC Member Logan Speaks,Medium,,,
2025-11-21,8:45am,USD,Flash Manufacturing PMI,High,52.0,52.5,
2025-11-21,8:45am,USD,Flash Services PMI,High,54.6,54.8,
2025-11-21,9:00am,USD,Revised UoM Consumer Sentiment,Low,50.6,50.3,
2025-11-21,9:00am,USD,Final Wholesale Inventories m/m,Medium,-0.2%,-0.2%,
2025-11-21,9:00am,USD,Revised UoM Inflation Expectations,Medium,,4.7%,
2025-11-21,9:40am,GBP,MPC Member Pill Speaks,Medium,,,
2025-11-22,11:30am,CHF,SNB Chairman Schlegel Speaks,Low,,,
2025-11-23,All Day,JPY,Bank Holiday,Low,,,
2025-11-24,7:50am,EUR,Belgian NBB Business Climate,Medium,-8.7,-9.1,
2025-11-24,8:45am,EUR,ECB President Lagarde Speaks,Low,,,
2025-11-24,11:10am,EUR,German Buba President Nagel Speaks,Medium,,,
2025-11-25,5:00am,GBP,CBI Realized Sales,Medium,-29,-27,
2025-11-25,7:15am,USD,ADP Weekly Employment Change,Low,,-7.5K,
2025-11-25,7:30am,USD,Core PPI m/m,High,0.2%,-0.1%,
2025-11-25,7:30am,USD,Core Retail Sales m/m,High,0.3%,0.6%,
2025-11-25,7:30am,USD,PPI m/m,High,0.3%,-0.1%,
2025-11-25,7:30am,USD,Retail Sales m/m,High,0.4%,0.6%,
2025-11-25,8:00am,USD,HPI m/m,Medium,0.2%,0.4%,
2025-11-25,8:00am,USD,S&P/CS Composite-20 HPI y/y,Medium,1.4%,1.6%,
2025-11-25,8:59am,USD,Richmond Manufacturing Index,Low,-5,-4,
2025-11-25,9:00am,USD,CB Consumer Confidence,Low,93.4,95.5,
2025-11-25,9:00am,USD,Pending Home Sales m/m,Low,0.5%,0.1%,
2025-11-25,9:00am,USD,Business Inventories m/m,Medium,0.0%,0.2%,
2025-11-25,1:00pm,USD,Federal Budget Balance,Medium,-223.4B,198.0B,
2025-11-25,3:30pm,USD,API Weekly Statistical Bulletin,Medium,,,
2025-11-25,5:50pm,JPY,SPPI y/y,Medium,2.7%,3.1%,
2025-11-25,11:00pm,JPY,BOJ Core CPI y/y,Medium,2.2%,2.1%,
2025-11-26,WedNov 26,EUR,ECB Financial Stability Review,Low,,,
2025-11-26,4:35am,EUR,German 10-y Bond Auction,Medium,,2.62|1.3,
2025-11-26,6:30am,GBP,Autumn Forecast Statement,High,,,
2025-11-26,7:30am,USD,Unemployment Claims,High,226K,222K,
2025-11-26,7:30am,USD,Core Durable Goods Orders m/m,Low,0.2%,0.3%,
2025-11-26,7:30am,USD,Durable Goods Orders m/m,Low,0.5%,3.0%,
2025-11-26,8:45am,USD,Chicago PMI,Medium,43.9,43.8,
2025-11-26,9:30am,USD,Crude Oil Inventories,Medium,-1.3M,-3.4M,
2025-11-26,11:00am,EUR,ECB President Lagarde Speaks,Low,,,
2025-11-26,11:00am,USD,Natural Gas Storage,Medium,-5B,-14B,
2025-11-26,1:00pm,USD,Beige Book,Medium,,,
2025-11-27,3:00am,EUR,M3 Money Supply y/y,Medium,2.8%,2.8%,
2025-11-27,3:00am,EUR,Private Loans y/y,Medium,2.6%,2.6%,
2025-11-27,4:05am,EUR,Italian 10-y Bond Auction,Medium,,3.46|1.5,
2025-11-27,6:30am,EUR,ECB Monetary Policy Meeting Accounts,Medium,,,
2025-11-27,All Day,USD,Bank Holiday,Low,,,
2025-11-27,10:30am,GBP,MPC Member Greene Speaks,Medium,,,
2025-11-27,5:30pm,JPY,Tokyo Core CPI y/y,Low,2.7%,2.8%,
2025-11-27,5:30pm,JPY,Unemployment Rate,Medium,2.5%,2.6%,
2025-11-27,5:50pm,JPY,Prelim Industrial Production m/m,Medium,-0.5%,2.6%,
2025-11-27,5:50pm,JPY,Retail Sales y/y,Medium,0.8%,0.2%,
2025-11-27,11:00pm,JPY,Housing Starts y/y,Medium,-5.0%,-7.3%,
2025-11-28,FriNov 28,EUR,German Retail Sales m/m,Medium,0.1%,0.3%,
2025-11-28,All Day,EUR,German Prelim CPI m/m,Low,-0.2%,0.3%,
2025-11-28,1:45am,EUR,French Consumer Spending m/m,Medium,0.3%,0.3%,
2025-11-28,1:45am,EUR,French Final Private Payrolls q/q,Medium,-0.3%,-0.3%,
2025-11-28,1:45am,EUR,French Prelim CPI m/m,Medium,0.0%,0.1%,
2025-11-28,1:45am,EUR,French Prelim GDP q/q,Medium,0.5%,0.5%,
2025-11-28,1:56am,CHF,GDP q/q,Medium,-0.4%,0.2%,
2025-11-28,2:00am,CHF,KOF Economic Barometer,Medium,100.9,101.5,
2025-11-28,2:00am,EUR,Spanish Flash CPI y/y,Medium,3.0%,3.1%,
2025-11-28,2:55am,EUR,German Unemployment Change,Medium,4K,-2K,
2025-11-28,4:00am,EUR,German Buba President Nagel Speaks,Medium,,,
2025-11-28,4:00am,EUR,Italian Prelim CPI m/m,Medium,-0.1%,-0.3%,
2025-11-30,5:50pm,JPY,Capital Spending q/y,Medium,5.9%,7.6%,
2025-11-30,6:30pm,JPY,Final Manufacturing PMI,Medium,48.8,48.8,
2025-11-30,7:05pm,JPY,BOJ Gov Ueda Speaks,High,,,
2025-11-30,10:00pm,EUR,German Buba President Nagel Speaks,Medium,,,
2025-12-01,2:15am,EUR,Spanish Manufacturing PMI,Medium,52.3,52.1,
2025-12-01,2:45am,EUR,Italian Manufacturing PMI,Medium,50.1,49.9,
2025-12-01,2:50am,EUR,French Final Manufacturing PMI,Medium,47.8,47.8,
2025-12-01,2:55am,EUR,German Final Manufacturing PMI,Medium,48.4,48.4,
2025-12-01,3:00am,EUR,Final Manufacturing PMI,Medium,49.8,49.7,
2025-12-01,3:30am,GBP,Final Manufacturing PMI,Medium,50.2,50.2,
2025-12-01,3:30am,GBP,M4 Money Supply m/m,Medium,0.4%,0.6%,
2025-12-01,3:30am,GBP,Mortgage Approvals,Medium,64K,66K,
2025-12-01,3:30am,GBP,Net Lending to Individuals m/m,Medium,6.4B,6.6B,
2025-12-01,8:45am,USD,Final Manufacturing PMI,Medium,51.9,51.9,
2025-12-01,9:00am,USD,ISM Manufacturing PMI,High,49.0,48.7,
2025-12-01,9:00am,USD,ISM Manufacturing Prices,Low,59.5,58.0,
2025-12-01,9:30am,GBP,MPC Member Dhingra Speaks,Medium,,,
2025-12-01,5:50pm,JPY,Monetary Base y/y,Medium,-8.5%,-7.8%,
2025-12-01,6:01pm,GBP,BRC Shop Price Index y/y,Medium,0.9%,1.0%,
2025-12-01,7:00pm,USD,Fed Chairman Powell Speaks,Low,,,
2025-12-01,9:35pm,JPY,10-y Bond Auction,Medium,,1.66|3.0,
2025-12-01,11:00pm,JPY,Consumer Confidence,Medium,36.2,35.8,
2025-12-02,TueDec 2,GBP,FPC Meeting Minutes,Medium,,,
2025-12-02,TueDec 2,GBP,FPC Statement,Medium,,,
2025-12-02,TueDec 2,GBP,Nationwide HPI m/m,Medium,0.0%,0.2%,
2025-12-02,1:45am,EUR,French Gov Budget Balance,Medium,,-155.4B,
2025-12-02,2:00am,EUR,Spanish Unemployment Change,Medium,-12.4K,22.1K,
2025-12-02,3:00am,EUR,Italian Monthly Unemployment Rate,Medium,6.1%,6.2%,
2025-12-02,4:00am,EUR,Core CPI Flash Estimate y/y,Low,2.4%,2.4%,
2025-12-02,4:00am,EUR,CPI Flash Estimate y/y,Low,2.1%,2.1%,
2025-12-02,4:00am,EUR,Unemployment Rate,Medium,6.3%,6.4%,
2025-12-02,4:00am,GBP,BOE Gov Bailey Speaks,High,,,
2025-12-02,9:00am,USD,FOMC Member Bowman Speaks,Medium,,,
2025-12-02,9:00am,USD,RCM/TIPP Economic Optimism,Medium,44.1,43.9,
2025-12-02,All Day,USD,Wards Total Vehicle Sales,Medium,15.4M,15.3M,
2025-12-02,1:00pm,USD,President Trump Speaks,Low,,,
2025-12-02,3:30pm,USD,API Weekly Statistical Bulletin,Medium,,,
2025-12-03,2:15am,EUR,Spanish Services PMI,Medium,56.3,56.6,
2025-12-03,2:45am,EUR,Italian Services PMI,Medium,53.9,54.0,
2025-12-03,2:50am,EUR,French Final Services PMI,Medium,50.8,50.8,
2025-12-03,2:55am,EUR,German Final Services PMI,Medium,52.7,52.7,
2025-12-03,3:00am,EUR,Final Services PMI,Medium,53.1,53.1,
2025-12-03,3:30am,GBP,Final Services PMI,Medium,50.5,50.5,
2025-12-03,4:00am,EUR,PPI m/m,Medium,0.1%,-0.1%,
2025-12-03,7:15am,USD,ADP Non-Farm Employment Change,High,5K,47K,
2025-12-03,7:30am,EUR,ECB President Lagarde Speaks,Low,,,
2025-12-03,7:30am,USD,Import Prices m/m,Medium,0.1%,0.1%,
2025-12-03,8:15am,USD,Capacity Utilization Rate,Medium,76.9%,75.9%,
2025-12-03,8:15am,USD,Industrial Production m/m,Medium,0.1%,-0.3%,
2025-12-03,8:45am,USD,Final Services PMI,Medium,55.0,55.0,
2025-12-03,9:00am,USD,ISM Services PMI,High,52.0,52.4,
2025-12-03,9:30am,EUR,ECB President Lagarde Speaks,Low,,,
2025-12-03,10:08am,USD,Crude Oil Inventories,Medium,-1.9M,2.8M,
2025-12-03,11:00am,GBP,MPC Member Mann Speaks,Medium,,,
2025-12-03,1:30pm,USD,President Trump Speaks,Low,,,
2025-12-03,9:35pm,JPY,30-y Bond Auction,Medium,,3.17|3.1,
2025-12-04,2:30am,CHF,Manufacturing PMI,Medium,48.9,48.2,
2025-12-04,3:30am,GBP,Construction PMI,Medium,44.5,44.1,
2025-12-04,4:00am,EUR,Retail Sales m/m,Medium,0.0%,0.1%,
2025-12-04,4:01am,EUR,French 10-y Bond Auction,Medium,,3.43|2.1,
2025-12-04,6:30am,USD,Challenger Job Cuts y/y,Low,,175.3%,
2025-12-04,6:45am,GBP,MPC Member Mann Speaks,Medium,,,
2025-12-04,7:30am,USD,Unemployment Claims,High,219K,218K,
2025-12-04,9:00am,USD,Factory Orders m/m,Medium,,1.3%,
2025-12-04,9:30am,USD,Natural Gas Storage,Medium,-18B,-11B,
2025-12-04,11:00am,USD,FOMC Member Bowman Speaks,Medium,,,
2025-12-04,5:30pm,JPY,Household Spending y/y,Medium,1.1%,1.8%,
2025-12-04,11:00pm,JPY,Leading Indicators,Medium,109.3%,108.0%,
2025-12-05,1:03am,GBP,Halifax HPI m/m,Medium,0.2%,0.5%,
2025-12-05,1:45am,EUR,French Industrial Production m/m,Medium,-0.1%,0.7%,
2025-12-05,1:45am,EUR,French Trade Balance,Medium,-6.8B,-6.3B,
2025-12-05,2:00am,CHF,Foreign Currency Reserves,Medium,,725B,
2025-12-05,3:00am,EUR,Italian Retail Sales m/m,Medium,0.4%,-0.4%,
2025-12-05,4:00am,EUR,Final Employment Change q/q,Medium,0.1%,0.1%,
2025-12-05,4:00am,EUR,Revised GDP q/q,Medium,0.2%,0.2%,
2025-12-05,9:00am,USD,Core PCE Price Index m/m,High,0.2%,0.2%,
2025-12-05,9:00am,USD,Prelim UoM Consumer Sentiment,High,52.0,51.0,
2025-12-05,9:00am,USD,Prelim UoM Inflation Expectations,High,,4.5%,
2025-12-05,9:00am,USD,Personal Income m/m,Medium,0.3%,0.4%,
2025-12-05,9:00am,USD,Personal Spending m/m,Medium,0.3%,0.5%,
2025-12-05,2:00pm,USD,Consumer Credit m/m,Medium,11.8B,11.0B,
2025-12-07,5:50pm,JPY,Bank Lending y/y,Medium,4.0%,4.1%,
2025-12-07,5:50pm,JPY,Current Account,Medium,3.09T,4.35T,
2025-12-07,5:50pm,JPY,Final GDP Price Index y/y,Medium,2.8%,2.8%,
2025-12-07,5:50pm,JPY,Final GDP q/q,Medium,-0.5%,-0.4%,
2025-12-07,11:00pm,JPY,Economy Watchers Sentiment,Medium,49.5,49.1,
2025-12-08,All Day,EUR,Italian Bank Holiday,Low,,,
2025-12-08,2:00am,CHF,SECO Consumer Climate,Medium,-34,-37,
2025-12-08,3:30am,EUR,Sentix Investor Confidence,Medium,-6.2,-7.4,
2025-12-08,11:00am,GBP,MPC Member Taylor Speaks,Medium,,,
2025-12-08,12:30pm,GBP,MPC Member Lombardelli Speaks,Medium,,,
2025-12-08,5:50pm,JPY,M2 Money Stock y/y,Medium,1.4%,1.6%,
2025-12-08,6:01pm,GBP,BRC Retail Sales Monitor y/y,Medium,2.6%,1.5%,
2025-12-08,11:58pm,JPY,Prelim Machine Tool Orders y/y,Medium,,17.1%,
2025-12-09,2:00am,EUR,German Buba President Nagel Speaks,Medium,,,
2025-12-09,3:00am,JPY,BOJ Gov Ueda Speaks,High,,,
2025-12-09,4:30am,GBP,Bank Stress Test Results,Medium,,,
2025-12-09,5:00am,USD,NFIB Small Business Index,Medium,98.4,98.2,
2025-12-09,7:15am,USD,ADP Weekly Employment Change,High,,-8.0K,
2025-12-09,8:15am,GBP,Monetary Policy Report Hearings,Low,,,
2025-12-09,Sep Data,USD,JOLTS Job Openings,Low,,7.23M,
2025-12-09,9:00am,USD,JOLTS Job Openings,High,7.14M,7.66M,
2025-12-09,9:00am,USD,CB Leading Index m/m,Medium,-0.3%,-0.3%,
2025-12-09,12:01pm,USD,10-y Bond Auction,Medium,,4.07|2.4,
2025-12-09,3:30pm,USD,API Weekly Statistical Bulletin,Medium,,,
2025-12-09,5:10pm,USD,President Trump Speaks,Low,,,
2025-12-09,5:50pm,JPY,PPI y/y,Medium,2.7%,2.7%,
2025-12-10,4:11am,GBP,10-y Bond Auction,Medium,,4.61|2.8,
2025-12-10,4:55am,EUR,ECB President Lagarde Speaks,Low,,,
2025-12-10,7:30am,USD,Employment Cost Index q/q,High,0.9%,0.9%,
2025-12-10,9:30am,USD,Crude Oil Inventories,Medium,-1.2M,0.6M,
2025-12-10,1:00pm,USD,Federal Funds Rate,High,3.75%,4.00%,
2025-12-10,1:00pm,USD,FOMC Economic Projections,High,,,
2025-12-10,1:00pm,USD,FOMC Statement,High,,,
2025-12-10,1:19pm,USD,Federal Budget Balance,Medium,-186.5B,-284.4B,
2025-12-10,1:30pm,USD,FOMC Press Conference,High,,,
2025-12-10,5:50pm,JPY,BSI Manufacturing Index,Medium,4.1,3.8,
2025-12-10,6:01pm,GBP,RICS House Price Balance,Medium,-21%,-19%,
2025-12-11,ThuDec 11,CHF,SNB Policy Rate,High,0.00%,0.00%,
2025-12-11,3:00am,CHF,SNB Press Conference,High,,,
2025-12-11,3:03am,EUR,Italian Quarterly Unemployment Rate,Medium,6.3%,6.3%,
2025-12-11,3:52am,GBP,BOE Gov Bailey Speaks,Low,,,
2025-12-11,4:00am,GBP,BOE Gov Bailey Speaks,Low,,,
2025-12-11,All Day,EUR,Eurogroup Meetings,Medium,,,
2025-12-11,7:30am,USD,Unemployment Claims,High,220K,192K,
2025-12-11,7:30am,USD,Goods Trade Balance,Medium,,-86.1B,
2025-12-11,7:30am,USD,Trade Balance,Medium,-62.5B,-59.3B,
2025-12-11,9:00am,USD,Final Wholesale Inventories m/m,Medium,0.1%,0.0%,
2025-12-11,9:30am,USD,Natural Gas Storage,Medium,-170B,-12B,
2025-12-11,12:01pm,USD,30-y Bond Auction,Medium,,4.69|2.3,
2025-12-11,7:15pm,USD,President Trump Speaks,Low,,,
2025-12-11,10:30pm,JPY,Revised Industrial Production m/m,Medium,1.4%,1.4%,
2025-12-12,FriDec 12,GBP,GDP m/m,High,0.1%,-0.1%,
2025-12-12,FriDec 12,GBP,Construction Output m/m,Medium,-0.1%,0.2%,
2025-12-12,FriDec 12,GBP,Goods Trade Balance,Medium,-19.1B,-18.9B,
2025-12-12,FriDec 12,GBP,Index of Services 3m/3m,Medium,0.1%,0.2%,
2025-12-12,FriDec 12,GBP,Industrial Production m/m,Medium,0.9%,-2.0%,
2025-12-12,FriDec 12,GBP,Manufacturing Production m/m,Medium,1.1%,-1.7%,
2025-12-12,1:45am,EUR,French Final CPI m/m,Medium,-0.1%,-0.1%,
2025-12-12,3:35am,GBP,Consumer Inflation Expectations,Medium,,3.6%,
2025-12-12,All Day,EUR,ECOFIN Meetings,Medium,,,
2025-12-12,7:00am,USD,FOMC Member Paulson Speaks,Medium,,,
2025-12-12,7:30am,USD,FOMC Member Hammack Speaks,Medium,,,
2025-12-12,9:35am,USD,FOMC Member Goolsbee Speaks,Medium,,,
2025-12-14,5:50pm,JPY,Tankan Manufacturing Index,Medium,15,14,
2025-12-14,5:50pm,JPY,Tankan Non-Manufacturing Index,Medium,35,34,
2025-12-14,6:01pm,GBP,Rightmove HPI m/m,Medium,,-1.8%,
2025-12-14,10:30pm,JPY,Tertiary Industry Activity m/m,Medium,0.2%,0.1%,
2025-12-15,1:30am,CHF,PPI m/m,Medium,0.1%,-0.3%,
2025-12-15,2:00am,CHF,SECO Economic Forecasts,Medium,,,
2025-12-15,4:00am,EUR,Industrial Production m/m,Medium,0.7%,0.2%,
2025-12-15,7:30am,USD,Empire State Manufacturing Index,Low,9.8,18.7,
2025-12-15,8:30am,GBP,CB Leading Index m/m,Medium,,-0.1%,
2025-12-15,8:30am,USD,FOMC Member Miran Speaks,Medium,,,
2025-12-15,9:00am,USD,NAHB Housing Market Index,Medium,39,38,
2025-12-15,9:30am,USD,FOMC Member Williams Speaks,Medium,,,
2025-12-15,10:00am,USD,FOMC Member Miran Speaks,Medium,,,
2025-12-15,6:30pm,JPY,Flash Manufacturing PMI,Medium,49.0,48.7,
2025-12-16,TueDec 16,GBP,Average Earnings Index 3m/y,Low,4.4%,4.9%,
2025-12-16,TueDec 16,GBP,Unemployment Rate,Medium,5.1%,5.0%,
2025-12-16,2:15am,EUR,French Flash Manufacturing PMI,Low,48.1,47.8,
2025-12-16,2:15am,EUR,French Flash Services PMI,Low,51.1,51.4,
2025-12-16,2:30am,EUR,German Flash Manufacturing PMI,High,48.6,48.2,
2025-12-16,2:30am,EUR,German Flash Services PMI,High,53.0,53.1,
2025-12-16,3:00am,EUR,Flash Manufacturing PMI,Medium,49.9,49.6,
2025-12-16,3:00am,EUR,Flash Services PMI,Medium,53.3,53.6,
2025-12-16,3:30am,GBP,Flash Manufacturing PMI,High,50.3,50.2,
2025-12-16,3:30am,GBP,Flash Services PMI,High,51.6,51.3,
2025-12-16,4:00am,EUR,Italian Trade Balance,Medium,3.21B,2.97B,
2025-12-16,4:00am,EUR,Trade Balance,Medium,18.3B,18.0B,
2025-12-16,4:00am,EUR,German ZEW Economic Sentiment,Medium,38.4,38.5,
2025-12-16,4:00am,EUR,ZEW Economic Sentiment,Medium,26.3,25.0,
2025-12-16,7:15am,USD,ADP Weekly Employment Change,High,,2.8K,
2025-12-16,Oct Data,USD,Average Hourly Earnings m/m,Low,,0.2%,
2025-12-16,Oct Data,USD,Non-Farm Employment Change,Low,,108K,
2025-12-16,7:30am,USD,Average Hourly Earnings m/m,High,0.3%,0.4%,
2025-12-16,7:30am,USD,Core Retail Sales m/m,High,0.2%,0.1%,
2025-12-16,7:30am,USD,Non-Farm Employment Change,High,51K,-105K,
2025-12-16,7:30am,USD,Retail Sales m/m,High,0.1%,0.1%,
2025-12-16,7:30am,USD,Unemployment Rate,High,4.5%,4.4%,
2025-12-16,8:45am,USD,Flash Manufacturing PMI,High,52.0,52.2,
2025-12-16,8:45am,USD,Flash Services PMI,High,54.0,54.1,
2025-12-16,9:00am,USD,Business Inventories m/m,Medium,0.1%,0.0%,
2025-12-16,3:30pm,USD,API Weekly Statistical Bulletin,Medium,,,
2025-12-16,5:50pm,JPY,Core Machinery Orders m/m,Medium,-1.8%,4.2%,
2025-12-16,5:50pm,JPY,Trade Balance,Medium,-0.20T,0.07T,
2025-12-16,6:00pm,USD,FOMC Member Goolsbee Speaks,Medium,,,
2025-12-17,WedDec 17,GBP,Core CPI y/y,Medium,3.4%,3.4%,
2025-12-17,WedDec 17,GBP,PPI Input m/m,Medium,0.4%,0.0%,
2025-12-17,WedDec 17,GBP,PPI Output m/m,Medium,0.1%,0.1%,
2025-12-17,WedDec 17,GBP,RPI y/y,Medium,4.2%,4.3%,
2025-12-17,3:00am,EUR,German ifo Business Climate,Low,88.2,88.0,
2025-12-17,3:30am,GBP,HPI y/y,Medium,2.4%,2.0%,
2025-12-17,4:00am,EUR,Final Core CPI y/y,Medium,2.4%,2.4%,
2025-12-17,4:00am,EUR,Final CPI y/y,Medium,2.2%,2.2%,
2025-12-17,5:00am,GBP,CBI Industrial Order Expectations,Medium,-35,-37,
2025-12-17,7:15am,USD,FOMC Member Waller Speaks,Low,,,
2025-12-17,8:00am,CHF,SNB Quarterly Bulletin,Medium,,,
2025-12-17,8:05am,USD,FOMC Member Williams Speaks,Medium,,,
2025-12-17,9:30am,USD,Crude Oil Inventories,Medium,-2.4M,-1.8M,
2025-12-17,11:30am,USD,FOMC Member Bostic Speaks,Medium,,,
2025-12-17,8:00pm,USD,President Trump Speaks,Low,,,
2025-12-18,6:00am,GBP,Monetary Policy Summary,High,,,
2025-12-18,6:00am,GBP,MPC Official Bank Rate Votes,High,0-5-4,0-4-5,
2025-12-18,6:00am,GBP,Official Bank Rate,High,3.75%,4.00%,
2025-12-18,6:00am,GBP,BOE Inflation Letter,Medium,,,
2025-12-18,7:15am,EUR,Main Refinancing Rate,High,2.15%,2.15%,
2025-12-18,7:15am,EUR,Monetary Policy Statement,High,,,
2025-12-18,7:30am,USD,CPI y/y,High,3.1%,3.0%,
2025-12-18,7:30am,USD,Unemployment Claims,High,224K,237K,
2025-12-18,7:30am,USD,Philly Fed Manufacturing Index,Low,2.5,-1.7,
2025-12-18,7:45am,EUR,ECB Press Conference,High,,,
2025-12-18,9:30am,USD,Natural Gas Storage,Medium,-176B,-177B,
2025-12-18,3:00pm,USD,TIC Long-Term Purchases,Medium,122.7B,173.2B,
2025-12-18,5:30pm,JPY,National Core CPI y/y,Medium,3.0%,3.0%,
2025-12-18,6:01pm,GBP,GfK Consumer Confidence,Medium,-18,-19,
2025-12-18,9:19pm,JPY,BOJ Policy Rate,High,<0.75%,<0.50%,
2025-12-18,9:19pm,JPY,Monetary Policy Statement,High,,,
2025-12-19,1:00am,EUR,German GfK Consumer Climate,Medium,-23.0,-23.4,
2025-12-19,1:00am,EUR,German PPI m/m,Medium,0.1%,0.1%,
2025-12-19,1:00am,GBP,Retail Sales m/m,High,0.3%,-0.9%,
2025-12-19,1:00am,GBP,Public Sector Net Borrowing,Medium,10.0B,21.2B,
2025-12-19,3:00am,EUR,Current Account,Medium,19.6B,23.6B,
2025-12-19,5:00am,EUR,German Buba Monthly Report,Medium,,,
2025-12-19,5:00am,GBP,CBI Realized Sales,Medium,-29,-32,
2025-12-19,7:30am,USD,FOMC Member Williams Speaks,Medium,,,
2025-12-19,7:43am,EUR,Belgian NBB Business Climate,Medium,-7.8,-8.2,
2025-12-19,9:00am,EUR,Consumer Confidence,Medium,-14,-14,
2025-12-19,9:00am,USD,Existing Home Sales,Low,4.15M,4.11M,
2025-12-19,9:00am,USD,Revised UoM Consumer Sentiment,Low,53.5,53.3,
2025-12-19,9:00am,USD,Revised UoM Inflation Expectations,Medium,,4.1%,
2025-12-19,8:00pm,USD,President Trump Speaks,Low,,,
2025-12-22,MonDec 22,GBP,Final GDP q/q,Medium,0.1%,0.1%,
2025-12-22,MonDec 22,GBP,Revised Business Investment q/q,Medium,-0.3%,-0.3%,
2025-12-22,11:00pm,JPY,BOJ Core CPI y/y,Medium,2.2%,2.2%,
2025-12-23,3:00am,CHF,UBS Economic Expectations,Medium,,12.2,
2025-12-23,7:15am,USD,ADP Weekly Employment Change,Low,,17.5K,
2025-12-23,7:30am,USD,Prelim GDP q/q,High,3.3%,3.8%,
2025-12-23,7:30am,USD,Core Durable Goods Orders m/m,Low,0.3%,0.7%,
2025-12-23,7:30am,USD,Durable Goods Orders m/m,Low,-1.5%,0.7%,
2025-12-23,7:30am,USD,Prelim GDP Price Index q/q,Low,2.7%,2.1%,
2025-12-23,Oct Data,USD,Capacity Utilization Rate,Medium,,76.0%,
2025-12-23,Oct Data,USD,Industrial Production m/m,Medium,,0.1%,
2025-12-23,8:15am,USD,Capacity Utilization Rate,Medium,75.9%,75.9%,
2025-12-23,8:15am,USD,Industrial Production m/m,Medium,0.1%,-0.1%,
2025-12-23,9:00am,USD,CB Consumer Confidence,Low,91.7,92.9,
2025-12-23,9:00am,USD,Richmond Manufacturing Index,Low,-8,-15,
2025-12-23,3:30pm,USD,API Weekly Statistical Bulletin,Medium,,,
2025-12-23,5:50pm,JPY,Monetary Policy Meeting Minutes,Medium,,,
2025-12-23,5:50pm,JPY,SPPI y/y,Medium,2.7%,2.7%,
2025-12-24,7:30am,USD,Unemployment Claims,High,224K,224K,
2025-12-24,10:22pm,JPY,BOJ Gov Ueda Speaks,Low,,,
2025-12-24,11:00pm,JPY,Housing Starts y/y,Medium,0.2%,3.2%,
2025-12-25,All Day,EUR,French Bank Holiday,Low,,,
2025-12-25,All Day,EUR,German Bank Holiday,Low,,,
2025-12-25,All Day,EUR,Italian Bank Holiday,Low,,,
2025-12-25,All Day,GBP,Bank Holiday,Low,,,
2025-12-25,All Day,USD,Bank Holiday,Low,,,
2025-12-25,5:30pm,JPY,Tokyo Core CPI y/y,Medium,2.5%,2.8%,
2025-12-25,5:30pm,JPY,Unemployment Rate,Medium,2.6%,2.6%,
2025-12-25,5:50pm,JPY,Prelim Industrial Production m/m,Medium,-1.9%,1.5%,
2025-12-25,5:50pm,JPY,Retail Sales y/y,Medium,0.9%,1.7%,
2025-12-26,All Day,EUR,German Bank Holiday,Low,,,
2025-12-26,All Day,EUR,Italian Bank Holiday,Low,,,
2025-12-26,All Day,GBP,Bank Holiday,Low,,,
2025-12-29,11:00am,USD,Natural Gas Storage,Medium,-169B,-167B,
2025-12-29,4:00pm,USD,Crude Oil Inventories,Medium,-2.0M,-1.3M,
2025-12-30,TueDec 30,EUR,Spanish Flash CPI y/y,Medium,2.8%,3.0%,
2025-12-30,8:00am,USD,HPI m/m,Medium,0.1%,-0.1%,
2025-12-30,8:00am,USD,S&P/CS Composite-20 HPI y/y,Medium,1.1%,1.4%,
2025-12-30,8:45am,USD,Chicago PMI,Medium,39.8,36.3,
2025-12-30,1:00pm,USD,FOMC Meeting Minutes,High,,,
2025-12-30,3:30pm,USD,API Weekly Statistical Bulletin,Medium,,,
2025-12-30,All Day,JPY,Bank Holiday,Low,,,
2025-12-31,7:30am,USD,Unemployment Claims,High,219K,215K,
2025-12-31,9:30am,USD,Crude Oil Inventories,Medium,0.5M,0.4M,
2025-12-31,11:00am,USD,Natural Gas Storage,Medium,-51B,-166B,
2025-12-31,All Day,JPY,Bank Holiday,Low,,,
2025-01-01,All Day,EUR,French Bank Holiday,Low,,,
2025-01-01,All Day,EUR,German Bank Holiday,Low,,,
2025-01-01,All Day,EUR,Italian Bank Holiday,Low,,,
2025-01-01,All Day,GBP,Bank Holiday,Low,,,
2025-01-01,All Day,USD,Bank Holiday,Low,,,
2025-01-01,All Day,JPY,Bank Holiday,Low,,,
2025-01-02,1:00am,GBP,Nationwide HPI m/m,Medium,0.1%,0.3%,
2025-01-02,2:15am,EUR,Spanish Manufacturing PMI,Medium,51.2,51.5,
2025-01-02,2:45am,EUR,Italian Manufacturing PMI,Medium,50.0,50.6,
2025-01-02,2:50am,EUR,French Final Manufacturing PMI,Medium,50.6,50.6,
2025-01-02,2:55am,EUR,German Final Manufacturing PMI,Medium,47.7,47.7,
2025-01-02,3:00am,EUR,Final Manufacturing PMI,Medium,49.2,49.2,
2025-01-02,3:00am,EUR,M3 Money Supply y/y,Medium,2.7%,2.8%,
2025-01-02,3:00am,EUR,Private Loans y/y,Medium,2.8%,2.8%,
2025-01-02,3:30am,GBP,Final Manufacturing PMI,Medium,51.2,51.2,
2025-01-02,8:45am,USD,Final Manufacturing PMI,Medium,51.8,51.8,
2025-01-03,1:30pm,USD,FOMC Member Paulson Speaks,Medium,,,
2025-01-04,6:30pm,JPY,Final Manufacturing PMI,Medium,49.8,49.7,
