{
  "annee": 2025.0,
  "profit_net": -1268.2240000000002,
  "dd": -1573.7699999999998,
  "trades": 102.0,
  "win_rate": 25.49019607843137,
  "sharpe": -1.214241317383279,
  "sharpe_per_trade": -1.5442272665209844,
  "total_return_pct": -11.667660800000002,
  "max_dd_pct": -14.478683999999998,
  "bh_pips": -5501.599999999991,
  "bh_return_pct": -50.61471999999993,
  "alpha_pips": 4233.375999999991,
  "alpha_return_pct": 38.94705919999993
}