{
  "annee": 2024.0,
  "profit_net": -4047.812,
  "dd": -4017.4359999999997,
  "trades": 236.0,
  "win_rate": 22.88135593220339,
  "sharpe": -2.40611195133241,
  "sharpe_per_trade": -3.5469281259511116,
  "total_return_pct": -37.2398704,
  "max_dd_pct": -36.960411199999996,
  "bh_pips": 51981.99999999999,
  "bh_return_pct": 478.23439999999994,
  "alpha_pips": -56029.81199999999,
  "alpha_return_pct": -515.4742703999999
}