{
  "annee": 2016.0,
  "profit_net": -87.55864,
  "dd": -100.88316,
  "trades": 33.0,
  "win_rate": 21.21212121212121,
  "sharpe": -5.477033962480113,
  "sharpe_per_trade": -1.076426177431666,
  "total_return_pct": -0.8755864,
  "max_dd_pct": -1.0088316,
  "bh_pips": -351.59999999999854,
  "bh_return_pct": -3.515999999999985,
  "alpha_pips": 264.0413599999986,
  "alpha_return_pct": 2.640413599999985
}