{
  "annee": 2026.0,
  "profit_net": 31.150760000000318,
  "dd": -126.76559999999944,
  "trades": 103.0,
  "win_rate": 32.038834951456316,
  "sharpe": 0.4159736279452603,
  "sharpe_per_trade": 0.2030564194158217,
  "total_return_pct": 0.31150760000000316,
  "max_dd_pct": -1.2676559999999943,
  "bh_pips": 33.199999999999896,
  "bh_return_pct": 0.33199999999999896,
  "alpha_pips": -2.0492399999995783,
  "alpha_return_pct": -0.020492399999995803
}