{
  "annee": 2025.0,
  "profit_net": -238.3193599999999,
  "dd": -243.4637200000003,
  "trades": 187.0,
  "win_rate": 26.737967914438503,
  "sharpe": -0.9404901457055379,
  "sharpe_per_trade": -1.2085867163650401,
  "total_return_pct": -2.383193599999999,
  "max_dd_pct": -2.4346372000000027,
  "bh_pips": 1390.4999999999989,
  "bh_return_pct": 13.90499999999999,
  "alpha_pips": -1628.8193599999988,
  "alpha_return_pct": -16.28819359999999
}