{
  "annee": 2017.0,
  "profit_net": -410.13591999999994,
  "dd": -539.6165199999998,
  "trades": 237.0,
  "win_rate": 24.050632911392405,
  "sharpe": -3.7052782029736524,
  "sharpe_per_trade": -1.9016467120302543,
  "total_return_pct": -4.101359199999999,
  "max_dd_pct": -5.396165199999998,
  "bh_pips": 1480.7999999999997,
  "bh_return_pct": 14.807999999999996,
  "alpha_pips": -1890.9359199999997,
  "alpha_return_pct": -18.909359199999997
}