{
  "annee": 2023.0,
  "profit_net": -271.39831999999956,
  "dd": -357.98443999999967,
  "trades": 180.0,
  "win_rate": 25.555555555555554,
  "sharpe": -2.5230646958070135,
  "sharpe_per_trade": -1.1836232479107716,
  "total_return_pct": -2.7139831999999955,
  "max_dd_pct": -3.5798443999999963,
  "bh_pips": 344.4999999999987,
  "bh_return_pct": 3.444999999999987,
  "alpha_pips": -615.8983199999982,
  "alpha_return_pct": -6.158983199999982
}