{
  "annee": 2020.0,
  "profit_net": 11.523679999998995,
  "dd": -186.30092000000005,
  "trades": 118.0,
  "win_rate": 32.20338983050847,
  "sharpe": 0.10142941151071311,
  "sharpe_per_trade": 0.06511435158706534,
  "total_return_pct": 0.11523679999998995,
  "max_dd_pct": -1.8630092000000005,
  "bh_pips": 999.8000000000018,
  "bh_return_pct": 9.998000000000019,
  "alpha_pips": -988.2763200000028,
  "alpha_return_pct": -9.88276320000003
}