{
  "annee": 2024.0,
  "profit_net": 648.2119200000034,
  "dd": -63.453400000000016,
  "trades": 117.0,
  "win_rate": 47.863247863247864,
  "sharpe": 3.072651433375127,
  "sharpe_per_trade": 3.651398074500841,
  "total_return_pct": 6.482119200000033,
  "max_dd_pct": -0.6345340000000002,
  "bh_pips": -691.1999999999985,
  "bh_return_pct": -6.911999999999985,
  "alpha_pips": 1339.4119200000018,
  "alpha_return_pct": 13.394119200000018
}